typicalDate,typicalTime,track,sample,year,month,day,hour,lat,lon,pressureReducedToMeanSeaLevel,base_dt,valid_dt,pressure
20260921,180000,30W,1,2026,9,21,18,37.800000000000004,147.0,98100.0,2026-09-21 18:00:00,2026-09-21 18:00:00,981.0
20260921,180000,30W,1,2026,9,21,18,39.0,150.1,98400.0,2026-09-21 18:00:00,2026-09-21 18:00:00,984.0
20260921,180000,30W,1,2026,9,21,18,39.5,153.20000000000002,99100.0,2026-09-21 18:00:00,2026-09-21 18:00:00,991.0
20260921,180000,30W,1,2026,9,21,18,40.7,155.8,99000.0,2026-09-21 18:00:00,2026-09-21 18:00:00,990.0
20260921,180000,30W,1,2026,9,21,18,41.5,160.3,99300.0,2026-09-21 18:00:00,2026-09-21 18:00:00,993.0
20260921,180000,30W,2,2026,9,21,18,38.4,147.6,98300.0,2026-09-21 18:00:00,2026-09-21 18:00:00,983.0
20260921,180000,30W,2,2026,9,21,18,39.800000000000004,150.4,98500.0,2026-09-21 18:00:00,2026-09-21 18:00:00,985.0
20260921,180000,30W,2,2026,9,21,18,40.1,153.5,99100.0,2026-09-21 18:00:00,2026-09-21 18:00:00,991.0
20260921,180000,30W,2,2026,9,21,18,42.1,157.70000000000002,99200.0,2026-09-21 18:00:00,2026-09-21 18:00:00,992.0
20260921,180000,30W,3,2026,9,21,18,38.1,147.0,98400.0,2026-09-21 18:00:00,2026-09-21 18:00:00,984.0
20260921,180000,30W,3,2026,9,21,18,39.0,149.6,98900.0,2026-09-21 18:00:00,2026-09-21 18:00:00,989.0
20260921,180000,30W,3,2026,9,21,18,39.5,152.4,99100.0,2026-09-21 18:00:00,2026-09-21 18:00:00,991.0
20260921,180000,30W,3,2026,9,21,18,41.5,157.20000000000002,99400.0,2026-09-21 18:00:00,2026-09-21 18:00:00,994.0
20260921,180000,30W,4,2026,9,21,18,38.4,147.0,98300.0,2026-09-21 18:00:00,2026-09-21 18:00:00,983.0
20260921,180000,30W,4,2026,9,21,18,39.5,149.6,98400.0,2026-09-21 18:00:00,2026-09-21 18:00:00,984.0
20260921,180000,30W,4,2026,9,21,18,39.800000000000004,153.20000000000002,98900.0,2026-09-21 18:00:00,2026-09-21 18:00:00,989.0
20260921,180000,30W,4,2026,9,21,18,40.9,156.9,99100.0,2026-09-21 18:00:00,2026-09-21 18:00:00,991.0
20260921,180000,30W,4,2026,9,21,18,42.6,161.4,99300.0,2026-09-21 18:00:00,2026-09-21 18:00:00,993.0
20260921,180000,30W,5,2026,9,21,18,38.4,147.3,97900.0,2026-09-21 18:00:00,2026-09-21 18:00:00,979.0
20260921,180000,30W,5,2026,9,21,18,39.5,150.4,98100.0,2026-09-21 18:00:00,2026-09-21 18:00:00,981.0
20260921,180000,30W,5,2026,9,21,18,40.1,153.8,98600.0,2026-09-21 18:00:00,2026-09-21 18:00:00,986.0
20260921,180000,30W,5,2026,9,21,18,41.300000000000004,158.0,98700.0,2026-09-21 18:00:00,2026-09-21 18:00:00,987.0
20260921,180000,30W,5,2026,9,21,18,43.5,162.8,98700.0,2026-09-21 18:00:00,2026-09-21 18:00:00,987.0
20260921,180000,30W,6,2026,9,21,18,38.1,147.3,98100.0,2026-09-21 18:00:00,2026-09-21 18:00:00,981.0
20260921,180000,30W,6,2026,9,21,18,39.5,150.1,98200.0,2026-09-21 18:00:00,2026-09-21 18:00:00,982.0
20260921,180000,30W,6,2026,9,21,18,39.800000000000004,153.20000000000002,98800.0,2026-09-21 18:00:00,2026-09-21 18:00:00,988.0
20260921,180000,30W,7,2026,9,21,18,38.7,147.0,98000.0,2026-09-21 18:00:00,2026-09-21 18:00:00,980.0
20260921,180000,30W,7,2026,9,21,18,39.800000000000004,150.4,98200.0,2026-09-21 18:00:00,2026-09-21 18:00:00,982.0
20260921,180000,30W,7,2026,9,21,18,40.4,153.0,98800.0,2026-09-21 18:00:00,2026-09-21 18:00:00,988.0
20260921,180000,30W,7,2026,9,21,18,41.2,157.5,99000.0,2026-09-21 18:00:00,2026-09-21 18:00:00,990.0
20260921,180000,30W,8,2026,9,21,18,38.7,147.1,98000.0,2026-09-21 18:00:00,2026-09-21 18:00:00,980.0
20260921,180000,30W,8,2026,9,21,18,39.800000000000004,150.1,98100.0,2026-09-21 18:00:00,2026-09-21 18:00:00,981.0
20260921,180000,30W,8,2026,9,21,18,40.7,153.5,98700.0,2026-09-21 18:00:00,2026-09-21 18:00:00,987.0
20260921,180000,30W,8,2026,9,21,18,41.800000000000004,157.6,99000.0,2026-09-21 18:00:00,2026-09-21 18:00:00,990.0
20260921,180000,30W,9,2026,9,21,18,38.7,147.6,98100.0,2026-09-21 18:00:00,2026-09-21 18:00:00,981.0
20260921,180000,30W,9,2026,9,21,18,39.6,151.4,98000.0,2026-09-21 18:00:00,2026-09-21 18:00:00,980.0
20260921,180000,30W,9,2026,9,21,18,40.7,154.9,98300.0,2026-09-21 18:00:00,2026-09-21 18:00:00,983.0
20260921,180000,30W,9,2026,9,21,18,41.5,158.0,98700.0,2026-09-21 18:00:00,2026-09-21 18:00:00,987.0
20260921,180000,30W,9,2026,9,21,18,42.4,163.3,99000.0,2026-09-21 18:00:00,2026-09-21 18:00:00,990.0
20260921,180000,30W,10,2026,9,21,18,38.4,146.8,98000.0,2026-09-21 18:00:00,2026-09-21 18:00:00,980.0
20260921,180000,30W,10,2026,9,21,18,39.2,150.1,98300.0,2026-09-21 18:00:00,2026-09-21 18:00:00,983.0
20260921,180000,30W,10,2026,9,21,18,39.800000000000004,153.20000000000002,98800.0,2026-09-21 18:00:00,2026-09-21 18:00:00,988.0
20260921,180000,30W,10,2026,9,21,18,40.9,157.20000000000002,99000.0,2026-09-21 18:00:00,2026-09-21 18:00:00,990.0
20260921,180000,30W,10,2026,9,21,18,42.6,161.1,99000.0,2026-09-21 18:00:00,2026-09-21 18:00:00,990.0
20260921,180000,30W,11,2026,9,21,18,38.5,147.3,98300.0,2026-09-21 18:00:00,2026-09-21 18:00:00,983.0
20260921,180000,30W,11,2026,9,21,18,39.1,150.6,98300.0,2026-09-21 18:00:00,2026-09-21 18:00:00,983.0
20260921,180000,30W,11,2026,9,21,18,40.1,154.4,98900.0,2026-09-21 18:00:00,2026-09-21 18:00:00,989.0
20260921,180000,30W,11,2026,9,21,18,41.300000000000004,157.70000000000002,99000.0,2026-09-21 18:00:00,2026-09-21 18:00:00,990.0
20260921,180000,30W,12,2026,9,21,18,38.7,147.0,97800.0,2026-09-21 18:00:00,2026-09-21 18:00:00,978.0
20260921,180000,30W,12,2026,9,21,18,39.5,149.9,98100.0,2026-09-21 18:00:00,2026-09-21 18:00:00,981.0
20260921,180000,30W,12,2026,9,21,18,39.800000000000004,153.20000000000002,98500.0,2026-09-21 18:00:00,2026-09-21 18:00:00,985.0
20260921,180000,30W,12,2026,9,21,18,40.7,156.8,98900.0,2026-09-21 18:00:00,2026-09-21 18:00:00,989.0
20260921,180000,30W,13,2026,9,21,18,38.7,147.0,98600.0,2026-09-21 18:00:00,2026-09-21 18:00:00,986.0
20260921,180000,30W,13,2026,9,21,18,39.5,150.4,98400.0,2026-09-21 18:00:00,2026-09-21 18:00:00,984.0
20260921,180000,30W,13,2026,9,21,18,40.1,153.3,99000.0,2026-09-21 18:00:00,2026-09-21 18:00:00,990.0
20260921,180000,30W,13,2026,9,21,18,41.4,157.5,99000.0,2026-09-21 18:00:00,2026-09-21 18:00:00,990.0
20260921,180000,30W,13,2026,9,21,18,42.1,161.4,99200.0,2026-09-21 18:00:00,2026-09-21 18:00:00,992.0
20260921,180000,30W,14,2026,9,21,18,38.4,147.0,98100.0,2026-09-21 18:00:00,2026-09-21 18:00:00,981.0
20260921,180000,30W,14,2026,9,21,18,39.2,149.9,98100.0,2026-09-21 18:00:00,2026-09-21 18:00:00,981.0
20260921,180000,30W,14,2026,9,21,18,40.7,153.20000000000002,98900.0,2026-09-21 18:00:00,2026-09-21 18:00:00,989.0
20260921,180000,30W,14,2026,9,21,18,41.2,156.9,98900.0,2026-09-21 18:00:00,2026-09-21 18:00:00,989.0
20260921,180000,30W,14,2026,9,21,18,42.1,160.8,99000.0,2026-09-21 18:00:00,2026-09-21 18:00:00,990.0
20260921,180000,30W,15,2026,9,21,18,38.4,147.3,98100.0,2026-09-21 18:00:00,2026-09-21 18:00:00,981.0
20260921,180000,30W,15,2026,9,21,18,39.2,150.1,98200.0,2026-09-21 18:00:00,2026-09-21 18:00:00,982.0
20260921,180000,30W,15,2026,9,21,18,39.800000000000004,153.8,99100.0,2026-09-21 18:00:00,2026-09-21 18:00:00,991.0
20260921,180000,30W,15,2026,9,21,18,41.1,156.9,99100.0,2026-09-21 18:00:00,2026-09-21 18:00:00,991.0
20260921,180000,30W,15,2026,9,21,18,42.9,161.9,99100.0,2026-09-21 18:00:00,2026-09-21 18:00:00,991.0
20260921,180000,30W,16,2026,9,21,18,38.5,147.20000000000002,98000.0,2026-09-21 18:00:00,2026-09-21 18:00:00,980.0
20260921,180000,30W,16,2026,9,21,18,39.2,150.1,98200.0,2026-09-21 18:00:00,2026-09-21 18:00:00,982.0
20260921,180000,30W,16,2026,9,21,18,40.1,153.20000000000002,98800.0,2026-09-21 18:00:00,2026-09-21 18:00:00,988.0
20260921,180000,30W,16,2026,9,21,18,41.2,157.70000000000002,98800.0,2026-09-21 18:00:00,2026-09-21 18:00:00,988.0
20260921,180000,30W,16,2026,9,21,18,42.9,162.0,98800.0,2026-09-21 18:00:00,2026-09-21 18:00:00,988.0
20260921,180000,30W,17,2026,9,21,18,38.1,147.3,97800.0,2026-09-21 18:00:00,2026-09-21 18:00:00,978.0
20260921,180000,30W,17,2026,9,21,18,39.2,150.4,98000.0,2026-09-21 18:00:00,2026-09-21 18:00:00,980.0
20260921,180000,30W,17,2026,9,21,18,40.1,154.1,98200.0,2026-09-21 18:00:00,2026-09-21 18:00:00,982.0
20260921,180000,30W,17,2026,9,21,18,40.7,156.70000000000002,98600.0,2026-09-21 18:00:00,2026-09-21 18:00:00,986.0
20260921,180000,30W,17,2026,9,21,18,42.300000000000004,161.1,98700.0,2026-09-21 18:00:00,2026-09-21 18:00:00,987.0
20260921,180000,30W,17,2026,9,21,18,43.300000000000004,165.70000000000002,98500.0,2026-09-21 18:00:00,2026-09-21 18:00:00,985.0
20260921,180000,30W,18,2026,9,21,18,38.4,147.3,98200.0,2026-09-21 18:00:00,2026-09-21 18:00:00,982.0
20260921,180000,30W,18,2026,9,21,18,39.800000000000004,150.4,98100.0,2026-09-21 18:00:00,2026-09-21 18:00:00,981.0
20260921,180000,30W,18,2026,9,21,18,40.4,153.20000000000002,98700.0,2026-09-21 18:00:00,2026-09-21 18:00:00,987.0
20260921,180000,30W,18,2026,9,21,18,42.1,157.20000000000002,99000.0,2026-09-21 18:00:00,2026-09-21 18:00:00,990.0
20260921,180000,30W,19,2026,9,21,18,38.7,147.6,97800.0,2026-09-21 18:00:00,2026-09-21 18:00:00,978.0
20260921,180000,30W,19,2026,9,21,18,40.1,150.70000000000002,98200.0,2026-09-21 18:00:00,2026-09-21 18:00:00,982.0
20260921,180000,30W,19,2026,9,21,18,40.7,153.5,98700.0,2026-09-21 18:00:00,2026-09-21 18:00:00,987.0
20260921,180000,30W,19,2026,9,21,18,42.1,157.5,98900.0,2026-09-21 18:00:00,2026-09-21 18:00:00,989.0
20260921,180000,30W,20,2026,9,21,18,38.1,146.8,98200.0,2026-09-21 18:00:00,2026-09-21 18:00:00,982.0
20260921,180000,30W,20,2026,9,21,18,39.5,150.1,98500.0,2026-09-21 18:00:00,2026-09-21 18:00:00,985.0
20260921,180000,30W,20,2026,9,21,18,40.1,153.5,98800.0,2026-09-21 18:00:00,2026-09-21 18:00:00,988.0
20260921,180000,30W,20,2026,9,21,18,41.800000000000004,157.5,98900.0,2026-09-21 18:00:00,2026-09-21 18:00:00,989.0
20260921,180000,30W,21,2026,9,21,18,38.4,147.0,98000.0,2026-09-21 18:00:00,2026-09-21 18:00:00,980.0
20260921,180000,30W,21,2026,9,21,18,39.5,149.9,98300.0,2026-09-21 18:00:00,2026-09-21 18:00:00,983.0
20260921,180000,30W,21,2026,9,21,18,40.1,154.1,98800.0,2026-09-21 18:00:00,2026-09-21 18:00:00,988.0
20260921,180000,30W,21,2026,9,21,18,40.7,157.3,98900.0,2026-09-21 18:00:00,2026-09-21 18:00:00,989.0
20260921,180000,30W,21,2026,9,21,18,41.2,161.3,99300.0,2026-09-21 18:00:00,2026-09-21 18:00:00,993.0
20260921,180000,30W,22,2026,9,21,18,38.7,147.6,97900.0,2026-09-21 18:00:00,2026-09-21 18:00:00,979.0
20260921,180000,30W,22,2026,9,21,18,39.800000000000004,150.1,98200.0,2026-09-21 18:00:00,2026-09-21 18:00:00,982.0
20260921,180000,30W,22,2026,9,21,18,40.4,154.1,98800.0,2026-09-21 18:00:00,2026-09-21 18:00:00,988.0
20260921,180000,30W,22,2026,9,21,18,41.6,157.4,98900.0,2026-09-21 18:00:00,2026-09-21 18:00:00,989.0
20260921,180000,30W,22,2026,9,21,18,42.9,162.1,98900.0,2026-09-21 18:00:00,2026-09-21 18:00:00,989.0
20260921,180000,30W,23,2026,9,21,18,38.4,147.0,97800.0,2026-09-21 18:00:00,2026-09-21 18:00:00,978.0
20260921,180000,30W,23,2026,9,21,18,39.0,149.9,98000.0,2026-09-21 18:00:00,2026-09-21 18:00:00,980.0
20260921,180000,30W,23,2026,9,21,18,39.800000000000004,153.20000000000002,98600.0,2026-09-21 18:00:00,2026-09-21 18:00:00,986.0
20260921,180000,30W,23,2026,9,21,18,40.7,156.6,98900.0,2026-09-21 18:00:00,2026-09-21 18:00:00,989.0
20260921,180000,30W,23,2026,9,21,18,41.5,160.8,99000.0,2026-09-21 18:00:00,2026-09-21 18:00:00,990.0
20260921,180000,30W,24,2026,9,21,18,38.4,147.3,98100.0,2026-09-21 18:00:00,2026-09-21 18:00:00,981.0
20260921,180000,30W,24,2026,9,21,18,39.2,150.1,98100.0,2026-09-21 18:00:00,2026-09-21 18:00:00,981.0
20260921,180000,30W,24,2026,9,21,18,39.800000000000004,153.5,98800.0,2026-09-21 18:00:00,2026-09-21 18:00:00,988.0
20260921,180000,30W,24,2026,9,21,18,40.4,156.6,98900.0,2026-09-21 18:00:00,2026-09-21 18:00:00,989.0
20260921,180000,30W,24,2026,9,21,18,41.300000000000004,160.5,99200.0,2026-09-21 18:00:00,2026-09-21 18:00:00,992.0
20260921,180000,30W,24,2026,9,21,18,41.2,163.9,99200.0,2026-09-21 18:00:00,2026-09-21 18:00:00,992.0
20260921,180000,30W,25,2026,9,21,18,38.4,147.0,98300.0,2026-09-21 18:00:00,2026-09-21 18:00:00,983.0
20260921,180000,30W,25,2026,9,21,18,39.2,150.4,98200.0,2026-09-21 18:00:00,2026-09-21 18:00:00,982.0
20260921,180000,30W,25,2026,9,21,18,39.9,153.9,99000.0,2026-09-21 18:00:00,2026-09-21 18:00:00,990.0
20260921,180000,30W,25,2026,9,21,18,41.5,157.70000000000002,99000.0,2026-09-21 18:00:00,2026-09-21 18:00:00,990.0
20260921,180000,30W,25,2026,9,21,18,41.800000000000004,161.1,99200.0,2026-09-21 18:00:00,2026-09-21 18:00:00,992.0
20260921,180000,30W,26,2026,9,21,18,38.1,147.0,97900.0,2026-09-21 18:00:00,2026-09-21 18:00:00,979.0
20260921,180000,30W,26,2026,9,21,18,39.0,149.3,98300.0,2026-09-21 18:00:00,2026-09-21 18:00:00,983.0
20260921,180000,30W,26,2026,9,21,18,39.4,152.6,99000.0,2026-09-21 18:00:00,2026-09-21 18:00:00,990.0
20260921,180000,30W,26,2026,9,21,18,40.2,155.4,99300.0,2026-09-21 18:00:00,2026-09-21 18:00:00,993.0
20260921,180000,30W,27,2026,9,21,18,38.4,147.3,98000.0,2026-09-21 18:00:00,2026-09-21 18:00:00,980.0
20260921,180000,30W,27,2026,9,21,18,39.5,150.1,98300.0,2026-09-21 18:00:00,2026-09-21 18:00:00,983.0
20260921,180000,30W,27,2026,9,21,18,40.0,153.3,98800.0,2026-09-21 18:00:00,2026-09-21 18:00:00,988.0
20260921,180000,30W,27,2026,9,21,18,40.9,156.9,98900.0,2026-09-21 18:00:00,2026-09-21 18:00:00,989.0
20260921,180000,30W,27,2026,9,21,18,42.9,161.70000000000002,98800.0,2026-09-21 18:00:00,2026-09-21 18:00:00,988.0
20260921,180000,30W,28,2026,9,21,18,38.4,147.3,98200.0,2026-09-21 18:00:00,2026-09-21 18:00:00,982.0
20260921,180000,30W,28,2026,9,21,18,39.800000000000004,150.4,98500.0,2026-09-21 18:00:00,2026-09-21 18:00:00,985.0
20260921,180000,30W,28,2026,9,21,18,39.800000000000004,153.20000000000002,98900.0,2026-09-21 18:00:00,2026-09-21 18:00:00,989.0
20260921,180000,30W,28,2026,9,21,18,40.9,156.9,99100.0,2026-09-21 18:00:00,2026-09-21 18:00:00,991.0
20260921,180000,30W,28,2026,9,21,18,41.6,161.1,99300.0,2026-09-21 18:00:00,2026-09-21 18:00:00,993.0
20260921,180000,30W,29,2026,9,21,18,38.4,147.0,97900.0,2026-09-21 18:00:00,2026-09-21 18:00:00,979.0
20260921,180000,30W,29,2026,9,21,18,39.0,149.9,98000.0,2026-09-21 18:00:00,2026-09-21 18:00:00,980.0
20260921,180000,30W,29,2026,9,21,18,39.800000000000004,153.0,98700.0,2026-09-21 18:00:00,2026-09-21 18:00:00,987.0
20260921,180000,30W,29,2026,9,21,18,40.800000000000004,156.0,98900.0,2026-09-21 18:00:00,2026-09-21 18:00:00,989.0
20260921,180000,30W,29,2026,9,21,18,42.9,160.9,98800.0,2026-09-21 18:00:00,2026-09-21 18:00:00,988.0
20260921,180000,30W,30,2026,9,21,18,38.4,147.0,98100.0,2026-09-21 18:00:00,2026-09-21 18:00:00,981.0
20260921,180000,30W,30,2026,9,21,18,39.2,150.1,98200.0,2026-09-21 18:00:00,2026-09-21 18:00:00,982.0
20260921,180000,30W,30,2026,9,21,18,40.1,153.8,98600.0,2026-09-21 18:00:00,2026-09-21 18:00:00,986.0
20260921,180000,30W,30,2026,9,21,18,40.7,157.5,99000.0,2026-09-21 18:00:00,2026-09-21 18:00:00,990.0
20260921,180000,30W,30,2026,9,21,18,42.5,161.70000000000002,99000.0,2026-09-21 18:00:00,2026-09-21 18:00:00,990.0
20260921,180000,30W,31,2026,9,21,18,38.7,147.3,98300.0,2026-09-21 18:00:00,2026-09-21 18:00:00,983.0
20260921,180000,30W,31,2026,9,21,18,39.2,149.9,97900.0,2026-09-21 18:00:00,2026-09-21 18:00:00,979.0
20260921,180000,30W,31,2026,9,21,18,40.1,153.8,98700.0,2026-09-21 18:00:00,2026-09-21 18:00:00,987.0
20260921,180000,30W,31,2026,9,21,18,41.4,157.4,98700.0,2026-09-21 18:00:00,2026-09-21 18:00:00,987.0
20260921,180000,30W,31,2026,9,21,18,43.5,162.20000000000002,98600.0,2026-09-21 18:00:00,2026-09-21 18:00:00,986.0
20260921,180000,30W,32,2026,9,21,18,38.1,146.8,98400.0,2026-09-21 18:00:00,2026-09-21 18:00:00,984.0
20260921,180000,30W,32,2026,9,21,18,39.4,149.70000000000002,98400.0,2026-09-21 18:00:00,2026-09-21 18:00:00,984.0
20260921,180000,30W,32,2026,9,21,18,39.2,152.6,99000.0,2026-09-21 18:00:00,2026-09-21 18:00:00,990.0
20260921,180000,30W,32,2026,9,21,18,40.4,156.9,99200.0,2026-09-21 18:00:00,2026-09-21 18:00:00,992.0
20260921,180000,30W,32,2026,9,21,18,41.300000000000004,160.4,99400.0,2026-09-21 18:00:00,2026-09-21 18:00:00,994.0
20260921,180000,30W,33,2026,9,21,18,38.1,147.0,98200.0,2026-09-21 18:00:00,2026-09-21 18:00:00,982.0
20260921,180000,30W,33,2026,9,21,18,38.7,150.1,98300.0,2026-09-21 18:00:00,2026-09-21 18:00:00,983.0
20260921,180000,30W,33,2026,9,21,18,39.5,153.5,98800.0,2026-09-21 18:00:00,2026-09-21 18:00:00,988.0
20260921,180000,30W,33,2026,9,21,18,40.4,156.20000000000002,99200.0,2026-09-21 18:00:00,2026-09-21 18:00:00,992.0
20260921,180000,30W,33,2026,9,21,18,42.300000000000004,161.4,99200.0,2026-09-21 18:00:00,2026-09-21 18:00:00,992.0
20260921,180000,30W,34,2026,9,21,18,38.4,147.0,97800.0,2026-09-21 18:00:00,2026-09-21 18:00:00,978.0
20260921,180000,30W,34,2026,9,21,18,39.5,150.4,98200.0,2026-09-21 18:00:00,2026-09-21 18:00:00,982.0
20260921,180000,30W,34,2026,9,21,18,40.4,154.4,98500.0,2026-09-21 18:00:00,2026-09-21 18:00:00,985.0
20260921,180000,30W,34,2026,9,21,18,40.7,157.20000000000002,98800.0,2026-09-21 18:00:00,2026-09-21 18:00:00,988.0
20260921,180000,30W,34,2026,9,21,18,42.300000000000004,161.4,99100.0,2026-09-21 18:00:00,2026-09-21 18:00:00,991.0
20260921,180000,30W,35,2026,9,21,18,38.4,147.0,98200.0,2026-09-21 18:00:00,2026-09-21 18:00:00,982.0
20260921,180000,30W,35,2026,9,21,18,39.0,150.1,98100.0,2026-09-21 18:00:00,2026-09-21 18:00:00,981.0
20260921,180000,30W,35,2026,9,21,18,39.2,152.70000000000002,98900.0,2026-09-21 18:00:00,2026-09-21 18:00:00,989.0
20260921,180000,30W,35,2026,9,21,18,39.800000000000004,156.0,99100.0,2026-09-21 18:00:00,2026-09-21 18:00:00,991.0
20260921,180000,30W,35,2026,9,21,18,40.4,160.3,99400.0,2026-09-21 18:00:00,2026-09-21 18:00:00,994.0
20260921,180000,30W,35,2026,9,21,18,40.9,163.70000000000002,99500.0,2026-09-21 18:00:00,2026-09-21 18:00:00,995.0
20260921,180000,30W,36,2026,9,21,18,38.7,147.6,98100.0,2026-09-21 18:00:00,2026-09-21 18:00:00,981.0
20260921,180000,30W,36,2026,9,21,18,39.5,150.4,97900.0,2026-09-21 18:00:00,2026-09-21 18:00:00,979.0
20260921,180000,30W,36,2026,9,21,18,40.4,154.4,98700.0,2026-09-21 18:00:00,2026-09-21 18:00:00,987.0
20260921,180000,30W,36,2026,9,21,18,41.5,157.70000000000002,98900.0,2026-09-21 18:00:00,2026-09-21 18:00:00,989.0
20260921,180000,30W,36,2026,9,21,18,42.6,162.0,99100.0,2026-09-21 18:00:00,2026-09-21 18:00:00,991.0
20260921,180000,30W,37,2026,9,21,18,38.7,147.3,98000.0,2026-09-21 18:00:00,2026-09-21 18:00:00,980.0
20260921,180000,30W,37,2026,9,21,18,39.2,150.1,98300.0,2026-09-21 18:00:00,2026-09-21 18:00:00,983.0
20260921,180000,30W,37,2026,9,21,18,39.9,153.3,99000.0,2026-09-21 18:00:00,2026-09-21 18:00:00,990.0
20260921,180000,30W,37,2026,9,21,18,40.2,157.1,99300.0,2026-09-21 18:00:00,2026-09-21 18:00:00,993.0
20260921,180000,30W,37,2026,9,21,18,42.300000000000004,161.4,99400.0,2026-09-21 18:00:00,2026-09-21 18:00:00,994.0
20260921,180000,30W,38,2026,9,21,18,37.800000000000004,147.0,98100.0,2026-09-21 18:00:00,2026-09-21 18:00:00,981.0
20260921,180000,30W,38,2026,9,21,18,39.0,149.9,98300.0,2026-09-21 18:00:00,2026-09-21 18:00:00,983.0
20260921,180000,30W,38,2026,9,21,18,39.2,152.4,99100.0,2026-09-21 18:00:00,2026-09-21 18:00:00,991.0
20260921,180000,30W,38,2026,9,21,18,39.9,156.1,99300.0,2026-09-21 18:00:00,2026-09-21 18:00:00,993.0
20260921,180000,30W,38,2026,9,21,18,41.7,159.9,99200.0,2026-09-21 18:00:00,2026-09-21 18:00:00,992.0
20260921,180000,30W,39,2026,9,21,18,38.1,147.0,98300.0,2026-09-21 18:00:00,2026-09-21 18:00:00,983.0
20260921,180000,30W,39,2026,9,21,18,38.7,150.1,98200.0,2026-09-21 18:00:00,2026-09-21 18:00:00,982.0
20260921,180000,30W,39,2026,9,21,18,39.800000000000004,153.5,98700.0,2026-09-21 18:00:00,2026-09-21 18:00:00,987.0
20260921,180000,30W,39,2026,9,21,18,40.4,157.20000000000002,99000.0,2026-09-21 18:00:00,2026-09-21 18:00:00,990.0
20260921,180000,30W,39,2026,9,21,18,40.9,160.5,99200.0,2026-09-21 18:00:00,2026-09-21 18:00:00,992.0
20260921,180000,30W,40,2026,9,21,18,38.1,147.0,98400.0,2026-09-21 18:00:00,2026-09-21 18:00:00,984.0
20260921,180000,30W,40,2026,9,21,18,38.7,149.0,98600.0,2026-09-21 18:00:00,2026-09-21 18:00:00,986.0
20260921,180000,30W,40,2026,9,21,18,38.9,152.20000000000002,99100.0,2026-09-21 18:00:00,2026-09-21 18:00:00,991.0
20260921,180000,30W,40,2026,9,21,18,39.800000000000004,155.9,99300.0,2026-09-21 18:00:00,2026-09-21 18:00:00,993.0
20260921,180000,30W,40,2026,9,21,18,41.2,159.4,99400.0,2026-09-21 18:00:00,2026-09-21 18:00:00,994.0
20260921,180000,30W,40,2026,9,21,18,41.4,163.3,99400.0,2026-09-21 18:00:00,2026-09-21 18:00:00,994.0
20260921,180000,30W,41,2026,9,21,18,37.800000000000004,147.0,98200.0,2026-09-21 18:00:00,2026-09-21 18:00:00,982.0
20260921,180000,30W,41,2026,9,21,18,39.0,150.1,98200.0,2026-09-21 18:00:00,2026-09-21 18:00:00,982.0
20260921,180000,30W,41,2026,9,21,18,39.2,153.20000000000002,98900.0,2026-09-21 18:00:00,2026-09-21 18:00:00,989.0
20260921,180000,30W,41,2026,9,21,18,40.7,156.3,99100.0,2026-09-21 18:00:00,2026-09-21 18:00:00,991.0
20260921,180000,30W,42,2026,9,21,18,38.4,147.0,98100.0,2026-09-21 18:00:00,2026-09-21 18:00:00,981.0
20260921,180000,30W,42,2026,9,21,18,39.5,150.1,98100.0,2026-09-21 18:00:00,2026-09-21 18:00:00,981.0
20260921,180000,30W,42,2026,9,21,18,40.1,153.8,98500.0,2026-09-21 18:00:00,2026-09-21 18:00:00,985.0
20260921,180000,30W,42,2026,9,21,18,40.7,157.5,98800.0,2026-09-21 18:00:00,2026-09-21 18:00:00,988.0
20260921,180000,30W,42,2026,9,21,18,42.300000000000004,161.4,99100.0,2026-09-21 18:00:00,2026-09-21 18:00:00,991.0
20260921,180000,30W,42,2026,9,21,18,42.9,166.5,99000.0,2026-09-21 18:00:00,2026-09-21 18:00:00,990.0
20260921,180000,30W,43,2026,9,21,18,38.1,147.0,98200.0,2026-09-21 18:00:00,2026-09-21 18:00:00,982.0
20260921,180000,30W,43,2026,9,21,18,39.0,149.9,98200.0,2026-09-21 18:00:00,2026-09-21 18:00:00,982.0
20260921,180000,30W,43,2026,9,21,18,39.2,153.20000000000002,98500.0,2026-09-21 18:00:00,2026-09-21 18:00:00,985.0
20260921,180000,30W,43,2026,9,21,18,39.5,155.70000000000002,99000.0,2026-09-21 18:00:00,2026-09-21 18:00:00,990.0
20260921,180000,30W,43,2026,9,21,18,39.800000000000004,158.9,99300.0,2026-09-21 18:00:00,2026-09-21 18:00:00,993.0
20260921,180000,30W,44,2026,9,21,18,38.4,147.3,98100.0,2026-09-21 18:00:00,2026-09-21 18:00:00,981.0
20260921,180000,30W,44,2026,9,21,18,39.800000000000004,150.4,98400.0,2026-09-21 18:00:00,2026-09-21 18:00:00,984.0
20260921,180000,30W,44,2026,9,21,18,40.7,153.5,99000.0,2026-09-21 18:00:00,2026-09-21 18:00:00,990.0
20260921,180000,30W,45,2026,9,21,18,38.4,146.8,98100.0,2026-09-21 18:00:00,2026-09-21 18:00:00,981.0
20260921,180000,30W,45,2026,9,21,18,39.2,149.9,98100.0,2026-09-21 18:00:00,2026-09-21 18:00:00,981.0
20260921,180000,30W,45,2026,9,21,18,39.5,153.5,98600.0,2026-09-21 18:00:00,2026-09-21 18:00:00,986.0
20260921,180000,30W,45,2026,9,21,18,40.6,156.9,98800.0,2026-09-21 18:00:00,2026-09-21 18:00:00,988.0
20260921,180000,30W,45,2026,9,21,18,42.1,161.70000000000002,98900.0,2026-09-21 18:00:00,2026-09-21 18:00:00,989.0
20260921,180000,30W,45,2026,9,21,18,43.800000000000004,167.6,98900.0,2026-09-21 18:00:00,2026-09-21 18:00:00,989.0
20260921,180000,30W,46,2026,9,21,18,38.7,147.0,98000.0,2026-09-21 18:00:00,2026-09-21 18:00:00,980.0
20260921,180000,30W,46,2026,9,21,18,39.2,149.9,98100.0,2026-09-21 18:00:00,2026-09-21 18:00:00,981.0
20260921,180000,30W,46,2026,9,21,18,40.1,153.0,98500.0,2026-09-21 18:00:00,2026-09-21 18:00:00,985.0
20260921,180000,30W,46,2026,9,21,18,40.4,156.3,98800.0,2026-09-21 18:00:00,2026-09-21 18:00:00,988.0
20260921,180000,30W,46,2026,9,21,18,41.300000000000004,160.20000000000002,99100.0,2026-09-21 18:00:00,2026-09-21 18:00:00,991.0
20260921,180000,30W,46,2026,9,21,18,41.6,163.70000000000002,99300.0,2026-09-21 18:00:00,2026-09-21 18:00:00,993.0
20260921,180000,30W,47,2026,9,21,18,38.4,147.0,98100.0,2026-09-21 18:00:00,2026-09-21 18:00:00,981.0
20260921,180000,30W,47,2026,9,21,18,39.5,150.4,97900.0,2026-09-21 18:00:00,2026-09-21 18:00:00,979.0
20260921,180000,30W,47,2026,9,21,18,40.0,153.5,98900.0,2026-09-21 18:00:00,2026-09-21 18:00:00,989.0
20260921,180000,30W,47,2026,9,21,18,40.9,158.0,99100.0,2026-09-21 18:00:00,2026-09-21 18:00:00,991.0
20260921,180000,30W,48,2026,9,21,18,38.5,147.20000000000002,98100.0,2026-09-21 18:00:00,2026-09-21 18:00:00,981.0
20260921,180000,30W,48,2026,9,21,18,39.5,149.9,98200.0,2026-09-21 18:00:00,2026-09-21 18:00:00,982.0
20260921,180000,30W,48,2026,9,21,18,39.800000000000004,153.0,98900.0,2026-09-21 18:00:00,2026-09-21 18:00:00,989.0
20260921,180000,30W,48,2026,9,21,18,42.300000000000004,157.5,98900.0,2026-09-21 18:00:00,2026-09-21 18:00:00,989.0
20260921,180000,30W,49,2026,9,21,18,38.7,147.0,98300.0,2026-09-21 18:00:00,2026-09-21 18:00:00,983.0
20260921,180000,30W,49,2026,9,21,18,39.5,150.4,98000.0,2026-09-21 18:00:00,2026-09-21 18:00:00,980.0
20260921,180000,30W,49,2026,9,21,18,40.2,153.5,98900.0,2026-09-21 18:00:00,2026-09-21 18:00:00,989.0
20260921,180000,30W,49,2026,9,21,18,41.800000000000004,156.9,98800.0,2026-09-21 18:00:00,2026-09-21 18:00:00,988.0
20260921,180000,30W,50,2026,9,21,18,38.4,147.0,98000.0,2026-09-21 18:00:00,2026-09-21 18:00:00,980.0
20260921,180000,30W,50,2026,9,21,18,39.0,150.1,98200.0,2026-09-21 18:00:00,2026-09-21 18:00:00,982.0
20260921,180000,30W,50,2026,9,21,18,39.800000000000004,153.5,98800.0,2026-09-21 18:00:00,2026-09-21 18:00:00,988.0
20260921,180000,30W,50,2026,9,21,18,40.800000000000004,157.0,99000.0,2026-09-21 18:00:00,2026-09-21 18:00:00,990.0
20260921,180000,30W,50,2026,9,21,18,41.7,161.0,99200.0,2026-09-21 18:00:00,2026-09-21 18:00:00,992.0
20260921,180000,30W,51,2026,9,21,18,38.1,147.3,98300.0,2026-09-21 18:00:00,2026-09-21 18:00:00,983.0
20260921,180000,30W,51,2026,9,21,18,39.2,150.1,98400.0,2026-09-21 18:00:00,2026-09-21 18:00:00,984.0
20260921,180000,30W,51,2026,9,21,18,39.800000000000004,152.70000000000002,99000.0,2026-09-21 18:00:00,2026-09-21 18:00:00,990.0
20260921,180000,30W,51,2026,9,21,18,40.7,157.5,99100.0,2026-09-21 18:00:00,2026-09-21 18:00:00,991.0
20260921,180000,30W,51,2026,9,21,18,41.5,161.20000000000002,99300.0,2026-09-21 18:00:00,2026-09-21 18:00:00,993.0
20260921,180000,30W,51,2026,9,21,18,43.2,166.20000000000002,99200.0,2026-09-21 18:00:00,2026-09-21 18:00:00,992.0
20260921,180000,30W,52,2026,9,21,18,38.4,147.0,97600.0,2026-09-21 18:00:00,2026-09-21 18:00:00,976.0
20260921,180000,30W,52,2026,9,21,18,39.5,150.4,97800.0,2026-09-21 18:00:00,2026-09-21 18:00:00,978.0
20260921,180000,30W,52,2026,9,21,18,40.4,153.8,98500.0,2026-09-21 18:00:00,2026-09-21 18:00:00,985.0
20260921,180000,30W,52,2026,9,21,18,41.5,157.70000000000002,98600.0,2026-09-21 18:00:00,2026-09-21 18:00:00,986.0
20260921,180000,30W,52,2026,9,21,18,42.9,162.3,98600.0,2026-09-21 18:00:00,2026-09-21 18:00:00,986.0
20260921,180000,31W,3,2026,9,21,18,14.700000000000001,167.3,100900.0,2026-09-21 18:00:00,2026-09-21 18:00:00,1009.0
20260921,180000,31W,3,2026,9,21,18,14.5,164.20000000000002,100900.0,2026-09-21 18:00:00,2026-09-21 18:00:00,1009.0
20260921,180000,31W,3,2026,9,21,18,15.3,164.8,100900.0,2026-09-21 18:00:00,2026-09-21 18:00:00,1009.0
20260921,180000,31W,5,2026,9,21,18,13.0,168.1,100600.0,2026-09-21 18:00:00,2026-09-21 18:00:00,1006.0
20260921,180000,31W,7,2026,9,21,18,15.3,168.1,100900.0,2026-09-21 18:00:00,2026-09-21 18:00:00,1009.0
20260921,180000,31W,7,2026,9,21,18,14.700000000000001,170.4,100700.0,2026-09-21 18:00:00,2026-09-21 18:00:00,1007.0
20260921,180000,31W,7,2026,9,21,18,15.3,171.20000000000002,100800.0,2026-09-21 18:00:00,2026-09-21 18:00:00,1008.0
20260921,180000,31W,7,2026,9,21,18,15.3,171.20000000000002,100600.0,2026-09-21 18:00:00,2026-09-21 18:00:00,1006.0
20260921,180000,31W,7,2026,9,21,18,17.6,172.1,100700.0,2026-09-21 18:00:00,2026-09-21 18:00:00,1007.0
20260921,180000,31W,7,2026,9,21,18,17.8,171.8,100600.0,2026-09-21 18:00:00,2026-09-21 18:00:00,1006.0
20260921,180000,31W,7,2026,9,21,18,18.6,171.5,100700.0,2026-09-21 18:00:00,2026-09-21 18:00:00,1007.0
20260921,180000,31W,7,2026,9,21,18,19.0,171.0,100600.0,2026-09-21 18:00:00,2026-09-21 18:00:00,1006.0
20260921,180000,31W,7,2026,9,21,18,19.8,170.3,100700.0,2026-09-21 18:00:00,2026-09-21 18:00:00,1007.0
20260921,180000,31W,7,2026,9,21,18,20.7,169.5,100600.0,2026-09-21 18:00:00,2026-09-21 18:00:00,1006.0
20260921,180000,31W,7,2026,9,21,18,21.0,169.20000000000002,100600.0,2026-09-21 18:00:00,2026-09-21 18:00:00,1006.0
20260921,180000,31W,7,2026,9,21,18,22.1,168.70000000000002,100600.0,2026-09-21 18:00:00,2026-09-21 18:00:00,1006.0
20260921,180000,31W,7,2026,9,21,18,22.5,168.20000000000002,100600.0,2026-09-21 18:00:00,2026-09-21 18:00:00,1006.0
20260921,180000,31W,7,2026,9,21,18,23.5,167.3,100500.0,2026-09-21 18:00:00,2026-09-21 18:00:00,1005.0
20260921,180000,31W,7,2026,9,21,18,23.8,167.3,100600.0,2026-09-21 18:00:00,2026-09-21 18:00:00,1006.0
20260921,180000,31W,7,2026,9,21,18,24.0,166.70000000000002,100600.0,2026-09-21 18:00:00,2026-09-21 18:00:00,1006.0
20260921,180000,31W,7,2026,9,21,18,25.400000000000002,167.0,100800.0,2026-09-21 18:00:00,2026-09-21 18:00:00,1008.0
20260921,180000,31W,7,2026,9,21,18,28.0,167.3,100700.0,2026-09-21 18:00:00,2026-09-21 18:00:00,1007.0
20260921,180000,31W,7,2026,9,21,18,28.3,166.5,100800.0,2026-09-21 18:00:00,2026-09-21 18:00:00,1008.0
20260921,180000,31W,7,2026,9,21,18,29.7,166.5,100800.0,2026-09-21 18:00:00,2026-09-21 18:00:00,1008.0
20260921,180000,31W,7,2026,9,21,18,30.6,165.6,101000.0,2026-09-21 18:00:00,2026-09-21 18:00:00,1010.0
20260921,180000,31W,13,2026,9,21,18,15.200000000000001,170.20000000000002,100800.0,2026-09-21 18:00:00,2026-09-21 18:00:00,1008.0
20260921,180000,31W,13,2026,9,21,18,14.700000000000001,169.5,100900.0,2026-09-21 18:00:00,2026-09-21 18:00:00,1009.0
20260921,180000,31W,13,2026,9,21,18,16.1,171.9,100800.0,2026-09-21 18:00:00,2026-09-21 18:00:00,1008.0
20260921,180000,31W,13,2026,9,21,18,16.4,172.6,100600.0,2026-09-21 18:00:00,2026-09-21 18:00:00,1006.0
20260921,180000,31W,13,2026,9,21,18,17.400000000000002,172.8,100700.0,2026-09-21 18:00:00,2026-09-21 18:00:00,1007.0
20260921,180000,31W,13,2026,9,21,18,18.7,172.9,100400.0,2026-09-21 18:00:00,2026-09-21 18:00:00,1004.0
20260921,180000,31W,13,2026,9,21,18,19.8,172.9,100600.0,2026-09-21 18:00:00,2026-09-21 18:00:00,1006.0
20260921,180000,31W,13,2026,9,21,18,20.400000000000002,172.6,100500.0,2026-09-21 18:00:00,2026-09-21 18:00:00,1005.0
20260921,180000,31W,13,2026,9,21,18,21.2,172.9,100700.0,2026-09-21 18:00:00,2026-09-21 18:00:00,1007.0
20260921,180000,31W,13,2026,9,21,18,22.3,172.6,100600.0,2026-09-21 18:00:00,2026-09-21 18:00:00,1006.0
20260921,180000,31W,13,2026,9,21,18,23.5,171.0,100600.0,2026-09-21 18:00:00,2026-09-21 18:00:00,1006.0
20260921,180000,31W,13,2026,9,21,18,23.900000000000002,170.20000000000002,100800.0,2026-09-21 18:00:00,2026-09-21 18:00:00,1008.0
20260921,180000,31W,13,2026,9,21,18,24.3,170.1,100700.0,2026-09-21 18:00:00,2026-09-21 18:00:00,1007.0
20260921,180000,31W,16,2026,9,21,18,13.6,167.0,100700.0,2026-09-21 18:00:00,2026-09-21 18:00:00,1007.0
20260921,180000,31W,16,2026,9,21,18,14.5,168.70000000000002,100600.0,2026-09-21 18:00:00,2026-09-21 18:00:00,1006.0
20260921,180000,31W,16,2026,9,21,18,14.5,167.3,100500.0,2026-09-21 18:00:00,2026-09-21 18:00:00,1005.0
20260921,180000,31W,16,2026,9,21,18,15.6,168.4,100200.0,2026-09-21 18:00:00,2026-09-21 18:00:00,1002.0
20260921,180000,31W,16,2026,9,21,18,16.7,170.1,100300.0,2026-09-21 18:00:00,2026-09-21 18:00:00,1003.0
20260921,180000,31W,16,2026,9,21,18,17.8,169.3,99900.0,2026-09-21 18:00:00,2026-09-21 18:00:00,999.0
20260921,180000,31W,16,2026,9,21,18,17.8,169.3,100200.0,2026-09-21 18:00:00,2026-09-21 18:00:00,1002.0
20260921,180000,31W,16,2026,9,21,18,19.2,169.3,100100.0,2026-09-21 18:00:00,2026-09-21 18:00:00,1001.0
20260921,180000,31W,16,2026,9,21,18,20.400000000000002,168.70000000000002,100200.0,2026-09-21 18:00:00,2026-09-21 18:00:00,1002.0
20260921,180000,31W,16,2026,9,21,18,20.900000000000002,168.70000000000002,100100.0,2026-09-21 18:00:00,2026-09-21 18:00:00,1001.0
20260921,180000,31W,16,2026,9,21,18,22.1,168.1,100200.0,2026-09-21 18:00:00,2026-09-21 18:00:00,1002.0
20260921,180000,31W,16,2026,9,21,18,22.3,168.1,100100.0,2026-09-21 18:00:00,2026-09-21 18:00:00,1001.0
20260921,180000,31W,16,2026,9,21,18,23.8,168.1,100200.0,2026-09-21 18:00:00,2026-09-21 18:00:00,1002.0
20260921,180000,31W,16,2026,9,21,18,24.6,167.9,99900.0,2026-09-21 18:00:00,2026-09-21 18:00:00,999.0
20260921,180000,31W,16,2026,9,21,18,26.0,167.6,99700.0,2026-09-21 18:00:00,2026-09-21 18:00:00,997.0
20260921,180000,31W,16,2026,9,21,18,27.1,167.0,99100.0,2026-09-21 18:00:00,2026-09-21 18:00:00,991.0
20260921,180000,31W,16,2026,9,21,18,28.5,166.20000000000002,99100.0,2026-09-21 18:00:00,2026-09-21 18:00:00,991.0
20260921,180000,31W,16,2026,9,21,18,29.400000000000002,165.6,98600.0,2026-09-21 18:00:00,2026-09-21 18:00:00,986.0
20260921,180000,31W,16,2026,9,21,18,30.2,165.3,98700.0,2026-09-21 18:00:00,2026-09-21 18:00:00,987.0
20260921,180000,31W,16,2026,9,21,18,31.1,165.3,98900.0,2026-09-21 18:00:00,2026-09-21 18:00:00,989.0
20260921,180000,31W,16,2026,9,21,18,31.6,165.3,99300.0,2026-09-21 18:00:00,2026-09-21 18:00:00,993.0
20260921,180000,31W,16,2026,9,21,18,32.5,165.9,99400.0,2026-09-21 18:00:00,2026-09-21 18:00:00,994.0
20260921,180000,31W,16,2026,9,21,18,33.3,166.70000000000002,99700.0,2026-09-21 18:00:00,2026-09-21 18:00:00,997.0
20260921,180000,31W,16,2026,9,21,18,33.9,167.3,100000.0,2026-09-21 18:00:00,2026-09-21 18:00:00,1000.0
20260921,180000,31W,16,2026,9,21,18,34.7,167.6,100300.0,2026-09-21 18:00:00,2026-09-21 18:00:00,1003.0
20260921,180000,31W,16,2026,9,21,18,35.0,168.4,100500.0,2026-09-21 18:00:00,2026-09-21 18:00:00,1005.0
20260921,180000,31W,16,2026,9,21,18,36.1,169.3,100600.0,2026-09-21 18:00:00,2026-09-21 18:00:00,1006.0
20260921,180000,31W,16,2026,9,21,18,38.4,171.8,100500.0,2026-09-21 18:00:00,2026-09-21 18:00:00,1005.0
20260921,180000,31W,17,2026,9,21,18,12.8,167.9,100600.0,2026-09-21 18:00:00,2026-09-21 18:00:00,1006.0
20260921,180000,31W,23,2026,9,21,18,14.200000000000001,169.8,100900.0,2026-09-21 18:00:00,2026-09-21 18:00:00,1009.0
20260921,180000,31W,23,2026,9,21,18,11.9,168.1,100700.0,2026-09-21 18:00:00,2026-09-21 18:00:00,1007.0
20260921,180000,31W,28,2026,9,21,18,15.6,163.6,100700.0,2026-09-21 18:00:00,2026-09-21 18:00:00,1007.0
20260921,180000,31W,28,2026,9,21,18,14.5,161.1,100700.0,2026-09-21 18:00:00,2026-09-21 18:00:00,1007.0
20260921,180000,31W,29,2026,9,21,18,14.700000000000001,165.0,100900.0,2026-09-21 18:00:00,2026-09-21 18:00:00,1009.0
20260921,180000,31W,29,2026,9,21,18,13.0,165.0,100700.0,2026-09-21 18:00:00,2026-09-21 18:00:00,1007.0
20260921,180000,31W,29,2026,9,21,18,14.200000000000001,165.6,100900.0,2026-09-21 18:00:00,2026-09-21 18:00:00,1009.0
20260921,180000,31W,30,2026,9,21,18,14.700000000000001,163.1,100800.0,2026-09-21 18:00:00,2026-09-21 18:00:00,1008.0
20260921,180000,31W,33,2026,9,21,18,15.3,167.9,100900.0,2026-09-21 18:00:00,2026-09-21 18:00:00,1009.0
20260921,180000,31W,33,2026,9,21,18,14.700000000000001,165.0,100700.0,2026-09-21 18:00:00,2026-09-21 18:00:00,1007.0
20260921,180000,31W,33,2026,9,21,18,15.9,164.20000000000002,101000.0,2026-09-21 18:00:00,2026-09-21 18:00:00,1010.0
20260921,180000,31W,33,2026,9,21,18,15.9,164.20000000000002,100800.0,2026-09-21 18:00:00,2026-09-21 18:00:00,1008.0
20260921,180000,31W,41,2026,9,21,18,14.200000000000001,162.0,100800.0,2026-09-21 18:00:00,2026-09-21 18:00:00,1008.0
20260921,180000,31W,43,2026,9,21,18,16.1,167.3,100900.0,2026-09-21 18:00:00,2026-09-21 18:00:00,1009.0
20260921,180000,31W,43,2026,9,21,18,17.0,166.70000000000002,100800.0,2026-09-21 18:00:00,2026-09-21 18:00:00,1008.0
20260921,180000,31W,47,2026,9,21,18,16.4,167.6,100600.0,2026-09-21 18:00:00,2026-09-21 18:00:00,1006.0
20260921,180000,31W,47,2026,9,21,18,16.4,167.6,100700.0,2026-09-21 18:00:00,2026-09-21 18:00:00,1007.0
20260921,180000,31W,47,2026,9,21,18,17.8,168.1,100700.0,2026-09-21 18:00:00,2026-09-21 18:00:00,1007.0
20260921,180000,31W,47,2026,9,21,18,18.7,167.3,100600.0,2026-09-21 18:00:00,2026-09-21 18:00:00,1006.0
20260921,180000,31W,47,2026,9,21,18,19.5,166.70000000000002,100700.0,2026-09-21 18:00:00,2026-09-21 18:00:00,1007.0
20260921,180000,31W,47,2026,9,21,18,20.400000000000002,165.6,100600.0,2026-09-21 18:00:00,2026-09-21 18:00:00,1006.0
20260921,180000,31W,47,2026,9,21,18,21.5,163.9,100700.0,2026-09-21 18:00:00,2026-09-21 18:00:00,1007.0
20260921,180000,31W,47,2026,9,21,18,22.3,163.9,100800.0,2026-09-21 18:00:00,2026-09-21 18:00:00,1008.0
20260921,180000,31W,47,2026,9,21,18,22.900000000000002,162.0,100700.0,2026-09-21 18:00:00,2026-09-21 18:00:00,1007.0
20260921,180000,31W,49,2026,9,21,18,15.0,169.0,100600.0,2026-09-21 18:00:00,2026-09-21 18:00:00,1006.0
20260921,180000,31W,49,2026,9,21,18,16.7,170.70000000000002,100700.0,2026-09-21 18:00:00,2026-09-21 18:00:00,1007.0
20260921,180000,31W,49,2026,9,21,18,19.0,171.8,100600.0,2026-09-21 18:00:00,2026-09-21 18:00:00,1006.0
20260921,180000,31W,49,2026,9,21,18,20.400000000000002,170.1,100800.0,2026-09-21 18:00:00,2026-09-21 18:00:00,1008.0
20260921,180000,31W,49,2026,9,21,18,19.5,170.1,100700.0,2026-09-21 18:00:00,2026-09-21 18:00:00,1007.0
20260921,180000,31W,51,2026,9,21,18,15.6,169.0,100900.0,2026-09-21 18:00:00,2026-09-21 18:00:00,1009.0
20260921,180000,31W,51,2026,9,21,18,15.6,169.8,100800.0,2026-09-21 18:00:00,2026-09-21 18:00:00,1008.0
20260921,180000,31W,51,2026,9,21,18,16.1,170.1,100700.0,2026-09-21 18:00:00,2026-09-21 18:00:00,1007.0
20260921,180000,31W,51,2026,9,21,18,16.7,170.1,100500.0,2026-09-21 18:00:00,2026-09-21 18:00:00,1005.0
20260921,180000,31W,51,2026,9,21,18,17.3,170.4,100600.0,2026-09-21 18:00:00,2026-09-21 18:00:00,1006.0
20260921,180000,31W,51,2026,9,21,18,18.400000000000002,170.70000000000002,100400.0,2026-09-21 18:00:00,2026-09-21 18:00:00,1004.0
20260921,180000,31W,51,2026,9,21,18,19.2,171.0,100600.0,2026-09-21 18:00:00,2026-09-21 18:00:00,1006.0
20260921,180000,31W,51,2026,9,21,18,19.8,170.4,100600.0,2026-09-21 18:00:00,2026-09-21 18:00:00,1006.0
20260921,180000,31W,51,2026,9,21,18,20.900000000000002,170.4,100800.0,2026-09-21 18:00:00,2026-09-21 18:00:00,1008.0
20260921,180000,31W,51,2026,9,21,18,21.8,170.4,100800.0,2026-09-21 18:00:00,2026-09-21 18:00:00,1008.0
20260921,180000,31W,51,2026,9,21,18,22.900000000000002,170.1,100800.0,2026-09-21 18:00:00,2026-09-21 18:00:00,1008.0
20260921,180000,31W,51,2026,9,21,18,23.8,169.8,100700.0,2026-09-21 18:00:00,2026-09-21 18:00:00,1007.0
20260921,180000,31W,51,2026,9,21,18,24.3,169.5,100800.0,2026-09-21 18:00:00,2026-09-21 18:00:00,1008.0
20260921,180000,31W,51,2026,9,21,18,26.2,169.6,100600.0,2026-09-21 18:00:00,2026-09-21 18:00:00,1006.0
20260921,180000,31W,51,2026,9,21,18,27.400000000000002,169.5,100700.0,2026-09-21 18:00:00,2026-09-21 18:00:00,1007.0
20260921,180000,31W,51,2026,9,21,18,28.8,170.70000000000002,100500.0,2026-09-21 18:00:00,2026-09-21 18:00:00,1005.0
20260921,180000,70W,1,2026,9,21,18,9.1,108.5,100900.0,2026-09-21 18:00:00,2026-09-21 18:00:00,1009.0
20260921,180000,70W,1,2026,9,21,18,9.4,106.3,100800.0,2026-09-21 18:00:00,2026-09-21 18:00:00,1008.0
20260921,180000,70W,1,2026,9,21,18,9.700000000000001,107.7,100800.0,2026-09-21 18:00:00,2026-09-21 18:00:00,1008.0
20260921,180000,70W,1,2026,9,21,18,11.6,106.0,100700.0,2026-09-21 18:00:00,2026-09-21 18:00:00,1007.0
20260921,180000,70W,1,2026,9,21,18,11.1,104.9,100800.0,2026-09-21 18:00:00,2026-09-21 18:00:00,1008.0
20260921,180000,70W,1,2026,9,21,18,12.200000000000001,104.3,100800.0,2026-09-21 18:00:00,2026-09-21 18:00:00,1008.0
20260921,180000,70W,1,2026,9,21,18,11.9,102.60000000000001,100800.0,2026-09-21 18:00:00,2026-09-21 18:00:00,1008.0
20260921,180000,70W,1,2026,9,21,18,13.6,102.9,100700.0,2026-09-21 18:00:00,2026-09-21 18:00:00,1007.0
20260921,180000,70W,1,2026,9,21,18,13.3,103.2,100700.0,2026-09-21 18:00:00,2026-09-21 18:00:00,1007.0
20260921,180000,70W,1,2026,9,21,18,13.6,102.9,100800.0,2026-09-21 18:00:00,2026-09-21 18:00:00,1008.0
20260921,180000,70W,1,2026,9,21,18,14.200000000000001,101.2,100700.0,2026-09-21 18:00:00,2026-09-21 18:00:00,1007.0
20260921,180000,70W,1,2026,9,21,18,14.5,100.9,100700.0,2026-09-21 18:00:00,2026-09-21 18:00:00,1007.0
20260921,180000,70W,1,2026,9,21,18,14.5,100.4,100600.0,2026-09-21 18:00:00,2026-09-21 18:00:00,1006.0
20260921,180000,70W,1,2026,9,21,18,14.5,100.10000000000001,100700.0,2026-09-21 18:00:00,2026-09-21 18:00:00,1007.0
20260921,180000,70W,1,2026,9,21,18,15.6,100.4,100700.0,2026-09-21 18:00:00,2026-09-21 18:00:00,1007.0
20260921,180000,70W,1,2026,9,21,18,14.700000000000001,97.5,100700.0,2026-09-21 18:00:00,2026-09-21 18:00:00,1007.0
20260921,180000,70W,1,2026,9,21,18,15.6,97.3,100500.0,2026-09-21 18:00:00,2026-09-21 18:00:00,1005.0
20260921,180000,70W,1,2026,9,21,18,13.9,97.8,100400.0,2026-09-21 18:00:00,2026-09-21 18:00:00,1004.0
20260921,180000,70W,1,2026,9,21,18,14.700000000000001,97.5,100300.0,2026-09-21 18:00:00,2026-09-21 18:00:00,1003.0
20260921,180000,70W,1,2026,9,21,18,15.8,97.4,100300.0,2026-09-21 18:00:00,2026-09-21 18:00:00,1003.0
20260921,180000,70W,1,2026,9,21,18,14.700000000000001,97.3,100300.0,2026-09-21 18:00:00,2026-09-21 18:00:00,1003.0
20260921,180000,70W,1,2026,9,21,18,14.200000000000001,97.5,100300.0,2026-09-21 18:00:00,2026-09-21 18:00:00,1003.0
20260921,180000,70W,1,2026,9,21,18,14.200000000000001,97.5,100300.0,2026-09-21 18:00:00,2026-09-21 18:00:00,1003.0
20260921,180000,70W,1,2026,9,21,18,14.700000000000001,97.3,100400.0,2026-09-21 18:00:00,2026-09-21 18:00:00,1004.0
20260921,180000,70W,1,2026,9,21,18,15.9,97.0,100300.0,2026-09-21 18:00:00,2026-09-21 18:00:00,1003.0
20260921,180000,70W,1,2026,9,21,18,17.3,96.4,100700.0,2026-09-21 18:00:00,2026-09-21 18:00:00,1007.0
20260921,180000,70W,1,2026,9,21,18,17.8,95.60000000000001,100800.0,2026-09-21 18:00:00,2026-09-21 18:00:00,1008.0
20260921,180000,70W,1,2026,9,21,18,19.0,93.9,101000.0,2026-09-21 18:00:00,2026-09-21 18:00:00,1010.0
20260921,180000,70W,2,2026,9,21,18,13.1,140.6,100900.0,2026-09-21 18:00:00,2026-09-21 18:00:00,1009.0
20260921,180000,70W,2,2026,9,21,18,13.0,140.9,100500.0,2026-09-21 18:00:00,2026-09-21 18:00:00,1005.0
20260921,180000,70W,2,2026,9,21,18,13.9,140.3,100700.0,2026-09-21 18:00:00,2026-09-21 18:00:00,1007.0
20260921,180000,70W,2,2026,9,21,18,15.0,139.20000000000002,100600.0,2026-09-21 18:00:00,2026-09-21 18:00:00,1006.0
20260921,180000,70W,2,2026,9,21,18,16.1,138.0,100700.0,2026-09-21 18:00:00,2026-09-21 18:00:00,1007.0
20260921,180000,70W,2,2026,9,21,18,16.1,136.4,100400.0,2026-09-21 18:00:00,2026-09-21 18:00:00,1004.0
20260921,180000,70W,2,2026,9,21,18,16.1,136.1,100500.0,2026-09-21 18:00:00,2026-09-21 18:00:00,1005.0
20260921,180000,70W,2,2026,9,21,18,17.3,134.4,100300.0,2026-09-21 18:00:00,2026-09-21 18:00:00,1003.0
20260921,180000,70W,2,2026,9,21,18,17.6,134.1,100200.0,2026-09-21 18:00:00,2026-09-21 18:00:00,1002.0
20260921,180000,70W,2,2026,9,21,18,18.400000000000002,133.0,99900.0,2026-09-21 18:00:00,2026-09-21 18:00:00,999.0
20260921,180000,70W,2,2026,9,21,18,18.7,131.9,99600.0,2026-09-21 18:00:00,2026-09-21 18:00:00,996.0
20260921,180000,70W,2,2026,9,21,18,19.2,131.0,98900.0,2026-09-21 18:00:00,2026-09-21 18:00:00,989.0
20260921,180000,70W,2,2026,9,21,18,19.8,129.9,98200.0,2026-09-21 18:00:00,2026-09-21 18:00:00,982.0
20260921,180000,70W,2,2026,9,21,18,20.400000000000002,129.0,98500.0,2026-09-21 18:00:00,2026-09-21 18:00:00,985.0
20260921,180000,70W,2,2026,9,21,18,20.900000000000002,128.2,98400.0,2026-09-21 18:00:00,2026-09-21 18:00:00,984.0
20260921,180000,70W,2,2026,9,21,18,21.5,127.4,97900.0,2026-09-21 18:00:00,2026-09-21 18:00:00,979.0
20260921,180000,70W,2,2026,9,21,18,22.3,127.10000000000001,97600.0,2026-09-21 18:00:00,2026-09-21 18:00:00,976.0
20260921,180000,70W,2,2026,9,21,18,22.900000000000002,126.8,97600.0,2026-09-21 18:00:00,2026-09-21 18:00:00,976.0
20260921,180000,70W,2,2026,9,21,18,23.5,126.8,97300.0,2026-09-21 18:00:00,2026-09-21 18:00:00,973.0
20260921,180000,70W,2,2026,9,21,18,24.0,127.0,97900.0,2026-09-21 18:00:00,2026-09-21 18:00:00,979.0
20260921,180000,70W,2,2026,9,21,18,24.900000000000002,127.60000000000001,98200.0,2026-09-21 18:00:00,2026-09-21 18:00:00,982.0
20260921,180000,70W,2,2026,9,21,18,25.2,128.2,97600.0,2026-09-21 18:00:00,2026-09-21 18:00:00,976.0
20260921,180000,70W,2,2026,9,21,18,25.7,128.8,97400.0,2026-09-21 18:00:00,2026-09-21 18:00:00,974.0
20260921,180000,70W,2,2026,9,21,18,26.0,129.9,97700.0,2026-09-21 18:00:00,2026-09-21 18:00:00,977.0
20260921,180000,70W,2,2026,9,21,18,26.3,130.7,98200.0,2026-09-21 18:00:00,2026-09-21 18:00:00,982.0
20260921,180000,70W,2,2026,9,21,18,26.6,131.6,98000.0,2026-09-21 18:00:00,2026-09-21 18:00:00,980.0
20260921,180000,70W,2,2026,9,21,18,26.6,133.0,98600.0,2026-09-21 18:00:00,2026-09-21 18:00:00,986.0
20260921,180000,70W,2,2026,9,21,18,26.6,133.5,98300.0,2026-09-21 18:00:00,2026-09-21 18:00:00,983.0
20260921,180000,70W,2,2026,9,21,18,26.6,134.7,98200.0,2026-09-21 18:00:00,2026-09-21 18:00:00,982.0
20260921,180000,70W,2,2026,9,21,18,26.900000000000002,135.2,98400.0,2026-09-21 18:00:00,2026-09-21 18:00:00,984.0
20260921,180000,70W,2,2026,9,21,18,26.900000000000002,135.5,98800.0,2026-09-21 18:00:00,2026-09-21 18:00:00,988.0
20260921,180000,70W,2,2026,9,21,18,26.6,136.4,99100.0,2026-09-21 18:00:00,2026-09-21 18:00:00,991.0
20260921,180000,70W,2,2026,9,21,18,26.3,136.6,99100.0,2026-09-21 18:00:00,2026-09-21 18:00:00,991.0
20260921,180000,70W,2,2026,9,21,18,26.3,136.6,99000.0,2026-09-21 18:00:00,2026-09-21 18:00:00,990.0
20260921,180000,70W,2,2026,9,21,18,26.3,136.4,99100.0,2026-09-21 18:00:00,2026-09-21 18:00:00,991.0
20260921,180000,70W,2,2026,9,21,18,26.3,136.1,99100.0,2026-09-21 18:00:00,2026-09-21 18:00:00,991.0
20260921,180000,70W,2,2026,9,21,18,26.3,136.4,99400.0,2026-09-21 18:00:00,2026-09-21 18:00:00,994.0
20260921,180000,70W,2,2026,9,21,18,26.900000000000002,136.1,99100.0,2026-09-21 18:00:00,2026-09-21 18:00:00,991.0
20260921,180000,70W,2,2026,9,21,18,27.400000000000002,136.1,99400.0,2026-09-21 18:00:00,2026-09-21 18:00:00,994.0
20260921,180000,70W,2,2026,9,21,18,27.400000000000002,136.4,99300.0,2026-09-21 18:00:00,2026-09-21 18:00:00,993.0
20260921,180000,70W,2,2026,9,21,18,27.7,136.6,99300.0,2026-09-21 18:00:00,2026-09-21 18:00:00,993.0
20260921,180000,70W,2,2026,9,21,18,28.5,137.20000000000002,98600.0,2026-09-21 18:00:00,2026-09-21 18:00:00,986.0
20260921,180000,70W,2,2026,9,21,18,28.3,137.5,99100.0,2026-09-21 18:00:00,2026-09-21 18:00:00,991.0
20260921,180000,70W,2,2026,9,21,18,28.5,137.8,98900.0,2026-09-21 18:00:00,2026-09-21 18:00:00,989.0
20260921,180000,70W,2,2026,9,21,18,29.1,138.3,99400.0,2026-09-21 18:00:00,2026-09-21 18:00:00,994.0
20260921,180000,70W,2,2026,9,21,18,30.2,139.20000000000002,98900.0,2026-09-21 18:00:00,2026-09-21 18:00:00,989.0
20260921,180000,70W,2,2026,9,21,18,30.8,139.70000000000002,99300.0,2026-09-21 18:00:00,2026-09-21 18:00:00,993.0
20260921,180000,70W,2,2026,9,21,18,32.2,140.6,98800.0,2026-09-21 18:00:00,2026-09-21 18:00:00,988.0
20260921,180000,70W,2,2026,9,21,18,33.6,141.70000000000002,98500.0,2026-09-21 18:00:00,2026-09-21 18:00:00,985.0
20260921,180000,70W,2,2026,9,21,18,35.300000000000004,143.4,98700.0,2026-09-21 18:00:00,2026-09-21 18:00:00,987.0
20260921,180000,70W,2,2026,9,21,18,37.800000000000004,145.6,98800.0,2026-09-21 18:00:00,2026-09-21 18:00:00,988.0
20260921,180000,70W,2,2026,9,21,18,41.0,148.6,98600.0,2026-09-21 18:00:00,2026-09-21 18:00:00,986.0
20260921,180000,70W,2,2026,9,21,18,44.6,153.20000000000002,98700.0,2026-09-21 18:00:00,2026-09-21 18:00:00,987.0
20260921,180000,70W,3,2026,9,21,18,10.0,107.4,100900.0,2026-09-21 18:00:00,2026-09-21 18:00:00,1009.0
20260921,180000,70W,3,2026,9,21,18,10.1,107.9,100800.0,2026-09-21 18:00:00,2026-09-21 18:00:00,1008.0
20260921,180000,70W,3,2026,9,21,18,9.1,108.0,100700.0,2026-09-21 18:00:00,2026-09-21 18:00:00,1007.0
20260921,180000,70W,3,2026,9,21,18,8.3,107.7,100700.0,2026-09-21 18:00:00,2026-09-21 18:00:00,1007.0
20260921,180000,70W,3,2026,9,21,18,10.5,106.0,100600.0,2026-09-21 18:00:00,2026-09-21 18:00:00,1006.0
20260921,180000,70W,3,2026,9,21,18,11.4,105.7,100500.0,2026-09-21 18:00:00,2026-09-21 18:00:00,1005.0
20260921,180000,70W,3,2026,9,21,18,11.9,105.10000000000001,100500.0,2026-09-21 18:00:00,2026-09-21 18:00:00,1005.0
20260921,180000,70W,3,2026,9,21,18,12.5,104.3,100500.0,2026-09-21 18:00:00,2026-09-21 18:00:00,1005.0
20260921,180000,70W,3,2026,9,21,18,13.0,103.2,100600.0,2026-09-21 18:00:00,2026-09-21 18:00:00,1006.0
20260921,180000,70W,3,2026,9,21,18,13.0,102.9,100600.0,2026-09-21 18:00:00,2026-09-21 18:00:00,1006.0
20260921,180000,70W,3,2026,9,21,18,13.700000000000001,100.9,100600.0,2026-09-21 18:00:00,2026-09-21 18:00:00,1006.0
20260921,180000,70W,3,2026,9,21,18,13.4,100.60000000000001,100600.0,2026-09-21 18:00:00,2026-09-21 18:00:00,1006.0
20260921,180000,70W,3,2026,9,21,18,14.3,100.5,100600.0,2026-09-21 18:00:00,2026-09-21 18:00:00,1006.0
20260921,180000,70W,3,2026,9,21,18,14.200000000000001,98.10000000000001,100700.0,2026-09-21 18:00:00,2026-09-21 18:00:00,1007.0
20260921,180000,70W,3,2026,9,21,18,13.9,97.8,100400.0,2026-09-21 18:00:00,2026-09-21 18:00:00,1004.0
20260921,180000,70W,3,2026,9,21,18,14.200000000000001,97.3,100400.0,2026-09-21 18:00:00,2026-09-21 18:00:00,1004.0
20260921,180000,70W,3,2026,9,21,18,14.200000000000001,97.0,100100.0,2026-09-21 18:00:00,2026-09-21 18:00:00,1001.0
20260921,180000,70W,3,2026,9,21,18,14.5,96.4,100000.0,2026-09-21 18:00:00,2026-09-21 18:00:00,1000.0
20260921,180000,70W,3,2026,9,21,18,15.3,96.10000000000001,99900.0,2026-09-21 18:00:00,2026-09-21 18:00:00,999.0
20260921,180000,70W,3,2026,9,21,18,15.3,95.3,100000.0,2026-09-21 18:00:00,2026-09-21 18:00:00,1000.0
20260921,180000,70W,3,2026,9,21,18,15.9,95.60000000000001,100000.0,2026-09-21 18:00:00,2026-09-21 18:00:00,1000.0
20260921,180000,70W,3,2026,9,21,18,15.6,95.0,100100.0,2026-09-21 18:00:00,2026-09-21 18:00:00,1001.0
20260921,180000,70W,3,2026,9,21,18,16.5,93.9,100200.0,2026-09-21 18:00:00,2026-09-21 18:00:00,1002.0
20260921,180000,70W,3,2026,9,21,18,16.7,95.0,100200.0,2026-09-21 18:00:00,2026-09-21 18:00:00,1002.0
20260921,180000,70W,3,2026,9,21,18,17.5,94.3,100200.0,2026-09-21 18:00:00,2026-09-21 18:00:00,1002.0
20260921,180000,70W,3,2026,9,21,18,17.8,93.9,100400.0,2026-09-21 18:00:00,2026-09-21 18:00:00,1004.0
20260921,180000,70W,3,2026,9,21,18,18.1,93.60000000000001,100400.0,2026-09-21 18:00:00,2026-09-21 18:00:00,1004.0
20260921,180000,70W,3,2026,9,21,18,19.0,93.9,100700.0,2026-09-21 18:00:00,2026-09-21 18:00:00,1007.0
20260921,180000,70W,3,2026,9,21,18,18.900000000000002,93.0,101000.0,2026-09-21 18:00:00,2026-09-21 18:00:00,1010.0
20260921,180000,70W,3,2026,9,21,18,21.5,90.8,101100.0,2026-09-21 18:00:00,2026-09-21 18:00:00,1011.0
20260921,180000,70W,3,2026,9,21,18,22.3,90.8,101100.0,2026-09-21 18:00:00,2026-09-21 18:00:00,1011.0
20260921,180000,70W,3,2026,9,21,18,23.5,91.4,101200.0,2026-09-21 18:00:00,2026-09-21 18:00:00,1012.0
20260921,180000,70W,3,2026,9,21,18,26.1,91.9,101200.0,2026-09-21 18:00:00,2026-09-21 18:00:00,1012.0
20260921,180000,70W,4,2026,9,21,18,12.8,141.1,100900.0,2026-09-21 18:00:00,2026-09-21 18:00:00,1009.0
20260921,180000,70W,4,2026,9,21,18,12.8,140.8,100500.0,2026-09-21 18:00:00,2026-09-21 18:00:00,1005.0
20260921,180000,70W,4,2026,9,21,18,13.0,140.3,100600.0,2026-09-21 18:00:00,2026-09-21 18:00:00,1006.0
20260921,180000,70W,4,2026,9,21,18,14.200000000000001,139.5,100000.0,2026-09-21 18:00:00,2026-09-21 18:00:00,1000.0
20260921,180000,70W,4,2026,9,21,18,15.0,138.6,99700.0,2026-09-21 18:00:00,2026-09-21 18:00:00,997.0
20260921,180000,70W,4,2026,9,21,18,15.9,137.5,99200.0,2026-09-21 18:00:00,2026-09-21 18:00:00,992.0
20260921,180000,70W,4,2026,9,21,18,15.9,136.1,98900.0,2026-09-21 18:00:00,2026-09-21 18:00:00,989.0
20260921,180000,70W,4,2026,9,21,18,16.4,135.0,99000.0,2026-09-21 18:00:00,2026-09-21 18:00:00,990.0
20260921,180000,70W,4,2026,9,21,18,16.7,133.3,98800.0,2026-09-21 18:00:00,2026-09-21 18:00:00,988.0
20260921,180000,70W,4,2026,9,21,18,17.3,132.4,98100.0,2026-09-21 18:00:00,2026-09-21 18:00:00,981.0
20260921,180000,70W,4,2026,9,21,18,17.6,131.6,98600.0,2026-09-21 18:00:00,2026-09-21 18:00:00,986.0
20260921,180000,70W,4,2026,9,21,18,18.400000000000002,130.5,98200.0,2026-09-21 18:00:00,2026-09-21 18:00:00,982.0
20260921,180000,70W,4,2026,9,21,18,18.7,129.3,97900.0,2026-09-21 18:00:00,2026-09-21 18:00:00,979.0
20260921,180000,70W,4,2026,9,21,18,19.0,128.5,97600.0,2026-09-21 18:00:00,2026-09-21 18:00:00,976.0
20260921,180000,70W,4,2026,9,21,18,19.5,127.9,97100.0,2026-09-21 18:00:00,2026-09-21 18:00:00,971.0
20260921,180000,70W,4,2026,9,21,18,20.400000000000002,127.10000000000001,97100.0,2026-09-21 18:00:00,2026-09-21 18:00:00,971.0
20260921,180000,70W,4,2026,9,21,18,20.7,126.0,97000.0,2026-09-21 18:00:00,2026-09-21 18:00:00,970.0
20260921,180000,70W,4,2026,9,21,18,21.5,125.7,96500.0,2026-09-21 18:00:00,2026-09-21 18:00:00,965.0
20260921,180000,70W,4,2026,9,21,18,22.1,125.10000000000001,96500.0,2026-09-21 18:00:00,2026-09-21 18:00:00,965.0
20260921,180000,70W,4,2026,9,21,18,22.900000000000002,125.10000000000001,96600.0,2026-09-21 18:00:00,2026-09-21 18:00:00,966.0
20260921,180000,70W,4,2026,9,21,18,23.2,125.10000000000001,96900.0,2026-09-21 18:00:00,2026-09-21 18:00:00,969.0
20260921,180000,70W,4,2026,9,21,18,24.3,125.4,96800.0,2026-09-21 18:00:00,2026-09-21 18:00:00,968.0
20260921,180000,70W,4,2026,9,21,18,24.6,126.0,96400.0,2026-09-21 18:00:00,2026-09-21 18:00:00,964.0
20260921,180000,70W,4,2026,9,21,18,24.900000000000002,126.0,96400.0,2026-09-21 18:00:00,2026-09-21 18:00:00,964.0
20260921,180000,70W,4,2026,9,21,18,25.400000000000002,126.5,97000.0,2026-09-21 18:00:00,2026-09-21 18:00:00,970.0
20260921,180000,70W,4,2026,9,21,18,25.7,126.5,96600.0,2026-09-21 18:00:00,2026-09-21 18:00:00,966.0
20260921,180000,70W,4,2026,9,21,18,25.7,126.8,96700.0,2026-09-21 18:00:00,2026-09-21 18:00:00,967.0
20260921,180000,70W,4,2026,9,21,18,26.0,126.8,97200.0,2026-09-21 18:00:00,2026-09-21 18:00:00,972.0
20260921,180000,70W,4,2026,9,21,18,26.6,127.10000000000001,98100.0,2026-09-21 18:00:00,2026-09-21 18:00:00,981.0
20260921,180000,70W,4,2026,9,21,18,26.900000000000002,127.60000000000001,98100.0,2026-09-21 18:00:00,2026-09-21 18:00:00,981.0
20260921,180000,70W,4,2026,9,21,18,27.1,128.2,98600.0,2026-09-21 18:00:00,2026-09-21 18:00:00,986.0
20260921,180000,70W,4,2026,9,21,18,27.400000000000002,128.8,98600.0,2026-09-21 18:00:00,2026-09-21 18:00:00,986.0
20260921,180000,70W,4,2026,9,21,18,27.400000000000002,129.6,98900.0,2026-09-21 18:00:00,2026-09-21 18:00:00,989.0
20260921,180000,70W,4,2026,9,21,18,27.7,130.2,98700.0,2026-09-21 18:00:00,2026-09-21 18:00:00,987.0
20260921,180000,70W,4,2026,9,21,18,27.7,130.7,98900.0,2026-09-21 18:00:00,2026-09-21 18:00:00,989.0
20260921,180000,70W,4,2026,9,21,18,27.7,131.9,99000.0,2026-09-21 18:00:00,2026-09-21 18:00:00,990.0
20260921,180000,70W,4,2026,9,21,18,28.3,133.0,99000.0,2026-09-21 18:00:00,2026-09-21 18:00:00,990.0
20260921,180000,70W,4,2026,9,21,18,29.1,134.4,98200.0,2026-09-21 18:00:00,2026-09-21 18:00:00,982.0
20260921,180000,70W,4,2026,9,21,18,30.0,135.8,98300.0,2026-09-21 18:00:00,2026-09-21 18:00:00,983.0
20260921,180000,70W,4,2026,9,21,18,31.6,137.5,98100.0,2026-09-21 18:00:00,2026-09-21 18:00:00,981.0
20260921,180000,70W,4,2026,9,21,18,33.0,139.20000000000002,98000.0,2026-09-21 18:00:00,2026-09-21 18:00:00,980.0
20260921,180000,70W,4,2026,9,21,18,34.5,141.1,98800.0,2026-09-21 18:00:00,2026-09-21 18:00:00,988.0
20260921,180000,70W,4,2026,9,21,18,36.4,143.4,98600.0,2026-09-21 18:00:00,2026-09-21 18:00:00,986.0
20260921,180000,70W,4,2026,9,21,18,38.1,145.6,99000.0,2026-09-21 18:00:00,2026-09-21 18:00:00,990.0
20260921,180000,70W,5,2026,9,21,18,12.5,140.3,100800.0,2026-09-21 18:00:00,2026-09-21 18:00:00,1008.0
20260921,180000,70W,5,2026,9,21,18,13.6,139.5,100400.0,2026-09-21 18:00:00,2026-09-21 18:00:00,1004.0
20260921,180000,70W,5,2026,9,21,18,13.9,139.20000000000002,100800.0,2026-09-21 18:00:00,2026-09-21 18:00:00,1008.0
20260921,180000,70W,5,2026,9,21,18,14.5,138.0,100500.0,2026-09-21 18:00:00,2026-09-21 18:00:00,1005.0
20260921,180000,70W,5,2026,9,21,18,15.6,137.8,100700.0,2026-09-21 18:00:00,2026-09-21 18:00:00,1007.0
20260921,180000,70W,5,2026,9,21,18,16.7,136.6,100400.0,2026-09-21 18:00:00,2026-09-21 18:00:00,1004.0
20260921,180000,70W,5,2026,9,21,18,17.0,135.2,100500.0,2026-09-21 18:00:00,2026-09-21 18:00:00,1005.0
20260921,180000,70W,5,2026,9,21,18,18.400000000000002,134.7,100300.0,2026-09-21 18:00:00,2026-09-21 18:00:00,1003.0
20260921,180000,70W,5,2026,9,21,18,18.7,134.1,100200.0,2026-09-21 18:00:00,2026-09-21 18:00:00,1002.0
20260921,180000,70W,5,2026,9,21,18,19.2,133.0,99500.0,2026-09-21 18:00:00,2026-09-21 18:00:00,995.0
20260921,180000,70W,5,2026,9,21,18,20.1,131.9,99500.0,2026-09-21 18:00:00,2026-09-21 18:00:00,995.0
20260921,180000,70W,5,2026,9,21,18,20.7,130.7,98900.0,2026-09-21 18:00:00,2026-09-21 18:00:00,989.0
20260921,180000,70W,5,2026,9,21,18,20.900000000000002,129.6,98400.0,2026-09-21 18:00:00,2026-09-21 18:00:00,984.0
20260921,180000,70W,5,2026,9,21,18,21.5,129.0,98200.0,2026-09-21 18:00:00,2026-09-21 18:00:00,982.0
20260921,180000,70W,5,2026,9,21,18,22.1,128.5,98000.0,2026-09-21 18:00:00,2026-09-21 18:00:00,980.0
20260921,180000,70W,5,2026,9,21,18,22.6,127.9,98000.0,2026-09-21 18:00:00,2026-09-21 18:00:00,980.0
20260921,180000,70W,5,2026,9,21,18,22.6,127.60000000000001,97700.0,2026-09-21 18:00:00,2026-09-21 18:00:00,977.0
20260921,180000,70W,5,2026,9,21,18,23.2,127.60000000000001,97700.0,2026-09-21 18:00:00,2026-09-21 18:00:00,977.0
20260921,180000,70W,5,2026,9,21,18,23.8,127.60000000000001,97900.0,2026-09-21 18:00:00,2026-09-21 18:00:00,979.0
20260921,180000,70W,5,2026,9,21,18,24.3,127.9,97300.0,2026-09-21 18:00:00,2026-09-21 18:00:00,973.0
20260921,180000,70W,5,2026,9,21,18,24.900000000000002,128.5,97500.0,2026-09-21 18:00:00,2026-09-21 18:00:00,975.0
20260921,180000,70W,5,2026,9,21,18,25.400000000000002,129.0,97500.0,2026-09-21 18:00:00,2026-09-21 18:00:00,975.0
20260921,180000,70W,5,2026,9,21,18,25.400000000000002,129.9,97700.0,2026-09-21 18:00:00,2026-09-21 18:00:00,977.0
20260921,180000,70W,5,2026,9,21,18,26.0,130.5,97400.0,2026-09-21 18:00:00,2026-09-21 18:00:00,974.0
20260921,180000,70W,5,2026,9,21,18,26.3,131.0,97800.0,2026-09-21 18:00:00,2026-09-21 18:00:00,978.0
20260921,180000,70W,5,2026,9,21,18,26.3,131.6,97700.0,2026-09-21 18:00:00,2026-09-21 18:00:00,977.0
20260921,180000,70W,5,2026,9,21,18,26.3,132.7,98600.0,2026-09-21 18:00:00,2026-09-21 18:00:00,986.0
20260921,180000,70W,5,2026,9,21,18,26.3,133.0,99000.0,2026-09-21 18:00:00,2026-09-21 18:00:00,990.0
20260921,180000,70W,5,2026,9,21,18,26.0,133.5,99300.0,2026-09-21 18:00:00,2026-09-21 18:00:00,993.0
20260921,180000,70W,5,2026,9,21,18,26.0,133.8,99300.0,2026-09-21 18:00:00,2026-09-21 18:00:00,993.0
20260921,180000,70W,5,2026,9,21,18,25.7,134.1,99500.0,2026-09-21 18:00:00,2026-09-21 18:00:00,995.0
20260921,180000,70W,5,2026,9,21,18,25.400000000000002,133.8,99600.0,2026-09-21 18:00:00,2026-09-21 18:00:00,996.0
20260921,180000,70W,5,2026,9,21,18,25.7,133.8,99900.0,2026-09-21 18:00:00,2026-09-21 18:00:00,999.0
20260921,180000,70W,5,2026,9,21,18,25.7,133.3,100000.0,2026-09-21 18:00:00,2026-09-21 18:00:00,1000.0
20260921,180000,70W,5,2026,9,21,18,26.0,132.7,100100.0,2026-09-21 18:00:00,2026-09-21 18:00:00,1001.0
20260921,180000,70W,5,2026,9,21,18,26.3,131.8,100000.0,2026-09-21 18:00:00,2026-09-21 18:00:00,1000.0
20260921,180000,70W,5,2026,9,21,18,26.6,131.3,100300.0,2026-09-21 18:00:00,2026-09-21 18:00:00,1003.0
20260921,180000,70W,5,2026,9,21,18,27.1,131.3,100200.0,2026-09-21 18:00:00,2026-09-21 18:00:00,1002.0
20260921,180000,70W,5,2026,9,21,18,28.3,131.3,100500.0,2026-09-21 18:00:00,2026-09-21 18:00:00,1005.0
20260921,180000,70W,5,2026,9,21,18,28.3,131.3,100400.0,2026-09-21 18:00:00,2026-09-21 18:00:00,1004.0
20260921,180000,70W,5,2026,9,21,18,29.1,131.6,100600.0,2026-09-21 18:00:00,2026-09-21 18:00:00,1006.0
20260921,180000,70W,5,2026,9,21,18,30.0,132.4,100400.0,2026-09-21 18:00:00,2026-09-21 18:00:00,1004.0
20260921,180000,70W,5,2026,9,21,18,31.1,134.1,100400.0,2026-09-21 18:00:00,2026-09-21 18:00:00,1004.0
20260921,180000,70W,5,2026,9,21,18,33.0,135.8,100300.0,2026-09-21 18:00:00,2026-09-21 18:00:00,1003.0
20260921,180000,70W,5,2026,9,21,18,35.0,139.70000000000002,100200.0,2026-09-21 18:00:00,2026-09-21 18:00:00,1002.0
20260921,180000,70W,5,2026,9,21,18,37.0,145.1,100300.0,2026-09-21 18:00:00,2026-09-21 18:00:00,1003.0
20260921,180000,70W,6,2026,9,21,18,13.0,142.3,101000.0,2026-09-21 18:00:00,2026-09-21 18:00:00,1010.0
20260921,180000,70W,6,2026,9,21,18,13.0,140.6,100700.0,2026-09-21 18:00:00,2026-09-21 18:00:00,1007.0
20260921,180000,70W,6,2026,9,21,18,13.3,140.6,101000.0,2026-09-21 18:00:00,2026-09-21 18:00:00,1010.0
20260921,180000,70W,6,2026,9,21,18,14.200000000000001,139.70000000000002,100800.0,2026-09-21 18:00:00,2026-09-21 18:00:00,1008.0
20260921,180000,70W,6,2026,9,21,18,14.200000000000001,138.6,100900.0,2026-09-21 18:00:00,2026-09-21 18:00:00,1009.0
20260921,180000,70W,6,2026,9,21,18,14.200000000000001,137.8,100800.0,2026-09-21 18:00:00,2026-09-21 18:00:00,1008.0
20260921,180000,70W,6,2026,9,21,18,14.700000000000001,137.8,101000.0,2026-09-21 18:00:00,2026-09-21 18:00:00,1010.0
20260921,180000,70W,6,2026,9,21,18,14.700000000000001,136.4,100800.0,2026-09-21 18:00:00,2026-09-21 18:00:00,1008.0
20260921,180000,70W,6,2026,9,21,18,14.5,134.7,100900.0,2026-09-21 18:00:00,2026-09-21 18:00:00,1009.0
20260921,180000,70W,6,2026,9,21,18,14.5,134.1,100700.0,2026-09-21 18:00:00,2026-09-21 18:00:00,1007.0
20260921,180000,70W,6,2026,9,21,18,14.5,134.1,100900.0,2026-09-21 18:00:00,2026-09-21 18:00:00,1009.0
20260921,180000,70W,6,2026,9,21,18,15.9,133.3,100700.0,2026-09-21 18:00:00,2026-09-21 18:00:00,1007.0
20260921,180000,70W,6,2026,9,21,18,15.9,132.7,100800.0,2026-09-21 18:00:00,2026-09-21 18:00:00,1008.0
20260921,180000,70W,6,2026,9,21,18,16.4,132.1,100700.0,2026-09-21 18:00:00,2026-09-21 18:00:00,1007.0
20260921,180000,70W,6,2026,9,21,18,16.4,131.6,100900.0,2026-09-21 18:00:00,2026-09-21 18:00:00,1009.0
20260921,180000,70W,6,2026,9,21,18,17.6,129.6,100600.0,2026-09-21 18:00:00,2026-09-21 18:00:00,1006.0
20260921,180000,70W,6,2026,9,21,18,17.6,128.2,100700.0,2026-09-21 18:00:00,2026-09-21 18:00:00,1007.0
20260921,180000,70W,6,2026,9,21,18,18.400000000000002,127.4,100400.0,2026-09-21 18:00:00,2026-09-21 18:00:00,1004.0
20260921,180000,70W,6,2026,9,21,18,18.400000000000002,126.8,100500.0,2026-09-21 18:00:00,2026-09-21 18:00:00,1005.0
20260921,180000,70W,6,2026,9,21,18,19.0,126.5,100100.0,2026-09-21 18:00:00,2026-09-21 18:00:00,1001.0
20260921,180000,70W,6,2026,9,21,18,19.0,125.7,100200.0,2026-09-21 18:00:00,2026-09-21 18:00:00,1002.0
20260921,180000,70W,6,2026,9,21,18,19.0,126.0,99700.0,2026-09-21 18:00:00,2026-09-21 18:00:00,997.0
20260921,180000,70W,6,2026,9,21,18,19.0,125.4,99500.0,2026-09-21 18:00:00,2026-09-21 18:00:00,995.0
20260921,180000,70W,6,2026,9,21,18,19.2,125.10000000000001,99200.0,2026-09-21 18:00:00,2026-09-21 18:00:00,992.0
20260921,180000,70W,6,2026,9,21,18,19.0,124.8,98800.0,2026-09-21 18:00:00,2026-09-21 18:00:00,988.0
20260921,180000,70W,6,2026,9,21,18,19.0,124.5,97700.0,2026-09-21 18:00:00,2026-09-21 18:00:00,977.0
20260921,180000,70W,6,2026,9,21,18,19.0,124.0,97700.0,2026-09-21 18:00:00,2026-09-21 18:00:00,977.0
20260921,180000,70W,6,2026,9,21,18,18.7,123.4,97800.0,2026-09-21 18:00:00,2026-09-21 18:00:00,978.0
20260921,180000,70W,6,2026,9,21,18,18.400000000000002,122.60000000000001,98000.0,2026-09-21 18:00:00,2026-09-21 18:00:00,980.0
20260921,180000,70W,6,2026,9,21,18,18.1,121.5,98400.0,2026-09-21 18:00:00,2026-09-21 18:00:00,984.0
20260921,180000,70W,6,2026,9,21,18,18.1,120.0,98900.0,2026-09-21 18:00:00,2026-09-21 18:00:00,989.0
20260921,180000,70W,6,2026,9,21,18,18.1,119.5,98600.0,2026-09-21 18:00:00,2026-09-21 18:00:00,986.0
20260921,180000,70W,6,2026,9,21,18,18.1,118.10000000000001,98500.0,2026-09-21 18:00:00,2026-09-21 18:00:00,985.0
20260921,180000,70W,6,2026,9,21,18,18.1,117.5,98200.0,2026-09-21 18:00:00,2026-09-21 18:00:00,982.0
20260921,180000,70W,6,2026,9,21,18,18.1,116.7,97900.0,2026-09-21 18:00:00,2026-09-21 18:00:00,979.0
20260921,180000,70W,6,2026,9,21,18,18.400000000000002,115.8,97800.0,2026-09-21 18:00:00,2026-09-21 18:00:00,978.0
20260921,180000,70W,6,2026,9,21,18,18.400000000000002,114.7,97500.0,2026-09-21 18:00:00,2026-09-21 18:00:00,975.0
20260921,180000,70W,6,2026,9,21,18,18.400000000000002,114.10000000000001,97200.0,2026-09-21 18:00:00,2026-09-21 18:00:00,972.0
20260921,180000,70W,6,2026,9,21,18,18.7,113.3,97300.0,2026-09-21 18:00:00,2026-09-21 18:00:00,973.0
20260921,180000,70W,6,2026,9,21,18,18.7,112.5,96900.0,2026-09-21 18:00:00,2026-09-21 18:00:00,969.0
20260921,180000,70W,6,2026,9,21,18,19.0,111.60000000000001,97300.0,2026-09-21 18:00:00,2026-09-21 18:00:00,973.0
20260921,180000,70W,6,2026,9,21,18,19.2,110.5,97700.0,2026-09-21 18:00:00,2026-09-21 18:00:00,977.0
20260921,180000,70W,6,2026,9,21,18,18.7,109.60000000000001,97600.0,2026-09-21 18:00:00,2026-09-21 18:00:00,976.0
20260921,180000,70W,6,2026,9,21,18,19.2,109.10000000000001,98900.0,2026-09-21 18:00:00,2026-09-21 18:00:00,989.0
20260921,180000,70W,6,2026,9,21,18,19.2,108.5,99100.0,2026-09-21 18:00:00,2026-09-21 18:00:00,991.0
20260921,180000,70W,6,2026,9,21,18,19.8,107.7,98700.0,2026-09-21 18:00:00,2026-09-21 18:00:00,987.0
20260921,180000,70W,6,2026,9,21,18,20.400000000000002,107.10000000000001,98700.0,2026-09-21 18:00:00,2026-09-21 18:00:00,987.0
20260921,180000,70W,6,2026,9,21,18,20.900000000000002,106.0,100000.0,2026-09-21 18:00:00,2026-09-21 18:00:00,1000.0
20260921,180000,70W,6,2026,9,21,18,21.2,105.4,100500.0,2026-09-21 18:00:00,2026-09-21 18:00:00,1005.0
20260921,180000,70W,6,2026,9,21,18,20.1,105.4,100700.0,2026-09-21 18:00:00,2026-09-21 18:00:00,1007.0
20260921,180000,70W,6,2026,9,21,18,20.400000000000002,106.0,100900.0,2026-09-21 18:00:00,2026-09-21 18:00:00,1009.0
20260921,180000,70W,6,2026,9,21,18,21.8,104.9,101100.0,2026-09-21 18:00:00,2026-09-21 18:00:00,1011.0
20260921,180000,70W,6,2026,9,21,18,23.8,106.5,101200.0,2026-09-21 18:00:00,2026-09-21 18:00:00,1012.0
20260921,180000,70W,6,2026,9,21,18,27.400000000000002,104.0,100400.0,2026-09-21 18:00:00,2026-09-21 18:00:00,1004.0
20260921,180000,70W,6,2026,9,21,18,27.1,105.10000000000001,100700.0,2026-09-21 18:00:00,2026-09-21 18:00:00,1007.0
20260921,180000,70W,7,2026,9,21,18,13.9,140.6,101000.0,2026-09-21 18:00:00,2026-09-21 18:00:00,1010.0
20260921,180000,70W,7,2026,9,21,18,13.0,139.5,101000.0,2026-09-21 18:00:00,2026-09-21 18:00:00,1010.0
20260921,180000,70W,7,2026,9,21,18,12.8,136.6,100800.0,2026-09-21 18:00:00,2026-09-21 18:00:00,1008.0
20260921,180000,70W,7,2026,9,21,18,13.9,136.6,101000.0,2026-09-21 18:00:00,2026-09-21 18:00:00,1010.0
20260921,180000,70W,7,2026,9,21,18,15.6,135.5,100600.0,2026-09-21 18:00:00,2026-09-21 18:00:00,1006.0
20260921,180000,70W,7,2026,9,21,18,15.6,134.7,100600.0,2026-09-21 18:00:00,2026-09-21 18:00:00,1006.0
20260921,180000,70W,7,2026,9,21,18,16.1,134.1,100300.0,2026-09-21 18:00:00,2026-09-21 18:00:00,1003.0
20260921,180000,70W,7,2026,9,21,18,17.3,133.3,100200.0,2026-09-21 18:00:00,2026-09-21 18:00:00,1002.0
20260921,180000,70W,7,2026,9,21,18,17.6,132.1,99400.0,2026-09-21 18:00:00,2026-09-21 18:00:00,994.0
20260921,180000,70W,7,2026,9,21,18,18.400000000000002,131.0,99100.0,2026-09-21 18:00:00,2026-09-21 18:00:00,991.0
20260921,180000,70W,7,2026,9,21,18,19.0,129.9,98600.0,2026-09-21 18:00:00,2026-09-21 18:00:00,986.0
20260921,180000,70W,7,2026,9,21,18,19.5,129.0,98000.0,2026-09-21 18:00:00,2026-09-21 18:00:00,980.0
20260921,180000,70W,7,2026,9,21,18,19.8,127.9,97900.0,2026-09-21 18:00:00,2026-09-21 18:00:00,979.0
20260921,180000,70W,7,2026,9,21,18,19.8,127.4,98000.0,2026-09-21 18:00:00,2026-09-21 18:00:00,980.0
20260921,180000,70W,7,2026,9,21,18,20.7,127.10000000000001,97700.0,2026-09-21 18:00:00,2026-09-21 18:00:00,977.0
20260921,180000,70W,7,2026,9,21,18,21.2,126.8,98200.0,2026-09-21 18:00:00,2026-09-21 18:00:00,982.0
20260921,180000,70W,7,2026,9,21,18,21.5,126.0,98000.0,2026-09-21 18:00:00,2026-09-21 18:00:00,980.0
20260921,180000,70W,7,2026,9,21,18,22.1,125.7,98000.0,2026-09-21 18:00:00,2026-09-21 18:00:00,980.0
20260921,180000,70W,7,2026,9,21,18,22.3,125.7,97500.0,2026-09-21 18:00:00,2026-09-21 18:00:00,975.0
20260921,180000,70W,7,2026,9,21,18,22.900000000000002,124.8,97700.0,2026-09-21 18:00:00,2026-09-21 18:00:00,977.0
20260921,180000,70W,7,2026,9,21,18,23.2,124.5,97200.0,2026-09-21 18:00:00,2026-09-21 18:00:00,972.0
20260921,180000,70W,7,2026,9,21,18,23.5,124.3,97100.0,2026-09-21 18:00:00,2026-09-21 18:00:00,971.0
20260921,180000,70W,7,2026,9,21,18,23.5,123.7,96800.0,2026-09-21 18:00:00,2026-09-21 18:00:00,968.0
20260921,180000,70W,7,2026,9,21,18,23.8,123.4,97800.0,2026-09-21 18:00:00,2026-09-21 18:00:00,978.0
20260921,180000,70W,7,2026,9,21,18,24.0,122.60000000000001,98000.0,2026-09-21 18:00:00,2026-09-21 18:00:00,980.0
20260921,180000,70W,7,2026,9,21,18,24.0,121.7,99100.0,2026-09-21 18:00:00,2026-09-21 18:00:00,991.0
20260921,180000,70W,7,2026,9,21,18,23.5,121.5,99600.0,2026-09-21 18:00:00,2026-09-21 18:00:00,996.0
20260921,180000,70W,7,2026,9,21,18,24.900000000000002,120.60000000000001,100100.0,2026-09-21 18:00:00,2026-09-21 18:00:00,1001.0
20260921,180000,70W,7,2026,9,21,18,25.2,120.3,100100.0,2026-09-21 18:00:00,2026-09-21 18:00:00,1001.0
20260921,180000,70W,7,2026,9,21,18,26.3,120.0,100100.0,2026-09-21 18:00:00,2026-09-21 18:00:00,1001.0
20260921,180000,70W,7,2026,9,21,18,27.7,120.0,100200.0,2026-09-21 18:00:00,2026-09-21 18:00:00,1002.0
20260921,180000,70W,7,2026,9,21,18,29.400000000000002,120.0,100600.0,2026-09-21 18:00:00,2026-09-21 18:00:00,1006.0
20260921,180000,70W,7,2026,9,21,18,30.8,121.2,100500.0,2026-09-21 18:00:00,2026-09-21 18:00:00,1005.0
20260921,180000,70W,7,2026,9,21,18,31.400000000000002,123.4,100400.0,2026-09-21 18:00:00,2026-09-21 18:00:00,1004.0
20260921,180000,70W,7,2026,9,21,18,33.0,126.2,100000.0,2026-09-21 18:00:00,2026-09-21 18:00:00,1000.0
20260921,180000,70W,7,2026,9,21,18,35.300000000000004,130.7,99900.0,2026-09-21 18:00:00,2026-09-21 18:00:00,999.0
20260921,180000,70W,7,2026,9,21,18,35.9,135.0,99800.0,2026-09-21 18:00:00,2026-09-21 18:00:00,998.0
20260921,180000,70W,8,2026,9,21,18,12.200000000000001,141.4,101000.0,2026-09-21 18:00:00,2026-09-21 18:00:00,1010.0
20260921,180000,70W,8,2026,9,21,18,12.8,141.6,100700.0,2026-09-21 18:00:00,2026-09-21 18:00:00,1007.0
20260921,180000,70W,8,2026,9,21,18,13.3,140.9,101000.0,2026-09-21 18:00:00,2026-09-21 18:00:00,1010.0
20260921,180000,70W,8,2026,9,21,18,14.700000000000001,139.5,100700.0,2026-09-21 18:00:00,2026-09-21 18:00:00,1007.0
20260921,180000,70W,8,2026,9,21,18,15.0,139.20000000000002,100900.0,2026-09-21 18:00:00,2026-09-21 18:00:00,1009.0
20260921,180000,70W,8,2026,9,21,18,15.3,138.9,100700.0,2026-09-21 18:00:00,2026-09-21 18:00:00,1007.0
20260921,180000,70W,8,2026,9,21,18,17.6,137.8,100900.0,2026-09-21 18:00:00,2026-09-21 18:00:00,1009.0
20260921,180000,70W,8,2026,9,21,18,17.6,136.4,100400.0,2026-09-21 18:00:00,2026-09-21 18:00:00,1004.0
20260921,180000,70W,8,2026,9,21,18,18.1,135.2,100600.0,2026-09-21 18:00:00,2026-09-21 18:00:00,1006.0
20260921,180000,70W,8,2026,9,21,18,18.7,134.1,100300.0,2026-09-21 18:00:00,2026-09-21 18:00:00,1003.0
20260921,180000,70W,8,2026,9,21,18,19.5,133.3,100500.0,2026-09-21 18:00:00,2026-09-21 18:00:00,1005.0
20260921,180000,70W,8,2026,9,21,18,20.1,132.1,100100.0,2026-09-21 18:00:00,2026-09-21 18:00:00,1001.0
20260921,180000,70W,8,2026,9,21,18,20.900000000000002,131.6,100200.0,2026-09-21 18:00:00,2026-09-21 18:00:00,1002.0
20260921,180000,70W,8,2026,9,21,18,21.8,130.7,99800.0,2026-09-21 18:00:00,2026-09-21 18:00:00,998.0
20260921,180000,70W,8,2026,9,21,18,22.1,129.9,99900.0,2026-09-21 18:00:00,2026-09-21 18:00:00,999.0
20260921,180000,70W,8,2026,9,21,18,22.3,129.0,99700.0,2026-09-21 18:00:00,2026-09-21 18:00:00,997.0
20260921,180000,70W,8,2026,9,21,18,22.900000000000002,129.0,99900.0,2026-09-21 18:00:00,2026-09-21 18:00:00,999.0
20260921,180000,70W,8,2026,9,21,18,23.5,128.5,99500.0,2026-09-21 18:00:00,2026-09-21 18:00:00,995.0
20260921,180000,70W,8,2026,9,21,18,23.8,128.8,99700.0,2026-09-21 18:00:00,2026-09-21 18:00:00,997.0
20260921,180000,70W,8,2026,9,21,18,24.3,129.0,99700.0,2026-09-21 18:00:00,2026-09-21 18:00:00,997.0
20260921,180000,70W,8,2026,9,21,18,24.900000000000002,129.0,99600.0,2026-09-21 18:00:00,2026-09-21 18:00:00,996.0
20260921,180000,70W,8,2026,9,21,18,26.0,129.6,99100.0,2026-09-21 18:00:00,2026-09-21 18:00:00,991.0
20260921,180000,70W,8,2026,9,21,18,26.6,130.2,99000.0,2026-09-21 18:00:00,2026-09-21 18:00:00,990.0
20260921,180000,70W,8,2026,9,21,18,27.1,130.7,98500.0,2026-09-21 18:00:00,2026-09-21 18:00:00,985.0
20260921,180000,70W,8,2026,9,21,18,27.7,131.3,98500.0,2026-09-21 18:00:00,2026-09-21 18:00:00,985.0
20260921,180000,70W,8,2026,9,21,18,28.3,132.1,98600.0,2026-09-21 18:00:00,2026-09-21 18:00:00,986.0
20260921,180000,70W,8,2026,9,21,18,28.3,132.7,98500.0,2026-09-21 18:00:00,2026-09-21 18:00:00,985.0
20260921,180000,70W,8,2026,9,21,18,28.3,133.5,98800.0,2026-09-21 18:00:00,2026-09-21 18:00:00,988.0
20260921,180000,70W,8,2026,9,21,18,28.3,134.7,98900.0,2026-09-21 18:00:00,2026-09-21 18:00:00,989.0
20260921,180000,70W,8,2026,9,21,18,28.5,135.5,98600.0,2026-09-21 18:00:00,2026-09-21 18:00:00,986.0
20260921,180000,70W,8,2026,9,21,18,28.5,136.4,98900.0,2026-09-21 18:00:00,2026-09-21 18:00:00,989.0
20260921,180000,70W,8,2026,9,21,18,28.5,137.5,98700.0,2026-09-21 18:00:00,2026-09-21 18:00:00,987.0
20260921,180000,70W,8,2026,9,21,18,28.5,137.8,99200.0,2026-09-21 18:00:00,2026-09-21 18:00:00,992.0
20260921,180000,70W,8,2026,9,21,18,28.5,138.6,99200.0,2026-09-21 18:00:00,2026-09-21 18:00:00,992.0
20260921,180000,70W,8,2026,9,21,18,28.5,139.3,99800.0,2026-09-21 18:00:00,2026-09-21 18:00:00,998.0
20260921,180000,70W,8,2026,9,21,18,28.8,139.70000000000002,99700.0,2026-09-21 18:00:00,2026-09-21 18:00:00,997.0
20260921,180000,70W,8,2026,9,21,18,29.1,140.0,100000.0,2026-09-21 18:00:00,2026-09-21 18:00:00,1000.0
20260921,180000,70W,8,2026,9,21,18,29.7,140.3,99900.0,2026-09-21 18:00:00,2026-09-21 18:00:00,999.0
20260921,180000,70W,8,2026,9,21,18,30.5,140.9,100200.0,2026-09-21 18:00:00,2026-09-21 18:00:00,1002.0
20260921,180000,70W,8,2026,9,21,18,31.900000000000002,142.0,100100.0,2026-09-21 18:00:00,2026-09-21 18:00:00,1001.0
20260921,180000,70W,9,2026,9,21,18,13.3,141.4,100800.0,2026-09-21 18:00:00,2026-09-21 18:00:00,1008.0
20260921,180000,70W,9,2026,9,21,18,13.3,140.9,100300.0,2026-09-21 18:00:00,2026-09-21 18:00:00,1003.0
20260921,180000,70W,9,2026,9,21,18,13.6,140.6,100600.0,2026-09-21 18:00:00,2026-09-21 18:00:00,1006.0
20260921,180000,70W,9,2026,9,21,18,14.5,139.70000000000002,100600.0,2026-09-21 18:00:00,2026-09-21 18:00:00,1006.0
20260921,180000,70W,9,2026,9,21,18,15.3,138.6,100700.0,2026-09-21 18:00:00,2026-09-21 18:00:00,1007.0
20260921,180000,70W,9,2026,9,21,18,16.1,137.20000000000002,100200.0,2026-09-21 18:00:00,2026-09-21 18:00:00,1002.0
20260921,180000,70W,9,2026,9,21,18,16.7,136.1,100000.0,2026-09-21 18:00:00,2026-09-21 18:00:00,1000.0
20260921,180000,70W,9,2026,9,21,18,17.3,135.0,99300.0,2026-09-21 18:00:00,2026-09-21 18:00:00,993.0
20260921,180000,70W,9,2026,9,21,18,17.3,133.8,99300.0,2026-09-21 18:00:00,2026-09-21 18:00:00,993.0
20260921,180000,70W,9,2026,9,21,18,17.8,132.4,99000.0,2026-09-21 18:00:00,2026-09-21 18:00:00,990.0
20260921,180000,70W,9,2026,9,21,18,18.400000000000002,131.3,98500.0,2026-09-21 18:00:00,2026-09-21 18:00:00,985.0
20260921,180000,70W,9,2026,9,21,18,19.0,130.2,98400.0,2026-09-21 18:00:00,2026-09-21 18:00:00,984.0
20260921,180000,70W,9,2026,9,21,18,19.5,128.8,98300.0,2026-09-21 18:00:00,2026-09-21 18:00:00,983.0
20260921,180000,70W,9,2026,9,21,18,20.1,127.60000000000001,97800.0,2026-09-21 18:00:00,2026-09-21 18:00:00,978.0
20260921,180000,70W,9,2026,9,21,18,20.7,126.5,97600.0,2026-09-21 18:00:00,2026-09-21 18:00:00,976.0
20260921,180000,70W,9,2026,9,21,18,21.5,125.4,98000.0,2026-09-21 18:00:00,2026-09-21 18:00:00,980.0
20260921,180000,70W,9,2026,9,21,18,22.3,124.8,97900.0,2026-09-21 18:00:00,2026-09-21 18:00:00,979.0
20260921,180000,70W,9,2026,9,21,18,23.2,124.3,97900.0,2026-09-21 18:00:00,2026-09-21 18:00:00,979.0
20260921,180000,70W,9,2026,9,21,18,23.8,124.3,97500.0,2026-09-21 18:00:00,2026-09-21 18:00:00,975.0
20260921,180000,70W,9,2026,9,21,18,24.6,124.5,97900.0,2026-09-21 18:00:00,2026-09-21 18:00:00,979.0
20260921,180000,70W,9,2026,9,21,18,25.400000000000002,125.10000000000001,97700.0,2026-09-21 18:00:00,2026-09-21 18:00:00,977.0
20260921,180000,70W,9,2026,9,21,18,26.0,126.0,97700.0,2026-09-21 18:00:00,2026-09-21 18:00:00,977.0
20260921,180000,70W,9,2026,9,21,18,26.6,126.8,98200.0,2026-09-21 18:00:00,2026-09-21 18:00:00,982.0
20260921,180000,70W,9,2026,9,21,18,27.1,127.9,98300.0,2026-09-21 18:00:00,2026-09-21 18:00:00,983.0
20260921,180000,70W,9,2026,9,21,18,27.7,129.3,98500.0,2026-09-21 18:00:00,2026-09-21 18:00:00,985.0
20260921,180000,70W,9,2026,9,21,18,28.3,130.5,98400.0,2026-09-21 18:00:00,2026-09-21 18:00:00,984.0
20260921,180000,70W,9,2026,9,21,18,28.5,131.9,98800.0,2026-09-21 18:00:00,2026-09-21 18:00:00,988.0
20260921,180000,70W,9,2026,9,21,18,29.1,132.7,99200.0,2026-09-21 18:00:00,2026-09-21 18:00:00,992.0
20260921,180000,70W,9,2026,9,21,18,29.400000000000002,133.8,99500.0,2026-09-21 18:00:00,2026-09-21 18:00:00,995.0
20260921,180000,70W,9,2026,9,21,18,29.7,134.9,99400.0,2026-09-21 18:00:00,2026-09-21 18:00:00,994.0
20260921,180000,70W,9,2026,9,21,18,30.5,135.5,99700.0,2026-09-21 18:00:00,2026-09-21 18:00:00,997.0
20260921,180000,70W,9,2026,9,21,18,31.400000000000002,136.6,99600.0,2026-09-21 18:00:00,2026-09-21 18:00:00,996.0
20260921,180000,70W,9,2026,9,21,18,32.2,138.0,99800.0,2026-09-21 18:00:00,2026-09-21 18:00:00,998.0
20260921,180000,70W,9,2026,9,21,18,33.0,140.0,99600.0,2026-09-21 18:00:00,2026-09-21 18:00:00,996.0
20260921,180000,70W,9,2026,9,21,18,34.2,142.3,99800.0,2026-09-21 18:00:00,2026-09-21 18:00:00,998.0
20260921,180000,70W,9,2026,9,21,18,36.6,145.0,99500.0,2026-09-21 18:00:00,2026-09-21 18:00:00,995.0
20260921,180000,70W,9,2026,9,21,18,38.7,147.9,99500.0,2026-09-21 18:00:00,2026-09-21 18:00:00,995.0
20260921,180000,70W,10,2026,9,21,18,14.200000000000001,142.3,101000.0,2026-09-21 18:00:00,2026-09-21 18:00:00,1010.0
20260921,180000,70W,10,2026,9,21,18,13.3,141.1,101000.0,2026-09-21 18:00:00,2026-09-21 18:00:00,1010.0
20260921,180000,70W,10,2026,9,21,18,14.700000000000001,140.3,100700.0,2026-09-21 18:00:00,2026-09-21 18:00:00,1007.0
20260921,180000,70W,10,2026,9,21,18,15.3,138.3,100800.0,2026-09-21 18:00:00,2026-09-21 18:00:00,1008.0
20260921,180000,70W,10,2026,9,21,18,15.9,137.20000000000002,100500.0,2026-09-21 18:00:00,2026-09-21 18:00:00,1005.0
20260921,180000,70W,10,2026,9,21,18,15.6,136.4,100700.0,2026-09-21 18:00:00,2026-09-21 18:00:00,1007.0
20260921,180000,70W,10,2026,9,21,18,16.4,135.8,100300.0,2026-09-21 18:00:00,2026-09-21 18:00:00,1003.0
20260921,180000,70W,10,2026,9,21,18,16.7,134.1,100300.0,2026-09-21 18:00:00,2026-09-21 18:00:00,1003.0
20260921,180000,70W,10,2026,9,21,18,17.3,132.7,99700.0,2026-09-21 18:00:00,2026-09-21 18:00:00,997.0
20260921,180000,70W,10,2026,9,21,18,17.6,131.6,99700.0,2026-09-21 18:00:00,2026-09-21 18:00:00,997.0
20260921,180000,70W,10,2026,9,21,18,18.1,130.2,99100.0,2026-09-21 18:00:00,2026-09-21 18:00:00,991.0
20260921,180000,70W,10,2026,9,21,18,18.400000000000002,129.0,98800.0,2026-09-21 18:00:00,2026-09-21 18:00:00,988.0
20260921,180000,70W,10,2026,9,21,18,19.0,128.2,98100.0,2026-09-21 18:00:00,2026-09-21 18:00:00,981.0
20260921,180000,70W,10,2026,9,21,18,19.5,127.4,97800.0,2026-09-21 18:00:00,2026-09-21 18:00:00,978.0
20260921,180000,70W,10,2026,9,21,18,20.1,126.5,97700.0,2026-09-21 18:00:00,2026-09-21 18:00:00,977.0
20260921,180000,70W,10,2026,9,21,18,20.900000000000002,126.0,97400.0,2026-09-21 18:00:00,2026-09-21 18:00:00,974.0
20260921,180000,70W,10,2026,9,21,18,21.5,125.10000000000001,97500.0,2026-09-21 18:00:00,2026-09-21 18:00:00,975.0
20260921,180000,70W,10,2026,9,21,18,22.1,124.8,97300.0,2026-09-21 18:00:00,2026-09-21 18:00:00,973.0
20260921,180000,70W,10,2026,9,21,18,22.6,124.3,96700.0,2026-09-21 18:00:00,2026-09-21 18:00:00,967.0
20260921,180000,70W,10,2026,9,21,18,23.2,124.3,96800.0,2026-09-21 18:00:00,2026-09-21 18:00:00,968.0
20260921,180000,70W,10,2026,9,21,18,23.8,124.5,96900.0,2026-09-21 18:00:00,2026-09-21 18:00:00,969.0
20260921,180000,70W,10,2026,9,21,18,24.0,124.5,97600.0,2026-09-21 18:00:00,2026-09-21 18:00:00,976.0
20260921,180000,70W,10,2026,9,21,18,24.6,124.3,97600.0,2026-09-21 18:00:00,2026-09-21 18:00:00,976.0
20260921,180000,70W,10,2026,9,21,18,24.900000000000002,124.3,98000.0,2026-09-21 18:00:00,2026-09-21 18:00:00,980.0
20260921,180000,70W,10,2026,9,21,18,25.2,124.3,97500.0,2026-09-21 18:00:00,2026-09-21 18:00:00,975.0
20260921,180000,70W,10,2026,9,21,18,25.7,124.5,98200.0,2026-09-21 18:00:00,2026-09-21 18:00:00,982.0
20260921,180000,70W,10,2026,9,21,18,26.0,124.5,98600.0,2026-09-21 18:00:00,2026-09-21 18:00:00,986.0
20260921,180000,70W,10,2026,9,21,18,26.6,124.3,99300.0,2026-09-21 18:00:00,2026-09-21 18:00:00,993.0
20260921,180000,70W,10,2026,9,21,18,26.6,124.3,99200.0,2026-09-21 18:00:00,2026-09-21 18:00:00,992.0
20260921,180000,70W,10,2026,9,21,18,26.6,124.3,99700.0,2026-09-21 18:00:00,2026-09-21 18:00:00,997.0
20260921,180000,70W,10,2026,9,21,18,27.1,124.0,99700.0,2026-09-21 18:00:00,2026-09-21 18:00:00,997.0
20260921,180000,70W,10,2026,9,21,18,27.7,123.7,100100.0,2026-09-21 18:00:00,2026-09-21 18:00:00,1001.0
20260921,180000,70W,10,2026,9,21,18,28.3,123.7,100000.0,2026-09-21 18:00:00,2026-09-21 18:00:00,1000.0
20260921,180000,70W,10,2026,9,21,18,28.5,124.3,100300.0,2026-09-21 18:00:00,2026-09-21 18:00:00,1003.0
20260921,180000,70W,10,2026,9,21,18,29.400000000000002,124.8,100300.0,2026-09-21 18:00:00,2026-09-21 18:00:00,1003.0
20260921,180000,70W,10,2026,9,21,18,29.7,126.2,100400.0,2026-09-21 18:00:00,2026-09-21 18:00:00,1004.0
20260921,180000,70W,10,2026,9,21,18,30.5,128.2,100000.0,2026-09-21 18:00:00,2026-09-21 18:00:00,1000.0
20260921,180000,70W,10,2026,9,21,18,31.400000000000002,130.5,100000.0,2026-09-21 18:00:00,2026-09-21 18:00:00,1000.0
20260921,180000,70W,10,2026,9,21,18,31.900000000000002,133.5,99800.0,2026-09-21 18:00:00,2026-09-21 18:00:00,998.0
20260921,180000,70W,10,2026,9,21,18,32.2,136.6,100400.0,2026-09-21 18:00:00,2026-09-21 18:00:00,1004.0
20260921,180000,70W,10,2026,9,21,18,33.0,140.6,100100.0,2026-09-21 18:00:00,2026-09-21 18:00:00,1001.0
20260921,180000,70W,10,2026,9,21,18,32.2,142.3,100600.0,2026-09-21 18:00:00,2026-09-21 18:00:00,1006.0
20260921,180000,70W,10,2026,9,21,18,31.900000000000002,144.0,100800.0,2026-09-21 18:00:00,2026-09-21 18:00:00,1008.0
20260921,180000,70W,10,2026,9,21,18,31.2,145.1,100900.0,2026-09-21 18:00:00,2026-09-21 18:00:00,1009.0
20260921,180000,70W,10,2026,9,21,18,31.400000000000002,144.5,101100.0,2026-09-21 18:00:00,2026-09-21 18:00:00,1011.0
20260921,180000,70W,11,2026,9,21,18,13.6,142.0,100700.0,2026-09-21 18:00:00,2026-09-21 18:00:00,1007.0
20260921,180000,70W,11,2026,9,21,18,14.200000000000001,140.6,100100.0,2026-09-21 18:00:00,2026-09-21 18:00:00,1001.0
20260921,180000,70W,11,2026,9,21,18,14.5,139.70000000000002,100300.0,2026-09-21 18:00:00,2026-09-21 18:00:00,1003.0
20260921,180000,70W,11,2026,9,21,18,15.3,138.6,100000.0,2026-09-21 18:00:00,2026-09-21 18:00:00,1000.0
20260921,180000,70W,11,2026,9,21,18,16.1,137.5,100100.0,2026-09-21 18:00:00,2026-09-21 18:00:00,1001.0
20260921,180000,70W,11,2026,9,21,18,16.4,136.9,99800.0,2026-09-21 18:00:00,2026-09-21 18:00:00,998.0
20260921,180000,70W,11,2026,9,21,18,17.0,135.5,99300.0,2026-09-21 18:00:00,2026-09-21 18:00:00,993.0
20260921,180000,70W,11,2026,9,21,18,17.6,134.1,98800.0,2026-09-21 18:00:00,2026-09-21 18:00:00,988.0
20260921,180000,70W,11,2026,9,21,18,18.1,132.7,99400.0,2026-09-21 18:00:00,2026-09-21 18:00:00,994.0
20260921,180000,70W,11,2026,9,21,18,18.400000000000002,131.6,98900.0,2026-09-21 18:00:00,2026-09-21 18:00:00,989.0
20260921,180000,70W,11,2026,9,21,18,19.0,130.5,98700.0,2026-09-21 18:00:00,2026-09-21 18:00:00,987.0
20260921,180000,70W,11,2026,9,21,18,19.5,129.3,98200.0,2026-09-21 18:00:00,2026-09-21 18:00:00,982.0
20260921,180000,70W,11,2026,9,21,18,20.400000000000002,128.2,97900.0,2026-09-21 18:00:00,2026-09-21 18:00:00,979.0
20260921,180000,70W,11,2026,9,21,18,20.900000000000002,127.10000000000001,98500.0,2026-09-21 18:00:00,2026-09-21 18:00:00,985.0
20260921,180000,70W,11,2026,9,21,18,21.2,126.5,98000.0,2026-09-21 18:00:00,2026-09-21 18:00:00,980.0
20260921,180000,70W,11,2026,9,21,18,22.1,125.7,98100.0,2026-09-21 18:00:00,2026-09-21 18:00:00,981.0
20260921,180000,70W,11,2026,9,21,18,22.900000000000002,124.8,97700.0,2026-09-21 18:00:00,2026-09-21 18:00:00,977.0
20260921,180000,70W,11,2026,9,21,18,23.5,124.3,97400.0,2026-09-21 18:00:00,2026-09-21 18:00:00,974.0
20260921,180000,70W,11,2026,9,21,18,24.3,124.5,97400.0,2026-09-21 18:00:00,2026-09-21 18:00:00,974.0
20260921,180000,70W,11,2026,9,21,18,25.2,124.5,97500.0,2026-09-21 18:00:00,2026-09-21 18:00:00,975.0
20260921,180000,70W,11,2026,9,21,18,26.0,125.4,97700.0,2026-09-21 18:00:00,2026-09-21 18:00:00,977.0
20260921,180000,70W,11,2026,9,21,18,26.3,125.7,97400.0,2026-09-21 18:00:00,2026-09-21 18:00:00,974.0
20260921,180000,70W,11,2026,9,21,18,27.1,126.8,97800.0,2026-09-21 18:00:00,2026-09-21 18:00:00,978.0
20260921,180000,70W,11,2026,9,21,18,27.400000000000002,127.60000000000001,98100.0,2026-09-21 18:00:00,2026-09-21 18:00:00,981.0
20260921,180000,70W,11,2026,9,21,18,27.400000000000002,128.2,98600.0,2026-09-21 18:00:00,2026-09-21 18:00:00,986.0
20260921,180000,70W,11,2026,9,21,18,27.400000000000002,129.6,98500.0,2026-09-21 18:00:00,2026-09-21 18:00:00,985.0
20260921,180000,70W,11,2026,9,21,18,27.7,130.5,98400.0,2026-09-21 18:00:00,2026-09-21 18:00:00,984.0
20260921,180000,70W,11,2026,9,21,18,28.0,130.7,98700.0,2026-09-21 18:00:00,2026-09-21 18:00:00,987.0
20260921,180000,70W,11,2026,9,21,18,28.5,131.3,99300.0,2026-09-21 18:00:00,2026-09-21 18:00:00,993.0
20260921,180000,70W,11,2026,9,21,18,28.8,132.1,99300.0,2026-09-21 18:00:00,2026-09-21 18:00:00,993.0
20260921,180000,70W,11,2026,9,21,18,29.400000000000002,133.0,99600.0,2026-09-21 18:00:00,2026-09-21 18:00:00,996.0
20260921,180000,70W,11,2026,9,21,18,29.8,133.7,99800.0,2026-09-21 18:00:00,2026-09-21 18:00:00,998.0
20260921,180000,70W,11,2026,9,21,18,30.8,135.0,99900.0,2026-09-21 18:00:00,2026-09-21 18:00:00,999.0
20260921,180000,70W,11,2026,9,21,18,31.900000000000002,136.4,99900.0,2026-09-21 18:00:00,2026-09-21 18:00:00,999.0
20260921,180000,70W,11,2026,9,21,18,32.8,138.0,100000.0,2026-09-21 18:00:00,2026-09-21 18:00:00,1000.0
20260921,180000,70W,11,2026,9,21,18,34.2,140.6,99800.0,2026-09-21 18:00:00,2026-09-21 18:00:00,998.0
20260921,180000,70W,11,2026,9,21,18,35.6,144.0,99800.0,2026-09-21 18:00:00,2026-09-21 18:00:00,998.0
20260921,180000,70W,11,2026,9,21,18,37.800000000000004,148.20000000000002,99600.0,2026-09-21 18:00:00,2026-09-21 18:00:00,996.0
20260921,180000,70W,11,2026,9,21,18,39.2,150.70000000000002,99800.0,2026-09-21 18:00:00,2026-09-21 18:00:00,998.0
20260921,180000,70W,12,2026,9,21,18,11.9,142.0,101000.0,2026-09-21 18:00:00,2026-09-21 18:00:00,1010.0
20260921,180000,70W,12,2026,9,21,18,13.0,141.70000000000002,100700.0,2026-09-21 18:00:00,2026-09-21 18:00:00,1007.0
20260921,180000,70W,12,2026,9,21,18,13.9,140.6,100900.0,2026-09-21 18:00:00,2026-09-21 18:00:00,1009.0
20260921,180000,70W,12,2026,9,21,18,13.6,139.5,100600.0,2026-09-21 18:00:00,2026-09-21 18:00:00,1006.0
20260921,180000,70W,12,2026,9,21,18,14.5,138.9,100700.0,2026-09-21 18:00:00,2026-09-21 18:00:00,1007.0
20260921,180000,70W,12,2026,9,21,18,14.700000000000001,138.3,100600.0,2026-09-21 18:00:00,2026-09-21 18:00:00,1006.0
20260921,180000,70W,12,2026,9,21,18,15.0,138.0,100800.0,2026-09-21 18:00:00,2026-09-21 18:00:00,1008.0
20260921,180000,70W,12,2026,9,21,18,15.6,136.9,100500.0,2026-09-21 18:00:00,2026-09-21 18:00:00,1005.0
20260921,180000,70W,12,2026,9,21,18,15.9,135.1,100800.0,2026-09-21 18:00:00,2026-09-21 18:00:00,1008.0
20260921,180000,70W,12,2026,9,21,18,15.9,133.5,100500.0,2026-09-21 18:00:00,2026-09-21 18:00:00,1005.0
20260921,180000,70W,12,2026,9,21,18,16.7,132.1,100600.0,2026-09-21 18:00:00,2026-09-21 18:00:00,1006.0
20260921,180000,70W,12,2026,9,21,18,16.7,131.3,100000.0,2026-09-21 18:00:00,2026-09-21 18:00:00,1000.0
20260921,180000,70W,12,2026,9,21,18,17.8,130.2,100000.0,2026-09-21 18:00:00,2026-09-21 18:00:00,1000.0
20260921,180000,70W,12,2026,9,21,18,18.1,128.8,99200.0,2026-09-21 18:00:00,2026-09-21 18:00:00,992.0
20260921,180000,70W,12,2026,9,21,18,18.7,127.60000000000001,99100.0,2026-09-21 18:00:00,2026-09-21 18:00:00,991.0
20260921,180000,70W,12,2026,9,21,18,19.0,126.8,98900.0,2026-09-21 18:00:00,2026-09-21 18:00:00,989.0
20260921,180000,70W,12,2026,9,21,18,19.5,126.0,98600.0,2026-09-21 18:00:00,2026-09-21 18:00:00,986.0
20260921,180000,70W,12,2026,9,21,18,20.400000000000002,125.4,97900.0,2026-09-21 18:00:00,2026-09-21 18:00:00,979.0
20260921,180000,70W,12,2026,9,21,18,20.900000000000002,124.8,97800.0,2026-09-21 18:00:00,2026-09-21 18:00:00,978.0
20260921,180000,70W,12,2026,9,21,18,21.5,124.5,97300.0,2026-09-21 18:00:00,2026-09-21 18:00:00,973.0
20260921,180000,70W,12,2026,9,21,18,21.8,124.3,97100.0,2026-09-21 18:00:00,2026-09-21 18:00:00,971.0
20260921,180000,70W,12,2026,9,21,18,22.6,124.0,96600.0,2026-09-21 18:00:00,2026-09-21 18:00:00,966.0
20260921,180000,70W,12,2026,9,21,18,23.2,124.0,96300.0,2026-09-21 18:00:00,2026-09-21 18:00:00,963.0
20260921,180000,70W,12,2026,9,21,18,23.8,124.3,97000.0,2026-09-21 18:00:00,2026-09-21 18:00:00,970.0
20260921,180000,70W,12,2026,9,21,18,24.900000000000002,124.3,97400.0,2026-09-21 18:00:00,2026-09-21 18:00:00,974.0
20260921,180000,70W,12,2026,9,21,18,25.7,124.3,97500.0,2026-09-21 18:00:00,2026-09-21 18:00:00,975.0
20260921,180000,70W,12,2026,9,21,18,26.0,124.5,97200.0,2026-09-21 18:00:00,2026-09-21 18:00:00,972.0
20260921,180000,70W,12,2026,9,21,18,26.6,124.8,97600.0,2026-09-21 18:00:00,2026-09-21 18:00:00,976.0
20260921,180000,70W,12,2026,9,21,18,27.1,125.7,97800.0,2026-09-21 18:00:00,2026-09-21 18:00:00,978.0
20260921,180000,70W,12,2026,9,21,18,28.0,126.5,98000.0,2026-09-21 18:00:00,2026-09-21 18:00:00,980.0
20260921,180000,70W,12,2026,9,21,18,28.8,127.9,98100.0,2026-09-21 18:00:00,2026-09-21 18:00:00,981.0
20260921,180000,70W,12,2026,9,21,18,29.7,129.3,98400.0,2026-09-21 18:00:00,2026-09-21 18:00:00,984.0
20260921,180000,70W,12,2026,9,21,18,30.2,131.6,99000.0,2026-09-21 18:00:00,2026-09-21 18:00:00,990.0
20260921,180000,70W,12,2026,9,21,18,31.400000000000002,134.1,98800.0,2026-09-21 18:00:00,2026-09-21 18:00:00,988.0
20260921,180000,70W,12,2026,9,21,18,32.8,136.9,99300.0,2026-09-21 18:00:00,2026-09-21 18:00:00,993.0
20260921,180000,70W,12,2026,9,21,18,35.0,140.3,99100.0,2026-09-21 18:00:00,2026-09-21 18:00:00,991.0
20260921,180000,70W,12,2026,9,21,18,36.9,144.0,99700.0,2026-09-21 18:00:00,2026-09-21 18:00:00,997.0
20260921,180000,70W,12,2026,9,21,18,39.0,147.6,99800.0,2026-09-21 18:00:00,2026-09-21 18:00:00,998.0
20260921,180000,70W,13,2026,9,21,18,13.8,103.60000000000001,101000.0,2026-09-21 18:00:00,2026-09-21 18:00:00,1010.0
20260921,180000,70W,13,2026,9,21,18,12.5,102.0,100900.0,2026-09-21 18:00:00,2026-09-21 18:00:00,1009.0
20260921,180000,70W,13,2026,9,21,18,11.9,102.60000000000001,100800.0,2026-09-21 18:00:00,2026-09-21 18:00:00,1008.0
20260921,180000,70W,13,2026,9,21,18,11.6,101.9,100900.0,2026-09-21 18:00:00,2026-09-21 18:00:00,1009.0
20260921,180000,70W,13,2026,9,21,18,11.9,102.60000000000001,100900.0,2026-09-21 18:00:00,2026-09-21 18:00:00,1009.0
20260921,180000,70W,13,2026,9,21,18,11.6,105.0,100800.0,2026-09-21 18:00:00,2026-09-21 18:00:00,1008.0
20260921,180000,70W,13,2026,9,21,18,11.9,105.10000000000001,100800.0,2026-09-21 18:00:00,2026-09-21 18:00:00,1008.0
20260921,180000,70W,13,2026,9,21,18,11.4,102.60000000000001,100900.0,2026-09-21 18:00:00,2026-09-21 18:00:00,1009.0
20260921,180000,70W,13,2026,9,21,18,11.6,102.0,100700.0,2026-09-21 18:00:00,2026-09-21 18:00:00,1007.0
20260921,180000,70W,13,2026,9,21,18,12.5,101.8,100800.0,2026-09-21 18:00:00,2026-09-21 18:00:00,1008.0
20260921,180000,70W,13,2026,9,21,18,14.200000000000001,101.2,100900.0,2026-09-21 18:00:00,2026-09-21 18:00:00,1009.0
20260921,180000,70W,13,2026,9,21,18,14.200000000000001,101.2,100700.0,2026-09-21 18:00:00,2026-09-21 18:00:00,1007.0
20260921,180000,70W,13,2026,9,21,18,14.4,100.8,100700.0,2026-09-21 18:00:00,2026-09-21 18:00:00,1007.0
20260921,180000,70W,13,2026,9,21,18,15.3,101.2,100800.0,2026-09-21 18:00:00,2026-09-21 18:00:00,1008.0
20260921,180000,70W,13,2026,9,21,18,15.200000000000001,102.2,100800.0,2026-09-21 18:00:00,2026-09-21 18:00:00,1008.0
20260921,180000,70W,13,2026,9,21,18,16.5,100.5,100700.0,2026-09-21 18:00:00,2026-09-21 18:00:00,1007.0
20260921,180000,70W,13,2026,9,21,18,17.6,100.10000000000001,100600.0,2026-09-21 18:00:00,2026-09-21 18:00:00,1006.0
20260921,180000,70W,13,2026,9,21,18,15.9,100.4,100800.0,2026-09-21 18:00:00,2026-09-21 18:00:00,1008.0
20260921,180000,70W,13,2026,9,21,18,15.9,100.4,100800.0,2026-09-21 18:00:00,2026-09-21 18:00:00,1008.0
20260921,180000,70W,13,2026,9,21,18,16.7,97.3,100700.0,2026-09-21 18:00:00,2026-09-21 18:00:00,1007.0
20260921,180000,70W,13,2026,9,21,18,17.7,95.5,100800.0,2026-09-21 18:00:00,2026-09-21 18:00:00,1008.0
20260921,180000,70W,13,2026,9,21,18,17.3,95.0,100900.0,2026-09-21 18:00:00,2026-09-21 18:00:00,1009.0
20260921,180000,70W,13,2026,9,21,18,19.0,92.8,100800.0,2026-09-21 18:00:00,2026-09-21 18:00:00,1008.0
20260921,180000,70W,13,2026,9,21,18,18.400000000000002,92.8,100900.0,2026-09-21 18:00:00,2026-09-21 18:00:00,1009.0
20260921,180000,70W,13,2026,9,21,18,18.7,93.3,100900.0,2026-09-21 18:00:00,2026-09-21 18:00:00,1009.0
20260921,180000,70W,13,2026,9,21,18,19.6,93.0,101100.0,2026-09-21 18:00:00,2026-09-21 18:00:00,1011.0
20260921,180000,70W,14,2026,9,21,18,11.1,108.8,100900.0,2026-09-21 18:00:00,2026-09-21 18:00:00,1009.0
20260921,180000,70W,14,2026,9,21,18,10.200000000000001,108.0,100700.0,2026-09-21 18:00:00,2026-09-21 18:00:00,1007.0
20260921,180000,70W,14,2026,9,21,18,9.1,108.2,100800.0,2026-09-21 18:00:00,2026-09-21 18:00:00,1008.0
20260921,180000,70W,14,2026,9,21,18,9.700000000000001,107.4,100800.0,2026-09-21 18:00:00,2026-09-21 18:00:00,1008.0
20260921,180000,70W,14,2026,9,21,18,11.9,104.9,100800.0,2026-09-21 18:00:00,2026-09-21 18:00:00,1008.0
20260921,180000,70W,14,2026,9,21,18,10.8,103.7,100700.0,2026-09-21 18:00:00,2026-09-21 18:00:00,1007.0
20260921,180000,70W,14,2026,9,21,18,11.9,104.9,100600.0,2026-09-21 18:00:00,2026-09-21 18:00:00,1006.0
20260921,180000,70W,14,2026,9,21,18,11.6,104.9,100600.0,2026-09-21 18:00:00,2026-09-21 18:00:00,1006.0
20260921,180000,70W,14,2026,9,21,18,12.8,102.0,100700.0,2026-09-21 18:00:00,2026-09-21 18:00:00,1007.0
20260921,180000,70W,14,2026,9,21,18,14.200000000000001,101.2,100600.0,2026-09-21 18:00:00,2026-09-21 18:00:00,1006.0
20260921,180000,70W,14,2026,9,21,18,14.5,100.60000000000001,100400.0,2026-09-21 18:00:00,2026-09-21 18:00:00,1004.0
20260921,180000,70W,14,2026,9,21,18,14.200000000000001,100.60000000000001,100500.0,2026-09-21 18:00:00,2026-09-21 18:00:00,1005.0
20260921,180000,70W,14,2026,9,21,18,14.200000000000001,100.60000000000001,100600.0,2026-09-21 18:00:00,2026-09-21 18:00:00,1006.0
20260921,180000,70W,14,2026,9,21,18,14.700000000000001,100.4,100500.0,2026-09-21 18:00:00,2026-09-21 18:00:00,1005.0
20260921,180000,70W,14,2026,9,21,18,15.0,100.10000000000001,100500.0,2026-09-21 18:00:00,2026-09-21 18:00:00,1005.0
20260921,180000,70W,14,2026,9,21,18,13.9,99.8,100500.0,2026-09-21 18:00:00,2026-09-21 18:00:00,1005.0
20260921,180000,70W,14,2026,9,21,18,13.9,99.8,100600.0,2026-09-21 18:00:00,2026-09-21 18:00:00,1006.0
20260921,180000,70W,14,2026,9,21,18,15.3,97.3,100500.0,2026-09-21 18:00:00,2026-09-21 18:00:00,1005.0
20260921,180000,70W,14,2026,9,21,18,14.5,97.5,100400.0,2026-09-21 18:00:00,2026-09-21 18:00:00,1004.0
20260921,180000,70W,14,2026,9,21,18,16.1,97.4,100500.0,2026-09-21 18:00:00,2026-09-21 18:00:00,1005.0
20260921,180000,70W,14,2026,9,21,18,14.700000000000001,96.10000000000001,100500.0,2026-09-21 18:00:00,2026-09-21 18:00:00,1005.0
20260921,180000,70W,14,2026,9,21,18,15.3,96.4,100600.0,2026-09-21 18:00:00,2026-09-21 18:00:00,1006.0
20260921,180000,70W,14,2026,9,21,18,15.3,96.10000000000001,100500.0,2026-09-21 18:00:00,2026-09-21 18:00:00,1005.0
20260921,180000,70W,14,2026,9,21,18,16.1,96.10000000000001,100500.0,2026-09-21 18:00:00,2026-09-21 18:00:00,1005.0
20260921,180000,70W,14,2026,9,21,18,17.0,95.3,100500.0,2026-09-21 18:00:00,2026-09-21 18:00:00,1005.0
20260921,180000,70W,14,2026,9,21,18,18.7,93.9,100700.0,2026-09-21 18:00:00,2026-09-21 18:00:00,1007.0
20260921,180000,70W,14,2026,9,21,18,19.5,92.5,100800.0,2026-09-21 18:00:00,2026-09-21 18:00:00,1008.0
20260921,180000,70W,14,2026,9,21,18,19.5,92.5,100700.0,2026-09-21 18:00:00,2026-09-21 18:00:00,1007.0
20260921,180000,70W,14,2026,9,21,18,20.1,91.60000000000001,100700.0,2026-09-21 18:00:00,2026-09-21 18:00:00,1007.0
20260921,180000,70W,14,2026,9,21,18,20.900000000000002,91.60000000000001,100800.0,2026-09-21 18:00:00,2026-09-21 18:00:00,1008.0
20260921,180000,70W,14,2026,9,21,18,22.3,90.8,100700.0,2026-09-21 18:00:00,2026-09-21 18:00:00,1007.0
20260921,180000,70W,14,2026,9,21,18,22.6,89.7,100700.0,2026-09-21 18:00:00,2026-09-21 18:00:00,1007.0
20260921,180000,70W,14,2026,9,21,18,22.6,89.4,100500.0,2026-09-21 18:00:00,2026-09-21 18:00:00,1005.0
20260921,180000,70W,14,2026,9,21,18,22.900000000000002,89.7,100700.0,2026-09-21 18:00:00,2026-09-21 18:00:00,1007.0
20260921,180000,70W,14,2026,9,21,18,23.5,90.2,100600.0,2026-09-21 18:00:00,2026-09-21 18:00:00,1006.0
20260921,180000,70W,14,2026,9,21,18,24.3,90.8,100700.0,2026-09-21 18:00:00,2026-09-21 18:00:00,1007.0
20260921,180000,70W,14,2026,9,21,18,24.900000000000002,91.60000000000001,100700.0,2026-09-21 18:00:00,2026-09-21 18:00:00,1007.0
20260921,180000,70W,14,2026,9,21,18,26.900000000000002,93.3,100900.0,2026-09-21 18:00:00,2026-09-21 18:00:00,1009.0
20260921,180000,70W,14,2026,9,21,18,25.3,96.0,100800.0,2026-09-21 18:00:00,2026-09-21 18:00:00,1008.0
20260921,180000,70W,14,2026,9,21,18,25.1,95.9,100800.0,2026-09-21 18:00:00,2026-09-21 18:00:00,1008.0
20260921,180000,70W,15,2026,9,21,18,10.200000000000001,104.3,100900.0,2026-09-21 18:00:00,2026-09-21 18:00:00,1009.0
20260921,180000,70W,15,2026,9,21,18,10.5,107.4,100700.0,2026-09-21 18:00:00,2026-09-21 18:00:00,1007.0
20260921,180000,70W,15,2026,9,21,18,11.4,106.0,100800.0,2026-09-21 18:00:00,2026-09-21 18:00:00,1008.0
20260921,180000,70W,15,2026,9,21,18,10.5,105.10000000000001,100800.0,2026-09-21 18:00:00,2026-09-21 18:00:00,1008.0
20260921,180000,70W,15,2026,9,21,18,11.6,105.7,100600.0,2026-09-21 18:00:00,2026-09-21 18:00:00,1006.0
20260921,180000,70W,15,2026,9,21,18,10.8,105.10000000000001,100700.0,2026-09-21 18:00:00,2026-09-21 18:00:00,1007.0
20260921,180000,70W,15,2026,9,21,18,10.8,104.9,100800.0,2026-09-21 18:00:00,2026-09-21 18:00:00,1008.0
20260921,180000,70W,15,2026,9,21,18,10.8,102.0,100700.0,2026-09-21 18:00:00,2026-09-21 18:00:00,1007.0
20260921,180000,70W,15,2026,9,21,18,11.9,102.60000000000001,100600.0,2026-09-21 18:00:00,2026-09-21 18:00:00,1006.0
20260921,180000,70W,15,2026,9,21,18,12.200000000000001,102.0,100600.0,2026-09-21 18:00:00,2026-09-21 18:00:00,1006.0
20260921,180000,70W,15,2026,9,21,18,12.8,100.60000000000001,100600.0,2026-09-21 18:00:00,2026-09-21 18:00:00,1006.0
20260921,180000,70W,15,2026,9,21,18,12.9,101.0,100600.0,2026-09-21 18:00:00,2026-09-21 18:00:00,1006.0
20260921,180000,70W,15,2026,9,21,18,13.6,100.60000000000001,100400.0,2026-09-21 18:00:00,2026-09-21 18:00:00,1004.0
20260921,180000,70W,15,2026,9,21,18,13.6,100.10000000000001,100500.0,2026-09-21 18:00:00,2026-09-21 18:00:00,1005.0
20260921,180000,70W,15,2026,9,21,18,13.6,100.4,100600.0,2026-09-21 18:00:00,2026-09-21 18:00:00,1006.0
20260921,180000,70W,15,2026,9,21,18,13.9,99.2,100500.0,2026-09-21 18:00:00,2026-09-21 18:00:00,1005.0
20260921,180000,70W,15,2026,9,21,18,13.9,97.8,100600.0,2026-09-21 18:00:00,2026-09-21 18:00:00,1006.0
20260921,180000,70W,15,2026,9,21,18,15.0,96.7,100400.0,2026-09-21 18:00:00,2026-09-21 18:00:00,1004.0
20260921,180000,70W,15,2026,9,21,18,14.700000000000001,96.4,100400.0,2026-09-21 18:00:00,2026-09-21 18:00:00,1004.0
20260921,180000,70W,15,2026,9,21,18,14.5,97.0,100100.0,2026-09-21 18:00:00,2026-09-21 18:00:00,1001.0
20260921,180000,70W,15,2026,9,21,18,15.6,96.7,100300.0,2026-09-21 18:00:00,2026-09-21 18:00:00,1003.0
20260921,180000,70W,15,2026,9,21,18,15.0,95.60000000000001,100300.0,2026-09-21 18:00:00,2026-09-21 18:00:00,1003.0
20260921,180000,70W,15,2026,9,21,18,15.200000000000001,95.3,100300.0,2026-09-21 18:00:00,2026-09-21 18:00:00,1003.0
20260921,180000,70W,15,2026,9,21,18,15.3,95.0,100300.0,2026-09-21 18:00:00,2026-09-21 18:00:00,1003.0
20260921,180000,70W,15,2026,9,21,18,15.6,95.3,100200.0,2026-09-21 18:00:00,2026-09-21 18:00:00,1002.0
20260921,180000,70W,15,2026,9,21,18,15.9,93.9,100500.0,2026-09-21 18:00:00,2026-09-21 18:00:00,1005.0
20260921,180000,70W,15,2026,9,21,18,16.3,93.0,100500.0,2026-09-21 18:00:00,2026-09-21 18:00:00,1005.0
20260921,180000,70W,15,2026,9,21,18,16.5,92.2,100600.0,2026-09-21 18:00:00,2026-09-21 18:00:00,1006.0
20260921,180000,70W,15,2026,9,21,18,16.7,91.9,100500.0,2026-09-21 18:00:00,2026-09-21 18:00:00,1005.0
20260921,180000,70W,15,2026,9,21,18,17.0,91.60000000000001,100500.0,2026-09-21 18:00:00,2026-09-21 18:00:00,1005.0
20260921,180000,70W,15,2026,9,21,18,17.8,91.4,100400.0,2026-09-21 18:00:00,2026-09-21 18:00:00,1004.0
20260921,180000,70W,15,2026,9,21,18,18.7,91.10000000000001,100400.0,2026-09-21 18:00:00,2026-09-21 18:00:00,1004.0
20260921,180000,70W,15,2026,9,21,18,19.0,90.2,100300.0,2026-09-21 18:00:00,2026-09-21 18:00:00,1003.0
20260921,180000,70W,15,2026,9,21,18,19.5,90.2,100400.0,2026-09-21 18:00:00,2026-09-21 18:00:00,1004.0
20260921,180000,70W,15,2026,9,21,18,20.400000000000002,89.7,100200.0,2026-09-21 18:00:00,2026-09-21 18:00:00,1002.0
20260921,180000,70W,15,2026,9,21,18,20.900000000000002,89.7,100200.0,2026-09-21 18:00:00,2026-09-21 18:00:00,1002.0
20260921,180000,70W,15,2026,9,21,18,21.8,89.4,99600.0,2026-09-21 18:00:00,2026-09-21 18:00:00,996.0
20260921,180000,70W,15,2026,9,21,18,22.3,89.4,100000.0,2026-09-21 18:00:00,2026-09-21 18:00:00,1000.0
20260921,180000,70W,15,2026,9,21,18,23.2,89.4,99700.0,2026-09-21 18:00:00,2026-09-21 18:00:00,997.0
20260921,180000,70W,15,2026,9,21,18,23.5,89.7,100100.0,2026-09-21 18:00:00,2026-09-21 18:00:00,1001.0
20260921,180000,70W,15,2026,9,21,18,23.8,90.2,100100.0,2026-09-21 18:00:00,2026-09-21 18:00:00,1001.0
20260921,180000,70W,15,2026,9,21,18,24.3,91.10000000000001,100200.0,2026-09-21 18:00:00,2026-09-21 18:00:00,1002.0
20260921,180000,70W,15,2026,9,21,18,24.6,92.2,100300.0,2026-09-21 18:00:00,2026-09-21 18:00:00,1003.0
20260921,180000,70W,15,2026,9,21,18,24.3,94.7,100600.0,2026-09-21 18:00:00,2026-09-21 18:00:00,1006.0
20260921,180000,70W,15,2026,9,21,18,24.3,94.7,100400.0,2026-09-21 18:00:00,2026-09-21 18:00:00,1004.0
20260921,180000,70W,15,2026,9,21,18,25.400000000000002,97.3,100700.0,2026-09-21 18:00:00,2026-09-21 18:00:00,1007.0
20260921,180000,70W,16,2026,9,21,18,10.0,107.7,100800.0,2026-09-21 18:00:00,2026-09-21 18:00:00,1008.0
20260921,180000,70W,16,2026,9,21,18,9.4,108.2,100700.0,2026-09-21 18:00:00,2026-09-21 18:00:00,1007.0
20260921,180000,70W,16,2026,9,21,18,9.4,108.2,100800.0,2026-09-21 18:00:00,2026-09-21 18:00:00,1008.0
20260921,180000,70W,16,2026,9,21,18,9.1,108.8,100800.0,2026-09-21 18:00:00,2026-09-21 18:00:00,1008.0
20260921,180000,70W,16,2026,9,21,18,10.0,107.8,100800.0,2026-09-21 18:00:00,2026-09-21 18:00:00,1008.0
20260921,180000,70W,16,2026,9,21,18,11.1,106.5,100700.0,2026-09-21 18:00:00,2026-09-21 18:00:00,1007.0
20260921,180000,70W,16,2026,9,21,18,11.1,105.7,100900.0,2026-09-21 18:00:00,2026-09-21 18:00:00,1009.0
20260921,180000,70W,16,2026,9,21,18,11.6,104.8,100900.0,2026-09-21 18:00:00,2026-09-21 18:00:00,1009.0
20260921,180000,70W,16,2026,9,21,18,12.8,103.7,100900.0,2026-09-21 18:00:00,2026-09-21 18:00:00,1009.0
20260921,180000,70W,16,2026,9,21,18,11.6,105.10000000000001,100800.0,2026-09-21 18:00:00,2026-09-21 18:00:00,1008.0
20260921,180000,70W,17,2026,9,21,18,12.200000000000001,141.70000000000002,101000.0,2026-09-21 18:00:00,2026-09-21 18:00:00,1010.0
20260921,180000,70W,17,2026,9,21,18,13.1,141.70000000000002,100700.0,2026-09-21 18:00:00,2026-09-21 18:00:00,1007.0
20260921,180000,70W,17,2026,9,21,18,14.5,140.6,101000.0,2026-09-21 18:00:00,2026-09-21 18:00:00,1010.0
20260921,180000,70W,17,2026,9,21,18,14.700000000000001,139.20000000000002,100700.0,2026-09-21 18:00:00,2026-09-21 18:00:00,1007.0
20260921,180000,70W,17,2026,9,21,18,14.700000000000001,138.9,100900.0,2026-09-21 18:00:00,2026-09-21 18:00:00,1009.0
20260921,180000,70W,17,2026,9,21,18,15.9,138.6,100600.0,2026-09-21 18:00:00,2026-09-21 18:00:00,1006.0
20260921,180000,70W,17,2026,9,21,18,17.0,138.0,100700.0,2026-09-21 18:00:00,2026-09-21 18:00:00,1007.0
20260921,180000,70W,17,2026,9,21,18,18.7,136.6,100300.0,2026-09-21 18:00:00,2026-09-21 18:00:00,1003.0
20260921,180000,70W,17,2026,9,21,18,19.2,135.8,100100.0,2026-09-21 18:00:00,2026-09-21 18:00:00,1001.0
20260921,180000,70W,17,2026,9,21,18,19.5,134.4,99800.0,2026-09-21 18:00:00,2026-09-21 18:00:00,998.0
20260921,180000,70W,17,2026,9,21,18,19.8,133.8,100000.0,2026-09-21 18:00:00,2026-09-21 18:00:00,1000.0
20260921,180000,70W,17,2026,9,21,18,20.7,133.0,99400.0,2026-09-21 18:00:00,2026-09-21 18:00:00,994.0
20260921,180000,70W,17,2026,9,21,18,20.900000000000002,132.4,99900.0,2026-09-21 18:00:00,2026-09-21 18:00:00,999.0
20260921,180000,70W,17,2026,9,21,18,21.8,131.6,99500.0,2026-09-21 18:00:00,2026-09-21 18:00:00,995.0
20260921,180000,70W,17,2026,9,21,18,21.8,131.0,99300.0,2026-09-21 18:00:00,2026-09-21 18:00:00,993.0
20260921,180000,70W,17,2026,9,21,18,22.1,130.7,99300.0,2026-09-21 18:00:00,2026-09-21 18:00:00,993.0
20260921,180000,70W,17,2026,9,21,18,22.3,130.5,99500.0,2026-09-21 18:00:00,2026-09-21 18:00:00,995.0
20260921,180000,70W,17,2026,9,21,18,22.6,130.2,99200.0,2026-09-21 18:00:00,2026-09-21 18:00:00,992.0
20260921,180000,70W,17,2026,9,21,18,23.5,130.5,99200.0,2026-09-21 18:00:00,2026-09-21 18:00:00,992.0
20260921,180000,70W,17,2026,9,21,18,23.8,130.2,99000.0,2026-09-21 18:00:00,2026-09-21 18:00:00,990.0
20260921,180000,70W,17,2026,9,21,18,24.0,130.2,99300.0,2026-09-21 18:00:00,2026-09-21 18:00:00,993.0
20260921,180000,70W,17,2026,9,21,18,24.0,130.5,99000.0,2026-09-21 18:00:00,2026-09-21 18:00:00,990.0
20260921,180000,70W,17,2026,9,21,18,24.3,130.7,99500.0,2026-09-21 18:00:00,2026-09-21 18:00:00,995.0
20260921,180000,70W,17,2026,9,21,18,24.3,130.5,99400.0,2026-09-21 18:00:00,2026-09-21 18:00:00,994.0
20260921,180000,70W,17,2026,9,21,18,24.3,130.7,99500.0,2026-09-21 18:00:00,2026-09-21 18:00:00,995.0
20260921,180000,70W,17,2026,9,21,18,24.3,130.2,99500.0,2026-09-21 18:00:00,2026-09-21 18:00:00,995.0
20260921,180000,70W,17,2026,9,21,18,24.0,129.9,99900.0,2026-09-21 18:00:00,2026-09-21 18:00:00,999.0
20260921,180000,70W,17,2026,9,21,18,23.8,129.0,99700.0,2026-09-21 18:00:00,2026-09-21 18:00:00,997.0
20260921,180000,70W,17,2026,9,21,18,23.5,128.2,99600.0,2026-09-21 18:00:00,2026-09-21 18:00:00,996.0
20260921,180000,70W,17,2026,9,21,18,23.2,127.60000000000001,99200.0,2026-09-21 18:00:00,2026-09-21 18:00:00,992.0
20260921,180000,70W,17,2026,9,21,18,22.900000000000002,126.5,99400.0,2026-09-21 18:00:00,2026-09-21 18:00:00,994.0
20260921,180000,70W,17,2026,9,21,18,22.6,126.0,99200.0,2026-09-21 18:00:00,2026-09-21 18:00:00,992.0
20260921,180000,70W,17,2026,9,21,18,23.2,124.8,99800.0,2026-09-21 18:00:00,2026-09-21 18:00:00,998.0
20260921,180000,70W,17,2026,9,21,18,23.2,123.7,99300.0,2026-09-21 18:00:00,2026-09-21 18:00:00,993.0
20260921,180000,70W,17,2026,9,21,18,23.2,123.10000000000001,99400.0,2026-09-21 18:00:00,2026-09-21 18:00:00,994.0
20260921,180000,70W,17,2026,9,21,18,23.8,122.3,99400.0,2026-09-21 18:00:00,2026-09-21 18:00:00,994.0
20260921,180000,70W,17,2026,9,21,18,23.5,122.3,100500.0,2026-09-21 18:00:00,2026-09-21 18:00:00,1005.0
20260921,180000,70W,17,2026,9,21,18,23.5,122.3,100400.0,2026-09-21 18:00:00,2026-09-21 18:00:00,1004.0
20260921,180000,70W,17,2026,9,21,18,24.3,122.0,100800.0,2026-09-21 18:00:00,2026-09-21 18:00:00,1008.0
20260921,180000,70W,17,2026,9,21,18,24.6,120.3,100700.0,2026-09-21 18:00:00,2026-09-21 18:00:00,1007.0
20260921,180000,70W,17,2026,9,21,18,23.8,120.0,100900.0,2026-09-21 18:00:00,2026-09-21 18:00:00,1009.0
20260921,180000,70W,17,2026,9,21,18,25.2,121.2,100800.0,2026-09-21 18:00:00,2026-09-21 18:00:00,1008.0
20260921,180000,70W,17,2026,9,21,18,24.0,120.0,101000.0,2026-09-21 18:00:00,2026-09-21 18:00:00,1010.0
20260921,180000,70W,17,2026,9,21,18,22.6,119.8,101200.0,2026-09-21 18:00:00,2026-09-21 18:00:00,1012.0
20260921,180000,70W,17,2026,9,21,18,22.900000000000002,118.9,101200.0,2026-09-21 18:00:00,2026-09-21 18:00:00,1012.0
20260921,180000,70W,17,2026,9,21,18,22.6,118.60000000000001,101100.0,2026-09-21 18:00:00,2026-09-21 18:00:00,1011.0
20260921,180000,70W,17,2026,9,21,18,22.6,118.4,101000.0,2026-09-21 18:00:00,2026-09-21 18:00:00,1010.0
20260921,180000,70W,17,2026,9,21,18,22.6,118.10000000000001,101100.0,2026-09-21 18:00:00,2026-09-21 18:00:00,1011.0
20260921,180000,70W,17,2026,9,21,18,21.2,115.8,101000.0,2026-09-21 18:00:00,2026-09-21 18:00:00,1010.0
20260921,180000,70W,18,2026,9,21,18,12.5,142.8,101000.0,2026-09-21 18:00:00,2026-09-21 18:00:00,1010.0
20260921,180000,70W,18,2026,9,21,18,13.3,141.70000000000002,100700.0,2026-09-21 18:00:00,2026-09-21 18:00:00,1007.0
20260921,180000,70W,18,2026,9,21,18,13.6,140.9,100900.0,2026-09-21 18:00:00,2026-09-21 18:00:00,1009.0
20260921,180000,70W,18,2026,9,21,18,14.5,140.3,100700.0,2026-09-21 18:00:00,2026-09-21 18:00:00,1007.0
20260921,180000,70W,18,2026,9,21,18,15.3,138.9,100900.0,2026-09-21 18:00:00,2026-09-21 18:00:00,1009.0
20260921,180000,70W,18,2026,9,21,18,16.1,138.0,100600.0,2026-09-21 18:00:00,2026-09-21 18:00:00,1006.0
20260921,180000,70W,18,2026,9,21,18,16.7,136.9,100800.0,2026-09-21 18:00:00,2026-09-21 18:00:00,1008.0
20260921,180000,70W,18,2026,9,21,18,17.3,135.5,100200.0,2026-09-21 18:00:00,2026-09-21 18:00:00,1002.0
20260921,180000,70W,18,2026,9,21,18,17.8,134.7,100500.0,2026-09-21 18:00:00,2026-09-21 18:00:00,1005.0
20260921,180000,70W,18,2026,9,21,18,18.1,133.5,100200.0,2026-09-21 18:00:00,2026-09-21 18:00:00,1002.0
20260921,180000,70W,18,2026,9,21,18,18.7,132.1,100100.0,2026-09-21 18:00:00,2026-09-21 18:00:00,1001.0
20260921,180000,70W,18,2026,9,21,18,19.0,131.0,99800.0,2026-09-21 18:00:00,2026-09-21 18:00:00,998.0
20260921,180000,70W,18,2026,9,21,18,19.5,129.9,99700.0,2026-09-21 18:00:00,2026-09-21 18:00:00,997.0
20260921,180000,70W,18,2026,9,21,18,20.1,129.0,99600.0,2026-09-21 18:00:00,2026-09-21 18:00:00,996.0
20260921,180000,70W,18,2026,9,21,18,20.7,128.2,99300.0,2026-09-21 18:00:00,2026-09-21 18:00:00,993.0
20260921,180000,70W,18,2026,9,21,18,20.900000000000002,127.4,99200.0,2026-09-21 18:00:00,2026-09-21 18:00:00,992.0
20260921,180000,70W,18,2026,9,21,18,21.5,127.10000000000001,99000.0,2026-09-21 18:00:00,2026-09-21 18:00:00,990.0
20260921,180000,70W,18,2026,9,21,18,21.8,126.8,98800.0,2026-09-21 18:00:00,2026-09-21 18:00:00,988.0
20260921,180000,70W,18,2026,9,21,18,22.1,127.10000000000001,99200.0,2026-09-21 18:00:00,2026-09-21 18:00:00,992.0
20260921,180000,70W,18,2026,9,21,18,22.3,127.10000000000001,99000.0,2026-09-21 18:00:00,2026-09-21 18:00:00,990.0
20260921,180000,70W,18,2026,9,21,18,22.6,127.10000000000001,98900.0,2026-09-21 18:00:00,2026-09-21 18:00:00,989.0
20260921,180000,70W,18,2026,9,21,18,22.900000000000002,127.60000000000001,98500.0,2026-09-21 18:00:00,2026-09-21 18:00:00,985.0
20260921,180000,70W,18,2026,9,21,18,22.900000000000002,127.60000000000001,98600.0,2026-09-21 18:00:00,2026-09-21 18:00:00,986.0
20260921,180000,70W,18,2026,9,21,18,22.900000000000002,127.60000000000001,98200.0,2026-09-21 18:00:00,2026-09-21 18:00:00,982.0
20260921,180000,70W,18,2026,9,21,18,23.2,127.9,98900.0,2026-09-21 18:00:00,2026-09-21 18:00:00,989.0
20260921,180000,70W,18,2026,9,21,18,23.5,128.2,98700.0,2026-09-21 18:00:00,2026-09-21 18:00:00,987.0
20260921,180000,70W,18,2026,9,21,18,23.8,127.9,99300.0,2026-09-21 18:00:00,2026-09-21 18:00:00,993.0
20260921,180000,70W,18,2026,9,21,18,24.0,127.9,99600.0,2026-09-21 18:00:00,2026-09-21 18:00:00,996.0
20260921,180000,70W,18,2026,9,21,18,24.0,127.4,100000.0,2026-09-21 18:00:00,2026-09-21 18:00:00,1000.0
20260921,180000,70W,18,2026,9,21,18,24.0,127.10000000000001,99800.0,2026-09-21 18:00:00,2026-09-21 18:00:00,998.0
20260921,180000,70W,18,2026,9,21,18,24.0,126.8,100100.0,2026-09-21 18:00:00,2026-09-21 18:00:00,1001.0
20260921,180000,70W,18,2026,9,21,18,24.0,126.0,100000.0,2026-09-21 18:00:00,2026-09-21 18:00:00,1000.0
20260921,180000,70W,18,2026,9,21,18,24.3,125.4,100500.0,2026-09-21 18:00:00,2026-09-21 18:00:00,1005.0
20260921,180000,70W,18,2026,9,21,18,24.900000000000002,125.10000000000001,100300.0,2026-09-21 18:00:00,2026-09-21 18:00:00,1003.0
20260921,180000,70W,18,2026,9,21,18,25.2,124.8,100500.0,2026-09-21 18:00:00,2026-09-21 18:00:00,1005.0
20260921,180000,70W,18,2026,9,21,18,25.7,124.5,100500.0,2026-09-21 18:00:00,2026-09-21 18:00:00,1005.0
20260921,180000,70W,18,2026,9,21,18,26.5,125.0,100700.0,2026-09-21 18:00:00,2026-09-21 18:00:00,1007.0
20260921,180000,70W,18,2026,9,21,18,27.400000000000002,126.2,100500.0,2026-09-21 18:00:00,2026-09-21 18:00:00,1005.0
20260921,180000,70W,18,2026,9,21,18,28.0,127.10000000000001,100600.0,2026-09-21 18:00:00,2026-09-21 18:00:00,1006.0
20260921,180000,70W,18,2026,9,21,18,28.6,128.5,100500.0,2026-09-21 18:00:00,2026-09-21 18:00:00,1005.0
20260921,180000,70W,18,2026,9,21,18,28.5,131.6,100600.0,2026-09-21 18:00:00,2026-09-21 18:00:00,1006.0
20260921,180000,70W,18,2026,9,21,18,29.400000000000002,133.3,100700.0,2026-09-21 18:00:00,2026-09-21 18:00:00,1007.0
20260921,180000,70W,18,2026,9,21,18,28.5,133.3,100700.0,2026-09-21 18:00:00,2026-09-21 18:00:00,1007.0
20260921,180000,70W,18,2026,9,21,18,27.7,133.8,100800.0,2026-09-21 18:00:00,2026-09-21 18:00:00,1008.0
20260921,180000,70W,18,2026,9,21,18,26.3,132.4,100900.0,2026-09-21 18:00:00,2026-09-21 18:00:00,1009.0
20260921,180000,70W,19,2026,9,21,18,13.0,142.3,101000.0,2026-09-21 18:00:00,2026-09-21 18:00:00,1010.0
20260921,180000,70W,19,2026,9,21,18,13.0,140.6,100700.0,2026-09-21 18:00:00,2026-09-21 18:00:00,1007.0
20260921,180000,70W,19,2026,9,21,18,13.0,139.70000000000002,100900.0,2026-09-21 18:00:00,2026-09-21 18:00:00,1009.0
20260921,180000,70W,19,2026,9,21,18,13.6,139.20000000000002,100700.0,2026-09-21 18:00:00,2026-09-21 18:00:00,1007.0
20260921,180000,70W,19,2026,9,21,18,13.9,138.9,100900.0,2026-09-21 18:00:00,2026-09-21 18:00:00,1009.0
20260921,180000,70W,19,2026,9,21,18,14.5,138.3,100600.0,2026-09-21 18:00:00,2026-09-21 18:00:00,1006.0
20260921,180000,70W,19,2026,9,21,18,15.0,137.5,100800.0,2026-09-21 18:00:00,2026-09-21 18:00:00,1008.0
20260921,180000,70W,19,2026,9,21,18,15.3,136.9,100500.0,2026-09-21 18:00:00,2026-09-21 18:00:00,1005.0
20260921,180000,70W,19,2026,9,21,18,15.9,136.1,100800.0,2026-09-21 18:00:00,2026-09-21 18:00:00,1008.0
20260921,180000,70W,19,2026,9,21,18,16.4,135.2,100400.0,2026-09-21 18:00:00,2026-09-21 18:00:00,1004.0
20260921,180000,70W,19,2026,9,21,18,17.0,133.3,100500.0,2026-09-21 18:00:00,2026-09-21 18:00:00,1005.0
20260921,180000,70W,19,2026,9,21,18,17.6,131.9,100200.0,2026-09-21 18:00:00,2026-09-21 18:00:00,1002.0
20260921,180000,70W,19,2026,9,21,18,17.8,130.2,100100.0,2026-09-21 18:00:00,2026-09-21 18:00:00,1001.0
20260921,180000,70W,19,2026,9,21,18,18.400000000000002,129.0,99400.0,2026-09-21 18:00:00,2026-09-21 18:00:00,994.0
20260921,180000,70W,19,2026,9,21,18,18.400000000000002,128.2,99000.0,2026-09-21 18:00:00,2026-09-21 18:00:00,990.0
20260921,180000,70W,19,2026,9,21,18,19.0,127.4,98700.0,2026-09-21 18:00:00,2026-09-21 18:00:00,987.0
20260921,180000,70W,19,2026,9,21,18,19.5,126.2,98500.0,2026-09-21 18:00:00,2026-09-21 18:00:00,985.0
20260921,180000,70W,19,2026,9,21,18,19.8,125.7,98100.0,2026-09-21 18:00:00,2026-09-21 18:00:00,981.0
20260921,180000,70W,19,2026,9,21,18,20.400000000000002,125.10000000000001,97800.0,2026-09-21 18:00:00,2026-09-21 18:00:00,978.0
20260921,180000,70W,19,2026,9,21,18,20.900000000000002,124.3,97700.0,2026-09-21 18:00:00,2026-09-21 18:00:00,977.0
20260921,180000,70W,19,2026,9,21,18,21.5,124.0,97700.0,2026-09-21 18:00:00,2026-09-21 18:00:00,977.0
20260921,180000,70W,19,2026,9,21,18,22.1,124.0,97500.0,2026-09-21 18:00:00,2026-09-21 18:00:00,975.0
20260921,180000,70W,19,2026,9,21,18,22.6,123.7,97700.0,2026-09-21 18:00:00,2026-09-21 18:00:00,977.0
20260921,180000,70W,19,2026,9,21,18,22.900000000000002,123.7,97300.0,2026-09-21 18:00:00,2026-09-21 18:00:00,973.0
20260921,180000,70W,19,2026,9,21,18,22.900000000000002,123.4,97900.0,2026-09-21 18:00:00,2026-09-21 18:00:00,979.0
20260921,180000,70W,19,2026,9,21,18,23.2,123.4,97600.0,2026-09-21 18:00:00,2026-09-21 18:00:00,976.0
20260921,180000,70W,19,2026,9,21,18,22.900000000000002,123.10000000000001,98900.0,2026-09-21 18:00:00,2026-09-21 18:00:00,989.0
20260921,180000,70W,19,2026,9,21,18,23.2,122.9,99000.0,2026-09-21 18:00:00,2026-09-21 18:00:00,990.0
20260921,180000,70W,19,2026,9,21,18,23.2,122.0,99700.0,2026-09-21 18:00:00,2026-09-21 18:00:00,997.0
20260921,180000,70W,19,2026,9,21,18,22.6,121.5,99800.0,2026-09-21 18:00:00,2026-09-21 18:00:00,998.0
20260921,180000,70W,19,2026,9,21,18,23.2,121.5,100100.0,2026-09-21 18:00:00,2026-09-21 18:00:00,1001.0
20260921,180000,70W,19,2026,9,21,18,24.900000000000002,120.5,100200.0,2026-09-21 18:00:00,2026-09-21 18:00:00,1002.0
20260921,180000,70W,19,2026,9,21,18,24.900000000000002,120.3,100300.0,2026-09-21 18:00:00,2026-09-21 18:00:00,1003.0
20260921,180000,70W,19,2026,9,21,18,25.7,120.9,100300.0,2026-09-21 18:00:00,2026-09-21 18:00:00,1003.0
20260921,180000,70W,19,2026,9,21,18,27.1,121.5,100700.0,2026-09-21 18:00:00,2026-09-21 18:00:00,1007.0
20260921,180000,70W,20,2026,9,21,18,12.5,106.0,100800.0,2026-09-21 18:00:00,2026-09-21 18:00:00,1008.0
20260921,180000,70W,20,2026,9,21,18,10.1,107.8,100800.0,2026-09-21 18:00:00,2026-09-21 18:00:00,1008.0
20260921,180000,70W,20,2026,9,21,18,9.700000000000001,107.4,100800.0,2026-09-21 18:00:00,2026-09-21 18:00:00,1008.0
20260921,180000,70W,20,2026,9,21,18,9.4,108.2,100900.0,2026-09-21 18:00:00,2026-09-21 18:00:00,1009.0
20260921,180000,70W,20,2026,9,21,18,11.4,106.5,100800.0,2026-09-21 18:00:00,2026-09-21 18:00:00,1008.0
20260921,180000,70W,20,2026,9,21,18,12.200000000000001,105.4,100800.0,2026-09-21 18:00:00,2026-09-21 18:00:00,1008.0
20260921,180000,70W,20,2026,9,21,18,12.5,104.9,100800.0,2026-09-21 18:00:00,2026-09-21 18:00:00,1008.0
20260921,180000,70W,20,2026,9,21,18,12.8,104.60000000000001,100700.0,2026-09-21 18:00:00,2026-09-21 18:00:00,1007.0
20260921,180000,70W,20,2026,9,21,18,13.1,103.60000000000001,100700.0,2026-09-21 18:00:00,2026-09-21 18:00:00,1007.0
20260921,180000,70W,20,2026,9,21,18,13.1,103.60000000000001,100700.0,2026-09-21 18:00:00,2026-09-21 18:00:00,1007.0
20260921,180000,70W,20,2026,9,21,18,11.700000000000001,102.0,100800.0,2026-09-21 18:00:00,2026-09-21 18:00:00,1008.0
20260921,180000,70W,20,2026,9,21,18,12.8,103.5,100600.0,2026-09-21 18:00:00,2026-09-21 18:00:00,1006.0
20260921,180000,70W,20,2026,9,21,18,13.6,102.60000000000001,100500.0,2026-09-21 18:00:00,2026-09-21 18:00:00,1005.0
20260921,180000,70W,20,2026,9,21,18,13.9,101.8,100500.0,2026-09-21 18:00:00,2026-09-21 18:00:00,1005.0
20260921,180000,70W,20,2026,9,21,18,13.3,101.2,100600.0,2026-09-21 18:00:00,2026-09-21 18:00:00,1006.0
20260921,180000,70W,20,2026,9,21,18,13.9,100.9,100500.0,2026-09-21 18:00:00,2026-09-21 18:00:00,1005.0
20260921,180000,70W,20,2026,9,21,18,14.200000000000001,100.9,100500.0,2026-09-21 18:00:00,2026-09-21 18:00:00,1005.0
20260921,180000,70W,20,2026,9,21,18,14.200000000000001,100.60000000000001,100600.0,2026-09-21 18:00:00,2026-09-21 18:00:00,1006.0
20260921,180000,70W,20,2026,9,21,18,13.6,100.4,100500.0,2026-09-21 18:00:00,2026-09-21 18:00:00,1005.0
20260921,180000,70W,20,2026,9,21,18,13.9,99.8,100400.0,2026-09-21 18:00:00,2026-09-21 18:00:00,1004.0
20260921,180000,70W,20,2026,9,21,18,13.9,99.2,100400.0,2026-09-21 18:00:00,2026-09-21 18:00:00,1004.0
20260921,180000,70W,20,2026,9,21,18,15.6,97.5,100400.0,2026-09-21 18:00:00,2026-09-21 18:00:00,1004.0
20260921,180000,70W,20,2026,9,21,18,15.0,97.0,100400.0,2026-09-21 18:00:00,2026-09-21 18:00:00,1004.0
20260921,180000,70W,20,2026,9,21,18,15.9,96.4,100300.0,2026-09-21 18:00:00,2026-09-21 18:00:00,1003.0
20260921,180000,70W,20,2026,9,21,18,17.0,96.4,100300.0,2026-09-21 18:00:00,2026-09-21 18:00:00,1003.0
20260921,180000,70W,20,2026,9,21,18,18.1,95.60000000000001,100500.0,2026-09-21 18:00:00,2026-09-21 18:00:00,1005.0
20260921,180000,70W,20,2026,9,21,18,18.7,95.0,100600.0,2026-09-21 18:00:00,2026-09-21 18:00:00,1006.0
20260921,180000,70W,20,2026,9,21,18,20.7,93.0,100700.0,2026-09-21 18:00:00,2026-09-21 18:00:00,1007.0
20260921,180000,70W,20,2026,9,21,18,21.8,90.8,100600.0,2026-09-21 18:00:00,2026-09-21 18:00:00,1006.0
20260921,180000,70W,20,2026,9,21,18,21.2,91.4,100800.0,2026-09-21 18:00:00,2026-09-21 18:00:00,1008.0
20260921,180000,70W,20,2026,9,21,18,21.2,91.60000000000001,100900.0,2026-09-21 18:00:00,2026-09-21 18:00:00,1009.0
20260921,180000,70W,21,2026,9,21,18,13.3,142.0,100900.0,2026-09-21 18:00:00,2026-09-21 18:00:00,1009.0
20260921,180000,70W,21,2026,9,21,18,13.6,140.6,100700.0,2026-09-21 18:00:00,2026-09-21 18:00:00,1007.0
20260921,180000,70W,21,2026,9,21,18,13.0,139.70000000000002,100900.0,2026-09-21 18:00:00,2026-09-21 18:00:00,1009.0
20260921,180000,70W,21,2026,9,21,18,13.3,140.0,100700.0,2026-09-21 18:00:00,2026-09-21 18:00:00,1007.0
20260921,180000,70W,21,2026,9,21,18,14.200000000000001,138.9,100900.0,2026-09-21 18:00:00,2026-09-21 18:00:00,1009.0
20260921,180000,70W,21,2026,9,21,18,15.0,138.6,100600.0,2026-09-21 18:00:00,2026-09-21 18:00:00,1006.0
20260921,180000,70W,21,2026,9,21,18,15.9,137.5,100700.0,2026-09-21 18:00:00,2026-09-21 18:00:00,1007.0
20260921,180000,70W,21,2026,9,21,18,16.1,136.1,99800.0,2026-09-21 18:00:00,2026-09-21 18:00:00,998.0
20260921,180000,70W,21,2026,9,21,18,16.7,135.2,99700.0,2026-09-21 18:00:00,2026-09-21 18:00:00,997.0
20260921,180000,70W,21,2026,9,21,18,17.6,134.1,99000.0,2026-09-21 18:00:00,2026-09-21 18:00:00,990.0
20260921,180000,70W,21,2026,9,21,18,18.1,133.0,99000.0,2026-09-21 18:00:00,2026-09-21 18:00:00,990.0
20260921,180000,70W,21,2026,9,21,18,18.400000000000002,131.6,98600.0,2026-09-21 18:00:00,2026-09-21 18:00:00,986.0
20260921,180000,70W,21,2026,9,21,18,18.7,130.7,98300.0,2026-09-21 18:00:00,2026-09-21 18:00:00,983.0
20260921,180000,70W,21,2026,9,21,18,19.5,129.9,98300.0,2026-09-21 18:00:00,2026-09-21 18:00:00,983.0
20260921,180000,70W,21,2026,9,21,18,20.1,129.0,97900.0,2026-09-21 18:00:00,2026-09-21 18:00:00,979.0
20260921,180000,70W,21,2026,9,21,18,20.7,127.9,97800.0,2026-09-21 18:00:00,2026-09-21 18:00:00,978.0
20260921,180000,70W,21,2026,9,21,18,21.2,127.60000000000001,97400.0,2026-09-21 18:00:00,2026-09-21 18:00:00,974.0
20260921,180000,70W,21,2026,9,21,18,22.1,127.10000000000001,97200.0,2026-09-21 18:00:00,2026-09-21 18:00:00,972.0
20260921,180000,70W,21,2026,9,21,18,22.6,126.8,96800.0,2026-09-21 18:00:00,2026-09-21 18:00:00,968.0
20260921,180000,70W,21,2026,9,21,18,23.2,126.2,96500.0,2026-09-21 18:00:00,2026-09-21 18:00:00,965.0
20260921,180000,70W,21,2026,9,21,18,24.0,126.2,96400.0,2026-09-21 18:00:00,2026-09-21 18:00:00,964.0
20260921,180000,70W,21,2026,9,21,18,24.6,126.2,97200.0,2026-09-21 18:00:00,2026-09-21 18:00:00,972.0
20260921,180000,70W,21,2026,9,21,18,25.2,126.5,97300.0,2026-09-21 18:00:00,2026-09-21 18:00:00,973.0
20260921,180000,70W,21,2026,9,21,18,25.7,126.8,96900.0,2026-09-21 18:00:00,2026-09-21 18:00:00,969.0
20260921,180000,70W,21,2026,9,21,18,26.0,127.4,97500.0,2026-09-21 18:00:00,2026-09-21 18:00:00,975.0
20260921,180000,70W,21,2026,9,21,18,26.3,127.60000000000001,97500.0,2026-09-21 18:00:00,2026-09-21 18:00:00,975.0
20260921,180000,70W,21,2026,9,21,18,26.3,127.9,97900.0,2026-09-21 18:00:00,2026-09-21 18:00:00,979.0
20260921,180000,70W,21,2026,9,21,18,26.3,128.5,97700.0,2026-09-21 18:00:00,2026-09-21 18:00:00,977.0
20260921,180000,70W,21,2026,9,21,18,26.0,128.2,98200.0,2026-09-21 18:00:00,2026-09-21 18:00:00,982.0
20260921,180000,70W,21,2026,9,21,18,25.400000000000002,128.2,97800.0,2026-09-21 18:00:00,2026-09-21 18:00:00,978.0
20260921,180000,70W,21,2026,9,21,18,25.400000000000002,127.9,98000.0,2026-09-21 18:00:00,2026-09-21 18:00:00,980.0
20260921,180000,70W,21,2026,9,21,18,25.2,127.60000000000001,98100.0,2026-09-21 18:00:00,2026-09-21 18:00:00,981.0
20260921,180000,70W,21,2026,9,21,18,24.900000000000002,127.10000000000001,97800.0,2026-09-21 18:00:00,2026-09-21 18:00:00,978.0
20260921,180000,70W,21,2026,9,21,18,25.2,126.8,97400.0,2026-09-21 18:00:00,2026-09-21 18:00:00,974.0
20260921,180000,70W,21,2026,9,21,18,25.400000000000002,126.2,97300.0,2026-09-21 18:00:00,2026-09-21 18:00:00,973.0
20260921,180000,70W,21,2026,9,21,18,25.400000000000002,126.0,98000.0,2026-09-21 18:00:00,2026-09-21 18:00:00,980.0
20260921,180000,70W,21,2026,9,21,18,26.0,126.0,98400.0,2026-09-21 18:00:00,2026-09-21 18:00:00,984.0
20260921,180000,70W,21,2026,9,21,18,26.3,126.0,98300.0,2026-09-21 18:00:00,2026-09-21 18:00:00,983.0
20260921,180000,70W,21,2026,9,21,18,26.6,126.5,98200.0,2026-09-21 18:00:00,2026-09-21 18:00:00,982.0
20260921,180000,70W,21,2026,9,21,18,26.6,126.8,98000.0,2026-09-21 18:00:00,2026-09-21 18:00:00,980.0
20260921,180000,70W,21,2026,9,21,18,27.1,127.9,98200.0,2026-09-21 18:00:00,2026-09-21 18:00:00,982.0
20260921,180000,70W,21,2026,9,21,18,27.400000000000002,128.8,98100.0,2026-09-21 18:00:00,2026-09-21 18:00:00,981.0
20260921,180000,70W,21,2026,9,21,18,27.7,129.6,98500.0,2026-09-21 18:00:00,2026-09-21 18:00:00,985.0
20260921,180000,70W,21,2026,9,21,18,28.0,130.7,98700.0,2026-09-21 18:00:00,2026-09-21 18:00:00,987.0
20260921,180000,70W,21,2026,9,21,18,28.8,132.1,98400.0,2026-09-21 18:00:00,2026-09-21 18:00:00,984.0
20260921,180000,70W,21,2026,9,21,18,29.7,133.3,98600.0,2026-09-21 18:00:00,2026-09-21 18:00:00,986.0
20260921,180000,70W,21,2026,9,21,18,30.2,134.7,98000.0,2026-09-21 18:00:00,2026-09-21 18:00:00,980.0
20260921,180000,70W,21,2026,9,21,18,31.1,135.8,98000.0,2026-09-21 18:00:00,2026-09-21 18:00:00,980.0
20260921,180000,70W,21,2026,9,21,18,31.6,137.5,98200.0,2026-09-21 18:00:00,2026-09-21 18:00:00,982.0
20260921,180000,70W,21,2026,9,21,18,32.5,139.70000000000002,98300.0,2026-09-21 18:00:00,2026-09-21 18:00:00,983.0
20260921,180000,70W,21,2026,9,21,18,33.6,142.3,98800.0,2026-09-21 18:00:00,2026-09-21 18:00:00,988.0
20260921,180000,70W,21,2026,9,21,18,36.1,145.4,98400.0,2026-09-21 18:00:00,2026-09-21 18:00:00,984.0
20260921,180000,70W,21,2026,9,21,18,38.7,148.5,98600.0,2026-09-21 18:00:00,2026-09-21 18:00:00,986.0
20260921,180000,70W,21,2026,9,21,18,40.300000000000004,151.9,98900.0,2026-09-21 18:00:00,2026-09-21 18:00:00,989.0
20260921,180000,70W,22,2026,9,21,18,12.5,140.6,100800.0,2026-09-21 18:00:00,2026-09-21 18:00:00,1008.0
20260921,180000,70W,22,2026,9,21,18,12.5,140.3,100400.0,2026-09-21 18:00:00,2026-09-21 18:00:00,1004.0
20260921,180000,70W,22,2026,9,21,18,12.8,140.0,100600.0,2026-09-21 18:00:00,2026-09-21 18:00:00,1006.0
20260921,180000,70W,22,2026,9,21,18,13.3,138.9,100300.0,2026-09-21 18:00:00,2026-09-21 18:00:00,1003.0
20260921,180000,70W,22,2026,9,21,18,14.200000000000001,138.3,100400.0,2026-09-21 18:00:00,2026-09-21 18:00:00,1004.0
20260921,180000,70W,22,2026,9,21,18,14.700000000000001,137.5,99900.0,2026-09-21 18:00:00,2026-09-21 18:00:00,999.0
20260921,180000,70W,22,2026,9,21,18,15.0,136.4,99700.0,2026-09-21 18:00:00,2026-09-21 18:00:00,997.0
20260921,180000,70W,22,2026,9,21,18,15.6,135.2,98900.0,2026-09-21 18:00:00,2026-09-21 18:00:00,989.0
20260921,180000,70W,22,2026,9,21,18,16.1,134.1,99100.0,2026-09-21 18:00:00,2026-09-21 18:00:00,991.0
20260921,180000,70W,22,2026,9,21,18,16.4,132.7,98500.0,2026-09-21 18:00:00,2026-09-21 18:00:00,985.0
20260921,180000,70W,22,2026,9,21,18,17.0,131.6,98500.0,2026-09-21 18:00:00,2026-09-21 18:00:00,985.0
20260921,180000,70W,22,2026,9,21,18,17.3,130.7,98300.0,2026-09-21 18:00:00,2026-09-21 18:00:00,983.0
20260921,180000,70W,22,2026,9,21,18,17.8,129.6,98100.0,2026-09-21 18:00:00,2026-09-21 18:00:00,981.0
20260921,180000,70W,22,2026,9,21,18,18.7,128.5,98000.0,2026-09-21 18:00:00,2026-09-21 18:00:00,980.0
20260921,180000,70W,22,2026,9,21,18,19.2,127.4,98000.0,2026-09-21 18:00:00,2026-09-21 18:00:00,980.0
20260921,180000,70W,22,2026,9,21,18,19.5,126.5,97700.0,2026-09-21 18:00:00,2026-09-21 18:00:00,977.0
20260921,180000,70W,22,2026,9,21,18,20.400000000000002,125.7,97200.0,2026-09-21 18:00:00,2026-09-21 18:00:00,972.0
20260921,180000,70W,22,2026,9,21,18,21.2,125.10000000000001,97400.0,2026-09-21 18:00:00,2026-09-21 18:00:00,974.0
20260921,180000,70W,22,2026,9,21,18,21.5,124.3,97100.0,2026-09-21 18:00:00,2026-09-21 18:00:00,971.0
20260921,180000,70W,22,2026,9,21,18,22.3,124.0,96800.0,2026-09-21 18:00:00,2026-09-21 18:00:00,968.0
20260921,180000,70W,22,2026,9,21,18,22.6,124.0,96500.0,2026-09-21 18:00:00,2026-09-21 18:00:00,965.0
20260921,180000,70W,22,2026,9,21,18,23.5,123.7,96800.0,2026-09-21 18:00:00,2026-09-21 18:00:00,968.0
20260921,180000,70W,22,2026,9,21,18,23.8,123.4,96900.0,2026-09-21 18:00:00,2026-09-21 18:00:00,969.0
20260921,180000,70W,22,2026,9,21,18,24.3,123.4,97400.0,2026-09-21 18:00:00,2026-09-21 18:00:00,974.0
20260921,180000,70W,22,2026,9,21,18,24.6,123.4,98500.0,2026-09-21 18:00:00,2026-09-21 18:00:00,985.0
20260921,180000,70W,22,2026,9,21,18,25.2,123.10000000000001,98800.0,2026-09-21 18:00:00,2026-09-21 18:00:00,988.0
20260921,180000,70W,22,2026,9,21,18,24.900000000000002,122.60000000000001,99500.0,2026-09-21 18:00:00,2026-09-21 18:00:00,995.0
20260921,180000,70W,22,2026,9,21,18,24.3,122.0,99400.0,2026-09-21 18:00:00,2026-09-21 18:00:00,994.0
20260921,180000,70W,22,2026,9,21,18,22.6,121.2,100400.0,2026-09-21 18:00:00,2026-09-21 18:00:00,1004.0
20260921,180000,70W,22,2026,9,21,18,24.900000000000002,120.60000000000001,100500.0,2026-09-21 18:00:00,2026-09-21 18:00:00,1005.0
20260921,180000,70W,22,2026,9,21,18,25.2,120.0,100400.0,2026-09-21 18:00:00,2026-09-21 18:00:00,1004.0
20260921,180000,70W,22,2026,9,21,18,25.400000000000002,119.8,100700.0,2026-09-21 18:00:00,2026-09-21 18:00:00,1007.0
20260921,180000,70W,22,2026,9,21,18,26.900000000000002,119.8,100600.0,2026-09-21 18:00:00,2026-09-21 18:00:00,1006.0
20260921,180000,70W,22,2026,9,21,18,27.1,120.60000000000001,100800.0,2026-09-21 18:00:00,2026-09-21 18:00:00,1008.0
20260921,180000,70W,22,2026,9,21,18,28.0,121.2,100900.0,2026-09-21 18:00:00,2026-09-21 18:00:00,1009.0
20260921,180000,70W,22,2026,9,21,18,29.1,122.60000000000001,100800.0,2026-09-21 18:00:00,2026-09-21 18:00:00,1008.0
20260921,180000,70W,22,2026,9,21,18,29.400000000000002,123.7,100900.0,2026-09-21 18:00:00,2026-09-21 18:00:00,1009.0
20260921,180000,70W,22,2026,9,21,18,30.2,125.10000000000001,100700.0,2026-09-21 18:00:00,2026-09-21 18:00:00,1007.0
20260921,180000,70W,22,2026,9,21,18,30.8,126.8,100900.0,2026-09-21 18:00:00,2026-09-21 18:00:00,1009.0
20260921,180000,70W,22,2026,9,21,18,31.6,128.8,100600.0,2026-09-21 18:00:00,2026-09-21 18:00:00,1006.0
20260921,180000,70W,22,2026,9,21,18,32.8,132.7,100600.0,2026-09-21 18:00:00,2026-09-21 18:00:00,1006.0
20260921,180000,70W,22,2026,9,21,18,34.2,136.4,100300.0,2026-09-21 18:00:00,2026-09-21 18:00:00,1003.0
20260921,180000,70W,22,2026,9,21,18,35.6,140.0,100200.0,2026-09-21 18:00:00,2026-09-21 18:00:00,1002.0
20260921,180000,70W,22,2026,9,21,18,37.300000000000004,145.1,100000.0,2026-09-21 18:00:00,2026-09-21 18:00:00,1000.0
20260921,180000,70W,23,2026,9,21,18,10.0,104.3,100800.0,2026-09-21 18:00:00,2026-09-21 18:00:00,1008.0
20260921,180000,70W,23,2026,9,21,18,9.4,104.9,100900.0,2026-09-21 18:00:00,2026-09-21 18:00:00,1009.0
20260921,180000,70W,23,2026,9,21,18,11.700000000000001,106.3,100800.0,2026-09-21 18:00:00,2026-09-21 18:00:00,1008.0
20260921,180000,70W,23,2026,9,21,18,12.5,105.4,100900.0,2026-09-21 18:00:00,2026-09-21 18:00:00,1009.0
20260921,180000,70W,23,2026,9,21,18,12.5,105.10000000000001,100700.0,2026-09-21 18:00:00,2026-09-21 18:00:00,1007.0
20260921,180000,70W,23,2026,9,21,18,13.200000000000001,103.8,100700.0,2026-09-21 18:00:00,2026-09-21 18:00:00,1007.0
20260921,180000,70W,23,2026,9,21,18,13.200000000000001,103.8,100800.0,2026-09-21 18:00:00,2026-09-21 18:00:00,1008.0
20260921,180000,70W,23,2026,9,21,18,14.200000000000001,101.2,100900.0,2026-09-21 18:00:00,2026-09-21 18:00:00,1009.0
20260921,180000,70W,23,2026,9,21,18,14.200000000000001,101.2,100700.0,2026-09-21 18:00:00,2026-09-21 18:00:00,1007.0
20260921,180000,70W,23,2026,9,21,18,14.200000000000001,101.2,100600.0,2026-09-21 18:00:00,2026-09-21 18:00:00,1006.0
20260921,180000,70W,23,2026,9,21,18,14.200000000000001,101.2,100700.0,2026-09-21 18:00:00,2026-09-21 18:00:00,1007.0
20260921,180000,70W,23,2026,9,21,18,13.6,101.2,100700.0,2026-09-21 18:00:00,2026-09-21 18:00:00,1007.0
20260921,180000,70W,23,2026,9,21,18,14.0,100.60000000000001,100500.0,2026-09-21 18:00:00,2026-09-21 18:00:00,1005.0
20260921,180000,70W,23,2026,9,21,18,13.700000000000001,100.3,100500.0,2026-09-21 18:00:00,2026-09-21 18:00:00,1005.0
20260921,180000,70W,23,2026,9,21,18,13.6,100.10000000000001,100600.0,2026-09-21 18:00:00,2026-09-21 18:00:00,1006.0
20260921,180000,70W,23,2026,9,21,18,13.3,97.5,100400.0,2026-09-21 18:00:00,2026-09-21 18:00:00,1004.0
20260921,180000,70W,23,2026,9,21,18,13.9,96.7,100500.0,2026-09-21 18:00:00,2026-09-21 18:00:00,1005.0
20260921,180000,70W,23,2026,9,21,18,15.3,97.3,100400.0,2026-09-21 18:00:00,2026-09-21 18:00:00,1004.0
20260921,180000,70W,23,2026,9,21,18,14.700000000000001,97.5,100500.0,2026-09-21 18:00:00,2026-09-21 18:00:00,1005.0
20260921,180000,70W,23,2026,9,21,18,16.1,96.4,100500.0,2026-09-21 18:00:00,2026-09-21 18:00:00,1005.0
20260921,180000,70W,23,2026,9,21,18,17.0,95.9,100500.0,2026-09-21 18:00:00,2026-09-21 18:00:00,1005.0
20260921,180000,70W,23,2026,9,21,18,17.3,95.3,100400.0,2026-09-21 18:00:00,2026-09-21 18:00:00,1004.0
20260921,180000,70W,23,2026,9,21,18,18.400000000000002,94.2,100500.0,2026-09-21 18:00:00,2026-09-21 18:00:00,1005.0
20260921,180000,70W,23,2026,9,21,18,19.8,93.60000000000001,100400.0,2026-09-21 18:00:00,2026-09-21 18:00:00,1004.0
20260921,180000,70W,23,2026,9,21,18,20.1,93.0,100600.0,2026-09-21 18:00:00,2026-09-21 18:00:00,1006.0
20260921,180000,70W,23,2026,9,21,18,22.6,91.9,100700.0,2026-09-21 18:00:00,2026-09-21 18:00:00,1007.0
20260921,180000,70W,23,2026,9,21,18,22.900000000000002,91.4,100700.0,2026-09-21 18:00:00,2026-09-21 18:00:00,1007.0
20260921,180000,70W,23,2026,9,21,18,22.6,91.9,100900.0,2026-09-21 18:00:00,2026-09-21 18:00:00,1009.0
20260921,180000,70W,23,2026,9,21,18,24.900000000000002,92.5,100600.0,2026-09-21 18:00:00,2026-09-21 18:00:00,1006.0
20260921,180000,70W,23,2026,9,21,18,25.2,90.5,101000.0,2026-09-21 18:00:00,2026-09-21 18:00:00,1010.0
20260921,180000,70W,23,2026,9,21,18,25.2,90.5,101100.0,2026-09-21 18:00:00,2026-09-21 18:00:00,1011.0
20260921,180000,70W,23,2026,9,21,18,26.0,92.10000000000001,101100.0,2026-09-21 18:00:00,2026-09-21 18:00:00,1011.0
20260921,180000,70W,23,2026,9,21,18,25.1,95.9,101100.0,2026-09-21 18:00:00,2026-09-21 18:00:00,1011.0
20260921,180000,70W,23,2026,9,21,18,27.400000000000002,95.3,101100.0,2026-09-21 18:00:00,2026-09-21 18:00:00,1011.0
20260921,180000,70W,23,2026,9,21,18,26.900000000000002,93.60000000000001,101000.0,2026-09-21 18:00:00,2026-09-21 18:00:00,1010.0
20260921,180000,70W,23,2026,9,21,18,26.3,91.9,101100.0,2026-09-21 18:00:00,2026-09-21 18:00:00,1011.0
20260921,180000,70W,24,2026,9,21,18,12.8,141.1,100900.0,2026-09-21 18:00:00,2026-09-21 18:00:00,1009.0
20260921,180000,70W,24,2026,9,21,18,13.0,140.9,100500.0,2026-09-21 18:00:00,2026-09-21 18:00:00,1005.0
20260921,180000,70W,24,2026,9,21,18,13.6,140.3,100800.0,2026-09-21 18:00:00,2026-09-21 18:00:00,1008.0
20260921,180000,70W,24,2026,9,21,18,14.5,139.70000000000002,100600.0,2026-09-21 18:00:00,2026-09-21 18:00:00,1006.0
20260921,180000,70W,24,2026,9,21,18,15.3,138.0,100800.0,2026-09-21 18:00:00,2026-09-21 18:00:00,1008.0
20260921,180000,70W,24,2026,9,21,18,15.9,136.6,100400.0,2026-09-21 18:00:00,2026-09-21 18:00:00,1004.0
20260921,180000,70W,24,2026,9,21,18,17.0,135.8,100700.0,2026-09-21 18:00:00,2026-09-21 18:00:00,1007.0
20260921,180000,70W,24,2026,9,21,18,17.3,134.4,100000.0,2026-09-21 18:00:00,2026-09-21 18:00:00,1000.0
20260921,180000,70W,24,2026,9,21,18,17.8,133.5,100200.0,2026-09-21 18:00:00,2026-09-21 18:00:00,1002.0
20260921,180000,70W,24,2026,9,21,18,18.7,132.7,100100.0,2026-09-21 18:00:00,2026-09-21 18:00:00,1001.0
20260921,180000,70W,24,2026,9,21,18,19.5,131.3,100300.0,2026-09-21 18:00:00,2026-09-21 18:00:00,1003.0
20260921,180000,70W,24,2026,9,21,18,20.1,130.2,99400.0,2026-09-21 18:00:00,2026-09-21 18:00:00,994.0
20260921,180000,70W,24,2026,9,21,18,20.7,129.3,99000.0,2026-09-21 18:00:00,2026-09-21 18:00:00,990.0
20260921,180000,70W,24,2026,9,21,18,21.2,128.8,98700.0,2026-09-21 18:00:00,2026-09-21 18:00:00,987.0
20260921,180000,70W,24,2026,9,21,18,21.5,128.5,98200.0,2026-09-21 18:00:00,2026-09-21 18:00:00,982.0
20260921,180000,70W,24,2026,9,21,18,22.1,127.9,98200.0,2026-09-21 18:00:00,2026-09-21 18:00:00,982.0
20260921,180000,70W,24,2026,9,21,18,22.6,128.2,98000.0,2026-09-21 18:00:00,2026-09-21 18:00:00,980.0
20260921,180000,70W,24,2026,9,21,18,23.5,127.9,98300.0,2026-09-21 18:00:00,2026-09-21 18:00:00,983.0
20260921,180000,70W,24,2026,9,21,18,23.5,127.9,98500.0,2026-09-21 18:00:00,2026-09-21 18:00:00,985.0
20260921,180000,70W,24,2026,9,21,18,24.0,127.60000000000001,98200.0,2026-09-21 18:00:00,2026-09-21 18:00:00,982.0
20260921,180000,70W,24,2026,9,21,18,24.3,127.4,98800.0,2026-09-21 18:00:00,2026-09-21 18:00:00,988.0
20260921,180000,70W,24,2026,9,21,18,24.6,127.4,98800.0,2026-09-21 18:00:00,2026-09-21 18:00:00,988.0
20260921,180000,70W,24,2026,9,21,18,24.900000000000002,127.4,99300.0,2026-09-21 18:00:00,2026-09-21 18:00:00,993.0
20260921,180000,70W,24,2026,9,21,18,25.2,127.10000000000001,99000.0,2026-09-21 18:00:00,2026-09-21 18:00:00,990.0
20260921,180000,70W,24,2026,9,21,18,25.400000000000002,127.10000000000001,99600.0,2026-09-21 18:00:00,2026-09-21 18:00:00,996.0
20260921,180000,70W,24,2026,9,21,18,25.7,127.4,99700.0,2026-09-21 18:00:00,2026-09-21 18:00:00,997.0
20260921,180000,70W,24,2026,9,21,18,26.1,127.10000000000001,99900.0,2026-09-21 18:00:00,2026-09-21 18:00:00,999.0
20260921,180000,70W,24,2026,9,21,18,26.0,127.10000000000001,100000.0,2026-09-21 18:00:00,2026-09-21 18:00:00,1000.0
20260921,180000,70W,24,2026,9,21,18,25.7,127.60000000000001,100100.0,2026-09-21 18:00:00,2026-09-21 18:00:00,1001.0
20260921,180000,70W,24,2026,9,21,18,26.3,127.9,99900.0,2026-09-21 18:00:00,2026-09-21 18:00:00,999.0
20260921,180000,70W,24,2026,9,21,18,26.0,128.5,100200.0,2026-09-21 18:00:00,2026-09-21 18:00:00,1002.0
20260921,180000,70W,24,2026,9,21,18,26.0,128.5,100200.0,2026-09-21 18:00:00,2026-09-21 18:00:00,1002.0
20260921,180000,70W,24,2026,9,21,18,26.0,128.5,100400.0,2026-09-21 18:00:00,2026-09-21 18:00:00,1004.0
20260921,180000,70W,24,2026,9,21,18,26.3,128.2,100300.0,2026-09-21 18:00:00,2026-09-21 18:00:00,1003.0
20260921,180000,70W,24,2026,9,21,18,27.1,127.60000000000001,100600.0,2026-09-21 18:00:00,2026-09-21 18:00:00,1006.0
20260921,180000,70W,24,2026,9,21,18,27.7,127.10000000000001,100500.0,2026-09-21 18:00:00,2026-09-21 18:00:00,1005.0
20260921,180000,70W,24,2026,9,21,18,28.8,127.4,100600.0,2026-09-21 18:00:00,2026-09-21 18:00:00,1006.0
20260921,180000,70W,24,2026,9,21,18,30.0,127.60000000000001,100400.0,2026-09-21 18:00:00,2026-09-21 18:00:00,1004.0
20260921,180000,70W,24,2026,9,21,18,30.8,129.0,100600.0,2026-09-21 18:00:00,2026-09-21 18:00:00,1006.0
20260921,180000,70W,24,2026,9,21,18,32.8,133.0,100400.0,2026-09-21 18:00:00,2026-09-21 18:00:00,1004.0
20260921,180000,70W,25,2026,9,21,18,12.5,142.0,100800.0,2026-09-21 18:00:00,2026-09-21 18:00:00,1008.0
20260921,180000,70W,25,2026,9,21,18,12.8,141.1,100500.0,2026-09-21 18:00:00,2026-09-21 18:00:00,1005.0
20260921,180000,70W,25,2026,9,21,18,13.6,140.3,100800.0,2026-09-21 18:00:00,2026-09-21 18:00:00,1008.0
20260921,180000,70W,25,2026,9,21,18,13.6,139.5,100500.0,2026-09-21 18:00:00,2026-09-21 18:00:00,1005.0
20260921,180000,70W,25,2026,9,21,18,14.5,139.20000000000002,100800.0,2026-09-21 18:00:00,2026-09-21 18:00:00,1008.0
20260921,180000,70W,25,2026,9,21,18,15.0,138.0,100500.0,2026-09-21 18:00:00,2026-09-21 18:00:00,1005.0
20260921,180000,70W,25,2026,9,21,18,15.6,137.20000000000002,100700.0,2026-09-21 18:00:00,2026-09-21 18:00:00,1007.0
20260921,180000,70W,25,2026,9,21,18,16.7,135.8,100500.0,2026-09-21 18:00:00,2026-09-21 18:00:00,1005.0
20260921,180000,70W,25,2026,9,21,18,16.7,134.7,100700.0,2026-09-21 18:00:00,2026-09-21 18:00:00,1007.0
20260921,180000,70W,25,2026,9,21,18,17.8,133.0,100200.0,2026-09-21 18:00:00,2026-09-21 18:00:00,1002.0
20260921,180000,70W,25,2026,9,21,18,18.1,132.1,100000.0,2026-09-21 18:00:00,2026-09-21 18:00:00,1000.0
20260921,180000,70W,25,2026,9,21,18,18.7,130.5,99800.0,2026-09-21 18:00:00,2026-09-21 18:00:00,998.0
20260921,180000,70W,25,2026,9,21,18,19.2,129.6,99500.0,2026-09-21 18:00:00,2026-09-21 18:00:00,995.0
20260921,180000,70W,25,2026,9,21,18,19.8,128.5,98700.0,2026-09-21 18:00:00,2026-09-21 18:00:00,987.0
20260921,180000,70W,25,2026,9,21,18,20.7,127.60000000000001,98400.0,2026-09-21 18:00:00,2026-09-21 18:00:00,984.0
20260921,180000,70W,25,2026,9,21,18,21.5,126.5,98200.0,2026-09-21 18:00:00,2026-09-21 18:00:00,982.0
20260921,180000,70W,25,2026,9,21,18,22.1,125.7,98100.0,2026-09-21 18:00:00,2026-09-21 18:00:00,981.0
20260921,180000,70W,25,2026,9,21,18,23.2,125.4,97800.0,2026-09-21 18:00:00,2026-09-21 18:00:00,978.0
20260921,180000,70W,25,2026,9,21,18,23.8,124.8,97900.0,2026-09-21 18:00:00,2026-09-21 18:00:00,979.0
20260921,180000,70W,25,2026,9,21,18,24.6,125.10000000000001,97800.0,2026-09-21 18:00:00,2026-09-21 18:00:00,978.0
20260921,180000,70W,25,2026,9,21,18,25.400000000000002,125.10000000000001,97600.0,2026-09-21 18:00:00,2026-09-21 18:00:00,976.0
20260921,180000,70W,25,2026,9,21,18,26.0,126.0,97700.0,2026-09-21 18:00:00,2026-09-21 18:00:00,977.0
20260921,180000,70W,25,2026,9,21,18,26.6,126.5,97800.0,2026-09-21 18:00:00,2026-09-21 18:00:00,978.0
20260921,180000,70W,25,2026,9,21,18,26.900000000000002,127.10000000000001,97600.0,2026-09-21 18:00:00,2026-09-21 18:00:00,976.0
20260921,180000,70W,25,2026,9,21,18,27.1,127.60000000000001,98600.0,2026-09-21 18:00:00,2026-09-21 18:00:00,986.0
20260921,180000,70W,25,2026,9,21,18,27.400000000000002,127.9,98900.0,2026-09-21 18:00:00,2026-09-21 18:00:00,989.0
20260921,180000,70W,25,2026,9,21,18,27.400000000000002,129.0,99300.0,2026-09-21 18:00:00,2026-09-21 18:00:00,993.0
20260921,180000,70W,25,2026,9,21,18,27.400000000000002,129.6,99300.0,2026-09-21 18:00:00,2026-09-21 18:00:00,993.0
20260921,180000,70W,25,2026,9,21,18,27.7,130.5,99600.0,2026-09-21 18:00:00,2026-09-21 18:00:00,996.0
20260921,180000,70W,25,2026,9,21,18,28.0,131.0,99700.0,2026-09-21 18:00:00,2026-09-21 18:00:00,997.0
20260921,180000,70W,25,2026,9,21,18,28.3,131.6,100100.0,2026-09-21 18:00:00,2026-09-21 18:00:00,1001.0
20260921,180000,70W,25,2026,9,21,18,28.8,132.4,100000.0,2026-09-21 18:00:00,2026-09-21 18:00:00,1000.0
20260921,180000,70W,25,2026,9,21,18,29.7,133.5,100200.0,2026-09-21 18:00:00,2026-09-21 18:00:00,1002.0
20260921,180000,70W,25,2026,9,21,18,30.900000000000002,135.0,100000.0,2026-09-21 18:00:00,2026-09-21 18:00:00,1000.0
20260921,180000,70W,25,2026,9,21,18,32.5,136.9,100100.0,2026-09-21 18:00:00,2026-09-21 18:00:00,1001.0
20260921,180000,70W,25,2026,9,21,18,34.5,139.70000000000002,99600.0,2026-09-21 18:00:00,2026-09-21 18:00:00,996.0
20260921,180000,70W,25,2026,9,21,18,36.7,143.1,99500.0,2026-09-21 18:00:00,2026-09-21 18:00:00,995.0
20260921,180000,70W,25,2026,9,21,18,38.7,147.6,99000.0,2026-09-21 18:00:00,2026-09-21 18:00:00,990.0
20260921,180000,70W,25,2026,9,21,18,40.9,152.4,99100.0,2026-09-21 18:00:00,2026-09-21 18:00:00,991.0
20260921,180000,70W,25,2026,9,21,18,42.6,157.70000000000002,99200.0,2026-09-21 18:00:00,2026-09-21 18:00:00,992.0
20260921,180000,70W,26,2026,9,21,18,11.3,109.4,100800.0,2026-09-21 18:00:00,2026-09-21 18:00:00,1008.0
20260921,180000,70W,26,2026,9,21,18,10.5,107.10000000000001,100700.0,2026-09-21 18:00:00,2026-09-21 18:00:00,1007.0
20260921,180000,70W,26,2026,9,21,18,12.8,106.0,100700.0,2026-09-21 18:00:00,2026-09-21 18:00:00,1007.0
20260921,180000,70W,26,2026,9,21,18,11.1,105.10000000000001,100800.0,2026-09-21 18:00:00,2026-09-21 18:00:00,1008.0
20260921,180000,70W,26,2026,9,21,18,11.1,105.10000000000001,100700.0,2026-09-21 18:00:00,2026-09-21 18:00:00,1007.0
20260921,180000,70W,26,2026,9,21,18,10.5,104.60000000000001,100700.0,2026-09-21 18:00:00,2026-09-21 18:00:00,1007.0
20260921,180000,70W,26,2026,9,21,18,11.4,105.10000000000001,100700.0,2026-09-21 18:00:00,2026-09-21 18:00:00,1007.0
20260921,180000,70W,26,2026,9,21,18,11.1,103.7,100700.0,2026-09-21 18:00:00,2026-09-21 18:00:00,1007.0
20260921,180000,70W,26,2026,9,21,18,12.200000000000001,104.3,100600.0,2026-09-21 18:00:00,2026-09-21 18:00:00,1006.0
20260921,180000,70W,26,2026,9,21,18,13.1,103.2,100600.0,2026-09-21 18:00:00,2026-09-21 18:00:00,1006.0
20260921,180000,70W,26,2026,9,21,18,13.9,102.0,100600.0,2026-09-21 18:00:00,2026-09-21 18:00:00,1006.0
20260921,180000,70W,26,2026,9,21,18,14.5,100.9,100700.0,2026-09-21 18:00:00,2026-09-21 18:00:00,1007.0
20260921,180000,70W,26,2026,9,21,18,14.700000000000001,100.9,100600.0,2026-09-21 18:00:00,2026-09-21 18:00:00,1006.0
20260921,180000,70W,26,2026,9,21,18,15.4,100.60000000000001,100600.0,2026-09-21 18:00:00,2026-09-21 18:00:00,1006.0
20260921,180000,70W,26,2026,9,21,18,15.700000000000001,100.5,100700.0,2026-09-21 18:00:00,2026-09-21 18:00:00,1007.0
20260921,180000,70W,26,2026,9,21,18,16.4,100.60000000000001,100700.0,2026-09-21 18:00:00,2026-09-21 18:00:00,1007.0
20260921,180000,70W,26,2026,9,21,18,16.4,97.5,100500.0,2026-09-21 18:00:00,2026-09-21 18:00:00,1005.0
20260921,180000,70W,26,2026,9,21,18,16.0,97.5,100400.0,2026-09-21 18:00:00,2026-09-21 18:00:00,1004.0
20260921,180000,70W,26,2026,9,21,18,16.7,97.0,100400.0,2026-09-21 18:00:00,2026-09-21 18:00:00,1004.0
20260921,180000,70W,26,2026,9,21,18,15.3,97.8,100500.0,2026-09-21 18:00:00,2026-09-21 18:00:00,1005.0
20260921,180000,70W,26,2026,9,21,18,15.0,97.5,100500.0,2026-09-21 18:00:00,2026-09-21 18:00:00,1005.0
20260921,180000,70W,26,2026,9,21,18,17.0,97.8,100600.0,2026-09-21 18:00:00,2026-09-21 18:00:00,1006.0
20260921,180000,70W,26,2026,9,21,18,16.4,96.10000000000001,100700.0,2026-09-21 18:00:00,2026-09-21 18:00:00,1007.0
20260921,180000,70W,26,2026,9,21,18,16.4,95.60000000000001,100900.0,2026-09-21 18:00:00,2026-09-21 18:00:00,1009.0
20260921,180000,70W,26,2026,9,21,18,16.4,96.7,100900.0,2026-09-21 18:00:00,2026-09-21 18:00:00,1009.0
20260921,180000,70W,27,2026,9,21,18,13.4,140.8,100700.0,2026-09-21 18:00:00,2026-09-21 18:00:00,1007.0
20260921,180000,70W,27,2026,9,21,18,13.9,140.3,100400.0,2026-09-21 18:00:00,2026-09-21 18:00:00,1004.0
20260921,180000,70W,27,2026,9,21,18,14.5,140.0,100500.0,2026-09-21 18:00:00,2026-09-21 18:00:00,1005.0
20260921,180000,70W,27,2026,9,21,18,15.0,138.6,100000.0,2026-09-21 18:00:00,2026-09-21 18:00:00,1000.0
20260921,180000,70W,27,2026,9,21,18,15.3,137.8,99900.0,2026-09-21 18:00:00,2026-09-21 18:00:00,999.0
20260921,180000,70W,27,2026,9,21,18,15.9,136.9,99100.0,2026-09-21 18:00:00,2026-09-21 18:00:00,991.0
20260921,180000,70W,27,2026,9,21,18,16.7,136.1,98700.0,2026-09-21 18:00:00,2026-09-21 18:00:00,987.0
20260921,180000,70W,27,2026,9,21,18,17.3,135.0,98400.0,2026-09-21 18:00:00,2026-09-21 18:00:00,984.0
20260921,180000,70W,27,2026,9,21,18,18.1,134.4,98100.0,2026-09-21 18:00:00,2026-09-21 18:00:00,981.0
20260921,180000,70W,27,2026,9,21,18,18.400000000000002,133.0,97900.0,2026-09-21 18:00:00,2026-09-21 18:00:00,979.0
20260921,180000,70W,27,2026,9,21,18,19.0,131.9,97600.0,2026-09-21 18:00:00,2026-09-21 18:00:00,976.0
20260921,180000,70W,27,2026,9,21,18,19.5,130.7,97500.0,2026-09-21 18:00:00,2026-09-21 18:00:00,975.0
20260921,180000,70W,27,2026,9,21,18,20.1,129.6,96900.0,2026-09-21 18:00:00,2026-09-21 18:00:00,969.0
20260921,180000,70W,27,2026,9,21,18,20.7,128.8,96500.0,2026-09-21 18:00:00,2026-09-21 18:00:00,965.0
20260921,180000,70W,27,2026,9,21,18,21.2,128.5,96200.0,2026-09-21 18:00:00,2026-09-21 18:00:00,962.0
20260921,180000,70W,27,2026,9,21,18,22.1,127.60000000000001,96300.0,2026-09-21 18:00:00,2026-09-21 18:00:00,963.0
20260921,180000,70W,27,2026,9,21,18,22.900000000000002,127.10000000000001,96200.0,2026-09-21 18:00:00,2026-09-21 18:00:00,962.0
20260921,180000,70W,27,2026,9,21,18,23.5,127.10000000000001,96200.0,2026-09-21 18:00:00,2026-09-21 18:00:00,962.0
20260921,180000,70W,27,2026,9,21,18,24.3,127.10000000000001,96000.0,2026-09-21 18:00:00,2026-09-21 18:00:00,960.0
20260921,180000,70W,27,2026,9,21,18,25.2,127.60000000000001,97000.0,2026-09-21 18:00:00,2026-09-21 18:00:00,970.0
20260921,180000,70W,27,2026,9,21,18,25.7,128.5,96500.0,2026-09-21 18:00:00,2026-09-21 18:00:00,965.0
20260921,180000,70W,27,2026,9,21,18,26.3,129.4,97000.0,2026-09-21 18:00:00,2026-09-21 18:00:00,970.0
20260921,180000,70W,27,2026,9,21,18,26.900000000000002,130.7,97000.0,2026-09-21 18:00:00,2026-09-21 18:00:00,970.0
20260921,180000,70W,27,2026,9,21,18,27.400000000000002,131.9,97300.0,2026-09-21 18:00:00,2026-09-21 18:00:00,973.0
20260921,180000,70W,27,2026,9,21,18,27.7,133.0,97200.0,2026-09-21 18:00:00,2026-09-21 18:00:00,972.0
20260921,180000,70W,27,2026,9,21,18,28.0,133.5,96900.0,2026-09-21 18:00:00,2026-09-21 18:00:00,969.0
20260921,180000,70W,27,2026,9,21,18,28.3,135.0,97600.0,2026-09-21 18:00:00,2026-09-21 18:00:00,976.0
20260921,180000,70W,27,2026,9,21,18,29.1,136.1,97900.0,2026-09-21 18:00:00,2026-09-21 18:00:00,979.0
20260921,180000,70W,27,2026,9,21,18,29.7,137.20000000000002,97700.0,2026-09-21 18:00:00,2026-09-21 18:00:00,977.0
20260921,180000,70W,27,2026,9,21,18,30.5,138.9,97600.0,2026-09-21 18:00:00,2026-09-21 18:00:00,976.0
20260921,180000,70W,27,2026,9,21,18,31.6,141.1,97700.0,2026-09-21 18:00:00,2026-09-21 18:00:00,977.0
20260921,180000,70W,27,2026,9,21,18,33.0,143.4,97700.0,2026-09-21 18:00:00,2026-09-21 18:00:00,977.0
20260921,180000,70W,27,2026,9,21,18,35.0,146.5,97800.0,2026-09-21 18:00:00,2026-09-21 18:00:00,978.0
20260921,180000,70W,27,2026,9,21,18,37.0,150.1,97800.0,2026-09-21 18:00:00,2026-09-21 18:00:00,978.0
20260921,180000,70W,27,2026,9,21,18,39.2,154.4,97800.0,2026-09-21 18:00:00,2026-09-21 18:00:00,978.0
20260921,180000,70W,27,2026,9,21,18,42.1,158.0,97700.0,2026-09-21 18:00:00,2026-09-21 18:00:00,977.0
20260921,180000,70W,27,2026,9,21,18,44.9,162.5,97900.0,2026-09-21 18:00:00,2026-09-21 18:00:00,979.0
20260921,180000,70W,27,2026,9,21,18,47.4,165.9,97800.0,2026-09-21 18:00:00,2026-09-21 18:00:00,978.0
20260921,180000,70W,27,2026,9,21,18,49.4,169.0,97400.0,2026-09-21 18:00:00,2026-09-21 18:00:00,974.0
20260921,180000,70W,27,2026,9,21,18,50.2,172.4,97600.0,2026-09-21 18:00:00,2026-09-21 18:00:00,976.0
20260921,180000,70W,27,2026,9,21,18,50.5,175.70000000000002,98400.0,2026-09-21 18:00:00,2026-09-21 18:00:00,984.0
20260921,180000,70W,27,2026,9,21,18,50.0,179.1,99000.0,2026-09-21 18:00:00,2026-09-21 18:00:00,990.0
20260921,180000,70W,28,2026,9,21,18,10.0,109.4,100900.0,2026-09-21 18:00:00,2026-09-21 18:00:00,1009.0
20260921,180000,70W,28,2026,9,21,18,9.4,108.8,100800.0,2026-09-21 18:00:00,2026-09-21 18:00:00,1008.0
20260921,180000,70W,28,2026,9,21,18,10.8,106.3,100800.0,2026-09-21 18:00:00,2026-09-21 18:00:00,1008.0
20260921,180000,70W,28,2026,9,21,18,10.200000000000001,103.7,100900.0,2026-09-21 18:00:00,2026-09-21 18:00:00,1009.0
20260921,180000,70W,28,2026,9,21,18,10.8,104.9,100700.0,2026-09-21 18:00:00,2026-09-21 18:00:00,1007.0
20260921,180000,70W,28,2026,9,21,18,11.4,104.9,100700.0,2026-09-21 18:00:00,2026-09-21 18:00:00,1007.0
20260921,180000,70W,28,2026,9,21,18,12.5,104.60000000000001,100700.0,2026-09-21 18:00:00,2026-09-21 18:00:00,1007.0
20260921,180000,70W,28,2026,9,21,18,13.0,103.5,100600.0,2026-09-21 18:00:00,2026-09-21 18:00:00,1006.0
20260921,180000,70W,28,2026,9,21,18,13.0,102.9,100700.0,2026-09-21 18:00:00,2026-09-21 18:00:00,1007.0
20260921,180000,70W,28,2026,9,21,18,13.0,102.9,100700.0,2026-09-21 18:00:00,2026-09-21 18:00:00,1007.0
20260921,180000,70W,28,2026,9,21,18,14.200000000000001,101.2,100700.0,2026-09-21 18:00:00,2026-09-21 18:00:00,1007.0
20260921,180000,70W,28,2026,9,21,18,14.5,100.9,100600.0,2026-09-21 18:00:00,2026-09-21 18:00:00,1006.0
20260921,180000,70W,28,2026,9,21,18,15.200000000000001,100.9,100500.0,2026-09-21 18:00:00,2026-09-21 18:00:00,1005.0
20260921,180000,70W,28,2026,9,21,18,15.0,100.60000000000001,100500.0,2026-09-21 18:00:00,2026-09-21 18:00:00,1005.0
20260921,180000,70W,28,2026,9,21,18,15.3,100.60000000000001,100600.0,2026-09-21 18:00:00,2026-09-21 18:00:00,1006.0
20260921,180000,70W,28,2026,9,21,18,15.6,100.60000000000001,100700.0,2026-09-21 18:00:00,2026-09-21 18:00:00,1007.0
20260921,180000,70W,28,2026,9,21,18,15.6,100.60000000000001,100700.0,2026-09-21 18:00:00,2026-09-21 18:00:00,1007.0
20260921,180000,70W,28,2026,9,21,18,15.9,100.60000000000001,100700.0,2026-09-21 18:00:00,2026-09-21 18:00:00,1007.0
20260921,180000,70W,28,2026,9,21,18,15.6,99.5,100800.0,2026-09-21 18:00:00,2026-09-21 18:00:00,1008.0
20260921,180000,70W,28,2026,9,21,18,16.7,100.10000000000001,100900.0,2026-09-21 18:00:00,2026-09-21 18:00:00,1009.0
20260921,180000,70W,29,2026,9,21,18,13.6,141.1,101000.0,2026-09-21 18:00:00,2026-09-21 18:00:00,1010.0
20260921,180000,70W,29,2026,9,21,18,13.3,140.3,100600.0,2026-09-21 18:00:00,2026-09-21 18:00:00,1006.0
20260921,180000,70W,29,2026,9,21,18,13.0,139.5,100900.0,2026-09-21 18:00:00,2026-09-21 18:00:00,1009.0
20260921,180000,70W,29,2026,9,21,18,13.9,138.3,100500.0,2026-09-21 18:00:00,2026-09-21 18:00:00,1005.0
20260921,180000,70W,29,2026,9,21,18,14.200000000000001,137.5,100700.0,2026-09-21 18:00:00,2026-09-21 18:00:00,1007.0
20260921,180000,70W,29,2026,9,21,18,14.700000000000001,136.6,100400.0,2026-09-21 18:00:00,2026-09-21 18:00:00,1004.0
20260921,180000,70W,29,2026,9,21,18,15.3,135.8,100300.0,2026-09-21 18:00:00,2026-09-21 18:00:00,1003.0
20260921,180000,70W,29,2026,9,21,18,15.9,134.4,100000.0,2026-09-21 18:00:00,2026-09-21 18:00:00,1000.0
20260921,180000,70W,29,2026,9,21,18,16.7,133.3,100100.0,2026-09-21 18:00:00,2026-09-21 18:00:00,1001.0
20260921,180000,70W,29,2026,9,21,18,17.3,132.4,99700.0,2026-09-21 18:00:00,2026-09-21 18:00:00,997.0
20260921,180000,70W,29,2026,9,21,18,17.8,131.3,99800.0,2026-09-21 18:00:00,2026-09-21 18:00:00,998.0
20260921,180000,70W,29,2026,9,21,18,18.400000000000002,130.5,99100.0,2026-09-21 18:00:00,2026-09-21 18:00:00,991.0
20260921,180000,70W,29,2026,9,21,18,19.2,129.0,98900.0,2026-09-21 18:00:00,2026-09-21 18:00:00,989.0
20260921,180000,70W,29,2026,9,21,18,19.8,128.2,98500.0,2026-09-21 18:00:00,2026-09-21 18:00:00,985.0
20260921,180000,70W,29,2026,9,21,18,20.1,127.4,98400.0,2026-09-21 18:00:00,2026-09-21 18:00:00,984.0
20260921,180000,70W,29,2026,9,21,18,20.900000000000002,126.8,98200.0,2026-09-21 18:00:00,2026-09-21 18:00:00,982.0
20260921,180000,70W,29,2026,9,21,18,21.2,126.5,98100.0,2026-09-21 18:00:00,2026-09-21 18:00:00,981.0
20260921,180000,70W,29,2026,9,21,18,21.5,126.0,98100.0,2026-09-21 18:00:00,2026-09-21 18:00:00,981.0
20260921,180000,70W,29,2026,9,21,18,22.1,126.2,97700.0,2026-09-21 18:00:00,2026-09-21 18:00:00,977.0
20260921,180000,70W,29,2026,9,21,18,22.3,126.0,97300.0,2026-09-21 18:00:00,2026-09-21 18:00:00,973.0
20260921,180000,70W,29,2026,9,21,18,22.900000000000002,125.7,97900.0,2026-09-21 18:00:00,2026-09-21 18:00:00,979.0
20260921,180000,70W,29,2026,9,21,18,23.2,125.7,97400.0,2026-09-21 18:00:00,2026-09-21 18:00:00,974.0
20260921,180000,70W,29,2026,9,21,18,23.5,125.7,97400.0,2026-09-21 18:00:00,2026-09-21 18:00:00,974.0
20260921,180000,70W,29,2026,9,21,18,23.8,125.4,97500.0,2026-09-21 18:00:00,2026-09-21 18:00:00,975.0
20260921,180000,70W,29,2026,9,21,18,23.8,125.10000000000001,97500.0,2026-09-21 18:00:00,2026-09-21 18:00:00,975.0
20260921,180000,70W,29,2026,9,21,18,24.0,124.5,98100.0,2026-09-21 18:00:00,2026-09-21 18:00:00,981.0
20260921,180000,70W,29,2026,9,21,18,24.3,124.0,98400.0,2026-09-21 18:00:00,2026-09-21 18:00:00,984.0
20260921,180000,70W,29,2026,9,21,18,24.3,123.10000000000001,98700.0,2026-09-21 18:00:00,2026-09-21 18:00:00,987.0
20260921,180000,70W,29,2026,9,21,18,23.8,122.3,100200.0,2026-09-21 18:00:00,2026-09-21 18:00:00,1002.0
20260921,180000,70W,29,2026,9,21,18,24.900000000000002,120.9,100200.0,2026-09-21 18:00:00,2026-09-21 18:00:00,1002.0
20260921,180000,70W,29,2026,9,21,18,25.2,121.2,100500.0,2026-09-21 18:00:00,2026-09-21 18:00:00,1005.0
20260921,180000,70W,29,2026,9,21,18,25.7,120.0,100600.0,2026-09-21 18:00:00,2026-09-21 18:00:00,1006.0
20260921,180000,70W,29,2026,9,21,18,26.0,120.0,100900.0,2026-09-21 18:00:00,2026-09-21 18:00:00,1009.0
20260921,180000,70W,29,2026,9,21,18,26.900000000000002,119.8,100800.0,2026-09-21 18:00:00,2026-09-21 18:00:00,1008.0
20260921,180000,70W,29,2026,9,21,18,26.0,119.5,101100.0,2026-09-21 18:00:00,2026-09-21 18:00:00,1011.0
20260921,180000,70W,30,2026,9,21,18,38.4,147.0,98100.0,2026-09-21 18:00:00,2026-09-21 18:00:00,981.0
20260921,180000,70W,30,2026,9,21,18,39.2,150.1,98200.0,2026-09-21 18:00:00,2026-09-21 18:00:00,982.0
20260921,180000,70W,30,2026,9,21,18,40.1,153.8,98600.0,2026-09-21 18:00:00,2026-09-21 18:00:00,986.0
20260921,180000,70W,30,2026,9,21,18,40.7,157.5,99000.0,2026-09-21 18:00:00,2026-09-21 18:00:00,990.0
20260921,180000,70W,30,2026,9,21,18,42.5,161.70000000000002,99000.0,2026-09-21 18:00:00,2026-09-21 18:00:00,990.0
20260921,180000,70W,31,2026,9,21,18,11.4,103.2,100800.0,2026-09-21 18:00:00,2026-09-21 18:00:00,1008.0
20260921,180000,70W,31,2026,9,21,18,9.1,104.9,100900.0,2026-09-21 18:00:00,2026-09-21 18:00:00,1009.0
20260921,180000,70W,31,2026,9,21,18,10.200000000000001,104.3,100800.0,2026-09-21 18:00:00,2026-09-21 18:00:00,1008.0
20260921,180000,70W,31,2026,9,21,18,10.200000000000001,104.3,100800.0,2026-09-21 18:00:00,2026-09-21 18:00:00,1008.0
20260921,180000,70W,31,2026,9,21,18,10.0,104.60000000000001,100800.0,2026-09-21 18:00:00,2026-09-21 18:00:00,1008.0
20260921,180000,70W,31,2026,9,21,18,10.5,104.60000000000001,100700.0,2026-09-21 18:00:00,2026-09-21 18:00:00,1007.0
20260921,180000,70W,31,2026,9,21,18,12.8,103.7,100800.0,2026-09-21 18:00:00,2026-09-21 18:00:00,1008.0
20260921,180000,70W,31,2026,9,21,18,12.8,104.0,100800.0,2026-09-21 18:00:00,2026-09-21 18:00:00,1008.0
20260921,180000,70W,31,2026,9,21,18,12.5,101.5,100800.0,2026-09-21 18:00:00,2026-09-21 18:00:00,1008.0
20260921,180000,70W,31,2026,9,21,18,14.200000000000001,101.2,100700.0,2026-09-21 18:00:00,2026-09-21 18:00:00,1007.0
20260921,180000,70W,31,2026,9,21,18,13.3,100.60000000000001,100700.0,2026-09-21 18:00:00,2026-09-21 18:00:00,1007.0
20260921,180000,70W,31,2026,9,21,18,13.0,101.5,100700.0,2026-09-21 18:00:00,2026-09-21 18:00:00,1007.0
20260921,180000,70W,31,2026,9,21,18,13.6,101.5,100700.0,2026-09-21 18:00:00,2026-09-21 18:00:00,1007.0
20260921,180000,70W,31,2026,9,21,18,15.3,101.2,100600.0,2026-09-21 18:00:00,2026-09-21 18:00:00,1006.0
20260921,180000,70W,31,2026,9,21,18,15.9,100.4,100600.0,2026-09-21 18:00:00,2026-09-21 18:00:00,1006.0
20260921,180000,70W,31,2026,9,21,18,16.4,100.2,100600.0,2026-09-21 18:00:00,2026-09-21 18:00:00,1006.0
20260921,180000,70W,31,2026,9,21,18,17.6,100.10000000000001,100600.0,2026-09-21 18:00:00,2026-09-21 18:00:00,1006.0
20260921,180000,70W,31,2026,9,21,18,16.7,96.7,100700.0,2026-09-21 18:00:00,2026-09-21 18:00:00,1007.0
20260921,180000,70W,31,2026,9,21,18,17.8,93.60000000000001,101000.0,2026-09-21 18:00:00,2026-09-21 18:00:00,1010.0
20260921,180000,70W,31,2026,9,21,18,20.1,93.9,101100.0,2026-09-21 18:00:00,2026-09-21 18:00:00,1011.0
20260921,180000,70W,31,2026,9,21,18,19.2,92.2,101000.0,2026-09-21 18:00:00,2026-09-21 18:00:00,1010.0
20260921,180000,70W,31,2026,9,21,18,19.5,89.7,101000.0,2026-09-21 18:00:00,2026-09-21 18:00:00,1010.0
20260921,180000,70W,31,2026,9,21,18,19.8,90.0,101100.0,2026-09-21 18:00:00,2026-09-21 18:00:00,1011.0
20260921,180000,70W,31,2026,9,21,18,21.5,89.10000000000001,100900.0,2026-09-21 18:00:00,2026-09-21 18:00:00,1009.0
20260921,180000,70W,31,2026,9,21,18,21.1,90.10000000000001,101000.0,2026-09-21 18:00:00,2026-09-21 18:00:00,1010.0
20260921,180000,70W,31,2026,9,21,18,21.8,90.5,100900.0,2026-09-21 18:00:00,2026-09-21 18:00:00,1009.0
20260921,180000,70W,31,2026,9,21,18,21.8,90.8,101100.0,2026-09-21 18:00:00,2026-09-21 18:00:00,1011.0
20260921,180000,70W,31,2026,9,21,18,21.8,90.2,101000.0,2026-09-21 18:00:00,2026-09-21 18:00:00,1010.0
20260921,180000,70W,31,2026,9,21,18,21.8,90.8,100800.0,2026-09-21 18:00:00,2026-09-21 18:00:00,1008.0
20260921,180000,70W,31,2026,9,21,18,22.3,90.8,100800.0,2026-09-21 18:00:00,2026-09-21 18:00:00,1008.0
20260921,180000,70W,31,2026,9,21,18,22.3,90.8,100700.0,2026-09-21 18:00:00,2026-09-21 18:00:00,1007.0
20260921,180000,70W,31,2026,9,21,18,22.6,91.4,100800.0,2026-09-21 18:00:00,2026-09-21 18:00:00,1008.0
20260921,180000,70W,31,2026,9,21,18,22.6,91.9,100700.0,2026-09-21 18:00:00,2026-09-21 18:00:00,1007.0
20260921,180000,70W,31,2026,9,21,18,24.900000000000002,91.4,101100.0,2026-09-21 18:00:00,2026-09-21 18:00:00,1011.0
20260921,180000,70W,32,2026,9,21,18,12.200000000000001,141.70000000000002,100900.0,2026-09-21 18:00:00,2026-09-21 18:00:00,1009.0
20260921,180000,70W,32,2026,9,21,18,12.5,141.70000000000002,100700.0,2026-09-21 18:00:00,2026-09-21 18:00:00,1007.0
20260921,180000,70W,32,2026,9,21,18,13.6,141.1,100800.0,2026-09-21 18:00:00,2026-09-21 18:00:00,1008.0
20260921,180000,70W,32,2026,9,21,18,14.5,140.0,100500.0,2026-09-21 18:00:00,2026-09-21 18:00:00,1005.0
20260921,180000,70W,32,2026,9,21,18,14.5,138.9,100500.0,2026-09-21 18:00:00,2026-09-21 18:00:00,1005.0
20260921,180000,70W,32,2026,9,21,18,15.3,138.3,99900.0,2026-09-21 18:00:00,2026-09-21 18:00:00,999.0
20260921,180000,70W,32,2026,9,21,18,15.9,136.9,100200.0,2026-09-21 18:00:00,2026-09-21 18:00:00,1002.0
20260921,180000,70W,32,2026,9,21,18,16.7,135.8,99800.0,2026-09-21 18:00:00,2026-09-21 18:00:00,998.0
20260921,180000,70W,32,2026,9,21,18,16.7,134.7,99300.0,2026-09-21 18:00:00,2026-09-21 18:00:00,993.0
20260921,180000,70W,32,2026,9,21,18,17.3,133.5,99100.0,2026-09-21 18:00:00,2026-09-21 18:00:00,991.0
20260921,180000,70W,32,2026,9,21,18,17.6,132.4,98500.0,2026-09-21 18:00:00,2026-09-21 18:00:00,985.0
20260921,180000,70W,32,2026,9,21,18,17.6,131.3,98400.0,2026-09-21 18:00:00,2026-09-21 18:00:00,984.0
20260921,180000,70W,32,2026,9,21,18,17.8,130.5,98100.0,2026-09-21 18:00:00,2026-09-21 18:00:00,981.0
20260921,180000,70W,32,2026,9,21,18,18.400000000000002,129.3,98200.0,2026-09-21 18:00:00,2026-09-21 18:00:00,982.0
20260921,180000,70W,32,2026,9,21,18,19.0,128.2,98200.0,2026-09-21 18:00:00,2026-09-21 18:00:00,982.0
20260921,180000,70W,32,2026,9,21,18,19.5,127.4,97700.0,2026-09-21 18:00:00,2026-09-21 18:00:00,977.0
20260921,180000,70W,32,2026,9,21,18,20.400000000000002,126.5,97500.0,2026-09-21 18:00:00,2026-09-21 18:00:00,975.0
20260921,180000,70W,32,2026,9,21,18,21.2,126.0,97300.0,2026-09-21 18:00:00,2026-09-21 18:00:00,973.0
20260921,180000,70W,32,2026,9,21,18,21.5,125.4,97300.0,2026-09-21 18:00:00,2026-09-21 18:00:00,973.0
20260921,180000,70W,32,2026,9,21,18,22.3,124.8,97400.0,2026-09-21 18:00:00,2026-09-21 18:00:00,974.0
20260921,180000,70W,32,2026,9,21,18,22.900000000000002,124.8,96900.0,2026-09-21 18:00:00,2026-09-21 18:00:00,969.0
20260921,180000,70W,32,2026,9,21,18,23.8,124.5,97100.0,2026-09-21 18:00:00,2026-09-21 18:00:00,971.0
20260921,180000,70W,32,2026,9,21,18,24.0,124.8,97100.0,2026-09-21 18:00:00,2026-09-21 18:00:00,971.0
20260921,180000,70W,32,2026,9,21,18,24.6,124.8,97500.0,2026-09-21 18:00:00,2026-09-21 18:00:00,975.0
20260921,180000,70W,32,2026,9,21,18,24.900000000000002,124.5,97500.0,2026-09-21 18:00:00,2026-09-21 18:00:00,975.0
20260921,180000,70W,32,2026,9,21,18,25.2,124.3,97200.0,2026-09-21 18:00:00,2026-09-21 18:00:00,972.0
20260921,180000,70W,32,2026,9,21,18,25.2,124.3,97700.0,2026-09-21 18:00:00,2026-09-21 18:00:00,977.0
20260921,180000,70W,32,2026,9,21,18,25.2,123.7,98600.0,2026-09-21 18:00:00,2026-09-21 18:00:00,986.0
20260921,180000,70W,32,2026,9,21,18,24.900000000000002,123.4,98900.0,2026-09-21 18:00:00,2026-09-21 18:00:00,989.0
20260921,180000,70W,32,2026,9,21,18,24.6,122.60000000000001,99400.0,2026-09-21 18:00:00,2026-09-21 18:00:00,994.0
20260921,180000,70W,32,2026,9,21,18,22.900000000000002,121.7,100000.0,2026-09-21 18:00:00,2026-09-21 18:00:00,1000.0
20260921,180000,70W,32,2026,9,21,18,23.2,121.5,100000.0,2026-09-21 18:00:00,2026-09-21 18:00:00,1000.0
20260921,180000,70W,32,2026,9,21,18,25.2,121.2,100100.0,2026-09-21 18:00:00,2026-09-21 18:00:00,1001.0
20260921,180000,70W,32,2026,9,21,18,25.400000000000002,120.60000000000001,100000.0,2026-09-21 18:00:00,2026-09-21 18:00:00,1000.0
20260921,180000,70W,32,2026,9,21,18,26.3,120.60000000000001,100300.0,2026-09-21 18:00:00,2026-09-21 18:00:00,1003.0
20260921,180000,70W,32,2026,9,21,18,26.6,120.60000000000001,100400.0,2026-09-21 18:00:00,2026-09-21 18:00:00,1004.0
20260921,180000,70W,32,2026,9,21,18,26.6,120.9,100400.0,2026-09-21 18:00:00,2026-09-21 18:00:00,1004.0
20260921,180000,70W,32,2026,9,21,18,26.6,122.3,100600.0,2026-09-21 18:00:00,2026-09-21 18:00:00,1006.0
20260921,180000,70W,32,2026,9,21,18,26.6,123.10000000000001,100500.0,2026-09-21 18:00:00,2026-09-21 18:00:00,1005.0
20260921,180000,70W,32,2026,9,21,18,26.900000000000002,124.3,100500.0,2026-09-21 18:00:00,2026-09-21 18:00:00,1005.0
20260921,180000,70W,32,2026,9,21,18,27.1,124.8,100400.0,2026-09-21 18:00:00,2026-09-21 18:00:00,1004.0
20260921,180000,70W,32,2026,9,21,18,27.1,125.10000000000001,100600.0,2026-09-21 18:00:00,2026-09-21 18:00:00,1006.0
20260921,180000,70W,32,2026,9,21,18,27.400000000000002,125.4,100600.0,2026-09-21 18:00:00,2026-09-21 18:00:00,1006.0
20260921,180000,70W,32,2026,9,21,18,27.400000000000002,125.4,100900.0,2026-09-21 18:00:00,2026-09-21 18:00:00,1009.0
20260921,180000,70W,32,2026,9,21,18,26.900000000000002,125.10000000000001,100700.0,2026-09-21 18:00:00,2026-09-21 18:00:00,1007.0
20260921,180000,70W,32,2026,9,21,18,26.900000000000002,126.0,100700.0,2026-09-21 18:00:00,2026-09-21 18:00:00,1007.0
20260921,180000,70W,33,2026,9,21,18,13.0,142.5,101000.0,2026-09-21 18:00:00,2026-09-21 18:00:00,1010.0
20260921,180000,70W,33,2026,9,21,18,13.3,141.1,100700.0,2026-09-21 18:00:00,2026-09-21 18:00:00,1007.0
20260921,180000,70W,33,2026,9,21,18,13.0,140.3,101000.0,2026-09-21 18:00:00,2026-09-21 18:00:00,1010.0
20260921,180000,70W,33,2026,9,21,18,13.3,140.6,100800.0,2026-09-21 18:00:00,2026-09-21 18:00:00,1008.0
20260921,180000,70W,33,2026,9,21,18,14.700000000000001,139.20000000000002,101000.0,2026-09-21 18:00:00,2026-09-21 18:00:00,1010.0
20260921,180000,70W,33,2026,9,21,18,15.0,138.6,100700.0,2026-09-21 18:00:00,2026-09-21 18:00:00,1007.0
20260921,180000,70W,33,2026,9,21,18,15.6,137.8,100900.0,2026-09-21 18:00:00,2026-09-21 18:00:00,1009.0
20260921,180000,70W,33,2026,9,21,18,15.6,136.9,100500.0,2026-09-21 18:00:00,2026-09-21 18:00:00,1005.0
20260921,180000,70W,33,2026,9,21,18,15.9,136.1,100500.0,2026-09-21 18:00:00,2026-09-21 18:00:00,1005.0
20260921,180000,70W,33,2026,9,21,18,16.4,135.2,100100.0,2026-09-21 18:00:00,2026-09-21 18:00:00,1001.0
20260921,180000,70W,33,2026,9,21,18,17.0,134.4,100300.0,2026-09-21 18:00:00,2026-09-21 18:00:00,1003.0
20260921,180000,70W,33,2026,9,21,18,17.3,133.3,99800.0,2026-09-21 18:00:00,2026-09-21 18:00:00,998.0
20260921,180000,70W,33,2026,9,21,18,17.3,131.9,100100.0,2026-09-21 18:00:00,2026-09-21 18:00:00,1001.0
20260921,180000,70W,33,2026,9,21,18,17.8,131.0,99600.0,2026-09-21 18:00:00,2026-09-21 18:00:00,996.0
20260921,180000,70W,33,2026,9,21,18,18.1,130.5,99000.0,2026-09-21 18:00:00,2026-09-21 18:00:00,990.0
20260921,180000,70W,33,2026,9,21,18,18.7,129.3,98700.0,2026-09-21 18:00:00,2026-09-21 18:00:00,987.0
20260921,180000,70W,33,2026,9,21,18,18.7,128.5,98900.0,2026-09-21 18:00:00,2026-09-21 18:00:00,989.0
20260921,180000,70W,33,2026,9,21,18,19.2,127.60000000000001,98100.0,2026-09-21 18:00:00,2026-09-21 18:00:00,981.0
20260921,180000,70W,33,2026,9,21,18,19.2,127.10000000000001,97900.0,2026-09-21 18:00:00,2026-09-21 18:00:00,979.0
20260921,180000,70W,33,2026,9,21,18,19.5,126.5,97800.0,2026-09-21 18:00:00,2026-09-21 18:00:00,978.0
20260921,180000,70W,33,2026,9,21,18,19.8,126.5,97100.0,2026-09-21 18:00:00,2026-09-21 18:00:00,971.0
20260921,180000,70W,33,2026,9,21,18,19.8,126.2,96500.0,2026-09-21 18:00:00,2026-09-21 18:00:00,965.0
20260921,180000,70W,33,2026,9,21,18,19.8,126.2,96600.0,2026-09-21 18:00:00,2026-09-21 18:00:00,966.0
20260921,180000,70W,33,2026,9,21,18,20.400000000000002,125.7,96500.0,2026-09-21 18:00:00,2026-09-21 18:00:00,965.0
20260921,180000,70W,33,2026,9,21,18,20.400000000000002,125.4,96400.0,2026-09-21 18:00:00,2026-09-21 18:00:00,964.0
20260921,180000,70W,33,2026,9,21,18,20.7,124.8,96800.0,2026-09-21 18:00:00,2026-09-21 18:00:00,968.0
20260921,180000,70W,33,2026,9,21,18,21.2,124.0,96700.0,2026-09-21 18:00:00,2026-09-21 18:00:00,967.0
20260921,180000,70W,33,2026,9,21,18,21.2,123.4,96900.0,2026-09-21 18:00:00,2026-09-21 18:00:00,969.0
20260921,180000,70W,33,2026,9,21,18,21.5,122.9,98000.0,2026-09-21 18:00:00,2026-09-21 18:00:00,980.0
20260921,180000,70W,33,2026,9,21,18,22.1,121.7,97900.0,2026-09-21 18:00:00,2026-09-21 18:00:00,979.0
20260921,180000,70W,33,2026,9,21,18,22.3,120.60000000000001,99400.0,2026-09-21 18:00:00,2026-09-21 18:00:00,994.0
20260921,180000,70W,33,2026,9,21,18,23.400000000000002,120.2,99600.0,2026-09-21 18:00:00,2026-09-21 18:00:00,996.0
20260921,180000,70W,33,2026,9,21,18,24.2,119.7,100100.0,2026-09-21 18:00:00,2026-09-21 18:00:00,1001.0
20260921,180000,70W,33,2026,9,21,18,24.6,119.2,100000.0,2026-09-21 18:00:00,2026-09-21 18:00:00,1000.0
20260921,180000,70W,33,2026,9,21,18,24.6,118.10000000000001,100500.0,2026-09-21 18:00:00,2026-09-21 18:00:00,1005.0
20260921,180000,70W,33,2026,9,21,18,24.6,118.4,100500.0,2026-09-21 18:00:00,2026-09-21 18:00:00,1005.0
20260921,180000,70W,33,2026,9,21,18,24.6,118.10000000000001,100800.0,2026-09-21 18:00:00,2026-09-21 18:00:00,1008.0
20260921,180000,70W,33,2026,9,21,18,24.6,117.5,100800.0,2026-09-21 18:00:00,2026-09-21 18:00:00,1008.0
20260921,180000,70W,33,2026,9,21,18,26.0,117.2,101000.0,2026-09-21 18:00:00,2026-09-21 18:00:00,1010.0
20260921,180000,70W,34,2026,9,21,18,12.5,141.4,101000.0,2026-09-21 18:00:00,2026-09-21 18:00:00,1010.0
20260921,180000,70W,34,2026,9,21,18,12.5,141.1,100700.0,2026-09-21 18:00:00,2026-09-21 18:00:00,1007.0
20260921,180000,70W,34,2026,9,21,18,13.6,140.6,101000.0,2026-09-21 18:00:00,2026-09-21 18:00:00,1010.0
20260921,180000,70W,34,2026,9,21,18,13.6,140.3,100800.0,2026-09-21 18:00:00,2026-09-21 18:00:00,1008.0
20260921,180000,70W,34,2026,9,21,18,13.9,139.5,101000.0,2026-09-21 18:00:00,2026-09-21 18:00:00,1010.0
20260921,180000,70W,34,2026,9,21,18,13.9,138.3,100700.0,2026-09-21 18:00:00,2026-09-21 18:00:00,1007.0
20260921,180000,70W,34,2026,9,21,18,14.700000000000001,137.3,101000.0,2026-09-21 18:00:00,2026-09-21 18:00:00,1010.0
20260921,180000,70W,34,2026,9,21,18,15.9,136.1,100700.0,2026-09-21 18:00:00,2026-09-21 18:00:00,1007.0
20260921,180000,70W,34,2026,9,21,18,16.1,134.7,100800.0,2026-09-21 18:00:00,2026-09-21 18:00:00,1008.0
20260921,180000,70W,34,2026,9,21,18,16.7,133.8,100500.0,2026-09-21 18:00:00,2026-09-21 18:00:00,1005.0
20260921,180000,70W,34,2026,9,21,18,16.7,132.7,100700.0,2026-09-21 18:00:00,2026-09-21 18:00:00,1007.0
20260921,180000,70W,34,2026,9,21,18,17.0,131.9,100400.0,2026-09-21 18:00:00,2026-09-21 18:00:00,1004.0
20260921,180000,70W,34,2026,9,21,18,17.6,130.5,100500.0,2026-09-21 18:00:00,2026-09-21 18:00:00,1005.0
20260921,180000,70W,34,2026,9,21,18,17.3,129.9,100200.0,2026-09-21 18:00:00,2026-09-21 18:00:00,1002.0
20260921,180000,70W,34,2026,9,21,18,18.400000000000002,129.6,100300.0,2026-09-21 18:00:00,2026-09-21 18:00:00,1003.0
20260921,180000,70W,34,2026,9,21,18,19.0,129.0,99900.0,2026-09-21 18:00:00,2026-09-21 18:00:00,999.0
20260921,180000,70W,34,2026,9,21,18,20.1,128.8,99700.0,2026-09-21 18:00:00,2026-09-21 18:00:00,997.0
20260921,180000,70W,34,2026,9,21,18,20.7,128.2,99500.0,2026-09-21 18:00:00,2026-09-21 18:00:00,995.0
20260921,180000,70W,34,2026,9,21,18,21.2,127.9,99600.0,2026-09-21 18:00:00,2026-09-21 18:00:00,996.0
20260921,180000,70W,34,2026,9,21,18,21.8,127.9,99400.0,2026-09-21 18:00:00,2026-09-21 18:00:00,994.0
20260921,180000,70W,34,2026,9,21,18,22.3,127.9,99500.0,2026-09-21 18:00:00,2026-09-21 18:00:00,995.0
20260921,180000,70W,34,2026,9,21,18,22.6,128.5,99200.0,2026-09-21 18:00:00,2026-09-21 18:00:00,992.0
20260921,180000,70W,34,2026,9,21,18,22.6,128.5,99200.0,2026-09-21 18:00:00,2026-09-21 18:00:00,992.0
20260921,180000,70W,34,2026,9,21,18,22.6,128.2,99000.0,2026-09-21 18:00:00,2026-09-21 18:00:00,990.0
20260921,180000,70W,34,2026,9,21,18,22.3,128.2,99200.0,2026-09-21 18:00:00,2026-09-21 18:00:00,992.0
20260921,180000,70W,34,2026,9,21,18,22.1,127.9,98800.0,2026-09-21 18:00:00,2026-09-21 18:00:00,988.0
20260921,180000,70W,34,2026,9,21,18,21.2,127.4,99000.0,2026-09-21 18:00:00,2026-09-21 18:00:00,990.0
20260921,180000,70W,34,2026,9,21,18,20.900000000000002,127.10000000000001,98800.0,2026-09-21 18:00:00,2026-09-21 18:00:00,988.0
20260921,180000,70W,34,2026,9,21,18,20.1,126.5,99000.0,2026-09-21 18:00:00,2026-09-21 18:00:00,990.0
20260921,180000,70W,34,2026,9,21,18,20.1,125.7,98500.0,2026-09-21 18:00:00,2026-09-21 18:00:00,985.0
20260921,180000,70W,34,2026,9,21,18,19.2,124.8,98500.0,2026-09-21 18:00:00,2026-09-21 18:00:00,985.0
20260921,180000,70W,34,2026,9,21,18,19.5,124.3,98100.0,2026-09-21 18:00:00,2026-09-21 18:00:00,981.0
20260921,180000,70W,34,2026,9,21,18,19.5,122.9,98400.0,2026-09-21 18:00:00,2026-09-21 18:00:00,984.0
20260921,180000,70W,34,2026,9,21,18,19.2,122.0,97900.0,2026-09-21 18:00:00,2026-09-21 18:00:00,979.0
20260921,180000,70W,34,2026,9,21,18,19.5,121.2,98200.0,2026-09-21 18:00:00,2026-09-21 18:00:00,982.0
20260921,180000,70W,34,2026,9,21,18,19.2,120.3,98100.0,2026-09-21 18:00:00,2026-09-21 18:00:00,981.0
20260921,180000,70W,34,2026,9,21,18,19.2,119.5,98200.0,2026-09-21 18:00:00,2026-09-21 18:00:00,982.0
20260921,180000,70W,34,2026,9,21,18,19.2,118.60000000000001,98100.0,2026-09-21 18:00:00,2026-09-21 18:00:00,981.0
20260921,180000,70W,34,2026,9,21,18,19.2,118.4,97800.0,2026-09-21 18:00:00,2026-09-21 18:00:00,978.0
20260921,180000,70W,34,2026,9,21,18,19.2,117.8,97500.0,2026-09-21 18:00:00,2026-09-21 18:00:00,975.0
20260921,180000,70W,34,2026,9,21,18,19.2,117.2,97600.0,2026-09-21 18:00:00,2026-09-21 18:00:00,976.0
20260921,180000,70W,34,2026,9,21,18,19.2,117.2,97300.0,2026-09-21 18:00:00,2026-09-21 18:00:00,973.0
20260921,180000,70W,34,2026,9,21,18,19.8,116.7,97400.0,2026-09-21 18:00:00,2026-09-21 18:00:00,974.0
20260921,180000,70W,34,2026,9,21,18,20.400000000000002,116.4,97000.0,2026-09-21 18:00:00,2026-09-21 18:00:00,970.0
20260921,180000,70W,34,2026,9,21,18,20.7,116.10000000000001,97200.0,2026-09-21 18:00:00,2026-09-21 18:00:00,972.0
20260921,180000,70W,34,2026,9,21,18,21.2,115.5,97600.0,2026-09-21 18:00:00,2026-09-21 18:00:00,976.0
20260921,180000,70W,34,2026,9,21,18,21.5,115.3,97300.0,2026-09-21 18:00:00,2026-09-21 18:00:00,973.0
20260921,180000,70W,34,2026,9,21,18,22.1,115.3,97200.0,2026-09-21 18:00:00,2026-09-21 18:00:00,972.0
20260921,180000,70W,34,2026,9,21,18,22.6,115.0,98200.0,2026-09-21 18:00:00,2026-09-21 18:00:00,982.0
20260921,180000,70W,34,2026,9,21,18,23.5,114.7,99200.0,2026-09-21 18:00:00,2026-09-21 18:00:00,992.0
20260921,180000,70W,34,2026,9,21,18,24.3,114.10000000000001,100200.0,2026-09-21 18:00:00,2026-09-21 18:00:00,1002.0
20260921,180000,70W,34,2026,9,21,18,25.1,115.0,100600.0,2026-09-21 18:00:00,2026-09-21 18:00:00,1006.0
20260921,180000,70W,34,2026,9,21,18,26.0,115.3,100800.0,2026-09-21 18:00:00,2026-09-21 18:00:00,1008.0
20260921,180000,70W,34,2026,9,21,18,26.0,115.3,100800.0,2026-09-21 18:00:00,2026-09-21 18:00:00,1008.0
20260921,180000,70W,34,2026,9,21,18,25.7,116.7,101100.0,2026-09-21 18:00:00,2026-09-21 18:00:00,1011.0
20260921,180000,70W,34,2026,9,21,18,26.3,116.7,101100.0,2026-09-21 18:00:00,2026-09-21 18:00:00,1011.0
20260921,180000,70W,35,2026,9,21,18,12.8,141.70000000000002,100800.0,2026-09-21 18:00:00,2026-09-21 18:00:00,1008.0
20260921,180000,70W,35,2026,9,21,18,13.0,142.0,100700.0,2026-09-21 18:00:00,2026-09-21 18:00:00,1007.0
20260921,180000,70W,35,2026,9,21,18,14.5,142.0,100900.0,2026-09-21 18:00:00,2026-09-21 18:00:00,1009.0
20260921,180000,70W,35,2026,9,21,18,15.6,139.70000000000002,100800.0,2026-09-21 18:00:00,2026-09-21 18:00:00,1008.0
20260921,180000,70W,35,2026,9,21,18,15.3,139.20000000000002,100800.0,2026-09-21 18:00:00,2026-09-21 18:00:00,1008.0
20260921,180000,70W,35,2026,9,21,18,15.6,138.6,100500.0,2026-09-21 18:00:00,2026-09-21 18:00:00,1005.0
20260921,180000,70W,35,2026,9,21,18,16.1,138.0,100700.0,2026-09-21 18:00:00,2026-09-21 18:00:00,1007.0
20260921,180000,70W,35,2026,9,21,18,16.7,136.9,100600.0,2026-09-21 18:00:00,2026-09-21 18:00:00,1006.0
20260921,180000,70W,35,2026,9,21,18,17.6,134.4,100700.0,2026-09-21 18:00:00,2026-09-21 18:00:00,1007.0
20260921,180000,70W,35,2026,9,21,18,17.7,133.9,100400.0,2026-09-21 18:00:00,2026-09-21 18:00:00,1004.0
20260921,180000,70W,35,2026,9,21,18,17.8,132.7,100700.0,2026-09-21 18:00:00,2026-09-21 18:00:00,1007.0
20260921,180000,70W,35,2026,9,21,18,17.6,132.1,100500.0,2026-09-21 18:00:00,2026-09-21 18:00:00,1005.0
20260921,180000,70W,35,2026,9,21,18,18.400000000000002,131.6,100600.0,2026-09-21 18:00:00,2026-09-21 18:00:00,1006.0
20260921,180000,70W,35,2026,9,21,18,18.7,129.9,100300.0,2026-09-21 18:00:00,2026-09-21 18:00:00,1003.0
20260921,180000,70W,35,2026,9,21,18,19.2,129.0,100600.0,2026-09-21 18:00:00,2026-09-21 18:00:00,1006.0
20260921,180000,70W,35,2026,9,21,18,19.2,128.2,100400.0,2026-09-21 18:00:00,2026-09-21 18:00:00,1004.0
20260921,180000,70W,35,2026,9,21,18,19.5,127.60000000000001,100700.0,2026-09-21 18:00:00,2026-09-21 18:00:00,1007.0
20260921,180000,70W,35,2026,9,21,18,20.1,126.8,100500.0,2026-09-21 18:00:00,2026-09-21 18:00:00,1005.0
20260921,180000,70W,35,2026,9,21,18,20.1,126.8,100700.0,2026-09-21 18:00:00,2026-09-21 18:00:00,1007.0
20260921,180000,70W,35,2026,9,21,18,20.7,126.5,100700.0,2026-09-21 18:00:00,2026-09-21 18:00:00,1007.0
20260921,180000,70W,35,2026,9,21,18,21.5,126.4,100800.0,2026-09-21 18:00:00,2026-09-21 18:00:00,1008.0
20260921,180000,70W,35,2026,9,21,18,22.6,126.5,100900.0,2026-09-21 18:00:00,2026-09-21 18:00:00,1009.0
20260921,180000,70W,35,2026,9,21,18,24.3,126.2,101100.0,2026-09-21 18:00:00,2026-09-21 18:00:00,1011.0
20260921,180000,70W,35,2026,9,21,18,24.3,125.7,100900.0,2026-09-21 18:00:00,2026-09-21 18:00:00,1009.0
20260921,180000,70W,35,2026,9,21,18,24.0,125.7,101100.0,2026-09-21 18:00:00,2026-09-21 18:00:00,1011.0
20260921,180000,70W,35,2026,9,21,18,24.0,125.7,101000.0,2026-09-21 18:00:00,2026-09-21 18:00:00,1010.0
20260921,180000,70W,35,2026,9,21,18,24.6,125.7,101200.0,2026-09-21 18:00:00,2026-09-21 18:00:00,1012.0
20260921,180000,70W,35,2026,9,21,18,24.900000000000002,125.7,100900.0,2026-09-21 18:00:00,2026-09-21 18:00:00,1009.0
20260921,180000,70W,35,2026,9,21,18,26.3,125.10000000000001,101100.0,2026-09-21 18:00:00,2026-09-21 18:00:00,1011.0
20260921,180000,70W,35,2026,9,21,18,27.1,125.7,101100.0,2026-09-21 18:00:00,2026-09-21 18:00:00,1011.0
20260921,180000,70W,35,2026,9,21,18,28.0,126.5,101100.0,2026-09-21 18:00:00,2026-09-21 18:00:00,1011.0
20260921,180000,70W,36,2026,9,21,18,10.200000000000001,108.0,100900.0,2026-09-21 18:00:00,2026-09-21 18:00:00,1009.0
20260921,180000,70W,36,2026,9,21,18,10.8,106.8,100700.0,2026-09-21 18:00:00,2026-09-21 18:00:00,1007.0
20260921,180000,70W,36,2026,9,21,18,10.5,106.9,100800.0,2026-09-21 18:00:00,2026-09-21 18:00:00,1008.0
20260921,180000,70W,36,2026,9,21,18,10.200000000000001,108.0,100800.0,2026-09-21 18:00:00,2026-09-21 18:00:00,1008.0
20260921,180000,70W,36,2026,9,21,18,10.200000000000001,108.2,100800.0,2026-09-21 18:00:00,2026-09-21 18:00:00,1008.0
20260921,180000,70W,36,2026,9,21,18,10.3,107.9,100700.0,2026-09-21 18:00:00,2026-09-21 18:00:00,1007.0
20260921,180000,70W,36,2026,9,21,18,11.4,106.8,100900.0,2026-09-21 18:00:00,2026-09-21 18:00:00,1009.0
20260921,180000,70W,36,2026,9,21,18,12.5,104.60000000000001,100900.0,2026-09-21 18:00:00,2026-09-21 18:00:00,1009.0
20260921,180000,70W,36,2026,9,21,18,13.200000000000001,103.9,100800.0,2026-09-21 18:00:00,2026-09-21 18:00:00,1008.0
20260921,180000,70W,36,2026,9,21,18,13.9,103.5,100900.0,2026-09-21 18:00:00,2026-09-21 18:00:00,1009.0
20260921,180000,70W,36,2026,9,21,18,13.3,103.60000000000001,100900.0,2026-09-21 18:00:00,2026-09-21 18:00:00,1009.0
20260921,180000,70W,36,2026,9,21,18,14.200000000000001,101.2,100800.0,2026-09-21 18:00:00,2026-09-21 18:00:00,1008.0
20260921,180000,70W,36,2026,9,21,18,16.1,99.8,100700.0,2026-09-21 18:00:00,2026-09-21 18:00:00,1007.0
20260921,180000,70W,36,2026,9,21,18,14.9,100.60000000000001,100700.0,2026-09-21 18:00:00,2026-09-21 18:00:00,1007.0
20260921,180000,70W,36,2026,9,21,18,15.0,100.9,100800.0,2026-09-21 18:00:00,2026-09-21 18:00:00,1008.0
20260921,180000,70W,36,2026,9,21,18,16.4,100.4,100600.0,2026-09-21 18:00:00,2026-09-21 18:00:00,1006.0
20260921,180000,70W,36,2026,9,21,18,17.0,100.10000000000001,100500.0,2026-09-21 18:00:00,2026-09-21 18:00:00,1005.0
20260921,180000,70W,36,2026,9,21,18,15.0,97.5,100600.0,2026-09-21 18:00:00,2026-09-21 18:00:00,1006.0
20260921,180000,70W,36,2026,9,21,18,16.1,97.5,100600.0,2026-09-21 18:00:00,2026-09-21 18:00:00,1006.0
20260921,180000,70W,37,2026,9,21,18,13.0,141.4,101000.0,2026-09-21 18:00:00,2026-09-21 18:00:00,1010.0
20260921,180000,70W,37,2026,9,21,18,13.0,141.1,100600.0,2026-09-21 18:00:00,2026-09-21 18:00:00,1006.0
20260921,180000,70W,37,2026,9,21,18,13.6,141.4,100900.0,2026-09-21 18:00:00,2026-09-21 18:00:00,1009.0
20260921,180000,70W,37,2026,9,21,18,14.700000000000001,139.70000000000002,100600.0,2026-09-21 18:00:00,2026-09-21 18:00:00,1006.0
20260921,180000,70W,37,2026,9,21,18,15.6,139.5,100700.0,2026-09-21 18:00:00,2026-09-21 18:00:00,1007.0
20260921,180000,70W,37,2026,9,21,18,16.4,137.8,100200.0,2026-09-21 18:00:00,2026-09-21 18:00:00,1002.0
20260921,180000,70W,37,2026,9,21,18,17.0,136.6,100200.0,2026-09-21 18:00:00,2026-09-21 18:00:00,1002.0
20260921,180000,70W,37,2026,9,21,18,17.3,135.5,99600.0,2026-09-21 18:00:00,2026-09-21 18:00:00,996.0
20260921,180000,70W,37,2026,9,21,18,17.8,134.4,99600.0,2026-09-21 18:00:00,2026-09-21 18:00:00,996.0
20260921,180000,70W,37,2026,9,21,18,18.400000000000002,133.5,99100.0,2026-09-21 18:00:00,2026-09-21 18:00:00,991.0
20260921,180000,70W,37,2026,9,21,18,19.0,132.4,99200.0,2026-09-21 18:00:00,2026-09-21 18:00:00,992.0
20260921,180000,70W,37,2026,9,21,18,19.8,131.6,98900.0,2026-09-21 18:00:00,2026-09-21 18:00:00,989.0
20260921,180000,70W,37,2026,9,21,18,20.1,130.2,98700.0,2026-09-21 18:00:00,2026-09-21 18:00:00,987.0
20260921,180000,70W,37,2026,9,21,18,20.7,129.3,98000.0,2026-09-21 18:00:00,2026-09-21 18:00:00,980.0
20260921,180000,70W,37,2026,9,21,18,21.5,128.2,97900.0,2026-09-21 18:00:00,2026-09-21 18:00:00,979.0
20260921,180000,70W,37,2026,9,21,18,22.1,127.4,97900.0,2026-09-21 18:00:00,2026-09-21 18:00:00,979.0
20260921,180000,70W,37,2026,9,21,18,23.2,127.10000000000001,97900.0,2026-09-21 18:00:00,2026-09-21 18:00:00,979.0
20260921,180000,70W,37,2026,9,21,18,23.8,126.5,97700.0,2026-09-21 18:00:00,2026-09-21 18:00:00,977.0
20260921,180000,70W,37,2026,9,21,18,24.6,126.5,97500.0,2026-09-21 18:00:00,2026-09-21 18:00:00,975.0
20260921,180000,70W,37,2026,9,21,18,25.400000000000002,126.8,98100.0,2026-09-21 18:00:00,2026-09-21 18:00:00,981.0
20260921,180000,70W,37,2026,9,21,18,26.3,127.4,98400.0,2026-09-21 18:00:00,2026-09-21 18:00:00,984.0
20260921,180000,70W,37,2026,9,21,18,27.400000000000002,127.9,98100.0,2026-09-21 18:00:00,2026-09-21 18:00:00,981.0
20260921,180000,70W,37,2026,9,21,18,27.7,129.0,98400.0,2026-09-21 18:00:00,2026-09-21 18:00:00,984.0
20260921,180000,70W,37,2026,9,21,18,28.0,130.2,98800.0,2026-09-21 18:00:00,2026-09-21 18:00:00,988.0
20260921,180000,70W,37,2026,9,21,18,28.5,131.6,98900.0,2026-09-21 18:00:00,2026-09-21 18:00:00,989.0
20260921,180000,70W,37,2026,9,21,18,29.1,133.3,99000.0,2026-09-21 18:00:00,2026-09-21 18:00:00,990.0
20260921,180000,70W,37,2026,9,21,18,28.8,135.0,99700.0,2026-09-21 18:00:00,2026-09-21 18:00:00,997.0
20260921,180000,70W,37,2026,9,21,18,29.400000000000002,136.4,99400.0,2026-09-21 18:00:00,2026-09-21 18:00:00,994.0
20260921,180000,70W,37,2026,9,21,18,29.400000000000002,137.5,99700.0,2026-09-21 18:00:00,2026-09-21 18:00:00,997.0
20260921,180000,70W,37,2026,9,21,18,30.0,138.6,99600.0,2026-09-21 18:00:00,2026-09-21 18:00:00,996.0
20260921,180000,70W,37,2026,9,21,18,30.2,139.70000000000002,99900.0,2026-09-21 18:00:00,2026-09-21 18:00:00,999.0
20260921,180000,70W,37,2026,9,21,18,30.5,141.70000000000002,99900.0,2026-09-21 18:00:00,2026-09-21 18:00:00,999.0
20260921,180000,70W,37,2026,9,21,18,32.2,143.4,99800.0,2026-09-21 18:00:00,2026-09-21 18:00:00,998.0
20260921,180000,70W,37,2026,9,21,18,32.8,145.1,99800.0,2026-09-21 18:00:00,2026-09-21 18:00:00,998.0
20260921,180000,70W,37,2026,9,21,18,33.9,146.8,99900.0,2026-09-21 18:00:00,2026-09-21 18:00:00,999.0
20260921,180000,70W,37,2026,9,21,18,35.9,148.5,99800.0,2026-09-21 18:00:00,2026-09-21 18:00:00,998.0
20260921,180000,70W,38,2026,9,21,18,13.0,141.70000000000002,100600.0,2026-09-21 18:00:00,2026-09-21 18:00:00,1006.0
20260921,180000,70W,38,2026,9,21,18,13.9,140.6,100200.0,2026-09-21 18:00:00,2026-09-21 18:00:00,1002.0
20260921,180000,70W,38,2026,9,21,18,14.700000000000001,140.0,100200.0,2026-09-21 18:00:00,2026-09-21 18:00:00,1002.0
20260921,180000,70W,38,2026,9,21,18,15.6,139.20000000000002,99500.0,2026-09-21 18:00:00,2026-09-21 18:00:00,995.0
20260921,180000,70W,38,2026,9,21,18,16.4,138.0,98800.0,2026-09-21 18:00:00,2026-09-21 18:00:00,988.0
20260921,180000,70W,38,2026,9,21,18,17.3,136.9,99100.0,2026-09-21 18:00:00,2026-09-21 18:00:00,991.0
20260921,180000,70W,38,2026,9,21,18,17.8,136.1,99500.0,2026-09-21 18:00:00,2026-09-21 18:00:00,995.0
20260921,180000,70W,38,2026,9,21,18,18.400000000000002,135.0,99400.0,2026-09-21 18:00:00,2026-09-21 18:00:00,994.0
20260921,180000,70W,38,2026,9,21,18,19.0,133.5,99500.0,2026-09-21 18:00:00,2026-09-21 18:00:00,995.0
20260921,180000,70W,38,2026,9,21,18,19.8,132.7,99300.0,2026-09-21 18:00:00,2026-09-21 18:00:00,993.0
20260921,180000,70W,38,2026,9,21,18,20.400000000000002,131.6,99300.0,2026-09-21 18:00:00,2026-09-21 18:00:00,993.0
20260921,180000,70W,38,2026,9,21,18,20.900000000000002,130.7,98900.0,2026-09-21 18:00:00,2026-09-21 18:00:00,989.0
20260921,180000,70W,38,2026,9,21,18,21.5,129.9,99200.0,2026-09-21 18:00:00,2026-09-21 18:00:00,992.0
20260921,180000,70W,38,2026,9,21,18,22.3,129.0,98500.0,2026-09-21 18:00:00,2026-09-21 18:00:00,985.0
20260921,180000,70W,38,2026,9,21,18,22.900000000000002,128.8,98300.0,2026-09-21 18:00:00,2026-09-21 18:00:00,983.0
20260921,180000,70W,38,2026,9,21,18,23.8,128.8,98200.0,2026-09-21 18:00:00,2026-09-21 18:00:00,982.0
20260921,180000,70W,38,2026,9,21,18,24.6,128.8,98000.0,2026-09-21 18:00:00,2026-09-21 18:00:00,980.0
20260921,180000,70W,38,2026,9,21,18,25.2,129.0,98200.0,2026-09-21 18:00:00,2026-09-21 18:00:00,982.0
20260921,180000,70W,38,2026,9,21,18,25.7,129.9,98400.0,2026-09-21 18:00:00,2026-09-21 18:00:00,984.0
20260921,180000,70W,38,2026,9,21,18,26.6,130.5,97800.0,2026-09-21 18:00:00,2026-09-21 18:00:00,978.0
20260921,180000,70W,38,2026,9,21,18,26.900000000000002,131.9,98200.0,2026-09-21 18:00:00,2026-09-21 18:00:00,982.0
20260921,180000,70W,38,2026,9,21,18,27.1,132.7,98200.0,2026-09-21 18:00:00,2026-09-21 18:00:00,982.0
20260921,180000,70W,38,2026,9,21,18,27.400000000000002,134.4,98900.0,2026-09-21 18:00:00,2026-09-21 18:00:00,989.0
20260921,180000,70W,38,2026,9,21,18,27.7,135.2,98900.0,2026-09-21 18:00:00,2026-09-21 18:00:00,989.0
20260921,180000,70W,38,2026,9,21,18,27.7,136.4,99300.0,2026-09-21 18:00:00,2026-09-21 18:00:00,993.0
20260921,180000,70W,38,2026,9,21,18,28.3,137.20000000000002,98800.0,2026-09-21 18:00:00,2026-09-21 18:00:00,988.0
20260921,180000,70W,38,2026,9,21,18,28.5,137.8,99400.0,2026-09-21 18:00:00,2026-09-21 18:00:00,994.0
20260921,180000,70W,38,2026,9,21,18,28.5,138.6,99400.0,2026-09-21 18:00:00,2026-09-21 18:00:00,994.0
20260921,180000,70W,38,2026,9,21,18,28.8,139.70000000000002,99400.0,2026-09-21 18:00:00,2026-09-21 18:00:00,994.0
20260921,180000,70W,38,2026,9,21,18,29.1,140.6,99500.0,2026-09-21 18:00:00,2026-09-21 18:00:00,995.0
20260921,180000,70W,38,2026,9,21,18,29.7,142.0,99800.0,2026-09-21 18:00:00,2026-09-21 18:00:00,998.0
20260921,180000,70W,38,2026,9,21,18,30.8,143.4,99700.0,2026-09-21 18:00:00,2026-09-21 18:00:00,997.0
20260921,180000,70W,38,2026,9,21,18,32.8,146.20000000000002,99800.0,2026-09-21 18:00:00,2026-09-21 18:00:00,998.0
20260921,180000,70W,38,2026,9,21,18,35.300000000000004,149.0,99200.0,2026-09-21 18:00:00,2026-09-21 18:00:00,992.0
20260921,180000,70W,38,2026,9,21,18,37.300000000000004,152.4,99300.0,2026-09-21 18:00:00,2026-09-21 18:00:00,993.0
20260921,180000,70W,39,2026,9,21,18,12.200000000000001,142.0,100900.0,2026-09-21 18:00:00,2026-09-21 18:00:00,1009.0
20260921,180000,70W,39,2026,9,21,18,12.9,141.3,100600.0,2026-09-21 18:00:00,2026-09-21 18:00:00,1006.0
20260921,180000,70W,39,2026,9,21,18,13.9,140.6,100800.0,2026-09-21 18:00:00,2026-09-21 18:00:00,1008.0
20260921,180000,70W,39,2026,9,21,18,14.5,140.0,100500.0,2026-09-21 18:00:00,2026-09-21 18:00:00,1005.0
20260921,180000,70W,39,2026,9,21,18,15.6,138.6,100700.0,2026-09-21 18:00:00,2026-09-21 18:00:00,1007.0
20260921,180000,70W,39,2026,9,21,18,15.9,137.20000000000002,100300.0,2026-09-21 18:00:00,2026-09-21 18:00:00,1003.0
20260921,180000,70W,39,2026,9,21,18,16.7,135.8,100500.0,2026-09-21 18:00:00,2026-09-21 18:00:00,1005.0
20260921,180000,70W,39,2026,9,21,18,17.0,135.0,99900.0,2026-09-21 18:00:00,2026-09-21 18:00:00,999.0
20260921,180000,70W,39,2026,9,21,18,17.6,133.5,99800.0,2026-09-21 18:00:00,2026-09-21 18:00:00,998.0
20260921,180000,70W,39,2026,9,21,18,18.1,132.7,99400.0,2026-09-21 18:00:00,2026-09-21 18:00:00,994.0
20260921,180000,70W,39,2026,9,21,18,18.7,131.6,99100.0,2026-09-21 18:00:00,2026-09-21 18:00:00,991.0
20260921,180000,70W,39,2026,9,21,18,19.0,130.2,98500.0,2026-09-21 18:00:00,2026-09-21 18:00:00,985.0
20260921,180000,70W,39,2026,9,21,18,19.8,129.0,98500.0,2026-09-21 18:00:00,2026-09-21 18:00:00,985.0
20260921,180000,70W,39,2026,9,21,18,20.400000000000002,127.9,98400.0,2026-09-21 18:00:00,2026-09-21 18:00:00,984.0
20260921,180000,70W,39,2026,9,21,18,20.7,127.4,98200.0,2026-09-21 18:00:00,2026-09-21 18:00:00,982.0
20260921,180000,70W,39,2026,9,21,18,21.5,126.2,97900.0,2026-09-21 18:00:00,2026-09-21 18:00:00,979.0
20260921,180000,70W,39,2026,9,21,18,21.8,125.4,98100.0,2026-09-21 18:00:00,2026-09-21 18:00:00,981.0
20260921,180000,70W,39,2026,9,21,18,22.3,125.10000000000001,97300.0,2026-09-21 18:00:00,2026-09-21 18:00:00,973.0
20260921,180000,70W,39,2026,9,21,18,22.900000000000002,125.10000000000001,97100.0,2026-09-21 18:00:00,2026-09-21 18:00:00,971.0
20260921,180000,70W,39,2026,9,21,18,23.2,125.10000000000001,96300.0,2026-09-21 18:00:00,2026-09-21 18:00:00,963.0
20260921,180000,70W,39,2026,9,21,18,23.8,125.4,96600.0,2026-09-21 18:00:00,2026-09-21 18:00:00,966.0
20260921,180000,70W,39,2026,9,21,18,24.3,125.10000000000001,96400.0,2026-09-21 18:00:00,2026-09-21 18:00:00,964.0
20260921,180000,70W,39,2026,9,21,18,24.6,125.10000000000001,96000.0,2026-09-21 18:00:00,2026-09-21 18:00:00,960.0
20260921,180000,70W,39,2026,9,21,18,24.900000000000002,125.10000000000001,96500.0,2026-09-21 18:00:00,2026-09-21 18:00:00,965.0
20260921,180000,70W,39,2026,9,21,18,25.2,125.4,97700.0,2026-09-21 18:00:00,2026-09-21 18:00:00,977.0
20260921,180000,70W,39,2026,9,21,18,26.0,125.10000000000001,98200.0,2026-09-21 18:00:00,2026-09-21 18:00:00,982.0
20260921,180000,70W,39,2026,9,21,18,26.0,125.10000000000001,98700.0,2026-09-21 18:00:00,2026-09-21 18:00:00,987.0
20260921,180000,70W,39,2026,9,21,18,26.3,125.10000000000001,98900.0,2026-09-21 18:00:00,2026-09-21 18:00:00,989.0
20260921,180000,70W,39,2026,9,21,18,26.3,125.10000000000001,99200.0,2026-09-21 18:00:00,2026-09-21 18:00:00,992.0
20260921,180000,70W,39,2026,9,21,18,26.6,125.10000000000001,99400.0,2026-09-21 18:00:00,2026-09-21 18:00:00,994.0
20260921,180000,70W,39,2026,9,21,18,27.1,126.0,99800.0,2026-09-21 18:00:00,2026-09-21 18:00:00,998.0
20260921,180000,70W,39,2026,9,21,18,27.7,125.7,99800.0,2026-09-21 18:00:00,2026-09-21 18:00:00,998.0
20260921,180000,70W,39,2026,9,21,18,27.6,126.3,100000.0,2026-09-21 18:00:00,2026-09-21 18:00:00,1000.0
20260921,180000,70W,39,2026,9,21,18,27.400000000000002,127.4,99800.0,2026-09-21 18:00:00,2026-09-21 18:00:00,998.0
20260921,180000,70W,39,2026,9,21,18,27.400000000000002,127.9,100000.0,2026-09-21 18:00:00,2026-09-21 18:00:00,1000.0
20260921,180000,70W,39,2026,9,21,18,27.7,129.0,99700.0,2026-09-21 18:00:00,2026-09-21 18:00:00,997.0
20260921,180000,70W,39,2026,9,21,18,28.3,129.9,99600.0,2026-09-21 18:00:00,2026-09-21 18:00:00,996.0
20260921,180000,70W,39,2026,9,21,18,28.5,130.7,99200.0,2026-09-21 18:00:00,2026-09-21 18:00:00,992.0
20260921,180000,70W,39,2026,9,21,18,29.400000000000002,131.9,98900.0,2026-09-21 18:00:00,2026-09-21 18:00:00,989.0
20260921,180000,70W,39,2026,9,21,18,30.2,133.0,98800.0,2026-09-21 18:00:00,2026-09-21 18:00:00,988.0
20260921,180000,70W,39,2026,9,21,18,31.400000000000002,134.7,98900.0,2026-09-21 18:00:00,2026-09-21 18:00:00,989.0
20260921,180000,70W,39,2026,9,21,18,31.900000000000002,136.9,99000.0,2026-09-21 18:00:00,2026-09-21 18:00:00,990.0
20260921,180000,70W,39,2026,9,21,18,32.8,138.9,99000.0,2026-09-21 18:00:00,2026-09-21 18:00:00,990.0
20260921,180000,70W,39,2026,9,21,18,32.8,140.3,99200.0,2026-09-21 18:00:00,2026-09-21 18:00:00,992.0
20260921,180000,70W,39,2026,9,21,18,33.0,141.70000000000002,99600.0,2026-09-21 18:00:00,2026-09-21 18:00:00,996.0
20260921,180000,70W,39,2026,9,21,18,33.0,142.5,99800.0,2026-09-21 18:00:00,2026-09-21 18:00:00,998.0
20260921,180000,70W,40,2026,9,21,18,13.0,142.5,101000.0,2026-09-21 18:00:00,2026-09-21 18:00:00,1010.0
20260921,180000,70W,40,2026,9,21,18,13.3,140.9,100700.0,2026-09-21 18:00:00,2026-09-21 18:00:00,1007.0
20260921,180000,70W,40,2026,9,21,18,13.3,140.6,101000.0,2026-09-21 18:00:00,2026-09-21 18:00:00,1010.0
20260921,180000,70W,40,2026,9,21,18,13.8,140.5,100900.0,2026-09-21 18:00:00,2026-09-21 18:00:00,1009.0
20260921,180000,70W,40,2026,9,21,18,15.0,138.3,101000.0,2026-09-21 18:00:00,2026-09-21 18:00:00,1010.0
20260921,180000,70W,40,2026,9,21,18,16.7,135.5,101000.0,2026-09-21 18:00:00,2026-09-21 18:00:00,1010.0
20260921,180000,70W,40,2026,9,21,18,15.6,135.0,100700.0,2026-09-21 18:00:00,2026-09-21 18:00:00,1007.0
20260921,180000,70W,40,2026,9,21,18,15.3,134.1,100900.0,2026-09-21 18:00:00,2026-09-21 18:00:00,1009.0
20260921,180000,70W,40,2026,9,21,18,17.0,133.5,100600.0,2026-09-21 18:00:00,2026-09-21 18:00:00,1006.0
20260921,180000,70W,40,2026,9,21,18,16.7,132.1,100800.0,2026-09-21 18:00:00,2026-09-21 18:00:00,1008.0
20260921,180000,70W,40,2026,9,21,18,17.2,131.4,100700.0,2026-09-21 18:00:00,2026-09-21 18:00:00,1007.0
20260921,180000,70W,40,2026,9,21,18,17.8,130.2,100500.0,2026-09-21 18:00:00,2026-09-21 18:00:00,1005.0
20260921,180000,70W,40,2026,9,21,18,18.1,129.3,100600.0,2026-09-21 18:00:00,2026-09-21 18:00:00,1006.0
20260921,180000,70W,40,2026,9,21,18,18.400000000000002,129.0,100400.0,2026-09-21 18:00:00,2026-09-21 18:00:00,1004.0
20260921,180000,70W,40,2026,9,21,18,19.8,128.2,100600.0,2026-09-21 18:00:00,2026-09-21 18:00:00,1006.0
20260921,180000,70W,40,2026,9,21,18,19.5,126.8,100300.0,2026-09-21 18:00:00,2026-09-21 18:00:00,1003.0
20260921,180000,70W,40,2026,9,21,18,20.1,126.8,100400.0,2026-09-21 18:00:00,2026-09-21 18:00:00,1004.0
20260921,180000,70W,40,2026,9,21,18,20.400000000000002,125.7,100100.0,2026-09-21 18:00:00,2026-09-21 18:00:00,1001.0
20260921,180000,70W,40,2026,9,21,18,20.400000000000002,124.8,100200.0,2026-09-21 18:00:00,2026-09-21 18:00:00,1002.0
20260921,180000,70W,40,2026,9,21,18,20.900000000000002,124.3,99800.0,2026-09-21 18:00:00,2026-09-21 18:00:00,998.0
20260921,180000,70W,40,2026,9,21,18,21.2,123.4,99900.0,2026-09-21 18:00:00,2026-09-21 18:00:00,999.0
20260921,180000,70W,40,2026,9,21,18,21.8,122.9,99700.0,2026-09-21 18:00:00,2026-09-21 18:00:00,997.0
20260921,180000,70W,40,2026,9,21,18,21.8,122.9,99600.0,2026-09-21 18:00:00,2026-09-21 18:00:00,996.0
20260921,180000,70W,40,2026,9,21,18,22.1,122.3,99000.0,2026-09-21 18:00:00,2026-09-21 18:00:00,990.0
20260921,180000,70W,40,2026,9,21,18,22.3,122.0,99400.0,2026-09-21 18:00:00,2026-09-21 18:00:00,994.0
20260921,180000,70W,40,2026,9,21,18,22.900000000000002,121.7,99500.0,2026-09-21 18:00:00,2026-09-21 18:00:00,995.0
20260921,180000,70W,40,2026,9,21,18,22.8,121.4,100100.0,2026-09-21 18:00:00,2026-09-21 18:00:00,1001.0
20260921,180000,70W,40,2026,9,21,18,24.1,119.9,100200.0,2026-09-21 18:00:00,2026-09-21 18:00:00,1002.0
20260921,180000,70W,40,2026,9,21,18,23.5,119.5,100600.0,2026-09-21 18:00:00,2026-09-21 18:00:00,1006.0
20260921,180000,70W,40,2026,9,21,18,24.0,119.2,100500.0,2026-09-21 18:00:00,2026-09-21 18:00:00,1005.0
20260921,180000,70W,40,2026,9,21,18,24.6,118.9,100700.0,2026-09-21 18:00:00,2026-09-21 18:00:00,1007.0
20260921,180000,70W,40,2026,9,21,18,24.3,118.9,100700.0,2026-09-21 18:00:00,2026-09-21 18:00:00,1007.0
20260921,180000,70W,40,2026,9,21,18,23.8,118.4,100800.0,2026-09-21 18:00:00,2026-09-21 18:00:00,1008.0
20260921,180000,70W,40,2026,9,21,18,24.6,116.7,100800.0,2026-09-21 18:00:00,2026-09-21 18:00:00,1008.0
20260921,180000,70W,41,2026,9,21,18,12.8,141.70000000000002,100900.0,2026-09-21 18:00:00,2026-09-21 18:00:00,1009.0
20260921,180000,70W,41,2026,9,21,18,13.0,141.1,100700.0,2026-09-21 18:00:00,2026-09-21 18:00:00,1007.0
20260921,180000,70W,41,2026,9,21,18,13.9,140.3,100900.0,2026-09-21 18:00:00,2026-09-21 18:00:00,1009.0
20260921,180000,70W,41,2026,9,21,18,14.700000000000001,139.5,100600.0,2026-09-21 18:00:00,2026-09-21 18:00:00,1006.0
20260921,180000,70W,41,2026,9,21,18,14.700000000000001,138.9,100900.0,2026-09-21 18:00:00,2026-09-21 18:00:00,1009.0
20260921,180000,70W,41,2026,9,21,18,16.0,137.5,100600.0,2026-09-21 18:00:00,2026-09-21 18:00:00,1006.0
20260921,180000,70W,41,2026,9,21,18,16.7,136.6,100800.0,2026-09-21 18:00:00,2026-09-21 18:00:00,1008.0
20260921,180000,70W,41,2026,9,21,18,17.6,135.2,100100.0,2026-09-21 18:00:00,2026-09-21 18:00:00,1001.0
20260921,180000,70W,41,2026,9,21,18,17.8,134.1,100300.0,2026-09-21 18:00:00,2026-09-21 18:00:00,1003.0
20260921,180000,70W,41,2026,9,21,18,18.400000000000002,133.3,99700.0,2026-09-21 18:00:00,2026-09-21 18:00:00,997.0
20260921,180000,70W,41,2026,9,21,18,18.7,132.4,99500.0,2026-09-21 18:00:00,2026-09-21 18:00:00,995.0
20260921,180000,70W,41,2026,9,21,18,19.5,131.3,99000.0,2026-09-21 18:00:00,2026-09-21 18:00:00,990.0
20260921,180000,70W,41,2026,9,21,18,20.1,130.5,98900.0,2026-09-21 18:00:00,2026-09-21 18:00:00,989.0
20260921,180000,70W,41,2026,9,21,18,20.900000000000002,129.6,98700.0,2026-09-21 18:00:00,2026-09-21 18:00:00,987.0
20260921,180000,70W,41,2026,9,21,18,21.2,128.8,98500.0,2026-09-21 18:00:00,2026-09-21 18:00:00,985.0
20260921,180000,70W,41,2026,9,21,18,21.8,128.2,98000.0,2026-09-21 18:00:00,2026-09-21 18:00:00,980.0
20260921,180000,70W,41,2026,9,21,18,22.3,127.9,97900.0,2026-09-21 18:00:00,2026-09-21 18:00:00,979.0
20260921,180000,70W,41,2026,9,21,18,23.2,127.60000000000001,97700.0,2026-09-21 18:00:00,2026-09-21 18:00:00,977.0
20260921,180000,70W,41,2026,9,21,18,23.8,127.60000000000001,97500.0,2026-09-21 18:00:00,2026-09-21 18:00:00,975.0
20260921,180000,70W,41,2026,9,21,18,24.6,127.9,97800.0,2026-09-21 18:00:00,2026-09-21 18:00:00,978.0
20260921,180000,70W,41,2026,9,21,18,25.400000000000002,128.5,97700.0,2026-09-21 18:00:00,2026-09-21 18:00:00,977.0
20260921,180000,70W,41,2026,9,21,18,26.0,129.6,97800.0,2026-09-21 18:00:00,2026-09-21 18:00:00,978.0
20260921,180000,70W,41,2026,9,21,18,26.6,130.5,97900.0,2026-09-21 18:00:00,2026-09-21 18:00:00,979.0
20260921,180000,70W,41,2026,9,21,18,26.900000000000002,131.3,98200.0,2026-09-21 18:00:00,2026-09-21 18:00:00,982.0
20260921,180000,70W,41,2026,9,21,18,27.1,131.9,98700.0,2026-09-21 18:00:00,2026-09-21 18:00:00,987.0
20260921,180000,70W,41,2026,9,21,18,27.7,133.3,98600.0,2026-09-21 18:00:00,2026-09-21 18:00:00,986.0
20260921,180000,70W,41,2026,9,21,18,28.0,133.8,98600.0,2026-09-21 18:00:00,2026-09-21 18:00:00,986.0
20260921,180000,70W,41,2026,9,21,18,28.5,134.4,99000.0,2026-09-21 18:00:00,2026-09-21 18:00:00,990.0
20260921,180000,70W,41,2026,9,21,18,29.1,135.5,99200.0,2026-09-21 18:00:00,2026-09-21 18:00:00,992.0
20260921,180000,70W,41,2026,9,21,18,30.2,136.4,99300.0,2026-09-21 18:00:00,2026-09-21 18:00:00,993.0
20260921,180000,70W,41,2026,9,21,18,31.1,137.8,99400.0,2026-09-21 18:00:00,2026-09-21 18:00:00,994.0
20260921,180000,70W,41,2026,9,21,18,32.8,139.5,99400.0,2026-09-21 18:00:00,2026-09-21 18:00:00,994.0
20260921,180000,70W,41,2026,9,21,18,34.2,141.5,99500.0,2026-09-21 18:00:00,2026-09-21 18:00:00,995.0
20260921,180000,70W,41,2026,9,21,18,36.1,144.20000000000002,99300.0,2026-09-21 18:00:00,2026-09-21 18:00:00,993.0
20260921,180000,70W,41,2026,9,21,18,39.0,148.20000000000002,98800.0,2026-09-21 18:00:00,2026-09-21 18:00:00,988.0
20260921,180000,70W,41,2026,9,21,18,42.1,153.0,98500.0,2026-09-21 18:00:00,2026-09-21 18:00:00,985.0
20260921,180000,70W,41,2026,9,21,18,43.5,158.0,98600.0,2026-09-21 18:00:00,2026-09-21 18:00:00,986.0
20260921,180000,70W,41,2026,9,21,18,45.4,163.6,98800.0,2026-09-21 18:00:00,2026-09-21 18:00:00,988.0
20260921,180000,70W,42,2026,9,21,18,10.3,103.3,100800.0,2026-09-21 18:00:00,2026-09-21 18:00:00,1008.0
20260921,180000,70W,42,2026,9,21,18,10.200000000000001,103.7,100800.0,2026-09-21 18:00:00,2026-09-21 18:00:00,1008.0
20260921,180000,70W,42,2026,9,21,18,11.6,104.9,100700.0,2026-09-21 18:00:00,2026-09-21 18:00:00,1007.0
20260921,180000,70W,42,2026,9,21,18,10.200000000000001,104.3,100800.0,2026-09-21 18:00:00,2026-09-21 18:00:00,1008.0
20260921,180000,70W,42,2026,9,21,18,11.6,102.0,100900.0,2026-09-21 18:00:00,2026-09-21 18:00:00,1009.0
20260921,180000,70W,42,2026,9,21,18,13.200000000000001,103.8,100800.0,2026-09-21 18:00:00,2026-09-21 18:00:00,1008.0
20260921,180000,70W,42,2026,9,21,18,13.3,103.7,100700.0,2026-09-21 18:00:00,2026-09-21 18:00:00,1007.0
20260921,180000,70W,42,2026,9,21,18,14.200000000000001,101.2,100800.0,2026-09-21 18:00:00,2026-09-21 18:00:00,1008.0
20260921,180000,70W,42,2026,9,21,18,14.9,100.7,100700.0,2026-09-21 18:00:00,2026-09-21 18:00:00,1007.0
20260921,180000,70W,42,2026,9,21,18,15.3,101.2,100700.0,2026-09-21 18:00:00,2026-09-21 18:00:00,1007.0
20260921,180000,70W,42,2026,9,21,18,15.8,100.3,100600.0,2026-09-21 18:00:00,2026-09-21 18:00:00,1006.0
20260921,180000,70W,42,2026,9,21,18,15.6,100.9,100700.0,2026-09-21 18:00:00,2026-09-21 18:00:00,1007.0
20260921,180000,70W,42,2026,9,21,18,17.6,100.10000000000001,100700.0,2026-09-21 18:00:00,2026-09-21 18:00:00,1007.0
20260921,180000,70W,42,2026,9,21,18,18.1,99.2,100600.0,2026-09-21 18:00:00,2026-09-21 18:00:00,1006.0
20260921,180000,70W,42,2026,9,21,18,16.4,97.3,100600.0,2026-09-21 18:00:00,2026-09-21 18:00:00,1006.0
20260921,180000,70W,42,2026,9,21,18,17.3,93.9,100600.0,2026-09-21 18:00:00,2026-09-21 18:00:00,1006.0
20260921,180000,70W,42,2026,9,21,18,17.6,93.0,100700.0,2026-09-21 18:00:00,2026-09-21 18:00:00,1007.0
20260921,180000,70W,42,2026,9,21,18,17.8,93.0,100800.0,2026-09-21 18:00:00,2026-09-21 18:00:00,1008.0
20260921,180000,70W,42,2026,9,21,18,18.400000000000002,92.8,100800.0,2026-09-21 18:00:00,2026-09-21 18:00:00,1008.0
20260921,180000,70W,43,2026,9,21,18,11.4,103.2,100800.0,2026-09-21 18:00:00,2026-09-21 18:00:00,1008.0
20260921,180000,70W,43,2026,9,21,18,11.6,105.7,100700.0,2026-09-21 18:00:00,2026-09-21 18:00:00,1007.0
20260921,180000,70W,43,2026,9,21,18,10.5,105.4,100800.0,2026-09-21 18:00:00,2026-09-21 18:00:00,1008.0
20260921,180000,70W,43,2026,9,21,18,10.0,107.10000000000001,100800.0,2026-09-21 18:00:00,2026-09-21 18:00:00,1008.0
20260921,180000,70W,43,2026,9,21,18,12.5,106.5,100600.0,2026-09-21 18:00:00,2026-09-21 18:00:00,1006.0
20260921,180000,70W,43,2026,9,21,18,11.6,105.4,100700.0,2026-09-21 18:00:00,2026-09-21 18:00:00,1007.0
20260921,180000,70W,43,2026,9,21,18,11.8,105.2,100800.0,2026-09-21 18:00:00,2026-09-21 18:00:00,1008.0
20260921,180000,70W,43,2026,9,21,18,12.8,104.3,100800.0,2026-09-21 18:00:00,2026-09-21 18:00:00,1008.0
20260921,180000,70W,43,2026,9,21,18,13.0,103.7,100600.0,2026-09-21 18:00:00,2026-09-21 18:00:00,1006.0
20260921,180000,70W,43,2026,9,21,18,13.0,103.7,100600.0,2026-09-21 18:00:00,2026-09-21 18:00:00,1006.0
20260921,180000,70W,43,2026,9,21,18,13.6,103.5,100600.0,2026-09-21 18:00:00,2026-09-21 18:00:00,1006.0
20260921,180000,70W,43,2026,9,21,18,14.5,102.60000000000001,100800.0,2026-09-21 18:00:00,2026-09-21 18:00:00,1008.0
20260921,180000,70W,43,2026,9,21,18,14.5,100.9,100600.0,2026-09-21 18:00:00,2026-09-21 18:00:00,1006.0
20260921,180000,70W,43,2026,9,21,18,14.200000000000001,100.60000000000001,100500.0,2026-09-21 18:00:00,2026-09-21 18:00:00,1005.0
20260921,180000,70W,43,2026,9,21,18,13.6,100.9,100600.0,2026-09-21 18:00:00,2026-09-21 18:00:00,1006.0
20260921,180000,70W,43,2026,9,21,18,14.200000000000001,100.10000000000001,100700.0,2026-09-21 18:00:00,2026-09-21 18:00:00,1007.0
20260921,180000,70W,43,2026,9,21,18,13.9,99.2,100600.0,2026-09-21 18:00:00,2026-09-21 18:00:00,1006.0
20260921,180000,70W,43,2026,9,21,18,15.6,96.7,100500.0,2026-09-21 18:00:00,2026-09-21 18:00:00,1005.0
20260921,180000,70W,43,2026,9,21,18,14.700000000000001,97.5,100300.0,2026-09-21 18:00:00,2026-09-21 18:00:00,1003.0
20260921,180000,70W,43,2026,9,21,18,15.3,97.3,100300.0,2026-09-21 18:00:00,2026-09-21 18:00:00,1003.0
20260921,180000,70W,43,2026,9,21,18,15.6,96.7,100400.0,2026-09-21 18:00:00,2026-09-21 18:00:00,1004.0
20260921,180000,70W,43,2026,9,21,18,16.1,95.9,100300.0,2026-09-21 18:00:00,2026-09-21 18:00:00,1003.0
20260921,180000,70W,43,2026,9,21,18,15.9,95.0,100300.0,2026-09-21 18:00:00,2026-09-21 18:00:00,1003.0
20260921,180000,70W,43,2026,9,21,18,16.1,95.0,100400.0,2026-09-21 18:00:00,2026-09-21 18:00:00,1004.0
20260921,180000,70W,43,2026,9,21,18,16.1,95.0,100400.0,2026-09-21 18:00:00,2026-09-21 18:00:00,1004.0
20260921,180000,70W,43,2026,9,21,18,16.7,94.2,100600.0,2026-09-21 18:00:00,2026-09-21 18:00:00,1006.0
20260921,180000,70W,43,2026,9,21,18,17.0,93.60000000000001,100700.0,2026-09-21 18:00:00,2026-09-21 18:00:00,1007.0
20260921,180000,70W,43,2026,9,21,18,17.6,93.3,100600.0,2026-09-21 18:00:00,2026-09-21 18:00:00,1006.0
20260921,180000,70W,43,2026,9,21,18,18.1,93.60000000000001,100600.0,2026-09-21 18:00:00,2026-09-21 18:00:00,1006.0
20260921,180000,70W,43,2026,9,21,18,18.7,93.0,100900.0,2026-09-21 18:00:00,2026-09-21 18:00:00,1009.0
20260921,180000,70W,43,2026,9,21,18,19.8,93.0,100900.0,2026-09-21 18:00:00,2026-09-21 18:00:00,1009.0
20260921,180000,70W,43,2026,9,21,18,20.7,93.0,101000.0,2026-09-21 18:00:00,2026-09-21 18:00:00,1010.0
20260921,180000,70W,43,2026,9,21,18,23.0,94.7,101100.0,2026-09-21 18:00:00,2026-09-21 18:00:00,1011.0
20260921,180000,70W,43,2026,9,21,18,24.0,94.2,101200.0,2026-09-21 18:00:00,2026-09-21 18:00:00,1012.0
20260921,180000,70W,43,2026,9,21,18,21.5,94.5,101000.0,2026-09-21 18:00:00,2026-09-21 18:00:00,1010.0
20260921,180000,70W,43,2026,9,21,18,22.3,95.0,101200.0,2026-09-21 18:00:00,2026-09-21 18:00:00,1012.0
20260921,180000,70W,44,2026,9,21,18,10.1,108.3,100900.0,2026-09-21 18:00:00,2026-09-21 18:00:00,1009.0
20260921,180000,70W,44,2026,9,21,18,10.5,106.8,100700.0,2026-09-21 18:00:00,2026-09-21 18:00:00,1007.0
20260921,180000,70W,44,2026,9,21,18,10.0,107.8,100800.0,2026-09-21 18:00:00,2026-09-21 18:00:00,1008.0
20260921,180000,70W,44,2026,9,21,18,10.200000000000001,107.10000000000001,100800.0,2026-09-21 18:00:00,2026-09-21 18:00:00,1008.0
20260921,180000,70W,44,2026,9,21,18,10.200000000000001,107.4,100800.0,2026-09-21 18:00:00,2026-09-21 18:00:00,1008.0
20260921,180000,70W,44,2026,9,21,18,10.8,106.5,100700.0,2026-09-21 18:00:00,2026-09-21 18:00:00,1007.0
20260921,180000,70W,44,2026,9,21,18,12.0,106.10000000000001,100800.0,2026-09-21 18:00:00,2026-09-21 18:00:00,1008.0
20260921,180000,70W,44,2026,9,21,18,11.1,103.7,100900.0,2026-09-21 18:00:00,2026-09-21 18:00:00,1009.0
20260921,180000,70W,44,2026,9,21,18,12.9,104.4,100800.0,2026-09-21 18:00:00,2026-09-21 18:00:00,1008.0
20260921,180000,70W,44,2026,9,21,18,13.200000000000001,103.60000000000001,100700.0,2026-09-21 18:00:00,2026-09-21 18:00:00,1007.0
20260921,180000,70W,44,2026,9,21,18,13.6,102.9,100800.0,2026-09-21 18:00:00,2026-09-21 18:00:00,1008.0
20260921,180000,70W,44,2026,9,21,18,13.6,102.9,100800.0,2026-09-21 18:00:00,2026-09-21 18:00:00,1008.0
20260921,180000,70W,44,2026,9,21,18,13.6,102.60000000000001,100900.0,2026-09-21 18:00:00,2026-09-21 18:00:00,1009.0
20260921,180000,70W,44,2026,9,21,18,14.200000000000001,101.2,100800.0,2026-09-21 18:00:00,2026-09-21 18:00:00,1008.0
20260921,180000,70W,44,2026,9,21,18,15.4,100.4,100800.0,2026-09-21 18:00:00,2026-09-21 18:00:00,1008.0
20260921,180000,70W,44,2026,9,21,18,14.700000000000001,97.3,100500.0,2026-09-21 18:00:00,2026-09-21 18:00:00,1005.0
20260921,180000,70W,44,2026,9,21,18,14.0,97.60000000000001,100500.0,2026-09-21 18:00:00,2026-09-21 18:00:00,1005.0
20260921,180000,70W,44,2026,9,21,18,14.200000000000001,97.8,100500.0,2026-09-21 18:00:00,2026-09-21 18:00:00,1005.0
20260921,180000,70W,45,2026,9,21,18,11.9,110.2,100900.0,2026-09-21 18:00:00,2026-09-21 18:00:00,1009.0
20260921,180000,70W,45,2026,9,21,18,10.3,108.3,100700.0,2026-09-21 18:00:00,2026-09-21 18:00:00,1007.0
20260921,180000,70W,45,2026,9,21,18,10.200000000000001,107.10000000000001,100800.0,2026-09-21 18:00:00,2026-09-21 18:00:00,1008.0
20260921,180000,70W,45,2026,9,21,18,11.4,105.10000000000001,100600.0,2026-09-21 18:00:00,2026-09-21 18:00:00,1006.0
20260921,180000,70W,45,2026,9,21,18,10.8,104.9,100700.0,2026-09-21 18:00:00,2026-09-21 18:00:00,1007.0
20260921,180000,70W,45,2026,9,21,18,11.4,105.10000000000001,100700.0,2026-09-21 18:00:00,2026-09-21 18:00:00,1007.0
20260921,180000,70W,45,2026,9,21,18,11.9,105.10000000000001,100800.0,2026-09-21 18:00:00,2026-09-21 18:00:00,1008.0
20260921,180000,70W,45,2026,9,21,18,12.8,104.60000000000001,100600.0,2026-09-21 18:00:00,2026-09-21 18:00:00,1006.0
20260921,180000,70W,45,2026,9,21,18,13.3,104.0,100600.0,2026-09-21 18:00:00,2026-09-21 18:00:00,1006.0
20260921,180000,70W,45,2026,9,21,18,13.9,103.5,100700.0,2026-09-21 18:00:00,2026-09-21 18:00:00,1007.0
20260921,180000,70W,45,2026,9,21,18,13.9,102.0,100600.0,2026-09-21 18:00:00,2026-09-21 18:00:00,1006.0
20260921,180000,70W,45,2026,9,21,18,14.200000000000001,101.2,100500.0,2026-09-21 18:00:00,2026-09-21 18:00:00,1005.0
20260921,180000,70W,45,2026,9,21,18,14.5,100.9,100300.0,2026-09-21 18:00:00,2026-09-21 18:00:00,1003.0
20260921,180000,70W,45,2026,9,21,18,14.700000000000001,100.60000000000001,100400.0,2026-09-21 18:00:00,2026-09-21 18:00:00,1004.0
20260921,180000,70W,45,2026,9,21,18,14.700000000000001,99.8,100400.0,2026-09-21 18:00:00,2026-09-21 18:00:00,1004.0
20260921,180000,70W,45,2026,9,21,18,15.3,100.10000000000001,100400.0,2026-09-21 18:00:00,2026-09-21 18:00:00,1004.0
20260921,180000,70W,45,2026,9,21,18,16.1,99.8,100400.0,2026-09-21 18:00:00,2026-09-21 18:00:00,1004.0
20260921,180000,70W,45,2026,9,21,18,17.0,97.8,100500.0,2026-09-21 18:00:00,2026-09-21 18:00:00,1005.0
20260921,180000,70W,45,2026,9,21,18,16.4,97.5,100400.0,2026-09-21 18:00:00,2026-09-21 18:00:00,1004.0
20260921,180000,70W,45,2026,9,21,18,16.4,97.0,100400.0,2026-09-21 18:00:00,2026-09-21 18:00:00,1004.0
20260921,180000,70W,45,2026,9,21,18,16.7,96.4,100200.0,2026-09-21 18:00:00,2026-09-21 18:00:00,1002.0
20260921,180000,70W,45,2026,9,21,18,17.0,95.9,100400.0,2026-09-21 18:00:00,2026-09-21 18:00:00,1004.0
20260921,180000,70W,45,2026,9,21,18,16.7,95.3,100300.0,2026-09-21 18:00:00,2026-09-21 18:00:00,1003.0
20260921,180000,70W,45,2026,9,21,18,16.7,95.0,100400.0,2026-09-21 18:00:00,2026-09-21 18:00:00,1004.0
20260921,180000,70W,45,2026,9,21,18,16.7,95.3,100400.0,2026-09-21 18:00:00,2026-09-21 18:00:00,1004.0
20260921,180000,70W,45,2026,9,21,18,17.3,95.0,100600.0,2026-09-21 18:00:00,2026-09-21 18:00:00,1006.0
20260921,180000,70W,45,2026,9,21,18,17.7,94.2,100500.0,2026-09-21 18:00:00,2026-09-21 18:00:00,1005.0
20260921,180000,70W,45,2026,9,21,18,17.6,94.5,100600.0,2026-09-21 18:00:00,2026-09-21 18:00:00,1006.0
20260921,180000,70W,45,2026,9,21,18,18.1,93.9,100500.0,2026-09-21 18:00:00,2026-09-21 18:00:00,1005.0
20260921,180000,70W,45,2026,9,21,18,19.2,92.5,100600.0,2026-09-21 18:00:00,2026-09-21 18:00:00,1006.0
20260921,180000,70W,45,2026,9,21,18,19.5,91.4,100100.0,2026-09-21 18:00:00,2026-09-21 18:00:00,1001.0
20260921,180000,70W,45,2026,9,21,18,19.8,90.2,100200.0,2026-09-21 18:00:00,2026-09-21 18:00:00,1002.0
20260921,180000,70W,45,2026,9,21,18,20.1,89.4,100100.0,2026-09-21 18:00:00,2026-09-21 18:00:00,1001.0
20260921,180000,70W,45,2026,9,21,18,20.1,88.8,100300.0,2026-09-21 18:00:00,2026-09-21 18:00:00,1003.0
20260921,180000,70W,46,2026,9,21,18,13.0,142.5,100900.0,2026-09-21 18:00:00,2026-09-21 18:00:00,1009.0
20260921,180000,70W,46,2026,9,21,18,13.0,140.9,100600.0,2026-09-21 18:00:00,2026-09-21 18:00:00,1006.0
20260921,180000,70W,46,2026,9,21,18,13.3,140.3,100800.0,2026-09-21 18:00:00,2026-09-21 18:00:00,1008.0
20260921,180000,70W,46,2026,9,21,18,13.9,139.70000000000002,100700.0,2026-09-21 18:00:00,2026-09-21 18:00:00,1007.0
20260921,180000,70W,46,2026,9,21,18,14.700000000000001,138.3,100700.0,2026-09-21 18:00:00,2026-09-21 18:00:00,1007.0
20260921,180000,70W,46,2026,9,21,18,15.3,137.5,100400.0,2026-09-21 18:00:00,2026-09-21 18:00:00,1004.0
20260921,180000,70W,46,2026,9,21,18,15.9,136.6,100300.0,2026-09-21 18:00:00,2026-09-21 18:00:00,1003.0
20260921,180000,70W,46,2026,9,21,18,16.4,135.2,99800.0,2026-09-21 18:00:00,2026-09-21 18:00:00,998.0
20260921,180000,70W,46,2026,9,21,18,16.7,133.8,99900.0,2026-09-21 18:00:00,2026-09-21 18:00:00,999.0
20260921,180000,70W,46,2026,9,21,18,17.3,133.3,99700.0,2026-09-21 18:00:00,2026-09-21 18:00:00,997.0
20260921,180000,70W,46,2026,9,21,18,18.1,132.1,99600.0,2026-09-21 18:00:00,2026-09-21 18:00:00,996.0
20260921,180000,70W,46,2026,9,21,18,18.400000000000002,130.7,99600.0,2026-09-21 18:00:00,2026-09-21 18:00:00,996.0
20260921,180000,70W,46,2026,9,21,18,19.2,129.9,99500.0,2026-09-21 18:00:00,2026-09-21 18:00:00,995.0
20260921,180000,70W,46,2026,9,21,18,20.1,129.0,98900.0,2026-09-21 18:00:00,2026-09-21 18:00:00,989.0
20260921,180000,70W,46,2026,9,21,18,20.900000000000002,128.5,98700.0,2026-09-21 18:00:00,2026-09-21 18:00:00,987.0
20260921,180000,70W,46,2026,9,21,18,21.8,127.60000000000001,98000.0,2026-09-21 18:00:00,2026-09-21 18:00:00,980.0
20260921,180000,70W,46,2026,9,21,18,22.3,127.4,97700.0,2026-09-21 18:00:00,2026-09-21 18:00:00,977.0
20260921,180000,70W,46,2026,9,21,18,23.2,127.4,97900.0,2026-09-21 18:00:00,2026-09-21 18:00:00,979.0
20260921,180000,70W,46,2026,9,21,18,23.8,127.4,98200.0,2026-09-21 18:00:00,2026-09-21 18:00:00,982.0
20260921,180000,70W,46,2026,9,21,18,24.6,127.9,97700.0,2026-09-21 18:00:00,2026-09-21 18:00:00,977.0
20260921,180000,70W,46,2026,9,21,18,25.400000000000002,128.8,97800.0,2026-09-21 18:00:00,2026-09-21 18:00:00,978.0
20260921,180000,70W,46,2026,9,21,18,26.0,129.9,98000.0,2026-09-21 18:00:00,2026-09-21 18:00:00,980.0
20260921,180000,70W,46,2026,9,21,18,26.3,130.7,98400.0,2026-09-21 18:00:00,2026-09-21 18:00:00,984.0
20260921,180000,70W,46,2026,9,21,18,26.900000000000002,131.6,98400.0,2026-09-21 18:00:00,2026-09-21 18:00:00,984.0
20260921,180000,70W,46,2026,9,21,18,27.400000000000002,132.4,98100.0,2026-09-21 18:00:00,2026-09-21 18:00:00,981.0
20260921,180000,70W,46,2026,9,21,18,28.0,133.3,97800.0,2026-09-21 18:00:00,2026-09-21 18:00:00,978.0
20260921,180000,70W,46,2026,9,21,18,28.3,134.7,98000.0,2026-09-21 18:00:00,2026-09-21 18:00:00,980.0
20260921,180000,70W,46,2026,9,21,18,28.5,135.5,98300.0,2026-09-21 18:00:00,2026-09-21 18:00:00,983.0
20260921,180000,70W,46,2026,9,21,18,28.8,136.9,98400.0,2026-09-21 18:00:00,2026-09-21 18:00:00,984.0
20260921,180000,70W,46,2026,9,21,18,29.1,138.0,98300.0,2026-09-21 18:00:00,2026-09-21 18:00:00,983.0
20260921,180000,70W,46,2026,9,21,18,29.400000000000002,139.20000000000002,98500.0,2026-09-21 18:00:00,2026-09-21 18:00:00,985.0
20260921,180000,70W,46,2026,9,21,18,30.0,140.0,98700.0,2026-09-21 18:00:00,2026-09-21 18:00:00,987.0
20260921,180000,70W,46,2026,9,21,18,30.5,140.9,99000.0,2026-09-21 18:00:00,2026-09-21 18:00:00,990.0
20260921,180000,70W,46,2026,9,21,18,30.8,141.4,99200.0,2026-09-21 18:00:00,2026-09-21 18:00:00,992.0
20260921,180000,70W,46,2026,9,21,18,31.6,142.3,99500.0,2026-09-21 18:00:00,2026-09-21 18:00:00,995.0
20260921,180000,70W,46,2026,9,21,18,32.5,143.4,99700.0,2026-09-21 18:00:00,2026-09-21 18:00:00,997.0
20260921,180000,70W,46,2026,9,21,18,33.9,144.8,99800.0,2026-09-21 18:00:00,2026-09-21 18:00:00,998.0
20260921,180000,70W,46,2026,9,21,18,37.300000000000004,146.5,99800.0,2026-09-21 18:00:00,2026-09-21 18:00:00,998.0
20260921,180000,70W,46,2026,9,21,18,40.4,150.1,99700.0,2026-09-21 18:00:00,2026-09-21 18:00:00,997.0
20260921,180000,70W,47,2026,9,21,18,13.0,141.1,100400.0,2026-09-21 18:00:00,2026-09-21 18:00:00,1004.0
20260921,180000,70W,47,2026,9,21,18,13.3,140.3,99900.0,2026-09-21 18:00:00,2026-09-21 18:00:00,999.0
20260921,180000,70W,47,2026,9,21,18,13.6,139.20000000000002,100000.0,2026-09-21 18:00:00,2026-09-21 18:00:00,1000.0
20260921,180000,70W,47,2026,9,21,18,13.9,138.6,99600.0,2026-09-21 18:00:00,2026-09-21 18:00:00,996.0
20260921,180000,70W,47,2026,9,21,18,14.5,137.5,99500.0,2026-09-21 18:00:00,2026-09-21 18:00:00,995.0
20260921,180000,70W,47,2026,9,21,18,15.0,136.6,99000.0,2026-09-21 18:00:00,2026-09-21 18:00:00,990.0
20260921,180000,70W,47,2026,9,21,18,15.3,135.8,99200.0,2026-09-21 18:00:00,2026-09-21 18:00:00,992.0
20260921,180000,70W,47,2026,9,21,18,15.9,134.7,98300.0,2026-09-21 18:00:00,2026-09-21 18:00:00,983.0
20260921,180000,70W,47,2026,9,21,18,16.4,133.5,98400.0,2026-09-21 18:00:00,2026-09-21 18:00:00,984.0
20260921,180000,70W,47,2026,9,21,18,16.7,132.1,98100.0,2026-09-21 18:00:00,2026-09-21 18:00:00,981.0
20260921,180000,70W,47,2026,9,21,18,17.0,131.3,97600.0,2026-09-21 18:00:00,2026-09-21 18:00:00,976.0
20260921,180000,70W,47,2026,9,21,18,17.8,129.9,97700.0,2026-09-21 18:00:00,2026-09-21 18:00:00,977.0
20260921,180000,70W,47,2026,9,21,18,18.1,128.5,97200.0,2026-09-21 18:00:00,2026-09-21 18:00:00,972.0
20260921,180000,70W,47,2026,9,21,18,18.7,127.60000000000001,97200.0,2026-09-21 18:00:00,2026-09-21 18:00:00,972.0
20260921,180000,70W,47,2026,9,21,18,19.2,126.8,96500.0,2026-09-21 18:00:00,2026-09-21 18:00:00,965.0
20260921,180000,70W,47,2026,9,21,18,19.8,126.0,96700.0,2026-09-21 18:00:00,2026-09-21 18:00:00,967.0
20260921,180000,70W,47,2026,9,21,18,20.7,125.4,96700.0,2026-09-21 18:00:00,2026-09-21 18:00:00,967.0
20260921,180000,70W,47,2026,9,21,18,21.2,124.8,97000.0,2026-09-21 18:00:00,2026-09-21 18:00:00,970.0
20260921,180000,70W,47,2026,9,21,18,22.1,124.3,97200.0,2026-09-21 18:00:00,2026-09-21 18:00:00,972.0
20260921,180000,70W,47,2026,9,21,18,22.900000000000002,124.3,97000.0,2026-09-21 18:00:00,2026-09-21 18:00:00,970.0
20260921,180000,70W,47,2026,9,21,18,23.8,124.3,97200.0,2026-09-21 18:00:00,2026-09-21 18:00:00,972.0
20260921,180000,70W,47,2026,9,21,18,24.3,124.5,96800.0,2026-09-21 18:00:00,2026-09-21 18:00:00,968.0
20260921,180000,70W,47,2026,9,21,18,24.6,125.10000000000001,96200.0,2026-09-21 18:00:00,2026-09-21 18:00:00,962.0
20260921,180000,70W,47,2026,9,21,18,25.2,125.10000000000001,96100.0,2026-09-21 18:00:00,2026-09-21 18:00:00,961.0
20260921,180000,70W,47,2026,9,21,18,25.2,125.4,96700.0,2026-09-21 18:00:00,2026-09-21 18:00:00,967.0
20260921,180000,70W,47,2026,9,21,18,25.400000000000002,125.4,96200.0,2026-09-21 18:00:00,2026-09-21 18:00:00,962.0
20260921,180000,70W,47,2026,9,21,18,25.7,125.4,96700.0,2026-09-21 18:00:00,2026-09-21 18:00:00,967.0
20260921,180000,70W,47,2026,9,21,18,25.7,125.10000000000001,96100.0,2026-09-21 18:00:00,2026-09-21 18:00:00,961.0
20260921,180000,70W,47,2026,9,21,18,25.400000000000002,125.10000000000001,96900.0,2026-09-21 18:00:00,2026-09-21 18:00:00,969.0
20260921,180000,70W,47,2026,9,21,18,25.7,125.10000000000001,96500.0,2026-09-21 18:00:00,2026-09-21 18:00:00,965.0
20260921,180000,70W,47,2026,9,21,18,25.7,125.7,97000.0,2026-09-21 18:00:00,2026-09-21 18:00:00,970.0
20260921,180000,70W,47,2026,9,21,18,25.7,125.7,97500.0,2026-09-21 18:00:00,2026-09-21 18:00:00,975.0
20260921,180000,70W,47,2026,9,21,18,25.7,125.7,97700.0,2026-09-21 18:00:00,2026-09-21 18:00:00,977.0
20260921,180000,70W,47,2026,9,21,18,25.7,125.7,97600.0,2026-09-21 18:00:00,2026-09-21 18:00:00,976.0
20260921,180000,70W,47,2026,9,21,18,25.7,125.7,98000.0,2026-09-21 18:00:00,2026-09-21 18:00:00,980.0
20260921,180000,70W,47,2026,9,21,18,25.7,125.7,98000.0,2026-09-21 18:00:00,2026-09-21 18:00:00,980.0
20260921,180000,70W,47,2026,9,21,18,25.7,126.0,98200.0,2026-09-21 18:00:00,2026-09-21 18:00:00,982.0
20260921,180000,70W,47,2026,9,21,18,26.0,126.2,97700.0,2026-09-21 18:00:00,2026-09-21 18:00:00,977.0
20260921,180000,70W,47,2026,9,21,18,26.0,126.8,98200.0,2026-09-21 18:00:00,2026-09-21 18:00:00,982.0
20260921,180000,70W,47,2026,9,21,18,26.0,127.10000000000001,98100.0,2026-09-21 18:00:00,2026-09-21 18:00:00,981.0
20260921,180000,70W,47,2026,9,21,18,25.7,127.60000000000001,98500.0,2026-09-21 18:00:00,2026-09-21 18:00:00,985.0
20260921,180000,70W,47,2026,9,21,18,25.7,128.5,98000.0,2026-09-21 18:00:00,2026-09-21 18:00:00,980.0
20260921,180000,70W,47,2026,9,21,18,25.7,129.0,98400.0,2026-09-21 18:00:00,2026-09-21 18:00:00,984.0
20260921,180000,70W,47,2026,9,21,18,25.7,129.6,98500.0,2026-09-21 18:00:00,2026-09-21 18:00:00,985.0
20260921,180000,70W,47,2026,9,21,18,26.3,130.5,98400.0,2026-09-21 18:00:00,2026-09-21 18:00:00,984.0
20260921,180000,70W,47,2026,9,21,18,26.6,131.0,97900.0,2026-09-21 18:00:00,2026-09-21 18:00:00,979.0
20260921,180000,70W,47,2026,9,21,18,26.6,131.6,98400.0,2026-09-21 18:00:00,2026-09-21 18:00:00,984.0
20260921,180000,70W,47,2026,9,21,18,26.3,132.1,98600.0,2026-09-21 18:00:00,2026-09-21 18:00:00,986.0
20260921,180000,70W,47,2026,9,21,18,26.0,133.0,98400.0,2026-09-21 18:00:00,2026-09-21 18:00:00,984.0
20260921,180000,70W,47,2026,9,21,18,25.7,133.8,98600.0,2026-09-21 18:00:00,2026-09-21 18:00:00,986.0
20260921,180000,70W,47,2026,9,21,18,25.2,133.8,98900.0,2026-09-21 18:00:00,2026-09-21 18:00:00,989.0
20260921,180000,70W,47,2026,9,21,18,24.900000000000002,134.1,99100.0,2026-09-21 18:00:00,2026-09-21 18:00:00,991.0
20260921,180000,70W,47,2026,9,21,18,24.6,134.4,99400.0,2026-09-21 18:00:00,2026-09-21 18:00:00,994.0
20260921,180000,70W,47,2026,9,21,18,24.0,134.1,99300.0,2026-09-21 18:00:00,2026-09-21 18:00:00,993.0
20260921,180000,70W,47,2026,9,21,18,23.5,133.8,99800.0,2026-09-21 18:00:00,2026-09-21 18:00:00,998.0
20260921,180000,70W,47,2026,9,21,18,23.5,133.3,99500.0,2026-09-21 18:00:00,2026-09-21 18:00:00,995.0
20260921,180000,70W,47,2026,9,21,18,23.8,132.4,99900.0,2026-09-21 18:00:00,2026-09-21 18:00:00,999.0
20260921,180000,70W,47,2026,9,21,18,23.2,131.9,99600.0,2026-09-21 18:00:00,2026-09-21 18:00:00,996.0
20260921,180000,70W,47,2026,9,21,18,23.8,131.6,99500.0,2026-09-21 18:00:00,2026-09-21 18:00:00,995.0
20260921,180000,70W,47,2026,9,21,18,23.8,131.0,99500.0,2026-09-21 18:00:00,2026-09-21 18:00:00,995.0
20260921,180000,70W,48,2026,9,21,18,12.200000000000001,141.70000000000002,101100.0,2026-09-21 18:00:00,2026-09-21 18:00:00,1011.0
20260921,180000,70W,48,2026,9,21,18,12.5,141.1,100700.0,2026-09-21 18:00:00,2026-09-21 18:00:00,1007.0
20260921,180000,70W,48,2026,9,21,18,13.0,140.9,101000.0,2026-09-21 18:00:00,2026-09-21 18:00:00,1010.0
20260921,180000,70W,48,2026,9,21,18,14.200000000000001,139.20000000000002,100500.0,2026-09-21 18:00:00,2026-09-21 18:00:00,1005.0
20260921,180000,70W,48,2026,9,21,18,14.200000000000001,138.6,100800.0,2026-09-21 18:00:00,2026-09-21 18:00:00,1008.0
20260921,180000,70W,48,2026,9,21,18,15.3,137.8,100300.0,2026-09-21 18:00:00,2026-09-21 18:00:00,1003.0
20260921,180000,70W,48,2026,9,21,18,15.6,136.4,100100.0,2026-09-21 18:00:00,2026-09-21 18:00:00,1001.0
20260921,180000,70W,48,2026,9,21,18,16.1,135.5,99800.0,2026-09-21 18:00:00,2026-09-21 18:00:00,998.0
20260921,180000,70W,48,2026,9,21,18,16.7,134.1,99700.0,2026-09-21 18:00:00,2026-09-21 18:00:00,997.0
20260921,180000,70W,48,2026,9,21,18,17.3,133.0,99000.0,2026-09-21 18:00:00,2026-09-21 18:00:00,990.0
20260921,180000,70W,48,2026,9,21,18,17.6,131.9,98900.0,2026-09-21 18:00:00,2026-09-21 18:00:00,989.0
20260921,180000,70W,48,2026,9,21,18,18.1,130.7,98600.0,2026-09-21 18:00:00,2026-09-21 18:00:00,986.0
20260921,180000,70W,48,2026,9,21,18,18.7,129.6,98400.0,2026-09-21 18:00:00,2026-09-21 18:00:00,984.0
20260921,180000,70W,48,2026,9,21,18,19.5,128.8,98200.0,2026-09-21 18:00:00,2026-09-21 18:00:00,982.0
20260921,180000,70W,48,2026,9,21,18,20.1,127.9,98000.0,2026-09-21 18:00:00,2026-09-21 18:00:00,980.0
20260921,180000,70W,48,2026,9,21,18,20.900000000000002,127.4,97900.0,2026-09-21 18:00:00,2026-09-21 18:00:00,979.0
20260921,180000,70W,48,2026,9,21,18,21.5,127.10000000000001,97700.0,2026-09-21 18:00:00,2026-09-21 18:00:00,977.0
20260921,180000,70W,48,2026,9,21,18,22.6,126.8,98000.0,2026-09-21 18:00:00,2026-09-21 18:00:00,980.0
20260921,180000,70W,48,2026,9,21,18,23.5,126.8,97500.0,2026-09-21 18:00:00,2026-09-21 18:00:00,975.0
20260921,180000,70W,48,2026,9,21,18,24.3,127.10000000000001,97900.0,2026-09-21 18:00:00,2026-09-21 18:00:00,979.0
20260921,180000,70W,48,2026,9,21,18,25.2,127.9,97700.0,2026-09-21 18:00:00,2026-09-21 18:00:00,977.0
20260921,180000,70W,48,2026,9,21,18,25.7,128.8,98200.0,2026-09-21 18:00:00,2026-09-21 18:00:00,982.0
20260921,180000,70W,48,2026,9,21,18,26.6,129.6,97700.0,2026-09-21 18:00:00,2026-09-21 18:00:00,977.0
20260921,180000,70W,48,2026,9,21,18,27.400000000000002,130.5,97700.0,2026-09-21 18:00:00,2026-09-21 18:00:00,977.0
20260921,180000,70W,48,2026,9,21,18,28.0,131.9,98000.0,2026-09-21 18:00:00,2026-09-21 18:00:00,980.0
20260921,180000,70W,48,2026,9,21,18,29.1,133.8,98200.0,2026-09-21 18:00:00,2026-09-21 18:00:00,982.0
20260921,180000,70W,48,2026,9,21,18,30.0,135.8,98000.0,2026-09-21 18:00:00,2026-09-21 18:00:00,980.0
20260921,180000,70W,48,2026,9,21,18,31.6,138.0,98300.0,2026-09-21 18:00:00,2026-09-21 18:00:00,983.0
20260921,180000,70W,48,2026,9,21,18,32.8,140.3,98700.0,2026-09-21 18:00:00,2026-09-21 18:00:00,987.0
20260921,180000,70W,48,2026,9,21,18,34.5,142.5,98600.0,2026-09-21 18:00:00,2026-09-21 18:00:00,986.0
20260921,180000,70W,48,2026,9,21,18,36.4,145.6,98900.0,2026-09-21 18:00:00,2026-09-21 18:00:00,989.0
20260921,180000,70W,48,2026,9,21,18,39.2,149.0,98800.0,2026-09-21 18:00:00,2026-09-21 18:00:00,988.0
20260921,180000,70W,48,2026,9,21,18,41.5,153.20000000000002,99100.0,2026-09-21 18:00:00,2026-09-21 18:00:00,991.0
20260921,180000,70W,48,2026,9,21,18,43.7,158.1,99100.0,2026-09-21 18:00:00,2026-09-21 18:00:00,991.0
20260921,180000,70W,49,2026,9,21,18,38.7,147.0,98300.0,2026-09-21 18:00:00,2026-09-21 18:00:00,983.0
20260921,180000,70W,49,2026,9,21,18,39.5,150.4,98000.0,2026-09-21 18:00:00,2026-09-21 18:00:00,980.0
20260921,180000,70W,49,2026,9,21,18,40.2,153.5,98900.0,2026-09-21 18:00:00,2026-09-21 18:00:00,989.0
20260921,180000,70W,49,2026,9,21,18,41.800000000000004,156.9,98800.0,2026-09-21 18:00:00,2026-09-21 18:00:00,988.0
20260921,180000,70W,50,2026,9,21,18,13.0,141.70000000000002,100400.0,2026-09-21 18:00:00,2026-09-21 18:00:00,1004.0
20260921,180000,70W,50,2026,9,21,18,13.6,141.1,100200.0,2026-09-21 18:00:00,2026-09-21 18:00:00,1002.0
20260921,180000,70W,50,2026,9,21,18,14.5,140.3,100100.0,2026-09-21 18:00:00,2026-09-21 18:00:00,1001.0
20260921,180000,70W,50,2026,9,21,18,15.3,139.5,99700.0,2026-09-21 18:00:00,2026-09-21 18:00:00,997.0
20260921,180000,70W,50,2026,9,21,18,15.9,138.6,99700.0,2026-09-21 18:00:00,2026-09-21 18:00:00,997.0
20260921,180000,70W,50,2026,9,21,18,16.7,137.20000000000002,99000.0,2026-09-21 18:00:00,2026-09-21 18:00:00,990.0
20260921,180000,70W,50,2026,9,21,18,17.3,136.1,98800.0,2026-09-21 18:00:00,2026-09-21 18:00:00,988.0
20260921,180000,70W,50,2026,9,21,18,17.8,135.2,99100.0,2026-09-21 18:00:00,2026-09-21 18:00:00,991.0
20260921,180000,70W,50,2026,9,21,18,17.6,133.8,99000.0,2026-09-21 18:00:00,2026-09-21 18:00:00,990.0
20260921,180000,70W,50,2026,9,21,18,18.1,133.0,98400.0,2026-09-21 18:00:00,2026-09-21 18:00:00,984.0
20260921,180000,70W,50,2026,9,21,18,18.7,132.1,98300.0,2026-09-21 18:00:00,2026-09-21 18:00:00,983.0
20260921,180000,70W,50,2026,9,21,18,19.2,130.7,97900.0,2026-09-21 18:00:00,2026-09-21 18:00:00,979.0
20260921,180000,70W,50,2026,9,21,18,19.8,129.6,97700.0,2026-09-21 18:00:00,2026-09-21 18:00:00,977.0
20260921,180000,70W,50,2026,9,21,18,20.1,128.8,97600.0,2026-09-21 18:00:00,2026-09-21 18:00:00,976.0
20260921,180000,70W,50,2026,9,21,18,20.400000000000002,128.5,97100.0,2026-09-21 18:00:00,2026-09-21 18:00:00,971.0
20260921,180000,70W,50,2026,9,21,18,20.7,127.9,96900.0,2026-09-21 18:00:00,2026-09-21 18:00:00,969.0
20260921,180000,70W,50,2026,9,21,18,21.2,127.4,96400.0,2026-09-21 18:00:00,2026-09-21 18:00:00,964.0
20260921,180000,70W,50,2026,9,21,18,21.5,127.4,96200.0,2026-09-21 18:00:00,2026-09-21 18:00:00,962.0
20260921,180000,70W,50,2026,9,21,18,22.1,127.10000000000001,96000.0,2026-09-21 18:00:00,2026-09-21 18:00:00,960.0
20260921,180000,70W,50,2026,9,21,18,22.3,127.10000000000001,95900.0,2026-09-21 18:00:00,2026-09-21 18:00:00,959.0
20260921,180000,70W,50,2026,9,21,18,22.900000000000002,126.8,96500.0,2026-09-21 18:00:00,2026-09-21 18:00:00,965.0
20260921,180000,70W,50,2026,9,21,18,23.2,126.5,96900.0,2026-09-21 18:00:00,2026-09-21 18:00:00,969.0
20260921,180000,70W,50,2026,9,21,18,23.5,126.5,97400.0,2026-09-21 18:00:00,2026-09-21 18:00:00,974.0
20260921,180000,70W,50,2026,9,21,18,23.8,126.2,96700.0,2026-09-21 18:00:00,2026-09-21 18:00:00,967.0
20260921,180000,70W,50,2026,9,21,18,24.6,126.0,97600.0,2026-09-21 18:00:00,2026-09-21 18:00:00,976.0
20260921,180000,70W,50,2026,9,21,18,24.900000000000002,126.2,98000.0,2026-09-21 18:00:00,2026-09-21 18:00:00,980.0
20260921,180000,70W,50,2026,9,21,18,25.7,126.0,98600.0,2026-09-21 18:00:00,2026-09-21 18:00:00,986.0
20260921,180000,70W,50,2026,9,21,18,26.0,126.2,98900.0,2026-09-21 18:00:00,2026-09-21 18:00:00,989.0
20260921,180000,70W,50,2026,9,21,18,26.3,126.0,99300.0,2026-09-21 18:00:00,2026-09-21 18:00:00,993.0
20260921,180000,70W,50,2026,9,21,18,26.0,125.7,99400.0,2026-09-21 18:00:00,2026-09-21 18:00:00,994.0
20260921,180000,70W,50,2026,9,21,18,26.0,125.4,99800.0,2026-09-21 18:00:00,2026-09-21 18:00:00,998.0
20260921,180000,70W,50,2026,9,21,18,26.0,124.8,99800.0,2026-09-21 18:00:00,2026-09-21 18:00:00,998.0
20260921,180000,70W,50,2026,9,21,18,26.3,124.5,100100.0,2026-09-21 18:00:00,2026-09-21 18:00:00,1001.0
20260921,180000,70W,50,2026,9,21,18,26.6,124.5,99900.0,2026-09-21 18:00:00,2026-09-21 18:00:00,999.0
20260921,180000,70W,50,2026,9,21,18,26.900000000000002,125.10000000000001,100300.0,2026-09-21 18:00:00,2026-09-21 18:00:00,1003.0
20260921,180000,70W,50,2026,9,21,18,28.3,125.10000000000001,100300.0,2026-09-21 18:00:00,2026-09-21 18:00:00,1003.0
20260921,180000,70W,50,2026,9,21,18,28.8,125.7,100400.0,2026-09-21 18:00:00,2026-09-21 18:00:00,1004.0
20260921,180000,70W,50,2026,9,21,18,29.6,127.2,100300.0,2026-09-21 18:00:00,2026-09-21 18:00:00,1003.0
20260921,180000,70W,50,2026,9,21,18,31.6,130.5,100200.0,2026-09-21 18:00:00,2026-09-21 18:00:00,1002.0
20260921,180000,70W,50,2026,9,21,18,31.900000000000002,131.9,100000.0,2026-09-21 18:00:00,2026-09-21 18:00:00,1000.0
20260921,180000,70W,50,2026,9,21,18,32.5,133.8,100100.0,2026-09-21 18:00:00,2026-09-21 18:00:00,1001.0
20260921,180000,70W,50,2026,9,21,18,33.0,135.8,100000.0,2026-09-21 18:00:00,2026-09-21 18:00:00,1000.0
20260921,180000,70W,51,2026,9,21,18,12.8,141.4,100900.0,2026-09-21 18:00:00,2026-09-21 18:00:00,1009.0
20260921,180000,70W,51,2026,9,21,18,13.0,141.1,100600.0,2026-09-21 18:00:00,2026-09-21 18:00:00,1006.0
20260921,180000,70W,51,2026,9,21,18,13.9,140.6,100800.0,2026-09-21 18:00:00,2026-09-21 18:00:00,1008.0
20260921,180000,70W,51,2026,9,21,18,14.700000000000001,139.70000000000002,100500.0,2026-09-21 18:00:00,2026-09-21 18:00:00,1005.0
20260921,180000,70W,51,2026,9,21,18,15.6,138.9,100600.0,2026-09-21 18:00:00,2026-09-21 18:00:00,1006.0
20260921,180000,70W,51,2026,9,21,18,16.4,137.8,100100.0,2026-09-21 18:00:00,2026-09-21 18:00:00,1001.0
20260921,180000,70W,51,2026,9,21,18,16.7,136.9,100200.0,2026-09-21 18:00:00,2026-09-21 18:00:00,1002.0
20260921,180000,70W,51,2026,9,21,18,17.6,135.8,99800.0,2026-09-21 18:00:00,2026-09-21 18:00:00,998.0
20260921,180000,70W,51,2026,9,21,18,18.1,134.7,99200.0,2026-09-21 18:00:00,2026-09-21 18:00:00,992.0
20260921,180000,70W,51,2026,9,21,18,18.400000000000002,133.3,99000.0,2026-09-21 18:00:00,2026-09-21 18:00:00,990.0
20260921,180000,70W,51,2026,9,21,18,18.7,132.4,98700.0,2026-09-21 18:00:00,2026-09-21 18:00:00,987.0
20260921,180000,70W,51,2026,9,21,18,19.2,131.3,98600.0,2026-09-21 18:00:00,2026-09-21 18:00:00,986.0
20260921,180000,70W,51,2026,9,21,18,19.5,130.5,98200.0,2026-09-21 18:00:00,2026-09-21 18:00:00,982.0
20260921,180000,70W,51,2026,9,21,18,19.8,129.0,98100.0,2026-09-21 18:00:00,2026-09-21 18:00:00,981.0
20260921,180000,70W,51,2026,9,21,18,20.400000000000002,128.5,97900.0,2026-09-21 18:00:00,2026-09-21 18:00:00,979.0
20260921,180000,70W,51,2026,9,21,18,20.900000000000002,128.2,98000.0,2026-09-21 18:00:00,2026-09-21 18:00:00,980.0
20260921,180000,70W,51,2026,9,21,18,21.5,127.4,98100.0,2026-09-21 18:00:00,2026-09-21 18:00:00,981.0
20260921,180000,70W,51,2026,9,21,18,22.1,127.4,98300.0,2026-09-21 18:00:00,2026-09-21 18:00:00,983.0
20260921,180000,70W,51,2026,9,21,18,22.3,127.10000000000001,98100.0,2026-09-21 18:00:00,2026-09-21 18:00:00,981.0
20260921,180000,70W,51,2026,9,21,18,23.2,126.8,97900.0,2026-09-21 18:00:00,2026-09-21 18:00:00,979.0
20260921,180000,70W,51,2026,9,21,18,23.5,127.10000000000001,98600.0,2026-09-21 18:00:00,2026-09-21 18:00:00,986.0
20260921,180000,70W,51,2026,9,21,18,24.3,127.60000000000001,98200.0,2026-09-21 18:00:00,2026-09-21 18:00:00,982.0
20260921,180000,70W,51,2026,9,21,18,24.6,127.9,98000.0,2026-09-21 18:00:00,2026-09-21 18:00:00,980.0
20260921,180000,70W,51,2026,9,21,18,24.900000000000002,128.2,97700.0,2026-09-21 18:00:00,2026-09-21 18:00:00,977.0
20260921,180000,70W,51,2026,9,21,18,25.400000000000002,128.5,98300.0,2026-09-21 18:00:00,2026-09-21 18:00:00,983.0
20260921,180000,70W,51,2026,9,21,18,25.400000000000002,128.8,98300.0,2026-09-21 18:00:00,2026-09-21 18:00:00,983.0
20260921,180000,70W,51,2026,9,21,18,25.7,129.0,98800.0,2026-09-21 18:00:00,2026-09-21 18:00:00,988.0
20260921,180000,70W,51,2026,9,21,18,26.3,129.0,98900.0,2026-09-21 18:00:00,2026-09-21 18:00:00,989.0
20260921,180000,70W,51,2026,9,21,18,26.6,128.8,99300.0,2026-09-21 18:00:00,2026-09-21 18:00:00,993.0
20260921,180000,70W,51,2026,9,21,18,26.900000000000002,129.0,99200.0,2026-09-21 18:00:00,2026-09-21 18:00:00,992.0
20260921,180000,70W,51,2026,9,21,18,26.900000000000002,129.0,99600.0,2026-09-21 18:00:00,2026-09-21 18:00:00,996.0
20260921,180000,70W,51,2026,9,21,18,27.400000000000002,128.8,99700.0,2026-09-21 18:00:00,2026-09-21 18:00:00,997.0
20260921,180000,70W,51,2026,9,21,18,27.7,129.3,100000.0,2026-09-21 18:00:00,2026-09-21 18:00:00,1000.0
20260921,180000,70W,51,2026,9,21,18,28.3,129.9,99900.0,2026-09-21 18:00:00,2026-09-21 18:00:00,999.0
20260921,180000,70W,51,2026,9,21,18,28.3,130.5,100000.0,2026-09-21 18:00:00,2026-09-21 18:00:00,1000.0
20260921,180000,70W,51,2026,9,21,18,28.5,131.3,99800.0,2026-09-21 18:00:00,2026-09-21 18:00:00,998.0
20260921,180000,70W,51,2026,9,21,18,28.5,131.9,99800.0,2026-09-21 18:00:00,2026-09-21 18:00:00,998.0
20260921,180000,70W,51,2026,9,21,18,28.5,132.7,99800.0,2026-09-21 18:00:00,2026-09-21 18:00:00,998.0
20260921,180000,70W,51,2026,9,21,18,28.5,133.3,100200.0,2026-09-21 18:00:00,2026-09-21 18:00:00,1002.0
20260921,180000,70W,51,2026,9,21,18,29.1,133.5,100200.0,2026-09-21 18:00:00,2026-09-21 18:00:00,1002.0
20260921,180000,70W,51,2026,9,21,18,30.0,133.8,100400.0,2026-09-21 18:00:00,2026-09-21 18:00:00,1004.0
20260921,180000,70W,51,2026,9,21,18,30.2,133.8,100300.0,2026-09-21 18:00:00,2026-09-21 18:00:00,1003.0
20260921,180000,70W,51,2026,9,21,18,30.5,134.7,100500.0,2026-09-21 18:00:00,2026-09-21 18:00:00,1005.0
20260921,180000,70W,51,2026,9,21,18,31.6,135.2,100500.0,2026-09-21 18:00:00,2026-09-21 18:00:00,1005.0
20260921,180000,70W,51,2026,9,21,18,33.9,138.3,100300.0,2026-09-21 18:00:00,2026-09-21 18:00:00,1003.0
20260921,180000,70W,51,2026,9,21,18,35.9,142.8,100500.0,2026-09-21 18:00:00,2026-09-21 18:00:00,1005.0
20260921,180000,70W,51,2026,9,21,18,37.300000000000004,146.20000000000002,100100.0,2026-09-21 18:00:00,2026-09-21 18:00:00,1001.0
20260921,180000,70W,51,2026,9,21,18,38.4,150.4,100100.0,2026-09-21 18:00:00,2026-09-21 18:00:00,1001.0
20260921,180000,70W,52,2026,9,21,18,12.8,141.70000000000002,100900.0,2026-09-21 18:00:00,2026-09-21 18:00:00,1009.0
20260921,180000,70W,52,2026,9,21,18,13.0,141.1,100700.0,2026-09-21 18:00:00,2026-09-21 18:00:00,1007.0
20260921,180000,70W,52,2026,9,21,18,13.6,140.3,100900.0,2026-09-21 18:00:00,2026-09-21 18:00:00,1009.0
20260921,180000,70W,52,2026,9,21,18,14.5,139.5,100700.0,2026-09-21 18:00:00,2026-09-21 18:00:00,1007.0
20260921,180000,70W,52,2026,9,21,18,15.0,138.6,100800.0,2026-09-21 18:00:00,2026-09-21 18:00:00,1008.0
20260921,180000,70W,52,2026,9,21,18,15.9,137.5,100500.0,2026-09-21 18:00:00,2026-09-21 18:00:00,1005.0
20260921,180000,70W,52,2026,9,21,18,16.4,136.6,100600.0,2026-09-21 18:00:00,2026-09-21 18:00:00,1006.0
20260921,180000,70W,52,2026,9,21,18,17.0,135.2,100300.0,2026-09-21 18:00:00,2026-09-21 18:00:00,1003.0
20260921,180000,70W,52,2026,9,21,18,17.3,134.1,100400.0,2026-09-21 18:00:00,2026-09-21 18:00:00,1004.0
20260921,180000,70W,52,2026,9,21,18,17.8,133.0,99900.0,2026-09-21 18:00:00,2026-09-21 18:00:00,999.0
20260921,180000,70W,52,2026,9,21,18,18.400000000000002,131.9,99800.0,2026-09-21 18:00:00,2026-09-21 18:00:00,998.0
20260921,180000,70W,52,2026,9,21,18,19.0,130.7,99300.0,2026-09-21 18:00:00,2026-09-21 18:00:00,993.0
20260921,180000,70W,52,2026,9,21,18,19.2,129.6,99400.0,2026-09-21 18:00:00,2026-09-21 18:00:00,994.0
20260921,180000,70W,52,2026,9,21,18,20.1,128.8,98900.0,2026-09-21 18:00:00,2026-09-21 18:00:00,989.0
20260921,180000,70W,52,2026,9,21,18,20.400000000000002,127.9,98800.0,2026-09-21 18:00:00,2026-09-21 18:00:00,988.0
20260921,180000,70W,52,2026,9,21,18,20.900000000000002,127.10000000000001,98300.0,2026-09-21 18:00:00,2026-09-21 18:00:00,983.0
20260921,180000,70W,52,2026,9,21,18,21.2,126.8,98500.0,2026-09-21 18:00:00,2026-09-21 18:00:00,985.0
20260921,180000,70W,52,2026,9,21,18,22.1,126.2,98000.0,2026-09-21 18:00:00,2026-09-21 18:00:00,980.0
20260921,180000,70W,52,2026,9,21,18,22.3,126.2,98000.0,2026-09-21 18:00:00,2026-09-21 18:00:00,980.0
20260921,180000,70W,52,2026,9,21,18,22.900000000000002,126.2,97800.0,2026-09-21 18:00:00,2026-09-21 18:00:00,978.0
20260921,180000,70W,52,2026,9,21,18,23.5,126.2,98200.0,2026-09-21 18:00:00,2026-09-21 18:00:00,982.0
20260921,180000,70W,52,2026,9,21,18,23.8,126.5,97700.0,2026-09-21 18:00:00,2026-09-21 18:00:00,977.0
20260921,180000,70W,52,2026,9,21,18,24.0,126.5,97900.0,2026-09-21 18:00:00,2026-09-21 18:00:00,979.0
20260921,180000,70W,52,2026,9,21,18,24.3,126.8,97800.0,2026-09-21 18:00:00,2026-09-21 18:00:00,978.0
20260921,180000,70W,52,2026,9,21,18,24.6,126.8,98000.0,2026-09-21 18:00:00,2026-09-21 18:00:00,980.0
20260921,180000,70W,52,2026,9,21,18,24.900000000000002,126.8,98100.0,2026-09-21 18:00:00,2026-09-21 18:00:00,981.0
20260921,180000,70W,52,2026,9,21,18,24.900000000000002,127.10000000000001,98800.0,2026-09-21 18:00:00,2026-09-21 18:00:00,988.0
20260921,180000,70W,52,2026,9,21,18,25.2,126.8,98900.0,2026-09-21 18:00:00,2026-09-21 18:00:00,989.0
20260921,180000,70W,52,2026,9,21,18,25.400000000000002,126.8,99400.0,2026-09-21 18:00:00,2026-09-21 18:00:00,994.0
20260921,180000,70W,52,2026,9,21,18,25.400000000000002,126.5,99400.0,2026-09-21 18:00:00,2026-09-21 18:00:00,994.0
20260921,180000,70W,52,2026,9,21,18,25.400000000000002,126.5,99800.0,2026-09-21 18:00:00,2026-09-21 18:00:00,998.0
20260921,180000,70W,52,2026,9,21,18,25.7,126.0,99800.0,2026-09-21 18:00:00,2026-09-21 18:00:00,998.0
20260921,180000,70W,52,2026,9,21,18,25.7,125.7,100000.0,2026-09-21 18:00:00,2026-09-21 18:00:00,1000.0
20260921,180000,70W,52,2026,9,21,18,26.400000000000002,125.8,100000.0,2026-09-21 18:00:00,2026-09-21 18:00:00,1000.0
20260921,180000,70W,52,2026,9,21,18,26.900000000000002,126.2,100200.0,2026-09-21 18:00:00,2026-09-21 18:00:00,1002.0
20260921,180000,70W,52,2026,9,21,18,27.7,126.5,100200.0,2026-09-21 18:00:00,2026-09-21 18:00:00,1002.0
20260921,180000,70W,52,2026,9,21,18,28.3,127.4,100200.0,2026-09-21 18:00:00,2026-09-21 18:00:00,1002.0
20260921,180000,70W,52,2026,9,21,18,28.8,128.8,100100.0,2026-09-21 18:00:00,2026-09-21 18:00:00,1001.0
20260921,180000,70W,52,2026,9,21,18,29.1,130.5,100200.0,2026-09-21 18:00:00,2026-09-21 18:00:00,1002.0
20260921,180000,70W,52,2026,9,21,18,30.0,132.1,100100.0,2026-09-21 18:00:00,2026-09-21 18:00:00,1001.0
20260921,180000,70W,52,2026,9,21,18,30.8,134.1,100200.0,2026-09-21 18:00:00,2026-09-21 18:00:00,1002.0
20260921,180000,70W,52,2026,9,21,18,31.8,136.2,100100.0,2026-09-21 18:00:00,2026-09-21 18:00:00,1001.0
20260921,180000,71W,1,2026,9,21,18,13.0,141.1,100300.0,2026-09-21 18:00:00,2026-09-21 18:00:00,1003.0
20260921,180000,71W,1,2026,9,21,18,13.9,140.6,100100.0,2026-09-21 18:00:00,2026-09-21 18:00:00,1001.0
20260921,180000,71W,1,2026,9,21,18,15.0,139.20000000000002,100000.0,2026-09-21 18:00:00,2026-09-21 18:00:00,1000.0
20260921,180000,71W,1,2026,9,21,18,15.3,138.0,99200.0,2026-09-21 18:00:00,2026-09-21 18:00:00,992.0
20260921,180000,71W,1,2026,9,21,18,16.1,137.20000000000002,99400.0,2026-09-21 18:00:00,2026-09-21 18:00:00,994.0
20260921,180000,71W,1,2026,9,21,18,16.7,136.4,99200.0,2026-09-21 18:00:00,2026-09-21 18:00:00,992.0
20260921,180000,71W,1,2026,9,21,18,17.3,135.5,98600.0,2026-09-21 18:00:00,2026-09-21 18:00:00,986.0
20260921,180000,71W,1,2026,9,21,18,18.1,134.7,98100.0,2026-09-21 18:00:00,2026-09-21 18:00:00,981.0
20260921,180000,71W,1,2026,9,21,18,18.7,133.5,97900.0,2026-09-21 18:00:00,2026-09-21 18:00:00,979.0
20260921,180000,71W,1,2026,9,21,18,19.2,132.4,98000.0,2026-09-21 18:00:00,2026-09-21 18:00:00,980.0
20260921,180000,71W,1,2026,9,21,18,19.8,131.3,98000.0,2026-09-21 18:00:00,2026-09-21 18:00:00,980.0
20260921,180000,71W,1,2026,9,21,18,20.400000000000002,130.5,97700.0,2026-09-21 18:00:00,2026-09-21 18:00:00,977.0
20260921,180000,71W,1,2026,9,21,18,20.900000000000002,129.0,97500.0,2026-09-21 18:00:00,2026-09-21 18:00:00,975.0
20260921,180000,71W,1,2026,9,21,18,21.5,128.2,97400.0,2026-09-21 18:00:00,2026-09-21 18:00:00,974.0
20260921,180000,71W,1,2026,9,21,18,22.3,127.60000000000001,97400.0,2026-09-21 18:00:00,2026-09-21 18:00:00,974.0
20260921,180000,71W,1,2026,9,21,18,22.900000000000002,127.10000000000001,97500.0,2026-09-21 18:00:00,2026-09-21 18:00:00,975.0
20260921,180000,71W,1,2026,9,21,18,23.8,126.5,97100.0,2026-09-21 18:00:00,2026-09-21 18:00:00,971.0
20260921,180000,71W,1,2026,9,21,18,24.6,126.8,97800.0,2026-09-21 18:00:00,2026-09-21 18:00:00,978.0
20260921,180000,71W,1,2026,9,21,18,25.400000000000002,127.10000000000001,98100.0,2026-09-21 18:00:00,2026-09-21 18:00:00,981.0
20260921,180000,71W,1,2026,9,21,18,26.3,127.60000000000001,97800.0,2026-09-21 18:00:00,2026-09-21 18:00:00,978.0
20260921,180000,71W,1,2026,9,21,18,27.1,128.8,97900.0,2026-09-21 18:00:00,2026-09-21 18:00:00,979.0
20260921,180000,71W,1,2026,9,21,18,28.0,129.9,98100.0,2026-09-21 18:00:00,2026-09-21 18:00:00,981.0
20260921,180000,71W,1,2026,9,21,18,28.5,131.6,98300.0,2026-09-21 18:00:00,2026-09-21 18:00:00,983.0
20260921,180000,71W,1,2026,9,21,18,29.400000000000002,133.3,98300.0,2026-09-21 18:00:00,2026-09-21 18:00:00,983.0
20260921,180000,71W,1,2026,9,21,18,30.0,134.7,98400.0,2026-09-21 18:00:00,2026-09-21 18:00:00,984.0
20260921,180000,71W,1,2026,9,21,18,30.8,136.4,98200.0,2026-09-21 18:00:00,2026-09-21 18:00:00,982.0
20260921,180000,71W,1,2026,9,21,18,30.5,137.8,98600.0,2026-09-21 18:00:00,2026-09-21 18:00:00,986.0
20260921,180000,71W,1,2026,9,21,18,30.8,138.9,98900.0,2026-09-21 18:00:00,2026-09-21 18:00:00,989.0
20260921,180000,71W,1,2026,9,21,18,30.8,139.9,99500.0,2026-09-21 18:00:00,2026-09-21 18:00:00,995.0
20260921,180000,71W,1,2026,9,21,18,31.900000000000002,141.4,99100.0,2026-09-21 18:00:00,2026-09-21 18:00:00,991.0
20260921,180000,71W,1,2026,9,21,18,32.5,142.8,98900.0,2026-09-21 18:00:00,2026-09-21 18:00:00,989.0
20260921,180000,71W,1,2026,9,21,18,33.6,144.20000000000002,98900.0,2026-09-21 18:00:00,2026-09-21 18:00:00,989.0
20260921,180000,71W,1,2026,9,21,18,34.5,145.6,98700.0,2026-09-21 18:00:00,2026-09-21 18:00:00,987.0
20260921,180000,71W,1,2026,9,21,18,35.6,147.6,98500.0,2026-09-21 18:00:00,2026-09-21 18:00:00,985.0
20260921,180000,71W,1,2026,9,21,18,37.0,149.0,99100.0,2026-09-21 18:00:00,2026-09-21 18:00:00,991.0
20260921,180000,71W,1,2026,9,21,18,39.0,150.70000000000002,99100.0,2026-09-21 18:00:00,2026-09-21 18:00:00,991.0
20260921,180000,71W,1,2026,9,21,18,41.300000000000004,153.5,99200.0,2026-09-21 18:00:00,2026-09-21 18:00:00,992.0
20260921,180000,71W,2,2026,9,21,18,38.4,147.6,98300.0,2026-09-21 18:00:00,2026-09-21 18:00:00,983.0
20260921,180000,71W,2,2026,9,21,18,39.800000000000004,150.4,98500.0,2026-09-21 18:00:00,2026-09-21 18:00:00,985.0
20260921,180000,71W,2,2026,9,21,18,40.1,153.5,99100.0,2026-09-21 18:00:00,2026-09-21 18:00:00,991.0
20260921,180000,71W,2,2026,9,21,18,42.1,157.70000000000002,99200.0,2026-09-21 18:00:00,2026-09-21 18:00:00,992.0
20260921,180000,71W,3,2026,9,21,18,12.8,141.70000000000002,100900.0,2026-09-21 18:00:00,2026-09-21 18:00:00,1009.0
20260921,180000,71W,3,2026,9,21,18,13.0,140.9,100600.0,2026-09-21 18:00:00,2026-09-21 18:00:00,1006.0
20260921,180000,71W,3,2026,9,21,18,13.0,138.9,100900.0,2026-09-21 18:00:00,2026-09-21 18:00:00,1009.0
20260921,180000,71W,3,2026,9,21,18,14.200000000000001,138.3,100500.0,2026-09-21 18:00:00,2026-09-21 18:00:00,1005.0
20260921,180000,71W,3,2026,9,21,18,14.5,138.0,100700.0,2026-09-21 18:00:00,2026-09-21 18:00:00,1007.0
20260921,180000,71W,3,2026,9,21,18,15.0,137.20000000000002,100500.0,2026-09-21 18:00:00,2026-09-21 18:00:00,1005.0
20260921,180000,71W,3,2026,9,21,18,15.9,136.1,100400.0,2026-09-21 18:00:00,2026-09-21 18:00:00,1004.0
20260921,180000,71W,3,2026,9,21,18,16.4,134.7,99700.0,2026-09-21 18:00:00,2026-09-21 18:00:00,997.0
20260921,180000,71W,3,2026,9,21,18,16.7,133.3,99800.0,2026-09-21 18:00:00,2026-09-21 18:00:00,998.0
20260921,180000,71W,3,2026,9,21,18,17.3,132.1,99400.0,2026-09-21 18:00:00,2026-09-21 18:00:00,994.0
20260921,180000,71W,3,2026,9,21,18,17.8,131.3,99300.0,2026-09-21 18:00:00,2026-09-21 18:00:00,993.0
20260921,180000,71W,3,2026,9,21,18,18.400000000000002,129.9,98600.0,2026-09-21 18:00:00,2026-09-21 18:00:00,986.0
20260921,180000,71W,3,2026,9,21,18,19.0,128.5,98800.0,2026-09-21 18:00:00,2026-09-21 18:00:00,988.0
20260921,180000,71W,3,2026,9,21,18,19.5,127.60000000000001,98500.0,2026-09-21 18:00:00,2026-09-21 18:00:00,985.0
20260921,180000,71W,3,2026,9,21,18,20.1,126.8,98000.0,2026-09-21 18:00:00,2026-09-21 18:00:00,980.0
20260921,180000,71W,3,2026,9,21,18,20.7,125.7,97800.0,2026-09-21 18:00:00,2026-09-21 18:00:00,978.0
20260921,180000,71W,3,2026,9,21,18,21.2,125.7,97500.0,2026-09-21 18:00:00,2026-09-21 18:00:00,975.0
20260921,180000,71W,3,2026,9,21,18,22.1,125.4,97400.0,2026-09-21 18:00:00,2026-09-21 18:00:00,974.0
20260921,180000,71W,3,2026,9,21,18,22.6,125.10000000000001,96900.0,2026-09-21 18:00:00,2026-09-21 18:00:00,969.0
20260921,180000,71W,3,2026,9,21,18,22.900000000000002,125.10000000000001,96700.0,2026-09-21 18:00:00,2026-09-21 18:00:00,967.0
20260921,180000,71W,3,2026,9,21,18,23.5,125.7,97600.0,2026-09-21 18:00:00,2026-09-21 18:00:00,976.0
20260921,180000,71W,3,2026,9,21,18,24.0,126.0,97300.0,2026-09-21 18:00:00,2026-09-21 18:00:00,973.0
20260921,180000,71W,3,2026,9,21,18,24.3,126.2,98000.0,2026-09-21 18:00:00,2026-09-21 18:00:00,980.0
20260921,180000,71W,3,2026,9,21,18,24.6,126.2,98400.0,2026-09-21 18:00:00,2026-09-21 18:00:00,984.0
20260921,180000,71W,3,2026,9,21,18,25.2,126.2,99200.0,2026-09-21 18:00:00,2026-09-21 18:00:00,992.0
20260921,180000,71W,3,2026,9,21,18,25.7,126.2,99500.0,2026-09-21 18:00:00,2026-09-21 18:00:00,995.0
20260921,180000,71W,3,2026,9,21,18,26.0,126.2,99800.0,2026-09-21 18:00:00,2026-09-21 18:00:00,998.0
20260921,180000,71W,3,2026,9,21,18,26.3,126.0,99700.0,2026-09-21 18:00:00,2026-09-21 18:00:00,997.0
20260921,180000,71W,3,2026,9,21,18,26.3,126.0,99900.0,2026-09-21 18:00:00,2026-09-21 18:00:00,999.0
20260921,180000,71W,3,2026,9,21,18,26.400000000000002,125.8,100000.0,2026-09-21 18:00:00,2026-09-21 18:00:00,1000.0
20260921,180000,71W,3,2026,9,21,18,26.900000000000002,125.7,100400.0,2026-09-21 18:00:00,2026-09-21 18:00:00,1004.0
20260921,180000,71W,3,2026,9,21,18,27.7,125.4,100300.0,2026-09-21 18:00:00,2026-09-21 18:00:00,1003.0
20260921,180000,71W,3,2026,9,21,18,29.400000000000002,127.10000000000001,100500.0,2026-09-21 18:00:00,2026-09-21 18:00:00,1005.0
20260921,180000,71W,3,2026,9,21,18,30.0,128.8,100500.0,2026-09-21 18:00:00,2026-09-21 18:00:00,1005.0
20260921,180000,71W,3,2026,9,21,18,31.400000000000002,131.3,100200.0,2026-09-21 18:00:00,2026-09-21 18:00:00,1002.0
20260921,180000,71W,3,2026,9,21,18,33.0,134.1,99900.0,2026-09-21 18:00:00,2026-09-21 18:00:00,999.0
20260921,180000,71W,3,2026,9,21,18,34.6,137.3,99900.0,2026-09-21 18:00:00,2026-09-21 18:00:00,999.0
20260921,180000,71W,3,2026,9,21,18,36.4,142.5,99700.0,2026-09-21 18:00:00,2026-09-21 18:00:00,997.0
20260921,180000,71W,3,2026,9,21,18,39.5,151.5,99800.0,2026-09-21 18:00:00,2026-09-21 18:00:00,998.0
20260921,180000,71W,4,2026,9,21,18,38.4,147.0,98300.0,2026-09-21 18:00:00,2026-09-21 18:00:00,983.0
20260921,180000,71W,4,2026,9,21,18,39.5,149.6,98400.0,2026-09-21 18:00:00,2026-09-21 18:00:00,984.0
20260921,180000,71W,4,2026,9,21,18,39.800000000000004,153.20000000000002,98900.0,2026-09-21 18:00:00,2026-09-21 18:00:00,989.0
20260921,180000,71W,4,2026,9,21,18,40.9,156.9,99100.0,2026-09-21 18:00:00,2026-09-21 18:00:00,991.0
20260921,180000,71W,4,2026,9,21,18,42.6,161.4,99300.0,2026-09-21 18:00:00,2026-09-21 18:00:00,993.0
20260921,180000,71W,5,2026,9,21,18,38.4,147.3,97900.0,2026-09-21 18:00:00,2026-09-21 18:00:00,979.0
20260921,180000,71W,5,2026,9,21,18,39.5,150.4,98100.0,2026-09-21 18:00:00,2026-09-21 18:00:00,981.0
20260921,180000,71W,5,2026,9,21,18,40.1,153.8,98600.0,2026-09-21 18:00:00,2026-09-21 18:00:00,986.0
20260921,180000,71W,5,2026,9,21,18,41.300000000000004,158.0,98700.0,2026-09-21 18:00:00,2026-09-21 18:00:00,987.0
20260921,180000,71W,5,2026,9,21,18,43.5,162.8,98700.0,2026-09-21 18:00:00,2026-09-21 18:00:00,987.0
20260921,180000,71W,6,2026,9,21,18,38.1,147.3,98100.0,2026-09-21 18:00:00,2026-09-21 18:00:00,981.0
20260921,180000,71W,6,2026,9,21,18,39.5,150.1,98200.0,2026-09-21 18:00:00,2026-09-21 18:00:00,982.0
20260921,180000,71W,6,2026,9,21,18,39.800000000000004,153.20000000000002,98800.0,2026-09-21 18:00:00,2026-09-21 18:00:00,988.0
20260921,180000,71W,7,2026,9,21,18,38.7,147.0,98000.0,2026-09-21 18:00:00,2026-09-21 18:00:00,980.0
20260921,180000,71W,7,2026,9,21,18,39.800000000000004,150.4,98200.0,2026-09-21 18:00:00,2026-09-21 18:00:00,982.0
20260921,180000,71W,7,2026,9,21,18,40.4,153.0,98800.0,2026-09-21 18:00:00,2026-09-21 18:00:00,988.0
20260921,180000,71W,7,2026,9,21,18,41.2,157.5,99000.0,2026-09-21 18:00:00,2026-09-21 18:00:00,990.0
20260921,180000,71W,8,2026,9,21,18,38.7,147.1,98000.0,2026-09-21 18:00:00,2026-09-21 18:00:00,980.0
20260921,180000,71W,8,2026,9,21,18,39.800000000000004,150.1,98100.0,2026-09-21 18:00:00,2026-09-21 18:00:00,981.0
20260921,180000,71W,8,2026,9,21,18,40.7,153.5,98700.0,2026-09-21 18:00:00,2026-09-21 18:00:00,987.0
20260921,180000,71W,8,2026,9,21,18,41.800000000000004,157.6,99000.0,2026-09-21 18:00:00,2026-09-21 18:00:00,990.0
20260921,180000,71W,9,2026,9,21,18,38.7,147.6,98100.0,2026-09-21 18:00:00,2026-09-21 18:00:00,981.0
20260921,180000,71W,9,2026,9,21,18,39.6,151.4,98000.0,2026-09-21 18:00:00,2026-09-21 18:00:00,980.0
20260921,180000,71W,9,2026,9,21,18,40.7,154.9,98300.0,2026-09-21 18:00:00,2026-09-21 18:00:00,983.0
20260921,180000,71W,9,2026,9,21,18,41.5,158.0,98700.0,2026-09-21 18:00:00,2026-09-21 18:00:00,987.0
20260921,180000,71W,9,2026,9,21,18,42.4,163.3,99000.0,2026-09-21 18:00:00,2026-09-21 18:00:00,990.0
20260921,180000,71W,10,2026,9,21,18,38.4,146.8,98000.0,2026-09-21 18:00:00,2026-09-21 18:00:00,980.0
20260921,180000,71W,10,2026,9,21,18,39.2,150.1,98300.0,2026-09-21 18:00:00,2026-09-21 18:00:00,983.0
20260921,180000,71W,10,2026,9,21,18,39.800000000000004,153.20000000000002,98800.0,2026-09-21 18:00:00,2026-09-21 18:00:00,988.0
20260921,180000,71W,10,2026,9,21,18,40.9,157.20000000000002,99000.0,2026-09-21 18:00:00,2026-09-21 18:00:00,990.0
20260921,180000,71W,10,2026,9,21,18,42.6,161.1,99000.0,2026-09-21 18:00:00,2026-09-21 18:00:00,990.0
20260921,180000,71W,11,2026,9,21,18,38.5,147.3,98300.0,2026-09-21 18:00:00,2026-09-21 18:00:00,983.0
20260921,180000,71W,11,2026,9,21,18,39.1,150.6,98300.0,2026-09-21 18:00:00,2026-09-21 18:00:00,983.0
20260921,180000,71W,11,2026,9,21,18,40.1,154.4,98900.0,2026-09-21 18:00:00,2026-09-21 18:00:00,989.0
20260921,180000,71W,11,2026,9,21,18,41.300000000000004,157.70000000000002,99000.0,2026-09-21 18:00:00,2026-09-21 18:00:00,990.0
20260921,180000,71W,12,2026,9,21,18,38.7,147.0,97800.0,2026-09-21 18:00:00,2026-09-21 18:00:00,978.0
20260921,180000,71W,12,2026,9,21,18,39.5,149.9,98100.0,2026-09-21 18:00:00,2026-09-21 18:00:00,981.0
20260921,180000,71W,12,2026,9,21,18,39.800000000000004,153.20000000000002,98500.0,2026-09-21 18:00:00,2026-09-21 18:00:00,985.0
20260921,180000,71W,12,2026,9,21,18,40.7,156.8,98900.0,2026-09-21 18:00:00,2026-09-21 18:00:00,989.0
20260921,180000,71W,13,2026,9,21,18,12.5,140.3,100800.0,2026-09-21 18:00:00,2026-09-21 18:00:00,1008.0
20260921,180000,71W,13,2026,9,21,18,12.8,140.3,100500.0,2026-09-21 18:00:00,2026-09-21 18:00:00,1005.0
20260921,180000,71W,13,2026,9,21,18,13.6,140.0,100800.0,2026-09-21 18:00:00,2026-09-21 18:00:00,1008.0
20260921,180000,71W,13,2026,9,21,18,14.200000000000001,139.20000000000002,100600.0,2026-09-21 18:00:00,2026-09-21 18:00:00,1006.0
20260921,180000,71W,13,2026,9,21,18,15.3,138.3,100600.0,2026-09-21 18:00:00,2026-09-21 18:00:00,1006.0
20260921,180000,71W,13,2026,9,21,18,16.1,137.20000000000002,99900.0,2026-09-21 18:00:00,2026-09-21 18:00:00,999.0
20260921,180000,71W,13,2026,9,21,18,16.4,136.1,100000.0,2026-09-21 18:00:00,2026-09-21 18:00:00,1000.0
20260921,180000,71W,13,2026,9,21,18,17.6,135.2,99700.0,2026-09-21 18:00:00,2026-09-21 18:00:00,997.0
20260921,180000,71W,13,2026,9,21,18,18.400000000000002,134.1,99400.0,2026-09-21 18:00:00,2026-09-21 18:00:00,994.0
20260921,180000,71W,13,2026,9,21,18,18.7,133.3,98200.0,2026-09-21 18:00:00,2026-09-21 18:00:00,982.0
20260921,180000,71W,13,2026,9,21,18,19.2,132.1,98400.0,2026-09-21 18:00:00,2026-09-21 18:00:00,984.0
20260921,180000,71W,13,2026,9,21,18,19.8,131.0,98300.0,2026-09-21 18:00:00,2026-09-21 18:00:00,983.0
20260921,180000,71W,13,2026,9,21,18,20.400000000000002,130.2,98100.0,2026-09-21 18:00:00,2026-09-21 18:00:00,981.0
20260921,180000,71W,13,2026,9,21,18,20.900000000000002,129.3,98100.0,2026-09-21 18:00:00,2026-09-21 18:00:00,981.0
20260921,180000,71W,13,2026,9,21,18,21.2,128.8,98200.0,2026-09-21 18:00:00,2026-09-21 18:00:00,982.0
20260921,180000,71W,13,2026,9,21,18,21.8,128.2,97800.0,2026-09-21 18:00:00,2026-09-21 18:00:00,978.0
20260921,180000,71W,13,2026,9,21,18,22.1,127.9,97300.0,2026-09-21 18:00:00,2026-09-21 18:00:00,973.0
20260921,180000,71W,13,2026,9,21,18,22.900000000000002,127.9,97600.0,2026-09-21 18:00:00,2026-09-21 18:00:00,976.0
20260921,180000,71W,13,2026,9,21,18,23.5,127.60000000000001,97500.0,2026-09-21 18:00:00,2026-09-21 18:00:00,975.0
20260921,180000,71W,13,2026,9,21,18,24.3,127.9,97900.0,2026-09-21 18:00:00,2026-09-21 18:00:00,979.0
20260921,180000,71W,13,2026,9,21,18,25.2,128.5,97400.0,2026-09-21 18:00:00,2026-09-21 18:00:00,974.0
20260921,180000,71W,13,2026,9,21,18,26.0,129.3,97600.0,2026-09-21 18:00:00,2026-09-21 18:00:00,976.0
20260921,180000,71W,13,2026,9,21,18,26.6,130.2,97800.0,2026-09-21 18:00:00,2026-09-21 18:00:00,978.0
20260921,180000,71W,13,2026,9,21,18,26.900000000000002,130.7,97700.0,2026-09-21 18:00:00,2026-09-21 18:00:00,977.0
20260921,180000,71W,13,2026,9,21,18,26.900000000000002,131.3,98200.0,2026-09-21 18:00:00,2026-09-21 18:00:00,982.0
20260921,180000,71W,13,2026,9,21,18,27.400000000000002,132.4,98300.0,2026-09-21 18:00:00,2026-09-21 18:00:00,983.0
20260921,180000,71W,13,2026,9,21,18,27.400000000000002,132.7,98500.0,2026-09-21 18:00:00,2026-09-21 18:00:00,985.0
20260921,180000,71W,13,2026,9,21,18,28.0,133.0,98600.0,2026-09-21 18:00:00,2026-09-21 18:00:00,986.0
20260921,180000,71W,13,2026,9,21,18,28.0,133.5,98800.0,2026-09-21 18:00:00,2026-09-21 18:00:00,988.0
20260921,180000,71W,13,2026,9,21,18,28.5,134.4,98600.0,2026-09-21 18:00:00,2026-09-21 18:00:00,986.0
20260921,180000,71W,13,2026,9,21,18,28.5,134.7,99000.0,2026-09-21 18:00:00,2026-09-21 18:00:00,990.0
20260921,180000,71W,13,2026,9,21,18,28.8,135.5,99100.0,2026-09-21 18:00:00,2026-09-21 18:00:00,991.0
20260921,180000,71W,13,2026,9,21,18,28.8,136.4,99300.0,2026-09-21 18:00:00,2026-09-21 18:00:00,993.0
20260921,180000,71W,13,2026,9,21,18,29.1,136.9,99400.0,2026-09-21 18:00:00,2026-09-21 18:00:00,994.0
20260921,180000,71W,13,2026,9,21,18,29.7,137.8,99900.0,2026-09-21 18:00:00,2026-09-21 18:00:00,999.0
20260921,180000,71W,13,2026,9,21,18,30.5,138.6,99800.0,2026-09-21 18:00:00,2026-09-21 18:00:00,998.0
20260921,180000,71W,13,2026,9,21,18,32.2,140.0,99800.0,2026-09-21 18:00:00,2026-09-21 18:00:00,998.0
20260921,180000,71W,14,2026,9,21,18,12.200000000000001,142.8,101000.0,2026-09-21 18:00:00,2026-09-21 18:00:00,1010.0
20260921,180000,71W,14,2026,9,21,18,12.8,140.6,101000.0,2026-09-21 18:00:00,2026-09-21 18:00:00,1010.0
20260921,180000,71W,14,2026,9,21,18,13.3,140.0,100700.0,2026-09-21 18:00:00,2026-09-21 18:00:00,1007.0
20260921,180000,71W,14,2026,9,21,18,15.0,139.5,100800.0,2026-09-21 18:00:00,2026-09-21 18:00:00,1008.0
20260921,180000,71W,14,2026,9,21,18,15.6,138.3,100500.0,2026-09-21 18:00:00,2026-09-21 18:00:00,1005.0
20260921,180000,71W,14,2026,9,21,18,15.9,137.20000000000002,100600.0,2026-09-21 18:00:00,2026-09-21 18:00:00,1006.0
20260921,180000,71W,14,2026,9,21,18,16.1,136.1,100300.0,2026-09-21 18:00:00,2026-09-21 18:00:00,1003.0
20260921,180000,71W,14,2026,9,21,18,17.0,135.0,100400.0,2026-09-21 18:00:00,2026-09-21 18:00:00,1004.0
20260921,180000,71W,14,2026,9,21,18,17.0,133.8,100100.0,2026-09-21 18:00:00,2026-09-21 18:00:00,1001.0
20260921,180000,71W,14,2026,9,21,18,17.6,132.7,100200.0,2026-09-21 18:00:00,2026-09-21 18:00:00,1002.0
20260921,180000,71W,14,2026,9,21,18,17.8,131.6,99800.0,2026-09-21 18:00:00,2026-09-21 18:00:00,998.0
20260921,180000,71W,14,2026,9,21,18,18.400000000000002,130.5,99400.0,2026-09-21 18:00:00,2026-09-21 18:00:00,994.0
20260921,180000,71W,14,2026,9,21,18,19.0,129.6,98700.0,2026-09-21 18:00:00,2026-09-21 18:00:00,987.0
20260921,180000,71W,14,2026,9,21,18,19.0,128.5,97800.0,2026-09-21 18:00:00,2026-09-21 18:00:00,978.0
20260921,180000,71W,14,2026,9,21,18,19.2,127.60000000000001,97800.0,2026-09-21 18:00:00,2026-09-21 18:00:00,978.0
20260921,180000,71W,14,2026,9,21,18,19.8,127.10000000000001,97400.0,2026-09-21 18:00:00,2026-09-21 18:00:00,974.0
20260921,180000,71W,14,2026,9,21,18,20.1,126.5,97100.0,2026-09-21 18:00:00,2026-09-21 18:00:00,971.0
20260921,180000,71W,14,2026,9,21,18,20.7,126.2,96800.0,2026-09-21 18:00:00,2026-09-21 18:00:00,968.0
20260921,180000,71W,14,2026,9,21,18,21.2,126.0,97300.0,2026-09-21 18:00:00,2026-09-21 18:00:00,973.0
20260921,180000,71W,14,2026,9,21,18,21.5,125.7,97200.0,2026-09-21 18:00:00,2026-09-21 18:00:00,972.0
20260921,180000,71W,14,2026,9,21,18,22.1,125.4,96900.0,2026-09-21 18:00:00,2026-09-21 18:00:00,969.0
20260921,180000,71W,14,2026,9,21,18,22.3,125.10000000000001,97500.0,2026-09-21 18:00:00,2026-09-21 18:00:00,975.0
20260921,180000,71W,14,2026,9,21,18,22.6,125.10000000000001,97500.0,2026-09-21 18:00:00,2026-09-21 18:00:00,975.0
20260921,180000,71W,14,2026,9,21,18,22.900000000000002,124.5,97500.0,2026-09-21 18:00:00,2026-09-21 18:00:00,975.0
20260921,180000,71W,14,2026,9,21,18,22.900000000000002,124.3,97200.0,2026-09-21 18:00:00,2026-09-21 18:00:00,972.0
20260921,180000,71W,14,2026,9,21,18,23.2,124.0,97400.0,2026-09-21 18:00:00,2026-09-21 18:00:00,974.0
20260921,180000,71W,14,2026,9,21,18,23.5,123.10000000000001,97900.0,2026-09-21 18:00:00,2026-09-21 18:00:00,979.0
20260921,180000,71W,14,2026,9,21,18,23.8,122.3,98400.0,2026-09-21 18:00:00,2026-09-21 18:00:00,984.0
20260921,180000,71W,14,2026,9,21,18,22.900000000000002,121.2,99700.0,2026-09-21 18:00:00,2026-09-21 18:00:00,997.0
20260921,180000,71W,14,2026,9,21,18,22.6,121.2,100200.0,2026-09-21 18:00:00,2026-09-21 18:00:00,1002.0
20260921,180000,71W,14,2026,9,21,18,25.400000000000002,120.9,100400.0,2026-09-21 18:00:00,2026-09-21 18:00:00,1004.0
20260921,180000,71W,14,2026,9,21,18,25.7,120.9,100500.0,2026-09-21 18:00:00,2026-09-21 18:00:00,1005.0
20260921,180000,71W,14,2026,9,21,18,26.3,121.2,100300.0,2026-09-21 18:00:00,2026-09-21 18:00:00,1003.0
20260921,180000,71W,14,2026,9,21,18,26.3,121.7,100300.0,2026-09-21 18:00:00,2026-09-21 18:00:00,1003.0
20260921,180000,71W,14,2026,9,21,18,26.6,122.0,100400.0,2026-09-21 18:00:00,2026-09-21 18:00:00,1004.0
20260921,180000,71W,14,2026,9,21,18,26.0,122.0,100600.0,2026-09-21 18:00:00,2026-09-21 18:00:00,1006.0
20260921,180000,71W,14,2026,9,21,18,25.7,122.3,100600.0,2026-09-21 18:00:00,2026-09-21 18:00:00,1006.0
20260921,180000,71W,14,2026,9,21,18,26.3,123.7,100800.0,2026-09-21 18:00:00,2026-09-21 18:00:00,1008.0
20260921,180000,71W,14,2026,9,21,18,25.7,124.3,100500.0,2026-09-21 18:00:00,2026-09-21 18:00:00,1005.0
20260921,180000,71W,14,2026,9,21,18,25.400000000000002,125.10000000000001,100900.0,2026-09-21 18:00:00,2026-09-21 18:00:00,1009.0
20260921,180000,71W,14,2026,9,21,18,25.400000000000002,126.0,100600.0,2026-09-21 18:00:00,2026-09-21 18:00:00,1006.0
20260921,180000,71W,14,2026,9,21,18,25.400000000000002,126.8,100800.0,2026-09-21 18:00:00,2026-09-21 18:00:00,1008.0
20260921,180000,71W,14,2026,9,21,18,25.400000000000002,127.4,100700.0,2026-09-21 18:00:00,2026-09-21 18:00:00,1007.0
20260921,180000,71W,14,2026,9,21,18,25.2,127.9,100600.0,2026-09-21 18:00:00,2026-09-21 18:00:00,1006.0
20260921,180000,71W,15,2026,9,21,18,13.0,142.5,100700.0,2026-09-21 18:00:00,2026-09-21 18:00:00,1007.0
20260921,180000,71W,15,2026,9,21,18,13.3,141.4,100400.0,2026-09-21 18:00:00,2026-09-21 18:00:00,1004.0
20260921,180000,71W,15,2026,9,21,18,13.9,141.1,100600.0,2026-09-21 18:00:00,2026-09-21 18:00:00,1006.0
20260921,180000,71W,15,2026,9,21,18,14.700000000000001,140.0,100100.0,2026-09-21 18:00:00,2026-09-21 18:00:00,1001.0
20260921,180000,71W,15,2026,9,21,18,15.3,138.9,99800.0,2026-09-21 18:00:00,2026-09-21 18:00:00,998.0
20260921,180000,71W,15,2026,9,21,18,16.1,138.0,99500.0,2026-09-21 18:00:00,2026-09-21 18:00:00,995.0
20260921,180000,71W,15,2026,9,21,18,16.7,136.9,99900.0,2026-09-21 18:00:00,2026-09-21 18:00:00,999.0
20260921,180000,71W,15,2026,9,21,18,17.0,135.8,98800.0,2026-09-21 18:00:00,2026-09-21 18:00:00,988.0
20260921,180000,71W,15,2026,9,21,18,17.3,134.7,98900.0,2026-09-21 18:00:00,2026-09-21 18:00:00,989.0
20260921,180000,71W,15,2026,9,21,18,17.8,133.3,98200.0,2026-09-21 18:00:00,2026-09-21 18:00:00,982.0
20260921,180000,71W,15,2026,9,21,18,18.1,132.1,97900.0,2026-09-21 18:00:00,2026-09-21 18:00:00,979.0
20260921,180000,71W,15,2026,9,21,18,18.7,131.0,97800.0,2026-09-21 18:00:00,2026-09-21 18:00:00,978.0
20260921,180000,71W,15,2026,9,21,18,19.0,130.2,97700.0,2026-09-21 18:00:00,2026-09-21 18:00:00,977.0
20260921,180000,71W,15,2026,9,21,18,19.5,129.0,97500.0,2026-09-21 18:00:00,2026-09-21 18:00:00,975.0
20260921,180000,71W,15,2026,9,21,18,20.1,127.9,97100.0,2026-09-21 18:00:00,2026-09-21 18:00:00,971.0
20260921,180000,71W,15,2026,9,21,18,20.7,127.4,97200.0,2026-09-21 18:00:00,2026-09-21 18:00:00,972.0
20260921,180000,71W,15,2026,9,21,18,21.5,126.8,97000.0,2026-09-21 18:00:00,2026-09-21 18:00:00,970.0
20260921,180000,71W,15,2026,9,21,18,22.1,126.5,97000.0,2026-09-21 18:00:00,2026-09-21 18:00:00,970.0
20260921,180000,71W,15,2026,9,21,18,22.6,126.2,96400.0,2026-09-21 18:00:00,2026-09-21 18:00:00,964.0
20260921,180000,71W,15,2026,9,21,18,23.5,126.2,96400.0,2026-09-21 18:00:00,2026-09-21 18:00:00,964.0
20260921,180000,71W,15,2026,9,21,18,24.0,126.5,95900.0,2026-09-21 18:00:00,2026-09-21 18:00:00,959.0
20260921,180000,71W,15,2026,9,21,18,24.3,126.8,96200.0,2026-09-21 18:00:00,2026-09-21 18:00:00,962.0
20260921,180000,71W,15,2026,9,21,18,24.900000000000002,127.4,95800.0,2026-09-21 18:00:00,2026-09-21 18:00:00,958.0
20260921,180000,71W,15,2026,9,21,18,25.2,127.60000000000001,95600.0,2026-09-21 18:00:00,2026-09-21 18:00:00,956.0
20260921,180000,71W,15,2026,9,21,18,25.2,127.9,96100.0,2026-09-21 18:00:00,2026-09-21 18:00:00,961.0
20260921,180000,71W,15,2026,9,21,18,25.400000000000002,128.8,96400.0,2026-09-21 18:00:00,2026-09-21 18:00:00,964.0
20260921,180000,71W,15,2026,9,21,18,25.400000000000002,129.0,96500.0,2026-09-21 18:00:00,2026-09-21 18:00:00,965.0
20260921,180000,71W,15,2026,9,21,18,25.7,129.6,96800.0,2026-09-21 18:00:00,2026-09-21 18:00:00,968.0
20260921,180000,71W,15,2026,9,21,18,25.7,129.9,97300.0,2026-09-21 18:00:00,2026-09-21 18:00:00,973.0
20260921,180000,71W,15,2026,9,21,18,25.7,129.9,96500.0,2026-09-21 18:00:00,2026-09-21 18:00:00,965.0
20260921,180000,71W,15,2026,9,21,18,25.400000000000002,130.2,96800.0,2026-09-21 18:00:00,2026-09-21 18:00:00,968.0
20260921,180000,71W,15,2026,9,21,18,25.7,129.9,96700.0,2026-09-21 18:00:00,2026-09-21 18:00:00,967.0
20260921,180000,71W,15,2026,9,21,18,25.7,130.2,97200.0,2026-09-21 18:00:00,2026-09-21 18:00:00,972.0
20260921,180000,71W,15,2026,9,21,18,26.0,130.5,96900.0,2026-09-21 18:00:00,2026-09-21 18:00:00,969.0
20260921,180000,71W,15,2026,9,21,18,26.0,130.5,97600.0,2026-09-21 18:00:00,2026-09-21 18:00:00,976.0
20260921,180000,71W,15,2026,9,21,18,26.900000000000002,130.7,97300.0,2026-09-21 18:00:00,2026-09-21 18:00:00,973.0
20260921,180000,71W,15,2026,9,21,18,27.1,131.6,97800.0,2026-09-21 18:00:00,2026-09-21 18:00:00,978.0
20260921,180000,71W,15,2026,9,21,18,28.0,133.0,97700.0,2026-09-21 18:00:00,2026-09-21 18:00:00,977.0
20260921,180000,71W,15,2026,9,21,18,29.1,134.4,98000.0,2026-09-21 18:00:00,2026-09-21 18:00:00,980.0
20260921,180000,71W,15,2026,9,21,18,30.5,136.4,97600.0,2026-09-21 18:00:00,2026-09-21 18:00:00,976.0
20260921,180000,71W,15,2026,9,21,18,32.8,139.5,97400.0,2026-09-21 18:00:00,2026-09-21 18:00:00,974.0
20260921,180000,71W,15,2026,9,21,18,36.4,143.1,97500.0,2026-09-21 18:00:00,2026-09-21 18:00:00,975.0
20260921,180000,71W,16,2026,9,21,18,13.3,142.8,101000.0,2026-09-21 18:00:00,2026-09-21 18:00:00,1010.0
20260921,180000,71W,16,2026,9,21,18,13.6,141.70000000000002,100500.0,2026-09-21 18:00:00,2026-09-21 18:00:00,1005.0
20260921,180000,71W,16,2026,9,21,18,13.9,140.9,101000.0,2026-09-21 18:00:00,2026-09-21 18:00:00,1010.0
20260921,180000,71W,16,2026,9,21,18,13.9,140.3,100700.0,2026-09-21 18:00:00,2026-09-21 18:00:00,1007.0
20260921,180000,71W,16,2026,9,21,18,14.700000000000001,139.70000000000002,100900.0,2026-09-21 18:00:00,2026-09-21 18:00:00,1009.0
20260921,180000,71W,16,2026,9,21,18,15.0,138.9,100700.0,2026-09-21 18:00:00,2026-09-21 18:00:00,1007.0
20260921,180000,71W,16,2026,9,21,18,15.6,138.0,101000.0,2026-09-21 18:00:00,2026-09-21 18:00:00,1010.0
20260921,180000,71W,16,2026,9,21,18,15.9,136.6,100700.0,2026-09-21 18:00:00,2026-09-21 18:00:00,1007.0
20260921,180000,71W,16,2026,9,21,18,15.9,135.2,100900.0,2026-09-21 18:00:00,2026-09-21 18:00:00,1009.0
20260921,180000,71W,16,2026,9,21,18,15.9,135.0,100700.0,2026-09-21 18:00:00,2026-09-21 18:00:00,1007.0
20260921,180000,71W,16,2026,9,21,18,15.9,133.5,101000.0,2026-09-21 18:00:00,2026-09-21 18:00:00,1010.0
20260921,180000,71W,16,2026,9,21,18,16.0,132.6,100700.0,2026-09-21 18:00:00,2026-09-21 18:00:00,1007.0
20260921,180000,71W,16,2026,9,21,18,16.1,132.4,100900.0,2026-09-21 18:00:00,2026-09-21 18:00:00,1009.0
20260921,180000,71W,16,2026,9,21,18,17.2,130.8,100700.0,2026-09-21 18:00:00,2026-09-21 18:00:00,1007.0
20260921,180000,71W,16,2026,9,21,18,17.8,129.6,100900.0,2026-09-21 18:00:00,2026-09-21 18:00:00,1009.0
20260921,180000,71W,16,2026,9,21,18,18.1,128.8,100700.0,2026-09-21 18:00:00,2026-09-21 18:00:00,1007.0
20260921,180000,71W,16,2026,9,21,18,18.1,128.5,100800.0,2026-09-21 18:00:00,2026-09-21 18:00:00,1008.0
20260921,180000,71W,16,2026,9,21,18,18.400000000000002,127.60000000000001,100500.0,2026-09-21 18:00:00,2026-09-21 18:00:00,1005.0
20260921,180000,71W,16,2026,9,21,18,19.2,127.4,100600.0,2026-09-21 18:00:00,2026-09-21 18:00:00,1006.0
20260921,180000,71W,16,2026,9,21,18,19.5,126.2,100400.0,2026-09-21 18:00:00,2026-09-21 18:00:00,1004.0
20260921,180000,71W,16,2026,9,21,18,19.8,126.2,100500.0,2026-09-21 18:00:00,2026-09-21 18:00:00,1005.0
20260921,180000,71W,16,2026,9,21,18,20.400000000000002,126.0,100400.0,2026-09-21 18:00:00,2026-09-21 18:00:00,1004.0
20260921,180000,71W,16,2026,9,21,18,20.900000000000002,125.4,100400.0,2026-09-21 18:00:00,2026-09-21 18:00:00,1004.0
20260921,180000,71W,16,2026,9,21,18,21.2,125.10000000000001,100400.0,2026-09-21 18:00:00,2026-09-21 18:00:00,1004.0
20260921,180000,71W,16,2026,9,21,18,21.8,124.5,100500.0,2026-09-21 18:00:00,2026-09-21 18:00:00,1005.0
20260921,180000,71W,16,2026,9,21,18,22.1,124.5,100400.0,2026-09-21 18:00:00,2026-09-21 18:00:00,1004.0
20260921,180000,71W,16,2026,9,21,18,22.6,124.5,100500.0,2026-09-21 18:00:00,2026-09-21 18:00:00,1005.0
20260921,180000,71W,16,2026,9,21,18,23.2,124.0,100300.0,2026-09-21 18:00:00,2026-09-21 18:00:00,1003.0
20260921,180000,71W,16,2026,9,21,18,23.8,124.0,100500.0,2026-09-21 18:00:00,2026-09-21 18:00:00,1005.0
20260921,180000,71W,16,2026,9,21,18,24.6,124.0,100600.0,2026-09-21 18:00:00,2026-09-21 18:00:00,1006.0
20260921,180000,71W,16,2026,9,21,18,25.400000000000002,124.3,100800.0,2026-09-21 18:00:00,2026-09-21 18:00:00,1008.0
20260921,180000,71W,16,2026,9,21,18,26.900000000000002,124.5,100600.0,2026-09-21 18:00:00,2026-09-21 18:00:00,1006.0
20260921,180000,71W,16,2026,9,21,18,28.0,124.8,100800.0,2026-09-21 18:00:00,2026-09-21 18:00:00,1008.0
20260921,180000,71W,16,2026,9,21,18,29.400000000000002,126.2,100400.0,2026-09-21 18:00:00,2026-09-21 18:00:00,1004.0
20260921,180000,71W,16,2026,9,21,18,30.5,127.9,100400.0,2026-09-21 18:00:00,2026-09-21 18:00:00,1004.0
20260921,180000,71W,16,2026,9,21,18,31.900000000000002,130.2,99800.0,2026-09-21 18:00:00,2026-09-21 18:00:00,998.0
20260921,180000,71W,16,2026,9,21,18,34.2,134.4,100300.0,2026-09-21 18:00:00,2026-09-21 18:00:00,1003.0
20260921,180000,71W,17,2026,9,21,18,38.1,147.3,97800.0,2026-09-21 18:00:00,2026-09-21 18:00:00,978.0
20260921,180000,71W,17,2026,9,21,18,39.2,150.4,98000.0,2026-09-21 18:00:00,2026-09-21 18:00:00,980.0
20260921,180000,71W,17,2026,9,21,18,40.1,154.1,98200.0,2026-09-21 18:00:00,2026-09-21 18:00:00,982.0
20260921,180000,71W,17,2026,9,21,18,40.7,156.70000000000002,98600.0,2026-09-21 18:00:00,2026-09-21 18:00:00,986.0
20260921,180000,71W,17,2026,9,21,18,42.300000000000004,161.1,98700.0,2026-09-21 18:00:00,2026-09-21 18:00:00,987.0
20260921,180000,71W,17,2026,9,21,18,43.300000000000004,165.70000000000002,98500.0,2026-09-21 18:00:00,2026-09-21 18:00:00,985.0
20260921,180000,71W,18,2026,9,21,18,38.4,147.3,98200.0,2026-09-21 18:00:00,2026-09-21 18:00:00,982.0
20260921,180000,71W,18,2026,9,21,18,39.800000000000004,150.4,98100.0,2026-09-21 18:00:00,2026-09-21 18:00:00,981.0
20260921,180000,71W,18,2026,9,21,18,40.4,153.20000000000002,98700.0,2026-09-21 18:00:00,2026-09-21 18:00:00,987.0
20260921,180000,71W,18,2026,9,21,18,42.1,157.20000000000002,99000.0,2026-09-21 18:00:00,2026-09-21 18:00:00,990.0
20260921,180000,71W,19,2026,9,21,18,38.7,147.6,97800.0,2026-09-21 18:00:00,2026-09-21 18:00:00,978.0
20260921,180000,71W,19,2026,9,21,18,40.1,150.70000000000002,98200.0,2026-09-21 18:00:00,2026-09-21 18:00:00,982.0
20260921,180000,71W,19,2026,9,21,18,40.7,153.5,98700.0,2026-09-21 18:00:00,2026-09-21 18:00:00,987.0
20260921,180000,71W,19,2026,9,21,18,42.1,157.5,98900.0,2026-09-21 18:00:00,2026-09-21 18:00:00,989.0
20260921,180000,71W,20,2026,9,21,18,12.8,141.70000000000002,100900.0,2026-09-21 18:00:00,2026-09-21 18:00:00,1009.0
20260921,180000,71W,20,2026,9,21,18,13.3,141.4,100600.0,2026-09-21 18:00:00,2026-09-21 18:00:00,1006.0
20260921,180000,71W,20,2026,9,21,18,14.700000000000001,139.70000000000002,100700.0,2026-09-21 18:00:00,2026-09-21 18:00:00,1007.0
20260921,180000,71W,20,2026,9,21,18,15.0,138.9,100400.0,2026-09-21 18:00:00,2026-09-21 18:00:00,1004.0
20260921,180000,71W,20,2026,9,21,18,15.9,137.8,100400.0,2026-09-21 18:00:00,2026-09-21 18:00:00,1004.0
20260921,180000,71W,20,2026,9,21,18,16.7,136.6,100200.0,2026-09-21 18:00:00,2026-09-21 18:00:00,1002.0
20260921,180000,71W,20,2026,9,21,18,17.0,135.5,100300.0,2026-09-21 18:00:00,2026-09-21 18:00:00,1003.0
20260921,180000,71W,20,2026,9,21,18,17.3,134.1,99400.0,2026-09-21 18:00:00,2026-09-21 18:00:00,994.0
20260921,180000,71W,20,2026,9,21,18,17.8,133.0,99000.0,2026-09-21 18:00:00,2026-09-21 18:00:00,990.0
20260921,180000,71W,20,2026,9,21,18,18.7,131.6,98500.0,2026-09-21 18:00:00,2026-09-21 18:00:00,985.0
20260921,180000,71W,20,2026,9,21,18,19.0,130.7,98400.0,2026-09-21 18:00:00,2026-09-21 18:00:00,984.0
20260921,180000,71W,20,2026,9,21,18,19.5,129.6,98000.0,2026-09-21 18:00:00,2026-09-21 18:00:00,980.0
20260921,180000,71W,20,2026,9,21,18,20.1,128.8,98400.0,2026-09-21 18:00:00,2026-09-21 18:00:00,984.0
20260921,180000,71W,20,2026,9,21,18,20.900000000000002,128.2,98000.0,2026-09-21 18:00:00,2026-09-21 18:00:00,980.0
20260921,180000,71W,20,2026,9,21,18,21.5,127.60000000000001,97700.0,2026-09-21 18:00:00,2026-09-21 18:00:00,977.0
20260921,180000,71W,20,2026,9,21,18,22.3,126.8,97600.0,2026-09-21 18:00:00,2026-09-21 18:00:00,976.0
20260921,180000,71W,20,2026,9,21,18,23.2,126.5,97500.0,2026-09-21 18:00:00,2026-09-21 18:00:00,975.0
20260921,180000,71W,20,2026,9,21,18,24.0,126.8,97500.0,2026-09-21 18:00:00,2026-09-21 18:00:00,975.0
20260921,180000,71W,20,2026,9,21,18,24.6,126.8,97500.0,2026-09-21 18:00:00,2026-09-21 18:00:00,975.0
20260921,180000,71W,20,2026,9,21,18,25.2,127.4,97600.0,2026-09-21 18:00:00,2026-09-21 18:00:00,976.0
20260921,180000,71W,20,2026,9,21,18,25.7,128.5,97500.0,2026-09-21 18:00:00,2026-09-21 18:00:00,975.0
20260921,180000,71W,20,2026,9,21,18,26.3,129.0,97500.0,2026-09-21 18:00:00,2026-09-21 18:00:00,975.0
20260921,180000,71W,20,2026,9,21,18,26.0,130.2,97400.0,2026-09-21 18:00:00,2026-09-21 18:00:00,974.0
20260921,180000,71W,20,2026,9,21,18,26.0,130.7,97400.0,2026-09-21 18:00:00,2026-09-21 18:00:00,974.0
20260921,180000,71W,20,2026,9,21,18,25.7,131.0,97300.0,2026-09-21 18:00:00,2026-09-21 18:00:00,973.0
20260921,180000,71W,20,2026,9,21,18,26.0,131.6,97400.0,2026-09-21 18:00:00,2026-09-21 18:00:00,974.0
20260921,180000,71W,20,2026,9,21,18,26.0,131.6,98000.0,2026-09-21 18:00:00,2026-09-21 18:00:00,980.0
20260921,180000,71W,20,2026,9,21,18,26.0,131.6,98300.0,2026-09-21 18:00:00,2026-09-21 18:00:00,983.0
20260921,180000,71W,20,2026,9,21,18,26.0,131.9,98600.0,2026-09-21 18:00:00,2026-09-21 18:00:00,986.0
20260921,180000,71W,20,2026,9,21,18,25.7,131.9,98200.0,2026-09-21 18:00:00,2026-09-21 18:00:00,982.0
20260921,180000,71W,20,2026,9,21,18,25.7,131.6,98500.0,2026-09-21 18:00:00,2026-09-21 18:00:00,985.0
20260921,180000,71W,20,2026,9,21,18,26.0,131.9,98600.0,2026-09-21 18:00:00,2026-09-21 18:00:00,986.0
20260921,180000,71W,20,2026,9,21,18,26.0,131.9,99000.0,2026-09-21 18:00:00,2026-09-21 18:00:00,990.0
20260921,180000,71W,20,2026,9,21,18,26.0,131.9,98700.0,2026-09-21 18:00:00,2026-09-21 18:00:00,987.0
20260921,180000,71W,20,2026,9,21,18,25.7,132.1,98500.0,2026-09-21 18:00:00,2026-09-21 18:00:00,985.0
20260921,180000,71W,20,2026,9,21,18,25.7,132.1,98600.0,2026-09-21 18:00:00,2026-09-21 18:00:00,986.0
20260921,180000,71W,20,2026,9,21,18,25.7,132.1,99000.0,2026-09-21 18:00:00,2026-09-21 18:00:00,990.0
20260921,180000,71W,20,2026,9,21,18,25.400000000000002,133.0,98300.0,2026-09-21 18:00:00,2026-09-21 18:00:00,983.0
20260921,180000,71W,20,2026,9,21,18,25.400000000000002,133.3,98400.0,2026-09-21 18:00:00,2026-09-21 18:00:00,984.0
20260921,180000,71W,20,2026,9,21,18,25.2,133.3,98600.0,2026-09-21 18:00:00,2026-09-21 18:00:00,986.0
20260921,180000,71W,20,2026,9,21,18,25.2,133.5,98800.0,2026-09-21 18:00:00,2026-09-21 18:00:00,988.0
20260921,180000,71W,20,2026,9,21,18,25.2,133.5,98700.0,2026-09-21 18:00:00,2026-09-21 18:00:00,987.0
20260921,180000,71W,20,2026,9,21,18,24.900000000000002,133.3,99000.0,2026-09-21 18:00:00,2026-09-21 18:00:00,990.0
20260921,180000,71W,20,2026,9,21,18,24.900000000000002,133.5,98700.0,2026-09-21 18:00:00,2026-09-21 18:00:00,987.0
20260921,180000,71W,20,2026,9,21,18,25.2,133.8,98700.0,2026-09-21 18:00:00,2026-09-21 18:00:00,987.0
20260921,180000,71W,20,2026,9,21,18,25.2,133.3,98300.0,2026-09-21 18:00:00,2026-09-21 18:00:00,983.0
20260921,180000,71W,20,2026,9,21,18,25.400000000000002,133.5,97900.0,2026-09-21 18:00:00,2026-09-21 18:00:00,979.0
20260921,180000,71W,20,2026,9,21,18,25.7,133.5,97100.0,2026-09-21 18:00:00,2026-09-21 18:00:00,971.0
20260921,180000,71W,20,2026,9,21,18,26.3,133.8,97600.0,2026-09-21 18:00:00,2026-09-21 18:00:00,976.0
20260921,180000,71W,20,2026,9,21,18,26.900000000000002,134.4,97600.0,2026-09-21 18:00:00,2026-09-21 18:00:00,976.0
20260921,180000,71W,20,2026,9,21,18,27.7,135.2,98000.0,2026-09-21 18:00:00,2026-09-21 18:00:00,980.0
20260921,180000,71W,20,2026,9,21,18,28.8,136.4,97500.0,2026-09-21 18:00:00,2026-09-21 18:00:00,975.0
20260921,180000,71W,20,2026,9,21,18,29.7,137.8,97800.0,2026-09-21 18:00:00,2026-09-21 18:00:00,978.0
20260921,180000,71W,20,2026,9,21,18,30.8,139.70000000000002,98000.0,2026-09-21 18:00:00,2026-09-21 18:00:00,980.0
20260921,180000,71W,20,2026,9,21,18,32.5,141.70000000000002,98100.0,2026-09-21 18:00:00,2026-09-21 18:00:00,981.0
20260921,180000,71W,20,2026,9,21,18,34.7,143.70000000000002,98100.0,2026-09-21 18:00:00,2026-09-21 18:00:00,981.0
20260921,180000,71W,20,2026,9,21,18,37.0,146.20000000000002,98900.0,2026-09-21 18:00:00,2026-09-21 18:00:00,989.0
20260921,180000,71W,21,2026,9,21,18,38.4,147.0,98000.0,2026-09-21 18:00:00,2026-09-21 18:00:00,980.0
20260921,180000,71W,21,2026,9,21,18,39.5,149.9,98300.0,2026-09-21 18:00:00,2026-09-21 18:00:00,983.0
20260921,180000,71W,21,2026,9,21,18,40.1,154.1,98800.0,2026-09-21 18:00:00,2026-09-21 18:00:00,988.0
20260921,180000,71W,21,2026,9,21,18,40.7,157.3,98900.0,2026-09-21 18:00:00,2026-09-21 18:00:00,989.0
20260921,180000,71W,21,2026,9,21,18,41.2,161.3,99300.0,2026-09-21 18:00:00,2026-09-21 18:00:00,993.0
20260921,180000,71W,22,2026,9,21,18,38.7,147.6,97900.0,2026-09-21 18:00:00,2026-09-21 18:00:00,979.0
20260921,180000,71W,22,2026,9,21,18,39.800000000000004,150.1,98200.0,2026-09-21 18:00:00,2026-09-21 18:00:00,982.0
20260921,180000,71W,22,2026,9,21,18,40.4,154.1,98800.0,2026-09-21 18:00:00,2026-09-21 18:00:00,988.0
20260921,180000,71W,22,2026,9,21,18,41.6,157.4,98900.0,2026-09-21 18:00:00,2026-09-21 18:00:00,989.0
20260921,180000,71W,22,2026,9,21,18,42.9,162.1,98900.0,2026-09-21 18:00:00,2026-09-21 18:00:00,989.0
20260921,180000,71W,23,2026,9,21,18,12.8,141.70000000000002,101000.0,2026-09-21 18:00:00,2026-09-21 18:00:00,1010.0
20260921,180000,71W,23,2026,9,21,18,12.8,140.0,100600.0,2026-09-21 18:00:00,2026-09-21 18:00:00,1006.0
20260921,180000,71W,23,2026,9,21,18,12.8,139.5,100900.0,2026-09-21 18:00:00,2026-09-21 18:00:00,1009.0
20260921,180000,71W,23,2026,9,21,18,13.3,138.9,100700.0,2026-09-21 18:00:00,2026-09-21 18:00:00,1007.0
20260921,180000,71W,23,2026,9,21,18,13.3,138.9,101000.0,2026-09-21 18:00:00,2026-09-21 18:00:00,1010.0
20260921,180000,71W,23,2026,9,21,18,13.6,138.3,100700.0,2026-09-21 18:00:00,2026-09-21 18:00:00,1007.0
20260921,180000,71W,23,2026,9,21,18,14.700000000000001,137.8,100900.0,2026-09-21 18:00:00,2026-09-21 18:00:00,1009.0
20260921,180000,71W,23,2026,9,21,18,16.1,135.0,100500.0,2026-09-21 18:00:00,2026-09-21 18:00:00,1005.0
20260921,180000,71W,23,2026,9,21,18,16.4,134.7,100700.0,2026-09-21 18:00:00,2026-09-21 18:00:00,1007.0
20260921,180000,71W,23,2026,9,21,18,17.3,133.8,100400.0,2026-09-21 18:00:00,2026-09-21 18:00:00,1004.0
20260921,180000,71W,23,2026,9,21,18,18.1,133.0,100600.0,2026-09-21 18:00:00,2026-09-21 18:00:00,1006.0
20260921,180000,71W,23,2026,9,21,18,19.0,131.6,100000.0,2026-09-21 18:00:00,2026-09-21 18:00:00,1000.0
20260921,180000,71W,23,2026,9,21,18,19.8,130.7,100000.0,2026-09-21 18:00:00,2026-09-21 18:00:00,1000.0
20260921,180000,71W,23,2026,9,21,18,20.1,130.2,99400.0,2026-09-21 18:00:00,2026-09-21 18:00:00,994.0
20260921,180000,71W,23,2026,9,21,18,20.7,129.6,98600.0,2026-09-21 18:00:00,2026-09-21 18:00:00,986.0
20260921,180000,71W,23,2026,9,21,18,21.8,129.0,98400.0,2026-09-21 18:00:00,2026-09-21 18:00:00,984.0
20260921,180000,71W,23,2026,9,21,18,22.3,128.8,98200.0,2026-09-21 18:00:00,2026-09-21 18:00:00,982.0
20260921,180000,71W,23,2026,9,21,18,22.900000000000002,129.0,98400.0,2026-09-21 18:00:00,2026-09-21 18:00:00,984.0
20260921,180000,71W,23,2026,9,21,18,23.5,129.6,98500.0,2026-09-21 18:00:00,2026-09-21 18:00:00,985.0
20260921,180000,71W,23,2026,9,21,18,24.0,129.6,98600.0,2026-09-21 18:00:00,2026-09-21 18:00:00,986.0
20260921,180000,71W,23,2026,9,21,18,24.3,130.2,98100.0,2026-09-21 18:00:00,2026-09-21 18:00:00,981.0
20260921,180000,71W,23,2026,9,21,18,24.6,130.5,97700.0,2026-09-21 18:00:00,2026-09-21 18:00:00,977.0
20260921,180000,71W,23,2026,9,21,18,24.6,131.9,97900.0,2026-09-21 18:00:00,2026-09-21 18:00:00,979.0
20260921,180000,71W,23,2026,9,21,18,24.900000000000002,132.1,97600.0,2026-09-21 18:00:00,2026-09-21 18:00:00,976.0
20260921,180000,71W,23,2026,9,21,18,25.2,132.7,98100.0,2026-09-21 18:00:00,2026-09-21 18:00:00,981.0
20260921,180000,71W,23,2026,9,21,18,25.2,133.0,98200.0,2026-09-21 18:00:00,2026-09-21 18:00:00,982.0
20260921,180000,71W,23,2026,9,21,18,25.7,133.3,98900.0,2026-09-21 18:00:00,2026-09-21 18:00:00,989.0
20260921,180000,71W,23,2026,9,21,18,26.0,133.3,99100.0,2026-09-21 18:00:00,2026-09-21 18:00:00,991.0
20260921,180000,71W,23,2026,9,21,18,26.900000000000002,134.4,99200.0,2026-09-21 18:00:00,2026-09-21 18:00:00,992.0
20260921,180000,71W,23,2026,9,21,18,27.400000000000002,134.7,99000.0,2026-09-21 18:00:00,2026-09-21 18:00:00,990.0
20260921,180000,71W,23,2026,9,21,18,28.5,135.0,99400.0,2026-09-21 18:00:00,2026-09-21 18:00:00,994.0
20260921,180000,71W,23,2026,9,21,18,29.400000000000002,135.8,99400.0,2026-09-21 18:00:00,2026-09-21 18:00:00,994.0
20260921,180000,71W,23,2026,9,21,18,30.2,137.20000000000002,99400.0,2026-09-21 18:00:00,2026-09-21 18:00:00,994.0
20260921,180000,71W,23,2026,9,21,18,31.1,138.9,99500.0,2026-09-21 18:00:00,2026-09-21 18:00:00,995.0
20260921,180000,71W,23,2026,9,21,18,31.900000000000002,141.1,99300.0,2026-09-21 18:00:00,2026-09-21 18:00:00,993.0
20260921,180000,71W,23,2026,9,21,18,32.8,142.8,99700.0,2026-09-21 18:00:00,2026-09-21 18:00:00,997.0
20260921,180000,71W,23,2026,9,21,18,33.0,144.8,100200.0,2026-09-21 18:00:00,2026-09-21 18:00:00,1002.0
20260921,180000,71W,23,2026,9,21,18,33.9,146.5,99900.0,2026-09-21 18:00:00,2026-09-21 18:00:00,999.0
20260921,180000,71W,23,2026,9,21,18,34.7,147.0,100100.0,2026-09-21 18:00:00,2026-09-21 18:00:00,1001.0
20260921,180000,71W,24,2026,9,21,18,38.4,147.3,98100.0,2026-09-21 18:00:00,2026-09-21 18:00:00,981.0
20260921,180000,71W,24,2026,9,21,18,39.2,150.1,98100.0,2026-09-21 18:00:00,2026-09-21 18:00:00,981.0
20260921,180000,71W,24,2026,9,21,18,39.800000000000004,153.5,98800.0,2026-09-21 18:00:00,2026-09-21 18:00:00,988.0
20260921,180000,71W,24,2026,9,21,18,40.4,156.6,98900.0,2026-09-21 18:00:00,2026-09-21 18:00:00,989.0
20260921,180000,71W,24,2026,9,21,18,41.300000000000004,160.5,99200.0,2026-09-21 18:00:00,2026-09-21 18:00:00,992.0
20260921,180000,71W,24,2026,9,21,18,41.2,163.9,99200.0,2026-09-21 18:00:00,2026-09-21 18:00:00,992.0
20260921,180000,71W,25,2026,9,21,18,38.4,147.0,98300.0,2026-09-21 18:00:00,2026-09-21 18:00:00,983.0
20260921,180000,71W,25,2026,9,21,18,39.2,150.4,98200.0,2026-09-21 18:00:00,2026-09-21 18:00:00,982.0
20260921,180000,71W,25,2026,9,21,18,39.9,153.9,99000.0,2026-09-21 18:00:00,2026-09-21 18:00:00,990.0
20260921,180000,71W,25,2026,9,21,18,41.5,157.70000000000002,99000.0,2026-09-21 18:00:00,2026-09-21 18:00:00,990.0
20260921,180000,71W,25,2026,9,21,18,41.800000000000004,161.1,99200.0,2026-09-21 18:00:00,2026-09-21 18:00:00,992.0
20260921,180000,71W,26,2026,9,21,18,12.5,142.0,100800.0,2026-09-21 18:00:00,2026-09-21 18:00:00,1008.0
20260921,180000,71W,26,2026,9,21,18,13.0,141.1,100500.0,2026-09-21 18:00:00,2026-09-21 18:00:00,1005.0
20260921,180000,71W,26,2026,9,21,18,13.0,140.3,100800.0,2026-09-21 18:00:00,2026-09-21 18:00:00,1008.0
20260921,180000,71W,26,2026,9,21,18,14.200000000000001,139.70000000000002,100700.0,2026-09-21 18:00:00,2026-09-21 18:00:00,1007.0
20260921,180000,71W,26,2026,9,21,18,14.5,138.9,100600.0,2026-09-21 18:00:00,2026-09-21 18:00:00,1006.0
20260921,180000,71W,26,2026,9,21,18,14.700000000000001,138.6,100400.0,2026-09-21 18:00:00,2026-09-21 18:00:00,1004.0
20260921,180000,71W,26,2026,9,21,18,15.6,138.0,100700.0,2026-09-21 18:00:00,2026-09-21 18:00:00,1007.0
20260921,180000,71W,26,2026,9,21,18,16.7,136.6,100600.0,2026-09-21 18:00:00,2026-09-21 18:00:00,1006.0
20260921,180000,71W,26,2026,9,21,18,16.1,135.2,100800.0,2026-09-21 18:00:00,2026-09-21 18:00:00,1008.0
20260921,180000,71W,26,2026,9,21,18,17.2,133.9,100400.0,2026-09-21 18:00:00,2026-09-21 18:00:00,1004.0
20260921,180000,71W,26,2026,9,21,18,17.0,133.3,100700.0,2026-09-21 18:00:00,2026-09-21 18:00:00,1007.0
20260921,180000,71W,26,2026,9,21,18,17.6,131.9,100300.0,2026-09-21 18:00:00,2026-09-21 18:00:00,1003.0
20260921,180000,71W,26,2026,9,21,18,18.1,131.0,100000.0,2026-09-21 18:00:00,2026-09-21 18:00:00,1000.0
20260921,180000,71W,26,2026,9,21,18,18.400000000000002,130.5,99900.0,2026-09-21 18:00:00,2026-09-21 18:00:00,999.0
20260921,180000,71W,26,2026,9,21,18,19.0,129.3,100200.0,2026-09-21 18:00:00,2026-09-21 18:00:00,1002.0
20260921,180000,71W,26,2026,9,21,18,19.2,128.5,99800.0,2026-09-21 18:00:00,2026-09-21 18:00:00,998.0
20260921,180000,71W,26,2026,9,21,18,19.5,127.60000000000001,99600.0,2026-09-21 18:00:00,2026-09-21 18:00:00,996.0
20260921,180000,71W,26,2026,9,21,18,20.1,127.10000000000001,99400.0,2026-09-21 18:00:00,2026-09-21 18:00:00,994.0
20260921,180000,71W,26,2026,9,21,18,20.1,126.5,99400.0,2026-09-21 18:00:00,2026-09-21 18:00:00,994.0
20260921,180000,71W,26,2026,9,21,18,20.400000000000002,126.2,99000.0,2026-09-21 18:00:00,2026-09-21 18:00:00,990.0
20260921,180000,71W,26,2026,9,21,18,20.7,126.2,99100.0,2026-09-21 18:00:00,2026-09-21 18:00:00,991.0
20260921,180000,71W,26,2026,9,21,18,21.2,126.0,98300.0,2026-09-21 18:00:00,2026-09-21 18:00:00,983.0
20260921,180000,71W,26,2026,9,21,18,21.2,125.7,98700.0,2026-09-21 18:00:00,2026-09-21 18:00:00,987.0
20260921,180000,71W,26,2026,9,21,18,21.8,125.10000000000001,98500.0,2026-09-21 18:00:00,2026-09-21 18:00:00,985.0
20260921,180000,71W,26,2026,9,21,18,21.8,124.5,98200.0,2026-09-21 18:00:00,2026-09-21 18:00:00,982.0
20260921,180000,71W,26,2026,9,21,18,22.1,123.7,97800.0,2026-09-21 18:00:00,2026-09-21 18:00:00,978.0
20260921,180000,71W,26,2026,9,21,18,22.1,122.9,98100.0,2026-09-21 18:00:00,2026-09-21 18:00:00,981.0
20260921,180000,71W,26,2026,9,21,18,22.3,121.7,98300.0,2026-09-21 18:00:00,2026-09-21 18:00:00,983.0
20260921,180000,71W,26,2026,9,21,18,23.1,120.2,99700.0,2026-09-21 18:00:00,2026-09-21 18:00:00,997.0
20260921,180000,71W,26,2026,9,21,18,23.5,119.2,100200.0,2026-09-21 18:00:00,2026-09-21 18:00:00,1002.0
20260921,180000,71W,26,2026,9,21,18,24.3,118.60000000000001,100600.0,2026-09-21 18:00:00,2026-09-21 18:00:00,1006.0
20260921,180000,71W,26,2026,9,21,18,24.6,117.5,101000.0,2026-09-21 18:00:00,2026-09-21 18:00:00,1010.0
20260921,180000,71W,26,2026,9,21,18,28.5,116.4,100800.0,2026-09-21 18:00:00,2026-09-21 18:00:00,1008.0
20260921,180000,71W,27,2026,9,21,18,38.4,147.3,98000.0,2026-09-21 18:00:00,2026-09-21 18:00:00,980.0
20260921,180000,71W,27,2026,9,21,18,39.5,150.1,98300.0,2026-09-21 18:00:00,2026-09-21 18:00:00,983.0
20260921,180000,71W,27,2026,9,21,18,40.0,153.3,98800.0,2026-09-21 18:00:00,2026-09-21 18:00:00,988.0
20260921,180000,71W,27,2026,9,21,18,40.9,156.9,98900.0,2026-09-21 18:00:00,2026-09-21 18:00:00,989.0
20260921,180000,71W,27,2026,9,21,18,42.9,161.70000000000002,98800.0,2026-09-21 18:00:00,2026-09-21 18:00:00,988.0
20260921,180000,71W,28,2026,9,21,18,11.4,142.8,101000.0,2026-09-21 18:00:00,2026-09-21 18:00:00,1010.0
20260921,180000,71W,28,2026,9,21,18,12.5,141.1,100800.0,2026-09-21 18:00:00,2026-09-21 18:00:00,1008.0
20260921,180000,71W,28,2026,9,21,18,13.6,140.3,101100.0,2026-09-21 18:00:00,2026-09-21 18:00:00,1011.0
20260921,180000,71W,28,2026,9,21,18,14.200000000000001,139.5,100900.0,2026-09-21 18:00:00,2026-09-21 18:00:00,1009.0
20260921,180000,71W,28,2026,9,21,18,15.3,138.3,101000.0,2026-09-21 18:00:00,2026-09-21 18:00:00,1010.0
20260921,180000,71W,28,2026,9,21,18,15.6,137.5,100800.0,2026-09-21 18:00:00,2026-09-21 18:00:00,1008.0
20260921,180000,71W,28,2026,9,21,18,16.1,136.4,101000.0,2026-09-21 18:00:00,2026-09-21 18:00:00,1010.0
20260921,180000,71W,28,2026,9,21,18,16.7,135.2,100800.0,2026-09-21 18:00:00,2026-09-21 18:00:00,1008.0
20260921,180000,71W,28,2026,9,21,18,17.3,133.3,100800.0,2026-09-21 18:00:00,2026-09-21 18:00:00,1008.0
20260921,180000,71W,28,2026,9,21,18,17.0,132.4,100600.0,2026-09-21 18:00:00,2026-09-21 18:00:00,1006.0
20260921,180000,71W,28,2026,9,21,18,17.3,131.9,100900.0,2026-09-21 18:00:00,2026-09-21 18:00:00,1009.0
20260921,180000,71W,28,2026,9,21,18,17.3,130.7,100700.0,2026-09-21 18:00:00,2026-09-21 18:00:00,1007.0
20260921,180000,71W,28,2026,9,21,18,17.3,129.9,100900.0,2026-09-21 18:00:00,2026-09-21 18:00:00,1009.0
20260921,180000,71W,28,2026,9,21,18,17.3,129.6,100700.0,2026-09-21 18:00:00,2026-09-21 18:00:00,1007.0
20260921,180000,71W,28,2026,9,21,18,17.6,129.3,100800.0,2026-09-21 18:00:00,2026-09-21 18:00:00,1008.0
20260921,180000,71W,28,2026,9,21,18,17.6,128.8,100700.0,2026-09-21 18:00:00,2026-09-21 18:00:00,1007.0
20260921,180000,71W,28,2026,9,21,18,17.6,128.5,100900.0,2026-09-21 18:00:00,2026-09-21 18:00:00,1009.0
20260921,180000,71W,28,2026,9,21,18,17.6,128.8,100700.0,2026-09-21 18:00:00,2026-09-21 18:00:00,1007.0
20260921,180000,71W,28,2026,9,21,18,18.1,128.2,100900.0,2026-09-21 18:00:00,2026-09-21 18:00:00,1009.0
20260921,180000,71W,28,2026,9,21,18,18.7,127.9,100700.0,2026-09-21 18:00:00,2026-09-21 18:00:00,1007.0
20260921,180000,71W,29,2026,9,21,18,38.4,147.0,97900.0,2026-09-21 18:00:00,2026-09-21 18:00:00,979.0
20260921,180000,71W,29,2026,9,21,18,39.0,149.9,98000.0,2026-09-21 18:00:00,2026-09-21 18:00:00,980.0
20260921,180000,71W,29,2026,9,21,18,39.800000000000004,153.0,98700.0,2026-09-21 18:00:00,2026-09-21 18:00:00,987.0
20260921,180000,71W,29,2026,9,21,18,40.800000000000004,156.0,98900.0,2026-09-21 18:00:00,2026-09-21 18:00:00,989.0
20260921,180000,71W,29,2026,9,21,18,42.9,160.9,98800.0,2026-09-21 18:00:00,2026-09-21 18:00:00,988.0
20260921,180000,71W,30,2026,9,21,18,13.0,143.4,100700.0,2026-09-21 18:00:00,2026-09-21 18:00:00,1007.0
20260921,180000,71W,30,2026,9,21,18,13.6,143.1,100900.0,2026-09-21 18:00:00,2026-09-21 18:00:00,1009.0
20260921,180000,71W,30,2026,9,21,18,14.5,140.8,100700.0,2026-09-21 18:00:00,2026-09-21 18:00:00,1007.0
20260921,180000,71W,30,2026,9,21,18,13.9,140.3,100900.0,2026-09-21 18:00:00,2026-09-21 18:00:00,1009.0
20260921,180000,71W,30,2026,9,21,18,14.5,139.20000000000002,100700.0,2026-09-21 18:00:00,2026-09-21 18:00:00,1007.0
20260921,180000,71W,30,2026,9,21,18,14.5,139.20000000000002,100900.0,2026-09-21 18:00:00,2026-09-21 18:00:00,1009.0
20260921,180000,71W,30,2026,9,21,18,14.5,136.4,100700.0,2026-09-21 18:00:00,2026-09-21 18:00:00,1007.0
20260921,180000,71W,30,2026,9,21,18,14.200000000000001,136.1,100800.0,2026-09-21 18:00:00,2026-09-21 18:00:00,1008.0
20260921,180000,71W,30,2026,9,21,18,14.5,136.4,100700.0,2026-09-21 18:00:00,2026-09-21 18:00:00,1007.0
20260921,180000,71W,31,2026,9,21,18,13.0,142.0,100700.0,2026-09-21 18:00:00,2026-09-21 18:00:00,1007.0
20260921,180000,71W,31,2026,9,21,18,13.9,140.3,100300.0,2026-09-21 18:00:00,2026-09-21 18:00:00,1003.0
20260921,180000,71W,31,2026,9,21,18,14.5,139.5,100500.0,2026-09-21 18:00:00,2026-09-21 18:00:00,1005.0
20260921,180000,71W,31,2026,9,21,18,14.700000000000001,138.9,100200.0,2026-09-21 18:00:00,2026-09-21 18:00:00,1002.0
20260921,180000,71W,31,2026,9,21,18,15.6,138.0,100100.0,2026-09-21 18:00:00,2026-09-21 18:00:00,1001.0
20260921,180000,71W,31,2026,9,21,18,16.7,136.9,99600.0,2026-09-21 18:00:00,2026-09-21 18:00:00,996.0
20260921,180000,71W,31,2026,9,21,18,16.4,135.8,99800.0,2026-09-21 18:00:00,2026-09-21 18:00:00,998.0
20260921,180000,71W,31,2026,9,21,18,17.0,134.7,99300.0,2026-09-21 18:00:00,2026-09-21 18:00:00,993.0
20260921,180000,71W,31,2026,9,21,18,17.6,133.8,98900.0,2026-09-21 18:00:00,2026-09-21 18:00:00,989.0
20260921,180000,71W,31,2026,9,21,18,18.1,133.0,98900.0,2026-09-21 18:00:00,2026-09-21 18:00:00,989.0
20260921,180000,71W,31,2026,9,21,18,18.7,131.6,98200.0,2026-09-21 18:00:00,2026-09-21 18:00:00,982.0
20260921,180000,71W,31,2026,9,21,18,19.2,130.5,98100.0,2026-09-21 18:00:00,2026-09-21 18:00:00,981.0
20260921,180000,71W,31,2026,9,21,18,19.5,129.0,98000.0,2026-09-21 18:00:00,2026-09-21 18:00:00,980.0
20260921,180000,71W,31,2026,9,21,18,20.400000000000002,128.2,98000.0,2026-09-21 18:00:00,2026-09-21 18:00:00,980.0
20260921,180000,71W,31,2026,9,21,18,20.7,127.4,98300.0,2026-09-21 18:00:00,2026-09-21 18:00:00,983.0
20260921,180000,71W,31,2026,9,21,18,21.5,126.8,97800.0,2026-09-21 18:00:00,2026-09-21 18:00:00,978.0
20260921,180000,71W,31,2026,9,21,18,22.1,126.0,97500.0,2026-09-21 18:00:00,2026-09-21 18:00:00,975.0
20260921,180000,71W,31,2026,9,21,18,22.900000000000002,125.7,97300.0,2026-09-21 18:00:00,2026-09-21 18:00:00,973.0
20260921,180000,71W,31,2026,9,21,18,23.8,125.7,97000.0,2026-09-21 18:00:00,2026-09-21 18:00:00,970.0
20260921,180000,71W,31,2026,9,21,18,24.6,126.0,97400.0,2026-09-21 18:00:00,2026-09-21 18:00:00,974.0
20260921,180000,71W,31,2026,9,21,18,25.400000000000002,126.2,97400.0,2026-09-21 18:00:00,2026-09-21 18:00:00,974.0
20260921,180000,71W,31,2026,9,21,18,26.0,126.8,97300.0,2026-09-21 18:00:00,2026-09-21 18:00:00,973.0
20260921,180000,71W,31,2026,9,21,18,26.6,127.60000000000001,97500.0,2026-09-21 18:00:00,2026-09-21 18:00:00,975.0
20260921,180000,71W,31,2026,9,21,18,27.1,127.9,97700.0,2026-09-21 18:00:00,2026-09-21 18:00:00,977.0
20260921,180000,71W,31,2026,9,21,18,27.7,128.8,97900.0,2026-09-21 18:00:00,2026-09-21 18:00:00,979.0
20260921,180000,71W,31,2026,9,21,18,28.0,129.0,97500.0,2026-09-21 18:00:00,2026-09-21 18:00:00,975.0
20260921,180000,71W,31,2026,9,21,18,28.5,130.2,98100.0,2026-09-21 18:00:00,2026-09-21 18:00:00,981.0
20260921,180000,71W,31,2026,9,21,18,28.5,130.7,98600.0,2026-09-21 18:00:00,2026-09-21 18:00:00,986.0
20260921,180000,71W,31,2026,9,21,18,28.5,132.1,99400.0,2026-09-21 18:00:00,2026-09-21 18:00:00,994.0
20260921,180000,71W,31,2026,9,21,18,29.1,132.7,99500.0,2026-09-21 18:00:00,2026-09-21 18:00:00,995.0
20260921,180000,71W,31,2026,9,21,18,29.1,133.8,99500.0,2026-09-21 18:00:00,2026-09-21 18:00:00,995.0
20260921,180000,71W,31,2026,9,21,18,30.0,135.2,99100.0,2026-09-21 18:00:00,2026-09-21 18:00:00,991.0
20260921,180000,71W,31,2026,9,21,18,30.2,136.4,99600.0,2026-09-21 18:00:00,2026-09-21 18:00:00,996.0
20260921,180000,71W,31,2026,9,21,18,30.5,138.3,99500.0,2026-09-21 18:00:00,2026-09-21 18:00:00,995.0
20260921,180000,71W,31,2026,9,21,18,31.1,140.3,99700.0,2026-09-21 18:00:00,2026-09-21 18:00:00,997.0
20260921,180000,71W,31,2026,9,21,18,30.8,140.6,99500.0,2026-09-21 18:00:00,2026-09-21 18:00:00,995.0
20260921,180000,71W,31,2026,9,21,18,30.8,140.6,99800.0,2026-09-21 18:00:00,2026-09-21 18:00:00,998.0
20260921,180000,71W,32,2026,9,21,18,38.1,146.8,98400.0,2026-09-21 18:00:00,2026-09-21 18:00:00,984.0
20260921,180000,71W,32,2026,9,21,18,39.4,149.70000000000002,98400.0,2026-09-21 18:00:00,2026-09-21 18:00:00,984.0
20260921,180000,71W,32,2026,9,21,18,39.2,152.6,99000.0,2026-09-21 18:00:00,2026-09-21 18:00:00,990.0
20260921,180000,71W,32,2026,9,21,18,40.4,156.9,99200.0,2026-09-21 18:00:00,2026-09-21 18:00:00,992.0
20260921,180000,71W,32,2026,9,21,18,41.300000000000004,160.4,99400.0,2026-09-21 18:00:00,2026-09-21 18:00:00,994.0
20260921,180000,71W,33,2026,9,21,18,38.1,147.0,98200.0,2026-09-21 18:00:00,2026-09-21 18:00:00,982.0
20260921,180000,71W,33,2026,9,21,18,38.7,150.1,98300.0,2026-09-21 18:00:00,2026-09-21 18:00:00,983.0
20260921,180000,71W,33,2026,9,21,18,39.5,153.5,98800.0,2026-09-21 18:00:00,2026-09-21 18:00:00,988.0
20260921,180000,71W,33,2026,9,21,18,40.4,156.20000000000002,99200.0,2026-09-21 18:00:00,2026-09-21 18:00:00,992.0
20260921,180000,71W,33,2026,9,21,18,42.300000000000004,161.4,99200.0,2026-09-21 18:00:00,2026-09-21 18:00:00,992.0
20260921,180000,71W,34,2026,9,21,18,38.4,147.0,97800.0,2026-09-21 18:00:00,2026-09-21 18:00:00,978.0
20260921,180000,71W,34,2026,9,21,18,39.5,150.4,98200.0,2026-09-21 18:00:00,2026-09-21 18:00:00,982.0
20260921,180000,71W,34,2026,9,21,18,40.4,154.4,98500.0,2026-09-21 18:00:00,2026-09-21 18:00:00,985.0
20260921,180000,71W,34,2026,9,21,18,40.7,157.20000000000002,98800.0,2026-09-21 18:00:00,2026-09-21 18:00:00,988.0
20260921,180000,71W,34,2026,9,21,18,42.300000000000004,161.4,99100.0,2026-09-21 18:00:00,2026-09-21 18:00:00,991.0
20260921,180000,71W,35,2026,9,21,18,38.4,147.0,98200.0,2026-09-21 18:00:00,2026-09-21 18:00:00,982.0
20260921,180000,71W,35,2026,9,21,18,39.0,150.1,98100.0,2026-09-21 18:00:00,2026-09-21 18:00:00,981.0
20260921,180000,71W,35,2026,9,21,18,39.2,152.70000000000002,98900.0,2026-09-21 18:00:00,2026-09-21 18:00:00,989.0
20260921,180000,71W,35,2026,9,21,18,39.800000000000004,156.0,99100.0,2026-09-21 18:00:00,2026-09-21 18:00:00,991.0
20260921,180000,71W,35,2026,9,21,18,40.4,160.3,99400.0,2026-09-21 18:00:00,2026-09-21 18:00:00,994.0
20260921,180000,71W,35,2026,9,21,18,40.9,163.70000000000002,99500.0,2026-09-21 18:00:00,2026-09-21 18:00:00,995.0
20260921,180000,71W,36,2026,9,21,18,12.8,141.70000000000002,100800.0,2026-09-21 18:00:00,2026-09-21 18:00:00,1008.0
20260921,180000,71W,36,2026,9,21,18,13.6,141.1,101000.0,2026-09-21 18:00:00,2026-09-21 18:00:00,1010.0
20260921,180000,71W,36,2026,9,21,18,14.5,139.5,100800.0,2026-09-21 18:00:00,2026-09-21 18:00:00,1008.0
20260921,180000,71W,36,2026,9,21,18,14.200000000000001,138.3,101000.0,2026-09-21 18:00:00,2026-09-21 18:00:00,1010.0
20260921,180000,71W,36,2026,9,21,18,14.200000000000001,138.0,100800.0,2026-09-21 18:00:00,2026-09-21 18:00:00,1008.0
20260921,180000,71W,36,2026,9,21,18,14.700000000000001,137.8,101000.0,2026-09-21 18:00:00,2026-09-21 18:00:00,1010.0
20260921,180000,71W,36,2026,9,21,18,15.0,136.1,100700.0,2026-09-21 18:00:00,2026-09-21 18:00:00,1007.0
20260921,180000,71W,36,2026,9,21,18,15.0,135.0,100900.0,2026-09-21 18:00:00,2026-09-21 18:00:00,1009.0
20260921,180000,71W,36,2026,9,21,18,15.6,134.7,100600.0,2026-09-21 18:00:00,2026-09-21 18:00:00,1006.0
20260921,180000,71W,36,2026,9,21,18,15.9,133.3,100900.0,2026-09-21 18:00:00,2026-09-21 18:00:00,1009.0
20260921,180000,71W,36,2026,9,21,18,16.4,131.9,100600.0,2026-09-21 18:00:00,2026-09-21 18:00:00,1006.0
20260921,180000,71W,36,2026,9,21,18,17.6,130.7,100700.0,2026-09-21 18:00:00,2026-09-21 18:00:00,1007.0
20260921,180000,71W,36,2026,9,21,18,17.0,129.6,100500.0,2026-09-21 18:00:00,2026-09-21 18:00:00,1005.0
20260921,180000,71W,36,2026,9,21,18,17.8,129.9,100600.0,2026-09-21 18:00:00,2026-09-21 18:00:00,1006.0
20260921,180000,71W,36,2026,9,21,18,18.7,127.60000000000001,100300.0,2026-09-21 18:00:00,2026-09-21 18:00:00,1003.0
20260921,180000,71W,36,2026,9,21,18,19.8,127.4,100200.0,2026-09-21 18:00:00,2026-09-21 18:00:00,1002.0
20260921,180000,71W,36,2026,9,21,18,20.7,127.10000000000001,99800.0,2026-09-21 18:00:00,2026-09-21 18:00:00,998.0
20260921,180000,71W,36,2026,9,21,18,20.900000000000002,126.5,99500.0,2026-09-21 18:00:00,2026-09-21 18:00:00,995.0
20260921,180000,71W,36,2026,9,21,18,21.5,126.2,99200.0,2026-09-21 18:00:00,2026-09-21 18:00:00,992.0
20260921,180000,71W,36,2026,9,21,18,21.8,126.2,98900.0,2026-09-21 18:00:00,2026-09-21 18:00:00,989.0
20260921,180000,71W,36,2026,9,21,18,22.6,126.2,98500.0,2026-09-21 18:00:00,2026-09-21 18:00:00,985.0
20260921,180000,71W,36,2026,9,21,18,22.900000000000002,126.2,98000.0,2026-09-21 18:00:00,2026-09-21 18:00:00,980.0
20260921,180000,71W,36,2026,9,21,18,23.2,126.2,97500.0,2026-09-21 18:00:00,2026-09-21 18:00:00,975.0
20260921,180000,71W,36,2026,9,21,18,23.5,126.2,96900.0,2026-09-21 18:00:00,2026-09-21 18:00:00,969.0
20260921,180000,71W,36,2026,9,21,18,23.8,126.0,96600.0,2026-09-21 18:00:00,2026-09-21 18:00:00,966.0
20260921,180000,71W,36,2026,9,21,18,23.5,125.7,96500.0,2026-09-21 18:00:00,2026-09-21 18:00:00,965.0
20260921,180000,71W,36,2026,9,21,18,23.2,125.10000000000001,97400.0,2026-09-21 18:00:00,2026-09-21 18:00:00,974.0
20260921,180000,71W,36,2026,9,21,18,23.2,124.8,97300.0,2026-09-21 18:00:00,2026-09-21 18:00:00,973.0
20260921,180000,71W,36,2026,9,21,18,23.5,124.3,97500.0,2026-09-21 18:00:00,2026-09-21 18:00:00,975.0
20260921,180000,71W,36,2026,9,21,18,23.5,124.0,97900.0,2026-09-21 18:00:00,2026-09-21 18:00:00,979.0
20260921,180000,71W,36,2026,9,21,18,23.8,123.4,98100.0,2026-09-21 18:00:00,2026-09-21 18:00:00,981.0
20260921,180000,71W,36,2026,9,21,18,23.5,122.60000000000001,98500.0,2026-09-21 18:00:00,2026-09-21 18:00:00,985.0
20260921,180000,71W,36,2026,9,21,18,23.2,122.0,99000.0,2026-09-21 18:00:00,2026-09-21 18:00:00,990.0
20260921,180000,71W,36,2026,9,21,18,22.900000000000002,122.0,98500.0,2026-09-21 18:00:00,2026-09-21 18:00:00,985.0
20260921,180000,71W,36,2026,9,21,18,22.900000000000002,121.7,98500.0,2026-09-21 18:00:00,2026-09-21 18:00:00,985.0
20260921,180000,71W,36,2026,9,21,18,22.6,121.2,99400.0,2026-09-21 18:00:00,2026-09-21 18:00:00,994.0
20260921,180000,71W,36,2026,9,21,18,24.900000000000002,120.9,99300.0,2026-09-21 18:00:00,2026-09-21 18:00:00,993.0
20260921,180000,71W,36,2026,9,21,18,23.5,120.0,99900.0,2026-09-21 18:00:00,2026-09-21 18:00:00,999.0
20260921,180000,71W,36,2026,9,21,18,23.5,119.8,99900.0,2026-09-21 18:00:00,2026-09-21 18:00:00,999.0
20260921,180000,71W,36,2026,9,21,18,24.900000000000002,120.3,100000.0,2026-09-21 18:00:00,2026-09-21 18:00:00,1000.0
20260921,180000,71W,36,2026,9,21,18,24.5,120.2,99900.0,2026-09-21 18:00:00,2026-09-21 18:00:00,999.0
20260921,180000,71W,36,2026,9,21,18,23.400000000000002,119.60000000000001,100100.0,2026-09-21 18:00:00,2026-09-21 18:00:00,1001.0
20260921,180000,71W,36,2026,9,21,18,22.6,120.0,99800.0,2026-09-21 18:00:00,2026-09-21 18:00:00,998.0
20260921,180000,71W,36,2026,9,21,18,22.3,120.0,100200.0,2026-09-21 18:00:00,2026-09-21 18:00:00,1002.0
20260921,180000,71W,36,2026,9,21,18,24.900000000000002,120.0,100100.0,2026-09-21 18:00:00,2026-09-21 18:00:00,1001.0
20260921,180000,71W,36,2026,9,21,18,23.5,120.0,100200.0,2026-09-21 18:00:00,2026-09-21 18:00:00,1002.0
20260921,180000,71W,36,2026,9,21,18,24.900000000000002,119.8,100200.0,2026-09-21 18:00:00,2026-09-21 18:00:00,1002.0
20260921,180000,71W,36,2026,9,21,18,23.8,118.60000000000001,100400.0,2026-09-21 18:00:00,2026-09-21 18:00:00,1004.0
20260921,180000,71W,36,2026,9,21,18,23.5,118.60000000000001,100400.0,2026-09-21 18:00:00,2026-09-21 18:00:00,1004.0
20260921,180000,71W,36,2026,9,21,18,23.5,117.8,100300.0,2026-09-21 18:00:00,2026-09-21 18:00:00,1003.0
20260921,180000,71W,36,2026,9,21,18,21.5,117.0,100600.0,2026-09-21 18:00:00,2026-09-21 18:00:00,1006.0
20260921,180000,71W,36,2026,9,21,18,20.400000000000002,115.0,100900.0,2026-09-21 18:00:00,2026-09-21 18:00:00,1009.0
20260921,180000,71W,37,2026,9,21,18,38.7,147.3,98000.0,2026-09-21 18:00:00,2026-09-21 18:00:00,980.0
20260921,180000,71W,37,2026,9,21,18,39.2,150.1,98300.0,2026-09-21 18:00:00,2026-09-21 18:00:00,983.0
20260921,180000,71W,37,2026,9,21,18,39.9,153.3,99000.0,2026-09-21 18:00:00,2026-09-21 18:00:00,990.0
20260921,180000,71W,37,2026,9,21,18,40.2,157.1,99300.0,2026-09-21 18:00:00,2026-09-21 18:00:00,993.0
20260921,180000,71W,37,2026,9,21,18,42.300000000000004,161.4,99400.0,2026-09-21 18:00:00,2026-09-21 18:00:00,994.0
20260921,180000,71W,38,2026,9,21,18,37.800000000000004,147.0,98100.0,2026-09-21 18:00:00,2026-09-21 18:00:00,981.0
20260921,180000,71W,38,2026,9,21,18,39.0,149.9,98300.0,2026-09-21 18:00:00,2026-09-21 18:00:00,983.0
20260921,180000,71W,38,2026,9,21,18,39.2,152.4,99100.0,2026-09-21 18:00:00,2026-09-21 18:00:00,991.0
20260921,180000,71W,38,2026,9,21,18,39.9,156.1,99300.0,2026-09-21 18:00:00,2026-09-21 18:00:00,993.0
20260921,180000,71W,38,2026,9,21,18,41.7,159.9,99200.0,2026-09-21 18:00:00,2026-09-21 18:00:00,992.0
20260921,180000,71W,39,2026,9,21,18,38.1,147.0,98300.0,2026-09-21 18:00:00,2026-09-21 18:00:00,983.0
20260921,180000,71W,39,2026,9,21,18,38.7,150.1,98200.0,2026-09-21 18:00:00,2026-09-21 18:00:00,982.0
20260921,180000,71W,39,2026,9,21,18,39.800000000000004,153.5,98700.0,2026-09-21 18:00:00,2026-09-21 18:00:00,987.0
20260921,180000,71W,39,2026,9,21,18,40.4,157.20000000000002,99000.0,2026-09-21 18:00:00,2026-09-21 18:00:00,990.0
20260921,180000,71W,39,2026,9,21,18,40.9,160.5,99200.0,2026-09-21 18:00:00,2026-09-21 18:00:00,992.0
20260921,180000,71W,40,2026,9,21,18,38.1,147.0,98400.0,2026-09-21 18:00:00,2026-09-21 18:00:00,984.0
20260921,180000,71W,40,2026,9,21,18,38.7,149.0,98600.0,2026-09-21 18:00:00,2026-09-21 18:00:00,986.0
20260921,180000,71W,40,2026,9,21,18,38.9,152.20000000000002,99100.0,2026-09-21 18:00:00,2026-09-21 18:00:00,991.0
20260921,180000,71W,40,2026,9,21,18,39.800000000000004,155.9,99300.0,2026-09-21 18:00:00,2026-09-21 18:00:00,993.0
20260921,180000,71W,40,2026,9,21,18,41.2,159.4,99400.0,2026-09-21 18:00:00,2026-09-21 18:00:00,994.0
20260921,180000,71W,40,2026,9,21,18,41.4,163.3,99400.0,2026-09-21 18:00:00,2026-09-21 18:00:00,994.0
20260921,180000,71W,41,2026,9,21,18,37.800000000000004,147.0,98200.0,2026-09-21 18:00:00,2026-09-21 18:00:00,982.0
20260921,180000,71W,41,2026,9,21,18,39.0,150.1,98200.0,2026-09-21 18:00:00,2026-09-21 18:00:00,982.0
20260921,180000,71W,41,2026,9,21,18,39.2,153.20000000000002,98900.0,2026-09-21 18:00:00,2026-09-21 18:00:00,989.0
20260921,180000,71W,41,2026,9,21,18,40.7,156.3,99100.0,2026-09-21 18:00:00,2026-09-21 18:00:00,991.0
20260921,180000,71W,42,2026,9,21,18,12.8,141.4,101000.0,2026-09-21 18:00:00,2026-09-21 18:00:00,1010.0
20260921,180000,71W,42,2026,9,21,18,12.5,141.1,100700.0,2026-09-21 18:00:00,2026-09-21 18:00:00,1007.0
20260921,180000,71W,42,2026,9,21,18,12.5,140.6,101000.0,2026-09-21 18:00:00,2026-09-21 18:00:00,1010.0
20260921,180000,71W,42,2026,9,21,18,13.9,140.6,100800.0,2026-09-21 18:00:00,2026-09-21 18:00:00,1008.0
20260921,180000,71W,42,2026,9,21,18,15.0,139.20000000000002,101000.0,2026-09-21 18:00:00,2026-09-21 18:00:00,1010.0
20260921,180000,71W,42,2026,9,21,18,15.9,137.5,100600.0,2026-09-21 18:00:00,2026-09-21 18:00:00,1006.0
20260921,180000,71W,42,2026,9,21,18,16.1,136.9,100700.0,2026-09-21 18:00:00,2026-09-21 18:00:00,1007.0
20260921,180000,71W,42,2026,9,21,18,16.4,136.4,100500.0,2026-09-21 18:00:00,2026-09-21 18:00:00,1005.0
20260921,180000,71W,42,2026,9,21,18,17.3,135.0,100700.0,2026-09-21 18:00:00,2026-09-21 18:00:00,1007.0
20260921,180000,71W,42,2026,9,21,18,18.1,133.3,100300.0,2026-09-21 18:00:00,2026-09-21 18:00:00,1003.0
20260921,180000,71W,42,2026,9,21,18,18.7,132.7,100300.0,2026-09-21 18:00:00,2026-09-21 18:00:00,1003.0
20260921,180000,71W,42,2026,9,21,18,19.0,131.3,99600.0,2026-09-21 18:00:00,2026-09-21 18:00:00,996.0
20260921,180000,71W,42,2026,9,21,18,19.8,130.2,99800.0,2026-09-21 18:00:00,2026-09-21 18:00:00,998.0
20260921,180000,71W,42,2026,9,21,18,20.7,128.8,98900.0,2026-09-21 18:00:00,2026-09-21 18:00:00,989.0
20260921,180000,71W,42,2026,9,21,18,21.2,128.2,98600.0,2026-09-21 18:00:00,2026-09-21 18:00:00,986.0
20260921,180000,71W,42,2026,9,21,18,21.5,127.4,98300.0,2026-09-21 18:00:00,2026-09-21 18:00:00,983.0
20260921,180000,71W,42,2026,9,21,18,22.1,126.5,98200.0,2026-09-21 18:00:00,2026-09-21 18:00:00,982.0
20260921,180000,71W,42,2026,9,21,18,22.6,126.2,98000.0,2026-09-21 18:00:00,2026-09-21 18:00:00,980.0
20260921,180000,71W,42,2026,9,21,18,22.900000000000002,126.2,97800.0,2026-09-21 18:00:00,2026-09-21 18:00:00,978.0
20260921,180000,71W,42,2026,9,21,18,23.8,126.0,97700.0,2026-09-21 18:00:00,2026-09-21 18:00:00,977.0
20260921,180000,71W,42,2026,9,21,18,24.3,126.0,98000.0,2026-09-21 18:00:00,2026-09-21 18:00:00,980.0
20260921,180000,71W,42,2026,9,21,18,24.900000000000002,126.2,97900.0,2026-09-21 18:00:00,2026-09-21 18:00:00,979.0
20260921,180000,71W,42,2026,9,21,18,25.2,126.5,98300.0,2026-09-21 18:00:00,2026-09-21 18:00:00,983.0
20260921,180000,71W,42,2026,9,21,18,25.7,126.5,98200.0,2026-09-21 18:00:00,2026-09-21 18:00:00,982.0
20260921,180000,71W,42,2026,9,21,18,26.6,126.8,98600.0,2026-09-21 18:00:00,2026-09-21 18:00:00,986.0
20260921,180000,71W,42,2026,9,21,18,26.900000000000002,127.60000000000001,98800.0,2026-09-21 18:00:00,2026-09-21 18:00:00,988.0
20260921,180000,71W,42,2026,9,21,18,27.400000000000002,128.2,99500.0,2026-09-21 18:00:00,2026-09-21 18:00:00,995.0
20260921,180000,71W,42,2026,9,21,18,27.7,129.0,99900.0,2026-09-21 18:00:00,2026-09-21 18:00:00,999.0
20260921,180000,71W,42,2026,9,21,18,28.0,129.6,99900.0,2026-09-21 18:00:00,2026-09-21 18:00:00,999.0
20260921,180000,71W,42,2026,9,21,18,28.3,130.5,99600.0,2026-09-21 18:00:00,2026-09-21 18:00:00,996.0
20260921,180000,71W,42,2026,9,21,18,29.1,131.6,100000.0,2026-09-21 18:00:00,2026-09-21 18:00:00,1000.0
20260921,180000,71W,42,2026,9,21,18,29.400000000000002,132.1,99800.0,2026-09-21 18:00:00,2026-09-21 18:00:00,998.0
20260921,180000,71W,42,2026,9,21,18,30.2,133.5,99700.0,2026-09-21 18:00:00,2026-09-21 18:00:00,997.0
20260921,180000,71W,42,2026,9,21,18,31.400000000000002,135.2,99200.0,2026-09-21 18:00:00,2026-09-21 18:00:00,992.0
20260921,180000,71W,42,2026,9,21,18,32.5,137.20000000000002,99600.0,2026-09-21 18:00:00,2026-09-21 18:00:00,996.0
20260921,180000,71W,42,2026,9,21,18,34.5,140.0,99300.0,2026-09-21 18:00:00,2026-09-21 18:00:00,993.0
20260921,180000,71W,42,2026,9,21,18,37.0,144.5,99300.0,2026-09-21 18:00:00,2026-09-21 18:00:00,993.0
20260921,180000,71W,42,2026,9,21,18,39.2,149.9,99800.0,2026-09-21 18:00:00,2026-09-21 18:00:00,998.0
20260921,180000,71W,43,2026,9,21,18,12.5,141.1,100900.0,2026-09-21 18:00:00,2026-09-21 18:00:00,1009.0
20260921,180000,71W,43,2026,9,21,18,12.9,141.20000000000002,100600.0,2026-09-21 18:00:00,2026-09-21 18:00:00,1006.0
20260921,180000,71W,43,2026,9,21,18,13.3,140.6,100800.0,2026-09-21 18:00:00,2026-09-21 18:00:00,1008.0
20260921,180000,71W,43,2026,9,21,18,13.6,139.5,100500.0,2026-09-21 18:00:00,2026-09-21 18:00:00,1005.0
20260921,180000,71W,43,2026,9,21,18,15.3,139.20000000000002,100700.0,2026-09-21 18:00:00,2026-09-21 18:00:00,1007.0
20260921,180000,71W,43,2026,9,21,18,16.1,137.5,100300.0,2026-09-21 18:00:00,2026-09-21 18:00:00,1003.0
20260921,180000,71W,43,2026,9,21,18,16.4,136.6,100500.0,2026-09-21 18:00:00,2026-09-21 18:00:00,1005.0
20260921,180000,71W,43,2026,9,21,18,17.3,135.2,99900.0,2026-09-21 18:00:00,2026-09-21 18:00:00,999.0
20260921,180000,71W,43,2026,9,21,18,17.6,134.1,100000.0,2026-09-21 18:00:00,2026-09-21 18:00:00,1000.0
20260921,180000,71W,43,2026,9,21,18,18.1,133.0,99500.0,2026-09-21 18:00:00,2026-09-21 18:00:00,995.0
20260921,180000,71W,43,2026,9,21,18,18.7,131.6,99400.0,2026-09-21 18:00:00,2026-09-21 18:00:00,994.0
20260921,180000,71W,43,2026,9,21,18,19.5,130.5,99200.0,2026-09-21 18:00:00,2026-09-21 18:00:00,992.0
20260921,180000,71W,43,2026,9,21,18,19.8,129.3,99000.0,2026-09-21 18:00:00,2026-09-21 18:00:00,990.0
20260921,180000,71W,43,2026,9,21,18,20.400000000000002,128.5,99300.0,2026-09-21 18:00:00,2026-09-21 18:00:00,993.0
20260921,180000,71W,43,2026,9,21,18,20.900000000000002,127.60000000000001,99000.0,2026-09-21 18:00:00,2026-09-21 18:00:00,990.0
20260921,180000,71W,43,2026,9,21,18,21.5,126.8,98500.0,2026-09-21 18:00:00,2026-09-21 18:00:00,985.0
20260921,180000,71W,43,2026,9,21,18,22.1,126.5,98100.0,2026-09-21 18:00:00,2026-09-21 18:00:00,981.0
20260921,180000,71W,43,2026,9,21,18,22.900000000000002,126.5,98400.0,2026-09-21 18:00:00,2026-09-21 18:00:00,984.0
20260921,180000,71W,43,2026,9,21,18,23.5,126.2,98100.0,2026-09-21 18:00:00,2026-09-21 18:00:00,981.0
20260921,180000,71W,43,2026,9,21,18,24.3,126.8,97800.0,2026-09-21 18:00:00,2026-09-21 18:00:00,978.0
20260921,180000,71W,43,2026,9,21,18,24.900000000000002,126.8,97900.0,2026-09-21 18:00:00,2026-09-21 18:00:00,979.0
20260921,180000,71W,43,2026,9,21,18,25.400000000000002,127.9,98200.0,2026-09-21 18:00:00,2026-09-21 18:00:00,982.0
20260921,180000,71W,43,2026,9,21,18,25.7,128.8,98000.0,2026-09-21 18:00:00,2026-09-21 18:00:00,980.0
20260921,180000,71W,43,2026,9,21,18,25.7,129.0,98500.0,2026-09-21 18:00:00,2026-09-21 18:00:00,985.0
20260921,180000,71W,43,2026,9,21,18,26.3,129.9,98800.0,2026-09-21 18:00:00,2026-09-21 18:00:00,988.0
20260921,180000,71W,43,2026,9,21,18,26.6,130.5,98400.0,2026-09-21 18:00:00,2026-09-21 18:00:00,984.0
20260921,180000,71W,43,2026,9,21,18,26.6,131.0,99000.0,2026-09-21 18:00:00,2026-09-21 18:00:00,990.0
20260921,180000,71W,43,2026,9,21,18,27.1,131.3,99100.0,2026-09-21 18:00:00,2026-09-21 18:00:00,991.0
20260921,180000,71W,43,2026,9,21,18,27.7,131.6,99200.0,2026-09-21 18:00:00,2026-09-21 18:00:00,992.0
20260921,180000,71W,43,2026,9,21,18,28.0,132.4,99000.0,2026-09-21 18:00:00,2026-09-21 18:00:00,990.0
20260921,180000,71W,43,2026,9,21,18,28.8,133.0,99600.0,2026-09-21 18:00:00,2026-09-21 18:00:00,996.0
20260921,180000,71W,43,2026,9,21,18,29.7,133.5,99700.0,2026-09-21 18:00:00,2026-09-21 18:00:00,997.0
20260921,180000,71W,43,2026,9,21,18,30.2,134.7,99700.0,2026-09-21 18:00:00,2026-09-21 18:00:00,997.0
20260921,180000,71W,43,2026,9,21,18,31.1,136.1,99800.0,2026-09-21 18:00:00,2026-09-21 18:00:00,998.0
20260921,180000,71W,43,2026,9,21,18,32.2,137.8,100100.0,2026-09-21 18:00:00,2026-09-21 18:00:00,1001.0
20260921,180000,71W,43,2026,9,21,18,33.3,139.20000000000002,100100.0,2026-09-21 18:00:00,2026-09-21 18:00:00,1001.0
20260921,180000,71W,43,2026,9,21,18,34.5,140.9,100300.0,2026-09-21 18:00:00,2026-09-21 18:00:00,1003.0
20260921,180000,71W,43,2026,9,21,18,36.1,144.0,100200.0,2026-09-21 18:00:00,2026-09-21 18:00:00,1002.0
20260921,180000,71W,43,2026,9,21,18,37.6,147.6,100500.0,2026-09-21 18:00:00,2026-09-21 18:00:00,1005.0
20260921,180000,71W,44,2026,9,21,18,12.5,142.3,101000.0,2026-09-21 18:00:00,2026-09-21 18:00:00,1010.0
20260921,180000,71W,44,2026,9,21,18,13.0,141.0,100800.0,2026-09-21 18:00:00,2026-09-21 18:00:00,1008.0
20260921,180000,71W,44,2026,9,21,18,13.9,139.5,100900.0,2026-09-21 18:00:00,2026-09-21 18:00:00,1009.0
20260921,180000,71W,44,2026,9,21,18,13.3,138.9,100700.0,2026-09-21 18:00:00,2026-09-21 18:00:00,1007.0
20260921,180000,71W,44,2026,9,21,18,13.9,139.20000000000002,100900.0,2026-09-21 18:00:00,2026-09-21 18:00:00,1009.0
20260921,180000,71W,44,2026,9,21,18,15.6,138.0,100500.0,2026-09-21 18:00:00,2026-09-21 18:00:00,1005.0
20260921,180000,71W,44,2026,9,21,18,15.9,136.9,100600.0,2026-09-21 18:00:00,2026-09-21 18:00:00,1006.0
20260921,180000,71W,44,2026,9,21,18,16.1,135.8,100000.0,2026-09-21 18:00:00,2026-09-21 18:00:00,1000.0
20260921,180000,71W,44,2026,9,21,18,16.7,134.7,100300.0,2026-09-21 18:00:00,2026-09-21 18:00:00,1003.0
20260921,180000,71W,44,2026,9,21,18,17.0,133.5,99500.0,2026-09-21 18:00:00,2026-09-21 18:00:00,995.0
20260921,180000,71W,44,2026,9,21,18,17.3,132.7,99800.0,2026-09-21 18:00:00,2026-09-21 18:00:00,998.0
20260921,180000,71W,44,2026,9,21,18,18.1,131.3,99500.0,2026-09-21 18:00:00,2026-09-21 18:00:00,995.0
20260921,180000,71W,44,2026,9,21,18,18.7,129.9,99800.0,2026-09-21 18:00:00,2026-09-21 18:00:00,998.0
20260921,180000,71W,44,2026,9,21,18,19.5,129.0,99100.0,2026-09-21 18:00:00,2026-09-21 18:00:00,991.0
20260921,180000,71W,44,2026,9,21,18,19.8,128.2,98700.0,2026-09-21 18:00:00,2026-09-21 18:00:00,987.0
20260921,180000,71W,44,2026,9,21,18,20.400000000000002,127.4,98100.0,2026-09-21 18:00:00,2026-09-21 18:00:00,981.0
20260921,180000,71W,44,2026,9,21,18,20.900000000000002,127.10000000000001,98700.0,2026-09-21 18:00:00,2026-09-21 18:00:00,987.0
20260921,180000,71W,44,2026,9,21,18,21.8,126.5,98300.0,2026-09-21 18:00:00,2026-09-21 18:00:00,983.0
20260921,180000,71W,44,2026,9,21,18,22.1,126.2,98500.0,2026-09-21 18:00:00,2026-09-21 18:00:00,985.0
20260921,180000,71W,44,2026,9,21,18,22.900000000000002,126.2,98300.0,2026-09-21 18:00:00,2026-09-21 18:00:00,983.0
20260921,180000,71W,44,2026,9,21,18,23.5,126.2,98200.0,2026-09-21 18:00:00,2026-09-21 18:00:00,982.0
20260921,180000,71W,44,2026,9,21,18,24.0,126.8,97800.0,2026-09-21 18:00:00,2026-09-21 18:00:00,978.0
20260921,180000,71W,44,2026,9,21,18,24.3,126.8,97800.0,2026-09-21 18:00:00,2026-09-21 18:00:00,978.0
20260921,180000,71W,44,2026,9,21,18,24.6,126.5,97400.0,2026-09-21 18:00:00,2026-09-21 18:00:00,974.0
20260921,180000,71W,44,2026,9,21,18,24.900000000000002,126.5,98100.0,2026-09-21 18:00:00,2026-09-21 18:00:00,981.0
20260921,180000,71W,44,2026,9,21,18,25.400000000000002,126.5,98200.0,2026-09-21 18:00:00,2026-09-21 18:00:00,982.0
20260921,180000,71W,44,2026,9,21,18,25.400000000000002,126.8,98800.0,2026-09-21 18:00:00,2026-09-21 18:00:00,988.0
20260921,180000,71W,44,2026,9,21,18,25.7,127.10000000000001,99300.0,2026-09-21 18:00:00,2026-09-21 18:00:00,993.0
20260921,180000,71W,44,2026,9,21,18,26.3,127.10000000000001,99400.0,2026-09-21 18:00:00,2026-09-21 18:00:00,994.0
20260921,180000,71W,44,2026,9,21,18,27.1,126.8,99200.0,2026-09-21 18:00:00,2026-09-21 18:00:00,992.0
20260921,180000,71W,44,2026,9,21,18,27.7,126.8,99600.0,2026-09-21 18:00:00,2026-09-21 18:00:00,996.0
20260921,180000,71W,44,2026,9,21,18,28.0,126.8,99700.0,2026-09-21 18:00:00,2026-09-21 18:00:00,997.0
20260921,180000,71W,44,2026,9,21,18,29.1,127.60000000000001,100200.0,2026-09-21 18:00:00,2026-09-21 18:00:00,1002.0
20260921,180000,71W,44,2026,9,21,18,29.7,128.2,100000.0,2026-09-21 18:00:00,2026-09-21 18:00:00,1000.0
20260921,180000,71W,44,2026,9,21,18,30.5,129.3,100300.0,2026-09-21 18:00:00,2026-09-21 18:00:00,1003.0
20260921,180000,71W,44,2026,9,21,18,31.400000000000002,131.3,100100.0,2026-09-21 18:00:00,2026-09-21 18:00:00,1001.0
20260921,180000,71W,44,2026,9,21,18,32.8,133.5,100200.0,2026-09-21 18:00:00,2026-09-21 18:00:00,1002.0
20260921,180000,71W,44,2026,9,21,18,35.0,136.9,100000.0,2026-09-21 18:00:00,2026-09-21 18:00:00,1000.0
20260921,180000,71W,44,2026,9,21,18,36.7,142.3,100100.0,2026-09-21 18:00:00,2026-09-21 18:00:00,1001.0
20260921,180000,71W,45,2026,9,21,18,38.4,146.8,98100.0,2026-09-21 18:00:00,2026-09-21 18:00:00,981.0
20260921,180000,71W,45,2026,9,21,18,39.2,149.9,98100.0,2026-09-21 18:00:00,2026-09-21 18:00:00,981.0
20260921,180000,71W,45,2026,9,21,18,39.5,153.5,98600.0,2026-09-21 18:00:00,2026-09-21 18:00:00,986.0
20260921,180000,71W,45,2026,9,21,18,40.6,156.9,98800.0,2026-09-21 18:00:00,2026-09-21 18:00:00,988.0
20260921,180000,71W,45,2026,9,21,18,42.1,161.70000000000002,98900.0,2026-09-21 18:00:00,2026-09-21 18:00:00,989.0
20260921,180000,71W,45,2026,9,21,18,43.800000000000004,167.6,98900.0,2026-09-21 18:00:00,2026-09-21 18:00:00,989.0
20260921,180000,71W,46,2026,9,21,18,38.7,147.0,98000.0,2026-09-21 18:00:00,2026-09-21 18:00:00,980.0
20260921,180000,71W,46,2026,9,21,18,39.2,149.9,98100.0,2026-09-21 18:00:00,2026-09-21 18:00:00,981.0
20260921,180000,71W,46,2026,9,21,18,40.1,153.0,98500.0,2026-09-21 18:00:00,2026-09-21 18:00:00,985.0
20260921,180000,71W,46,2026,9,21,18,40.4,156.3,98800.0,2026-09-21 18:00:00,2026-09-21 18:00:00,988.0
20260921,180000,71W,46,2026,9,21,18,41.300000000000004,160.20000000000002,99100.0,2026-09-21 18:00:00,2026-09-21 18:00:00,991.0
20260921,180000,71W,46,2026,9,21,18,41.6,163.70000000000002,99300.0,2026-09-21 18:00:00,2026-09-21 18:00:00,993.0
20260921,180000,71W,47,2026,9,21,18,38.4,147.0,98100.0,2026-09-21 18:00:00,2026-09-21 18:00:00,981.0
20260921,180000,71W,47,2026,9,21,18,39.5,150.4,97900.0,2026-09-21 18:00:00,2026-09-21 18:00:00,979.0
20260921,180000,71W,47,2026,9,21,18,40.0,153.5,98900.0,2026-09-21 18:00:00,2026-09-21 18:00:00,989.0
20260921,180000,71W,47,2026,9,21,18,40.9,158.0,99100.0,2026-09-21 18:00:00,2026-09-21 18:00:00,991.0
20260921,180000,71W,48,2026,9,21,18,38.5,147.20000000000002,98100.0,2026-09-21 18:00:00,2026-09-21 18:00:00,981.0
20260921,180000,71W,48,2026,9,21,18,39.5,149.9,98200.0,2026-09-21 18:00:00,2026-09-21 18:00:00,982.0
20260921,180000,71W,48,2026,9,21,18,39.800000000000004,153.0,98900.0,2026-09-21 18:00:00,2026-09-21 18:00:00,989.0
20260921,180000,71W,48,2026,9,21,18,42.300000000000004,157.5,98900.0,2026-09-21 18:00:00,2026-09-21 18:00:00,989.0
20260921,180000,71W,49,2026,9,21,18,15.0,169.0,100600.0,2026-09-21 18:00:00,2026-09-21 18:00:00,1006.0
20260921,180000,71W,49,2026,9,21,18,16.7,170.70000000000002,100700.0,2026-09-21 18:00:00,2026-09-21 18:00:00,1007.0
20260921,180000,71W,49,2026,9,21,18,19.0,171.8,100600.0,2026-09-21 18:00:00,2026-09-21 18:00:00,1006.0
20260921,180000,71W,49,2026,9,21,18,20.400000000000002,170.1,100800.0,2026-09-21 18:00:00,2026-09-21 18:00:00,1008.0
20260921,180000,71W,49,2026,9,21,18,19.5,170.1,100700.0,2026-09-21 18:00:00,2026-09-21 18:00:00,1007.0
20260921,180000,71W,50,2026,9,21,18,38.4,147.0,98000.0,2026-09-21 18:00:00,2026-09-21 18:00:00,980.0
20260921,180000,71W,50,2026,9,21,18,39.0,150.1,98200.0,2026-09-21 18:00:00,2026-09-21 18:00:00,982.0
20260921,180000,71W,50,2026,9,21,18,39.800000000000004,153.5,98800.0,2026-09-21 18:00:00,2026-09-21 18:00:00,988.0
20260921,180000,71W,50,2026,9,21,18,40.800000000000004,157.0,99000.0,2026-09-21 18:00:00,2026-09-21 18:00:00,990.0
20260921,180000,71W,50,2026,9,21,18,41.7,161.0,99200.0,2026-09-21 18:00:00,2026-09-21 18:00:00,992.0
20260921,180000,71W,51,2026,9,21,18,38.1,147.3,98300.0,2026-09-21 18:00:00,2026-09-21 18:00:00,983.0
20260921,180000,71W,51,2026,9,21,18,39.2,150.1,98400.0,2026-09-21 18:00:00,2026-09-21 18:00:00,984.0
20260921,180000,71W,51,2026,9,21,18,39.800000000000004,152.70000000000002,99000.0,2026-09-21 18:00:00,2026-09-21 18:00:00,990.0
20260921,180000,71W,51,2026,9,21,18,40.7,157.5,99100.0,2026-09-21 18:00:00,2026-09-21 18:00:00,991.0
20260921,180000,71W,51,2026,9,21,18,41.5,161.20000000000002,99300.0,2026-09-21 18:00:00,2026-09-21 18:00:00,993.0
20260921,180000,71W,51,2026,9,21,18,43.2,166.20000000000002,99200.0,2026-09-21 18:00:00,2026-09-21 18:00:00,992.0
20260921,180000,71W,52,2026,9,21,18,38.4,147.0,97600.0,2026-09-21 18:00:00,2026-09-21 18:00:00,976.0
20260921,180000,71W,52,2026,9,21,18,39.5,150.4,97800.0,2026-09-21 18:00:00,2026-09-21 18:00:00,978.0
20260921,180000,71W,52,2026,9,21,18,40.4,153.8,98500.0,2026-09-21 18:00:00,2026-09-21 18:00:00,985.0
20260921,180000,71W,52,2026,9,21,18,41.5,157.70000000000002,98600.0,2026-09-21 18:00:00,2026-09-21 18:00:00,986.0
20260921,180000,71W,52,2026,9,21,18,42.9,162.3,98600.0,2026-09-21 18:00:00,2026-09-21 18:00:00,986.0
20260921,180000,72W,1,2026,9,21,18,37.800000000000004,147.0,98100.0,2026-09-21 18:00:00,2026-09-21 18:00:00,981.0
20260921,180000,72W,1,2026,9,21,18,39.0,150.1,98400.0,2026-09-21 18:00:00,2026-09-21 18:00:00,984.0
20260921,180000,72W,1,2026,9,21,18,39.5,153.20000000000002,99100.0,2026-09-21 18:00:00,2026-09-21 18:00:00,991.0
20260921,180000,72W,1,2026,9,21,18,40.7,155.8,99000.0,2026-09-21 18:00:00,2026-09-21 18:00:00,990.0
20260921,180000,72W,1,2026,9,21,18,41.5,160.3,99300.0,2026-09-21 18:00:00,2026-09-21 18:00:00,993.0
20260921,180000,72W,2,2026,9,21,18,10.0,108.8,100800.0,2026-09-21 18:00:00,2026-09-21 18:00:00,1008.0
20260921,180000,72W,2,2026,9,21,18,10.200000000000001,108.0,100800.0,2026-09-21 18:00:00,2026-09-21 18:00:00,1008.0
20260921,180000,72W,2,2026,9,21,18,10.200000000000001,108.2,100800.0,2026-09-21 18:00:00,2026-09-21 18:00:00,1008.0
20260921,180000,72W,2,2026,9,21,18,9.700000000000001,106.5,100900.0,2026-09-21 18:00:00,2026-09-21 18:00:00,1009.0
20260921,180000,72W,2,2026,9,21,18,10.3,107.9,100800.0,2026-09-21 18:00:00,2026-09-21 18:00:00,1008.0
20260921,180000,72W,2,2026,9,21,18,11.1,105.4,100600.0,2026-09-21 18:00:00,2026-09-21 18:00:00,1006.0
20260921,180000,72W,2,2026,9,21,18,10.8,104.60000000000001,100500.0,2026-09-21 18:00:00,2026-09-21 18:00:00,1005.0
20260921,180000,72W,2,2026,9,21,18,12.200000000000001,104.60000000000001,100600.0,2026-09-21 18:00:00,2026-09-21 18:00:00,1006.0
20260921,180000,72W,2,2026,9,21,18,12.8,103.5,100600.0,2026-09-21 18:00:00,2026-09-21 18:00:00,1006.0
20260921,180000,72W,2,2026,9,21,18,12.5,102.3,100500.0,2026-09-21 18:00:00,2026-09-21 18:00:00,1005.0
20260921,180000,72W,2,2026,9,21,18,11.9,102.3,100400.0,2026-09-21 18:00:00,2026-09-21 18:00:00,1004.0
20260921,180000,72W,2,2026,9,21,18,11.9,101.5,100500.0,2026-09-21 18:00:00,2026-09-21 18:00:00,1005.0
20260921,180000,72W,2,2026,9,21,18,11.9,102.0,100500.0,2026-09-21 18:00:00,2026-09-21 18:00:00,1005.0
20260921,180000,72W,2,2026,9,21,18,12.5,101.8,100600.0,2026-09-21 18:00:00,2026-09-21 18:00:00,1006.0
20260921,180000,72W,2,2026,9,21,18,12.8,101.8,100400.0,2026-09-21 18:00:00,2026-09-21 18:00:00,1004.0
20260921,180000,72W,2,2026,9,21,18,13.0,100.60000000000001,100500.0,2026-09-21 18:00:00,2026-09-21 18:00:00,1005.0
20260921,180000,72W,2,2026,9,21,18,12.5,101.2,100300.0,2026-09-21 18:00:00,2026-09-21 18:00:00,1003.0
20260921,180000,72W,2,2026,9,21,18,13.0,100.4,100400.0,2026-09-21 18:00:00,2026-09-21 18:00:00,1004.0
20260921,180000,72W,2,2026,9,21,18,14.700000000000001,100.5,100500.0,2026-09-21 18:00:00,2026-09-21 18:00:00,1005.0
20260921,180000,72W,2,2026,9,21,18,14.200000000000001,100.60000000000001,100600.0,2026-09-21 18:00:00,2026-09-21 18:00:00,1006.0
20260921,180000,72W,2,2026,9,21,18,14.700000000000001,100.10000000000001,100700.0,2026-09-21 18:00:00,2026-09-21 18:00:00,1007.0
20260921,180000,72W,2,2026,9,21,18,15.6,99.8,100700.0,2026-09-21 18:00:00,2026-09-21 18:00:00,1007.0
20260921,180000,72W,2,2026,9,21,18,15.6,100.10000000000001,100800.0,2026-09-21 18:00:00,2026-09-21 18:00:00,1008.0
20260921,180000,72W,2,2026,9,21,18,17.3,99.8,100900.0,2026-09-21 18:00:00,2026-09-21 18:00:00,1009.0
20260921,180000,72W,3,2026,9,21,18,38.1,147.0,98400.0,2026-09-21 18:00:00,2026-09-21 18:00:00,984.0
20260921,180000,72W,3,2026,9,21,18,39.0,149.6,98900.0,2026-09-21 18:00:00,2026-09-21 18:00:00,989.0
20260921,180000,72W,3,2026,9,21,18,39.5,152.4,99100.0,2026-09-21 18:00:00,2026-09-21 18:00:00,991.0
20260921,180000,72W,3,2026,9,21,18,41.5,157.20000000000002,99400.0,2026-09-21 18:00:00,2026-09-21 18:00:00,994.0
20260921,180000,72W,4,2026,9,21,18,11.1,106.8,100800.0,2026-09-21 18:00:00,2026-09-21 18:00:00,1008.0
20260921,180000,72W,4,2026,9,21,18,9.1,106.8,100900.0,2026-09-21 18:00:00,2026-09-21 18:00:00,1009.0
20260921,180000,72W,4,2026,9,21,18,10.0,106.8,100800.0,2026-09-21 18:00:00,2026-09-21 18:00:00,1008.0
20260921,180000,72W,4,2026,9,21,18,10.0,107.4,100900.0,2026-09-21 18:00:00,2026-09-21 18:00:00,1009.0
20260921,180000,72W,4,2026,9,21,18,11.4,105.7,100700.0,2026-09-21 18:00:00,2026-09-21 18:00:00,1007.0
20260921,180000,72W,4,2026,9,21,18,11.1,105.4,100800.0,2026-09-21 18:00:00,2026-09-21 18:00:00,1008.0
20260921,180000,72W,4,2026,9,21,18,13.0,104.0,100800.0,2026-09-21 18:00:00,2026-09-21 18:00:00,1008.0
20260921,180000,72W,4,2026,9,21,18,13.0,103.2,100800.0,2026-09-21 18:00:00,2026-09-21 18:00:00,1008.0
20260921,180000,72W,4,2026,9,21,18,13.0,103.2,100600.0,2026-09-21 18:00:00,2026-09-21 18:00:00,1006.0
20260921,180000,72W,4,2026,9,21,18,13.3,102.9,100700.0,2026-09-21 18:00:00,2026-09-21 18:00:00,1007.0
20260921,180000,72W,4,2026,9,21,18,13.9,102.0,100700.0,2026-09-21 18:00:00,2026-09-21 18:00:00,1007.0
20260921,180000,72W,4,2026,9,21,18,13.9,102.0,100800.0,2026-09-21 18:00:00,2026-09-21 18:00:00,1008.0
20260921,180000,72W,4,2026,9,21,18,14.3,101.10000000000001,100700.0,2026-09-21 18:00:00,2026-09-21 18:00:00,1007.0
20260921,180000,72W,4,2026,9,21,18,15.200000000000001,100.60000000000001,100600.0,2026-09-21 18:00:00,2026-09-21 18:00:00,1006.0
20260921,180000,72W,4,2026,9,21,18,15.4,100.7,100700.0,2026-09-21 18:00:00,2026-09-21 18:00:00,1007.0
20260921,180000,72W,4,2026,9,21,18,15.6,96.9,100600.0,2026-09-21 18:00:00,2026-09-21 18:00:00,1006.0
20260921,180000,72W,4,2026,9,21,18,15.3,97.3,100300.0,2026-09-21 18:00:00,2026-09-21 18:00:00,1003.0
20260921,180000,72W,4,2026,9,21,18,15.3,97.0,100400.0,2026-09-21 18:00:00,2026-09-21 18:00:00,1004.0
20260921,180000,72W,4,2026,9,21,18,15.3,96.10000000000001,100400.0,2026-09-21 18:00:00,2026-09-21 18:00:00,1004.0
20260921,180000,72W,4,2026,9,21,18,15.9,95.9,100300.0,2026-09-21 18:00:00,2026-09-21 18:00:00,1003.0
20260921,180000,72W,4,2026,9,21,18,16.1,95.0,100500.0,2026-09-21 18:00:00,2026-09-21 18:00:00,1005.0
20260921,180000,72W,4,2026,9,21,18,16.1,95.0,100500.0,2026-09-21 18:00:00,2026-09-21 18:00:00,1005.0
20260921,180000,72W,4,2026,9,21,18,16.7,93.9,100400.0,2026-09-21 18:00:00,2026-09-21 18:00:00,1004.0
20260921,180000,72W,4,2026,9,21,18,17.3,93.2,100500.0,2026-09-21 18:00:00,2026-09-21 18:00:00,1005.0
20260921,180000,72W,4,2026,9,21,18,18.1,92.8,100600.0,2026-09-21 18:00:00,2026-09-21 18:00:00,1006.0
20260921,180000,72W,4,2026,9,21,18,18.7,91.4,100600.0,2026-09-21 18:00:00,2026-09-21 18:00:00,1006.0
20260921,180000,72W,4,2026,9,21,18,18.7,90.8,100600.0,2026-09-21 18:00:00,2026-09-21 18:00:00,1006.0
20260921,180000,72W,4,2026,9,21,18,19.2,90.8,100500.0,2026-09-21 18:00:00,2026-09-21 18:00:00,1005.0
20260921,180000,72W,4,2026,9,21,18,20.1,90.2,100700.0,2026-09-21 18:00:00,2026-09-21 18:00:00,1007.0
20260921,180000,72W,4,2026,9,21,18,20.400000000000002,89.4,100500.0,2026-09-21 18:00:00,2026-09-21 18:00:00,1005.0
20260921,180000,72W,4,2026,9,21,18,21.2,90.0,100600.0,2026-09-21 18:00:00,2026-09-21 18:00:00,1006.0
20260921,180000,72W,4,2026,9,21,18,22.1,89.10000000000001,100500.0,2026-09-21 18:00:00,2026-09-21 18:00:00,1005.0
20260921,180000,72W,4,2026,9,21,18,22.6,88.5,100600.0,2026-09-21 18:00:00,2026-09-21 18:00:00,1006.0
20260921,180000,72W,4,2026,9,21,18,22.900000000000002,88.8,100400.0,2026-09-21 18:00:00,2026-09-21 18:00:00,1004.0
20260921,180000,72W,4,2026,9,21,18,23.8,89.10000000000001,100600.0,2026-09-21 18:00:00,2026-09-21 18:00:00,1006.0
20260921,180000,72W,4,2026,9,21,18,24.3,88.8,100500.0,2026-09-21 18:00:00,2026-09-21 18:00:00,1005.0
20260921,180000,72W,4,2026,9,21,18,24.6,89.4,100600.0,2026-09-21 18:00:00,2026-09-21 18:00:00,1006.0
20260921,180000,72W,4,2026,9,21,18,24.900000000000002,90.5,100500.0,2026-09-21 18:00:00,2026-09-21 18:00:00,1005.0
20260921,180000,72W,4,2026,9,21,18,24.3,94.7,100900.0,2026-09-21 18:00:00,2026-09-21 18:00:00,1009.0
20260921,180000,72W,4,2026,9,21,18,24.6,94.7,100600.0,2026-09-21 18:00:00,2026-09-21 18:00:00,1006.0
20260921,180000,72W,4,2026,9,21,18,27.2,95.3,100900.0,2026-09-21 18:00:00,2026-09-21 18:00:00,1009.0
20260921,180000,72W,5,2026,9,21,18,14.200000000000001,165.0,100700.0,2026-09-21 18:00:00,2026-09-21 18:00:00,1007.0
20260921,180000,72W,5,2026,9,21,18,14.700000000000001,165.0,100800.0,2026-09-21 18:00:00,2026-09-21 18:00:00,1008.0
20260921,180000,72W,5,2026,9,21,18,13.9,165.0,100600.0,2026-09-21 18:00:00,2026-09-21 18:00:00,1006.0
20260921,180000,72W,5,2026,9,21,18,13.6,165.9,100800.0,2026-09-21 18:00:00,2026-09-21 18:00:00,1008.0
20260921,180000,72W,5,2026,9,21,18,15.6,165.6,100700.0,2026-09-21 18:00:00,2026-09-21 18:00:00,1007.0
20260921,180000,72W,6,2026,9,21,18,10.3,108.0,100700.0,2026-09-21 18:00:00,2026-09-21 18:00:00,1007.0
20260921,180000,72W,6,2026,9,21,18,9.9,107.8,100800.0,2026-09-21 18:00:00,2026-09-21 18:00:00,1008.0
20260921,180000,72W,6,2026,9,21,18,9.4,106.8,100700.0,2026-09-21 18:00:00,2026-09-21 18:00:00,1007.0
20260921,180000,72W,6,2026,9,21,18,8.8,107.4,100800.0,2026-09-21 18:00:00,2026-09-21 18:00:00,1008.0
20260921,180000,72W,7,2026,9,21,18,15.3,168.1,100900.0,2026-09-21 18:00:00,2026-09-21 18:00:00,1009.0
20260921,180000,72W,7,2026,9,21,18,14.700000000000001,170.4,100700.0,2026-09-21 18:00:00,2026-09-21 18:00:00,1007.0
20260921,180000,72W,7,2026,9,21,18,15.3,171.20000000000002,100800.0,2026-09-21 18:00:00,2026-09-21 18:00:00,1008.0
20260921,180000,72W,7,2026,9,21,18,15.3,171.20000000000002,100600.0,2026-09-21 18:00:00,2026-09-21 18:00:00,1006.0
20260921,180000,72W,7,2026,9,21,18,17.6,172.1,100700.0,2026-09-21 18:00:00,2026-09-21 18:00:00,1007.0
20260921,180000,72W,7,2026,9,21,18,17.8,171.8,100600.0,2026-09-21 18:00:00,2026-09-21 18:00:00,1006.0
20260921,180000,72W,7,2026,9,21,18,18.6,171.5,100700.0,2026-09-21 18:00:00,2026-09-21 18:00:00,1007.0
20260921,180000,72W,7,2026,9,21,18,19.0,171.0,100600.0,2026-09-21 18:00:00,2026-09-21 18:00:00,1006.0
20260921,180000,72W,7,2026,9,21,18,19.8,170.3,100700.0,2026-09-21 18:00:00,2026-09-21 18:00:00,1007.0
20260921,180000,72W,7,2026,9,21,18,20.7,169.5,100600.0,2026-09-21 18:00:00,2026-09-21 18:00:00,1006.0
20260921,180000,72W,7,2026,9,21,18,21.0,169.20000000000002,100600.0,2026-09-21 18:00:00,2026-09-21 18:00:00,1006.0
20260921,180000,72W,7,2026,9,21,18,22.1,168.70000000000002,100600.0,2026-09-21 18:00:00,2026-09-21 18:00:00,1006.0
20260921,180000,72W,7,2026,9,21,18,22.5,168.20000000000002,100600.0,2026-09-21 18:00:00,2026-09-21 18:00:00,1006.0
20260921,180000,72W,7,2026,9,21,18,23.5,167.3,100500.0,2026-09-21 18:00:00,2026-09-21 18:00:00,1005.0
20260921,180000,72W,7,2026,9,21,18,23.8,167.3,100600.0,2026-09-21 18:00:00,2026-09-21 18:00:00,1006.0
20260921,180000,72W,7,2026,9,21,18,24.0,166.70000000000002,100600.0,2026-09-21 18:00:00,2026-09-21 18:00:00,1006.0
20260921,180000,72W,7,2026,9,21,18,25.400000000000002,167.0,100800.0,2026-09-21 18:00:00,2026-09-21 18:00:00,1008.0
20260921,180000,72W,7,2026,9,21,18,28.0,167.3,100700.0,2026-09-21 18:00:00,2026-09-21 18:00:00,1007.0
20260921,180000,72W,7,2026,9,21,18,28.3,166.5,100800.0,2026-09-21 18:00:00,2026-09-21 18:00:00,1008.0
20260921,180000,72W,7,2026,9,21,18,29.7,166.5,100800.0,2026-09-21 18:00:00,2026-09-21 18:00:00,1008.0
20260921,180000,72W,7,2026,9,21,18,30.6,165.6,101000.0,2026-09-21 18:00:00,2026-09-21 18:00:00,1010.0
20260921,180000,72W,8,2026,9,21,18,10.4,103.5,100900.0,2026-09-21 18:00:00,2026-09-21 18:00:00,1009.0
20260921,180000,72W,8,2026,9,21,18,10.200000000000001,103.7,100900.0,2026-09-21 18:00:00,2026-09-21 18:00:00,1009.0
20260921,180000,72W,8,2026,9,21,18,12.200000000000001,106.0,100700.0,2026-09-21 18:00:00,2026-09-21 18:00:00,1007.0
20260921,180000,72W,8,2026,9,21,18,13.3,103.60000000000001,100600.0,2026-09-21 18:00:00,2026-09-21 18:00:00,1006.0
20260921,180000,72W,8,2026,9,21,18,13.0,102.3,100600.0,2026-09-21 18:00:00,2026-09-21 18:00:00,1006.0
20260921,180000,72W,8,2026,9,21,18,13.6,102.3,100700.0,2026-09-21 18:00:00,2026-09-21 18:00:00,1007.0
20260921,180000,72W,8,2026,9,21,18,13.9,102.0,100600.0,2026-09-21 18:00:00,2026-09-21 18:00:00,1006.0
20260921,180000,72W,8,2026,9,21,18,14.200000000000001,101.2,100600.0,2026-09-21 18:00:00,2026-09-21 18:00:00,1006.0
20260921,180000,72W,8,2026,9,21,18,15.0,100.60000000000001,100700.0,2026-09-21 18:00:00,2026-09-21 18:00:00,1007.0
20260921,180000,72W,8,2026,9,21,18,14.700000000000001,100.4,100600.0,2026-09-21 18:00:00,2026-09-21 18:00:00,1006.0
20260921,180000,72W,8,2026,9,21,18,15.0,100.10000000000001,100600.0,2026-09-21 18:00:00,2026-09-21 18:00:00,1006.0
20260921,180000,72W,8,2026,9,21,18,15.6,97.5,100400.0,2026-09-21 18:00:00,2026-09-21 18:00:00,1004.0
20260921,180000,72W,8,2026,9,21,18,15.9,98.4,100500.0,2026-09-21 18:00:00,2026-09-21 18:00:00,1005.0
20260921,180000,72W,8,2026,9,21,18,16.3,97.2,100600.0,2026-09-21 18:00:00,2026-09-21 18:00:00,1006.0
20260921,180000,72W,8,2026,9,21,18,15.9,97.5,100500.0,2026-09-21 18:00:00,2026-09-21 18:00:00,1005.0
20260921,180000,72W,8,2026,9,21,18,16.7,97.0,100500.0,2026-09-21 18:00:00,2026-09-21 18:00:00,1005.0
20260921,180000,72W,8,2026,9,21,18,17.0,96.10000000000001,100500.0,2026-09-21 18:00:00,2026-09-21 18:00:00,1005.0
20260921,180000,72W,8,2026,9,21,18,18.7,93.3,100900.0,2026-09-21 18:00:00,2026-09-21 18:00:00,1009.0
20260921,180000,72W,8,2026,9,21,18,19.5,93.0,100800.0,2026-09-21 18:00:00,2026-09-21 18:00:00,1008.0
20260921,180000,72W,9,2026,9,21,18,9.700000000000001,108.2,100800.0,2026-09-21 18:00:00,2026-09-21 18:00:00,1008.0
20260921,180000,72W,9,2026,9,21,18,9.700000000000001,108.2,100700.0,2026-09-21 18:00:00,2026-09-21 18:00:00,1007.0
20260921,180000,72W,9,2026,9,21,18,10.200000000000001,108.0,100700.0,2026-09-21 18:00:00,2026-09-21 18:00:00,1007.0
20260921,180000,72W,9,2026,9,21,18,11.1,106.0,100800.0,2026-09-21 18:00:00,2026-09-21 18:00:00,1008.0
20260921,180000,72W,9,2026,9,21,18,10.5,105.7,100700.0,2026-09-21 18:00:00,2026-09-21 18:00:00,1007.0
20260921,180000,72W,9,2026,9,21,18,11.1,105.7,100800.0,2026-09-21 18:00:00,2026-09-21 18:00:00,1008.0
20260921,180000,72W,9,2026,9,21,18,12.8,104.3,100700.0,2026-09-21 18:00:00,2026-09-21 18:00:00,1007.0
20260921,180000,72W,9,2026,9,21,18,12.5,103.7,100700.0,2026-09-21 18:00:00,2026-09-21 18:00:00,1007.0
20260921,180000,72W,9,2026,9,21,18,12.5,103.7,100600.0,2026-09-21 18:00:00,2026-09-21 18:00:00,1006.0
20260921,180000,72W,9,2026,9,21,18,13.9,102.0,100600.0,2026-09-21 18:00:00,2026-09-21 18:00:00,1006.0
20260921,180000,72W,9,2026,9,21,18,14.200000000000001,101.2,100700.0,2026-09-21 18:00:00,2026-09-21 18:00:00,1007.0
20260921,180000,72W,9,2026,9,21,18,14.200000000000001,100.8,100700.0,2026-09-21 18:00:00,2026-09-21 18:00:00,1007.0
20260921,180000,72W,9,2026,9,21,18,14.9,100.9,100600.0,2026-09-21 18:00:00,2026-09-21 18:00:00,1006.0
20260921,180000,72W,9,2026,9,21,18,14.200000000000001,100.4,100600.0,2026-09-21 18:00:00,2026-09-21 18:00:00,1006.0
20260921,180000,72W,9,2026,9,21,18,14.700000000000001,100.4,100700.0,2026-09-21 18:00:00,2026-09-21 18:00:00,1007.0
20260921,180000,72W,10,2026,9,21,18,11.9,171.8,101000.0,2026-09-21 18:00:00,2026-09-21 18:00:00,1010.0
20260921,180000,72W,10,2026,9,21,18,12.5,174.3,100900.0,2026-09-21 18:00:00,2026-09-21 18:00:00,1009.0
20260921,180000,72W,10,2026,9,21,18,12.5,173.8,100900.0,2026-09-21 18:00:00,2026-09-21 18:00:00,1009.0
20260921,180000,72W,10,2026,9,21,18,13.9,172.4,100800.0,2026-09-21 18:00:00,2026-09-21 18:00:00,1008.0
20260921,180000,72W,10,2026,9,21,18,15.0,170.70000000000002,101000.0,2026-09-21 18:00:00,2026-09-21 18:00:00,1010.0
20260921,180000,72W,10,2026,9,21,18,17.6,172.1,100900.0,2026-09-21 18:00:00,2026-09-21 18:00:00,1009.0
20260921,180000,72W,10,2026,9,21,18,18.1,170.4,100900.0,2026-09-21 18:00:00,2026-09-21 18:00:00,1009.0
20260921,180000,72W,10,2026,9,21,18,18.7,169.8,101200.0,2026-09-21 18:00:00,2026-09-21 18:00:00,1012.0
20260921,180000,72W,10,2026,9,21,18,19.2,169.0,101100.0,2026-09-21 18:00:00,2026-09-21 18:00:00,1011.0
20260921,180000,72W,10,2026,9,21,18,19.2,169.0,100900.0,2026-09-21 18:00:00,2026-09-21 18:00:00,1009.0
20260921,180000,72W,10,2026,9,21,18,19.8,168.4,101000.0,2026-09-21 18:00:00,2026-09-21 18:00:00,1010.0
20260921,180000,72W,10,2026,9,21,18,20.1,168.1,101000.0,2026-09-21 18:00:00,2026-09-21 18:00:00,1010.0
20260921,180000,72W,11,2026,9,21,18,10.8,105.4,100700.0,2026-09-21 18:00:00,2026-09-21 18:00:00,1007.0
20260921,180000,72W,11,2026,9,21,18,10.5,105.60000000000001,100700.0,2026-09-21 18:00:00,2026-09-21 18:00:00,1007.0
20260921,180000,72W,11,2026,9,21,18,10.200000000000001,103.7,100700.0,2026-09-21 18:00:00,2026-09-21 18:00:00,1007.0
20260921,180000,72W,11,2026,9,21,18,10.8,104.9,100700.0,2026-09-21 18:00:00,2026-09-21 18:00:00,1007.0
20260921,180000,72W,11,2026,9,21,18,13.1,103.60000000000001,100700.0,2026-09-21 18:00:00,2026-09-21 18:00:00,1007.0
20260921,180000,72W,11,2026,9,21,18,13.1,103.5,100600.0,2026-09-21 18:00:00,2026-09-21 18:00:00,1006.0
20260921,180000,72W,11,2026,9,21,18,12.8,103.2,100600.0,2026-09-21 18:00:00,2026-09-21 18:00:00,1006.0
20260921,180000,72W,11,2026,9,21,18,12.5,101.8,100600.0,2026-09-21 18:00:00,2026-09-21 18:00:00,1006.0
20260921,180000,72W,11,2026,9,21,18,13.6,101.5,100500.0,2026-09-21 18:00:00,2026-09-21 18:00:00,1005.0
20260921,180000,72W,11,2026,9,21,18,13.200000000000001,100.8,100500.0,2026-09-21 18:00:00,2026-09-21 18:00:00,1005.0
20260921,180000,72W,11,2026,9,21,18,13.0,100.7,100500.0,2026-09-21 18:00:00,2026-09-21 18:00:00,1005.0
20260921,180000,72W,11,2026,9,21,18,13.6,100.9,100500.0,2026-09-21 18:00:00,2026-09-21 18:00:00,1005.0
20260921,180000,72W,11,2026,9,21,18,13.9,100.4,100500.0,2026-09-21 18:00:00,2026-09-21 18:00:00,1005.0
20260921,180000,72W,11,2026,9,21,18,13.9,97.7,100300.0,2026-09-21 18:00:00,2026-09-21 18:00:00,1003.0
20260921,180000,72W,11,2026,9,21,18,14.5,97.5,100400.0,2026-09-21 18:00:00,2026-09-21 18:00:00,1004.0
20260921,180000,72W,11,2026,9,21,18,14.200000000000001,96.7,100300.0,2026-09-21 18:00:00,2026-09-21 18:00:00,1003.0
20260921,180000,72W,11,2026,9,21,18,14.700000000000001,97.3,100100.0,2026-09-21 18:00:00,2026-09-21 18:00:00,1001.0
20260921,180000,72W,11,2026,9,21,18,15.0,96.10000000000001,100300.0,2026-09-21 18:00:00,2026-09-21 18:00:00,1003.0
20260921,180000,72W,11,2026,9,21,18,15.3,96.10000000000001,100000.0,2026-09-21 18:00:00,2026-09-21 18:00:00,1000.0
20260921,180000,72W,11,2026,9,21,18,15.3,95.9,99900.0,2026-09-21 18:00:00,2026-09-21 18:00:00,999.0
20260921,180000,72W,11,2026,9,21,18,16.1,95.60000000000001,100100.0,2026-09-21 18:00:00,2026-09-21 18:00:00,1001.0
20260921,180000,72W,11,2026,9,21,18,16.7,95.3,100300.0,2026-09-21 18:00:00,2026-09-21 18:00:00,1003.0
20260921,180000,72W,11,2026,9,21,18,16.7,95.3,100400.0,2026-09-21 18:00:00,2026-09-21 18:00:00,1004.0
20260921,180000,72W,11,2026,9,21,18,18.1,95.60000000000001,100500.0,2026-09-21 18:00:00,2026-09-21 18:00:00,1005.0
20260921,180000,72W,11,2026,9,21,18,18.7,93.9,100800.0,2026-09-21 18:00:00,2026-09-21 18:00:00,1008.0
20260921,180000,72W,12,2026,9,21,18,12.200000000000001,101.8,100900.0,2026-09-21 18:00:00,2026-09-21 18:00:00,1009.0
20260921,180000,72W,12,2026,9,21,18,11.4,101.8,100800.0,2026-09-21 18:00:00,2026-09-21 18:00:00,1008.0
20260921,180000,72W,12,2026,9,21,18,10.8,102.0,100800.0,2026-09-21 18:00:00,2026-09-21 18:00:00,1008.0
20260921,180000,72W,12,2026,9,21,18,12.5,103.7,100800.0,2026-09-21 18:00:00,2026-09-21 18:00:00,1008.0
20260921,180000,72W,12,2026,9,21,18,12.8,103.5,100700.0,2026-09-21 18:00:00,2026-09-21 18:00:00,1007.0
20260921,180000,72W,12,2026,9,21,18,14.200000000000001,100.9,100700.0,2026-09-21 18:00:00,2026-09-21 18:00:00,1007.0
20260921,180000,72W,12,2026,9,21,18,13.9,102.0,100800.0,2026-09-21 18:00:00,2026-09-21 18:00:00,1008.0
20260921,180000,72W,12,2026,9,21,18,14.5,100.9,100800.0,2026-09-21 18:00:00,2026-09-21 18:00:00,1008.0
20260921,180000,72W,12,2026,9,21,18,14.700000000000001,100.60000000000001,100700.0,2026-09-21 18:00:00,2026-09-21 18:00:00,1007.0
20260921,180000,72W,12,2026,9,21,18,14.6,100.2,100600.0,2026-09-21 18:00:00,2026-09-21 18:00:00,1006.0
20260921,180000,72W,12,2026,9,21,18,16.4,98.10000000000001,100800.0,2026-09-21 18:00:00,2026-09-21 18:00:00,1008.0
20260921,180000,72W,12,2026,9,21,18,17.0,97.3,100600.0,2026-09-21 18:00:00,2026-09-21 18:00:00,1006.0
20260921,180000,72W,12,2026,9,21,18,15.6,97.5,100400.0,2026-09-21 18:00:00,2026-09-21 18:00:00,1004.0
20260921,180000,72W,12,2026,9,21,18,16.2,97.2,100500.0,2026-09-21 18:00:00,2026-09-21 18:00:00,1005.0
20260921,180000,72W,12,2026,9,21,18,15.6,96.7,100300.0,2026-09-21 18:00:00,2026-09-21 18:00:00,1003.0
20260921,180000,72W,12,2026,9,21,18,16.4,96.10000000000001,100300.0,2026-09-21 18:00:00,2026-09-21 18:00:00,1003.0
20260921,180000,72W,12,2026,9,21,18,16.4,96.4,100300.0,2026-09-21 18:00:00,2026-09-21 18:00:00,1003.0
20260921,180000,72W,12,2026,9,21,18,17.3,95.3,100500.0,2026-09-21 18:00:00,2026-09-21 18:00:00,1005.0
20260921,180000,72W,12,2026,9,21,18,19.5,91.9,100500.0,2026-09-21 18:00:00,2026-09-21 18:00:00,1005.0
20260921,180000,72W,12,2026,9,21,18,19.5,91.10000000000001,100600.0,2026-09-21 18:00:00,2026-09-21 18:00:00,1006.0
20260921,180000,72W,12,2026,9,21,18,20.400000000000002,90.8,100800.0,2026-09-21 18:00:00,2026-09-21 18:00:00,1008.0
20260921,180000,72W,12,2026,9,21,18,20.900000000000002,90.2,100800.0,2026-09-21 18:00:00,2026-09-21 18:00:00,1008.0
20260921,180000,72W,12,2026,9,21,18,22.3,89.7,101000.0,2026-09-21 18:00:00,2026-09-21 18:00:00,1010.0
20260921,180000,72W,13,2026,9,21,18,38.7,147.0,98600.0,2026-09-21 18:00:00,2026-09-21 18:00:00,986.0
20260921,180000,72W,13,2026,9,21,18,39.5,150.4,98400.0,2026-09-21 18:00:00,2026-09-21 18:00:00,984.0
20260921,180000,72W,13,2026,9,21,18,40.1,153.3,99000.0,2026-09-21 18:00:00,2026-09-21 18:00:00,990.0
20260921,180000,72W,13,2026,9,21,18,41.4,157.5,99000.0,2026-09-21 18:00:00,2026-09-21 18:00:00,990.0
20260921,180000,72W,13,2026,9,21,18,42.1,161.4,99200.0,2026-09-21 18:00:00,2026-09-21 18:00:00,992.0
20260921,180000,72W,14,2026,9,21,18,38.4,147.0,98100.0,2026-09-21 18:00:00,2026-09-21 18:00:00,981.0
20260921,180000,72W,14,2026,9,21,18,39.2,149.9,98100.0,2026-09-21 18:00:00,2026-09-21 18:00:00,981.0
20260921,180000,72W,14,2026,9,21,18,40.7,153.20000000000002,98900.0,2026-09-21 18:00:00,2026-09-21 18:00:00,989.0
20260921,180000,72W,14,2026,9,21,18,41.2,156.9,98900.0,2026-09-21 18:00:00,2026-09-21 18:00:00,989.0
20260921,180000,72W,14,2026,9,21,18,42.1,160.8,99000.0,2026-09-21 18:00:00,2026-09-21 18:00:00,990.0
20260921,180000,72W,15,2026,9,21,18,38.4,147.3,98100.0,2026-09-21 18:00:00,2026-09-21 18:00:00,981.0
20260921,180000,72W,15,2026,9,21,18,39.2,150.1,98200.0,2026-09-21 18:00:00,2026-09-21 18:00:00,982.0
20260921,180000,72W,15,2026,9,21,18,39.800000000000004,153.8,99100.0,2026-09-21 18:00:00,2026-09-21 18:00:00,991.0
20260921,180000,72W,15,2026,9,21,18,41.1,156.9,99100.0,2026-09-21 18:00:00,2026-09-21 18:00:00,991.0
20260921,180000,72W,15,2026,9,21,18,42.9,161.9,99100.0,2026-09-21 18:00:00,2026-09-21 18:00:00,991.0
20260921,180000,72W,16,2026,9,21,18,38.5,147.20000000000002,98000.0,2026-09-21 18:00:00,2026-09-21 18:00:00,980.0
20260921,180000,72W,16,2026,9,21,18,39.2,150.1,98200.0,2026-09-21 18:00:00,2026-09-21 18:00:00,982.0
20260921,180000,72W,16,2026,9,21,18,40.1,153.20000000000002,98800.0,2026-09-21 18:00:00,2026-09-21 18:00:00,988.0
20260921,180000,72W,16,2026,9,21,18,41.2,157.70000000000002,98800.0,2026-09-21 18:00:00,2026-09-21 18:00:00,988.0
20260921,180000,72W,16,2026,9,21,18,42.9,162.0,98800.0,2026-09-21 18:00:00,2026-09-21 18:00:00,988.0
20260921,180000,72W,17,2026,9,21,18,15.0,166.5,100700.0,2026-09-21 18:00:00,2026-09-21 18:00:00,1007.0
20260921,180000,72W,17,2026,9,21,18,14.700000000000001,165.6,100600.0,2026-09-21 18:00:00,2026-09-21 18:00:00,1006.0
20260921,180000,72W,17,2026,9,21,18,13.6,165.0,100800.0,2026-09-21 18:00:00,2026-09-21 18:00:00,1008.0
20260921,180000,72W,17,2026,9,21,18,13.0,163.6,100500.0,2026-09-21 18:00:00,2026-09-21 18:00:00,1005.0
20260921,180000,72W,17,2026,9,21,18,13.3,164.20000000000002,100600.0,2026-09-21 18:00:00,2026-09-21 18:00:00,1006.0
20260921,180000,72W,17,2026,9,21,18,14.5,165.6,100800.0,2026-09-21 18:00:00,2026-09-21 18:00:00,1008.0
20260921,180000,72W,17,2026,9,21,18,15.0,165.0,100700.0,2026-09-21 18:00:00,2026-09-21 18:00:00,1007.0
20260921,180000,72W,17,2026,9,21,18,15.3,165.0,100900.0,2026-09-21 18:00:00,2026-09-21 18:00:00,1009.0
20260921,180000,72W,17,2026,9,21,18,16.1,165.6,100700.0,2026-09-21 18:00:00,2026-09-21 18:00:00,1007.0
20260921,180000,72W,17,2026,9,21,18,16.7,165.6,100900.0,2026-09-21 18:00:00,2026-09-21 18:00:00,1009.0
20260921,180000,72W,17,2026,9,21,18,17.0,165.6,101000.0,2026-09-21 18:00:00,2026-09-21 18:00:00,1010.0
20260921,180000,72W,17,2026,9,21,18,17.8,165.3,101100.0,2026-09-21 18:00:00,2026-09-21 18:00:00,1011.0
20260921,180000,72W,17,2026,9,21,18,17.8,165.3,101000.0,2026-09-21 18:00:00,2026-09-21 18:00:00,1010.0
20260921,180000,72W,17,2026,9,21,18,18.1,164.5,101100.0,2026-09-21 18:00:00,2026-09-21 18:00:00,1011.0
20260921,180000,72W,17,2026,9,21,18,18.2,163.1,100900.0,2026-09-21 18:00:00,2026-09-21 18:00:00,1009.0
20260921,180000,72W,17,2026,9,21,18,17.6,162.8,101000.0,2026-09-21 18:00:00,2026-09-21 18:00:00,1010.0
20260921,180000,72W,17,2026,9,21,18,17.8,162.5,100600.0,2026-09-21 18:00:00,2026-09-21 18:00:00,1006.0
20260921,180000,72W,17,2026,9,21,18,18.1,160.8,100800.0,2026-09-21 18:00:00,2026-09-21 18:00:00,1008.0
20260921,180000,72W,17,2026,9,21,18,17.6,159.70000000000002,100600.0,2026-09-21 18:00:00,2026-09-21 18:00:00,1006.0
20260921,180000,72W,17,2026,9,21,18,17.6,158.3,100500.0,2026-09-21 18:00:00,2026-09-21 18:00:00,1005.0
20260921,180000,72W,17,2026,9,21,18,18.1,157.5,100400.0,2026-09-21 18:00:00,2026-09-21 18:00:00,1004.0
20260921,180000,72W,17,2026,9,21,18,17.8,156.0,100000.0,2026-09-21 18:00:00,2026-09-21 18:00:00,1000.0
20260921,180000,72W,17,2026,9,21,18,18.1,154.9,99600.0,2026-09-21 18:00:00,2026-09-21 18:00:00,996.0
20260921,180000,72W,17,2026,9,21,18,18.1,153.8,99700.0,2026-09-21 18:00:00,2026-09-21 18:00:00,997.0
20260921,180000,72W,17,2026,9,21,18,18.7,153.0,99400.0,2026-09-21 18:00:00,2026-09-21 18:00:00,994.0
20260921,180000,72W,17,2026,9,21,18,18.7,152.1,99200.0,2026-09-21 18:00:00,2026-09-21 18:00:00,992.0
20260921,180000,72W,17,2026,9,21,18,18.7,151.5,98700.0,2026-09-21 18:00:00,2026-09-21 18:00:00,987.0
20260921,180000,72W,17,2026,9,21,18,18.1,150.70000000000002,98300.0,2026-09-21 18:00:00,2026-09-21 18:00:00,983.0
20260921,180000,72W,17,2026,9,21,18,17.8,149.9,97900.0,2026-09-21 18:00:00,2026-09-21 18:00:00,979.0
20260921,180000,72W,17,2026,9,21,18,17.8,149.3,97400.0,2026-09-21 18:00:00,2026-09-21 18:00:00,974.0
20260921,180000,72W,17,2026,9,21,18,17.8,148.5,97400.0,2026-09-21 18:00:00,2026-09-21 18:00:00,974.0
20260921,180000,72W,17,2026,9,21,18,17.8,148.20000000000002,97400.0,2026-09-21 18:00:00,2026-09-21 18:00:00,974.0
20260921,180000,72W,17,2026,9,21,18,17.8,147.9,97100.0,2026-09-21 18:00:00,2026-09-21 18:00:00,971.0
20260921,180000,72W,17,2026,9,21,18,17.8,147.0,97000.0,2026-09-21 18:00:00,2026-09-21 18:00:00,970.0
20260921,180000,72W,17,2026,9,21,18,17.8,146.5,97000.0,2026-09-21 18:00:00,2026-09-21 18:00:00,970.0
20260921,180000,72W,17,2026,9,21,18,18.400000000000002,145.9,97100.0,2026-09-21 18:00:00,2026-09-21 18:00:00,971.0
20260921,180000,72W,17,2026,9,21,18,18.7,145.1,97000.0,2026-09-21 18:00:00,2026-09-21 18:00:00,970.0
20260921,180000,72W,17,2026,9,21,18,18.400000000000002,144.5,97000.0,2026-09-21 18:00:00,2026-09-21 18:00:00,970.0
20260921,180000,72W,17,2026,9,21,18,19.0,143.4,96600.0,2026-09-21 18:00:00,2026-09-21 18:00:00,966.0
20260921,180000,72W,17,2026,9,21,18,18.400000000000002,142.5,96200.0,2026-09-21 18:00:00,2026-09-21 18:00:00,962.0
20260921,180000,72W,17,2026,9,21,18,18.400000000000002,141.70000000000002,96100.0,2026-09-21 18:00:00,2026-09-21 18:00:00,961.0
20260921,180000,72W,17,2026,9,21,18,18.1,140.9,95900.0,2026-09-21 18:00:00,2026-09-21 18:00:00,959.0
20260921,180000,72W,17,2026,9,21,18,18.1,140.3,95500.0,2026-09-21 18:00:00,2026-09-21 18:00:00,955.0
20260921,180000,72W,17,2026,9,21,18,18.400000000000002,139.20000000000002,95300.0,2026-09-21 18:00:00,2026-09-21 18:00:00,953.0
20260921,180000,72W,17,2026,9,21,18,18.5,138.0,95400.0,2026-09-21 18:00:00,2026-09-21 18:00:00,954.0
20260921,180000,72W,17,2026,9,21,18,18.7,136.9,95500.0,2026-09-21 18:00:00,2026-09-21 18:00:00,955.0
20260921,180000,72W,17,2026,9,21,18,18.7,135.5,95700.0,2026-09-21 18:00:00,2026-09-21 18:00:00,957.0
20260921,180000,72W,17,2026,9,21,18,19.2,134.1,95400.0,2026-09-21 18:00:00,2026-09-21 18:00:00,954.0
20260921,180000,72W,17,2026,9,21,18,19.5,133.0,95700.0,2026-09-21 18:00:00,2026-09-21 18:00:00,957.0
20260921,180000,72W,17,2026,9,21,18,19.8,131.3,95400.0,2026-09-21 18:00:00,2026-09-21 18:00:00,954.0
20260921,180000,72W,17,2026,9,21,18,20.1,129.3,96200.0,2026-09-21 18:00:00,2026-09-21 18:00:00,962.0
20260921,180000,72W,17,2026,9,21,18,20.400000000000002,128.2,96300.0,2026-09-21 18:00:00,2026-09-21 18:00:00,963.0
20260921,180000,72W,17,2026,9,21,18,21.2,126.5,96300.0,2026-09-21 18:00:00,2026-09-21 18:00:00,963.0
20260921,180000,72W,18,2026,9,21,18,10.0,107.7,100900.0,2026-09-21 18:00:00,2026-09-21 18:00:00,1009.0
20260921,180000,72W,18,2026,9,21,18,10.0,107.4,100800.0,2026-09-21 18:00:00,2026-09-21 18:00:00,1008.0
20260921,180000,72W,18,2026,9,21,18,10.0,106.0,100900.0,2026-09-21 18:00:00,2026-09-21 18:00:00,1009.0
20260921,180000,72W,18,2026,9,21,18,11.4,105.10000000000001,100800.0,2026-09-21 18:00:00,2026-09-21 18:00:00,1008.0
20260921,180000,72W,18,2026,9,21,18,11.4,105.10000000000001,100700.0,2026-09-21 18:00:00,2026-09-21 18:00:00,1007.0
20260921,180000,72W,18,2026,9,21,18,11.6,104.9,100800.0,2026-09-21 18:00:00,2026-09-21 18:00:00,1008.0
20260921,180000,72W,18,2026,9,21,18,13.0,104.9,100700.0,2026-09-21 18:00:00,2026-09-21 18:00:00,1007.0
20260921,180000,72W,18,2026,9,21,18,13.200000000000001,103.60000000000001,100600.0,2026-09-21 18:00:00,2026-09-21 18:00:00,1006.0
20260921,180000,72W,18,2026,9,21,18,13.200000000000001,103.60000000000001,100700.0,2026-09-21 18:00:00,2026-09-21 18:00:00,1007.0
20260921,180000,72W,18,2026,9,21,18,13.3,103.2,100700.0,2026-09-21 18:00:00,2026-09-21 18:00:00,1007.0
20260921,180000,72W,18,2026,9,21,18,13.9,102.0,100700.0,2026-09-21 18:00:00,2026-09-21 18:00:00,1007.0
20260921,180000,72W,18,2026,9,21,18,14.200000000000001,101.2,100600.0,2026-09-21 18:00:00,2026-09-21 18:00:00,1006.0
20260921,180000,72W,18,2026,9,21,18,14.5,100.9,100600.0,2026-09-21 18:00:00,2026-09-21 18:00:00,1006.0
20260921,180000,72W,18,2026,9,21,18,15.1,100.8,100700.0,2026-09-21 18:00:00,2026-09-21 18:00:00,1007.0
20260921,180000,72W,18,2026,9,21,18,15.0,100.60000000000001,100600.0,2026-09-21 18:00:00,2026-09-21 18:00:00,1006.0
20260921,180000,72W,18,2026,9,21,18,15.9,100.4,100500.0,2026-09-21 18:00:00,2026-09-21 18:00:00,1005.0
20260921,180000,72W,18,2026,9,21,18,16.1,100.4,100600.0,2026-09-21 18:00:00,2026-09-21 18:00:00,1006.0
20260921,180000,72W,18,2026,9,21,18,15.3,99.8,100600.0,2026-09-21 18:00:00,2026-09-21 18:00:00,1006.0
20260921,180000,72W,18,2026,9,21,18,15.3,99.8,100600.0,2026-09-21 18:00:00,2026-09-21 18:00:00,1006.0
20260921,180000,72W,19,2026,9,21,18,11.6,105.4,100700.0,2026-09-21 18:00:00,2026-09-21 18:00:00,1007.0
20260921,180000,72W,19,2026,9,21,18,11.8,104.8,100800.0,2026-09-21 18:00:00,2026-09-21 18:00:00,1008.0
20260921,180000,72W,19,2026,9,21,18,13.200000000000001,103.5,100800.0,2026-09-21 18:00:00,2026-09-21 18:00:00,1008.0
20260921,180000,72W,19,2026,9,21,18,14.200000000000001,101.2,100800.0,2026-09-21 18:00:00,2026-09-21 18:00:00,1008.0
20260921,180000,72W,19,2026,9,21,18,14.200000000000001,101.2,100700.0,2026-09-21 18:00:00,2026-09-21 18:00:00,1007.0
20260921,180000,72W,19,2026,9,21,18,13.3,99.8,100600.0,2026-09-21 18:00:00,2026-09-21 18:00:00,1006.0
20260921,180000,72W,19,2026,9,21,18,13.3,100.60000000000001,100600.0,2026-09-21 18:00:00,2026-09-21 18:00:00,1006.0
20260921,180000,72W,19,2026,9,21,18,13.0,100.4,100700.0,2026-09-21 18:00:00,2026-09-21 18:00:00,1007.0
20260921,180000,72W,19,2026,9,21,18,12.5,100.60000000000001,100600.0,2026-09-21 18:00:00,2026-09-21 18:00:00,1006.0
20260921,180000,72W,19,2026,9,21,18,13.9,97.8,100400.0,2026-09-21 18:00:00,2026-09-21 18:00:00,1004.0
20260921,180000,72W,19,2026,9,21,18,14.5,97.8,100300.0,2026-09-21 18:00:00,2026-09-21 18:00:00,1003.0
20260921,180000,72W,19,2026,9,21,18,15.0,97.3,100100.0,2026-09-21 18:00:00,2026-09-21 18:00:00,1001.0
20260921,180000,72W,19,2026,9,21,18,14.700000000000001,96.10000000000001,100000.0,2026-09-21 18:00:00,2026-09-21 18:00:00,1000.0
20260921,180000,72W,19,2026,9,21,18,15.6,95.3,100100.0,2026-09-21 18:00:00,2026-09-21 18:00:00,1001.0
20260921,180000,72W,19,2026,9,21,18,16.1,95.0,100200.0,2026-09-21 18:00:00,2026-09-21 18:00:00,1002.0
20260921,180000,72W,19,2026,9,21,18,16.7,93.9,99800.0,2026-09-21 18:00:00,2026-09-21 18:00:00,998.0
20260921,180000,72W,19,2026,9,21,18,17.3,93.60000000000001,99800.0,2026-09-21 18:00:00,2026-09-21 18:00:00,998.0
20260921,180000,72W,19,2026,9,21,18,18.400000000000002,92.5,99900.0,2026-09-21 18:00:00,2026-09-21 18:00:00,999.0
20260921,180000,72W,19,2026,9,21,18,18.7,92.2,100100.0,2026-09-21 18:00:00,2026-09-21 18:00:00,1001.0
20260921,180000,72W,19,2026,9,21,18,19.5,91.60000000000001,100000.0,2026-09-21 18:00:00,2026-09-21 18:00:00,1000.0
20260921,180000,72W,19,2026,9,21,18,20.7,90.8,99800.0,2026-09-21 18:00:00,2026-09-21 18:00:00,998.0
20260921,180000,72W,19,2026,9,21,18,20.900000000000002,90.5,99500.0,2026-09-21 18:00:00,2026-09-21 18:00:00,995.0
20260921,180000,72W,19,2026,9,21,18,21.8,89.7,99400.0,2026-09-21 18:00:00,2026-09-21 18:00:00,994.0
20260921,180000,72W,19,2026,9,21,18,22.6,89.4,99500.0,2026-09-21 18:00:00,2026-09-21 18:00:00,995.0
20260921,180000,72W,19,2026,9,21,18,23.5,89.10000000000001,99400.0,2026-09-21 18:00:00,2026-09-21 18:00:00,994.0
20260921,180000,72W,19,2026,9,21,18,24.0,89.10000000000001,99600.0,2026-09-21 18:00:00,2026-09-21 18:00:00,996.0
20260921,180000,72W,19,2026,9,21,18,24.900000000000002,88.8,99900.0,2026-09-21 18:00:00,2026-09-21 18:00:00,999.0
20260921,180000,72W,19,2026,9,21,18,25.400000000000002,89.10000000000001,99900.0,2026-09-21 18:00:00,2026-09-21 18:00:00,999.0
20260921,180000,72W,19,2026,9,21,18,26.3,89.7,100600.0,2026-09-21 18:00:00,2026-09-21 18:00:00,1006.0
20260921,180000,72W,19,2026,9,21,18,27.400000000000002,94.2,100800.0,2026-09-21 18:00:00,2026-09-21 18:00:00,1008.0
20260921,180000,72W,20,2026,9,21,18,38.1,146.8,98200.0,2026-09-21 18:00:00,2026-09-21 18:00:00,982.0
20260921,180000,72W,20,2026,9,21,18,39.5,150.1,98500.0,2026-09-21 18:00:00,2026-09-21 18:00:00,985.0
20260921,180000,72W,20,2026,9,21,18,40.1,153.5,98800.0,2026-09-21 18:00:00,2026-09-21 18:00:00,988.0
20260921,180000,72W,20,2026,9,21,18,41.800000000000004,157.5,98900.0,2026-09-21 18:00:00,2026-09-21 18:00:00,989.0
20260921,180000,72W,21,2026,9,21,18,9.1,108.0,100900.0,2026-09-21 18:00:00,2026-09-21 18:00:00,1009.0
20260921,180000,72W,21,2026,9,21,18,10.5,107.7,100800.0,2026-09-21 18:00:00,2026-09-21 18:00:00,1008.0
20260921,180000,72W,21,2026,9,21,18,10.200000000000001,107.9,100800.0,2026-09-21 18:00:00,2026-09-21 18:00:00,1008.0
20260921,180000,72W,21,2026,9,21,18,9.9,108.0,100800.0,2026-09-21 18:00:00,2026-09-21 18:00:00,1008.0
20260921,180000,72W,21,2026,9,21,18,12.8,106.5,100800.0,2026-09-21 18:00:00,2026-09-21 18:00:00,1008.0
20260921,180000,72W,21,2026,9,21,18,11.9,104.9,100800.0,2026-09-21 18:00:00,2026-09-21 18:00:00,1008.0
20260921,180000,72W,21,2026,9,21,18,11.6,104.9,100800.0,2026-09-21 18:00:00,2026-09-21 18:00:00,1008.0
20260921,180000,72W,21,2026,9,21,18,12.8,104.3,100700.0,2026-09-21 18:00:00,2026-09-21 18:00:00,1007.0
20260921,180000,72W,21,2026,9,21,18,11.6,102.3,100700.0,2026-09-21 18:00:00,2026-09-21 18:00:00,1007.0
20260921,180000,72W,21,2026,9,21,18,11.9,102.60000000000001,100800.0,2026-09-21 18:00:00,2026-09-21 18:00:00,1008.0
20260921,180000,72W,21,2026,9,21,18,13.200000000000001,103.5,100800.0,2026-09-21 18:00:00,2026-09-21 18:00:00,1008.0
20260921,180000,72W,21,2026,9,21,18,13.9,101.2,100700.0,2026-09-21 18:00:00,2026-09-21 18:00:00,1007.0
20260921,180000,72W,21,2026,9,21,18,12.5,101.2,100700.0,2026-09-21 18:00:00,2026-09-21 18:00:00,1007.0
20260921,180000,72W,21,2026,9,21,18,14.200000000000001,100.4,100500.0,2026-09-21 18:00:00,2026-09-21 18:00:00,1005.0
20260921,180000,72W,21,2026,9,21,18,12.8,100.60000000000001,100500.0,2026-09-21 18:00:00,2026-09-21 18:00:00,1005.0
20260921,180000,72W,21,2026,9,21,18,12.5,100.9,100300.0,2026-09-21 18:00:00,2026-09-21 18:00:00,1003.0
20260921,180000,72W,21,2026,9,21,18,12.200000000000001,101.2,100300.0,2026-09-21 18:00:00,2026-09-21 18:00:00,1003.0
20260921,180000,72W,21,2026,9,21,18,12.5,100.9,100300.0,2026-09-21 18:00:00,2026-09-21 18:00:00,1003.0
20260921,180000,72W,21,2026,9,21,18,13.3,100.4,100200.0,2026-09-21 18:00:00,2026-09-21 18:00:00,1002.0
20260921,180000,72W,21,2026,9,21,18,13.3,99.8,100500.0,2026-09-21 18:00:00,2026-09-21 18:00:00,1005.0
20260921,180000,72W,21,2026,9,21,18,13.3,98.4,100400.0,2026-09-21 18:00:00,2026-09-21 18:00:00,1004.0
20260921,180000,72W,21,2026,9,21,18,13.3,98.10000000000001,100400.0,2026-09-21 18:00:00,2026-09-21 18:00:00,1004.0
20260921,180000,72W,21,2026,9,21,18,14.200000000000001,97.3,100400.0,2026-09-21 18:00:00,2026-09-21 18:00:00,1004.0
20260921,180000,72W,21,2026,9,21,18,15.0,96.10000000000001,100600.0,2026-09-21 18:00:00,2026-09-21 18:00:00,1006.0
20260921,180000,72W,21,2026,9,21,18,15.9,95.0,100400.0,2026-09-21 18:00:00,2026-09-21 18:00:00,1004.0
20260921,180000,72W,21,2026,9,21,18,16.1,93.9,100300.0,2026-09-21 18:00:00,2026-09-21 18:00:00,1003.0
20260921,180000,72W,21,2026,9,21,18,16.7,93.3,100200.0,2026-09-21 18:00:00,2026-09-21 18:00:00,1002.0
20260921,180000,72W,21,2026,9,21,18,18.400000000000002,91.9,100100.0,2026-09-21 18:00:00,2026-09-21 18:00:00,1001.0
20260921,180000,72W,21,2026,9,21,18,18.7,90.0,100000.0,2026-09-21 18:00:00,2026-09-21 18:00:00,1000.0
20260921,180000,72W,21,2026,9,21,18,19.0,88.8,100000.0,2026-09-21 18:00:00,2026-09-21 18:00:00,1000.0
20260921,180000,72W,22,2026,9,21,18,11.1,108.8,100800.0,2026-09-21 18:00:00,2026-09-21 18:00:00,1008.0
20260921,180000,72W,22,2026,9,21,18,10.8,108.8,100800.0,2026-09-21 18:00:00,2026-09-21 18:00:00,1008.0
20260921,180000,72W,22,2026,9,21,18,10.8,106.5,100900.0,2026-09-21 18:00:00,2026-09-21 18:00:00,1009.0
20260921,180000,72W,22,2026,9,21,18,12.8,103.7,100800.0,2026-09-21 18:00:00,2026-09-21 18:00:00,1008.0
20260921,180000,72W,22,2026,9,21,18,11.4,102.60000000000001,100800.0,2026-09-21 18:00:00,2026-09-21 18:00:00,1008.0
20260921,180000,72W,22,2026,9,21,18,13.6,103.5,100700.0,2026-09-21 18:00:00,2026-09-21 18:00:00,1007.0
20260921,180000,72W,22,2026,9,21,18,13.4,103.7,100800.0,2026-09-21 18:00:00,2026-09-21 18:00:00,1008.0
20260921,180000,72W,22,2026,9,21,18,14.200000000000001,103.2,100800.0,2026-09-21 18:00:00,2026-09-21 18:00:00,1008.0
20260921,180000,72W,22,2026,9,21,18,15.0,102.3,100800.0,2026-09-21 18:00:00,2026-09-21 18:00:00,1008.0
20260921,180000,72W,22,2026,9,21,18,14.200000000000001,101.2,100800.0,2026-09-21 18:00:00,2026-09-21 18:00:00,1008.0
20260921,180000,72W,22,2026,9,21,18,14.200000000000001,101.2,100800.0,2026-09-21 18:00:00,2026-09-21 18:00:00,1008.0
20260921,180000,72W,22,2026,9,21,18,14.200000000000001,101.2,100800.0,2026-09-21 18:00:00,2026-09-21 18:00:00,1008.0
20260921,180000,72W,22,2026,9,21,18,14.5,102.9,100700.0,2026-09-21 18:00:00,2026-09-21 18:00:00,1007.0
20260921,180000,72W,22,2026,9,21,18,14.5,102.9,100600.0,2026-09-21 18:00:00,2026-09-21 18:00:00,1006.0
20260921,180000,72W,22,2026,9,21,18,13.9,101.5,100600.0,2026-09-21 18:00:00,2026-09-21 18:00:00,1006.0
20260921,180000,72W,22,2026,9,21,18,12.5,101.5,100700.0,2026-09-21 18:00:00,2026-09-21 18:00:00,1007.0
20260921,180000,72W,22,2026,9,21,18,13.6,100.60000000000001,100800.0,2026-09-21 18:00:00,2026-09-21 18:00:00,1008.0
20260921,180000,72W,23,2026,9,21,18,38.4,147.0,97800.0,2026-09-21 18:00:00,2026-09-21 18:00:00,978.0
20260921,180000,72W,23,2026,9,21,18,39.0,149.9,98000.0,2026-09-21 18:00:00,2026-09-21 18:00:00,980.0
20260921,180000,72W,23,2026,9,21,18,39.800000000000004,153.20000000000002,98600.0,2026-09-21 18:00:00,2026-09-21 18:00:00,986.0
20260921,180000,72W,23,2026,9,21,18,40.7,156.6,98900.0,2026-09-21 18:00:00,2026-09-21 18:00:00,989.0
20260921,180000,72W,23,2026,9,21,18,41.5,160.8,99000.0,2026-09-21 18:00:00,2026-09-21 18:00:00,990.0
20260921,180000,72W,24,2026,9,21,18,12.8,172.6,100900.0,2026-09-21 18:00:00,2026-09-21 18:00:00,1009.0
20260921,180000,72W,24,2026,9,21,18,13.9,171.0,100800.0,2026-09-21 18:00:00,2026-09-21 18:00:00,1008.0
20260921,180000,72W,24,2026,9,21,18,14.5,169.0,100600.0,2026-09-21 18:00:00,2026-09-21 18:00:00,1006.0
20260921,180000,72W,24,2026,9,21,18,14.5,169.3,100700.0,2026-09-21 18:00:00,2026-09-21 18:00:00,1007.0
20260921,180000,72W,24,2026,9,21,18,15.5,169.6,100800.0,2026-09-21 18:00:00,2026-09-21 18:00:00,1008.0
20260921,180000,72W,24,2026,9,21,18,19.8,172.1,101000.0,2026-09-21 18:00:00,2026-09-21 18:00:00,1010.0
20260921,180000,72W,25,2026,9,21,18,9.700000000000001,108.0,100900.0,2026-09-21 18:00:00,2026-09-21 18:00:00,1009.0
20260921,180000,72W,25,2026,9,21,18,11.1,106.0,100700.0,2026-09-21 18:00:00,2026-09-21 18:00:00,1007.0
20260921,180000,72W,25,2026,9,21,18,10.200000000000001,104.3,100800.0,2026-09-21 18:00:00,2026-09-21 18:00:00,1008.0
20260921,180000,72W,25,2026,9,21,18,11.1,105.7,100800.0,2026-09-21 18:00:00,2026-09-21 18:00:00,1008.0
20260921,180000,72W,25,2026,9,21,18,13.200000000000001,103.8,100700.0,2026-09-21 18:00:00,2026-09-21 18:00:00,1007.0
20260921,180000,72W,25,2026,9,21,18,13.3,103.8,100800.0,2026-09-21 18:00:00,2026-09-21 18:00:00,1008.0
20260921,180000,72W,25,2026,9,21,18,14.200000000000001,103.5,100800.0,2026-09-21 18:00:00,2026-09-21 18:00:00,1008.0
20260921,180000,72W,25,2026,9,21,18,13.9,101.5,100700.0,2026-09-21 18:00:00,2026-09-21 18:00:00,1007.0
20260921,180000,72W,25,2026,9,21,18,15.4,100.3,100600.0,2026-09-21 18:00:00,2026-09-21 18:00:00,1006.0
20260921,180000,72W,25,2026,9,21,18,15.3,102.0,100700.0,2026-09-21 18:00:00,2026-09-21 18:00:00,1007.0
20260921,180000,72W,25,2026,9,21,18,14.700000000000001,100.4,100700.0,2026-09-21 18:00:00,2026-09-21 18:00:00,1007.0
20260921,180000,72W,25,2026,9,21,18,15.3,101.2,100600.0,2026-09-21 18:00:00,2026-09-21 18:00:00,1006.0
20260921,180000,72W,25,2026,9,21,18,15.3,101.2,100600.0,2026-09-21 18:00:00,2026-09-21 18:00:00,1006.0
20260921,180000,72W,25,2026,9,21,18,15.6,101.2,100600.0,2026-09-21 18:00:00,2026-09-21 18:00:00,1006.0
20260921,180000,72W,25,2026,9,21,18,15.3,101.2,100400.0,2026-09-21 18:00:00,2026-09-21 18:00:00,1004.0
20260921,180000,72W,25,2026,9,21,18,16.0,100.4,100400.0,2026-09-21 18:00:00,2026-09-21 18:00:00,1004.0
20260921,180000,72W,25,2026,9,21,18,16.7,101.2,100600.0,2026-09-21 18:00:00,2026-09-21 18:00:00,1006.0
20260921,180000,72W,25,2026,9,21,18,16.7,100.10000000000001,100600.0,2026-09-21 18:00:00,2026-09-21 18:00:00,1006.0
20260921,180000,72W,25,2026,9,21,18,16.2,97.4,100700.0,2026-09-21 18:00:00,2026-09-21 18:00:00,1007.0
20260921,180000,72W,25,2026,9,21,18,15.0,97.0,100800.0,2026-09-21 18:00:00,2026-09-21 18:00:00,1008.0
20260921,180000,72W,25,2026,9,21,18,17.6,96.7,100600.0,2026-09-21 18:00:00,2026-09-21 18:00:00,1006.0
20260921,180000,72W,25,2026,9,21,18,15.9,96.4,100600.0,2026-09-21 18:00:00,2026-09-21 18:00:00,1006.0
20260921,180000,72W,25,2026,9,21,18,17.0,96.4,100800.0,2026-09-21 18:00:00,2026-09-21 18:00:00,1008.0
20260921,180000,72W,25,2026,9,21,18,18.400000000000002,95.60000000000001,100600.0,2026-09-21 18:00:00,2026-09-21 18:00:00,1006.0
20260921,180000,72W,25,2026,9,21,18,20.900000000000002,94.5,101000.0,2026-09-21 18:00:00,2026-09-21 18:00:00,1010.0
20260921,180000,72W,25,2026,9,21,18,22.1,95.0,101000.0,2026-09-21 18:00:00,2026-09-21 18:00:00,1010.0
20260921,180000,72W,26,2026,9,21,18,38.1,147.0,97900.0,2026-09-21 18:00:00,2026-09-21 18:00:00,979.0
20260921,180000,72W,26,2026,9,21,18,39.0,149.3,98300.0,2026-09-21 18:00:00,2026-09-21 18:00:00,983.0
20260921,180000,72W,26,2026,9,21,18,39.4,152.6,99000.0,2026-09-21 18:00:00,2026-09-21 18:00:00,990.0
20260921,180000,72W,26,2026,9,21,18,40.2,155.4,99300.0,2026-09-21 18:00:00,2026-09-21 18:00:00,993.0
20260921,180000,72W,27,2026,9,21,18,11.1,106.8,100700.0,2026-09-21 18:00:00,2026-09-21 18:00:00,1007.0
20260921,180000,72W,27,2026,9,21,18,11.1,103.7,100800.0,2026-09-21 18:00:00,2026-09-21 18:00:00,1008.0
20260921,180000,72W,27,2026,9,21,18,10.8,105.10000000000001,100800.0,2026-09-21 18:00:00,2026-09-21 18:00:00,1008.0
20260921,180000,72W,27,2026,9,21,18,11.6,105.0,100800.0,2026-09-21 18:00:00,2026-09-21 18:00:00,1008.0
20260921,180000,72W,27,2026,9,21,18,12.5,104.60000000000001,100800.0,2026-09-21 18:00:00,2026-09-21 18:00:00,1008.0
20260921,180000,72W,27,2026,9,21,18,12.8,103.7,100700.0,2026-09-21 18:00:00,2026-09-21 18:00:00,1007.0
20260921,180000,72W,27,2026,9,21,18,13.1,103.60000000000001,100700.0,2026-09-21 18:00:00,2026-09-21 18:00:00,1007.0
20260921,180000,72W,27,2026,9,21,18,13.1,103.60000000000001,100800.0,2026-09-21 18:00:00,2026-09-21 18:00:00,1008.0
20260921,180000,72W,27,2026,9,21,18,11.9,102.60000000000001,100800.0,2026-09-21 18:00:00,2026-09-21 18:00:00,1008.0
20260921,180000,72W,27,2026,9,21,18,13.3,103.8,100600.0,2026-09-21 18:00:00,2026-09-21 18:00:00,1006.0
20260921,180000,72W,27,2026,9,21,18,13.9,102.0,100600.0,2026-09-21 18:00:00,2026-09-21 18:00:00,1006.0
20260921,180000,72W,27,2026,9,21,18,13.9,102.9,100700.0,2026-09-21 18:00:00,2026-09-21 18:00:00,1007.0
20260921,180000,72W,27,2026,9,21,18,14.200000000000001,101.2,100700.0,2026-09-21 18:00:00,2026-09-21 18:00:00,1007.0
20260921,180000,72W,27,2026,9,21,18,14.700000000000001,100.60000000000001,100600.0,2026-09-21 18:00:00,2026-09-21 18:00:00,1006.0
20260921,180000,72W,27,2026,9,21,18,14.200000000000001,100.4,100600.0,2026-09-21 18:00:00,2026-09-21 18:00:00,1006.0
20260921,180000,72W,27,2026,9,21,18,14.700000000000001,97.3,100500.0,2026-09-21 18:00:00,2026-09-21 18:00:00,1005.0
20260921,180000,72W,27,2026,9,21,18,13.6,98.10000000000001,100500.0,2026-09-21 18:00:00,2026-09-21 18:00:00,1005.0
20260921,180000,72W,27,2026,9,21,18,15.6,97.5,100500.0,2026-09-21 18:00:00,2026-09-21 18:00:00,1005.0
20260921,180000,72W,27,2026,9,21,18,14.5,98.7,100600.0,2026-09-21 18:00:00,2026-09-21 18:00:00,1006.0
20260921,180000,72W,27,2026,9,21,18,16.3,97.5,100700.0,2026-09-21 18:00:00,2026-09-21 18:00:00,1007.0
20260921,180000,72W,27,2026,9,21,18,18.7,96.4,100700.0,2026-09-21 18:00:00,2026-09-21 18:00:00,1007.0
20260921,180000,72W,27,2026,9,21,18,17.6,93.9,100900.0,2026-09-21 18:00:00,2026-09-21 18:00:00,1009.0
20260921,180000,72W,27,2026,9,21,18,17.6,94.2,100900.0,2026-09-21 18:00:00,2026-09-21 18:00:00,1009.0
20260921,180000,72W,27,2026,9,21,18,19.0,93.60000000000001,101000.0,2026-09-21 18:00:00,2026-09-21 18:00:00,1010.0
20260921,180000,72W,27,2026,9,21,18,19.8,93.0,101000.0,2026-09-21 18:00:00,2026-09-21 18:00:00,1010.0
20260921,180000,72W,28,2026,9,21,18,38.4,147.3,98200.0,2026-09-21 18:00:00,2026-09-21 18:00:00,982.0
20260921,180000,72W,28,2026,9,21,18,39.800000000000004,150.4,98500.0,2026-09-21 18:00:00,2026-09-21 18:00:00,985.0
20260921,180000,72W,28,2026,9,21,18,39.800000000000004,153.20000000000002,98900.0,2026-09-21 18:00:00,2026-09-21 18:00:00,989.0
20260921,180000,72W,28,2026,9,21,18,40.9,156.9,99100.0,2026-09-21 18:00:00,2026-09-21 18:00:00,991.0
20260921,180000,72W,28,2026,9,21,18,41.6,161.1,99300.0,2026-09-21 18:00:00,2026-09-21 18:00:00,993.0
20260921,180000,72W,29,2026,9,21,18,14.700000000000001,165.0,100900.0,2026-09-21 18:00:00,2026-09-21 18:00:00,1009.0
20260921,180000,72W,29,2026,9,21,18,13.0,165.0,100700.0,2026-09-21 18:00:00,2026-09-21 18:00:00,1007.0
20260921,180000,72W,29,2026,9,21,18,14.200000000000001,165.6,100900.0,2026-09-21 18:00:00,2026-09-21 18:00:00,1009.0
20260921,180000,72W,30,2026,9,21,18,14.700000000000001,163.1,100800.0,2026-09-21 18:00:00,2026-09-21 18:00:00,1008.0
20260921,180000,72W,31,2026,9,21,18,38.7,147.3,98300.0,2026-09-21 18:00:00,2026-09-21 18:00:00,983.0
20260921,180000,72W,31,2026,9,21,18,39.2,149.9,97900.0,2026-09-21 18:00:00,2026-09-21 18:00:00,979.0
20260921,180000,72W,31,2026,9,21,18,40.1,153.8,98700.0,2026-09-21 18:00:00,2026-09-21 18:00:00,987.0
20260921,180000,72W,31,2026,9,21,18,41.4,157.4,98700.0,2026-09-21 18:00:00,2026-09-21 18:00:00,987.0
20260921,180000,72W,31,2026,9,21,18,43.5,162.20000000000002,98600.0,2026-09-21 18:00:00,2026-09-21 18:00:00,986.0
20260921,180000,72W,32,2026,9,21,18,10.200000000000001,108.10000000000001,100800.0,2026-09-21 18:00:00,2026-09-21 18:00:00,1008.0
20260921,180000,72W,32,2026,9,21,18,10.8,108.0,100700.0,2026-09-21 18:00:00,2026-09-21 18:00:00,1007.0
20260921,180000,72W,32,2026,9,21,18,9.700000000000001,108.0,100800.0,2026-09-21 18:00:00,2026-09-21 18:00:00,1008.0
20260921,180000,72W,32,2026,9,21,18,11.6,106.4,100700.0,2026-09-21 18:00:00,2026-09-21 18:00:00,1007.0
20260921,180000,72W,32,2026,9,21,18,11.9,105.10000000000001,100800.0,2026-09-21 18:00:00,2026-09-21 18:00:00,1008.0
20260921,180000,72W,32,2026,9,21,18,12.200000000000001,102.60000000000001,100800.0,2026-09-21 18:00:00,2026-09-21 18:00:00,1008.0
20260921,180000,72W,32,2026,9,21,18,12.8,98.10000000000001,100900.0,2026-09-21 18:00:00,2026-09-21 18:00:00,1009.0
20260921,180000,72W,33,2026,9,21,18,15.3,167.9,100900.0,2026-09-21 18:00:00,2026-09-21 18:00:00,1009.0
20260921,180000,72W,33,2026,9,21,18,14.700000000000001,165.0,100700.0,2026-09-21 18:00:00,2026-09-21 18:00:00,1007.0
20260921,180000,72W,33,2026,9,21,18,15.9,164.20000000000002,101000.0,2026-09-21 18:00:00,2026-09-21 18:00:00,1010.0
20260921,180000,72W,33,2026,9,21,18,15.9,164.20000000000002,100800.0,2026-09-21 18:00:00,2026-09-21 18:00:00,1008.0
20260921,180000,72W,34,2026,9,21,18,12.5,172.9,100800.0,2026-09-21 18:00:00,2026-09-21 18:00:00,1008.0
20260921,180000,72W,34,2026,9,21,18,13.9,172.4,100700.0,2026-09-21 18:00:00,2026-09-21 18:00:00,1007.0
20260921,180000,72W,34,2026,9,21,18,14.200000000000001,171.5,100900.0,2026-09-21 18:00:00,2026-09-21 18:00:00,1009.0
20260921,180000,72W,34,2026,9,21,18,13.6,170.70000000000002,100700.0,2026-09-21 18:00:00,2026-09-21 18:00:00,1007.0
20260921,180000,72W,34,2026,9,21,18,14.700000000000001,173.20000000000002,100900.0,2026-09-21 18:00:00,2026-09-21 18:00:00,1009.0
20260921,180000,72W,34,2026,9,21,18,16.8,173.4,100600.0,2026-09-21 18:00:00,2026-09-21 18:00:00,1006.0
20260921,180000,72W,34,2026,9,21,18,17.6,172.6,100900.0,2026-09-21 18:00:00,2026-09-21 18:00:00,1009.0
20260921,180000,72W,34,2026,9,21,18,19.2,172.6,100900.0,2026-09-21 18:00:00,2026-09-21 18:00:00,1009.0
20260921,180000,72W,34,2026,9,21,18,20.400000000000002,172.6,100700.0,2026-09-21 18:00:00,2026-09-21 18:00:00,1007.0
20260921,180000,72W,34,2026,9,21,18,21.2,172.6,100900.0,2026-09-21 18:00:00,2026-09-21 18:00:00,1009.0
20260921,180000,72W,34,2026,9,21,18,23.5,172.6,100700.0,2026-09-21 18:00:00,2026-09-21 18:00:00,1007.0
20260921,180000,72W,34,2026,9,21,18,23.2,171.5,100800.0,2026-09-21 18:00:00,2026-09-21 18:00:00,1008.0
20260921,180000,72W,34,2026,9,21,18,22.900000000000002,171.20000000000002,100600.0,2026-09-21 18:00:00,2026-09-21 18:00:00,1006.0
20260921,180000,72W,34,2026,9,21,18,24.1,170.6,100800.0,2026-09-21 18:00:00,2026-09-21 18:00:00,1008.0
20260921,180000,72W,34,2026,9,21,18,24.900000000000002,169.5,100900.0,2026-09-21 18:00:00,2026-09-21 18:00:00,1009.0
20260921,180000,72W,35,2026,9,21,18,15.0,168.1,100800.0,2026-09-21 18:00:00,2026-09-21 18:00:00,1008.0
20260921,180000,72W,35,2026,9,21,18,15.6,168.4,100700.0,2026-09-21 18:00:00,2026-09-21 18:00:00,1007.0
20260921,180000,72W,35,2026,9,21,18,15.0,170.70000000000002,100700.0,2026-09-21 18:00:00,2026-09-21 18:00:00,1007.0
20260921,180000,72W,35,2026,9,21,18,18.1,172.4,100900.0,2026-09-21 18:00:00,2026-09-21 18:00:00,1009.0
20260921,180000,72W,35,2026,9,21,18,19.2,172.9,101000.0,2026-09-21 18:00:00,2026-09-21 18:00:00,1010.0
20260921,180000,72W,35,2026,9,21,18,20.3,171.8,100900.0,2026-09-21 18:00:00,2026-09-21 18:00:00,1009.0
20260921,180000,72W,35,2026,9,21,18,21.2,171.20000000000002,101100.0,2026-09-21 18:00:00,2026-09-21 18:00:00,1011.0
20260921,180000,72W,35,2026,9,21,18,21.5,170.4,101000.0,2026-09-21 18:00:00,2026-09-21 18:00:00,1010.0
20260921,180000,72W,35,2026,9,21,18,22.7,169.0,101100.0,2026-09-21 18:00:00,2026-09-21 18:00:00,1011.0
20260921,180000,72W,36,2026,9,21,18,38.7,147.6,98100.0,2026-09-21 18:00:00,2026-09-21 18:00:00,981.0
20260921,180000,72W,36,2026,9,21,18,39.5,150.4,97900.0,2026-09-21 18:00:00,2026-09-21 18:00:00,979.0
20260921,180000,72W,36,2026,9,21,18,40.4,154.4,98700.0,2026-09-21 18:00:00,2026-09-21 18:00:00,987.0
20260921,180000,72W,36,2026,9,21,18,41.5,157.70000000000002,98900.0,2026-09-21 18:00:00,2026-09-21 18:00:00,989.0
20260921,180000,72W,36,2026,9,21,18,42.6,162.0,99100.0,2026-09-21 18:00:00,2026-09-21 18:00:00,991.0
20260921,180000,72W,37,2026,9,21,18,11.1,109.60000000000001,100800.0,2026-09-21 18:00:00,2026-09-21 18:00:00,1008.0
20260921,180000,72W,37,2026,9,21,18,10.200000000000001,108.8,100800.0,2026-09-21 18:00:00,2026-09-21 18:00:00,1008.0
20260921,180000,72W,37,2026,9,21,18,10.8,108.2,100800.0,2026-09-21 18:00:00,2026-09-21 18:00:00,1008.0
20260921,180000,72W,37,2026,9,21,18,11.4,106.0,100700.0,2026-09-21 18:00:00,2026-09-21 18:00:00,1007.0
20260921,180000,72W,37,2026,9,21,18,11.4,105.2,100800.0,2026-09-21 18:00:00,2026-09-21 18:00:00,1008.0
20260921,180000,72W,37,2026,9,21,18,13.0,104.0,100800.0,2026-09-21 18:00:00,2026-09-21 18:00:00,1008.0
20260921,180000,72W,37,2026,9,21,18,12.9,104.4,100600.0,2026-09-21 18:00:00,2026-09-21 18:00:00,1006.0
20260921,180000,72W,37,2026,9,21,18,13.3,103.60000000000001,100600.0,2026-09-21 18:00:00,2026-09-21 18:00:00,1006.0
20260921,180000,72W,37,2026,9,21,18,13.5,103.60000000000001,100700.0,2026-09-21 18:00:00,2026-09-21 18:00:00,1007.0
20260921,180000,72W,37,2026,9,21,18,14.200000000000001,103.2,100700.0,2026-09-21 18:00:00,2026-09-21 18:00:00,1007.0
20260921,180000,72W,37,2026,9,21,18,14.700000000000001,102.60000000000001,100700.0,2026-09-21 18:00:00,2026-09-21 18:00:00,1007.0
20260921,180000,72W,37,2026,9,21,18,14.700000000000001,102.60000000000001,100600.0,2026-09-21 18:00:00,2026-09-21 18:00:00,1006.0
20260921,180000,72W,37,2026,9,21,18,13.9,101.8,100700.0,2026-09-21 18:00:00,2026-09-21 18:00:00,1007.0
20260921,180000,72W,37,2026,9,21,18,14.200000000000001,101.8,100700.0,2026-09-21 18:00:00,2026-09-21 18:00:00,1007.0
20260921,180000,72W,37,2026,9,21,18,14.5,100.9,100600.0,2026-09-21 18:00:00,2026-09-21 18:00:00,1006.0
20260921,180000,72W,37,2026,9,21,18,15.200000000000001,100.4,100600.0,2026-09-21 18:00:00,2026-09-21 18:00:00,1006.0
20260921,180000,72W,37,2026,9,21,18,13.9,100.4,100600.0,2026-09-21 18:00:00,2026-09-21 18:00:00,1006.0
20260921,180000,72W,37,2026,9,21,18,13.6,100.60000000000001,100600.0,2026-09-21 18:00:00,2026-09-21 18:00:00,1006.0
20260921,180000,72W,37,2026,9,21,18,13.9,100.4,100500.0,2026-09-21 18:00:00,2026-09-21 18:00:00,1005.0
20260921,180000,72W,37,2026,9,21,18,13.9,99.8,100500.0,2026-09-21 18:00:00,2026-09-21 18:00:00,1005.0
20260921,180000,72W,37,2026,9,21,18,13.6,97.8,100600.0,2026-09-21 18:00:00,2026-09-21 18:00:00,1006.0
20260921,180000,72W,37,2026,9,21,18,14.200000000000001,96.10000000000001,100600.0,2026-09-21 18:00:00,2026-09-21 18:00:00,1006.0
20260921,180000,72W,37,2026,9,21,18,14.200000000000001,96.4,100500.0,2026-09-21 18:00:00,2026-09-21 18:00:00,1005.0
20260921,180000,72W,37,2026,9,21,18,15.3,96.10000000000001,100600.0,2026-09-21 18:00:00,2026-09-21 18:00:00,1006.0
20260921,180000,72W,37,2026,9,21,18,15.3,95.0,100600.0,2026-09-21 18:00:00,2026-09-21 18:00:00,1006.0
20260921,180000,72W,37,2026,9,21,18,15.9,95.3,100400.0,2026-09-21 18:00:00,2026-09-21 18:00:00,1004.0
20260921,180000,72W,37,2026,9,21,18,16.7,94.2,100700.0,2026-09-21 18:00:00,2026-09-21 18:00:00,1007.0
20260921,180000,72W,37,2026,9,21,18,17.3,93.0,100400.0,2026-09-21 18:00:00,2026-09-21 18:00:00,1004.0
20260921,180000,72W,37,2026,9,21,18,17.8,92.2,100500.0,2026-09-21 18:00:00,2026-09-21 18:00:00,1005.0
20260921,180000,72W,37,2026,9,21,18,18.1,92.2,100400.0,2026-09-21 18:00:00,2026-09-21 18:00:00,1004.0
20260921,180000,72W,37,2026,9,21,18,19.0,91.60000000000001,100400.0,2026-09-21 18:00:00,2026-09-21 18:00:00,1004.0
20260921,180000,72W,37,2026,9,21,18,19.5,90.8,100100.0,2026-09-21 18:00:00,2026-09-21 18:00:00,1001.0
20260921,180000,72W,37,2026,9,21,18,19.8,90.5,100100.0,2026-09-21 18:00:00,2026-09-21 18:00:00,1001.0
20260921,180000,72W,37,2026,9,21,18,20.400000000000002,89.7,99600.0,2026-09-21 18:00:00,2026-09-21 18:00:00,996.0
20260921,180000,72W,37,2026,9,21,18,20.7,89.4,99100.0,2026-09-21 18:00:00,2026-09-21 18:00:00,991.0
20260921,180000,72W,37,2026,9,21,18,21.2,89.10000000000001,98800.0,2026-09-21 18:00:00,2026-09-21 18:00:00,988.0
20260921,180000,72W,37,2026,9,21,18,21.5,88.8,98800.0,2026-09-21 18:00:00,2026-09-21 18:00:00,988.0
20260921,180000,72W,37,2026,9,21,18,22.3,88.8,98700.0,2026-09-21 18:00:00,2026-09-21 18:00:00,987.0
20260921,180000,72W,37,2026,9,21,18,22.900000000000002,89.4,98900.0,2026-09-21 18:00:00,2026-09-21 18:00:00,989.0
20260921,180000,72W,37,2026,9,21,18,23.8,89.4,99300.0,2026-09-21 18:00:00,2026-09-21 18:00:00,993.0
20260921,180000,72W,37,2026,9,21,18,24.1,90.0,99700.0,2026-09-21 18:00:00,2026-09-21 18:00:00,997.0
20260921,180000,72W,37,2026,9,21,18,24.6,90.8,100000.0,2026-09-21 18:00:00,2026-09-21 18:00:00,1000.0
20260921,180000,72W,37,2026,9,21,18,24.900000000000002,91.10000000000001,100400.0,2026-09-21 18:00:00,2026-09-21 18:00:00,1004.0
20260921,180000,72W,37,2026,9,21,18,26.0,93.0,100500.0,2026-09-21 18:00:00,2026-09-21 18:00:00,1005.0
20260921,180000,72W,37,2026,9,21,18,27.400000000000002,95.60000000000001,100700.0,2026-09-21 18:00:00,2026-09-21 18:00:00,1007.0
20260921,180000,72W,37,2026,9,21,18,28.0,95.9,100900.0,2026-09-21 18:00:00,2026-09-21 18:00:00,1009.0
20260921,180000,72W,37,2026,9,21,18,26.6,93.9,101100.0,2026-09-21 18:00:00,2026-09-21 18:00:00,1011.0
20260921,180000,72W,37,2026,9,21,18,26.6,93.9,101000.0,2026-09-21 18:00:00,2026-09-21 18:00:00,1010.0
20260921,180000,72W,38,2026,9,21,18,15.1,171.6,100800.0,2026-09-21 18:00:00,2026-09-21 18:00:00,1008.0
20260921,180000,72W,38,2026,9,21,18,15.9,169.3,100700.0,2026-09-21 18:00:00,2026-09-21 18:00:00,1007.0
20260921,180000,72W,39,2026,9,21,18,11.1,106.8,100700.0,2026-09-21 18:00:00,2026-09-21 18:00:00,1007.0
20260921,180000,72W,39,2026,9,21,18,10.200000000000001,106.8,100900.0,2026-09-21 18:00:00,2026-09-21 18:00:00,1009.0
20260921,180000,72W,39,2026,9,21,18,10.5,106.0,100800.0,2026-09-21 18:00:00,2026-09-21 18:00:00,1008.0
20260921,180000,72W,39,2026,9,21,18,9.4,105.7,100900.0,2026-09-21 18:00:00,2026-09-21 18:00:00,1009.0
20260921,180000,72W,39,2026,9,21,18,10.200000000000001,103.7,100800.0,2026-09-21 18:00:00,2026-09-21 18:00:00,1008.0
20260921,180000,72W,39,2026,9,21,18,11.9,101.2,100800.0,2026-09-21 18:00:00,2026-09-21 18:00:00,1008.0
20260921,180000,72W,39,2026,9,21,18,11.9,101.2,100800.0,2026-09-21 18:00:00,2026-09-21 18:00:00,1008.0
20260921,180000,72W,39,2026,9,21,18,13.700000000000001,100.9,100800.0,2026-09-21 18:00:00,2026-09-21 18:00:00,1008.0
20260921,180000,72W,39,2026,9,21,18,14.6,100.2,100700.0,2026-09-21 18:00:00,2026-09-21 18:00:00,1007.0
20260921,180000,72W,39,2026,9,21,18,15.6,97.3,100800.0,2026-09-21 18:00:00,2026-09-21 18:00:00,1008.0
20260921,180000,72W,39,2026,9,21,18,15.0,97.3,100700.0,2026-09-21 18:00:00,2026-09-21 18:00:00,1007.0
20260921,180000,72W,39,2026,9,21,18,15.0,97.5,100500.0,2026-09-21 18:00:00,2026-09-21 18:00:00,1005.0
20260921,180000,72W,39,2026,9,21,18,15.3,97.3,100600.0,2026-09-21 18:00:00,2026-09-21 18:00:00,1006.0
20260921,180000,72W,39,2026,9,21,18,15.0,97.3,100500.0,2026-09-21 18:00:00,2026-09-21 18:00:00,1005.0
20260921,180000,72W,39,2026,9,21,18,15.3,96.7,100500.0,2026-09-21 18:00:00,2026-09-21 18:00:00,1005.0
20260921,180000,72W,39,2026,9,21,18,15.3,96.7,100400.0,2026-09-21 18:00:00,2026-09-21 18:00:00,1004.0
20260921,180000,72W,39,2026,9,21,18,15.0,97.0,100500.0,2026-09-21 18:00:00,2026-09-21 18:00:00,1005.0
20260921,180000,72W,39,2026,9,21,18,15.6,96.7,100500.0,2026-09-21 18:00:00,2026-09-21 18:00:00,1005.0
20260921,180000,72W,39,2026,9,21,18,15.3,96.4,100600.0,2026-09-21 18:00:00,2026-09-21 18:00:00,1006.0
20260921,180000,72W,39,2026,9,21,18,15.9,96.4,100700.0,2026-09-21 18:00:00,2026-09-21 18:00:00,1007.0
20260921,180000,72W,39,2026,9,21,18,15.9,97.0,100700.0,2026-09-21 18:00:00,2026-09-21 18:00:00,1007.0
20260921,180000,72W,39,2026,9,21,18,16.4,97.3,100800.0,2026-09-21 18:00:00,2026-09-21 18:00:00,1008.0
20260921,180000,72W,39,2026,9,21,18,16.7,97.0,100800.0,2026-09-21 18:00:00,2026-09-21 18:00:00,1008.0
20260921,180000,72W,39,2026,9,21,18,17.6,96.4,100800.0,2026-09-21 18:00:00,2026-09-21 18:00:00,1008.0
20260921,180000,72W,39,2026,9,21,18,17.6,96.10000000000001,101000.0,2026-09-21 18:00:00,2026-09-21 18:00:00,1010.0
20260921,180000,72W,39,2026,9,21,18,17.6,96.4,101000.0,2026-09-21 18:00:00,2026-09-21 18:00:00,1010.0
20260921,180000,72W,39,2026,9,21,18,16.7,94.7,101000.0,2026-09-21 18:00:00,2026-09-21 18:00:00,1010.0
20260921,180000,72W,39,2026,9,21,18,18.7,95.0,100900.0,2026-09-21 18:00:00,2026-09-21 18:00:00,1009.0
20260921,180000,72W,40,2026,9,21,18,10.1,108.2,100900.0,2026-09-21 18:00:00,2026-09-21 18:00:00,1009.0
20260921,180000,72W,40,2026,9,21,18,10.200000000000001,107.10000000000001,100800.0,2026-09-21 18:00:00,2026-09-21 18:00:00,1008.0
20260921,180000,72W,40,2026,9,21,18,10.200000000000001,107.4,100900.0,2026-09-21 18:00:00,2026-09-21 18:00:00,1009.0
20260921,180000,72W,40,2026,9,21,18,10.1,108.10000000000001,100800.0,2026-09-21 18:00:00,2026-09-21 18:00:00,1008.0
20260921,180000,72W,41,2026,9,21,18,14.200000000000001,162.0,100800.0,2026-09-21 18:00:00,2026-09-21 18:00:00,1008.0
20260921,180000,72W,42,2026,9,21,18,38.4,147.0,98100.0,2026-09-21 18:00:00,2026-09-21 18:00:00,981.0
20260921,180000,72W,42,2026,9,21,18,39.5,150.1,98100.0,2026-09-21 18:00:00,2026-09-21 18:00:00,981.0
20260921,180000,72W,42,2026,9,21,18,40.1,153.8,98500.0,2026-09-21 18:00:00,2026-09-21 18:00:00,985.0
20260921,180000,72W,42,2026,9,21,18,40.7,157.5,98800.0,2026-09-21 18:00:00,2026-09-21 18:00:00,988.0
20260921,180000,72W,42,2026,9,21,18,42.300000000000004,161.4,99100.0,2026-09-21 18:00:00,2026-09-21 18:00:00,991.0
20260921,180000,72W,42,2026,9,21,18,42.9,166.5,99000.0,2026-09-21 18:00:00,2026-09-21 18:00:00,990.0
20260921,180000,72W,43,2026,9,21,18,38.1,147.0,98200.0,2026-09-21 18:00:00,2026-09-21 18:00:00,982.0
20260921,180000,72W,43,2026,9,21,18,39.0,149.9,98200.0,2026-09-21 18:00:00,2026-09-21 18:00:00,982.0
20260921,180000,72W,43,2026,9,21,18,39.2,153.20000000000002,98500.0,2026-09-21 18:00:00,2026-09-21 18:00:00,985.0
20260921,180000,72W,43,2026,9,21,18,39.5,155.70000000000002,99000.0,2026-09-21 18:00:00,2026-09-21 18:00:00,990.0
20260921,180000,72W,43,2026,9,21,18,39.800000000000004,158.9,99300.0,2026-09-21 18:00:00,2026-09-21 18:00:00,993.0
20260921,180000,72W,44,2026,9,21,18,38.4,147.3,98100.0,2026-09-21 18:00:00,2026-09-21 18:00:00,981.0
20260921,180000,72W,44,2026,9,21,18,39.800000000000004,150.4,98400.0,2026-09-21 18:00:00,2026-09-21 18:00:00,984.0
20260921,180000,72W,44,2026,9,21,18,40.7,153.5,99000.0,2026-09-21 18:00:00,2026-09-21 18:00:00,990.0
20260921,180000,72W,45,2026,9,21,18,13.3,142.3,100900.0,2026-09-21 18:00:00,2026-09-21 18:00:00,1009.0
20260921,180000,72W,45,2026,9,21,18,12.200000000000001,141.1,100700.0,2026-09-21 18:00:00,2026-09-21 18:00:00,1007.0
20260921,180000,72W,45,2026,9,21,18,13.9,140.3,100900.0,2026-09-21 18:00:00,2026-09-21 18:00:00,1009.0
20260921,180000,72W,45,2026,9,21,18,14.3,139.4,100600.0,2026-09-21 18:00:00,2026-09-21 18:00:00,1006.0
20260921,180000,72W,45,2026,9,21,18,14.5,138.3,100700.0,2026-09-21 18:00:00,2026-09-21 18:00:00,1007.0
20260921,180000,72W,45,2026,9,21,18,15.0,137.5,100200.0,2026-09-21 18:00:00,2026-09-21 18:00:00,1002.0
20260921,180000,72W,45,2026,9,21,18,15.3,136.6,100300.0,2026-09-21 18:00:00,2026-09-21 18:00:00,1003.0
20260921,180000,72W,45,2026,9,21,18,15.9,135.5,99700.0,2026-09-21 18:00:00,2026-09-21 18:00:00,997.0
20260921,180000,72W,45,2026,9,21,18,16.4,134.7,100000.0,2026-09-21 18:00:00,2026-09-21 18:00:00,1000.0
20260921,180000,72W,45,2026,9,21,18,17.0,133.3,98900.0,2026-09-21 18:00:00,2026-09-21 18:00:00,989.0
20260921,180000,72W,45,2026,9,21,18,17.6,131.9,98400.0,2026-09-21 18:00:00,2026-09-21 18:00:00,984.0
20260921,180000,72W,45,2026,9,21,18,18.1,130.5,98100.0,2026-09-21 18:00:00,2026-09-21 18:00:00,981.0
20260921,180000,72W,45,2026,9,21,18,18.400000000000002,129.6,97900.0,2026-09-21 18:00:00,2026-09-21 18:00:00,979.0
20260921,180000,72W,45,2026,9,21,18,19.0,128.8,98000.0,2026-09-21 18:00:00,2026-09-21 18:00:00,980.0
20260921,180000,72W,45,2026,9,21,18,19.5,127.9,97700.0,2026-09-21 18:00:00,2026-09-21 18:00:00,977.0
20260921,180000,72W,45,2026,9,21,18,20.1,127.10000000000001,97600.0,2026-09-21 18:00:00,2026-09-21 18:00:00,976.0
20260921,180000,72W,45,2026,9,21,18,20.7,126.5,97000.0,2026-09-21 18:00:00,2026-09-21 18:00:00,970.0
20260921,180000,72W,45,2026,9,21,18,21.2,126.0,97100.0,2026-09-21 18:00:00,2026-09-21 18:00:00,971.0
20260921,180000,72W,45,2026,9,21,18,21.8,125.7,96600.0,2026-09-21 18:00:00,2026-09-21 18:00:00,966.0
20260921,180000,72W,45,2026,9,21,18,22.1,125.4,96200.0,2026-09-21 18:00:00,2026-09-21 18:00:00,962.0
20260921,180000,72W,45,2026,9,21,18,22.6,125.10000000000001,96000.0,2026-09-21 18:00:00,2026-09-21 18:00:00,960.0
20260921,180000,72W,45,2026,9,21,18,22.900000000000002,124.8,96300.0,2026-09-21 18:00:00,2026-09-21 18:00:00,963.0
20260921,180000,72W,45,2026,9,21,18,22.900000000000002,124.5,96900.0,2026-09-21 18:00:00,2026-09-21 18:00:00,969.0
20260921,180000,72W,45,2026,9,21,18,22.900000000000002,124.3,96800.0,2026-09-21 18:00:00,2026-09-21 18:00:00,968.0
20260921,180000,72W,45,2026,9,21,18,23.2,124.0,96600.0,2026-09-21 18:00:00,2026-09-21 18:00:00,966.0
20260921,180000,72W,45,2026,9,21,18,23.5,123.7,96800.0,2026-09-21 18:00:00,2026-09-21 18:00:00,968.0
20260921,180000,72W,45,2026,9,21,18,23.5,123.10000000000001,97900.0,2026-09-21 18:00:00,2026-09-21 18:00:00,979.0
20260921,180000,72W,45,2026,9,21,18,23.8,122.3,98200.0,2026-09-21 18:00:00,2026-09-21 18:00:00,982.0
20260921,180000,72W,45,2026,9,21,18,23.5,121.7,99200.0,2026-09-21 18:00:00,2026-09-21 18:00:00,992.0
20260921,180000,72W,45,2026,9,21,18,23.2,121.7,99500.0,2026-09-21 18:00:00,2026-09-21 18:00:00,995.0
20260921,180000,72W,45,2026,9,21,18,23.2,121.5,99800.0,2026-09-21 18:00:00,2026-09-21 18:00:00,998.0
20260921,180000,72W,45,2026,9,21,18,25.400000000000002,121.2,100200.0,2026-09-21 18:00:00,2026-09-21 18:00:00,1002.0
20260921,180000,72W,45,2026,9,21,18,25.900000000000002,121.4,100300.0,2026-09-21 18:00:00,2026-09-21 18:00:00,1003.0
20260921,180000,72W,45,2026,9,21,18,25.7,121.7,100300.0,2026-09-21 18:00:00,2026-09-21 18:00:00,1003.0
20260921,180000,72W,45,2026,9,21,18,25.7,122.0,100100.0,2026-09-21 18:00:00,2026-09-21 18:00:00,1001.0
20260921,180000,72W,45,2026,9,21,18,26.0,122.3,100200.0,2026-09-21 18:00:00,2026-09-21 18:00:00,1002.0
20260921,180000,72W,45,2026,9,21,18,26.0,122.9,100000.0,2026-09-21 18:00:00,2026-09-21 18:00:00,1000.0
20260921,180000,72W,45,2026,9,21,18,26.0,123.4,100000.0,2026-09-21 18:00:00,2026-09-21 18:00:00,1000.0
20260921,180000,72W,45,2026,9,21,18,25.7,123.7,100000.0,2026-09-21 18:00:00,2026-09-21 18:00:00,1000.0
20260921,180000,72W,45,2026,9,21,18,25.7,124.0,100200.0,2026-09-21 18:00:00,2026-09-21 18:00:00,1002.0
20260921,180000,72W,45,2026,9,21,18,24.6,124.3,100000.0,2026-09-21 18:00:00,2026-09-21 18:00:00,1000.0
20260921,180000,72W,45,2026,9,21,18,22.900000000000002,124.8,100100.0,2026-09-21 18:00:00,2026-09-21 18:00:00,1001.0
20260921,180000,72W,46,2026,9,21,18,10.8,106.5,100800.0,2026-09-21 18:00:00,2026-09-21 18:00:00,1008.0
20260921,180000,72W,46,2026,9,21,18,9.4,106.3,100900.0,2026-09-21 18:00:00,2026-09-21 18:00:00,1009.0
20260921,180000,72W,46,2026,9,21,18,9.700000000000001,107.4,100900.0,2026-09-21 18:00:00,2026-09-21 18:00:00,1009.0
20260921,180000,72W,46,2026,9,21,18,10.0,105.4,100800.0,2026-09-21 18:00:00,2026-09-21 18:00:00,1008.0
20260921,180000,72W,46,2026,9,21,18,10.8,105.4,100800.0,2026-09-21 18:00:00,2026-09-21 18:00:00,1008.0
20260921,180000,72W,46,2026,9,21,18,11.4,105.10000000000001,100900.0,2026-09-21 18:00:00,2026-09-21 18:00:00,1009.0
20260921,180000,72W,46,2026,9,21,18,11.4,105.10000000000001,100900.0,2026-09-21 18:00:00,2026-09-21 18:00:00,1009.0
20260921,180000,72W,46,2026,9,21,18,13.0,104.0,100700.0,2026-09-21 18:00:00,2026-09-21 18:00:00,1007.0
20260921,180000,72W,46,2026,9,21,18,13.0,104.0,100700.0,2026-09-21 18:00:00,2026-09-21 18:00:00,1007.0
20260921,180000,72W,46,2026,9,21,18,13.6,103.5,100700.0,2026-09-21 18:00:00,2026-09-21 18:00:00,1007.0
20260921,180000,72W,46,2026,9,21,18,13.9,102.3,100800.0,2026-09-21 18:00:00,2026-09-21 18:00:00,1008.0
20260921,180000,72W,46,2026,9,21,18,13.9,102.0,100700.0,2026-09-21 18:00:00,2026-09-21 18:00:00,1007.0
20260921,180000,72W,46,2026,9,21,18,13.9,102.3,100700.0,2026-09-21 18:00:00,2026-09-21 18:00:00,1007.0
20260921,180000,72W,46,2026,9,21,18,14.700000000000001,102.60000000000001,100800.0,2026-09-21 18:00:00,2026-09-21 18:00:00,1008.0
20260921,180000,72W,46,2026,9,21,18,14.200000000000001,101.8,100800.0,2026-09-21 18:00:00,2026-09-21 18:00:00,1008.0
20260921,180000,72W,46,2026,9,21,18,15.3,102.3,100700.0,2026-09-21 18:00:00,2026-09-21 18:00:00,1007.0
20260921,180000,72W,46,2026,9,21,18,17.3,100.10000000000001,100600.0,2026-09-21 18:00:00,2026-09-21 18:00:00,1006.0
20260921,180000,72W,46,2026,9,21,18,16.7,99.2,100700.0,2026-09-21 18:00:00,2026-09-21 18:00:00,1007.0
20260921,180000,72W,46,2026,9,21,18,15.9,97.5,100600.0,2026-09-21 18:00:00,2026-09-21 18:00:00,1006.0
20260921,180000,72W,46,2026,9,21,18,16.1,97.0,100600.0,2026-09-21 18:00:00,2026-09-21 18:00:00,1006.0
20260921,180000,72W,46,2026,9,21,18,15.9,97.0,100600.0,2026-09-21 18:00:00,2026-09-21 18:00:00,1006.0
20260921,180000,72W,46,2026,9,21,18,17.0,95.3,100800.0,2026-09-21 18:00:00,2026-09-21 18:00:00,1008.0
20260921,180000,72W,46,2026,9,21,18,16.7,94.7,100900.0,2026-09-21 18:00:00,2026-09-21 18:00:00,1009.0
20260921,180000,72W,46,2026,9,21,18,17.0,95.3,100900.0,2026-09-21 18:00:00,2026-09-21 18:00:00,1009.0
20260921,180000,72W,46,2026,9,21,18,19.0,94.2,100900.0,2026-09-21 18:00:00,2026-09-21 18:00:00,1009.0
20260921,180000,72W,46,2026,9,21,18,18.1,94.2,100900.0,2026-09-21 18:00:00,2026-09-21 18:00:00,1009.0
20260921,180000,72W,46,2026,9,21,18,18.7,94.2,101100.0,2026-09-21 18:00:00,2026-09-21 18:00:00,1011.0
20260921,180000,72W,47,2026,9,21,18,16.4,167.6,100600.0,2026-09-21 18:00:00,2026-09-21 18:00:00,1006.0
20260921,180000,72W,47,2026,9,21,18,16.4,167.6,100700.0,2026-09-21 18:00:00,2026-09-21 18:00:00,1007.0
20260921,180000,72W,47,2026,9,21,18,17.8,168.1,100700.0,2026-09-21 18:00:00,2026-09-21 18:00:00,1007.0
20260921,180000,72W,47,2026,9,21,18,18.7,167.3,100600.0,2026-09-21 18:00:00,2026-09-21 18:00:00,1006.0
20260921,180000,72W,47,2026,9,21,18,19.5,166.70000000000002,100700.0,2026-09-21 18:00:00,2026-09-21 18:00:00,1007.0
20260921,180000,72W,47,2026,9,21,18,20.400000000000002,165.6,100600.0,2026-09-21 18:00:00,2026-09-21 18:00:00,1006.0
20260921,180000,72W,47,2026,9,21,18,21.5,163.9,100700.0,2026-09-21 18:00:00,2026-09-21 18:00:00,1007.0
20260921,180000,72W,47,2026,9,21,18,22.3,163.9,100800.0,2026-09-21 18:00:00,2026-09-21 18:00:00,1008.0
20260921,180000,72W,47,2026,9,21,18,22.900000000000002,162.0,100700.0,2026-09-21 18:00:00,2026-09-21 18:00:00,1007.0
20260921,180000,72W,48,2026,9,21,18,10.5,103.5,100900.0,2026-09-21 18:00:00,2026-09-21 18:00:00,1009.0
20260921,180000,72W,48,2026,9,21,18,9.4,104.0,100800.0,2026-09-21 18:00:00,2026-09-21 18:00:00,1008.0
20260921,180000,72W,48,2026,9,21,18,11.6,104.9,100800.0,2026-09-21 18:00:00,2026-09-21 18:00:00,1008.0
20260921,180000,72W,48,2026,9,21,18,12.8,104.3,100700.0,2026-09-21 18:00:00,2026-09-21 18:00:00,1007.0
20260921,180000,72W,48,2026,9,21,18,13.3,104.0,100700.0,2026-09-21 18:00:00,2026-09-21 18:00:00,1007.0
20260921,180000,72W,48,2026,9,21,18,13.4,103.5,100800.0,2026-09-21 18:00:00,2026-09-21 18:00:00,1008.0
20260921,180000,72W,48,2026,9,21,18,13.6,102.9,100800.0,2026-09-21 18:00:00,2026-09-21 18:00:00,1008.0
20260921,180000,72W,48,2026,9,21,18,13.9,102.0,100700.0,2026-09-21 18:00:00,2026-09-21 18:00:00,1007.0
20260921,180000,72W,48,2026,9,21,18,13.9,102.0,100600.0,2026-09-21 18:00:00,2026-09-21 18:00:00,1006.0
20260921,180000,72W,48,2026,9,21,18,14.200000000000001,101.2,100700.0,2026-09-21 18:00:00,2026-09-21 18:00:00,1007.0
20260921,180000,72W,48,2026,9,21,18,14.200000000000001,101.2,100600.0,2026-09-21 18:00:00,2026-09-21 18:00:00,1006.0
20260921,180000,72W,48,2026,9,21,18,14.8,100.8,100600.0,2026-09-21 18:00:00,2026-09-21 18:00:00,1006.0
20260921,180000,72W,48,2026,9,21,18,14.700000000000001,99.8,100500.0,2026-09-21 18:00:00,2026-09-21 18:00:00,1005.0
20260921,180000,72W,48,2026,9,21,18,14.700000000000001,99.8,100600.0,2026-09-21 18:00:00,2026-09-21 18:00:00,1006.0
20260921,180000,72W,48,2026,9,21,18,15.6,97.5,100600.0,2026-09-21 18:00:00,2026-09-21 18:00:00,1006.0
20260921,180000,72W,48,2026,9,21,18,15.3,96.5,100700.0,2026-09-21 18:00:00,2026-09-21 18:00:00,1007.0
20260921,180000,72W,48,2026,9,21,18,15.0,96.7,100600.0,2026-09-21 18:00:00,2026-09-21 18:00:00,1006.0
20260921,180000,72W,48,2026,9,21,18,15.3,95.9,100600.0,2026-09-21 18:00:00,2026-09-21 18:00:00,1006.0
20260921,180000,72W,48,2026,9,21,18,15.9,95.0,100600.0,2026-09-21 18:00:00,2026-09-21 18:00:00,1006.0
20260921,180000,72W,48,2026,9,21,18,16.1,95.3,100800.0,2026-09-21 18:00:00,2026-09-21 18:00:00,1008.0
20260921,180000,72W,48,2026,9,21,18,15.9,94.2,100800.0,2026-09-21 18:00:00,2026-09-21 18:00:00,1008.0
20260921,180000,72W,48,2026,9,21,18,16.4,93.3,100900.0,2026-09-21 18:00:00,2026-09-21 18:00:00,1009.0
20260921,180000,72W,49,2026,9,21,18,12.200000000000001,142.5,100900.0,2026-09-21 18:00:00,2026-09-21 18:00:00,1009.0
20260921,180000,72W,49,2026,9,21,18,11.9,141.1,100700.0,2026-09-21 18:00:00,2026-09-21 18:00:00,1007.0
20260921,180000,72W,49,2026,9,21,18,12.5,141.4,100900.0,2026-09-21 18:00:00,2026-09-21 18:00:00,1009.0
20260921,180000,72W,49,2026,9,21,18,12.8,139.70000000000002,100700.0,2026-09-21 18:00:00,2026-09-21 18:00:00,1007.0
20260921,180000,72W,49,2026,9,21,18,13.3,140.0,100800.0,2026-09-21 18:00:00,2026-09-21 18:00:00,1008.0
20260921,180000,72W,49,2026,9,21,18,14.200000000000001,139.5,100500.0,2026-09-21 18:00:00,2026-09-21 18:00:00,1005.0
20260921,180000,72W,49,2026,9,21,18,13.6,138.3,100800.0,2026-09-21 18:00:00,2026-09-21 18:00:00,1008.0
20260921,180000,72W,49,2026,9,21,18,14.200000000000001,137.8,100500.0,2026-09-21 18:00:00,2026-09-21 18:00:00,1005.0
20260921,180000,72W,49,2026,9,21,18,14.200000000000001,136.1,100700.0,2026-09-21 18:00:00,2026-09-21 18:00:00,1007.0
20260921,180000,72W,49,2026,9,21,18,14.700000000000001,135.5,100300.0,2026-09-21 18:00:00,2026-09-21 18:00:00,1003.0
20260921,180000,72W,49,2026,9,21,18,16.7,133.3,100600.0,2026-09-21 18:00:00,2026-09-21 18:00:00,1006.0
20260921,180000,72W,49,2026,9,21,18,16.4,131.6,99700.0,2026-09-21 18:00:00,2026-09-21 18:00:00,997.0
20260921,180000,72W,49,2026,9,21,18,16.7,130.7,100000.0,2026-09-21 18:00:00,2026-09-21 18:00:00,1000.0
20260921,180000,72W,49,2026,9,21,18,17.0,130.2,99800.0,2026-09-21 18:00:00,2026-09-21 18:00:00,998.0
20260921,180000,72W,49,2026,9,21,18,17.3,128.8,99900.0,2026-09-21 18:00:00,2026-09-21 18:00:00,999.0
20260921,180000,72W,49,2026,9,21,18,17.6,127.4,99500.0,2026-09-21 18:00:00,2026-09-21 18:00:00,995.0
20260921,180000,72W,49,2026,9,21,18,17.8,126.5,99700.0,2026-09-21 18:00:00,2026-09-21 18:00:00,997.0
20260921,180000,72W,49,2026,9,21,18,18.400000000000002,125.7,99400.0,2026-09-21 18:00:00,2026-09-21 18:00:00,994.0
20260921,180000,72W,49,2026,9,21,18,18.7,124.8,99400.0,2026-09-21 18:00:00,2026-09-21 18:00:00,994.0
20260921,180000,72W,49,2026,9,21,18,19.0,124.0,99100.0,2026-09-21 18:00:00,2026-09-21 18:00:00,991.0
20260921,180000,72W,49,2026,9,21,18,19.5,123.10000000000001,99100.0,2026-09-21 18:00:00,2026-09-21 18:00:00,991.0
20260921,180000,72W,49,2026,9,21,18,19.8,122.60000000000001,98700.0,2026-09-21 18:00:00,2026-09-21 18:00:00,987.0
20260921,180000,72W,49,2026,9,21,18,20.400000000000002,121.7,98800.0,2026-09-21 18:00:00,2026-09-21 18:00:00,988.0
20260921,180000,72W,49,2026,9,21,18,20.900000000000002,120.9,98500.0,2026-09-21 18:00:00,2026-09-21 18:00:00,985.0
20260921,180000,72W,49,2026,9,21,18,20.900000000000002,120.0,99000.0,2026-09-21 18:00:00,2026-09-21 18:00:00,990.0
20260921,180000,72W,49,2026,9,21,18,21.2,119.2,99000.0,2026-09-21 18:00:00,2026-09-21 18:00:00,990.0
20260921,180000,72W,49,2026,9,21,18,21.8,118.4,99300.0,2026-09-21 18:00:00,2026-09-21 18:00:00,993.0
20260921,180000,72W,49,2026,9,21,18,22.1,117.2,99200.0,2026-09-21 18:00:00,2026-09-21 18:00:00,992.0
20260921,180000,72W,49,2026,9,21,18,22.3,116.7,100300.0,2026-09-21 18:00:00,2026-09-21 18:00:00,1003.0
20260921,180000,72W,49,2026,9,21,18,22.900000000000002,115.8,100200.0,2026-09-21 18:00:00,2026-09-21 18:00:00,1002.0
20260921,180000,72W,49,2026,9,21,18,24.0,115.8,101000.0,2026-09-21 18:00:00,2026-09-21 18:00:00,1010.0
20260921,180000,72W,49,2026,9,21,18,27.7,113.9,101200.0,2026-09-21 18:00:00,2026-09-21 18:00:00,1012.0
20260921,180000,72W,49,2026,9,21,18,28.3,114.7,100900.0,2026-09-21 18:00:00,2026-09-21 18:00:00,1009.0
20260921,180000,72W,49,2026,9,21,18,30.2,115.3,100900.0,2026-09-21 18:00:00,2026-09-21 18:00:00,1009.0
20260921,180000,72W,50,2026,9,21,18,12.8,154.6,101100.0,2026-09-21 18:00:00,2026-09-21 18:00:00,1011.0
20260921,180000,72W,50,2026,9,21,18,13.6,154.1,101000.0,2026-09-21 18:00:00,2026-09-21 18:00:00,1010.0
20260921,180000,72W,50,2026,9,21,18,11.9,153.0,100800.0,2026-09-21 18:00:00,2026-09-21 18:00:00,1008.0
20260921,180000,72W,50,2026,9,21,18,12.8,155.20000000000002,100800.0,2026-09-21 18:00:00,2026-09-21 18:00:00,1008.0
20260921,180000,72W,50,2026,9,21,18,14.5,156.9,101000.0,2026-09-21 18:00:00,2026-09-21 18:00:00,1010.0
20260921,180000,72W,50,2026,9,21,18,13.3,156.0,100800.0,2026-09-21 18:00:00,2026-09-21 18:00:00,1008.0
20260921,180000,72W,50,2026,9,21,18,14.700000000000001,155.8,101100.0,2026-09-21 18:00:00,2026-09-21 18:00:00,1011.0
20260921,180000,72W,50,2026,9,21,18,15.0,158.3,100900.0,2026-09-21 18:00:00,2026-09-21 18:00:00,1009.0
20260921,180000,72W,50,2026,9,21,18,15.6,160.3,101100.0,2026-09-21 18:00:00,2026-09-21 18:00:00,1011.0
20260921,180000,72W,50,2026,9,21,18,16.1,160.8,100900.0,2026-09-21 18:00:00,2026-09-21 18:00:00,1009.0
20260921,180000,72W,50,2026,9,21,18,15.6,162.0,101000.0,2026-09-21 18:00:00,2026-09-21 18:00:00,1010.0
20260921,180000,72W,50,2026,9,21,18,14.700000000000001,161.1,100900.0,2026-09-21 18:00:00,2026-09-21 18:00:00,1009.0
20260921,180000,72W,50,2026,9,21,18,15.9,159.1,100900.0,2026-09-21 18:00:00,2026-09-21 18:00:00,1009.0
20260921,180000,72W,50,2026,9,21,18,16.1,159.4,101100.0,2026-09-21 18:00:00,2026-09-21 18:00:00,1011.0
20260921,180000,72W,50,2026,9,21,18,15.9,156.6,100900.0,2026-09-21 18:00:00,2026-09-21 18:00:00,1009.0
20260921,180000,72W,50,2026,9,21,18,15.6,155.8,100900.0,2026-09-21 18:00:00,2026-09-21 18:00:00,1009.0
20260921,180000,72W,50,2026,9,21,18,15.3,154.9,100700.0,2026-09-21 18:00:00,2026-09-21 18:00:00,1007.0
20260921,180000,72W,50,2026,9,21,18,15.3,153.0,100600.0,2026-09-21 18:00:00,2026-09-21 18:00:00,1006.0
20260921,180000,72W,50,2026,9,21,18,15.0,151.8,100800.0,2026-09-21 18:00:00,2026-09-21 18:00:00,1008.0
20260921,180000,72W,50,2026,9,21,18,14.700000000000001,151.0,100700.0,2026-09-21 18:00:00,2026-09-21 18:00:00,1007.0
20260921,180000,72W,50,2026,9,21,18,15.3,148.5,100600.0,2026-09-21 18:00:00,2026-09-21 18:00:00,1006.0
20260921,180000,72W,50,2026,9,21,18,15.0,147.3,100900.0,2026-09-21 18:00:00,2026-09-21 18:00:00,1009.0
20260921,180000,72W,50,2026,9,21,18,14.700000000000001,146.5,100700.0,2026-09-21 18:00:00,2026-09-21 18:00:00,1007.0
20260921,180000,72W,50,2026,9,21,18,14.5,145.9,100800.0,2026-09-21 18:00:00,2026-09-21 18:00:00,1008.0
20260921,180000,72W,50,2026,9,21,18,15.3,145.4,100500.0,2026-09-21 18:00:00,2026-09-21 18:00:00,1005.0
20260921,180000,72W,50,2026,9,21,18,14.700000000000001,144.5,100800.0,2026-09-21 18:00:00,2026-09-21 18:00:00,1008.0
20260921,180000,72W,50,2026,9,21,18,16.1,143.1,100500.0,2026-09-21 18:00:00,2026-09-21 18:00:00,1005.0
20260921,180000,72W,50,2026,9,21,18,15.9,142.0,100800.0,2026-09-21 18:00:00,2026-09-21 18:00:00,1008.0
20260921,180000,72W,50,2026,9,21,18,15.6,141.4,100400.0,2026-09-21 18:00:00,2026-09-21 18:00:00,1004.0
20260921,180000,72W,50,2026,9,21,18,15.6,140.3,100600.0,2026-09-21 18:00:00,2026-09-21 18:00:00,1006.0
20260921,180000,72W,50,2026,9,21,18,16.4,138.6,100400.0,2026-09-21 18:00:00,2026-09-21 18:00:00,1004.0
20260921,180000,72W,50,2026,9,21,18,16.4,137.20000000000002,100600.0,2026-09-21 18:00:00,2026-09-21 18:00:00,1006.0
20260921,180000,72W,50,2026,9,21,18,15.0,136.4,100300.0,2026-09-21 18:00:00,2026-09-21 18:00:00,1003.0
20260921,180000,72W,50,2026,9,21,18,15.1,135.7,100500.0,2026-09-21 18:00:00,2026-09-21 18:00:00,1005.0
20260921,180000,72W,50,2026,9,21,18,14.700000000000001,135.0,100200.0,2026-09-21 18:00:00,2026-09-21 18:00:00,1002.0
20260921,180000,72W,50,2026,9,21,18,14.5,134.1,100300.0,2026-09-21 18:00:00,2026-09-21 18:00:00,1003.0
20260921,180000,72W,50,2026,9,21,18,14.700000000000001,133.3,100100.0,2026-09-21 18:00:00,2026-09-21 18:00:00,1001.0
20260921,180000,72W,50,2026,9,21,18,14.5,131.9,100200.0,2026-09-21 18:00:00,2026-09-21 18:00:00,1002.0
20260921,180000,72W,50,2026,9,21,18,14.5,130.5,99800.0,2026-09-21 18:00:00,2026-09-21 18:00:00,998.0
20260921,180000,72W,50,2026,9,21,18,14.5,128.5,99600.0,2026-09-21 18:00:00,2026-09-21 18:00:00,996.0
20260921,180000,72W,50,2026,9,21,18,13.9,126.8,99300.0,2026-09-21 18:00:00,2026-09-21 18:00:00,993.0
20260921,180000,72W,50,2026,9,21,18,13.6,126.0,99000.0,2026-09-21 18:00:00,2026-09-21 18:00:00,990.0
20260921,180000,72W,50,2026,9,21,18,13.6,124.5,98800.0,2026-09-21 18:00:00,2026-09-21 18:00:00,988.0
20260921,180000,72W,50,2026,9,21,18,13.3,122.9,98800.0,2026-09-21 18:00:00,2026-09-21 18:00:00,988.0
20260921,180000,72W,50,2026,9,21,18,13.200000000000001,121.3,98800.0,2026-09-21 18:00:00,2026-09-21 18:00:00,988.0
20260921,180000,72W,50,2026,9,21,18,13.3,120.0,98900.0,2026-09-21 18:00:00,2026-09-21 18:00:00,989.0
20260921,180000,72W,50,2026,9,21,18,13.9,118.4,98000.0,2026-09-21 18:00:00,2026-09-21 18:00:00,980.0
20260921,180000,72W,51,2026,9,21,18,15.6,169.0,100900.0,2026-09-21 18:00:00,2026-09-21 18:00:00,1009.0
20260921,180000,72W,51,2026,9,21,18,15.6,169.8,100800.0,2026-09-21 18:00:00,2026-09-21 18:00:00,1008.0
20260921,180000,72W,51,2026,9,21,18,16.1,170.1,100700.0,2026-09-21 18:00:00,2026-09-21 18:00:00,1007.0
20260921,180000,72W,51,2026,9,21,18,16.7,170.1,100500.0,2026-09-21 18:00:00,2026-09-21 18:00:00,1005.0
20260921,180000,72W,51,2026,9,21,18,17.3,170.4,100600.0,2026-09-21 18:00:00,2026-09-21 18:00:00,1006.0
20260921,180000,72W,51,2026,9,21,18,18.400000000000002,170.70000000000002,100400.0,2026-09-21 18:00:00,2026-09-21 18:00:00,1004.0
20260921,180000,72W,51,2026,9,21,18,19.2,171.0,100600.0,2026-09-21 18:00:00,2026-09-21 18:00:00,1006.0
20260921,180000,72W,51,2026,9,21,18,19.8,170.4,100600.0,2026-09-21 18:00:00,2026-09-21 18:00:00,1006.0
20260921,180000,72W,51,2026,9,21,18,20.900000000000002,170.4,100800.0,2026-09-21 18:00:00,2026-09-21 18:00:00,1008.0
20260921,180000,72W,51,2026,9,21,18,21.8,170.4,100800.0,2026-09-21 18:00:00,2026-09-21 18:00:00,1008.0
20260921,180000,72W,51,2026,9,21,18,22.900000000000002,170.1,100800.0,2026-09-21 18:00:00,2026-09-21 18:00:00,1008.0
20260921,180000,72W,51,2026,9,21,18,23.8,169.8,100700.0,2026-09-21 18:00:00,2026-09-21 18:00:00,1007.0
20260921,180000,72W,51,2026,9,21,18,24.3,169.5,100800.0,2026-09-21 18:00:00,2026-09-21 18:00:00,1008.0
20260921,180000,72W,51,2026,9,21,18,26.2,169.6,100600.0,2026-09-21 18:00:00,2026-09-21 18:00:00,1006.0
20260921,180000,72W,51,2026,9,21,18,27.400000000000002,169.5,100700.0,2026-09-21 18:00:00,2026-09-21 18:00:00,1007.0
20260921,180000,72W,51,2026,9,21,18,28.8,170.70000000000002,100500.0,2026-09-21 18:00:00,2026-09-21 18:00:00,1005.0
20260921,180000,72W,52,2026,9,21,18,10.8,106.8,100800.0,2026-09-21 18:00:00,2026-09-21 18:00:00,1008.0
20260921,180000,72W,52,2026,9,21,18,10.1,107.8,100800.0,2026-09-21 18:00:00,2026-09-21 18:00:00,1008.0
20260921,180000,72W,52,2026,9,21,18,10.200000000000001,107.5,100800.0,2026-09-21 18:00:00,2026-09-21 18:00:00,1008.0
20260921,180000,72W,52,2026,9,21,18,10.8,106.3,100800.0,2026-09-21 18:00:00,2026-09-21 18:00:00,1008.0
20260921,180000,72W,52,2026,9,21,18,10.200000000000001,104.10000000000001,100800.0,2026-09-21 18:00:00,2026-09-21 18:00:00,1008.0
20260921,180000,72W,52,2026,9,21,18,11.9,105.10000000000001,100800.0,2026-09-21 18:00:00,2026-09-21 18:00:00,1008.0
20260921,180000,72W,52,2026,9,21,18,13.200000000000001,103.8,100700.0,2026-09-21 18:00:00,2026-09-21 18:00:00,1007.0
20260921,180000,72W,52,2026,9,21,18,13.200000000000001,103.60000000000001,100700.0,2026-09-21 18:00:00,2026-09-21 18:00:00,1007.0
20260921,180000,72W,52,2026,9,21,18,14.200000000000001,101.2,100800.0,2026-09-21 18:00:00,2026-09-21 18:00:00,1008.0
20260921,180000,72W,52,2026,9,21,18,14.200000000000001,101.2,100700.0,2026-09-21 18:00:00,2026-09-21 18:00:00,1007.0
20260921,180000,72W,52,2026,9,21,18,14.200000000000001,101.2,100700.0,2026-09-21 18:00:00,2026-09-21 18:00:00,1007.0
20260921,180000,72W,52,2026,9,21,18,14.0,100.8,100600.0,2026-09-21 18:00:00,2026-09-21 18:00:00,1006.0
20260921,180000,72W,52,2026,9,21,18,14.200000000000001,100.7,100700.0,2026-09-21 18:00:00,2026-09-21 18:00:00,1007.0
20260921,180000,72W,52,2026,9,21,18,14.5,100.5,100700.0,2026-09-21 18:00:00,2026-09-21 18:00:00,1007.0
20260921,180000,72W,52,2026,9,21,18,15.0,100.3,100600.0,2026-09-21 18:00:00,2026-09-21 18:00:00,1006.0
20260921,180000,72W,52,2026,9,21,18,14.700000000000001,97.5,100600.0,2026-09-21 18:00:00,2026-09-21 18:00:00,1006.0
20260921,180000,72W,52,2026,9,21,18,14.700000000000001,97.5,100500.0,2026-09-21 18:00:00,2026-09-21 18:00:00,1005.0
20260921,180000,72W,52,2026,9,21,18,17.6,96.7,100400.0,2026-09-21 18:00:00,2026-09-21 18:00:00,1004.0
20260921,180000,72W,52,2026,9,21,18,15.3,97.5,100400.0,2026-09-21 18:00:00,2026-09-21 18:00:00,1004.0
20260921,180000,72W,52,2026,9,21,18,15.6,97.5,100400.0,2026-09-21 18:00:00,2026-09-21 18:00:00,1004.0
20260921,180000,72W,52,2026,9,21,18,16.7,97.3,100600.0,2026-09-21 18:00:00,2026-09-21 18:00:00,1006.0
20260921,180000,72W,52,2026,9,21,18,17.7,96.4,100600.0,2026-09-21 18:00:00,2026-09-21 18:00:00,1006.0
20260921,180000,72W,52,2026,9,21,18,18.400000000000002,95.0,100900.0,2026-09-21 18:00:00,2026-09-21 18:00:00,1009.0
20260921,180000,72W,52,2026,9,21,18,18.400000000000002,95.0,100900.0,2026-09-21 18:00:00,2026-09-21 18:00:00,1009.0
20260921,180000,72W,52,2026,9,21,18,18.400000000000002,95.0,101000.0,2026-09-21 18:00:00,2026-09-21 18:00:00,1010.0
20260921,180000,72W,52,2026,9,21,18,22.900000000000002,94.5,101100.0,2026-09-21 18:00:00,2026-09-21 18:00:00,1011.0
20260921,180000,72W,52,2026,9,21,18,22.900000000000002,94.9,101100.0,2026-09-21 18:00:00,2026-09-21 18:00:00,1011.0
20260921,180000,73W,1,2026,9,21,18,15.6,160.0,100500.0,2026-09-21 18:00:00,2026-09-21 18:00:00,1005.0
20260921,180000,73W,1,2026,9,21,18,15.9,162.5,100800.0,2026-09-21 18:00:00,2026-09-21 18:00:00,1008.0
20260921,180000,73W,1,2026,9,21,18,15.3,163.4,100400.0,2026-09-21 18:00:00,2026-09-21 18:00:00,1004.0
20260921,180000,73W,1,2026,9,21,18,15.6,163.9,100300.0,2026-09-21 18:00:00,2026-09-21 18:00:00,1003.0
20260921,180000,73W,1,2026,9,21,18,15.6,165.0,99900.0,2026-09-21 18:00:00,2026-09-21 18:00:00,999.0
20260921,180000,73W,1,2026,9,21,18,15.9,166.20000000000002,99700.0,2026-09-21 18:00:00,2026-09-21 18:00:00,997.0
20260921,180000,73W,1,2026,9,21,18,16.7,167.0,99300.0,2026-09-21 18:00:00,2026-09-21 18:00:00,993.0
20260921,180000,73W,1,2026,9,21,18,17.0,167.9,99400.0,2026-09-21 18:00:00,2026-09-21 18:00:00,994.0
20260921,180000,73W,1,2026,9,21,18,18.400000000000002,167.9,99300.0,2026-09-21 18:00:00,2026-09-21 18:00:00,993.0
20260921,180000,73W,1,2026,9,21,18,19.8,167.0,98900.0,2026-09-21 18:00:00,2026-09-21 18:00:00,989.0
20260921,180000,73W,1,2026,9,21,18,20.7,166.5,98600.0,2026-09-21 18:00:00,2026-09-21 18:00:00,986.0
20260921,180000,73W,1,2026,9,21,18,21.5,165.9,98600.0,2026-09-21 18:00:00,2026-09-21 18:00:00,986.0
20260921,180000,73W,1,2026,9,21,18,22.3,165.0,98400.0,2026-09-21 18:00:00,2026-09-21 18:00:00,984.0
20260921,180000,73W,1,2026,9,21,18,23.2,163.9,98100.0,2026-09-21 18:00:00,2026-09-21 18:00:00,981.0
20260921,180000,73W,1,2026,9,21,18,24.3,163.4,98000.0,2026-09-21 18:00:00,2026-09-21 18:00:00,980.0
20260921,180000,73W,1,2026,9,21,18,25.2,162.5,97900.0,2026-09-21 18:00:00,2026-09-21 18:00:00,979.0
20260921,180000,73W,1,2026,9,21,18,26.6,161.70000000000002,97600.0,2026-09-21 18:00:00,2026-09-21 18:00:00,976.0
20260921,180000,73W,1,2026,9,21,18,27.7,161.4,97300.0,2026-09-21 18:00:00,2026-09-21 18:00:00,973.0
20260921,180000,73W,1,2026,9,21,18,28.8,161.1,97000.0,2026-09-21 18:00:00,2026-09-21 18:00:00,970.0
20260921,180000,73W,2,2026,9,21,18,13.6,170.70000000000002,100800.0,2026-09-21 18:00:00,2026-09-21 18:00:00,1008.0
20260921,180000,73W,2,2026,9,21,18,13.9,171.0,101000.0,2026-09-21 18:00:00,2026-09-21 18:00:00,1010.0
20260921,180000,73W,2,2026,9,21,18,18.400000000000002,170.70000000000002,101000.0,2026-09-21 18:00:00,2026-09-21 18:00:00,1010.0
20260921,180000,73W,2,2026,9,21,18,20.400000000000002,170.4,101200.0,2026-09-21 18:00:00,2026-09-21 18:00:00,1012.0
20260921,180000,73W,2,2026,9,21,18,23.2,171.0,101300.0,2026-09-21 18:00:00,2026-09-21 18:00:00,1013.0
20260921,180000,73W,2,2026,9,21,18,23.5,170.4,101300.0,2026-09-21 18:00:00,2026-09-21 18:00:00,1013.0
20260921,180000,73W,3,2026,9,21,18,14.700000000000001,167.3,100900.0,2026-09-21 18:00:00,2026-09-21 18:00:00,1009.0
20260921,180000,73W,3,2026,9,21,18,14.5,164.20000000000002,100900.0,2026-09-21 18:00:00,2026-09-21 18:00:00,1009.0
20260921,180000,73W,3,2026,9,21,18,15.3,164.8,100900.0,2026-09-21 18:00:00,2026-09-21 18:00:00,1009.0
20260921,180000,73W,4,2026,9,21,18,13.9,154.9,101000.0,2026-09-21 18:00:00,2026-09-21 18:00:00,1010.0
20260921,180000,73W,4,2026,9,21,18,13.6,154.1,101000.0,2026-09-21 18:00:00,2026-09-21 18:00:00,1010.0
20260921,180000,73W,4,2026,9,21,18,13.6,154.4,100800.0,2026-09-21 18:00:00,2026-09-21 18:00:00,1008.0
20260921,180000,73W,4,2026,9,21,18,15.6,154.1,100900.0,2026-09-21 18:00:00,2026-09-21 18:00:00,1009.0
20260921,180000,73W,4,2026,9,21,18,16.3,151.4,101000.0,2026-09-21 18:00:00,2026-09-21 18:00:00,1010.0
20260921,180000,73W,4,2026,9,21,18,17.3,150.70000000000002,100600.0,2026-09-21 18:00:00,2026-09-21 18:00:00,1006.0
20260921,180000,73W,4,2026,9,21,18,17.3,149.3,100700.0,2026-09-21 18:00:00,2026-09-21 18:00:00,1007.0
20260921,180000,73W,4,2026,9,21,18,18.400000000000002,148.20000000000002,100400.0,2026-09-21 18:00:00,2026-09-21 18:00:00,1004.0
20260921,180000,73W,4,2026,9,21,18,17.8,146.8,100500.0,2026-09-21 18:00:00,2026-09-21 18:00:00,1005.0
20260921,180000,73W,4,2026,9,21,18,17.0,146.20000000000002,100100.0,2026-09-21 18:00:00,2026-09-21 18:00:00,1001.0
20260921,180000,73W,4,2026,9,21,18,16.1,146.20000000000002,100200.0,2026-09-21 18:00:00,2026-09-21 18:00:00,1002.0
20260921,180000,73W,4,2026,9,21,18,16.5,147.20000000000002,99800.0,2026-09-21 18:00:00,2026-09-21 18:00:00,998.0
20260921,180000,73W,4,2026,9,21,18,17.400000000000002,148.0,99800.0,2026-09-21 18:00:00,2026-09-21 18:00:00,998.0
20260921,180000,73W,4,2026,9,21,18,18.7,148.70000000000002,99500.0,2026-09-21 18:00:00,2026-09-21 18:00:00,995.0
20260921,180000,73W,4,2026,9,21,18,19.8,148.20000000000002,99500.0,2026-09-21 18:00:00,2026-09-21 18:00:00,995.0
20260921,180000,73W,4,2026,9,21,18,20.400000000000002,149.0,99100.0,2026-09-21 18:00:00,2026-09-21 18:00:00,991.0
20260921,180000,73W,4,2026,9,21,18,22.1,149.0,99000.0,2026-09-21 18:00:00,2026-09-21 18:00:00,990.0
20260921,180000,73W,4,2026,9,21,18,22.900000000000002,149.0,98900.0,2026-09-21 18:00:00,2026-09-21 18:00:00,989.0
20260921,180000,73W,4,2026,9,21,18,24.900000000000002,149.3,99000.0,2026-09-21 18:00:00,2026-09-21 18:00:00,990.0
20260921,180000,73W,4,2026,9,21,18,25.8,148.70000000000002,98700.0,2026-09-21 18:00:00,2026-09-21 18:00:00,987.0
20260921,180000,73W,4,2026,9,21,18,26.8,149.3,98700.0,2026-09-21 18:00:00,2026-09-21 18:00:00,987.0
20260921,180000,73W,4,2026,9,21,18,29.0,148.9,98100.0,2026-09-21 18:00:00,2026-09-21 18:00:00,981.0
20260921,180000,73W,4,2026,9,21,18,30.2,149.5,98000.0,2026-09-21 18:00:00,2026-09-21 18:00:00,980.0
20260921,180000,73W,4,2026,9,21,18,33.0,150.1,97700.0,2026-09-21 18:00:00,2026-09-21 18:00:00,977.0
20260921,180000,73W,4,2026,9,21,18,35.300000000000004,151.0,97300.0,2026-09-21 18:00:00,2026-09-21 18:00:00,973.0
20260921,180000,73W,4,2026,9,21,18,38.1,151.5,96900.0,2026-09-21 18:00:00,2026-09-21 18:00:00,969.0
20260921,180000,73W,4,2026,9,21,18,41.2,153.0,96900.0,2026-09-21 18:00:00,2026-09-21 18:00:00,969.0
20260921,180000,73W,4,2026,9,21,18,44.0,154.1,96700.0,2026-09-21 18:00:00,2026-09-21 18:00:00,967.0
20260921,180000,73W,4,2026,9,21,18,46.1,156.8,96900.0,2026-09-21 18:00:00,2026-09-21 18:00:00,969.0
20260921,180000,73W,4,2026,9,21,18,47.300000000000004,159.0,97100.0,2026-09-21 18:00:00,2026-09-21 18:00:00,971.0
20260921,180000,73W,4,2026,9,21,18,47.5,161.3,97600.0,2026-09-21 18:00:00,2026-09-21 18:00:00,976.0
20260921,180000,73W,4,2026,9,21,18,47.800000000000004,164.9,97900.0,2026-09-21 18:00:00,2026-09-21 18:00:00,979.0
20260921,180000,73W,5,2026,9,21,18,13.0,168.1,100600.0,2026-09-21 18:00:00,2026-09-21 18:00:00,1006.0
20260921,180000,73W,6,2026,9,21,18,18.400000000000002,166.70000000000002,101200.0,2026-09-21 18:00:00,2026-09-21 18:00:00,1012.0
20260921,180000,73W,6,2026,9,21,18,19.5,163.9,101000.0,2026-09-21 18:00:00,2026-09-21 18:00:00,1010.0
20260921,180000,73W,6,2026,9,21,18,18.400000000000002,160.3,100900.0,2026-09-21 18:00:00,2026-09-21 18:00:00,1009.0
20260921,180000,73W,6,2026,9,21,18,19.2,159.4,101000.0,2026-09-21 18:00:00,2026-09-21 18:00:00,1010.0
20260921,180000,73W,6,2026,9,21,18,19.5,155.5,100800.0,2026-09-21 18:00:00,2026-09-21 18:00:00,1008.0
20260921,180000,73W,7,2026,9,21,18,16.4,154.4,101000.0,2026-09-21 18:00:00,2026-09-21 18:00:00,1010.0
20260921,180000,73W,7,2026,9,21,18,14.5,155.20000000000002,100800.0,2026-09-21 18:00:00,2026-09-21 18:00:00,1008.0
20260921,180000,73W,7,2026,9,21,18,15.9,155.20000000000002,101000.0,2026-09-21 18:00:00,2026-09-21 18:00:00,1010.0
20260921,180000,73W,7,2026,9,21,18,14.700000000000001,156.3,100900.0,2026-09-21 18:00:00,2026-09-21 18:00:00,1009.0
20260921,180000,73W,7,2026,9,21,18,15.3,156.3,100700.0,2026-09-21 18:00:00,2026-09-21 18:00:00,1007.0
20260921,180000,73W,7,2026,9,21,18,16.1,155.8,100600.0,2026-09-21 18:00:00,2026-09-21 18:00:00,1006.0
20260921,180000,73W,7,2026,9,21,18,16.7,153.0,100500.0,2026-09-21 18:00:00,2026-09-21 18:00:00,1005.0
20260921,180000,73W,7,2026,9,21,18,15.6,150.1,100600.0,2026-09-21 18:00:00,2026-09-21 18:00:00,1006.0
20260921,180000,73W,7,2026,9,21,18,15.3,150.1,100200.0,2026-09-21 18:00:00,2026-09-21 18:00:00,1002.0
20260921,180000,73W,7,2026,9,21,18,16.0,150.0,100300.0,2026-09-21 18:00:00,2026-09-21 18:00:00,1003.0
20260921,180000,73W,7,2026,9,21,18,16.1,148.70000000000002,100100.0,2026-09-21 18:00:00,2026-09-21 18:00:00,1001.0
20260921,180000,73W,7,2026,9,21,18,17.0,147.6,100300.0,2026-09-21 18:00:00,2026-09-21 18:00:00,1003.0
20260921,180000,73W,7,2026,9,21,18,16.1,144.8,100000.0,2026-09-21 18:00:00,2026-09-21 18:00:00,1000.0
20260921,180000,73W,7,2026,9,21,18,16.4,145.4,100200.0,2026-09-21 18:00:00,2026-09-21 18:00:00,1002.0
20260921,180000,73W,7,2026,9,21,18,17.8,142.8,100000.0,2026-09-21 18:00:00,2026-09-21 18:00:00,1000.0
20260921,180000,73W,7,2026,9,21,18,17.3,142.0,100100.0,2026-09-21 18:00:00,2026-09-21 18:00:00,1001.0
20260921,180000,73W,7,2026,9,21,18,16.9,140.4,99800.0,2026-09-21 18:00:00,2026-09-21 18:00:00,998.0
20260921,180000,73W,7,2026,9,21,18,18.0,140.0,99900.0,2026-09-21 18:00:00,2026-09-21 18:00:00,999.0
20260921,180000,73W,7,2026,9,21,18,18.7,140.0,99600.0,2026-09-21 18:00:00,2026-09-21 18:00:00,996.0
20260921,180000,73W,7,2026,9,21,18,18.400000000000002,138.3,99700.0,2026-09-21 18:00:00,2026-09-21 18:00:00,997.0
20260921,180000,73W,7,2026,9,21,18,19.1,137.70000000000002,99300.0,2026-09-21 18:00:00,2026-09-21 18:00:00,993.0
20260921,180000,73W,7,2026,9,21,18,18.8,137.20000000000002,99400.0,2026-09-21 18:00:00,2026-09-21 18:00:00,994.0
20260921,180000,73W,7,2026,9,21,18,19.0,137.20000000000002,98800.0,2026-09-21 18:00:00,2026-09-21 18:00:00,988.0
20260921,180000,73W,7,2026,9,21,18,19.5,137.1,98800.0,2026-09-21 18:00:00,2026-09-21 18:00:00,988.0
20260921,180000,73W,7,2026,9,21,18,20.1,136.6,98500.0,2026-09-21 18:00:00,2026-09-21 18:00:00,985.0
20260921,180000,73W,7,2026,9,21,18,20.400000000000002,136.6,98400.0,2026-09-21 18:00:00,2026-09-21 18:00:00,984.0
20260921,180000,73W,7,2026,9,21,18,20.7,136.4,98100.0,2026-09-21 18:00:00,2026-09-21 18:00:00,981.0
20260921,180000,73W,7,2026,9,21,18,21.5,136.4,98000.0,2026-09-21 18:00:00,2026-09-21 18:00:00,980.0
20260921,180000,73W,7,2026,9,21,18,22.1,136.1,97700.0,2026-09-21 18:00:00,2026-09-21 18:00:00,977.0
20260921,180000,73W,7,2026,9,21,18,22.6,136.1,97200.0,2026-09-21 18:00:00,2026-09-21 18:00:00,972.0
20260921,180000,73W,7,2026,9,21,18,23.5,136.1,96700.0,2026-09-21 18:00:00,2026-09-21 18:00:00,967.0
20260921,180000,73W,7,2026,9,21,18,24.3,135.2,96400.0,2026-09-21 18:00:00,2026-09-21 18:00:00,964.0
20260921,180000,73W,7,2026,9,21,18,24.6,135.0,96000.0,2026-09-21 18:00:00,2026-09-21 18:00:00,960.0
20260921,180000,73W,7,2026,9,21,18,25.2,134.4,96500.0,2026-09-21 18:00:00,2026-09-21 18:00:00,965.0
20260921,180000,73W,7,2026,9,21,18,25.7,133.8,96400.0,2026-09-21 18:00:00,2026-09-21 18:00:00,964.0
20260921,180000,73W,8,2026,9,21,18,8.8,105.4,100800.0,2026-09-21 18:00:00,2026-09-21 18:00:00,1008.0
20260921,180000,73W,8,2026,9,21,18,10.5,106.8,100800.0,2026-09-21 18:00:00,2026-09-21 18:00:00,1008.0
20260921,180000,73W,8,2026,9,21,18,10.200000000000001,104.3,100800.0,2026-09-21 18:00:00,2026-09-21 18:00:00,1008.0
20260921,180000,73W,8,2026,9,21,18,11.1,103.7,100800.0,2026-09-21 18:00:00,2026-09-21 18:00:00,1008.0
20260921,180000,73W,9,2026,9,21,18,18.1,167.3,100900.0,2026-09-21 18:00:00,2026-09-21 18:00:00,1009.0
20260921,180000,73W,9,2026,9,21,18,17.6,164.8,101100.0,2026-09-21 18:00:00,2026-09-21 18:00:00,1011.0
20260921,180000,73W,9,2026,9,21,18,18.1,164.0,100900.0,2026-09-21 18:00:00,2026-09-21 18:00:00,1009.0
20260921,180000,73W,9,2026,9,21,18,18.7,165.6,101100.0,2026-09-21 18:00:00,2026-09-21 18:00:00,1011.0
20260921,180000,73W,9,2026,9,21,18,19.0,164.5,101000.0,2026-09-21 18:00:00,2026-09-21 18:00:00,1010.0
20260921,180000,73W,9,2026,9,21,18,19.2,164.20000000000002,101100.0,2026-09-21 18:00:00,2026-09-21 18:00:00,1011.0
20260921,180000,73W,9,2026,9,21,18,19.5,162.5,100900.0,2026-09-21 18:00:00,2026-09-21 18:00:00,1009.0
20260921,180000,73W,9,2026,9,21,18,18.400000000000002,159.4,100800.0,2026-09-21 18:00:00,2026-09-21 18:00:00,1008.0
20260921,180000,73W,9,2026,9,21,18,17.6,158.6,100900.0,2026-09-21 18:00:00,2026-09-21 18:00:00,1009.0
20260921,180000,73W,9,2026,9,21,18,16.7,157.70000000000002,100600.0,2026-09-21 18:00:00,2026-09-21 18:00:00,1006.0
20260921,180000,73W,9,2026,9,21,18,16.1,157.70000000000002,100800.0,2026-09-21 18:00:00,2026-09-21 18:00:00,1008.0
20260921,180000,73W,9,2026,9,21,18,15.6,157.5,100500.0,2026-09-21 18:00:00,2026-09-21 18:00:00,1005.0
20260921,180000,73W,9,2026,9,21,18,16.1,157.20000000000002,100600.0,2026-09-21 18:00:00,2026-09-21 18:00:00,1006.0
20260921,180000,73W,9,2026,9,21,18,15.6,156.6,100300.0,2026-09-21 18:00:00,2026-09-21 18:00:00,1003.0
20260921,180000,73W,9,2026,9,21,18,15.9,156.0,100500.0,2026-09-21 18:00:00,2026-09-21 18:00:00,1005.0
20260921,180000,73W,9,2026,9,21,18,15.9,154.9,100000.0,2026-09-21 18:00:00,2026-09-21 18:00:00,1000.0
20260921,180000,73W,9,2026,9,21,18,16.4,154.6,100300.0,2026-09-21 18:00:00,2026-09-21 18:00:00,1003.0
20260921,180000,73W,9,2026,9,21,18,15.9,152.4,99800.0,2026-09-21 18:00:00,2026-09-21 18:00:00,998.0
20260921,180000,73W,9,2026,9,21,18,17.0,152.70000000000002,100100.0,2026-09-21 18:00:00,2026-09-21 18:00:00,1001.0
20260921,180000,73W,9,2026,9,21,18,16.4,151.3,99700.0,2026-09-21 18:00:00,2026-09-21 18:00:00,997.0
20260921,180000,73W,9,2026,9,21,18,18.1,150.4,99900.0,2026-09-21 18:00:00,2026-09-21 18:00:00,999.0
20260921,180000,73W,9,2026,9,21,18,18.1,151.20000000000002,99400.0,2026-09-21 18:00:00,2026-09-21 18:00:00,994.0
20260921,180000,73W,9,2026,9,21,18,18.5,151.4,99500.0,2026-09-21 18:00:00,2026-09-21 18:00:00,995.0
20260921,180000,73W,9,2026,9,21,18,18.7,151.5,99000.0,2026-09-21 18:00:00,2026-09-21 18:00:00,990.0
20260921,180000,73W,9,2026,9,21,18,19.2,152.4,98900.0,2026-09-21 18:00:00,2026-09-21 18:00:00,989.0
20260921,180000,73W,9,2026,9,21,18,20.400000000000002,151.8,98500.0,2026-09-21 18:00:00,2026-09-21 18:00:00,985.0
20260921,180000,73W,9,2026,9,21,18,20.7,152.4,98400.0,2026-09-21 18:00:00,2026-09-21 18:00:00,984.0
20260921,180000,73W,9,2026,9,21,18,21.2,152.4,97900.0,2026-09-21 18:00:00,2026-09-21 18:00:00,979.0
20260921,180000,73W,9,2026,9,21,18,21.8,152.4,98100.0,2026-09-21 18:00:00,2026-09-21 18:00:00,981.0
20260921,180000,73W,9,2026,9,21,18,22.3,152.70000000000002,97700.0,2026-09-21 18:00:00,2026-09-21 18:00:00,977.0
20260921,180000,73W,9,2026,9,21,18,22.900000000000002,152.4,97400.0,2026-09-21 18:00:00,2026-09-21 18:00:00,974.0
20260921,180000,73W,9,2026,9,21,18,23.5,151.5,97300.0,2026-09-21 18:00:00,2026-09-21 18:00:00,973.0
20260921,180000,73W,9,2026,9,21,18,24.0,151.0,97300.0,2026-09-21 18:00:00,2026-09-21 18:00:00,973.0
20260921,180000,73W,9,2026,9,21,18,25.2,150.4,97000.0,2026-09-21 18:00:00,2026-09-21 18:00:00,970.0
20260921,180000,73W,9,2026,9,21,18,26.6,149.6,97200.0,2026-09-21 18:00:00,2026-09-21 18:00:00,972.0
20260921,180000,73W,9,2026,9,21,18,27.7,149.3,97000.0,2026-09-21 18:00:00,2026-09-21 18:00:00,970.0
20260921,180000,73W,9,2026,9,21,18,29.7,148.70000000000002,97400.0,2026-09-21 18:00:00,2026-09-21 18:00:00,974.0
20260921,180000,73W,9,2026,9,21,18,31.400000000000002,148.70000000000002,97400.0,2026-09-21 18:00:00,2026-09-21 18:00:00,974.0
20260921,180000,73W,9,2026,9,21,18,33.6,150.1,97600.0,2026-09-21 18:00:00,2026-09-21 18:00:00,976.0
20260921,180000,73W,9,2026,9,21,18,36.4,152.70000000000002,97700.0,2026-09-21 18:00:00,2026-09-21 18:00:00,977.0
20260921,180000,73W,10,2026,9,21,18,10.8,165.3,101100.0,2026-09-21 18:00:00,2026-09-21 18:00:00,1011.0
20260921,180000,73W,10,2026,9,21,18,11.9,162.5,100900.0,2026-09-21 18:00:00,2026-09-21 18:00:00,1009.0
20260921,180000,73W,11,2026,9,21,18,14.700000000000001,150.4,101100.0,2026-09-21 18:00:00,2026-09-21 18:00:00,1011.0
20260921,180000,73W,11,2026,9,21,18,15.0,150.4,100900.0,2026-09-21 18:00:00,2026-09-21 18:00:00,1009.0
20260921,180000,73W,11,2026,9,21,18,15.0,150.4,101200.0,2026-09-21 18:00:00,2026-09-21 18:00:00,1012.0
20260921,180000,73W,11,2026,9,21,18,15.9,150.4,100900.0,2026-09-21 18:00:00,2026-09-21 18:00:00,1009.0
20260921,180000,73W,11,2026,9,21,18,14.700000000000001,150.4,101200.0,2026-09-21 18:00:00,2026-09-21 18:00:00,1012.0
20260921,180000,73W,11,2026,9,21,18,14.700000000000001,151.3,101000.0,2026-09-21 18:00:00,2026-09-21 18:00:00,1010.0
20260921,180000,73W,11,2026,9,21,18,14.8,150.9,101100.0,2026-09-21 18:00:00,2026-09-21 18:00:00,1011.0
20260921,180000,73W,11,2026,9,21,18,14.700000000000001,151.0,100800.0,2026-09-21 18:00:00,2026-09-21 18:00:00,1008.0
20260921,180000,73W,11,2026,9,21,18,14.200000000000001,151.3,101000.0,2026-09-21 18:00:00,2026-09-21 18:00:00,1010.0
20260921,180000,73W,11,2026,9,21,18,13.3,151.5,100900.0,2026-09-21 18:00:00,2026-09-21 18:00:00,1009.0
20260921,180000,73W,11,2026,9,21,18,12.8,153.0,100600.0,2026-09-21 18:00:00,2026-09-21 18:00:00,1006.0
20260921,180000,73W,11,2026,9,21,18,12.8,153.8,100800.0,2026-09-21 18:00:00,2026-09-21 18:00:00,1008.0
20260921,180000,73W,11,2026,9,21,18,12.5,155.8,100700.0,2026-09-21 18:00:00,2026-09-21 18:00:00,1007.0
20260921,180000,73W,12,2026,9,21,18,18.1,172.4,101000.0,2026-09-21 18:00:00,2026-09-21 18:00:00,1010.0
20260921,180000,73W,12,2026,9,21,18,19.5,172.4,100800.0,2026-09-21 18:00:00,2026-09-21 18:00:00,1008.0
20260921,180000,73W,12,2026,9,21,18,20.1,171.5,101000.0,2026-09-21 18:00:00,2026-09-21 18:00:00,1010.0
20260921,180000,73W,12,2026,9,21,18,21.2,170.4,100800.0,2026-09-21 18:00:00,2026-09-21 18:00:00,1008.0
20260921,180000,73W,12,2026,9,21,18,21.5,169.8,101000.0,2026-09-21 18:00:00,2026-09-21 18:00:00,1010.0
20260921,180000,73W,12,2026,9,21,18,22.3,169.3,101000.0,2026-09-21 18:00:00,2026-09-21 18:00:00,1010.0
20260921,180000,73W,12,2026,9,21,18,22.6,168.70000000000002,101000.0,2026-09-21 18:00:00,2026-09-21 18:00:00,1010.0
20260921,180000,73W,12,2026,9,21,18,22.900000000000002,167.9,100800.0,2026-09-21 18:00:00,2026-09-21 18:00:00,1008.0
20260921,180000,73W,12,2026,9,21,18,24.2,166.8,101000.0,2026-09-21 18:00:00,2026-09-21 18:00:00,1010.0
20260921,180000,73W,13,2026,9,21,18,15.200000000000001,170.20000000000002,100800.0,2026-09-21 18:00:00,2026-09-21 18:00:00,1008.0
20260921,180000,73W,13,2026,9,21,18,14.700000000000001,169.5,100900.0,2026-09-21 18:00:00,2026-09-21 18:00:00,1009.0
20260921,180000,73W,13,2026,9,21,18,16.1,171.9,100800.0,2026-09-21 18:00:00,2026-09-21 18:00:00,1008.0
20260921,180000,73W,13,2026,9,21,18,16.4,172.6,100600.0,2026-09-21 18:00:00,2026-09-21 18:00:00,1006.0
20260921,180000,73W,13,2026,9,21,18,17.400000000000002,172.8,100700.0,2026-09-21 18:00:00,2026-09-21 18:00:00,1007.0
20260921,180000,73W,13,2026,9,21,18,18.7,172.9,100400.0,2026-09-21 18:00:00,2026-09-21 18:00:00,1004.0
20260921,180000,73W,13,2026,9,21,18,19.8,172.9,100600.0,2026-09-21 18:00:00,2026-09-21 18:00:00,1006.0
20260921,180000,73W,13,2026,9,21,18,20.400000000000002,172.6,100500.0,2026-09-21 18:00:00,2026-09-21 18:00:00,1005.0
20260921,180000,73W,13,2026,9,21,18,21.2,172.9,100700.0,2026-09-21 18:00:00,2026-09-21 18:00:00,1007.0
20260921,180000,73W,13,2026,9,21,18,22.3,172.6,100600.0,2026-09-21 18:00:00,2026-09-21 18:00:00,1006.0
20260921,180000,73W,13,2026,9,21,18,23.5,171.0,100600.0,2026-09-21 18:00:00,2026-09-21 18:00:00,1006.0
20260921,180000,73W,13,2026,9,21,18,23.900000000000002,170.20000000000002,100800.0,2026-09-21 18:00:00,2026-09-21 18:00:00,1008.0
20260921,180000,73W,13,2026,9,21,18,24.3,170.1,100700.0,2026-09-21 18:00:00,2026-09-21 18:00:00,1007.0
20260921,180000,73W,14,2026,9,21,18,15.3,171.5,101000.0,2026-09-21 18:00:00,2026-09-21 18:00:00,1010.0
20260921,180000,73W,14,2026,9,21,18,17.8,170.4,100800.0,2026-09-21 18:00:00,2026-09-21 18:00:00,1008.0
20260921,180000,73W,14,2026,9,21,18,17.6,171.5,100700.0,2026-09-21 18:00:00,2026-09-21 18:00:00,1007.0
20260921,180000,73W,14,2026,9,21,18,18.5,170.1,100700.0,2026-09-21 18:00:00,2026-09-21 18:00:00,1007.0
20260921,180000,73W,14,2026,9,21,18,19.0,169.5,100600.0,2026-09-21 18:00:00,2026-09-21 18:00:00,1006.0
20260921,180000,73W,14,2026,9,21,18,19.8,169.5,100700.0,2026-09-21 18:00:00,2026-09-21 18:00:00,1007.0
20260921,180000,73W,14,2026,9,21,18,19.5,169.5,100600.0,2026-09-21 18:00:00,2026-09-21 18:00:00,1006.0
20260921,180000,73W,14,2026,9,21,18,19.8,169.5,100700.0,2026-09-21 18:00:00,2026-09-21 18:00:00,1007.0
20260921,180000,73W,14,2026,9,21,18,19.8,169.3,100500.0,2026-09-21 18:00:00,2026-09-21 18:00:00,1005.0
20260921,180000,73W,14,2026,9,21,18,20.1,168.70000000000002,100600.0,2026-09-21 18:00:00,2026-09-21 18:00:00,1006.0
20260921,180000,73W,14,2026,9,21,18,20.1,167.6,100500.0,2026-09-21 18:00:00,2026-09-21 18:00:00,1005.0
20260921,180000,73W,15,2026,9,21,18,13.9,147.9,100800.0,2026-09-21 18:00:00,2026-09-21 18:00:00,1008.0
20260921,180000,73W,15,2026,9,21,18,14.200000000000001,149.3,100800.0,2026-09-21 18:00:00,2026-09-21 18:00:00,1008.0
20260921,180000,73W,15,2026,9,21,18,14.700000000000001,148.70000000000002,100400.0,2026-09-21 18:00:00,2026-09-21 18:00:00,1004.0
20260921,180000,73W,15,2026,9,21,18,14.700000000000001,148.5,100600.0,2026-09-21 18:00:00,2026-09-21 18:00:00,1006.0
20260921,180000,73W,15,2026,9,21,18,15.1,148.1,100300.0,2026-09-21 18:00:00,2026-09-21 18:00:00,1003.0
20260921,180000,73W,15,2026,9,21,18,15.6,148.6,100400.0,2026-09-21 18:00:00,2026-09-21 18:00:00,1004.0
20260921,180000,73W,15,2026,9,21,18,16.4,149.0,100100.0,2026-09-21 18:00:00,2026-09-21 18:00:00,1001.0
20260921,180000,73W,15,2026,9,21,18,17.6,149.6,100300.0,2026-09-21 18:00:00,2026-09-21 18:00:00,1003.0
20260921,180000,73W,15,2026,9,21,18,17.3,149.3,100100.0,2026-09-21 18:00:00,2026-09-21 18:00:00,1001.0
20260921,180000,73W,15,2026,9,21,18,16.7,147.3,100000.0,2026-09-21 18:00:00,2026-09-21 18:00:00,1000.0
20260921,180000,73W,15,2026,9,21,18,16.7,147.0,99200.0,2026-09-21 18:00:00,2026-09-21 18:00:00,992.0
20260921,180000,73W,15,2026,9,21,18,17.3,147.9,99600.0,2026-09-21 18:00:00,2026-09-21 18:00:00,996.0
20260921,180000,73W,15,2026,9,21,18,19.0,149.0,99400.0,2026-09-21 18:00:00,2026-09-21 18:00:00,994.0
20260921,180000,73W,15,2026,9,21,18,20.900000000000002,148.70000000000002,99400.0,2026-09-21 18:00:00,2026-09-21 18:00:00,994.0
20260921,180000,73W,15,2026,9,21,18,22.7,147.20000000000002,99200.0,2026-09-21 18:00:00,2026-09-21 18:00:00,992.0
20260921,180000,73W,15,2026,9,21,18,23.8,144.8,99200.0,2026-09-21 18:00:00,2026-09-21 18:00:00,992.0
20260921,180000,73W,15,2026,9,21,18,22.900000000000002,142.5,98700.0,2026-09-21 18:00:00,2026-09-21 18:00:00,987.0
20260921,180000,73W,15,2026,9,21,18,22.3,142.5,98800.0,2026-09-21 18:00:00,2026-09-21 18:00:00,988.0
20260921,180000,73W,15,2026,9,21,18,22.6,142.5,98400.0,2026-09-21 18:00:00,2026-09-21 18:00:00,984.0
20260921,180000,73W,15,2026,9,21,18,23.8,141.4,98500.0,2026-09-21 18:00:00,2026-09-21 18:00:00,985.0
20260921,180000,73W,15,2026,9,21,18,23.5,140.3,98100.0,2026-09-21 18:00:00,2026-09-21 18:00:00,981.0
20260921,180000,73W,15,2026,9,21,18,23.5,139.5,98200.0,2026-09-21 18:00:00,2026-09-21 18:00:00,982.0
20260921,180000,73W,15,2026,9,21,18,23.3,139.4,97900.0,2026-09-21 18:00:00,2026-09-21 18:00:00,979.0
20260921,180000,73W,16,2026,9,21,18,13.6,167.0,100700.0,2026-09-21 18:00:00,2026-09-21 18:00:00,1007.0
20260921,180000,73W,16,2026,9,21,18,14.5,168.70000000000002,100600.0,2026-09-21 18:00:00,2026-09-21 18:00:00,1006.0
20260921,180000,73W,16,2026,9,21,18,14.5,167.3,100500.0,2026-09-21 18:00:00,2026-09-21 18:00:00,1005.0
20260921,180000,73W,16,2026,9,21,18,15.6,168.4,100200.0,2026-09-21 18:00:00,2026-09-21 18:00:00,1002.0
20260921,180000,73W,16,2026,9,21,18,16.7,170.1,100300.0,2026-09-21 18:00:00,2026-09-21 18:00:00,1003.0
20260921,180000,73W,16,2026,9,21,18,17.8,169.3,99900.0,2026-09-21 18:00:00,2026-09-21 18:00:00,999.0
20260921,180000,73W,16,2026,9,21,18,17.8,169.3,100200.0,2026-09-21 18:00:00,2026-09-21 18:00:00,1002.0
20260921,180000,73W,16,2026,9,21,18,19.2,169.3,100100.0,2026-09-21 18:00:00,2026-09-21 18:00:00,1001.0
20260921,180000,73W,16,2026,9,21,18,20.400000000000002,168.70000000000002,100200.0,2026-09-21 18:00:00,2026-09-21 18:00:00,1002.0
20260921,180000,73W,16,2026,9,21,18,20.900000000000002,168.70000000000002,100100.0,2026-09-21 18:00:00,2026-09-21 18:00:00,1001.0
20260921,180000,73W,16,2026,9,21,18,22.1,168.1,100200.0,2026-09-21 18:00:00,2026-09-21 18:00:00,1002.0
20260921,180000,73W,16,2026,9,21,18,22.3,168.1,100100.0,2026-09-21 18:00:00,2026-09-21 18:00:00,1001.0
20260921,180000,73W,16,2026,9,21,18,23.8,168.1,100200.0,2026-09-21 18:00:00,2026-09-21 18:00:00,1002.0
20260921,180000,73W,16,2026,9,21,18,24.6,167.9,99900.0,2026-09-21 18:00:00,2026-09-21 18:00:00,999.0
20260921,180000,73W,16,2026,9,21,18,26.0,167.6,99700.0,2026-09-21 18:00:00,2026-09-21 18:00:00,997.0
20260921,180000,73W,16,2026,9,21,18,27.1,167.0,99100.0,2026-09-21 18:00:00,2026-09-21 18:00:00,991.0
20260921,180000,73W,16,2026,9,21,18,28.5,166.20000000000002,99100.0,2026-09-21 18:00:00,2026-09-21 18:00:00,991.0
20260921,180000,73W,16,2026,9,21,18,29.400000000000002,165.6,98600.0,2026-09-21 18:00:00,2026-09-21 18:00:00,986.0
20260921,180000,73W,16,2026,9,21,18,30.2,165.3,98700.0,2026-09-21 18:00:00,2026-09-21 18:00:00,987.0
20260921,180000,73W,16,2026,9,21,18,31.1,165.3,98900.0,2026-09-21 18:00:00,2026-09-21 18:00:00,989.0
20260921,180000,73W,16,2026,9,21,18,31.6,165.3,99300.0,2026-09-21 18:00:00,2026-09-21 18:00:00,993.0
20260921,180000,73W,16,2026,9,21,18,32.5,165.9,99400.0,2026-09-21 18:00:00,2026-09-21 18:00:00,994.0
20260921,180000,73W,16,2026,9,21,18,33.3,166.70000000000002,99700.0,2026-09-21 18:00:00,2026-09-21 18:00:00,997.0
20260921,180000,73W,16,2026,9,21,18,33.9,167.3,100000.0,2026-09-21 18:00:00,2026-09-21 18:00:00,1000.0
20260921,180000,73W,16,2026,9,21,18,34.7,167.6,100300.0,2026-09-21 18:00:00,2026-09-21 18:00:00,1003.0
20260921,180000,73W,16,2026,9,21,18,35.0,168.4,100500.0,2026-09-21 18:00:00,2026-09-21 18:00:00,1005.0
20260921,180000,73W,16,2026,9,21,18,36.1,169.3,100600.0,2026-09-21 18:00:00,2026-09-21 18:00:00,1006.0
20260921,180000,73W,16,2026,9,21,18,38.4,171.8,100500.0,2026-09-21 18:00:00,2026-09-21 18:00:00,1005.0
20260921,180000,73W,17,2026,9,21,18,12.8,167.9,100600.0,2026-09-21 18:00:00,2026-09-21 18:00:00,1006.0
20260921,180000,73W,18,2026,9,21,18,22.3,175.70000000000002,101000.0,2026-09-21 18:00:00,2026-09-21 18:00:00,1010.0
20260921,180000,73W,18,2026,9,21,18,23.2,174.9,100900.0,2026-09-21 18:00:00,2026-09-21 18:00:00,1009.0
20260921,180000,73W,18,2026,9,21,18,22.7,174.9,101000.0,2026-09-21 18:00:00,2026-09-21 18:00:00,1010.0
20260921,180000,73W,18,2026,9,21,18,23.2,174.3,100900.0,2026-09-21 18:00:00,2026-09-21 18:00:00,1009.0
20260921,180000,73W,18,2026,9,21,18,22.6,173.8,101000.0,2026-09-21 18:00:00,2026-09-21 18:00:00,1010.0
20260921,180000,73W,18,2026,9,21,18,22.900000000000002,172.9,101000.0,2026-09-21 18:00:00,2026-09-21 18:00:00,1010.0
20260921,180000,73W,18,2026,9,21,18,22.900000000000002,172.6,100900.0,2026-09-21 18:00:00,2026-09-21 18:00:00,1009.0
20260921,180000,73W,18,2026,9,21,18,24.1,170.20000000000002,101000.0,2026-09-21 18:00:00,2026-09-21 18:00:00,1010.0
20260921,180000,73W,18,2026,9,21,18,24.3,169.5,100900.0,2026-09-21 18:00:00,2026-09-21 18:00:00,1009.0
20260921,180000,73W,18,2026,9,21,18,22.900000000000002,167.0,100900.0,2026-09-21 18:00:00,2026-09-21 18:00:00,1009.0
20260921,180000,73W,19,2026,9,21,18,13.3,158.6,101200.0,2026-09-21 18:00:00,2026-09-21 18:00:00,1012.0
20260921,180000,73W,19,2026,9,21,18,12.200000000000001,153.20000000000002,101000.0,2026-09-21 18:00:00,2026-09-21 18:00:00,1010.0
20260921,180000,73W,19,2026,9,21,18,12.200000000000001,152.4,101000.0,2026-09-21 18:00:00,2026-09-21 18:00:00,1010.0
20260921,180000,73W,19,2026,9,21,18,13.9,152.1,100900.0,2026-09-21 18:00:00,2026-09-21 18:00:00,1009.0
20260921,180000,73W,19,2026,9,21,18,14.5,151.5,101100.0,2026-09-21 18:00:00,2026-09-21 18:00:00,1011.0
20260921,180000,73W,19,2026,9,21,18,15.6,150.4,100800.0,2026-09-21 18:00:00,2026-09-21 18:00:00,1008.0
20260921,180000,73W,19,2026,9,21,18,15.6,149.9,101000.0,2026-09-21 18:00:00,2026-09-21 18:00:00,1010.0
20260921,180000,73W,19,2026,9,21,18,15.9,149.6,100700.0,2026-09-21 18:00:00,2026-09-21 18:00:00,1007.0
20260921,180000,73W,19,2026,9,21,18,16.7,148.5,101000.0,2026-09-21 18:00:00,2026-09-21 18:00:00,1010.0
20260921,180000,73W,19,2026,9,21,18,17.6,146.8,100900.0,2026-09-21 18:00:00,2026-09-21 18:00:00,1009.0
20260921,180000,73W,19,2026,9,21,18,17.6,146.20000000000002,100600.0,2026-09-21 18:00:00,2026-09-21 18:00:00,1006.0
20260921,180000,73W,19,2026,9,21,18,17.7,141.9,100500.0,2026-09-21 18:00:00,2026-09-21 18:00:00,1005.0
20260921,180000,73W,19,2026,9,21,18,17.0,142.0,100600.0,2026-09-21 18:00:00,2026-09-21 18:00:00,1006.0
20260921,180000,73W,19,2026,9,21,18,17.3,142.3,100400.0,2026-09-21 18:00:00,2026-09-21 18:00:00,1004.0
20260921,180000,73W,19,2026,9,21,18,17.6,142.5,100700.0,2026-09-21 18:00:00,2026-09-21 18:00:00,1007.0
20260921,180000,73W,19,2026,9,21,18,17.8,142.0,100300.0,2026-09-21 18:00:00,2026-09-21 18:00:00,1003.0
20260921,180000,73W,19,2026,9,21,18,17.6,141.4,100500.0,2026-09-21 18:00:00,2026-09-21 18:00:00,1005.0
20260921,180000,73W,19,2026,9,21,18,16.1,141.1,100200.0,2026-09-21 18:00:00,2026-09-21 18:00:00,1002.0
20260921,180000,73W,19,2026,9,21,18,17.0,141.1,100400.0,2026-09-21 18:00:00,2026-09-21 18:00:00,1004.0
20260921,180000,73W,19,2026,9,21,18,15.9,140.0,100000.0,2026-09-21 18:00:00,2026-09-21 18:00:00,1000.0
20260921,180000,73W,19,2026,9,21,18,16.4,138.6,100200.0,2026-09-21 18:00:00,2026-09-21 18:00:00,1002.0
20260921,180000,73W,19,2026,9,21,18,16.1,137.20000000000002,99700.0,2026-09-21 18:00:00,2026-09-21 18:00:00,997.0
20260921,180000,73W,19,2026,9,21,18,17.0,137.20000000000002,99900.0,2026-09-21 18:00:00,2026-09-21 18:00:00,999.0
20260921,180000,73W,19,2026,9,21,18,17.3,135.0,99600.0,2026-09-21 18:00:00,2026-09-21 18:00:00,996.0
20260921,180000,73W,19,2026,9,21,18,17.3,133.3,99700.0,2026-09-21 18:00:00,2026-09-21 18:00:00,997.0
20260921,180000,73W,19,2026,9,21,18,17.6,131.6,99000.0,2026-09-21 18:00:00,2026-09-21 18:00:00,990.0
20260921,180000,73W,19,2026,9,21,18,17.6,129.6,98900.0,2026-09-21 18:00:00,2026-09-21 18:00:00,989.0
20260921,180000,73W,19,2026,9,21,18,17.3,128.5,98300.0,2026-09-21 18:00:00,2026-09-21 18:00:00,983.0
20260921,180000,73W,19,2026,9,21,18,17.8,126.8,98300.0,2026-09-21 18:00:00,2026-09-21 18:00:00,983.0
20260921,180000,73W,19,2026,9,21,18,17.6,125.4,97900.0,2026-09-21 18:00:00,2026-09-21 18:00:00,979.0
20260921,180000,73W,20,2026,9,21,18,10.8,171.5,101100.0,2026-09-21 18:00:00,2026-09-21 18:00:00,1011.0
20260921,180000,73W,20,2026,9,21,18,10.5,171.5,100800.0,2026-09-21 18:00:00,2026-09-21 18:00:00,1008.0
20260921,180000,73W,20,2026,9,21,18,11.9,172.1,100900.0,2026-09-21 18:00:00,2026-09-21 18:00:00,1009.0
20260921,180000,73W,20,2026,9,21,18,10.8,171.5,100800.0,2026-09-21 18:00:00,2026-09-21 18:00:00,1008.0
20260921,180000,73W,20,2026,9,21,18,11.6,172.6,100900.0,2026-09-21 18:00:00,2026-09-21 18:00:00,1009.0
20260921,180000,73W,20,2026,9,21,18,10.8,172.6,100700.0,2026-09-21 18:00:00,2026-09-21 18:00:00,1007.0
20260921,180000,73W,20,2026,9,21,18,8.3,174.0,100800.0,2026-09-21 18:00:00,2026-09-21 18:00:00,1008.0
20260921,180000,73W,20,2026,9,21,18,10.200000000000001,175.20000000000002,100600.0,2026-09-21 18:00:00,2026-09-21 18:00:00,1006.0
20260921,180000,73W,21,2026,9,21,18,15.9,158.0,101000.0,2026-09-21 18:00:00,2026-09-21 18:00:00,1010.0
20260921,180000,73W,21,2026,9,21,18,13.3,154.4,101000.0,2026-09-21 18:00:00,2026-09-21 18:00:00,1010.0
20260921,180000,73W,21,2026,9,21,18,12.5,152.4,100900.0,2026-09-21 18:00:00,2026-09-21 18:00:00,1009.0
20260921,180000,73W,21,2026,9,21,18,15.0,149.9,100900.0,2026-09-21 18:00:00,2026-09-21 18:00:00,1009.0
20260921,180000,73W,21,2026,9,21,18,15.0,148.20000000000002,101000.0,2026-09-21 18:00:00,2026-09-21 18:00:00,1010.0
20260921,180000,73W,21,2026,9,21,18,14.5,147.3,100800.0,2026-09-21 18:00:00,2026-09-21 18:00:00,1008.0
20260921,180000,73W,21,2026,9,21,18,15.3,144.20000000000002,100700.0,2026-09-21 18:00:00,2026-09-21 18:00:00,1007.0
20260921,180000,73W,21,2026,9,21,18,15.0,143.4,100800.0,2026-09-21 18:00:00,2026-09-21 18:00:00,1008.0
20260921,180000,73W,21,2026,9,21,18,14.700000000000001,142.8,100500.0,2026-09-21 18:00:00,2026-09-21 18:00:00,1005.0
20260921,180000,73W,21,2026,9,21,18,15.6,141.1,100700.0,2026-09-21 18:00:00,2026-09-21 18:00:00,1007.0
20260921,180000,73W,21,2026,9,21,18,14.5,140.0,100400.0,2026-09-21 18:00:00,2026-09-21 18:00:00,1004.0
20260921,180000,73W,21,2026,9,21,18,16.1,140.0,100600.0,2026-09-21 18:00:00,2026-09-21 18:00:00,1006.0
20260921,180000,73W,21,2026,9,21,18,16.1,139.70000000000002,100200.0,2026-09-21 18:00:00,2026-09-21 18:00:00,1002.0
20260921,180000,73W,21,2026,9,21,18,15.9,138.6,100400.0,2026-09-21 18:00:00,2026-09-21 18:00:00,1004.0
20260921,180000,73W,21,2026,9,21,18,15.9,138.6,100100.0,2026-09-21 18:00:00,2026-09-21 18:00:00,1001.0
20260921,180000,73W,21,2026,9,21,18,16.4,138.6,100100.0,2026-09-21 18:00:00,2026-09-21 18:00:00,1001.0
20260921,180000,73W,21,2026,9,21,18,16.4,138.0,99600.0,2026-09-21 18:00:00,2026-09-21 18:00:00,996.0
20260921,180000,73W,21,2026,9,21,18,17.0,137.8,99700.0,2026-09-21 18:00:00,2026-09-21 18:00:00,997.0
20260921,180000,73W,21,2026,9,21,18,16.4,137.8,99300.0,2026-09-21 18:00:00,2026-09-21 18:00:00,993.0
20260921,180000,73W,21,2026,9,21,18,17.6,137.5,99400.0,2026-09-21 18:00:00,2026-09-21 18:00:00,994.0
20260921,180000,73W,21,2026,9,21,18,17.8,136.9,98900.0,2026-09-21 18:00:00,2026-09-21 18:00:00,989.0
20260921,180000,73W,21,2026,9,21,18,18.7,136.4,98900.0,2026-09-21 18:00:00,2026-09-21 18:00:00,989.0
20260921,180000,73W,21,2026,9,21,18,19.2,135.8,98500.0,2026-09-21 18:00:00,2026-09-21 18:00:00,985.0
20260921,180000,73W,22,2026,9,21,18,13.9,171.20000000000002,100800.0,2026-09-21 18:00:00,2026-09-21 18:00:00,1008.0
20260921,180000,73W,22,2026,9,21,18,12.8,173.20000000000002,101000.0,2026-09-21 18:00:00,2026-09-21 18:00:00,1010.0
20260921,180000,73W,22,2026,9,21,18,17.0,172.4,101000.0,2026-09-21 18:00:00,2026-09-21 18:00:00,1010.0
20260921,180000,73W,22,2026,9,21,18,18.1,171.8,100900.0,2026-09-21 18:00:00,2026-09-21 18:00:00,1009.0
20260921,180000,73W,22,2026,9,21,18,18.3,171.4,101000.0,2026-09-21 18:00:00,2026-09-21 18:00:00,1010.0
20260921,180000,73W,22,2026,9,21,18,19.2,171.0,101100.0,2026-09-21 18:00:00,2026-09-21 18:00:00,1011.0
20260921,180000,73W,22,2026,9,21,18,20.400000000000002,170.70000000000002,101000.0,2026-09-21 18:00:00,2026-09-21 18:00:00,1010.0
20260921,180000,73W,22,2026,9,21,18,20.900000000000002,170.70000000000002,101100.0,2026-09-21 18:00:00,2026-09-21 18:00:00,1011.0
20260921,180000,73W,22,2026,9,21,18,21.5,170.4,101000.0,2026-09-21 18:00:00,2026-09-21 18:00:00,1010.0
20260921,180000,73W,22,2026,9,21,18,21.5,169.70000000000002,101200.0,2026-09-21 18:00:00,2026-09-21 18:00:00,1012.0
20260921,180000,73W,22,2026,9,21,18,22.1,169.0,101100.0,2026-09-21 18:00:00,2026-09-21 18:00:00,1011.0
20260921,180000,73W,22,2026,9,21,18,22.3,168.1,101100.0,2026-09-21 18:00:00,2026-09-21 18:00:00,1011.0
20260921,180000,73W,23,2026,9,21,18,14.200000000000001,169.8,100900.0,2026-09-21 18:00:00,2026-09-21 18:00:00,1009.0
20260921,180000,73W,23,2026,9,21,18,11.9,168.1,100700.0,2026-09-21 18:00:00,2026-09-21 18:00:00,1007.0
20260921,180000,73W,24,2026,9,21,18,20.7,171.20000000000002,100800.0,2026-09-21 18:00:00,2026-09-21 18:00:00,1008.0
20260921,180000,73W,24,2026,9,21,18,19.0,172.20000000000002,100900.0,2026-09-21 18:00:00,2026-09-21 18:00:00,1009.0
20260921,180000,73W,25,2026,9,21,18,16.7,169.0,101000.0,2026-09-21 18:00:00,2026-09-21 18:00:00,1010.0
20260921,180000,73W,25,2026,9,21,18,16.7,169.0,100900.0,2026-09-21 18:00:00,2026-09-21 18:00:00,1009.0
20260921,180000,73W,25,2026,9,21,18,18.1,170.1,101000.0,2026-09-21 18:00:00,2026-09-21 18:00:00,1010.0
20260921,180000,73W,25,2026,9,21,18,18.1,169.0,100900.0,2026-09-21 18:00:00,2026-09-21 18:00:00,1009.0
20260921,180000,73W,25,2026,9,21,18,19.3,169.20000000000002,101000.0,2026-09-21 18:00:00,2026-09-21 18:00:00,1010.0
20260921,180000,73W,25,2026,9,21,18,19.8,168.70000000000002,100900.0,2026-09-21 18:00:00,2026-09-21 18:00:00,1009.0
20260921,180000,73W,25,2026,9,21,18,20.1,168.1,101000.0,2026-09-21 18:00:00,2026-09-21 18:00:00,1010.0
20260921,180000,73W,25,2026,9,21,18,20.400000000000002,167.9,100900.0,2026-09-21 18:00:00,2026-09-21 18:00:00,1009.0
20260921,180000,73W,25,2026,9,21,18,20.7,166.5,100900.0,2026-09-21 18:00:00,2026-09-21 18:00:00,1009.0
20260921,180000,73W,25,2026,9,21,18,21.5,166.20000000000002,101100.0,2026-09-21 18:00:00,2026-09-21 18:00:00,1011.0
20260921,180000,73W,25,2026,9,21,18,22.1,164.20000000000002,101100.0,2026-09-21 18:00:00,2026-09-21 18:00:00,1011.0
20260921,180000,73W,26,2026,9,21,18,14.200000000000001,169.8,100200.0,2026-09-21 18:00:00,2026-09-21 18:00:00,1002.0
20260921,180000,73W,26,2026,9,21,18,14.200000000000001,170.1,100000.0,2026-09-21 18:00:00,2026-09-21 18:00:00,1000.0
20260921,180000,73W,26,2026,9,21,18,15.0,171.20000000000002,100500.0,2026-09-21 18:00:00,2026-09-21 18:00:00,1005.0
20260921,180000,73W,26,2026,9,21,18,15.6,171.0,100300.0,2026-09-21 18:00:00,2026-09-21 18:00:00,1003.0
20260921,180000,73W,26,2026,9,21,18,16.1,171.20000000000002,100300.0,2026-09-21 18:00:00,2026-09-21 18:00:00,1003.0
20260921,180000,73W,26,2026,9,21,18,17.0,171.20000000000002,100100.0,2026-09-21 18:00:00,2026-09-21 18:00:00,1001.0
20260921,180000,73W,26,2026,9,21,18,17.8,171.8,100400.0,2026-09-21 18:00:00,2026-09-21 18:00:00,1004.0
20260921,180000,73W,26,2026,9,21,18,19.2,172.1,100100.0,2026-09-21 18:00:00,2026-09-21 18:00:00,1001.0
20260921,180000,73W,26,2026,9,21,18,20.1,171.8,100400.0,2026-09-21 18:00:00,2026-09-21 18:00:00,1004.0
20260921,180000,73W,26,2026,9,21,18,21.5,171.8,100400.0,2026-09-21 18:00:00,2026-09-21 18:00:00,1004.0
20260921,180000,73W,26,2026,9,21,18,22.6,171.20000000000002,100300.0,2026-09-21 18:00:00,2026-09-21 18:00:00,1003.0
20260921,180000,73W,26,2026,9,21,18,23.2,170.70000000000002,100600.0,2026-09-21 18:00:00,2026-09-21 18:00:00,1006.0
20260921,180000,73W,26,2026,9,21,18,23.8,170.70000000000002,100700.0,2026-09-21 18:00:00,2026-09-21 18:00:00,1007.0
20260921,180000,73W,26,2026,9,21,18,24.3,170.70000000000002,100800.0,2026-09-21 18:00:00,2026-09-21 18:00:00,1008.0
20260921,180000,73W,26,2026,9,21,18,25.400000000000002,171.0,100800.0,2026-09-21 18:00:00,2026-09-21 18:00:00,1008.0
20260921,180000,73W,26,2026,9,21,18,26.900000000000002,171.20000000000002,100900.0,2026-09-21 18:00:00,2026-09-21 18:00:00,1009.0
20260921,180000,73W,26,2026,9,21,18,28.0,171.5,100900.0,2026-09-21 18:00:00,2026-09-21 18:00:00,1009.0
20260921,180000,73W,26,2026,9,21,18,31.900000000000002,172.1,100900.0,2026-09-21 18:00:00,2026-09-21 18:00:00,1009.0
20260921,180000,73W,26,2026,9,21,18,33.6,174.0,101200.0,2026-09-21 18:00:00,2026-09-21 18:00:00,1012.0
20260921,180000,73W,27,2026,9,21,18,19.5,164.20000000000002,101100.0,2026-09-21 18:00:00,2026-09-21 18:00:00,1011.0
20260921,180000,73W,27,2026,9,21,18,22.6,164.5,101100.0,2026-09-21 18:00:00,2026-09-21 18:00:00,1011.0
20260921,180000,73W,28,2026,9,21,18,15.6,163.6,100700.0,2026-09-21 18:00:00,2026-09-21 18:00:00,1007.0
20260921,180000,73W,28,2026,9,21,18,14.5,161.1,100700.0,2026-09-21 18:00:00,2026-09-21 18:00:00,1007.0
20260921,180000,73W,29,2026,9,21,18,13.6,173.20000000000002,100900.0,2026-09-21 18:00:00,2026-09-21 18:00:00,1009.0
20260921,180000,73W,29,2026,9,21,18,14.700000000000001,172.4,101000.0,2026-09-21 18:00:00,2026-09-21 18:00:00,1010.0
20260921,180000,73W,29,2026,9,21,18,15.0,171.8,100700.0,2026-09-21 18:00:00,2026-09-21 18:00:00,1007.0
20260921,180000,73W,29,2026,9,21,18,15.9,171.20000000000002,100700.0,2026-09-21 18:00:00,2026-09-21 18:00:00,1007.0
20260921,180000,73W,30,2026,9,21,18,15.3,170.1,100700.0,2026-09-21 18:00:00,2026-09-21 18:00:00,1007.0
20260921,180000,73W,30,2026,9,21,18,14.200000000000001,169.8,100700.0,2026-09-21 18:00:00,2026-09-21 18:00:00,1007.0
20260921,180000,73W,30,2026,9,21,18,14.5,170.70000000000002,100800.0,2026-09-21 18:00:00,2026-09-21 18:00:00,1008.0
20260921,180000,73W,30,2026,9,21,18,15.0,170.70000000000002,100600.0,2026-09-21 18:00:00,2026-09-21 18:00:00,1006.0
20260921,180000,73W,30,2026,9,21,18,15.3,170.4,100600.0,2026-09-21 18:00:00,2026-09-21 18:00:00,1006.0
20260921,180000,73W,30,2026,9,21,18,15.6,170.4,100400.0,2026-09-21 18:00:00,2026-09-21 18:00:00,1004.0
20260921,180000,73W,30,2026,9,21,18,15.9,170.70000000000002,100600.0,2026-09-21 18:00:00,2026-09-21 18:00:00,1006.0
20260921,180000,73W,30,2026,9,21,18,16.7,171.0,100500.0,2026-09-21 18:00:00,2026-09-21 18:00:00,1005.0
20260921,180000,73W,30,2026,9,21,18,17.3,171.20000000000002,100700.0,2026-09-21 18:00:00,2026-09-21 18:00:00,1007.0
20260921,180000,73W,30,2026,9,21,18,18.400000000000002,171.20000000000002,100700.0,2026-09-21 18:00:00,2026-09-21 18:00:00,1007.0
20260921,180000,73W,30,2026,9,21,18,19.0,171.0,100800.0,2026-09-21 18:00:00,2026-09-21 18:00:00,1008.0
20260921,180000,73W,30,2026,9,21,18,19.8,170.70000000000002,100800.0,2026-09-21 18:00:00,2026-09-21 18:00:00,1008.0
20260921,180000,73W,30,2026,9,21,18,20.1,171.0,100900.0,2026-09-21 18:00:00,2026-09-21 18:00:00,1009.0
20260921,180000,73W,30,2026,9,21,18,20.7,169.8,100900.0,2026-09-21 18:00:00,2026-09-21 18:00:00,1009.0
20260921,180000,73W,30,2026,9,21,18,20.7,169.0,100800.0,2026-09-21 18:00:00,2026-09-21 18:00:00,1008.0
20260921,180000,73W,30,2026,9,21,18,20.7,168.5,100900.0,2026-09-21 18:00:00,2026-09-21 18:00:00,1009.0
20260921,180000,73W,30,2026,9,21,18,20.900000000000002,167.9,100800.0,2026-09-21 18:00:00,2026-09-21 18:00:00,1008.0
20260921,180000,73W,30,2026,9,21,18,21.2,166.70000000000002,101000.0,2026-09-21 18:00:00,2026-09-21 18:00:00,1010.0
20260921,180000,73W,30,2026,9,21,18,22.3,165.6,100900.0,2026-09-21 18:00:00,2026-09-21 18:00:00,1009.0
20260921,180000,73W,30,2026,9,21,18,25.7,164.8,100700.0,2026-09-21 18:00:00,2026-09-21 18:00:00,1007.0
20260921,180000,73W,30,2026,9,21,18,26.900000000000002,163.4,100800.0,2026-09-21 18:00:00,2026-09-21 18:00:00,1008.0
20260921,180000,73W,30,2026,9,21,18,26.6,162.20000000000002,100600.0,2026-09-21 18:00:00,2026-09-21 18:00:00,1006.0
20260921,180000,73W,30,2026,9,21,18,26.6,163.1,100700.0,2026-09-21 18:00:00,2026-09-21 18:00:00,1007.0
20260921,180000,73W,30,2026,9,21,18,27.400000000000002,161.70000000000002,100500.0,2026-09-21 18:00:00,2026-09-21 18:00:00,1005.0
20260921,180000,73W,30,2026,9,21,18,27.400000000000002,160.8,100600.0,2026-09-21 18:00:00,2026-09-21 18:00:00,1006.0
20260921,180000,73W,30,2026,9,21,18,27.400000000000002,160.5,100400.0,2026-09-21 18:00:00,2026-09-21 18:00:00,1004.0
20260921,180000,73W,30,2026,9,21,18,28.0,160.3,100600.0,2026-09-21 18:00:00,2026-09-21 18:00:00,1006.0
20260921,180000,73W,30,2026,9,21,18,28.3,160.3,100400.0,2026-09-21 18:00:00,2026-09-21 18:00:00,1004.0
20260921,180000,73W,30,2026,9,21,18,29.1,160.3,100400.0,2026-09-21 18:00:00,2026-09-21 18:00:00,1004.0
20260921,180000,73W,30,2026,9,21,18,29.1,160.3,100400.0,2026-09-21 18:00:00,2026-09-21 18:00:00,1004.0
20260921,180000,73W,30,2026,9,21,18,29.7,161.1,100500.0,2026-09-21 18:00:00,2026-09-21 18:00:00,1005.0
20260921,180000,73W,30,2026,9,21,18,30.5,161.70000000000002,100400.0,2026-09-21 18:00:00,2026-09-21 18:00:00,1004.0
20260921,180000,73W,30,2026,9,21,18,30.5,162.5,100500.0,2026-09-21 18:00:00,2026-09-21 18:00:00,1005.0
20260921,180000,73W,30,2026,9,21,18,31.1,163.6,100400.0,2026-09-21 18:00:00,2026-09-21 18:00:00,1004.0
20260921,180000,73W,30,2026,9,21,18,31.900000000000002,164.8,100400.0,2026-09-21 18:00:00,2026-09-21 18:00:00,1004.0
20260921,180000,73W,30,2026,9,21,18,32.8,166.5,100700.0,2026-09-21 18:00:00,2026-09-21 18:00:00,1007.0
20260921,180000,73W,30,2026,9,21,18,33.3,166.9,100700.0,2026-09-21 18:00:00,2026-09-21 18:00:00,1007.0
20260921,180000,73W,30,2026,9,21,18,35.0,167.6,100800.0,2026-09-21 18:00:00,2026-09-21 18:00:00,1008.0
20260921,180000,73W,31,2026,9,21,18,17.0,170.70000000000002,100700.0,2026-09-21 18:00:00,2026-09-21 18:00:00,1007.0
20260921,180000,73W,31,2026,9,21,18,17.8,170.70000000000002,100600.0,2026-09-21 18:00:00,2026-09-21 18:00:00,1006.0
20260921,180000,73W,31,2026,9,21,18,19.5,170.4,100700.0,2026-09-21 18:00:00,2026-09-21 18:00:00,1007.0
20260921,180000,73W,31,2026,9,21,18,20.1,169.8,100600.0,2026-09-21 18:00:00,2026-09-21 18:00:00,1006.0
20260921,180000,73W,31,2026,9,21,18,20.7,169.5,100700.0,2026-09-21 18:00:00,2026-09-21 18:00:00,1007.0
20260921,180000,73W,31,2026,9,21,18,21.8,168.1,100600.0,2026-09-21 18:00:00,2026-09-21 18:00:00,1006.0
20260921,180000,73W,31,2026,9,21,18,23.2,168.4,100700.0,2026-09-21 18:00:00,2026-09-21 18:00:00,1007.0
20260921,180000,73W,31,2026,9,21,18,24.1,167.3,100600.0,2026-09-21 18:00:00,2026-09-21 18:00:00,1006.0
20260921,180000,73W,31,2026,9,21,18,24.6,167.0,100700.0,2026-09-21 18:00:00,2026-09-21 18:00:00,1007.0
20260921,180000,73W,31,2026,9,21,18,24.6,166.5,100500.0,2026-09-21 18:00:00,2026-09-21 18:00:00,1005.0
20260921,180000,73W,31,2026,9,21,18,25.7,166.5,100700.0,2026-09-21 18:00:00,2026-09-21 18:00:00,1007.0
20260921,180000,73W,31,2026,9,21,18,28.8,167.9,100600.0,2026-09-21 18:00:00,2026-09-21 18:00:00,1006.0
20260921,180000,73W,31,2026,9,21,18,28.8,167.9,100800.0,2026-09-21 18:00:00,2026-09-21 18:00:00,1008.0
20260921,180000,73W,32,2026,9,21,18,13.3,170.70000000000002,100800.0,2026-09-21 18:00:00,2026-09-21 18:00:00,1008.0
20260921,180000,73W,32,2026,9,21,18,15.9,171.20000000000002,100900.0,2026-09-21 18:00:00,2026-09-21 18:00:00,1009.0
20260921,180000,73W,32,2026,9,21,18,15.9,170.9,100700.0,2026-09-21 18:00:00,2026-09-21 18:00:00,1007.0
20260921,180000,73W,32,2026,9,21,18,15.9,170.4,100700.0,2026-09-21 18:00:00,2026-09-21 18:00:00,1007.0
20260921,180000,73W,32,2026,9,21,18,15.9,171.1,100600.0,2026-09-21 18:00:00,2026-09-21 18:00:00,1006.0
20260921,180000,73W,32,2026,9,21,18,16.4,171.5,100800.0,2026-09-21 18:00:00,2026-09-21 18:00:00,1008.0
20260921,180000,73W,32,2026,9,21,18,16.7,171.8,100700.0,2026-09-21 18:00:00,2026-09-21 18:00:00,1007.0
20260921,180000,73W,32,2026,9,21,18,17.0,171.20000000000002,100800.0,2026-09-21 18:00:00,2026-09-21 18:00:00,1008.0
20260921,180000,73W,32,2026,9,21,18,17.3,171.5,100700.0,2026-09-21 18:00:00,2026-09-21 18:00:00,1007.0
20260921,180000,73W,32,2026,9,21,18,18.7,171.5,100900.0,2026-09-21 18:00:00,2026-09-21 18:00:00,1009.0
20260921,180000,73W,33,2026,9,21,18,10.8,106.5,100800.0,2026-09-21 18:00:00,2026-09-21 18:00:00,1008.0
20260921,180000,73W,33,2026,9,21,18,9.700000000000001,109.4,100900.0,2026-09-21 18:00:00,2026-09-21 18:00:00,1009.0
20260921,180000,73W,33,2026,9,21,18,10.3,108.10000000000001,100900.0,2026-09-21 18:00:00,2026-09-21 18:00:00,1009.0
20260921,180000,73W,33,2026,9,21,18,10.200000000000001,107.9,101000.0,2026-09-21 18:00:00,2026-09-21 18:00:00,1010.0
20260921,180000,73W,33,2026,9,21,18,11.1,106.0,100700.0,2026-09-21 18:00:00,2026-09-21 18:00:00,1007.0
20260921,180000,73W,33,2026,9,21,18,11.6,104.9,100800.0,2026-09-21 18:00:00,2026-09-21 18:00:00,1008.0
20260921,180000,73W,33,2026,9,21,18,13.9,102.0,100800.0,2026-09-21 18:00:00,2026-09-21 18:00:00,1008.0
20260921,180000,73W,33,2026,9,21,18,13.9,100.9,100900.0,2026-09-21 18:00:00,2026-09-21 18:00:00,1009.0
20260921,180000,73W,33,2026,9,21,18,12.8,100.60000000000001,100900.0,2026-09-21 18:00:00,2026-09-21 18:00:00,1009.0
20260921,180000,73W,33,2026,9,21,18,14.4,100.5,100800.0,2026-09-21 18:00:00,2026-09-21 18:00:00,1008.0
20260921,180000,73W,33,2026,9,21,18,13.9,100.60000000000001,100800.0,2026-09-21 18:00:00,2026-09-21 18:00:00,1008.0
20260921,180000,73W,33,2026,9,21,18,15.6,100.10000000000001,100700.0,2026-09-21 18:00:00,2026-09-21 18:00:00,1007.0
20260921,180000,73W,33,2026,9,21,18,15.6,97.3,100500.0,2026-09-21 18:00:00,2026-09-21 18:00:00,1005.0
20260921,180000,73W,33,2026,9,21,18,15.3,97.3,100500.0,2026-09-21 18:00:00,2026-09-21 18:00:00,1005.0
20260921,180000,73W,33,2026,9,21,18,17.6,96.7,100600.0,2026-09-21 18:00:00,2026-09-21 18:00:00,1006.0
20260921,180000,73W,33,2026,9,21,18,16.1,97.0,100800.0,2026-09-21 18:00:00,2026-09-21 18:00:00,1008.0
20260921,180000,73W,33,2026,9,21,18,16.4,97.0,100800.0,2026-09-21 18:00:00,2026-09-21 18:00:00,1008.0
20260921,180000,73W,33,2026,9,21,18,17.3,96.10000000000001,100800.0,2026-09-21 18:00:00,2026-09-21 18:00:00,1008.0
20260921,180000,73W,33,2026,9,21,18,17.8,95.60000000000001,100800.0,2026-09-21 18:00:00,2026-09-21 18:00:00,1008.0
20260921,180000,73W,33,2026,9,21,18,19.8,96.10000000000001,101000.0,2026-09-21 18:00:00,2026-09-21 18:00:00,1010.0
20260921,180000,73W,33,2026,9,21,18,20.400000000000002,94.7,101000.0,2026-09-21 18:00:00,2026-09-21 18:00:00,1010.0
20260921,180000,73W,34,2026,9,21,18,15.0,162.8,100800.0,2026-09-21 18:00:00,2026-09-21 18:00:00,1008.0
20260921,180000,73W,34,2026,9,21,18,13.0,162.20000000000002,101100.0,2026-09-21 18:00:00,2026-09-21 18:00:00,1011.0
20260921,180000,73W,34,2026,9,21,18,14.5,161.4,101100.0,2026-09-21 18:00:00,2026-09-21 18:00:00,1011.0
20260921,180000,73W,34,2026,9,21,18,13.9,160.0,100800.0,2026-09-21 18:00:00,2026-09-21 18:00:00,1008.0
20260921,180000,73W,34,2026,9,21,18,13.9,161.4,100900.0,2026-09-21 18:00:00,2026-09-21 18:00:00,1009.0
20260921,180000,73W,35,2026,9,21,18,13.9,160.5,101100.0,2026-09-21 18:00:00,2026-09-21 18:00:00,1011.0
20260921,180000,73W,35,2026,9,21,18,14.200000000000001,158.9,101200.0,2026-09-21 18:00:00,2026-09-21 18:00:00,1012.0
20260921,180000,73W,35,2026,9,21,18,15.6,158.6,100900.0,2026-09-21 18:00:00,2026-09-21 18:00:00,1009.0
20260921,180000,73W,35,2026,9,21,18,14.700000000000001,158.6,101200.0,2026-09-21 18:00:00,2026-09-21 18:00:00,1012.0
20260921,180000,73W,35,2026,9,21,18,16.4,156.6,100900.0,2026-09-21 18:00:00,2026-09-21 18:00:00,1009.0
20260921,180000,73W,35,2026,9,21,18,16.1,154.4,100900.0,2026-09-21 18:00:00,2026-09-21 18:00:00,1009.0
20260921,180000,73W,35,2026,9,21,18,16.7,153.5,100600.0,2026-09-21 18:00:00,2026-09-21 18:00:00,1006.0
20260921,180000,73W,35,2026,9,21,18,16.7,152.4,100700.0,2026-09-21 18:00:00,2026-09-21 18:00:00,1007.0
20260921,180000,73W,35,2026,9,21,18,16.7,152.70000000000002,100500.0,2026-09-21 18:00:00,2026-09-21 18:00:00,1005.0
20260921,180000,73W,35,2026,9,21,18,16.7,152.70000000000002,100700.0,2026-09-21 18:00:00,2026-09-21 18:00:00,1007.0
20260921,180000,73W,35,2026,9,21,18,17.3,152.70000000000002,100500.0,2026-09-21 18:00:00,2026-09-21 18:00:00,1005.0
20260921,180000,73W,35,2026,9,21,18,17.0,152.1,100500.0,2026-09-21 18:00:00,2026-09-21 18:00:00,1005.0
20260921,180000,73W,35,2026,9,21,18,17.6,152.1,100300.0,2026-09-21 18:00:00,2026-09-21 18:00:00,1003.0
20260921,180000,73W,35,2026,9,21,18,17.6,152.1,100500.0,2026-09-21 18:00:00,2026-09-21 18:00:00,1005.0
20260921,180000,73W,35,2026,9,21,18,17.8,151.3,100200.0,2026-09-21 18:00:00,2026-09-21 18:00:00,1002.0
20260921,180000,73W,35,2026,9,21,18,18.1,150.4,100400.0,2026-09-21 18:00:00,2026-09-21 18:00:00,1004.0
20260921,180000,73W,35,2026,9,21,18,18.1,149.3,100100.0,2026-09-21 18:00:00,2026-09-21 18:00:00,1001.0
20260921,180000,73W,35,2026,9,21,18,18.400000000000002,148.70000000000002,100200.0,2026-09-21 18:00:00,2026-09-21 18:00:00,1002.0
20260921,180000,73W,35,2026,9,21,18,18.7,147.6,100000.0,2026-09-21 18:00:00,2026-09-21 18:00:00,1000.0
20260921,180000,73W,35,2026,9,21,18,18.7,146.8,100100.0,2026-09-21 18:00:00,2026-09-21 18:00:00,1001.0
20260921,180000,73W,35,2026,9,21,18,19.0,146.20000000000002,99900.0,2026-09-21 18:00:00,2026-09-21 18:00:00,999.0
20260921,180000,73W,35,2026,9,21,18,19.2,145.4,100200.0,2026-09-21 18:00:00,2026-09-21 18:00:00,1002.0
20260921,180000,73W,35,2026,9,21,18,20.1,144.20000000000002,100000.0,2026-09-21 18:00:00,2026-09-21 18:00:00,1000.0
20260921,180000,73W,35,2026,9,21,18,20.7,142.8,99700.0,2026-09-21 18:00:00,2026-09-21 18:00:00,997.0
20260921,180000,73W,35,2026,9,21,18,20.1,141.4,99600.0,2026-09-21 18:00:00,2026-09-21 18:00:00,996.0
20260921,180000,73W,35,2026,9,21,18,19.8,141.1,99700.0,2026-09-21 18:00:00,2026-09-21 18:00:00,997.0
20260921,180000,73W,35,2026,9,21,18,19.5,140.0,99600.0,2026-09-21 18:00:00,2026-09-21 18:00:00,996.0
20260921,180000,73W,35,2026,9,21,18,19.0,139.20000000000002,99700.0,2026-09-21 18:00:00,2026-09-21 18:00:00,997.0
20260921,180000,73W,35,2026,9,21,18,18.7,138.6,99100.0,2026-09-21 18:00:00,2026-09-21 18:00:00,991.0
20260921,180000,73W,35,2026,9,21,18,18.1,138.0,99400.0,2026-09-21 18:00:00,2026-09-21 18:00:00,994.0
20260921,180000,73W,35,2026,9,21,18,17.8,137.20000000000002,98900.0,2026-09-21 18:00:00,2026-09-21 18:00:00,989.0
20260921,180000,73W,35,2026,9,21,18,17.6,136.6,99100.0,2026-09-21 18:00:00,2026-09-21 18:00:00,991.0
20260921,180000,73W,35,2026,9,21,18,17.8,135.8,98600.0,2026-09-21 18:00:00,2026-09-21 18:00:00,986.0
20260921,180000,73W,35,2026,9,21,18,17.6,134.7,98800.0,2026-09-21 18:00:00,2026-09-21 18:00:00,988.0
20260921,180000,73W,35,2026,9,21,18,17.6,133.5,98500.0,2026-09-21 18:00:00,2026-09-21 18:00:00,985.0
20260921,180000,73W,36,2026,9,21,18,11.5,101.9,100900.0,2026-09-21 18:00:00,2026-09-21 18:00:00,1009.0
20260921,180000,73W,36,2026,9,21,18,11.6,104.60000000000001,100800.0,2026-09-21 18:00:00,2026-09-21 18:00:00,1008.0
20260921,180000,73W,36,2026,9,21,18,11.4,102.60000000000001,100900.0,2026-09-21 18:00:00,2026-09-21 18:00:00,1009.0
20260921,180000,73W,36,2026,9,21,18,11.6,104.9,100800.0,2026-09-21 18:00:00,2026-09-21 18:00:00,1008.0
20260921,180000,73W,37,2026,9,21,18,15.6,170.4,100900.0,2026-09-21 18:00:00,2026-09-21 18:00:00,1009.0
20260921,180000,73W,37,2026,9,21,18,17.3,170.4,101000.0,2026-09-21 18:00:00,2026-09-21 18:00:00,1010.0
20260921,180000,73W,37,2026,9,21,18,18.1,169.3,100900.0,2026-09-21 18:00:00,2026-09-21 18:00:00,1009.0
20260921,180000,73W,37,2026,9,21,18,19.8,170.4,101000.0,2026-09-21 18:00:00,2026-09-21 18:00:00,1010.0
20260921,180000,73W,38,2026,9,21,18,19.8,171.8,100500.0,2026-09-21 18:00:00,2026-09-21 18:00:00,1005.0
20260921,180000,73W,38,2026,9,21,18,20.900000000000002,172.1,100500.0,2026-09-21 18:00:00,2026-09-21 18:00:00,1005.0
20260921,180000,73W,38,2026,9,21,18,21.5,171.20000000000002,100500.0,2026-09-21 18:00:00,2026-09-21 18:00:00,1005.0
20260921,180000,73W,38,2026,9,21,18,21.8,171.0,100600.0,2026-09-21 18:00:00,2026-09-21 18:00:00,1006.0
20260921,180000,73W,38,2026,9,21,18,21.8,170.70000000000002,100600.0,2026-09-21 18:00:00,2026-09-21 18:00:00,1006.0
20260921,180000,73W,38,2026,9,21,18,22.3,170.70000000000002,100800.0,2026-09-21 18:00:00,2026-09-21 18:00:00,1008.0
20260921,180000,73W,38,2026,9,21,18,23.2,170.70000000000002,100600.0,2026-09-21 18:00:00,2026-09-21 18:00:00,1006.0
20260921,180000,73W,38,2026,9,21,18,23.5,170.4,100800.0,2026-09-21 18:00:00,2026-09-21 18:00:00,1008.0
20260921,180000,73W,38,2026,9,21,18,23.7,169.6,100700.0,2026-09-21 18:00:00,2026-09-21 18:00:00,1007.0
20260921,180000,73W,38,2026,9,21,18,24.3,168.70000000000002,100800.0,2026-09-21 18:00:00,2026-09-21 18:00:00,1008.0
20260921,180000,73W,38,2026,9,21,18,24.3,168.4,100700.0,2026-09-21 18:00:00,2026-09-21 18:00:00,1007.0
20260921,180000,73W,39,2026,9,21,18,14.200000000000001,171.20000000000002,100800.0,2026-09-21 18:00:00,2026-09-21 18:00:00,1008.0
20260921,180000,73W,39,2026,9,21,18,17.6,172.6,100900.0,2026-09-21 18:00:00,2026-09-21 18:00:00,1009.0
20260921,180000,73W,39,2026,9,21,18,17.8,171.20000000000002,100800.0,2026-09-21 18:00:00,2026-09-21 18:00:00,1008.0
20260921,180000,73W,39,2026,9,21,18,19.0,171.5,100900.0,2026-09-21 18:00:00,2026-09-21 18:00:00,1009.0
20260921,180000,73W,39,2026,9,21,18,19.0,171.0,100900.0,2026-09-21 18:00:00,2026-09-21 18:00:00,1009.0
20260921,180000,73W,39,2026,9,21,18,19.5,170.70000000000002,101100.0,2026-09-21 18:00:00,2026-09-21 18:00:00,1011.0
20260921,180000,73W,39,2026,9,21,18,20.400000000000002,171.0,100900.0,2026-09-21 18:00:00,2026-09-21 18:00:00,1009.0
20260921,180000,73W,39,2026,9,21,18,21.400000000000002,169.20000000000002,101000.0,2026-09-21 18:00:00,2026-09-21 18:00:00,1010.0
20260921,180000,73W,40,2026,9,21,18,14.5,172.4,101000.0,2026-09-21 18:00:00,2026-09-21 18:00:00,1010.0
20260921,180000,73W,40,2026,9,21,18,14.8,174.1,100900.0,2026-09-21 18:00:00,2026-09-21 18:00:00,1009.0
20260921,180000,73W,40,2026,9,21,18,15.9,172.6,100700.0,2026-09-21 18:00:00,2026-09-21 18:00:00,1007.0
20260921,180000,73W,40,2026,9,21,18,18.400000000000002,174.0,100800.0,2026-09-21 18:00:00,2026-09-21 18:00:00,1008.0
20260921,180000,73W,40,2026,9,21,18,19.0,173.5,100700.0,2026-09-21 18:00:00,2026-09-21 18:00:00,1007.0
20260921,180000,73W,40,2026,9,21,18,20.1,173.5,100700.0,2026-09-21 18:00:00,2026-09-21 18:00:00,1007.0
20260921,180000,73W,40,2026,9,21,18,20.7,172.9,100600.0,2026-09-21 18:00:00,2026-09-21 18:00:00,1006.0
20260921,180000,73W,40,2026,9,21,18,21.5,172.6,100800.0,2026-09-21 18:00:00,2026-09-21 18:00:00,1008.0
20260921,180000,73W,40,2026,9,21,18,22.3,172.6,100800.0,2026-09-21 18:00:00,2026-09-21 18:00:00,1008.0
20260921,180000,73W,40,2026,9,21,18,23.2,172.4,100800.0,2026-09-21 18:00:00,2026-09-21 18:00:00,1008.0
20260921,180000,73W,40,2026,9,21,18,23.900000000000002,171.9,100700.0,2026-09-21 18:00:00,2026-09-21 18:00:00,1007.0
20260921,180000,73W,40,2026,9,21,18,24.900000000000002,170.70000000000002,100800.0,2026-09-21 18:00:00,2026-09-21 18:00:00,1008.0
20260921,180000,73W,40,2026,9,21,18,25.2,170.4,100800.0,2026-09-21 18:00:00,2026-09-21 18:00:00,1008.0
20260921,180000,73W,40,2026,9,21,18,26.0,170.1,100700.0,2026-09-21 18:00:00,2026-09-21 18:00:00,1007.0
20260921,180000,73W,40,2026,9,21,18,27.1,169.5,100600.0,2026-09-21 18:00:00,2026-09-21 18:00:00,1006.0
20260921,180000,73W,40,2026,9,21,18,27.7,169.0,100700.0,2026-09-21 18:00:00,2026-09-21 18:00:00,1007.0
20260921,180000,73W,40,2026,9,21,18,28.8,169.3,100500.0,2026-09-21 18:00:00,2026-09-21 18:00:00,1005.0
20260921,180000,73W,40,2026,9,21,18,28.8,169.3,100800.0,2026-09-21 18:00:00,2026-09-21 18:00:00,1008.0
20260921,180000,73W,40,2026,9,21,18,30.0,169.5,100600.0,2026-09-21 18:00:00,2026-09-21 18:00:00,1006.0
20260921,180000,73W,40,2026,9,21,18,30.5,169.3,100600.0,2026-09-21 18:00:00,2026-09-21 18:00:00,1006.0
20260921,180000,73W,40,2026,9,21,18,31.400000000000002,168.70000000000002,100700.0,2026-09-21 18:00:00,2026-09-21 18:00:00,1007.0
20260921,180000,73W,40,2026,9,21,18,31.1,168.4,100800.0,2026-09-21 18:00:00,2026-09-21 18:00:00,1008.0
20260921,180000,73W,40,2026,9,21,18,31.400000000000002,168.70000000000002,100700.0,2026-09-21 18:00:00,2026-09-21 18:00:00,1007.0
20260921,180000,73W,40,2026,9,21,18,31.6,168.4,100800.0,2026-09-21 18:00:00,2026-09-21 18:00:00,1008.0
20260921,180000,73W,40,2026,9,21,18,31.900000000000002,168.1,100800.0,2026-09-21 18:00:00,2026-09-21 18:00:00,1008.0
20260921,180000,73W,40,2026,9,21,18,32.8,168.4,100900.0,2026-09-21 18:00:00,2026-09-21 18:00:00,1009.0
20260921,180000,73W,40,2026,9,21,18,33.3,168.4,100900.0,2026-09-21 18:00:00,2026-09-21 18:00:00,1009.0
20260921,180000,73W,41,2026,9,21,18,10.5,102.60000000000001,100900.0,2026-09-21 18:00:00,2026-09-21 18:00:00,1009.0
20260921,180000,73W,41,2026,9,21,18,11.4,102.3,100900.0,2026-09-21 18:00:00,2026-09-21 18:00:00,1009.0
20260921,180000,73W,41,2026,9,21,18,12.5,102.3,100700.0,2026-09-21 18:00:00,2026-09-21 18:00:00,1007.0
20260921,180000,73W,41,2026,9,21,18,11.9,102.60000000000001,100800.0,2026-09-21 18:00:00,2026-09-21 18:00:00,1008.0
20260921,180000,73W,41,2026,9,21,18,11.9,102.60000000000001,100800.0,2026-09-21 18:00:00,2026-09-21 18:00:00,1008.0
20260921,180000,73W,41,2026,9,21,18,12.200000000000001,102.0,100800.0,2026-09-21 18:00:00,2026-09-21 18:00:00,1008.0
20260921,180000,73W,41,2026,9,21,18,13.0,102.3,100700.0,2026-09-21 18:00:00,2026-09-21 18:00:00,1007.0
20260921,180000,73W,41,2026,9,21,18,13.9,100.9,100600.0,2026-09-21 18:00:00,2026-09-21 18:00:00,1006.0
20260921,180000,73W,41,2026,9,21,18,13.0,100.60000000000001,100700.0,2026-09-21 18:00:00,2026-09-21 18:00:00,1007.0
20260921,180000,73W,41,2026,9,21,18,13.3,100.60000000000001,100700.0,2026-09-21 18:00:00,2026-09-21 18:00:00,1007.0
20260921,180000,73W,41,2026,9,21,18,13.0,98.4,100600.0,2026-09-21 18:00:00,2026-09-21 18:00:00,1006.0
20260921,180000,73W,41,2026,9,21,18,13.9,97.8,100600.0,2026-09-21 18:00:00,2026-09-21 18:00:00,1006.0
20260921,180000,73W,41,2026,9,21,18,15.0,97.5,100500.0,2026-09-21 18:00:00,2026-09-21 18:00:00,1005.0
20260921,180000,73W,41,2026,9,21,18,14.700000000000001,97.5,100300.0,2026-09-21 18:00:00,2026-09-21 18:00:00,1003.0
20260921,180000,73W,41,2026,9,21,18,15.6,97.3,100400.0,2026-09-21 18:00:00,2026-09-21 18:00:00,1004.0
20260921,180000,73W,41,2026,9,21,18,15.9,96.4,100100.0,2026-09-21 18:00:00,2026-09-21 18:00:00,1001.0
20260921,180000,73W,41,2026,9,21,18,16.1,95.9,100100.0,2026-09-21 18:00:00,2026-09-21 18:00:00,1001.0
20260921,180000,73W,41,2026,9,21,18,16.7,95.0,100300.0,2026-09-21 18:00:00,2026-09-21 18:00:00,1003.0
20260921,180000,73W,41,2026,9,21,18,16.7,94.2,100300.0,2026-09-21 18:00:00,2026-09-21 18:00:00,1003.0
20260921,180000,73W,41,2026,9,21,18,17.6,93.0,100200.0,2026-09-21 18:00:00,2026-09-21 18:00:00,1002.0
20260921,180000,73W,41,2026,9,21,18,18.1,91.9,100300.0,2026-09-21 18:00:00,2026-09-21 18:00:00,1003.0
20260921,180000,73W,41,2026,9,21,18,17.8,91.10000000000001,100200.0,2026-09-21 18:00:00,2026-09-21 18:00:00,1002.0
20260921,180000,73W,41,2026,9,21,18,18.1,90.0,100400.0,2026-09-21 18:00:00,2026-09-21 18:00:00,1004.0
20260921,180000,73W,41,2026,9,21,18,18.1,88.8,100300.0,2026-09-21 18:00:00,2026-09-21 18:00:00,1003.0
20260921,180000,73W,41,2026,9,21,18,17.8,88.8,100400.0,2026-09-21 18:00:00,2026-09-21 18:00:00,1004.0
20260921,180000,73W,41,2026,9,21,18,18.1,89.4,100200.0,2026-09-21 18:00:00,2026-09-21 18:00:00,1002.0
20260921,180000,73W,41,2026,9,21,18,19.0,88.8,99900.0,2026-09-21 18:00:00,2026-09-21 18:00:00,999.0
20260921,180000,73W,41,2026,9,21,18,19.8,88.5,99800.0,2026-09-21 18:00:00,2026-09-21 18:00:00,998.0
20260921,180000,73W,41,2026,9,21,18,20.7,88.3,99500.0,2026-09-21 18:00:00,2026-09-21 18:00:00,995.0
20260921,180000,73W,41,2026,9,21,18,22.900000000000002,88.3,99500.0,2026-09-21 18:00:00,2026-09-21 18:00:00,995.0
20260921,180000,73W,41,2026,9,21,18,23.2,88.5,99800.0,2026-09-21 18:00:00,2026-09-21 18:00:00,998.0
20260921,180000,73W,41,2026,9,21,18,23.8,89.10000000000001,99800.0,2026-09-21 18:00:00,2026-09-21 18:00:00,998.0
20260921,180000,73W,41,2026,9,21,18,24.3,89.4,100000.0,2026-09-21 18:00:00,2026-09-21 18:00:00,1000.0
20260921,180000,73W,41,2026,9,21,18,24.6,90.2,100000.0,2026-09-21 18:00:00,2026-09-21 18:00:00,1000.0
20260921,180000,73W,41,2026,9,21,18,24.900000000000002,90.8,100400.0,2026-09-21 18:00:00,2026-09-21 18:00:00,1004.0
20260921,180000,73W,41,2026,9,21,18,26.0,92.2,100500.0,2026-09-21 18:00:00,2026-09-21 18:00:00,1005.0
20260921,180000,73W,41,2026,9,21,18,26.3,92.8,100700.0,2026-09-21 18:00:00,2026-09-21 18:00:00,1007.0
20260921,180000,73W,41,2026,9,21,18,26.6,93.9,100800.0,2026-09-21 18:00:00,2026-09-21 18:00:00,1008.0
20260921,180000,73W,41,2026,9,21,18,28.0,95.9,101000.0,2026-09-21 18:00:00,2026-09-21 18:00:00,1010.0
20260921,180000,73W,41,2026,9,21,18,26.900000000000002,94.5,101100.0,2026-09-21 18:00:00,2026-09-21 18:00:00,1011.0
20260921,180000,73W,42,2026,9,21,18,14.5,146.20000000000002,101000.0,2026-09-21 18:00:00,2026-09-21 18:00:00,1010.0
20260921,180000,73W,42,2026,9,21,18,12.5,145.9,100900.0,2026-09-21 18:00:00,2026-09-21 18:00:00,1009.0
20260921,180000,73W,42,2026,9,21,18,13.9,148.20000000000002,100700.0,2026-09-21 18:00:00,2026-09-21 18:00:00,1007.0
20260921,180000,73W,42,2026,9,21,18,13.6,149.0,101000.0,2026-09-21 18:00:00,2026-09-21 18:00:00,1010.0
20260921,180000,73W,42,2026,9,21,18,13.6,149.0,100800.0,2026-09-21 18:00:00,2026-09-21 18:00:00,1008.0
20260921,180000,73W,42,2026,9,21,18,13.3,148.5,101000.0,2026-09-21 18:00:00,2026-09-21 18:00:00,1010.0
20260921,180000,73W,42,2026,9,21,18,13.3,148.5,100900.0,2026-09-21 18:00:00,2026-09-21 18:00:00,1009.0
20260921,180000,73W,42,2026,9,21,18,14.5,148.20000000000002,101100.0,2026-09-21 18:00:00,2026-09-21 18:00:00,1011.0
20260921,180000,73W,42,2026,9,21,18,14.200000000000001,148.20000000000002,100900.0,2026-09-21 18:00:00,2026-09-21 18:00:00,1009.0
20260921,180000,73W,42,2026,9,21,18,14.700000000000001,149.9,101100.0,2026-09-21 18:00:00,2026-09-21 18:00:00,1011.0
20260921,180000,73W,42,2026,9,21,18,15.0,149.0,100700.0,2026-09-21 18:00:00,2026-09-21 18:00:00,1007.0
20260921,180000,73W,42,2026,9,21,18,15.6,149.0,100900.0,2026-09-21 18:00:00,2026-09-21 18:00:00,1009.0
20260921,180000,73W,42,2026,9,21,18,15.6,149.0,100600.0,2026-09-21 18:00:00,2026-09-21 18:00:00,1006.0
20260921,180000,73W,42,2026,9,21,18,16.1,149.0,100800.0,2026-09-21 18:00:00,2026-09-21 18:00:00,1008.0
20260921,180000,73W,42,2026,9,21,18,16.7,148.5,100500.0,2026-09-21 18:00:00,2026-09-21 18:00:00,1005.0
20260921,180000,73W,42,2026,9,21,18,17.3,147.6,100700.0,2026-09-21 18:00:00,2026-09-21 18:00:00,1007.0
20260921,180000,73W,42,2026,9,21,18,17.3,146.5,100300.0,2026-09-21 18:00:00,2026-09-21 18:00:00,1003.0
20260921,180000,73W,42,2026,9,21,18,17.8,145.4,100400.0,2026-09-21 18:00:00,2026-09-21 18:00:00,1004.0
20260921,180000,73W,42,2026,9,21,18,18.1,144.20000000000002,100100.0,2026-09-21 18:00:00,2026-09-21 18:00:00,1001.0
20260921,180000,73W,42,2026,9,21,18,18.7,143.1,100200.0,2026-09-21 18:00:00,2026-09-21 18:00:00,1002.0
20260921,180000,73W,42,2026,9,21,18,19.0,141.70000000000002,99800.0,2026-09-21 18:00:00,2026-09-21 18:00:00,998.0
20260921,180000,73W,42,2026,9,21,18,19.5,140.9,100000.0,2026-09-21 18:00:00,2026-09-21 18:00:00,1000.0
20260921,180000,73W,42,2026,9,21,18,19.5,140.3,99800.0,2026-09-21 18:00:00,2026-09-21 18:00:00,998.0
20260921,180000,73W,42,2026,9,21,18,19.8,139.70000000000002,100100.0,2026-09-21 18:00:00,2026-09-21 18:00:00,1001.0
20260921,180000,73W,42,2026,9,21,18,19.2,138.9,99500.0,2026-09-21 18:00:00,2026-09-21 18:00:00,995.0
20260921,180000,73W,42,2026,9,21,18,19.2,138.3,99800.0,2026-09-21 18:00:00,2026-09-21 18:00:00,998.0
20260921,180000,73W,42,2026,9,21,18,19.0,138.0,99500.0,2026-09-21 18:00:00,2026-09-21 18:00:00,995.0
20260921,180000,73W,42,2026,9,21,18,19.2,137.5,99700.0,2026-09-21 18:00:00,2026-09-21 18:00:00,997.0
20260921,180000,73W,42,2026,9,21,18,19.2,136.9,99300.0,2026-09-21 18:00:00,2026-09-21 18:00:00,993.0
20260921,180000,73W,42,2026,9,21,18,19.5,136.4,99000.0,2026-09-21 18:00:00,2026-09-21 18:00:00,990.0
20260921,180000,73W,42,2026,9,21,18,19.2,135.2,98500.0,2026-09-21 18:00:00,2026-09-21 18:00:00,985.0
20260921,180000,73W,42,2026,9,21,18,19.0,135.0,98500.0,2026-09-21 18:00:00,2026-09-21 18:00:00,985.0
20260921,180000,73W,42,2026,9,21,18,18.7,134.4,97700.0,2026-09-21 18:00:00,2026-09-21 18:00:00,977.0
20260921,180000,73W,42,2026,9,21,18,18.400000000000002,133.8,97400.0,2026-09-21 18:00:00,2026-09-21 18:00:00,974.0
20260921,180000,73W,42,2026,9,21,18,18.400000000000002,133.3,97100.0,2026-09-21 18:00:00,2026-09-21 18:00:00,971.0
20260921,180000,73W,42,2026,9,21,18,18.1,133.0,96900.0,2026-09-21 18:00:00,2026-09-21 18:00:00,969.0
20260921,180000,73W,42,2026,9,21,18,18.400000000000002,132.1,96700.0,2026-09-21 18:00:00,2026-09-21 18:00:00,967.0
20260921,180000,73W,42,2026,9,21,18,18.400000000000002,131.3,96200.0,2026-09-21 18:00:00,2026-09-21 18:00:00,962.0
20260921,180000,73W,42,2026,9,21,18,18.400000000000002,130.7,95400.0,2026-09-21 18:00:00,2026-09-21 18:00:00,954.0
20260921,180000,73W,42,2026,9,21,18,18.400000000000002,129.9,95600.0,2026-09-21 18:00:00,2026-09-21 18:00:00,956.0
20260921,180000,73W,42,2026,9,21,18,18.7,128.8,95800.0,2026-09-21 18:00:00,2026-09-21 18:00:00,958.0
20260921,180000,73W,42,2026,9,21,18,18.7,127.4,95500.0,2026-09-21 18:00:00,2026-09-21 18:00:00,955.0
20260921,180000,73W,42,2026,9,21,18,19.2,126.8,95400.0,2026-09-21 18:00:00,2026-09-21 18:00:00,954.0
20260921,180000,73W,42,2026,9,21,18,19.5,124.8,96100.0,2026-09-21 18:00:00,2026-09-21 18:00:00,961.0
20260921,180000,73W,42,2026,9,21,18,20.1,124.0,95400.0,2026-09-21 18:00:00,2026-09-21 18:00:00,954.0
20260921,180000,73W,43,2026,9,21,18,16.1,167.3,100900.0,2026-09-21 18:00:00,2026-09-21 18:00:00,1009.0
20260921,180000,73W,43,2026,9,21,18,17.0,166.70000000000002,100800.0,2026-09-21 18:00:00,2026-09-21 18:00:00,1008.0
20260921,180000,73W,44,2026,9,21,18,14.0,174.1,100900.0,2026-09-21 18:00:00,2026-09-21 18:00:00,1009.0
20260921,180000,73W,44,2026,9,21,18,14.200000000000001,173.5,101000.0,2026-09-21 18:00:00,2026-09-21 18:00:00,1010.0
20260921,180000,73W,44,2026,9,21,18,15.3,172.9,101000.0,2026-09-21 18:00:00,2026-09-21 18:00:00,1010.0
20260921,180000,73W,44,2026,9,21,18,15.9,172.6,100800.0,2026-09-21 18:00:00,2026-09-21 18:00:00,1008.0
20260921,180000,73W,44,2026,9,21,18,17.8,172.6,101000.0,2026-09-21 18:00:00,2026-09-21 18:00:00,1010.0
20260921,180000,73W,44,2026,9,21,18,18.400000000000002,172.4,100800.0,2026-09-21 18:00:00,2026-09-21 18:00:00,1008.0
20260921,180000,73W,44,2026,9,21,18,19.400000000000002,171.8,101000.0,2026-09-21 18:00:00,2026-09-21 18:00:00,1010.0
20260921,180000,73W,44,2026,9,21,18,19.8,171.8,101000.0,2026-09-21 18:00:00,2026-09-21 18:00:00,1010.0
20260921,180000,73W,44,2026,9,21,18,22.3,169.5,100900.0,2026-09-21 18:00:00,2026-09-21 18:00:00,1009.0
20260921,180000,73W,44,2026,9,21,18,22.900000000000002,168.1,101000.0,2026-09-21 18:00:00,2026-09-21 18:00:00,1010.0
20260921,180000,73W,44,2026,9,21,18,23.400000000000002,167.70000000000002,100900.0,2026-09-21 18:00:00,2026-09-21 18:00:00,1009.0
20260921,180000,73W,45,2026,9,21,18,15.6,146.8,101200.0,2026-09-21 18:00:00,2026-09-21 18:00:00,1012.0
20260921,180000,73W,45,2026,9,21,18,14.700000000000001,147.0,101100.0,2026-09-21 18:00:00,2026-09-21 18:00:00,1011.0
20260921,180000,73W,45,2026,9,21,18,15.5,146.5,101300.0,2026-09-21 18:00:00,2026-09-21 18:00:00,1013.0
20260921,180000,73W,45,2026,9,21,18,16.1,144.5,101000.0,2026-09-21 18:00:00,2026-09-21 18:00:00,1010.0
20260921,180000,73W,45,2026,9,21,18,14.700000000000001,144.5,101200.0,2026-09-21 18:00:00,2026-09-21 18:00:00,1012.0
20260921,180000,73W,45,2026,9,21,18,14.700000000000001,144.0,100800.0,2026-09-21 18:00:00,2026-09-21 18:00:00,1008.0
20260921,180000,73W,46,2026,9,21,18,16.7,168.4,100800.0,2026-09-21 18:00:00,2026-09-21 18:00:00,1008.0
20260921,180000,73W,46,2026,9,21,18,16.1,170.4,100900.0,2026-09-21 18:00:00,2026-09-21 18:00:00,1009.0
20260921,180000,73W,46,2026,9,21,18,19.2,171.9,100900.0,2026-09-21 18:00:00,2026-09-21 18:00:00,1009.0
20260921,180000,73W,46,2026,9,21,18,19.8,170.70000000000002,100800.0,2026-09-21 18:00:00,2026-09-21 18:00:00,1008.0
20260921,180000,73W,46,2026,9,21,18,21.2,171.5,100900.0,2026-09-21 18:00:00,2026-09-21 18:00:00,1009.0
20260921,180000,73W,46,2026,9,21,18,21.7,170.9,100800.0,2026-09-21 18:00:00,2026-09-21 18:00:00,1008.0
20260921,180000,73W,46,2026,9,21,18,22.3,170.70000000000002,100800.0,2026-09-21 18:00:00,2026-09-21 18:00:00,1008.0
20260921,180000,73W,46,2026,9,21,18,22.900000000000002,170.4,100700.0,2026-09-21 18:00:00,2026-09-21 18:00:00,1007.0
20260921,180000,73W,46,2026,9,21,18,23.2,170.4,100800.0,2026-09-21 18:00:00,2026-09-21 18:00:00,1008.0
20260921,180000,73W,46,2026,9,21,18,23.2,170.1,100700.0,2026-09-21 18:00:00,2026-09-21 18:00:00,1007.0
20260921,180000,73W,46,2026,9,21,18,24.3,170.1,100800.0,2026-09-21 18:00:00,2026-09-21 18:00:00,1008.0
20260921,180000,73W,46,2026,9,21,18,24.6,169.3,100600.0,2026-09-21 18:00:00,2026-09-21 18:00:00,1006.0
20260921,180000,73W,46,2026,9,21,18,24.6,168.70000000000002,100700.0,2026-09-21 18:00:00,2026-09-21 18:00:00,1007.0
20260921,180000,73W,46,2026,9,21,18,24.6,168.4,100600.0,2026-09-21 18:00:00,2026-09-21 18:00:00,1006.0
20260921,180000,73W,46,2026,9,21,18,25.400000000000002,167.6,100700.0,2026-09-21 18:00:00,2026-09-21 18:00:00,1007.0
20260921,180000,73W,47,2026,9,21,18,9.700000000000001,107.4,100900.0,2026-09-21 18:00:00,2026-09-21 18:00:00,1009.0
20260921,180000,73W,47,2026,9,21,18,11.1,106.8,100800.0,2026-09-21 18:00:00,2026-09-21 18:00:00,1008.0
20260921,180000,73W,47,2026,9,21,18,10.0,107.10000000000001,100800.0,2026-09-21 18:00:00,2026-09-21 18:00:00,1008.0
20260921,180000,73W,47,2026,9,21,18,10.200000000000001,107.4,100700.0,2026-09-21 18:00:00,2026-09-21 18:00:00,1007.0
20260921,180000,73W,47,2026,9,21,18,10.5,106.8,100800.0,2026-09-21 18:00:00,2026-09-21 18:00:00,1008.0
20260921,180000,73W,47,2026,9,21,18,11.700000000000001,104.9,100800.0,2026-09-21 18:00:00,2026-09-21 18:00:00,1008.0
20260921,180000,73W,47,2026,9,21,18,10.5,103.5,100700.0,2026-09-21 18:00:00,2026-09-21 18:00:00,1007.0
20260921,180000,73W,47,2026,9,21,18,12.200000000000001,104.3,100600.0,2026-09-21 18:00:00,2026-09-21 18:00:00,1006.0
20260921,180000,73W,47,2026,9,21,18,12.8,103.7,100600.0,2026-09-21 18:00:00,2026-09-21 18:00:00,1006.0
20260921,180000,73W,47,2026,9,21,18,13.1,103.5,100600.0,2026-09-21 18:00:00,2026-09-21 18:00:00,1006.0
20260921,180000,73W,47,2026,9,21,18,13.0,102.3,100700.0,2026-09-21 18:00:00,2026-09-21 18:00:00,1007.0
20260921,180000,73W,47,2026,9,21,18,13.9,101.5,100400.0,2026-09-21 18:00:00,2026-09-21 18:00:00,1004.0
20260921,180000,73W,47,2026,9,21,18,14.200000000000001,100.60000000000001,100400.0,2026-09-21 18:00:00,2026-09-21 18:00:00,1004.0
20260921,180000,73W,47,2026,9,21,18,14.5,100.60000000000001,100500.0,2026-09-21 18:00:00,2026-09-21 18:00:00,1005.0
20260921,180000,73W,47,2026,9,21,18,14.5,100.10000000000001,100600.0,2026-09-21 18:00:00,2026-09-21 18:00:00,1006.0
20260921,180000,73W,47,2026,9,21,18,14.5,100.10000000000001,100500.0,2026-09-21 18:00:00,2026-09-21 18:00:00,1005.0
20260921,180000,73W,47,2026,9,21,18,14.700000000000001,97.5,100300.0,2026-09-21 18:00:00,2026-09-21 18:00:00,1003.0
20260921,180000,73W,47,2026,9,21,18,14.700000000000001,97.5,100400.0,2026-09-21 18:00:00,2026-09-21 18:00:00,1004.0
20260921,180000,73W,47,2026,9,21,18,15.3,95.9,100400.0,2026-09-21 18:00:00,2026-09-21 18:00:00,1004.0
20260921,180000,73W,47,2026,9,21,18,15.3,96.7,100300.0,2026-09-21 18:00:00,2026-09-21 18:00:00,1003.0
20260921,180000,73W,47,2026,9,21,18,15.200000000000001,96.60000000000001,100200.0,2026-09-21 18:00:00,2026-09-21 18:00:00,1002.0
20260921,180000,73W,47,2026,9,21,18,15.0,96.7,100300.0,2026-09-21 18:00:00,2026-09-21 18:00:00,1003.0
20260921,180000,73W,47,2026,9,21,18,14.5,96.10000000000001,100200.0,2026-09-21 18:00:00,2026-09-21 18:00:00,1002.0
20260921,180000,73W,47,2026,9,21,18,14.700000000000001,96.10000000000001,100200.0,2026-09-21 18:00:00,2026-09-21 18:00:00,1002.0
20260921,180000,73W,47,2026,9,21,18,15.6,95.9,100100.0,2026-09-21 18:00:00,2026-09-21 18:00:00,1001.0
20260921,180000,73W,47,2026,9,21,18,15.9,95.3,100300.0,2026-09-21 18:00:00,2026-09-21 18:00:00,1003.0
20260921,180000,73W,47,2026,9,21,18,15.6,94.5,100300.0,2026-09-21 18:00:00,2026-09-21 18:00:00,1003.0
20260921,180000,73W,47,2026,9,21,18,16.1,93.9,100300.0,2026-09-21 18:00:00,2026-09-21 18:00:00,1003.0
20260921,180000,73W,47,2026,9,21,18,15.9,93.3,100200.0,2026-09-21 18:00:00,2026-09-21 18:00:00,1002.0
20260921,180000,73W,47,2026,9,21,18,16.4,92.8,100200.0,2026-09-21 18:00:00,2026-09-21 18:00:00,1002.0
20260921,180000,73W,47,2026,9,21,18,16.7,91.9,99900.0,2026-09-21 18:00:00,2026-09-21 18:00:00,999.0
20260921,180000,73W,47,2026,9,21,18,17.3,91.4,99800.0,2026-09-21 18:00:00,2026-09-21 18:00:00,998.0
20260921,180000,73W,47,2026,9,21,18,18.1,90.8,99400.0,2026-09-21 18:00:00,2026-09-21 18:00:00,994.0
20260921,180000,73W,47,2026,9,21,18,19.0,90.2,99600.0,2026-09-21 18:00:00,2026-09-21 18:00:00,996.0
20260921,180000,73W,47,2026,9,21,18,19.2,89.10000000000001,99400.0,2026-09-21 18:00:00,2026-09-21 18:00:00,994.0
20260921,180000,73W,47,2026,9,21,18,19.8,88.8,99200.0,2026-09-21 18:00:00,2026-09-21 18:00:00,992.0
20260921,180000,73W,48,2026,9,21,18,15.3,172.1,100800.0,2026-09-21 18:00:00,2026-09-21 18:00:00,1008.0
20260921,180000,73W,48,2026,9,21,18,16.1,171.8,100900.0,2026-09-21 18:00:00,2026-09-21 18:00:00,1009.0
20260921,180000,73W,48,2026,9,21,18,17.8,171.20000000000002,101000.0,2026-09-21 18:00:00,2026-09-21 18:00:00,1010.0
20260921,180000,73W,48,2026,9,21,18,19.2,170.70000000000002,101100.0,2026-09-21 18:00:00,2026-09-21 18:00:00,1011.0
20260921,180000,73W,49,2026,9,21,18,13.0,148.70000000000002,100800.0,2026-09-21 18:00:00,2026-09-21 18:00:00,1008.0
20260921,180000,73W,49,2026,9,21,18,14.700000000000001,154.1,101100.0,2026-09-21 18:00:00,2026-09-21 18:00:00,1011.0
20260921,180000,73W,49,2026,9,21,18,14.700000000000001,154.4,100900.0,2026-09-21 18:00:00,2026-09-21 18:00:00,1009.0
20260921,180000,73W,49,2026,9,21,18,14.700000000000001,156.6,101000.0,2026-09-21 18:00:00,2026-09-21 18:00:00,1010.0
20260921,180000,73W,49,2026,9,21,18,15.3,156.6,100800.0,2026-09-21 18:00:00,2026-09-21 18:00:00,1008.0
20260921,180000,73W,49,2026,9,21,18,15.3,156.9,101000.0,2026-09-21 18:00:00,2026-09-21 18:00:00,1010.0
20260921,180000,73W,49,2026,9,21,18,14.700000000000001,156.3,101000.0,2026-09-21 18:00:00,2026-09-21 18:00:00,1010.0
20260921,180000,73W,49,2026,9,21,18,14.700000000000001,156.0,100800.0,2026-09-21 18:00:00,2026-09-21 18:00:00,1008.0
20260921,180000,73W,49,2026,9,21,18,15.6,155.20000000000002,101000.0,2026-09-21 18:00:00,2026-09-21 18:00:00,1010.0
20260921,180000,73W,49,2026,9,21,18,15.6,155.20000000000002,101000.0,2026-09-21 18:00:00,2026-09-21 18:00:00,1010.0
20260921,180000,73W,49,2026,9,21,18,15.3,154.6,100700.0,2026-09-21 18:00:00,2026-09-21 18:00:00,1007.0
20260921,180000,73W,49,2026,9,21,18,15.0,153.8,100800.0,2026-09-21 18:00:00,2026-09-21 18:00:00,1008.0
20260921,180000,73W,49,2026,9,21,18,15.9,153.5,100600.0,2026-09-21 18:00:00,2026-09-21 18:00:00,1006.0
20260921,180000,73W,49,2026,9,21,18,15.9,153.5,100800.0,2026-09-21 18:00:00,2026-09-21 18:00:00,1008.0
20260921,180000,73W,49,2026,9,21,18,15.9,153.8,100600.0,2026-09-21 18:00:00,2026-09-21 18:00:00,1006.0
20260921,180000,73W,49,2026,9,21,18,15.9,153.5,100800.0,2026-09-21 18:00:00,2026-09-21 18:00:00,1008.0
20260921,180000,73W,49,2026,9,21,18,16.7,151.8,100700.0,2026-09-21 18:00:00,2026-09-21 18:00:00,1007.0
20260921,180000,73W,49,2026,9,21,18,17.8,154.1,100800.0,2026-09-21 18:00:00,2026-09-21 18:00:00,1008.0
20260921,180000,73W,49,2026,9,21,18,17.6,153.5,100900.0,2026-09-21 18:00:00,2026-09-21 18:00:00,1009.0
20260921,180000,73W,50,2026,9,21,18,17.0,171.20000000000002,100900.0,2026-09-21 18:00:00,2026-09-21 18:00:00,1009.0
20260921,180000,73W,50,2026,9,21,18,17.6,170.4,100900.0,2026-09-21 18:00:00,2026-09-21 18:00:00,1009.0
20260921,180000,73W,50,2026,9,21,18,20.1,170.70000000000002,100900.0,2026-09-21 18:00:00,2026-09-21 18:00:00,1009.0
20260921,180000,73W,51,2026,9,21,18,10.8,106.5,100700.0,2026-09-21 18:00:00,2026-09-21 18:00:00,1007.0
20260921,180000,73W,51,2026,9,21,18,10.3,107.9,100800.0,2026-09-21 18:00:00,2026-09-21 18:00:00,1008.0
20260921,180000,73W,51,2026,9,21,18,10.0,107.7,100800.0,2026-09-21 18:00:00,2026-09-21 18:00:00,1008.0
20260921,180000,73W,51,2026,9,21,18,9.700000000000001,107.10000000000001,100800.0,2026-09-21 18:00:00,2026-09-21 18:00:00,1008.0
20260921,180000,73W,51,2026,9,21,18,11.1,105.4,100700.0,2026-09-21 18:00:00,2026-09-21 18:00:00,1007.0
20260921,180000,73W,51,2026,9,21,18,10.8,106.3,100800.0,2026-09-21 18:00:00,2026-09-21 18:00:00,1008.0
20260921,180000,73W,51,2026,9,21,18,11.1,105.4,100800.0,2026-09-21 18:00:00,2026-09-21 18:00:00,1008.0
20260921,180000,73W,51,2026,9,21,18,11.9,105.10000000000001,100800.0,2026-09-21 18:00:00,2026-09-21 18:00:00,1008.0
20260921,180000,73W,51,2026,9,21,18,12.5,104.3,100700.0,2026-09-21 18:00:00,2026-09-21 18:00:00,1007.0
20260921,180000,73W,51,2026,9,21,18,12.8,104.0,100700.0,2026-09-21 18:00:00,2026-09-21 18:00:00,1007.0
20260921,180000,73W,51,2026,9,21,18,13.200000000000001,103.60000000000001,100700.0,2026-09-21 18:00:00,2026-09-21 18:00:00,1007.0
20260921,180000,73W,51,2026,9,21,18,13.3,102.9,100700.0,2026-09-21 18:00:00,2026-09-21 18:00:00,1007.0
20260921,180000,73W,51,2026,9,21,18,14.200000000000001,100.9,100700.0,2026-09-21 18:00:00,2026-09-21 18:00:00,1007.0
20260921,180000,73W,51,2026,9,21,18,14.5,100.9,100700.0,2026-09-21 18:00:00,2026-09-21 18:00:00,1007.0
20260921,180000,73W,51,2026,9,21,18,13.6,101.5,100700.0,2026-09-21 18:00:00,2026-09-21 18:00:00,1007.0
20260921,180000,73W,51,2026,9,21,18,13.6,101.2,100700.0,2026-09-21 18:00:00,2026-09-21 18:00:00,1007.0
20260921,180000,73W,51,2026,9,21,18,14.700000000000001,100.60000000000001,100600.0,2026-09-21 18:00:00,2026-09-21 18:00:00,1006.0
20260921,180000,73W,51,2026,9,21,18,14.200000000000001,100.60000000000001,100400.0,2026-09-21 18:00:00,2026-09-21 18:00:00,1004.0
20260921,180000,73W,51,2026,9,21,18,14.5,100.9,100500.0,2026-09-21 18:00:00,2026-09-21 18:00:00,1005.0
20260921,180000,73W,51,2026,9,21,18,15.1,100.4,100500.0,2026-09-21 18:00:00,2026-09-21 18:00:00,1005.0
20260921,180000,73W,51,2026,9,21,18,15.3,97.3,100600.0,2026-09-21 18:00:00,2026-09-21 18:00:00,1006.0
20260921,180000,73W,51,2026,9,21,18,14.700000000000001,96.4,100700.0,2026-09-21 18:00:00,2026-09-21 18:00:00,1007.0
20260921,180000,73W,51,2026,9,21,18,16.1,97.3,100800.0,2026-09-21 18:00:00,2026-09-21 18:00:00,1008.0
20260921,180000,73W,51,2026,9,21,18,16.4,97.0,100900.0,2026-09-21 18:00:00,2026-09-21 18:00:00,1009.0
20260921,180000,73W,51,2026,9,21,18,17.0,100.10000000000001,101100.0,2026-09-21 18:00:00,2026-09-21 18:00:00,1011.0
20260921,180000,73W,52,2026,9,21,18,20.7,153.8,100100.0,2026-09-21 18:00:00,2026-09-21 18:00:00,1001.0
20260921,180000,73W,52,2026,9,21,18,21.5,153.5,100100.0,2026-09-21 18:00:00,2026-09-21 18:00:00,1001.0
20260921,180000,73W,52,2026,9,21,18,22.0,152.70000000000002,99800.0,2026-09-21 18:00:00,2026-09-21 18:00:00,998.0
20260921,180000,73W,52,2026,9,21,18,23.0,152.0,99700.0,2026-09-21 18:00:00,2026-09-21 18:00:00,997.0
20260921,180000,73W,52,2026,9,21,18,23.7,151.1,99500.0,2026-09-21 18:00:00,2026-09-21 18:00:00,995.0
20260921,180000,73W,52,2026,9,21,18,24.3,150.4,99400.0,2026-09-21 18:00:00,2026-09-21 18:00:00,994.0
20260921,180000,73W,52,2026,9,21,18,24.900000000000002,150.1,99000.0,2026-09-21 18:00:00,2026-09-21 18:00:00,990.0
20260921,180000,73W,52,2026,9,21,18,25.400000000000002,150.1,99000.0,2026-09-21 18:00:00,2026-09-21 18:00:00,990.0
20260921,180000,73W,52,2026,9,21,18,26.0,150.1,98800.0,2026-09-21 18:00:00,2026-09-21 18:00:00,988.0
20260921,180000,73W,52,2026,9,21,18,26.7,150.3,98900.0,2026-09-21 18:00:00,2026-09-21 18:00:00,989.0
20260921,180000,73W,52,2026,9,21,18,28.0,150.4,98700.0,2026-09-21 18:00:00,2026-09-21 18:00:00,987.0
20260921,180000,73W,52,2026,9,21,18,28.8,150.4,98900.0,2026-09-21 18:00:00,2026-09-21 18:00:00,989.0
20260921,180000,73W,52,2026,9,21,18,30.0,150.70000000000002,98800.0,2026-09-21 18:00:00,2026-09-21 18:00:00,988.0
20260921,180000,73W,52,2026,9,21,18,31.1,151.3,99000.0,2026-09-21 18:00:00,2026-09-21 18:00:00,990.0
20260921,180000,73W,52,2026,9,21,18,32.2,151.8,98800.0,2026-09-21 18:00:00,2026-09-21 18:00:00,988.0
20260921,180000,73W,52,2026,9,21,18,33.0,152.70000000000002,99100.0,2026-09-21 18:00:00,2026-09-21 18:00:00,991.0
20260921,180000,73W,52,2026,9,21,18,34.2,153.5,99100.0,2026-09-21 18:00:00,2026-09-21 18:00:00,991.0
20260921,180000,74W,2,2026,9,21,18,10.200000000000001,103.7,100800.0,2026-09-21 18:00:00,2026-09-21 18:00:00,1008.0
20260921,180000,74W,2,2026,9,21,18,10.0,104.3,100800.0,2026-09-21 18:00:00,2026-09-21 18:00:00,1008.0
20260921,180000,74W,2,2026,9,21,18,10.0,104.0,100700.0,2026-09-21 18:00:00,2026-09-21 18:00:00,1007.0
20260921,180000,74W,3,2026,9,21,18,9.700000000000001,172.9,100900.0,2026-09-21 18:00:00,2026-09-21 18:00:00,1009.0
20260921,180000,74W,3,2026,9,21,18,11.9,174.9,100800.0,2026-09-21 18:00:00,2026-09-21 18:00:00,1008.0
20260921,180000,74W,5,2026,9,21,18,11.1,109.4,100900.0,2026-09-21 18:00:00,2026-09-21 18:00:00,1009.0
20260921,180000,74W,5,2026,9,21,18,10.5,107.10000000000001,100800.0,2026-09-21 18:00:00,2026-09-21 18:00:00,1008.0
20260921,180000,74W,5,2026,9,21,18,10.5,104.60000000000001,100800.0,2026-09-21 18:00:00,2026-09-21 18:00:00,1008.0
20260921,180000,74W,5,2026,9,21,18,9.6,106.9,100900.0,2026-09-21 18:00:00,2026-09-21 18:00:00,1009.0
20260921,180000,74W,5,2026,9,21,18,10.0,106.5,100700.0,2026-09-21 18:00:00,2026-09-21 18:00:00,1007.0
20260921,180000,74W,5,2026,9,21,18,11.9,105.7,100800.0,2026-09-21 18:00:00,2026-09-21 18:00:00,1008.0
20260921,180000,74W,5,2026,9,21,18,11.9,104.60000000000001,100700.0,2026-09-21 18:00:00,2026-09-21 18:00:00,1007.0
20260921,180000,74W,5,2026,9,21,18,11.1,103.5,100700.0,2026-09-21 18:00:00,2026-09-21 18:00:00,1007.0
20260921,180000,74W,5,2026,9,21,18,12.8,103.7,100700.0,2026-09-21 18:00:00,2026-09-21 18:00:00,1007.0
20260921,180000,74W,5,2026,9,21,18,11.9,102.60000000000001,100500.0,2026-09-21 18:00:00,2026-09-21 18:00:00,1005.0
20260921,180000,74W,5,2026,9,21,18,13.3,102.9,100400.0,2026-09-21 18:00:00,2026-09-21 18:00:00,1004.0
20260921,180000,74W,5,2026,9,21,18,13.0,102.60000000000001,100400.0,2026-09-21 18:00:00,2026-09-21 18:00:00,1004.0
20260921,180000,74W,5,2026,9,21,18,13.9,102.0,100400.0,2026-09-21 18:00:00,2026-09-21 18:00:00,1004.0
20260921,180000,74W,5,2026,9,21,18,13.3,100.60000000000001,100300.0,2026-09-21 18:00:00,2026-09-21 18:00:00,1003.0
20260921,180000,74W,5,2026,9,21,18,13.3,101.2,100300.0,2026-09-21 18:00:00,2026-09-21 18:00:00,1003.0
20260921,180000,74W,5,2026,9,21,18,13.3,100.60000000000001,100100.0,2026-09-21 18:00:00,2026-09-21 18:00:00,1001.0
20260921,180000,74W,5,2026,9,21,18,13.6,100.9,100300.0,2026-09-21 18:00:00,2026-09-21 18:00:00,1003.0
20260921,180000,74W,5,2026,9,21,18,14.200000000000001,100.10000000000001,100200.0,2026-09-21 18:00:00,2026-09-21 18:00:00,1002.0
20260921,180000,74W,5,2026,9,21,18,13.9,99.2,100300.0,2026-09-21 18:00:00,2026-09-21 18:00:00,1003.0
20260921,180000,74W,5,2026,9,21,18,14.5,97.5,100300.0,2026-09-21 18:00:00,2026-09-21 18:00:00,1003.0
20260921,180000,74W,5,2026,9,21,18,14.200000000000001,97.8,100400.0,2026-09-21 18:00:00,2026-09-21 18:00:00,1004.0
20260921,180000,74W,5,2026,9,21,18,16.2,97.3,100300.0,2026-09-21 18:00:00,2026-09-21 18:00:00,1003.0
20260921,180000,74W,5,2026,9,21,18,18.1,96.7,100400.0,2026-09-21 18:00:00,2026-09-21 18:00:00,1004.0
20260921,180000,74W,5,2026,9,21,18,16.7,96.7,100300.0,2026-09-21 18:00:00,2026-09-21 18:00:00,1003.0
20260921,180000,74W,5,2026,9,21,18,17.0,95.9,100500.0,2026-09-21 18:00:00,2026-09-21 18:00:00,1005.0
20260921,180000,74W,5,2026,9,21,18,17.3,95.3,100500.0,2026-09-21 18:00:00,2026-09-21 18:00:00,1005.0
20260921,180000,74W,5,2026,9,21,18,17.6,95.0,100600.0,2026-09-21 18:00:00,2026-09-21 18:00:00,1006.0
20260921,180000,74W,5,2026,9,21,18,19.0,95.0,100500.0,2026-09-21 18:00:00,2026-09-21 18:00:00,1005.0
20260921,180000,74W,5,2026,9,21,18,19.0,95.0,100800.0,2026-09-21 18:00:00,2026-09-21 18:00:00,1008.0
20260921,180000,74W,5,2026,9,21,18,19.8,93.60000000000001,101000.0,2026-09-21 18:00:00,2026-09-21 18:00:00,1010.0
20260921,180000,74W,5,2026,9,21,18,21.5,91.60000000000001,100700.0,2026-09-21 18:00:00,2026-09-21 18:00:00,1007.0
20260921,180000,74W,5,2026,9,21,18,21.8,91.9,100900.0,2026-09-21 18:00:00,2026-09-21 18:00:00,1009.0
20260921,180000,74W,5,2026,9,21,18,23.1,91.9,100800.0,2026-09-21 18:00:00,2026-09-21 18:00:00,1008.0
20260921,180000,74W,5,2026,9,21,18,23.7,91.3,101000.0,2026-09-21 18:00:00,2026-09-21 18:00:00,1010.0
20260921,180000,74W,5,2026,9,21,18,24.0,90.0,101100.0,2026-09-21 18:00:00,2026-09-21 18:00:00,1011.0
20260921,180000,74W,5,2026,9,21,18,26.0,91.10000000000001,100900.0,2026-09-21 18:00:00,2026-09-21 18:00:00,1009.0
20260921,180000,74W,5,2026,9,21,18,26.1,92.10000000000001,101100.0,2026-09-21 18:00:00,2026-09-21 18:00:00,1011.0
20260921,180000,74W,5,2026,9,21,18,27.3,95.0,101200.0,2026-09-21 18:00:00,2026-09-21 18:00:00,1012.0
20260921,180000,74W,6,2026,9,21,18,13.9,154.6,101000.0,2026-09-21 18:00:00,2026-09-21 18:00:00,1010.0
20260921,180000,74W,6,2026,9,21,18,15.3,153.5,100800.0,2026-09-21 18:00:00,2026-09-21 18:00:00,1008.0
20260921,180000,74W,6,2026,9,21,18,15.3,154.4,100900.0,2026-09-21 18:00:00,2026-09-21 18:00:00,1009.0
20260921,180000,74W,6,2026,9,21,18,15.6,154.4,100800.0,2026-09-21 18:00:00,2026-09-21 18:00:00,1008.0
20260921,180000,74W,6,2026,9,21,18,14.700000000000001,156.0,100800.0,2026-09-21 18:00:00,2026-09-21 18:00:00,1008.0
20260921,180000,74W,6,2026,9,21,18,15.0,158.0,100700.0,2026-09-21 18:00:00,2026-09-21 18:00:00,1007.0
20260921,180000,74W,7,2026,9,21,18,15.3,160.8,100900.0,2026-09-21 18:00:00,2026-09-21 18:00:00,1009.0
20260921,180000,74W,7,2026,9,21,18,14.700000000000001,160.0,100600.0,2026-09-21 18:00:00,2026-09-21 18:00:00,1006.0
20260921,180000,74W,7,2026,9,21,18,13.3,159.70000000000002,100400.0,2026-09-21 18:00:00,2026-09-21 18:00:00,1004.0
20260921,180000,74W,7,2026,9,21,18,13.6,159.4,100600.0,2026-09-21 18:00:00,2026-09-21 18:00:00,1006.0
20260921,180000,74W,7,2026,9,21,18,12.8,159.4,100100.0,2026-09-21 18:00:00,2026-09-21 18:00:00,1001.0
20260921,180000,74W,7,2026,9,21,18,13.6,158.9,100000.0,2026-09-21 18:00:00,2026-09-21 18:00:00,1000.0
20260921,180000,74W,7,2026,9,21,18,13.3,158.0,99700.0,2026-09-21 18:00:00,2026-09-21 18:00:00,997.0
20260921,180000,74W,7,2026,9,21,18,13.3,158.0,99700.0,2026-09-21 18:00:00,2026-09-21 18:00:00,997.0
20260921,180000,74W,7,2026,9,21,18,13.9,157.70000000000002,99200.0,2026-09-21 18:00:00,2026-09-21 18:00:00,992.0
20260921,180000,74W,7,2026,9,21,18,14.200000000000001,157.20000000000002,98900.0,2026-09-21 18:00:00,2026-09-21 18:00:00,989.0
20260921,180000,74W,7,2026,9,21,18,14.700000000000001,156.9,98500.0,2026-09-21 18:00:00,2026-09-21 18:00:00,985.0
20260921,180000,74W,7,2026,9,21,18,15.0,156.0,97700.0,2026-09-21 18:00:00,2026-09-21 18:00:00,977.0
20260921,180000,74W,7,2026,9,21,18,15.3,155.20000000000002,97300.0,2026-09-21 18:00:00,2026-09-21 18:00:00,973.0
20260921,180000,74W,7,2026,9,21,18,15.6,154.9,97300.0,2026-09-21 18:00:00,2026-09-21 18:00:00,973.0
20260921,180000,74W,7,2026,9,21,18,15.9,154.4,96800.0,2026-09-21 18:00:00,2026-09-21 18:00:00,968.0
20260921,180000,74W,7,2026,9,21,18,16.4,153.5,96400.0,2026-09-21 18:00:00,2026-09-21 18:00:00,964.0
20260921,180000,74W,7,2026,9,21,18,17.0,153.0,96000.0,2026-09-21 18:00:00,2026-09-21 18:00:00,960.0
20260921,180000,74W,8,2026,9,21,18,17.3,172.4,100800.0,2026-09-21 18:00:00,2026-09-21 18:00:00,1008.0
20260921,180000,74W,8,2026,9,21,18,16.1,171.20000000000002,101000.0,2026-09-21 18:00:00,2026-09-21 18:00:00,1010.0
20260921,180000,74W,8,2026,9,21,18,19.5,171.20000000000002,101000.0,2026-09-21 18:00:00,2026-09-21 18:00:00,1010.0
20260921,180000,74W,8,2026,9,21,18,19.5,170.1,100900.0,2026-09-21 18:00:00,2026-09-21 18:00:00,1009.0
20260921,180000,74W,8,2026,9,21,18,20.7,169.0,101000.0,2026-09-21 18:00:00,2026-09-21 18:00:00,1010.0
20260921,180000,74W,8,2026,9,21,18,22.1,167.9,101100.0,2026-09-21 18:00:00,2026-09-21 18:00:00,1011.0
20260921,180000,74W,8,2026,9,21,18,22.1,167.6,101000.0,2026-09-21 18:00:00,2026-09-21 18:00:00,1010.0
20260921,180000,74W,9,2026,9,21,18,10.0,172.9,100900.0,2026-09-21 18:00:00,2026-09-21 18:00:00,1009.0
20260921,180000,74W,9,2026,9,21,18,8.3,172.6,100600.0,2026-09-21 18:00:00,2026-09-21 18:00:00,1006.0
20260921,180000,74W,9,2026,9,21,18,5.4,171.0,100600.0,2026-09-21 18:00:00,2026-09-21 18:00:00,1006.0
20260921,180000,74W,9,2026,9,21,18,3.2,170.70000000000002,100600.0,2026-09-21 18:00:00,2026-09-21 18:00:00,1006.0
20260921,180000,74W,9,2026,9,21,18,3.2,171.5,100600.0,2026-09-21 18:00:00,2026-09-21 18:00:00,1006.0
20260921,180000,74W,9,2026,9,21,18,4.0,173.5,100500.0,2026-09-21 18:00:00,2026-09-21 18:00:00,1005.0
20260921,180000,74W,9,2026,9,21,18,8.0,172.1,100500.0,2026-09-21 18:00:00,2026-09-21 18:00:00,1005.0
20260921,180000,74W,9,2026,9,21,18,9.4,172.1,100500.0,2026-09-21 18:00:00,2026-09-21 18:00:00,1005.0
20260921,180000,74W,9,2026,9,21,18,10.0,169.5,100500.0,2026-09-21 18:00:00,2026-09-21 18:00:00,1005.0
20260921,180000,74W,10,2026,9,21,18,15.6,165.3,101000.0,2026-09-21 18:00:00,2026-09-21 18:00:00,1010.0
20260921,180000,74W,10,2026,9,21,18,15.9,163.9,100800.0,2026-09-21 18:00:00,2026-09-21 18:00:00,1008.0
20260921,180000,74W,10,2026,9,21,18,15.9,160.8,100700.0,2026-09-21 18:00:00,2026-09-21 18:00:00,1007.0
20260921,180000,74W,10,2026,9,21,18,17.0,159.70000000000002,100800.0,2026-09-21 18:00:00,2026-09-21 18:00:00,1008.0
20260921,180000,74W,10,2026,9,21,18,17.1,158.6,100600.0,2026-09-21 18:00:00,2026-09-21 18:00:00,1006.0
20260921,180000,74W,10,2026,9,21,18,17.6,156.9,100600.0,2026-09-21 18:00:00,2026-09-21 18:00:00,1006.0
20260921,180000,74W,10,2026,9,21,18,17.8,156.9,100400.0,2026-09-21 18:00:00,2026-09-21 18:00:00,1004.0
20260921,180000,74W,10,2026,9,21,18,17.6,156.3,100500.0,2026-09-21 18:00:00,2026-09-21 18:00:00,1005.0
20260921,180000,74W,10,2026,9,21,18,17.7,155.5,100300.0,2026-09-21 18:00:00,2026-09-21 18:00:00,1003.0
20260921,180000,74W,10,2026,9,21,18,19.0,154.9,100200.0,2026-09-21 18:00:00,2026-09-21 18:00:00,1002.0
20260921,180000,74W,10,2026,9,21,18,19.5,154.6,99900.0,2026-09-21 18:00:00,2026-09-21 18:00:00,999.0
20260921,180000,74W,10,2026,9,21,18,20.400000000000002,153.20000000000002,100100.0,2026-09-21 18:00:00,2026-09-21 18:00:00,1001.0
20260921,180000,74W,10,2026,9,21,18,21.2,152.1,99800.0,2026-09-21 18:00:00,2026-09-21 18:00:00,998.0
20260921,180000,74W,10,2026,9,21,18,20.7,151.5,99900.0,2026-09-21 18:00:00,2026-09-21 18:00:00,999.0
20260921,180000,74W,10,2026,9,21,18,21.1,151.0,99700.0,2026-09-21 18:00:00,2026-09-21 18:00:00,997.0
20260921,180000,74W,10,2026,9,21,18,21.8,149.0,99800.0,2026-09-21 18:00:00,2026-09-21 18:00:00,998.0
20260921,180000,74W,10,2026,9,21,18,21.5,147.3,99200.0,2026-09-21 18:00:00,2026-09-21 18:00:00,992.0
20260921,180000,74W,10,2026,9,21,18,21.2,146.8,99300.0,2026-09-21 18:00:00,2026-09-21 18:00:00,993.0
20260921,180000,74W,10,2026,9,21,18,21.5,145.6,99000.0,2026-09-21 18:00:00,2026-09-21 18:00:00,990.0
20260921,180000,74W,10,2026,9,21,18,21.5,144.20000000000002,99200.0,2026-09-21 18:00:00,2026-09-21 18:00:00,992.0
20260921,180000,74W,10,2026,9,21,18,21.5,142.8,98900.0,2026-09-21 18:00:00,2026-09-21 18:00:00,989.0
20260921,180000,74W,10,2026,9,21,18,22.3,141.4,98700.0,2026-09-21 18:00:00,2026-09-21 18:00:00,987.0
20260921,180000,74W,10,2026,9,21,18,22.900000000000002,139.5,98100.0,2026-09-21 18:00:00,2026-09-21 18:00:00,981.0
20260921,180000,74W,10,2026,9,21,18,23.2,137.8,97800.0,2026-09-21 18:00:00,2026-09-21 18:00:00,978.0
20260921,180000,74W,10,2026,9,21,18,24.0,135.8,97900.0,2026-09-21 18:00:00,2026-09-21 18:00:00,979.0
20260921,180000,74W,10,2026,9,21,18,24.6,134.4,97600.0,2026-09-21 18:00:00,2026-09-21 18:00:00,976.0
20260921,180000,74W,10,2026,9,21,18,25.7,133.0,97600.0,2026-09-21 18:00:00,2026-09-21 18:00:00,976.0
20260921,180000,74W,10,2026,9,21,18,26.6,131.6,97400.0,2026-09-21 18:00:00,2026-09-21 18:00:00,974.0
20260921,180000,74W,10,2026,9,21,18,27.400000000000002,130.7,98000.0,2026-09-21 18:00:00,2026-09-21 18:00:00,980.0
20260921,180000,74W,11,2026,9,21,18,19.2,157.5,100400.0,2026-09-21 18:00:00,2026-09-21 18:00:00,1004.0
20260921,180000,74W,11,2026,9,21,18,19.0,156.9,100100.0,2026-09-21 18:00:00,2026-09-21 18:00:00,1001.0
20260921,180000,74W,11,2026,9,21,18,19.0,155.8,100300.0,2026-09-21 18:00:00,2026-09-21 18:00:00,1003.0
20260921,180000,74W,11,2026,9,21,18,19.5,155.8,100400.0,2026-09-21 18:00:00,2026-09-21 18:00:00,1004.0
20260921,180000,74W,11,2026,9,21,18,20.400000000000002,156.0,100200.0,2026-09-21 18:00:00,2026-09-21 18:00:00,1002.0
20260921,180000,74W,11,2026,9,21,18,20.900000000000002,155.20000000000002,100400.0,2026-09-21 18:00:00,2026-09-21 18:00:00,1004.0
20260921,180000,74W,11,2026,9,21,18,20.6,154.5,100300.0,2026-09-21 18:00:00,2026-09-21 18:00:00,1003.0
20260921,180000,74W,11,2026,9,21,18,20.400000000000002,153.8,100400.0,2026-09-21 18:00:00,2026-09-21 18:00:00,1004.0
20260921,180000,74W,11,2026,9,21,18,18.400000000000002,153.20000000000002,100300.0,2026-09-21 18:00:00,2026-09-21 18:00:00,1003.0
20260921,180000,74W,11,2026,9,21,18,19.0,154.9,100100.0,2026-09-21 18:00:00,2026-09-21 18:00:00,1001.0
20260921,180000,74W,11,2026,9,21,18,19.8,156.9,99800.0,2026-09-21 18:00:00,2026-09-21 18:00:00,998.0
20260921,180000,74W,11,2026,9,21,18,18.7,156.6,100000.0,2026-09-21 18:00:00,2026-09-21 18:00:00,1000.0
20260921,180000,74W,11,2026,9,21,18,20.1,156.0,99700.0,2026-09-21 18:00:00,2026-09-21 18:00:00,997.0
20260921,180000,74W,11,2026,9,21,18,21.5,156.9,99700.0,2026-09-21 18:00:00,2026-09-21 18:00:00,997.0
20260921,180000,74W,11,2026,9,21,18,22.1,156.9,99400.0,2026-09-21 18:00:00,2026-09-21 18:00:00,994.0
20260921,180000,74W,11,2026,9,21,18,23.5,155.5,99500.0,2026-09-21 18:00:00,2026-09-21 18:00:00,995.0
20260921,180000,74W,11,2026,9,21,18,24.900000000000002,154.6,99200.0,2026-09-21 18:00:00,2026-09-21 18:00:00,992.0
20260921,180000,74W,12,2026,9,21,18,11.6,102.0,100800.0,2026-09-21 18:00:00,2026-09-21 18:00:00,1008.0
20260921,180000,74W,12,2026,9,21,18,11.9,101.8,100800.0,2026-09-21 18:00:00,2026-09-21 18:00:00,1008.0
20260921,180000,74W,13,2026,9,21,18,13.9,153.8,100900.0,2026-09-21 18:00:00,2026-09-21 18:00:00,1009.0
20260921,180000,74W,13,2026,9,21,18,14.200000000000001,158.0,100900.0,2026-09-21 18:00:00,2026-09-21 18:00:00,1009.0
20260921,180000,74W,13,2026,9,21,18,14.200000000000001,156.6,100900.0,2026-09-21 18:00:00,2026-09-21 18:00:00,1009.0
20260921,180000,74W,13,2026,9,21,18,13.3,157.5,101000.0,2026-09-21 18:00:00,2026-09-21 18:00:00,1010.0
20260921,180000,74W,13,2026,9,21,18,13.0,158.0,100800.0,2026-09-21 18:00:00,2026-09-21 18:00:00,1008.0
20260921,180000,74W,13,2026,9,21,18,13.9,159.1,101000.0,2026-09-21 18:00:00,2026-09-21 18:00:00,1010.0
20260921,180000,74W,13,2026,9,21,18,13.0,160.0,100900.0,2026-09-21 18:00:00,2026-09-21 18:00:00,1009.0
20260921,180000,74W,14,2026,9,21,18,14.700000000000001,168.70000000000002,100700.0,2026-09-21 18:00:00,2026-09-21 18:00:00,1007.0
20260921,180000,74W,14,2026,9,21,18,15.0,169.3,100700.0,2026-09-21 18:00:00,2026-09-21 18:00:00,1007.0
20260921,180000,74W,14,2026,9,21,18,14.700000000000001,168.70000000000002,100600.0,2026-09-21 18:00:00,2026-09-21 18:00:00,1006.0
20260921,180000,74W,16,2026,9,21,18,14.200000000000001,162.8,100900.0,2026-09-21 18:00:00,2026-09-21 18:00:00,1009.0
20260921,180000,74W,16,2026,9,21,18,13.0,161.70000000000002,101000.0,2026-09-21 18:00:00,2026-09-21 18:00:00,1010.0
20260921,180000,74W,16,2026,9,21,18,14.200000000000001,163.1,100900.0,2026-09-21 18:00:00,2026-09-21 18:00:00,1009.0
20260921,180000,74W,16,2026,9,21,18,14.5,162.5,101100.0,2026-09-21 18:00:00,2026-09-21 18:00:00,1011.0
20260921,180000,74W,16,2026,9,21,18,15.0,160.3,100900.0,2026-09-21 18:00:00,2026-09-21 18:00:00,1009.0
20260921,180000,74W,16,2026,9,21,18,15.6,160.3,101100.0,2026-09-21 18:00:00,2026-09-21 18:00:00,1011.0
20260921,180000,74W,16,2026,9,21,18,15.9,160.3,100900.0,2026-09-21 18:00:00,2026-09-21 18:00:00,1009.0
20260921,180000,74W,16,2026,9,21,18,16.7,159.1,101100.0,2026-09-21 18:00:00,2026-09-21 18:00:00,1011.0
20260921,180000,74W,16,2026,9,21,18,16.9,157.9,100900.0,2026-09-21 18:00:00,2026-09-21 18:00:00,1009.0
20260921,180000,74W,16,2026,9,21,18,17.3,157.5,100900.0,2026-09-21 18:00:00,2026-09-21 18:00:00,1009.0
20260921,180000,74W,16,2026,9,21,18,16.8,155.20000000000002,100700.0,2026-09-21 18:00:00,2026-09-21 18:00:00,1007.0
20260921,180000,74W,16,2026,9,21,18,16.1,153.8,100900.0,2026-09-21 18:00:00,2026-09-21 18:00:00,1009.0
20260921,180000,74W,16,2026,9,21,18,16.4,153.20000000000002,100600.0,2026-09-21 18:00:00,2026-09-21 18:00:00,1006.0
20260921,180000,74W,16,2026,9,21,18,16.4,151.0,100800.0,2026-09-21 18:00:00,2026-09-21 18:00:00,1008.0
20260921,180000,74W,16,2026,9,21,18,16.2,149.4,100500.0,2026-09-21 18:00:00,2026-09-21 18:00:00,1005.0
20260921,180000,74W,16,2026,9,21,18,16.1,147.9,100500.0,2026-09-21 18:00:00,2026-09-21 18:00:00,1005.0
20260921,180000,74W,16,2026,9,21,18,16.4,146.8,100200.0,2026-09-21 18:00:00,2026-09-21 18:00:00,1002.0
20260921,180000,74W,16,2026,9,21,18,16.7,145.4,100200.0,2026-09-21 18:00:00,2026-09-21 18:00:00,1002.0
20260921,180000,74W,16,2026,9,21,18,16.7,143.4,99900.0,2026-09-21 18:00:00,2026-09-21 18:00:00,999.0
20260921,180000,74W,16,2026,9,21,18,16.7,142.3,99900.0,2026-09-21 18:00:00,2026-09-21 18:00:00,999.0
20260921,180000,74W,16,2026,9,21,18,16.7,140.9,99100.0,2026-09-21 18:00:00,2026-09-21 18:00:00,991.0
20260921,180000,74W,16,2026,9,21,18,16.7,139.70000000000002,99600.0,2026-09-21 18:00:00,2026-09-21 18:00:00,996.0
20260921,180000,74W,16,2026,9,21,18,16.7,139.20000000000002,99100.0,2026-09-21 18:00:00,2026-09-21 18:00:00,991.0
20260921,180000,74W,16,2026,9,21,18,16.7,138.0,99400.0,2026-09-21 18:00:00,2026-09-21 18:00:00,994.0
20260921,180000,74W,16,2026,9,21,18,17.0,136.6,98600.0,2026-09-21 18:00:00,2026-09-21 18:00:00,986.0
20260921,180000,74W,16,2026,9,21,18,16.7,136.1,97900.0,2026-09-21 18:00:00,2026-09-21 18:00:00,979.0
20260921,180000,74W,16,2026,9,21,18,17.0,135.2,97800.0,2026-09-21 18:00:00,2026-09-21 18:00:00,978.0
20260921,180000,74W,16,2026,9,21,18,17.3,135.0,98000.0,2026-09-21 18:00:00,2026-09-21 18:00:00,980.0
20260921,180000,74W,16,2026,9,21,18,17.0,135.0,97700.0,2026-09-21 18:00:00,2026-09-21 18:00:00,977.0
20260921,180000,74W,16,2026,9,21,18,17.3,134.4,98200.0,2026-09-21 18:00:00,2026-09-21 18:00:00,982.0
20260921,180000,74W,16,2026,9,21,18,17.3,134.1,97300.0,2026-09-21 18:00:00,2026-09-21 18:00:00,973.0
20260921,180000,74W,16,2026,9,21,18,17.3,133.5,97600.0,2026-09-21 18:00:00,2026-09-21 18:00:00,976.0
20260921,180000,74W,16,2026,9,21,18,17.6,133.3,96100.0,2026-09-21 18:00:00,2026-09-21 18:00:00,961.0
20260921,180000,74W,16,2026,9,21,18,17.3,132.7,96300.0,2026-09-21 18:00:00,2026-09-21 18:00:00,963.0
20260921,180000,74W,16,2026,9,21,18,17.6,133.0,95900.0,2026-09-21 18:00:00,2026-09-21 18:00:00,959.0
20260921,180000,74W,16,2026,9,21,18,18.1,132.7,97400.0,2026-09-21 18:00:00,2026-09-21 18:00:00,974.0
20260921,180000,74W,16,2026,9,21,18,18.400000000000002,132.4,96600.0,2026-09-21 18:00:00,2026-09-21 18:00:00,966.0
20260921,180000,74W,16,2026,9,21,18,19.0,131.9,96100.0,2026-09-21 18:00:00,2026-09-21 18:00:00,961.0
20260921,180000,74W,16,2026,9,21,18,19.5,131.6,96000.0,2026-09-21 18:00:00,2026-09-21 18:00:00,960.0
20260921,180000,74W,16,2026,9,21,18,19.5,131.3,95000.0,2026-09-21 18:00:00,2026-09-21 18:00:00,950.0
20260921,180000,74W,16,2026,9,21,18,19.8,131.3,95300.0,2026-09-21 18:00:00,2026-09-21 18:00:00,953.0
20260921,180000,74W,17,2026,9,21,18,9.1,107.7,100800.0,2026-09-21 18:00:00,2026-09-21 18:00:00,1008.0
20260921,180000,74W,17,2026,9,21,18,10.8,105.4,100700.0,2026-09-21 18:00:00,2026-09-21 18:00:00,1007.0
20260921,180000,74W,17,2026,9,21,18,12.200000000000001,104.9,100800.0,2026-09-21 18:00:00,2026-09-21 18:00:00,1008.0
20260921,180000,74W,17,2026,9,21,18,10.8,103.5,100900.0,2026-09-21 18:00:00,2026-09-21 18:00:00,1009.0
20260921,180000,74W,17,2026,9,21,18,10.8,103.5,100900.0,2026-09-21 18:00:00,2026-09-21 18:00:00,1009.0
20260921,180000,74W,17,2026,9,21,18,12.200000000000001,104.60000000000001,100700.0,2026-09-21 18:00:00,2026-09-21 18:00:00,1007.0
20260921,180000,74W,17,2026,9,21,18,13.200000000000001,103.60000000000001,100800.0,2026-09-21 18:00:00,2026-09-21 18:00:00,1008.0
20260921,180000,74W,17,2026,9,21,18,13.9,102.0,100800.0,2026-09-21 18:00:00,2026-09-21 18:00:00,1008.0
20260921,180000,74W,17,2026,9,21,18,13.9,101.5,100800.0,2026-09-21 18:00:00,2026-09-21 18:00:00,1008.0
20260921,180000,74W,17,2026,9,21,18,13.9,101.2,100600.0,2026-09-21 18:00:00,2026-09-21 18:00:00,1006.0
20260921,180000,74W,17,2026,9,21,18,13.9,101.2,100500.0,2026-09-21 18:00:00,2026-09-21 18:00:00,1005.0
20260921,180000,74W,17,2026,9,21,18,13.9,100.9,100700.0,2026-09-21 18:00:00,2026-09-21 18:00:00,1007.0
20260921,180000,74W,17,2026,9,21,18,14.5,100.10000000000001,100700.0,2026-09-21 18:00:00,2026-09-21 18:00:00,1007.0
20260921,180000,74W,17,2026,9,21,18,14.200000000000001,99.8,100700.0,2026-09-21 18:00:00,2026-09-21 18:00:00,1007.0
20260921,180000,74W,17,2026,9,21,18,15.3,97.8,100600.0,2026-09-21 18:00:00,2026-09-21 18:00:00,1006.0
20260921,180000,74W,17,2026,9,21,18,13.9,97.5,100300.0,2026-09-21 18:00:00,2026-09-21 18:00:00,1003.0
20260921,180000,74W,17,2026,9,21,18,14.200000000000001,97.8,100300.0,2026-09-21 18:00:00,2026-09-21 18:00:00,1003.0
20260921,180000,74W,17,2026,9,21,18,17.0,97.8,100500.0,2026-09-21 18:00:00,2026-09-21 18:00:00,1005.0
20260921,180000,74W,17,2026,9,21,18,17.0,97.8,100500.0,2026-09-21 18:00:00,2026-09-21 18:00:00,1005.0
20260921,180000,74W,17,2026,9,21,18,14.700000000000001,97.5,100500.0,2026-09-21 18:00:00,2026-09-21 18:00:00,1005.0
20260921,180000,74W,17,2026,9,21,18,15.0,97.5,100600.0,2026-09-21 18:00:00,2026-09-21 18:00:00,1006.0
20260921,180000,74W,17,2026,9,21,18,17.0,97.8,100700.0,2026-09-21 18:00:00,2026-09-21 18:00:00,1007.0
20260921,180000,74W,17,2026,9,21,18,16.4,96.7,100700.0,2026-09-21 18:00:00,2026-09-21 18:00:00,1007.0
20260921,180000,74W,17,2026,9,21,18,16.4,95.9,100900.0,2026-09-21 18:00:00,2026-09-21 18:00:00,1009.0
20260921,180000,74W,17,2026,9,21,18,17.8,94.5,100900.0,2026-09-21 18:00:00,2026-09-21 18:00:00,1009.0
20260921,180000,74W,17,2026,9,21,18,18.1,94.5,101000.0,2026-09-21 18:00:00,2026-09-21 18:00:00,1010.0
20260921,180000,74W,17,2026,9,21,18,19.0,92.5,100900.0,2026-09-21 18:00:00,2026-09-21 18:00:00,1009.0
20260921,180000,74W,17,2026,9,21,18,20.400000000000002,92.2,101000.0,2026-09-21 18:00:00,2026-09-21 18:00:00,1010.0
20260921,180000,74W,17,2026,9,21,18,20.400000000000002,92.5,100900.0,2026-09-21 18:00:00,2026-09-21 18:00:00,1009.0
20260921,180000,74W,17,2026,9,21,18,20.7,92.2,101000.0,2026-09-21 18:00:00,2026-09-21 18:00:00,1010.0
20260921,180000,74W,17,2026,9,21,18,21.7,90.9,101000.0,2026-09-21 18:00:00,2026-09-21 18:00:00,1010.0
20260921,180000,74W,17,2026,9,21,18,23.2,91.10000000000001,100900.0,2026-09-21 18:00:00,2026-09-21 18:00:00,1009.0
20260921,180000,74W,17,2026,9,21,18,23.8,91.10000000000001,100900.0,2026-09-21 18:00:00,2026-09-21 18:00:00,1009.0
20260921,180000,74W,17,2026,9,21,18,23.8,91.2,100900.0,2026-09-21 18:00:00,2026-09-21 18:00:00,1009.0
20260921,180000,74W,17,2026,9,21,18,23.8,91.60000000000001,101000.0,2026-09-21 18:00:00,2026-09-21 18:00:00,1010.0
20260921,180000,74W,17,2026,9,21,18,26.1,92.10000000000001,101100.0,2026-09-21 18:00:00,2026-09-21 18:00:00,1011.0
20260921,180000,74W,17,2026,9,21,18,26.0,92.8,101200.0,2026-09-21 18:00:00,2026-09-21 18:00:00,1012.0
20260921,180000,74W,17,2026,9,21,18,26.6,93.9,101300.0,2026-09-21 18:00:00,2026-09-21 18:00:00,1013.0
20260921,180000,74W,17,2026,9,21,18,27.7,95.60000000000001,101100.0,2026-09-21 18:00:00,2026-09-21 18:00:00,1011.0
20260921,180000,74W,17,2026,9,21,18,27.1,95.3,101200.0,2026-09-21 18:00:00,2026-09-21 18:00:00,1012.0
20260921,180000,74W,18,2026,9,21,18,14.200000000000001,143.4,101000.0,2026-09-21 18:00:00,2026-09-21 18:00:00,1010.0
20260921,180000,74W,18,2026,9,21,18,15.3,146.8,101000.0,2026-09-21 18:00:00,2026-09-21 18:00:00,1010.0
20260921,180000,74W,18,2026,9,21,18,15.3,147.3,101100.0,2026-09-21 18:00:00,2026-09-21 18:00:00,1011.0
20260921,180000,74W,18,2026,9,21,18,15.6,147.0,100800.0,2026-09-21 18:00:00,2026-09-21 18:00:00,1008.0
20260921,180000,74W,18,2026,9,21,18,15.6,147.6,101000.0,2026-09-21 18:00:00,2026-09-21 18:00:00,1010.0
20260921,180000,74W,18,2026,9,21,18,15.9,147.9,100800.0,2026-09-21 18:00:00,2026-09-21 18:00:00,1008.0
20260921,180000,74W,18,2026,9,21,18,15.9,148.20000000000002,100900.0,2026-09-21 18:00:00,2026-09-21 18:00:00,1009.0
20260921,180000,74W,18,2026,9,21,18,15.9,148.20000000000002,100600.0,2026-09-21 18:00:00,2026-09-21 18:00:00,1006.0
20260921,180000,74W,18,2026,9,21,18,15.9,148.20000000000002,100900.0,2026-09-21 18:00:00,2026-09-21 18:00:00,1009.0
20260921,180000,74W,18,2026,9,21,18,15.9,148.20000000000002,100700.0,2026-09-21 18:00:00,2026-09-21 18:00:00,1007.0
20260921,180000,74W,18,2026,9,21,18,16.7,147.9,100800.0,2026-09-21 18:00:00,2026-09-21 18:00:00,1008.0
20260921,180000,74W,18,2026,9,21,18,16.4,146.5,100600.0,2026-09-21 18:00:00,2026-09-21 18:00:00,1006.0
20260921,180000,74W,18,2026,9,21,18,16.4,146.5,100800.0,2026-09-21 18:00:00,2026-09-21 18:00:00,1008.0
20260921,180000,74W,18,2026,9,21,18,16.4,146.5,100500.0,2026-09-21 18:00:00,2026-09-21 18:00:00,1005.0
20260921,180000,74W,18,2026,9,21,18,17.6,145.4,100600.0,2026-09-21 18:00:00,2026-09-21 18:00:00,1006.0
20260921,180000,74W,18,2026,9,21,18,18.1,145.4,100300.0,2026-09-21 18:00:00,2026-09-21 18:00:00,1003.0
20260921,180000,74W,18,2026,9,21,18,19.0,144.8,100400.0,2026-09-21 18:00:00,2026-09-21 18:00:00,1004.0
20260921,180000,74W,18,2026,9,21,18,19.5,144.0,100100.0,2026-09-21 18:00:00,2026-09-21 18:00:00,1001.0
20260921,180000,74W,18,2026,9,21,18,19.8,143.4,100100.0,2026-09-21 18:00:00,2026-09-21 18:00:00,1001.0
20260921,180000,74W,18,2026,9,21,18,20.1,142.5,99600.0,2026-09-21 18:00:00,2026-09-21 18:00:00,996.0
20260921,180000,74W,18,2026,9,21,18,20.1,141.70000000000002,99600.0,2026-09-21 18:00:00,2026-09-21 18:00:00,996.0
20260921,180000,74W,18,2026,9,21,18,20.400000000000002,140.9,98900.0,2026-09-21 18:00:00,2026-09-21 18:00:00,989.0
20260921,180000,74W,18,2026,9,21,18,20.1,139.70000000000002,99000.0,2026-09-21 18:00:00,2026-09-21 18:00:00,990.0
20260921,180000,74W,18,2026,9,21,18,20.1,138.6,98800.0,2026-09-21 18:00:00,2026-09-21 18:00:00,988.0
20260921,180000,74W,18,2026,9,21,18,20.1,137.5,98600.0,2026-09-21 18:00:00,2026-09-21 18:00:00,986.0
20260921,180000,74W,18,2026,9,21,18,20.1,136.1,98100.0,2026-09-21 18:00:00,2026-09-21 18:00:00,981.0
20260921,180000,74W,18,2026,9,21,18,20.7,134.7,98000.0,2026-09-21 18:00:00,2026-09-21 18:00:00,980.0
20260921,180000,74W,18,2026,9,21,18,20.900000000000002,133.0,97900.0,2026-09-21 18:00:00,2026-09-21 18:00:00,979.0
20260921,180000,74W,18,2026,9,21,18,20.7,131.6,97900.0,2026-09-21 18:00:00,2026-09-21 18:00:00,979.0
20260921,180000,74W,18,2026,9,21,18,20.7,130.5,98000.0,2026-09-21 18:00:00,2026-09-21 18:00:00,980.0
20260921,180000,74W,18,2026,9,21,18,21.2,129.0,97900.0,2026-09-21 18:00:00,2026-09-21 18:00:00,979.0
20260921,180000,74W,18,2026,9,21,18,21.5,127.4,97700.0,2026-09-21 18:00:00,2026-09-21 18:00:00,977.0
20260921,180000,74W,18,2026,9,21,18,21.8,126.0,97600.0,2026-09-21 18:00:00,2026-09-21 18:00:00,976.0
20260921,180000,74W,18,2026,9,21,18,21.8,125.10000000000001,97000.0,2026-09-21 18:00:00,2026-09-21 18:00:00,970.0
20260921,180000,74W,19,2026,9,21,18,15.3,144.0,101100.0,2026-09-21 18:00:00,2026-09-21 18:00:00,1011.0
20260921,180000,74W,19,2026,9,21,18,15.3,143.1,101000.0,2026-09-21 18:00:00,2026-09-21 18:00:00,1010.0
20260921,180000,74W,19,2026,9,21,18,15.6,143.4,100900.0,2026-09-21 18:00:00,2026-09-21 18:00:00,1009.0
20260921,180000,74W,20,2026,9,21,18,14.700000000000001,144.20000000000002,100800.0,2026-09-21 18:00:00,2026-09-21 18:00:00,1008.0
20260921,180000,74W,20,2026,9,21,18,15.3,146.20000000000002,100600.0,2026-09-21 18:00:00,2026-09-21 18:00:00,1006.0
20260921,180000,74W,20,2026,9,21,18,13.9,146.5,100500.0,2026-09-21 18:00:00,2026-09-21 18:00:00,1005.0
20260921,180000,74W,20,2026,9,21,18,15.0,147.3,100700.0,2026-09-21 18:00:00,2026-09-21 18:00:00,1007.0
20260921,180000,74W,20,2026,9,21,18,14.700000000000001,147.6,100400.0,2026-09-21 18:00:00,2026-09-21 18:00:00,1004.0
20260921,180000,74W,20,2026,9,21,18,16.7,148.20000000000002,100300.0,2026-09-21 18:00:00,2026-09-21 18:00:00,1003.0
20260921,180000,74W,20,2026,9,21,18,16.4,148.5,100400.0,2026-09-21 18:00:00,2026-09-21 18:00:00,1004.0
20260921,180000,74W,20,2026,9,21,18,16.4,146.8,100200.0,2026-09-21 18:00:00,2026-09-21 18:00:00,1002.0
20260921,180000,74W,20,2026,9,21,18,16.1,147.0,100400.0,2026-09-21 18:00:00,2026-09-21 18:00:00,1004.0
20260921,180000,74W,20,2026,9,21,18,15.6,144.20000000000002,100200.0,2026-09-21 18:00:00,2026-09-21 18:00:00,1002.0
20260921,180000,74W,21,2026,9,21,18,10.8,158.9,101000.0,2026-09-21 18:00:00,2026-09-21 18:00:00,1010.0
20260921,180000,74W,21,2026,9,21,18,12.8,161.1,101000.0,2026-09-21 18:00:00,2026-09-21 18:00:00,1010.0
20260921,180000,74W,21,2026,9,21,18,13.9,159.70000000000002,101200.0,2026-09-21 18:00:00,2026-09-21 18:00:00,1012.0
20260921,180000,74W,21,2026,9,21,18,14.200000000000001,160.8,101000.0,2026-09-21 18:00:00,2026-09-21 18:00:00,1010.0
20260921,180000,74W,21,2026,9,21,18,13.0,161.4,100900.0,2026-09-21 18:00:00,2026-09-21 18:00:00,1009.0
20260921,180000,74W,21,2026,9,21,18,12.200000000000001,163.1,100800.0,2026-09-21 18:00:00,2026-09-21 18:00:00,1008.0
20260921,180000,74W,21,2026,9,21,18,11.6,162.20000000000002,100500.0,2026-09-21 18:00:00,2026-09-21 18:00:00,1005.0
20260921,180000,74W,21,2026,9,21,18,11.9,160.3,100600.0,2026-09-21 18:00:00,2026-09-21 18:00:00,1006.0
20260921,180000,74W,21,2026,9,21,18,12.200000000000001,159.1,100500.0,2026-09-21 18:00:00,2026-09-21 18:00:00,1005.0
20260921,180000,74W,22,2026,9,21,18,14.5,171.0,100800.0,2026-09-21 18:00:00,2026-09-21 18:00:00,1008.0
20260921,180000,74W,22,2026,9,21,18,17.3,171.8,100800.0,2026-09-21 18:00:00,2026-09-21 18:00:00,1008.0
20260921,180000,74W,23,2026,9,21,18,18.400000000000002,170.4,100800.0,2026-09-21 18:00:00,2026-09-21 18:00:00,1008.0
20260921,180000,74W,23,2026,9,21,18,18.1,169.5,100700.0,2026-09-21 18:00:00,2026-09-21 18:00:00,1007.0
20260921,180000,74W,23,2026,9,21,18,21.5,171.0,100800.0,2026-09-21 18:00:00,2026-09-21 18:00:00,1008.0
20260921,180000,74W,23,2026,9,21,18,21.8,170.70000000000002,100900.0,2026-09-21 18:00:00,2026-09-21 18:00:00,1009.0
20260921,180000,74W,23,2026,9,21,18,22.1,170.4,100700.0,2026-09-21 18:00:00,2026-09-21 18:00:00,1007.0
20260921,180000,74W,23,2026,9,21,18,22.6,170.70000000000002,100700.0,2026-09-21 18:00:00,2026-09-21 18:00:00,1007.0
20260921,180000,74W,23,2026,9,21,18,23.5,171.0,100900.0,2026-09-21 18:00:00,2026-09-21 18:00:00,1009.0
20260921,180000,74W,23,2026,9,21,18,24.0,170.1,100700.0,2026-09-21 18:00:00,2026-09-21 18:00:00,1007.0
20260921,180000,74W,24,2026,9,21,18,19.8,167.0,100800.0,2026-09-21 18:00:00,2026-09-21 18:00:00,1008.0
20260921,180000,74W,24,2026,9,21,18,20.0,165.3,100600.0,2026-09-21 18:00:00,2026-09-21 18:00:00,1006.0
20260921,180000,74W,24,2026,9,21,18,22.1,163.9,100800.0,2026-09-21 18:00:00,2026-09-21 18:00:00,1008.0
20260921,180000,74W,24,2026,9,21,18,21.5,163.1,100700.0,2026-09-21 18:00:00,2026-09-21 18:00:00,1007.0
20260921,180000,74W,24,2026,9,21,18,23.2,160.0,100800.0,2026-09-21 18:00:00,2026-09-21 18:00:00,1008.0
20260921,180000,74W,24,2026,9,21,18,22.6,157.5,100700.0,2026-09-21 18:00:00,2026-09-21 18:00:00,1007.0
20260921,180000,74W,24,2026,9,21,18,23.8,156.4,100800.0,2026-09-21 18:00:00,2026-09-21 18:00:00,1008.0
20260921,180000,74W,24,2026,9,21,18,23.5,154.6,100600.0,2026-09-21 18:00:00,2026-09-21 18:00:00,1006.0
20260921,180000,74W,24,2026,9,21,18,24.0,152.1,100600.0,2026-09-21 18:00:00,2026-09-21 18:00:00,1006.0
20260921,180000,74W,24,2026,9,21,18,23.8,149.9,100700.0,2026-09-21 18:00:00,2026-09-21 18:00:00,1007.0
20260921,180000,74W,24,2026,9,21,18,24.3,149.0,101000.0,2026-09-21 18:00:00,2026-09-21 18:00:00,1010.0
20260921,180000,74W,25,2026,9,21,18,14.5,149.6,100900.0,2026-09-21 18:00:00,2026-09-21 18:00:00,1009.0
20260921,180000,74W,25,2026,9,21,18,15.6,151.0,101000.0,2026-09-21 18:00:00,2026-09-21 18:00:00,1010.0
20260921,180000,74W,25,2026,9,21,18,16.1,151.0,100700.0,2026-09-21 18:00:00,2026-09-21 18:00:00,1007.0
20260921,180000,74W,25,2026,9,21,18,16.1,150.4,100900.0,2026-09-21 18:00:00,2026-09-21 18:00:00,1009.0
20260921,180000,74W,25,2026,9,21,18,16.1,150.1,100600.0,2026-09-21 18:00:00,2026-09-21 18:00:00,1006.0
20260921,180000,74W,25,2026,9,21,18,15.9,150.4,100600.0,2026-09-21 18:00:00,2026-09-21 18:00:00,1006.0
20260921,180000,74W,25,2026,9,21,18,15.9,150.70000000000002,100200.0,2026-09-21 18:00:00,2026-09-21 18:00:00,1002.0
20260921,180000,74W,25,2026,9,21,18,15.6,150.4,100300.0,2026-09-21 18:00:00,2026-09-21 18:00:00,1003.0
20260921,180000,74W,25,2026,9,21,18,15.200000000000001,150.4,99900.0,2026-09-21 18:00:00,2026-09-21 18:00:00,999.0
20260921,180000,74W,25,2026,9,21,18,15.3,149.6,99900.0,2026-09-21 18:00:00,2026-09-21 18:00:00,999.0
20260921,180000,74W,25,2026,9,21,18,15.6,150.1,99500.0,2026-09-21 18:00:00,2026-09-21 18:00:00,995.0
20260921,180000,74W,25,2026,9,21,18,16.1,149.0,99500.0,2026-09-21 18:00:00,2026-09-21 18:00:00,995.0
20260921,180000,74W,25,2026,9,21,18,16.4,149.3,99200.0,2026-09-21 18:00:00,2026-09-21 18:00:00,992.0
20260921,180000,74W,25,2026,9,21,18,17.8,148.70000000000002,99200.0,2026-09-21 18:00:00,2026-09-21 18:00:00,992.0
20260921,180000,74W,25,2026,9,21,18,18.1,148.20000000000002,98800.0,2026-09-21 18:00:00,2026-09-21 18:00:00,988.0
20260921,180000,74W,25,2026,9,21,18,19.0,147.9,98400.0,2026-09-21 18:00:00,2026-09-21 18:00:00,984.0
20260921,180000,74W,25,2026,9,21,18,19.5,147.3,97900.0,2026-09-21 18:00:00,2026-09-21 18:00:00,979.0
20260921,180000,74W,25,2026,9,21,18,20.1,147.0,97600.0,2026-09-21 18:00:00,2026-09-21 18:00:00,976.0
20260921,180000,74W,25,2026,9,21,18,20.900000000000002,146.8,97200.0,2026-09-21 18:00:00,2026-09-21 18:00:00,972.0
20260921,180000,74W,25,2026,9,21,18,21.2,146.8,97000.0,2026-09-21 18:00:00,2026-09-21 18:00:00,970.0
20260921,180000,74W,25,2026,9,21,18,22.1,146.8,96700.0,2026-09-21 18:00:00,2026-09-21 18:00:00,967.0
20260921,180000,74W,25,2026,9,21,18,22.3,146.5,96600.0,2026-09-21 18:00:00,2026-09-21 18:00:00,966.0
20260921,180000,74W,25,2026,9,21,18,23.2,146.5,96000.0,2026-09-21 18:00:00,2026-09-21 18:00:00,960.0
20260921,180000,74W,25,2026,9,21,18,24.0,145.9,95700.0,2026-09-21 18:00:00,2026-09-21 18:00:00,957.0
20260921,180000,74W,25,2026,9,21,18,24.6,145.4,95600.0,2026-09-21 18:00:00,2026-09-21 18:00:00,956.0
20260921,180000,74W,25,2026,9,21,18,25.7,144.5,95600.0,2026-09-21 18:00:00,2026-09-21 18:00:00,956.0
20260921,180000,74W,25,2026,9,21,18,27.400000000000002,143.70000000000002,96100.0,2026-09-21 18:00:00,2026-09-21 18:00:00,961.0
20260921,180000,74W,25,2026,9,21,18,29.400000000000002,143.4,96000.0,2026-09-21 18:00:00,2026-09-21 18:00:00,960.0
20260921,180000,74W,25,2026,9,21,18,31.400000000000002,142.8,96300.0,2026-09-21 18:00:00,2026-09-21 18:00:00,963.0
20260921,180000,74W,25,2026,9,21,18,34.0,143.3,96000.0,2026-09-21 18:00:00,2026-09-21 18:00:00,960.0
20260921,180000,74W,25,2026,9,21,18,36.5,144.20000000000002,95900.0,2026-09-21 18:00:00,2026-09-21 18:00:00,959.0
20260921,180000,74W,25,2026,9,21,18,40.1,146.5,96600.0,2026-09-21 18:00:00,2026-09-21 18:00:00,966.0
20260921,180000,74W,25,2026,9,21,18,42.9,147.3,96900.0,2026-09-21 18:00:00,2026-09-21 18:00:00,969.0
20260921,180000,74W,26,2026,9,21,18,15.0,162.20000000000002,100800.0,2026-09-21 18:00:00,2026-09-21 18:00:00,1008.0
20260921,180000,74W,26,2026,9,21,18,15.0,161.1,100900.0,2026-09-21 18:00:00,2026-09-21 18:00:00,1009.0
20260921,180000,74W,26,2026,9,21,18,17.0,160.5,100900.0,2026-09-21 18:00:00,2026-09-21 18:00:00,1009.0
20260921,180000,74W,26,2026,9,21,18,17.0,160.3,100700.0,2026-09-21 18:00:00,2026-09-21 18:00:00,1007.0
20260921,180000,74W,26,2026,9,21,18,17.3,160.3,101000.0,2026-09-21 18:00:00,2026-09-21 18:00:00,1010.0
20260921,180000,74W,26,2026,9,21,18,17.6,160.0,100900.0,2026-09-21 18:00:00,2026-09-21 18:00:00,1009.0
20260921,180000,74W,26,2026,9,21,18,16.7,160.8,100900.0,2026-09-21 18:00:00,2026-09-21 18:00:00,1009.0
20260921,180000,74W,26,2026,9,21,18,16.1,160.5,101100.0,2026-09-21 18:00:00,2026-09-21 18:00:00,1011.0
20260921,180000,74W,26,2026,9,21,18,15.9,158.0,100900.0,2026-09-21 18:00:00,2026-09-21 18:00:00,1009.0
20260921,180000,74W,26,2026,9,21,18,15.0,157.70000000000002,100900.0,2026-09-21 18:00:00,2026-09-21 18:00:00,1009.0
20260921,180000,74W,26,2026,9,21,18,16.4,156.6,101200.0,2026-09-21 18:00:00,2026-09-21 18:00:00,1012.0
20260921,180000,74W,26,2026,9,21,18,16.1,156.3,101000.0,2026-09-21 18:00:00,2026-09-21 18:00:00,1010.0
20260921,180000,74W,26,2026,9,21,18,15.6,155.1,101200.0,2026-09-21 18:00:00,2026-09-21 18:00:00,1012.0
20260921,180000,74W,26,2026,9,21,18,16.1,154.5,101000.0,2026-09-21 18:00:00,2026-09-21 18:00:00,1010.0
20260921,180000,74W,26,2026,9,21,18,16.7,153.8,101200.0,2026-09-21 18:00:00,2026-09-21 18:00:00,1012.0
20260921,180000,74W,26,2026,9,21,18,16.4,153.0,101000.0,2026-09-21 18:00:00,2026-09-21 18:00:00,1010.0
20260921,180000,74W,26,2026,9,21,18,16.7,152.4,101100.0,2026-09-21 18:00:00,2026-09-21 18:00:00,1011.0
20260921,180000,74W,26,2026,9,21,18,16.0,151.3,101100.0,2026-09-21 18:00:00,2026-09-21 18:00:00,1011.0
20260921,180000,74W,26,2026,9,21,18,17.0,153.0,100700.0,2026-09-21 18:00:00,2026-09-21 18:00:00,1007.0
20260921,180000,74W,26,2026,9,21,18,15.9,152.1,100900.0,2026-09-21 18:00:00,2026-09-21 18:00:00,1009.0
20260921,180000,74W,26,2026,9,21,18,16.1,151.5,100600.0,2026-09-21 18:00:00,2026-09-21 18:00:00,1006.0
20260921,180000,74W,26,2026,9,21,18,16.1,152.4,100700.0,2026-09-21 18:00:00,2026-09-21 18:00:00,1007.0
20260921,180000,74W,26,2026,9,21,18,15.6,153.0,100400.0,2026-09-21 18:00:00,2026-09-21 18:00:00,1004.0
20260921,180000,74W,26,2026,9,21,18,14.700000000000001,153.20000000000002,100600.0,2026-09-21 18:00:00,2026-09-21 18:00:00,1006.0
20260921,180000,74W,26,2026,9,21,18,14.700000000000001,154.6,100300.0,2026-09-21 18:00:00,2026-09-21 18:00:00,1003.0
20260921,180000,74W,26,2026,9,21,18,14.5,155.5,100500.0,2026-09-21 18:00:00,2026-09-21 18:00:00,1005.0
20260921,180000,74W,26,2026,9,21,18,14.700000000000001,155.8,100200.0,2026-09-21 18:00:00,2026-09-21 18:00:00,1002.0
20260921,180000,74W,26,2026,9,21,18,14.700000000000001,155.20000000000002,100200.0,2026-09-21 18:00:00,2026-09-21 18:00:00,1002.0
20260921,180000,74W,26,2026,9,21,18,14.700000000000001,154.6,99900.0,2026-09-21 18:00:00,2026-09-21 18:00:00,999.0
20260921,180000,74W,26,2026,9,21,18,13.9,153.8,100000.0,2026-09-21 18:00:00,2026-09-21 18:00:00,1000.0
20260921,180000,74W,26,2026,9,21,18,14.200000000000001,154.1,99600.0,2026-09-21 18:00:00,2026-09-21 18:00:00,996.0
20260921,180000,74W,26,2026,9,21,18,14.200000000000001,153.20000000000002,99700.0,2026-09-21 18:00:00,2026-09-21 18:00:00,997.0
20260921,180000,74W,26,2026,9,21,18,14.5,152.70000000000002,99200.0,2026-09-21 18:00:00,2026-09-21 18:00:00,992.0
20260921,180000,74W,26,2026,9,21,18,14.5,152.1,99300.0,2026-09-21 18:00:00,2026-09-21 18:00:00,993.0
20260921,180000,74W,26,2026,9,21,18,15.0,151.0,98700.0,2026-09-21 18:00:00,2026-09-21 18:00:00,987.0
20260921,180000,74W,26,2026,9,21,18,15.3,150.4,98600.0,2026-09-21 18:00:00,2026-09-21 18:00:00,986.0
20260921,180000,74W,26,2026,9,21,18,15.3,149.6,97700.0,2026-09-21 18:00:00,2026-09-21 18:00:00,977.0
20260921,180000,74W,26,2026,9,21,18,15.6,149.0,97700.0,2026-09-21 18:00:00,2026-09-21 18:00:00,977.0
20260921,180000,74W,26,2026,9,21,18,15.9,148.20000000000002,96800.0,2026-09-21 18:00:00,2026-09-21 18:00:00,968.0
20260921,180000,74W,26,2026,9,21,18,16.4,147.3,97100.0,2026-09-21 18:00:00,2026-09-21 18:00:00,971.0
20260921,180000,74W,26,2026,9,21,18,16.4,146.5,96800.0,2026-09-21 18:00:00,2026-09-21 18:00:00,968.0
20260921,180000,74W,26,2026,9,21,18,16.4,145.6,96800.0,2026-09-21 18:00:00,2026-09-21 18:00:00,968.0
20260921,180000,74W,26,2026,9,21,18,16.7,144.8,96500.0,2026-09-21 18:00:00,2026-09-21 18:00:00,965.0
20260921,180000,74W,26,2026,9,21,18,17.0,143.70000000000002,96500.0,2026-09-21 18:00:00,2026-09-21 18:00:00,965.0
20260921,180000,74W,26,2026,9,21,18,17.8,143.1,96300.0,2026-09-21 18:00:00,2026-09-21 18:00:00,963.0
20260921,180000,74W,26,2026,9,21,18,18.1,142.0,95900.0,2026-09-21 18:00:00,2026-09-21 18:00:00,959.0
20260921,180000,74W,26,2026,9,21,18,18.400000000000002,141.4,95700.0,2026-09-21 18:00:00,2026-09-21 18:00:00,957.0
20260921,180000,74W,27,2026,9,21,18,13.6,160.3,101100.0,2026-09-21 18:00:00,2026-09-21 18:00:00,1011.0
20260921,180000,74W,27,2026,9,21,18,13.9,160.8,100900.0,2026-09-21 18:00:00,2026-09-21 18:00:00,1009.0
20260921,180000,74W,27,2026,9,21,18,14.5,162.20000000000002,101000.0,2026-09-21 18:00:00,2026-09-21 18:00:00,1010.0
20260921,180000,74W,28,2026,9,21,18,15.6,171.20000000000002,100500.0,2026-09-21 18:00:00,2026-09-21 18:00:00,1005.0
20260921,180000,74W,28,2026,9,21,18,15.9,169.8,100500.0,2026-09-21 18:00:00,2026-09-21 18:00:00,1005.0
20260921,180000,74W,28,2026,9,21,18,16.1,171.0,100700.0,2026-09-21 18:00:00,2026-09-21 18:00:00,1007.0
20260921,180000,74W,28,2026,9,21,18,15.8,169.70000000000002,100600.0,2026-09-21 18:00:00,2026-09-21 18:00:00,1006.0
20260921,180000,74W,28,2026,9,21,18,16.4,169.3,100700.0,2026-09-21 18:00:00,2026-09-21 18:00:00,1007.0
20260921,180000,74W,28,2026,9,21,18,17.1,170.0,100500.0,2026-09-21 18:00:00,2026-09-21 18:00:00,1005.0
20260921,180000,74W,28,2026,9,21,18,16.7,170.1,100700.0,2026-09-21 18:00:00,2026-09-21 18:00:00,1007.0
20260921,180000,74W,29,2026,9,21,18,11.1,103.7,100800.0,2026-09-21 18:00:00,2026-09-21 18:00:00,1008.0
20260921,180000,74W,29,2026,9,21,18,10.5,102.3,100800.0,2026-09-21 18:00:00,2026-09-21 18:00:00,1008.0
20260921,180000,74W,29,2026,9,21,18,11.4,103.2,100600.0,2026-09-21 18:00:00,2026-09-21 18:00:00,1006.0
20260921,180000,74W,29,2026,9,21,18,11.6,102.10000000000001,100700.0,2026-09-21 18:00:00,2026-09-21 18:00:00,1007.0
20260921,180000,74W,29,2026,9,21,18,11.700000000000001,101.7,100800.0,2026-09-21 18:00:00,2026-09-21 18:00:00,1008.0
20260921,180000,74W,29,2026,9,21,18,13.3,100.9,100700.0,2026-09-21 18:00:00,2026-09-21 18:00:00,1007.0
20260921,180000,74W,29,2026,9,21,18,13.3,100.60000000000001,100600.0,2026-09-21 18:00:00,2026-09-21 18:00:00,1006.0
20260921,180000,74W,29,2026,9,21,18,13.3,100.60000000000001,100700.0,2026-09-21 18:00:00,2026-09-21 18:00:00,1007.0
20260921,180000,74W,29,2026,9,21,18,13.6,98.10000000000001,100700.0,2026-09-21 18:00:00,2026-09-21 18:00:00,1007.0
20260921,180000,74W,29,2026,9,21,18,14.200000000000001,97.3,100600.0,2026-09-21 18:00:00,2026-09-21 18:00:00,1006.0
20260921,180000,74W,29,2026,9,21,18,14.9,97.2,100500.0,2026-09-21 18:00:00,2026-09-21 18:00:00,1005.0
20260921,180000,74W,29,2026,9,21,18,15.200000000000001,96.5,100400.0,2026-09-21 18:00:00,2026-09-21 18:00:00,1004.0
20260921,180000,74W,29,2026,9,21,18,15.9,97.3,100400.0,2026-09-21 18:00:00,2026-09-21 18:00:00,1004.0
20260921,180000,74W,29,2026,9,21,18,16.7,97.0,100300.0,2026-09-21 18:00:00,2026-09-21 18:00:00,1003.0
20260921,180000,74W,29,2026,9,21,18,17.6,96.4,100400.0,2026-09-21 18:00:00,2026-09-21 18:00:00,1004.0
20260921,180000,74W,29,2026,9,21,18,17.8,95.9,100300.0,2026-09-21 18:00:00,2026-09-21 18:00:00,1003.0
20260921,180000,74W,29,2026,9,21,18,17.8,95.3,100200.0,2026-09-21 18:00:00,2026-09-21 18:00:00,1002.0
20260921,180000,74W,29,2026,9,21,18,18.400000000000002,95.0,100100.0,2026-09-21 18:00:00,2026-09-21 18:00:00,1001.0
20260921,180000,74W,29,2026,9,21,18,19.2,94.7,100200.0,2026-09-21 18:00:00,2026-09-21 18:00:00,1002.0
20260921,180000,74W,29,2026,9,21,18,19.5,93.9,100300.0,2026-09-21 18:00:00,2026-09-21 18:00:00,1003.0
20260921,180000,74W,29,2026,9,21,18,21.2,93.0,100400.0,2026-09-21 18:00:00,2026-09-21 18:00:00,1004.0
20260921,180000,74W,29,2026,9,21,18,21.8,91.4,100500.0,2026-09-21 18:00:00,2026-09-21 18:00:00,1005.0
20260921,180000,74W,29,2026,9,21,18,22.3,89.7,100500.0,2026-09-21 18:00:00,2026-09-21 18:00:00,1005.0
20260921,180000,74W,29,2026,9,21,18,23.5,90.0,100600.0,2026-09-21 18:00:00,2026-09-21 18:00:00,1006.0
20260921,180000,74W,30,2026,9,21,18,14.200000000000001,149.0,101000.0,2026-09-21 18:00:00,2026-09-21 18:00:00,1010.0
20260921,180000,74W,30,2026,9,21,18,14.200000000000001,149.6,100800.0,2026-09-21 18:00:00,2026-09-21 18:00:00,1008.0
20260921,180000,74W,30,2026,9,21,18,14.200000000000001,148.70000000000002,101000.0,2026-09-21 18:00:00,2026-09-21 18:00:00,1010.0
20260921,180000,74W,30,2026,9,21,18,15.0,151.5,101000.0,2026-09-21 18:00:00,2026-09-21 18:00:00,1010.0
20260921,180000,74W,30,2026,9,21,18,13.9,151.0,100900.0,2026-09-21 18:00:00,2026-09-21 18:00:00,1009.0
20260921,180000,74W,30,2026,9,21,18,14.8,151.70000000000002,101000.0,2026-09-21 18:00:00,2026-09-21 18:00:00,1010.0
20260921,180000,74W,30,2026,9,21,18,15.0,152.70000000000002,100700.0,2026-09-21 18:00:00,2026-09-21 18:00:00,1007.0
20260921,180000,74W,30,2026,9,21,18,14.200000000000001,151.8,100900.0,2026-09-21 18:00:00,2026-09-21 18:00:00,1009.0
20260921,180000,74W,30,2026,9,21,18,15.9,153.5,100700.0,2026-09-21 18:00:00,2026-09-21 18:00:00,1007.0
20260921,180000,74W,30,2026,9,21,18,14.700000000000001,152.70000000000002,100600.0,2026-09-21 18:00:00,2026-09-21 18:00:00,1006.0
20260921,180000,74W,30,2026,9,21,18,14.5,153.5,100800.0,2026-09-21 18:00:00,2026-09-21 18:00:00,1008.0
20260921,180000,74W,30,2026,9,21,18,13.9,153.0,100600.0,2026-09-21 18:00:00,2026-09-21 18:00:00,1006.0
20260921,180000,74W,30,2026,9,21,18,14.5,153.0,100800.0,2026-09-21 18:00:00,2026-09-21 18:00:00,1008.0
20260921,180000,74W,30,2026,9,21,18,14.200000000000001,153.20000000000002,100500.0,2026-09-21 18:00:00,2026-09-21 18:00:00,1005.0
20260921,180000,74W,30,2026,9,21,18,15.0,153.20000000000002,100700.0,2026-09-21 18:00:00,2026-09-21 18:00:00,1007.0
20260921,180000,74W,30,2026,9,21,18,15.6,152.1,100400.0,2026-09-21 18:00:00,2026-09-21 18:00:00,1004.0
20260921,180000,74W,30,2026,9,21,18,15.3,152.4,100600.0,2026-09-21 18:00:00,2026-09-21 18:00:00,1006.0
20260921,180000,74W,30,2026,9,21,18,15.6,152.4,100400.0,2026-09-21 18:00:00,2026-09-21 18:00:00,1004.0
20260921,180000,74W,30,2026,9,21,18,15.0,151.0,100500.0,2026-09-21 18:00:00,2026-09-21 18:00:00,1005.0
20260921,180000,74W,30,2026,9,21,18,15.200000000000001,150.6,100200.0,2026-09-21 18:00:00,2026-09-21 18:00:00,1002.0
20260921,180000,74W,30,2026,9,21,18,15.700000000000001,149.0,100300.0,2026-09-21 18:00:00,2026-09-21 18:00:00,1003.0
20260921,180000,74W,30,2026,9,21,18,15.0,148.5,99500.0,2026-09-21 18:00:00,2026-09-21 18:00:00,995.0
20260921,180000,74W,30,2026,9,21,18,15.3,147.3,99600.0,2026-09-21 18:00:00,2026-09-21 18:00:00,996.0
20260921,180000,74W,30,2026,9,21,18,15.3,145.9,99400.0,2026-09-21 18:00:00,2026-09-21 18:00:00,994.0
20260921,180000,74W,30,2026,9,21,18,15.6,145.1,99300.0,2026-09-21 18:00:00,2026-09-21 18:00:00,993.0
20260921,180000,74W,30,2026,9,21,18,15.9,144.20000000000002,99100.0,2026-09-21 18:00:00,2026-09-21 18:00:00,991.0
20260921,180000,74W,30,2026,9,21,18,15.9,142.8,99500.0,2026-09-21 18:00:00,2026-09-21 18:00:00,995.0
20260921,180000,74W,30,2026,9,21,18,16.1,141.4,99100.0,2026-09-21 18:00:00,2026-09-21 18:00:00,991.0
20260921,180000,74W,30,2026,9,21,18,16.1,140.0,99300.0,2026-09-21 18:00:00,2026-09-21 18:00:00,993.0
20260921,180000,74W,30,2026,9,21,18,16.4,138.6,99000.0,2026-09-21 18:00:00,2026-09-21 18:00:00,990.0
20260921,180000,74W,30,2026,9,21,18,16.7,137.20000000000002,99100.0,2026-09-21 18:00:00,2026-09-21 18:00:00,991.0
20260921,180000,74W,30,2026,9,21,18,16.4,136.1,98600.0,2026-09-21 18:00:00,2026-09-21 18:00:00,986.0
20260921,180000,74W,30,2026,9,21,18,16.7,135.8,98300.0,2026-09-21 18:00:00,2026-09-21 18:00:00,983.0
20260921,180000,74W,30,2026,9,21,18,17.0,135.0,98000.0,2026-09-21 18:00:00,2026-09-21 18:00:00,980.0
20260921,180000,74W,30,2026,9,21,18,17.0,134.1,97900.0,2026-09-21 18:00:00,2026-09-21 18:00:00,979.0
20260921,180000,74W,30,2026,9,21,18,17.3,133.8,97000.0,2026-09-21 18:00:00,2026-09-21 18:00:00,970.0
20260921,180000,74W,30,2026,9,21,18,17.6,132.7,96800.0,2026-09-21 18:00:00,2026-09-21 18:00:00,968.0
20260921,180000,74W,30,2026,9,21,18,17.8,131.9,97100.0,2026-09-21 18:00:00,2026-09-21 18:00:00,971.0
20260921,180000,74W,30,2026,9,21,18,17.8,130.7,96500.0,2026-09-21 18:00:00,2026-09-21 18:00:00,965.0
20260921,180000,74W,30,2026,9,21,18,18.1,129.9,95700.0,2026-09-21 18:00:00,2026-09-21 18:00:00,957.0
20260921,180000,74W,30,2026,9,21,18,18.1,128.5,96100.0,2026-09-21 18:00:00,2026-09-21 18:00:00,961.0
20260921,180000,74W,30,2026,9,21,18,18.7,127.9,96300.0,2026-09-21 18:00:00,2026-09-21 18:00:00,963.0
20260921,180000,74W,30,2026,9,21,18,18.400000000000002,126.8,95000.0,2026-09-21 18:00:00,2026-09-21 18:00:00,950.0
20260921,180000,74W,30,2026,9,21,18,18.7,126.5,94000.0,2026-09-21 18:00:00,2026-09-21 18:00:00,940.0
20260921,180000,74W,31,2026,9,21,18,12.0,166.0,100900.0,2026-09-21 18:00:00,2026-09-21 18:00:00,1009.0
20260921,180000,74W,31,2026,9,21,18,13.0,165.9,100700.0,2026-09-21 18:00:00,2026-09-21 18:00:00,1007.0
20260921,180000,74W,31,2026,9,21,18,14.200000000000001,165.6,101000.0,2026-09-21 18:00:00,2026-09-21 18:00:00,1010.0
20260921,180000,74W,31,2026,9,21,18,15.9,165.0,100900.0,2026-09-21 18:00:00,2026-09-21 18:00:00,1009.0
20260921,180000,74W,31,2026,9,21,18,16.4,161.4,100700.0,2026-09-21 18:00:00,2026-09-21 18:00:00,1007.0
20260921,180000,74W,31,2026,9,21,18,16.7,161.70000000000002,100900.0,2026-09-21 18:00:00,2026-09-21 18:00:00,1009.0
20260921,180000,74W,31,2026,9,21,18,17.8,160.8,100700.0,2026-09-21 18:00:00,2026-09-21 18:00:00,1007.0
20260921,180000,74W,31,2026,9,21,18,18.1,158.9,100800.0,2026-09-21 18:00:00,2026-09-21 18:00:00,1008.0
20260921,180000,74W,31,2026,9,21,18,18.1,158.0,100500.0,2026-09-21 18:00:00,2026-09-21 18:00:00,1005.0
20260921,180000,74W,31,2026,9,21,18,17.8,157.6,100700.0,2026-09-21 18:00:00,2026-09-21 18:00:00,1007.0
20260921,180000,74W,31,2026,9,21,18,18.400000000000002,156.9,100300.0,2026-09-21 18:00:00,2026-09-21 18:00:00,1003.0
20260921,180000,74W,31,2026,9,21,18,19.2,155.5,100400.0,2026-09-21 18:00:00,2026-09-21 18:00:00,1004.0
20260921,180000,74W,31,2026,9,21,18,19.5,153.5,100100.0,2026-09-21 18:00:00,2026-09-21 18:00:00,1001.0
20260921,180000,74W,31,2026,9,21,18,19.5,152.1,100200.0,2026-09-21 18:00:00,2026-09-21 18:00:00,1002.0
20260921,180000,74W,31,2026,9,21,18,19.5,152.1,99700.0,2026-09-21 18:00:00,2026-09-21 18:00:00,997.0
20260921,180000,74W,31,2026,9,21,18,19.0,151.3,99900.0,2026-09-21 18:00:00,2026-09-21 18:00:00,999.0
20260921,180000,74W,31,2026,9,21,18,19.2,150.70000000000002,99400.0,2026-09-21 18:00:00,2026-09-21 18:00:00,994.0
20260921,180000,74W,31,2026,9,21,18,18.7,150.4,99300.0,2026-09-21 18:00:00,2026-09-21 18:00:00,993.0
20260921,180000,74W,31,2026,9,21,18,18.7,150.1,98300.0,2026-09-21 18:00:00,2026-09-21 18:00:00,983.0
20260921,180000,74W,31,2026,9,21,18,18.5,149.6,98100.0,2026-09-21 18:00:00,2026-09-21 18:00:00,981.0
20260921,180000,74W,31,2026,9,21,18,18.7,149.3,97700.0,2026-09-21 18:00:00,2026-09-21 18:00:00,977.0
20260921,180000,74W,31,2026,9,21,18,18.7,148.70000000000002,97200.0,2026-09-21 18:00:00,2026-09-21 18:00:00,972.0
20260921,180000,74W,31,2026,9,21,18,19.0,147.9,96600.0,2026-09-21 18:00:00,2026-09-21 18:00:00,966.0
20260921,180000,74W,31,2026,9,21,18,19.0,147.3,95900.0,2026-09-21 18:00:00,2026-09-21 18:00:00,959.0
20260921,180000,74W,31,2026,9,21,18,19.2,146.8,95600.0,2026-09-21 18:00:00,2026-09-21 18:00:00,956.0
20260921,180000,74W,31,2026,9,21,18,19.2,145.9,95700.0,2026-09-21 18:00:00,2026-09-21 18:00:00,957.0
20260921,180000,74W,31,2026,9,21,18,19.5,145.1,95500.0,2026-09-21 18:00:00,2026-09-21 18:00:00,955.0
20260921,180000,74W,31,2026,9,21,18,19.5,144.5,95400.0,2026-09-21 18:00:00,2026-09-21 18:00:00,954.0
20260921,180000,74W,31,2026,9,21,18,19.5,144.0,94800.0,2026-09-21 18:00:00,2026-09-21 18:00:00,948.0
20260921,180000,74W,31,2026,9,21,18,19.5,143.4,95000.0,2026-09-21 18:00:00,2026-09-21 18:00:00,950.0
20260921,180000,74W,31,2026,9,21,18,19.8,143.1,95000.0,2026-09-21 18:00:00,2026-09-21 18:00:00,950.0
20260921,180000,74W,31,2026,9,21,18,20.400000000000002,141.70000000000002,95300.0,2026-09-21 18:00:00,2026-09-21 18:00:00,953.0
20260921,180000,74W,31,2026,9,21,18,20.900000000000002,140.9,95300.0,2026-09-21 18:00:00,2026-09-21 18:00:00,953.0
20260921,180000,74W,31,2026,9,21,18,21.5,139.70000000000002,95000.0,2026-09-21 18:00:00,2026-09-21 18:00:00,950.0
20260921,180000,74W,31,2026,9,21,18,22.1,138.6,95400.0,2026-09-21 18:00:00,2026-09-21 18:00:00,954.0
20260921,180000,74W,31,2026,9,21,18,22.6,137.8,95200.0,2026-09-21 18:00:00,2026-09-21 18:00:00,952.0
20260921,180000,74W,31,2026,9,21,18,23.2,136.6,94900.0,2026-09-21 18:00:00,2026-09-21 18:00:00,949.0
20260921,180000,74W,31,2026,9,21,18,23.2,135.8,95100.0,2026-09-21 18:00:00,2026-09-21 18:00:00,951.0
20260921,180000,74W,31,2026,9,21,18,23.5,135.0,95000.0,2026-09-21 18:00:00,2026-09-21 18:00:00,950.0
20260921,180000,74W,32,2026,9,21,18,22.400000000000002,168.1,100700.0,2026-09-21 18:00:00,2026-09-21 18:00:00,1007.0
20260921,180000,74W,32,2026,9,21,18,23.5,167.3,100900.0,2026-09-21 18:00:00,2026-09-21 18:00:00,1009.0
20260921,180000,74W,33,2026,9,21,18,15.9,170.4,100800.0,2026-09-21 18:00:00,2026-09-21 18:00:00,1008.0
20260921,180000,74W,33,2026,9,21,18,17.6,171.5,100900.0,2026-09-21 18:00:00,2026-09-21 18:00:00,1009.0
20260921,180000,74W,33,2026,9,21,18,18.1,170.8,100900.0,2026-09-21 18:00:00,2026-09-21 18:00:00,1009.0
20260921,180000,74W,33,2026,9,21,18,19.0,170.70000000000002,100800.0,2026-09-21 18:00:00,2026-09-21 18:00:00,1008.0
20260921,180000,74W,33,2026,9,21,18,19.5,170.4,100800.0,2026-09-21 18:00:00,2026-09-21 18:00:00,1008.0
20260921,180000,74W,33,2026,9,21,18,20.0,169.8,100800.0,2026-09-21 18:00:00,2026-09-21 18:00:00,1008.0
20260921,180000,74W,33,2026,9,21,18,20.400000000000002,169.5,100900.0,2026-09-21 18:00:00,2026-09-21 18:00:00,1009.0
20260921,180000,74W,33,2026,9,21,18,20.900000000000002,169.8,100800.0,2026-09-21 18:00:00,2026-09-21 18:00:00,1008.0
20260921,180000,74W,33,2026,9,21,18,21.5,169.70000000000002,100900.0,2026-09-21 18:00:00,2026-09-21 18:00:00,1009.0
20260921,180000,74W,33,2026,9,21,18,21.8,169.3,100900.0,2026-09-21 18:00:00,2026-09-21 18:00:00,1009.0
20260921,180000,74W,33,2026,9,21,18,22.400000000000002,169.4,101000.0,2026-09-21 18:00:00,2026-09-21 18:00:00,1010.0
20260921,180000,74W,33,2026,9,21,18,23.2,168.4,100900.0,2026-09-21 18:00:00,2026-09-21 18:00:00,1009.0
20260921,180000,74W,33,2026,9,21,18,26.0,168.4,101000.0,2026-09-21 18:00:00,2026-09-21 18:00:00,1010.0
20260921,180000,74W,33,2026,9,21,18,27.400000000000002,168.4,100900.0,2026-09-21 18:00:00,2026-09-21 18:00:00,1009.0
20260921,180000,74W,34,2026,9,21,18,17.6,163.6,101100.0,2026-09-21 18:00:00,2026-09-21 18:00:00,1011.0
20260921,180000,74W,34,2026,9,21,18,17.8,162.0,101100.0,2026-09-21 18:00:00,2026-09-21 18:00:00,1011.0
20260921,180000,74W,34,2026,9,21,18,17.6,159.70000000000002,100800.0,2026-09-21 18:00:00,2026-09-21 18:00:00,1008.0
20260921,180000,74W,34,2026,9,21,18,18.400000000000002,158.9,101000.0,2026-09-21 18:00:00,2026-09-21 18:00:00,1010.0
20260921,180000,74W,34,2026,9,21,18,17.8,157.70000000000002,100700.0,2026-09-21 18:00:00,2026-09-21 18:00:00,1007.0
20260921,180000,74W,34,2026,9,21,18,16.7,156.9,100900.0,2026-09-21 18:00:00,2026-09-21 18:00:00,1009.0
20260921,180000,74W,34,2026,9,21,18,15.6,155.8,100400.0,2026-09-21 18:00:00,2026-09-21 18:00:00,1004.0
20260921,180000,74W,34,2026,9,21,18,15.3,154.9,100700.0,2026-09-21 18:00:00,2026-09-21 18:00:00,1007.0
20260921,180000,74W,34,2026,9,21,18,15.3,153.8,100500.0,2026-09-21 18:00:00,2026-09-21 18:00:00,1005.0
20260921,180000,74W,34,2026,9,21,18,15.4,153.1,100700.0,2026-09-21 18:00:00,2026-09-21 18:00:00,1007.0
20260921,180000,74W,34,2026,9,21,18,15.0,152.1,100400.0,2026-09-21 18:00:00,2026-09-21 18:00:00,1004.0
20260921,180000,74W,34,2026,9,21,18,15.6,151.3,100600.0,2026-09-21 18:00:00,2026-09-21 18:00:00,1006.0
20260921,180000,74W,34,2026,9,21,18,15.0,149.9,100400.0,2026-09-21 18:00:00,2026-09-21 18:00:00,1004.0
20260921,180000,74W,34,2026,9,21,18,15.6,148.70000000000002,100700.0,2026-09-21 18:00:00,2026-09-21 18:00:00,1007.0
20260921,180000,74W,34,2026,9,21,18,16.4,147.3,100500.0,2026-09-21 18:00:00,2026-09-21 18:00:00,1005.0
20260921,180000,74W,34,2026,9,21,18,16.1,143.1,100600.0,2026-09-21 18:00:00,2026-09-21 18:00:00,1006.0
20260921,180000,74W,34,2026,9,21,18,15.9,141.4,100000.0,2026-09-21 18:00:00,2026-09-21 18:00:00,1000.0
20260921,180000,74W,34,2026,9,21,18,15.6,140.3,99900.0,2026-09-21 18:00:00,2026-09-21 18:00:00,999.0
20260921,180000,74W,34,2026,9,21,18,15.6,139.20000000000002,99800.0,2026-09-21 18:00:00,2026-09-21 18:00:00,998.0
20260921,180000,74W,34,2026,9,21,18,16.1,138.3,99900.0,2026-09-21 18:00:00,2026-09-21 18:00:00,999.0
20260921,180000,74W,34,2026,9,21,18,15.9,136.6,99400.0,2026-09-21 18:00:00,2026-09-21 18:00:00,994.0
20260921,180000,74W,34,2026,9,21,18,15.9,135.8,99400.0,2026-09-21 18:00:00,2026-09-21 18:00:00,994.0
20260921,180000,74W,34,2026,9,21,18,16.1,134.1,98800.0,2026-09-21 18:00:00,2026-09-21 18:00:00,988.0
20260921,180000,74W,34,2026,9,21,18,16.1,132.7,98900.0,2026-09-21 18:00:00,2026-09-21 18:00:00,989.0
20260921,180000,74W,34,2026,9,21,18,16.7,131.0,98000.0,2026-09-21 18:00:00,2026-09-21 18:00:00,980.0
20260921,180000,74W,34,2026,9,21,18,16.7,129.9,97700.0,2026-09-21 18:00:00,2026-09-21 18:00:00,977.0
20260921,180000,74W,34,2026,9,21,18,17.0,128.8,97100.0,2026-09-21 18:00:00,2026-09-21 18:00:00,971.0
20260921,180000,74W,34,2026,9,21,18,17.8,127.60000000000001,97000.0,2026-09-21 18:00:00,2026-09-21 18:00:00,970.0
20260921,180000,74W,34,2026,9,21,18,18.400000000000002,126.8,97100.0,2026-09-21 18:00:00,2026-09-21 18:00:00,971.0
20260921,180000,74W,34,2026,9,21,18,19.0,125.7,97200.0,2026-09-21 18:00:00,2026-09-21 18:00:00,972.0
20260921,180000,74W,34,2026,9,21,18,19.8,124.8,96900.0,2026-09-21 18:00:00,2026-09-21 18:00:00,969.0
20260921,180000,74W,34,2026,9,21,18,20.1,123.4,96800.0,2026-09-21 18:00:00,2026-09-21 18:00:00,968.0
20260921,180000,74W,34,2026,9,21,18,20.7,122.3,96400.0,2026-09-21 18:00:00,2026-09-21 18:00:00,964.0
20260921,180000,74W,36,2026,9,21,18,14.8,156.1,101100.0,2026-09-21 18:00:00,2026-09-21 18:00:00,1011.0
20260921,180000,74W,36,2026,9,21,18,13.9,153.8,100800.0,2026-09-21 18:00:00,2026-09-21 18:00:00,1008.0
20260921,180000,74W,36,2026,9,21,18,13.0,153.8,100700.0,2026-09-21 18:00:00,2026-09-21 18:00:00,1007.0
20260921,180000,74W,36,2026,9,21,18,13.9,154.1,100900.0,2026-09-21 18:00:00,2026-09-21 18:00:00,1009.0
20260921,180000,74W,36,2026,9,21,18,14.200000000000001,152.4,100800.0,2026-09-21 18:00:00,2026-09-21 18:00:00,1008.0
20260921,180000,74W,36,2026,9,21,18,13.9,152.4,100600.0,2026-09-21 18:00:00,2026-09-21 18:00:00,1006.0
20260921,180000,74W,36,2026,9,21,18,14.200000000000001,149.6,100400.0,2026-09-21 18:00:00,2026-09-21 18:00:00,1004.0
20260921,180000,74W,36,2026,9,21,18,14.5,150.4,100600.0,2026-09-21 18:00:00,2026-09-21 18:00:00,1006.0
20260921,180000,74W,36,2026,9,21,18,15.3,150.4,100300.0,2026-09-21 18:00:00,2026-09-21 18:00:00,1003.0
20260921,180000,74W,36,2026,9,21,18,16.7,151.3,100500.0,2026-09-21 18:00:00,2026-09-21 18:00:00,1005.0
20260921,180000,74W,36,2026,9,21,18,17.5,150.4,100100.0,2026-09-21 18:00:00,2026-09-21 18:00:00,1001.0
20260921,180000,74W,36,2026,9,21,18,18.7,149.3,100100.0,2026-09-21 18:00:00,2026-09-21 18:00:00,1001.0
20260921,180000,74W,36,2026,9,21,18,19.0,148.70000000000002,99700.0,2026-09-21 18:00:00,2026-09-21 18:00:00,997.0
20260921,180000,74W,36,2026,9,21,18,20.1,148.5,99700.0,2026-09-21 18:00:00,2026-09-21 18:00:00,997.0
20260921,180000,74W,36,2026,9,21,18,20.900000000000002,146.20000000000002,99200.0,2026-09-21 18:00:00,2026-09-21 18:00:00,992.0
20260921,180000,74W,36,2026,9,21,18,20.7,144.8,99100.0,2026-09-21 18:00:00,2026-09-21 18:00:00,991.0
20260921,180000,74W,36,2026,9,21,18,21.5,144.0,98700.0,2026-09-21 18:00:00,2026-09-21 18:00:00,987.0
20260921,180000,74W,36,2026,9,21,18,21.5,142.5,98800.0,2026-09-21 18:00:00,2026-09-21 18:00:00,988.0
20260921,180000,74W,36,2026,9,21,18,21.8,141.70000000000002,98200.0,2026-09-21 18:00:00,2026-09-21 18:00:00,982.0
20260921,180000,74W,36,2026,9,21,18,21.5,140.6,98100.0,2026-09-21 18:00:00,2026-09-21 18:00:00,981.0
20260921,180000,74W,36,2026,9,21,18,21.2,139.70000000000002,97700.0,2026-09-21 18:00:00,2026-09-21 18:00:00,977.0
20260921,180000,74W,36,2026,9,21,18,21.2,138.3,97400.0,2026-09-21 18:00:00,2026-09-21 18:00:00,974.0
20260921,180000,74W,36,2026,9,21,18,20.8,137.0,97200.0,2026-09-21 18:00:00,2026-09-21 18:00:00,972.0
20260921,180000,74W,36,2026,9,21,18,20.400000000000002,135.2,96800.0,2026-09-21 18:00:00,2026-09-21 18:00:00,968.0
20260921,180000,74W,36,2026,9,21,18,20.400000000000002,133.5,96600.0,2026-09-21 18:00:00,2026-09-21 18:00:00,966.0
20260921,180000,74W,37,2026,9,21,18,14.700000000000001,154.6,101200.0,2026-09-21 18:00:00,2026-09-21 18:00:00,1012.0
20260921,180000,74W,37,2026,9,21,18,15.9,153.5,101200.0,2026-09-21 18:00:00,2026-09-21 18:00:00,1012.0
20260921,180000,74W,37,2026,9,21,18,15.3,154.9,101000.0,2026-09-21 18:00:00,2026-09-21 18:00:00,1010.0
20260921,180000,74W,37,2026,9,21,18,15.3,151.0,101100.0,2026-09-21 18:00:00,2026-09-21 18:00:00,1011.0
20260921,180000,74W,37,2026,9,21,18,18.7,149.3,101000.0,2026-09-21 18:00:00,2026-09-21 18:00:00,1010.0
20260921,180000,74W,37,2026,9,21,18,18.1,149.0,100700.0,2026-09-21 18:00:00,2026-09-21 18:00:00,1007.0
20260921,180000,74W,37,2026,9,21,18,17.6,148.5,100800.0,2026-09-21 18:00:00,2026-09-21 18:00:00,1008.0
20260921,180000,74W,37,2026,9,21,18,18.400000000000002,148.20000000000002,100500.0,2026-09-21 18:00:00,2026-09-21 18:00:00,1005.0
20260921,180000,74W,37,2026,9,21,18,18.3,147.5,100700.0,2026-09-21 18:00:00,2026-09-21 18:00:00,1007.0
20260921,180000,74W,37,2026,9,21,18,17.6,147.0,100600.0,2026-09-21 18:00:00,2026-09-21 18:00:00,1006.0
20260921,180000,74W,37,2026,9,21,18,18.1,146.5,100700.0,2026-09-21 18:00:00,2026-09-21 18:00:00,1007.0
20260921,180000,74W,37,2026,9,21,18,19.2,144.5,100500.0,2026-09-21 18:00:00,2026-09-21 18:00:00,1005.0
20260921,180000,74W,37,2026,9,21,18,19.5,141.4,100800.0,2026-09-21 18:00:00,2026-09-21 18:00:00,1008.0
20260921,180000,74W,37,2026,9,21,18,22.1,140.0,100500.0,2026-09-21 18:00:00,2026-09-21 18:00:00,1005.0
20260921,180000,74W,37,2026,9,21,18,22.3,139.5,100700.0,2026-09-21 18:00:00,2026-09-21 18:00:00,1007.0
20260921,180000,74W,37,2026,9,21,18,22.900000000000002,138.9,100500.0,2026-09-21 18:00:00,2026-09-21 18:00:00,1005.0
20260921,180000,74W,37,2026,9,21,18,22.3,139.20000000000002,100600.0,2026-09-21 18:00:00,2026-09-21 18:00:00,1006.0
20260921,180000,74W,37,2026,9,21,18,22.1,139.20000000000002,100300.0,2026-09-21 18:00:00,2026-09-21 18:00:00,1003.0
20260921,180000,74W,37,2026,9,21,18,22.2,139.4,100400.0,2026-09-21 18:00:00,2026-09-21 18:00:00,1004.0
20260921,180000,74W,37,2026,9,21,18,22.3,139.5,100200.0,2026-09-21 18:00:00,2026-09-21 18:00:00,1002.0
20260921,180000,74W,37,2026,9,21,18,21.8,139.70000000000002,100300.0,2026-09-21 18:00:00,2026-09-21 18:00:00,1003.0
20260921,180000,74W,37,2026,9,21,18,21.2,140.0,100100.0,2026-09-21 18:00:00,2026-09-21 18:00:00,1001.0
20260921,180000,74W,37,2026,9,21,18,20.7,140.3,100200.0,2026-09-21 18:00:00,2026-09-21 18:00:00,1002.0
20260921,180000,74W,37,2026,9,21,18,20.1,140.9,100000.0,2026-09-21 18:00:00,2026-09-21 18:00:00,1000.0
20260921,180000,74W,37,2026,9,21,18,20.1,142.3,100100.0,2026-09-21 18:00:00,2026-09-21 18:00:00,1001.0
20260921,180000,74W,37,2026,9,21,18,20.7,143.1,99800.0,2026-09-21 18:00:00,2026-09-21 18:00:00,998.0
20260921,180000,74W,37,2026,9,21,18,20.400000000000002,143.70000000000002,100200.0,2026-09-21 18:00:00,2026-09-21 18:00:00,1002.0
20260921,180000,74W,37,2026,9,21,18,20.7,145.4,100000.0,2026-09-21 18:00:00,2026-09-21 18:00:00,1000.0
20260921,180000,74W,38,2026,9,21,18,11.4,102.60000000000001,100800.0,2026-09-21 18:00:00,2026-09-21 18:00:00,1008.0
20260921,180000,74W,38,2026,9,21,18,11.1,103.7,100700.0,2026-09-21 18:00:00,2026-09-21 18:00:00,1007.0
20260921,180000,74W,38,2026,9,21,18,12.8,103.7,100700.0,2026-09-21 18:00:00,2026-09-21 18:00:00,1007.0
20260921,180000,74W,38,2026,9,21,18,12.5,104.0,100600.0,2026-09-21 18:00:00,2026-09-21 18:00:00,1006.0
20260921,180000,74W,38,2026,9,21,18,13.200000000000001,103.5,100600.0,2026-09-21 18:00:00,2026-09-21 18:00:00,1006.0
20260921,180000,74W,38,2026,9,21,18,13.9,102.0,100800.0,2026-09-21 18:00:00,2026-09-21 18:00:00,1008.0
20260921,180000,74W,38,2026,9,21,18,15.3,101.2,100600.0,2026-09-21 18:00:00,2026-09-21 18:00:00,1006.0
20260921,180000,74W,38,2026,9,21,18,15.0,100.60000000000001,100500.0,2026-09-21 18:00:00,2026-09-21 18:00:00,1005.0
20260921,180000,74W,38,2026,9,21,18,15.3,100.4,100500.0,2026-09-21 18:00:00,2026-09-21 18:00:00,1005.0
20260921,180000,74W,38,2026,9,21,18,15.3,100.10000000000001,100600.0,2026-09-21 18:00:00,2026-09-21 18:00:00,1006.0
20260921,180000,74W,38,2026,9,21,18,17.6,97.5,100500.0,2026-09-21 18:00:00,2026-09-21 18:00:00,1005.0
20260921,180000,74W,38,2026,9,21,18,15.6,96.7,100400.0,2026-09-21 18:00:00,2026-09-21 18:00:00,1004.0
20260921,180000,74W,38,2026,9,21,18,15.9,96.7,100300.0,2026-09-21 18:00:00,2026-09-21 18:00:00,1003.0
20260921,180000,74W,38,2026,9,21,18,16.4,96.10000000000001,100400.0,2026-09-21 18:00:00,2026-09-21 18:00:00,1004.0
20260921,180000,74W,38,2026,9,21,18,16.7,95.0,100300.0,2026-09-21 18:00:00,2026-09-21 18:00:00,1003.0
20260921,180000,74W,38,2026,9,21,18,16.7,94.2,100500.0,2026-09-21 18:00:00,2026-09-21 18:00:00,1005.0
20260921,180000,74W,38,2026,9,21,18,16.7,94.2,100400.0,2026-09-21 18:00:00,2026-09-21 18:00:00,1004.0
20260921,180000,74W,38,2026,9,21,18,17.8,93.60000000000001,100600.0,2026-09-21 18:00:00,2026-09-21 18:00:00,1006.0
20260921,180000,74W,38,2026,9,21,18,18.400000000000002,92.8,100400.0,2026-09-21 18:00:00,2026-09-21 18:00:00,1004.0
20260921,180000,74W,38,2026,9,21,18,19.0,91.60000000000001,100500.0,2026-09-21 18:00:00,2026-09-21 18:00:00,1005.0
20260921,180000,74W,38,2026,9,21,18,19.8,91.4,100500.0,2026-09-21 18:00:00,2026-09-21 18:00:00,1005.0
20260921,180000,74W,38,2026,9,21,18,19.8,89.8,100600.0,2026-09-21 18:00:00,2026-09-21 18:00:00,1006.0
20260921,180000,74W,38,2026,9,21,18,20.1,89.10000000000001,100500.0,2026-09-21 18:00:00,2026-09-21 18:00:00,1005.0
20260921,180000,74W,38,2026,9,21,18,20.400000000000002,88.5,100600.0,2026-09-21 18:00:00,2026-09-21 18:00:00,1006.0
20260921,180000,74W,38,2026,9,21,18,20.1,88.5,100400.0,2026-09-21 18:00:00,2026-09-21 18:00:00,1004.0
20260921,180000,74W,39,2026,9,21,18,13.9,157.5,101100.0,2026-09-21 18:00:00,2026-09-21 18:00:00,1011.0
20260921,180000,74W,39,2026,9,21,18,14.700000000000001,157.6,101100.0,2026-09-21 18:00:00,2026-09-21 18:00:00,1011.0
20260921,180000,74W,39,2026,9,21,18,15.9,156.9,100800.0,2026-09-21 18:00:00,2026-09-21 18:00:00,1008.0
20260921,180000,74W,39,2026,9,21,18,15.9,156.9,100900.0,2026-09-21 18:00:00,2026-09-21 18:00:00,1009.0
20260921,180000,74W,39,2026,9,21,18,16.4,156.6,100800.0,2026-09-21 18:00:00,2026-09-21 18:00:00,1008.0
20260921,180000,74W,39,2026,9,21,18,15.9,158.6,100700.0,2026-09-21 18:00:00,2026-09-21 18:00:00,1007.0
20260921,180000,74W,39,2026,9,21,18,16.1,154.6,100500.0,2026-09-21 18:00:00,2026-09-21 18:00:00,1005.0
20260921,180000,74W,39,2026,9,21,18,15.3,154.1,100200.0,2026-09-21 18:00:00,2026-09-21 18:00:00,1002.0
20260921,180000,74W,39,2026,9,21,18,15.0,154.6,100400.0,2026-09-21 18:00:00,2026-09-21 18:00:00,1004.0
20260921,180000,74W,39,2026,9,21,18,15.6,154.9,100000.0,2026-09-21 18:00:00,2026-09-21 18:00:00,1000.0
20260921,180000,74W,39,2026,9,21,18,15.9,154.6,100100.0,2026-09-21 18:00:00,2026-09-21 18:00:00,1001.0
20260921,180000,74W,39,2026,9,21,18,16.1,154.1,99800.0,2026-09-21 18:00:00,2026-09-21 18:00:00,998.0
20260921,180000,74W,39,2026,9,21,18,15.9,153.5,99700.0,2026-09-21 18:00:00,2026-09-21 18:00:00,997.0
20260921,180000,74W,39,2026,9,21,18,16.4,153.5,99200.0,2026-09-21 18:00:00,2026-09-21 18:00:00,992.0
20260921,180000,74W,39,2026,9,21,18,17.0,152.70000000000002,99300.0,2026-09-21 18:00:00,2026-09-21 18:00:00,993.0
20260921,180000,74W,39,2026,9,21,18,17.0,152.1,98600.0,2026-09-21 18:00:00,2026-09-21 18:00:00,986.0
20260921,180000,74W,39,2026,9,21,18,17.6,152.1,98900.0,2026-09-21 18:00:00,2026-09-21 18:00:00,989.0
20260921,180000,74W,39,2026,9,21,18,18.7,152.70000000000002,98400.0,2026-09-21 18:00:00,2026-09-21 18:00:00,984.0
20260921,180000,74W,39,2026,9,21,18,19.8,152.4,98100.0,2026-09-21 18:00:00,2026-09-21 18:00:00,981.0
20260921,180000,74W,39,2026,9,21,18,19.8,152.1,97900.0,2026-09-21 18:00:00,2026-09-21 18:00:00,979.0
20260921,180000,74W,39,2026,9,21,18,20.400000000000002,152.70000000000002,97800.0,2026-09-21 18:00:00,2026-09-21 18:00:00,978.0
20260921,180000,74W,39,2026,9,21,18,21.5,153.0,97400.0,2026-09-21 18:00:00,2026-09-21 18:00:00,974.0
20260921,180000,74W,39,2026,9,21,18,21.8,153.0,97600.0,2026-09-21 18:00:00,2026-09-21 18:00:00,976.0
20260921,180000,74W,39,2026,9,21,18,22.6,152.70000000000002,97300.0,2026-09-21 18:00:00,2026-09-21 18:00:00,973.0
20260921,180000,74W,39,2026,9,21,18,22.3,152.4,97600.0,2026-09-21 18:00:00,2026-09-21 18:00:00,976.0
20260921,180000,74W,39,2026,9,21,18,22.6,152.1,97400.0,2026-09-21 18:00:00,2026-09-21 18:00:00,974.0
20260921,180000,74W,39,2026,9,21,18,22.6,151.5,97200.0,2026-09-21 18:00:00,2026-09-21 18:00:00,972.0
20260921,180000,74W,39,2026,9,21,18,23.2,150.70000000000002,97000.0,2026-09-21 18:00:00,2026-09-21 18:00:00,970.0
20260921,180000,74W,39,2026,9,21,18,23.5,150.1,97100.0,2026-09-21 18:00:00,2026-09-21 18:00:00,971.0
20260921,180000,74W,39,2026,9,21,18,24.3,149.3,97000.0,2026-09-21 18:00:00,2026-09-21 18:00:00,970.0
20260921,180000,74W,39,2026,9,21,18,24.900000000000002,148.5,96900.0,2026-09-21 18:00:00,2026-09-21 18:00:00,969.0
20260921,180000,74W,39,2026,9,21,18,25.400000000000002,147.0,96500.0,2026-09-21 18:00:00,2026-09-21 18:00:00,965.0
20260921,180000,74W,39,2026,9,21,18,25.7,146.8,97100.0,2026-09-21 18:00:00,2026-09-21 18:00:00,971.0
20260921,180000,74W,39,2026,9,21,18,26.3,145.9,96500.0,2026-09-21 18:00:00,2026-09-21 18:00:00,965.0
20260921,180000,74W,39,2026,9,21,18,26.900000000000002,145.1,96200.0,2026-09-21 18:00:00,2026-09-21 18:00:00,962.0
20260921,180000,74W,39,2026,9,21,18,27.400000000000002,144.8,95700.0,2026-09-21 18:00:00,2026-09-21 18:00:00,957.0
20260921,180000,74W,40,2026,9,21,18,13.6,154.9,101000.0,2026-09-21 18:00:00,2026-09-21 18:00:00,1010.0
20260921,180000,74W,40,2026,9,21,18,12.8,154.4,101100.0,2026-09-21 18:00:00,2026-09-21 18:00:00,1011.0
20260921,180000,74W,40,2026,9,21,18,13.9,154.6,100800.0,2026-09-21 18:00:00,2026-09-21 18:00:00,1008.0
20260921,180000,74W,40,2026,9,21,18,12.8,155.20000000000002,100900.0,2026-09-21 18:00:00,2026-09-21 18:00:00,1009.0
20260921,180000,74W,40,2026,9,21,18,13.9,156.0,101000.0,2026-09-21 18:00:00,2026-09-21 18:00:00,1010.0
20260921,180000,74W,40,2026,9,21,18,15.6,157.70000000000002,100800.0,2026-09-21 18:00:00,2026-09-21 18:00:00,1008.0
20260921,180000,74W,40,2026,9,21,18,15.9,159.70000000000002,100800.0,2026-09-21 18:00:00,2026-09-21 18:00:00,1008.0
20260921,180000,74W,40,2026,9,21,18,15.6,158.6,101000.0,2026-09-21 18:00:00,2026-09-21 18:00:00,1010.0
20260921,180000,74W,40,2026,9,21,18,15.3,156.9,100800.0,2026-09-21 18:00:00,2026-09-21 18:00:00,1008.0
20260921,180000,74W,40,2026,9,21,18,13.3,156.6,100500.0,2026-09-21 18:00:00,2026-09-21 18:00:00,1005.0
20260921,180000,74W,40,2026,9,21,18,13.6,158.9,100600.0,2026-09-21 18:00:00,2026-09-21 18:00:00,1006.0
20260921,180000,74W,40,2026,9,21,18,13.6,157.5,100400.0,2026-09-21 18:00:00,2026-09-21 18:00:00,1004.0
20260921,180000,74W,40,2026,9,21,18,13.9,159.1,100200.0,2026-09-21 18:00:00,2026-09-21 18:00:00,1002.0
20260921,180000,74W,40,2026,9,21,18,15.6,160.8,100400.0,2026-09-21 18:00:00,2026-09-21 18:00:00,1004.0
20260921,180000,74W,41,2026,9,21,18,13.3,155.5,101000.0,2026-09-21 18:00:00,2026-09-21 18:00:00,1010.0
20260921,180000,74W,41,2026,9,21,18,15.9,158.3,100900.0,2026-09-21 18:00:00,2026-09-21 18:00:00,1009.0
20260921,180000,74W,41,2026,9,21,18,15.6,158.4,100600.0,2026-09-21 18:00:00,2026-09-21 18:00:00,1006.0
20260921,180000,74W,41,2026,9,21,18,16.4,156.6,100800.0,2026-09-21 18:00:00,2026-09-21 18:00:00,1008.0
20260921,180000,74W,41,2026,9,21,18,16.4,155.8,100500.0,2026-09-21 18:00:00,2026-09-21 18:00:00,1005.0
20260921,180000,74W,41,2026,9,21,18,16.7,154.9,100500.0,2026-09-21 18:00:00,2026-09-21 18:00:00,1005.0
20260921,180000,74W,41,2026,9,21,18,16.4,153.20000000000002,100200.0,2026-09-21 18:00:00,2026-09-21 18:00:00,1002.0
20260921,180000,74W,41,2026,9,21,18,16.5,151.8,100200.0,2026-09-21 18:00:00,2026-09-21 18:00:00,1002.0
20260921,180000,74W,41,2026,9,21,18,17.3,151.0,99700.0,2026-09-21 18:00:00,2026-09-21 18:00:00,997.0
20260921,180000,74W,41,2026,9,21,18,17.3,148.70000000000002,99900.0,2026-09-21 18:00:00,2026-09-21 18:00:00,999.0
20260921,180000,74W,41,2026,9,21,18,16.7,147.6,99300.0,2026-09-21 18:00:00,2026-09-21 18:00:00,993.0
20260921,180000,74W,41,2026,9,21,18,17.0,146.8,99300.0,2026-09-21 18:00:00,2026-09-21 18:00:00,993.0
20260921,180000,74W,41,2026,9,21,18,17.8,145.9,98800.0,2026-09-21 18:00:00,2026-09-21 18:00:00,988.0
20260921,180000,74W,41,2026,9,21,18,17.8,143.70000000000002,98700.0,2026-09-21 18:00:00,2026-09-21 18:00:00,987.0
20260921,180000,74W,41,2026,9,21,18,19.0,143.1,98100.0,2026-09-21 18:00:00,2026-09-21 18:00:00,981.0
20260921,180000,74W,41,2026,9,21,18,19.8,141.4,98000.0,2026-09-21 18:00:00,2026-09-21 18:00:00,980.0
20260921,180000,74W,41,2026,9,21,18,19.5,140.3,97500.0,2026-09-21 18:00:00,2026-09-21 18:00:00,975.0
20260921,180000,74W,42,2026,9,21,18,13.0,162.20000000000002,100800.0,2026-09-21 18:00:00,2026-09-21 18:00:00,1008.0
20260921,180000,74W,42,2026,9,21,18,12.200000000000001,162.0,100800.0,2026-09-21 18:00:00,2026-09-21 18:00:00,1008.0
20260921,180000,74W,42,2026,9,21,18,11.9,161.70000000000002,101100.0,2026-09-21 18:00:00,2026-09-21 18:00:00,1011.0
20260921,180000,74W,42,2026,9,21,18,13.0,160.3,100800.0,2026-09-21 18:00:00,2026-09-21 18:00:00,1008.0
20260921,180000,74W,42,2026,9,21,18,13.9,160.8,100700.0,2026-09-21 18:00:00,2026-09-21 18:00:00,1007.0
20260921,180000,74W,42,2026,9,21,18,11.9,160.8,100800.0,2026-09-21 18:00:00,2026-09-21 18:00:00,1008.0
20260921,180000,74W,42,2026,9,21,18,11.6,163.1,100900.0,2026-09-21 18:00:00,2026-09-21 18:00:00,1009.0
20260921,180000,74W,42,2026,9,21,18,10.0,163.9,100600.0,2026-09-21 18:00:00,2026-09-21 18:00:00,1006.0
20260921,180000,74W,42,2026,9,21,18,10.0,162.8,100800.0,2026-09-21 18:00:00,2026-09-21 18:00:00,1008.0
20260921,180000,74W,42,2026,9,21,18,9.1,165.0,100800.0,2026-09-21 18:00:00,2026-09-21 18:00:00,1008.0
20260921,180000,74W,42,2026,9,21,18,8.0,165.6,100600.0,2026-09-21 18:00:00,2026-09-21 18:00:00,1006.0
20260921,180000,74W,42,2026,9,21,18,8.3,165.6,100800.0,2026-09-21 18:00:00,2026-09-21 18:00:00,1008.0
20260921,180000,74W,42,2026,9,21,18,9.1,166.20000000000002,100700.0,2026-09-21 18:00:00,2026-09-21 18:00:00,1007.0
20260921,180000,74W,42,2026,9,21,18,9.1,166.70000000000002,100800.0,2026-09-21 18:00:00,2026-09-21 18:00:00,1008.0
20260921,180000,74W,42,2026,9,21,18,6.9,167.3,100700.0,2026-09-21 18:00:00,2026-09-21 18:00:00,1007.0
20260921,180000,74W,43,2026,9,21,18,14.5,152.1,100800.0,2026-09-21 18:00:00,2026-09-21 18:00:00,1008.0
20260921,180000,74W,43,2026,9,21,18,14.200000000000001,151.70000000000002,100900.0,2026-09-21 18:00:00,2026-09-21 18:00:00,1009.0
20260921,180000,74W,43,2026,9,21,18,14.700000000000001,154.1,101000.0,2026-09-21 18:00:00,2026-09-21 18:00:00,1010.0
20260921,180000,74W,43,2026,9,21,18,15.0,156.3,101100.0,2026-09-21 18:00:00,2026-09-21 18:00:00,1011.0
20260921,180000,74W,43,2026,9,21,18,15.0,156.3,100700.0,2026-09-21 18:00:00,2026-09-21 18:00:00,1007.0
20260921,180000,74W,43,2026,9,21,18,16.4,154.9,100700.0,2026-09-21 18:00:00,2026-09-21 18:00:00,1007.0
20260921,180000,74W,43,2026,9,21,18,17.0,156.0,100900.0,2026-09-21 18:00:00,2026-09-21 18:00:00,1009.0
20260921,180000,74W,43,2026,9,21,18,16.7,155.8,100600.0,2026-09-21 18:00:00,2026-09-21 18:00:00,1006.0
20260921,180000,74W,43,2026,9,21,18,16.7,155.8,100700.0,2026-09-21 18:00:00,2026-09-21 18:00:00,1007.0
20260921,180000,74W,43,2026,9,21,18,17.0,152.4,100600.0,2026-09-21 18:00:00,2026-09-21 18:00:00,1006.0
20260921,180000,74W,43,2026,9,21,18,17.3,152.4,100400.0,2026-09-21 18:00:00,2026-09-21 18:00:00,1004.0
20260921,180000,74W,43,2026,9,21,18,17.6,151.5,100700.0,2026-09-21 18:00:00,2026-09-21 18:00:00,1007.0
20260921,180000,74W,43,2026,9,21,18,17.8,149.6,100400.0,2026-09-21 18:00:00,2026-09-21 18:00:00,1004.0
20260921,180000,74W,43,2026,9,21,18,17.8,149.3,100600.0,2026-09-21 18:00:00,2026-09-21 18:00:00,1006.0
20260921,180000,74W,43,2026,9,21,18,17.0,148.20000000000002,100200.0,2026-09-21 18:00:00,2026-09-21 18:00:00,1002.0
20260921,180000,74W,43,2026,9,21,18,16.4,148.5,100400.0,2026-09-21 18:00:00,2026-09-21 18:00:00,1004.0
20260921,180000,74W,43,2026,9,21,18,16.4,147.6,100100.0,2026-09-21 18:00:00,2026-09-21 18:00:00,1001.0
20260921,180000,74W,43,2026,9,21,18,16.1,145.6,100200.0,2026-09-21 18:00:00,2026-09-21 18:00:00,1002.0
20260921,180000,74W,43,2026,9,21,18,15.3,145.6,99900.0,2026-09-21 18:00:00,2026-09-21 18:00:00,999.0
20260921,180000,74W,43,2026,9,21,18,14.700000000000001,145.9,100100.0,2026-09-21 18:00:00,2026-09-21 18:00:00,1001.0
20260921,180000,74W,43,2026,9,21,18,15.0,147.9,99800.0,2026-09-21 18:00:00,2026-09-21 18:00:00,998.0
20260921,180000,74W,43,2026,9,21,18,15.0,148.5,99900.0,2026-09-21 18:00:00,2026-09-21 18:00:00,999.0
20260921,180000,74W,43,2026,9,21,18,16.7,149.9,99500.0,2026-09-21 18:00:00,2026-09-21 18:00:00,995.0
20260921,180000,74W,43,2026,9,21,18,17.8,149.6,99600.0,2026-09-21 18:00:00,2026-09-21 18:00:00,996.0
20260921,180000,74W,43,2026,9,21,18,19.0,149.0,99300.0,2026-09-21 18:00:00,2026-09-21 18:00:00,993.0
20260921,180000,74W,43,2026,9,21,18,19.5,147.9,99400.0,2026-09-21 18:00:00,2026-09-21 18:00:00,994.0
20260921,180000,74W,43,2026,9,21,18,20.400000000000002,146.8,99100.0,2026-09-21 18:00:00,2026-09-21 18:00:00,991.0
20260921,180000,74W,43,2026,9,21,18,20.7,145.9,99200.0,2026-09-21 18:00:00,2026-09-21 18:00:00,992.0
20260921,180000,74W,43,2026,9,21,18,21.5,145.4,99000.0,2026-09-21 18:00:00,2026-09-21 18:00:00,990.0
20260921,180000,74W,43,2026,9,21,18,22.1,145.4,99000.0,2026-09-21 18:00:00,2026-09-21 18:00:00,990.0
20260921,180000,74W,43,2026,9,21,18,23.8,144.8,98700.0,2026-09-21 18:00:00,2026-09-21 18:00:00,987.0
20260921,180000,74W,43,2026,9,21,18,24.900000000000002,144.0,98800.0,2026-09-21 18:00:00,2026-09-21 18:00:00,988.0
20260921,180000,74W,43,2026,9,21,18,26.0,144.20000000000002,98600.0,2026-09-21 18:00:00,2026-09-21 18:00:00,986.0
20260921,180000,74W,44,2026,9,21,18,15.0,167.6,100700.0,2026-09-21 18:00:00,2026-09-21 18:00:00,1007.0
20260921,180000,74W,44,2026,9,21,18,15.6,166.20000000000002,100900.0,2026-09-21 18:00:00,2026-09-21 18:00:00,1009.0
20260921,180000,74W,44,2026,9,21,18,16.4,165.0,100900.0,2026-09-21 18:00:00,2026-09-21 18:00:00,1009.0
20260921,180000,74W,45,2026,9,21,18,17.8,140.6,100800.0,2026-09-21 18:00:00,2026-09-21 18:00:00,1008.0
20260921,180000,74W,45,2026,9,21,18,18.400000000000002,138.9,100400.0,2026-09-21 18:00:00,2026-09-21 18:00:00,1004.0
20260921,180000,74W,45,2026,9,21,18,18.3,137.4,100500.0,2026-09-21 18:00:00,2026-09-21 18:00:00,1005.0
20260921,180000,74W,45,2026,9,21,18,18.7,135.8,100100.0,2026-09-21 18:00:00,2026-09-21 18:00:00,1001.0
20260921,180000,74W,45,2026,9,21,18,19.3,134.3,100000.0,2026-09-21 18:00:00,2026-09-21 18:00:00,1000.0
20260921,180000,74W,45,2026,9,21,18,19.8,133.0,99600.0,2026-09-21 18:00:00,2026-09-21 18:00:00,996.0
20260921,180000,74W,45,2026,9,21,18,20.1,132.4,99600.0,2026-09-21 18:00:00,2026-09-21 18:00:00,996.0
20260921,180000,74W,45,2026,9,21,18,20.7,131.3,99300.0,2026-09-21 18:00:00,2026-09-21 18:00:00,993.0
20260921,180000,74W,45,2026,9,21,18,22.1,131.0,99300.0,2026-09-21 18:00:00,2026-09-21 18:00:00,993.0
20260921,180000,74W,45,2026,9,21,18,23.2,130.2,98900.0,2026-09-21 18:00:00,2026-09-21 18:00:00,989.0
20260921,180000,74W,45,2026,9,21,18,24.0,130.2,99100.0,2026-09-21 18:00:00,2026-09-21 18:00:00,991.0
20260921,180000,74W,45,2026,9,21,18,24.900000000000002,129.0,99100.0,2026-09-21 18:00:00,2026-09-21 18:00:00,991.0
20260921,180000,74W,45,2026,9,21,18,25.2,129.0,99200.0,2026-09-21 18:00:00,2026-09-21 18:00:00,992.0
20260921,180000,74W,45,2026,9,21,18,25.400000000000002,129.3,98800.0,2026-09-21 18:00:00,2026-09-21 18:00:00,988.0
20260921,180000,74W,45,2026,9,21,18,25.400000000000002,129.6,99200.0,2026-09-21 18:00:00,2026-09-21 18:00:00,992.0
20260921,180000,74W,45,2026,9,21,18,25.7,129.6,98600.0,2026-09-21 18:00:00,2026-09-21 18:00:00,986.0
20260921,180000,74W,45,2026,9,21,18,25.400000000000002,130.2,98700.0,2026-09-21 18:00:00,2026-09-21 18:00:00,987.0
20260921,180000,74W,45,2026,9,21,18,25.2,131.6,98600.0,2026-09-21 18:00:00,2026-09-21 18:00:00,986.0
20260921,180000,74W,45,2026,9,21,18,25.7,132.4,98700.0,2026-09-21 18:00:00,2026-09-21 18:00:00,987.0
20260921,180000,74W,45,2026,9,21,18,26.900000000000002,132.7,99000.0,2026-09-21 18:00:00,2026-09-21 18:00:00,990.0
20260921,180000,74W,45,2026,9,21,18,27.7,133.5,98900.0,2026-09-21 18:00:00,2026-09-21 18:00:00,989.0
20260921,180000,74W,45,2026,9,21,18,28.5,134.1,98900.0,2026-09-21 18:00:00,2026-09-21 18:00:00,989.0
20260921,180000,74W,45,2026,9,21,18,29.400000000000002,134.7,98900.0,2026-09-21 18:00:00,2026-09-21 18:00:00,989.0
20260921,180000,74W,45,2026,9,21,18,29.7,135.2,98700.0,2026-09-21 18:00:00,2026-09-21 18:00:00,987.0
20260921,180000,74W,45,2026,9,21,18,30.0,136.6,98900.0,2026-09-21 18:00:00,2026-09-21 18:00:00,989.0
20260921,180000,74W,45,2026,9,21,18,30.0,137.5,99100.0,2026-09-21 18:00:00,2026-09-21 18:00:00,991.0
20260921,180000,74W,45,2026,9,21,18,30.2,138.3,99400.0,2026-09-21 18:00:00,2026-09-21 18:00:00,994.0
20260921,180000,74W,45,2026,9,21,18,30.0,139.20000000000002,99800.0,2026-09-21 18:00:00,2026-09-21 18:00:00,998.0
20260921,180000,74W,46,2026,9,21,18,12.5,168.1,100800.0,2026-09-21 18:00:00,2026-09-21 18:00:00,1008.0
20260921,180000,74W,46,2026,9,21,18,13.0,169.5,100600.0,2026-09-21 18:00:00,2026-09-21 18:00:00,1006.0
20260921,180000,74W,46,2026,9,21,18,13.6,169.3,100600.0,2026-09-21 18:00:00,2026-09-21 18:00:00,1006.0
20260921,180000,74W,46,2026,9,21,18,14.200000000000001,168.1,100400.0,2026-09-21 18:00:00,2026-09-21 18:00:00,1004.0
20260921,180000,74W,46,2026,9,21,18,14.200000000000001,167.6,100600.0,2026-09-21 18:00:00,2026-09-21 18:00:00,1006.0
20260921,180000,74W,46,2026,9,21,18,14.200000000000001,167.6,100300.0,2026-09-21 18:00:00,2026-09-21 18:00:00,1003.0
20260921,180000,74W,46,2026,9,21,18,13.9,166.70000000000002,100400.0,2026-09-21 18:00:00,2026-09-21 18:00:00,1004.0
20260921,180000,74W,46,2026,9,21,18,14.200000000000001,167.0,100200.0,2026-09-21 18:00:00,2026-09-21 18:00:00,1002.0
20260921,180000,74W,46,2026,9,21,18,14.5,167.0,100100.0,2026-09-21 18:00:00,2026-09-21 18:00:00,1001.0
20260921,180000,74W,46,2026,9,21,18,14.5,164.8,99900.0,2026-09-21 18:00:00,2026-09-21 18:00:00,999.0
20260921,180000,74W,46,2026,9,21,18,13.3,165.0,99800.0,2026-09-21 18:00:00,2026-09-21 18:00:00,998.0
20260921,180000,74W,46,2026,9,21,18,14.700000000000001,164.5,99600.0,2026-09-21 18:00:00,2026-09-21 18:00:00,996.0
20260921,180000,74W,46,2026,9,21,18,15.0,162.8,99600.0,2026-09-21 18:00:00,2026-09-21 18:00:00,996.0
20260921,180000,74W,46,2026,9,21,18,14.700000000000001,162.20000000000002,99100.0,2026-09-21 18:00:00,2026-09-21 18:00:00,991.0
20260921,180000,74W,46,2026,9,21,18,15.3,161.1,99200.0,2026-09-21 18:00:00,2026-09-21 18:00:00,992.0
20260921,180000,74W,46,2026,9,21,18,15.6,160.0,98800.0,2026-09-21 18:00:00,2026-09-21 18:00:00,988.0
20260921,180000,74W,46,2026,9,21,18,15.9,159.4,98900.0,2026-09-21 18:00:00,2026-09-21 18:00:00,989.0
20260921,180000,74W,46,2026,9,21,18,16.7,158.3,98800.0,2026-09-21 18:00:00,2026-09-21 18:00:00,988.0
20260921,180000,74W,46,2026,9,21,18,17.0,157.20000000000002,98400.0,2026-09-21 18:00:00,2026-09-21 18:00:00,984.0
20260921,180000,74W,46,2026,9,21,18,17.8,155.8,98200.0,2026-09-21 18:00:00,2026-09-21 18:00:00,982.0
20260921,180000,74W,46,2026,9,21,18,17.8,154.4,97900.0,2026-09-21 18:00:00,2026-09-21 18:00:00,979.0
20260921,180000,74W,46,2026,9,21,18,18.400000000000002,153.20000000000002,97200.0,2026-09-21 18:00:00,2026-09-21 18:00:00,972.0
20260921,180000,74W,47,2026,9,21,18,16.1,171.20000000000002,100900.0,2026-09-21 18:00:00,2026-09-21 18:00:00,1009.0
20260921,180000,74W,47,2026,9,21,18,16.7,172.4,101000.0,2026-09-21 18:00:00,2026-09-21 18:00:00,1010.0
20260921,180000,74W,47,2026,9,21,18,17.0,170.70000000000002,100900.0,2026-09-21 18:00:00,2026-09-21 18:00:00,1009.0
20260921,180000,74W,47,2026,9,21,18,16.7,168.70000000000002,100900.0,2026-09-21 18:00:00,2026-09-21 18:00:00,1009.0
20260921,180000,74W,47,2026,9,21,18,16.7,168.70000000000002,101000.0,2026-09-21 18:00:00,2026-09-21 18:00:00,1010.0
20260921,180000,74W,47,2026,9,21,18,17.8,168.70000000000002,100900.0,2026-09-21 18:00:00,2026-09-21 18:00:00,1009.0
20260921,180000,74W,47,2026,9,21,18,18.0,168.20000000000002,100700.0,2026-09-21 18:00:00,2026-09-21 18:00:00,1007.0
20260921,180000,74W,47,2026,9,21,18,17.8,168.4,100700.0,2026-09-21 18:00:00,2026-09-21 18:00:00,1007.0
20260921,180000,74W,47,2026,9,21,18,18.400000000000002,169.0,100500.0,2026-09-21 18:00:00,2026-09-21 18:00:00,1005.0
20260921,180000,74W,47,2026,9,21,18,19.2,168.1,100600.0,2026-09-21 18:00:00,2026-09-21 18:00:00,1006.0
20260921,180000,74W,47,2026,9,21,18,19.2,167.3,100400.0,2026-09-21 18:00:00,2026-09-21 18:00:00,1004.0
20260921,180000,74W,47,2026,9,21,18,19.5,166.5,100200.0,2026-09-21 18:00:00,2026-09-21 18:00:00,1002.0
20260921,180000,74W,47,2026,9,21,18,20.400000000000002,166.20000000000002,100300.0,2026-09-21 18:00:00,2026-09-21 18:00:00,1003.0
20260921,180000,74W,47,2026,9,21,18,20.6,165.6,100200.0,2026-09-21 18:00:00,2026-09-21 18:00:00,1002.0
20260921,180000,74W,47,2026,9,21,18,21.2,164.8,100200.0,2026-09-21 18:00:00,2026-09-21 18:00:00,1002.0
20260921,180000,74W,47,2026,9,21,18,20.900000000000002,163.9,100000.0,2026-09-21 18:00:00,2026-09-21 18:00:00,1000.0
20260921,180000,74W,47,2026,9,21,18,21.2,164.20000000000002,100100.0,2026-09-21 18:00:00,2026-09-21 18:00:00,1001.0
20260921,180000,74W,47,2026,9,21,18,21.8,164.8,100000.0,2026-09-21 18:00:00,2026-09-21 18:00:00,1000.0
20260921,180000,74W,47,2026,9,21,18,22.1,164.8,100200.0,2026-09-21 18:00:00,2026-09-21 18:00:00,1002.0
20260921,180000,74W,47,2026,9,21,18,22.900000000000002,164.8,99800.0,2026-09-21 18:00:00,2026-09-21 18:00:00,998.0
20260921,180000,74W,47,2026,9,21,18,22.900000000000002,164.5,99800.0,2026-09-21 18:00:00,2026-09-21 18:00:00,998.0
20260921,180000,74W,47,2026,9,21,18,22.1,163.9,99400.0,2026-09-21 18:00:00,2026-09-21 18:00:00,994.0
20260921,180000,74W,47,2026,9,21,18,22.3,163.4,99600.0,2026-09-21 18:00:00,2026-09-21 18:00:00,996.0
20260921,180000,74W,47,2026,9,21,18,22.3,162.5,99400.0,2026-09-21 18:00:00,2026-09-21 18:00:00,994.0
20260921,180000,74W,47,2026,9,21,18,22.1,161.4,99400.0,2026-09-21 18:00:00,2026-09-21 18:00:00,994.0
20260921,180000,74W,47,2026,9,21,18,21.8,161.1,99200.0,2026-09-21 18:00:00,2026-09-21 18:00:00,992.0
20260921,180000,74W,47,2026,9,21,18,22.1,160.8,99200.0,2026-09-21 18:00:00,2026-09-21 18:00:00,992.0
20260921,180000,74W,47,2026,9,21,18,22.3,159.70000000000002,98400.0,2026-09-21 18:00:00,2026-09-21 18:00:00,984.0
20260921,180000,74W,47,2026,9,21,18,22.900000000000002,158.6,98300.0,2026-09-21 18:00:00,2026-09-21 18:00:00,983.0
20260921,180000,74W,47,2026,9,21,18,22.900000000000002,158.0,97700.0,2026-09-21 18:00:00,2026-09-21 18:00:00,977.0
20260921,180000,74W,47,2026,9,21,18,23.5,157.70000000000002,97700.0,2026-09-21 18:00:00,2026-09-21 18:00:00,977.0
20260921,180000,74W,47,2026,9,21,18,24.3,156.9,97300.0,2026-09-21 18:00:00,2026-09-21 18:00:00,973.0
20260921,180000,74W,47,2026,9,21,18,24.900000000000002,156.0,97100.0,2026-09-21 18:00:00,2026-09-21 18:00:00,971.0
20260921,180000,74W,47,2026,9,21,18,25.7,155.8,97000.0,2026-09-21 18:00:00,2026-09-21 18:00:00,970.0
20260921,180000,74W,47,2026,9,21,18,26.6,155.5,96700.0,2026-09-21 18:00:00,2026-09-21 18:00:00,967.0
20260921,180000,74W,47,2026,9,21,18,27.400000000000002,155.20000000000002,97200.0,2026-09-21 18:00:00,2026-09-21 18:00:00,972.0
20260921,180000,74W,47,2026,9,21,18,28.3,156.0,96800.0,2026-09-21 18:00:00,2026-09-21 18:00:00,968.0
20260921,180000,74W,47,2026,9,21,18,29.7,157.20000000000002,97000.0,2026-09-21 18:00:00,2026-09-21 18:00:00,970.0
20260921,180000,74W,47,2026,9,21,18,30.5,159.1,97300.0,2026-09-21 18:00:00,2026-09-21 18:00:00,973.0
20260921,180000,74W,47,2026,9,21,18,31.6,161.4,97600.0,2026-09-21 18:00:00,2026-09-21 18:00:00,976.0
20260921,180000,74W,48,2026,9,21,18,18.1,149.3,100900.0,2026-09-21 18:00:00,2026-09-21 18:00:00,1009.0
20260921,180000,74W,48,2026,9,21,18,18.400000000000002,149.0,101100.0,2026-09-21 18:00:00,2026-09-21 18:00:00,1011.0
20260921,180000,74W,48,2026,9,21,18,18.1,148.4,101000.0,2026-09-21 18:00:00,2026-09-21 18:00:00,1010.0
20260921,180000,74W,48,2026,9,21,18,18.7,148.5,100700.0,2026-09-21 18:00:00,2026-09-21 18:00:00,1007.0
20260921,180000,74W,48,2026,9,21,18,18.1,146.5,100500.0,2026-09-21 18:00:00,2026-09-21 18:00:00,1005.0
20260921,180000,74W,48,2026,9,21,18,17.8,146.5,100500.0,2026-09-21 18:00:00,2026-09-21 18:00:00,1005.0
20260921,180000,74W,48,2026,9,21,18,17.8,145.4,100200.0,2026-09-21 18:00:00,2026-09-21 18:00:00,1002.0
20260921,180000,74W,48,2026,9,21,18,16.7,144.5,100200.0,2026-09-21 18:00:00,2026-09-21 18:00:00,1002.0
20260921,180000,74W,48,2026,9,21,18,16.4,144.5,99700.0,2026-09-21 18:00:00,2026-09-21 18:00:00,997.0
20260921,180000,74W,48,2026,9,21,18,17.0,144.20000000000002,99600.0,2026-09-21 18:00:00,2026-09-21 18:00:00,996.0
20260921,180000,74W,48,2026,9,21,18,17.3,144.20000000000002,99200.0,2026-09-21 18:00:00,2026-09-21 18:00:00,992.0
20260921,180000,74W,48,2026,9,21,18,17.8,144.0,99200.0,2026-09-21 18:00:00,2026-09-21 18:00:00,992.0
20260921,180000,74W,48,2026,9,21,18,17.8,144.20000000000002,98800.0,2026-09-21 18:00:00,2026-09-21 18:00:00,988.0
20260921,180000,74W,48,2026,9,21,18,19.0,144.20000000000002,98600.0,2026-09-21 18:00:00,2026-09-21 18:00:00,986.0
20260921,180000,74W,48,2026,9,21,18,19.7,145.0,98000.0,2026-09-21 18:00:00,2026-09-21 18:00:00,980.0
20260921,180000,74W,48,2026,9,21,18,20.900000000000002,145.1,97700.0,2026-09-21 18:00:00,2026-09-21 18:00:00,977.0
20260921,180000,74W,48,2026,9,21,18,22.3,145.9,97200.0,2026-09-21 18:00:00,2026-09-21 18:00:00,972.0
20260921,180000,74W,48,2026,9,21,18,23.2,146.20000000000002,97600.0,2026-09-21 18:00:00,2026-09-21 18:00:00,976.0
20260921,180000,74W,48,2026,9,21,18,24.3,146.8,97100.0,2026-09-21 18:00:00,2026-09-21 18:00:00,971.0
20260921,180000,74W,48,2026,9,21,18,25.7,147.0,96900.0,2026-09-21 18:00:00,2026-09-21 18:00:00,969.0
20260921,180000,74W,48,2026,9,21,18,26.6,147.6,96600.0,2026-09-21 18:00:00,2026-09-21 18:00:00,966.0
20260921,180000,74W,48,2026,9,21,18,27.1,147.9,96800.0,2026-09-21 18:00:00,2026-09-21 18:00:00,968.0
20260921,180000,74W,48,2026,9,21,18,28.3,148.20000000000002,96600.0,2026-09-21 18:00:00,2026-09-21 18:00:00,966.0
20260921,180000,74W,48,2026,9,21,18,29.1,148.70000000000002,96800.0,2026-09-21 18:00:00,2026-09-21 18:00:00,968.0
20260921,180000,74W,48,2026,9,21,18,30.2,148.70000000000002,96500.0,2026-09-21 18:00:00,2026-09-21 18:00:00,965.0
20260921,180000,74W,48,2026,9,21,18,31.900000000000002,149.6,96800.0,2026-09-21 18:00:00,2026-09-21 18:00:00,968.0
20260921,180000,74W,48,2026,9,21,18,33.6,150.1,96800.0,2026-09-21 18:00:00,2026-09-21 18:00:00,968.0
20260921,180000,74W,48,2026,9,21,18,35.6,151.5,97300.0,2026-09-21 18:00:00,2026-09-21 18:00:00,973.0
20260921,180000,74W,48,2026,9,21,18,38.1,152.4,97000.0,2026-09-21 18:00:00,2026-09-21 18:00:00,970.0
20260921,180000,74W,48,2026,9,21,18,40.7,154.1,97100.0,2026-09-21 18:00:00,2026-09-21 18:00:00,971.0
20260921,180000,74W,48,2026,9,21,18,43.2,155.8,96700.0,2026-09-21 18:00:00,2026-09-21 18:00:00,967.0
20260921,180000,74W,49,2026,9,21,18,14.700000000000001,164.20000000000002,101000.0,2026-09-21 18:00:00,2026-09-21 18:00:00,1010.0
20260921,180000,74W,49,2026,9,21,18,15.0,164.8,100800.0,2026-09-21 18:00:00,2026-09-21 18:00:00,1008.0
20260921,180000,74W,49,2026,9,21,18,14.5,165.6,100900.0,2026-09-21 18:00:00,2026-09-21 18:00:00,1009.0
20260921,180000,74W,49,2026,9,21,18,15.6,165.9,100800.0,2026-09-21 18:00:00,2026-09-21 18:00:00,1008.0
20260921,180000,74W,49,2026,9,21,18,16.1,165.0,100900.0,2026-09-21 18:00:00,2026-09-21 18:00:00,1009.0
20260921,180000,74W,49,2026,9,21,18,16.1,164.5,100800.0,2026-09-21 18:00:00,2026-09-21 18:00:00,1008.0
20260921,180000,74W,49,2026,9,21,18,16.2,164.8,100800.0,2026-09-21 18:00:00,2026-09-21 18:00:00,1008.0
20260921,180000,74W,49,2026,9,21,18,17.0,163.9,100500.0,2026-09-21 18:00:00,2026-09-21 18:00:00,1005.0
20260921,180000,74W,49,2026,9,21,18,16.4,162.8,100700.0,2026-09-21 18:00:00,2026-09-21 18:00:00,1007.0
20260921,180000,74W,49,2026,9,21,18,16.4,162.5,100400.0,2026-09-21 18:00:00,2026-09-21 18:00:00,1004.0
20260921,180000,74W,49,2026,9,21,18,16.4,163.1,100400.0,2026-09-21 18:00:00,2026-09-21 18:00:00,1004.0
20260921,180000,74W,49,2026,9,21,18,16.5,164.4,100300.0,2026-09-21 18:00:00,2026-09-21 18:00:00,1003.0
20260921,180000,74W,49,2026,9,21,18,16.7,164.8,100300.0,2026-09-21 18:00:00,2026-09-21 18:00:00,1003.0
20260921,180000,74W,49,2026,9,21,18,17.3,165.3,99900.0,2026-09-21 18:00:00,2026-09-21 18:00:00,999.0
20260921,180000,74W,49,2026,9,21,18,16.3,165.9,100100.0,2026-09-21 18:00:00,2026-09-21 18:00:00,1001.0
20260921,180000,74W,49,2026,9,21,18,17.8,167.0,99700.0,2026-09-21 18:00:00,2026-09-21 18:00:00,997.0
20260921,180000,74W,49,2026,9,21,18,18.1,166.70000000000002,99500.0,2026-09-21 18:00:00,2026-09-21 18:00:00,995.0
20260921,180000,74W,49,2026,9,21,18,18.400000000000002,167.0,99000.0,2026-09-21 18:00:00,2026-09-21 18:00:00,990.0
20260921,180000,74W,49,2026,9,21,18,19.0,166.5,98800.0,2026-09-21 18:00:00,2026-09-21 18:00:00,988.0
20260921,180000,74W,49,2026,9,21,18,19.8,165.6,98900.0,2026-09-21 18:00:00,2026-09-21 18:00:00,989.0
20260921,180000,74W,49,2026,9,21,18,20.1,164.20000000000002,98600.0,2026-09-21 18:00:00,2026-09-21 18:00:00,986.0
20260921,180000,74W,49,2026,9,21,18,20.400000000000002,163.1,98600.0,2026-09-21 18:00:00,2026-09-21 18:00:00,986.0
20260921,180000,74W,49,2026,9,21,18,21.5,160.8,98900.0,2026-09-21 18:00:00,2026-09-21 18:00:00,989.0
20260921,180000,74W,49,2026,9,21,18,21.2,159.1,98500.0,2026-09-21 18:00:00,2026-09-21 18:00:00,985.0
20260921,180000,74W,49,2026,9,21,18,21.2,157.5,97900.0,2026-09-21 18:00:00,2026-09-21 18:00:00,979.0
20260921,180000,74W,49,2026,9,21,18,21.5,156.0,97400.0,2026-09-21 18:00:00,2026-09-21 18:00:00,974.0
20260921,180000,74W,49,2026,9,21,18,22.1,154.9,97100.0,2026-09-21 18:00:00,2026-09-21 18:00:00,971.0
20260921,180000,74W,49,2026,9,21,18,22.6,153.20000000000002,97000.0,2026-09-21 18:00:00,2026-09-21 18:00:00,970.0
20260921,180000,74W,49,2026,9,21,18,22.900000000000002,152.1,96700.0,2026-09-21 18:00:00,2026-09-21 18:00:00,967.0
20260921,180000,74W,49,2026,9,21,18,23.5,151.0,96800.0,2026-09-21 18:00:00,2026-09-21 18:00:00,968.0
20260921,180000,74W,49,2026,9,21,18,23.8,150.1,96700.0,2026-09-21 18:00:00,2026-09-21 18:00:00,967.0
20260921,180000,74W,49,2026,9,21,18,24.0,149.3,96300.0,2026-09-21 18:00:00,2026-09-21 18:00:00,963.0
20260921,180000,74W,49,2026,9,21,18,24.0,148.70000000000002,95700.0,2026-09-21 18:00:00,2026-09-21 18:00:00,957.0
20260921,180000,74W,49,2026,9,21,18,24.0,148.5,95600.0,2026-09-21 18:00:00,2026-09-21 18:00:00,956.0
20260921,180000,74W,50,2026,9,21,18,27.1,167.3,100900.0,2026-09-21 18:00:00,2026-09-21 18:00:00,1009.0
20260921,180000,74W,50,2026,9,21,18,30.0,168.4,101100.0,2026-09-21 18:00:00,2026-09-21 18:00:00,1011.0
20260921,180000,74W,50,2026,9,21,18,31.6,169.3,100800.0,2026-09-21 18:00:00,2026-09-21 18:00:00,1008.0
20260921,180000,74W,50,2026,9,21,18,33.0,170.1,101000.0,2026-09-21 18:00:00,2026-09-21 18:00:00,1010.0
20260921,180000,74W,50,2026,9,21,18,34.5,171.0,101000.0,2026-09-21 18:00:00,2026-09-21 18:00:00,1010.0
20260921,180000,74W,50,2026,9,21,18,35.0,171.0,101200.0,2026-09-21 18:00:00,2026-09-21 18:00:00,1012.0
20260921,180000,74W,50,2026,9,21,18,35.6,171.20000000000002,101200.0,2026-09-21 18:00:00,2026-09-21 18:00:00,1012.0
20260921,180000,74W,50,2026,9,21,18,36.1,171.8,101300.0,2026-09-21 18:00:00,2026-09-21 18:00:00,1013.0
20260921,180000,74W,50,2026,9,21,18,37.0,172.4,101200.0,2026-09-21 18:00:00,2026-09-21 18:00:00,1012.0
20260921,180000,74W,50,2026,9,21,18,38.9,173.3,101200.0,2026-09-21 18:00:00,2026-09-21 18:00:00,1012.0
20260921,180000,74W,51,2026,9,21,18,14.200000000000001,147.9,101100.0,2026-09-21 18:00:00,2026-09-21 18:00:00,1011.0
20260921,180000,74W,51,2026,9,21,18,13.6,148.5,100900.0,2026-09-21 18:00:00,2026-09-21 18:00:00,1009.0
20260921,180000,74W,51,2026,9,21,18,15.0,149.9,101000.0,2026-09-21 18:00:00,2026-09-21 18:00:00,1010.0
20260921,180000,74W,51,2026,9,21,18,17.0,150.4,100900.0,2026-09-21 18:00:00,2026-09-21 18:00:00,1009.0
20260921,180000,74W,51,2026,9,21,18,16.7,148.5,101000.0,2026-09-21 18:00:00,2026-09-21 18:00:00,1010.0
20260921,180000,74W,51,2026,9,21,18,17.6,146.8,100700.0,2026-09-21 18:00:00,2026-09-21 18:00:00,1007.0
20260921,180000,75W,2,2026,9,21,18,14.700000000000001,148.70000000000002,101200.0,2026-09-21 18:00:00,2026-09-21 18:00:00,1012.0
20260921,180000,75W,2,2026,9,21,18,15.3,149.0,101000.0,2026-09-21 18:00:00,2026-09-21 18:00:00,1010.0
20260921,180000,75W,2,2026,9,21,18,14.5,148.5,101000.0,2026-09-21 18:00:00,2026-09-21 18:00:00,1010.0
20260921,180000,75W,2,2026,9,21,18,15.5,149.8,100700.0,2026-09-21 18:00:00,2026-09-21 18:00:00,1007.0
20260921,180000,75W,2,2026,9,21,18,16.1,149.6,100900.0,2026-09-21 18:00:00,2026-09-21 18:00:00,1009.0
20260921,180000,75W,2,2026,9,21,18,16.1,148.5,100700.0,2026-09-21 18:00:00,2026-09-21 18:00:00,1007.0
20260921,180000,75W,2,2026,9,21,18,17.3,149.3,100800.0,2026-09-21 18:00:00,2026-09-21 18:00:00,1008.0
20260921,180000,75W,2,2026,9,21,18,16.7,149.0,100500.0,2026-09-21 18:00:00,2026-09-21 18:00:00,1005.0
20260921,180000,75W,2,2026,9,21,18,18.1,148.20000000000002,100800.0,2026-09-21 18:00:00,2026-09-21 18:00:00,1008.0
20260921,180000,75W,2,2026,9,21,18,17.8,148.20000000000002,100400.0,2026-09-21 18:00:00,2026-09-21 18:00:00,1004.0
20260921,180000,75W,2,2026,9,21,18,18.400000000000002,146.8,100600.0,2026-09-21 18:00:00,2026-09-21 18:00:00,1006.0
20260921,180000,75W,2,2026,9,21,18,19.2,145.6,100300.0,2026-09-21 18:00:00,2026-09-21 18:00:00,1003.0
20260921,180000,75W,2,2026,9,21,18,19.0,145.1,100500.0,2026-09-21 18:00:00,2026-09-21 18:00:00,1005.0
20260921,180000,75W,2,2026,9,21,18,19.0,144.5,100200.0,2026-09-21 18:00:00,2026-09-21 18:00:00,1002.0
20260921,180000,75W,2,2026,9,21,18,18.900000000000002,144.1,100300.0,2026-09-21 18:00:00,2026-09-21 18:00:00,1003.0
20260921,180000,75W,2,2026,9,21,18,18.400000000000002,144.5,100000.0,2026-09-21 18:00:00,2026-09-21 18:00:00,1000.0
20260921,180000,75W,2,2026,9,21,18,19.1,143.9,100100.0,2026-09-21 18:00:00,2026-09-21 18:00:00,1001.0
20260921,180000,75W,2,2026,9,21,18,18.6,143.8,99900.0,2026-09-21 18:00:00,2026-09-21 18:00:00,999.0
20260921,180000,75W,2,2026,9,21,18,18.7,144.1,100000.0,2026-09-21 18:00:00,2026-09-21 18:00:00,1000.0
20260921,180000,75W,2,2026,9,21,18,18.400000000000002,145.4,99500.0,2026-09-21 18:00:00,2026-09-21 18:00:00,995.0
20260921,180000,75W,2,2026,9,21,18,19.8,145.4,99700.0,2026-09-21 18:00:00,2026-09-21 18:00:00,997.0
20260921,180000,75W,2,2026,9,21,18,19.2,144.5,99200.0,2026-09-21 18:00:00,2026-09-21 18:00:00,992.0
20260921,180000,75W,2,2026,9,21,18,19.5,145.6,99000.0,2026-09-21 18:00:00,2026-09-21 18:00:00,990.0
20260921,180000,75W,2,2026,9,21,18,20.1,145.9,98600.0,2026-09-21 18:00:00,2026-09-21 18:00:00,986.0
20260921,180000,75W,2,2026,9,21,18,20.900000000000002,145.9,98800.0,2026-09-21 18:00:00,2026-09-21 18:00:00,988.0
20260921,180000,75W,2,2026,9,21,18,21.400000000000002,146.1,98400.0,2026-09-21 18:00:00,2026-09-21 18:00:00,984.0
20260921,180000,75W,2,2026,9,21,18,22.6,146.20000000000002,98200.0,2026-09-21 18:00:00,2026-09-21 18:00:00,982.0
20260921,180000,75W,2,2026,9,21,18,22.900000000000002,146.3,97900.0,2026-09-21 18:00:00,2026-09-21 18:00:00,979.0
20260921,180000,75W,2,2026,9,21,18,23.5,146.20000000000002,97200.0,2026-09-21 18:00:00,2026-09-21 18:00:00,972.0
20260921,180000,75W,2,2026,9,21,18,23.8,146.5,96900.0,2026-09-21 18:00:00,2026-09-21 18:00:00,969.0
20260921,180000,75W,2,2026,9,21,18,23.8,146.5,96800.0,2026-09-21 18:00:00,2026-09-21 18:00:00,968.0
20260921,180000,75W,2,2026,9,21,18,23.8,146.8,96400.0,2026-09-21 18:00:00,2026-09-21 18:00:00,964.0
20260921,180000,75W,2,2026,9,21,18,23.8,147.3,96100.0,2026-09-21 18:00:00,2026-09-21 18:00:00,961.0
20260921,180000,75W,2,2026,9,21,18,24.0,147.6,95900.0,2026-09-21 18:00:00,2026-09-21 18:00:00,959.0
20260921,180000,75W,3,2026,9,21,18,18.400000000000002,177.4,101000.0,2026-09-21 18:00:00,2026-09-21 18:00:00,1010.0
20260921,180000,75W,3,2026,9,21,18,19.2,176.9,100800.0,2026-09-21 18:00:00,2026-09-21 18:00:00,1008.0
20260921,180000,75W,3,2026,9,21,18,19.8,176.0,100900.0,2026-09-21 18:00:00,2026-09-21 18:00:00,1009.0
20260921,180000,75W,3,2026,9,21,18,20.7,175.20000000000002,100800.0,2026-09-21 18:00:00,2026-09-21 18:00:00,1008.0
20260921,180000,75W,3,2026,9,21,18,20.900000000000002,174.9,100900.0,2026-09-21 18:00:00,2026-09-21 18:00:00,1009.0
20260921,180000,75W,3,2026,9,21,18,21.2,174.3,100800.0,2026-09-21 18:00:00,2026-09-21 18:00:00,1008.0
20260921,180000,75W,3,2026,9,21,18,21.5,173.8,100900.0,2026-09-21 18:00:00,2026-09-21 18:00:00,1009.0
20260921,180000,75W,3,2026,9,21,18,22.3,173.20000000000002,100800.0,2026-09-21 18:00:00,2026-09-21 18:00:00,1008.0
20260921,180000,75W,3,2026,9,21,18,23.5,172.1,101000.0,2026-09-21 18:00:00,2026-09-21 18:00:00,1010.0
20260921,180000,75W,3,2026,9,21,18,26.0,170.4,101000.0,2026-09-21 18:00:00,2026-09-21 18:00:00,1010.0
20260921,180000,75W,3,2026,9,21,18,26.6,169.8,100800.0,2026-09-21 18:00:00,2026-09-21 18:00:00,1008.0
20260921,180000,75W,5,2026,9,21,18,17.3,171.5,100800.0,2026-09-21 18:00:00,2026-09-21 18:00:00,1008.0
20260921,180000,75W,5,2026,9,21,18,17.3,172.6,100900.0,2026-09-21 18:00:00,2026-09-21 18:00:00,1009.0
20260921,180000,75W,5,2026,9,21,18,19.8,172.6,100800.0,2026-09-21 18:00:00,2026-09-21 18:00:00,1008.0
20260921,180000,75W,5,2026,9,21,18,20.900000000000002,171.20000000000002,100800.0,2026-09-21 18:00:00,2026-09-21 18:00:00,1008.0
20260921,180000,75W,5,2026,9,21,18,21.5,170.4,100700.0,2026-09-21 18:00:00,2026-09-21 18:00:00,1007.0
20260921,180000,75W,5,2026,9,21,18,22.1,169.8,100900.0,2026-09-21 18:00:00,2026-09-21 18:00:00,1009.0
20260921,180000,75W,5,2026,9,21,18,23.2,169.6,100800.0,2026-09-21 18:00:00,2026-09-21 18:00:00,1008.0
20260921,180000,75W,5,2026,9,21,18,24.900000000000002,169.0,100900.0,2026-09-21 18:00:00,2026-09-21 18:00:00,1009.0
20260921,180000,75W,5,2026,9,21,18,25.400000000000002,168.4,100800.0,2026-09-21 18:00:00,2026-09-21 18:00:00,1008.0
20260921,180000,75W,5,2026,9,21,18,26.3,168.4,100900.0,2026-09-21 18:00:00,2026-09-21 18:00:00,1009.0
20260921,180000,75W,5,2026,9,21,18,27.7,168.70000000000002,100800.0,2026-09-21 18:00:00,2026-09-21 18:00:00,1008.0
20260921,180000,75W,5,2026,9,21,18,29.0,169.20000000000002,100900.0,2026-09-21 18:00:00,2026-09-21 18:00:00,1009.0
20260921,180000,75W,5,2026,9,21,18,32.8,171.8,101000.0,2026-09-21 18:00:00,2026-09-21 18:00:00,1010.0
20260921,180000,75W,5,2026,9,21,18,33.6,173.20000000000002,100800.0,2026-09-21 18:00:00,2026-09-21 18:00:00,1008.0
20260921,180000,75W,6,2026,9,21,18,13.6,143.70000000000002,101000.0,2026-09-21 18:00:00,2026-09-21 18:00:00,1010.0
20260921,180000,75W,6,2026,9,21,18,13.0,144.20000000000002,100800.0,2026-09-21 18:00:00,2026-09-21 18:00:00,1008.0
20260921,180000,75W,6,2026,9,21,18,14.200000000000001,144.20000000000002,101000.0,2026-09-21 18:00:00,2026-09-21 18:00:00,1010.0
20260921,180000,75W,6,2026,9,21,18,14.5,145.1,100800.0,2026-09-21 18:00:00,2026-09-21 18:00:00,1008.0
20260921,180000,75W,6,2026,9,21,18,13.9,145.1,101000.0,2026-09-21 18:00:00,2026-09-21 18:00:00,1010.0
20260921,180000,75W,6,2026,9,21,18,16.1,145.1,100900.0,2026-09-21 18:00:00,2026-09-21 18:00:00,1009.0
20260921,180000,75W,6,2026,9,21,18,14.5,146.20000000000002,100700.0,2026-09-21 18:00:00,2026-09-21 18:00:00,1007.0
20260921,180000,75W,6,2026,9,21,18,15.6,145.6,100900.0,2026-09-21 18:00:00,2026-09-21 18:00:00,1009.0
20260921,180000,75W,6,2026,9,21,18,15.6,145.6,100600.0,2026-09-21 18:00:00,2026-09-21 18:00:00,1006.0
20260921,180000,75W,6,2026,9,21,18,16.4,145.9,100900.0,2026-09-21 18:00:00,2026-09-21 18:00:00,1009.0
20260921,180000,75W,6,2026,9,21,18,14.700000000000001,143.4,100600.0,2026-09-21 18:00:00,2026-09-21 18:00:00,1006.0
20260921,180000,75W,6,2026,9,21,18,15.0,144.8,100900.0,2026-09-21 18:00:00,2026-09-21 18:00:00,1009.0
20260921,180000,75W,6,2026,9,21,18,14.5,143.1,100800.0,2026-09-21 18:00:00,2026-09-21 18:00:00,1008.0
20260921,180000,75W,6,2026,9,21,18,14.5,143.70000000000002,100500.0,2026-09-21 18:00:00,2026-09-21 18:00:00,1005.0
20260921,180000,75W,6,2026,9,21,18,14.700000000000001,144.8,100700.0,2026-09-21 18:00:00,2026-09-21 18:00:00,1007.0
20260921,180000,75W,6,2026,9,21,18,14.200000000000001,143.1,100300.0,2026-09-21 18:00:00,2026-09-21 18:00:00,1003.0
20260921,180000,75W,6,2026,9,21,18,14.5,143.70000000000002,100600.0,2026-09-21 18:00:00,2026-09-21 18:00:00,1006.0
20260921,180000,75W,6,2026,9,21,18,14.700000000000001,144.8,100400.0,2026-09-21 18:00:00,2026-09-21 18:00:00,1004.0
20260921,180000,75W,6,2026,9,21,18,14.5,146.20000000000002,100500.0,2026-09-21 18:00:00,2026-09-21 18:00:00,1005.0
20260921,180000,75W,6,2026,9,21,18,16.0,147.1,100200.0,2026-09-21 18:00:00,2026-09-21 18:00:00,1002.0
20260921,180000,75W,6,2026,9,21,18,15.9,147.9,100400.0,2026-09-21 18:00:00,2026-09-21 18:00:00,1004.0
20260921,180000,75W,6,2026,9,21,18,16.4,148.5,100200.0,2026-09-21 18:00:00,2026-09-21 18:00:00,1002.0
20260921,180000,75W,6,2026,9,21,18,17.3,149.9,100300.0,2026-09-21 18:00:00,2026-09-21 18:00:00,1003.0
20260921,180000,75W,6,2026,9,21,18,17.0,151.0,100000.0,2026-09-21 18:00:00,2026-09-21 18:00:00,1000.0
20260921,180000,75W,6,2026,9,21,18,17.3,152.70000000000002,100200.0,2026-09-21 18:00:00,2026-09-21 18:00:00,1002.0
20260921,180000,75W,6,2026,9,21,18,17.8,154.4,100000.0,2026-09-21 18:00:00,2026-09-21 18:00:00,1000.0
20260921,180000,75W,6,2026,9,21,18,19.0,156.0,100100.0,2026-09-21 18:00:00,2026-09-21 18:00:00,1001.0
20260921,180000,75W,6,2026,9,21,18,20.1,157.70000000000002,99800.0,2026-09-21 18:00:00,2026-09-21 18:00:00,998.0
20260921,180000,75W,6,2026,9,21,18,21.2,159.1,100000.0,2026-09-21 18:00:00,2026-09-21 18:00:00,1000.0
20260921,180000,75W,6,2026,9,21,18,22.1,160.3,100000.0,2026-09-21 18:00:00,2026-09-21 18:00:00,1000.0
20260921,180000,75W,8,2026,9,21,18,11.1,159.70000000000002,101200.0,2026-09-21 18:00:00,2026-09-21 18:00:00,1012.0
20260921,180000,75W,8,2026,9,21,18,13.0,162.0,101000.0,2026-09-21 18:00:00,2026-09-21 18:00:00,1010.0
20260921,180000,75W,8,2026,9,21,18,13.9,162.5,101200.0,2026-09-21 18:00:00,2026-09-21 18:00:00,1012.0
20260921,180000,75W,8,2026,9,21,18,13.3,163.6,101100.0,2026-09-21 18:00:00,2026-09-21 18:00:00,1011.0
20260921,180000,75W,8,2026,9,21,18,13.3,163.9,101200.0,2026-09-21 18:00:00,2026-09-21 18:00:00,1012.0
20260921,180000,75W,8,2026,9,21,18,12.5,165.3,100900.0,2026-09-21 18:00:00,2026-09-21 18:00:00,1009.0
20260921,180000,75W,10,2026,9,21,18,13.3,135.8,101000.0,2026-09-21 18:00:00,2026-09-21 18:00:00,1010.0
20260921,180000,75W,10,2026,9,21,18,12.8,135.0,101300.0,2026-09-21 18:00:00,2026-09-21 18:00:00,1013.0
20260921,180000,75W,10,2026,9,21,18,13.0,137.5,100900.0,2026-09-21 18:00:00,2026-09-21 18:00:00,1009.0
20260921,180000,75W,10,2026,9,21,18,13.0,134.1,100900.0,2026-09-21 18:00:00,2026-09-21 18:00:00,1009.0
20260921,180000,75W,10,2026,9,21,18,13.0,132.4,101100.0,2026-09-21 18:00:00,2026-09-21 18:00:00,1011.0
20260921,180000,75W,10,2026,9,21,18,12.5,132.4,101000.0,2026-09-21 18:00:00,2026-09-21 18:00:00,1010.0
20260921,180000,75W,10,2026,9,21,18,13.3,133.5,100800.0,2026-09-21 18:00:00,2026-09-21 18:00:00,1008.0
20260921,180000,75W,10,2026,9,21,18,11.1,132.7,100800.0,2026-09-21 18:00:00,2026-09-21 18:00:00,1008.0
20260921,180000,75W,10,2026,9,21,18,12.5,132.4,101000.0,2026-09-21 18:00:00,2026-09-21 18:00:00,1010.0
20260921,180000,75W,10,2026,9,21,18,13.6,130.7,100800.0,2026-09-21 18:00:00,2026-09-21 18:00:00,1008.0
20260921,180000,75W,10,2026,9,21,18,12.8,130.5,101000.0,2026-09-21 18:00:00,2026-09-21 18:00:00,1010.0
20260921,180000,75W,10,2026,9,21,18,13.0,129.3,100800.0,2026-09-21 18:00:00,2026-09-21 18:00:00,1008.0
20260921,180000,75W,10,2026,9,21,18,13.0,129.3,100600.0,2026-09-21 18:00:00,2026-09-21 18:00:00,1006.0
20260921,180000,75W,10,2026,9,21,18,13.6,130.2,100800.0,2026-09-21 18:00:00,2026-09-21 18:00:00,1008.0
20260921,180000,75W,11,2026,9,21,18,19.0,160.8,100500.0,2026-09-21 18:00:00,2026-09-21 18:00:00,1005.0
20260921,180000,75W,11,2026,9,21,18,18.7,162.20000000000002,100600.0,2026-09-21 18:00:00,2026-09-21 18:00:00,1006.0
20260921,180000,75W,11,2026,9,21,18,20.400000000000002,159.70000000000002,100200.0,2026-09-21 18:00:00,2026-09-21 18:00:00,1002.0
20260921,180000,75W,11,2026,9,21,18,20.7,158.0,100200.0,2026-09-21 18:00:00,2026-09-21 18:00:00,1002.0
20260921,180000,75W,11,2026,9,21,18,20.400000000000002,156.6,100000.0,2026-09-21 18:00:00,2026-09-21 18:00:00,1000.0
20260921,180000,75W,12,2026,9,21,18,16.7,168.4,100900.0,2026-09-21 18:00:00,2026-09-21 18:00:00,1009.0
20260921,180000,75W,12,2026,9,21,18,15.3,169.8,100700.0,2026-09-21 18:00:00,2026-09-21 18:00:00,1007.0
20260921,180000,75W,12,2026,9,21,18,16.4,169.3,100800.0,2026-09-21 18:00:00,2026-09-21 18:00:00,1008.0
20260921,180000,75W,12,2026,9,21,18,17.0,169.0,100600.0,2026-09-21 18:00:00,2026-09-21 18:00:00,1006.0
20260921,180000,75W,12,2026,9,21,18,17.3,168.4,100700.0,2026-09-21 18:00:00,2026-09-21 18:00:00,1007.0
20260921,180000,75W,12,2026,9,21,18,17.3,168.4,100600.0,2026-09-21 18:00:00,2026-09-21 18:00:00,1006.0
20260921,180000,75W,12,2026,9,21,18,17.8,167.6,100700.0,2026-09-21 18:00:00,2026-09-21 18:00:00,1007.0
20260921,180000,75W,12,2026,9,21,18,18.1,166.70000000000002,100500.0,2026-09-21 18:00:00,2026-09-21 18:00:00,1005.0
20260921,180000,75W,12,2026,9,21,18,18.1,165.6,100600.0,2026-09-21 18:00:00,2026-09-21 18:00:00,1006.0
20260921,180000,75W,12,2026,9,21,18,18.7,164.8,100500.0,2026-09-21 18:00:00,2026-09-21 18:00:00,1005.0
20260921,180000,75W,12,2026,9,21,18,18.7,163.9,100700.0,2026-09-21 18:00:00,2026-09-21 18:00:00,1007.0
20260921,180000,75W,12,2026,9,21,18,18.7,162.5,100500.0,2026-09-21 18:00:00,2026-09-21 18:00:00,1005.0
20260921,180000,75W,12,2026,9,21,18,18.7,160.5,100700.0,2026-09-21 18:00:00,2026-09-21 18:00:00,1007.0
20260921,180000,75W,12,2026,9,21,18,18.400000000000002,158.9,100500.0,2026-09-21 18:00:00,2026-09-21 18:00:00,1005.0
20260921,180000,75W,12,2026,9,21,18,18.7,158.3,100500.0,2026-09-21 18:00:00,2026-09-21 18:00:00,1005.0
20260921,180000,75W,12,2026,9,21,18,17.0,156.9,100000.0,2026-09-21 18:00:00,2026-09-21 18:00:00,1000.0
20260921,180000,75W,12,2026,9,21,18,16.7,156.9,99700.0,2026-09-21 18:00:00,2026-09-21 18:00:00,997.0
20260921,180000,75W,12,2026,9,21,18,16.7,156.3,99400.0,2026-09-21 18:00:00,2026-09-21 18:00:00,994.0
20260921,180000,75W,12,2026,9,21,18,16.1,155.8,99500.0,2026-09-21 18:00:00,2026-09-21 18:00:00,995.0
20260921,180000,75W,12,2026,9,21,18,16.1,155.8,98900.0,2026-09-21 18:00:00,2026-09-21 18:00:00,989.0
20260921,180000,75W,12,2026,9,21,18,16.1,155.8,98600.0,2026-09-21 18:00:00,2026-09-21 18:00:00,986.0
20260921,180000,75W,12,2026,9,21,18,16.4,155.5,97700.0,2026-09-21 18:00:00,2026-09-21 18:00:00,977.0
20260921,180000,75W,12,2026,9,21,18,16.4,154.9,97700.0,2026-09-21 18:00:00,2026-09-21 18:00:00,977.0
20260921,180000,75W,12,2026,9,21,18,16.7,154.1,97200.0,2026-09-21 18:00:00,2026-09-21 18:00:00,972.0
20260921,180000,75W,12,2026,9,21,18,16.4,153.20000000000002,96900.0,2026-09-21 18:00:00,2026-09-21 18:00:00,969.0
20260921,180000,75W,12,2026,9,21,18,16.1,152.70000000000002,96600.0,2026-09-21 18:00:00,2026-09-21 18:00:00,966.0
20260921,180000,75W,12,2026,9,21,18,16.7,152.4,96400.0,2026-09-21 18:00:00,2026-09-21 18:00:00,964.0
20260921,180000,75W,12,2026,9,21,18,17.0,152.4,95800.0,2026-09-21 18:00:00,2026-09-21 18:00:00,958.0
20260921,180000,75W,12,2026,9,21,18,17.3,152.1,95800.0,2026-09-21 18:00:00,2026-09-21 18:00:00,958.0
20260921,180000,75W,12,2026,9,21,18,18.1,152.1,95000.0,2026-09-21 18:00:00,2026-09-21 18:00:00,950.0
20260921,180000,75W,12,2026,9,21,18,18.1,152.1,95200.0,2026-09-21 18:00:00,2026-09-21 18:00:00,952.0
20260921,180000,75W,12,2026,9,21,18,19.0,152.1,94700.0,2026-09-21 18:00:00,2026-09-21 18:00:00,947.0
20260921,180000,75W,12,2026,9,21,18,19.5,152.1,94500.0,2026-09-21 18:00:00,2026-09-21 18:00:00,945.0
20260921,180000,75W,12,2026,9,21,18,20.1,152.1,94000.0,2026-09-21 18:00:00,2026-09-21 18:00:00,940.0
20260921,180000,75W,12,2026,9,21,18,20.7,151.8,95100.0,2026-09-21 18:00:00,2026-09-21 18:00:00,951.0
20260921,180000,75W,12,2026,9,21,18,21.8,151.8,95000.0,2026-09-21 18:00:00,2026-09-21 18:00:00,950.0
20260921,180000,75W,12,2026,9,21,18,22.6,151.5,95100.0,2026-09-21 18:00:00,2026-09-21 18:00:00,951.0
20260921,180000,75W,12,2026,9,21,18,23.8,151.8,95200.0,2026-09-21 18:00:00,2026-09-21 18:00:00,952.0
20260921,180000,75W,12,2026,9,21,18,25.2,151.8,95300.0,2026-09-21 18:00:00,2026-09-21 18:00:00,953.0
20260921,180000,75W,12,2026,9,21,18,26.0,151.8,94900.0,2026-09-21 18:00:00,2026-09-21 18:00:00,949.0
20260921,180000,75W,12,2026,9,21,18,27.3,153.0,95000.0,2026-09-21 18:00:00,2026-09-21 18:00:00,950.0
20260921,180000,75W,12,2026,9,21,18,28.900000000000002,153.6,95300.0,2026-09-21 18:00:00,2026-09-21 18:00:00,953.0
20260921,180000,75W,13,2026,9,21,18,14.200000000000001,163.6,100900.0,2026-09-21 18:00:00,2026-09-21 18:00:00,1009.0
20260921,180000,75W,13,2026,9,21,18,14.200000000000001,165.0,101000.0,2026-09-21 18:00:00,2026-09-21 18:00:00,1010.0
20260921,180000,75W,13,2026,9,21,18,15.3,168.1,100800.0,2026-09-21 18:00:00,2026-09-21 18:00:00,1008.0
20260921,180000,75W,13,2026,9,21,18,15.0,168.4,100900.0,2026-09-21 18:00:00,2026-09-21 18:00:00,1009.0
20260921,180000,75W,13,2026,9,21,18,14.700000000000001,168.1,100900.0,2026-09-21 18:00:00,2026-09-21 18:00:00,1009.0
20260921,180000,75W,13,2026,9,21,18,13.0,169.8,100800.0,2026-09-21 18:00:00,2026-09-21 18:00:00,1008.0
20260921,180000,75W,13,2026,9,21,18,13.3,172.9,100700.0,2026-09-21 18:00:00,2026-09-21 18:00:00,1007.0
20260921,180000,75W,13,2026,9,21,18,13.3,172.1,100800.0,2026-09-21 18:00:00,2026-09-21 18:00:00,1008.0
20260921,180000,75W,13,2026,9,21,18,11.9,170.1,100600.0,2026-09-21 18:00:00,2026-09-21 18:00:00,1006.0
20260921,180000,75W,13,2026,9,21,18,13.3,171.20000000000002,100800.0,2026-09-21 18:00:00,2026-09-21 18:00:00,1008.0
20260921,180000,75W,13,2026,9,21,18,12.5,172.4,100600.0,2026-09-21 18:00:00,2026-09-21 18:00:00,1006.0
20260921,180000,75W,13,2026,9,21,18,12.200000000000001,172.1,100700.0,2026-09-21 18:00:00,2026-09-21 18:00:00,1007.0
20260921,180000,75W,13,2026,9,21,18,11.9,172.1,100600.0,2026-09-21 18:00:00,2026-09-21 18:00:00,1006.0
20260921,180000,75W,13,2026,9,21,18,13.1,173.5,100700.0,2026-09-21 18:00:00,2026-09-21 18:00:00,1007.0
20260921,180000,75W,13,2026,9,21,18,12.8,173.5,100500.0,2026-09-21 18:00:00,2026-09-21 18:00:00,1005.0
20260921,180000,75W,13,2026,9,21,18,13.6,172.1,100400.0,2026-09-21 18:00:00,2026-09-21 18:00:00,1004.0
20260921,180000,75W,13,2026,9,21,18,13.6,171.5,100000.0,2026-09-21 18:00:00,2026-09-21 18:00:00,1000.0
20260921,180000,75W,13,2026,9,21,18,14.200000000000001,171.0,99900.0,2026-09-21 18:00:00,2026-09-21 18:00:00,999.0
20260921,180000,75W,13,2026,9,21,18,14.5,171.0,99600.0,2026-09-21 18:00:00,2026-09-21 18:00:00,996.0
20260921,180000,75W,13,2026,9,21,18,14.200000000000001,170.1,99400.0,2026-09-21 18:00:00,2026-09-21 18:00:00,994.0
20260921,180000,75W,13,2026,9,21,18,14.200000000000001,169.8,99100.0,2026-09-21 18:00:00,2026-09-21 18:00:00,991.0
20260921,180000,75W,13,2026,9,21,18,14.200000000000001,170.1,99200.0,2026-09-21 18:00:00,2026-09-21 18:00:00,992.0
20260921,180000,75W,13,2026,9,21,18,15.0,170.70000000000002,98800.0,2026-09-21 18:00:00,2026-09-21 18:00:00,988.0
20260921,180000,75W,13,2026,9,21,18,15.3,171.20000000000002,98200.0,2026-09-21 18:00:00,2026-09-21 18:00:00,982.0
20260921,180000,75W,13,2026,9,21,18,16.4,171.5,97200.0,2026-09-21 18:00:00,2026-09-21 18:00:00,972.0
20260921,180000,75W,13,2026,9,21,18,17.0,171.5,96600.0,2026-09-21 18:00:00,2026-09-21 18:00:00,966.0
20260921,180000,75W,13,2026,9,21,18,18.1,172.1,96600.0,2026-09-21 18:00:00,2026-09-21 18:00:00,966.0
20260921,180000,75W,13,2026,9,21,18,19.2,172.4,96500.0,2026-09-21 18:00:00,2026-09-21 18:00:00,965.0
20260921,180000,75W,13,2026,9,21,18,20.400000000000002,172.4,96600.0,2026-09-21 18:00:00,2026-09-21 18:00:00,966.0
20260921,180000,75W,13,2026,9,21,18,20.900000000000002,172.6,96700.0,2026-09-21 18:00:00,2026-09-21 18:00:00,967.0
20260921,180000,75W,13,2026,9,21,18,22.3,173.20000000000002,96500.0,2026-09-21 18:00:00,2026-09-21 18:00:00,965.0
20260921,180000,75W,13,2026,9,21,18,23.5,173.20000000000002,96500.0,2026-09-21 18:00:00,2026-09-21 18:00:00,965.0
20260921,180000,75W,13,2026,9,21,18,24.6,173.8,96600.0,2026-09-21 18:00:00,2026-09-21 18:00:00,966.0
20260921,180000,75W,14,2026,9,21,18,16.1,160.8,100800.0,2026-09-21 18:00:00,2026-09-21 18:00:00,1008.0
20260921,180000,75W,14,2026,9,21,18,16.1,160.3,100600.0,2026-09-21 18:00:00,2026-09-21 18:00:00,1006.0
20260921,180000,75W,14,2026,9,21,18,14.700000000000001,159.70000000000002,100500.0,2026-09-21 18:00:00,2026-09-21 18:00:00,1005.0
20260921,180000,75W,14,2026,9,21,18,15.3,156.9,100400.0,2026-09-21 18:00:00,2026-09-21 18:00:00,1004.0
20260921,180000,75W,14,2026,9,21,18,15.3,156.3,100600.0,2026-09-21 18:00:00,2026-09-21 18:00:00,1006.0
20260921,180000,75W,14,2026,9,21,18,16.4,155.5,100300.0,2026-09-21 18:00:00,2026-09-21 18:00:00,1003.0
20260921,180000,75W,14,2026,9,21,18,17.3,154.6,100500.0,2026-09-21 18:00:00,2026-09-21 18:00:00,1005.0
20260921,180000,75W,14,2026,9,21,18,17.8,152.70000000000002,100300.0,2026-09-21 18:00:00,2026-09-21 18:00:00,1003.0
20260921,180000,75W,14,2026,9,21,18,17.8,150.5,100200.0,2026-09-21 18:00:00,2026-09-21 18:00:00,1002.0
20260921,180000,75W,14,2026,9,21,18,18.400000000000002,149.9,100300.0,2026-09-21 18:00:00,2026-09-21 18:00:00,1003.0
20260921,180000,75W,14,2026,9,21,18,18.400000000000002,149.9,100100.0,2026-09-21 18:00:00,2026-09-21 18:00:00,1001.0
20260921,180000,75W,14,2026,9,21,18,18.5,149.3,100100.0,2026-09-21 18:00:00,2026-09-21 18:00:00,1001.0
20260921,180000,75W,14,2026,9,21,18,17.3,147.0,99600.0,2026-09-21 18:00:00,2026-09-21 18:00:00,996.0
20260921,180000,75W,14,2026,9,21,18,17.8,147.9,99700.0,2026-09-21 18:00:00,2026-09-21 18:00:00,997.0
20260921,180000,75W,14,2026,9,21,18,16.8,145.20000000000002,99300.0,2026-09-21 18:00:00,2026-09-21 18:00:00,993.0
20260921,180000,75W,14,2026,9,21,18,17.0,145.6,98900.0,2026-09-21 18:00:00,2026-09-21 18:00:00,989.0
20260921,180000,75W,14,2026,9,21,18,17.0,145.1,98900.0,2026-09-21 18:00:00,2026-09-21 18:00:00,989.0
20260921,180000,75W,14,2026,9,21,18,15.9,144.0,98200.0,2026-09-21 18:00:00,2026-09-21 18:00:00,982.0
20260921,180000,75W,14,2026,9,21,18,16.1,143.4,98200.0,2026-09-21 18:00:00,2026-09-21 18:00:00,982.0
20260921,180000,75W,14,2026,9,21,18,16.1,143.1,97400.0,2026-09-21 18:00:00,2026-09-21 18:00:00,974.0
20260921,180000,75W,14,2026,9,21,18,16.7,142.5,97300.0,2026-09-21 18:00:00,2026-09-21 18:00:00,973.0
20260921,180000,75W,14,2026,9,21,18,17.3,141.4,96800.0,2026-09-21 18:00:00,2026-09-21 18:00:00,968.0
20260921,180000,75W,14,2026,9,21,18,17.3,140.3,97000.0,2026-09-21 18:00:00,2026-09-21 18:00:00,970.0
20260921,180000,75W,14,2026,9,21,18,17.8,139.70000000000002,96000.0,2026-09-21 18:00:00,2026-09-21 18:00:00,960.0
20260921,180000,75W,14,2026,9,21,18,18.400000000000002,138.3,96200.0,2026-09-21 18:00:00,2026-09-21 18:00:00,962.0
20260921,180000,75W,14,2026,9,21,18,19.0,137.8,95900.0,2026-09-21 18:00:00,2026-09-21 18:00:00,959.0
20260921,180000,75W,16,2026,9,21,18,35.800000000000004,139.9,100900.0,2026-09-21 18:00:00,2026-09-21 18:00:00,1009.0
20260921,180000,75W,16,2026,9,21,18,35.800000000000004,139.9,100800.0,2026-09-21 18:00:00,2026-09-21 18:00:00,1008.0
20260921,180000,75W,16,2026,9,21,18,40.9,145.4,99800.0,2026-09-21 18:00:00,2026-09-21 18:00:00,998.0
20260921,180000,75W,16,2026,9,21,18,44.0,150.70000000000002,99200.0,2026-09-21 18:00:00,2026-09-21 18:00:00,992.0
20260921,180000,75W,17,2026,9,21,18,15.6,170.1,100800.0,2026-09-21 18:00:00,2026-09-21 18:00:00,1008.0
20260921,180000,75W,17,2026,9,21,18,16.1,169.5,100500.0,2026-09-21 18:00:00,2026-09-21 18:00:00,1005.0
20260921,180000,75W,17,2026,9,21,18,16.7,168.70000000000002,100600.0,2026-09-21 18:00:00,2026-09-21 18:00:00,1006.0
20260921,180000,75W,17,2026,9,21,18,17.3,169.3,100600.0,2026-09-21 18:00:00,2026-09-21 18:00:00,1006.0
20260921,180000,75W,18,2026,9,21,18,31.1,164.5,100900.0,2026-09-21 18:00:00,2026-09-21 18:00:00,1009.0
20260921,180000,75W,18,2026,9,21,18,33.9,165.0,100800.0,2026-09-21 18:00:00,2026-09-21 18:00:00,1008.0
20260921,180000,75W,18,2026,9,21,18,35.9,166.20000000000002,100300.0,2026-09-21 18:00:00,2026-09-21 18:00:00,1003.0
20260921,180000,75W,19,2026,9,21,18,17.6,152.4,100800.0,2026-09-21 18:00:00,2026-09-21 18:00:00,1008.0
20260921,180000,75W,19,2026,9,21,18,19.0,152.70000000000002,101000.0,2026-09-21 18:00:00,2026-09-21 18:00:00,1010.0
20260921,180000,75W,19,2026,9,21,18,18.7,155.20000000000002,100900.0,2026-09-21 18:00:00,2026-09-21 18:00:00,1009.0
20260921,180000,75W,19,2026,9,21,18,18.400000000000002,156.0,100700.0,2026-09-21 18:00:00,2026-09-21 18:00:00,1007.0
20260921,180000,75W,19,2026,9,21,18,17.900000000000002,156.3,100800.0,2026-09-21 18:00:00,2026-09-21 18:00:00,1008.0
20260921,180000,75W,19,2026,9,21,18,17.6,156.1,100600.0,2026-09-21 18:00:00,2026-09-21 18:00:00,1006.0
20260921,180000,75W,19,2026,9,21,18,17.6,157.20000000000002,100500.0,2026-09-21 18:00:00,2026-09-21 18:00:00,1005.0
20260921,180000,75W,19,2026,9,21,18,16.7,156.3,100600.0,2026-09-21 18:00:00,2026-09-21 18:00:00,1006.0
20260921,180000,75W,19,2026,9,21,18,16.4,156.3,100400.0,2026-09-21 18:00:00,2026-09-21 18:00:00,1004.0
20260921,180000,75W,19,2026,9,21,18,15.5,156.4,100600.0,2026-09-21 18:00:00,2026-09-21 18:00:00,1006.0
20260921,180000,75W,19,2026,9,21,18,15.6,156.9,100300.0,2026-09-21 18:00:00,2026-09-21 18:00:00,1003.0
20260921,180000,75W,19,2026,9,21,18,15.0,157.20000000000002,100600.0,2026-09-21 18:00:00,2026-09-21 18:00:00,1006.0
20260921,180000,75W,19,2026,9,21,18,15.3,156.6,100400.0,2026-09-21 18:00:00,2026-09-21 18:00:00,1004.0
20260921,180000,75W,19,2026,9,21,18,15.6,156.6,100500.0,2026-09-21 18:00:00,2026-09-21 18:00:00,1005.0
20260921,180000,75W,19,2026,9,21,18,16.1,156.6,100300.0,2026-09-21 18:00:00,2026-09-21 18:00:00,1003.0
20260921,180000,75W,19,2026,9,21,18,16.4,155.8,100400.0,2026-09-21 18:00:00,2026-09-21 18:00:00,1004.0
20260921,180000,75W,19,2026,9,21,18,17.0,155.5,100000.0,2026-09-21 18:00:00,2026-09-21 18:00:00,1000.0
20260921,180000,75W,20,2026,9,21,18,11.4,172.1,100800.0,2026-09-21 18:00:00,2026-09-21 18:00:00,1008.0
20260921,180000,75W,20,2026,9,21,18,12.8,167.6,100600.0,2026-09-21 18:00:00,2026-09-21 18:00:00,1006.0
20260921,180000,75W,20,2026,9,21,18,12.200000000000001,168.4,100600.0,2026-09-21 18:00:00,2026-09-21 18:00:00,1006.0
20260921,180000,75W,20,2026,9,21,18,11.1,167.9,100400.0,2026-09-21 18:00:00,2026-09-21 18:00:00,1004.0
20260921,180000,75W,20,2026,9,21,18,11.6,166.70000000000002,100600.0,2026-09-21 18:00:00,2026-09-21 18:00:00,1006.0
20260921,180000,75W,20,2026,9,21,18,11.6,165.3,100400.0,2026-09-21 18:00:00,2026-09-21 18:00:00,1004.0
20260921,180000,75W,20,2026,9,21,18,11.6,166.70000000000002,100500.0,2026-09-21 18:00:00,2026-09-21 18:00:00,1005.0
20260921,180000,75W,20,2026,9,21,18,11.4,162.8,100500.0,2026-09-21 18:00:00,2026-09-21 18:00:00,1005.0
20260921,180000,75W,20,2026,9,21,18,11.9,160.0,100000.0,2026-09-21 18:00:00,2026-09-21 18:00:00,1000.0
20260921,180000,75W,20,2026,9,21,18,11.6,161.4,100300.0,2026-09-21 18:00:00,2026-09-21 18:00:00,1003.0
20260921,180000,75W,20,2026,9,21,18,11.9,161.4,100100.0,2026-09-21 18:00:00,2026-09-21 18:00:00,1001.0
20260921,180000,75W,20,2026,9,21,18,12.5,160.5,99900.0,2026-09-21 18:00:00,2026-09-21 18:00:00,999.0
20260921,180000,75W,22,2026,9,21,18,13.6,160.0,101000.0,2026-09-21 18:00:00,2026-09-21 18:00:00,1010.0
20260921,180000,75W,22,2026,9,21,18,12.8,159.70000000000002,101200.0,2026-09-21 18:00:00,2026-09-21 18:00:00,1012.0
20260921,180000,75W,22,2026,9,21,18,14.200000000000001,161.4,101000.0,2026-09-21 18:00:00,2026-09-21 18:00:00,1010.0
20260921,180000,75W,22,2026,9,21,18,12.200000000000001,158.6,101000.0,2026-09-21 18:00:00,2026-09-21 18:00:00,1010.0
20260921,180000,75W,22,2026,9,21,18,11.1,159.1,100900.0,2026-09-21 18:00:00,2026-09-21 18:00:00,1009.0
20260921,180000,75W,22,2026,9,21,18,12.5,160.8,101100.0,2026-09-21 18:00:00,2026-09-21 18:00:00,1011.0
20260921,180000,75W,22,2026,9,21,18,11.9,159.4,101100.0,2026-09-21 18:00:00,2026-09-21 18:00:00,1011.0
20260921,180000,75W,22,2026,9,21,18,12.5,158.0,100900.0,2026-09-21 18:00:00,2026-09-21 18:00:00,1009.0
20260921,180000,75W,22,2026,9,21,18,13.3,160.8,101100.0,2026-09-21 18:00:00,2026-09-21 18:00:00,1011.0
20260921,180000,75W,22,2026,9,21,18,12.8,161.1,100900.0,2026-09-21 18:00:00,2026-09-21 18:00:00,1009.0
20260921,180000,75W,22,2026,9,21,18,10.200000000000001,160.5,100800.0,2026-09-21 18:00:00,2026-09-21 18:00:00,1008.0
20260921,180000,75W,23,2026,9,21,18,24.3,168.1,100900.0,2026-09-21 18:00:00,2026-09-21 18:00:00,1009.0
20260921,180000,75W,23,2026,9,21,18,24.3,168.1,101000.0,2026-09-21 18:00:00,2026-09-21 18:00:00,1010.0
20260921,180000,75W,24,2026,9,21,18,13.6,169.0,100800.0,2026-09-21 18:00:00,2026-09-21 18:00:00,1008.0
20260921,180000,75W,24,2026,9,21,18,15.0,169.8,100800.0,2026-09-21 18:00:00,2026-09-21 18:00:00,1008.0
20260921,180000,75W,24,2026,9,21,18,15.0,170.1,100800.0,2026-09-21 18:00:00,2026-09-21 18:00:00,1008.0
20260921,180000,75W,24,2026,9,21,18,15.0,169.8,100700.0,2026-09-21 18:00:00,2026-09-21 18:00:00,1007.0
20260921,180000,75W,24,2026,9,21,18,15.0,168.1,100700.0,2026-09-21 18:00:00,2026-09-21 18:00:00,1007.0
20260921,180000,75W,24,2026,9,21,18,14.700000000000001,165.6,100500.0,2026-09-21 18:00:00,2026-09-21 18:00:00,1005.0
20260921,180000,75W,24,2026,9,21,18,14.700000000000001,165.6,100600.0,2026-09-21 18:00:00,2026-09-21 18:00:00,1006.0
20260921,180000,75W,24,2026,9,21,18,14.700000000000001,164.5,100400.0,2026-09-21 18:00:00,2026-09-21 18:00:00,1004.0
20260921,180000,75W,24,2026,9,21,18,15.6,164.70000000000002,100500.0,2026-09-21 18:00:00,2026-09-21 18:00:00,1005.0
20260921,180000,75W,24,2026,9,21,18,14.200000000000001,164.20000000000002,100300.0,2026-09-21 18:00:00,2026-09-21 18:00:00,1003.0
20260921,180000,75W,24,2026,9,21,18,15.6,163.9,100400.0,2026-09-21 18:00:00,2026-09-21 18:00:00,1004.0
20260921,180000,75W,24,2026,9,21,18,15.9,165.0,100100.0,2026-09-21 18:00:00,2026-09-21 18:00:00,1001.0
20260921,180000,75W,24,2026,9,21,18,15.6,164.20000000000002,100200.0,2026-09-21 18:00:00,2026-09-21 18:00:00,1002.0
20260921,180000,75W,24,2026,9,21,18,14.700000000000001,165.3,100000.0,2026-09-21 18:00:00,2026-09-21 18:00:00,1000.0
20260921,180000,75W,24,2026,9,21,18,15.3,167.6,100100.0,2026-09-21 18:00:00,2026-09-21 18:00:00,1001.0
20260921,180000,75W,24,2026,9,21,18,15.6,168.1,99800.0,2026-09-21 18:00:00,2026-09-21 18:00:00,998.0
20260921,180000,75W,24,2026,9,21,18,16.4,168.1,99600.0,2026-09-21 18:00:00,2026-09-21 18:00:00,996.0
20260921,180000,75W,24,2026,9,21,18,16.1,168.1,99100.0,2026-09-21 18:00:00,2026-09-21 18:00:00,991.0
20260921,180000,75W,24,2026,9,21,18,16.4,168.4,99200.0,2026-09-21 18:00:00,2026-09-21 18:00:00,992.0
20260921,180000,75W,24,2026,9,21,18,17.0,168.70000000000002,98900.0,2026-09-21 18:00:00,2026-09-21 18:00:00,989.0
20260921,180000,75W,24,2026,9,21,18,17.8,168.4,98800.0,2026-09-21 18:00:00,2026-09-21 18:00:00,988.0
20260921,180000,75W,24,2026,9,21,18,18.400000000000002,167.6,98400.0,2026-09-21 18:00:00,2026-09-21 18:00:00,984.0
20260921,180000,75W,24,2026,9,21,18,19.2,167.0,98500.0,2026-09-21 18:00:00,2026-09-21 18:00:00,985.0
20260921,180000,75W,24,2026,9,21,18,20.1,165.9,98400.0,2026-09-21 18:00:00,2026-09-21 18:00:00,984.0
20260921,180000,75W,24,2026,9,21,18,20.900000000000002,165.0,98300.0,2026-09-21 18:00:00,2026-09-21 18:00:00,983.0
20260921,180000,75W,24,2026,9,21,18,21.8,163.4,97900.0,2026-09-21 18:00:00,2026-09-21 18:00:00,979.0
20260921,180000,75W,24,2026,9,21,18,22.6,162.20000000000002,98000.0,2026-09-21 18:00:00,2026-09-21 18:00:00,980.0
20260921,180000,75W,24,2026,9,21,18,23.2,161.1,97600.0,2026-09-21 18:00:00,2026-09-21 18:00:00,976.0
20260921,180000,75W,24,2026,9,21,18,23.8,160.3,97500.0,2026-09-21 18:00:00,2026-09-21 18:00:00,975.0
20260921,180000,75W,24,2026,9,21,18,24.900000000000002,159.1,97400.0,2026-09-21 18:00:00,2026-09-21 18:00:00,974.0
20260921,180000,75W,24,2026,9,21,18,25.400000000000002,158.6,97000.0,2026-09-21 18:00:00,2026-09-21 18:00:00,970.0
20260921,180000,75W,24,2026,9,21,18,26.0,157.5,96500.0,2026-09-21 18:00:00,2026-09-21 18:00:00,965.0
20260921,180000,75W,24,2026,9,21,18,26.3,156.6,96500.0,2026-09-21 18:00:00,2026-09-21 18:00:00,965.0
20260921,180000,75W,24,2026,9,21,18,27.1,155.8,96600.0,2026-09-21 18:00:00,2026-09-21 18:00:00,966.0
20260921,180000,75W,25,2026,9,21,18,11.6,163.6,101000.0,2026-09-21 18:00:00,2026-09-21 18:00:00,1010.0
20260921,180000,75W,25,2026,9,21,18,11.1,164.5,100900.0,2026-09-21 18:00:00,2026-09-21 18:00:00,1009.0
20260921,180000,75W,25,2026,9,21,18,10.0,166.20000000000002,101000.0,2026-09-21 18:00:00,2026-09-21 18:00:00,1010.0
20260921,180000,75W,25,2026,9,21,18,11.6,165.3,100900.0,2026-09-21 18:00:00,2026-09-21 18:00:00,1009.0
20260921,180000,75W,25,2026,9,21,18,10.200000000000001,165.0,100900.0,2026-09-21 18:00:00,2026-09-21 18:00:00,1009.0
20260921,180000,75W,25,2026,9,21,18,10.8,167.3,100700.0,2026-09-21 18:00:00,2026-09-21 18:00:00,1007.0
20260921,180000,75W,25,2026,9,21,18,8.0,167.6,100700.0,2026-09-21 18:00:00,2026-09-21 18:00:00,1007.0
20260921,180000,75W,26,2026,9,21,18,13.6,163.6,101000.0,2026-09-21 18:00:00,2026-09-21 18:00:00,1010.0
20260921,180000,75W,26,2026,9,21,18,15.3,162.5,100700.0,2026-09-21 18:00:00,2026-09-21 18:00:00,1007.0
20260921,180000,75W,26,2026,9,21,18,15.6,163.9,100900.0,2026-09-21 18:00:00,2026-09-21 18:00:00,1009.0
20260921,180000,75W,26,2026,9,21,18,15.0,162.8,100700.0,2026-09-21 18:00:00,2026-09-21 18:00:00,1007.0
20260921,180000,75W,26,2026,9,21,18,15.3,164.5,100800.0,2026-09-21 18:00:00,2026-09-21 18:00:00,1008.0
20260921,180000,75W,26,2026,9,21,18,15.3,164.5,100600.0,2026-09-21 18:00:00,2026-09-21 18:00:00,1006.0
20260921,180000,75W,26,2026,9,21,18,15.9,164.5,100800.0,2026-09-21 18:00:00,2026-09-21 18:00:00,1008.0
20260921,180000,75W,26,2026,9,21,18,16.1,165.0,100500.0,2026-09-21 18:00:00,2026-09-21 18:00:00,1005.0
20260921,180000,75W,26,2026,9,21,18,16.4,164.20000000000002,100500.0,2026-09-21 18:00:00,2026-09-21 18:00:00,1005.0
20260921,180000,75W,26,2026,9,21,18,17.0,163.1,100400.0,2026-09-21 18:00:00,2026-09-21 18:00:00,1004.0
20260921,180000,75W,26,2026,9,21,18,17.0,163.6,100500.0,2026-09-21 18:00:00,2026-09-21 18:00:00,1005.0
20260921,180000,75W,26,2026,9,21,18,17.3,163.3,100200.0,2026-09-21 18:00:00,2026-09-21 18:00:00,1002.0
20260921,180000,75W,26,2026,9,21,18,17.8,163.1,100200.0,2026-09-21 18:00:00,2026-09-21 18:00:00,1002.0
20260921,180000,75W,26,2026,9,21,18,18.1,163.4,99500.0,2026-09-21 18:00:00,2026-09-21 18:00:00,995.0
20260921,180000,75W,26,2026,9,21,18,18.1,163.6,99500.0,2026-09-21 18:00:00,2026-09-21 18:00:00,995.0
20260921,180000,75W,26,2026,9,21,18,18.400000000000002,163.4,99000.0,2026-09-21 18:00:00,2026-09-21 18:00:00,990.0
20260921,180000,75W,26,2026,9,21,18,18.7,163.9,99100.0,2026-09-21 18:00:00,2026-09-21 18:00:00,991.0
20260921,180000,75W,26,2026,9,21,18,18.7,163.4,98700.0,2026-09-21 18:00:00,2026-09-21 18:00:00,987.0
20260921,180000,75W,26,2026,9,21,18,18.400000000000002,163.6,98900.0,2026-09-21 18:00:00,2026-09-21 18:00:00,989.0
20260921,180000,75W,26,2026,9,21,18,18.400000000000002,163.6,98500.0,2026-09-21 18:00:00,2026-09-21 18:00:00,985.0
20260921,180000,75W,26,2026,9,21,18,17.8,163.6,98600.0,2026-09-21 18:00:00,2026-09-21 18:00:00,986.0
20260921,180000,75W,26,2026,9,21,18,17.8,163.9,98100.0,2026-09-21 18:00:00,2026-09-21 18:00:00,981.0
20260921,180000,75W,26,2026,9,21,18,17.0,163.9,98200.0,2026-09-21 18:00:00,2026-09-21 18:00:00,982.0
20260921,180000,75W,26,2026,9,21,18,17.3,163.9,97600.0,2026-09-21 18:00:00,2026-09-21 18:00:00,976.0
20260921,180000,75W,26,2026,9,21,18,16.7,163.9,97500.0,2026-09-21 18:00:00,2026-09-21 18:00:00,975.0
20260921,180000,75W,26,2026,9,21,18,16.4,163.6,97100.0,2026-09-21 18:00:00,2026-09-21 18:00:00,971.0
20260921,180000,75W,26,2026,9,21,18,16.1,163.4,97000.0,2026-09-21 18:00:00,2026-09-21 18:00:00,970.0
20260921,180000,75W,26,2026,9,21,18,16.4,162.8,96200.0,2026-09-21 18:00:00,2026-09-21 18:00:00,962.0
20260921,180000,75W,27,2026,9,21,18,13.9,157.70000000000002,101000.0,2026-09-21 18:00:00,2026-09-21 18:00:00,1010.0
20260921,180000,75W,27,2026,9,21,18,14.700000000000001,154.1,101000.0,2026-09-21 18:00:00,2026-09-21 18:00:00,1010.0
20260921,180000,75W,27,2026,9,21,18,13.6,153.0,100700.0,2026-09-21 18:00:00,2026-09-21 18:00:00,1007.0
20260921,180000,75W,27,2026,9,21,18,14.200000000000001,151.5,100900.0,2026-09-21 18:00:00,2026-09-21 18:00:00,1009.0
20260921,180000,75W,27,2026,9,21,18,15.0,151.0,100800.0,2026-09-21 18:00:00,2026-09-21 18:00:00,1008.0
20260921,180000,75W,27,2026,9,21,18,13.6,148.5,100600.0,2026-09-21 18:00:00,2026-09-21 18:00:00,1006.0
20260921,180000,75W,27,2026,9,21,18,14.700000000000001,148.70000000000002,100700.0,2026-09-21 18:00:00,2026-09-21 18:00:00,1007.0
20260921,180000,75W,27,2026,9,21,18,15.3,147.9,100500.0,2026-09-21 18:00:00,2026-09-21 18:00:00,1005.0
20260921,180000,75W,27,2026,9,21,18,16.4,146.5,100600.0,2026-09-21 18:00:00,2026-09-21 18:00:00,1006.0
20260921,180000,75W,27,2026,9,21,18,15.6,144.5,100200.0,2026-09-21 18:00:00,2026-09-21 18:00:00,1002.0
20260921,180000,75W,27,2026,9,21,18,15.9,145.1,100400.0,2026-09-21 18:00:00,2026-09-21 18:00:00,1004.0
20260921,180000,75W,27,2026,9,21,18,16.7,144.8,100100.0,2026-09-21 18:00:00,2026-09-21 18:00:00,1001.0
20260921,180000,75W,27,2026,9,21,18,18.400000000000002,146.20000000000002,100400.0,2026-09-21 18:00:00,2026-09-21 18:00:00,1004.0
20260921,180000,75W,27,2026,9,21,18,17.6,142.8,100200.0,2026-09-21 18:00:00,2026-09-21 18:00:00,1002.0
20260921,180000,75W,27,2026,9,21,18,17.8,143.4,99900.0,2026-09-21 18:00:00,2026-09-21 18:00:00,999.0
20260921,180000,75W,27,2026,9,21,18,20.900000000000002,144.20000000000002,99900.0,2026-09-21 18:00:00,2026-09-21 18:00:00,999.0
20260921,180000,75W,27,2026,9,21,18,20.400000000000002,144.20000000000002,99600.0,2026-09-21 18:00:00,2026-09-21 18:00:00,996.0
20260921,180000,75W,27,2026,9,21,18,19.5,144.70000000000002,99800.0,2026-09-21 18:00:00,2026-09-21 18:00:00,998.0
20260921,180000,75W,27,2026,9,21,18,20.7,145.1,99300.0,2026-09-21 18:00:00,2026-09-21 18:00:00,993.0
20260921,180000,75W,27,2026,9,21,18,21.0,145.8,99500.0,2026-09-21 18:00:00,2026-09-21 18:00:00,995.0
20260921,180000,75W,27,2026,9,21,18,21.900000000000002,144.9,99100.0,2026-09-21 18:00:00,2026-09-21 18:00:00,991.0
20260921,180000,75W,27,2026,9,21,18,22.1,144.5,99200.0,2026-09-21 18:00:00,2026-09-21 18:00:00,992.0
20260921,180000,75W,27,2026,9,21,18,22.1,145.3,98700.0,2026-09-21 18:00:00,2026-09-21 18:00:00,987.0
20260921,180000,75W,27,2026,9,21,18,22.3,144.20000000000002,98600.0,2026-09-21 18:00:00,2026-09-21 18:00:00,986.0
20260921,180000,75W,27,2026,9,21,18,24.0,144.8,98200.0,2026-09-21 18:00:00,2026-09-21 18:00:00,982.0
20260921,180000,75W,28,2026,9,21,18,22.1,172.1,100600.0,2026-09-21 18:00:00,2026-09-21 18:00:00,1006.0
20260921,180000,75W,28,2026,9,21,18,22.3,171.0,100600.0,2026-09-21 18:00:00,2026-09-21 18:00:00,1006.0
20260921,180000,75W,28,2026,9,21,18,22.3,170.70000000000002,100700.0,2026-09-21 18:00:00,2026-09-21 18:00:00,1007.0
20260921,180000,75W,28,2026,9,21,18,22.900000000000002,171.20000000000002,100700.0,2026-09-21 18:00:00,2026-09-21 18:00:00,1007.0
20260921,180000,75W,28,2026,9,21,18,23.5,171.0,100800.0,2026-09-21 18:00:00,2026-09-21 18:00:00,1008.0
20260921,180000,75W,28,2026,9,21,18,24.6,171.0,100600.0,2026-09-21 18:00:00,2026-09-21 18:00:00,1006.0
20260921,180000,75W,28,2026,9,21,18,26.0,171.0,100700.0,2026-09-21 18:00:00,2026-09-21 18:00:00,1007.0
20260921,180000,75W,28,2026,9,21,18,26.6,170.4,100600.0,2026-09-21 18:00:00,2026-09-21 18:00:00,1006.0
20260921,180000,75W,28,2026,9,21,18,28.3,170.70000000000002,100500.0,2026-09-21 18:00:00,2026-09-21 18:00:00,1005.0
20260921,180000,75W,28,2026,9,21,18,29.1,171.5,100400.0,2026-09-21 18:00:00,2026-09-21 18:00:00,1004.0
20260921,180000,75W,28,2026,9,21,18,31.6,171.0,100400.0,2026-09-21 18:00:00,2026-09-21 18:00:00,1004.0
20260921,180000,75W,28,2026,9,21,18,33.9,171.20000000000002,100200.0,2026-09-21 18:00:00,2026-09-21 18:00:00,1002.0
20260921,180000,75W,28,2026,9,21,18,35.0,172.1,100100.0,2026-09-21 18:00:00,2026-09-21 18:00:00,1001.0
20260921,180000,75W,28,2026,9,21,18,36.4,173.20000000000002,99900.0,2026-09-21 18:00:00,2026-09-21 18:00:00,999.0
20260921,180000,75W,28,2026,9,21,18,38.7,174.6,99900.0,2026-09-21 18:00:00,2026-09-21 18:00:00,999.0
20260921,180000,75W,28,2026,9,21,18,40.7,176.3,99400.0,2026-09-21 18:00:00,2026-09-21 18:00:00,994.0
20260921,180000,75W,28,2026,9,21,18,43.2,179.1,99200.0,2026-09-21 18:00:00,2026-09-21 18:00:00,992.0
20260921,180000,75W,28,2026,9,21,18,46.0,181.4,98700.0,2026-09-21 18:00:00,2026-09-21 18:00:00,987.0
20260921,180000,75W,28,2026,9,21,18,47.7,183.0,97700.0,2026-09-21 18:00:00,2026-09-21 18:00:00,977.0
20260921,180000,75W,28,2026,9,21,18,47.800000000000004,185.9,97300.0,2026-09-21 18:00:00,2026-09-21 18:00:00,973.0
20260921,180000,75W,28,2026,9,21,18,48.300000000000004,194.0,97300.0,2026-09-21 18:00:00,2026-09-21 18:00:00,973.0
20260921,180000,75W,28,2026,9,21,18,48.0,198.5,97200.0,2026-09-21 18:00:00,2026-09-21 18:00:00,972.0
20260921,180000,75W,28,2026,9,21,18,48.300000000000004,202.7,97000.0,2026-09-21 18:00:00,2026-09-21 18:00:00,970.0
20260921,180000,75W,28,2026,9,21,18,48.5,206.7,97100.0,2026-09-21 18:00:00,2026-09-21 18:00:00,971.0
20260921,180000,75W,28,2026,9,21,18,48.800000000000004,210.29999999999998,97100.0,2026-09-21 18:00:00,2026-09-21 18:00:00,971.0
20260921,180000,75W,28,2026,9,21,18,49.7,213.4,97100.0,2026-09-21 18:00:00,2026-09-21 18:00:00,971.0
20260921,180000,75W,28,2026,9,21,18,50.800000000000004,216.2,97100.0,2026-09-21 18:00:00,2026-09-21 18:00:00,971.0
20260921,180000,75W,29,2026,9,21,18,12.200000000000001,164.8,101100.0,2026-09-21 18:00:00,2026-09-21 18:00:00,1011.0
20260921,180000,75W,29,2026,9,21,18,10.0,163.6,101000.0,2026-09-21 18:00:00,2026-09-21 18:00:00,1010.0
20260921,180000,75W,30,2026,9,21,18,15.0,131.6,100700.0,2026-09-21 18:00:00,2026-09-21 18:00:00,1007.0
20260921,180000,75W,30,2026,9,21,18,14.200000000000001,132.1,100900.0,2026-09-21 18:00:00,2026-09-21 18:00:00,1009.0
20260921,180000,75W,30,2026,9,21,18,16.2,130.8,100800.0,2026-09-21 18:00:00,2026-09-21 18:00:00,1008.0
20260921,180000,75W,30,2026,9,21,18,17.0,130.5,100600.0,2026-09-21 18:00:00,2026-09-21 18:00:00,1006.0
20260921,180000,75W,30,2026,9,21,18,16.7,127.4,100800.0,2026-09-21 18:00:00,2026-09-21 18:00:00,1008.0
20260921,180000,75W,30,2026,9,21,18,17.0,127.10000000000001,100500.0,2026-09-21 18:00:00,2026-09-21 18:00:00,1005.0
20260921,180000,75W,30,2026,9,21,18,16.9,126.3,100500.0,2026-09-21 18:00:00,2026-09-21 18:00:00,1005.0
20260921,180000,75W,30,2026,9,21,18,16.1,125.4,99800.0,2026-09-21 18:00:00,2026-09-21 18:00:00,998.0
20260921,180000,75W,30,2026,9,21,18,16.7,124.8,99300.0,2026-09-21 18:00:00,2026-09-21 18:00:00,993.0
20260921,180000,75W,30,2026,9,21,18,17.3,123.7,99400.0,2026-09-21 18:00:00,2026-09-21 18:00:00,994.0
20260921,180000,75W,30,2026,9,21,18,17.3,123.10000000000001,99700.0,2026-09-21 18:00:00,2026-09-21 18:00:00,997.0
20260921,180000,75W,30,2026,9,21,18,17.8,122.3,99100.0,2026-09-21 18:00:00,2026-09-21 18:00:00,991.0
20260921,180000,75W,30,2026,9,21,18,18.1,120.60000000000001,99600.0,2026-09-21 18:00:00,2026-09-21 18:00:00,996.0
20260921,180000,75W,30,2026,9,21,18,18.400000000000002,119.8,99300.0,2026-09-21 18:00:00,2026-09-21 18:00:00,993.0
20260921,180000,75W,30,2026,9,21,18,19.0,119.5,99400.0,2026-09-21 18:00:00,2026-09-21 18:00:00,994.0
20260921,180000,75W,30,2026,9,21,18,19.5,118.4,99100.0,2026-09-21 18:00:00,2026-09-21 18:00:00,991.0
20260921,180000,75W,30,2026,9,21,18,19.8,118.10000000000001,98800.0,2026-09-21 18:00:00,2026-09-21 18:00:00,988.0
20260921,180000,75W,30,2026,9,21,18,20.7,117.5,98700.0,2026-09-21 18:00:00,2026-09-21 18:00:00,987.0
20260921,180000,75W,30,2026,9,21,18,21.2,117.2,99000.0,2026-09-21 18:00:00,2026-09-21 18:00:00,990.0
20260921,180000,75W,30,2026,9,21,18,21.8,116.7,98600.0,2026-09-21 18:00:00,2026-09-21 18:00:00,986.0
20260921,180000,75W,30,2026,9,21,18,22.6,116.10000000000001,98500.0,2026-09-21 18:00:00,2026-09-21 18:00:00,985.0
20260921,180000,75W,30,2026,9,21,18,23.2,115.5,99200.0,2026-09-21 18:00:00,2026-09-21 18:00:00,992.0
20260921,180000,75W,30,2026,9,21,18,22.900000000000002,115.3,99900.0,2026-09-21 18:00:00,2026-09-21 18:00:00,999.0
20260921,180000,75W,30,2026,9,21,18,23.5,115.8,100200.0,2026-09-21 18:00:00,2026-09-21 18:00:00,1002.0
20260921,180000,75W,30,2026,9,21,18,22.900000000000002,116.10000000000001,100600.0,2026-09-21 18:00:00,2026-09-21 18:00:00,1006.0
20260921,180000,75W,30,2026,9,21,18,22.900000000000002,116.10000000000001,100500.0,2026-09-21 18:00:00,2026-09-21 18:00:00,1005.0
20260921,180000,75W,30,2026,9,21,18,22.900000000000002,116.4,100700.0,2026-09-21 18:00:00,2026-09-21 18:00:00,1007.0
20260921,180000,75W,30,2026,9,21,18,22.1,116.10000000000001,100600.0,2026-09-21 18:00:00,2026-09-21 18:00:00,1006.0
20260921,180000,75W,30,2026,9,21,18,21.5,116.10000000000001,100600.0,2026-09-21 18:00:00,2026-09-21 18:00:00,1006.0
20260921,180000,75W,30,2026,9,21,18,21.5,115.8,100800.0,2026-09-21 18:00:00,2026-09-21 18:00:00,1008.0
20260921,180000,75W,31,2026,9,21,18,32.8,172.1,101300.0,2026-09-21 18:00:00,2026-09-21 18:00:00,1013.0
20260921,180000,75W,31,2026,9,21,18,33.9,174.3,101400.0,2026-09-21 18:00:00,2026-09-21 18:00:00,1014.0
20260921,180000,75W,32,2026,9,21,18,11.6,161.1,100900.0,2026-09-21 18:00:00,2026-09-21 18:00:00,1009.0
20260921,180000,75W,32,2026,9,21,18,13.0,161.70000000000002,101100.0,2026-09-21 18:00:00,2026-09-21 18:00:00,1011.0
20260921,180000,75W,32,2026,9,21,18,15.9,163.6,100900.0,2026-09-21 18:00:00,2026-09-21 18:00:00,1009.0
20260921,180000,75W,32,2026,9,21,18,14.5,164.20000000000002,100900.0,2026-09-21 18:00:00,2026-09-21 18:00:00,1009.0
20260921,180000,75W,32,2026,9,21,18,11.9,167.0,100700.0,2026-09-21 18:00:00,2026-09-21 18:00:00,1007.0
20260921,180000,75W,32,2026,9,21,18,11.4,165.9,100600.0,2026-09-21 18:00:00,2026-09-21 18:00:00,1006.0
20260921,180000,75W,32,2026,9,21,18,11.9,166.70000000000002,100800.0,2026-09-21 18:00:00,2026-09-21 18:00:00,1008.0
20260921,180000,75W,32,2026,9,21,18,13.3,164.5,100600.0,2026-09-21 18:00:00,2026-09-21 18:00:00,1006.0
20260921,180000,75W,32,2026,9,21,18,13.9,165.6,100600.0,2026-09-21 18:00:00,2026-09-21 18:00:00,1006.0
20260921,180000,75W,32,2026,9,21,18,13.6,164.5,100400.0,2026-09-21 18:00:00,2026-09-21 18:00:00,1004.0
20260921,180000,75W,32,2026,9,21,18,13.3,164.20000000000002,100500.0,2026-09-21 18:00:00,2026-09-21 18:00:00,1005.0
20260921,180000,75W,32,2026,9,21,18,13.3,165.3,100200.0,2026-09-21 18:00:00,2026-09-21 18:00:00,1002.0
20260921,180000,75W,32,2026,9,21,18,13.6,163.9,100300.0,2026-09-21 18:00:00,2026-09-21 18:00:00,1003.0
20260921,180000,75W,32,2026,9,21,18,13.6,163.6,99800.0,2026-09-21 18:00:00,2026-09-21 18:00:00,998.0
20260921,180000,75W,32,2026,9,21,18,14.200000000000001,163.1,99500.0,2026-09-21 18:00:00,2026-09-21 18:00:00,995.0
20260921,180000,75W,32,2026,9,21,18,15.0,162.8,98700.0,2026-09-21 18:00:00,2026-09-21 18:00:00,987.0
20260921,180000,75W,32,2026,9,21,18,14.5,162.0,98500.0,2026-09-21 18:00:00,2026-09-21 18:00:00,985.0
20260921,180000,75W,32,2026,9,21,18,14.700000000000001,161.1,97800.0,2026-09-21 18:00:00,2026-09-21 18:00:00,978.0
20260921,180000,75W,32,2026,9,21,18,15.0,160.0,97600.0,2026-09-21 18:00:00,2026-09-21 18:00:00,976.0
20260921,180000,75W,32,2026,9,21,18,15.6,158.9,96900.0,2026-09-21 18:00:00,2026-09-21 18:00:00,969.0
20260921,180000,75W,32,2026,9,21,18,15.6,157.5,96800.0,2026-09-21 18:00:00,2026-09-21 18:00:00,968.0
20260921,180000,75W,32,2026,9,21,18,16.1,156.20000000000002,96600.0,2026-09-21 18:00:00,2026-09-21 18:00:00,966.0
20260921,180000,75W,32,2026,9,21,18,16.1,154.4,96300.0,2026-09-21 18:00:00,2026-09-21 18:00:00,963.0
20260921,180000,75W,32,2026,9,21,18,16.4,153.5,95500.0,2026-09-21 18:00:00,2026-09-21 18:00:00,955.0
20260921,180000,75W,32,2026,9,21,18,17.0,151.5,96200.0,2026-09-21 18:00:00,2026-09-21 18:00:00,962.0
20260921,180000,75W,32,2026,9,21,18,17.0,150.4,96400.0,2026-09-21 18:00:00,2026-09-21 18:00:00,964.0
20260921,180000,75W,32,2026,9,21,18,17.8,148.70000000000002,96000.0,2026-09-21 18:00:00,2026-09-21 18:00:00,960.0
20260921,180000,75W,32,2026,9,21,18,18.1,147.3,96300.0,2026-09-21 18:00:00,2026-09-21 18:00:00,963.0
20260921,180000,75W,32,2026,9,21,18,18.400000000000002,145.9,95600.0,2026-09-21 18:00:00,2026-09-21 18:00:00,956.0
20260921,180000,75W,32,2026,9,21,18,19.2,144.5,96200.0,2026-09-21 18:00:00,2026-09-21 18:00:00,962.0
20260921,180000,75W,33,2026,9,21,18,11.6,164.20000000000002,100900.0,2026-09-21 18:00:00,2026-09-21 18:00:00,1009.0
20260921,180000,75W,33,2026,9,21,18,13.0,163.1,100900.0,2026-09-21 18:00:00,2026-09-21 18:00:00,1009.0
20260921,180000,75W,33,2026,9,21,18,13.3,164.8,101000.0,2026-09-21 18:00:00,2026-09-21 18:00:00,1010.0
20260921,180000,75W,33,2026,9,21,18,14.5,164.5,101100.0,2026-09-21 18:00:00,2026-09-21 18:00:00,1011.0
20260921,180000,75W,33,2026,9,21,18,15.0,162.5,100900.0,2026-09-21 18:00:00,2026-09-21 18:00:00,1009.0
20260921,180000,75W,33,2026,9,21,18,15.0,162.0,101000.0,2026-09-21 18:00:00,2026-09-21 18:00:00,1010.0
20260921,180000,75W,33,2026,9,21,18,15.6,161.1,101000.0,2026-09-21 18:00:00,2026-09-21 18:00:00,1010.0
20260921,180000,75W,33,2026,9,21,18,15.9,160.0,100900.0,2026-09-21 18:00:00,2026-09-21 18:00:00,1009.0
20260921,180000,75W,33,2026,9,21,18,15.3,157.70000000000002,100700.0,2026-09-21 18:00:00,2026-09-21 18:00:00,1007.0
20260921,180000,75W,33,2026,9,21,18,16.4,156.0,100800.0,2026-09-21 18:00:00,2026-09-21 18:00:00,1008.0
20260921,180000,75W,33,2026,9,21,18,16.1,154.9,100500.0,2026-09-21 18:00:00,2026-09-21 18:00:00,1005.0
20260921,180000,75W,33,2026,9,21,18,16.7,154.1,100700.0,2026-09-21 18:00:00,2026-09-21 18:00:00,1007.0
20260921,180000,75W,33,2026,9,21,18,16.1,149.9,100300.0,2026-09-21 18:00:00,2026-09-21 18:00:00,1003.0
20260921,180000,75W,33,2026,9,21,18,16.4,147.0,100300.0,2026-09-21 18:00:00,2026-09-21 18:00:00,1003.0
20260921,180000,75W,33,2026,9,21,18,16.1,145.1,99900.0,2026-09-21 18:00:00,2026-09-21 18:00:00,999.0
20260921,180000,75W,33,2026,9,21,18,15.9,144.20000000000002,100100.0,2026-09-21 18:00:00,2026-09-21 18:00:00,1001.0
20260921,180000,75W,33,2026,9,21,18,16.1,143.70000000000002,100100.0,2026-09-21 18:00:00,2026-09-21 18:00:00,1001.0
20260921,180000,75W,33,2026,9,21,18,15.8,141.8,100300.0,2026-09-21 18:00:00,2026-09-21 18:00:00,1003.0
20260921,180000,75W,33,2026,9,21,18,15.0,140.9,99900.0,2026-09-21 18:00:00,2026-09-21 18:00:00,999.0
20260921,180000,75W,33,2026,9,21,18,15.8,140.20000000000002,100100.0,2026-09-21 18:00:00,2026-09-21 18:00:00,1001.0
20260921,180000,75W,33,2026,9,21,18,15.9,138.9,99800.0,2026-09-21 18:00:00,2026-09-21 18:00:00,998.0
20260921,180000,75W,33,2026,9,21,18,15.6,137.5,100100.0,2026-09-21 18:00:00,2026-09-21 18:00:00,1001.0
20260921,180000,75W,33,2026,9,21,18,15.0,137.20000000000002,99700.0,2026-09-21 18:00:00,2026-09-21 18:00:00,997.0
20260921,180000,75W,33,2026,9,21,18,15.0,136.9,99800.0,2026-09-21 18:00:00,2026-09-21 18:00:00,998.0
20260921,180000,75W,33,2026,9,21,18,15.0,136.6,99700.0,2026-09-21 18:00:00,2026-09-21 18:00:00,997.0
20260921,180000,75W,33,2026,9,21,18,15.3,136.9,99800.0,2026-09-21 18:00:00,2026-09-21 18:00:00,998.0
20260921,180000,75W,33,2026,9,21,18,15.9,137.20000000000002,99400.0,2026-09-21 18:00:00,2026-09-21 18:00:00,994.0
20260921,180000,75W,33,2026,9,21,18,16.1,136.9,99600.0,2026-09-21 18:00:00,2026-09-21 18:00:00,996.0
20260921,180000,75W,33,2026,9,21,18,16.7,137.5,99300.0,2026-09-21 18:00:00,2026-09-21 18:00:00,993.0
20260921,180000,75W,33,2026,9,21,18,16.7,136.9,99200.0,2026-09-21 18:00:00,2026-09-21 18:00:00,992.0
20260921,180000,75W,33,2026,9,21,18,17.8,138.3,98800.0,2026-09-21 18:00:00,2026-09-21 18:00:00,988.0
20260921,180000,75W,33,2026,9,21,18,18.400000000000002,137.8,98500.0,2026-09-21 18:00:00,2026-09-21 18:00:00,985.0
20260921,180000,75W,33,2026,9,21,18,18.7,137.8,98100.0,2026-09-21 18:00:00,2026-09-21 18:00:00,981.0
20260921,180000,75W,33,2026,9,21,18,19.2,137.5,98100.0,2026-09-21 18:00:00,2026-09-21 18:00:00,981.0
20260921,180000,75W,33,2026,9,21,18,19.2,137.5,97800.0,2026-09-21 18:00:00,2026-09-21 18:00:00,978.0
20260921,180000,75W,33,2026,9,21,18,19.8,137.8,98000.0,2026-09-21 18:00:00,2026-09-21 18:00:00,980.0
20260921,180000,75W,33,2026,9,21,18,20.1,137.20000000000002,97600.0,2026-09-21 18:00:00,2026-09-21 18:00:00,976.0
20260921,180000,75W,34,2026,9,21,18,13.3,163.6,100700.0,2026-09-21 18:00:00,2026-09-21 18:00:00,1007.0
20260921,180000,75W,34,2026,9,21,18,13.6,165.3,100600.0,2026-09-21 18:00:00,2026-09-21 18:00:00,1006.0
20260921,180000,75W,34,2026,9,21,18,13.3,163.1,100700.0,2026-09-21 18:00:00,2026-09-21 18:00:00,1007.0
20260921,180000,75W,34,2026,9,21,18,13.6,159.1,101000.0,2026-09-21 18:00:00,2026-09-21 18:00:00,1010.0
20260921,180000,75W,34,2026,9,21,18,13.9,159.4,100600.0,2026-09-21 18:00:00,2026-09-21 18:00:00,1006.0
20260921,180000,75W,34,2026,9,21,18,13.9,159.4,100900.0,2026-09-21 18:00:00,2026-09-21 18:00:00,1009.0
20260921,180000,75W,34,2026,9,21,18,13.3,159.70000000000002,100700.0,2026-09-21 18:00:00,2026-09-21 18:00:00,1007.0
20260921,180000,75W,34,2026,9,21,18,14.200000000000001,161.1,100800.0,2026-09-21 18:00:00,2026-09-21 18:00:00,1008.0
20260921,180000,75W,34,2026,9,21,18,14.5,161.1,100600.0,2026-09-21 18:00:00,2026-09-21 18:00:00,1006.0
20260921,180000,75W,34,2026,9,21,18,13.3,160.8,100300.0,2026-09-21 18:00:00,2026-09-21 18:00:00,1003.0
20260921,180000,75W,34,2026,9,21,18,13.9,159.1,100500.0,2026-09-21 18:00:00,2026-09-21 18:00:00,1005.0
20260921,180000,75W,34,2026,9,21,18,13.9,158.3,100100.0,2026-09-21 18:00:00,2026-09-21 18:00:00,1001.0
20260921,180000,75W,34,2026,9,21,18,15.6,156.0,99900.0,2026-09-21 18:00:00,2026-09-21 18:00:00,999.0
20260921,180000,75W,34,2026,9,21,18,14.700000000000001,154.6,99900.0,2026-09-21 18:00:00,2026-09-21 18:00:00,999.0
20260921,180000,75W,34,2026,9,21,18,15.6,153.0,99300.0,2026-09-21 18:00:00,2026-09-21 18:00:00,993.0
20260921,180000,75W,34,2026,9,21,18,15.9,151.8,98800.0,2026-09-21 18:00:00,2026-09-21 18:00:00,988.0
20260921,180000,75W,34,2026,9,21,18,16.7,150.1,98200.0,2026-09-21 18:00:00,2026-09-21 18:00:00,982.0
20260921,180000,75W,36,2026,9,21,18,9.700000000000001,166.5,101000.0,2026-09-21 18:00:00,2026-09-21 18:00:00,1010.0
20260921,180000,75W,36,2026,9,21,18,11.1,165.0,100800.0,2026-09-21 18:00:00,2026-09-21 18:00:00,1008.0
20260921,180000,75W,36,2026,9,21,18,11.4,163.9,100600.0,2026-09-21 18:00:00,2026-09-21 18:00:00,1006.0
20260921,180000,75W,36,2026,9,21,18,13.0,163.6,100800.0,2026-09-21 18:00:00,2026-09-21 18:00:00,1008.0
20260921,180000,75W,36,2026,9,21,18,13.200000000000001,163.20000000000002,100600.0,2026-09-21 18:00:00,2026-09-21 18:00:00,1006.0
20260921,180000,75W,36,2026,9,21,18,13.9,163.6,100700.0,2026-09-21 18:00:00,2026-09-21 18:00:00,1007.0
20260921,180000,75W,36,2026,9,21,18,14.5,163.9,100600.0,2026-09-21 18:00:00,2026-09-21 18:00:00,1006.0
20260921,180000,75W,36,2026,9,21,18,15.3,163.4,100700.0,2026-09-21 18:00:00,2026-09-21 18:00:00,1007.0
20260921,180000,75W,36,2026,9,21,18,15.0,163.6,100300.0,2026-09-21 18:00:00,2026-09-21 18:00:00,1003.0
20260921,180000,75W,36,2026,9,21,18,14.700000000000001,163.4,100200.0,2026-09-21 18:00:00,2026-09-21 18:00:00,1002.0
20260921,180000,75W,36,2026,9,21,18,14.200000000000001,163.9,99600.0,2026-09-21 18:00:00,2026-09-21 18:00:00,996.0
20260921,180000,75W,36,2026,9,21,18,13.6,163.4,99400.0,2026-09-21 18:00:00,2026-09-21 18:00:00,994.0
20260921,180000,75W,36,2026,9,21,18,12.8,163.4,98900.0,2026-09-21 18:00:00,2026-09-21 18:00:00,989.0
20260921,180000,75W,36,2026,9,21,18,11.9,163.4,99200.0,2026-09-21 18:00:00,2026-09-21 18:00:00,992.0
20260921,180000,75W,36,2026,9,21,18,11.4,162.8,98500.0,2026-09-21 18:00:00,2026-09-21 18:00:00,985.0
20260921,180000,75W,36,2026,9,21,18,11.1,162.5,98300.0,2026-09-21 18:00:00,2026-09-21 18:00:00,983.0
20260921,180000,75W,36,2026,9,21,18,10.8,162.20000000000002,98300.0,2026-09-21 18:00:00,2026-09-21 18:00:00,983.0
20260921,180000,75W,36,2026,9,21,18,11.1,161.70000000000002,99000.0,2026-09-21 18:00:00,2026-09-21 18:00:00,990.0
20260921,180000,75W,36,2026,9,21,18,10.8,161.4,98600.0,2026-09-21 18:00:00,2026-09-21 18:00:00,986.0
20260921,180000,75W,36,2026,9,21,18,10.8,161.4,99000.0,2026-09-21 18:00:00,2026-09-21 18:00:00,990.0
20260921,180000,75W,36,2026,9,21,18,11.1,161.1,98800.0,2026-09-21 18:00:00,2026-09-21 18:00:00,988.0
20260921,180000,75W,36,2026,9,21,18,11.6,160.8,99000.0,2026-09-21 18:00:00,2026-09-21 18:00:00,990.0
20260921,180000,75W,36,2026,9,21,18,12.200000000000001,160.5,98400.0,2026-09-21 18:00:00,2026-09-21 18:00:00,984.0
20260921,180000,75W,36,2026,9,21,18,12.8,160.3,98100.0,2026-09-21 18:00:00,2026-09-21 18:00:00,981.0
20260921,180000,75W,36,2026,9,21,18,14.200000000000001,160.0,97500.0,2026-09-21 18:00:00,2026-09-21 18:00:00,975.0
20260921,180000,75W,37,2026,9,21,18,13.0,162.20000000000002,100900.0,2026-09-21 18:00:00,2026-09-21 18:00:00,1009.0
20260921,180000,75W,37,2026,9,21,18,11.9,165.0,100600.0,2026-09-21 18:00:00,2026-09-21 18:00:00,1006.0
20260921,180000,75W,37,2026,9,21,18,13.9,164.8,100800.0,2026-09-21 18:00:00,2026-09-21 18:00:00,1008.0
20260921,180000,75W,37,2026,9,21,18,13.6,164.8,100600.0,2026-09-21 18:00:00,2026-09-21 18:00:00,1006.0
20260921,180000,75W,37,2026,9,21,18,13.9,165.6,100800.0,2026-09-21 18:00:00,2026-09-21 18:00:00,1008.0
20260921,180000,75W,37,2026,9,21,18,16.4,164.8,100600.0,2026-09-21 18:00:00,2026-09-21 18:00:00,1006.0
20260921,180000,75W,37,2026,9,21,18,17.3,165.0,100400.0,2026-09-21 18:00:00,2026-09-21 18:00:00,1004.0
20260921,180000,75W,37,2026,9,21,18,18.7,163.4,100500.0,2026-09-21 18:00:00,2026-09-21 18:00:00,1005.0
20260921,180000,75W,38,2026,9,21,18,13.3,167.3,100900.0,2026-09-21 18:00:00,2026-09-21 18:00:00,1009.0
20260921,180000,75W,38,2026,9,21,18,13.6,169.8,100700.0,2026-09-21 18:00:00,2026-09-21 18:00:00,1007.0
20260921,180000,75W,38,2026,9,21,18,14.200000000000001,167.3,100600.0,2026-09-21 18:00:00,2026-09-21 18:00:00,1006.0
20260921,180000,75W,38,2026,9,21,18,15.3,167.9,100400.0,2026-09-21 18:00:00,2026-09-21 18:00:00,1004.0
20260921,180000,75W,38,2026,9,21,18,15.0,165.6,100500.0,2026-09-21 18:00:00,2026-09-21 18:00:00,1005.0
20260921,180000,75W,39,2026,9,21,18,14.200000000000001,167.9,101200.0,2026-09-21 18:00:00,2026-09-21 18:00:00,1012.0
20260921,180000,75W,39,2026,9,21,18,16.1,165.3,100900.0,2026-09-21 18:00:00,2026-09-21 18:00:00,1009.0
20260921,180000,75W,39,2026,9,21,18,16.4,164.8,101000.0,2026-09-21 18:00:00,2026-09-21 18:00:00,1010.0
20260921,180000,75W,39,2026,9,21,18,16.1,165.0,100800.0,2026-09-21 18:00:00,2026-09-21 18:00:00,1008.0
20260921,180000,75W,39,2026,9,21,18,16.7,163.4,100900.0,2026-09-21 18:00:00,2026-09-21 18:00:00,1009.0
20260921,180000,75W,39,2026,9,21,18,16.4,163.4,100600.0,2026-09-21 18:00:00,2026-09-21 18:00:00,1006.0
20260921,180000,75W,39,2026,9,21,18,16.4,162.8,100800.0,2026-09-21 18:00:00,2026-09-21 18:00:00,1008.0
20260921,180000,75W,39,2026,9,21,18,16.7,161.4,100600.0,2026-09-21 18:00:00,2026-09-21 18:00:00,1006.0
20260921,180000,75W,39,2026,9,21,18,16.7,156.6,100300.0,2026-09-21 18:00:00,2026-09-21 18:00:00,1003.0
20260921,180000,75W,40,2026,9,21,18,15.0,151.5,101000.0,2026-09-21 18:00:00,2026-09-21 18:00:00,1010.0
20260921,180000,75W,40,2026,9,21,18,16.7,152.4,101000.0,2026-09-21 18:00:00,2026-09-21 18:00:00,1010.0
20260921,180000,75W,40,2026,9,21,18,15.6,152.4,100700.0,2026-09-21 18:00:00,2026-09-21 18:00:00,1007.0
20260921,180000,75W,40,2026,9,21,18,15.9,152.4,100900.0,2026-09-21 18:00:00,2026-09-21 18:00:00,1009.0
20260921,180000,75W,40,2026,9,21,18,15.9,152.4,100700.0,2026-09-21 18:00:00,2026-09-21 18:00:00,1007.0
20260921,180000,75W,40,2026,9,21,18,15.9,152.4,100800.0,2026-09-21 18:00:00,2026-09-21 18:00:00,1008.0
20260921,180000,75W,40,2026,9,21,18,14.5,149.6,100600.0,2026-09-21 18:00:00,2026-09-21 18:00:00,1006.0
20260921,180000,75W,40,2026,9,21,18,13.3,147.3,100300.0,2026-09-21 18:00:00,2026-09-21 18:00:00,1003.0
20260921,180000,75W,40,2026,9,21,18,11.9,146.5,100300.0,2026-09-21 18:00:00,2026-09-21 18:00:00,1003.0
20260921,180000,75W,40,2026,9,21,18,12.8,146.5,100500.0,2026-09-21 18:00:00,2026-09-21 18:00:00,1005.0
20260921,180000,75W,40,2026,9,21,18,13.6,146.20000000000002,100300.0,2026-09-21 18:00:00,2026-09-21 18:00:00,1003.0
20260921,180000,75W,40,2026,9,21,18,14.200000000000001,146.20000000000002,100600.0,2026-09-21 18:00:00,2026-09-21 18:00:00,1006.0
20260921,180000,75W,40,2026,9,21,18,12.5,145.6,100400.0,2026-09-21 18:00:00,2026-09-21 18:00:00,1004.0
20260921,180000,75W,40,2026,9,21,18,13.9,147.6,100100.0,2026-09-21 18:00:00,2026-09-21 18:00:00,1001.0
20260921,180000,75W,40,2026,9,21,18,14.5,149.0,100300.0,2026-09-21 18:00:00,2026-09-21 18:00:00,1003.0
20260921,180000,75W,40,2026,9,21,18,14.5,149.9,100000.0,2026-09-21 18:00:00,2026-09-21 18:00:00,1000.0
20260921,180000,75W,40,2026,9,21,18,15.3,151.8,100000.0,2026-09-21 18:00:00,2026-09-21 18:00:00,1000.0
20260921,180000,75W,40,2026,9,21,18,16.7,152.70000000000002,99800.0,2026-09-21 18:00:00,2026-09-21 18:00:00,998.0
20260921,180000,75W,40,2026,9,21,18,17.0,153.8,100000.0,2026-09-21 18:00:00,2026-09-21 18:00:00,1000.0
20260921,180000,75W,40,2026,9,21,18,17.6,154.4,99900.0,2026-09-21 18:00:00,2026-09-21 18:00:00,999.0
20260921,180000,75W,40,2026,9,21,18,18.3,158.1,100100.0,2026-09-21 18:00:00,2026-09-21 18:00:00,1001.0
20260921,180000,75W,40,2026,9,21,18,18.400000000000002,159.4,100000.0,2026-09-21 18:00:00,2026-09-21 18:00:00,1000.0
20260921,180000,75W,42,2026,9,21,18,13.3,153.8,100800.0,2026-09-21 18:00:00,2026-09-21 18:00:00,1008.0
20260921,180000,75W,42,2026,9,21,18,13.0,156.6,100700.0,2026-09-21 18:00:00,2026-09-21 18:00:00,1007.0
20260921,180000,75W,42,2026,9,21,18,13.6,156.0,100800.0,2026-09-21 18:00:00,2026-09-21 18:00:00,1008.0
20260921,180000,75W,42,2026,9,21,18,12.8,152.4,100700.0,2026-09-21 18:00:00,2026-09-21 18:00:00,1007.0
20260921,180000,75W,42,2026,9,21,18,13.6,151.5,100900.0,2026-09-21 18:00:00,2026-09-21 18:00:00,1009.0
20260921,180000,75W,42,2026,9,21,18,13.0,152.1,100500.0,2026-09-21 18:00:00,2026-09-21 18:00:00,1005.0
20260921,180000,75W,42,2026,9,21,18,13.0,150.4,100800.0,2026-09-21 18:00:00,2026-09-21 18:00:00,1008.0
20260921,180000,75W,42,2026,9,21,18,12.9,151.20000000000002,100600.0,2026-09-21 18:00:00,2026-09-21 18:00:00,1006.0
20260921,180000,75W,42,2026,9,21,18,13.1,152.20000000000002,100800.0,2026-09-21 18:00:00,2026-09-21 18:00:00,1008.0
20260921,180000,75W,42,2026,9,21,18,13.6,152.1,100500.0,2026-09-21 18:00:00,2026-09-21 18:00:00,1005.0
20260921,180000,75W,42,2026,9,21,18,13.6,151.0,100600.0,2026-09-21 18:00:00,2026-09-21 18:00:00,1006.0
20260921,180000,75W,42,2026,9,21,18,13.3,150.1,100200.0,2026-09-21 18:00:00,2026-09-21 18:00:00,1002.0
20260921,180000,75W,43,2026,9,21,18,13.6,164.8,100600.0,2026-09-21 18:00:00,2026-09-21 18:00:00,1006.0
20260921,180000,75W,43,2026,9,21,18,13.9,164.20000000000002,100800.0,2026-09-21 18:00:00,2026-09-21 18:00:00,1008.0
20260921,180000,75W,43,2026,9,21,18,14.700000000000001,165.0,100500.0,2026-09-21 18:00:00,2026-09-21 18:00:00,1005.0
20260921,180000,75W,43,2026,9,21,18,15.0,165.6,100600.0,2026-09-21 18:00:00,2026-09-21 18:00:00,1006.0
20260921,180000,75W,43,2026,9,21,18,15.3,165.9,100400.0,2026-09-21 18:00:00,2026-09-21 18:00:00,1004.0
20260921,180000,75W,43,2026,9,21,18,15.9,165.9,100400.0,2026-09-21 18:00:00,2026-09-21 18:00:00,1004.0
20260921,180000,75W,43,2026,9,21,18,16.1,166.70000000000002,100200.0,2026-09-21 18:00:00,2026-09-21 18:00:00,1002.0
20260921,180000,75W,43,2026,9,21,18,16.4,165.9,100200.0,2026-09-21 18:00:00,2026-09-21 18:00:00,1002.0
20260921,180000,75W,43,2026,9,21,18,16.4,165.9,100000.0,2026-09-21 18:00:00,2026-09-21 18:00:00,1000.0
20260921,180000,75W,43,2026,9,21,18,15.9,166.5,100200.0,2026-09-21 18:00:00,2026-09-21 18:00:00,1002.0
20260921,180000,75W,43,2026,9,21,18,15.9,166.70000000000002,99800.0,2026-09-21 18:00:00,2026-09-21 18:00:00,998.0
20260921,180000,75W,43,2026,9,21,18,15.3,166.70000000000002,99700.0,2026-09-21 18:00:00,2026-09-21 18:00:00,997.0
20260921,180000,75W,43,2026,9,21,18,15.6,167.3,99100.0,2026-09-21 18:00:00,2026-09-21 18:00:00,991.0
20260921,180000,75W,43,2026,9,21,18,14.5,167.6,98900.0,2026-09-21 18:00:00,2026-09-21 18:00:00,989.0
20260921,180000,75W,43,2026,9,21,18,15.0,167.9,98300.0,2026-09-21 18:00:00,2026-09-21 18:00:00,983.0
20260921,180000,75W,43,2026,9,21,18,14.700000000000001,167.9,97800.0,2026-09-21 18:00:00,2026-09-21 18:00:00,978.0
20260921,180000,75W,43,2026,9,21,18,15.0,168.1,96800.0,2026-09-21 18:00:00,2026-09-21 18:00:00,968.0
20260921,180000,75W,43,2026,9,21,18,15.0,168.4,96900.0,2026-09-21 18:00:00,2026-09-21 18:00:00,969.0
20260921,180000,75W,43,2026,9,21,18,15.3,168.70000000000002,96600.0,2026-09-21 18:00:00,2026-09-21 18:00:00,966.0
20260921,180000,75W,43,2026,9,21,18,15.3,168.70000000000002,96100.0,2026-09-21 18:00:00,2026-09-21 18:00:00,961.0
20260921,180000,75W,43,2026,9,21,18,15.6,168.4,95900.0,2026-09-21 18:00:00,2026-09-21 18:00:00,959.0
20260921,180000,75W,43,2026,9,21,18,15.3,168.4,96100.0,2026-09-21 18:00:00,2026-09-21 18:00:00,961.0
20260921,180000,75W,43,2026,9,21,18,15.3,167.6,96100.0,2026-09-21 18:00:00,2026-09-21 18:00:00,961.0
20260921,180000,75W,44,2026,9,21,18,14.700000000000001,156.0,100400.0,2026-09-21 18:00:00,2026-09-21 18:00:00,1004.0
20260921,180000,75W,44,2026,9,21,18,14.5,155.8,100100.0,2026-09-21 18:00:00,2026-09-21 18:00:00,1001.0
20260921,180000,75W,44,2026,9,21,18,15.6,156.6,100300.0,2026-09-21 18:00:00,2026-09-21 18:00:00,1003.0
20260921,180000,75W,44,2026,9,21,18,16.1,154.70000000000002,99900.0,2026-09-21 18:00:00,2026-09-21 18:00:00,999.0
20260921,180000,75W,44,2026,9,21,18,16.7,153.20000000000002,99800.0,2026-09-21 18:00:00,2026-09-21 18:00:00,998.0
20260921,180000,75W,44,2026,9,21,18,17.0,153.20000000000002,99100.0,2026-09-21 18:00:00,2026-09-21 18:00:00,991.0
20260921,180000,75W,44,2026,9,21,18,18.1,152.4,99500.0,2026-09-21 18:00:00,2026-09-21 18:00:00,995.0
20260921,180000,75W,44,2026,9,21,18,18.3,150.9,99200.0,2026-09-21 18:00:00,2026-09-21 18:00:00,992.0
20260921,180000,75W,44,2026,9,21,18,18.7,149.9,99300.0,2026-09-21 18:00:00,2026-09-21 18:00:00,993.0
20260921,180000,75W,44,2026,9,21,18,18.7,148.20000000000002,98800.0,2026-09-21 18:00:00,2026-09-21 18:00:00,988.0
20260921,180000,75W,44,2026,9,21,18,19.5,147.0,98600.0,2026-09-21 18:00:00,2026-09-21 18:00:00,986.0
20260921,180000,75W,44,2026,9,21,18,19.6,146.0,98100.0,2026-09-21 18:00:00,2026-09-21 18:00:00,981.0
20260921,180000,75W,44,2026,9,21,18,20.400000000000002,144.5,98200.0,2026-09-21 18:00:00,2026-09-21 18:00:00,982.0
20260921,180000,75W,44,2026,9,21,18,20.400000000000002,143.1,97400.0,2026-09-21 18:00:00,2026-09-21 18:00:00,974.0
20260921,180000,75W,44,2026,9,21,18,20.7,141.70000000000002,97100.0,2026-09-21 18:00:00,2026-09-21 18:00:00,971.0
20260921,180000,75W,44,2026,9,21,18,20.900000000000002,140.0,96800.0,2026-09-21 18:00:00,2026-09-21 18:00:00,968.0
20260921,180000,75W,44,2026,9,21,18,20.900000000000002,138.9,96600.0,2026-09-21 18:00:00,2026-09-21 18:00:00,966.0
20260921,180000,75W,44,2026,9,21,18,21.2,137.8,96600.0,2026-09-21 18:00:00,2026-09-21 18:00:00,966.0
20260921,180000,75W,44,2026,9,21,18,20.900000000000002,136.6,96300.0,2026-09-21 18:00:00,2026-09-21 18:00:00,963.0
20260921,180000,75W,44,2026,9,21,18,20.8,135.6,96000.0,2026-09-21 18:00:00,2026-09-21 18:00:00,960.0
20260921,180000,75W,44,2026,9,21,18,20.900000000000002,134.4,95300.0,2026-09-21 18:00:00,2026-09-21 18:00:00,953.0
20260921,180000,75W,44,2026,9,21,18,20.900000000000002,133.8,94800.0,2026-09-21 18:00:00,2026-09-21 18:00:00,948.0
20260921,180000,75W,44,2026,9,21,18,20.900000000000002,132.7,95200.0,2026-09-21 18:00:00,2026-09-21 18:00:00,952.0
20260921,180000,75W,44,2026,9,21,18,21.2,131.9,94500.0,2026-09-21 18:00:00,2026-09-21 18:00:00,945.0
20260921,180000,75W,44,2026,9,21,18,20.900000000000002,131.0,94500.0,2026-09-21 18:00:00,2026-09-21 18:00:00,945.0
20260921,180000,75W,44,2026,9,21,18,21.5,129.9,94500.0,2026-09-21 18:00:00,2026-09-21 18:00:00,945.0
20260921,180000,75W,45,2026,9,21,18,8.0,165.3,100900.0,2026-09-21 18:00:00,2026-09-21 18:00:00,1009.0
20260921,180000,75W,45,2026,9,21,18,7.4,163.4,100800.0,2026-09-21 18:00:00,2026-09-21 18:00:00,1008.0
20260921,180000,75W,46,2026,9,21,18,10.8,179.70000000000002,100800.0,2026-09-21 18:00:00,2026-09-21 18:00:00,1008.0
20260921,180000,75W,46,2026,9,21,18,10.8,180.79999999999998,100900.0,2026-09-21 18:00:00,2026-09-21 18:00:00,1009.0
20260921,180000,75W,46,2026,9,21,18,11.9,180.2,100800.0,2026-09-21 18:00:00,2026-09-21 18:00:00,1008.0
20260921,180000,75W,46,2026,9,21,18,10.5,181.6,100600.0,2026-09-21 18:00:00,2026-09-21 18:00:00,1006.0
20260921,180000,75W,47,2026,9,21,18,9.700000000000001,180.0,100800.0,2026-09-21 18:00:00,2026-09-21 18:00:00,1008.0
20260921,180000,75W,47,2026,9,21,18,9.700000000000001,180.0,100800.0,2026-09-21 18:00:00,2026-09-21 18:00:00,1008.0
20260921,180000,75W,47,2026,9,21,18,9.700000000000001,179.1,100900.0,2026-09-21 18:00:00,2026-09-21 18:00:00,1009.0
20260921,180000,75W,47,2026,9,21,18,8.8,177.70000000000002,100800.0,2026-09-21 18:00:00,2026-09-21 18:00:00,1008.0
20260921,180000,75W,47,2026,9,21,18,9.4,179.1,100800.0,2026-09-21 18:00:00,2026-09-21 18:00:00,1008.0
20260921,180000,75W,47,2026,9,21,18,10.0,178.0,100800.0,2026-09-21 18:00:00,2026-09-21 18:00:00,1008.0
20260921,180000,75W,48,2026,9,21,18,12.8,153.8,100900.0,2026-09-21 18:00:00,2026-09-21 18:00:00,1009.0
20260921,180000,75W,48,2026,9,21,18,12.5,155.8,101100.0,2026-09-21 18:00:00,2026-09-21 18:00:00,1011.0
20260921,180000,75W,49,2026,9,21,18,16.4,148.5,101000.0,2026-09-21 18:00:00,2026-09-21 18:00:00,1010.0
20260921,180000,75W,49,2026,9,21,18,16.7,147.3,100700.0,2026-09-21 18:00:00,2026-09-21 18:00:00,1007.0
20260921,180000,75W,49,2026,9,21,18,16.1,146.8,100800.0,2026-09-21 18:00:00,2026-09-21 18:00:00,1008.0
20260921,180000,75W,49,2026,9,21,18,16.4,146.5,100400.0,2026-09-21 18:00:00,2026-09-21 18:00:00,1004.0
20260921,180000,75W,49,2026,9,21,18,16.1,144.8,100400.0,2026-09-21 18:00:00,2026-09-21 18:00:00,1004.0
20260921,180000,75W,49,2026,9,21,18,15.9,144.0,99900.0,2026-09-21 18:00:00,2026-09-21 18:00:00,999.0
20260921,180000,75W,49,2026,9,21,18,16.1,143.4,100100.0,2026-09-21 18:00:00,2026-09-21 18:00:00,1001.0
20260921,180000,75W,49,2026,9,21,18,15.9,142.5,99800.0,2026-09-21 18:00:00,2026-09-21 18:00:00,998.0
20260921,180000,75W,49,2026,9,21,18,16.4,142.3,100000.0,2026-09-21 18:00:00,2026-09-21 18:00:00,1000.0
20260921,180000,75W,49,2026,9,21,18,17.0,141.1,99800.0,2026-09-21 18:00:00,2026-09-21 18:00:00,998.0
20260921,180000,75W,49,2026,9,21,18,16.7,140.0,99400.0,2026-09-21 18:00:00,2026-09-21 18:00:00,994.0
20260921,180000,75W,49,2026,9,21,18,17.0,139.20000000000002,98900.0,2026-09-21 18:00:00,2026-09-21 18:00:00,989.0
20260921,180000,75W,49,2026,9,21,18,17.3,138.9,98400.0,2026-09-21 18:00:00,2026-09-21 18:00:00,984.0
20260921,180000,75W,49,2026,9,21,18,17.6,138.9,97900.0,2026-09-21 18:00:00,2026-09-21 18:00:00,979.0
20260921,180000,75W,49,2026,9,21,18,17.8,138.6,97800.0,2026-09-21 18:00:00,2026-09-21 18:00:00,978.0
20260921,180000,75W,49,2026,9,21,18,18.1,138.6,97700.0,2026-09-21 18:00:00,2026-09-21 18:00:00,977.0
20260921,180000,75W,49,2026,9,21,18,18.1,138.3,97800.0,2026-09-21 18:00:00,2026-09-21 18:00:00,978.0
20260921,180000,75W,49,2026,9,21,18,18.400000000000002,138.0,97200.0,2026-09-21 18:00:00,2026-09-21 18:00:00,972.0
20260921,180000,75W,49,2026,9,21,18,18.400000000000002,137.8,96900.0,2026-09-21 18:00:00,2026-09-21 18:00:00,969.0
20260921,180000,75W,49,2026,9,21,18,19.0,137.5,96300.0,2026-09-21 18:00:00,2026-09-21 18:00:00,963.0
20260921,180000,75W,49,2026,9,21,18,19.2,136.6,96300.0,2026-09-21 18:00:00,2026-09-21 18:00:00,963.0
20260921,180000,75W,49,2026,9,21,18,19.5,136.1,96300.0,2026-09-21 18:00:00,2026-09-21 18:00:00,963.0
20260921,180000,75W,49,2026,9,21,18,19.8,135.5,96300.0,2026-09-21 18:00:00,2026-09-21 18:00:00,963.0
20260921,180000,75W,49,2026,9,21,18,20.400000000000002,134.7,96000.0,2026-09-21 18:00:00,2026-09-21 18:00:00,960.0
20260921,180000,75W,49,2026,9,21,18,20.900000000000002,133.8,95900.0,2026-09-21 18:00:00,2026-09-21 18:00:00,959.0
20260921,180000,75W,49,2026,9,21,18,20.900000000000002,132.7,95800.0,2026-09-21 18:00:00,2026-09-21 18:00:00,958.0
20260921,180000,75W,49,2026,9,21,18,20.900000000000002,132.1,96000.0,2026-09-21 18:00:00,2026-09-21 18:00:00,960.0
20260921,180000,75W,49,2026,9,21,18,21.2,131.0,95800.0,2026-09-21 18:00:00,2026-09-21 18:00:00,958.0
20260921,180000,75W,49,2026,9,21,18,20.900000000000002,129.6,95800.0,2026-09-21 18:00:00,2026-09-21 18:00:00,958.0
20260921,180000,75W,49,2026,9,21,18,21.2,128.8,95700.0,2026-09-21 18:00:00,2026-09-21 18:00:00,957.0
20260921,180000,75W,50,2026,9,21,18,9.1,168.1,100900.0,2026-09-21 18:00:00,2026-09-21 18:00:00,1009.0
20260921,180000,75W,50,2026,9,21,18,11.200000000000001,169.70000000000002,100700.0,2026-09-21 18:00:00,2026-09-21 18:00:00,1007.0
20260921,180000,75W,50,2026,9,21,18,11.1,170.4,100600.0,2026-09-21 18:00:00,2026-09-21 18:00:00,1006.0
20260921,180000,75W,50,2026,9,21,18,11.1,168.4,100700.0,2026-09-21 18:00:00,2026-09-21 18:00:00,1007.0
20260921,180000,75W,50,2026,9,21,18,11.1,169.3,100500.0,2026-09-21 18:00:00,2026-09-21 18:00:00,1005.0
20260921,180000,75W,50,2026,9,21,18,12.6,169.8,100600.0,2026-09-21 18:00:00,2026-09-21 18:00:00,1006.0
20260921,180000,75W,50,2026,9,21,18,12.8,170.1,100400.0,2026-09-21 18:00:00,2026-09-21 18:00:00,1004.0
20260921,180000,75W,50,2026,9,21,18,13.3,170.1,100300.0,2026-09-21 18:00:00,2026-09-21 18:00:00,1003.0
20260921,180000,75W,50,2026,9,21,18,13.9,169.8,100000.0,2026-09-21 18:00:00,2026-09-21 18:00:00,1000.0
20260921,180000,75W,50,2026,9,21,18,13.9,169.8,100000.0,2026-09-21 18:00:00,2026-09-21 18:00:00,1000.0
20260921,180000,75W,50,2026,9,21,18,14.200000000000001,170.1,99900.0,2026-09-21 18:00:00,2026-09-21 18:00:00,999.0
20260921,180000,75W,50,2026,9,21,18,14.700000000000001,170.1,99900.0,2026-09-21 18:00:00,2026-09-21 18:00:00,999.0
20260921,180000,75W,50,2026,9,21,18,14.700000000000001,170.1,99700.0,2026-09-21 18:00:00,2026-09-21 18:00:00,997.0
20260921,180000,75W,50,2026,9,21,18,15.3,169.5,99600.0,2026-09-21 18:00:00,2026-09-21 18:00:00,996.0
20260921,180000,75W,50,2026,9,21,18,15.6,169.8,99300.0,2026-09-21 18:00:00,2026-09-21 18:00:00,993.0
20260921,180000,75W,50,2026,9,21,18,16.1,169.5,99400.0,2026-09-21 18:00:00,2026-09-21 18:00:00,994.0
20260921,180000,75W,50,2026,9,21,18,16.4,169.0,98900.0,2026-09-21 18:00:00,2026-09-21 18:00:00,989.0
20260921,180000,75W,50,2026,9,21,18,17.0,168.4,99100.0,2026-09-21 18:00:00,2026-09-21 18:00:00,991.0
20260921,180000,75W,50,2026,9,21,18,17.3,167.3,98800.0,2026-09-21 18:00:00,2026-09-21 18:00:00,988.0
20260921,180000,75W,50,2026,9,21,18,18.1,166.5,98900.0,2026-09-21 18:00:00,2026-09-21 18:00:00,989.0
20260921,180000,75W,50,2026,9,21,18,19.0,164.20000000000002,98700.0,2026-09-21 18:00:00,2026-09-21 18:00:00,987.0
20260921,180000,75W,50,2026,9,21,18,19.5,162.5,98900.0,2026-09-21 18:00:00,2026-09-21 18:00:00,989.0
20260921,180000,75W,50,2026,9,21,18,20.400000000000002,160.8,98500.0,2026-09-21 18:00:00,2026-09-21 18:00:00,985.0
20260921,180000,75W,50,2026,9,21,18,21.5,158.9,98800.0,2026-09-21 18:00:00,2026-09-21 18:00:00,988.0
20260921,180000,75W,50,2026,9,21,18,22.3,157.20000000000002,98700.0,2026-09-21 18:00:00,2026-09-21 18:00:00,987.0
20260921,180000,75W,50,2026,9,21,18,23.2,155.8,98500.0,2026-09-21 18:00:00,2026-09-21 18:00:00,985.0
20260921,180000,75W,50,2026,9,21,18,24.0,154.9,98100.0,2026-09-21 18:00:00,2026-09-21 18:00:00,981.0
20260921,180000,75W,50,2026,9,21,18,25.400000000000002,153.5,98300.0,2026-09-21 18:00:00,2026-09-21 18:00:00,983.0
20260921,180000,75W,50,2026,9,21,18,26.6,152.4,98300.0,2026-09-21 18:00:00,2026-09-21 18:00:00,983.0
20260921,180000,75W,50,2026,9,21,18,27.7,151.5,98200.0,2026-09-21 18:00:00,2026-09-21 18:00:00,982.0
20260921,180000,75W,50,2026,9,21,18,28.8,151.8,98700.0,2026-09-21 18:00:00,2026-09-21 18:00:00,987.0
20260921,180000,75W,50,2026,9,21,18,30.2,152.4,97900.0,2026-09-21 18:00:00,2026-09-21 18:00:00,979.0
20260921,180000,75W,50,2026,9,21,18,31.5,154.0,98200.0,2026-09-21 18:00:00,2026-09-21 18:00:00,982.0
20260921,180000,75W,51,2026,9,21,18,13.0,163.1,101100.0,2026-09-21 18:00:00,2026-09-21 18:00:00,1011.0
20260921,180000,75W,51,2026,9,21,18,11.4,162.8,101000.0,2026-09-21 18:00:00,2026-09-21 18:00:00,1010.0
20260921,180000,75W,51,2026,9,21,18,12.200000000000001,160.0,100800.0,2026-09-21 18:00:00,2026-09-21 18:00:00,1008.0
20260921,180000,75W,51,2026,9,21,18,9.700000000000001,162.0,100800.0,2026-09-21 18:00:00,2026-09-21 18:00:00,1008.0
20260921,180000,75W,51,2026,9,21,18,10.3,164.20000000000002,100900.0,2026-09-21 18:00:00,2026-09-21 18:00:00,1009.0
20260921,180000,75W,51,2026,9,21,18,9.700000000000001,164.1,100700.0,2026-09-21 18:00:00,2026-09-21 18:00:00,1007.0
20260921,180000,75W,51,2026,9,21,18,10.8,165.6,101000.0,2026-09-21 18:00:00,2026-09-21 18:00:00,1010.0
20260921,180000,75W,51,2026,9,21,18,11.6,164.8,100900.0,2026-09-21 18:00:00,2026-09-21 18:00:00,1009.0
20260921,180000,75W,51,2026,9,21,18,15.0,163.9,101100.0,2026-09-21 18:00:00,2026-09-21 18:00:00,1011.0
20260921,180000,75W,51,2026,9,21,18,14.700000000000001,162.0,101000.0,2026-09-21 18:00:00,2026-09-21 18:00:00,1010.0
20260921,180000,75W,51,2026,9,21,18,13.0,164.6,100800.0,2026-09-21 18:00:00,2026-09-21 18:00:00,1008.0
20260921,180000,75W,51,2026,9,21,18,10.200000000000001,166.5,100600.0,2026-09-21 18:00:00,2026-09-21 18:00:00,1006.0
20260921,180000,75W,51,2026,9,21,18,9.700000000000001,167.6,100600.0,2026-09-21 18:00:00,2026-09-21 18:00:00,1006.0
20260921,180000,75W,51,2026,9,21,18,9.1,169.0,100300.0,2026-09-21 18:00:00,2026-09-21 18:00:00,1003.0
20260921,180000,76W,2,2026,9,21,18,15.3,156.3,100800.0,2026-09-21 18:00:00,2026-09-21 18:00:00,1008.0
20260921,180000,76W,2,2026,9,21,18,15.9,155.8,101100.0,2026-09-21 18:00:00,2026-09-21 18:00:00,1011.0
20260921,180000,76W,2,2026,9,21,18,16.7,155.20000000000002,100800.0,2026-09-21 18:00:00,2026-09-21 18:00:00,1008.0
20260921,180000,76W,2,2026,9,21,18,15.3,156.3,100700.0,2026-09-21 18:00:00,2026-09-21 18:00:00,1007.0
20260921,180000,76W,2,2026,9,21,18,15.9,156.3,100800.0,2026-09-21 18:00:00,2026-09-21 18:00:00,1008.0
20260921,180000,76W,2,2026,9,21,18,16.7,155.8,100600.0,2026-09-21 18:00:00,2026-09-21 18:00:00,1006.0
20260921,180000,76W,2,2026,9,21,18,16.4,156.6,100800.0,2026-09-21 18:00:00,2026-09-21 18:00:00,1008.0
20260921,180000,76W,2,2026,9,21,18,17.0,155.8,100500.0,2026-09-21 18:00:00,2026-09-21 18:00:00,1005.0
20260921,180000,76W,2,2026,9,21,18,17.3,156.3,100600.0,2026-09-21 18:00:00,2026-09-21 18:00:00,1006.0
20260921,180000,76W,2,2026,9,21,18,17.400000000000002,157.0,100300.0,2026-09-21 18:00:00,2026-09-21 18:00:00,1003.0
20260921,180000,76W,2,2026,9,21,18,18.400000000000002,156.9,100400.0,2026-09-21 18:00:00,2026-09-21 18:00:00,1004.0
20260921,180000,76W,2,2026,9,21,18,19.0,157.20000000000002,100200.0,2026-09-21 18:00:00,2026-09-21 18:00:00,1002.0
20260921,180000,76W,2,2026,9,21,18,19.5,158.3,100200.0,2026-09-21 18:00:00,2026-09-21 18:00:00,1002.0
20260921,180000,76W,2,2026,9,21,18,20.7,158.0,99700.0,2026-09-21 18:00:00,2026-09-21 18:00:00,997.0
20260921,180000,76W,2,2026,9,21,18,20.900000000000002,158.0,100000.0,2026-09-21 18:00:00,2026-09-21 18:00:00,1000.0
20260921,180000,76W,2,2026,9,21,18,22.1,158.3,99700.0,2026-09-21 18:00:00,2026-09-21 18:00:00,997.0
20260921,180000,76W,2,2026,9,21,18,22.6,157.5,99800.0,2026-09-21 18:00:00,2026-09-21 18:00:00,998.0
20260921,180000,76W,2,2026,9,21,18,23.2,156.9,99600.0,2026-09-21 18:00:00,2026-09-21 18:00:00,996.0
20260921,180000,76W,2,2026,9,21,18,23.8,156.9,99700.0,2026-09-21 18:00:00,2026-09-21 18:00:00,997.0
20260921,180000,76W,2,2026,9,21,18,24.6,156.0,99700.0,2026-09-21 18:00:00,2026-09-21 18:00:00,997.0
20260921,180000,76W,2,2026,9,21,18,25.400000000000002,154.9,99800.0,2026-09-21 18:00:00,2026-09-21 18:00:00,998.0
20260921,180000,76W,3,2026,9,21,18,13.0,162.0,100900.0,2026-09-21 18:00:00,2026-09-21 18:00:00,1009.0
20260921,180000,76W,3,2026,9,21,18,13.700000000000001,160.0,101000.0,2026-09-21 18:00:00,2026-09-21 18:00:00,1010.0
20260921,180000,76W,3,2026,9,21,18,11.4,158.9,100800.0,2026-09-21 18:00:00,2026-09-21 18:00:00,1008.0
20260921,180000,76W,3,2026,9,21,18,12.8,158.9,100900.0,2026-09-21 18:00:00,2026-09-21 18:00:00,1009.0
20260921,180000,76W,3,2026,9,21,18,12.200000000000001,160.0,100700.0,2026-09-21 18:00:00,2026-09-21 18:00:00,1007.0
20260921,180000,76W,5,2026,9,21,18,11.8,153.70000000000002,101100.0,2026-09-21 18:00:00,2026-09-21 18:00:00,1011.0
20260921,180000,76W,5,2026,9,21,18,14.200000000000001,156.9,100900.0,2026-09-21 18:00:00,2026-09-21 18:00:00,1009.0
20260921,180000,76W,5,2026,9,21,18,14.200000000000001,157.20000000000002,101200.0,2026-09-21 18:00:00,2026-09-21 18:00:00,1012.0
20260921,180000,76W,5,2026,9,21,18,14.5,157.6,101000.0,2026-09-21 18:00:00,2026-09-21 18:00:00,1010.0
20260921,180000,76W,5,2026,9,21,18,15.9,155.5,101200.0,2026-09-21 18:00:00,2026-09-21 18:00:00,1012.0
20260921,180000,76W,5,2026,9,21,18,15.3,156.3,101100.0,2026-09-21 18:00:00,2026-09-21 18:00:00,1011.0
20260921,180000,76W,5,2026,9,21,18,16.1,154.9,101200.0,2026-09-21 18:00:00,2026-09-21 18:00:00,1012.0
20260921,180000,76W,5,2026,9,21,18,15.9,153.20000000000002,101000.0,2026-09-21 18:00:00,2026-09-21 18:00:00,1010.0
20260921,180000,76W,5,2026,9,21,18,15.8,153.5,101100.0,2026-09-21 18:00:00,2026-09-21 18:00:00,1011.0
20260921,180000,76W,5,2026,9,21,18,16.1,153.8,100900.0,2026-09-21 18:00:00,2026-09-21 18:00:00,1009.0
20260921,180000,76W,5,2026,9,21,18,15.3,151.8,101000.0,2026-09-21 18:00:00,2026-09-21 18:00:00,1010.0
20260921,180000,76W,5,2026,9,21,18,14.700000000000001,151.8,100800.0,2026-09-21 18:00:00,2026-09-21 18:00:00,1008.0
20260921,180000,76W,5,2026,9,21,18,15.4,151.1,101000.0,2026-09-21 18:00:00,2026-09-21 18:00:00,1010.0
20260921,180000,76W,5,2026,9,21,18,15.700000000000001,150.9,100700.0,2026-09-21 18:00:00,2026-09-21 18:00:00,1007.0
20260921,180000,76W,5,2026,9,21,18,17.0,149.9,100900.0,2026-09-21 18:00:00,2026-09-21 18:00:00,1009.0
20260921,180000,76W,5,2026,9,21,18,17.0,146.8,100600.0,2026-09-21 18:00:00,2026-09-21 18:00:00,1006.0
20260921,180000,76W,5,2026,9,21,18,15.6,145.4,100700.0,2026-09-21 18:00:00,2026-09-21 18:00:00,1007.0
20260921,180000,76W,5,2026,9,21,18,15.0,144.8,100300.0,2026-09-21 18:00:00,2026-09-21 18:00:00,1003.0
20260921,180000,76W,5,2026,9,21,18,15.6,144.20000000000002,100500.0,2026-09-21 18:00:00,2026-09-21 18:00:00,1005.0
20260921,180000,76W,5,2026,9,21,18,15.6,143.1,100100.0,2026-09-21 18:00:00,2026-09-21 18:00:00,1001.0
20260921,180000,76W,5,2026,9,21,18,15.3,141.4,100000.0,2026-09-21 18:00:00,2026-09-21 18:00:00,1000.0
20260921,180000,76W,5,2026,9,21,18,14.700000000000001,140.9,99500.0,2026-09-21 18:00:00,2026-09-21 18:00:00,995.0
20260921,180000,76W,5,2026,9,21,18,14.700000000000001,140.0,99000.0,2026-09-21 18:00:00,2026-09-21 18:00:00,990.0
20260921,180000,76W,5,2026,9,21,18,14.700000000000001,139.5,98600.0,2026-09-21 18:00:00,2026-09-21 18:00:00,986.0
20260921,180000,76W,5,2026,9,21,18,14.700000000000001,138.9,98400.0,2026-09-21 18:00:00,2026-09-21 18:00:00,984.0
20260921,180000,76W,5,2026,9,21,18,14.700000000000001,138.6,97900.0,2026-09-21 18:00:00,2026-09-21 18:00:00,979.0
20260921,180000,76W,5,2026,9,21,18,14.700000000000001,138.0,97800.0,2026-09-21 18:00:00,2026-09-21 18:00:00,978.0
20260921,180000,76W,5,2026,9,21,18,14.700000000000001,138.0,97200.0,2026-09-21 18:00:00,2026-09-21 18:00:00,972.0
20260921,180000,76W,5,2026,9,21,18,14.700000000000001,137.5,97300.0,2026-09-21 18:00:00,2026-09-21 18:00:00,973.0
20260921,180000,76W,5,2026,9,21,18,15.3,137.20000000000002,97000.0,2026-09-21 18:00:00,2026-09-21 18:00:00,970.0
20260921,180000,76W,5,2026,9,21,18,16.1,136.4,96700.0,2026-09-21 18:00:00,2026-09-21 18:00:00,967.0
20260921,180000,76W,5,2026,9,21,18,16.7,136.1,96800.0,2026-09-21 18:00:00,2026-09-21 18:00:00,968.0
20260921,180000,76W,5,2026,9,21,18,17.6,135.0,96900.0,2026-09-21 18:00:00,2026-09-21 18:00:00,969.0
20260921,180000,76W,5,2026,9,21,18,18.400000000000002,134.1,96600.0,2026-09-21 18:00:00,2026-09-21 18:00:00,966.0
20260921,180000,76W,5,2026,9,21,18,19.5,133.0,96600.0,2026-09-21 18:00:00,2026-09-21 18:00:00,966.0
20260921,180000,76W,5,2026,9,21,18,20.400000000000002,132.1,96500.0,2026-09-21 18:00:00,2026-09-21 18:00:00,965.0
20260921,180000,76W,5,2026,9,21,18,21.8,131.3,96500.0,2026-09-21 18:00:00,2026-09-21 18:00:00,965.0
20260921,180000,76W,5,2026,9,21,18,22.3,130.7,96500.0,2026-09-21 18:00:00,2026-09-21 18:00:00,965.0
20260921,180000,76W,5,2026,9,21,18,23.2,130.2,96300.0,2026-09-21 18:00:00,2026-09-21 18:00:00,963.0
20260921,180000,76W,5,2026,9,21,18,23.8,129.7,96400.0,2026-09-21 18:00:00,2026-09-21 18:00:00,964.0
20260921,180000,76W,6,2026,9,21,18,15.200000000000001,162.8,101100.0,2026-09-21 18:00:00,2026-09-21 18:00:00,1011.0
20260921,180000,76W,6,2026,9,21,18,14.5,163.4,100900.0,2026-09-21 18:00:00,2026-09-21 18:00:00,1009.0
20260921,180000,76W,6,2026,9,21,18,13.3,162.20000000000002,100600.0,2026-09-21 18:00:00,2026-09-21 18:00:00,1006.0
20260921,180000,76W,6,2026,9,21,18,14.700000000000001,162.20000000000002,100100.0,2026-09-21 18:00:00,2026-09-21 18:00:00,1001.0
20260921,180000,76W,6,2026,9,21,18,14.700000000000001,162.0,100200.0,2026-09-21 18:00:00,2026-09-21 18:00:00,1002.0
20260921,180000,76W,6,2026,9,21,18,15.3,162.20000000000002,99900.0,2026-09-21 18:00:00,2026-09-21 18:00:00,999.0
20260921,180000,76W,6,2026,9,21,18,16.4,161.70000000000002,100000.0,2026-09-21 18:00:00,2026-09-21 18:00:00,1000.0
20260921,180000,76W,6,2026,9,21,18,16.1,160.8,99700.0,2026-09-21 18:00:00,2026-09-21 18:00:00,997.0
20260921,180000,76W,6,2026,9,21,18,16.7,161.0,99900.0,2026-09-21 18:00:00,2026-09-21 18:00:00,999.0
20260921,180000,76W,6,2026,9,21,18,17.7,161.4,99500.0,2026-09-21 18:00:00,2026-09-21 18:00:00,995.0
20260921,180000,76W,6,2026,9,21,18,18.7,160.0,99500.0,2026-09-21 18:00:00,2026-09-21 18:00:00,995.0
20260921,180000,76W,6,2026,9,21,18,19.2,160.8,99300.0,2026-09-21 18:00:00,2026-09-21 18:00:00,993.0
20260921,180000,76W,6,2026,9,21,18,20.1,160.3,99100.0,2026-09-21 18:00:00,2026-09-21 18:00:00,991.0
20260921,180000,76W,6,2026,9,21,18,20.900000000000002,160.0,98600.0,2026-09-21 18:00:00,2026-09-21 18:00:00,986.0
20260921,180000,76W,6,2026,9,21,18,21.2,159.70000000000002,98400.0,2026-09-21 18:00:00,2026-09-21 18:00:00,984.0
20260921,180000,76W,6,2026,9,21,18,22.1,159.4,98200.0,2026-09-21 18:00:00,2026-09-21 18:00:00,982.0
20260921,180000,76W,6,2026,9,21,18,22.6,159.4,98700.0,2026-09-21 18:00:00,2026-09-21 18:00:00,987.0
20260921,180000,76W,6,2026,9,21,18,23.8,159.1,98300.0,2026-09-21 18:00:00,2026-09-21 18:00:00,983.0
20260921,180000,76W,6,2026,9,21,18,24.6,159.1,98300.0,2026-09-21 18:00:00,2026-09-21 18:00:00,983.0
20260921,180000,76W,6,2026,9,21,18,26.3,158.9,97800.0,2026-09-21 18:00:00,2026-09-21 18:00:00,978.0
20260921,180000,76W,6,2026,9,21,18,27.7,158.9,97400.0,2026-09-21 18:00:00,2026-09-21 18:00:00,974.0
20260921,180000,76W,6,2026,9,21,18,30.0,158.9,97200.0,2026-09-21 18:00:00,2026-09-21 18:00:00,972.0
20260921,180000,76W,6,2026,9,21,18,31.6,159.70000000000002,97400.0,2026-09-21 18:00:00,2026-09-21 18:00:00,974.0
20260921,180000,76W,6,2026,9,21,18,34.2,161.1,97200.0,2026-09-21 18:00:00,2026-09-21 18:00:00,972.0
20260921,180000,76W,8,2026,9,21,18,12.200000000000001,154.1,101000.0,2026-09-21 18:00:00,2026-09-21 18:00:00,1010.0
20260921,180000,76W,8,2026,9,21,18,13.0,153.0,101200.0,2026-09-21 18:00:00,2026-09-21 18:00:00,1012.0
20260921,180000,76W,8,2026,9,21,18,14.5,154.4,101000.0,2026-09-21 18:00:00,2026-09-21 18:00:00,1010.0
20260921,180000,76W,8,2026,9,21,18,15.9,157.20000000000002,101100.0,2026-09-21 18:00:00,2026-09-21 18:00:00,1011.0
20260921,180000,76W,8,2026,9,21,18,16.4,155.20000000000002,100800.0,2026-09-21 18:00:00,2026-09-21 18:00:00,1008.0
20260921,180000,76W,8,2026,9,21,18,16.1,154.6,100900.0,2026-09-21 18:00:00,2026-09-21 18:00:00,1009.0
20260921,180000,76W,8,2026,9,21,18,15.5,155.4,100700.0,2026-09-21 18:00:00,2026-09-21 18:00:00,1007.0
20260921,180000,76W,8,2026,9,21,18,14.700000000000001,154.9,100600.0,2026-09-21 18:00:00,2026-09-21 18:00:00,1006.0
20260921,180000,76W,8,2026,9,21,18,14.700000000000001,154.9,100800.0,2026-09-21 18:00:00,2026-09-21 18:00:00,1008.0
20260921,180000,76W,8,2026,9,21,18,14.5,155.8,100600.0,2026-09-21 18:00:00,2026-09-21 18:00:00,1006.0
20260921,180000,76W,8,2026,9,21,18,14.700000000000001,155.8,100700.0,2026-09-21 18:00:00,2026-09-21 18:00:00,1007.0
20260921,180000,76W,8,2026,9,21,18,14.700000000000001,155.5,100500.0,2026-09-21 18:00:00,2026-09-21 18:00:00,1005.0
20260921,180000,76W,8,2026,9,21,18,14.700000000000001,155.5,100700.0,2026-09-21 18:00:00,2026-09-21 18:00:00,1007.0
20260921,180000,76W,8,2026,9,21,18,14.700000000000001,154.6,100400.0,2026-09-21 18:00:00,2026-09-21 18:00:00,1004.0
20260921,180000,76W,8,2026,9,21,18,15.3,154.6,100500.0,2026-09-21 18:00:00,2026-09-21 18:00:00,1005.0
20260921,180000,76W,8,2026,9,21,18,15.0,154.9,100100.0,2026-09-21 18:00:00,2026-09-21 18:00:00,1001.0
20260921,180000,76W,8,2026,9,21,18,15.3,155.20000000000002,100300.0,2026-09-21 18:00:00,2026-09-21 18:00:00,1003.0
20260921,180000,76W,8,2026,9,21,18,16.1,156.0,100200.0,2026-09-21 18:00:00,2026-09-21 18:00:00,1002.0
20260921,180000,76W,8,2026,9,21,18,17.0,156.0,99800.0,2026-09-21 18:00:00,2026-09-21 18:00:00,998.0
20260921,180000,76W,8,2026,9,21,18,17.3,155.4,100000.0,2026-09-21 18:00:00,2026-09-21 18:00:00,1000.0
20260921,180000,76W,8,2026,9,21,18,17.0,154.9,99600.0,2026-09-21 18:00:00,2026-09-21 18:00:00,996.0
20260921,180000,76W,8,2026,9,21,18,16.7,154.6,99700.0,2026-09-21 18:00:00,2026-09-21 18:00:00,997.0
20260921,180000,76W,8,2026,9,21,18,17.0,155.5,99400.0,2026-09-21 18:00:00,2026-09-21 18:00:00,994.0
20260921,180000,76W,8,2026,9,21,18,17.8,155.20000000000002,99500.0,2026-09-21 18:00:00,2026-09-21 18:00:00,995.0
20260921,180000,76W,8,2026,9,21,18,18.7,153.8,99200.0,2026-09-21 18:00:00,2026-09-21 18:00:00,992.0
20260921,180000,76W,8,2026,9,21,18,19.0,153.5,99200.0,2026-09-21 18:00:00,2026-09-21 18:00:00,992.0
20260921,180000,76W,8,2026,9,21,18,19.5,151.20000000000002,98800.0,2026-09-21 18:00:00,2026-09-21 18:00:00,988.0
20260921,180000,76W,8,2026,9,21,18,19.5,150.1,98800.0,2026-09-21 18:00:00,2026-09-21 18:00:00,988.0
20260921,180000,76W,8,2026,9,21,18,19.2,148.20000000000002,98600.0,2026-09-21 18:00:00,2026-09-21 18:00:00,986.0
20260921,180000,76W,8,2026,9,21,18,19.0,147.3,98700.0,2026-09-21 18:00:00,2026-09-21 18:00:00,987.0
20260921,180000,76W,8,2026,9,21,18,19.2,146.20000000000002,98100.0,2026-09-21 18:00:00,2026-09-21 18:00:00,981.0
20260921,180000,76W,8,2026,9,21,18,19.2,144.5,97800.0,2026-09-21 18:00:00,2026-09-21 18:00:00,978.0
20260921,180000,76W,8,2026,9,21,18,19.5,143.1,97200.0,2026-09-21 18:00:00,2026-09-21 18:00:00,972.0
20260921,180000,76W,10,2026,9,21,18,13.9,154.4,100900.0,2026-09-21 18:00:00,2026-09-21 18:00:00,1009.0
20260921,180000,76W,10,2026,9,21,18,13.3,156.0,100700.0,2026-09-21 18:00:00,2026-09-21 18:00:00,1007.0
20260921,180000,76W,10,2026,9,21,18,13.3,155.8,100600.0,2026-09-21 18:00:00,2026-09-21 18:00:00,1006.0
20260921,180000,76W,10,2026,9,21,18,12.8,156.6,100900.0,2026-09-21 18:00:00,2026-09-21 18:00:00,1009.0
20260921,180000,76W,10,2026,9,21,18,12.8,156.3,100700.0,2026-09-21 18:00:00,2026-09-21 18:00:00,1007.0
20260921,180000,76W,10,2026,9,21,18,13.3,155.8,100800.0,2026-09-21 18:00:00,2026-09-21 18:00:00,1008.0
20260921,180000,76W,10,2026,9,21,18,14.200000000000001,154.4,100500.0,2026-09-21 18:00:00,2026-09-21 18:00:00,1005.0
20260921,180000,76W,10,2026,9,21,18,14.5,153.8,100600.0,2026-09-21 18:00:00,2026-09-21 18:00:00,1006.0
20260921,180000,76W,10,2026,9,21,18,14.700000000000001,153.20000000000002,100400.0,2026-09-21 18:00:00,2026-09-21 18:00:00,1004.0
20260921,180000,76W,12,2026,9,21,18,13.0,167.0,100600.0,2026-09-21 18:00:00,2026-09-21 18:00:00,1006.0
20260921,180000,76W,12,2026,9,21,18,14.700000000000001,167.0,100400.0,2026-09-21 18:00:00,2026-09-21 18:00:00,1004.0
20260921,180000,76W,12,2026,9,21,18,13.9,169.0,100500.0,2026-09-21 18:00:00,2026-09-21 18:00:00,1005.0
20260921,180000,76W,12,2026,9,21,18,14.200000000000001,170.1,100300.0,2026-09-21 18:00:00,2026-09-21 18:00:00,1003.0
20260921,180000,76W,12,2026,9,21,18,14.5,171.0,100400.0,2026-09-21 18:00:00,2026-09-21 18:00:00,1004.0
20260921,180000,76W,12,2026,9,21,18,14.5,171.0,100300.0,2026-09-21 18:00:00,2026-09-21 18:00:00,1003.0
20260921,180000,76W,12,2026,9,21,18,13.3,172.4,100200.0,2026-09-21 18:00:00,2026-09-21 18:00:00,1002.0
20260921,180000,76W,12,2026,9,21,18,13.6,174.0,100100.0,2026-09-21 18:00:00,2026-09-21 18:00:00,1001.0
20260921,180000,76W,12,2026,9,21,18,13.0,174.9,100200.0,2026-09-21 18:00:00,2026-09-21 18:00:00,1002.0
20260921,180000,76W,12,2026,9,21,18,13.3,175.70000000000002,100000.0,2026-09-21 18:00:00,2026-09-21 18:00:00,1000.0
20260921,180000,76W,12,2026,9,21,18,13.9,176.0,100200.0,2026-09-21 18:00:00,2026-09-21 18:00:00,1002.0
20260921,180000,76W,12,2026,9,21,18,14.5,175.5,100100.0,2026-09-21 18:00:00,2026-09-21 18:00:00,1001.0
20260921,180000,76W,12,2026,9,21,18,14.5,174.9,100200.0,2026-09-21 18:00:00,2026-09-21 18:00:00,1002.0
20260921,180000,76W,12,2026,9,21,18,14.5,174.3,100000.0,2026-09-21 18:00:00,2026-09-21 18:00:00,1000.0
20260921,180000,76W,12,2026,9,21,18,14.5,173.5,100100.0,2026-09-21 18:00:00,2026-09-21 18:00:00,1001.0
20260921,180000,76W,12,2026,9,21,18,14.5,173.20000000000002,99700.0,2026-09-21 18:00:00,2026-09-21 18:00:00,997.0
20260921,180000,76W,12,2026,9,21,18,13.9,172.4,99800.0,2026-09-21 18:00:00,2026-09-21 18:00:00,998.0
20260921,180000,76W,12,2026,9,21,18,13.6,171.8,99400.0,2026-09-21 18:00:00,2026-09-21 18:00:00,994.0
20260921,180000,76W,12,2026,9,21,18,13.6,171.8,99900.0,2026-09-21 18:00:00,2026-09-21 18:00:00,999.0
20260921,180000,76W,12,2026,9,21,18,13.6,171.5,99600.0,2026-09-21 18:00:00,2026-09-21 18:00:00,996.0
20260921,180000,76W,12,2026,9,21,18,13.6,171.20000000000002,99800.0,2026-09-21 18:00:00,2026-09-21 18:00:00,998.0
20260921,180000,76W,12,2026,9,21,18,13.0,171.0,99600.0,2026-09-21 18:00:00,2026-09-21 18:00:00,996.0
20260921,180000,76W,13,2026,9,21,18,15.9,163.1,100900.0,2026-09-21 18:00:00,2026-09-21 18:00:00,1009.0
20260921,180000,76W,13,2026,9,21,18,12.5,161.70000000000002,100700.0,2026-09-21 18:00:00,2026-09-21 18:00:00,1007.0
20260921,180000,76W,13,2026,9,21,18,12.5,161.4,100800.0,2026-09-21 18:00:00,2026-09-21 18:00:00,1008.0
20260921,180000,76W,13,2026,9,21,18,13.0,162.5,101000.0,2026-09-21 18:00:00,2026-09-21 18:00:00,1010.0
20260921,180000,76W,13,2026,9,21,18,12.8,162.0,100700.0,2026-09-21 18:00:00,2026-09-21 18:00:00,1007.0
20260921,180000,76W,13,2026,9,21,18,12.8,162.8,100800.0,2026-09-21 18:00:00,2026-09-21 18:00:00,1008.0
20260921,180000,76W,13,2026,9,21,18,13.0,163.1,100600.0,2026-09-21 18:00:00,2026-09-21 18:00:00,1006.0
20260921,180000,76W,13,2026,9,21,18,13.6,165.6,100700.0,2026-09-21 18:00:00,2026-09-21 18:00:00,1007.0
20260921,180000,76W,13,2026,9,21,18,14.200000000000001,165.6,100600.0,2026-09-21 18:00:00,2026-09-21 18:00:00,1006.0
20260921,180000,76W,14,2026,9,21,18,9.4,174.0,100900.0,2026-09-21 18:00:00,2026-09-21 18:00:00,1009.0
20260921,180000,76W,14,2026,9,21,18,11.9,173.20000000000002,100900.0,2026-09-21 18:00:00,2026-09-21 18:00:00,1009.0
20260921,180000,76W,14,2026,9,21,18,11.4,174.3,100800.0,2026-09-21 18:00:00,2026-09-21 18:00:00,1008.0
20260921,180000,76W,14,2026,9,21,18,11.6,175.5,100700.0,2026-09-21 18:00:00,2026-09-21 18:00:00,1007.0
20260921,180000,76W,14,2026,9,21,18,12.0,175.4,100500.0,2026-09-21 18:00:00,2026-09-21 18:00:00,1005.0
20260921,180000,76W,14,2026,9,21,18,12.5,176.4,100600.0,2026-09-21 18:00:00,2026-09-21 18:00:00,1006.0
20260921,180000,76W,14,2026,9,21,18,12.8,176.0,100300.0,2026-09-21 18:00:00,2026-09-21 18:00:00,1003.0
20260921,180000,76W,14,2026,9,21,18,12.8,175.20000000000002,100300.0,2026-09-21 18:00:00,2026-09-21 18:00:00,1003.0
20260921,180000,76W,14,2026,9,21,18,12.8,175.70000000000002,100100.0,2026-09-21 18:00:00,2026-09-21 18:00:00,1001.0
20260921,180000,76W,14,2026,9,21,18,13.0,176.0,100000.0,2026-09-21 18:00:00,2026-09-21 18:00:00,1000.0
20260921,180000,76W,14,2026,9,21,18,14.200000000000001,175.20000000000002,99600.0,2026-09-21 18:00:00,2026-09-21 18:00:00,996.0
20260921,180000,76W,14,2026,9,21,18,13.9,175.20000000000002,99300.0,2026-09-21 18:00:00,2026-09-21 18:00:00,993.0
20260921,180000,76W,14,2026,9,21,18,13.6,174.9,98700.0,2026-09-21 18:00:00,2026-09-21 18:00:00,987.0
20260921,180000,76W,14,2026,9,21,18,13.6,174.6,98800.0,2026-09-21 18:00:00,2026-09-21 18:00:00,988.0
20260921,180000,76W,14,2026,9,21,18,13.6,174.9,98300.0,2026-09-21 18:00:00,2026-09-21 18:00:00,983.0
20260921,180000,76W,14,2026,9,21,18,13.9,174.3,97900.0,2026-09-21 18:00:00,2026-09-21 18:00:00,979.0
20260921,180000,76W,14,2026,9,21,18,14.200000000000001,174.3,97600.0,2026-09-21 18:00:00,2026-09-21 18:00:00,976.0
20260921,180000,76W,14,2026,9,21,18,14.200000000000001,174.3,97600.0,2026-09-21 18:00:00,2026-09-21 18:00:00,976.0
20260921,180000,76W,14,2026,9,21,18,14.200000000000001,174.0,97100.0,2026-09-21 18:00:00,2026-09-21 18:00:00,971.0
20260921,180000,76W,14,2026,9,21,18,14.5,173.20000000000002,97200.0,2026-09-21 18:00:00,2026-09-21 18:00:00,972.0
20260921,180000,76W,14,2026,9,21,18,15.3,172.6,97100.0,2026-09-21 18:00:00,2026-09-21 18:00:00,971.0
20260921,180000,76W,14,2026,9,21,18,15.9,172.1,96600.0,2026-09-21 18:00:00,2026-09-21 18:00:00,966.0
20260921,180000,76W,14,2026,9,21,18,16.4,171.20000000000002,96600.0,2026-09-21 18:00:00,2026-09-21 18:00:00,966.0
20260921,180000,76W,16,2026,9,21,18,15.6,150.70000000000002,101100.0,2026-09-21 18:00:00,2026-09-21 18:00:00,1011.0
20260921,180000,76W,16,2026,9,21,18,14.0,152.70000000000002,100700.0,2026-09-21 18:00:00,2026-09-21 18:00:00,1007.0
20260921,180000,76W,16,2026,9,21,18,15.0,152.4,100800.0,2026-09-21 18:00:00,2026-09-21 18:00:00,1008.0
20260921,180000,76W,16,2026,9,21,18,15.3,151.8,100400.0,2026-09-21 18:00:00,2026-09-21 18:00:00,1004.0
20260921,180000,76W,16,2026,9,21,18,15.0,152.1,100400.0,2026-09-21 18:00:00,2026-09-21 18:00:00,1004.0
20260921,180000,76W,16,2026,9,21,18,15.6,152.70000000000002,100100.0,2026-09-21 18:00:00,2026-09-21 18:00:00,1001.0
20260921,180000,76W,16,2026,9,21,18,16.7,152.4,100400.0,2026-09-21 18:00:00,2026-09-21 18:00:00,1004.0
20260921,180000,76W,16,2026,9,21,18,17.0,152.1,100000.0,2026-09-21 18:00:00,2026-09-21 18:00:00,1000.0
20260921,180000,76W,16,2026,9,21,18,18.1,151.5,100000.0,2026-09-21 18:00:00,2026-09-21 18:00:00,1000.0
20260921,180000,76W,16,2026,9,21,18,18.7,150.4,99500.0,2026-09-21 18:00:00,2026-09-21 18:00:00,995.0
20260921,180000,76W,16,2026,9,21,18,18.7,149.3,99700.0,2026-09-21 18:00:00,2026-09-21 18:00:00,997.0
20260921,180000,76W,16,2026,9,21,18,19.0,148.70000000000002,99300.0,2026-09-21 18:00:00,2026-09-21 18:00:00,993.0
20260921,180000,76W,16,2026,9,21,18,19.0,148.20000000000002,99400.0,2026-09-21 18:00:00,2026-09-21 18:00:00,994.0
20260921,180000,76W,16,2026,9,21,18,19.2,147.9,99000.0,2026-09-21 18:00:00,2026-09-21 18:00:00,990.0
20260921,180000,76W,16,2026,9,21,18,18.7,147.6,99100.0,2026-09-21 18:00:00,2026-09-21 18:00:00,991.0
20260921,180000,76W,16,2026,9,21,18,18.7,147.9,98600.0,2026-09-21 18:00:00,2026-09-21 18:00:00,986.0
20260921,180000,76W,16,2026,9,21,18,18.7,147.9,98100.0,2026-09-21 18:00:00,2026-09-21 18:00:00,981.0
20260921,180000,76W,16,2026,9,21,18,18.400000000000002,147.9,97400.0,2026-09-21 18:00:00,2026-09-21 18:00:00,974.0
20260921,180000,76W,16,2026,9,21,18,18.400000000000002,147.9,96900.0,2026-09-21 18:00:00,2026-09-21 18:00:00,969.0
20260921,180000,76W,16,2026,9,21,18,19.0,147.6,97000.0,2026-09-21 18:00:00,2026-09-21 18:00:00,970.0
20260921,180000,76W,17,2026,9,21,18,21.8,170.1,100600.0,2026-09-21 18:00:00,2026-09-21 18:00:00,1006.0
20260921,180000,76W,17,2026,9,21,18,22.400000000000002,169.0,100800.0,2026-09-21 18:00:00,2026-09-21 18:00:00,1008.0
20260921,180000,76W,17,2026,9,21,18,23.5,168.70000000000002,100700.0,2026-09-21 18:00:00,2026-09-21 18:00:00,1007.0
20260921,180000,76W,17,2026,9,21,18,25.400000000000002,167.9,100800.0,2026-09-21 18:00:00,2026-09-21 18:00:00,1008.0
20260921,180000,76W,17,2026,9,21,18,26.6,167.1,100600.0,2026-09-21 18:00:00,2026-09-21 18:00:00,1006.0
20260921,180000,76W,17,2026,9,21,18,27.7,167.0,100700.0,2026-09-21 18:00:00,2026-09-21 18:00:00,1007.0
20260921,180000,76W,17,2026,9,21,18,30.5,168.6,100700.0,2026-09-21 18:00:00,2026-09-21 18:00:00,1007.0
20260921,180000,76W,17,2026,9,21,18,30.5,169.3,100800.0,2026-09-21 18:00:00,2026-09-21 18:00:00,1008.0
20260921,180000,76W,18,2026,9,21,18,12.5,156.6,100800.0,2026-09-21 18:00:00,2026-09-21 18:00:00,1008.0
20260921,180000,76W,18,2026,9,21,18,10.8,159.1,101000.0,2026-09-21 18:00:00,2026-09-21 18:00:00,1010.0
20260921,180000,76W,19,2026,9,21,18,32.5,136.4,100200.0,2026-09-21 18:00:00,2026-09-21 18:00:00,1002.0
20260921,180000,76W,19,2026,9,21,18,32.3,140.4,99900.0,2026-09-21 18:00:00,2026-09-21 18:00:00,999.0
20260921,180000,76W,19,2026,9,21,18,32.8,145.1,99900.0,2026-09-21 18:00:00,2026-09-21 18:00:00,999.0
20260921,180000,76W,20,2026,9,21,18,16.1,146.5,100200.0,2026-09-21 18:00:00,2026-09-21 18:00:00,1002.0
20260921,180000,76W,20,2026,9,21,18,16.4,146.8,100200.0,2026-09-21 18:00:00,2026-09-21 18:00:00,1002.0
20260921,180000,76W,20,2026,9,21,18,15.9,147.6,99900.0,2026-09-21 18:00:00,2026-09-21 18:00:00,999.0
20260921,180000,76W,20,2026,9,21,18,14.700000000000001,147.9,100100.0,2026-09-21 18:00:00,2026-09-21 18:00:00,1001.0
20260921,180000,76W,20,2026,9,21,18,15.0,147.9,99800.0,2026-09-21 18:00:00,2026-09-21 18:00:00,998.0
20260921,180000,76W,22,2026,9,21,18,17.0,131.6,100800.0,2026-09-21 18:00:00,2026-09-21 18:00:00,1008.0
20260921,180000,76W,22,2026,9,21,18,16.1,129.6,101000.0,2026-09-21 18:00:00,2026-09-21 18:00:00,1010.0
20260921,180000,76W,22,2026,9,21,18,15.0,129.9,100800.0,2026-09-21 18:00:00,2026-09-21 18:00:00,1008.0
20260921,180000,76W,22,2026,9,21,18,15.9,127.9,100900.0,2026-09-21 18:00:00,2026-09-21 18:00:00,1009.0
20260921,180000,76W,22,2026,9,21,18,16.7,127.60000000000001,100700.0,2026-09-21 18:00:00,2026-09-21 18:00:00,1007.0
20260921,180000,76W,22,2026,9,21,18,15.6,127.9,100900.0,2026-09-21 18:00:00,2026-09-21 18:00:00,1009.0
20260921,180000,76W,22,2026,9,21,18,15.9,127.10000000000001,100700.0,2026-09-21 18:00:00,2026-09-21 18:00:00,1007.0
20260921,180000,76W,22,2026,9,21,18,16.1,126.8,100800.0,2026-09-21 18:00:00,2026-09-21 18:00:00,1008.0
20260921,180000,76W,22,2026,9,21,18,15.0,126.0,100500.0,2026-09-21 18:00:00,2026-09-21 18:00:00,1005.0
20260921,180000,76W,22,2026,9,21,18,14.700000000000001,127.10000000000001,100700.0,2026-09-21 18:00:00,2026-09-21 18:00:00,1007.0
20260921,180000,76W,22,2026,9,21,18,15.0,127.4,100500.0,2026-09-21 18:00:00,2026-09-21 18:00:00,1005.0
20260921,180000,76W,22,2026,9,21,18,15.6,126.2,100700.0,2026-09-21 18:00:00,2026-09-21 18:00:00,1007.0
20260921,180000,76W,22,2026,9,21,18,15.9,126.2,100400.0,2026-09-21 18:00:00,2026-09-21 18:00:00,1004.0
20260921,180000,76W,22,2026,9,21,18,16.1,125.4,100600.0,2026-09-21 18:00:00,2026-09-21 18:00:00,1006.0
20260921,180000,76W,22,2026,9,21,18,17.0,124.8,100400.0,2026-09-21 18:00:00,2026-09-21 18:00:00,1004.0
20260921,180000,76W,22,2026,9,21,18,17.6,123.7,100500.0,2026-09-21 18:00:00,2026-09-21 18:00:00,1005.0
20260921,180000,76W,22,2026,9,21,18,17.6,122.9,100300.0,2026-09-21 18:00:00,2026-09-21 18:00:00,1003.0
20260921,180000,76W,22,2026,9,21,18,18.1,122.3,100400.0,2026-09-21 18:00:00,2026-09-21 18:00:00,1004.0
20260921,180000,76W,23,2026,9,21,18,28.5,161.4,101000.0,2026-09-21 18:00:00,2026-09-21 18:00:00,1010.0
20260921,180000,76W,23,2026,9,21,18,28.0,160.5,101100.0,2026-09-21 18:00:00,2026-09-21 18:00:00,1011.0
20260921,180000,76W,23,2026,9,21,18,28.0,160.0,100700.0,2026-09-21 18:00:00,2026-09-21 18:00:00,1007.0
20260921,180000,76W,23,2026,9,21,18,27.7,158.9,101000.0,2026-09-21 18:00:00,2026-09-21 18:00:00,1010.0
20260921,180000,76W,23,2026,9,21,18,27.1,157.5,100800.0,2026-09-21 18:00:00,2026-09-21 18:00:00,1008.0
20260921,180000,76W,23,2026,9,21,18,26.5,155.0,101000.0,2026-09-21 18:00:00,2026-09-21 18:00:00,1010.0
20260921,180000,76W,23,2026,9,21,18,27.900000000000002,153.0,100700.0,2026-09-21 18:00:00,2026-09-21 18:00:00,1007.0
20260921,180000,76W,23,2026,9,21,18,29.3,152.8,100800.0,2026-09-21 18:00:00,2026-09-21 18:00:00,1008.0
20260921,180000,76W,23,2026,9,21,18,30.2,152.70000000000002,100700.0,2026-09-21 18:00:00,2026-09-21 18:00:00,1007.0
20260921,180000,76W,23,2026,9,21,18,31.400000000000002,153.20000000000002,100700.0,2026-09-21 18:00:00,2026-09-21 18:00:00,1007.0
20260921,180000,76W,24,2026,9,21,18,20.400000000000002,153.0,100500.0,2026-09-21 18:00:00,2026-09-21 18:00:00,1005.0
20260921,180000,76W,24,2026,9,21,18,19.8,152.4,100700.0,2026-09-21 18:00:00,2026-09-21 18:00:00,1007.0
20260921,180000,76W,24,2026,9,21,18,20.1,151.8,100600.0,2026-09-21 18:00:00,2026-09-21 18:00:00,1006.0
20260921,180000,76W,24,2026,9,21,18,19.8,151.3,100800.0,2026-09-21 18:00:00,2026-09-21 18:00:00,1008.0
20260921,180000,76W,24,2026,9,21,18,19.2,150.4,100600.0,2026-09-21 18:00:00,2026-09-21 18:00:00,1006.0
20260921,180000,76W,24,2026,9,21,18,19.5,149.6,100900.0,2026-09-21 18:00:00,2026-09-21 18:00:00,1009.0
20260921,180000,76W,24,2026,9,21,18,17.8,148.5,100600.0,2026-09-21 18:00:00,2026-09-21 18:00:00,1006.0
20260921,180000,76W,24,2026,9,21,18,18.1,147.9,100800.0,2026-09-21 18:00:00,2026-09-21 18:00:00,1008.0
20260921,180000,76W,24,2026,9,21,18,17.8,146.8,100500.0,2026-09-21 18:00:00,2026-09-21 18:00:00,1005.0
20260921,180000,76W,24,2026,9,21,18,16.7,146.20000000000002,100700.0,2026-09-21 18:00:00,2026-09-21 18:00:00,1007.0
20260921,180000,76W,24,2026,9,21,18,17.3,145.4,100400.0,2026-09-21 18:00:00,2026-09-21 18:00:00,1004.0
20260921,180000,76W,24,2026,9,21,18,17.0,144.8,100700.0,2026-09-21 18:00:00,2026-09-21 18:00:00,1007.0
20260921,180000,76W,24,2026,9,21,18,17.3,144.5,100500.0,2026-09-21 18:00:00,2026-09-21 18:00:00,1005.0
20260921,180000,76W,24,2026,9,21,18,15.9,143.70000000000002,100600.0,2026-09-21 18:00:00,2026-09-21 18:00:00,1006.0
20260921,180000,76W,24,2026,9,21,18,17.3,141.70000000000002,100600.0,2026-09-21 18:00:00,2026-09-21 18:00:00,1006.0
20260921,180000,76W,24,2026,9,21,18,16.4,138.9,100400.0,2026-09-21 18:00:00,2026-09-21 18:00:00,1004.0
20260921,180000,76W,26,2026,9,21,18,18.1,120.3,101000.0,2026-09-21 18:00:00,2026-09-21 18:00:00,1010.0
20260921,180000,76W,26,2026,9,21,18,18.1,120.0,101100.0,2026-09-21 18:00:00,2026-09-21 18:00:00,1011.0
20260921,180000,76W,26,2026,9,21,18,16.6,119.9,101200.0,2026-09-21 18:00:00,2026-09-21 18:00:00,1012.0
20260921,180000,76W,27,2026,9,21,18,9.700000000000001,172.4,100800.0,2026-09-21 18:00:00,2026-09-21 18:00:00,1008.0
20260921,180000,76W,27,2026,9,21,18,10.5,170.70000000000002,101000.0,2026-09-21 18:00:00,2026-09-21 18:00:00,1010.0
20260921,180000,76W,27,2026,9,21,18,9.4,169.3,101000.0,2026-09-21 18:00:00,2026-09-21 18:00:00,1010.0
20260921,180000,76W,27,2026,9,21,18,10.5,166.20000000000002,100900.0,2026-09-21 18:00:00,2026-09-21 18:00:00,1009.0
20260921,180000,76W,27,2026,9,21,18,9.700000000000001,165.6,100700.0,2026-09-21 18:00:00,2026-09-21 18:00:00,1007.0
20260921,180000,76W,27,2026,9,21,18,11.1,165.6,100800.0,2026-09-21 18:00:00,2026-09-21 18:00:00,1008.0
20260921,180000,76W,27,2026,9,21,18,12.200000000000001,164.8,100700.0,2026-09-21 18:00:00,2026-09-21 18:00:00,1007.0
20260921,180000,76W,28,2026,9,21,18,14.700000000000001,165.3,100900.0,2026-09-21 18:00:00,2026-09-21 18:00:00,1009.0
20260921,180000,76W,28,2026,9,21,18,15.3,164.5,100800.0,2026-09-21 18:00:00,2026-09-21 18:00:00,1008.0
20260921,180000,76W,28,2026,9,21,18,12.5,163.1,100600.0,2026-09-21 18:00:00,2026-09-21 18:00:00,1006.0
20260921,180000,76W,28,2026,9,21,18,12.8,160.8,100600.0,2026-09-21 18:00:00,2026-09-21 18:00:00,1006.0
20260921,180000,76W,28,2026,9,21,18,14.200000000000001,161.1,100700.0,2026-09-21 18:00:00,2026-09-21 18:00:00,1007.0
20260921,180000,76W,28,2026,9,21,18,13.6,159.4,100400.0,2026-09-21 18:00:00,2026-09-21 18:00:00,1004.0
20260921,180000,76W,28,2026,9,21,18,13.3,158.9,100600.0,2026-09-21 18:00:00,2026-09-21 18:00:00,1006.0
20260921,180000,76W,28,2026,9,21,18,13.6,158.6,100400.0,2026-09-21 18:00:00,2026-09-21 18:00:00,1004.0
20260921,180000,76W,28,2026,9,21,18,15.0,156.6,100400.0,2026-09-21 18:00:00,2026-09-21 18:00:00,1004.0
20260921,180000,76W,28,2026,9,21,18,15.6,155.8,100100.0,2026-09-21 18:00:00,2026-09-21 18:00:00,1001.0
20260921,180000,76W,28,2026,9,21,18,15.3,154.9,100100.0,2026-09-21 18:00:00,2026-09-21 18:00:00,1001.0
20260921,180000,76W,28,2026,9,21,18,15.6,153.5,99700.0,2026-09-21 18:00:00,2026-09-21 18:00:00,997.0
20260921,180000,76W,28,2026,9,21,18,15.3,152.20000000000002,99600.0,2026-09-21 18:00:00,2026-09-21 18:00:00,996.0
20260921,180000,76W,28,2026,9,21,18,15.6,151.0,98900.0,2026-09-21 18:00:00,2026-09-21 18:00:00,989.0
20260921,180000,76W,28,2026,9,21,18,15.6,149.9,98800.0,2026-09-21 18:00:00,2026-09-21 18:00:00,988.0
20260921,180000,76W,28,2026,9,21,18,15.9,148.5,98200.0,2026-09-21 18:00:00,2026-09-21 18:00:00,982.0
20260921,180000,76W,28,2026,9,21,18,16.4,147.3,98200.0,2026-09-21 18:00:00,2026-09-21 18:00:00,982.0
20260921,180000,76W,28,2026,9,21,18,16.7,145.6,97900.0,2026-09-21 18:00:00,2026-09-21 18:00:00,979.0
20260921,180000,76W,28,2026,9,21,18,16.7,144.20000000000002,97800.0,2026-09-21 18:00:00,2026-09-21 18:00:00,978.0
20260921,180000,76W,28,2026,9,21,18,17.3,142.8,97400.0,2026-09-21 18:00:00,2026-09-21 18:00:00,974.0
20260921,180000,76W,29,2026,9,21,18,16.7,161.1,101100.0,2026-09-21 18:00:00,2026-09-21 18:00:00,1011.0
20260921,180000,76W,29,2026,9,21,18,17.6,159.4,101000.0,2026-09-21 18:00:00,2026-09-21 18:00:00,1010.0
20260921,180000,76W,29,2026,9,21,18,18.1,157.5,100700.0,2026-09-21 18:00:00,2026-09-21 18:00:00,1007.0
20260921,180000,76W,29,2026,9,21,18,16.7,155.5,100900.0,2026-09-21 18:00:00,2026-09-21 18:00:00,1009.0
20260921,180000,76W,29,2026,9,21,18,16.4,156.0,100600.0,2026-09-21 18:00:00,2026-09-21 18:00:00,1006.0
20260921,180000,76W,29,2026,9,21,18,16.4,154.4,100700.0,2026-09-21 18:00:00,2026-09-21 18:00:00,1007.0
20260921,180000,76W,29,2026,9,21,18,15.9,153.0,100400.0,2026-09-21 18:00:00,2026-09-21 18:00:00,1004.0
20260921,180000,76W,29,2026,9,21,18,15.6,152.4,100600.0,2026-09-21 18:00:00,2026-09-21 18:00:00,1006.0
20260921,180000,76W,29,2026,9,21,18,15.6,152.4,100300.0,2026-09-21 18:00:00,2026-09-21 18:00:00,1003.0
20260921,180000,76W,29,2026,9,21,18,16.1,151.0,100400.0,2026-09-21 18:00:00,2026-09-21 18:00:00,1004.0
20260921,180000,76W,29,2026,9,21,18,15.9,150.4,100100.0,2026-09-21 18:00:00,2026-09-21 18:00:00,1001.0
20260921,180000,76W,29,2026,9,21,18,17.0,150.4,100200.0,2026-09-21 18:00:00,2026-09-21 18:00:00,1002.0
20260921,180000,76W,29,2026,9,21,18,17.6,149.70000000000002,99700.0,2026-09-21 18:00:00,2026-09-21 18:00:00,997.0
20260921,180000,76W,29,2026,9,21,18,18.400000000000002,148.20000000000002,99600.0,2026-09-21 18:00:00,2026-09-21 18:00:00,996.0
20260921,180000,76W,29,2026,9,21,18,19.0,147.3,99100.0,2026-09-21 18:00:00,2026-09-21 18:00:00,991.0
20260921,180000,76W,29,2026,9,21,18,19.3,146.5,99000.0,2026-09-21 18:00:00,2026-09-21 18:00:00,990.0
20260921,180000,76W,29,2026,9,21,18,19.7,145.6,98300.0,2026-09-21 18:00:00,2026-09-21 18:00:00,983.0
20260921,180000,76W,29,2026,9,21,18,19.7,145.0,98000.0,2026-09-21 18:00:00,2026-09-21 18:00:00,980.0
20260921,180000,76W,29,2026,9,21,18,20.1,144.5,97300.0,2026-09-21 18:00:00,2026-09-21 18:00:00,973.0
20260921,180000,76W,29,2026,9,21,18,20.400000000000002,144.0,96800.0,2026-09-21 18:00:00,2026-09-21 18:00:00,968.0
20260921,180000,76W,29,2026,9,21,18,20.7,143.1,96600.0,2026-09-21 18:00:00,2026-09-21 18:00:00,966.0
20260921,180000,76W,29,2026,9,21,18,20.900000000000002,142.5,96400.0,2026-09-21 18:00:00,2026-09-21 18:00:00,964.0
20260921,180000,76W,29,2026,9,21,18,21.8,142.0,96100.0,2026-09-21 18:00:00,2026-09-21 18:00:00,961.0
20260921,180000,76W,29,2026,9,21,18,22.900000000000002,140.9,96200.0,2026-09-21 18:00:00,2026-09-21 18:00:00,962.0
20260921,180000,76W,29,2026,9,21,18,24.0,140.0,96000.0,2026-09-21 18:00:00,2026-09-21 18:00:00,960.0
20260921,180000,76W,29,2026,9,21,18,25.400000000000002,139.70000000000002,96200.0,2026-09-21 18:00:00,2026-09-21 18:00:00,962.0
20260921,180000,76W,29,2026,9,21,18,27.400000000000002,139.5,96200.0,2026-09-21 18:00:00,2026-09-21 18:00:00,962.0
20260921,180000,76W,29,2026,9,21,18,29.7,140.3,96400.0,2026-09-21 18:00:00,2026-09-21 18:00:00,964.0
20260921,180000,76W,29,2026,9,21,18,32.0,140.70000000000002,96500.0,2026-09-21 18:00:00,2026-09-21 18:00:00,965.0
20260921,180000,76W,29,2026,9,21,18,34.5,143.1,97000.0,2026-09-21 18:00:00,2026-09-21 18:00:00,970.0
20260921,180000,76W,29,2026,9,21,18,37.800000000000004,145.4,97200.0,2026-09-21 18:00:00,2026-09-21 18:00:00,972.0
20260921,180000,76W,29,2026,9,21,18,41.5,150.1,98200.0,2026-09-21 18:00:00,2026-09-21 18:00:00,982.0
20260921,180000,76W,29,2026,9,21,18,44.6,154.9,98000.0,2026-09-21 18:00:00,2026-09-21 18:00:00,980.0
20260921,180000,76W,30,2026,9,21,18,13.3,168.5,100600.0,2026-09-21 18:00:00,2026-09-21 18:00:00,1006.0
20260921,180000,76W,30,2026,9,21,18,11.9,170.1,100700.0,2026-09-21 18:00:00,2026-09-21 18:00:00,1007.0
20260921,180000,76W,31,2026,9,21,18,16.1,158.3,100900.0,2026-09-21 18:00:00,2026-09-21 18:00:00,1009.0
20260921,180000,76W,31,2026,9,21,18,15.6,158.9,100700.0,2026-09-21 18:00:00,2026-09-21 18:00:00,1007.0
20260921,180000,76W,32,2026,9,21,18,16.7,153.8,101000.0,2026-09-21 18:00:00,2026-09-21 18:00:00,1010.0
20260921,180000,76W,32,2026,9,21,18,17.0,154.6,101200.0,2026-09-21 18:00:00,2026-09-21 18:00:00,1012.0
20260921,180000,76W,32,2026,9,21,18,15.3,152.70000000000002,100900.0,2026-09-21 18:00:00,2026-09-21 18:00:00,1009.0
20260921,180000,76W,32,2026,9,21,18,14.200000000000001,151.8,101100.0,2026-09-21 18:00:00,2026-09-21 18:00:00,1011.0
20260921,180000,76W,32,2026,9,21,18,14.700000000000001,152.1,101000.0,2026-09-21 18:00:00,2026-09-21 18:00:00,1010.0
20260921,180000,76W,32,2026,9,21,18,15.6,151.0,100800.0,2026-09-21 18:00:00,2026-09-21 18:00:00,1008.0
20260921,180000,76W,32,2026,9,21,18,15.6,150.70000000000002,101000.0,2026-09-21 18:00:00,2026-09-21 18:00:00,1010.0
20260921,180000,76W,32,2026,9,21,18,15.0,151.3,100800.0,2026-09-21 18:00:00,2026-09-21 18:00:00,1008.0
20260921,180000,76W,32,2026,9,21,18,15.3,151.0,100900.0,2026-09-21 18:00:00,2026-09-21 18:00:00,1009.0
20260921,180000,76W,32,2026,9,21,18,15.3,151.0,100600.0,2026-09-21 18:00:00,2026-09-21 18:00:00,1006.0
20260921,180000,76W,32,2026,9,21,18,15.3,150.4,100700.0,2026-09-21 18:00:00,2026-09-21 18:00:00,1007.0
20260921,180000,76W,32,2026,9,21,18,13.9,149.9,100300.0,2026-09-21 18:00:00,2026-09-21 18:00:00,1003.0
20260921,180000,76W,32,2026,9,21,18,14.4,149.3,100400.0,2026-09-21 18:00:00,2026-09-21 18:00:00,1004.0
20260921,180000,76W,32,2026,9,21,18,14.3,148.8,100100.0,2026-09-21 18:00:00,2026-09-21 18:00:00,1001.0
20260921,180000,76W,32,2026,9,21,18,14.700000000000001,147.9,100300.0,2026-09-21 18:00:00,2026-09-21 18:00:00,1003.0
20260921,180000,76W,32,2026,9,21,18,14.5,145.9,99700.0,2026-09-21 18:00:00,2026-09-21 18:00:00,997.0
20260921,180000,76W,32,2026,9,21,18,14.5,144.5,99700.0,2026-09-21 18:00:00,2026-09-21 18:00:00,997.0
20260921,180000,76W,32,2026,9,21,18,15.3,143.70000000000002,99400.0,2026-09-21 18:00:00,2026-09-21 18:00:00,994.0
20260921,180000,76W,32,2026,9,21,18,15.6,142.5,99100.0,2026-09-21 18:00:00,2026-09-21 18:00:00,991.0
20260921,180000,76W,32,2026,9,21,18,16.4,141.1,98900.0,2026-09-21 18:00:00,2026-09-21 18:00:00,989.0
20260921,180000,76W,32,2026,9,21,18,17.0,139.70000000000002,98600.0,2026-09-21 18:00:00,2026-09-21 18:00:00,986.0
20260921,180000,76W,32,2026,9,21,18,17.3,138.9,97700.0,2026-09-21 18:00:00,2026-09-21 18:00:00,977.0
20260921,180000,76W,32,2026,9,21,18,17.6,137.8,97000.0,2026-09-21 18:00:00,2026-09-21 18:00:00,970.0
20260921,180000,76W,32,2026,9,21,18,18.1,136.6,97100.0,2026-09-21 18:00:00,2026-09-21 18:00:00,971.0
20260921,180000,76W,32,2026,9,21,18,18.400000000000002,135.5,96800.0,2026-09-21 18:00:00,2026-09-21 18:00:00,968.0
20260921,180000,76W,32,2026,9,21,18,19.0,134.4,96600.0,2026-09-21 18:00:00,2026-09-21 18:00:00,966.0
20260921,180000,76W,32,2026,9,21,18,19.5,133.3,96200.0,2026-09-21 18:00:00,2026-09-21 18:00:00,962.0
20260921,180000,76W,32,2026,9,21,18,20.400000000000002,132.7,96400.0,2026-09-21 18:00:00,2026-09-21 18:00:00,964.0
20260921,180000,76W,32,2026,9,21,18,21.2,131.3,96200.0,2026-09-21 18:00:00,2026-09-21 18:00:00,962.0
20260921,180000,76W,32,2026,9,21,18,22.3,130.2,96300.0,2026-09-21 18:00:00,2026-09-21 18:00:00,963.0
20260921,180000,76W,32,2026,9,21,18,22.900000000000002,128.8,95400.0,2026-09-21 18:00:00,2026-09-21 18:00:00,954.0
20260921,180000,76W,32,2026,9,21,18,23.5,127.4,96000.0,2026-09-21 18:00:00,2026-09-21 18:00:00,960.0
20260921,180000,76W,32,2026,9,21,18,24.3,126.8,95600.0,2026-09-21 18:00:00,2026-09-21 18:00:00,956.0
20260921,180000,76W,32,2026,9,21,18,24.900000000000002,126.2,95300.0,2026-09-21 18:00:00,2026-09-21 18:00:00,953.0
20260921,180000,76W,32,2026,9,21,18,25.2,125.4,95400.0,2026-09-21 18:00:00,2026-09-21 18:00:00,954.0
20260921,180000,76W,32,2026,9,21,18,25.7,124.8,95400.0,2026-09-21 18:00:00,2026-09-21 18:00:00,954.0
20260921,180000,76W,33,2026,9,21,18,15.9,152.4,100700.0,2026-09-21 18:00:00,2026-09-21 18:00:00,1007.0
20260921,180000,76W,33,2026,9,21,18,15.6,151.0,100400.0,2026-09-21 18:00:00,2026-09-21 18:00:00,1004.0
20260921,180000,76W,33,2026,9,21,18,16.1,151.8,100500.0,2026-09-21 18:00:00,2026-09-21 18:00:00,1005.0
20260921,180000,76W,33,2026,9,21,18,16.1,153.0,100400.0,2026-09-21 18:00:00,2026-09-21 18:00:00,1004.0
20260921,180000,76W,33,2026,9,21,18,18.1,152.70000000000002,100600.0,2026-09-21 18:00:00,2026-09-21 18:00:00,1006.0
20260921,180000,76W,33,2026,9,21,18,18.0,150.9,100400.0,2026-09-21 18:00:00,2026-09-21 18:00:00,1004.0
20260921,180000,76W,33,2026,9,21,18,18.1,149.3,100300.0,2026-09-21 18:00:00,2026-09-21 18:00:00,1003.0
20260921,180000,76W,34,2026,9,21,18,14.700000000000001,163.4,100700.0,2026-09-21 18:00:00,2026-09-21 18:00:00,1007.0
20260921,180000,76W,34,2026,9,21,18,14.5,161.70000000000002,100800.0,2026-09-21 18:00:00,2026-09-21 18:00:00,1008.0
20260921,180000,76W,36,2026,9,21,18,8.0,175.70000000000002,100700.0,2026-09-21 18:00:00,2026-09-21 18:00:00,1007.0
20260921,180000,76W,36,2026,9,21,18,8.700000000000001,172.1,100700.0,2026-09-21 18:00:00,2026-09-21 18:00:00,1007.0
20260921,180000,76W,36,2026,9,21,18,10.0,172.4,100600.0,2026-09-21 18:00:00,2026-09-21 18:00:00,1006.0
20260921,180000,76W,36,2026,9,21,18,8.8,171.5,100600.0,2026-09-21 18:00:00,2026-09-21 18:00:00,1006.0
20260921,180000,76W,37,2026,9,21,18,14.200000000000001,154.4,100600.0,2026-09-21 18:00:00,2026-09-21 18:00:00,1006.0
20260921,180000,76W,37,2026,9,21,18,14.5,155.8,100800.0,2026-09-21 18:00:00,2026-09-21 18:00:00,1008.0
20260921,180000,76W,37,2026,9,21,18,15.0,156.9,100600.0,2026-09-21 18:00:00,2026-09-21 18:00:00,1006.0
20260921,180000,76W,37,2026,9,21,18,15.6,157.5,100500.0,2026-09-21 18:00:00,2026-09-21 18:00:00,1005.0
20260921,180000,76W,37,2026,9,21,18,15.6,158.6,100400.0,2026-09-21 18:00:00,2026-09-21 18:00:00,1004.0
20260921,180000,76W,37,2026,9,21,18,16.2,158.8,100000.0,2026-09-21 18:00:00,2026-09-21 18:00:00,1000.0
20260921,180000,76W,37,2026,9,21,18,17.3,158.6,100000.0,2026-09-21 18:00:00,2026-09-21 18:00:00,1000.0
20260921,180000,76W,37,2026,9,21,18,17.0,158.3,99400.0,2026-09-21 18:00:00,2026-09-21 18:00:00,994.0
20260921,180000,76W,37,2026,9,21,18,17.8,159.1,99400.0,2026-09-21 18:00:00,2026-09-21 18:00:00,994.0
20260921,180000,76W,37,2026,9,21,18,19.2,159.4,99000.0,2026-09-21 18:00:00,2026-09-21 18:00:00,990.0
20260921,180000,76W,37,2026,9,21,18,20.900000000000002,158.0,99000.0,2026-09-21 18:00:00,2026-09-21 18:00:00,990.0
20260921,180000,76W,37,2026,9,21,18,21.1,157.5,98400.0,2026-09-21 18:00:00,2026-09-21 18:00:00,984.0
20260921,180000,76W,37,2026,9,21,18,22.1,156.6,98400.0,2026-09-21 18:00:00,2026-09-21 18:00:00,984.0
20260921,180000,76W,37,2026,9,21,18,22.6,156.0,98000.0,2026-09-21 18:00:00,2026-09-21 18:00:00,980.0
20260921,180000,76W,37,2026,9,21,18,23.5,155.5,97800.0,2026-09-21 18:00:00,2026-09-21 18:00:00,978.0
20260921,180000,76W,37,2026,9,21,18,25.2,155.20000000000002,97500.0,2026-09-21 18:00:00,2026-09-21 18:00:00,975.0
20260921,180000,76W,37,2026,9,21,18,26.0,154.1,97500.0,2026-09-21 18:00:00,2026-09-21 18:00:00,975.0
20260921,180000,76W,37,2026,9,21,18,28.3,153.5,97300.0,2026-09-21 18:00:00,2026-09-21 18:00:00,973.0
20260921,180000,76W,37,2026,9,21,18,30.2,153.20000000000002,96900.0,2026-09-21 18:00:00,2026-09-21 18:00:00,969.0
20260921,180000,76W,37,2026,9,21,18,32.5,152.70000000000002,96600.0,2026-09-21 18:00:00,2026-09-21 18:00:00,966.0
20260921,180000,76W,38,2026,9,21,18,14.700000000000001,169.5,100300.0,2026-09-21 18:00:00,2026-09-21 18:00:00,1003.0
20260921,180000,76W,38,2026,9,21,18,15.3,169.3,100400.0,2026-09-21 18:00:00,2026-09-21 18:00:00,1004.0
20260921,180000,76W,38,2026,9,21,18,15.3,169.3,100200.0,2026-09-21 18:00:00,2026-09-21 18:00:00,1002.0
20260921,180000,76W,38,2026,9,21,18,15.9,169.3,100000.0,2026-09-21 18:00:00,2026-09-21 18:00:00,1000.0
20260921,180000,76W,38,2026,9,21,18,16.1,169.0,100000.0,2026-09-21 18:00:00,2026-09-21 18:00:00,1000.0
20260921,180000,76W,38,2026,9,21,18,17.0,169.0,99900.0,2026-09-21 18:00:00,2026-09-21 18:00:00,999.0
20260921,180000,76W,38,2026,9,21,18,18.1,168.70000000000002,99800.0,2026-09-21 18:00:00,2026-09-21 18:00:00,998.0
20260921,180000,76W,38,2026,9,21,18,18.7,168.1,99500.0,2026-09-21 18:00:00,2026-09-21 18:00:00,995.0
20260921,180000,76W,38,2026,9,21,18,19.5,167.3,99400.0,2026-09-21 18:00:00,2026-09-21 18:00:00,994.0
20260921,180000,76W,38,2026,9,21,18,20.1,167.3,99000.0,2026-09-21 18:00:00,2026-09-21 18:00:00,990.0
20260921,180000,76W,38,2026,9,21,18,20.900000000000002,166.70000000000002,99000.0,2026-09-21 18:00:00,2026-09-21 18:00:00,990.0
20260921,180000,76W,38,2026,9,21,18,22.1,166.5,98700.0,2026-09-21 18:00:00,2026-09-21 18:00:00,987.0
20260921,180000,76W,38,2026,9,21,18,22.3,165.6,98700.0,2026-09-21 18:00:00,2026-09-21 18:00:00,987.0
20260921,180000,76W,38,2026,9,21,18,23.5,165.0,98400.0,2026-09-21 18:00:00,2026-09-21 18:00:00,984.0
20260921,180000,76W,39,2026,9,21,18,19.0,163.1,100400.0,2026-09-21 18:00:00,2026-09-21 18:00:00,1004.0
20260921,180000,76W,39,2026,9,21,18,19.400000000000002,162.0,100600.0,2026-09-21 18:00:00,2026-09-21 18:00:00,1006.0
20260921,180000,76W,39,2026,9,21,18,20.1,161.4,100300.0,2026-09-21 18:00:00,2026-09-21 18:00:00,1003.0
20260921,180000,76W,39,2026,9,21,18,20.400000000000002,162.0,100300.0,2026-09-21 18:00:00,2026-09-21 18:00:00,1003.0
20260921,180000,76W,39,2026,9,21,18,20.900000000000002,162.0,100000.0,2026-09-21 18:00:00,2026-09-21 18:00:00,1000.0
20260921,180000,76W,39,2026,9,21,18,21.2,162.8,100300.0,2026-09-21 18:00:00,2026-09-21 18:00:00,1003.0
20260921,180000,76W,39,2026,9,21,18,22.1,162.8,99900.0,2026-09-21 18:00:00,2026-09-21 18:00:00,999.0
20260921,180000,76W,39,2026,9,21,18,22.3,162.8,100100.0,2026-09-21 18:00:00,2026-09-21 18:00:00,1001.0
20260921,180000,76W,39,2026,9,21,18,23.2,162.0,100000.0,2026-09-21 18:00:00,2026-09-21 18:00:00,1000.0
20260921,180000,76W,39,2026,9,21,18,24.3,160.3,100100.0,2026-09-21 18:00:00,2026-09-21 18:00:00,1001.0
20260921,180000,76W,39,2026,9,21,18,26.0,158.9,99900.0,2026-09-21 18:00:00,2026-09-21 18:00:00,999.0
20260921,180000,76W,40,2026,9,21,18,15.6,163.9,100200.0,2026-09-21 18:00:00,2026-09-21 18:00:00,1002.0
20260921,180000,76W,40,2026,9,21,18,16.1,164.5,99900.0,2026-09-21 18:00:00,2026-09-21 18:00:00,999.0
20260921,180000,76W,40,2026,9,21,18,16.4,165.3,100000.0,2026-09-21 18:00:00,2026-09-21 18:00:00,1000.0
20260921,180000,76W,43,2026,9,21,18,17.0,154.1,100400.0,2026-09-21 18:00:00,2026-09-21 18:00:00,1004.0
20260921,180000,76W,43,2026,9,21,18,17.6,153.0,100300.0,2026-09-21 18:00:00,2026-09-21 18:00:00,1003.0
20260921,180000,76W,43,2026,9,21,18,18.1,152.4,99900.0,2026-09-21 18:00:00,2026-09-21 18:00:00,999.0
20260921,180000,76W,43,2026,9,21,18,19.0,151.5,100100.0,2026-09-21 18:00:00,2026-09-21 18:00:00,1001.0
20260921,180000,76W,43,2026,9,21,18,19.2,150.4,99800.0,2026-09-21 18:00:00,2026-09-21 18:00:00,998.0
20260921,180000,76W,44,2026,9,21,18,15.6,168.4,101000.0,2026-09-21 18:00:00,2026-09-21 18:00:00,1010.0
20260921,180000,76W,44,2026,9,21,18,15.0,170.1,100600.0,2026-09-21 18:00:00,2026-09-21 18:00:00,1006.0
20260921,180000,76W,44,2026,9,21,18,14.200000000000001,172.1,100900.0,2026-09-21 18:00:00,2026-09-21 18:00:00,1009.0
20260921,180000,76W,44,2026,9,21,18,13.3,172.9,100600.0,2026-09-21 18:00:00,2026-09-21 18:00:00,1006.0
20260921,180000,76W,44,2026,9,21,18,12.8,174.6,100600.0,2026-09-21 18:00:00,2026-09-21 18:00:00,1006.0
20260921,180000,76W,44,2026,9,21,18,12.5,176.3,100300.0,2026-09-21 18:00:00,2026-09-21 18:00:00,1003.0
20260921,180000,76W,44,2026,9,21,18,14.700000000000001,177.1,100400.0,2026-09-21 18:00:00,2026-09-21 18:00:00,1004.0
20260921,180000,76W,44,2026,9,21,18,15.9,175.70000000000002,100300.0,2026-09-21 18:00:00,2026-09-21 18:00:00,1003.0
20260921,180000,76W,44,2026,9,21,18,15.9,174.3,100500.0,2026-09-21 18:00:00,2026-09-21 18:00:00,1005.0
20260921,180000,76W,44,2026,9,21,18,16.7,172.6,100400.0,2026-09-21 18:00:00,2026-09-21 18:00:00,1004.0
20260921,180000,76W,45,2026,9,21,18,15.3,147.0,101200.0,2026-09-21 18:00:00,2026-09-21 18:00:00,1012.0
20260921,180000,76W,45,2026,9,21,18,15.0,147.3,100900.0,2026-09-21 18:00:00,2026-09-21 18:00:00,1009.0
20260921,180000,76W,45,2026,9,21,18,16.4,147.0,100900.0,2026-09-21 18:00:00,2026-09-21 18:00:00,1009.0
20260921,180000,76W,45,2026,9,21,18,17.3,143.70000000000002,100500.0,2026-09-21 18:00:00,2026-09-21 18:00:00,1005.0
20260921,180000,76W,48,2026,9,21,18,2.9,176.6,101100.0,2026-09-21 18:00:00,2026-09-21 18:00:00,1011.0
20260921,180000,76W,48,2026,9,21,18,6.3,176.9,101200.0,2026-09-21 18:00:00,2026-09-21 18:00:00,1012.0
20260921,180000,76W,50,2026,9,21,18,35.300000000000004,141.4,100300.0,2026-09-21 18:00:00,2026-09-21 18:00:00,1003.0
20260921,180000,76W,50,2026,9,21,18,37.300000000000004,145.9,99900.0,2026-09-21 18:00:00,2026-09-21 18:00:00,999.0
20260921,180000,76W,50,2026,9,21,18,40.1,151.3,99800.0,2026-09-21 18:00:00,2026-09-21 18:00:00,998.0
20260921,180000,76W,50,2026,9,21,18,42.9,156.3,99800.0,2026-09-21 18:00:00,2026-09-21 18:00:00,998.0
20260921,180000,76W,50,2026,9,21,18,45.4,162.3,100100.0,2026-09-21 18:00:00,2026-09-21 18:00:00,1001.0
20260921,180000,76W,51,2026,9,21,18,11.9,156.0,100900.0,2026-09-21 18:00:00,2026-09-21 18:00:00,1009.0
20260921,180000,76W,51,2026,9,21,18,14.700000000000001,156.6,100900.0,2026-09-21 18:00:00,2026-09-21 18:00:00,1009.0
20260921,180000,76W,51,2026,9,21,18,15.3,155.8,100800.0,2026-09-21 18:00:00,2026-09-21 18:00:00,1008.0
20260921,180000,76W,51,2026,9,21,18,16.4,156.3,101000.0,2026-09-21 18:00:00,2026-09-21 18:00:00,1010.0
20260921,180000,76W,51,2026,9,21,18,16.1,155.8,100900.0,2026-09-21 18:00:00,2026-09-21 18:00:00,1009.0
20260921,180000,76W,51,2026,9,21,18,16.7,154.6,100700.0,2026-09-21 18:00:00,2026-09-21 18:00:00,1007.0
20260921,180000,76W,51,2026,9,21,18,14.5,155.5,100800.0,2026-09-21 18:00:00,2026-09-21 18:00:00,1008.0
20260921,180000,76W,51,2026,9,21,18,14.700000000000001,155.5,100600.0,2026-09-21 18:00:00,2026-09-21 18:00:00,1006.0
20260921,180000,76W,51,2026,9,21,18,15.9,155.20000000000002,100700.0,2026-09-21 18:00:00,2026-09-21 18:00:00,1007.0
20260921,180000,76W,51,2026,9,21,18,13.9,156.9,100300.0,2026-09-21 18:00:00,2026-09-21 18:00:00,1003.0
20260921,180000,76W,51,2026,9,21,18,13.3,157.20000000000002,100400.0,2026-09-21 18:00:00,2026-09-21 18:00:00,1004.0
20260921,180000,76W,51,2026,9,21,18,12.8,157.5,100100.0,2026-09-21 18:00:00,2026-09-21 18:00:00,1001.0
20260921,180000,76W,51,2026,9,21,18,12.8,158.3,100300.0,2026-09-21 18:00:00,2026-09-21 18:00:00,1003.0
20260921,180000,76W,51,2026,9,21,18,12.8,158.0,100100.0,2026-09-21 18:00:00,2026-09-21 18:00:00,1001.0
20260921,180000,76W,51,2026,9,21,18,13.6,159.70000000000002,100300.0,2026-09-21 18:00:00,2026-09-21 18:00:00,1003.0
20260921,180000,76W,51,2026,9,21,18,14.5,161.1,100200.0,2026-09-21 18:00:00,2026-09-21 18:00:00,1002.0
20260921,180000,76W,51,2026,9,21,18,15.3,159.4,100500.0,2026-09-21 18:00:00,2026-09-21 18:00:00,1005.0
20260921,180000,76W,51,2026,9,21,18,15.6,159.70000000000002,100300.0,2026-09-21 18:00:00,2026-09-21 18:00:00,1003.0
20260921,180000,76W,51,2026,9,21,18,16.7,158.9,100400.0,2026-09-21 18:00:00,2026-09-21 18:00:00,1004.0
20260921,180000,77W,3,2026,9,21,18,12.200000000000001,168.70000000000002,101000.0,2026-09-21 18:00:00,2026-09-21 18:00:00,1010.0
20260921,180000,77W,3,2026,9,21,18,12.200000000000001,168.70000000000002,100800.0,2026-09-21 18:00:00,2026-09-21 18:00:00,1008.0
20260921,180000,77W,3,2026,9,21,18,11.9,167.0,100800.0,2026-09-21 18:00:00,2026-09-21 18:00:00,1008.0
20260921,180000,77W,3,2026,9,21,18,13.3,168.1,100800.0,2026-09-21 18:00:00,2026-09-21 18:00:00,1008.0
20260921,180000,77W,3,2026,9,21,18,12.200000000000001,166.70000000000002,100700.0,2026-09-21 18:00:00,2026-09-21 18:00:00,1007.0
20260921,180000,77W,3,2026,9,21,18,11.4,167.3,100600.0,2026-09-21 18:00:00,2026-09-21 18:00:00,1006.0
20260921,180000,77W,3,2026,9,21,18,10.5,169.0,100600.0,2026-09-21 18:00:00,2026-09-21 18:00:00,1006.0
20260921,180000,77W,3,2026,9,21,18,10.0,170.4,100400.0,2026-09-21 18:00:00,2026-09-21 18:00:00,1004.0
20260921,180000,77W,3,2026,9,21,18,9.700000000000001,171.8,100600.0,2026-09-21 18:00:00,2026-09-21 18:00:00,1006.0
20260921,180000,77W,3,2026,9,21,18,9.700000000000001,172.4,100400.0,2026-09-21 18:00:00,2026-09-21 18:00:00,1004.0
20260921,180000,77W,3,2026,9,21,18,10.5,170.70000000000002,100400.0,2026-09-21 18:00:00,2026-09-21 18:00:00,1004.0
20260921,180000,77W,3,2026,9,21,18,10.0,170.4,100200.0,2026-09-21 18:00:00,2026-09-21 18:00:00,1002.0
20260921,180000,77W,3,2026,9,21,18,9.700000000000001,171.0,100400.0,2026-09-21 18:00:00,2026-09-21 18:00:00,1004.0
20260921,180000,77W,3,2026,9,21,18,12.200000000000001,170.70000000000002,100500.0,2026-09-21 18:00:00,2026-09-21 18:00:00,1005.0
20260921,180000,77W,3,2026,9,21,18,12.5,170.4,100600.0,2026-09-21 18:00:00,2026-09-21 18:00:00,1006.0
20260921,180000,77W,3,2026,9,21,18,12.8,171.8,100500.0,2026-09-21 18:00:00,2026-09-21 18:00:00,1005.0
20260921,180000,77W,3,2026,9,21,18,13.6,171.8,100500.0,2026-09-21 18:00:00,2026-09-21 18:00:00,1005.0
20260921,180000,77W,3,2026,9,21,18,13.9,168.70000000000002,100400.0,2026-09-21 18:00:00,2026-09-21 18:00:00,1004.0
20260921,180000,77W,3,2026,9,21,18,14.700000000000001,167.9,100200.0,2026-09-21 18:00:00,2026-09-21 18:00:00,1002.0
20260921,180000,77W,5,2026,9,21,18,14.5,158.0,101000.0,2026-09-21 18:00:00,2026-09-21 18:00:00,1010.0
20260921,180000,77W,5,2026,9,21,18,14.200000000000001,156.9,100800.0,2026-09-21 18:00:00,2026-09-21 18:00:00,1008.0
20260921,180000,77W,5,2026,9,21,18,15.0,156.6,100900.0,2026-09-21 18:00:00,2026-09-21 18:00:00,1009.0
20260921,180000,77W,5,2026,9,21,18,15.0,156.6,100700.0,2026-09-21 18:00:00,2026-09-21 18:00:00,1007.0
20260921,180000,77W,5,2026,9,21,18,16.4,156.6,100800.0,2026-09-21 18:00:00,2026-09-21 18:00:00,1008.0
20260921,180000,77W,5,2026,9,21,18,16.4,158.3,100900.0,2026-09-21 18:00:00,2026-09-21 18:00:00,1009.0
20260921,180000,77W,5,2026,9,21,18,17.6,157.20000000000002,100800.0,2026-09-21 18:00:00,2026-09-21 18:00:00,1008.0
20260921,180000,77W,6,2026,9,21,18,13.6,142.8,100600.0,2026-09-21 18:00:00,2026-09-21 18:00:00,1006.0
20260921,180000,77W,6,2026,9,21,18,14.5,143.70000000000002,100700.0,2026-09-21 18:00:00,2026-09-21 18:00:00,1007.0
20260921,180000,77W,8,2026,9,21,18,8.8,171.0,101100.0,2026-09-21 18:00:00,2026-09-21 18:00:00,1011.0
20260921,180000,77W,8,2026,9,21,18,6.9,173.5,100900.0,2026-09-21 18:00:00,2026-09-21 18:00:00,1009.0
20260921,180000,77W,8,2026,9,21,18,6.9,175.5,100900.0,2026-09-21 18:00:00,2026-09-21 18:00:00,1009.0
20260921,180000,77W,8,2026,9,21,18,6.3,177.4,100800.0,2026-09-21 18:00:00,2026-09-21 18:00:00,1008.0
20260921,180000,77W,8,2026,9,21,18,6.3,177.4,100800.0,2026-09-21 18:00:00,2026-09-21 18:00:00,1008.0
20260921,180000,77W,8,2026,9,21,18,6.6000000000000005,177.70000000000002,100900.0,2026-09-21 18:00:00,2026-09-21 18:00:00,1009.0
20260921,180000,77W,8,2026,9,21,18,8.0,178.3,100900.0,2026-09-21 18:00:00,2026-09-21 18:00:00,1009.0
20260921,180000,77W,8,2026,9,21,18,10.0,176.9,100900.0,2026-09-21 18:00:00,2026-09-21 18:00:00,1009.0
20260921,180000,77W,8,2026,9,21,18,11.1,175.70000000000002,100900.0,2026-09-21 18:00:00,2026-09-21 18:00:00,1009.0
20260921,180000,77W,8,2026,9,21,18,11.4,174.0,100700.0,2026-09-21 18:00:00,2026-09-21 18:00:00,1007.0
20260921,180000,77W,8,2026,9,21,18,9.700000000000001,173.8,100500.0,2026-09-21 18:00:00,2026-09-21 18:00:00,1005.0
20260921,180000,77W,10,2026,9,21,18,12.8,166.5,100800.0,2026-09-21 18:00:00,2026-09-21 18:00:00,1008.0
20260921,180000,77W,10,2026,9,21,18,13.9,163.9,100800.0,2026-09-21 18:00:00,2026-09-21 18:00:00,1008.0
20260921,180000,77W,10,2026,9,21,18,16.4,163.6,100900.0,2026-09-21 18:00:00,2026-09-21 18:00:00,1009.0
20260921,180000,77W,10,2026,9,21,18,17.3,162.20000000000002,100700.0,2026-09-21 18:00:00,2026-09-21 18:00:00,1007.0
20260921,180000,77W,13,2026,9,21,18,14.200000000000001,155.5,101000.0,2026-09-21 18:00:00,2026-09-21 18:00:00,1010.0
20260921,180000,77W,13,2026,9,21,18,13.9,156.3,100900.0,2026-09-21 18:00:00,2026-09-21 18:00:00,1009.0
20260921,180000,77W,13,2026,9,21,18,14.700000000000001,156.9,100900.0,2026-09-21 18:00:00,2026-09-21 18:00:00,1009.0
20260921,180000,77W,13,2026,9,21,18,13.6,157.70000000000002,100600.0,2026-09-21 18:00:00,2026-09-21 18:00:00,1006.0
20260921,180000,77W,13,2026,9,21,18,13.6,158.0,100700.0,2026-09-21 18:00:00,2026-09-21 18:00:00,1007.0
20260921,180000,77W,13,2026,9,21,18,14.5,158.3,100500.0,2026-09-21 18:00:00,2026-09-21 18:00:00,1005.0
20260921,180000,77W,13,2026,9,21,18,14.200000000000001,158.6,100400.0,2026-09-21 18:00:00,2026-09-21 18:00:00,1004.0
20260921,180000,77W,13,2026,9,21,18,15.3,158.0,100100.0,2026-09-21 18:00:00,2026-09-21 18:00:00,1001.0
20260921,180000,77W,13,2026,9,21,18,15.3,159.4,100200.0,2026-09-21 18:00:00,2026-09-21 18:00:00,1002.0
20260921,180000,77W,13,2026,9,21,18,15.5,158.5,99800.0,2026-09-21 18:00:00,2026-09-21 18:00:00,998.0
20260921,180000,77W,13,2026,9,21,18,16.1,158.20000000000002,99900.0,2026-09-21 18:00:00,2026-09-21 18:00:00,999.0
20260921,180000,77W,13,2026,9,21,18,15.9,157.5,99300.0,2026-09-21 18:00:00,2026-09-21 18:00:00,993.0
20260921,180000,77W,13,2026,9,21,18,16.7,156.9,99500.0,2026-09-21 18:00:00,2026-09-21 18:00:00,995.0
20260921,180000,77W,13,2026,9,21,18,16.7,156.6,99100.0,2026-09-21 18:00:00,2026-09-21 18:00:00,991.0
20260921,180000,77W,13,2026,9,21,18,16.7,156.9,99300.0,2026-09-21 18:00:00,2026-09-21 18:00:00,993.0
20260921,180000,77W,13,2026,9,21,18,17.6,157.70000000000002,98900.0,2026-09-21 18:00:00,2026-09-21 18:00:00,989.0
20260921,180000,77W,13,2026,9,21,18,18.7,158.0,98800.0,2026-09-21 18:00:00,2026-09-21 18:00:00,988.0
20260921,180000,77W,13,2026,9,21,18,19.2,158.9,98500.0,2026-09-21 18:00:00,2026-09-21 18:00:00,985.0
20260921,180000,77W,13,2026,9,21,18,19.8,159.4,98700.0,2026-09-21 18:00:00,2026-09-21 18:00:00,987.0
20260921,180000,77W,13,2026,9,21,18,20.900000000000002,160.3,98300.0,2026-09-21 18:00:00,2026-09-21 18:00:00,983.0
20260921,180000,77W,14,2026,9,21,18,20.400000000000002,108.8,101200.0,2026-09-21 18:00:00,2026-09-21 18:00:00,1012.0
20260921,180000,77W,14,2026,9,21,18,18.1,108.8,101100.0,2026-09-21 18:00:00,2026-09-21 18:00:00,1011.0
20260921,180000,77W,14,2026,9,21,18,18.7,109.10000000000001,100900.0,2026-09-21 18:00:00,2026-09-21 18:00:00,1009.0
20260921,180000,77W,14,2026,9,21,18,16.4,109.4,101000.0,2026-09-21 18:00:00,2026-09-21 18:00:00,1010.0
20260921,180000,77W,14,2026,9,21,18,16.9,110.4,100900.0,2026-09-21 18:00:00,2026-09-21 18:00:00,1009.0
20260921,180000,77W,14,2026,9,21,18,17.6,110.2,101100.0,2026-09-21 18:00:00,2026-09-21 18:00:00,1011.0
20260921,180000,77W,14,2026,9,21,18,17.3,110.8,100900.0,2026-09-21 18:00:00,2026-09-21 18:00:00,1009.0
20260921,180000,77W,14,2026,9,21,18,17.8,110.8,100900.0,2026-09-21 18:00:00,2026-09-21 18:00:00,1009.0
20260921,180000,77W,14,2026,9,21,18,18.7,111.0,100900.0,2026-09-21 18:00:00,2026-09-21 18:00:00,1009.0
20260921,180000,77W,14,2026,9,21,18,18.7,110.8,100900.0,2026-09-21 18:00:00,2026-09-21 18:00:00,1009.0
20260921,180000,77W,14,2026,9,21,18,19.8,110.5,100700.0,2026-09-21 18:00:00,2026-09-21 18:00:00,1007.0
20260921,180000,77W,14,2026,9,21,18,20.1,109.4,100700.0,2026-09-21 18:00:00,2026-09-21 18:00:00,1007.0
20260921,180000,77W,14,2026,9,21,18,18.400000000000002,109.9,100800.0,2026-09-21 18:00:00,2026-09-21 18:00:00,1008.0
20260921,180000,77W,16,2026,9,21,18,10.5,156.9,100700.0,2026-09-21 18:00:00,2026-09-21 18:00:00,1007.0
20260921,180000,77W,16,2026,9,21,18,9.4,159.4,100900.0,2026-09-21 18:00:00,2026-09-21 18:00:00,1009.0
20260921,180000,77W,16,2026,9,21,18,11.4,158.6,100900.0,2026-09-21 18:00:00,2026-09-21 18:00:00,1009.0
20260921,180000,77W,16,2026,9,21,18,10.8,158.3,100700.0,2026-09-21 18:00:00,2026-09-21 18:00:00,1007.0
20260921,180000,77W,17,2026,9,21,18,16.7,158.3,100500.0,2026-09-21 18:00:00,2026-09-21 18:00:00,1005.0
20260921,180000,77W,17,2026,9,21,18,19.0,157.70000000000002,100700.0,2026-09-21 18:00:00,2026-09-21 18:00:00,1007.0
20260921,180000,77W,17,2026,9,21,18,18.7,156.0,100600.0,2026-09-21 18:00:00,2026-09-21 18:00:00,1006.0
20260921,180000,77W,18,2026,9,21,18,7.4,169.3,100500.0,2026-09-21 18:00:00,2026-09-21 18:00:00,1005.0
20260921,180000,77W,18,2026,9,21,18,8.3,167.3,100700.0,2026-09-21 18:00:00,2026-09-21 18:00:00,1007.0
20260921,180000,77W,18,2026,9,21,18,8.3,167.3,100400.0,2026-09-21 18:00:00,2026-09-21 18:00:00,1004.0
20260921,180000,77W,18,2026,9,21,18,9.700000000000001,167.9,100400.0,2026-09-21 18:00:00,2026-09-21 18:00:00,1004.0
20260921,180000,77W,18,2026,9,21,18,10.9,166.6,100300.0,2026-09-21 18:00:00,2026-09-21 18:00:00,1003.0
20260921,180000,77W,18,2026,9,21,18,11.9,165.6,100400.0,2026-09-21 18:00:00,2026-09-21 18:00:00,1004.0
20260921,180000,77W,18,2026,9,21,18,12.8,163.9,100200.0,2026-09-21 18:00:00,2026-09-21 18:00:00,1002.0
20260921,180000,77W,22,2026,9,21,18,14.700000000000001,161.1,100900.0,2026-09-21 18:00:00,2026-09-21 18:00:00,1009.0
20260921,180000,77W,22,2026,9,21,18,12.5,159.70000000000002,100800.0,2026-09-21 18:00:00,2026-09-21 18:00:00,1008.0
20260921,180000,77W,22,2026,9,21,18,12.5,161.1,100900.0,2026-09-21 18:00:00,2026-09-21 18:00:00,1009.0
20260921,180000,77W,22,2026,9,21,18,12.8,160.5,100600.0,2026-09-21 18:00:00,2026-09-21 18:00:00,1006.0
20260921,180000,77W,22,2026,9,21,18,11.9,160.0,100800.0,2026-09-21 18:00:00,2026-09-21 18:00:00,1008.0
20260921,180000,77W,22,2026,9,21,18,12.200000000000001,160.0,100500.0,2026-09-21 18:00:00,2026-09-21 18:00:00,1005.0
20260921,180000,77W,22,2026,9,21,18,11.9,159.4,100600.0,2026-09-21 18:00:00,2026-09-21 18:00:00,1006.0
20260921,180000,77W,22,2026,9,21,18,12.200000000000001,158.6,100400.0,2026-09-21 18:00:00,2026-09-21 18:00:00,1004.0
20260921,180000,77W,22,2026,9,21,18,13.0,158.9,100600.0,2026-09-21 18:00:00,2026-09-21 18:00:00,1006.0
20260921,180000,77W,22,2026,9,21,18,13.6,158.3,100400.0,2026-09-21 18:00:00,2026-09-21 18:00:00,1004.0
20260921,180000,77W,22,2026,9,21,18,13.9,158.9,100600.0,2026-09-21 18:00:00,2026-09-21 18:00:00,1006.0
20260921,180000,77W,22,2026,9,21,18,13.6,157.5,100400.0,2026-09-21 18:00:00,2026-09-21 18:00:00,1004.0
20260921,180000,77W,23,2026,9,21,18,15.9,151.0,101200.0,2026-09-21 18:00:00,2026-09-21 18:00:00,1012.0
20260921,180000,77W,23,2026,9,21,18,14.700000000000001,151.3,100900.0,2026-09-21 18:00:00,2026-09-21 18:00:00,1009.0
20260921,180000,77W,23,2026,9,21,18,15.3,151.0,101200.0,2026-09-21 18:00:00,2026-09-21 18:00:00,1012.0
20260921,180000,77W,23,2026,9,21,18,14.5,152.1,100900.0,2026-09-21 18:00:00,2026-09-21 18:00:00,1009.0
20260921,180000,77W,23,2026,9,21,18,13.3,153.0,101100.0,2026-09-21 18:00:00,2026-09-21 18:00:00,1011.0
20260921,180000,77W,23,2026,9,21,18,13.200000000000001,155.20000000000002,100800.0,2026-09-21 18:00:00,2026-09-21 18:00:00,1008.0
20260921,180000,77W,23,2026,9,21,18,13.9,153.20000000000002,100700.0,2026-09-21 18:00:00,2026-09-21 18:00:00,1007.0
20260921,180000,77W,23,2026,9,21,18,13.9,154.6,101000.0,2026-09-21 18:00:00,2026-09-21 18:00:00,1010.0
20260921,180000,77W,26,2026,9,21,18,16.4,116.10000000000001,101000.0,2026-09-21 18:00:00,2026-09-21 18:00:00,1010.0
20260921,180000,77W,26,2026,9,21,18,17.3,116.10000000000001,101100.0,2026-09-21 18:00:00,2026-09-21 18:00:00,1011.0
20260921,180000,77W,26,2026,9,21,18,17.8,114.7,100900.0,2026-09-21 18:00:00,2026-09-21 18:00:00,1009.0
20260921,180000,77W,26,2026,9,21,18,17.8,113.9,100800.0,2026-09-21 18:00:00,2026-09-21 18:00:00,1008.0
20260921,180000,77W,26,2026,9,21,18,18.1,112.7,100700.0,2026-09-21 18:00:00,2026-09-21 18:00:00,1007.0
20260921,180000,77W,26,2026,9,21,18,18.7,111.9,100700.0,2026-09-21 18:00:00,2026-09-21 18:00:00,1007.0
20260921,180000,77W,26,2026,9,21,18,19.2,110.8,100500.0,2026-09-21 18:00:00,2026-09-21 18:00:00,1005.0
20260921,180000,77W,26,2026,9,21,18,20.1,109.60000000000001,100300.0,2026-09-21 18:00:00,2026-09-21 18:00:00,1003.0
20260921,180000,77W,26,2026,9,21,18,20.400000000000002,108.2,100400.0,2026-09-21 18:00:00,2026-09-21 18:00:00,1004.0
20260921,180000,77W,28,2026,9,21,18,8.3,132.7,100800.0,2026-09-21 18:00:00,2026-09-21 18:00:00,1008.0
20260921,180000,77W,28,2026,9,21,18,6.6000000000000005,132.7,100600.0,2026-09-21 18:00:00,2026-09-21 18:00:00,1006.0
20260921,180000,77W,29,2026,9,21,18,18.7,129.9,100600.0,2026-09-21 18:00:00,2026-09-21 18:00:00,1006.0
20260921,180000,77W,29,2026,9,21,18,19.5,126.5,100600.0,2026-09-21 18:00:00,2026-09-21 18:00:00,1006.0
20260921,180000,77W,29,2026,9,21,18,19.2,125.4,100500.0,2026-09-21 18:00:00,2026-09-21 18:00:00,1005.0
20260921,180000,77W,29,2026,9,21,18,19.2,124.5,100300.0,2026-09-21 18:00:00,2026-09-21 18:00:00,1003.0
20260921,180000,77W,29,2026,9,21,18,19.2,123.4,100400.0,2026-09-21 18:00:00,2026-09-21 18:00:00,1004.0
20260921,180000,77W,29,2026,9,21,18,19.0,122.60000000000001,99700.0,2026-09-21 18:00:00,2026-09-21 18:00:00,997.0
20260921,180000,77W,29,2026,9,21,18,19.0,122.0,100100.0,2026-09-21 18:00:00,2026-09-21 18:00:00,1001.0
20260921,180000,77W,29,2026,9,21,18,19.5,120.9,100000.0,2026-09-21 18:00:00,2026-09-21 18:00:00,1000.0
20260921,180000,77W,29,2026,9,21,18,19.0,119.8,100300.0,2026-09-21 18:00:00,2026-09-21 18:00:00,1003.0
20260921,180000,77W,29,2026,9,21,18,19.0,118.4,99900.0,2026-09-21 18:00:00,2026-09-21 18:00:00,999.0
20260921,180000,77W,29,2026,9,21,18,19.0,117.2,100000.0,2026-09-21 18:00:00,2026-09-21 18:00:00,1000.0
20260921,180000,77W,29,2026,9,21,18,18.7,116.10000000000001,99800.0,2026-09-21 18:00:00,2026-09-21 18:00:00,998.0
20260921,180000,77W,29,2026,9,21,18,18.1,115.5,99600.0,2026-09-21 18:00:00,2026-09-21 18:00:00,996.0
20260921,180000,77W,29,2026,9,21,18,18.1,114.7,99800.0,2026-09-21 18:00:00,2026-09-21 18:00:00,998.0
20260921,180000,77W,29,2026,9,21,18,17.6,113.3,100000.0,2026-09-21 18:00:00,2026-09-21 18:00:00,1000.0
20260921,180000,77W,29,2026,9,21,18,17.6,112.2,99700.0,2026-09-21 18:00:00,2026-09-21 18:00:00,997.0
20260921,180000,77W,29,2026,9,21,18,17.6,111.0,99700.0,2026-09-21 18:00:00,2026-09-21 18:00:00,997.0
20260921,180000,77W,29,2026,9,21,18,17.3,109.4,99300.0,2026-09-21 18:00:00,2026-09-21 18:00:00,993.0
20260921,180000,77W,29,2026,9,21,18,17.3,108.8,99800.0,2026-09-21 18:00:00,2026-09-21 18:00:00,998.0
20260921,180000,77W,29,2026,9,21,18,17.3,108.2,99800.0,2026-09-21 18:00:00,2026-09-21 18:00:00,998.0
20260921,180000,77W,29,2026,9,21,18,17.3,108.0,100300.0,2026-09-21 18:00:00,2026-09-21 18:00:00,1003.0
20260921,180000,77W,29,2026,9,21,18,17.8,106.8,100700.0,2026-09-21 18:00:00,2026-09-21 18:00:00,1007.0
20260921,180000,77W,30,2026,9,21,18,18.7,156.6,100800.0,2026-09-21 18:00:00,2026-09-21 18:00:00,1008.0
20260921,180000,77W,30,2026,9,21,18,19.5,153.20000000000002,100600.0,2026-09-21 18:00:00,2026-09-21 18:00:00,1006.0
20260921,180000,77W,30,2026,9,21,18,19.2,152.4,100600.0,2026-09-21 18:00:00,2026-09-21 18:00:00,1006.0
20260921,180000,77W,30,2026,9,21,18,19.2,151.5,100400.0,2026-09-21 18:00:00,2026-09-21 18:00:00,1004.0
20260921,180000,77W,30,2026,9,21,18,19.0,150.70000000000002,100500.0,2026-09-21 18:00:00,2026-09-21 18:00:00,1005.0
20260921,180000,77W,30,2026,9,21,18,18.7,148.70000000000002,100200.0,2026-09-21 18:00:00,2026-09-21 18:00:00,1002.0
20260921,180000,77W,30,2026,9,21,18,19.0,148.70000000000002,100300.0,2026-09-21 18:00:00,2026-09-21 18:00:00,1003.0
20260921,180000,77W,30,2026,9,21,18,19.2,147.3,100000.0,2026-09-21 18:00:00,2026-09-21 18:00:00,1000.0
20260921,180000,77W,30,2026,9,21,18,18.7,146.20000000000002,100300.0,2026-09-21 18:00:00,2026-09-21 18:00:00,1003.0
20260921,180000,77W,30,2026,9,21,18,18.7,145.9,100200.0,2026-09-21 18:00:00,2026-09-21 18:00:00,1002.0
20260921,180000,77W,31,2026,9,21,18,34.2,141.70000000000002,100300.0,2026-09-21 18:00:00,2026-09-21 18:00:00,1003.0
20260921,180000,77W,31,2026,9,21,18,33.6,143.1,100200.0,2026-09-21 18:00:00,2026-09-21 18:00:00,1002.0
20260921,180000,77W,31,2026,9,21,18,34.2,145.4,100400.0,2026-09-21 18:00:00,2026-09-21 18:00:00,1004.0
20260921,180000,77W,33,2026,9,21,18,11.4,171.0,101000.0,2026-09-21 18:00:00,2026-09-21 18:00:00,1010.0
20260921,180000,77W,33,2026,9,21,18,10.0,170.4,100800.0,2026-09-21 18:00:00,2026-09-21 18:00:00,1008.0
20260921,180000,77W,33,2026,9,21,18,10.200000000000001,170.70000000000002,101000.0,2026-09-21 18:00:00,2026-09-21 18:00:00,1010.0
20260921,180000,77W,33,2026,9,21,18,9.700000000000001,171.20000000000002,100800.0,2026-09-21 18:00:00,2026-09-21 18:00:00,1008.0
20260921,180000,77W,33,2026,9,21,18,10.5,171.8,101000.0,2026-09-21 18:00:00,2026-09-21 18:00:00,1010.0
20260921,180000,77W,33,2026,9,21,18,8.3,172.6,100800.0,2026-09-21 18:00:00,2026-09-21 18:00:00,1008.0
20260921,180000,77W,33,2026,9,21,18,7.7,172.9,100700.0,2026-09-21 18:00:00,2026-09-21 18:00:00,1007.0
20260921,180000,77W,33,2026,9,21,18,6.9,173.5,100800.0,2026-09-21 18:00:00,2026-09-21 18:00:00,1008.0
20260921,180000,77W,33,2026,9,21,18,7.1000000000000005,173.20000000000002,100700.0,2026-09-21 18:00:00,2026-09-21 18:00:00,1007.0
20260921,180000,77W,37,2026,9,21,18,5.2,180.0,100800.0,2026-09-21 18:00:00,2026-09-21 18:00:00,1008.0
20260921,180000,77W,37,2026,9,21,18,6.6000000000000005,181.6,100900.0,2026-09-21 18:00:00,2026-09-21 18:00:00,1009.0
20260921,180000,77W,37,2026,9,21,18,8.3,180.79999999999998,100900.0,2026-09-21 18:00:00,2026-09-21 18:00:00,1009.0
20260921,180000,77W,37,2026,9,21,18,11.4,179.1,101000.0,2026-09-21 18:00:00,2026-09-21 18:00:00,1010.0
20260921,180000,77W,37,2026,9,21,18,11.1,178.3,100900.0,2026-09-21 18:00:00,2026-09-21 18:00:00,1009.0
20260921,180000,77W,38,2026,9,21,18,15.3,148.5,100600.0,2026-09-21 18:00:00,2026-09-21 18:00:00,1006.0
20260921,180000,77W,38,2026,9,21,18,15.0,149.3,100800.0,2026-09-21 18:00:00,2026-09-21 18:00:00,1008.0
20260921,180000,77W,38,2026,9,21,18,15.0,149.9,100400.0,2026-09-21 18:00:00,2026-09-21 18:00:00,1004.0
20260921,180000,77W,38,2026,9,21,18,13.3,150.70000000000002,100700.0,2026-09-21 18:00:00,2026-09-21 18:00:00,1007.0
20260921,180000,77W,38,2026,9,21,18,14.700000000000001,151.5,100300.0,2026-09-21 18:00:00,2026-09-21 18:00:00,1003.0
20260921,180000,77W,38,2026,9,21,18,14.200000000000001,154.6,100500.0,2026-09-21 18:00:00,2026-09-21 18:00:00,1005.0
20260921,180000,77W,39,2026,9,21,18,10.200000000000001,171.5,100800.0,2026-09-21 18:00:00,2026-09-21 18:00:00,1008.0
20260921,180000,77W,39,2026,9,21,18,11.9,169.5,101000.0,2026-09-21 18:00:00,2026-09-21 18:00:00,1010.0
20260921,180000,77W,39,2026,9,21,18,11.9,166.70000000000002,100900.0,2026-09-21 18:00:00,2026-09-21 18:00:00,1009.0
20260921,180000,77W,39,2026,9,21,18,12.6,164.1,101200.0,2026-09-21 18:00:00,2026-09-21 18:00:00,1012.0
20260921,180000,77W,39,2026,9,21,18,11.9,163.1,101100.0,2026-09-21 18:00:00,2026-09-21 18:00:00,1011.0
20260921,180000,77W,39,2026,9,21,18,9.4,162.20000000000002,100900.0,2026-09-21 18:00:00,2026-09-21 18:00:00,1009.0
20260921,180000,77W,40,2026,9,21,18,21.5,166.20000000000002,99700.0,2026-09-21 18:00:00,2026-09-21 18:00:00,997.0
20260921,180000,77W,40,2026,9,21,18,21.8,166.5,99800.0,2026-09-21 18:00:00,2026-09-21 18:00:00,998.0
20260921,180000,77W,40,2026,9,21,18,22.3,165.0,99700.0,2026-09-21 18:00:00,2026-09-21 18:00:00,997.0
20260921,180000,77W,40,2026,9,21,18,23.8,166.5,99700.0,2026-09-21 18:00:00,2026-09-21 18:00:00,997.0
20260921,180000,77W,40,2026,9,21,18,21.8,166.70000000000002,99400.0,2026-09-21 18:00:00,2026-09-21 18:00:00,994.0
20260921,180000,77W,40,2026,9,21,18,22.1,167.3,99500.0,2026-09-21 18:00:00,2026-09-21 18:00:00,995.0
20260921,180000,77W,40,2026,9,21,18,22.6,168.1,99400.0,2026-09-21 18:00:00,2026-09-21 18:00:00,994.0
20260921,180000,77W,40,2026,9,21,18,23.5,169.0,99500.0,2026-09-21 18:00:00,2026-09-21 18:00:00,995.0
20260921,180000,77W,40,2026,9,21,18,24.5,169.5,99200.0,2026-09-21 18:00:00,2026-09-21 18:00:00,992.0
20260921,180000,77W,40,2026,9,21,18,25.3,169.1,99300.0,2026-09-21 18:00:00,2026-09-21 18:00:00,993.0
20260921,180000,77W,40,2026,9,21,18,26.0,169.0,99200.0,2026-09-21 18:00:00,2026-09-21 18:00:00,992.0
20260921,180000,77W,40,2026,9,21,18,27.1,168.6,99200.0,2026-09-21 18:00:00,2026-09-21 18:00:00,992.0
20260921,180000,77W,40,2026,9,21,18,28.0,168.3,99200.0,2026-09-21 18:00:00,2026-09-21 18:00:00,992.0
20260921,180000,77W,40,2026,9,21,18,29.6,168.3,99300.0,2026-09-21 18:00:00,2026-09-21 18:00:00,993.0
20260921,180000,77W,40,2026,9,21,18,31.400000000000002,168.1,99200.0,2026-09-21 18:00:00,2026-09-21 18:00:00,992.0
20260921,180000,77W,45,2026,9,21,18,10.200000000000001,159.70000000000002,100700.0,2026-09-21 18:00:00,2026-09-21 18:00:00,1007.0
20260921,180000,77W,45,2026,9,21,18,11.6,162.20000000000002,100900.0,2026-09-21 18:00:00,2026-09-21 18:00:00,1009.0
20260921,180000,77W,45,2026,9,21,18,11.1,161.4,100700.0,2026-09-21 18:00:00,2026-09-21 18:00:00,1007.0
20260921,180000,77W,45,2026,9,21,18,11.1,160.8,100500.0,2026-09-21 18:00:00,2026-09-21 18:00:00,1005.0
20260921,180000,77W,45,2026,9,21,18,11.4,160.5,100700.0,2026-09-21 18:00:00,2026-09-21 18:00:00,1007.0
20260921,180000,77W,45,2026,9,21,18,11.9,161.4,100500.0,2026-09-21 18:00:00,2026-09-21 18:00:00,1005.0
20260921,180000,77W,45,2026,9,21,18,12.5,161.4,100600.0,2026-09-21 18:00:00,2026-09-21 18:00:00,1006.0
20260921,180000,77W,45,2026,9,21,18,13.9,160.8,100500.0,2026-09-21 18:00:00,2026-09-21 18:00:00,1005.0
20260921,180000,77W,45,2026,9,21,18,15.0,160.5,100700.0,2026-09-21 18:00:00,2026-09-21 18:00:00,1007.0
20260921,180000,77W,45,2026,9,21,18,16.4,159.1,100600.0,2026-09-21 18:00:00,2026-09-21 18:00:00,1006.0
20260921,180000,77W,48,2026,9,21,18,12.200000000000001,164.8,101200.0,2026-09-21 18:00:00,2026-09-21 18:00:00,1012.0
20260921,180000,77W,48,2026,9,21,18,10.8,164.8,101000.0,2026-09-21 18:00:00,2026-09-21 18:00:00,1010.0
20260921,180000,77W,48,2026,9,21,18,10.8,166.5,101300.0,2026-09-21 18:00:00,2026-09-21 18:00:00,1013.0
20260921,180000,77W,48,2026,9,21,18,10.200000000000001,166.5,101000.0,2026-09-21 18:00:00,2026-09-21 18:00:00,1010.0
20260921,180000,77W,48,2026,9,21,18,9.4,168.4,101100.0,2026-09-21 18:00:00,2026-09-21 18:00:00,1011.0
20260921,180000,77W,51,2026,9,21,18,14.700000000000001,146.8,100700.0,2026-09-21 18:00:00,2026-09-21 18:00:00,1007.0
20260921,180000,77W,51,2026,9,21,18,16.1,147.0,100900.0,2026-09-21 18:00:00,2026-09-21 18:00:00,1009.0
20260921,180000,77W,51,2026,9,21,18,16.4,146.20000000000002,100700.0,2026-09-21 18:00:00,2026-09-21 18:00:00,1007.0
20260921,180000,77W,51,2026,9,21,18,15.0,148.5,100800.0,2026-09-21 18:00:00,2026-09-21 18:00:00,1008.0
20260921,180000,77W,51,2026,9,21,18,16.1,149.0,100400.0,2026-09-21 18:00:00,2026-09-21 18:00:00,1004.0
20260921,180000,77W,51,2026,9,21,18,16.4,147.3,100600.0,2026-09-21 18:00:00,2026-09-21 18:00:00,1006.0
20260921,180000,77W,51,2026,9,21,18,16.1,144.8,100300.0,2026-09-21 18:00:00,2026-09-21 18:00:00,1003.0
20260921,180000,77W,51,2026,9,21,18,15.6,144.0,100400.0,2026-09-21 18:00:00,2026-09-21 18:00:00,1004.0
20260921,180000,77W,51,2026,9,21,18,14.200000000000001,142.5,99800.0,2026-09-21 18:00:00,2026-09-21 18:00:00,998.0
20260921,180000,77W,51,2026,9,21,18,13.9,142.3,99900.0,2026-09-21 18:00:00,2026-09-21 18:00:00,999.0
20260921,180000,77W,51,2026,9,21,18,13.0,142.0,99500.0,2026-09-21 18:00:00,2026-09-21 18:00:00,995.0
20260921,180000,77W,51,2026,9,21,18,12.8,142.3,99600.0,2026-09-21 18:00:00,2026-09-21 18:00:00,996.0
20260921,180000,77W,51,2026,9,21,18,12.8,142.3,99300.0,2026-09-21 18:00:00,2026-09-21 18:00:00,993.0
20260921,180000,77W,51,2026,9,21,18,12.8,142.0,99400.0,2026-09-21 18:00:00,2026-09-21 18:00:00,994.0
20260921,180000,77W,51,2026,9,21,18,13.0,142.0,99200.0,2026-09-21 18:00:00,2026-09-21 18:00:00,992.0
20260921,180000,78W,3,2026,9,21,18,10.0,172.4,100800.0,2026-09-21 18:00:00,2026-09-21 18:00:00,1008.0
20260921,180000,78W,3,2026,9,21,18,10.0,173.20000000000002,100800.0,2026-09-21 18:00:00,2026-09-21 18:00:00,1008.0
20260921,180000,78W,5,2026,9,21,18,28.0,161.1,101000.0,2026-09-21 18:00:00,2026-09-21 18:00:00,1010.0
20260921,180000,78W,5,2026,9,21,18,30.0,162.20000000000002,100800.0,2026-09-21 18:00:00,2026-09-21 18:00:00,1008.0
20260921,180000,78W,5,2026,9,21,18,30.5,161.4,100900.0,2026-09-21 18:00:00,2026-09-21 18:00:00,1009.0
20260921,180000,78W,5,2026,9,21,18,30.8,160.3,100800.0,2026-09-21 18:00:00,2026-09-21 18:00:00,1008.0
20260921,180000,78W,5,2026,9,21,18,31.1,158.9,100900.0,2026-09-21 18:00:00,2026-09-21 18:00:00,1009.0
20260921,180000,78W,5,2026,9,21,18,31.2,157.70000000000002,100900.0,2026-09-21 18:00:00,2026-09-21 18:00:00,1009.0
20260921,180000,78W,8,2026,9,21,18,10.0,168.1,100900.0,2026-09-21 18:00:00,2026-09-21 18:00:00,1009.0
20260921,180000,78W,8,2026,9,21,18,9.1,169.8,100800.0,2026-09-21 18:00:00,2026-09-21 18:00:00,1008.0
20260921,180000,78W,8,2026,9,21,18,9.4,171.0,101000.0,2026-09-21 18:00:00,2026-09-21 18:00:00,1010.0
20260921,180000,78W,8,2026,9,21,18,9.4,173.8,100800.0,2026-09-21 18:00:00,2026-09-21 18:00:00,1008.0
20260921,180000,78W,14,2026,9,21,18,19.0,159.4,100600.0,2026-09-21 18:00:00,2026-09-21 18:00:00,1006.0
20260921,180000,78W,14,2026,9,21,18,19.5,159.70000000000002,100300.0,2026-09-21 18:00:00,2026-09-21 18:00:00,1003.0
20260921,180000,78W,14,2026,9,21,18,19.0,160.0,100100.0,2026-09-21 18:00:00,2026-09-21 18:00:00,1001.0
20260921,180000,78W,14,2026,9,21,18,18.7,160.8,100000.0,2026-09-21 18:00:00,2026-09-21 18:00:00,1000.0
20260921,180000,78W,14,2026,9,21,18,18.1,160.8,100100.0,2026-09-21 18:00:00,2026-09-21 18:00:00,1001.0
20260921,180000,78W,14,2026,9,21,18,19.0,162.8,99800.0,2026-09-21 18:00:00,2026-09-21 18:00:00,998.0
20260921,180000,78W,14,2026,9,21,18,17.8,164.20000000000002,100100.0,2026-09-21 18:00:00,2026-09-21 18:00:00,1001.0
20260921,180000,78W,14,2026,9,21,18,18.1,165.0,99600.0,2026-09-21 18:00:00,2026-09-21 18:00:00,996.0
20260921,180000,78W,14,2026,9,21,18,17.8,164.20000000000002,99800.0,2026-09-21 18:00:00,2026-09-21 18:00:00,998.0
20260921,180000,78W,14,2026,9,21,18,18.400000000000002,163.6,99600.0,2026-09-21 18:00:00,2026-09-21 18:00:00,996.0
20260921,180000,78W,14,2026,9,21,18,19.0,163.1,99700.0,2026-09-21 18:00:00,2026-09-21 18:00:00,997.0
20260921,180000,78W,14,2026,9,21,18,19.2,162.0,99600.0,2026-09-21 18:00:00,2026-09-21 18:00:00,996.0
20260921,180000,78W,14,2026,9,21,18,19.5,160.8,99700.0,2026-09-21 18:00:00,2026-09-21 18:00:00,997.0
20260921,180000,78W,14,2026,9,21,18,19.2,160.0,99400.0,2026-09-21 18:00:00,2026-09-21 18:00:00,994.0
20260921,180000,78W,14,2026,9,21,18,18.1,159.4,99800.0,2026-09-21 18:00:00,2026-09-21 18:00:00,998.0
20260921,180000,78W,14,2026,9,21,18,18.1,159.1,99600.0,2026-09-21 18:00:00,2026-09-21 18:00:00,996.0
20260921,180000,78W,17,2026,9,21,18,8.3,175.20000000000002,100900.0,2026-09-21 18:00:00,2026-09-21 18:00:00,1009.0
20260921,180000,78W,17,2026,9,21,18,9.4,175.5,100900.0,2026-09-21 18:00:00,2026-09-21 18:00:00,1009.0
20260921,180000,78W,17,2026,9,21,18,9.700000000000001,175.20000000000002,101000.0,2026-09-21 18:00:00,2026-09-21 18:00:00,1010.0
20260921,180000,78W,22,2026,9,21,18,16.6,120.10000000000001,100900.0,2026-09-21 18:00:00,2026-09-21 18:00:00,1009.0
20260921,180000,78W,22,2026,9,21,18,17.0,119.5,100700.0,2026-09-21 18:00:00,2026-09-21 18:00:00,1007.0
20260921,180000,78W,22,2026,9,21,18,15.6,118.9,100700.0,2026-09-21 18:00:00,2026-09-21 18:00:00,1007.0
20260921,180000,78W,22,2026,9,21,18,15.700000000000001,116.7,100700.0,2026-09-21 18:00:00,2026-09-21 18:00:00,1007.0
20260921,180000,78W,22,2026,9,21,18,17.0,117.5,100200.0,2026-09-21 18:00:00,2026-09-21 18:00:00,1002.0
20260921,180000,78W,23,2026,9,21,18,13.0,161.70000000000002,100700.0,2026-09-21 18:00:00,2026-09-21 18:00:00,1007.0
20260921,180000,78W,23,2026,9,21,18,14.5,162.8,100800.0,2026-09-21 18:00:00,2026-09-21 18:00:00,1008.0
20260921,180000,78W,23,2026,9,21,18,14.700000000000001,162.20000000000002,100600.0,2026-09-21 18:00:00,2026-09-21 18:00:00,1006.0
20260921,180000,78W,23,2026,9,21,18,14.200000000000001,164.5,100800.0,2026-09-21 18:00:00,2026-09-21 18:00:00,1008.0
20260921,180000,78W,23,2026,9,21,18,13.3,165.6,100600.0,2026-09-21 18:00:00,2026-09-21 18:00:00,1006.0
20260921,180000,78W,23,2026,9,21,18,15.6,165.9,100700.0,2026-09-21 18:00:00,2026-09-21 18:00:00,1007.0
20260921,180000,78W,23,2026,9,21,18,15.3,167.0,100500.0,2026-09-21 18:00:00,2026-09-21 18:00:00,1005.0
20260921,180000,78W,23,2026,9,21,18,16.1,166.8,100500.0,2026-09-21 18:00:00,2026-09-21 18:00:00,1005.0
20260921,180000,78W,23,2026,9,21,18,16.4,166.5,100200.0,2026-09-21 18:00:00,2026-09-21 18:00:00,1002.0
20260921,180000,78W,23,2026,9,21,18,17.0,167.0,100300.0,2026-09-21 18:00:00,2026-09-21 18:00:00,1003.0
20260921,180000,78W,23,2026,9,21,18,17.0,166.20000000000002,99800.0,2026-09-21 18:00:00,2026-09-21 18:00:00,998.0
20260921,180000,78W,23,2026,9,21,18,16.7,166.20000000000002,99600.0,2026-09-21 18:00:00,2026-09-21 18:00:00,996.0
20260921,180000,78W,23,2026,9,21,18,16.7,165.3,99200.0,2026-09-21 18:00:00,2026-09-21 18:00:00,992.0
20260921,180000,78W,23,2026,9,21,18,16.4,164.5,98900.0,2026-09-21 18:00:00,2026-09-21 18:00:00,989.0
20260921,180000,78W,23,2026,9,21,18,16.1,163.9,98300.0,2026-09-21 18:00:00,2026-09-21 18:00:00,983.0
20260921,180000,78W,23,2026,9,21,18,16.4,162.8,97600.0,2026-09-21 18:00:00,2026-09-21 18:00:00,976.0
20260921,180000,78W,23,2026,9,21,18,16.7,162.0,97100.0,2026-09-21 18:00:00,2026-09-21 18:00:00,971.0
20260921,180000,78W,23,2026,9,21,18,16.4,160.8,96900.0,2026-09-21 18:00:00,2026-09-21 18:00:00,969.0
20260921,180000,78W,23,2026,9,21,18,17.0,159.4,96800.0,2026-09-21 18:00:00,2026-09-21 18:00:00,968.0
20260921,180000,78W,23,2026,9,21,18,17.0,158.3,96500.0,2026-09-21 18:00:00,2026-09-21 18:00:00,965.0
20260921,180000,78W,23,2026,9,21,18,17.0,157.70000000000002,95300.0,2026-09-21 18:00:00,2026-09-21 18:00:00,953.0
20260921,180000,78W,23,2026,9,21,18,17.3,156.9,95200.0,2026-09-21 18:00:00,2026-09-21 18:00:00,952.0
20260921,180000,78W,23,2026,9,21,18,17.6,155.8,94900.0,2026-09-21 18:00:00,2026-09-21 18:00:00,949.0
20260921,180000,78W,29,2026,9,21,18,17.6,131.3,100900.0,2026-09-21 18:00:00,2026-09-21 18:00:00,1009.0
20260921,180000,78W,29,2026,9,21,18,16.1,130.5,100900.0,2026-09-21 18:00:00,2026-09-21 18:00:00,1009.0
20260921,180000,78W,29,2026,9,21,18,17.0,132.7,100500.0,2026-09-21 18:00:00,2026-09-21 18:00:00,1005.0
20260921,180000,78W,29,2026,9,21,18,15.6,131.9,100700.0,2026-09-21 18:00:00,2026-09-21 18:00:00,1007.0
20260921,180000,78W,29,2026,9,21,18,15.3,131.9,100400.0,2026-09-21 18:00:00,2026-09-21 18:00:00,1004.0
20260921,180000,78W,29,2026,9,21,18,14.700000000000001,132.1,100500.0,2026-09-21 18:00:00,2026-09-21 18:00:00,1005.0
20260921,180000,78W,29,2026,9,21,18,13.6,132.4,100100.0,2026-09-21 18:00:00,2026-09-21 18:00:00,1001.0
20260921,180000,78W,29,2026,9,21,18,13.9,133.8,100100.0,2026-09-21 18:00:00,2026-09-21 18:00:00,1001.0
20260921,180000,78W,29,2026,9,21,18,14.200000000000001,134.7,100100.0,2026-09-21 18:00:00,2026-09-21 18:00:00,1001.0
20260921,180000,78W,29,2026,9,21,18,15.3,136.1,100200.0,2026-09-21 18:00:00,2026-09-21 18:00:00,1002.0
20260921,180000,78W,29,2026,9,21,18,16.7,137.20000000000002,100100.0,2026-09-21 18:00:00,2026-09-21 18:00:00,1001.0
20260921,180000,78W,29,2026,9,21,18,18.1,138.3,100300.0,2026-09-21 18:00:00,2026-09-21 18:00:00,1003.0
20260921,180000,78W,31,2026,9,21,18,15.3,162.20000000000002,100600.0,2026-09-21 18:00:00,2026-09-21 18:00:00,1006.0
20260921,180000,78W,31,2026,9,21,18,13.9,163.4,100800.0,2026-09-21 18:00:00,2026-09-21 18:00:00,1008.0
20260921,180000,78W,31,2026,9,21,18,13.6,165.0,100400.0,2026-09-21 18:00:00,2026-09-21 18:00:00,1004.0
20260921,180000,78W,31,2026,9,21,18,13.6,165.9,100400.0,2026-09-21 18:00:00,2026-09-21 18:00:00,1004.0
20260921,180000,78W,31,2026,9,21,18,13.3,166.20000000000002,100100.0,2026-09-21 18:00:00,2026-09-21 18:00:00,1001.0
20260921,180000,78W,31,2026,9,21,18,13.0,166.5,100200.0,2026-09-21 18:00:00,2026-09-21 18:00:00,1002.0
20260921,180000,78W,31,2026,9,21,18,13.0,166.5,100100.0,2026-09-21 18:00:00,2026-09-21 18:00:00,1001.0
20260921,180000,78W,31,2026,9,21,18,13.3,166.5,100200.0,2026-09-21 18:00:00,2026-09-21 18:00:00,1002.0
20260921,180000,78W,31,2026,9,21,18,13.6,163.6,100300.0,2026-09-21 18:00:00,2026-09-21 18:00:00,1003.0
20260921,180000,78W,31,2026,9,21,18,14.200000000000001,161.70000000000002,100100.0,2026-09-21 18:00:00,2026-09-21 18:00:00,1001.0
20260921,180000,78W,31,2026,9,21,18,13.6,160.5,100200.0,2026-09-21 18:00:00,2026-09-21 18:00:00,1002.0
20260921,180000,78W,31,2026,9,21,18,13.3,160.0,100000.0,2026-09-21 18:00:00,2026-09-21 18:00:00,1000.0
20260921,180000,78W,31,2026,9,21,18,13.8,158.8,100200.0,2026-09-21 18:00:00,2026-09-21 18:00:00,1002.0
20260921,180000,78W,31,2026,9,21,18,14.200000000000001,157.70000000000002,99900.0,2026-09-21 18:00:00,2026-09-21 18:00:00,999.0
20260921,180000,78W,33,2026,9,21,18,17.0,152.4,100300.0,2026-09-21 18:00:00,2026-09-21 18:00:00,1003.0
20260921,180000,78W,33,2026,9,21,18,16.7,154.9,100400.0,2026-09-21 18:00:00,2026-09-21 18:00:00,1004.0
20260921,180000,78W,33,2026,9,21,18,17.0,156.9,100100.0,2026-09-21 18:00:00,2026-09-21 18:00:00,1001.0
20260921,180000,78W,33,2026,9,21,18,17.6,158.0,100100.0,2026-09-21 18:00:00,2026-09-21 18:00:00,1001.0
20260921,180000,78W,33,2026,9,21,18,18.1,158.3,99800.0,2026-09-21 18:00:00,2026-09-21 18:00:00,998.0
20260921,180000,78W,33,2026,9,21,18,19.0,159.1,99900.0,2026-09-21 18:00:00,2026-09-21 18:00:00,999.0
20260921,180000,78W,33,2026,9,21,18,20.1,158.6,99600.0,2026-09-21 18:00:00,2026-09-21 18:00:00,996.0
20260921,180000,78W,33,2026,9,21,18,20.400000000000002,158.3,99700.0,2026-09-21 18:00:00,2026-09-21 18:00:00,997.0
20260921,180000,78W,33,2026,9,21,18,21.2,158.6,99500.0,2026-09-21 18:00:00,2026-09-21 18:00:00,995.0
20260921,180000,78W,33,2026,9,21,18,23.2,159.1,99400.0,2026-09-21 18:00:00,2026-09-21 18:00:00,994.0
20260921,180000,78W,33,2026,9,21,18,24.0,158.0,99000.0,2026-09-21 18:00:00,2026-09-21 18:00:00,990.0
20260921,180000,78W,33,2026,9,21,18,24.0,157.5,98900.0,2026-09-21 18:00:00,2026-09-21 18:00:00,989.0
20260921,180000,78W,33,2026,9,21,18,25.2,157.20000000000002,98700.0,2026-09-21 18:00:00,2026-09-21 18:00:00,987.0
20260921,180000,78W,33,2026,9,21,18,26.900000000000002,156.6,98700.0,2026-09-21 18:00:00,2026-09-21 18:00:00,987.0
20260921,180000,78W,33,2026,9,21,18,28.3,155.8,98400.0,2026-09-21 18:00:00,2026-09-21 18:00:00,984.0
20260921,180000,78W,48,2026,9,21,18,17.0,120.0,101000.0,2026-09-21 18:00:00,2026-09-21 18:00:00,1010.0
20260921,180000,78W,48,2026,9,21,18,17.6,119.8,101000.0,2026-09-21 18:00:00,2026-09-21 18:00:00,1010.0
20260921,180000,78W,48,2026,9,21,18,17.6,119.8,101100.0,2026-09-21 18:00:00,2026-09-21 18:00:00,1011.0
20260921,180000,78W,48,2026,9,21,18,15.9,120.3,100800.0,2026-09-21 18:00:00,2026-09-21 18:00:00,1008.0
20260921,180000,78W,48,2026,9,21,18,17.0,119.2,101100.0,2026-09-21 18:00:00,2026-09-21 18:00:00,1011.0
20260921,180000,78W,48,2026,9,21,18,15.5,116.7,101100.0,2026-09-21 18:00:00,2026-09-21 18:00:00,1011.0
20260921,180000,78W,48,2026,9,21,18,15.6,116.7,100900.0,2026-09-21 18:00:00,2026-09-21 18:00:00,1009.0
20260921,180000,78W,48,2026,9,21,18,15.0,115.0,101100.0,2026-09-21 18:00:00,2026-09-21 18:00:00,1011.0
20260921,180000,78W,51,2026,9,21,18,9.4,172.4,100700.0,2026-09-21 18:00:00,2026-09-21 18:00:00,1007.0
20260921,180000,78W,51,2026,9,21,18,10.5,171.0,100800.0,2026-09-21 18:00:00,2026-09-21 18:00:00,1008.0
20260921,180000,79W,3,2026,9,21,18,13.0,155.20000000000002,100700.0,2026-09-21 18:00:00,2026-09-21 18:00:00,1007.0
20260921,180000,79W,3,2026,9,21,18,11.9,153.8,100900.0,2026-09-21 18:00:00,2026-09-21 18:00:00,1009.0
20260921,180000,79W,3,2026,9,21,18,13.0,154.1,100700.0,2026-09-21 18:00:00,2026-09-21 18:00:00,1007.0
20260921,180000,79W,3,2026,9,21,18,14.5,154.4,101000.0,2026-09-21 18:00:00,2026-09-21 18:00:00,1010.0
20260921,180000,79W,3,2026,9,21,18,14.200000000000001,153.8,100700.0,2026-09-21 18:00:00,2026-09-21 18:00:00,1007.0
20260921,180000,79W,3,2026,9,21,18,13.0,154.1,100900.0,2026-09-21 18:00:00,2026-09-21 18:00:00,1009.0
20260921,180000,79W,3,2026,9,21,18,13.9,154.4,100700.0,2026-09-21 18:00:00,2026-09-21 18:00:00,1007.0
20260921,180000,79W,3,2026,9,21,18,14.700000000000001,155.8,100900.0,2026-09-21 18:00:00,2026-09-21 18:00:00,1009.0
20260921,180000,79W,3,2026,9,21,18,14.5,154.6,100600.0,2026-09-21 18:00:00,2026-09-21 18:00:00,1006.0
20260921,180000,79W,3,2026,9,21,18,15.0,155.8,100800.0,2026-09-21 18:00:00,2026-09-21 18:00:00,1008.0
20260921,180000,79W,3,2026,9,21,18,14.700000000000001,155.8,100400.0,2026-09-21 18:00:00,2026-09-21 18:00:00,1004.0
20260921,180000,79W,3,2026,9,21,18,15.0,156.3,100400.0,2026-09-21 18:00:00,2026-09-21 18:00:00,1004.0
20260921,180000,79W,3,2026,9,21,18,15.3,155.8,100100.0,2026-09-21 18:00:00,2026-09-21 18:00:00,1001.0
20260921,180000,79W,3,2026,9,21,18,15.0,156.3,100200.0,2026-09-21 18:00:00,2026-09-21 18:00:00,1002.0
20260921,180000,79W,3,2026,9,21,18,15.6,155.8,99800.0,2026-09-21 18:00:00,2026-09-21 18:00:00,998.0
20260921,180000,79W,3,2026,9,21,18,15.4,155.3,99700.0,2026-09-21 18:00:00,2026-09-21 18:00:00,997.0
20260921,180000,79W,3,2026,9,21,18,15.6,154.6,99200.0,2026-09-21 18:00:00,2026-09-21 18:00:00,992.0
20260921,180000,79W,3,2026,9,21,18,15.9,154.1,99200.0,2026-09-21 18:00:00,2026-09-21 18:00:00,992.0
20260921,180000,79W,3,2026,9,21,18,16.4,152.70000000000002,98900.0,2026-09-21 18:00:00,2026-09-21 18:00:00,989.0
20260921,180000,79W,3,2026,9,21,18,16.7,151.0,98800.0,2026-09-21 18:00:00,2026-09-21 18:00:00,988.0
20260921,180000,79W,3,2026,9,21,18,16.7,149.6,98000.0,2026-09-21 18:00:00,2026-09-21 18:00:00,980.0
20260921,180000,79W,3,2026,9,21,18,16.7,148.20000000000002,98000.0,2026-09-21 18:00:00,2026-09-21 18:00:00,980.0
20260921,180000,79W,3,2026,9,21,18,16.7,147.0,97600.0,2026-09-21 18:00:00,2026-09-21 18:00:00,976.0
20260921,180000,79W,3,2026,9,21,18,16.7,145.6,97100.0,2026-09-21 18:00:00,2026-09-21 18:00:00,971.0
20260921,180000,79W,3,2026,9,21,18,16.7,144.5,97200.0,2026-09-21 18:00:00,2026-09-21 18:00:00,972.0
20260921,180000,79W,3,2026,9,21,18,16.7,143.4,97000.0,2026-09-21 18:00:00,2026-09-21 18:00:00,970.0
20260921,180000,79W,3,2026,9,21,18,16.7,142.0,97100.0,2026-09-21 18:00:00,2026-09-21 18:00:00,971.0
20260921,180000,79W,8,2026,9,21,18,9.700000000000001,172.4,100200.0,2026-09-21 18:00:00,2026-09-21 18:00:00,1002.0
20260921,180000,79W,8,2026,9,21,18,8.3,173.8,100300.0,2026-09-21 18:00:00,2026-09-21 18:00:00,1003.0
20260921,180000,79W,8,2026,9,21,18,8.0,174.9,100200.0,2026-09-21 18:00:00,2026-09-21 18:00:00,1002.0
20260921,180000,79W,8,2026,9,21,18,9.1,174.6,100300.0,2026-09-21 18:00:00,2026-09-21 18:00:00,1003.0
20260921,180000,79W,8,2026,9,21,18,10.5,173.5,100200.0,2026-09-21 18:00:00,2026-09-21 18:00:00,1002.0
20260921,180000,79W,8,2026,9,21,18,11.9,172.6,100300.0,2026-09-21 18:00:00,2026-09-21 18:00:00,1003.0
20260921,180000,79W,8,2026,9,21,18,12.200000000000001,170.70000000000002,100000.0,2026-09-21 18:00:00,2026-09-21 18:00:00,1000.0
20260921,180000,79W,8,2026,9,21,18,13.0,168.70000000000002,100100.0,2026-09-21 18:00:00,2026-09-21 18:00:00,1001.0
20260921,180000,79W,8,2026,9,21,18,13.0,168.4,99700.0,2026-09-21 18:00:00,2026-09-21 18:00:00,997.0
20260921,180000,79W,17,2026,9,21,18,19.2,158.9,100700.0,2026-09-21 18:00:00,2026-09-21 18:00:00,1007.0
20260921,180000,79W,17,2026,9,21,18,19.5,160.3,100900.0,2026-09-21 18:00:00,2026-09-21 18:00:00,1009.0
20260921,180000,79W,17,2026,9,21,18,17.6,161.1,100900.0,2026-09-21 18:00:00,2026-09-21 18:00:00,1009.0
20260921,180000,79W,17,2026,9,21,18,16.1,162.8,100700.0,2026-09-21 18:00:00,2026-09-21 18:00:00,1007.0
20260921,180000,79W,17,2026,9,21,18,15.0,162.8,100700.0,2026-09-21 18:00:00,2026-09-21 18:00:00,1007.0
20260921,180000,79W,17,2026,9,21,18,14.700000000000001,162.8,100400.0,2026-09-21 18:00:00,2026-09-21 18:00:00,1004.0
20260921,180000,79W,17,2026,9,21,18,13.9,163.6,100400.0,2026-09-21 18:00:00,2026-09-21 18:00:00,1004.0
20260921,180000,79W,17,2026,9,21,18,12.8,163.4,100000.0,2026-09-21 18:00:00,2026-09-21 18:00:00,1000.0
20260921,180000,79W,17,2026,9,21,18,13.6,163.9,100000.0,2026-09-21 18:00:00,2026-09-21 18:00:00,1000.0
20260921,180000,79W,17,2026,9,21,18,13.3,164.0,99500.0,2026-09-21 18:00:00,2026-09-21 18:00:00,995.0
20260921,180000,79W,17,2026,9,21,18,13.6,164.8,99500.0,2026-09-21 18:00:00,2026-09-21 18:00:00,995.0
20260921,180000,79W,17,2026,9,21,18,13.6,164.5,98800.0,2026-09-21 18:00:00,2026-09-21 18:00:00,988.0
20260921,180000,79W,17,2026,9,21,18,14.700000000000001,164.8,98400.0,2026-09-21 18:00:00,2026-09-21 18:00:00,984.0
20260921,180000,79W,17,2026,9,21,18,15.6,164.20000000000002,98100.0,2026-09-21 18:00:00,2026-09-21 18:00:00,981.0
20260921,180000,79W,17,2026,9,21,18,16.4,163.6,97600.0,2026-09-21 18:00:00,2026-09-21 18:00:00,976.0
20260921,180000,79W,17,2026,9,21,18,17.0,162.5,97600.0,2026-09-21 18:00:00,2026-09-21 18:00:00,976.0
20260921,180000,79W,17,2026,9,21,18,17.6,161.1,97700.0,2026-09-21 18:00:00,2026-09-21 18:00:00,977.0
20260921,180000,79W,17,2026,9,21,18,18.1,159.70000000000002,97700.0,2026-09-21 18:00:00,2026-09-21 18:00:00,977.0
20260921,180000,79W,17,2026,9,21,18,18.1,158.6,97800.0,2026-09-21 18:00:00,2026-09-21 18:00:00,978.0
20260921,180000,79W,17,2026,9,21,18,18.7,157.20000000000002,97500.0,2026-09-21 18:00:00,2026-09-21 18:00:00,975.0
20260921,180000,79W,22,2026,9,21,18,15.0,155.5,100500.0,2026-09-21 18:00:00,2026-09-21 18:00:00,1005.0
20260921,180000,79W,22,2026,9,21,18,15.3,153.20000000000002,100700.0,2026-09-21 18:00:00,2026-09-21 18:00:00,1007.0
20260921,180000,79W,22,2026,9,21,18,15.6,149.9,100600.0,2026-09-21 18:00:00,2026-09-21 18:00:00,1006.0
20260921,180000,79W,22,2026,9,21,18,14.700000000000001,149.0,100400.0,2026-09-21 18:00:00,2026-09-21 18:00:00,1004.0
20260921,180000,79W,29,2026,9,21,18,11.4,161.4,100800.0,2026-09-21 18:00:00,2026-09-21 18:00:00,1008.0
20260921,180000,79W,29,2026,9,21,18,11.9,159.4,100600.0,2026-09-21 18:00:00,2026-09-21 18:00:00,1006.0
20260921,180000,79W,29,2026,9,21,18,11.6,155.20000000000002,100500.0,2026-09-21 18:00:00,2026-09-21 18:00:00,1005.0
20260921,180000,79W,31,2026,9,21,18,9.4,174.0,100600.0,2026-09-21 18:00:00,2026-09-21 18:00:00,1006.0
20260921,180000,79W,31,2026,9,21,18,8.8,174.9,100700.0,2026-09-21 18:00:00,2026-09-21 18:00:00,1007.0
20260921,180000,79W,31,2026,9,21,18,8.3,174.3,100500.0,2026-09-21 18:00:00,2026-09-21 18:00:00,1005.0
20260921,180000,79W,31,2026,9,21,18,8.5,176.3,100700.0,2026-09-21 18:00:00,2026-09-21 18:00:00,1007.0
20260921,180000,79W,31,2026,9,21,18,8.8,178.0,100600.0,2026-09-21 18:00:00,2026-09-21 18:00:00,1006.0
20260921,180000,79W,31,2026,9,21,18,9.700000000000001,178.3,100800.0,2026-09-21 18:00:00,2026-09-21 18:00:00,1008.0
20260921,180000,79W,31,2026,9,21,18,10.200000000000001,177.4,100700.0,2026-09-21 18:00:00,2026-09-21 18:00:00,1007.0
20260921,180000,79W,31,2026,9,21,18,10.8,175.5,100800.0,2026-09-21 18:00:00,2026-09-21 18:00:00,1008.0
20260921,180000,79W,31,2026,9,21,18,11.1,174.9,100600.0,2026-09-21 18:00:00,2026-09-21 18:00:00,1006.0
20260921,180000,79W,31,2026,9,21,18,11.6,173.20000000000002,100700.0,2026-09-21 18:00:00,2026-09-21 18:00:00,1007.0
20260921,180000,79W,31,2026,9,21,18,12.8,171.20000000000002,100600.0,2026-09-21 18:00:00,2026-09-21 18:00:00,1006.0
20260921,180000,80W,3,2026,9,21,18,11.4,170.4,100700.0,2026-09-21 18:00:00,2026-09-21 18:00:00,1007.0
20260921,180000,80W,3,2026,9,21,18,11.9,171.8,100900.0,2026-09-21 18:00:00,2026-09-21 18:00:00,1009.0
20260921,180000,80W,3,2026,9,21,18,11.9,171.8,100600.0,2026-09-21 18:00:00,2026-09-21 18:00:00,1006.0
20260921,180000,80W,3,2026,9,21,18,11.9,172.4,100700.0,2026-09-21 18:00:00,2026-09-21 18:00:00,1007.0
20260921,180000,80W,3,2026,9,21,18,11.6,172.6,100700.0,2026-09-21 18:00:00,2026-09-21 18:00:00,1007.0
20260921,180000,80W,17,2026,9,21,18,11.9,178.0,100800.0,2026-09-21 18:00:00,2026-09-21 18:00:00,1008.0
20260921,180000,80W,17,2026,9,21,18,10.5,178.0,100700.0,2026-09-21 18:00:00,2026-09-21 18:00:00,1007.0
20260921,180000,80W,17,2026,9,21,18,9.9,179.8,100800.0,2026-09-21 18:00:00,2026-09-21 18:00:00,1008.0
20260921,180000,80W,17,2026,9,21,18,9.4,180.2,100800.0,2026-09-21 18:00:00,2026-09-21 18:00:00,1008.0
20260921,180000,80W,17,2026,9,21,18,10.8,181.4,100700.0,2026-09-21 18:00:00,2026-09-21 18:00:00,1007.0
20260921,180000,80W,17,2026,9,21,18,11.4,182.2,100800.0,2026-09-21 18:00:00,2026-09-21 18:00:00,1008.0
20260921,180000,80W,17,2026,9,21,18,11.1,182.5,100800.0,2026-09-21 18:00:00,2026-09-21 18:00:00,1008.0
20260921,180000,80W,17,2026,9,21,18,11.6,182.79999999999998,100700.0,2026-09-21 18:00:00,2026-09-21 18:00:00,1007.0
20260921,180000,80W,17,2026,9,21,18,12.200000000000001,182.5,100600.0,2026-09-21 18:00:00,2026-09-21 18:00:00,1006.0
20260921,180000,80W,17,2026,9,21,18,12.200000000000001,182.5,100700.0,2026-09-21 18:00:00,2026-09-21 18:00:00,1007.0
20260921,180000,80W,17,2026,9,21,18,13.0,181.1,100700.0,2026-09-21 18:00:00,2026-09-21 18:00:00,1007.0
20260921,180000,80W,17,2026,9,21,18,13.0,180.5,100700.0,2026-09-21 18:00:00,2026-09-21 18:00:00,1007.0
20260921,180000,80W,17,2026,9,21,18,13.6,180.5,100700.0,2026-09-21 18:00:00,2026-09-21 18:00:00,1007.0
20260921,180000,80W,17,2026,9,21,18,13.3,180.0,100700.0,2026-09-21 18:00:00,2026-09-21 18:00:00,1007.0
20260921,180000,80W,17,2026,9,21,18,13.0,178.8,100800.0,2026-09-21 18:00:00,2026-09-21 18:00:00,1008.0
20260921,180000,80W,17,2026,9,21,18,12.8,178.70000000000002,100800.0,2026-09-21 18:00:00,2026-09-21 18:00:00,1008.0
20260921,180000,80W,17,2026,9,21,18,13.0,177.70000000000002,100700.0,2026-09-21 18:00:00,2026-09-21 18:00:00,1007.0
20260921,180000,80W,17,2026,9,21,18,12.200000000000001,177.1,100800.0,2026-09-21 18:00:00,2026-09-21 18:00:00,1008.0
20260921,180000,80W,17,2026,9,21,18,11.6,176.6,100600.0,2026-09-21 18:00:00,2026-09-21 18:00:00,1006.0
20260921,180000,80W,22,2026,9,21,18,16.4,154.4,100500.0,2026-09-21 18:00:00,2026-09-21 18:00:00,1005.0
20260921,180000,80W,22,2026,9,21,18,16.4,151.8,100300.0,2026-09-21 18:00:00,2026-09-21 18:00:00,1003.0
20260921,180000,80W,22,2026,9,21,18,17.6,151.3,100000.0,2026-09-21 18:00:00,2026-09-21 18:00:00,1000.0
20260921,180000,81W,3,2026,9,21,18,14.200000000000001,166.5,100400.0,2026-09-21 18:00:00,2026-09-21 18:00:00,1004.0
20260921,180000,81W,3,2026,9,21,18,14.200000000000001,166.5,100400.0,2026-09-21 18:00:00,2026-09-21 18:00:00,1004.0
20260921,180000,81W,3,2026,9,21,18,15.0,166.20000000000002,100500.0,2026-09-21 18:00:00,2026-09-21 18:00:00,1005.0
20260921,180000,81W,3,2026,9,21,18,15.3,165.3,100300.0,2026-09-21 18:00:00,2026-09-21 18:00:00,1003.0
