typicalDate,typicalTime,track,sample,year,month,day,hour,lat,lon,pressureReducedToMeanSeaLevel,base_dt,valid_dt,pressure
20260909,180000,22W,15,2026,9,9,18,34.6,143.9,101500.0,2026-09-09 18:00:00,2026-09-09 18:00:00,1015.0
20260909,180000,22W,15,2026,9,9,18,35.6,151.0,101900.0,2026-09-09 18:00:00,2026-09-09 18:00:00,1019.0
20260909,180000,70W,1,2026,9,9,18,15.3,118.7,100700.0,2026-09-09 18:00:00,2026-09-09 18:00:00,1007.0
20260909,180000,70W,1,2026,9,9,18,15.200000000000001,118.10000000000001,100600.0,2026-09-09 18:00:00,2026-09-09 18:00:00,1006.0
20260909,180000,70W,1,2026,9,9,18,15.5,117.7,100700.0,2026-09-09 18:00:00,2026-09-09 18:00:00,1007.0
20260909,180000,70W,1,2026,9,9,18,15.700000000000001,117.7,100700.0,2026-09-09 18:00:00,2026-09-09 18:00:00,1007.0
20260909,180000,70W,1,2026,9,9,18,16.6,117.0,100800.0,2026-09-09 18:00:00,2026-09-09 18:00:00,1008.0
20260909,180000,70W,1,2026,9,9,18,16.6,116.2,100800.0,2026-09-09 18:00:00,2026-09-09 18:00:00,1008.0
20260909,180000,70W,1,2026,9,9,18,16.4,114.0,100800.0,2026-09-09 18:00:00,2026-09-09 18:00:00,1008.0
20260909,180000,70W,1,2026,9,9,18,16.4,113.60000000000001,100700.0,2026-09-09 18:00:00,2026-09-09 18:00:00,1007.0
20260909,180000,70W,1,2026,9,9,18,16.9,113.2,100800.0,2026-09-09 18:00:00,2026-09-09 18:00:00,1008.0
20260909,180000,70W,1,2026,9,9,18,16.9,112.5,100700.0,2026-09-09 18:00:00,2026-09-09 18:00:00,1007.0
20260909,180000,70W,1,2026,9,9,18,17.6,111.5,100800.0,2026-09-09 18:00:00,2026-09-09 18:00:00,1008.0
20260909,180000,70W,1,2026,9,9,18,17.3,110.60000000000001,100600.0,2026-09-09 18:00:00,2026-09-09 18:00:00,1006.0
20260909,180000,70W,1,2026,9,9,18,16.9,109.8,100700.0,2026-09-09 18:00:00,2026-09-09 18:00:00,1007.0
20260909,180000,70W,1,2026,9,9,18,16.6,109.3,100700.0,2026-09-09 18:00:00,2026-09-09 18:00:00,1007.0
20260909,180000,70W,1,2026,9,9,18,17.2,107.5,100700.0,2026-09-09 18:00:00,2026-09-09 18:00:00,1007.0
20260909,180000,70W,1,2026,9,9,18,17.400000000000002,107.0,100700.0,2026-09-09 18:00:00,2026-09-09 18:00:00,1007.0
20260909,180000,70W,2,2026,9,9,18,16.1,117.5,100700.0,2026-09-09 18:00:00,2026-09-09 18:00:00,1007.0
20260909,180000,70W,2,2026,9,9,18,15.4,117.4,100800.0,2026-09-09 18:00:00,2026-09-09 18:00:00,1008.0
20260909,180000,70W,2,2026,9,9,18,16.2,117.4,100600.0,2026-09-09 18:00:00,2026-09-09 18:00:00,1006.0
20260909,180000,70W,2,2026,9,9,18,16.6,117.2,100700.0,2026-09-09 18:00:00,2026-09-09 18:00:00,1007.0
20260909,180000,70W,2,2026,9,9,18,17.1,116.5,100500.0,2026-09-09 18:00:00,2026-09-09 18:00:00,1005.0
20260909,180000,70W,2,2026,9,9,18,17.1,115.5,100600.0,2026-09-09 18:00:00,2026-09-09 18:00:00,1006.0
20260909,180000,70W,2,2026,9,9,18,17.1,114.4,100400.0,2026-09-09 18:00:00,2026-09-09 18:00:00,1004.0
20260909,180000,70W,2,2026,9,9,18,16.3,114.3,100400.0,2026-09-09 18:00:00,2026-09-09 18:00:00,1004.0
20260909,180000,70W,2,2026,9,9,18,17.3,114.4,100200.0,2026-09-09 18:00:00,2026-09-09 18:00:00,1002.0
20260909,180000,70W,2,2026,9,9,18,17.5,113.2,100300.0,2026-09-09 18:00:00,2026-09-09 18:00:00,1003.0
20260909,180000,70W,2,2026,9,9,18,17.3,112.0,100200.0,2026-09-09 18:00:00,2026-09-09 18:00:00,1002.0
20260909,180000,70W,2,2026,9,9,18,17.0,111.2,100200.0,2026-09-09 18:00:00,2026-09-09 18:00:00,1002.0
20260909,180000,70W,2,2026,9,9,18,16.6,110.8,100100.0,2026-09-09 18:00:00,2026-09-09 18:00:00,1001.0
20260909,180000,70W,2,2026,9,9,18,16.4,110.7,100200.0,2026-09-09 18:00:00,2026-09-09 18:00:00,1002.0
20260909,180000,70W,2,2026,9,9,18,16.2,110.9,100200.0,2026-09-09 18:00:00,2026-09-09 18:00:00,1002.0
20260909,180000,70W,2,2026,9,9,18,16.6,110.4,100300.0,2026-09-09 18:00:00,2026-09-09 18:00:00,1003.0
20260909,180000,70W,2,2026,9,9,18,16.6,110.10000000000001,100200.0,2026-09-09 18:00:00,2026-09-09 18:00:00,1002.0
20260909,180000,70W,2,2026,9,9,18,17.0,109.3,100300.0,2026-09-09 18:00:00,2026-09-09 18:00:00,1003.0
20260909,180000,70W,2,2026,9,9,18,16.9,108.5,100200.0,2026-09-09 18:00:00,2026-09-09 18:00:00,1002.0
20260909,180000,70W,3,2026,9,9,18,14.9,118.4,100400.0,2026-09-09 18:00:00,2026-09-09 18:00:00,1004.0
20260909,180000,70W,3,2026,9,9,18,15.200000000000001,118.10000000000001,100300.0,2026-09-09 18:00:00,2026-09-09 18:00:00,1003.0
20260909,180000,70W,3,2026,9,9,18,15.700000000000001,117.7,100500.0,2026-09-09 18:00:00,2026-09-09 18:00:00,1005.0
20260909,180000,70W,3,2026,9,9,18,15.700000000000001,117.0,100400.0,2026-09-09 18:00:00,2026-09-09 18:00:00,1004.0
20260909,180000,70W,3,2026,9,9,18,16.2,116.5,100600.0,2026-09-09 18:00:00,2026-09-09 18:00:00,1006.0
20260909,180000,70W,3,2026,9,9,18,16.6,115.7,100400.0,2026-09-09 18:00:00,2026-09-09 18:00:00,1004.0
20260909,180000,70W,3,2026,9,9,18,17.0,114.60000000000001,100400.0,2026-09-09 18:00:00,2026-09-09 18:00:00,1004.0
20260909,180000,70W,3,2026,9,9,18,17.0,112.9,100300.0,2026-09-09 18:00:00,2026-09-09 18:00:00,1003.0
20260909,180000,70W,3,2026,9,9,18,16.9,111.5,100300.0,2026-09-09 18:00:00,2026-09-09 18:00:00,1003.0
20260909,180000,70W,3,2026,9,9,18,16.9,110.10000000000001,100200.0,2026-09-09 18:00:00,2026-09-09 18:00:00,1002.0
20260909,180000,70W,3,2026,9,9,18,16.2,109.10000000000001,100100.0,2026-09-09 18:00:00,2026-09-09 18:00:00,1001.0
20260909,180000,70W,3,2026,9,9,18,16.1,108.4,100200.0,2026-09-09 18:00:00,2026-09-09 18:00:00,1002.0
20260909,180000,70W,3,2026,9,9,18,15.200000000000001,106.8,100500.0,2026-09-09 18:00:00,2026-09-09 18:00:00,1005.0
20260909,180000,70W,3,2026,9,9,18,15.3,105.8,100500.0,2026-09-09 18:00:00,2026-09-09 18:00:00,1005.0
20260909,180000,70W,3,2026,9,9,18,15.9,105.2,100700.0,2026-09-09 18:00:00,2026-09-09 18:00:00,1007.0
20260909,180000,70W,3,2026,9,9,18,15.700000000000001,105.10000000000001,100800.0,2026-09-09 18:00:00,2026-09-09 18:00:00,1008.0
20260909,180000,70W,4,2026,9,9,18,11.6,155.1,100800.0,2026-09-09 18:00:00,2026-09-09 18:00:00,1008.0
20260909,180000,70W,4,2026,9,9,18,10.700000000000001,155.3,101000.0,2026-09-09 18:00:00,2026-09-09 18:00:00,1010.0
20260909,180000,70W,4,2026,9,9,18,10.6,155.0,100700.0,2026-09-09 18:00:00,2026-09-09 18:00:00,1007.0
20260909,180000,70W,4,2026,9,9,18,12.1,156.0,100900.0,2026-09-09 18:00:00,2026-09-09 18:00:00,1009.0
20260909,180000,70W,4,2026,9,9,18,11.200000000000001,157.5,100600.0,2026-09-09 18:00:00,2026-09-09 18:00:00,1006.0
20260909,180000,70W,4,2026,9,9,18,11.1,159.20000000000002,100800.0,2026-09-09 18:00:00,2026-09-09 18:00:00,1008.0
20260909,180000,70W,4,2026,9,9,18,11.0,160.8,100500.0,2026-09-09 18:00:00,2026-09-09 18:00:00,1005.0
20260909,180000,70W,4,2026,9,9,18,11.5,160.8,100700.0,2026-09-09 18:00:00,2026-09-09 18:00:00,1007.0
20260909,180000,70W,4,2026,9,9,18,11.3,162.20000000000002,100500.0,2026-09-09 18:00:00,2026-09-09 18:00:00,1005.0
20260909,180000,70W,4,2026,9,9,18,11.700000000000001,161.6,100800.0,2026-09-09 18:00:00,2026-09-09 18:00:00,1008.0
20260909,180000,70W,4,2026,9,9,18,11.4,162.0,100500.0,2026-09-09 18:00:00,2026-09-09 18:00:00,1005.0
20260909,180000,70W,4,2026,9,9,18,12.4,162.8,100600.0,2026-09-09 18:00:00,2026-09-09 18:00:00,1006.0
20260909,180000,70W,4,2026,9,9,18,13.200000000000001,161.3,100300.0,2026-09-09 18:00:00,2026-09-09 18:00:00,1003.0
20260909,180000,70W,4,2026,9,9,18,13.6,160.1,100500.0,2026-09-09 18:00:00,2026-09-09 18:00:00,1005.0
20260909,180000,70W,4,2026,9,9,18,12.4,156.5,100200.0,2026-09-09 18:00:00,2026-09-09 18:00:00,1002.0
20260909,180000,70W,4,2026,9,9,18,13.1,157.3,100100.0,2026-09-09 18:00:00,2026-09-09 18:00:00,1001.0
20260909,180000,70W,4,2026,9,9,18,14.0,157.0,99800.0,2026-09-09 18:00:00,2026-09-09 18:00:00,998.0
20260909,180000,70W,4,2026,9,9,18,14.5,156.3,99900.0,2026-09-09 18:00:00,2026-09-09 18:00:00,999.0
20260909,180000,70W,4,2026,9,9,18,15.1,155.3,99000.0,2026-09-09 18:00:00,2026-09-09 18:00:00,990.0
20260909,180000,70W,4,2026,9,9,18,15.700000000000001,154.1,98700.0,2026-09-09 18:00:00,2026-09-09 18:00:00,987.0
20260909,180000,70W,4,2026,9,9,18,16.3,153.5,97600.0,2026-09-09 18:00:00,2026-09-09 18:00:00,976.0
20260909,180000,70W,4,2026,9,9,18,17.1,153.20000000000002,97300.0,2026-09-09 18:00:00,2026-09-09 18:00:00,973.0
20260909,180000,70W,4,2026,9,9,18,17.8,152.6,96100.0,2026-09-09 18:00:00,2026-09-09 18:00:00,961.0
20260909,180000,70W,5,2026,9,9,18,14.1,113.60000000000001,100800.0,2026-09-09 18:00:00,2026-09-09 18:00:00,1008.0
20260909,180000,70W,5,2026,9,9,18,14.0,113.5,100800.0,2026-09-09 18:00:00,2026-09-09 18:00:00,1008.0
20260909,180000,70W,5,2026,9,9,18,14.6,114.3,100900.0,2026-09-09 18:00:00,2026-09-09 18:00:00,1009.0
20260909,180000,70W,5,2026,9,9,18,14.9,114.10000000000001,100700.0,2026-09-09 18:00:00,2026-09-09 18:00:00,1007.0
20260909,180000,70W,5,2026,9,9,18,15.1,113.8,100700.0,2026-09-09 18:00:00,2026-09-09 18:00:00,1007.0
20260909,180000,70W,5,2026,9,9,18,15.700000000000001,113.2,100700.0,2026-09-09 18:00:00,2026-09-09 18:00:00,1007.0
20260909,180000,70W,5,2026,9,9,18,16.5,110.10000000000001,100800.0,2026-09-09 18:00:00,2026-09-09 18:00:00,1008.0
20260909,180000,70W,5,2026,9,9,18,16.1,108.5,100800.0,2026-09-09 18:00:00,2026-09-09 18:00:00,1008.0
20260909,180000,70W,5,2026,9,9,18,15.200000000000001,105.10000000000001,100900.0,2026-09-09 18:00:00,2026-09-09 18:00:00,1009.0
20260909,180000,70W,5,2026,9,9,18,12.1,100.60000000000001,100800.0,2026-09-09 18:00:00,2026-09-09 18:00:00,1008.0
20260909,180000,70W,5,2026,9,9,18,12.200000000000001,102.0,100600.0,2026-09-09 18:00:00,2026-09-09 18:00:00,1006.0
20260909,180000,70W,6,2026,9,9,18,13.3,155.6,100700.0,2026-09-09 18:00:00,2026-09-09 18:00:00,1007.0
20260909,180000,70W,7,2026,9,9,18,13.700000000000001,100.5,100700.0,2026-09-09 18:00:00,2026-09-09 18:00:00,1007.0
20260909,180000,70W,7,2026,9,9,18,13.4,103.8,100700.0,2026-09-09 18:00:00,2026-09-09 18:00:00,1007.0
20260909,180000,70W,7,2026,9,9,18,11.9,102.60000000000001,100800.0,2026-09-09 18:00:00,2026-09-09 18:00:00,1008.0
20260909,180000,70W,7,2026,9,9,18,9.8,104.7,100700.0,2026-09-09 18:00:00,2026-09-09 18:00:00,1007.0
20260909,180000,70W,7,2026,9,9,18,9.5,104.4,100700.0,2026-09-09 18:00:00,2026-09-09 18:00:00,1007.0
20260909,180000,70W,7,2026,9,9,18,10.5,103.8,100700.0,2026-09-09 18:00:00,2026-09-09 18:00:00,1007.0
20260909,180000,70W,7,2026,9,9,18,11.1,103.7,100600.0,2026-09-09 18:00:00,2026-09-09 18:00:00,1006.0
20260909,180000,70W,7,2026,9,9,18,12.5,104.4,100600.0,2026-09-09 18:00:00,2026-09-09 18:00:00,1006.0
20260909,180000,70W,7,2026,9,9,18,12.6,104.2,100700.0,2026-09-09 18:00:00,2026-09-09 18:00:00,1007.0
20260909,180000,70W,7,2026,9,9,18,13.1,103.60000000000001,100800.0,2026-09-09 18:00:00,2026-09-09 18:00:00,1008.0
20260909,180000,70W,7,2026,9,9,18,12.4,104.5,100500.0,2026-09-09 18:00:00,2026-09-09 18:00:00,1005.0
20260909,180000,70W,8,2026,9,9,18,15.5,119.5,100500.0,2026-09-09 18:00:00,2026-09-09 18:00:00,1005.0
20260909,180000,70W,8,2026,9,9,18,16.1,119.3,100500.0,2026-09-09 18:00:00,2026-09-09 18:00:00,1005.0
20260909,180000,70W,8,2026,9,9,18,16.5,118.7,100500.0,2026-09-09 18:00:00,2026-09-09 18:00:00,1005.0
20260909,180000,70W,8,2026,9,9,18,16.5,117.5,100500.0,2026-09-09 18:00:00,2026-09-09 18:00:00,1005.0
20260909,180000,70W,8,2026,9,9,18,16.3,116.5,100100.0,2026-09-09 18:00:00,2026-09-09 18:00:00,1001.0
20260909,180000,70W,8,2026,9,9,18,16.4,115.9,100100.0,2026-09-09 18:00:00,2026-09-09 18:00:00,1001.0
20260909,180000,70W,8,2026,9,9,18,16.2,115.4,100300.0,2026-09-09 18:00:00,2026-09-09 18:00:00,1003.0
20260909,180000,70W,8,2026,9,9,18,16.2,114.8,100200.0,2026-09-09 18:00:00,2026-09-09 18:00:00,1002.0
20260909,180000,70W,8,2026,9,9,18,16.4,114.4,100200.0,2026-09-09 18:00:00,2026-09-09 18:00:00,1002.0
20260909,180000,70W,8,2026,9,9,18,16.5,114.8,100100.0,2026-09-09 18:00:00,2026-09-09 18:00:00,1001.0
20260909,180000,70W,8,2026,9,9,18,17.3,115.60000000000001,100200.0,2026-09-09 18:00:00,2026-09-09 18:00:00,1002.0
20260909,180000,70W,8,2026,9,9,18,18.5,115.8,100200.0,2026-09-09 18:00:00,2026-09-09 18:00:00,1002.0
20260909,180000,70W,8,2026,9,9,18,19.2,115.2,100400.0,2026-09-09 18:00:00,2026-09-09 18:00:00,1004.0
20260909,180000,70W,8,2026,9,9,18,19.900000000000002,114.7,100100.0,2026-09-09 18:00:00,2026-09-09 18:00:00,1001.0
20260909,180000,70W,8,2026,9,9,18,18.3,114.10000000000001,100200.0,2026-09-09 18:00:00,2026-09-09 18:00:00,1002.0
20260909,180000,70W,8,2026,9,9,18,19.0,111.7,99900.0,2026-09-09 18:00:00,2026-09-09 18:00:00,999.0
20260909,180000,70W,8,2026,9,9,18,18.1,112.0,99900.0,2026-09-09 18:00:00,2026-09-09 18:00:00,999.0
20260909,180000,70W,8,2026,9,9,18,18.3,112.3,99800.0,2026-09-09 18:00:00,2026-09-09 18:00:00,998.0
20260909,180000,70W,8,2026,9,9,18,18.400000000000002,112.4,99900.0,2026-09-09 18:00:00,2026-09-09 18:00:00,999.0
20260909,180000,70W,8,2026,9,9,18,18.7,112.2,99900.0,2026-09-09 18:00:00,2026-09-09 18:00:00,999.0
20260909,180000,70W,8,2026,9,9,18,18.900000000000002,111.5,99900.0,2026-09-09 18:00:00,2026-09-09 18:00:00,999.0
20260909,180000,70W,8,2026,9,9,18,18.2,110.9,99800.0,2026-09-09 18:00:00,2026-09-09 18:00:00,998.0
20260909,180000,70W,8,2026,9,9,18,17.6,111.2,99900.0,2026-09-09 18:00:00,2026-09-09 18:00:00,999.0
20260909,180000,70W,8,2026,9,9,18,18.0,111.9,99700.0,2026-09-09 18:00:00,2026-09-09 18:00:00,997.0
20260909,180000,70W,9,2026,9,9,18,11.9,111.5,100900.0,2026-09-09 18:00:00,2026-09-09 18:00:00,1009.0
20260909,180000,70W,9,2026,9,9,18,15.0,109.8,100800.0,2026-09-09 18:00:00,2026-09-09 18:00:00,1008.0
20260909,180000,70W,9,2026,9,9,18,13.9,108.9,100600.0,2026-09-09 18:00:00,2026-09-09 18:00:00,1006.0
20260909,180000,70W,9,2026,9,9,18,14.0,106.4,100800.0,2026-09-09 18:00:00,2026-09-09 18:00:00,1008.0
20260909,180000,70W,9,2026,9,9,18,14.3,105.4,100900.0,2026-09-09 18:00:00,2026-09-09 18:00:00,1009.0
20260909,180000,70W,9,2026,9,9,18,13.8,105.3,100900.0,2026-09-09 18:00:00,2026-09-09 18:00:00,1009.0
20260909,180000,70W,9,2026,9,9,18,14.9,106.0,100800.0,2026-09-09 18:00:00,2026-09-09 18:00:00,1008.0
20260909,180000,70W,10,2026,9,9,18,9.200000000000001,141.1,100800.0,2026-09-09 18:00:00,2026-09-09 18:00:00,1008.0
20260909,180000,70W,10,2026,9,9,18,8.8,142.9,100500.0,2026-09-09 18:00:00,2026-09-09 18:00:00,1005.0
20260909,180000,70W,10,2026,9,9,18,9.4,144.0,100700.0,2026-09-09 18:00:00,2026-09-09 18:00:00,1007.0
20260909,180000,70W,10,2026,9,9,18,8.6,144.9,100400.0,2026-09-09 18:00:00,2026-09-09 18:00:00,1004.0
20260909,180000,70W,10,2026,9,9,18,9.4,145.8,100300.0,2026-09-09 18:00:00,2026-09-09 18:00:00,1003.0
20260909,180000,70W,10,2026,9,9,18,9.4,146.6,100700.0,2026-09-09 18:00:00,2026-09-09 18:00:00,1007.0
20260909,180000,70W,10,2026,9,9,18,9.8,147.20000000000002,100400.0,2026-09-09 18:00:00,2026-09-09 18:00:00,1004.0
20260909,180000,70W,10,2026,9,9,18,10.5,147.20000000000002,100700.0,2026-09-09 18:00:00,2026-09-09 18:00:00,1007.0
20260909,180000,70W,10,2026,9,9,18,11.200000000000001,148.20000000000002,100400.0,2026-09-09 18:00:00,2026-09-09 18:00:00,1004.0
20260909,180000,70W,10,2026,9,9,18,10.5,148.20000000000002,100600.0,2026-09-09 18:00:00,2026-09-09 18:00:00,1006.0
20260909,180000,70W,10,2026,9,9,18,10.9,148.6,100300.0,2026-09-09 18:00:00,2026-09-09 18:00:00,1003.0
20260909,180000,70W,10,2026,9,9,18,10.8,149.0,100500.0,2026-09-09 18:00:00,2026-09-09 18:00:00,1005.0
20260909,180000,70W,10,2026,9,9,18,10.9,148.9,100100.0,2026-09-09 18:00:00,2026-09-09 18:00:00,1001.0
20260909,180000,70W,10,2026,9,9,18,11.3,149.0,100300.0,2026-09-09 18:00:00,2026-09-09 18:00:00,1003.0
20260909,180000,70W,10,2026,9,9,18,11.9,149.3,99900.0,2026-09-09 18:00:00,2026-09-09 18:00:00,999.0
20260909,180000,70W,10,2026,9,9,18,12.6,149.20000000000002,100000.0,2026-09-09 18:00:00,2026-09-09 18:00:00,1000.0
20260909,180000,70W,10,2026,9,9,18,13.5,148.9,99700.0,2026-09-09 18:00:00,2026-09-09 18:00:00,997.0
20260909,180000,70W,10,2026,9,9,18,14.0,148.3,99900.0,2026-09-09 18:00:00,2026-09-09 18:00:00,999.0
20260909,180000,70W,10,2026,9,9,18,14.0,147.8,99400.0,2026-09-09 18:00:00,2026-09-09 18:00:00,994.0
20260909,180000,70W,11,2026,9,9,18,14.3,116.60000000000001,100600.0,2026-09-09 18:00:00,2026-09-09 18:00:00,1006.0
20260909,180000,70W,11,2026,9,9,18,14.5,116.5,100400.0,2026-09-09 18:00:00,2026-09-09 18:00:00,1004.0
20260909,180000,70W,11,2026,9,9,18,15.0,116.3,100500.0,2026-09-09 18:00:00,2026-09-09 18:00:00,1005.0
20260909,180000,70W,11,2026,9,9,18,15.0,115.60000000000001,100500.0,2026-09-09 18:00:00,2026-09-09 18:00:00,1005.0
20260909,180000,70W,11,2026,9,9,18,16.2,114.10000000000001,100600.0,2026-09-09 18:00:00,2026-09-09 18:00:00,1006.0
20260909,180000,70W,11,2026,9,9,18,16.4,113.7,100600.0,2026-09-09 18:00:00,2026-09-09 18:00:00,1006.0
20260909,180000,70W,11,2026,9,9,18,17.3,113.0,100700.0,2026-09-09 18:00:00,2026-09-09 18:00:00,1007.0
20260909,180000,70W,11,2026,9,9,18,17.6,111.7,100600.0,2026-09-09 18:00:00,2026-09-09 18:00:00,1006.0
20260909,180000,70W,11,2026,9,9,18,17.0,110.0,100700.0,2026-09-09 18:00:00,2026-09-09 18:00:00,1007.0
20260909,180000,70W,11,2026,9,9,18,16.4,108.60000000000001,100700.0,2026-09-09 18:00:00,2026-09-09 18:00:00,1007.0
20260909,180000,70W,11,2026,9,9,18,17.1,108.10000000000001,100800.0,2026-09-09 18:00:00,2026-09-09 18:00:00,1008.0
20260909,180000,70W,11,2026,9,9,18,15.6,108.0,100600.0,2026-09-09 18:00:00,2026-09-09 18:00:00,1006.0
20260909,180000,70W,12,2026,9,9,18,13.6,100.3,100800.0,2026-09-09 18:00:00,2026-09-09 18:00:00,1008.0
20260909,180000,70W,12,2026,9,9,18,11.700000000000001,101.8,101000.0,2026-09-09 18:00:00,2026-09-09 18:00:00,1010.0
20260909,180000,70W,12,2026,9,9,18,11.0,101.8,100900.0,2026-09-09 18:00:00,2026-09-09 18:00:00,1009.0
20260909,180000,70W,12,2026,9,9,18,12.0,101.10000000000001,100800.0,2026-09-09 18:00:00,2026-09-09 18:00:00,1008.0
20260909,180000,70W,12,2026,9,9,18,11.6,102.0,100900.0,2026-09-09 18:00:00,2026-09-09 18:00:00,1009.0
20260909,180000,70W,12,2026,9,9,18,11.200000000000001,102.10000000000001,100800.0,2026-09-09 18:00:00,2026-09-09 18:00:00,1008.0
20260909,180000,70W,12,2026,9,9,18,10.3,102.10000000000001,100700.0,2026-09-09 18:00:00,2026-09-09 18:00:00,1007.0
20260909,180000,70W,12,2026,9,9,18,10.5,102.7,100800.0,2026-09-09 18:00:00,2026-09-09 18:00:00,1008.0
20260909,180000,70W,12,2026,9,9,18,10.5,101.5,100700.0,2026-09-09 18:00:00,2026-09-09 18:00:00,1007.0
20260909,180000,70W,12,2026,9,9,18,11.3,102.0,100600.0,2026-09-09 18:00:00,2026-09-09 18:00:00,1006.0
20260909,180000,70W,12,2026,9,9,18,11.3,102.5,100600.0,2026-09-09 18:00:00,2026-09-09 18:00:00,1006.0
20260909,180000,70W,12,2026,9,9,18,12.0,101.3,100500.0,2026-09-09 18:00:00,2026-09-09 18:00:00,1005.0
20260909,180000,70W,12,2026,9,9,18,11.4,100.4,100400.0,2026-09-09 18:00:00,2026-09-09 18:00:00,1004.0
20260909,180000,70W,12,2026,9,9,18,12.4,101.0,100100.0,2026-09-09 18:00:00,2026-09-09 18:00:00,1001.0
20260909,180000,70W,12,2026,9,9,18,13.9,101.8,100300.0,2026-09-09 18:00:00,2026-09-09 18:00:00,1003.0
20260909,180000,70W,12,2026,9,9,18,15.1,102.3,100700.0,2026-09-09 18:00:00,2026-09-09 18:00:00,1007.0
20260909,180000,70W,12,2026,9,9,18,16.0,102.3,100800.0,2026-09-09 18:00:00,2026-09-09 18:00:00,1008.0
20260909,180000,70W,12,2026,9,9,18,17.0,102.9,100800.0,2026-09-09 18:00:00,2026-09-09 18:00:00,1008.0
20260909,180000,70W,12,2026,9,9,18,17.5,103.0,100900.0,2026-09-09 18:00:00,2026-09-09 18:00:00,1009.0
20260909,180000,70W,12,2026,9,9,18,18.0,103.3,100900.0,2026-09-09 18:00:00,2026-09-09 18:00:00,1009.0
20260909,180000,70W,13,2026,9,9,18,10.5,142.4,100900.0,2026-09-09 18:00:00,2026-09-09 18:00:00,1009.0
20260909,180000,70W,13,2026,9,9,18,8.3,143.5,100900.0,2026-09-09 18:00:00,2026-09-09 18:00:00,1009.0
20260909,180000,70W,13,2026,9,9,18,7.5,145.4,100600.0,2026-09-09 18:00:00,2026-09-09 18:00:00,1006.0
20260909,180000,70W,14,2026,9,9,18,15.700000000000001,115.8,100600.0,2026-09-09 18:00:00,2026-09-09 18:00:00,1006.0
20260909,180000,70W,14,2026,9,9,18,14.200000000000001,117.3,100600.0,2026-09-09 18:00:00,2026-09-09 18:00:00,1006.0
20260909,180000,70W,14,2026,9,9,18,16.6,116.10000000000001,100600.0,2026-09-09 18:00:00,2026-09-09 18:00:00,1006.0
20260909,180000,70W,14,2026,9,9,18,16.4,115.7,100500.0,2026-09-09 18:00:00,2026-09-09 18:00:00,1005.0
20260909,180000,70W,14,2026,9,9,18,16.8,115.10000000000001,100400.0,2026-09-09 18:00:00,2026-09-09 18:00:00,1004.0
20260909,180000,70W,14,2026,9,9,18,17.3,114.2,100400.0,2026-09-09 18:00:00,2026-09-09 18:00:00,1004.0
20260909,180000,70W,14,2026,9,9,18,17.8,113.4,100400.0,2026-09-09 18:00:00,2026-09-09 18:00:00,1004.0
20260909,180000,70W,14,2026,9,9,18,17.8,112.2,100200.0,2026-09-09 18:00:00,2026-09-09 18:00:00,1002.0
20260909,180000,70W,14,2026,9,9,18,17.6,111.5,100100.0,2026-09-09 18:00:00,2026-09-09 18:00:00,1001.0
20260909,180000,70W,14,2026,9,9,18,17.3,110.60000000000001,99900.0,2026-09-09 18:00:00,2026-09-09 18:00:00,999.0
20260909,180000,70W,14,2026,9,9,18,17.0,110.3,99700.0,2026-09-09 18:00:00,2026-09-09 18:00:00,997.0
20260909,180000,70W,14,2026,9,9,18,16.9,109.8,99300.0,2026-09-09 18:00:00,2026-09-09 18:00:00,993.0
20260909,180000,70W,14,2026,9,9,18,17.1,109.4,99200.0,2026-09-09 18:00:00,2026-09-09 18:00:00,992.0
20260909,180000,70W,14,2026,9,9,18,17.1,109.0,98800.0,2026-09-09 18:00:00,2026-09-09 18:00:00,988.0
20260909,180000,70W,14,2026,9,9,18,17.2,108.2,98300.0,2026-09-09 18:00:00,2026-09-09 18:00:00,983.0
20260909,180000,70W,14,2026,9,9,18,17.3,107.7,98100.0,2026-09-09 18:00:00,2026-09-09 18:00:00,981.0
20260909,180000,70W,14,2026,9,9,18,17.3,107.5,97900.0,2026-09-09 18:00:00,2026-09-09 18:00:00,979.0
20260909,180000,70W,14,2026,9,9,18,17.400000000000002,107.10000000000001,97800.0,2026-09-09 18:00:00,2026-09-09 18:00:00,978.0
20260909,180000,70W,14,2026,9,9,18,17.7,106.60000000000001,97900.0,2026-09-09 18:00:00,2026-09-09 18:00:00,979.0
20260909,180000,70W,14,2026,9,9,18,17.6,105.9,98900.0,2026-09-09 18:00:00,2026-09-09 18:00:00,989.0
20260909,180000,70W,14,2026,9,9,18,17.3,105.3,99400.0,2026-09-09 18:00:00,2026-09-09 18:00:00,994.0
20260909,180000,70W,14,2026,9,9,18,17.3,104.9,99600.0,2026-09-09 18:00:00,2026-09-09 18:00:00,996.0
20260909,180000,70W,15,2026,9,9,18,34.6,143.9,101500.0,2026-09-09 18:00:00,2026-09-09 18:00:00,1015.0
20260909,180000,70W,15,2026,9,9,18,35.6,151.0,101900.0,2026-09-09 18:00:00,2026-09-09 18:00:00,1019.0
20260909,180000,70W,16,2026,9,9,18,9.6,152.70000000000002,100600.0,2026-09-09 18:00:00,2026-09-09 18:00:00,1006.0
20260909,180000,70W,16,2026,9,9,18,10.0,152.4,100800.0,2026-09-09 18:00:00,2026-09-09 18:00:00,1008.0
20260909,180000,70W,16,2026,9,9,18,11.9,152.20000000000002,100600.0,2026-09-09 18:00:00,2026-09-09 18:00:00,1006.0
20260909,180000,70W,16,2026,9,9,18,11.1,153.3,100700.0,2026-09-09 18:00:00,2026-09-09 18:00:00,1007.0
20260909,180000,70W,16,2026,9,9,18,12.0,153.70000000000002,100600.0,2026-09-09 18:00:00,2026-09-09 18:00:00,1006.0
20260909,180000,70W,16,2026,9,9,18,12.6,153.4,100400.0,2026-09-09 18:00:00,2026-09-09 18:00:00,1004.0
20260909,180000,70W,16,2026,9,9,18,14.4,154.1,100400.0,2026-09-09 18:00:00,2026-09-09 18:00:00,1004.0
20260909,180000,70W,16,2026,9,9,18,13.3,153.0,100700.0,2026-09-09 18:00:00,2026-09-09 18:00:00,1007.0
20260909,180000,70W,16,2026,9,9,18,14.700000000000001,152.9,100400.0,2026-09-09 18:00:00,2026-09-09 18:00:00,1004.0
20260909,180000,70W,16,2026,9,9,18,15.0,152.1,100500.0,2026-09-09 18:00:00,2026-09-09 18:00:00,1005.0
20260909,180000,70W,16,2026,9,9,18,15.6,151.1,100300.0,2026-09-09 18:00:00,2026-09-09 18:00:00,1003.0
20260909,180000,70W,16,2026,9,9,18,15.9,148.70000000000002,100600.0,2026-09-09 18:00:00,2026-09-09 18:00:00,1006.0
20260909,180000,70W,16,2026,9,9,18,16.4,146.8,100600.0,2026-09-09 18:00:00,2026-09-09 18:00:00,1006.0
20260909,180000,70W,16,2026,9,9,18,15.4,145.5,100300.0,2026-09-09 18:00:00,2026-09-09 18:00:00,1003.0
20260909,180000,70W,16,2026,9,9,18,16.7,143.70000000000002,100600.0,2026-09-09 18:00:00,2026-09-09 18:00:00,1006.0
20260909,180000,70W,16,2026,9,9,18,16.6,142.20000000000002,100300.0,2026-09-09 18:00:00,2026-09-09 18:00:00,1003.0
20260909,180000,70W,16,2026,9,9,18,17.2,141.5,100500.0,2026-09-09 18:00:00,2026-09-09 18:00:00,1005.0
20260909,180000,70W,16,2026,9,9,18,17.2,139.70000000000002,100300.0,2026-09-09 18:00:00,2026-09-09 18:00:00,1003.0
20260909,180000,70W,16,2026,9,9,18,17.8,139.20000000000002,100500.0,2026-09-09 18:00:00,2026-09-09 18:00:00,1005.0
20260909,180000,70W,16,2026,9,9,18,17.8,137.20000000000002,100200.0,2026-09-09 18:00:00,2026-09-09 18:00:00,1002.0
20260909,180000,70W,17,2026,9,9,18,15.0,118.4,100300.0,2026-09-09 18:00:00,2026-09-09 18:00:00,1003.0
20260909,180000,70W,17,2026,9,9,18,16.2,117.8,100500.0,2026-09-09 18:00:00,2026-09-09 18:00:00,1005.0
20260909,180000,70W,17,2026,9,9,18,16.5,116.5,100400.0,2026-09-09 18:00:00,2026-09-09 18:00:00,1004.0
20260909,180000,70W,17,2026,9,9,18,16.5,114.8,100600.0,2026-09-09 18:00:00,2026-09-09 18:00:00,1006.0
20260909,180000,70W,17,2026,9,9,18,16.3,113.60000000000001,100500.0,2026-09-09 18:00:00,2026-09-09 18:00:00,1005.0
20260909,180000,70W,17,2026,9,9,18,15.8,112.4,100600.0,2026-09-09 18:00:00,2026-09-09 18:00:00,1006.0
20260909,180000,70W,17,2026,9,9,18,15.5,111.10000000000001,100500.0,2026-09-09 18:00:00,2026-09-09 18:00:00,1005.0
20260909,180000,70W,17,2026,9,9,18,15.4,110.0,100500.0,2026-09-09 18:00:00,2026-09-09 18:00:00,1005.0
20260909,180000,70W,17,2026,9,9,18,15.1,109.60000000000001,100400.0,2026-09-09 18:00:00,2026-09-09 18:00:00,1004.0
20260909,180000,70W,17,2026,9,9,18,15.3,109.4,100600.0,2026-09-09 18:00:00,2026-09-09 18:00:00,1006.0
20260909,180000,70W,17,2026,9,9,18,15.700000000000001,108.5,100500.0,2026-09-09 18:00:00,2026-09-09 18:00:00,1005.0
20260909,180000,70W,17,2026,9,9,18,14.200000000000001,105.5,100600.0,2026-09-09 18:00:00,2026-09-09 18:00:00,1006.0
20260909,180000,70W,17,2026,9,9,18,13.3,103.5,100500.0,2026-09-09 18:00:00,2026-09-09 18:00:00,1005.0
20260909,180000,70W,17,2026,9,9,18,14.1,101.3,100700.0,2026-09-09 18:00:00,2026-09-09 18:00:00,1007.0
20260909,180000,70W,17,2026,9,9,18,14.9,101.10000000000001,100700.0,2026-09-09 18:00:00,2026-09-09 18:00:00,1007.0
20260909,180000,70W,17,2026,9,9,18,14.700000000000001,100.60000000000001,100600.0,2026-09-09 18:00:00,2026-09-09 18:00:00,1006.0
20260909,180000,70W,17,2026,9,9,18,15.200000000000001,100.3,100600.0,2026-09-09 18:00:00,2026-09-09 18:00:00,1006.0
20260909,180000,70W,18,2026,9,9,18,9.1,149.70000000000002,100600.0,2026-09-09 18:00:00,2026-09-09 18:00:00,1006.0
20260909,180000,70W,18,2026,9,9,18,9.700000000000001,150.1,100400.0,2026-09-09 18:00:00,2026-09-09 18:00:00,1004.0
20260909,180000,70W,18,2026,9,9,18,10.3,150.5,100600.0,2026-09-09 18:00:00,2026-09-09 18:00:00,1006.0
20260909,180000,70W,18,2026,9,9,18,10.5,150.9,100300.0,2026-09-09 18:00:00,2026-09-09 18:00:00,1003.0
20260909,180000,70W,18,2026,9,9,18,10.700000000000001,151.3,100400.0,2026-09-09 18:00:00,2026-09-09 18:00:00,1004.0
20260909,180000,70W,18,2026,9,9,18,11.0,151.6,100100.0,2026-09-09 18:00:00,2026-09-09 18:00:00,1001.0
20260909,180000,70W,18,2026,9,9,18,11.3,152.0,100300.0,2026-09-09 18:00:00,2026-09-09 18:00:00,1003.0
20260909,180000,70W,18,2026,9,9,18,11.6,152.70000000000002,99900.0,2026-09-09 18:00:00,2026-09-09 18:00:00,999.0
20260909,180000,70W,18,2026,9,9,18,12.1,152.6,100000.0,2026-09-09 18:00:00,2026-09-09 18:00:00,1000.0
20260909,180000,70W,18,2026,9,9,18,12.6,152.5,99400.0,2026-09-09 18:00:00,2026-09-09 18:00:00,994.0
20260909,180000,70W,18,2026,9,9,18,13.1,151.9,99700.0,2026-09-09 18:00:00,2026-09-09 18:00:00,997.0
20260909,180000,70W,18,2026,9,9,18,13.5,151.0,99400.0,2026-09-09 18:00:00,2026-09-09 18:00:00,994.0
20260909,180000,70W,18,2026,9,9,18,13.5,149.9,99300.0,2026-09-09 18:00:00,2026-09-09 18:00:00,993.0
20260909,180000,70W,18,2026,9,9,18,13.6,148.9,98000.0,2026-09-09 18:00:00,2026-09-09 18:00:00,980.0
20260909,180000,70W,18,2026,9,9,18,13.8,147.9,98500.0,2026-09-09 18:00:00,2026-09-09 18:00:00,985.0
20260909,180000,70W,18,2026,9,9,18,13.9,147.0,98600.0,2026-09-09 18:00:00,2026-09-09 18:00:00,986.0
20260909,180000,70W,18,2026,9,9,18,14.1,146.1,98700.0,2026-09-09 18:00:00,2026-09-09 18:00:00,987.0
20260909,180000,70W,18,2026,9,9,18,14.700000000000001,145.4,98500.0,2026-09-09 18:00:00,2026-09-09 18:00:00,985.0
20260909,180000,70W,18,2026,9,9,18,15.5,144.70000000000002,98200.0,2026-09-09 18:00:00,2026-09-09 18:00:00,982.0
20260909,180000,70W,18,2026,9,9,18,16.4,143.5,97900.0,2026-09-09 18:00:00,2026-09-09 18:00:00,979.0
20260909,180000,70W,18,2026,9,9,18,17.3,142.3,98000.0,2026-09-09 18:00:00,2026-09-09 18:00:00,980.0
20260909,180000,70W,18,2026,9,9,18,18.1,141.1,97900.0,2026-09-09 18:00:00,2026-09-09 18:00:00,979.0
20260909,180000,70W,18,2026,9,9,18,19.0,140.1,97600.0,2026-09-09 18:00:00,2026-09-09 18:00:00,976.0
20260909,180000,70W,18,2026,9,9,18,19.7,138.9,97500.0,2026-09-09 18:00:00,2026-09-09 18:00:00,975.0
20260909,180000,70W,19,2026,9,9,18,15.6,117.4,100700.0,2026-09-09 18:00:00,2026-09-09 18:00:00,1007.0
20260909,180000,70W,19,2026,9,9,18,13.4,115.60000000000001,100500.0,2026-09-09 18:00:00,2026-09-09 18:00:00,1005.0
20260909,180000,70W,19,2026,9,9,18,14.200000000000001,116.0,100400.0,2026-09-09 18:00:00,2026-09-09 18:00:00,1004.0
20260909,180000,70W,19,2026,9,9,18,15.200000000000001,116.0,100400.0,2026-09-09 18:00:00,2026-09-09 18:00:00,1004.0
20260909,180000,70W,19,2026,9,9,18,15.9,115.9,100200.0,2026-09-09 18:00:00,2026-09-09 18:00:00,1002.0
20260909,180000,70W,19,2026,9,9,18,16.5,115.7,100300.0,2026-09-09 18:00:00,2026-09-09 18:00:00,1003.0
20260909,180000,70W,19,2026,9,9,18,16.9,115.0,100300.0,2026-09-09 18:00:00,2026-09-09 18:00:00,1003.0
20260909,180000,70W,19,2026,9,9,18,17.6,114.2,100200.0,2026-09-09 18:00:00,2026-09-09 18:00:00,1002.0
20260909,180000,70W,19,2026,9,9,18,18.1,113.10000000000001,100000.0,2026-09-09 18:00:00,2026-09-09 18:00:00,1000.0
20260909,180000,70W,19,2026,9,9,18,18.0,111.7,99900.0,2026-09-09 18:00:00,2026-09-09 18:00:00,999.0
20260909,180000,70W,19,2026,9,9,18,17.400000000000002,110.0,99900.0,2026-09-09 18:00:00,2026-09-09 18:00:00,999.0
20260909,180000,70W,19,2026,9,9,18,16.4,109.7,99600.0,2026-09-09 18:00:00,2026-09-09 18:00:00,996.0
20260909,180000,70W,19,2026,9,9,18,16.9,110.60000000000001,99500.0,2026-09-09 18:00:00,2026-09-09 18:00:00,995.0
20260909,180000,70W,19,2026,9,9,18,18.1,110.5,99600.0,2026-09-09 18:00:00,2026-09-09 18:00:00,996.0
20260909,180000,70W,19,2026,9,9,18,19.5,109.60000000000001,99900.0,2026-09-09 18:00:00,2026-09-09 18:00:00,999.0
20260909,180000,70W,19,2026,9,9,18,19.400000000000002,107.4,99700.0,2026-09-09 18:00:00,2026-09-09 18:00:00,997.0
20260909,180000,70W,19,2026,9,9,18,19.0,107.2,99400.0,2026-09-09 18:00:00,2026-09-09 18:00:00,994.0
20260909,180000,70W,19,2026,9,9,18,19.5,106.3,99600.0,2026-09-09 18:00:00,2026-09-09 18:00:00,996.0
20260909,180000,70W,19,2026,9,9,18,19.6,105.3,100200.0,2026-09-09 18:00:00,2026-09-09 18:00:00,1002.0
20260909,180000,70W,20,2026,9,9,18,12.8,100.2,100800.0,2026-09-09 18:00:00,2026-09-09 18:00:00,1008.0
20260909,180000,70W,20,2026,9,9,18,12.8,101.60000000000001,100900.0,2026-09-09 18:00:00,2026-09-09 18:00:00,1009.0
20260909,180000,70W,20,2026,9,9,18,12.5,102.4,100800.0,2026-09-09 18:00:00,2026-09-09 18:00:00,1008.0
20260909,180000,70W,20,2026,9,9,18,10.8,102.3,100800.0,2026-09-09 18:00:00,2026-09-09 18:00:00,1008.0
20260909,180000,70W,20,2026,9,9,18,11.4,102.2,100800.0,2026-09-09 18:00:00,2026-09-09 18:00:00,1008.0
20260909,180000,70W,20,2026,9,9,18,11.4,104.2,100700.0,2026-09-09 18:00:00,2026-09-09 18:00:00,1007.0
20260909,180000,70W,20,2026,9,9,18,10.5,103.10000000000001,100700.0,2026-09-09 18:00:00,2026-09-09 18:00:00,1007.0
20260909,180000,70W,20,2026,9,9,18,11.5,102.3,100800.0,2026-09-09 18:00:00,2026-09-09 18:00:00,1008.0
20260909,180000,70W,20,2026,9,9,18,11.3,101.8,100800.0,2026-09-09 18:00:00,2026-09-09 18:00:00,1008.0
20260909,180000,70W,20,2026,9,9,18,12.6,103.60000000000001,100600.0,2026-09-09 18:00:00,2026-09-09 18:00:00,1006.0
20260909,180000,70W,20,2026,9,9,18,11.6,101.9,100700.0,2026-09-09 18:00:00,2026-09-09 18:00:00,1007.0
20260909,180000,70W,20,2026,9,9,18,12.1,101.60000000000001,100700.0,2026-09-09 18:00:00,2026-09-09 18:00:00,1007.0
20260909,180000,70W,20,2026,9,9,18,12.0,101.0,100700.0,2026-09-09 18:00:00,2026-09-09 18:00:00,1007.0
20260909,180000,70W,20,2026,9,9,18,12.1,100.8,100600.0,2026-09-09 18:00:00,2026-09-09 18:00:00,1006.0
20260909,180000,70W,20,2026,9,9,18,12.6,101.10000000000001,100600.0,2026-09-09 18:00:00,2026-09-09 18:00:00,1006.0
20260909,180000,70W,20,2026,9,9,18,12.4,101.10000000000001,100600.0,2026-09-09 18:00:00,2026-09-09 18:00:00,1006.0
20260909,180000,70W,20,2026,9,9,18,12.8,100.7,100700.0,2026-09-09 18:00:00,2026-09-09 18:00:00,1007.0
20260909,180000,70W,20,2026,9,9,18,13.1,100.8,100600.0,2026-09-09 18:00:00,2026-09-09 18:00:00,1006.0
20260909,180000,70W,20,2026,9,9,18,13.700000000000001,100.8,100600.0,2026-09-09 18:00:00,2026-09-09 18:00:00,1006.0
20260909,180000,70W,20,2026,9,9,18,13.9,100.9,100700.0,2026-09-09 18:00:00,2026-09-09 18:00:00,1007.0
20260909,180000,70W,21,2026,9,9,18,8.8,150.6,100800.0,2026-09-09 18:00:00,2026-09-09 18:00:00,1008.0
20260909,180000,70W,21,2026,9,9,18,9.4,150.3,100400.0,2026-09-09 18:00:00,2026-09-09 18:00:00,1004.0
20260909,180000,70W,21,2026,9,9,18,10.4,151.20000000000002,100800.0,2026-09-09 18:00:00,2026-09-09 18:00:00,1008.0
20260909,180000,70W,21,2026,9,9,18,11.200000000000001,151.3,100500.0,2026-09-09 18:00:00,2026-09-09 18:00:00,1005.0
20260909,180000,70W,21,2026,9,9,18,11.700000000000001,150.9,100600.0,2026-09-09 18:00:00,2026-09-09 18:00:00,1006.0
20260909,180000,70W,21,2026,9,9,18,11.700000000000001,151.5,100100.0,2026-09-09 18:00:00,2026-09-09 18:00:00,1001.0
20260909,180000,70W,21,2026,9,9,18,11.8,151.9,99700.0,2026-09-09 18:00:00,2026-09-09 18:00:00,997.0
20260909,180000,70W,21,2026,9,9,18,12.0,151.9,99400.0,2026-09-09 18:00:00,2026-09-09 18:00:00,994.0
20260909,180000,70W,21,2026,9,9,18,12.1,152.1,98700.0,2026-09-09 18:00:00,2026-09-09 18:00:00,987.0
20260909,180000,70W,21,2026,9,9,18,12.8,151.8,98100.0,2026-09-09 18:00:00,2026-09-09 18:00:00,981.0
20260909,180000,70W,21,2026,9,9,18,13.1,151.3,98700.0,2026-09-09 18:00:00,2026-09-09 18:00:00,987.0
20260909,180000,70W,21,2026,9,9,18,13.200000000000001,150.70000000000002,98400.0,2026-09-09 18:00:00,2026-09-09 18:00:00,984.0
20260909,180000,70W,21,2026,9,9,18,13.200000000000001,150.0,99200.0,2026-09-09 18:00:00,2026-09-09 18:00:00,992.0
20260909,180000,70W,21,2026,9,9,18,13.3,149.20000000000002,99000.0,2026-09-09 18:00:00,2026-09-09 18:00:00,990.0
20260909,180000,70W,21,2026,9,9,18,13.3,148.3,99500.0,2026-09-09 18:00:00,2026-09-09 18:00:00,995.0
20260909,180000,70W,21,2026,9,9,18,13.1,147.3,99500.0,2026-09-09 18:00:00,2026-09-09 18:00:00,995.0
20260909,180000,70W,21,2026,9,9,18,13.1,146.4,99400.0,2026-09-09 18:00:00,2026-09-09 18:00:00,994.0
20260909,180000,70W,21,2026,9,9,18,13.5,145.4,99800.0,2026-09-09 18:00:00,2026-09-09 18:00:00,998.0
20260909,180000,70W,21,2026,9,9,18,13.3,144.4,100100.0,2026-09-09 18:00:00,2026-09-09 18:00:00,1001.0
20260909,180000,70W,21,2026,9,9,18,13.6,143.20000000000002,100000.0,2026-09-09 18:00:00,2026-09-09 18:00:00,1000.0
20260909,180000,70W,21,2026,9,9,18,13.3,142.20000000000002,100400.0,2026-09-09 18:00:00,2026-09-09 18:00:00,1004.0
20260909,180000,70W,21,2026,9,9,18,13.8,141.3,100200.0,2026-09-09 18:00:00,2026-09-09 18:00:00,1002.0
20260909,180000,70W,21,2026,9,9,18,13.6,140.4,100500.0,2026-09-09 18:00:00,2026-09-09 18:00:00,1005.0
20260909,180000,70W,21,2026,9,9,18,13.5,139.70000000000002,100200.0,2026-09-09 18:00:00,2026-09-09 18:00:00,1002.0
20260909,180000,70W,22,2026,9,9,18,10.8,153.1,100900.0,2026-09-09 18:00:00,2026-09-09 18:00:00,1009.0
20260909,180000,70W,22,2026,9,9,18,12.1,153.20000000000002,100600.0,2026-09-09 18:00:00,2026-09-09 18:00:00,1006.0
20260909,180000,70W,22,2026,9,9,18,12.9,153.70000000000002,100700.0,2026-09-09 18:00:00,2026-09-09 18:00:00,1007.0
20260909,180000,70W,22,2026,9,9,18,12.4,155.70000000000002,100500.0,2026-09-09 18:00:00,2026-09-09 18:00:00,1005.0
20260909,180000,70W,22,2026,9,9,18,12.4,155.9,100700.0,2026-09-09 18:00:00,2026-09-09 18:00:00,1007.0
20260909,180000,70W,22,2026,9,9,18,11.9,155.8,100400.0,2026-09-09 18:00:00,2026-09-09 18:00:00,1004.0
20260909,180000,70W,22,2026,9,9,18,12.1,156.3,100500.0,2026-09-09 18:00:00,2026-09-09 18:00:00,1005.0
20260909,180000,70W,22,2026,9,9,18,12.4,156.6,100200.0,2026-09-09 18:00:00,2026-09-09 18:00:00,1002.0
20260909,180000,70W,22,2026,9,9,18,13.1,156.3,100300.0,2026-09-09 18:00:00,2026-09-09 18:00:00,1003.0
20260909,180000,70W,22,2026,9,9,18,13.3,155.3,100100.0,2026-09-09 18:00:00,2026-09-09 18:00:00,1001.0
20260909,180000,70W,22,2026,9,9,18,13.1,154.1,100100.0,2026-09-09 18:00:00,2026-09-09 18:00:00,1001.0
20260909,180000,70W,22,2026,9,9,18,13.3,153.1,99800.0,2026-09-09 18:00:00,2026-09-09 18:00:00,998.0
20260909,180000,70W,22,2026,9,9,18,13.0,152.3,99900.0,2026-09-09 18:00:00,2026-09-09 18:00:00,999.0
20260909,180000,70W,22,2026,9,9,18,13.200000000000001,151.8,99200.0,2026-09-09 18:00:00,2026-09-09 18:00:00,992.0
20260909,180000,70W,22,2026,9,9,18,13.4,151.0,99300.0,2026-09-09 18:00:00,2026-09-09 18:00:00,993.0
20260909,180000,70W,22,2026,9,9,18,14.0,150.3,98800.0,2026-09-09 18:00:00,2026-09-09 18:00:00,988.0
20260909,180000,70W,22,2026,9,9,18,14.5,149.4,98800.0,2026-09-09 18:00:00,2026-09-09 18:00:00,988.0
20260909,180000,70W,22,2026,9,9,18,15.200000000000001,148.6,98500.0,2026-09-09 18:00:00,2026-09-09 18:00:00,985.0
20260909,180000,70W,22,2026,9,9,18,15.700000000000001,147.4,98500.0,2026-09-09 18:00:00,2026-09-09 18:00:00,985.0
20260909,180000,70W,22,2026,9,9,18,16.1,146.3,98000.0,2026-09-09 18:00:00,2026-09-09 18:00:00,980.0
20260909,180000,70W,22,2026,9,9,18,16.4,145.5,98000.0,2026-09-09 18:00:00,2026-09-09 18:00:00,980.0
20260909,180000,70W,22,2026,9,9,18,16.9,144.5,97500.0,2026-09-09 18:00:00,2026-09-09 18:00:00,975.0
20260909,180000,70W,23,2026,9,9,18,8.6,172.8,100600.0,2026-09-09 18:00:00,2026-09-09 18:00:00,1006.0
20260909,180000,70W,23,2026,9,9,18,6.7,174.6,100600.0,2026-09-09 18:00:00,2026-09-09 18:00:00,1006.0
20260909,180000,70W,23,2026,9,9,18,5.9,175.6,100400.0,2026-09-09 18:00:00,2026-09-09 18:00:00,1004.0
20260909,180000,70W,23,2026,9,9,18,6.2,174.1,100700.0,2026-09-09 18:00:00,2026-09-09 18:00:00,1007.0
20260909,180000,70W,23,2026,9,9,18,6.4,173.3,100700.0,2026-09-09 18:00:00,2026-09-09 18:00:00,1007.0
20260909,180000,70W,23,2026,9,9,18,7.8,174.20000000000002,100500.0,2026-09-09 18:00:00,2026-09-09 18:00:00,1005.0
20260909,180000,70W,23,2026,9,9,18,8.4,173.70000000000002,100700.0,2026-09-09 18:00:00,2026-09-09 18:00:00,1007.0
20260909,180000,70W,23,2026,9,9,18,8.9,172.6,100800.0,2026-09-09 18:00:00,2026-09-09 18:00:00,1008.0
20260909,180000,70W,23,2026,9,9,18,10.1,172.1,100600.0,2026-09-09 18:00:00,2026-09-09 18:00:00,1006.0
20260909,180000,70W,23,2026,9,9,18,9.5,172.4,100800.0,2026-09-09 18:00:00,2026-09-09 18:00:00,1008.0
20260909,180000,70W,23,2026,9,9,18,10.3,171.4,100500.0,2026-09-09 18:00:00,2026-09-09 18:00:00,1005.0
20260909,180000,70W,23,2026,9,9,18,10.4,170.6,100600.0,2026-09-09 18:00:00,2026-09-09 18:00:00,1006.0
20260909,180000,70W,23,2026,9,9,18,10.0,170.1,99900.0,2026-09-09 18:00:00,2026-09-09 18:00:00,999.0
20260909,180000,70W,23,2026,9,9,18,10.200000000000001,169.70000000000002,100000.0,2026-09-09 18:00:00,2026-09-09 18:00:00,1000.0
20260909,180000,70W,23,2026,9,9,18,10.4,169.4,99600.0,2026-09-09 18:00:00,2026-09-09 18:00:00,996.0
20260909,180000,70W,24,2026,9,9,18,11.4,153.0,100900.0,2026-09-09 18:00:00,2026-09-09 18:00:00,1009.0
20260909,180000,70W,24,2026,9,9,18,13.5,156.5,100600.0,2026-09-09 18:00:00,2026-09-09 18:00:00,1006.0
20260909,180000,70W,24,2026,9,9,18,12.9,156.4,100600.0,2026-09-09 18:00:00,2026-09-09 18:00:00,1006.0
20260909,180000,70W,24,2026,9,9,18,12.6,158.3,100800.0,2026-09-09 18:00:00,2026-09-09 18:00:00,1008.0
20260909,180000,70W,24,2026,9,9,18,11.9,158.4,100600.0,2026-09-09 18:00:00,2026-09-09 18:00:00,1006.0
20260909,180000,70W,24,2026,9,9,18,12.700000000000001,158.6,100700.0,2026-09-09 18:00:00,2026-09-09 18:00:00,1007.0
20260909,180000,70W,24,2026,9,9,18,12.8,158.70000000000002,101000.0,2026-09-09 18:00:00,2026-09-09 18:00:00,1010.0
20260909,180000,70W,24,2026,9,9,18,14.4,155.8,100700.0,2026-09-09 18:00:00,2026-09-09 18:00:00,1007.0
20260909,180000,70W,25,2026,9,9,18,9.8,152.1,100900.0,2026-09-09 18:00:00,2026-09-09 18:00:00,1009.0
20260909,180000,70W,25,2026,9,9,18,8.8,152.70000000000002,100700.0,2026-09-09 18:00:00,2026-09-09 18:00:00,1007.0
20260909,180000,70W,25,2026,9,9,18,10.1,152.9,100900.0,2026-09-09 18:00:00,2026-09-09 18:00:00,1009.0
20260909,180000,70W,25,2026,9,9,18,11.700000000000001,154.1,100600.0,2026-09-09 18:00:00,2026-09-09 18:00:00,1006.0
20260909,180000,70W,25,2026,9,9,18,12.1,155.1,100800.0,2026-09-09 18:00:00,2026-09-09 18:00:00,1008.0
20260909,180000,70W,25,2026,9,9,18,11.700000000000001,156.20000000000002,100500.0,2026-09-09 18:00:00,2026-09-09 18:00:00,1005.0
20260909,180000,70W,25,2026,9,9,18,12.0,156.1,100600.0,2026-09-09 18:00:00,2026-09-09 18:00:00,1006.0
20260909,180000,70W,25,2026,9,9,18,11.9,156.70000000000002,100300.0,2026-09-09 18:00:00,2026-09-09 18:00:00,1003.0
20260909,180000,70W,25,2026,9,9,18,12.700000000000001,156.6,100400.0,2026-09-09 18:00:00,2026-09-09 18:00:00,1004.0
20260909,180000,70W,25,2026,9,9,18,13.3,156.1,100200.0,2026-09-09 18:00:00,2026-09-09 18:00:00,1002.0
20260909,180000,70W,25,2026,9,9,18,13.1,154.3,100400.0,2026-09-09 18:00:00,2026-09-09 18:00:00,1004.0
20260909,180000,70W,25,2026,9,9,18,13.6,154.3,100000.0,2026-09-09 18:00:00,2026-09-09 18:00:00,1000.0
20260909,180000,70W,25,2026,9,9,18,14.0,153.1,100200.0,2026-09-09 18:00:00,2026-09-09 18:00:00,1002.0
20260909,180000,70W,25,2026,9,9,18,14.0,152.0,100000.0,2026-09-09 18:00:00,2026-09-09 18:00:00,1000.0
20260909,180000,70W,25,2026,9,9,18,13.9,151.70000000000002,100200.0,2026-09-09 18:00:00,2026-09-09 18:00:00,1002.0
20260909,180000,70W,25,2026,9,9,18,13.8,150.5,100000.0,2026-09-09 18:00:00,2026-09-09 18:00:00,1000.0
20260909,180000,70W,25,2026,9,9,18,14.0,149.5,100100.0,2026-09-09 18:00:00,2026-09-09 18:00:00,1001.0
20260909,180000,70W,25,2026,9,9,18,14.3,148.5,99800.0,2026-09-09 18:00:00,2026-09-09 18:00:00,998.0
20260909,180000,70W,25,2026,9,9,18,14.5,147.70000000000002,100000.0,2026-09-09 18:00:00,2026-09-09 18:00:00,1000.0
20260909,180000,70W,25,2026,9,9,18,14.700000000000001,146.8,99600.0,2026-09-09 18:00:00,2026-09-09 18:00:00,996.0
20260909,180000,70W,25,2026,9,9,18,15.5,145.9,99800.0,2026-09-09 18:00:00,2026-09-09 18:00:00,998.0
20260909,180000,70W,25,2026,9,9,18,15.9,144.9,99500.0,2026-09-09 18:00:00,2026-09-09 18:00:00,995.0
20260909,180000,70W,25,2026,9,9,18,16.2,144.20000000000002,99700.0,2026-09-09 18:00:00,2026-09-09 18:00:00,997.0
20260909,180000,70W,25,2026,9,9,18,16.4,143.20000000000002,99300.0,2026-09-09 18:00:00,2026-09-09 18:00:00,993.0
20260909,180000,70W,26,2026,9,9,18,11.700000000000001,155.8,101000.0,2026-09-09 18:00:00,2026-09-09 18:00:00,1010.0
20260909,180000,70W,26,2026,9,9,18,12.0,156.4,100700.0,2026-09-09 18:00:00,2026-09-09 18:00:00,1007.0
20260909,180000,70W,26,2026,9,9,18,13.0,157.5,100700.0,2026-09-09 18:00:00,2026-09-09 18:00:00,1007.0
20260909,180000,70W,26,2026,9,9,18,12.3,158.70000000000002,100900.0,2026-09-09 18:00:00,2026-09-09 18:00:00,1009.0
20260909,180000,70W,26,2026,9,9,18,11.200000000000001,158.20000000000002,100700.0,2026-09-09 18:00:00,2026-09-09 18:00:00,1007.0
20260909,180000,70W,26,2026,9,9,18,12.200000000000001,158.4,100700.0,2026-09-09 18:00:00,2026-09-09 18:00:00,1007.0
20260909,180000,70W,26,2026,9,9,18,11.0,158.20000000000002,100900.0,2026-09-09 18:00:00,2026-09-09 18:00:00,1009.0
20260909,180000,70W,26,2026,9,9,18,9.6,157.70000000000002,100500.0,2026-09-09 18:00:00,2026-09-09 18:00:00,1005.0
20260909,180000,70W,26,2026,9,9,18,9.700000000000001,157.9,100600.0,2026-09-09 18:00:00,2026-09-09 18:00:00,1006.0
20260909,180000,70W,26,2026,9,9,18,9.9,157.5,100400.0,2026-09-09 18:00:00,2026-09-09 18:00:00,1004.0
20260909,180000,70W,26,2026,9,9,18,10.1,156.8,100600.0,2026-09-09 18:00:00,2026-09-09 18:00:00,1006.0
20260909,180000,70W,26,2026,9,9,18,10.3,156.0,100400.0,2026-09-09 18:00:00,2026-09-09 18:00:00,1004.0
20260909,180000,70W,26,2026,9,9,18,11.0,155.1,100600.0,2026-09-09 18:00:00,2026-09-09 18:00:00,1006.0
20260909,180000,70W,26,2026,9,9,18,11.6,153.9,100400.0,2026-09-09 18:00:00,2026-09-09 18:00:00,1004.0
20260909,180000,70W,26,2026,9,9,18,12.200000000000001,153.0,100700.0,2026-09-09 18:00:00,2026-09-09 18:00:00,1007.0
20260909,180000,70W,26,2026,9,9,18,12.9,151.8,100300.0,2026-09-09 18:00:00,2026-09-09 18:00:00,1003.0
20260909,180000,70W,26,2026,9,9,18,13.6,150.9,100600.0,2026-09-09 18:00:00,2026-09-09 18:00:00,1006.0
20260909,180000,70W,26,2026,9,9,18,14.200000000000001,149.9,100400.0,2026-09-09 18:00:00,2026-09-09 18:00:00,1004.0
20260909,180000,70W,26,2026,9,9,18,14.700000000000001,149.20000000000002,100500.0,2026-09-09 18:00:00,2026-09-09 18:00:00,1005.0
20260909,180000,70W,26,2026,9,9,18,15.700000000000001,148.3,100300.0,2026-09-09 18:00:00,2026-09-09 18:00:00,1003.0
20260909,180000,70W,27,2026,9,9,18,13.9,112.7,100700.0,2026-09-09 18:00:00,2026-09-09 18:00:00,1007.0
20260909,180000,70W,27,2026,9,9,18,13.700000000000001,113.4,100500.0,2026-09-09 18:00:00,2026-09-09 18:00:00,1005.0
20260909,180000,70W,27,2026,9,9,18,13.6,113.4,100500.0,2026-09-09 18:00:00,2026-09-09 18:00:00,1005.0
20260909,180000,70W,27,2026,9,9,18,12.9,112.9,100500.0,2026-09-09 18:00:00,2026-09-09 18:00:00,1005.0
20260909,180000,70W,27,2026,9,9,18,13.5,114.0,100600.0,2026-09-09 18:00:00,2026-09-09 18:00:00,1006.0
20260909,180000,70W,27,2026,9,9,18,15.9,113.3,100300.0,2026-09-09 18:00:00,2026-09-09 18:00:00,1003.0
20260909,180000,70W,27,2026,9,9,18,15.200000000000001,112.8,100300.0,2026-09-09 18:00:00,2026-09-09 18:00:00,1003.0
20260909,180000,70W,27,2026,9,9,18,15.700000000000001,112.7,100100.0,2026-09-09 18:00:00,2026-09-09 18:00:00,1001.0
20260909,180000,70W,27,2026,9,9,18,15.0,110.60000000000001,100200.0,2026-09-09 18:00:00,2026-09-09 18:00:00,1002.0
20260909,180000,70W,27,2026,9,9,18,14.6,110.2,100000.0,2026-09-09 18:00:00,2026-09-09 18:00:00,1000.0
20260909,180000,70W,27,2026,9,9,18,15.700000000000001,109.2,99900.0,2026-09-09 18:00:00,2026-09-09 18:00:00,999.0
20260909,180000,70W,27,2026,9,9,18,15.9,109.0,99900.0,2026-09-09 18:00:00,2026-09-09 18:00:00,999.0
20260909,180000,70W,27,2026,9,9,18,15.5,108.8,99900.0,2026-09-09 18:00:00,2026-09-09 18:00:00,999.0
20260909,180000,70W,27,2026,9,9,18,16.5,108.60000000000001,99900.0,2026-09-09 18:00:00,2026-09-09 18:00:00,999.0
20260909,180000,70W,27,2026,9,9,18,16.9,107.5,100000.0,2026-09-09 18:00:00,2026-09-09 18:00:00,1000.0
20260909,180000,70W,27,2026,9,9,18,17.3,106.7,100000.0,2026-09-09 18:00:00,2026-09-09 18:00:00,1000.0
20260909,180000,70W,27,2026,9,9,18,18.3,106.0,100600.0,2026-09-09 18:00:00,2026-09-09 18:00:00,1006.0
20260909,180000,70W,27,2026,9,9,18,18.3,106.2,100800.0,2026-09-09 18:00:00,2026-09-09 18:00:00,1008.0
20260909,180000,70W,28,2026,9,9,18,12.4,155.3,100700.0,2026-09-09 18:00:00,2026-09-09 18:00:00,1007.0
20260909,180000,70W,28,2026,9,9,18,10.700000000000001,157.0,100600.0,2026-09-09 18:00:00,2026-09-09 18:00:00,1006.0
20260909,180000,70W,28,2026,9,9,18,9.5,160.20000000000002,100600.0,2026-09-09 18:00:00,2026-09-09 18:00:00,1006.0
20260909,180000,70W,28,2026,9,9,18,10.5,159.3,100500.0,2026-09-09 18:00:00,2026-09-09 18:00:00,1005.0
20260909,180000,70W,28,2026,9,9,18,11.3,159.6,100700.0,2026-09-09 18:00:00,2026-09-09 18:00:00,1007.0
20260909,180000,70W,28,2026,9,9,18,10.9,158.4,100200.0,2026-09-09 18:00:00,2026-09-09 18:00:00,1002.0
20260909,180000,70W,28,2026,9,9,18,10.9,157.9,100200.0,2026-09-09 18:00:00,2026-09-09 18:00:00,1002.0
20260909,180000,70W,28,2026,9,9,18,11.200000000000001,157.5,100000.0,2026-09-09 18:00:00,2026-09-09 18:00:00,1000.0
20260909,180000,70W,28,2026,9,9,18,11.6,157.70000000000002,99900.0,2026-09-09 18:00:00,2026-09-09 18:00:00,999.0
20260909,180000,70W,28,2026,9,9,18,11.9,157.1,98800.0,2026-09-09 18:00:00,2026-09-09 18:00:00,988.0
20260909,180000,70W,28,2026,9,9,18,12.5,156.70000000000002,98400.0,2026-09-09 18:00:00,2026-09-09 18:00:00,984.0
20260909,180000,70W,28,2026,9,9,18,13.3,156.3,98300.0,2026-09-09 18:00:00,2026-09-09 18:00:00,983.0
20260909,180000,70W,28,2026,9,9,18,14.200000000000001,155.5,98200.0,2026-09-09 18:00:00,2026-09-09 18:00:00,982.0
20260909,180000,70W,28,2026,9,9,18,14.5,154.20000000000002,97400.0,2026-09-09 18:00:00,2026-09-09 18:00:00,974.0
20260909,180000,70W,28,2026,9,9,18,14.700000000000001,153.0,97000.0,2026-09-09 18:00:00,2026-09-09 18:00:00,970.0
20260909,180000,70W,28,2026,9,9,18,15.200000000000001,152.5,95700.0,2026-09-09 18:00:00,2026-09-09 18:00:00,957.0
20260909,180000,70W,28,2026,9,9,18,15.700000000000001,151.8,94800.0,2026-09-09 18:00:00,2026-09-09 18:00:00,948.0
20260909,180000,70W,28,2026,9,9,18,16.2,151.1,93900.0,2026-09-09 18:00:00,2026-09-09 18:00:00,939.0
20260909,180000,70W,29,2026,9,9,18,8.2,149.4,100800.0,2026-09-09 18:00:00,2026-09-09 18:00:00,1008.0
20260909,180000,70W,29,2026,9,9,18,9.0,150.1,100400.0,2026-09-09 18:00:00,2026-09-09 18:00:00,1004.0
20260909,180000,70W,29,2026,9,9,18,9.6,150.9,100700.0,2026-09-09 18:00:00,2026-09-09 18:00:00,1007.0
20260909,180000,70W,29,2026,9,9,18,10.200000000000001,151.70000000000002,100400.0,2026-09-09 18:00:00,2026-09-09 18:00:00,1004.0
20260909,180000,70W,30,2026,9,9,18,10.700000000000001,155.0,100600.0,2026-09-09 18:00:00,2026-09-09 18:00:00,1006.0
20260909,180000,70W,30,2026,9,9,18,12.200000000000001,157.4,100900.0,2026-09-09 18:00:00,2026-09-09 18:00:00,1009.0
20260909,180000,70W,30,2026,9,9,18,11.0,157.70000000000002,100600.0,2026-09-09 18:00:00,2026-09-09 18:00:00,1006.0
20260909,180000,70W,30,2026,9,9,18,9.9,158.9,100700.0,2026-09-09 18:00:00,2026-09-09 18:00:00,1007.0
20260909,180000,70W,30,2026,9,9,18,9.6,159.20000000000002,100300.0,2026-09-09 18:00:00,2026-09-09 18:00:00,1003.0
20260909,180000,70W,30,2026,9,9,18,9.8,160.70000000000002,100200.0,2026-09-09 18:00:00,2026-09-09 18:00:00,1002.0
20260909,180000,70W,30,2026,9,9,18,11.0,159.9,99900.0,2026-09-09 18:00:00,2026-09-09 18:00:00,999.0
20260909,180000,70W,30,2026,9,9,18,11.200000000000001,159.6,99600.0,2026-09-09 18:00:00,2026-09-09 18:00:00,996.0
20260909,180000,70W,30,2026,9,9,18,11.4,159.6,99200.0,2026-09-09 18:00:00,2026-09-09 18:00:00,992.0
20260909,180000,70W,30,2026,9,9,18,12.1,159.3,99000.0,2026-09-09 18:00:00,2026-09-09 18:00:00,990.0
20260909,180000,70W,30,2026,9,9,18,13.200000000000001,158.8,99000.0,2026-09-09 18:00:00,2026-09-09 18:00:00,990.0
20260909,180000,70W,30,2026,9,9,18,13.700000000000001,157.5,98900.0,2026-09-09 18:00:00,2026-09-09 18:00:00,989.0
20260909,180000,70W,30,2026,9,9,18,14.3,156.4,98300.0,2026-09-09 18:00:00,2026-09-09 18:00:00,983.0
20260909,180000,70W,30,2026,9,9,18,14.5,155.3,97500.0,2026-09-09 18:00:00,2026-09-09 18:00:00,975.0
20260909,180000,70W,30,2026,9,9,18,14.9,154.1,96500.0,2026-09-09 18:00:00,2026-09-09 18:00:00,965.0
20260909,180000,70W,30,2026,9,9,18,15.1,152.70000000000002,95500.0,2026-09-09 18:00:00,2026-09-09 18:00:00,955.0
20260909,180000,70W,30,2026,9,9,18,15.700000000000001,151.6,94800.0,2026-09-09 18:00:00,2026-09-09 18:00:00,948.0
20260909,180000,70W,30,2026,9,9,18,16.0,150.3,94300.0,2026-09-09 18:00:00,2026-09-09 18:00:00,943.0
20260909,180000,70W,30,2026,9,9,18,16.4,149.0,93200.0,2026-09-09 18:00:00,2026-09-09 18:00:00,932.0
20260909,180000,70W,30,2026,9,9,18,16.9,147.70000000000002,91900.0,2026-09-09 18:00:00,2026-09-09 18:00:00,919.0
20260909,180000,70W,30,2026,9,9,18,17.3,146.5,91200.0,2026-09-09 18:00:00,2026-09-09 18:00:00,912.0
20260909,180000,70W,30,2026,9,9,18,17.8,145.6,90500.0,2026-09-09 18:00:00,2026-09-09 18:00:00,905.0
20260909,180000,70W,30,2026,9,9,18,18.5,144.70000000000002,90600.0,2026-09-09 18:00:00,2026-09-09 18:00:00,906.0
20260909,180000,70W,31,2026,9,9,18,12.4,110.9,100800.0,2026-09-09 18:00:00,2026-09-09 18:00:00,1008.0
20260909,180000,70W,31,2026,9,9,18,12.1,110.9,100900.0,2026-09-09 18:00:00,2026-09-09 18:00:00,1009.0
20260909,180000,70W,31,2026,9,9,18,12.6,111.5,100700.0,2026-09-09 18:00:00,2026-09-09 18:00:00,1007.0
20260909,180000,70W,31,2026,9,9,18,13.8,111.5,100700.0,2026-09-09 18:00:00,2026-09-09 18:00:00,1007.0
20260909,180000,70W,31,2026,9,9,18,13.9,111.2,100700.0,2026-09-09 18:00:00,2026-09-09 18:00:00,1007.0
20260909,180000,70W,31,2026,9,9,18,14.3,110.60000000000001,100600.0,2026-09-09 18:00:00,2026-09-09 18:00:00,1006.0
20260909,180000,70W,31,2026,9,9,18,14.5,110.4,100600.0,2026-09-09 18:00:00,2026-09-09 18:00:00,1006.0
20260909,180000,70W,31,2026,9,9,18,15.0,109.8,100600.0,2026-09-09 18:00:00,2026-09-09 18:00:00,1006.0
20260909,180000,70W,31,2026,9,9,18,14.8,109.7,100700.0,2026-09-09 18:00:00,2026-09-09 18:00:00,1007.0
20260909,180000,70W,31,2026,9,9,18,15.1,109.60000000000001,100400.0,2026-09-09 18:00:00,2026-09-09 18:00:00,1004.0
20260909,180000,70W,31,2026,9,9,18,15.3,109.9,100700.0,2026-09-09 18:00:00,2026-09-09 18:00:00,1007.0
20260909,180000,70W,31,2026,9,9,18,16.1,109.8,100600.0,2026-09-09 18:00:00,2026-09-09 18:00:00,1006.0
20260909,180000,70W,31,2026,9,9,18,16.3,110.10000000000001,100700.0,2026-09-09 18:00:00,2026-09-09 18:00:00,1007.0
20260909,180000,70W,31,2026,9,9,18,15.8,110.4,100600.0,2026-09-09 18:00:00,2026-09-09 18:00:00,1006.0
20260909,180000,70W,31,2026,9,9,18,16.7,110.2,100700.0,2026-09-09 18:00:00,2026-09-09 18:00:00,1007.0
20260909,180000,70W,31,2026,9,9,18,17.1,110.60000000000001,100600.0,2026-09-09 18:00:00,2026-09-09 18:00:00,1006.0
20260909,180000,70W,31,2026,9,9,18,17.2,110.5,100700.0,2026-09-09 18:00:00,2026-09-09 18:00:00,1007.0
20260909,180000,70W,31,2026,9,9,18,16.9,111.3,100600.0,2026-09-09 18:00:00,2026-09-09 18:00:00,1006.0
20260909,180000,70W,31,2026,9,9,18,17.1,112.5,100700.0,2026-09-09 18:00:00,2026-09-09 18:00:00,1007.0
20260909,180000,70W,31,2026,9,9,18,16.9,112.9,100600.0,2026-09-09 18:00:00,2026-09-09 18:00:00,1006.0
20260909,180000,70W,32,2026,9,9,18,7.2,172.8,100600.0,2026-09-09 18:00:00,2026-09-09 18:00:00,1006.0
20260909,180000,70W,32,2026,9,9,18,6.4,174.4,100500.0,2026-09-09 18:00:00,2026-09-09 18:00:00,1005.0
20260909,180000,70W,32,2026,9,9,18,6.8,173.8,100500.0,2026-09-09 18:00:00,2026-09-09 18:00:00,1005.0
20260909,180000,70W,32,2026,9,9,18,6.2,175.20000000000002,100300.0,2026-09-09 18:00:00,2026-09-09 18:00:00,1003.0
20260909,180000,70W,32,2026,9,9,18,6.8,173.1,100200.0,2026-09-09 18:00:00,2026-09-09 18:00:00,1002.0
20260909,180000,70W,32,2026,9,9,18,7.9,174.3,100300.0,2026-09-09 18:00:00,2026-09-09 18:00:00,1003.0
20260909,180000,70W,32,2026,9,9,18,8.6,175.6,100100.0,2026-09-09 18:00:00,2026-09-09 18:00:00,1001.0
20260909,180000,70W,32,2026,9,9,18,8.1,173.8,100000.0,2026-09-09 18:00:00,2026-09-09 18:00:00,1000.0
20260909,180000,70W,32,2026,9,9,18,9.200000000000001,173.3,99500.0,2026-09-09 18:00:00,2026-09-09 18:00:00,995.0
20260909,180000,70W,32,2026,9,9,18,9.5,173.6,99100.0,2026-09-09 18:00:00,2026-09-09 18:00:00,991.0
20260909,180000,70W,32,2026,9,9,18,9.700000000000001,173.8,99400.0,2026-09-09 18:00:00,2026-09-09 18:00:00,994.0
20260909,180000,70W,32,2026,9,9,18,10.9,174.3,99800.0,2026-09-09 18:00:00,2026-09-09 18:00:00,998.0
20260909,180000,70W,32,2026,9,9,18,11.3,173.8,99500.0,2026-09-09 18:00:00,2026-09-09 18:00:00,995.0
20260909,180000,70W,32,2026,9,9,18,11.700000000000001,174.1,99800.0,2026-09-09 18:00:00,2026-09-09 18:00:00,998.0
20260909,180000,70W,32,2026,9,9,18,13.3,174.8,99300.0,2026-09-09 18:00:00,2026-09-09 18:00:00,993.0
20260909,180000,70W,32,2026,9,9,18,14.5,174.8,98700.0,2026-09-09 18:00:00,2026-09-09 18:00:00,987.0
20260909,180000,70W,32,2026,9,9,18,15.700000000000001,174.6,98500.0,2026-09-09 18:00:00,2026-09-09 18:00:00,985.0
20260909,180000,70W,32,2026,9,9,18,16.4,174.5,98200.0,2026-09-09 18:00:00,2026-09-09 18:00:00,982.0
20260909,180000,70W,32,2026,9,9,18,17.1,173.9,97700.0,2026-09-09 18:00:00,2026-09-09 18:00:00,977.0
20260909,180000,70W,32,2026,9,9,18,17.1,173.6,97400.0,2026-09-09 18:00:00,2026-09-09 18:00:00,974.0
20260909,180000,70W,32,2026,9,9,18,17.3,173.0,95700.0,2026-09-09 18:00:00,2026-09-09 18:00:00,957.0
20260909,180000,70W,33,2026,9,9,18,8.1,171.9,100700.0,2026-09-09 18:00:00,2026-09-09 18:00:00,1007.0
20260909,180000,70W,33,2026,9,9,18,8.1,173.3,100400.0,2026-09-09 18:00:00,2026-09-09 18:00:00,1004.0
20260909,180000,70W,33,2026,9,9,18,7.8,174.0,100600.0,2026-09-09 18:00:00,2026-09-09 18:00:00,1006.0
20260909,180000,70W,33,2026,9,9,18,7.2,174.5,100500.0,2026-09-09 18:00:00,2026-09-09 18:00:00,1005.0
20260909,180000,70W,33,2026,9,9,18,8.1,174.5,100400.0,2026-09-09 18:00:00,2026-09-09 18:00:00,1004.0
20260909,180000,70W,33,2026,9,9,18,10.4,172.8,100700.0,2026-09-09 18:00:00,2026-09-09 18:00:00,1007.0
20260909,180000,70W,33,2026,9,9,18,10.4,172.5,100600.0,2026-09-09 18:00:00,2026-09-09 18:00:00,1006.0
20260909,180000,70W,33,2026,9,9,18,9.3,172.70000000000002,100700.0,2026-09-09 18:00:00,2026-09-09 18:00:00,1007.0
20260909,180000,70W,33,2026,9,9,18,10.200000000000001,174.0,100800.0,2026-09-09 18:00:00,2026-09-09 18:00:00,1008.0
20260909,180000,70W,33,2026,9,9,18,10.0,173.6,100700.0,2026-09-09 18:00:00,2026-09-09 18:00:00,1007.0
20260909,180000,70W,33,2026,9,9,18,8.0,175.3,100800.0,2026-09-09 18:00:00,2026-09-09 18:00:00,1008.0
20260909,180000,70W,33,2026,9,9,18,8.6,174.20000000000002,100700.0,2026-09-09 18:00:00,2026-09-09 18:00:00,1007.0
20260909,180000,70W,33,2026,9,9,18,8.3,175.4,100800.0,2026-09-09 18:00:00,2026-09-09 18:00:00,1008.0
20260909,180000,70W,33,2026,9,9,18,7.7,174.3,100600.0,2026-09-09 18:00:00,2026-09-09 18:00:00,1006.0
20260909,180000,70W,33,2026,9,9,18,7.3,175.9,100800.0,2026-09-09 18:00:00,2026-09-09 18:00:00,1008.0
20260909,180000,70W,34,2026,9,9,18,9.9,143.0,100900.0,2026-09-09 18:00:00,2026-09-09 18:00:00,1009.0
20260909,180000,70W,35,2026,9,9,18,14.4,117.10000000000001,100300.0,2026-09-09 18:00:00,2026-09-09 18:00:00,1003.0
20260909,180000,70W,35,2026,9,9,18,16.4,118.10000000000001,100400.0,2026-09-09 18:00:00,2026-09-09 18:00:00,1004.0
20260909,180000,70W,35,2026,9,9,18,17.6,115.3,100400.0,2026-09-09 18:00:00,2026-09-09 18:00:00,1004.0
20260909,180000,70W,35,2026,9,9,18,17.2,113.8,100100.0,2026-09-09 18:00:00,2026-09-09 18:00:00,1001.0
20260909,180000,70W,35,2026,9,9,18,16.9,112.8,100000.0,2026-09-09 18:00:00,2026-09-09 18:00:00,1000.0
20260909,180000,70W,35,2026,9,9,18,16.4,111.2,99900.0,2026-09-09 18:00:00,2026-09-09 18:00:00,999.0
20260909,180000,70W,35,2026,9,9,18,16.4,110.60000000000001,99600.0,2026-09-09 18:00:00,2026-09-09 18:00:00,996.0
20260909,180000,70W,35,2026,9,9,18,16.2,110.3,99400.0,2026-09-09 18:00:00,2026-09-09 18:00:00,994.0
20260909,180000,70W,35,2026,9,9,18,16.4,110.4,99500.0,2026-09-09 18:00:00,2026-09-09 18:00:00,995.0
20260909,180000,70W,35,2026,9,9,18,17.1,109.7,99300.0,2026-09-09 18:00:00,2026-09-09 18:00:00,993.0
20260909,180000,70W,35,2026,9,9,18,17.8,109.0,99300.0,2026-09-09 18:00:00,2026-09-09 18:00:00,993.0
20260909,180000,70W,35,2026,9,9,18,18.1,107.60000000000001,99200.0,2026-09-09 18:00:00,2026-09-09 18:00:00,992.0
20260909,180000,70W,35,2026,9,9,18,17.8,106.3,99400.0,2026-09-09 18:00:00,2026-09-09 18:00:00,994.0
20260909,180000,70W,35,2026,9,9,18,17.3,104.8,100100.0,2026-09-09 18:00:00,2026-09-09 18:00:00,1001.0
20260909,180000,70W,35,2026,9,9,18,17.1,103.7,100300.0,2026-09-09 18:00:00,2026-09-09 18:00:00,1003.0
20260909,180000,70W,35,2026,9,9,18,16.6,103.10000000000001,100400.0,2026-09-09 18:00:00,2026-09-09 18:00:00,1004.0
20260909,180000,70W,35,2026,9,9,18,16.3,102.8,100500.0,2026-09-09 18:00:00,2026-09-09 18:00:00,1005.0
20260909,180000,70W,35,2026,9,9,18,16.3,102.60000000000001,100600.0,2026-09-09 18:00:00,2026-09-09 18:00:00,1006.0
20260909,180000,70W,35,2026,9,9,18,16.4,102.0,100700.0,2026-09-09 18:00:00,2026-09-09 18:00:00,1007.0
20260909,180000,70W,35,2026,9,9,18,16.9,100.2,100600.0,2026-09-09 18:00:00,2026-09-09 18:00:00,1006.0
20260909,180000,70W,35,2026,9,9,18,16.4,101.10000000000001,100700.0,2026-09-09 18:00:00,2026-09-09 18:00:00,1007.0
20260909,180000,70W,35,2026,9,9,18,15.0,102.0,100800.0,2026-09-09 18:00:00,2026-09-09 18:00:00,1008.0
20260909,180000,70W,36,2026,9,9,18,9.6,142.8,100900.0,2026-09-09 18:00:00,2026-09-09 18:00:00,1009.0
20260909,180000,70W,36,2026,9,9,18,8.6,141.20000000000002,100800.0,2026-09-09 18:00:00,2026-09-09 18:00:00,1008.0
20260909,180000,70W,37,2026,9,9,18,13.4,159.3,100800.0,2026-09-09 18:00:00,2026-09-09 18:00:00,1008.0
20260909,180000,70W,37,2026,9,9,18,11.700000000000001,159.4,100600.0,2026-09-09 18:00:00,2026-09-09 18:00:00,1006.0
20260909,180000,70W,37,2026,9,9,18,14.3,162.0,100500.0,2026-09-09 18:00:00,2026-09-09 18:00:00,1005.0
20260909,180000,70W,37,2026,9,9,18,14.0,161.20000000000002,100600.0,2026-09-09 18:00:00,2026-09-09 18:00:00,1006.0
20260909,180000,70W,37,2026,9,9,18,11.0,161.70000000000002,100400.0,2026-09-09 18:00:00,2026-09-09 18:00:00,1004.0
20260909,180000,70W,37,2026,9,9,18,12.200000000000001,163.1,100400.0,2026-09-09 18:00:00,2026-09-09 18:00:00,1004.0
20260909,180000,70W,37,2026,9,9,18,12.4,162.4,99800.0,2026-09-09 18:00:00,2026-09-09 18:00:00,998.0
20260909,180000,70W,37,2026,9,9,18,12.6,161.4,99700.0,2026-09-09 18:00:00,2026-09-09 18:00:00,997.0
20260909,180000,70W,37,2026,9,9,18,12.3,161.0,99100.0,2026-09-09 18:00:00,2026-09-09 18:00:00,991.0
20260909,180000,70W,37,2026,9,9,18,12.8,160.5,98100.0,2026-09-09 18:00:00,2026-09-09 18:00:00,981.0
20260909,180000,70W,37,2026,9,9,18,13.1,159.6,97700.0,2026-09-09 18:00:00,2026-09-09 18:00:00,977.0
20260909,180000,70W,37,2026,9,9,18,13.5,158.4,97600.0,2026-09-09 18:00:00,2026-09-09 18:00:00,976.0
20260909,180000,70W,37,2026,9,9,18,13.5,157.6,95400.0,2026-09-09 18:00:00,2026-09-09 18:00:00,954.0
20260909,180000,70W,37,2026,9,9,18,13.8,157.20000000000002,93700.0,2026-09-09 18:00:00,2026-09-09 18:00:00,937.0
20260909,180000,70W,37,2026,9,9,18,14.4,156.5,93100.0,2026-09-09 18:00:00,2026-09-09 18:00:00,931.0
20260909,180000,70W,37,2026,9,9,18,15.1,156.0,93300.0,2026-09-09 18:00:00,2026-09-09 18:00:00,933.0
20260909,180000,70W,37,2026,9,9,18,15.9,155.1,91900.0,2026-09-09 18:00:00,2026-09-09 18:00:00,919.0
20260909,180000,70W,37,2026,9,9,18,16.8,154.5,92800.0,2026-09-09 18:00:00,2026-09-09 18:00:00,928.0
20260909,180000,70W,37,2026,9,9,18,17.6,153.70000000000002,92400.0,2026-09-09 18:00:00,2026-09-09 18:00:00,924.0
20260909,180000,70W,37,2026,9,9,18,18.5,152.9,92700.0,2026-09-09 18:00:00,2026-09-09 18:00:00,927.0
20260909,180000,70W,37,2026,9,9,18,19.5,151.9,92900.0,2026-09-09 18:00:00,2026-09-09 18:00:00,929.0
20260909,180000,70W,38,2026,9,9,18,15.6,118.5,100700.0,2026-09-09 18:00:00,2026-09-09 18:00:00,1007.0
20260909,180000,70W,38,2026,9,9,18,14.1,116.7,100600.0,2026-09-09 18:00:00,2026-09-09 18:00:00,1006.0
20260909,180000,70W,38,2026,9,9,18,15.3,116.8,100500.0,2026-09-09 18:00:00,2026-09-09 18:00:00,1005.0
20260909,180000,70W,38,2026,9,9,18,15.8,116.7,100600.0,2026-09-09 18:00:00,2026-09-09 18:00:00,1006.0
20260909,180000,70W,38,2026,9,9,18,17.0,116.7,100300.0,2026-09-09 18:00:00,2026-09-09 18:00:00,1003.0
20260909,180000,70W,38,2026,9,9,18,17.8,115.3,100500.0,2026-09-09 18:00:00,2026-09-09 18:00:00,1005.0
20260909,180000,70W,38,2026,9,9,18,17.400000000000002,113.10000000000001,100300.0,2026-09-09 18:00:00,2026-09-09 18:00:00,1003.0
20260909,180000,70W,38,2026,9,9,18,16.9,112.0,100300.0,2026-09-09 18:00:00,2026-09-09 18:00:00,1003.0
20260909,180000,70W,38,2026,9,9,18,16.9,111.2,100200.0,2026-09-09 18:00:00,2026-09-09 18:00:00,1002.0
20260909,180000,70W,38,2026,9,9,18,16.6,110.10000000000001,100200.0,2026-09-09 18:00:00,2026-09-09 18:00:00,1002.0
20260909,180000,70W,38,2026,9,9,18,16.1,109.4,100200.0,2026-09-09 18:00:00,2026-09-09 18:00:00,1002.0
20260909,180000,70W,38,2026,9,9,18,15.9,109.4,99800.0,2026-09-09 18:00:00,2026-09-09 18:00:00,998.0
20260909,180000,70W,38,2026,9,9,18,16.4,109.10000000000001,99800.0,2026-09-09 18:00:00,2026-09-09 18:00:00,998.0
20260909,180000,70W,38,2026,9,9,18,17.2,109.2,100000.0,2026-09-09 18:00:00,2026-09-09 18:00:00,1000.0
20260909,180000,70W,38,2026,9,9,18,18.0,108.8,99900.0,2026-09-09 18:00:00,2026-09-09 18:00:00,999.0
20260909,180000,70W,38,2026,9,9,18,18.5,108.10000000000001,99800.0,2026-09-09 18:00:00,2026-09-09 18:00:00,998.0
20260909,180000,70W,38,2026,9,9,18,18.8,107.10000000000001,99200.0,2026-09-09 18:00:00,2026-09-09 18:00:00,992.0
20260909,180000,70W,38,2026,9,9,18,18.400000000000002,106.5,99000.0,2026-09-09 18:00:00,2026-09-09 18:00:00,990.0
20260909,180000,70W,38,2026,9,9,18,18.7,106.2,99200.0,2026-09-09 18:00:00,2026-09-09 18:00:00,992.0
20260909,180000,70W,38,2026,9,9,18,18.8,105.60000000000001,99900.0,2026-09-09 18:00:00,2026-09-09 18:00:00,999.0
20260909,180000,70W,38,2026,9,9,18,18.8,105.2,100500.0,2026-09-09 18:00:00,2026-09-09 18:00:00,1005.0
20260909,180000,70W,38,2026,9,9,18,18.3,106.0,100700.0,2026-09-09 18:00:00,2026-09-09 18:00:00,1007.0
20260909,180000,70W,39,2026,9,9,18,7.4,173.3,100700.0,2026-09-09 18:00:00,2026-09-09 18:00:00,1007.0
20260909,180000,70W,39,2026,9,9,18,7.2,172.9,100700.0,2026-09-09 18:00:00,2026-09-09 18:00:00,1007.0
20260909,180000,70W,39,2026,9,9,18,6.8,173.9,100400.0,2026-09-09 18:00:00,2026-09-09 18:00:00,1004.0
20260909,180000,70W,39,2026,9,9,18,6.5,173.9,100300.0,2026-09-09 18:00:00,2026-09-09 18:00:00,1003.0
20260909,180000,70W,39,2026,9,9,18,6.2,174.3,100000.0,2026-09-09 18:00:00,2026-09-09 18:00:00,1000.0
20260909,180000,70W,39,2026,9,9,18,6.2,175.1,100200.0,2026-09-09 18:00:00,2026-09-09 18:00:00,1002.0
20260909,180000,70W,39,2026,9,9,18,6.5,175.5,100400.0,2026-09-09 18:00:00,2026-09-09 18:00:00,1004.0
20260909,180000,70W,39,2026,9,9,18,6.7,175.70000000000002,100200.0,2026-09-09 18:00:00,2026-09-09 18:00:00,1002.0
20260909,180000,70W,39,2026,9,9,18,7.9,176.20000000000002,100400.0,2026-09-09 18:00:00,2026-09-09 18:00:00,1004.0
20260909,180000,70W,39,2026,9,9,18,8.4,176.1,100500.0,2026-09-09 18:00:00,2026-09-09 18:00:00,1005.0
20260909,180000,70W,39,2026,9,9,18,9.5,175.70000000000002,100700.0,2026-09-09 18:00:00,2026-09-09 18:00:00,1007.0
20260909,180000,70W,39,2026,9,9,18,9.8,173.8,100800.0,2026-09-09 18:00:00,2026-09-09 18:00:00,1008.0
20260909,180000,70W,39,2026,9,9,18,9.6,172.4,100600.0,2026-09-09 18:00:00,2026-09-09 18:00:00,1006.0
20260909,180000,70W,39,2026,9,9,18,9.3,173.6,100900.0,2026-09-09 18:00:00,2026-09-09 18:00:00,1009.0
20260909,180000,70W,40,2026,9,9,18,10.200000000000001,144.1,100700.0,2026-09-09 18:00:00,2026-09-09 18:00:00,1007.0
20260909,180000,70W,40,2026,9,9,18,8.3,145.9,100700.0,2026-09-09 18:00:00,2026-09-09 18:00:00,1007.0
20260909,180000,70W,41,2026,9,9,18,9.8,149.20000000000002,100800.0,2026-09-09 18:00:00,2026-09-09 18:00:00,1008.0
20260909,180000,70W,41,2026,9,9,18,9.3,149.9,100500.0,2026-09-09 18:00:00,2026-09-09 18:00:00,1005.0
20260909,180000,70W,41,2026,9,9,18,10.0,149.9,100800.0,2026-09-09 18:00:00,2026-09-09 18:00:00,1008.0
20260909,180000,70W,41,2026,9,9,18,9.8,150.20000000000002,100500.0,2026-09-09 18:00:00,2026-09-09 18:00:00,1005.0
20260909,180000,70W,41,2026,9,9,18,10.4,151.70000000000002,100700.0,2026-09-09 18:00:00,2026-09-09 18:00:00,1007.0
20260909,180000,70W,41,2026,9,9,18,10.4,152.5,100400.0,2026-09-09 18:00:00,2026-09-09 18:00:00,1004.0
20260909,180000,70W,41,2026,9,9,18,11.200000000000001,153.20000000000002,100500.0,2026-09-09 18:00:00,2026-09-09 18:00:00,1005.0
20260909,180000,70W,41,2026,9,9,18,11.8,153.3,100200.0,2026-09-09 18:00:00,2026-09-09 18:00:00,1002.0
20260909,180000,70W,41,2026,9,9,18,12.0,153.8,100400.0,2026-09-09 18:00:00,2026-09-09 18:00:00,1004.0
20260909,180000,70W,41,2026,9,9,18,12.6,153.5,100100.0,2026-09-09 18:00:00,2026-09-09 18:00:00,1001.0
20260909,180000,70W,41,2026,9,9,18,12.6,153.70000000000002,100300.0,2026-09-09 18:00:00,2026-09-09 18:00:00,1003.0
20260909,180000,70W,41,2026,9,9,18,12.8,153.70000000000002,99800.0,2026-09-09 18:00:00,2026-09-09 18:00:00,998.0
20260909,180000,70W,41,2026,9,9,18,13.0,153.20000000000002,100000.0,2026-09-09 18:00:00,2026-09-09 18:00:00,1000.0
20260909,180000,70W,41,2026,9,9,18,13.4,152.4,99800.0,2026-09-09 18:00:00,2026-09-09 18:00:00,998.0
20260909,180000,70W,41,2026,9,9,18,13.4,152.0,100000.0,2026-09-09 18:00:00,2026-09-09 18:00:00,1000.0
20260909,180000,70W,41,2026,9,9,18,13.700000000000001,151.3,99700.0,2026-09-09 18:00:00,2026-09-09 18:00:00,997.0
20260909,180000,70W,41,2026,9,9,18,14.200000000000001,150.20000000000002,99800.0,2026-09-09 18:00:00,2026-09-09 18:00:00,998.0
20260909,180000,70W,41,2026,9,9,18,14.8,149.1,99500.0,2026-09-09 18:00:00,2026-09-09 18:00:00,995.0
20260909,180000,70W,41,2026,9,9,18,15.0,148.0,99700.0,2026-09-09 18:00:00,2026-09-09 18:00:00,997.0
20260909,180000,70W,41,2026,9,9,18,15.1,146.8,99300.0,2026-09-09 18:00:00,2026-09-09 18:00:00,993.0
20260909,180000,70W,41,2026,9,9,18,15.200000000000001,146.0,99400.0,2026-09-09 18:00:00,2026-09-09 18:00:00,994.0
20260909,180000,70W,41,2026,9,9,18,15.4,144.9,99200.0,2026-09-09 18:00:00,2026-09-09 18:00:00,992.0
20260909,180000,70W,41,2026,9,9,18,15.5,144.4,99200.0,2026-09-09 18:00:00,2026-09-09 18:00:00,992.0
20260909,180000,70W,41,2026,9,9,18,16.2,143.70000000000002,98700.0,2026-09-09 18:00:00,2026-09-09 18:00:00,987.0
20260909,180000,70W,42,2026,9,9,18,13.0,112.4,100700.0,2026-09-09 18:00:00,2026-09-09 18:00:00,1007.0
20260909,180000,70W,42,2026,9,9,18,12.6,111.9,100800.0,2026-09-09 18:00:00,2026-09-09 18:00:00,1008.0
20260909,180000,70W,42,2026,9,9,18,13.9,111.0,100800.0,2026-09-09 18:00:00,2026-09-09 18:00:00,1008.0
20260909,180000,70W,42,2026,9,9,18,12.6,112.7,100800.0,2026-09-09 18:00:00,2026-09-09 18:00:00,1008.0
20260909,180000,70W,42,2026,9,9,18,12.1,112.2,100900.0,2026-09-09 18:00:00,2026-09-09 18:00:00,1009.0
20260909,180000,70W,42,2026,9,9,18,12.9,113.8,100800.0,2026-09-09 18:00:00,2026-09-09 18:00:00,1008.0
20260909,180000,70W,42,2026,9,9,18,13.4,113.60000000000001,100800.0,2026-09-09 18:00:00,2026-09-09 18:00:00,1008.0
20260909,180000,70W,42,2026,9,9,18,15.200000000000001,113.2,100900.0,2026-09-09 18:00:00,2026-09-09 18:00:00,1009.0
20260909,180000,70W,42,2026,9,9,18,15.5,114.60000000000001,100700.0,2026-09-09 18:00:00,2026-09-09 18:00:00,1007.0
20260909,180000,70W,42,2026,9,9,18,16.4,114.10000000000001,100800.0,2026-09-09 18:00:00,2026-09-09 18:00:00,1008.0
20260909,180000,70W,42,2026,9,9,18,17.6,112.9,100700.0,2026-09-09 18:00:00,2026-09-09 18:00:00,1007.0
20260909,180000,70W,42,2026,9,9,18,17.0,112.5,100700.0,2026-09-09 18:00:00,2026-09-09 18:00:00,1007.0
20260909,180000,70W,42,2026,9,9,18,16.1,110.7,100700.0,2026-09-09 18:00:00,2026-09-09 18:00:00,1007.0
20260909,180000,70W,42,2026,9,9,18,17.400000000000002,111.60000000000001,100700.0,2026-09-09 18:00:00,2026-09-09 18:00:00,1007.0
20260909,180000,70W,42,2026,9,9,18,17.3,111.0,100500.0,2026-09-09 18:00:00,2026-09-09 18:00:00,1005.0
20260909,180000,70W,42,2026,9,9,18,17.3,110.2,100600.0,2026-09-09 18:00:00,2026-09-09 18:00:00,1006.0
20260909,180000,70W,42,2026,9,9,18,17.3,110.7,100500.0,2026-09-09 18:00:00,2026-09-09 18:00:00,1005.0
20260909,180000,70W,42,2026,9,9,18,17.6,111.10000000000001,100500.0,2026-09-09 18:00:00,2026-09-09 18:00:00,1005.0
20260909,180000,70W,42,2026,9,9,18,17.6,111.2,100200.0,2026-09-09 18:00:00,2026-09-09 18:00:00,1002.0
20260909,180000,70W,42,2026,9,9,18,17.5,111.5,100100.0,2026-09-09 18:00:00,2026-09-09 18:00:00,1001.0
20260909,180000,70W,42,2026,9,9,18,18.1,110.7,100200.0,2026-09-09 18:00:00,2026-09-09 18:00:00,1002.0
20260909,180000,70W,43,2026,9,9,18,9.8,142.5,100900.0,2026-09-09 18:00:00,2026-09-09 18:00:00,1009.0
20260909,180000,70W,43,2026,9,9,18,9.4,142.3,101000.0,2026-09-09 18:00:00,2026-09-09 18:00:00,1010.0
20260909,180000,70W,44,2026,9,9,18,12.5,142.70000000000002,100900.0,2026-09-09 18:00:00,2026-09-09 18:00:00,1009.0
20260909,180000,70W,45,2026,9,9,18,15.1,118.7,100700.0,2026-09-09 18:00:00,2026-09-09 18:00:00,1007.0
20260909,180000,70W,45,2026,9,9,18,15.6,117.9,100600.0,2026-09-09 18:00:00,2026-09-09 18:00:00,1006.0
20260909,180000,70W,45,2026,9,9,18,16.5,117.3,100700.0,2026-09-09 18:00:00,2026-09-09 18:00:00,1007.0
20260909,180000,70W,45,2026,9,9,18,16.7,116.7,100800.0,2026-09-09 18:00:00,2026-09-09 18:00:00,1008.0
20260909,180000,70W,45,2026,9,9,18,16.7,115.4,100700.0,2026-09-09 18:00:00,2026-09-09 18:00:00,1007.0
20260909,180000,70W,45,2026,9,9,18,16.8,112.8,100600.0,2026-09-09 18:00:00,2026-09-09 18:00:00,1006.0
20260909,180000,70W,45,2026,9,9,18,17.2,112.0,100700.0,2026-09-09 18:00:00,2026-09-09 18:00:00,1007.0
20260909,180000,70W,45,2026,9,9,18,15.9,109.5,100600.0,2026-09-09 18:00:00,2026-09-09 18:00:00,1006.0
20260909,180000,70W,45,2026,9,9,18,16.5,107.5,100500.0,2026-09-09 18:00:00,2026-09-09 18:00:00,1005.0
20260909,180000,70W,45,2026,9,9,18,16.2,106.0,100700.0,2026-09-09 18:00:00,2026-09-09 18:00:00,1007.0
20260909,180000,70W,45,2026,9,9,18,15.3,106.7,100600.0,2026-09-09 18:00:00,2026-09-09 18:00:00,1006.0
20260909,180000,70W,45,2026,9,9,18,17.3,108.10000000000001,100700.0,2026-09-09 18:00:00,2026-09-09 18:00:00,1007.0
20260909,180000,70W,45,2026,9,9,18,18.5,107.0,100800.0,2026-09-09 18:00:00,2026-09-09 18:00:00,1008.0
20260909,180000,70W,45,2026,9,9,18,19.0,105.9,100700.0,2026-09-09 18:00:00,2026-09-09 18:00:00,1007.0
20260909,180000,70W,45,2026,9,9,18,18.6,106.0,100600.0,2026-09-09 18:00:00,2026-09-09 18:00:00,1006.0
20260909,180000,70W,45,2026,9,9,18,19.0,106.10000000000001,100900.0,2026-09-09 18:00:00,2026-09-09 18:00:00,1009.0
20260909,180000,70W,45,2026,9,9,18,19.900000000000002,106.3,100800.0,2026-09-09 18:00:00,2026-09-09 18:00:00,1008.0
20260909,180000,70W,46,2026,9,9,18,14.4,110.8,100700.0,2026-09-09 18:00:00,2026-09-09 18:00:00,1007.0
20260909,180000,70W,46,2026,9,9,18,14.4,111.4,100700.0,2026-09-09 18:00:00,2026-09-09 18:00:00,1007.0
20260909,180000,70W,46,2026,9,9,18,15.8,111.5,100600.0,2026-09-09 18:00:00,2026-09-09 18:00:00,1006.0
20260909,180000,70W,46,2026,9,9,18,16.5,110.9,100700.0,2026-09-09 18:00:00,2026-09-09 18:00:00,1007.0
20260909,180000,70W,46,2026,9,9,18,17.0,110.7,100600.0,2026-09-09 18:00:00,2026-09-09 18:00:00,1006.0
20260909,180000,70W,46,2026,9,9,18,17.0,111.3,100600.0,2026-09-09 18:00:00,2026-09-09 18:00:00,1006.0
20260909,180000,70W,46,2026,9,9,18,17.8,112.2,100400.0,2026-09-09 18:00:00,2026-09-09 18:00:00,1004.0
20260909,180000,70W,46,2026,9,9,18,18.400000000000002,112.3,100500.0,2026-09-09 18:00:00,2026-09-09 18:00:00,1005.0
20260909,180000,70W,46,2026,9,9,18,19.1,112.4,100400.0,2026-09-09 18:00:00,2026-09-09 18:00:00,1004.0
20260909,180000,70W,46,2026,9,9,18,19.2,112.5,100500.0,2026-09-09 18:00:00,2026-09-09 18:00:00,1005.0
20260909,180000,70W,46,2026,9,9,18,19.400000000000002,112.7,100300.0,2026-09-09 18:00:00,2026-09-09 18:00:00,1003.0
20260909,180000,70W,46,2026,9,9,18,19.6,112.5,100200.0,2026-09-09 18:00:00,2026-09-09 18:00:00,1002.0
20260909,180000,70W,46,2026,9,9,18,19.7,112.5,100100.0,2026-09-09 18:00:00,2026-09-09 18:00:00,1001.0
20260909,180000,70W,47,2026,9,9,18,15.700000000000001,117.60000000000001,100500.0,2026-09-09 18:00:00,2026-09-09 18:00:00,1005.0
20260909,180000,70W,47,2026,9,9,18,16.8,117.9,100600.0,2026-09-09 18:00:00,2026-09-09 18:00:00,1006.0
20260909,180000,70W,47,2026,9,9,18,17.0,116.8,100700.0,2026-09-09 18:00:00,2026-09-09 18:00:00,1007.0
20260909,180000,70W,47,2026,9,9,18,17.6,116.7,100600.0,2026-09-09 18:00:00,2026-09-09 18:00:00,1006.0
20260909,180000,70W,47,2026,9,9,18,17.7,115.8,100600.0,2026-09-09 18:00:00,2026-09-09 18:00:00,1006.0
20260909,180000,70W,47,2026,9,9,18,18.3,113.2,100800.0,2026-09-09 18:00:00,2026-09-09 18:00:00,1008.0
20260909,180000,70W,47,2026,9,9,18,16.7,110.7,100700.0,2026-09-09 18:00:00,2026-09-09 18:00:00,1007.0
20260909,180000,70W,47,2026,9,9,18,15.8,110.4,100600.0,2026-09-09 18:00:00,2026-09-09 18:00:00,1006.0
20260909,180000,70W,47,2026,9,9,18,16.2,109.60000000000001,100600.0,2026-09-09 18:00:00,2026-09-09 18:00:00,1006.0
20260909,180000,70W,47,2026,9,9,18,15.9,108.8,100600.0,2026-09-09 18:00:00,2026-09-09 18:00:00,1006.0
20260909,180000,70W,47,2026,9,9,18,16.4,108.4,100500.0,2026-09-09 18:00:00,2026-09-09 18:00:00,1005.0
20260909,180000,70W,47,2026,9,9,18,16.6,107.10000000000001,100800.0,2026-09-09 18:00:00,2026-09-09 18:00:00,1008.0
20260909,180000,70W,47,2026,9,9,18,15.700000000000001,106.2,100500.0,2026-09-09 18:00:00,2026-09-09 18:00:00,1005.0
20260909,180000,70W,47,2026,9,9,18,15.4,105.5,100600.0,2026-09-09 18:00:00,2026-09-09 18:00:00,1006.0
20260909,180000,70W,47,2026,9,9,18,15.5,105.10000000000001,100500.0,2026-09-09 18:00:00,2026-09-09 18:00:00,1005.0
20260909,180000,70W,47,2026,9,9,18,15.6,104.5,100600.0,2026-09-09 18:00:00,2026-09-09 18:00:00,1006.0
20260909,180000,70W,47,2026,9,9,18,15.5,103.9,100600.0,2026-09-09 18:00:00,2026-09-09 18:00:00,1006.0
20260909,180000,70W,47,2026,9,9,18,15.5,103.7,100700.0,2026-09-09 18:00:00,2026-09-09 18:00:00,1007.0
20260909,180000,70W,47,2026,9,9,18,15.4,103.5,100600.0,2026-09-09 18:00:00,2026-09-09 18:00:00,1006.0
20260909,180000,70W,47,2026,9,9,18,15.6,103.3,100600.0,2026-09-09 18:00:00,2026-09-09 18:00:00,1006.0
20260909,180000,70W,47,2026,9,9,18,15.5,102.9,100700.0,2026-09-09 18:00:00,2026-09-09 18:00:00,1007.0
20260909,180000,70W,48,2026,9,9,18,13.8,115.5,100600.0,2026-09-09 18:00:00,2026-09-09 18:00:00,1006.0
20260909,180000,70W,48,2026,9,9,18,13.700000000000001,116.0,100500.0,2026-09-09 18:00:00,2026-09-09 18:00:00,1005.0
20260909,180000,70W,48,2026,9,9,18,14.6,116.2,100700.0,2026-09-09 18:00:00,2026-09-09 18:00:00,1007.0
20260909,180000,70W,48,2026,9,9,18,14.6,115.5,100600.0,2026-09-09 18:00:00,2026-09-09 18:00:00,1006.0
20260909,180000,70W,48,2026,9,9,18,15.5,115.3,100700.0,2026-09-09 18:00:00,2026-09-09 18:00:00,1007.0
20260909,180000,70W,48,2026,9,9,18,16.4,113.10000000000001,100700.0,2026-09-09 18:00:00,2026-09-09 18:00:00,1007.0
20260909,180000,70W,48,2026,9,9,18,15.700000000000001,112.0,100700.0,2026-09-09 18:00:00,2026-09-09 18:00:00,1007.0
20260909,180000,70W,48,2026,9,9,18,15.8,112.0,100700.0,2026-09-09 18:00:00,2026-09-09 18:00:00,1007.0
20260909,180000,70W,48,2026,9,9,18,15.3,111.3,100600.0,2026-09-09 18:00:00,2026-09-09 18:00:00,1006.0
20260909,180000,70W,48,2026,9,9,18,15.700000000000001,110.5,100700.0,2026-09-09 18:00:00,2026-09-09 18:00:00,1007.0
20260909,180000,70W,48,2026,9,9,18,15.3,110.2,100600.0,2026-09-09 18:00:00,2026-09-09 18:00:00,1006.0
20260909,180000,70W,48,2026,9,9,18,16.4,109.5,100700.0,2026-09-09 18:00:00,2026-09-09 18:00:00,1007.0
20260909,180000,70W,48,2026,9,9,18,14.3,109.0,100600.0,2026-09-09 18:00:00,2026-09-09 18:00:00,1006.0
20260909,180000,70W,48,2026,9,9,18,16.0,108.5,100800.0,2026-09-09 18:00:00,2026-09-09 18:00:00,1008.0
20260909,180000,70W,48,2026,9,9,18,16.9,108.2,100900.0,2026-09-09 18:00:00,2026-09-09 18:00:00,1009.0
20260909,180000,70W,48,2026,9,9,18,17.7,106.9,100800.0,2026-09-09 18:00:00,2026-09-09 18:00:00,1008.0
20260909,180000,70W,48,2026,9,9,18,16.6,107.60000000000001,100900.0,2026-09-09 18:00:00,2026-09-09 18:00:00,1009.0
20260909,180000,70W,49,2026,9,9,18,8.0,173.3,100700.0,2026-09-09 18:00:00,2026-09-09 18:00:00,1007.0
20260909,180000,70W,49,2026,9,9,18,7.9,174.8,100800.0,2026-09-09 18:00:00,2026-09-09 18:00:00,1008.0
20260909,180000,70W,49,2026,9,9,18,7.8,174.5,100700.0,2026-09-09 18:00:00,2026-09-09 18:00:00,1007.0
20260909,180000,70W,49,2026,9,9,18,7.2,174.20000000000002,100500.0,2026-09-09 18:00:00,2026-09-09 18:00:00,1005.0
20260909,180000,70W,49,2026,9,9,18,7.2,174.6,100600.0,2026-09-09 18:00:00,2026-09-09 18:00:00,1006.0
20260909,180000,70W,49,2026,9,9,18,7.7,174.70000000000002,100500.0,2026-09-09 18:00:00,2026-09-09 18:00:00,1005.0
20260909,180000,70W,50,2026,9,9,18,14.3,158.8,100800.0,2026-09-09 18:00:00,2026-09-09 18:00:00,1008.0
20260909,180000,70W,50,2026,9,9,18,11.3,158.20000000000002,100900.0,2026-09-09 18:00:00,2026-09-09 18:00:00,1009.0
20260909,180000,70W,50,2026,9,9,18,10.6,160.6,100600.0,2026-09-09 18:00:00,2026-09-09 18:00:00,1006.0
20260909,180000,70W,50,2026,9,9,18,14.200000000000001,162.20000000000002,100700.0,2026-09-09 18:00:00,2026-09-09 18:00:00,1007.0
20260909,180000,70W,50,2026,9,9,18,12.200000000000001,162.20000000000002,100600.0,2026-09-09 18:00:00,2026-09-09 18:00:00,1006.0
20260909,180000,70W,50,2026,9,9,18,12.6,161.9,100400.0,2026-09-09 18:00:00,2026-09-09 18:00:00,1004.0
20260909,180000,70W,50,2026,9,9,18,12.4,161.8,100600.0,2026-09-09 18:00:00,2026-09-09 18:00:00,1006.0
20260909,180000,70W,50,2026,9,9,18,12.4,162.0,100300.0,2026-09-09 18:00:00,2026-09-09 18:00:00,1003.0
20260909,180000,70W,50,2026,9,9,18,12.6,161.70000000000002,100600.0,2026-09-09 18:00:00,2026-09-09 18:00:00,1006.0
20260909,180000,70W,50,2026,9,9,18,12.6,158.5,100200.0,2026-09-09 18:00:00,2026-09-09 18:00:00,1002.0
20260909,180000,70W,50,2026,9,9,18,12.0,158.8,100100.0,2026-09-09 18:00:00,2026-09-09 18:00:00,1001.0
20260909,180000,70W,50,2026,9,9,18,11.6,158.20000000000002,99600.0,2026-09-09 18:00:00,2026-09-09 18:00:00,996.0
20260909,180000,70W,50,2026,9,9,18,11.9,157.20000000000002,99400.0,2026-09-09 18:00:00,2026-09-09 18:00:00,994.0
20260909,180000,70W,50,2026,9,9,18,13.1,156.9,98600.0,2026-09-09 18:00:00,2026-09-09 18:00:00,986.0
20260909,180000,70W,50,2026,9,9,18,13.5,156.0,98500.0,2026-09-09 18:00:00,2026-09-09 18:00:00,985.0
20260909,180000,70W,50,2026,9,9,18,14.0,156.0,97700.0,2026-09-09 18:00:00,2026-09-09 18:00:00,977.0
20260909,180000,70W,50,2026,9,9,18,14.700000000000001,155.5,97500.0,2026-09-09 18:00:00,2026-09-09 18:00:00,975.0
20260909,180000,70W,50,2026,9,9,18,15.6,154.8,97000.0,2026-09-09 18:00:00,2026-09-09 18:00:00,970.0
20260909,180000,70W,50,2026,9,9,18,16.4,154.20000000000002,96700.0,2026-09-09 18:00:00,2026-09-09 18:00:00,967.0
20260909,180000,70W,50,2026,9,9,18,17.3,153.5,96300.0,2026-09-09 18:00:00,2026-09-09 18:00:00,963.0
20260909,180000,70W,50,2026,9,9,18,18.5,152.70000000000002,96600.0,2026-09-09 18:00:00,2026-09-09 18:00:00,966.0
20260909,180000,70W,50,2026,9,9,18,19.400000000000002,151.5,96500.0,2026-09-09 18:00:00,2026-09-09 18:00:00,965.0
20260909,180000,70W,51,2026,9,9,18,6.4,174.1,100700.0,2026-09-09 18:00:00,2026-09-09 18:00:00,1007.0
20260909,180000,70W,51,2026,9,9,18,9.0,174.3,100800.0,2026-09-09 18:00:00,2026-09-09 18:00:00,1008.0
20260909,180000,70W,51,2026,9,9,18,7.5,174.6,100700.0,2026-09-09 18:00:00,2026-09-09 18:00:00,1007.0
20260909,180000,70W,51,2026,9,9,18,6.5,173.9,100500.0,2026-09-09 18:00:00,2026-09-09 18:00:00,1005.0
20260909,180000,70W,51,2026,9,9,18,6.7,174.8,100700.0,2026-09-09 18:00:00,2026-09-09 18:00:00,1007.0
20260909,180000,70W,51,2026,9,9,18,7.1000000000000005,174.9,100600.0,2026-09-09 18:00:00,2026-09-09 18:00:00,1006.0
20260909,180000,70W,51,2026,9,9,18,7.8,175.20000000000002,100500.0,2026-09-09 18:00:00,2026-09-09 18:00:00,1005.0
20260909,180000,70W,51,2026,9,9,18,8.1,175.0,100600.0,2026-09-09 18:00:00,2026-09-09 18:00:00,1006.0
20260909,180000,70W,51,2026,9,9,18,7.6000000000000005,173.9,100800.0,2026-09-09 18:00:00,2026-09-09 18:00:00,1008.0
20260909,180000,70W,51,2026,9,9,18,9.9,172.6,100700.0,2026-09-09 18:00:00,2026-09-09 18:00:00,1007.0
20260909,180000,71W,1,2026,9,9,18,7.8,174.0,100600.0,2026-09-09 18:00:00,2026-09-09 18:00:00,1006.0
20260909,180000,71W,1,2026,9,9,18,8.0,173.9,100400.0,2026-09-09 18:00:00,2026-09-09 18:00:00,1004.0
20260909,180000,71W,1,2026,9,9,18,6.7,174.8,100600.0,2026-09-09 18:00:00,2026-09-09 18:00:00,1006.0
20260909,180000,71W,1,2026,9,9,18,6.8,175.3,100500.0,2026-09-09 18:00:00,2026-09-09 18:00:00,1005.0
20260909,180000,71W,1,2026,9,9,18,7.1000000000000005,175.70000000000002,100600.0,2026-09-09 18:00:00,2026-09-09 18:00:00,1006.0
20260909,180000,71W,1,2026,9,9,18,6.6000000000000005,177.4,100600.0,2026-09-09 18:00:00,2026-09-09 18:00:00,1006.0
20260909,180000,71W,1,2026,9,9,18,6.5,178.0,100600.0,2026-09-09 18:00:00,2026-09-09 18:00:00,1006.0
20260909,180000,71W,1,2026,9,9,18,7.9,179.20000000000002,100500.0,2026-09-09 18:00:00,2026-09-09 18:00:00,1005.0
20260909,180000,71W,1,2026,9,9,18,7.4,179.70000000000002,100600.0,2026-09-09 18:00:00,2026-09-09 18:00:00,1006.0
20260909,180000,71W,2,2026,9,9,18,14.0,162.6,100700.0,2026-09-09 18:00:00,2026-09-09 18:00:00,1007.0
20260909,180000,71W,2,2026,9,9,18,13.3,160.3,100900.0,2026-09-09 18:00:00,2026-09-09 18:00:00,1009.0
20260909,180000,71W,2,2026,9,9,18,13.6,156.70000000000002,100600.0,2026-09-09 18:00:00,2026-09-09 18:00:00,1006.0
20260909,180000,71W,2,2026,9,9,18,13.4,156.9,100500.0,2026-09-09 18:00:00,2026-09-09 18:00:00,1005.0
20260909,180000,71W,2,2026,9,9,18,12.4,156.9,100800.0,2026-09-09 18:00:00,2026-09-09 18:00:00,1008.0
20260909,180000,71W,2,2026,9,9,18,13.200000000000001,156.4,100400.0,2026-09-09 18:00:00,2026-09-09 18:00:00,1004.0
20260909,180000,71W,2,2026,9,9,18,12.700000000000001,155.70000000000002,100700.0,2026-09-09 18:00:00,2026-09-09 18:00:00,1007.0
20260909,180000,71W,2,2026,9,9,18,12.8,154.6,100400.0,2026-09-09 18:00:00,2026-09-09 18:00:00,1004.0
20260909,180000,71W,2,2026,9,9,18,14.1,154.4,100700.0,2026-09-09 18:00:00,2026-09-09 18:00:00,1007.0
20260909,180000,71W,2,2026,9,9,18,13.5,153.3,100500.0,2026-09-09 18:00:00,2026-09-09 18:00:00,1005.0
20260909,180000,71W,3,2026,9,9,18,11.0,155.3,100600.0,2026-09-09 18:00:00,2026-09-09 18:00:00,1006.0
20260909,180000,71W,3,2026,9,9,18,10.1,158.0,100700.0,2026-09-09 18:00:00,2026-09-09 18:00:00,1007.0
20260909,180000,71W,3,2026,9,9,18,10.4,159.3,100200.0,2026-09-09 18:00:00,2026-09-09 18:00:00,1002.0
20260909,180000,71W,3,2026,9,9,18,10.200000000000001,160.9,100100.0,2026-09-09 18:00:00,2026-09-09 18:00:00,1001.0
20260909,180000,71W,3,2026,9,9,18,11.0,159.6,99500.0,2026-09-09 18:00:00,2026-09-09 18:00:00,995.0
20260909,180000,71W,3,2026,9,9,18,10.700000000000001,160.1,99300.0,2026-09-09 18:00:00,2026-09-09 18:00:00,993.0
20260909,180000,71W,3,2026,9,9,18,10.700000000000001,159.6,99000.0,2026-09-09 18:00:00,2026-09-09 18:00:00,990.0
20260909,180000,71W,3,2026,9,9,18,11.1,158.8,99200.0,2026-09-09 18:00:00,2026-09-09 18:00:00,992.0
20260909,180000,71W,3,2026,9,9,18,11.9,159.1,98600.0,2026-09-09 18:00:00,2026-09-09 18:00:00,986.0
20260909,180000,71W,3,2026,9,9,18,12.4,157.9,98300.0,2026-09-09 18:00:00,2026-09-09 18:00:00,983.0
20260909,180000,71W,3,2026,9,9,18,12.700000000000001,157.6,97800.0,2026-09-09 18:00:00,2026-09-09 18:00:00,978.0
20260909,180000,71W,3,2026,9,9,18,13.1,156.70000000000002,96500.0,2026-09-09 18:00:00,2026-09-09 18:00:00,965.0
20260909,180000,71W,3,2026,9,9,18,13.4,156.1,96200.0,2026-09-09 18:00:00,2026-09-09 18:00:00,962.0
20260909,180000,71W,3,2026,9,9,18,14.1,155.6,96600.0,2026-09-09 18:00:00,2026-09-09 18:00:00,966.0
20260909,180000,71W,3,2026,9,9,18,14.700000000000001,154.9,96400.0,2026-09-09 18:00:00,2026-09-09 18:00:00,964.0
20260909,180000,71W,3,2026,9,9,18,15.700000000000001,154.1,96100.0,2026-09-09 18:00:00,2026-09-09 18:00:00,961.0
20260909,180000,71W,3,2026,9,9,18,16.5,153.0,94800.0,2026-09-09 18:00:00,2026-09-09 18:00:00,948.0
20260909,180000,71W,3,2026,9,9,18,17.3,152.0,93400.0,2026-09-09 18:00:00,2026-09-09 18:00:00,934.0
20260909,180000,71W,3,2026,9,9,18,18.6,150.9,92200.0,2026-09-09 18:00:00,2026-09-09 18:00:00,922.0
20260909,180000,71W,3,2026,9,9,18,19.400000000000002,149.6,92100.0,2026-09-09 18:00:00,2026-09-09 18:00:00,921.0
20260909,180000,71W,3,2026,9,9,18,20.1,148.1,92000.0,2026-09-09 18:00:00,2026-09-09 18:00:00,920.0
20260909,180000,71W,4,2026,9,9,18,14.200000000000001,101.10000000000001,100800.0,2026-09-09 18:00:00,2026-09-09 18:00:00,1008.0
20260909,180000,71W,4,2026,9,9,18,12.4,101.4,100900.0,2026-09-09 18:00:00,2026-09-09 18:00:00,1009.0
20260909,180000,71W,4,2026,9,9,18,10.5,104.2,100800.0,2026-09-09 18:00:00,2026-09-09 18:00:00,1008.0
20260909,180000,71W,4,2026,9,9,18,10.5,104.2,100700.0,2026-09-09 18:00:00,2026-09-09 18:00:00,1007.0
20260909,180000,71W,4,2026,9,9,18,11.5,104.5,100700.0,2026-09-09 18:00:00,2026-09-09 18:00:00,1007.0
20260909,180000,71W,4,2026,9,9,18,10.9,103.5,100800.0,2026-09-09 18:00:00,2026-09-09 18:00:00,1008.0
20260909,180000,71W,4,2026,9,9,18,12.4,104.5,100500.0,2026-09-09 18:00:00,2026-09-09 18:00:00,1005.0
20260909,180000,71W,4,2026,9,9,18,12.6,104.2,100700.0,2026-09-09 18:00:00,2026-09-09 18:00:00,1007.0
20260909,180000,71W,4,2026,9,9,18,11.6,102.0,100700.0,2026-09-09 18:00:00,2026-09-09 18:00:00,1007.0
20260909,180000,71W,4,2026,9,9,18,13.0,102.4,100600.0,2026-09-09 18:00:00,2026-09-09 18:00:00,1006.0
20260909,180000,71W,4,2026,9,9,18,14.200000000000001,101.10000000000001,100700.0,2026-09-09 18:00:00,2026-09-09 18:00:00,1007.0
20260909,180000,71W,4,2026,9,9,18,13.6,102.8,100500.0,2026-09-09 18:00:00,2026-09-09 18:00:00,1005.0
20260909,180000,71W,4,2026,9,9,18,15.200000000000001,101.10000000000001,100800.0,2026-09-09 18:00:00,2026-09-09 18:00:00,1008.0
20260909,180000,71W,5,2026,9,9,18,11.0,142.8,101000.0,2026-09-09 18:00:00,2026-09-09 18:00:00,1010.0
20260909,180000,71W,6,2026,9,9,18,12.8,103.9,100900.0,2026-09-09 18:00:00,2026-09-09 18:00:00,1009.0
20260909,180000,71W,6,2026,9,9,18,11.1,106.3,100900.0,2026-09-09 18:00:00,2026-09-09 18:00:00,1009.0
20260909,180000,71W,6,2026,9,9,18,12.1,105.5,100700.0,2026-09-09 18:00:00,2026-09-09 18:00:00,1007.0
20260909,180000,71W,6,2026,9,9,18,13.700000000000001,103.8,100700.0,2026-09-09 18:00:00,2026-09-09 18:00:00,1007.0
20260909,180000,71W,6,2026,9,9,18,11.1,103.0,100700.0,2026-09-09 18:00:00,2026-09-09 18:00:00,1007.0
20260909,180000,71W,6,2026,9,9,18,11.0,103.10000000000001,100600.0,2026-09-09 18:00:00,2026-09-09 18:00:00,1006.0
20260909,180000,71W,6,2026,9,9,18,12.5,103.5,100600.0,2026-09-09 18:00:00,2026-09-09 18:00:00,1006.0
20260909,180000,71W,6,2026,9,9,18,12.6,104.2,100700.0,2026-09-09 18:00:00,2026-09-09 18:00:00,1007.0
20260909,180000,71W,6,2026,9,9,18,12.4,103.7,100600.0,2026-09-09 18:00:00,2026-09-09 18:00:00,1006.0
20260909,180000,71W,6,2026,9,9,18,13.0,103.2,100400.0,2026-09-09 18:00:00,2026-09-09 18:00:00,1004.0
20260909,180000,71W,6,2026,9,9,18,12.9,101.9,99700.0,2026-09-09 18:00:00,2026-09-09 18:00:00,997.0
20260909,180000,71W,6,2026,9,9,18,12.6,101.5,100300.0,2026-09-09 18:00:00,2026-09-09 18:00:00,1003.0
20260909,180000,71W,6,2026,9,9,18,12.9,101.4,100200.0,2026-09-09 18:00:00,2026-09-09 18:00:00,1002.0
20260909,180000,71W,6,2026,9,9,18,13.700000000000001,101.4,100200.0,2026-09-09 18:00:00,2026-09-09 18:00:00,1002.0
20260909,180000,71W,6,2026,9,9,18,14.9,101.10000000000001,100200.0,2026-09-09 18:00:00,2026-09-09 18:00:00,1002.0
20260909,180000,71W,6,2026,9,9,18,15.0,101.10000000000001,100300.0,2026-09-09 18:00:00,2026-09-09 18:00:00,1003.0
20260909,180000,71W,6,2026,9,9,18,15.700000000000001,100.2,100400.0,2026-09-09 18:00:00,2026-09-09 18:00:00,1004.0
20260909,180000,71W,6,2026,9,9,18,16.1,100.0,100400.0,2026-09-09 18:00:00,2026-09-09 18:00:00,1004.0
20260909,180000,71W,6,2026,9,9,18,15.6,100.4,100300.0,2026-09-09 18:00:00,2026-09-09 18:00:00,1003.0
20260909,180000,71W,6,2026,9,9,18,16.7,99.9,100400.0,2026-09-09 18:00:00,2026-09-09 18:00:00,1004.0
20260909,180000,71W,7,2026,9,9,18,8.8,149.5,100800.0,2026-09-09 18:00:00,2026-09-09 18:00:00,1008.0
20260909,180000,71W,7,2026,9,9,18,9.4,151.20000000000002,100500.0,2026-09-09 18:00:00,2026-09-09 18:00:00,1005.0
20260909,180000,71W,7,2026,9,9,18,10.200000000000001,152.0,100600.0,2026-09-09 18:00:00,2026-09-09 18:00:00,1006.0
20260909,180000,71W,7,2026,9,9,18,11.0,152.8,100100.0,2026-09-09 18:00:00,2026-09-09 18:00:00,1001.0
20260909,180000,71W,7,2026,9,9,18,11.4,153.4,100300.0,2026-09-09 18:00:00,2026-09-09 18:00:00,1003.0
20260909,180000,71W,7,2026,9,9,18,11.700000000000001,154.6,100000.0,2026-09-09 18:00:00,2026-09-09 18:00:00,1000.0
20260909,180000,71W,7,2026,9,9,18,12.1,155.3,100200.0,2026-09-09 18:00:00,2026-09-09 18:00:00,1002.0
20260909,180000,71W,7,2026,9,9,18,12.6,155.70000000000002,99900.0,2026-09-09 18:00:00,2026-09-09 18:00:00,999.0
20260909,180000,71W,7,2026,9,9,18,13.0,155.6,99900.0,2026-09-09 18:00:00,2026-09-09 18:00:00,999.0
20260909,180000,71W,7,2026,9,9,18,13.5,155.4,99500.0,2026-09-09 18:00:00,2026-09-09 18:00:00,995.0
20260909,180000,71W,7,2026,9,9,18,13.6,154.9,99700.0,2026-09-09 18:00:00,2026-09-09 18:00:00,997.0
20260909,180000,71W,7,2026,9,9,18,13.6,154.4,99400.0,2026-09-09 18:00:00,2026-09-09 18:00:00,994.0
20260909,180000,71W,7,2026,9,9,18,13.6,153.70000000000002,99400.0,2026-09-09 18:00:00,2026-09-09 18:00:00,994.0
20260909,180000,71W,7,2026,9,9,18,13.6,153.1,99300.0,2026-09-09 18:00:00,2026-09-09 18:00:00,993.0
20260909,180000,71W,7,2026,9,9,18,13.8,152.6,99500.0,2026-09-09 18:00:00,2026-09-09 18:00:00,995.0
20260909,180000,71W,7,2026,9,9,18,14.0,152.0,99300.0,2026-09-09 18:00:00,2026-09-09 18:00:00,993.0
20260909,180000,71W,7,2026,9,9,18,14.5,151.5,99600.0,2026-09-09 18:00:00,2026-09-09 18:00:00,996.0
20260909,180000,71W,7,2026,9,9,18,15.0,151.1,99400.0,2026-09-09 18:00:00,2026-09-09 18:00:00,994.0
20260909,180000,71W,7,2026,9,9,18,15.4,150.3,99600.0,2026-09-09 18:00:00,2026-09-09 18:00:00,996.0
20260909,180000,71W,7,2026,9,9,18,15.9,149.6,99400.0,2026-09-09 18:00:00,2026-09-09 18:00:00,994.0
20260909,180000,71W,7,2026,9,9,18,16.2,148.70000000000002,99600.0,2026-09-09 18:00:00,2026-09-09 18:00:00,996.0
20260909,180000,71W,7,2026,9,9,18,16.8,148.20000000000002,99300.0,2026-09-09 18:00:00,2026-09-09 18:00:00,993.0
20260909,180000,71W,7,2026,9,9,18,17.2,147.1,99400.0,2026-09-09 18:00:00,2026-09-09 18:00:00,994.0
20260909,180000,71W,7,2026,9,9,18,17.2,146.5,99100.0,2026-09-09 18:00:00,2026-09-09 18:00:00,991.0
20260909,180000,71W,8,2026,9,9,18,26.0,132.5,100800.0,2026-09-09 18:00:00,2026-09-09 18:00:00,1008.0
20260909,180000,71W,8,2026,9,9,18,27.7,132.2,100900.0,2026-09-09 18:00:00,2026-09-09 18:00:00,1009.0
20260909,180000,71W,8,2026,9,9,18,30.900000000000002,132.3,101100.0,2026-09-09 18:00:00,2026-09-09 18:00:00,1011.0
20260909,180000,71W,8,2026,9,9,18,32.3,133.7,101300.0,2026-09-09 18:00:00,2026-09-09 18:00:00,1013.0
20260909,180000,71W,9,2026,9,9,18,14.0,101.8,101000.0,2026-09-09 18:00:00,2026-09-09 18:00:00,1010.0
20260909,180000,71W,9,2026,9,9,18,11.0,100.4,100900.0,2026-09-09 18:00:00,2026-09-09 18:00:00,1009.0
20260909,180000,71W,9,2026,9,9,18,12.200000000000001,100.8,100900.0,2026-09-09 18:00:00,2026-09-09 18:00:00,1009.0
20260909,180000,71W,9,2026,9,9,18,11.5,100.60000000000001,100800.0,2026-09-09 18:00:00,2026-09-09 18:00:00,1008.0
20260909,180000,71W,9,2026,9,9,18,11.700000000000001,100.4,100800.0,2026-09-09 18:00:00,2026-09-09 18:00:00,1008.0
20260909,180000,71W,9,2026,9,9,18,11.3,99.7,100900.0,2026-09-09 18:00:00,2026-09-09 18:00:00,1009.0
20260909,180000,71W,9,2026,9,9,18,13.4,98.2,101000.0,2026-09-09 18:00:00,2026-09-09 18:00:00,1010.0
20260909,180000,71W,9,2026,9,9,18,10.6,97.8,100800.0,2026-09-09 18:00:00,2026-09-09 18:00:00,1008.0
20260909,180000,71W,9,2026,9,9,18,10.1,97.7,100800.0,2026-09-09 18:00:00,2026-09-09 18:00:00,1008.0
20260909,180000,71W,10,2026,9,9,18,14.200000000000001,163.1,100600.0,2026-09-09 18:00:00,2026-09-09 18:00:00,1006.0
20260909,180000,71W,10,2026,9,9,18,14.5,160.5,100700.0,2026-09-09 18:00:00,2026-09-09 18:00:00,1007.0
20260909,180000,71W,10,2026,9,9,18,12.9,158.6,100500.0,2026-09-09 18:00:00,2026-09-09 18:00:00,1005.0
20260909,180000,71W,10,2026,9,9,18,10.700000000000001,155.6,100800.0,2026-09-09 18:00:00,2026-09-09 18:00:00,1008.0
20260909,180000,71W,11,2026,9,9,18,10.1,171.70000000000002,100700.0,2026-09-09 18:00:00,2026-09-09 18:00:00,1007.0
20260909,180000,71W,11,2026,9,9,18,10.5,170.9,100500.0,2026-09-09 18:00:00,2026-09-09 18:00:00,1005.0
20260909,180000,71W,11,2026,9,9,18,9.700000000000001,171.20000000000002,100600.0,2026-09-09 18:00:00,2026-09-09 18:00:00,1006.0
20260909,180000,71W,11,2026,9,9,18,9.8,171.0,100200.0,2026-09-09 18:00:00,2026-09-09 18:00:00,1002.0
20260909,180000,71W,11,2026,9,9,18,9.4,171.0,100000.0,2026-09-09 18:00:00,2026-09-09 18:00:00,1000.0
20260909,180000,71W,11,2026,9,9,18,9.5,171.4,100000.0,2026-09-09 18:00:00,2026-09-09 18:00:00,1000.0
20260909,180000,71W,11,2026,9,9,18,10.200000000000001,172.3,99900.0,2026-09-09 18:00:00,2026-09-09 18:00:00,999.0
20260909,180000,71W,11,2026,9,9,18,11.0,172.6,99800.0,2026-09-09 18:00:00,2026-09-09 18:00:00,998.0
20260909,180000,71W,11,2026,9,9,18,11.4,173.1,99800.0,2026-09-09 18:00:00,2026-09-09 18:00:00,998.0
20260909,180000,71W,11,2026,9,9,18,12.8,172.9,99700.0,2026-09-09 18:00:00,2026-09-09 18:00:00,997.0
20260909,180000,71W,11,2026,9,9,18,13.6,171.8,99500.0,2026-09-09 18:00:00,2026-09-09 18:00:00,995.0
20260909,180000,71W,11,2026,9,9,18,15.0,171.9,99600.0,2026-09-09 18:00:00,2026-09-09 18:00:00,996.0
20260909,180000,71W,11,2026,9,9,18,15.9,170.70000000000002,99700.0,2026-09-09 18:00:00,2026-09-09 18:00:00,997.0
20260909,180000,71W,11,2026,9,9,18,16.8,170.0,99400.0,2026-09-09 18:00:00,2026-09-09 18:00:00,994.0
20260909,180000,71W,11,2026,9,9,18,18.3,170.0,99200.0,2026-09-09 18:00:00,2026-09-09 18:00:00,992.0
20260909,180000,71W,11,2026,9,9,18,19.2,170.0,98800.0,2026-09-09 18:00:00,2026-09-09 18:00:00,988.0
20260909,180000,71W,11,2026,9,9,18,20.1,169.8,97800.0,2026-09-09 18:00:00,2026-09-09 18:00:00,978.0
20260909,180000,71W,11,2026,9,9,18,20.8,169.8,96800.0,2026-09-09 18:00:00,2026-09-09 18:00:00,968.0
20260909,180000,71W,11,2026,9,9,18,21.2,169.8,96200.0,2026-09-09 18:00:00,2026-09-09 18:00:00,962.0
20260909,180000,71W,11,2026,9,9,18,21.6,170.0,96100.0,2026-09-09 18:00:00,2026-09-09 18:00:00,961.0
20260909,180000,71W,11,2026,9,9,18,21.8,170.20000000000002,95900.0,2026-09-09 18:00:00,2026-09-09 18:00:00,959.0
20260909,180000,71W,11,2026,9,9,18,21.900000000000002,170.3,95400.0,2026-09-09 18:00:00,2026-09-09 18:00:00,954.0
20260909,180000,71W,12,2026,9,9,18,11.3,148.4,100800.0,2026-09-09 18:00:00,2026-09-09 18:00:00,1008.0
20260909,180000,71W,12,2026,9,9,18,13.6,143.8,100400.0,2026-09-09 18:00:00,2026-09-09 18:00:00,1004.0
20260909,180000,71W,12,2026,9,9,18,13.700000000000001,141.8,100700.0,2026-09-09 18:00:00,2026-09-09 18:00:00,1007.0
20260909,180000,71W,12,2026,9,9,18,13.8,141.6,100400.0,2026-09-09 18:00:00,2026-09-09 18:00:00,1004.0
20260909,180000,71W,12,2026,9,9,18,14.9,140.6,100800.0,2026-09-09 18:00:00,2026-09-09 18:00:00,1008.0
20260909,180000,71W,12,2026,9,9,18,14.1,139.4,100600.0,2026-09-09 18:00:00,2026-09-09 18:00:00,1006.0
20260909,180000,71W,12,2026,9,9,18,13.0,136.5,100700.0,2026-09-09 18:00:00,2026-09-09 18:00:00,1007.0
20260909,180000,71W,13,2026,9,9,18,8.5,174.1,100500.0,2026-09-09 18:00:00,2026-09-09 18:00:00,1005.0
20260909,180000,71W,13,2026,9,9,18,7.4,173.8,100700.0,2026-09-09 18:00:00,2026-09-09 18:00:00,1007.0
20260909,180000,71W,13,2026,9,9,18,6.1000000000000005,170.5,100600.0,2026-09-09 18:00:00,2026-09-09 18:00:00,1006.0
20260909,180000,71W,13,2026,9,9,18,5.7,172.70000000000002,100500.0,2026-09-09 18:00:00,2026-09-09 18:00:00,1005.0
20260909,180000,71W,13,2026,9,9,18,6.1000000000000005,173.6,100600.0,2026-09-09 18:00:00,2026-09-09 18:00:00,1006.0
20260909,180000,71W,13,2026,9,9,18,6.4,172.0,100500.0,2026-09-09 18:00:00,2026-09-09 18:00:00,1005.0
20260909,180000,71W,13,2026,9,9,18,7.6000000000000005,173.1,100600.0,2026-09-09 18:00:00,2026-09-09 18:00:00,1006.0
20260909,180000,71W,13,2026,9,9,18,6.6000000000000005,171.70000000000002,100600.0,2026-09-09 18:00:00,2026-09-09 18:00:00,1006.0
20260909,180000,71W,13,2026,9,9,18,8.5,172.0,100500.0,2026-09-09 18:00:00,2026-09-09 18:00:00,1005.0
20260909,180000,71W,13,2026,9,9,18,9.8,173.3,100500.0,2026-09-09 18:00:00,2026-09-09 18:00:00,1005.0
20260909,180000,71W,13,2026,9,9,18,10.5,174.0,100400.0,2026-09-09 18:00:00,2026-09-09 18:00:00,1004.0
20260909,180000,71W,13,2026,9,9,18,10.5,174.0,100600.0,2026-09-09 18:00:00,2026-09-09 18:00:00,1006.0
20260909,180000,71W,13,2026,9,9,18,11.9,174.0,100500.0,2026-09-09 18:00:00,2026-09-09 18:00:00,1005.0
20260909,180000,71W,13,2026,9,9,18,12.700000000000001,173.70000000000002,100600.0,2026-09-09 18:00:00,2026-09-09 18:00:00,1006.0
20260909,180000,71W,13,2026,9,9,18,11.700000000000001,174.0,100500.0,2026-09-09 18:00:00,2026-09-09 18:00:00,1005.0
20260909,180000,71W,13,2026,9,9,18,13.700000000000001,173.20000000000002,100600.0,2026-09-09 18:00:00,2026-09-09 18:00:00,1006.0
20260909,180000,71W,14,2026,9,9,18,8.0,174.6,100600.0,2026-09-09 18:00:00,2026-09-09 18:00:00,1006.0
20260909,180000,71W,14,2026,9,9,18,6.6000000000000005,173.9,100700.0,2026-09-09 18:00:00,2026-09-09 18:00:00,1007.0
20260909,180000,71W,14,2026,9,9,18,7.6000000000000005,174.5,100600.0,2026-09-09 18:00:00,2026-09-09 18:00:00,1006.0
20260909,180000,71W,14,2026,9,9,18,7.9,173.8,100600.0,2026-09-09 18:00:00,2026-09-09 18:00:00,1006.0
20260909,180000,71W,14,2026,9,9,18,8.6,176.4,100500.0,2026-09-09 18:00:00,2026-09-09 18:00:00,1005.0
20260909,180000,71W,14,2026,9,9,18,10.1,176.5,100600.0,2026-09-09 18:00:00,2026-09-09 18:00:00,1006.0
20260909,180000,71W,14,2026,9,9,18,11.200000000000001,175.5,100600.0,2026-09-09 18:00:00,2026-09-09 18:00:00,1006.0
20260909,180000,71W,14,2026,9,9,18,12.8,173.9,100600.0,2026-09-09 18:00:00,2026-09-09 18:00:00,1006.0
20260909,180000,71W,14,2026,9,9,18,14.0,169.8,100500.0,2026-09-09 18:00:00,2026-09-09 18:00:00,1005.0
20260909,180000,71W,14,2026,9,9,18,11.9,165.70000000000002,100600.0,2026-09-09 18:00:00,2026-09-09 18:00:00,1006.0
20260909,180000,71W,14,2026,9,9,18,14.1,164.8,100600.0,2026-09-09 18:00:00,2026-09-09 18:00:00,1006.0
20260909,180000,71W,14,2026,9,9,18,14.3,163.4,100400.0,2026-09-09 18:00:00,2026-09-09 18:00:00,1004.0
20260909,180000,71W,14,2026,9,9,18,15.3,164.1,100400.0,2026-09-09 18:00:00,2026-09-09 18:00:00,1004.0
20260909,180000,71W,14,2026,9,9,18,16.2,163.5,100200.0,2026-09-09 18:00:00,2026-09-09 18:00:00,1002.0
20260909,180000,71W,15,2026,9,9,18,9.4,152.6,100800.0,2026-09-09 18:00:00,2026-09-09 18:00:00,1008.0
20260909,180000,71W,15,2026,9,9,18,10.0,153.70000000000002,100600.0,2026-09-09 18:00:00,2026-09-09 18:00:00,1006.0
20260909,180000,71W,15,2026,9,9,18,10.0,154.8,100700.0,2026-09-09 18:00:00,2026-09-09 18:00:00,1007.0
20260909,180000,71W,15,2026,9,9,18,11.9,155.8,100500.0,2026-09-09 18:00:00,2026-09-09 18:00:00,1005.0
20260909,180000,71W,15,2026,9,9,18,11.0,157.9,100700.0,2026-09-09 18:00:00,2026-09-09 18:00:00,1007.0
20260909,180000,71W,15,2026,9,9,18,10.200000000000001,159.1,100500.0,2026-09-09 18:00:00,2026-09-09 18:00:00,1005.0
20260909,180000,71W,15,2026,9,9,18,10.5,160.5,100700.0,2026-09-09 18:00:00,2026-09-09 18:00:00,1007.0
20260909,180000,71W,15,2026,9,9,18,10.700000000000001,161.9,100400.0,2026-09-09 18:00:00,2026-09-09 18:00:00,1004.0
20260909,180000,71W,15,2026,9,9,18,11.200000000000001,162.1,100600.0,2026-09-09 18:00:00,2026-09-09 18:00:00,1006.0
20260909,180000,71W,15,2026,9,9,18,11.9,161.8,100400.0,2026-09-09 18:00:00,2026-09-09 18:00:00,1004.0
20260909,180000,71W,15,2026,9,9,18,12.4,160.3,100200.0,2026-09-09 18:00:00,2026-09-09 18:00:00,1002.0
20260909,180000,71W,15,2026,9,9,18,13.0,159.0,99700.0,2026-09-09 18:00:00,2026-09-09 18:00:00,997.0
20260909,180000,71W,15,2026,9,9,18,13.6,158.20000000000002,99600.0,2026-09-09 18:00:00,2026-09-09 18:00:00,996.0
20260909,180000,71W,15,2026,9,9,18,14.1,156.9,98900.0,2026-09-09 18:00:00,2026-09-09 18:00:00,989.0
20260909,180000,71W,15,2026,9,9,18,15.0,155.70000000000002,98700.0,2026-09-09 18:00:00,2026-09-09 18:00:00,987.0
20260909,180000,71W,15,2026,9,9,18,15.700000000000001,154.6,97900.0,2026-09-09 18:00:00,2026-09-09 18:00:00,979.0
20260909,180000,71W,15,2026,9,9,18,16.6,153.4,98000.0,2026-09-09 18:00:00,2026-09-09 18:00:00,980.0
20260909,180000,71W,15,2026,9,9,18,17.400000000000002,152.1,97300.0,2026-09-09 18:00:00,2026-09-09 18:00:00,973.0
20260909,180000,71W,15,2026,9,9,18,18.400000000000002,150.8,97200.0,2026-09-09 18:00:00,2026-09-09 18:00:00,972.0
20260909,180000,71W,15,2026,9,9,18,19.0,149.3,96400.0,2026-09-09 18:00:00,2026-09-09 18:00:00,964.0
20260909,180000,71W,15,2026,9,9,18,19.6,147.9,95500.0,2026-09-09 18:00:00,2026-09-09 18:00:00,955.0
20260909,180000,71W,15,2026,9,9,18,20.400000000000002,146.70000000000002,94300.0,2026-09-09 18:00:00,2026-09-09 18:00:00,943.0
20260909,180000,71W,16,2026,9,9,18,12.1,158.70000000000002,100600.0,2026-09-09 18:00:00,2026-09-09 18:00:00,1006.0
20260909,180000,71W,17,2026,9,9,18,10.6,154.6,100700.0,2026-09-09 18:00:00,2026-09-09 18:00:00,1007.0
20260909,180000,71W,17,2026,9,9,18,10.4,157.5,100600.0,2026-09-09 18:00:00,2026-09-09 18:00:00,1006.0
20260909,180000,71W,17,2026,9,9,18,10.0,159.70000000000002,100700.0,2026-09-09 18:00:00,2026-09-09 18:00:00,1007.0
20260909,180000,71W,17,2026,9,9,18,11.200000000000001,160.4,100800.0,2026-09-09 18:00:00,2026-09-09 18:00:00,1008.0
20260909,180000,71W,17,2026,9,9,18,11.200000000000001,160.20000000000002,100600.0,2026-09-09 18:00:00,2026-09-09 18:00:00,1006.0
20260909,180000,71W,17,2026,9,9,18,11.700000000000001,159.5,100900.0,2026-09-09 18:00:00,2026-09-09 18:00:00,1009.0
20260909,180000,71W,17,2026,9,9,18,11.200000000000001,157.9,100800.0,2026-09-09 18:00:00,2026-09-09 18:00:00,1008.0
20260909,180000,71W,17,2026,9,9,18,10.700000000000001,157.0,100500.0,2026-09-09 18:00:00,2026-09-09 18:00:00,1005.0
20260909,180000,71W,17,2026,9,9,18,11.1,158.8,100800.0,2026-09-09 18:00:00,2026-09-09 18:00:00,1008.0
20260909,180000,71W,17,2026,9,9,18,11.6,157.20000000000002,100600.0,2026-09-09 18:00:00,2026-09-09 18:00:00,1006.0
20260909,180000,71W,17,2026,9,9,18,12.4,154.4,100800.0,2026-09-09 18:00:00,2026-09-09 18:00:00,1008.0
20260909,180000,71W,17,2026,9,9,18,12.0,153.4,100500.0,2026-09-09 18:00:00,2026-09-09 18:00:00,1005.0
20260909,180000,71W,17,2026,9,9,18,13.0,153.0,100700.0,2026-09-09 18:00:00,2026-09-09 18:00:00,1007.0
20260909,180000,71W,17,2026,9,9,18,11.9,152.20000000000002,100400.0,2026-09-09 18:00:00,2026-09-09 18:00:00,1004.0
20260909,180000,71W,17,2026,9,9,18,12.4,152.20000000000002,100700.0,2026-09-09 18:00:00,2026-09-09 18:00:00,1007.0
20260909,180000,71W,17,2026,9,9,18,13.4,153.9,100400.0,2026-09-09 18:00:00,2026-09-09 18:00:00,1004.0
20260909,180000,71W,18,2026,9,9,18,11.4,108.9,100600.0,2026-09-09 18:00:00,2026-09-09 18:00:00,1006.0
20260909,180000,71W,18,2026,9,9,18,12.6,110.60000000000001,100800.0,2026-09-09 18:00:00,2026-09-09 18:00:00,1008.0
20260909,180000,71W,18,2026,9,9,18,12.8,110.7,100700.0,2026-09-09 18:00:00,2026-09-09 18:00:00,1007.0
20260909,180000,71W,18,2026,9,9,18,15.0,110.8,100600.0,2026-09-09 18:00:00,2026-09-09 18:00:00,1006.0
20260909,180000,71W,18,2026,9,9,18,16.2,108.7,100700.0,2026-09-09 18:00:00,2026-09-09 18:00:00,1007.0
20260909,180000,71W,18,2026,9,9,18,16.6,108.2,100600.0,2026-09-09 18:00:00,2026-09-09 18:00:00,1006.0
20260909,180000,71W,18,2026,9,9,18,16.0,105.3,100700.0,2026-09-09 18:00:00,2026-09-09 18:00:00,1007.0
20260909,180000,71W,18,2026,9,9,18,14.0,101.2,100700.0,2026-09-09 18:00:00,2026-09-09 18:00:00,1007.0
20260909,180000,71W,19,2026,9,9,18,6.7,173.1,100500.0,2026-09-09 18:00:00,2026-09-09 18:00:00,1005.0
20260909,180000,71W,19,2026,9,9,18,7.1000000000000005,173.9,100700.0,2026-09-09 18:00:00,2026-09-09 18:00:00,1007.0
20260909,180000,71W,19,2026,9,9,18,6.6000000000000005,174.70000000000002,100600.0,2026-09-09 18:00:00,2026-09-09 18:00:00,1006.0
20260909,180000,71W,19,2026,9,9,18,7.2,175.8,100700.0,2026-09-09 18:00:00,2026-09-09 18:00:00,1007.0
20260909,180000,71W,19,2026,9,9,18,6.2,174.9,100600.0,2026-09-09 18:00:00,2026-09-09 18:00:00,1006.0
20260909,180000,71W,19,2026,9,9,18,7.2,175.70000000000002,100800.0,2026-09-09 18:00:00,2026-09-09 18:00:00,1008.0
20260909,180000,71W,19,2026,9,9,18,6.3,175.20000000000002,100600.0,2026-09-09 18:00:00,2026-09-09 18:00:00,1006.0
20260909,180000,71W,19,2026,9,9,18,7.2,176.6,100700.0,2026-09-09 18:00:00,2026-09-09 18:00:00,1007.0
20260909,180000,71W,19,2026,9,9,18,7.1000000000000005,176.4,100500.0,2026-09-09 18:00:00,2026-09-09 18:00:00,1005.0
20260909,180000,71W,19,2026,9,9,18,6.9,175.9,100700.0,2026-09-09 18:00:00,2026-09-09 18:00:00,1007.0
20260909,180000,71W,19,2026,9,9,18,7.2,177.8,100700.0,2026-09-09 18:00:00,2026-09-09 18:00:00,1007.0
20260909,180000,71W,19,2026,9,9,18,6.7,176.4,100600.0,2026-09-09 18:00:00,2026-09-09 18:00:00,1006.0
20260909,180000,71W,19,2026,9,9,18,8.6,176.6,100700.0,2026-09-09 18:00:00,2026-09-09 18:00:00,1007.0
20260909,180000,71W,19,2026,9,9,18,7.4,176.3,100600.0,2026-09-09 18:00:00,2026-09-09 18:00:00,1006.0
20260909,180000,71W,19,2026,9,9,18,7.6000000000000005,176.6,100800.0,2026-09-09 18:00:00,2026-09-09 18:00:00,1008.0
20260909,180000,71W,19,2026,9,9,18,8.5,176.4,100600.0,2026-09-09 18:00:00,2026-09-09 18:00:00,1006.0
20260909,180000,71W,19,2026,9,9,18,9.200000000000001,176.1,100700.0,2026-09-09 18:00:00,2026-09-09 18:00:00,1007.0
20260909,180000,71W,19,2026,9,9,18,9.5,175.70000000000002,100600.0,2026-09-09 18:00:00,2026-09-09 18:00:00,1006.0
20260909,180000,71W,19,2026,9,9,18,11.1,175.6,100700.0,2026-09-09 18:00:00,2026-09-09 18:00:00,1007.0
20260909,180000,71W,19,2026,9,9,18,10.5,174.70000000000002,100600.0,2026-09-09 18:00:00,2026-09-09 18:00:00,1006.0
20260909,180000,71W,19,2026,9,9,18,10.8,172.8,100700.0,2026-09-09 18:00:00,2026-09-09 18:00:00,1007.0
20260909,180000,71W,20,2026,9,9,18,14.0,112.4,100700.0,2026-09-09 18:00:00,2026-09-09 18:00:00,1007.0
20260909,180000,71W,20,2026,9,9,18,14.0,114.2,100700.0,2026-09-09 18:00:00,2026-09-09 18:00:00,1007.0
20260909,180000,71W,20,2026,9,9,18,14.6,114.60000000000001,100700.0,2026-09-09 18:00:00,2026-09-09 18:00:00,1007.0
20260909,180000,71W,20,2026,9,9,18,14.9,114.5,100800.0,2026-09-09 18:00:00,2026-09-09 18:00:00,1008.0
20260909,180000,71W,20,2026,9,9,18,15.4,113.8,100700.0,2026-09-09 18:00:00,2026-09-09 18:00:00,1007.0
20260909,180000,71W,20,2026,9,9,18,15.700000000000001,113.0,100700.0,2026-09-09 18:00:00,2026-09-09 18:00:00,1007.0
20260909,180000,71W,20,2026,9,9,18,17.5,115.3,100800.0,2026-09-09 18:00:00,2026-09-09 18:00:00,1008.0
20260909,180000,71W,20,2026,9,9,18,17.7,115.0,100600.0,2026-09-09 18:00:00,2026-09-09 18:00:00,1006.0
20260909,180000,71W,20,2026,9,9,18,17.8,114.10000000000001,100700.0,2026-09-09 18:00:00,2026-09-09 18:00:00,1007.0
20260909,180000,71W,20,2026,9,9,18,18.1,113.10000000000001,100600.0,2026-09-09 18:00:00,2026-09-09 18:00:00,1006.0
20260909,180000,71W,20,2026,9,9,18,17.8,112.0,100600.0,2026-09-09 18:00:00,2026-09-09 18:00:00,1006.0
20260909,180000,71W,20,2026,9,9,18,17.2,111.10000000000001,100300.0,2026-09-09 18:00:00,2026-09-09 18:00:00,1003.0
20260909,180000,71W,20,2026,9,9,18,16.9,111.3,100300.0,2026-09-09 18:00:00,2026-09-09 18:00:00,1003.0
20260909,180000,71W,20,2026,9,9,18,16.9,111.7,100200.0,2026-09-09 18:00:00,2026-09-09 18:00:00,1002.0
20260909,180000,71W,20,2026,9,9,18,17.2,112.3,100000.0,2026-09-09 18:00:00,2026-09-09 18:00:00,1000.0
20260909,180000,71W,20,2026,9,9,18,17.1,112.2,99900.0,2026-09-09 18:00:00,2026-09-09 18:00:00,999.0
20260909,180000,71W,20,2026,9,9,18,17.1,112.2,99700.0,2026-09-09 18:00:00,2026-09-09 18:00:00,997.0
20260909,180000,71W,20,2026,9,9,18,16.9,113.10000000000001,99500.0,2026-09-09 18:00:00,2026-09-09 18:00:00,995.0
20260909,180000,71W,20,2026,9,9,18,17.1,113.0,99300.0,2026-09-09 18:00:00,2026-09-09 18:00:00,993.0
20260909,180000,71W,20,2026,9,9,18,17.0,113.5,99200.0,2026-09-09 18:00:00,2026-09-09 18:00:00,992.0
20260909,180000,71W,20,2026,9,9,18,16.9,113.5,98900.0,2026-09-09 18:00:00,2026-09-09 18:00:00,989.0
20260909,180000,71W,21,2026,9,9,18,13.3,111.9,100700.0,2026-09-09 18:00:00,2026-09-09 18:00:00,1007.0
20260909,180000,71W,21,2026,9,9,18,14.9,113.2,100800.0,2026-09-09 18:00:00,2026-09-09 18:00:00,1008.0
20260909,180000,71W,21,2026,9,9,18,15.700000000000001,111.60000000000001,100700.0,2026-09-09 18:00:00,2026-09-09 18:00:00,1007.0
20260909,180000,71W,21,2026,9,9,18,15.4,112.10000000000001,100700.0,2026-09-09 18:00:00,2026-09-09 18:00:00,1007.0
20260909,180000,71W,21,2026,9,9,18,16.5,110.60000000000001,100700.0,2026-09-09 18:00:00,2026-09-09 18:00:00,1007.0
20260909,180000,71W,21,2026,9,9,18,15.9,110.4,100600.0,2026-09-09 18:00:00,2026-09-09 18:00:00,1006.0
20260909,180000,71W,21,2026,9,9,18,15.3,109.7,100700.0,2026-09-09 18:00:00,2026-09-09 18:00:00,1007.0
20260909,180000,71W,21,2026,9,9,18,15.5,109.5,100700.0,2026-09-09 18:00:00,2026-09-09 18:00:00,1007.0
20260909,180000,71W,21,2026,9,9,18,16.9,107.4,100700.0,2026-09-09 18:00:00,2026-09-09 18:00:00,1007.0
20260909,180000,71W,21,2026,9,9,18,16.7,107.8,100700.0,2026-09-09 18:00:00,2026-09-09 18:00:00,1007.0
20260909,180000,71W,22,2026,9,9,18,13.5,100.8,100800.0,2026-09-09 18:00:00,2026-09-09 18:00:00,1008.0
20260909,180000,71W,22,2026,9,9,18,11.1,101.3,100800.0,2026-09-09 18:00:00,2026-09-09 18:00:00,1008.0
20260909,180000,71W,22,2026,9,9,18,11.700000000000001,102.7,100800.0,2026-09-09 18:00:00,2026-09-09 18:00:00,1008.0
20260909,180000,71W,22,2026,9,9,18,11.3,102.10000000000001,100700.0,2026-09-09 18:00:00,2026-09-09 18:00:00,1007.0
20260909,180000,71W,22,2026,9,9,18,10.8,102.9,100700.0,2026-09-09 18:00:00,2026-09-09 18:00:00,1007.0
20260909,180000,71W,22,2026,9,9,18,10.6,103.0,100700.0,2026-09-09 18:00:00,2026-09-09 18:00:00,1007.0
20260909,180000,71W,22,2026,9,9,18,10.6,102.5,100700.0,2026-09-09 18:00:00,2026-09-09 18:00:00,1007.0
20260909,180000,71W,22,2026,9,9,18,10.4,102.4,100600.0,2026-09-09 18:00:00,2026-09-09 18:00:00,1006.0
20260909,180000,71W,22,2026,9,9,18,10.700000000000001,102.7,100700.0,2026-09-09 18:00:00,2026-09-09 18:00:00,1007.0
20260909,180000,71W,22,2026,9,9,18,11.1,102.2,100800.0,2026-09-09 18:00:00,2026-09-09 18:00:00,1008.0
20260909,180000,71W,22,2026,9,9,18,12.6,103.10000000000001,100600.0,2026-09-09 18:00:00,2026-09-09 18:00:00,1006.0
20260909,180000,71W,22,2026,9,9,18,11.5,101.9,100700.0,2026-09-09 18:00:00,2026-09-09 18:00:00,1007.0
20260909,180000,71W,22,2026,9,9,18,11.9,101.3,100800.0,2026-09-09 18:00:00,2026-09-09 18:00:00,1008.0
20260909,180000,71W,22,2026,9,9,18,12.6,100.2,100800.0,2026-09-09 18:00:00,2026-09-09 18:00:00,1008.0
20260909,180000,71W,22,2026,9,9,18,13.3,100.2,100600.0,2026-09-09 18:00:00,2026-09-09 18:00:00,1006.0
20260909,180000,71W,23,2026,9,9,18,11.700000000000001,154.6,100600.0,2026-09-09 18:00:00,2026-09-09 18:00:00,1006.0
20260909,180000,71W,23,2026,9,9,18,11.9,157.9,100500.0,2026-09-09 18:00:00,2026-09-09 18:00:00,1005.0
20260909,180000,71W,23,2026,9,9,18,12.6,159.20000000000002,100700.0,2026-09-09 18:00:00,2026-09-09 18:00:00,1007.0
20260909,180000,71W,23,2026,9,9,18,13.0,158.9,100400.0,2026-09-09 18:00:00,2026-09-09 18:00:00,1004.0
20260909,180000,71W,23,2026,9,9,18,13.6,158.20000000000002,100600.0,2026-09-09 18:00:00,2026-09-09 18:00:00,1006.0
20260909,180000,71W,23,2026,9,9,18,13.9,157.8,100200.0,2026-09-09 18:00:00,2026-09-09 18:00:00,1002.0
20260909,180000,71W,23,2026,9,9,18,15.200000000000001,157.0,100400.0,2026-09-09 18:00:00,2026-09-09 18:00:00,1004.0
20260909,180000,71W,23,2026,9,9,18,15.0,155.6,100100.0,2026-09-09 18:00:00,2026-09-09 18:00:00,1001.0
20260909,180000,71W,23,2026,9,9,18,15.0,154.8,100200.0,2026-09-09 18:00:00,2026-09-09 18:00:00,1002.0
20260909,180000,71W,23,2026,9,9,18,15.0,153.9,99800.0,2026-09-09 18:00:00,2026-09-09 18:00:00,998.0
20260909,180000,71W,23,2026,9,9,18,15.0,152.70000000000002,99900.0,2026-09-09 18:00:00,2026-09-09 18:00:00,999.0
20260909,180000,71W,23,2026,9,9,18,15.3,151.8,99600.0,2026-09-09 18:00:00,2026-09-09 18:00:00,996.0
20260909,180000,71W,23,2026,9,9,18,15.9,150.6,99600.0,2026-09-09 18:00:00,2026-09-09 18:00:00,996.0
20260909,180000,71W,23,2026,9,9,18,16.4,149.1,99200.0,2026-09-09 18:00:00,2026-09-09 18:00:00,992.0
20260909,180000,71W,23,2026,9,9,18,17.0,147.6,99200.0,2026-09-09 18:00:00,2026-09-09 18:00:00,992.0
20260909,180000,71W,23,2026,9,9,18,17.2,146.3,98700.0,2026-09-09 18:00:00,2026-09-09 18:00:00,987.0
20260909,180000,71W,23,2026,9,9,18,17.8,144.8,98800.0,2026-09-09 18:00:00,2026-09-09 18:00:00,988.0
20260909,180000,71W,23,2026,9,9,18,18.2,143.6,98300.0,2026-09-09 18:00:00,2026-09-09 18:00:00,983.0
20260909,180000,71W,23,2026,9,9,18,19.0,142.3,98200.0,2026-09-09 18:00:00,2026-09-09 18:00:00,982.0
20260909,180000,71W,23,2026,9,9,18,19.7,140.9,97700.0,2026-09-09 18:00:00,2026-09-09 18:00:00,977.0
20260909,180000,71W,24,2026,9,9,18,6.3,173.8,100700.0,2026-09-09 18:00:00,2026-09-09 18:00:00,1007.0
20260909,180000,71W,24,2026,9,9,18,7.8,175.3,100700.0,2026-09-09 18:00:00,2026-09-09 18:00:00,1007.0
20260909,180000,71W,24,2026,9,9,18,8.3,173.9,100700.0,2026-09-09 18:00:00,2026-09-09 18:00:00,1007.0
20260909,180000,71W,24,2026,9,9,18,7.4,173.4,100600.0,2026-09-09 18:00:00,2026-09-09 18:00:00,1006.0
20260909,180000,71W,24,2026,9,9,18,6.0,174.8,100800.0,2026-09-09 18:00:00,2026-09-09 18:00:00,1008.0
20260909,180000,71W,24,2026,9,9,18,6.0,175.3,100600.0,2026-09-09 18:00:00,2026-09-09 18:00:00,1006.0
20260909,180000,71W,24,2026,9,9,18,6.3,175.4,100600.0,2026-09-09 18:00:00,2026-09-09 18:00:00,1006.0
20260909,180000,71W,24,2026,9,9,18,7.4,175.3,100500.0,2026-09-09 18:00:00,2026-09-09 18:00:00,1005.0
20260909,180000,71W,24,2026,9,9,18,7.5,175.9,100600.0,2026-09-09 18:00:00,2026-09-09 18:00:00,1006.0
20260909,180000,71W,24,2026,9,9,18,8.1,176.20000000000002,100600.0,2026-09-09 18:00:00,2026-09-09 18:00:00,1006.0
20260909,180000,71W,24,2026,9,9,18,9.6,177.20000000000002,100600.0,2026-09-09 18:00:00,2026-09-09 18:00:00,1006.0
20260909,180000,71W,24,2026,9,9,18,9.8,173.5,100700.0,2026-09-09 18:00:00,2026-09-09 18:00:00,1007.0
20260909,180000,71W,24,2026,9,9,18,10.5,171.9,100700.0,2026-09-09 18:00:00,2026-09-09 18:00:00,1007.0
20260909,180000,71W,25,2026,9,9,18,13.5,112.0,100700.0,2026-09-09 18:00:00,2026-09-09 18:00:00,1007.0
20260909,180000,71W,25,2026,9,9,18,11.5,111.3,100700.0,2026-09-09 18:00:00,2026-09-09 18:00:00,1007.0
20260909,180000,71W,25,2026,9,9,18,12.6,112.60000000000001,100600.0,2026-09-09 18:00:00,2026-09-09 18:00:00,1006.0
20260909,180000,71W,25,2026,9,9,18,14.200000000000001,111.7,100600.0,2026-09-09 18:00:00,2026-09-09 18:00:00,1006.0
20260909,180000,71W,25,2026,9,9,18,17.3,109.60000000000001,100600.0,2026-09-09 18:00:00,2026-09-09 18:00:00,1006.0
20260909,180000,71W,25,2026,9,9,18,17.3,107.7,100600.0,2026-09-09 18:00:00,2026-09-09 18:00:00,1006.0
20260909,180000,71W,25,2026,9,9,18,17.6,107.10000000000001,100700.0,2026-09-09 18:00:00,2026-09-09 18:00:00,1007.0
20260909,180000,71W,25,2026,9,9,18,16.7,107.2,100700.0,2026-09-09 18:00:00,2026-09-09 18:00:00,1007.0
20260909,180000,71W,25,2026,9,9,18,18.1,106.9,100900.0,2026-09-09 18:00:00,2026-09-09 18:00:00,1009.0
20260909,180000,71W,26,2026,9,9,18,7.6000000000000005,173.1,100800.0,2026-09-09 18:00:00,2026-09-09 18:00:00,1008.0
20260909,180000,71W,26,2026,9,9,18,7.0,173.3,100700.0,2026-09-09 18:00:00,2026-09-09 18:00:00,1007.0
20260909,180000,71W,26,2026,9,9,18,7.7,173.20000000000002,100900.0,2026-09-09 18:00:00,2026-09-09 18:00:00,1009.0
20260909,180000,71W,26,2026,9,9,18,6.3,172.1,100700.0,2026-09-09 18:00:00,2026-09-09 18:00:00,1007.0
20260909,180000,71W,26,2026,9,9,18,6.3,172.3,100900.0,2026-09-09 18:00:00,2026-09-09 18:00:00,1009.0
20260909,180000,71W,26,2026,9,9,18,7.6000000000000005,172.6,100700.0,2026-09-09 18:00:00,2026-09-09 18:00:00,1007.0
20260909,180000,71W,26,2026,9,9,18,6.6000000000000005,173.3,100900.0,2026-09-09 18:00:00,2026-09-09 18:00:00,1009.0
20260909,180000,71W,26,2026,9,9,18,5.0,171.9,100700.0,2026-09-09 18:00:00,2026-09-09 18:00:00,1007.0
20260909,180000,71W,26,2026,9,9,18,5.4,171.8,100600.0,2026-09-09 18:00:00,2026-09-09 18:00:00,1006.0
20260909,180000,71W,26,2026,9,9,18,5.1000000000000005,171.5,100800.0,2026-09-09 18:00:00,2026-09-09 18:00:00,1008.0
20260909,180000,71W,26,2026,9,9,18,5.0,171.9,100700.0,2026-09-09 18:00:00,2026-09-09 18:00:00,1007.0
20260909,180000,71W,26,2026,9,9,18,5.5,169.4,100800.0,2026-09-09 18:00:00,2026-09-09 18:00:00,1008.0
20260909,180000,71W,27,2026,9,9,18,7.6000000000000005,170.70000000000002,100600.0,2026-09-09 18:00:00,2026-09-09 18:00:00,1006.0
20260909,180000,71W,27,2026,9,9,18,6.9,173.3,100500.0,2026-09-09 18:00:00,2026-09-09 18:00:00,1005.0
20260909,180000,71W,27,2026,9,9,18,9.1,173.4,100600.0,2026-09-09 18:00:00,2026-09-09 18:00:00,1006.0
20260909,180000,71W,27,2026,9,9,18,8.3,172.8,100500.0,2026-09-09 18:00:00,2026-09-09 18:00:00,1005.0
20260909,180000,71W,27,2026,9,9,18,8.6,173.3,100500.0,2026-09-09 18:00:00,2026-09-09 18:00:00,1005.0
20260909,180000,71W,27,2026,9,9,18,8.5,173.3,100300.0,2026-09-09 18:00:00,2026-09-09 18:00:00,1003.0
20260909,180000,71W,27,2026,9,9,18,8.8,173.3,100500.0,2026-09-09 18:00:00,2026-09-09 18:00:00,1005.0
20260909,180000,71W,27,2026,9,9,18,8.9,172.70000000000002,100400.0,2026-09-09 18:00:00,2026-09-09 18:00:00,1004.0
20260909,180000,71W,27,2026,9,9,18,9.6,172.4,100500.0,2026-09-09 18:00:00,2026-09-09 18:00:00,1005.0
20260909,180000,71W,27,2026,9,9,18,9.8,171.70000000000002,100400.0,2026-09-09 18:00:00,2026-09-09 18:00:00,1004.0
20260909,180000,71W,27,2026,9,9,18,10.0,170.20000000000002,100600.0,2026-09-09 18:00:00,2026-09-09 18:00:00,1006.0
20260909,180000,71W,27,2026,9,9,18,11.4,168.4,100600.0,2026-09-09 18:00:00,2026-09-09 18:00:00,1006.0
20260909,180000,71W,27,2026,9,9,18,11.6,167.3,100500.0,2026-09-09 18:00:00,2026-09-09 18:00:00,1005.0
20260909,180000,71W,27,2026,9,9,18,11.0,165.20000000000002,100500.0,2026-09-09 18:00:00,2026-09-09 18:00:00,1005.0
20260909,180000,71W,27,2026,9,9,18,12.4,163.8,100800.0,2026-09-09 18:00:00,2026-09-09 18:00:00,1008.0
20260909,180000,71W,27,2026,9,9,18,12.6,163.20000000000002,100600.0,2026-09-09 18:00:00,2026-09-09 18:00:00,1006.0
20260909,180000,71W,27,2026,9,9,18,13.200000000000001,162.70000000000002,100800.0,2026-09-09 18:00:00,2026-09-09 18:00:00,1008.0
20260909,180000,71W,27,2026,9,9,18,12.4,160.8,100700.0,2026-09-09 18:00:00,2026-09-09 18:00:00,1007.0
20260909,180000,71W,27,2026,9,9,18,13.3,161.70000000000002,100800.0,2026-09-09 18:00:00,2026-09-09 18:00:00,1008.0
20260909,180000,71W,27,2026,9,9,18,13.6,160.8,100700.0,2026-09-09 18:00:00,2026-09-09 18:00:00,1007.0
20260909,180000,71W,27,2026,9,9,18,13.8,159.3,100700.0,2026-09-09 18:00:00,2026-09-09 18:00:00,1007.0
20260909,180000,71W,28,2026,9,9,18,12.8,107.2,100700.0,2026-09-09 18:00:00,2026-09-09 18:00:00,1007.0
20260909,180000,71W,28,2026,9,9,18,11.3,109.4,100700.0,2026-09-09 18:00:00,2026-09-09 18:00:00,1007.0
20260909,180000,71W,28,2026,9,9,18,12.700000000000001,109.9,100400.0,2026-09-09 18:00:00,2026-09-09 18:00:00,1004.0
20260909,180000,71W,28,2026,9,9,18,11.4,109.5,100600.0,2026-09-09 18:00:00,2026-09-09 18:00:00,1006.0
20260909,180000,71W,28,2026,9,9,18,12.5,110.60000000000001,100300.0,2026-09-09 18:00:00,2026-09-09 18:00:00,1003.0
20260909,180000,71W,28,2026,9,9,18,13.700000000000001,111.3,100400.0,2026-09-09 18:00:00,2026-09-09 18:00:00,1004.0
20260909,180000,71W,28,2026,9,9,18,14.8,111.0,100200.0,2026-09-09 18:00:00,2026-09-09 18:00:00,1002.0
20260909,180000,71W,28,2026,9,9,18,15.200000000000001,110.2,100300.0,2026-09-09 18:00:00,2026-09-09 18:00:00,1003.0
20260909,180000,71W,28,2026,9,9,18,15.0,109.60000000000001,100300.0,2026-09-09 18:00:00,2026-09-09 18:00:00,1003.0
20260909,180000,71W,28,2026,9,9,18,15.200000000000001,109.60000000000001,100400.0,2026-09-09 18:00:00,2026-09-09 18:00:00,1004.0
20260909,180000,71W,28,2026,9,9,18,15.8,108.5,100200.0,2026-09-09 18:00:00,2026-09-09 18:00:00,1002.0
20260909,180000,71W,28,2026,9,9,18,15.700000000000001,109.10000000000001,100400.0,2026-09-09 18:00:00,2026-09-09 18:00:00,1004.0
20260909,180000,71W,28,2026,9,9,18,16.6,108.7,100400.0,2026-09-09 18:00:00,2026-09-09 18:00:00,1004.0
20260909,180000,71W,28,2026,9,9,18,16.3,107.5,100200.0,2026-09-09 18:00:00,2026-09-09 18:00:00,1002.0
20260909,180000,71W,28,2026,9,9,18,15.700000000000001,106.3,100300.0,2026-09-09 18:00:00,2026-09-09 18:00:00,1003.0
20260909,180000,71W,28,2026,9,9,18,15.4,105.60000000000001,100300.0,2026-09-09 18:00:00,2026-09-09 18:00:00,1003.0
20260909,180000,71W,29,2026,9,9,18,14.3,158.3,100900.0,2026-09-09 18:00:00,2026-09-09 18:00:00,1009.0
20260909,180000,71W,30,2026,9,9,18,8.3,173.6,100600.0,2026-09-09 18:00:00,2026-09-09 18:00:00,1006.0
20260909,180000,71W,30,2026,9,9,18,7.2,174.0,100400.0,2026-09-09 18:00:00,2026-09-09 18:00:00,1004.0
20260909,180000,71W,30,2026,9,9,18,6.7,174.1,100600.0,2026-09-09 18:00:00,2026-09-09 18:00:00,1006.0
20260909,180000,71W,31,2026,9,9,18,16.6,155.4,100900.0,2026-09-09 18:00:00,2026-09-09 18:00:00,1009.0
20260909,180000,71W,31,2026,9,9,18,15.5,154.4,100600.0,2026-09-09 18:00:00,2026-09-09 18:00:00,1006.0
20260909,180000,71W,31,2026,9,9,18,13.1,153.9,100600.0,2026-09-09 18:00:00,2026-09-09 18:00:00,1006.0
20260909,180000,71W,31,2026,9,9,18,12.5,156.6,100900.0,2026-09-09 18:00:00,2026-09-09 18:00:00,1009.0
20260909,180000,71W,31,2026,9,9,18,14.200000000000001,156.4,100500.0,2026-09-09 18:00:00,2026-09-09 18:00:00,1005.0
20260909,180000,71W,31,2026,9,9,18,15.0,155.0,100600.0,2026-09-09 18:00:00,2026-09-09 18:00:00,1006.0
20260909,180000,71W,31,2026,9,9,18,15.0,154.4,100400.0,2026-09-09 18:00:00,2026-09-09 18:00:00,1004.0
20260909,180000,71W,32,2026,9,9,18,12.1,151.5,100800.0,2026-09-09 18:00:00,2026-09-09 18:00:00,1008.0
20260909,180000,71W,32,2026,9,9,18,12.6,152.3,100500.0,2026-09-09 18:00:00,2026-09-09 18:00:00,1005.0
20260909,180000,71W,32,2026,9,9,18,12.6,154.4,100600.0,2026-09-09 18:00:00,2026-09-09 18:00:00,1006.0
20260909,180000,71W,32,2026,9,9,18,13.200000000000001,154.1,100300.0,2026-09-09 18:00:00,2026-09-09 18:00:00,1003.0
20260909,180000,71W,32,2026,9,9,18,13.5,153.0,100200.0,2026-09-09 18:00:00,2026-09-09 18:00:00,1002.0
20260909,180000,71W,32,2026,9,9,18,13.5,151.9,99800.0,2026-09-09 18:00:00,2026-09-09 18:00:00,998.0
20260909,180000,71W,32,2026,9,9,18,13.1,151.1,99500.0,2026-09-09 18:00:00,2026-09-09 18:00:00,995.0
20260909,180000,71W,32,2026,9,9,18,13.6,150.6,99300.0,2026-09-09 18:00:00,2026-09-09 18:00:00,993.0
20260909,180000,71W,32,2026,9,9,18,13.8,149.4,98800.0,2026-09-09 18:00:00,2026-09-09 18:00:00,988.0
20260909,180000,71W,32,2026,9,9,18,14.0,148.3,97300.0,2026-09-09 18:00:00,2026-09-09 18:00:00,973.0
20260909,180000,71W,32,2026,9,9,18,14.4,147.5,97800.0,2026-09-09 18:00:00,2026-09-09 18:00:00,978.0
20260909,180000,71W,32,2026,9,9,18,15.0,146.20000000000002,97200.0,2026-09-09 18:00:00,2026-09-09 18:00:00,972.0
20260909,180000,71W,32,2026,9,9,18,15.0,145.0,96800.0,2026-09-09 18:00:00,2026-09-09 18:00:00,968.0
20260909,180000,71W,32,2026,9,9,18,15.3,144.20000000000002,95900.0,2026-09-09 18:00:00,2026-09-09 18:00:00,959.0
20260909,180000,71W,32,2026,9,9,18,15.5,143.20000000000002,96000.0,2026-09-09 18:00:00,2026-09-09 18:00:00,960.0
20260909,180000,71W,32,2026,9,9,18,15.5,142.70000000000002,95800.0,2026-09-09 18:00:00,2026-09-09 18:00:00,958.0
20260909,180000,71W,32,2026,9,9,18,15.700000000000001,142.1,95800.0,2026-09-09 18:00:00,2026-09-09 18:00:00,958.0
20260909,180000,71W,32,2026,9,9,18,15.9,142.3,95200.0,2026-09-09 18:00:00,2026-09-09 18:00:00,952.0
20260909,180000,71W,33,2026,9,9,18,10.200000000000001,158.4,100600.0,2026-09-09 18:00:00,2026-09-09 18:00:00,1006.0
20260909,180000,71W,33,2026,9,9,18,9.5,160.5,100700.0,2026-09-09 18:00:00,2026-09-09 18:00:00,1007.0
20260909,180000,71W,33,2026,9,9,18,10.8,160.8,100500.0,2026-09-09 18:00:00,2026-09-09 18:00:00,1005.0
20260909,180000,71W,33,2026,9,9,18,9.5,162.20000000000002,100600.0,2026-09-09 18:00:00,2026-09-09 18:00:00,1006.0
20260909,180000,71W,33,2026,9,9,18,11.0,162.3,100400.0,2026-09-09 18:00:00,2026-09-09 18:00:00,1004.0
20260909,180000,71W,33,2026,9,9,18,11.4,162.70000000000002,100600.0,2026-09-09 18:00:00,2026-09-09 18:00:00,1006.0
20260909,180000,71W,33,2026,9,9,18,11.3,162.0,100300.0,2026-09-09 18:00:00,2026-09-09 18:00:00,1003.0
20260909,180000,71W,33,2026,9,9,18,11.200000000000001,162.3,100300.0,2026-09-09 18:00:00,2026-09-09 18:00:00,1003.0
20260909,180000,71W,33,2026,9,9,18,12.1,161.5,99900.0,2026-09-09 18:00:00,2026-09-09 18:00:00,999.0
20260909,180000,71W,33,2026,9,9,18,12.4,160.5,99900.0,2026-09-09 18:00:00,2026-09-09 18:00:00,999.0
20260909,180000,71W,33,2026,9,9,18,13.1,159.8,99200.0,2026-09-09 18:00:00,2026-09-09 18:00:00,992.0
20260909,180000,71W,33,2026,9,9,18,13.6,159.20000000000002,99100.0,2026-09-09 18:00:00,2026-09-09 18:00:00,991.0
20260909,180000,71W,33,2026,9,9,18,14.1,158.20000000000002,98300.0,2026-09-09 18:00:00,2026-09-09 18:00:00,983.0
20260909,180000,71W,33,2026,9,9,18,14.3,157.4,97800.0,2026-09-09 18:00:00,2026-09-09 18:00:00,978.0
20260909,180000,71W,33,2026,9,9,18,14.700000000000001,156.1,97000.0,2026-09-09 18:00:00,2026-09-09 18:00:00,970.0
20260909,180000,71W,33,2026,9,9,18,15.200000000000001,155.1,96000.0,2026-09-09 18:00:00,2026-09-09 18:00:00,960.0
20260909,180000,71W,33,2026,9,9,18,15.8,154.4,94700.0,2026-09-09 18:00:00,2026-09-09 18:00:00,947.0
20260909,180000,71W,33,2026,9,9,18,16.4,153.3,93200.0,2026-09-09 18:00:00,2026-09-09 18:00:00,932.0
20260909,180000,71W,33,2026,9,9,18,17.3,152.20000000000002,92400.0,2026-09-09 18:00:00,2026-09-09 18:00:00,924.0
20260909,180000,71W,34,2026,9,9,18,8.2,174.0,100700.0,2026-09-09 18:00:00,2026-09-09 18:00:00,1007.0
20260909,180000,71W,34,2026,9,9,18,7.5,173.8,100800.0,2026-09-09 18:00:00,2026-09-09 18:00:00,1008.0
20260909,180000,71W,34,2026,9,9,18,7.8,174.4,100600.0,2026-09-09 18:00:00,2026-09-09 18:00:00,1006.0
20260909,180000,71W,34,2026,9,9,18,8.2,173.3,100700.0,2026-09-09 18:00:00,2026-09-09 18:00:00,1007.0
20260909,180000,71W,34,2026,9,9,18,8.3,173.4,100500.0,2026-09-09 18:00:00,2026-09-09 18:00:00,1005.0
20260909,180000,71W,34,2026,9,9,18,7.3,173.8,100600.0,2026-09-09 18:00:00,2026-09-09 18:00:00,1006.0
20260909,180000,71W,34,2026,9,9,18,8.0,174.5,100500.0,2026-09-09 18:00:00,2026-09-09 18:00:00,1005.0
20260909,180000,71W,34,2026,9,9,18,9.200000000000001,173.3,100600.0,2026-09-09 18:00:00,2026-09-09 18:00:00,1006.0
20260909,180000,71W,34,2026,9,9,18,9.3,173.8,100400.0,2026-09-09 18:00:00,2026-09-09 18:00:00,1004.0
20260909,180000,71W,34,2026,9,9,18,7.4,174.70000000000002,100600.0,2026-09-09 18:00:00,2026-09-09 18:00:00,1006.0
20260909,180000,71W,35,2026,9,9,18,16.3,126.4,100100.0,2026-09-09 18:00:00,2026-09-09 18:00:00,1001.0
20260909,180000,71W,35,2026,9,9,18,16.2,126.7,100100.0,2026-09-09 18:00:00,2026-09-09 18:00:00,1001.0
20260909,180000,71W,35,2026,9,9,18,16.4,127.60000000000001,100400.0,2026-09-09 18:00:00,2026-09-09 18:00:00,1004.0
20260909,180000,71W,36,2026,9,9,18,9.4,150.9,100600.0,2026-09-09 18:00:00,2026-09-09 18:00:00,1006.0
20260909,180000,71W,36,2026,9,9,18,9.8,152.0,100900.0,2026-09-09 18:00:00,2026-09-09 18:00:00,1009.0
20260909,180000,71W,36,2026,9,9,18,10.9,152.20000000000002,100600.0,2026-09-09 18:00:00,2026-09-09 18:00:00,1006.0
20260909,180000,71W,36,2026,9,9,18,11.3,153.3,100800.0,2026-09-09 18:00:00,2026-09-09 18:00:00,1008.0
20260909,180000,71W,36,2026,9,9,18,11.700000000000001,153.5,100500.0,2026-09-09 18:00:00,2026-09-09 18:00:00,1005.0
20260909,180000,71W,36,2026,9,9,18,12.1,154.0,100600.0,2026-09-09 18:00:00,2026-09-09 18:00:00,1006.0
20260909,180000,71W,36,2026,9,9,18,12.700000000000001,154.1,100400.0,2026-09-09 18:00:00,2026-09-09 18:00:00,1004.0
20260909,180000,71W,36,2026,9,9,18,13.200000000000001,153.6,100500.0,2026-09-09 18:00:00,2026-09-09 18:00:00,1005.0
20260909,180000,71W,36,2026,9,9,18,13.0,153.5,100300.0,2026-09-09 18:00:00,2026-09-09 18:00:00,1003.0
20260909,180000,71W,36,2026,9,9,18,13.0,154.1,100700.0,2026-09-09 18:00:00,2026-09-09 18:00:00,1007.0
20260909,180000,71W,36,2026,9,9,18,13.3,154.0,100300.0,2026-09-09 18:00:00,2026-09-09 18:00:00,1003.0
20260909,180000,71W,36,2026,9,9,18,14.3,153.4,100400.0,2026-09-09 18:00:00,2026-09-09 18:00:00,1004.0
20260909,180000,71W,36,2026,9,9,18,15.0,152.20000000000002,100100.0,2026-09-09 18:00:00,2026-09-09 18:00:00,1001.0
20260909,180000,71W,36,2026,9,9,18,15.200000000000001,151.5,100200.0,2026-09-09 18:00:00,2026-09-09 18:00:00,1002.0
20260909,180000,71W,36,2026,9,9,18,15.700000000000001,150.4,99900.0,2026-09-09 18:00:00,2026-09-09 18:00:00,999.0
20260909,180000,71W,36,2026,9,9,18,16.2,149.5,99900.0,2026-09-09 18:00:00,2026-09-09 18:00:00,999.0
20260909,180000,71W,36,2026,9,9,18,16.9,148.70000000000002,99400.0,2026-09-09 18:00:00,2026-09-09 18:00:00,994.0
20260909,180000,71W,36,2026,9,9,18,17.6,147.4,99100.0,2026-09-09 18:00:00,2026-09-09 18:00:00,991.0
20260909,180000,71W,36,2026,9,9,18,18.2,146.0,98100.0,2026-09-09 18:00:00,2026-09-09 18:00:00,981.0
20260909,180000,71W,36,2026,9,9,18,18.7,144.70000000000002,97700.0,2026-09-09 18:00:00,2026-09-09 18:00:00,977.0
20260909,180000,71W,36,2026,9,9,18,19.1,143.3,97000.0,2026-09-09 18:00:00,2026-09-09 18:00:00,970.0
20260909,180000,71W,36,2026,9,9,18,19.5,142.20000000000002,96200.0,2026-09-09 18:00:00,2026-09-09 18:00:00,962.0
20260909,180000,71W,36,2026,9,9,18,19.900000000000002,141.1,96200.0,2026-09-09 18:00:00,2026-09-09 18:00:00,962.0
20260909,180000,71W,37,2026,9,9,18,8.6,171.70000000000002,100400.0,2026-09-09 18:00:00,2026-09-09 18:00:00,1004.0
20260909,180000,71W,37,2026,9,9,18,7.1000000000000005,172.9,100600.0,2026-09-09 18:00:00,2026-09-09 18:00:00,1006.0
20260909,180000,71W,37,2026,9,9,18,7.8,173.1,100300.0,2026-09-09 18:00:00,2026-09-09 18:00:00,1003.0
20260909,180000,71W,37,2026,9,9,18,7.6000000000000005,173.0,99800.0,2026-09-09 18:00:00,2026-09-09 18:00:00,998.0
20260909,180000,71W,37,2026,9,9,18,8.4,174.0,100200.0,2026-09-09 18:00:00,2026-09-09 18:00:00,1002.0
20260909,180000,71W,37,2026,9,9,18,9.3,174.70000000000002,100200.0,2026-09-09 18:00:00,2026-09-09 18:00:00,1002.0
20260909,180000,71W,37,2026,9,9,18,10.0,173.9,100200.0,2026-09-09 18:00:00,2026-09-09 18:00:00,1002.0
20260909,180000,71W,37,2026,9,9,18,10.200000000000001,173.8,100100.0,2026-09-09 18:00:00,2026-09-09 18:00:00,1001.0
20260909,180000,71W,37,2026,9,9,18,11.5,172.8,100200.0,2026-09-09 18:00:00,2026-09-09 18:00:00,1002.0
20260909,180000,71W,37,2026,9,9,18,12.4,171.9,100300.0,2026-09-09 18:00:00,2026-09-09 18:00:00,1003.0
20260909,180000,71W,37,2026,9,9,18,13.200000000000001,170.0,99800.0,2026-09-09 18:00:00,2026-09-09 18:00:00,998.0
20260909,180000,71W,37,2026,9,9,18,13.1,170.0,100100.0,2026-09-09 18:00:00,2026-09-09 18:00:00,1001.0
20260909,180000,71W,37,2026,9,9,18,14.0,170.0,100100.0,2026-09-09 18:00:00,2026-09-09 18:00:00,1001.0
20260909,180000,71W,37,2026,9,9,18,15.5,168.5,100300.0,2026-09-09 18:00:00,2026-09-09 18:00:00,1003.0
20260909,180000,71W,37,2026,9,9,18,15.9,168.1,100500.0,2026-09-09 18:00:00,2026-09-09 18:00:00,1005.0
20260909,180000,71W,37,2026,9,9,18,16.4,167.9,100500.0,2026-09-09 18:00:00,2026-09-09 18:00:00,1005.0
20260909,180000,71W,37,2026,9,9,18,16.9,167.4,100600.0,2026-09-09 18:00:00,2026-09-09 18:00:00,1006.0
20260909,180000,71W,37,2026,9,9,18,16.8,167.70000000000002,100500.0,2026-09-09 18:00:00,2026-09-09 18:00:00,1005.0
20260909,180000,71W,37,2026,9,9,18,16.6,168.20000000000002,100700.0,2026-09-09 18:00:00,2026-09-09 18:00:00,1007.0
20260909,180000,71W,38,2026,9,9,18,9.0,173.0,100400.0,2026-09-09 18:00:00,2026-09-09 18:00:00,1004.0
20260909,180000,71W,38,2026,9,9,18,8.5,173.3,100700.0,2026-09-09 18:00:00,2026-09-09 18:00:00,1007.0
20260909,180000,71W,38,2026,9,9,18,8.2,173.6,100500.0,2026-09-09 18:00:00,2026-09-09 18:00:00,1005.0
20260909,180000,71W,38,2026,9,9,18,8.6,175.0,100200.0,2026-09-09 18:00:00,2026-09-09 18:00:00,1002.0
20260909,180000,71W,38,2026,9,9,18,8.8,175.20000000000002,100000.0,2026-09-09 18:00:00,2026-09-09 18:00:00,1000.0
20260909,180000,71W,38,2026,9,9,18,8.6,175.70000000000002,100000.0,2026-09-09 18:00:00,2026-09-09 18:00:00,1000.0
20260909,180000,71W,38,2026,9,9,18,9.700000000000001,175.9,100100.0,2026-09-09 18:00:00,2026-09-09 18:00:00,1001.0
20260909,180000,71W,38,2026,9,9,18,11.0,175.8,100100.0,2026-09-09 18:00:00,2026-09-09 18:00:00,1001.0
20260909,180000,71W,38,2026,9,9,18,12.200000000000001,175.0,100300.0,2026-09-09 18:00:00,2026-09-09 18:00:00,1003.0
20260909,180000,71W,38,2026,9,9,18,12.8,174.0,100300.0,2026-09-09 18:00:00,2026-09-09 18:00:00,1003.0
20260909,180000,71W,38,2026,9,9,18,13.4,172.9,100300.0,2026-09-09 18:00:00,2026-09-09 18:00:00,1003.0
20260909,180000,71W,39,2026,9,9,18,8.8,150.3,100800.0,2026-09-09 18:00:00,2026-09-09 18:00:00,1008.0
20260909,180000,71W,39,2026,9,9,18,9.6,151.5,100500.0,2026-09-09 18:00:00,2026-09-09 18:00:00,1005.0
20260909,180000,71W,39,2026,9,9,18,10.4,152.0,100800.0,2026-09-09 18:00:00,2026-09-09 18:00:00,1008.0
20260909,180000,71W,39,2026,9,9,18,10.3,153.6,100700.0,2026-09-09 18:00:00,2026-09-09 18:00:00,1007.0
20260909,180000,71W,39,2026,9,9,18,10.1,155.1,100400.0,2026-09-09 18:00:00,2026-09-09 18:00:00,1004.0
20260909,180000,71W,39,2026,9,9,18,10.8,156.70000000000002,100600.0,2026-09-09 18:00:00,2026-09-09 18:00:00,1006.0
20260909,180000,71W,39,2026,9,9,18,11.6,158.4,100000.0,2026-09-09 18:00:00,2026-09-09 18:00:00,1000.0
20260909,180000,71W,39,2026,9,9,18,12.1,158.8,100000.0,2026-09-09 18:00:00,2026-09-09 18:00:00,1000.0
20260909,180000,71W,39,2026,9,9,18,12.4,158.8,99600.0,2026-09-09 18:00:00,2026-09-09 18:00:00,996.0
20260909,180000,71W,39,2026,9,9,18,13.1,158.4,99300.0,2026-09-09 18:00:00,2026-09-09 18:00:00,993.0
20260909,180000,71W,39,2026,9,9,18,13.4,157.8,98200.0,2026-09-09 18:00:00,2026-09-09 18:00:00,982.0
20260909,180000,71W,39,2026,9,9,18,13.700000000000001,157.3,98100.0,2026-09-09 18:00:00,2026-09-09 18:00:00,981.0
20260909,180000,71W,39,2026,9,9,18,14.200000000000001,156.6,97900.0,2026-09-09 18:00:00,2026-09-09 18:00:00,979.0
20260909,180000,71W,39,2026,9,9,18,14.1,155.6,97400.0,2026-09-09 18:00:00,2026-09-09 18:00:00,974.0
20260909,180000,71W,39,2026,9,9,18,14.6,154.8,97100.0,2026-09-09 18:00:00,2026-09-09 18:00:00,971.0
20260909,180000,71W,39,2026,9,9,18,15.0,154.6,95800.0,2026-09-09 18:00:00,2026-09-09 18:00:00,958.0
20260909,180000,71W,39,2026,9,9,18,15.6,153.9,93900.0,2026-09-09 18:00:00,2026-09-09 18:00:00,939.0
20260909,180000,71W,39,2026,9,9,18,16.4,153.3,93400.0,2026-09-09 18:00:00,2026-09-09 18:00:00,934.0
20260909,180000,71W,39,2026,9,9,18,17.1,152.20000000000002,93100.0,2026-09-09 18:00:00,2026-09-09 18:00:00,931.0
20260909,180000,71W,39,2026,9,9,18,17.7,151.3,92900.0,2026-09-09 18:00:00,2026-09-09 18:00:00,929.0
20260909,180000,71W,39,2026,9,9,18,18.8,150.3,92600.0,2026-09-09 18:00:00,2026-09-09 18:00:00,926.0
20260909,180000,71W,39,2026,9,9,18,19.400000000000002,148.9,92100.0,2026-09-09 18:00:00,2026-09-09 18:00:00,921.0
20260909,180000,71W,39,2026,9,9,18,20.0,147.5,91400.0,2026-09-09 18:00:00,2026-09-09 18:00:00,914.0
20260909,180000,71W,40,2026,9,9,18,7.4,173.9,100700.0,2026-09-09 18:00:00,2026-09-09 18:00:00,1007.0
20260909,180000,71W,40,2026,9,9,18,7.1000000000000005,173.20000000000002,100600.0,2026-09-09 18:00:00,2026-09-09 18:00:00,1006.0
20260909,180000,71W,40,2026,9,9,18,7.1000000000000005,173.4,100600.0,2026-09-09 18:00:00,2026-09-09 18:00:00,1006.0
20260909,180000,71W,40,2026,9,9,18,6.2,174.0,100500.0,2026-09-09 18:00:00,2026-09-09 18:00:00,1005.0
20260909,180000,71W,40,2026,9,9,18,6.3,174.3,100600.0,2026-09-09 18:00:00,2026-09-09 18:00:00,1006.0
20260909,180000,71W,40,2026,9,9,18,5.9,174.9,100500.0,2026-09-09 18:00:00,2026-09-09 18:00:00,1005.0
20260909,180000,71W,40,2026,9,9,18,5.7,175.20000000000002,100600.0,2026-09-09 18:00:00,2026-09-09 18:00:00,1006.0
20260909,180000,71W,40,2026,9,9,18,6.1000000000000005,175.70000000000002,100400.0,2026-09-09 18:00:00,2026-09-09 18:00:00,1004.0
20260909,180000,71W,40,2026,9,9,18,6.4,176.6,100600.0,2026-09-09 18:00:00,2026-09-09 18:00:00,1006.0
20260909,180000,71W,40,2026,9,9,18,6.9,177.20000000000002,100500.0,2026-09-09 18:00:00,2026-09-09 18:00:00,1005.0
20260909,180000,71W,40,2026,9,9,18,7.4,177.6,100600.0,2026-09-09 18:00:00,2026-09-09 18:00:00,1006.0
20260909,180000,71W,40,2026,9,9,18,9.5,176.4,100700.0,2026-09-09 18:00:00,2026-09-09 18:00:00,1007.0
20260909,180000,71W,40,2026,9,9,18,10.6,177.0,100800.0,2026-09-09 18:00:00,2026-09-09 18:00:00,1008.0
20260909,180000,71W,40,2026,9,9,18,11.200000000000001,175.5,100800.0,2026-09-09 18:00:00,2026-09-09 18:00:00,1008.0
20260909,180000,71W,40,2026,9,9,18,11.5,173.0,100700.0,2026-09-09 18:00:00,2026-09-09 18:00:00,1007.0
20260909,180000,71W,41,2026,9,9,18,8.2,173.1,100500.0,2026-09-09 18:00:00,2026-09-09 18:00:00,1005.0
20260909,180000,71W,41,2026,9,9,18,9.3,175.20000000000002,100700.0,2026-09-09 18:00:00,2026-09-09 18:00:00,1007.0
20260909,180000,71W,41,2026,9,9,18,7.0,174.4,100600.0,2026-09-09 18:00:00,2026-09-09 18:00:00,1006.0
20260909,180000,71W,41,2026,9,9,18,6.9,175.0,100500.0,2026-09-09 18:00:00,2026-09-09 18:00:00,1005.0
20260909,180000,71W,41,2026,9,9,18,6.9,175.5,100500.0,2026-09-09 18:00:00,2026-09-09 18:00:00,1005.0
20260909,180000,71W,41,2026,9,9,18,6.6000000000000005,176.1,100500.0,2026-09-09 18:00:00,2026-09-09 18:00:00,1005.0
20260909,180000,71W,41,2026,9,9,18,7.5,175.9,100600.0,2026-09-09 18:00:00,2026-09-09 18:00:00,1006.0
20260909,180000,71W,41,2026,9,9,18,7.9,175.5,100500.0,2026-09-09 18:00:00,2026-09-09 18:00:00,1005.0
20260909,180000,71W,41,2026,9,9,18,8.2,174.6,100700.0,2026-09-09 18:00:00,2026-09-09 18:00:00,1007.0
20260909,180000,71W,41,2026,9,9,18,9.0,174.70000000000002,100500.0,2026-09-09 18:00:00,2026-09-09 18:00:00,1005.0
20260909,180000,71W,41,2026,9,9,18,8.8,173.5,100700.0,2026-09-09 18:00:00,2026-09-09 18:00:00,1007.0
20260909,180000,71W,41,2026,9,9,18,8.8,173.3,100600.0,2026-09-09 18:00:00,2026-09-09 18:00:00,1006.0
20260909,180000,71W,41,2026,9,9,18,8.1,173.1,100800.0,2026-09-09 18:00:00,2026-09-09 18:00:00,1008.0
20260909,180000,71W,41,2026,9,9,18,9.8,169.4,100800.0,2026-09-09 18:00:00,2026-09-09 18:00:00,1008.0
20260909,180000,71W,41,2026,9,9,18,9.700000000000001,169.1,100600.0,2026-09-09 18:00:00,2026-09-09 18:00:00,1006.0
20260909,180000,71W,41,2026,9,9,18,9.6,168.6,100900.0,2026-09-09 18:00:00,2026-09-09 18:00:00,1009.0
20260909,180000,71W,41,2026,9,9,18,10.200000000000001,168.70000000000002,100700.0,2026-09-09 18:00:00,2026-09-09 18:00:00,1007.0
20260909,180000,71W,42,2026,9,9,18,14.200000000000001,104.8,100800.0,2026-09-09 18:00:00,2026-09-09 18:00:00,1008.0
20260909,180000,71W,42,2026,9,9,18,12.3,101.5,100800.0,2026-09-09 18:00:00,2026-09-09 18:00:00,1008.0
20260909,180000,71W,42,2026,9,9,18,12.3,101.2,100900.0,2026-09-09 18:00:00,2026-09-09 18:00:00,1009.0
20260909,180000,71W,42,2026,9,9,18,11.200000000000001,101.5,100800.0,2026-09-09 18:00:00,2026-09-09 18:00:00,1008.0
20260909,180000,71W,42,2026,9,9,18,10.200000000000001,102.7,100800.0,2026-09-09 18:00:00,2026-09-09 18:00:00,1008.0
20260909,180000,71W,42,2026,9,9,18,10.3,103.5,100800.0,2026-09-09 18:00:00,2026-09-09 18:00:00,1008.0
20260909,180000,71W,42,2026,9,9,18,12.200000000000001,104.2,100800.0,2026-09-09 18:00:00,2026-09-09 18:00:00,1008.0
20260909,180000,71W,42,2026,9,9,18,12.6,103.7,100600.0,2026-09-09 18:00:00,2026-09-09 18:00:00,1006.0
20260909,180000,71W,42,2026,9,9,18,11.4,101.10000000000001,100400.0,2026-09-09 18:00:00,2026-09-09 18:00:00,1004.0
20260909,180000,71W,42,2026,9,9,18,12.8,100.3,100400.0,2026-09-09 18:00:00,2026-09-09 18:00:00,1004.0
20260909,180000,71W,42,2026,9,9,18,12.9,100.8,100200.0,2026-09-09 18:00:00,2026-09-09 18:00:00,1002.0
20260909,180000,71W,42,2026,9,9,18,15.9,103.4,100600.0,2026-09-09 18:00:00,2026-09-09 18:00:00,1006.0
20260909,180000,71W,43,2026,9,9,18,8.1,173.6,100500.0,2026-09-09 18:00:00,2026-09-09 18:00:00,1005.0
20260909,180000,71W,43,2026,9,9,18,7.3,173.6,100700.0,2026-09-09 18:00:00,2026-09-09 18:00:00,1007.0
20260909,180000,71W,43,2026,9,9,18,7.1000000000000005,173.1,100600.0,2026-09-09 18:00:00,2026-09-09 18:00:00,1006.0
20260909,180000,71W,43,2026,9,9,18,8.1,173.70000000000002,100700.0,2026-09-09 18:00:00,2026-09-09 18:00:00,1007.0
20260909,180000,71W,43,2026,9,9,18,7.5,173.20000000000002,100500.0,2026-09-09 18:00:00,2026-09-09 18:00:00,1005.0
20260909,180000,71W,43,2026,9,9,18,7.9,173.3,100700.0,2026-09-09 18:00:00,2026-09-09 18:00:00,1007.0
20260909,180000,71W,43,2026,9,9,18,8.0,173.0,100500.0,2026-09-09 18:00:00,2026-09-09 18:00:00,1005.0
20260909,180000,71W,43,2026,9,9,18,7.9,173.1,100600.0,2026-09-09 18:00:00,2026-09-09 18:00:00,1006.0
20260909,180000,71W,43,2026,9,9,18,8.9,173.1,100400.0,2026-09-09 18:00:00,2026-09-09 18:00:00,1004.0
20260909,180000,71W,43,2026,9,9,18,9.1,172.0,100400.0,2026-09-09 18:00:00,2026-09-09 18:00:00,1004.0
20260909,180000,71W,43,2026,9,9,18,9.3,172.1,100500.0,2026-09-09 18:00:00,2026-09-09 18:00:00,1005.0
20260909,180000,71W,43,2026,9,9,18,10.5,171.6,100500.0,2026-09-09 18:00:00,2026-09-09 18:00:00,1005.0
20260909,180000,71W,43,2026,9,9,18,10.700000000000001,170.9,100500.0,2026-09-09 18:00:00,2026-09-09 18:00:00,1005.0
20260909,180000,71W,43,2026,9,9,18,11.4,171.9,100700.0,2026-09-09 18:00:00,2026-09-09 18:00:00,1007.0
20260909,180000,71W,43,2026,9,9,18,12.6,171.4,100700.0,2026-09-09 18:00:00,2026-09-09 18:00:00,1007.0
20260909,180000,71W,43,2026,9,9,18,13.4,170.9,100600.0,2026-09-09 18:00:00,2026-09-09 18:00:00,1006.0
20260909,180000,71W,43,2026,9,9,18,13.6,170.3,100800.0,2026-09-09 18:00:00,2026-09-09 18:00:00,1008.0
20260909,180000,71W,44,2026,9,9,18,10.200000000000001,152.20000000000002,101000.0,2026-09-09 18:00:00,2026-09-09 18:00:00,1010.0
20260909,180000,71W,44,2026,9,9,18,10.700000000000001,153.0,100700.0,2026-09-09 18:00:00,2026-09-09 18:00:00,1007.0
20260909,180000,71W,44,2026,9,9,18,11.4,154.6,100900.0,2026-09-09 18:00:00,2026-09-09 18:00:00,1009.0
20260909,180000,71W,44,2026,9,9,18,13.200000000000001,155.5,100900.0,2026-09-09 18:00:00,2026-09-09 18:00:00,1009.0
20260909,180000,71W,44,2026,9,9,18,11.700000000000001,156.5,100600.0,2026-09-09 18:00:00,2026-09-09 18:00:00,1006.0
20260909,180000,71W,44,2026,9,9,18,11.9,157.1,100800.0,2026-09-09 18:00:00,2026-09-09 18:00:00,1008.0
20260909,180000,71W,44,2026,9,9,18,11.200000000000001,158.1,100600.0,2026-09-09 18:00:00,2026-09-09 18:00:00,1006.0
20260909,180000,71W,44,2026,9,9,18,10.700000000000001,157.6,100800.0,2026-09-09 18:00:00,2026-09-09 18:00:00,1008.0
20260909,180000,71W,44,2026,9,9,18,10.700000000000001,159.1,100400.0,2026-09-09 18:00:00,2026-09-09 18:00:00,1004.0
20260909,180000,71W,44,2026,9,9,18,11.200000000000001,158.3,100300.0,2026-09-09 18:00:00,2026-09-09 18:00:00,1003.0
20260909,180000,71W,44,2026,9,9,18,11.8,158.20000000000002,100100.0,2026-09-09 18:00:00,2026-09-09 18:00:00,1001.0
20260909,180000,71W,44,2026,9,9,18,12.3,157.9,100400.0,2026-09-09 18:00:00,2026-09-09 18:00:00,1004.0
20260909,180000,71W,44,2026,9,9,18,12.8,157.20000000000002,100000.0,2026-09-09 18:00:00,2026-09-09 18:00:00,1000.0
20260909,180000,71W,44,2026,9,9,18,12.700000000000001,156.0,100100.0,2026-09-09 18:00:00,2026-09-09 18:00:00,1001.0
20260909,180000,71W,44,2026,9,9,18,12.5,155.70000000000002,99700.0,2026-09-09 18:00:00,2026-09-09 18:00:00,997.0
20260909,180000,71W,44,2026,9,9,18,12.8,155.0,99800.0,2026-09-09 18:00:00,2026-09-09 18:00:00,998.0
20260909,180000,71W,44,2026,9,9,18,13.3,154.1,99400.0,2026-09-09 18:00:00,2026-09-09 18:00:00,994.0
20260909,180000,71W,44,2026,9,9,18,14.1,153.3,99400.0,2026-09-09 18:00:00,2026-09-09 18:00:00,994.0
20260909,180000,71W,44,2026,9,9,18,14.5,152.70000000000002,99000.0,2026-09-09 18:00:00,2026-09-09 18:00:00,990.0
20260909,180000,71W,44,2026,9,9,18,15.200000000000001,151.9,98900.0,2026-09-09 18:00:00,2026-09-09 18:00:00,989.0
20260909,180000,71W,44,2026,9,9,18,15.9,151.3,98500.0,2026-09-09 18:00:00,2026-09-09 18:00:00,985.0
20260909,180000,71W,45,2026,9,9,18,11.5,157.0,100900.0,2026-09-09 18:00:00,2026-09-09 18:00:00,1009.0
20260909,180000,71W,45,2026,9,9,18,12.8,156.4,100600.0,2026-09-09 18:00:00,2026-09-09 18:00:00,1006.0
20260909,180000,71W,45,2026,9,9,18,12.200000000000001,157.20000000000002,100800.0,2026-09-09 18:00:00,2026-09-09 18:00:00,1008.0
20260909,180000,71W,45,2026,9,9,18,12.0,158.1,100500.0,2026-09-09 18:00:00,2026-09-09 18:00:00,1005.0
20260909,180000,71W,45,2026,9,9,18,13.1,156.5,100600.0,2026-09-09 18:00:00,2026-09-09 18:00:00,1006.0
20260909,180000,71W,45,2026,9,9,18,13.0,156.5,100300.0,2026-09-09 18:00:00,2026-09-09 18:00:00,1003.0
20260909,180000,71W,45,2026,9,9,18,14.0,156.5,100200.0,2026-09-09 18:00:00,2026-09-09 18:00:00,1002.0
20260909,180000,71W,45,2026,9,9,18,14.5,154.8,99900.0,2026-09-09 18:00:00,2026-09-09 18:00:00,999.0
20260909,180000,71W,45,2026,9,9,18,15.5,153.20000000000002,100100.0,2026-09-09 18:00:00,2026-09-09 18:00:00,1001.0
20260909,180000,71W,45,2026,9,9,18,15.6,150.9,99800.0,2026-09-09 18:00:00,2026-09-09 18:00:00,998.0
20260909,180000,71W,45,2026,9,9,18,14.5,149.6,99800.0,2026-09-09 18:00:00,2026-09-09 18:00:00,998.0
20260909,180000,71W,45,2026,9,9,18,15.200000000000001,148.9,98900.0,2026-09-09 18:00:00,2026-09-09 18:00:00,989.0
20260909,180000,71W,45,2026,9,9,18,15.700000000000001,147.9,98900.0,2026-09-09 18:00:00,2026-09-09 18:00:00,989.0
20260909,180000,71W,45,2026,9,9,18,15.9,147.0,97900.0,2026-09-09 18:00:00,2026-09-09 18:00:00,979.0
20260909,180000,71W,45,2026,9,9,18,16.0,146.3,97600.0,2026-09-09 18:00:00,2026-09-09 18:00:00,976.0
20260909,180000,71W,45,2026,9,9,18,16.9,145.6,96600.0,2026-09-09 18:00:00,2026-09-09 18:00:00,966.0
20260909,180000,71W,45,2026,9,9,18,17.3,144.70000000000002,95700.0,2026-09-09 18:00:00,2026-09-09 18:00:00,957.0
20260909,180000,71W,45,2026,9,9,18,18.1,143.8,94800.0,2026-09-09 18:00:00,2026-09-09 18:00:00,948.0
20260909,180000,71W,46,2026,9,9,18,9.5,155.3,100800.0,2026-09-09 18:00:00,2026-09-09 18:00:00,1008.0
20260909,180000,71W,46,2026,9,9,18,12.0,155.8,100500.0,2026-09-09 18:00:00,2026-09-09 18:00:00,1005.0
20260909,180000,71W,46,2026,9,9,18,11.5,156.0,100800.0,2026-09-09 18:00:00,2026-09-09 18:00:00,1008.0
20260909,180000,71W,46,2026,9,9,18,11.9,153.6,100600.0,2026-09-09 18:00:00,2026-09-09 18:00:00,1006.0
20260909,180000,71W,46,2026,9,9,18,12.3,153.1,100800.0,2026-09-09 18:00:00,2026-09-09 18:00:00,1008.0
20260909,180000,71W,46,2026,9,9,18,12.1,152.3,100500.0,2026-09-09 18:00:00,2026-09-09 18:00:00,1005.0
20260909,180000,71W,46,2026,9,9,18,12.8,150.70000000000002,100800.0,2026-09-09 18:00:00,2026-09-09 18:00:00,1008.0
20260909,180000,71W,46,2026,9,9,18,12.4,150.5,100500.0,2026-09-09 18:00:00,2026-09-09 18:00:00,1005.0
20260909,180000,71W,46,2026,9,9,18,12.9,150.20000000000002,100700.0,2026-09-09 18:00:00,2026-09-09 18:00:00,1007.0
20260909,180000,71W,46,2026,9,9,18,12.6,149.20000000000002,100400.0,2026-09-09 18:00:00,2026-09-09 18:00:00,1004.0
20260909,180000,71W,46,2026,9,9,18,13.1,149.6,100500.0,2026-09-09 18:00:00,2026-09-09 18:00:00,1005.0
20260909,180000,71W,46,2026,9,9,18,14.3,148.3,100100.0,2026-09-09 18:00:00,2026-09-09 18:00:00,1001.0
20260909,180000,71W,47,2026,9,9,18,12.1,153.70000000000002,100600.0,2026-09-09 18:00:00,2026-09-09 18:00:00,1006.0
20260909,180000,71W,47,2026,9,9,18,11.700000000000001,151.8,100900.0,2026-09-09 18:00:00,2026-09-09 18:00:00,1009.0
20260909,180000,71W,47,2026,9,9,18,12.0,152.3,100600.0,2026-09-09 18:00:00,2026-09-09 18:00:00,1006.0
20260909,180000,71W,47,2026,9,9,18,10.8,154.20000000000002,100400.0,2026-09-09 18:00:00,2026-09-09 18:00:00,1004.0
20260909,180000,71W,47,2026,9,9,18,11.0,154.9,100600.0,2026-09-09 18:00:00,2026-09-09 18:00:00,1006.0
20260909,180000,71W,47,2026,9,9,18,11.8,155.6,100300.0,2026-09-09 18:00:00,2026-09-09 18:00:00,1003.0
20260909,180000,71W,47,2026,9,9,18,12.5,156.1,100600.0,2026-09-09 18:00:00,2026-09-09 18:00:00,1006.0
20260909,180000,71W,47,2026,9,9,18,12.1,155.9,100600.0,2026-09-09 18:00:00,2026-09-09 18:00:00,1006.0
20260909,180000,71W,47,2026,9,9,18,11.200000000000001,155.8,100200.0,2026-09-09 18:00:00,2026-09-09 18:00:00,1002.0
20260909,180000,71W,47,2026,9,9,18,11.0,155.8,100300.0,2026-09-09 18:00:00,2026-09-09 18:00:00,1003.0
20260909,180000,71W,47,2026,9,9,18,11.200000000000001,155.9,100000.0,2026-09-09 18:00:00,2026-09-09 18:00:00,1000.0
20260909,180000,71W,47,2026,9,9,18,11.3,156.0,100200.0,2026-09-09 18:00:00,2026-09-09 18:00:00,1002.0
20260909,180000,71W,47,2026,9,9,18,12.1,155.70000000000002,100000.0,2026-09-09 18:00:00,2026-09-09 18:00:00,1000.0
20260909,180000,71W,47,2026,9,9,18,12.9,155.1,100200.0,2026-09-09 18:00:00,2026-09-09 18:00:00,1002.0
20260909,180000,71W,47,2026,9,9,18,13.700000000000001,154.1,100000.0,2026-09-09 18:00:00,2026-09-09 18:00:00,1000.0
20260909,180000,71W,47,2026,9,9,18,14.0,152.70000000000002,100200.0,2026-09-09 18:00:00,2026-09-09 18:00:00,1002.0
20260909,180000,71W,47,2026,9,9,18,14.3,151.3,99900.0,2026-09-09 18:00:00,2026-09-09 18:00:00,999.0
20260909,180000,71W,47,2026,9,9,18,14.1,150.8,100000.0,2026-09-09 18:00:00,2026-09-09 18:00:00,1000.0
20260909,180000,71W,47,2026,9,9,18,14.3,149.8,99700.0,2026-09-09 18:00:00,2026-09-09 18:00:00,997.0
20260909,180000,71W,47,2026,9,9,18,14.5,149.3,99500.0,2026-09-09 18:00:00,2026-09-09 18:00:00,995.0
20260909,180000,71W,47,2026,9,9,18,14.9,149.20000000000002,98900.0,2026-09-09 18:00:00,2026-09-09 18:00:00,989.0
20260909,180000,71W,48,2026,9,9,18,6.9,172.4,100600.0,2026-09-09 18:00:00,2026-09-09 18:00:00,1006.0
20260909,180000,71W,48,2026,9,9,18,8.2,174.0,100800.0,2026-09-09 18:00:00,2026-09-09 18:00:00,1008.0
20260909,180000,71W,48,2026,9,9,18,7.0,173.3,100700.0,2026-09-09 18:00:00,2026-09-09 18:00:00,1007.0
20260909,180000,71W,48,2026,9,9,18,8.1,174.3,100800.0,2026-09-09 18:00:00,2026-09-09 18:00:00,1008.0
20260909,180000,71W,48,2026,9,9,18,6.9,173.6,100600.0,2026-09-09 18:00:00,2026-09-09 18:00:00,1006.0
20260909,180000,71W,48,2026,9,9,18,6.5,175.0,100700.0,2026-09-09 18:00:00,2026-09-09 18:00:00,1007.0
20260909,180000,71W,48,2026,9,9,18,7.0,175.70000000000002,100500.0,2026-09-09 18:00:00,2026-09-09 18:00:00,1005.0
20260909,180000,71W,48,2026,9,9,18,7.6000000000000005,176.9,100600.0,2026-09-09 18:00:00,2026-09-09 18:00:00,1006.0
20260909,180000,71W,48,2026,9,9,18,9.0,176.20000000000002,100800.0,2026-09-09 18:00:00,2026-09-09 18:00:00,1008.0
20260909,180000,71W,48,2026,9,9,18,9.1,175.20000000000002,100700.0,2026-09-09 18:00:00,2026-09-09 18:00:00,1007.0
20260909,180000,71W,48,2026,9,9,18,9.4,173.20000000000002,100800.0,2026-09-09 18:00:00,2026-09-09 18:00:00,1008.0
20260909,180000,71W,48,2026,9,9,18,11.200000000000001,173.8,100700.0,2026-09-09 18:00:00,2026-09-09 18:00:00,1007.0
20260909,180000,71W,48,2026,9,9,18,10.0,173.3,100600.0,2026-09-09 18:00:00,2026-09-09 18:00:00,1006.0
20260909,180000,71W,49,2026,9,9,18,14.4,166.20000000000002,100500.0,2026-09-09 18:00:00,2026-09-09 18:00:00,1005.0
20260909,180000,71W,49,2026,9,9,18,14.5,165.6,100700.0,2026-09-09 18:00:00,2026-09-09 18:00:00,1007.0
20260909,180000,71W,49,2026,9,9,18,14.3,165.0,100600.0,2026-09-09 18:00:00,2026-09-09 18:00:00,1006.0
20260909,180000,71W,49,2026,9,9,18,12.6,165.70000000000002,100800.0,2026-09-09 18:00:00,2026-09-09 18:00:00,1008.0
20260909,180000,71W,49,2026,9,9,18,10.700000000000001,165.1,100700.0,2026-09-09 18:00:00,2026-09-09 18:00:00,1007.0
20260909,180000,71W,49,2026,9,9,18,11.1,165.20000000000002,100700.0,2026-09-09 18:00:00,2026-09-09 18:00:00,1007.0
20260909,180000,71W,49,2026,9,9,18,11.3,164.20000000000002,100400.0,2026-09-09 18:00:00,2026-09-09 18:00:00,1004.0
20260909,180000,71W,49,2026,9,9,18,11.8,163.0,100400.0,2026-09-09 18:00:00,2026-09-09 18:00:00,1004.0
20260909,180000,71W,49,2026,9,9,18,11.700000000000001,160.9,100100.0,2026-09-09 18:00:00,2026-09-09 18:00:00,1001.0
20260909,180000,71W,49,2026,9,9,18,12.1,160.3,99600.0,2026-09-09 18:00:00,2026-09-09 18:00:00,996.0
20260909,180000,71W,49,2026,9,9,18,13.1,159.8,98700.0,2026-09-09 18:00:00,2026-09-09 18:00:00,987.0
20260909,180000,71W,49,2026,9,9,18,14.0,158.4,98500.0,2026-09-09 18:00:00,2026-09-09 18:00:00,985.0
20260909,180000,71W,49,2026,9,9,18,14.6,157.5,98400.0,2026-09-09 18:00:00,2026-09-09 18:00:00,984.0
20260909,180000,71W,49,2026,9,9,18,15.200000000000001,156.6,98500.0,2026-09-09 18:00:00,2026-09-09 18:00:00,985.0
20260909,180000,71W,49,2026,9,9,18,15.700000000000001,155.70000000000002,97400.0,2026-09-09 18:00:00,2026-09-09 18:00:00,974.0
20260909,180000,71W,49,2026,9,9,18,16.2,155.0,96900.0,2026-09-09 18:00:00,2026-09-09 18:00:00,969.0
20260909,180000,71W,49,2026,9,9,18,17.0,154.20000000000002,96100.0,2026-09-09 18:00:00,2026-09-09 18:00:00,961.0
20260909,180000,71W,49,2026,9,9,18,17.400000000000002,153.4,95500.0,2026-09-09 18:00:00,2026-09-09 18:00:00,955.0
20260909,180000,71W,49,2026,9,9,18,17.900000000000002,152.70000000000002,95400.0,2026-09-09 18:00:00,2026-09-09 18:00:00,954.0
20260909,180000,71W,50,2026,9,9,18,7.0,173.6,100500.0,2026-09-09 18:00:00,2026-09-09 18:00:00,1005.0
20260909,180000,71W,50,2026,9,9,18,8.4,174.8,100300.0,2026-09-09 18:00:00,2026-09-09 18:00:00,1003.0
20260909,180000,71W,50,2026,9,9,18,8.700000000000001,174.3,100500.0,2026-09-09 18:00:00,2026-09-09 18:00:00,1005.0
20260909,180000,71W,50,2026,9,9,18,8.4,173.5,100400.0,2026-09-09 18:00:00,2026-09-09 18:00:00,1004.0
20260909,180000,71W,50,2026,9,9,18,8.2,173.5,100500.0,2026-09-09 18:00:00,2026-09-09 18:00:00,1005.0
20260909,180000,71W,50,2026,9,9,18,7.6000000000000005,173.5,100300.0,2026-09-09 18:00:00,2026-09-09 18:00:00,1003.0
20260909,180000,71W,50,2026,9,9,18,8.1,174.0,100400.0,2026-09-09 18:00:00,2026-09-09 18:00:00,1004.0
20260909,180000,71W,50,2026,9,9,18,8.2,174.70000000000002,100400.0,2026-09-09 18:00:00,2026-09-09 18:00:00,1004.0
20260909,180000,71W,50,2026,9,9,18,8.700000000000001,174.4,100700.0,2026-09-09 18:00:00,2026-09-09 18:00:00,1007.0
20260909,180000,71W,50,2026,9,9,18,10.200000000000001,172.4,100600.0,2026-09-09 18:00:00,2026-09-09 18:00:00,1006.0
20260909,180000,71W,50,2026,9,9,18,9.9,172.8,100700.0,2026-09-09 18:00:00,2026-09-09 18:00:00,1007.0
20260909,180000,71W,50,2026,9,9,18,11.0,173.3,100700.0,2026-09-09 18:00:00,2026-09-09 18:00:00,1007.0
20260909,180000,71W,50,2026,9,9,18,9.9,172.8,100800.0,2026-09-09 18:00:00,2026-09-09 18:00:00,1008.0
20260909,180000,71W,50,2026,9,9,18,9.700000000000001,172.3,100600.0,2026-09-09 18:00:00,2026-09-09 18:00:00,1006.0
20260909,180000,71W,50,2026,9,9,18,9.5,172.6,100800.0,2026-09-09 18:00:00,2026-09-09 18:00:00,1008.0
20260909,180000,71W,50,2026,9,9,18,9.1,172.4,100600.0,2026-09-09 18:00:00,2026-09-09 18:00:00,1006.0
20260909,180000,71W,50,2026,9,9,18,9.200000000000001,172.3,100700.0,2026-09-09 18:00:00,2026-09-09 18:00:00,1007.0
20260909,180000,71W,50,2026,9,9,18,8.3,172.1,100500.0,2026-09-09 18:00:00,2026-09-09 18:00:00,1005.0
20260909,180000,71W,50,2026,9,9,18,7.7,172.1,100600.0,2026-09-09 18:00:00,2026-09-09 18:00:00,1006.0
20260909,180000,71W,50,2026,9,9,18,8.3,172.20000000000002,100500.0,2026-09-09 18:00:00,2026-09-09 18:00:00,1005.0
20260909,180000,71W,51,2026,9,9,18,11.5,110.3,100800.0,2026-09-09 18:00:00,2026-09-09 18:00:00,1008.0
20260909,180000,71W,51,2026,9,9,18,13.0,112.4,100800.0,2026-09-09 18:00:00,2026-09-09 18:00:00,1008.0
20260909,180000,71W,51,2026,9,9,18,15.4,114.0,100700.0,2026-09-09 18:00:00,2026-09-09 18:00:00,1007.0
20260909,180000,71W,51,2026,9,9,18,17.900000000000002,115.10000000000001,100600.0,2026-09-09 18:00:00,2026-09-09 18:00:00,1006.0
20260909,180000,71W,51,2026,9,9,18,17.900000000000002,112.2,100600.0,2026-09-09 18:00:00,2026-09-09 18:00:00,1006.0
20260909,180000,71W,51,2026,9,9,18,17.3,111.0,100600.0,2026-09-09 18:00:00,2026-09-09 18:00:00,1006.0
20260909,180000,71W,51,2026,9,9,18,16.6,110.5,100400.0,2026-09-09 18:00:00,2026-09-09 18:00:00,1004.0
20260909,180000,71W,51,2026,9,9,18,17.0,110.8,100600.0,2026-09-09 18:00:00,2026-09-09 18:00:00,1006.0
20260909,180000,71W,51,2026,9,9,18,17.1,110.3,100500.0,2026-09-09 18:00:00,2026-09-09 18:00:00,1005.0
20260909,180000,71W,51,2026,9,9,18,17.1,110.10000000000001,100500.0,2026-09-09 18:00:00,2026-09-09 18:00:00,1005.0
20260909,180000,71W,51,2026,9,9,18,17.3,110.4,100400.0,2026-09-09 18:00:00,2026-09-09 18:00:00,1004.0
20260909,180000,71W,51,2026,9,9,18,17.6,110.0,100400.0,2026-09-09 18:00:00,2026-09-09 18:00:00,1004.0
20260909,180000,71W,51,2026,9,9,18,17.900000000000002,109.7,100400.0,2026-09-09 18:00:00,2026-09-09 18:00:00,1004.0
20260909,180000,71W,51,2026,9,9,18,17.8,108.8,100400.0,2026-09-09 18:00:00,2026-09-09 18:00:00,1004.0
20260909,180000,71W,51,2026,9,9,18,18.1,109.2,100300.0,2026-09-09 18:00:00,2026-09-09 18:00:00,1003.0
20260909,180000,71W,51,2026,9,9,18,18.1,108.5,100200.0,2026-09-09 18:00:00,2026-09-09 18:00:00,1002.0
20260909,180000,71W,51,2026,9,9,18,17.3,108.2,100200.0,2026-09-09 18:00:00,2026-09-09 18:00:00,1002.0
20260909,180000,72W,1,2026,9,9,18,8.5,153.70000000000002,100600.0,2026-09-09 18:00:00,2026-09-09 18:00:00,1006.0
20260909,180000,72W,1,2026,9,9,18,9.0,155.3,100700.0,2026-09-09 18:00:00,2026-09-09 18:00:00,1007.0
20260909,180000,72W,1,2026,9,9,18,12.200000000000001,156.1,100400.0,2026-09-09 18:00:00,2026-09-09 18:00:00,1004.0
20260909,180000,72W,1,2026,9,9,18,13.6,157.3,100100.0,2026-09-09 18:00:00,2026-09-09 18:00:00,1001.0
20260909,180000,72W,1,2026,9,9,18,14.700000000000001,156.8,99800.0,2026-09-09 18:00:00,2026-09-09 18:00:00,998.0
20260909,180000,72W,1,2026,9,9,18,15.1,156.1,99800.0,2026-09-09 18:00:00,2026-09-09 18:00:00,998.0
20260909,180000,72W,1,2026,9,9,18,16.1,155.8,99600.0,2026-09-09 18:00:00,2026-09-09 18:00:00,996.0
20260909,180000,72W,1,2026,9,9,18,16.1,154.20000000000002,99600.0,2026-09-09 18:00:00,2026-09-09 18:00:00,996.0
20260909,180000,72W,1,2026,9,9,18,16.6,153.20000000000002,99100.0,2026-09-09 18:00:00,2026-09-09 18:00:00,991.0
20260909,180000,72W,1,2026,9,9,18,16.6,152.20000000000002,99200.0,2026-09-09 18:00:00,2026-09-09 18:00:00,992.0
20260909,180000,72W,1,2026,9,9,18,17.3,151.70000000000002,98800.0,2026-09-09 18:00:00,2026-09-09 18:00:00,988.0
20260909,180000,72W,1,2026,9,9,18,17.900000000000002,150.5,98900.0,2026-09-09 18:00:00,2026-09-09 18:00:00,989.0
20260909,180000,72W,1,2026,9,9,18,18.7,149.3,98400.0,2026-09-09 18:00:00,2026-09-09 18:00:00,984.0
20260909,180000,72W,1,2026,9,9,18,19.3,147.9,98300.0,2026-09-09 18:00:00,2026-09-09 18:00:00,983.0
20260909,180000,72W,1,2026,9,9,18,20.0,146.70000000000002,98000.0,2026-09-09 18:00:00,2026-09-09 18:00:00,980.0
20260909,180000,72W,1,2026,9,9,18,20.6,145.8,97900.0,2026-09-09 18:00:00,2026-09-09 18:00:00,979.0
20260909,180000,72W,1,2026,9,9,18,21.3,144.4,97500.0,2026-09-09 18:00:00,2026-09-09 18:00:00,975.0
20260909,180000,72W,3,2026,9,9,18,15.3,102.7,100800.0,2026-09-09 18:00:00,2026-09-09 18:00:00,1008.0
20260909,180000,72W,3,2026,9,9,18,13.4,100.60000000000001,100900.0,2026-09-09 18:00:00,2026-09-09 18:00:00,1009.0
20260909,180000,72W,3,2026,9,9,18,12.1,100.4,100800.0,2026-09-09 18:00:00,2026-09-09 18:00:00,1008.0
20260909,180000,72W,3,2026,9,9,18,10.9,101.10000000000001,100800.0,2026-09-09 18:00:00,2026-09-09 18:00:00,1008.0
20260909,180000,72W,3,2026,9,9,18,10.5,101.2,100700.0,2026-09-09 18:00:00,2026-09-09 18:00:00,1007.0
20260909,180000,72W,3,2026,9,9,18,10.3,100.0,100600.0,2026-09-09 18:00:00,2026-09-09 18:00:00,1006.0
20260909,180000,72W,3,2026,9,9,18,10.6,100.10000000000001,100700.0,2026-09-09 18:00:00,2026-09-09 18:00:00,1007.0
20260909,180000,72W,3,2026,9,9,18,10.700000000000001,99.2,100500.0,2026-09-09 18:00:00,2026-09-09 18:00:00,1005.0
20260909,180000,72W,3,2026,9,9,18,10.200000000000001,99.60000000000001,100200.0,2026-09-09 18:00:00,2026-09-09 18:00:00,1002.0
20260909,180000,72W,3,2026,9,9,18,10.5,99.7,99900.0,2026-09-09 18:00:00,2026-09-09 18:00:00,999.0
20260909,180000,72W,3,2026,9,9,18,10.700000000000001,99.7,99800.0,2026-09-09 18:00:00,2026-09-09 18:00:00,998.0
20260909,180000,72W,3,2026,9,9,18,11.0,99.9,99700.0,2026-09-09 18:00:00,2026-09-09 18:00:00,997.0
20260909,180000,72W,3,2026,9,9,18,11.5,100.10000000000001,99600.0,2026-09-09 18:00:00,2026-09-09 18:00:00,996.0
20260909,180000,72W,3,2026,9,9,18,12.1,100.5,99800.0,2026-09-09 18:00:00,2026-09-09 18:00:00,998.0
20260909,180000,72W,3,2026,9,9,18,13.0,100.7,100000.0,2026-09-09 18:00:00,2026-09-09 18:00:00,1000.0
20260909,180000,72W,3,2026,9,9,18,13.700000000000001,101.10000000000001,100200.0,2026-09-09 18:00:00,2026-09-09 18:00:00,1002.0
20260909,180000,72W,3,2026,9,9,18,14.9,101.10000000000001,100600.0,2026-09-09 18:00:00,2026-09-09 18:00:00,1006.0
20260909,180000,72W,3,2026,9,9,18,15.4,101.60000000000001,100600.0,2026-09-09 18:00:00,2026-09-09 18:00:00,1006.0
20260909,180000,72W,3,2026,9,9,18,16.0,102.10000000000001,100600.0,2026-09-09 18:00:00,2026-09-09 18:00:00,1006.0
20260909,180000,72W,4,2026,9,9,18,17.8,108.2,100800.0,2026-09-09 18:00:00,2026-09-09 18:00:00,1008.0
20260909,180000,72W,4,2026,9,9,18,18.2,108.4,100800.0,2026-09-09 18:00:00,2026-09-09 18:00:00,1008.0
20260909,180000,72W,5,2026,9,9,18,7.4,171.9,100700.0,2026-09-09 18:00:00,2026-09-09 18:00:00,1007.0
20260909,180000,72W,5,2026,9,9,18,7.2,173.4,100500.0,2026-09-09 18:00:00,2026-09-09 18:00:00,1005.0
20260909,180000,72W,5,2026,9,9,18,6.9,173.8,100700.0,2026-09-09 18:00:00,2026-09-09 18:00:00,1007.0
20260909,180000,72W,5,2026,9,9,18,6.8,174.0,100600.0,2026-09-09 18:00:00,2026-09-09 18:00:00,1006.0
20260909,180000,72W,5,2026,9,9,18,6.7,174.20000000000002,100600.0,2026-09-09 18:00:00,2026-09-09 18:00:00,1006.0
20260909,180000,72W,5,2026,9,9,18,7.6000000000000005,175.20000000000002,100600.0,2026-09-09 18:00:00,2026-09-09 18:00:00,1006.0
20260909,180000,72W,5,2026,9,9,18,5.9,174.9,100500.0,2026-09-09 18:00:00,2026-09-09 18:00:00,1005.0
20260909,180000,72W,5,2026,9,9,18,7.2,174.70000000000002,100600.0,2026-09-09 18:00:00,2026-09-09 18:00:00,1006.0
20260909,180000,72W,5,2026,9,9,18,7.6000000000000005,174.1,100500.0,2026-09-09 18:00:00,2026-09-09 18:00:00,1005.0
20260909,180000,72W,6,2026,9,9,18,10.200000000000001,160.8,100600.0,2026-09-09 18:00:00,2026-09-09 18:00:00,1006.0
20260909,180000,72W,6,2026,9,9,18,10.1,162.4,100700.0,2026-09-09 18:00:00,2026-09-09 18:00:00,1007.0
20260909,180000,72W,6,2026,9,9,18,10.9,162.1,100500.0,2026-09-09 18:00:00,2026-09-09 18:00:00,1005.0
20260909,180000,72W,6,2026,9,9,18,10.5,163.1,100700.0,2026-09-09 18:00:00,2026-09-09 18:00:00,1007.0
20260909,180000,72W,6,2026,9,9,18,11.0,163.3,100300.0,2026-09-09 18:00:00,2026-09-09 18:00:00,1003.0
20260909,180000,72W,6,2026,9,9,18,11.700000000000001,162.70000000000002,100400.0,2026-09-09 18:00:00,2026-09-09 18:00:00,1004.0
20260909,180000,72W,6,2026,9,9,18,12.4,162.20000000000002,100100.0,2026-09-09 18:00:00,2026-09-09 18:00:00,1001.0
20260909,180000,72W,6,2026,9,9,18,13.1,161.5,100100.0,2026-09-09 18:00:00,2026-09-09 18:00:00,1001.0
20260909,180000,72W,6,2026,9,9,18,13.3,160.5,98900.0,2026-09-09 18:00:00,2026-09-09 18:00:00,989.0
20260909,180000,72W,6,2026,9,9,18,13.8,159.70000000000002,98000.0,2026-09-09 18:00:00,2026-09-09 18:00:00,980.0
20260909,180000,72W,6,2026,9,9,18,14.4,159.5,97300.0,2026-09-09 18:00:00,2026-09-09 18:00:00,973.0
20260909,180000,72W,6,2026,9,9,18,14.8,159.1,96500.0,2026-09-09 18:00:00,2026-09-09 18:00:00,965.0
20260909,180000,72W,6,2026,9,9,18,15.700000000000001,158.6,95600.0,2026-09-09 18:00:00,2026-09-09 18:00:00,956.0
20260909,180000,72W,6,2026,9,9,18,16.3,158.0,95300.0,2026-09-09 18:00:00,2026-09-09 18:00:00,953.0
20260909,180000,72W,6,2026,9,9,18,17.1,157.70000000000002,94600.0,2026-09-09 18:00:00,2026-09-09 18:00:00,946.0
20260909,180000,72W,6,2026,9,9,18,17.900000000000002,157.3,93900.0,2026-09-09 18:00:00,2026-09-09 18:00:00,939.0
20260909,180000,72W,6,2026,9,9,18,19.0,156.4,93700.0,2026-09-09 18:00:00,2026-09-09 18:00:00,937.0
20260909,180000,72W,7,2026,9,9,18,18.7,126.7,100800.0,2026-09-09 18:00:00,2026-09-09 18:00:00,1008.0
20260909,180000,72W,7,2026,9,9,18,16.4,123.0,100900.0,2026-09-09 18:00:00,2026-09-09 18:00:00,1009.0
20260909,180000,72W,7,2026,9,9,18,14.9,118.7,100800.0,2026-09-09 18:00:00,2026-09-09 18:00:00,1008.0
20260909,180000,72W,7,2026,9,9,18,15.4,118.7,100600.0,2026-09-09 18:00:00,2026-09-09 18:00:00,1006.0
20260909,180000,72W,7,2026,9,9,18,15.1,117.2,100700.0,2026-09-09 18:00:00,2026-09-09 18:00:00,1007.0
20260909,180000,72W,7,2026,9,9,18,15.4,118.9,100600.0,2026-09-09 18:00:00,2026-09-09 18:00:00,1006.0
20260909,180000,72W,7,2026,9,9,18,12.9,118.8,100500.0,2026-09-09 18:00:00,2026-09-09 18:00:00,1005.0
20260909,180000,72W,7,2026,9,9,18,12.700000000000001,121.2,100600.0,2026-09-09 18:00:00,2026-09-09 18:00:00,1006.0
20260909,180000,72W,7,2026,9,9,18,12.6,121.3,100300.0,2026-09-09 18:00:00,2026-09-09 18:00:00,1003.0
20260909,180000,72W,8,2026,9,9,18,11.700000000000001,105.2,100600.0,2026-09-09 18:00:00,2026-09-09 18:00:00,1006.0
20260909,180000,72W,8,2026,9,9,18,10.700000000000001,106.10000000000001,100700.0,2026-09-09 18:00:00,2026-09-09 18:00:00,1007.0
20260909,180000,72W,8,2026,9,9,18,10.8,109.10000000000001,100800.0,2026-09-09 18:00:00,2026-09-09 18:00:00,1008.0
20260909,180000,72W,8,2026,9,9,18,10.9,109.9,100600.0,2026-09-09 18:00:00,2026-09-09 18:00:00,1006.0
20260909,180000,72W,8,2026,9,9,18,11.3,110.0,100600.0,2026-09-09 18:00:00,2026-09-09 18:00:00,1006.0
20260909,180000,72W,8,2026,9,9,18,11.200000000000001,110.0,100500.0,2026-09-09 18:00:00,2026-09-09 18:00:00,1005.0
20260909,180000,72W,8,2026,9,9,18,11.9,110.4,100600.0,2026-09-09 18:00:00,2026-09-09 18:00:00,1006.0
20260909,180000,72W,8,2026,9,9,18,12.5,110.7,100400.0,2026-09-09 18:00:00,2026-09-09 18:00:00,1004.0
20260909,180000,72W,8,2026,9,9,18,12.9,111.10000000000001,100500.0,2026-09-09 18:00:00,2026-09-09 18:00:00,1005.0
20260909,180000,72W,8,2026,9,9,18,14.0,111.8,100400.0,2026-09-09 18:00:00,2026-09-09 18:00:00,1004.0
20260909,180000,72W,8,2026,9,9,18,15.1,112.9,100400.0,2026-09-09 18:00:00,2026-09-09 18:00:00,1004.0
20260909,180000,72W,9,2026,9,9,18,7.4,146.8,100800.0,2026-09-09 18:00:00,2026-09-09 18:00:00,1008.0
20260909,180000,72W,9,2026,9,9,18,8.4,148.0,100600.0,2026-09-09 18:00:00,2026-09-09 18:00:00,1006.0
20260909,180000,72W,9,2026,9,9,18,9.700000000000001,148.4,100500.0,2026-09-09 18:00:00,2026-09-09 18:00:00,1005.0
20260909,180000,72W,9,2026,9,9,18,10.9,151.3,100600.0,2026-09-09 18:00:00,2026-09-09 18:00:00,1006.0
20260909,180000,72W,9,2026,9,9,18,13.700000000000001,153.70000000000002,100700.0,2026-09-09 18:00:00,2026-09-09 18:00:00,1007.0
20260909,180000,72W,9,2026,9,9,18,12.4,153.70000000000002,100400.0,2026-09-09 18:00:00,2026-09-09 18:00:00,1004.0
20260909,180000,72W,9,2026,9,9,18,13.1,153.70000000000002,100400.0,2026-09-09 18:00:00,2026-09-09 18:00:00,1004.0
20260909,180000,72W,9,2026,9,9,18,13.5,153.9,100000.0,2026-09-09 18:00:00,2026-09-09 18:00:00,1000.0
20260909,180000,72W,9,2026,9,9,18,14.0,153.6,100000.0,2026-09-09 18:00:00,2026-09-09 18:00:00,1000.0
20260909,180000,72W,9,2026,9,9,18,15.200000000000001,153.5,99800.0,2026-09-09 18:00:00,2026-09-09 18:00:00,998.0
20260909,180000,72W,9,2026,9,9,18,15.700000000000001,152.70000000000002,99700.0,2026-09-09 18:00:00,2026-09-09 18:00:00,997.0
20260909,180000,72W,9,2026,9,9,18,17.0,152.20000000000002,99100.0,2026-09-09 18:00:00,2026-09-09 18:00:00,991.0
20260909,180000,72W,9,2026,9,9,18,17.3,151.1,98900.0,2026-09-09 18:00:00,2026-09-09 18:00:00,989.0
20260909,180000,72W,9,2026,9,9,18,17.6,151.5,98200.0,2026-09-09 18:00:00,2026-09-09 18:00:00,982.0
20260909,180000,72W,9,2026,9,9,18,19.0,150.6,98000.0,2026-09-09 18:00:00,2026-09-09 18:00:00,980.0
20260909,180000,72W,9,2026,9,9,18,21.0,149.9,97400.0,2026-09-09 18:00:00,2026-09-09 18:00:00,974.0
20260909,180000,72W,10,2026,9,9,18,7.2,173.6,100400.0,2026-09-09 18:00:00,2026-09-09 18:00:00,1004.0
20260909,180000,72W,10,2026,9,9,18,7.2,173.8,100600.0,2026-09-09 18:00:00,2026-09-09 18:00:00,1006.0
20260909,180000,72W,10,2026,9,9,18,7.0,173.9,100500.0,2026-09-09 18:00:00,2026-09-09 18:00:00,1005.0
20260909,180000,72W,10,2026,9,9,18,6.4,174.1,100500.0,2026-09-09 18:00:00,2026-09-09 18:00:00,1005.0
20260909,180000,72W,10,2026,9,9,18,6.7,174.0,100300.0,2026-09-09 18:00:00,2026-09-09 18:00:00,1003.0
20260909,180000,72W,10,2026,9,9,18,6.7,174.1,100400.0,2026-09-09 18:00:00,2026-09-09 18:00:00,1004.0
20260909,180000,72W,10,2026,9,9,18,7.0,174.0,100300.0,2026-09-09 18:00:00,2026-09-09 18:00:00,1003.0
20260909,180000,72W,10,2026,9,9,18,7.5,174.3,100300.0,2026-09-09 18:00:00,2026-09-09 18:00:00,1003.0
20260909,180000,72W,10,2026,9,9,18,7.6000000000000005,173.70000000000002,100100.0,2026-09-09 18:00:00,2026-09-09 18:00:00,1001.0
20260909,180000,72W,10,2026,9,9,18,7.6000000000000005,172.8,100200.0,2026-09-09 18:00:00,2026-09-09 18:00:00,1002.0
20260909,180000,72W,10,2026,9,9,18,9.6,170.6,100000.0,2026-09-09 18:00:00,2026-09-09 18:00:00,1000.0
20260909,180000,72W,10,2026,9,9,18,10.3,169.5,100100.0,2026-09-09 18:00:00,2026-09-09 18:00:00,1001.0
20260909,180000,72W,10,2026,9,9,18,11.3,168.6,100100.0,2026-09-09 18:00:00,2026-09-09 18:00:00,1001.0
20260909,180000,72W,10,2026,9,9,18,11.200000000000001,168.70000000000002,100300.0,2026-09-09 18:00:00,2026-09-09 18:00:00,1003.0
20260909,180000,72W,10,2026,9,9,18,12.0,168.70000000000002,100200.0,2026-09-09 18:00:00,2026-09-09 18:00:00,1002.0
20260909,180000,72W,10,2026,9,9,18,12.6,168.1,100400.0,2026-09-09 18:00:00,2026-09-09 18:00:00,1004.0
20260909,180000,72W,10,2026,9,9,18,13.200000000000001,167.1,100200.0,2026-09-09 18:00:00,2026-09-09 18:00:00,1002.0
20260909,180000,72W,10,2026,9,9,18,13.6,166.0,100300.0,2026-09-09 18:00:00,2026-09-09 18:00:00,1003.0
20260909,180000,72W,10,2026,9,9,18,14.0,165.5,100100.0,2026-09-09 18:00:00,2026-09-09 18:00:00,1001.0
20260909,180000,72W,10,2026,9,9,18,14.3,165.3,100200.0,2026-09-09 18:00:00,2026-09-09 18:00:00,1002.0
20260909,180000,72W,10,2026,9,9,18,14.8,164.8,99800.0,2026-09-09 18:00:00,2026-09-09 18:00:00,998.0
20260909,180000,72W,10,2026,9,9,18,13.6,166.1,100100.0,2026-09-09 18:00:00,2026-09-09 18:00:00,1001.0
20260909,180000,72W,11,2026,9,9,18,15.3,166.70000000000002,100600.0,2026-09-09 18:00:00,2026-09-09 18:00:00,1006.0
20260909,180000,72W,11,2026,9,9,18,14.8,165.4,100500.0,2026-09-09 18:00:00,2026-09-09 18:00:00,1005.0
20260909,180000,72W,11,2026,9,9,18,14.4,164.6,100500.0,2026-09-09 18:00:00,2026-09-09 18:00:00,1005.0
20260909,180000,72W,11,2026,9,9,18,13.4,164.6,100600.0,2026-09-09 18:00:00,2026-09-09 18:00:00,1006.0
20260909,180000,72W,11,2026,9,9,18,13.6,163.70000000000002,100400.0,2026-09-09 18:00:00,2026-09-09 18:00:00,1004.0
20260909,180000,72W,11,2026,9,9,18,14.1,162.70000000000002,100600.0,2026-09-09 18:00:00,2026-09-09 18:00:00,1006.0
20260909,180000,72W,11,2026,9,9,18,11.700000000000001,162.8,100500.0,2026-09-09 18:00:00,2026-09-09 18:00:00,1005.0
20260909,180000,72W,11,2026,9,9,18,10.0,161.9,100300.0,2026-09-09 18:00:00,2026-09-09 18:00:00,1003.0
20260909,180000,72W,11,2026,9,9,18,11.5,160.1,99800.0,2026-09-09 18:00:00,2026-09-09 18:00:00,998.0
20260909,180000,72W,11,2026,9,9,18,11.700000000000001,160.8,99400.0,2026-09-09 18:00:00,2026-09-09 18:00:00,994.0
20260909,180000,72W,11,2026,9,9,18,12.3,161.3,99500.0,2026-09-09 18:00:00,2026-09-09 18:00:00,995.0
20260909,180000,72W,11,2026,9,9,18,12.6,161.20000000000002,99200.0,2026-09-09 18:00:00,2026-09-09 18:00:00,992.0
20260909,180000,72W,11,2026,9,9,18,13.3,161.0,98700.0,2026-09-09 18:00:00,2026-09-09 18:00:00,987.0
20260909,180000,72W,11,2026,9,9,18,13.6,160.6,98500.0,2026-09-09 18:00:00,2026-09-09 18:00:00,985.0
20260909,180000,72W,11,2026,9,9,18,14.1,160.6,98100.0,2026-09-09 18:00:00,2026-09-09 18:00:00,981.0
20260909,180000,72W,11,2026,9,9,18,15.0,160.70000000000002,96500.0,2026-09-09 18:00:00,2026-09-09 18:00:00,965.0
20260909,180000,72W,11,2026,9,9,18,15.9,160.6,95500.0,2026-09-09 18:00:00,2026-09-09 18:00:00,955.0
20260909,180000,72W,11,2026,9,9,18,17.1,160.8,94200.0,2026-09-09 18:00:00,2026-09-09 18:00:00,942.0
20260909,180000,72W,11,2026,9,9,18,18.3,160.8,94200.0,2026-09-09 18:00:00,2026-09-09 18:00:00,942.0
20260909,180000,72W,11,2026,9,9,18,19.5,160.5,94600.0,2026-09-09 18:00:00,2026-09-09 18:00:00,946.0
20260909,180000,72W,13,2026,9,9,18,13.200000000000001,113.8,100800.0,2026-09-09 18:00:00,2026-09-09 18:00:00,1008.0
20260909,180000,72W,13,2026,9,9,18,11.5,111.2,100700.0,2026-09-09 18:00:00,2026-09-09 18:00:00,1007.0
20260909,180000,72W,13,2026,9,9,18,12.700000000000001,110.3,100700.0,2026-09-09 18:00:00,2026-09-09 18:00:00,1007.0
20260909,180000,72W,13,2026,9,9,18,11.8,109.9,100600.0,2026-09-09 18:00:00,2026-09-09 18:00:00,1006.0
20260909,180000,72W,13,2026,9,9,18,11.700000000000001,110.3,100500.0,2026-09-09 18:00:00,2026-09-09 18:00:00,1005.0
20260909,180000,72W,13,2026,9,9,18,12.200000000000001,109.7,100600.0,2026-09-09 18:00:00,2026-09-09 18:00:00,1006.0
20260909,180000,72W,13,2026,9,9,18,14.1,110.10000000000001,100200.0,2026-09-09 18:00:00,2026-09-09 18:00:00,1002.0
20260909,180000,72W,13,2026,9,9,18,13.200000000000001,111.4,100200.0,2026-09-09 18:00:00,2026-09-09 18:00:00,1002.0
20260909,180000,72W,13,2026,9,9,18,14.6,111.4,100100.0,2026-09-09 18:00:00,2026-09-09 18:00:00,1001.0
20260909,180000,72W,13,2026,9,9,18,15.0,111.10000000000001,100000.0,2026-09-09 18:00:00,2026-09-09 18:00:00,1000.0
20260909,180000,72W,13,2026,9,9,18,15.5,111.2,99700.0,2026-09-09 18:00:00,2026-09-09 18:00:00,997.0
20260909,180000,72W,14,2026,9,9,18,15.4,163.6,100600.0,2026-09-09 18:00:00,2026-09-09 18:00:00,1006.0
20260909,180000,72W,14,2026,9,9,18,15.200000000000001,162.8,100400.0,2026-09-09 18:00:00,2026-09-09 18:00:00,1004.0
20260909,180000,72W,14,2026,9,9,18,16.2,161.20000000000002,100600.0,2026-09-09 18:00:00,2026-09-09 18:00:00,1006.0
20260909,180000,72W,14,2026,9,9,18,16.0,159.1,100400.0,2026-09-09 18:00:00,2026-09-09 18:00:00,1004.0
20260909,180000,72W,14,2026,9,9,18,16.6,157.70000000000002,100600.0,2026-09-09 18:00:00,2026-09-09 18:00:00,1006.0
20260909,180000,72W,14,2026,9,9,18,17.2,154.6,100700.0,2026-09-09 18:00:00,2026-09-09 18:00:00,1007.0
20260909,180000,72W,14,2026,9,9,18,16.7,153.0,100600.0,2026-09-09 18:00:00,2026-09-09 18:00:00,1006.0
20260909,180000,72W,14,2026,9,9,18,17.400000000000002,151.9,100700.0,2026-09-09 18:00:00,2026-09-09 18:00:00,1007.0
20260909,180000,72W,14,2026,9,9,18,17.1,149.6,100500.0,2026-09-09 18:00:00,2026-09-09 18:00:00,1005.0
20260909,180000,72W,14,2026,9,9,18,17.1,147.70000000000002,100800.0,2026-09-09 18:00:00,2026-09-09 18:00:00,1008.0
20260909,180000,72W,14,2026,9,9,18,16.5,146.3,100500.0,2026-09-09 18:00:00,2026-09-09 18:00:00,1005.0
20260909,180000,72W,14,2026,9,9,18,17.6,145.6,100700.0,2026-09-09 18:00:00,2026-09-09 18:00:00,1007.0
20260909,180000,72W,14,2026,9,9,18,18.1,143.70000000000002,100500.0,2026-09-09 18:00:00,2026-09-09 18:00:00,1005.0
20260909,180000,72W,14,2026,9,9,18,17.8,142.3,100600.0,2026-09-09 18:00:00,2026-09-09 18:00:00,1006.0
20260909,180000,72W,14,2026,9,9,18,18.1,140.6,100100.0,2026-09-09 18:00:00,2026-09-09 18:00:00,1001.0
20260909,180000,72W,14,2026,9,9,18,18.3,139.0,100100.0,2026-09-09 18:00:00,2026-09-09 18:00:00,1001.0
20260909,180000,72W,14,2026,9,9,18,18.8,137.8,99800.0,2026-09-09 18:00:00,2026-09-09 18:00:00,998.0
20260909,180000,72W,14,2026,9,9,18,19.1,136.4,99800.0,2026-09-09 18:00:00,2026-09-09 18:00:00,998.0
20260909,180000,72W,14,2026,9,9,18,19.6,134.9,99600.0,2026-09-09 18:00:00,2026-09-09 18:00:00,996.0
20260909,180000,72W,15,2026,9,9,18,14.700000000000001,166.5,100600.0,2026-09-09 18:00:00,2026-09-09 18:00:00,1006.0
20260909,180000,72W,15,2026,9,9,18,15.1,165.9,100400.0,2026-09-09 18:00:00,2026-09-09 18:00:00,1004.0
20260909,180000,72W,15,2026,9,9,18,15.200000000000001,164.70000000000002,100700.0,2026-09-09 18:00:00,2026-09-09 18:00:00,1007.0
20260909,180000,72W,15,2026,9,9,18,15.0,161.70000000000002,100500.0,2026-09-09 18:00:00,2026-09-09 18:00:00,1005.0
20260909,180000,72W,15,2026,9,9,18,15.5,160.5,100700.0,2026-09-09 18:00:00,2026-09-09 18:00:00,1007.0
20260909,180000,72W,15,2026,9,9,18,15.6,158.8,100500.0,2026-09-09 18:00:00,2026-09-09 18:00:00,1005.0
20260909,180000,72W,15,2026,9,9,18,15.5,157.3,100700.0,2026-09-09 18:00:00,2026-09-09 18:00:00,1007.0
20260909,180000,72W,15,2026,9,9,18,15.1,155.3,100600.0,2026-09-09 18:00:00,2026-09-09 18:00:00,1006.0
20260909,180000,72W,15,2026,9,9,18,14.5,152.9,100600.0,2026-09-09 18:00:00,2026-09-09 18:00:00,1006.0
20260909,180000,72W,15,2026,9,9,18,14.3,150.20000000000002,100800.0,2026-09-09 18:00:00,2026-09-09 18:00:00,1008.0
20260909,180000,72W,15,2026,9,9,18,15.5,147.5,100600.0,2026-09-09 18:00:00,2026-09-09 18:00:00,1006.0
20260909,180000,72W,15,2026,9,9,18,16.0,144.5,100800.0,2026-09-09 18:00:00,2026-09-09 18:00:00,1008.0
20260909,180000,72W,15,2026,9,9,18,15.5,142.9,100400.0,2026-09-09 18:00:00,2026-09-09 18:00:00,1004.0
20260909,180000,72W,15,2026,9,9,18,14.700000000000001,142.20000000000002,100600.0,2026-09-09 18:00:00,2026-09-09 18:00:00,1006.0
20260909,180000,72W,15,2026,9,9,18,14.9,141.5,100300.0,2026-09-09 18:00:00,2026-09-09 18:00:00,1003.0
20260909,180000,72W,15,2026,9,9,18,14.700000000000001,141.4,100400.0,2026-09-09 18:00:00,2026-09-09 18:00:00,1004.0
20260909,180000,72W,15,2026,9,9,18,14.700000000000001,141.20000000000002,100200.0,2026-09-09 18:00:00,2026-09-09 18:00:00,1002.0
20260909,180000,72W,15,2026,9,9,18,14.5,141.20000000000002,100400.0,2026-09-09 18:00:00,2026-09-09 18:00:00,1004.0
20260909,180000,72W,15,2026,9,9,18,14.3,141.6,100100.0,2026-09-09 18:00:00,2026-09-09 18:00:00,1001.0
20260909,180000,72W,16,2026,9,9,18,6.8,173.9,100700.0,2026-09-09 18:00:00,2026-09-09 18:00:00,1007.0
20260909,180000,72W,16,2026,9,9,18,7.2,173.6,100600.0,2026-09-09 18:00:00,2026-09-09 18:00:00,1006.0
20260909,180000,72W,16,2026,9,9,18,7.6000000000000005,173.0,100700.0,2026-09-09 18:00:00,2026-09-09 18:00:00,1007.0
20260909,180000,72W,16,2026,9,9,18,7.2,173.4,100600.0,2026-09-09 18:00:00,2026-09-09 18:00:00,1006.0
20260909,180000,72W,16,2026,9,9,18,7.2,173.8,100700.0,2026-09-09 18:00:00,2026-09-09 18:00:00,1007.0
20260909,180000,72W,16,2026,9,9,18,7.4,173.9,100500.0,2026-09-09 18:00:00,2026-09-09 18:00:00,1005.0
20260909,180000,72W,16,2026,9,9,18,7.3,173.3,100600.0,2026-09-09 18:00:00,2026-09-09 18:00:00,1006.0
20260909,180000,72W,16,2026,9,9,18,7.3,173.4,100400.0,2026-09-09 18:00:00,2026-09-09 18:00:00,1004.0
20260909,180000,72W,16,2026,9,9,18,7.4,173.0,100500.0,2026-09-09 18:00:00,2026-09-09 18:00:00,1005.0
20260909,180000,72W,16,2026,9,9,18,7.5,172.8,100300.0,2026-09-09 18:00:00,2026-09-09 18:00:00,1003.0
20260909,180000,72W,16,2026,9,9,18,9.200000000000001,172.4,100300.0,2026-09-09 18:00:00,2026-09-09 18:00:00,1003.0
20260909,180000,72W,16,2026,9,9,18,10.9,170.70000000000002,100500.0,2026-09-09 18:00:00,2026-09-09 18:00:00,1005.0
20260909,180000,72W,16,2026,9,9,18,11.4,171.9,100300.0,2026-09-09 18:00:00,2026-09-09 18:00:00,1003.0
20260909,180000,72W,16,2026,9,9,18,11.700000000000001,170.20000000000002,100500.0,2026-09-09 18:00:00,2026-09-09 18:00:00,1005.0
20260909,180000,72W,16,2026,9,9,18,11.4,169.4,100300.0,2026-09-09 18:00:00,2026-09-09 18:00:00,1003.0
20260909,180000,72W,16,2026,9,9,18,12.1,167.1,100500.0,2026-09-09 18:00:00,2026-09-09 18:00:00,1005.0
20260909,180000,72W,16,2026,9,9,18,12.3,166.20000000000002,100400.0,2026-09-09 18:00:00,2026-09-09 18:00:00,1004.0
20260909,180000,72W,16,2026,9,9,18,12.1,164.9,100500.0,2026-09-09 18:00:00,2026-09-09 18:00:00,1005.0
20260909,180000,72W,16,2026,9,9,18,11.8,164.70000000000002,100300.0,2026-09-09 18:00:00,2026-09-09 18:00:00,1003.0
20260909,180000,72W,16,2026,9,9,18,12.4,164.9,100400.0,2026-09-09 18:00:00,2026-09-09 18:00:00,1004.0
20260909,180000,72W,16,2026,9,9,18,12.8,165.5,100100.0,2026-09-09 18:00:00,2026-09-09 18:00:00,1001.0
20260909,180000,72W,18,2026,9,9,18,16.6,110.10000000000001,100700.0,2026-09-09 18:00:00,2026-09-09 18:00:00,1007.0
20260909,180000,72W,18,2026,9,9,18,17.8,110.0,100800.0,2026-09-09 18:00:00,2026-09-09 18:00:00,1008.0
20260909,180000,72W,18,2026,9,9,18,17.8,109.60000000000001,100800.0,2026-09-09 18:00:00,2026-09-09 18:00:00,1008.0
20260909,180000,72W,18,2026,9,9,18,18.400000000000002,108.2,100500.0,2026-09-09 18:00:00,2026-09-09 18:00:00,1005.0
20260909,180000,72W,18,2026,9,9,18,18.2,107.8,100500.0,2026-09-09 18:00:00,2026-09-09 18:00:00,1005.0
20260909,180000,72W,18,2026,9,9,18,18.6,107.3,100500.0,2026-09-09 18:00:00,2026-09-09 18:00:00,1005.0
20260909,180000,72W,18,2026,9,9,18,18.2,106.5,100400.0,2026-09-09 18:00:00,2026-09-09 18:00:00,1004.0
20260909,180000,72W,18,2026,9,9,18,18.0,106.5,100200.0,2026-09-09 18:00:00,2026-09-09 18:00:00,1002.0
20260909,180000,72W,18,2026,9,9,18,17.6,106.3,100300.0,2026-09-09 18:00:00,2026-09-09 18:00:00,1003.0
20260909,180000,72W,18,2026,9,9,18,17.6,106.5,100200.0,2026-09-09 18:00:00,2026-09-09 18:00:00,1002.0
20260909,180000,72W,19,2026,9,9,18,10.4,143.4,101000.0,2026-09-09 18:00:00,2026-09-09 18:00:00,1010.0
20260909,180000,72W,19,2026,9,9,18,9.700000000000001,144.70000000000002,100700.0,2026-09-09 18:00:00,2026-09-09 18:00:00,1007.0
20260909,180000,72W,19,2026,9,9,18,8.5,145.1,100600.0,2026-09-09 18:00:00,2026-09-09 18:00:00,1006.0
20260909,180000,72W,19,2026,9,9,18,6.5,146.3,100700.0,2026-09-09 18:00:00,2026-09-09 18:00:00,1007.0
20260909,180000,72W,19,2026,9,9,18,7.0,146.8,100500.0,2026-09-09 18:00:00,2026-09-09 18:00:00,1005.0
20260909,180000,72W,19,2026,9,9,18,7.8,147.70000000000002,100600.0,2026-09-09 18:00:00,2026-09-09 18:00:00,1006.0
20260909,180000,72W,19,2026,9,9,18,9.1,149.20000000000002,100100.0,2026-09-09 18:00:00,2026-09-09 18:00:00,1001.0
20260909,180000,72W,19,2026,9,9,18,9.9,149.4,100400.0,2026-09-09 18:00:00,2026-09-09 18:00:00,1004.0
20260909,180000,72W,19,2026,9,9,18,10.5,150.0,100100.0,2026-09-09 18:00:00,2026-09-09 18:00:00,1001.0
20260909,180000,72W,19,2026,9,9,18,11.200000000000001,150.1,100100.0,2026-09-09 18:00:00,2026-09-09 18:00:00,1001.0
20260909,180000,72W,19,2026,9,9,18,12.4,149.9,99800.0,2026-09-09 18:00:00,2026-09-09 18:00:00,998.0
20260909,180000,72W,19,2026,9,9,18,13.3,149.1,100000.0,2026-09-09 18:00:00,2026-09-09 18:00:00,1000.0
20260909,180000,72W,19,2026,9,9,18,13.3,147.70000000000002,99200.0,2026-09-09 18:00:00,2026-09-09 18:00:00,992.0
20260909,180000,72W,19,2026,9,9,18,13.9,147.5,99700.0,2026-09-09 18:00:00,2026-09-09 18:00:00,997.0
20260909,180000,72W,19,2026,9,9,18,14.6,146.1,99500.0,2026-09-09 18:00:00,2026-09-09 18:00:00,995.0
20260909,180000,72W,19,2026,9,9,18,15.0,144.9,99700.0,2026-09-09 18:00:00,2026-09-09 18:00:00,997.0
20260909,180000,72W,19,2026,9,9,18,15.200000000000001,143.9,98800.0,2026-09-09 18:00:00,2026-09-09 18:00:00,988.0
20260909,180000,72W,19,2026,9,9,18,15.4,142.6,98500.0,2026-09-09 18:00:00,2026-09-09 18:00:00,985.0
20260909,180000,72W,19,2026,9,9,18,15.9,141.5,97400.0,2026-09-09 18:00:00,2026-09-09 18:00:00,974.0
20260909,180000,72W,19,2026,9,9,18,16.2,140.4,97500.0,2026-09-09 18:00:00,2026-09-09 18:00:00,975.0
20260909,180000,72W,19,2026,9,9,18,16.6,139.4,96500.0,2026-09-09 18:00:00,2026-09-09 18:00:00,965.0
20260909,180000,72W,20,2026,9,9,18,11.9,157.70000000000002,100600.0,2026-09-09 18:00:00,2026-09-09 18:00:00,1006.0
20260909,180000,72W,20,2026,9,9,18,10.700000000000001,161.20000000000002,101000.0,2026-09-09 18:00:00,2026-09-09 18:00:00,1010.0
20260909,180000,72W,20,2026,9,9,18,10.8,161.4,100900.0,2026-09-09 18:00:00,2026-09-09 18:00:00,1009.0
20260909,180000,72W,20,2026,9,9,18,9.0,160.8,100600.0,2026-09-09 18:00:00,2026-09-09 18:00:00,1006.0
20260909,180000,72W,20,2026,9,9,18,9.3,161.1,100900.0,2026-09-09 18:00:00,2026-09-09 18:00:00,1009.0
20260909,180000,72W,20,2026,9,9,18,10.1,161.20000000000002,100700.0,2026-09-09 18:00:00,2026-09-09 18:00:00,1007.0
20260909,180000,72W,20,2026,9,9,18,10.4,161.20000000000002,100800.0,2026-09-09 18:00:00,2026-09-09 18:00:00,1008.0
20260909,180000,72W,20,2026,9,9,18,10.3,161.0,100600.0,2026-09-09 18:00:00,2026-09-09 18:00:00,1006.0
20260909,180000,72W,20,2026,9,9,18,10.700000000000001,161.1,100800.0,2026-09-09 18:00:00,2026-09-09 18:00:00,1008.0
20260909,180000,72W,20,2026,9,9,18,11.200000000000001,160.5,100600.0,2026-09-09 18:00:00,2026-09-09 18:00:00,1006.0
20260909,180000,72W,20,2026,9,9,18,11.8,160.1,100800.0,2026-09-09 18:00:00,2026-09-09 18:00:00,1008.0
20260909,180000,72W,20,2026,9,9,18,12.6,159.3,100600.0,2026-09-09 18:00:00,2026-09-09 18:00:00,1006.0
20260909,180000,72W,20,2026,9,9,18,13.200000000000001,158.8,100800.0,2026-09-09 18:00:00,2026-09-09 18:00:00,1008.0
20260909,180000,72W,20,2026,9,9,18,13.4,158.20000000000002,100600.0,2026-09-09 18:00:00,2026-09-09 18:00:00,1006.0
20260909,180000,72W,22,2026,9,9,18,16.8,132.6,100500.0,2026-09-09 18:00:00,2026-09-09 18:00:00,1005.0
20260909,180000,72W,22,2026,9,9,18,16.2,130.2,100500.0,2026-09-09 18:00:00,2026-09-09 18:00:00,1005.0
20260909,180000,72W,22,2026,9,9,18,16.4,129.4,100100.0,2026-09-09 18:00:00,2026-09-09 18:00:00,1001.0
20260909,180000,72W,22,2026,9,9,18,16.5,128.4,100400.0,2026-09-09 18:00:00,2026-09-09 18:00:00,1004.0
20260909,180000,72W,22,2026,9,9,18,16.5,128.1,100300.0,2026-09-09 18:00:00,2026-09-09 18:00:00,1003.0
20260909,180000,72W,22,2026,9,9,18,17.7,125.9,100400.0,2026-09-09 18:00:00,2026-09-09 18:00:00,1004.0
20260909,180000,72W,23,2026,9,9,18,11.200000000000001,101.0,100700.0,2026-09-09 18:00:00,2026-09-09 18:00:00,1007.0
20260909,180000,72W,23,2026,9,9,18,11.0,101.0,100500.0,2026-09-09 18:00:00,2026-09-09 18:00:00,1005.0
20260909,180000,72W,23,2026,9,9,18,11.200000000000001,100.8,100500.0,2026-09-09 18:00:00,2026-09-09 18:00:00,1005.0
20260909,180000,72W,23,2026,9,9,18,11.3,100.3,100100.0,2026-09-09 18:00:00,2026-09-09 18:00:00,1001.0
20260909,180000,72W,23,2026,9,9,18,12.0,99.8,100300.0,2026-09-09 18:00:00,2026-09-09 18:00:00,1003.0
20260909,180000,72W,23,2026,9,9,18,12.700000000000001,98.3,100300.0,2026-09-09 18:00:00,2026-09-09 18:00:00,1003.0
20260909,180000,72W,23,2026,9,9,18,13.1,97.3,100200.0,2026-09-09 18:00:00,2026-09-09 18:00:00,1002.0
20260909,180000,72W,23,2026,9,9,18,12.8,96.3,99600.0,2026-09-09 18:00:00,2026-09-09 18:00:00,996.0
20260909,180000,72W,23,2026,9,9,18,12.8,95.60000000000001,99500.0,2026-09-09 18:00:00,2026-09-09 18:00:00,995.0
20260909,180000,72W,23,2026,9,9,18,13.6,95.4,99600.0,2026-09-09 18:00:00,2026-09-09 18:00:00,996.0
20260909,180000,72W,23,2026,9,9,18,14.200000000000001,95.2,99600.0,2026-09-09 18:00:00,2026-09-09 18:00:00,996.0
20260909,180000,72W,23,2026,9,9,18,15.0,95.0,99500.0,2026-09-09 18:00:00,2026-09-09 18:00:00,995.0
20260909,180000,72W,23,2026,9,9,18,14.9,94.2,99200.0,2026-09-09 18:00:00,2026-09-09 18:00:00,992.0
20260909,180000,72W,23,2026,9,9,18,15.9,93.60000000000001,98800.0,2026-09-09 18:00:00,2026-09-09 18:00:00,988.0
20260909,180000,72W,23,2026,9,9,18,16.2,93.10000000000001,98700.0,2026-09-09 18:00:00,2026-09-09 18:00:00,987.0
20260909,180000,72W,24,2026,9,9,18,15.200000000000001,117.2,100500.0,2026-09-09 18:00:00,2026-09-09 18:00:00,1005.0
20260909,180000,72W,24,2026,9,9,18,15.200000000000001,116.9,100600.0,2026-09-09 18:00:00,2026-09-09 18:00:00,1006.0
20260909,180000,72W,24,2026,9,9,18,15.4,116.3,100600.0,2026-09-09 18:00:00,2026-09-09 18:00:00,1006.0
20260909,180000,72W,24,2026,9,9,18,15.8,115.8,100800.0,2026-09-09 18:00:00,2026-09-09 18:00:00,1008.0
20260909,180000,72W,24,2026,9,9,18,15.700000000000001,115.10000000000001,100600.0,2026-09-09 18:00:00,2026-09-09 18:00:00,1006.0
20260909,180000,72W,24,2026,9,9,18,15.8,114.4,100700.0,2026-09-09 18:00:00,2026-09-09 18:00:00,1007.0
20260909,180000,72W,24,2026,9,9,18,16.4,114.60000000000001,100600.0,2026-09-09 18:00:00,2026-09-09 18:00:00,1006.0
20260909,180000,72W,24,2026,9,9,18,17.0,113.8,100700.0,2026-09-09 18:00:00,2026-09-09 18:00:00,1007.0
20260909,180000,72W,24,2026,9,9,18,17.3,113.4,100600.0,2026-09-09 18:00:00,2026-09-09 18:00:00,1006.0
20260909,180000,72W,24,2026,9,9,18,17.1,111.4,100700.0,2026-09-09 18:00:00,2026-09-09 18:00:00,1007.0
20260909,180000,72W,24,2026,9,9,18,16.9,110.60000000000001,100600.0,2026-09-09 18:00:00,2026-09-09 18:00:00,1006.0
20260909,180000,72W,24,2026,9,9,18,15.9,109.2,100500.0,2026-09-09 18:00:00,2026-09-09 18:00:00,1005.0
20260909,180000,72W,24,2026,9,9,18,16.3,109.2,100600.0,2026-09-09 18:00:00,2026-09-09 18:00:00,1006.0
20260909,180000,72W,24,2026,9,9,18,16.9,107.4,100600.0,2026-09-09 18:00:00,2026-09-09 18:00:00,1006.0
20260909,180000,72W,24,2026,9,9,18,17.2,106.9,100500.0,2026-09-09 18:00:00,2026-09-09 18:00:00,1005.0
20260909,180000,72W,24,2026,9,9,18,17.7,104.4,100600.0,2026-09-09 18:00:00,2026-09-09 18:00:00,1006.0
20260909,180000,72W,24,2026,9,9,18,18.8,105.5,100800.0,2026-09-09 18:00:00,2026-09-09 18:00:00,1008.0
20260909,180000,72W,25,2026,9,9,18,19.900000000000002,130.0,100700.0,2026-09-09 18:00:00,2026-09-09 18:00:00,1007.0
20260909,180000,72W,25,2026,9,9,18,21.6,127.5,100700.0,2026-09-09 18:00:00,2026-09-09 18:00:00,1007.0
20260909,180000,72W,25,2026,9,9,18,21.0,125.4,100500.0,2026-09-09 18:00:00,2026-09-09 18:00:00,1005.0
20260909,180000,72W,25,2026,9,9,18,20.3,122.7,100400.0,2026-09-09 18:00:00,2026-09-09 18:00:00,1004.0
20260909,180000,72W,25,2026,9,9,18,20.3,122.0,100600.0,2026-09-09 18:00:00,2026-09-09 18:00:00,1006.0
20260909,180000,72W,25,2026,9,9,18,19.8,121.0,100500.0,2026-09-09 18:00:00,2026-09-09 18:00:00,1005.0
20260909,180000,72W,26,2026,9,9,18,10.1,103.7,100700.0,2026-09-09 18:00:00,2026-09-09 18:00:00,1007.0
20260909,180000,72W,26,2026,9,9,18,9.8,104.10000000000001,100800.0,2026-09-09 18:00:00,2026-09-09 18:00:00,1008.0
20260909,180000,72W,26,2026,9,9,18,9.3,105.4,100800.0,2026-09-09 18:00:00,2026-09-09 18:00:00,1008.0
20260909,180000,72W,26,2026,9,9,18,10.0,106.5,100700.0,2026-09-09 18:00:00,2026-09-09 18:00:00,1007.0
20260909,180000,72W,26,2026,9,9,18,10.5,106.9,100700.0,2026-09-09 18:00:00,2026-09-09 18:00:00,1007.0
20260909,180000,72W,26,2026,9,9,18,10.9,106.5,100800.0,2026-09-09 18:00:00,2026-09-09 18:00:00,1008.0
20260909,180000,72W,26,2026,9,9,18,11.0,106.3,100800.0,2026-09-09 18:00:00,2026-09-09 18:00:00,1008.0
20260909,180000,72W,26,2026,9,9,18,12.8,106.10000000000001,100700.0,2026-09-09 18:00:00,2026-09-09 18:00:00,1007.0
20260909,180000,72W,26,2026,9,9,18,12.1,104.9,100800.0,2026-09-09 18:00:00,2026-09-09 18:00:00,1008.0
20260909,180000,72W,26,2026,9,9,18,12.6,104.2,100700.0,2026-09-09 18:00:00,2026-09-09 18:00:00,1007.0
20260909,180000,72W,26,2026,9,9,18,10.3,102.8,100400.0,2026-09-09 18:00:00,2026-09-09 18:00:00,1004.0
20260909,180000,72W,26,2026,9,9,18,11.4,103.0,100500.0,2026-09-09 18:00:00,2026-09-09 18:00:00,1005.0
20260909,180000,72W,26,2026,9,9,18,13.0,99.7,100400.0,2026-09-09 18:00:00,2026-09-09 18:00:00,1004.0
20260909,180000,72W,26,2026,9,9,18,11.6,97.8,100100.0,2026-09-09 18:00:00,2026-09-09 18:00:00,1001.0
20260909,180000,72W,26,2026,9,9,18,12.1,97.7,100100.0,2026-09-09 18:00:00,2026-09-09 18:00:00,1001.0
20260909,180000,72W,26,2026,9,9,18,12.8,97.3,99900.0,2026-09-09 18:00:00,2026-09-09 18:00:00,999.0
20260909,180000,72W,26,2026,9,9,18,13.5,96.8,99600.0,2026-09-09 18:00:00,2026-09-09 18:00:00,996.0
20260909,180000,72W,26,2026,9,9,18,15.0,96.10000000000001,99600.0,2026-09-09 18:00:00,2026-09-09 18:00:00,996.0
20260909,180000,72W,26,2026,9,9,18,16.4,95.4,99700.0,2026-09-09 18:00:00,2026-09-09 18:00:00,997.0
20260909,180000,72W,26,2026,9,9,18,17.1,94.0,99600.0,2026-09-09 18:00:00,2026-09-09 18:00:00,996.0
20260909,180000,72W,26,2026,9,9,18,17.8,92.9,99300.0,2026-09-09 18:00:00,2026-09-09 18:00:00,993.0
20260909,180000,72W,27,2026,9,9,18,16.1,125.10000000000001,100600.0,2026-09-09 18:00:00,2026-09-09 18:00:00,1006.0
20260909,180000,72W,27,2026,9,9,18,17.1,125.10000000000001,100800.0,2026-09-09 18:00:00,2026-09-09 18:00:00,1008.0
20260909,180000,72W,27,2026,9,9,18,17.3,124.7,100900.0,2026-09-09 18:00:00,2026-09-09 18:00:00,1009.0
20260909,180000,72W,27,2026,9,9,18,17.8,124.8,100700.0,2026-09-09 18:00:00,2026-09-09 18:00:00,1007.0
20260909,180000,72W,27,2026,9,9,18,18.7,122.7,100800.0,2026-09-09 18:00:00,2026-09-09 18:00:00,1008.0
20260909,180000,72W,27,2026,9,9,18,19.5,119.60000000000001,100900.0,2026-09-09 18:00:00,2026-09-09 18:00:00,1009.0
20260909,180000,72W,28,2026,9,9,18,23.400000000000002,127.4,100800.0,2026-09-09 18:00:00,2026-09-09 18:00:00,1008.0
20260909,180000,72W,28,2026,9,9,18,24.0,126.60000000000001,100600.0,2026-09-09 18:00:00,2026-09-09 18:00:00,1006.0
20260909,180000,72W,28,2026,9,9,18,24.1,125.5,100800.0,2026-09-09 18:00:00,2026-09-09 18:00:00,1008.0
20260909,180000,72W,28,2026,9,9,18,24.2,124.3,100600.0,2026-09-09 18:00:00,2026-09-09 18:00:00,1006.0
20260909,180000,72W,28,2026,9,9,18,23.3,123.4,100800.0,2026-09-09 18:00:00,2026-09-09 18:00:00,1008.0
20260909,180000,72W,28,2026,9,9,18,23.2,123.3,100700.0,2026-09-09 18:00:00,2026-09-09 18:00:00,1007.0
20260909,180000,72W,28,2026,9,9,18,21.8,122.8,100800.0,2026-09-09 18:00:00,2026-09-09 18:00:00,1008.0
20260909,180000,72W,28,2026,9,9,18,21.5,122.7,100800.0,2026-09-09 18:00:00,2026-09-09 18:00:00,1008.0
20260909,180000,72W,29,2026,9,9,18,8.1,173.8,100600.0,2026-09-09 18:00:00,2026-09-09 18:00:00,1006.0
20260909,180000,72W,29,2026,9,9,18,8.1,175.6,100700.0,2026-09-09 18:00:00,2026-09-09 18:00:00,1007.0
20260909,180000,72W,29,2026,9,9,18,7.9,174.70000000000002,100600.0,2026-09-09 18:00:00,2026-09-09 18:00:00,1006.0
20260909,180000,72W,29,2026,9,9,18,7.4,174.5,100600.0,2026-09-09 18:00:00,2026-09-09 18:00:00,1006.0
20260909,180000,72W,29,2026,9,9,18,6.9,174.5,100600.0,2026-09-09 18:00:00,2026-09-09 18:00:00,1006.0
20260909,180000,72W,29,2026,9,9,18,7.1000000000000005,175.20000000000002,100400.0,2026-09-09 18:00:00,2026-09-09 18:00:00,1004.0
20260909,180000,72W,29,2026,9,9,18,7.7,174.3,100700.0,2026-09-09 18:00:00,2026-09-09 18:00:00,1007.0
20260909,180000,72W,29,2026,9,9,18,7.5,174.3,100700.0,2026-09-09 18:00:00,2026-09-09 18:00:00,1007.0
20260909,180000,72W,29,2026,9,9,18,7.5,173.1,100700.0,2026-09-09 18:00:00,2026-09-09 18:00:00,1007.0
20260909,180000,72W,29,2026,9,9,18,9.200000000000001,173.6,100700.0,2026-09-09 18:00:00,2026-09-09 18:00:00,1007.0
20260909,180000,72W,29,2026,9,9,18,6.7,172.8,100700.0,2026-09-09 18:00:00,2026-09-09 18:00:00,1007.0
20260909,180000,72W,29,2026,9,9,18,7.5,174.9,100700.0,2026-09-09 18:00:00,2026-09-09 18:00:00,1007.0
20260909,180000,72W,29,2026,9,9,18,8.3,174.8,100800.0,2026-09-09 18:00:00,2026-09-09 18:00:00,1008.0
20260909,180000,72W,29,2026,9,9,18,7.7,174.9,100600.0,2026-09-09 18:00:00,2026-09-09 18:00:00,1006.0
20260909,180000,72W,29,2026,9,9,18,8.8,175.0,100600.0,2026-09-09 18:00:00,2026-09-09 18:00:00,1006.0
20260909,180000,72W,30,2026,9,9,18,10.700000000000001,104.2,100900.0,2026-09-09 18:00:00,2026-09-09 18:00:00,1009.0
20260909,180000,72W,30,2026,9,9,18,10.8,106.2,100600.0,2026-09-09 18:00:00,2026-09-09 18:00:00,1006.0
20260909,180000,72W,30,2026,9,9,18,10.700000000000001,108.7,100700.0,2026-09-09 18:00:00,2026-09-09 18:00:00,1007.0
20260909,180000,72W,30,2026,9,9,18,11.5,109.0,100800.0,2026-09-09 18:00:00,2026-09-09 18:00:00,1008.0
20260909,180000,72W,30,2026,9,9,18,11.9,109.8,100500.0,2026-09-09 18:00:00,2026-09-09 18:00:00,1005.0
20260909,180000,72W,30,2026,9,9,18,12.200000000000001,109.8,100600.0,2026-09-09 18:00:00,2026-09-09 18:00:00,1006.0
20260909,180000,72W,30,2026,9,9,18,12.5,109.10000000000001,100500.0,2026-09-09 18:00:00,2026-09-09 18:00:00,1005.0
20260909,180000,72W,30,2026,9,9,18,13.200000000000001,107.7,100500.0,2026-09-09 18:00:00,2026-09-09 18:00:00,1005.0
20260909,180000,72W,30,2026,9,9,18,14.700000000000001,105.8,100600.0,2026-09-09 18:00:00,2026-09-09 18:00:00,1006.0
20260909,180000,72W,30,2026,9,9,18,12.9,104.2,100700.0,2026-09-09 18:00:00,2026-09-09 18:00:00,1007.0
20260909,180000,72W,30,2026,9,9,18,13.6,104.10000000000001,100800.0,2026-09-09 18:00:00,2026-09-09 18:00:00,1008.0
20260909,180000,72W,30,2026,9,9,18,12.3,104.60000000000001,100600.0,2026-09-09 18:00:00,2026-09-09 18:00:00,1006.0
20260909,180000,72W,30,2026,9,9,18,12.1,102.5,100700.0,2026-09-09 18:00:00,2026-09-09 18:00:00,1007.0
20260909,180000,72W,30,2026,9,9,18,12.3,101.9,100800.0,2026-09-09 18:00:00,2026-09-09 18:00:00,1008.0
20260909,180000,72W,30,2026,9,9,18,12.6,100.5,100800.0,2026-09-09 18:00:00,2026-09-09 18:00:00,1008.0
20260909,180000,72W,30,2026,9,9,18,12.4,100.4,100800.0,2026-09-09 18:00:00,2026-09-09 18:00:00,1008.0
20260909,180000,72W,30,2026,9,9,18,15.0,100.4,100800.0,2026-09-09 18:00:00,2026-09-09 18:00:00,1008.0
20260909,180000,72W,30,2026,9,9,18,13.9,100.60000000000001,100900.0,2026-09-09 18:00:00,2026-09-09 18:00:00,1009.0
20260909,180000,72W,30,2026,9,9,18,12.8,100.7,100900.0,2026-09-09 18:00:00,2026-09-09 18:00:00,1009.0
20260909,180000,72W,31,2026,9,9,18,8.1,135.0,100700.0,2026-09-09 18:00:00,2026-09-09 18:00:00,1007.0
20260909,180000,72W,31,2026,9,9,18,7.4,135.2,100400.0,2026-09-09 18:00:00,2026-09-09 18:00:00,1004.0
20260909,180000,72W,32,2026,9,9,18,13.9,108.9,100700.0,2026-09-09 18:00:00,2026-09-09 18:00:00,1007.0
20260909,180000,72W,32,2026,9,9,18,14.8,109.8,100800.0,2026-09-09 18:00:00,2026-09-09 18:00:00,1008.0
20260909,180000,72W,32,2026,9,9,18,17.900000000000002,110.0,100500.0,2026-09-09 18:00:00,2026-09-09 18:00:00,1005.0
20260909,180000,72W,32,2026,9,9,18,16.5,107.8,100400.0,2026-09-09 18:00:00,2026-09-09 18:00:00,1004.0
20260909,180000,72W,32,2026,9,9,18,17.1,107.2,100300.0,2026-09-09 18:00:00,2026-09-09 18:00:00,1003.0
20260909,180000,72W,32,2026,9,9,18,17.400000000000002,107.60000000000001,100100.0,2026-09-09 18:00:00,2026-09-09 18:00:00,1001.0
20260909,180000,72W,32,2026,9,9,18,16.8,107.5,99700.0,2026-09-09 18:00:00,2026-09-09 18:00:00,997.0
20260909,180000,72W,32,2026,9,9,18,16.8,109.9,100000.0,2026-09-09 18:00:00,2026-09-09 18:00:00,1000.0
20260909,180000,72W,34,2026,9,9,18,13.9,117.3,100600.0,2026-09-09 18:00:00,2026-09-09 18:00:00,1006.0
20260909,180000,72W,34,2026,9,9,18,16.0,117.0,100600.0,2026-09-09 18:00:00,2026-09-09 18:00:00,1006.0
20260909,180000,72W,34,2026,9,9,18,16.4,117.60000000000001,100700.0,2026-09-09 18:00:00,2026-09-09 18:00:00,1007.0
20260909,180000,72W,34,2026,9,9,18,16.3,116.3,100800.0,2026-09-09 18:00:00,2026-09-09 18:00:00,1008.0
20260909,180000,72W,34,2026,9,9,18,16.6,114.8,100600.0,2026-09-09 18:00:00,2026-09-09 18:00:00,1006.0
20260909,180000,72W,34,2026,9,9,18,16.7,114.4,100700.0,2026-09-09 18:00:00,2026-09-09 18:00:00,1007.0
20260909,180000,72W,34,2026,9,9,18,16.9,113.5,100600.0,2026-09-09 18:00:00,2026-09-09 18:00:00,1006.0
20260909,180000,72W,34,2026,9,9,18,16.9,112.5,100700.0,2026-09-09 18:00:00,2026-09-09 18:00:00,1007.0
20260909,180000,72W,34,2026,9,9,18,16.8,112.2,100600.0,2026-09-09 18:00:00,2026-09-09 18:00:00,1006.0
20260909,180000,72W,34,2026,9,9,18,17.2,112.2,100700.0,2026-09-09 18:00:00,2026-09-09 18:00:00,1007.0
20260909,180000,72W,34,2026,9,9,18,17.6,112.0,100600.0,2026-09-09 18:00:00,2026-09-09 18:00:00,1006.0
20260909,180000,72W,34,2026,9,9,18,17.6,110.8,100600.0,2026-09-09 18:00:00,2026-09-09 18:00:00,1006.0
20260909,180000,72W,34,2026,9,9,18,17.8,110.4,100400.0,2026-09-09 18:00:00,2026-09-09 18:00:00,1004.0
20260909,180000,72W,34,2026,9,9,18,17.900000000000002,109.60000000000001,100400.0,2026-09-09 18:00:00,2026-09-09 18:00:00,1004.0
20260909,180000,72W,34,2026,9,9,18,17.8,108.8,100300.0,2026-09-09 18:00:00,2026-09-09 18:00:00,1003.0
20260909,180000,72W,34,2026,9,9,18,17.400000000000002,107.5,100000.0,2026-09-09 18:00:00,2026-09-09 18:00:00,1000.0
20260909,180000,72W,34,2026,9,9,18,16.9,107.5,100000.0,2026-09-09 18:00:00,2026-09-09 18:00:00,1000.0
20260909,180000,72W,34,2026,9,9,18,16.9,107.4,100300.0,2026-09-09 18:00:00,2026-09-09 18:00:00,1003.0
20260909,180000,72W,34,2026,9,9,18,16.4,104.8,100800.0,2026-09-09 18:00:00,2026-09-09 18:00:00,1008.0
20260909,180000,72W,34,2026,9,9,18,17.7,106.3,100600.0,2026-09-09 18:00:00,2026-09-09 18:00:00,1006.0
20260909,180000,72W,34,2026,9,9,18,16.0,103.7,100800.0,2026-09-09 18:00:00,2026-09-09 18:00:00,1008.0
20260909,180000,72W,35,2026,9,9,18,14.5,158.6,100700.0,2026-09-09 18:00:00,2026-09-09 18:00:00,1007.0
20260909,180000,72W,36,2026,9,9,18,14.3,165.9,100600.0,2026-09-09 18:00:00,2026-09-09 18:00:00,1006.0
20260909,180000,72W,36,2026,9,9,18,14.200000000000001,165.9,100800.0,2026-09-09 18:00:00,2026-09-09 18:00:00,1008.0
20260909,180000,72W,36,2026,9,9,18,13.200000000000001,164.4,100600.0,2026-09-09 18:00:00,2026-09-09 18:00:00,1006.0
20260909,180000,72W,36,2026,9,9,18,10.1,165.3,100900.0,2026-09-09 18:00:00,2026-09-09 18:00:00,1009.0
20260909,180000,72W,37,2026,9,9,18,16.9,114.2,100800.0,2026-09-09 18:00:00,2026-09-09 18:00:00,1008.0
20260909,180000,72W,37,2026,9,9,18,16.2,110.60000000000001,100700.0,2026-09-09 18:00:00,2026-09-09 18:00:00,1007.0
20260909,180000,72W,38,2026,9,9,18,8.0,167.20000000000002,100600.0,2026-09-09 18:00:00,2026-09-09 18:00:00,1006.0
20260909,180000,72W,38,2026,9,9,18,8.0,169.1,100400.0,2026-09-09 18:00:00,2026-09-09 18:00:00,1004.0
20260909,180000,72W,38,2026,9,9,18,7.8,169.6,100500.0,2026-09-09 18:00:00,2026-09-09 18:00:00,1005.0
20260909,180000,72W,38,2026,9,9,18,7.2,169.9,100300.0,2026-09-09 18:00:00,2026-09-09 18:00:00,1003.0
20260909,180000,72W,38,2026,9,9,18,7.3,170.4,100400.0,2026-09-09 18:00:00,2026-09-09 18:00:00,1004.0
20260909,180000,72W,38,2026,9,9,18,7.9,171.70000000000002,100100.0,2026-09-09 18:00:00,2026-09-09 18:00:00,1001.0
20260909,180000,72W,38,2026,9,9,18,8.700000000000001,171.6,100400.0,2026-09-09 18:00:00,2026-09-09 18:00:00,1004.0
20260909,180000,72W,38,2026,9,9,18,8.4,170.70000000000002,100200.0,2026-09-09 18:00:00,2026-09-09 18:00:00,1002.0
20260909,180000,72W,38,2026,9,9,18,9.5,171.20000000000002,100300.0,2026-09-09 18:00:00,2026-09-09 18:00:00,1003.0
20260909,180000,72W,40,2026,9,9,18,13.6,114.2,100700.0,2026-09-09 18:00:00,2026-09-09 18:00:00,1007.0
20260909,180000,72W,40,2026,9,9,18,13.6,114.8,100600.0,2026-09-09 18:00:00,2026-09-09 18:00:00,1006.0
20260909,180000,72W,40,2026,9,9,18,13.8,115.10000000000001,100600.0,2026-09-09 18:00:00,2026-09-09 18:00:00,1006.0
20260909,180000,72W,40,2026,9,9,18,14.3,114.8,100500.0,2026-09-09 18:00:00,2026-09-09 18:00:00,1005.0
20260909,180000,72W,40,2026,9,9,18,14.5,114.8,100600.0,2026-09-09 18:00:00,2026-09-09 18:00:00,1006.0
20260909,180000,72W,40,2026,9,9,18,15.0,114.8,100400.0,2026-09-09 18:00:00,2026-09-09 18:00:00,1004.0
20260909,180000,72W,40,2026,9,9,18,15.9,115.0,100500.0,2026-09-09 18:00:00,2026-09-09 18:00:00,1005.0
20260909,180000,72W,40,2026,9,9,18,16.5,114.5,100400.0,2026-09-09 18:00:00,2026-09-09 18:00:00,1004.0
20260909,180000,72W,40,2026,9,9,18,16.9,113.2,100500.0,2026-09-09 18:00:00,2026-09-09 18:00:00,1005.0
20260909,180000,72W,40,2026,9,9,18,16.9,112.7,100400.0,2026-09-09 18:00:00,2026-09-09 18:00:00,1004.0
20260909,180000,72W,40,2026,9,9,18,16.6,111.9,100500.0,2026-09-09 18:00:00,2026-09-09 18:00:00,1005.0
20260909,180000,72W,40,2026,9,9,18,16.8,111.0,100400.0,2026-09-09 18:00:00,2026-09-09 18:00:00,1004.0
20260909,180000,72W,40,2026,9,9,18,17.0,110.4,100400.0,2026-09-09 18:00:00,2026-09-09 18:00:00,1004.0
20260909,180000,72W,40,2026,9,9,18,16.8,110.0,100300.0,2026-09-09 18:00:00,2026-09-09 18:00:00,1003.0
20260909,180000,72W,40,2026,9,9,18,16.7,109.10000000000001,100300.0,2026-09-09 18:00:00,2026-09-09 18:00:00,1003.0
20260909,180000,72W,40,2026,9,9,18,17.1,108.0,100200.0,2026-09-09 18:00:00,2026-09-09 18:00:00,1002.0
20260909,180000,72W,40,2026,9,9,18,17.8,106.8,100200.0,2026-09-09 18:00:00,2026-09-09 18:00:00,1002.0
20260909,180000,72W,40,2026,9,9,18,17.400000000000002,105.10000000000001,100300.0,2026-09-09 18:00:00,2026-09-09 18:00:00,1003.0
20260909,180000,72W,40,2026,9,9,18,18.3,103.3,100400.0,2026-09-09 18:00:00,2026-09-09 18:00:00,1004.0
20260909,180000,72W,40,2026,9,9,18,18.3,103.4,100600.0,2026-09-09 18:00:00,2026-09-09 18:00:00,1006.0
20260909,180000,72W,40,2026,9,9,18,17.1,103.0,100700.0,2026-09-09 18:00:00,2026-09-09 18:00:00,1007.0
20260909,180000,72W,41,2026,9,9,18,13.3,100.60000000000001,100700.0,2026-09-09 18:00:00,2026-09-09 18:00:00,1007.0
20260909,180000,72W,41,2026,9,9,18,12.4,100.60000000000001,100800.0,2026-09-09 18:00:00,2026-09-09 18:00:00,1008.0
20260909,180000,72W,41,2026,9,9,18,12.4,102.5,100600.0,2026-09-09 18:00:00,2026-09-09 18:00:00,1006.0
20260909,180000,72W,41,2026,9,9,18,11.0,101.10000000000001,100700.0,2026-09-09 18:00:00,2026-09-09 18:00:00,1007.0
20260909,180000,72W,41,2026,9,9,18,10.4,101.3,100500.0,2026-09-09 18:00:00,2026-09-09 18:00:00,1005.0
20260909,180000,72W,41,2026,9,9,18,9.9,102.4,100000.0,2026-09-09 18:00:00,2026-09-09 18:00:00,1000.0
20260909,180000,72W,41,2026,9,9,18,9.4,102.7,100000.0,2026-09-09 18:00:00,2026-09-09 18:00:00,1000.0
20260909,180000,72W,41,2026,9,9,18,9.5,104.10000000000001,99900.0,2026-09-09 18:00:00,2026-09-09 18:00:00,999.0
20260909,180000,72W,41,2026,9,9,18,11.0,104.7,100000.0,2026-09-09 18:00:00,2026-09-09 18:00:00,1000.0
20260909,180000,72W,41,2026,9,9,18,11.8,104.60000000000001,100000.0,2026-09-09 18:00:00,2026-09-09 18:00:00,1000.0
20260909,180000,72W,41,2026,9,9,18,13.4,103.9,100000.0,2026-09-09 18:00:00,2026-09-09 18:00:00,1000.0
20260909,180000,72W,41,2026,9,9,18,13.4,102.9,99900.0,2026-09-09 18:00:00,2026-09-09 18:00:00,999.0
20260909,180000,72W,41,2026,9,9,18,13.5,102.0,100100.0,2026-09-09 18:00:00,2026-09-09 18:00:00,1001.0
20260909,180000,72W,41,2026,9,9,18,13.0,101.9,100100.0,2026-09-09 18:00:00,2026-09-09 18:00:00,1001.0
20260909,180000,72W,41,2026,9,9,18,13.9,101.60000000000001,100000.0,2026-09-09 18:00:00,2026-09-09 18:00:00,1000.0
20260909,180000,72W,41,2026,9,9,18,14.5,100.9,100000.0,2026-09-09 18:00:00,2026-09-09 18:00:00,1000.0
20260909,180000,72W,41,2026,9,9,18,15.700000000000001,100.5,100000.0,2026-09-09 18:00:00,2026-09-09 18:00:00,1000.0
20260909,180000,72W,41,2026,9,9,18,16.2,99.7,100100.0,2026-09-09 18:00:00,2026-09-09 18:00:00,1001.0
20260909,180000,72W,41,2026,9,9,18,16.9,99.0,100200.0,2026-09-09 18:00:00,2026-09-09 18:00:00,1002.0
20260909,180000,72W,41,2026,9,9,18,18.0,96.2,100200.0,2026-09-09 18:00:00,2026-09-09 18:00:00,1002.0
20260909,180000,72W,41,2026,9,9,18,19.0,96.3,100300.0,2026-09-09 18:00:00,2026-09-09 18:00:00,1003.0
20260909,180000,72W,43,2026,9,9,18,13.1,100.3,100900.0,2026-09-09 18:00:00,2026-09-09 18:00:00,1009.0
20260909,180000,72W,43,2026,9,9,18,13.8,103.0,101000.0,2026-09-09 18:00:00,2026-09-09 18:00:00,1010.0
20260909,180000,72W,43,2026,9,9,18,13.0,101.9,100800.0,2026-09-09 18:00:00,2026-09-09 18:00:00,1008.0
20260909,180000,72W,43,2026,9,9,18,13.3,100.60000000000001,100800.0,2026-09-09 18:00:00,2026-09-09 18:00:00,1008.0
20260909,180000,72W,43,2026,9,9,18,12.700000000000001,100.10000000000001,100900.0,2026-09-09 18:00:00,2026-09-09 18:00:00,1009.0
20260909,180000,72W,43,2026,9,9,18,11.0,100.7,100800.0,2026-09-09 18:00:00,2026-09-09 18:00:00,1008.0
20260909,180000,72W,43,2026,9,9,18,10.4,100.8,100700.0,2026-09-09 18:00:00,2026-09-09 18:00:00,1007.0
20260909,180000,72W,43,2026,9,9,18,10.1,101.10000000000001,100600.0,2026-09-09 18:00:00,2026-09-09 18:00:00,1006.0
20260909,180000,72W,43,2026,9,9,18,9.8,101.3,100500.0,2026-09-09 18:00:00,2026-09-09 18:00:00,1005.0
20260909,180000,72W,43,2026,9,9,18,9.8,101.7,100400.0,2026-09-09 18:00:00,2026-09-09 18:00:00,1004.0
20260909,180000,72W,43,2026,9,9,18,10.200000000000001,102.5,100500.0,2026-09-09 18:00:00,2026-09-09 18:00:00,1005.0
20260909,180000,72W,43,2026,9,9,18,10.8,103.3,100500.0,2026-09-09 18:00:00,2026-09-09 18:00:00,1005.0
20260909,180000,72W,43,2026,9,9,18,11.4,104.2,100600.0,2026-09-09 18:00:00,2026-09-09 18:00:00,1006.0
20260909,180000,72W,44,2026,9,9,18,6.5,174.0,100800.0,2026-09-09 18:00:00,2026-09-09 18:00:00,1008.0
20260909,180000,72W,44,2026,9,9,18,8.3,173.4,100800.0,2026-09-09 18:00:00,2026-09-09 18:00:00,1008.0
20260909,180000,72W,44,2026,9,9,18,6.5,174.20000000000002,100700.0,2026-09-09 18:00:00,2026-09-09 18:00:00,1007.0
20260909,180000,72W,44,2026,9,9,18,6.9,173.5,100700.0,2026-09-09 18:00:00,2026-09-09 18:00:00,1007.0
20260909,180000,72W,44,2026,9,9,18,6.0,173.9,100500.0,2026-09-09 18:00:00,2026-09-09 18:00:00,1005.0
20260909,180000,72W,44,2026,9,9,18,5.8,174.6,100600.0,2026-09-09 18:00:00,2026-09-09 18:00:00,1006.0
20260909,180000,72W,44,2026,9,9,18,6.4,175.8,100600.0,2026-09-09 18:00:00,2026-09-09 18:00:00,1006.0
20260909,180000,72W,44,2026,9,9,18,8.3,175.6,100800.0,2026-09-09 18:00:00,2026-09-09 18:00:00,1008.0
20260909,180000,72W,44,2026,9,9,18,8.9,175.20000000000002,100700.0,2026-09-09 18:00:00,2026-09-09 18:00:00,1007.0
20260909,180000,72W,44,2026,9,9,18,9.5,174.70000000000002,100800.0,2026-09-09 18:00:00,2026-09-09 18:00:00,1008.0
20260909,180000,72W,44,2026,9,9,18,9.3,173.8,100700.0,2026-09-09 18:00:00,2026-09-09 18:00:00,1007.0
20260909,180000,72W,44,2026,9,9,18,11.4,172.70000000000002,100900.0,2026-09-09 18:00:00,2026-09-09 18:00:00,1009.0
20260909,180000,72W,44,2026,9,9,18,10.8,173.1,100800.0,2026-09-09 18:00:00,2026-09-09 18:00:00,1008.0
20260909,180000,72W,44,2026,9,9,18,10.8,170.9,101000.0,2026-09-09 18:00:00,2026-09-09 18:00:00,1010.0
20260909,180000,72W,44,2026,9,9,18,10.0,171.1,100800.0,2026-09-09 18:00:00,2026-09-09 18:00:00,1008.0
20260909,180000,72W,44,2026,9,9,18,10.5,173.3,101000.0,2026-09-09 18:00:00,2026-09-09 18:00:00,1010.0
20260909,180000,72W,45,2026,9,9,18,9.0,146.8,100400.0,2026-09-09 18:00:00,2026-09-09 18:00:00,1004.0
20260909,180000,72W,45,2026,9,9,18,8.700000000000001,148.1,100800.0,2026-09-09 18:00:00,2026-09-09 18:00:00,1008.0
20260909,180000,72W,45,2026,9,9,18,11.4,148.4,100500.0,2026-09-09 18:00:00,2026-09-09 18:00:00,1005.0
20260909,180000,72W,45,2026,9,9,18,11.200000000000001,149.4,100700.0,2026-09-09 18:00:00,2026-09-09 18:00:00,1007.0
20260909,180000,72W,45,2026,9,9,18,11.5,149.4,100300.0,2026-09-09 18:00:00,2026-09-09 18:00:00,1003.0
20260909,180000,72W,48,2026,9,9,18,10.3,159.4,100700.0,2026-09-09 18:00:00,2026-09-09 18:00:00,1007.0
20260909,180000,72W,48,2026,9,9,18,11.0,164.3,100500.0,2026-09-09 18:00:00,2026-09-09 18:00:00,1005.0
20260909,180000,72W,48,2026,9,9,18,10.4,161.70000000000002,100500.0,2026-09-09 18:00:00,2026-09-09 18:00:00,1005.0
20260909,180000,72W,48,2026,9,9,18,10.9,162.6,100200.0,2026-09-09 18:00:00,2026-09-09 18:00:00,1002.0
20260909,180000,72W,48,2026,9,9,18,11.8,161.1,100300.0,2026-09-09 18:00:00,2026-09-09 18:00:00,1003.0
20260909,180000,72W,48,2026,9,9,18,11.700000000000001,160.70000000000002,99500.0,2026-09-09 18:00:00,2026-09-09 18:00:00,995.0
20260909,180000,72W,48,2026,9,9,18,12.0,159.9,99500.0,2026-09-09 18:00:00,2026-09-09 18:00:00,995.0
20260909,180000,72W,48,2026,9,9,18,12.0,158.4,98600.0,2026-09-09 18:00:00,2026-09-09 18:00:00,986.0
20260909,180000,72W,48,2026,9,9,18,12.5,157.1,98500.0,2026-09-09 18:00:00,2026-09-09 18:00:00,985.0
20260909,180000,72W,48,2026,9,9,18,12.8,156.0,98200.0,2026-09-09 18:00:00,2026-09-09 18:00:00,982.0
20260909,180000,72W,48,2026,9,9,18,13.0,154.8,97900.0,2026-09-09 18:00:00,2026-09-09 18:00:00,979.0
20260909,180000,72W,48,2026,9,9,18,13.3,153.9,96500.0,2026-09-09 18:00:00,2026-09-09 18:00:00,965.0
20260909,180000,72W,48,2026,9,9,18,13.9,153.1,95100.0,2026-09-09 18:00:00,2026-09-09 18:00:00,951.0
20260909,180000,72W,48,2026,9,9,18,14.6,152.0,94600.0,2026-09-09 18:00:00,2026-09-09 18:00:00,946.0
20260909,180000,72W,48,2026,9,9,18,15.3,151.0,94100.0,2026-09-09 18:00:00,2026-09-09 18:00:00,941.0
20260909,180000,72W,48,2026,9,9,18,16.2,149.8,93900.0,2026-09-09 18:00:00,2026-09-09 18:00:00,939.0
20260909,180000,72W,48,2026,9,9,18,16.9,148.5,93700.0,2026-09-09 18:00:00,2026-09-09 18:00:00,937.0
20260909,180000,72W,48,2026,9,9,18,17.8,147.0,93500.0,2026-09-09 18:00:00,2026-09-09 18:00:00,935.0
20260909,180000,72W,49,2026,9,9,18,17.2,123.10000000000001,100900.0,2026-09-09 18:00:00,2026-09-09 18:00:00,1009.0
20260909,180000,72W,49,2026,9,9,18,17.2,122.9,101000.0,2026-09-09 18:00:00,2026-09-09 18:00:00,1010.0
20260909,180000,72W,49,2026,9,9,18,17.7,121.5,100900.0,2026-09-09 18:00:00,2026-09-09 18:00:00,1009.0
20260909,180000,72W,49,2026,9,9,18,16.1,118.8,100900.0,2026-09-09 18:00:00,2026-09-09 18:00:00,1009.0
20260909,180000,72W,49,2026,9,9,18,16.4,117.9,100900.0,2026-09-09 18:00:00,2026-09-09 18:00:00,1009.0
20260909,180000,72W,49,2026,9,9,18,17.3,117.5,100700.0,2026-09-09 18:00:00,2026-09-09 18:00:00,1007.0
20260909,180000,72W,49,2026,9,9,18,17.1,116.2,100800.0,2026-09-09 18:00:00,2026-09-09 18:00:00,1008.0
20260909,180000,72W,49,2026,9,9,18,16.9,116.0,100700.0,2026-09-09 18:00:00,2026-09-09 18:00:00,1007.0
20260909,180000,72W,49,2026,9,9,18,16.6,115.4,100800.0,2026-09-09 18:00:00,2026-09-09 18:00:00,1008.0
20260909,180000,72W,49,2026,9,9,18,16.8,114.9,100600.0,2026-09-09 18:00:00,2026-09-09 18:00:00,1006.0
20260909,180000,72W,49,2026,9,9,18,16.5,114.9,100600.0,2026-09-09 18:00:00,2026-09-09 18:00:00,1006.0
20260909,180000,72W,49,2026,9,9,18,15.6,114.10000000000001,100500.0,2026-09-09 18:00:00,2026-09-09 18:00:00,1005.0
20260909,180000,72W,49,2026,9,9,18,15.0,113.2,100500.0,2026-09-09 18:00:00,2026-09-09 18:00:00,1005.0
20260909,180000,72W,49,2026,9,9,18,14.6,115.10000000000001,100300.0,2026-09-09 18:00:00,2026-09-09 18:00:00,1003.0
20260909,180000,72W,49,2026,9,9,18,14.3,114.5,100400.0,2026-09-09 18:00:00,2026-09-09 18:00:00,1004.0
20260909,180000,72W,49,2026,9,9,18,14.1,115.10000000000001,100300.0,2026-09-09 18:00:00,2026-09-09 18:00:00,1003.0
20260909,180000,72W,49,2026,9,9,18,14.0,115.4,100300.0,2026-09-09 18:00:00,2026-09-09 18:00:00,1003.0
20260909,180000,72W,49,2026,9,9,18,14.0,115.9,100200.0,2026-09-09 18:00:00,2026-09-09 18:00:00,1002.0
20260909,180000,72W,49,2026,9,9,18,13.9,116.2,100300.0,2026-09-09 18:00:00,2026-09-09 18:00:00,1003.0
20260909,180000,72W,49,2026,9,9,18,14.0,116.5,100200.0,2026-09-09 18:00:00,2026-09-09 18:00:00,1002.0
20260909,180000,72W,50,2026,9,9,18,15.700000000000001,114.10000000000001,100500.0,2026-09-09 18:00:00,2026-09-09 18:00:00,1005.0
20260909,180000,72W,50,2026,9,9,18,15.9,113.10000000000001,100700.0,2026-09-09 18:00:00,2026-09-09 18:00:00,1007.0
20260909,180000,72W,50,2026,9,9,18,15.8,113.0,100700.0,2026-09-09 18:00:00,2026-09-09 18:00:00,1007.0
20260909,180000,72W,50,2026,9,9,18,15.0,112.3,100700.0,2026-09-09 18:00:00,2026-09-09 18:00:00,1007.0
20260909,180000,72W,50,2026,9,9,18,15.4,114.8,100600.0,2026-09-09 18:00:00,2026-09-09 18:00:00,1006.0
20260909,180000,72W,51,2026,9,9,18,10.200000000000001,153.0,100600.0,2026-09-09 18:00:00,2026-09-09 18:00:00,1006.0
20260909,180000,72W,51,2026,9,9,18,11.4,155.5,100800.0,2026-09-09 18:00:00,2026-09-09 18:00:00,1008.0
20260909,180000,72W,51,2026,9,9,18,11.4,156.20000000000002,100600.0,2026-09-09 18:00:00,2026-09-09 18:00:00,1006.0
20260909,180000,72W,51,2026,9,9,18,11.5,158.6,100900.0,2026-09-09 18:00:00,2026-09-09 18:00:00,1009.0
20260909,180000,72W,51,2026,9,9,18,12.6,158.20000000000002,100800.0,2026-09-09 18:00:00,2026-09-09 18:00:00,1008.0
20260909,180000,72W,51,2026,9,9,18,12.4,158.4,100700.0,2026-09-09 18:00:00,2026-09-09 18:00:00,1007.0
20260909,180000,72W,51,2026,9,9,18,12.6,156.3,100400.0,2026-09-09 18:00:00,2026-09-09 18:00:00,1004.0
20260909,180000,72W,51,2026,9,9,18,12.1,156.0,100700.0,2026-09-09 18:00:00,2026-09-09 18:00:00,1007.0
20260909,180000,72W,51,2026,9,9,18,12.4,155.1,100400.0,2026-09-09 18:00:00,2026-09-09 18:00:00,1004.0
20260909,180000,72W,51,2026,9,9,18,13.3,154.70000000000002,100500.0,2026-09-09 18:00:00,2026-09-09 18:00:00,1005.0
20260909,180000,72W,51,2026,9,9,18,14.4,154.3,100200.0,2026-09-09 18:00:00,2026-09-09 18:00:00,1002.0
20260909,180000,72W,51,2026,9,9,18,15.200000000000001,153.8,100400.0,2026-09-09 18:00:00,2026-09-09 18:00:00,1004.0
20260909,180000,72W,51,2026,9,9,18,15.0,152.70000000000002,100100.0,2026-09-09 18:00:00,2026-09-09 18:00:00,1001.0
20260909,180000,72W,51,2026,9,9,18,15.200000000000001,151.8,100200.0,2026-09-09 18:00:00,2026-09-09 18:00:00,1002.0
20260909,180000,72W,51,2026,9,9,18,15.3,151.0,99800.0,2026-09-09 18:00:00,2026-09-09 18:00:00,998.0
20260909,180000,73W,1,2026,9,9,18,12.5,159.4,100400.0,2026-09-09 18:00:00,2026-09-09 18:00:00,1004.0
20260909,180000,73W,1,2026,9,9,18,10.8,159.8,100700.0,2026-09-09 18:00:00,2026-09-09 18:00:00,1007.0
20260909,180000,73W,3,2026,9,9,18,9.3,173.20000000000002,100600.0,2026-09-09 18:00:00,2026-09-09 18:00:00,1006.0
20260909,180000,73W,3,2026,9,9,18,7.0,172.70000000000002,100700.0,2026-09-09 18:00:00,2026-09-09 18:00:00,1007.0
20260909,180000,73W,3,2026,9,9,18,6.6000000000000005,173.0,100700.0,2026-09-09 18:00:00,2026-09-09 18:00:00,1007.0
20260909,180000,73W,3,2026,9,9,18,6.2,173.6,100500.0,2026-09-09 18:00:00,2026-09-09 18:00:00,1005.0
20260909,180000,73W,3,2026,9,9,18,6.2,173.9,100600.0,2026-09-09 18:00:00,2026-09-09 18:00:00,1006.0
20260909,180000,73W,3,2026,9,9,18,6.0,174.3,100400.0,2026-09-09 18:00:00,2026-09-09 18:00:00,1004.0
20260909,180000,73W,3,2026,9,9,18,6.3,175.0,100300.0,2026-09-09 18:00:00,2026-09-09 18:00:00,1003.0
20260909,180000,73W,3,2026,9,9,18,6.5,174.70000000000002,100000.0,2026-09-09 18:00:00,2026-09-09 18:00:00,1000.0
20260909,180000,73W,3,2026,9,9,18,6.6000000000000005,175.0,99900.0,2026-09-09 18:00:00,2026-09-09 18:00:00,999.0
20260909,180000,73W,3,2026,9,9,18,7.2,175.9,99900.0,2026-09-09 18:00:00,2026-09-09 18:00:00,999.0
20260909,180000,73W,3,2026,9,9,18,8.0,176.4,99700.0,2026-09-09 18:00:00,2026-09-09 18:00:00,997.0
20260909,180000,73W,3,2026,9,9,18,8.6,176.0,99400.0,2026-09-09 18:00:00,2026-09-09 18:00:00,994.0
20260909,180000,73W,3,2026,9,9,18,8.8,175.9,99500.0,2026-09-09 18:00:00,2026-09-09 18:00:00,995.0
20260909,180000,73W,3,2026,9,9,18,8.8,175.9,99600.0,2026-09-09 18:00:00,2026-09-09 18:00:00,996.0
20260909,180000,73W,3,2026,9,9,18,8.9,176.0,99800.0,2026-09-09 18:00:00,2026-09-09 18:00:00,998.0
20260909,180000,73W,3,2026,9,9,18,9.1,176.3,99700.0,2026-09-09 18:00:00,2026-09-09 18:00:00,997.0
20260909,180000,73W,3,2026,9,9,18,9.200000000000001,176.1,99700.0,2026-09-09 18:00:00,2026-09-09 18:00:00,997.0
20260909,180000,73W,3,2026,9,9,18,9.3,175.9,99600.0,2026-09-09 18:00:00,2026-09-09 18:00:00,996.0
20260909,180000,73W,3,2026,9,9,18,9.8,175.9,99500.0,2026-09-09 18:00:00,2026-09-09 18:00:00,995.0
20260909,180000,73W,3,2026,9,9,18,10.5,175.70000000000002,98700.0,2026-09-09 18:00:00,2026-09-09 18:00:00,987.0
20260909,180000,73W,3,2026,9,9,18,10.700000000000001,175.6,98400.0,2026-09-09 18:00:00,2026-09-09 18:00:00,984.0
20260909,180000,73W,3,2026,9,9,18,11.4,175.5,97700.0,2026-09-09 18:00:00,2026-09-09 18:00:00,977.0
20260909,180000,73W,4,2026,9,9,18,12.4,173.1,100800.0,2026-09-09 18:00:00,2026-09-09 18:00:00,1008.0
20260909,180000,73W,4,2026,9,9,18,11.8,172.3,100800.0,2026-09-09 18:00:00,2026-09-09 18:00:00,1008.0
20260909,180000,73W,4,2026,9,9,18,11.5,172.0,100700.0,2026-09-09 18:00:00,2026-09-09 18:00:00,1007.0
20260909,180000,73W,4,2026,9,9,18,11.3,171.20000000000002,100800.0,2026-09-09 18:00:00,2026-09-09 18:00:00,1008.0
20260909,180000,73W,4,2026,9,9,18,10.4,169.70000000000002,100900.0,2026-09-09 18:00:00,2026-09-09 18:00:00,1009.0
20260909,180000,73W,4,2026,9,9,18,8.2,169.20000000000002,100800.0,2026-09-09 18:00:00,2026-09-09 18:00:00,1008.0
20260909,180000,73W,5,2026,9,9,18,10.700000000000001,150.20000000000002,100600.0,2026-09-09 18:00:00,2026-09-09 18:00:00,1006.0
20260909,180000,73W,5,2026,9,9,18,11.4,151.1,100900.0,2026-09-09 18:00:00,2026-09-09 18:00:00,1009.0
20260909,180000,73W,5,2026,9,9,18,11.700000000000001,150.6,100600.0,2026-09-09 18:00:00,2026-09-09 18:00:00,1006.0
20260909,180000,73W,5,2026,9,9,18,11.3,152.6,100700.0,2026-09-09 18:00:00,2026-09-09 18:00:00,1007.0
20260909,180000,73W,5,2026,9,9,18,12.6,153.0,100600.0,2026-09-09 18:00:00,2026-09-09 18:00:00,1006.0
20260909,180000,73W,5,2026,9,9,18,12.8,153.20000000000002,100300.0,2026-09-09 18:00:00,2026-09-09 18:00:00,1003.0
20260909,180000,73W,5,2026,9,9,18,12.9,153.8,100400.0,2026-09-09 18:00:00,2026-09-09 18:00:00,1004.0
20260909,180000,73W,5,2026,9,9,18,13.700000000000001,152.9,100100.0,2026-09-09 18:00:00,2026-09-09 18:00:00,1001.0
20260909,180000,73W,5,2026,9,9,18,14.200000000000001,153.0,100400.0,2026-09-09 18:00:00,2026-09-09 18:00:00,1004.0
20260909,180000,73W,5,2026,9,9,18,14.0,151.20000000000002,99900.0,2026-09-09 18:00:00,2026-09-09 18:00:00,999.0
20260909,180000,73W,5,2026,9,9,18,14.3,150.6,99900.0,2026-09-09 18:00:00,2026-09-09 18:00:00,999.0
20260909,180000,73W,5,2026,9,9,18,14.200000000000001,149.4,99700.0,2026-09-09 18:00:00,2026-09-09 18:00:00,997.0
20260909,180000,73W,5,2026,9,9,18,14.3,148.20000000000002,99700.0,2026-09-09 18:00:00,2026-09-09 18:00:00,997.0
20260909,180000,73W,5,2026,9,9,18,14.3,147.3,99100.0,2026-09-09 18:00:00,2026-09-09 18:00:00,991.0
20260909,180000,73W,5,2026,9,9,18,14.5,146.20000000000002,99400.0,2026-09-09 18:00:00,2026-09-09 18:00:00,994.0
20260909,180000,73W,5,2026,9,9,18,14.9,145.1,99100.0,2026-09-09 18:00:00,2026-09-09 18:00:00,991.0
20260909,180000,73W,5,2026,9,9,18,15.200000000000001,144.0,99000.0,2026-09-09 18:00:00,2026-09-09 18:00:00,990.0
20260909,180000,73W,5,2026,9,9,18,15.700000000000001,142.9,98800.0,2026-09-09 18:00:00,2026-09-09 18:00:00,988.0
20260909,180000,73W,5,2026,9,9,18,16.1,141.8,98500.0,2026-09-09 18:00:00,2026-09-09 18:00:00,985.0
20260909,180000,73W,5,2026,9,9,18,16.6,140.9,98400.0,2026-09-09 18:00:00,2026-09-09 18:00:00,984.0
20260909,180000,73W,5,2026,9,9,18,17.1,139.9,97800.0,2026-09-09 18:00:00,2026-09-09 18:00:00,978.0
20260909,180000,73W,5,2026,9,9,18,17.400000000000002,138.70000000000002,97300.0,2026-09-09 18:00:00,2026-09-09 18:00:00,973.0
20260909,180000,73W,6,2026,9,9,18,14.9,110.60000000000001,100800.0,2026-09-09 18:00:00,2026-09-09 18:00:00,1008.0
20260909,180000,73W,6,2026,9,9,18,15.1,112.2,100700.0,2026-09-09 18:00:00,2026-09-09 18:00:00,1007.0
20260909,180000,73W,6,2026,9,9,18,16.6,112.3,100800.0,2026-09-09 18:00:00,2026-09-09 18:00:00,1008.0
20260909,180000,73W,6,2026,9,9,18,16.9,111.4,100700.0,2026-09-09 18:00:00,2026-09-09 18:00:00,1007.0
20260909,180000,73W,6,2026,9,9,18,16.9,111.0,100600.0,2026-09-09 18:00:00,2026-09-09 18:00:00,1006.0
20260909,180000,73W,6,2026,9,9,18,17.5,110.8,100300.0,2026-09-09 18:00:00,2026-09-09 18:00:00,1003.0
20260909,180000,73W,6,2026,9,9,18,17.400000000000002,110.60000000000001,100500.0,2026-09-09 18:00:00,2026-09-09 18:00:00,1005.0
20260909,180000,73W,6,2026,9,9,18,17.6,111.10000000000001,100400.0,2026-09-09 18:00:00,2026-09-09 18:00:00,1004.0
20260909,180000,73W,6,2026,9,9,18,17.400000000000002,110.60000000000001,100400.0,2026-09-09 18:00:00,2026-09-09 18:00:00,1004.0
20260909,180000,73W,6,2026,9,9,18,17.3,111.0,99900.0,2026-09-09 18:00:00,2026-09-09 18:00:00,999.0
20260909,180000,73W,6,2026,9,9,18,17.2,111.3,100200.0,2026-09-09 18:00:00,2026-09-09 18:00:00,1002.0
20260909,180000,73W,6,2026,9,9,18,17.2,111.5,100200.0,2026-09-09 18:00:00,2026-09-09 18:00:00,1002.0
20260909,180000,73W,7,2026,9,9,18,13.9,100.8,100700.0,2026-09-09 18:00:00,2026-09-09 18:00:00,1007.0
20260909,180000,73W,7,2026,9,9,18,13.3,100.60000000000001,100800.0,2026-09-09 18:00:00,2026-09-09 18:00:00,1008.0
20260909,180000,73W,7,2026,9,9,18,12.8,100.60000000000001,100700.0,2026-09-09 18:00:00,2026-09-09 18:00:00,1007.0
20260909,180000,73W,7,2026,9,9,18,13.0,99.9,100600.0,2026-09-09 18:00:00,2026-09-09 18:00:00,1006.0
20260909,180000,73W,7,2026,9,9,18,13.6,97.9,100600.0,2026-09-09 18:00:00,2026-09-09 18:00:00,1006.0
20260909,180000,73W,7,2026,9,9,18,13.1,97.9,100600.0,2026-09-09 18:00:00,2026-09-09 18:00:00,1006.0
20260909,180000,73W,7,2026,9,9,18,13.5,97.5,100400.0,2026-09-09 18:00:00,2026-09-09 18:00:00,1004.0
20260909,180000,73W,7,2026,9,9,18,13.6,97.3,100400.0,2026-09-09 18:00:00,2026-09-09 18:00:00,1004.0
20260909,180000,73W,7,2026,9,9,18,14.0,97.10000000000001,100300.0,2026-09-09 18:00:00,2026-09-09 18:00:00,1003.0
20260909,180000,73W,7,2026,9,9,18,14.3,96.60000000000001,100200.0,2026-09-09 18:00:00,2026-09-09 18:00:00,1002.0
20260909,180000,73W,8,2026,9,9,18,10.9,150.20000000000002,100800.0,2026-09-09 18:00:00,2026-09-09 18:00:00,1008.0
20260909,180000,73W,8,2026,9,9,18,12.1,150.70000000000002,100800.0,2026-09-09 18:00:00,2026-09-09 18:00:00,1008.0
20260909,180000,73W,8,2026,9,9,18,10.6,152.20000000000002,100600.0,2026-09-09 18:00:00,2026-09-09 18:00:00,1006.0
20260909,180000,73W,8,2026,9,9,18,12.6,152.0,100800.0,2026-09-09 18:00:00,2026-09-09 18:00:00,1008.0
20260909,180000,73W,8,2026,9,9,18,11.700000000000001,152.3,100500.0,2026-09-09 18:00:00,2026-09-09 18:00:00,1005.0
20260909,180000,73W,8,2026,9,9,18,13.3,152.20000000000002,100700.0,2026-09-09 18:00:00,2026-09-09 18:00:00,1007.0
20260909,180000,73W,8,2026,9,9,18,14.200000000000001,151.5,100500.0,2026-09-09 18:00:00,2026-09-09 18:00:00,1005.0
20260909,180000,73W,8,2026,9,9,18,15.5,151.1,100600.0,2026-09-09 18:00:00,2026-09-09 18:00:00,1006.0
20260909,180000,73W,8,2026,9,9,18,15.0,151.9,100400.0,2026-09-09 18:00:00,2026-09-09 18:00:00,1004.0
20260909,180000,73W,8,2026,9,9,18,15.700000000000001,152.0,100400.0,2026-09-09 18:00:00,2026-09-09 18:00:00,1004.0
20260909,180000,73W,8,2026,9,9,18,17.6,151.9,99700.0,2026-09-09 18:00:00,2026-09-09 18:00:00,997.0
20260909,180000,73W,13,2026,9,9,18,14.700000000000001,118.60000000000001,100800.0,2026-09-09 18:00:00,2026-09-09 18:00:00,1008.0
20260909,180000,73W,13,2026,9,9,18,15.8,117.7,100700.0,2026-09-09 18:00:00,2026-09-09 18:00:00,1007.0
20260909,180000,73W,13,2026,9,9,18,15.700000000000001,117.0,100600.0,2026-09-09 18:00:00,2026-09-09 18:00:00,1006.0
20260909,180000,73W,13,2026,9,9,18,15.700000000000001,116.5,100700.0,2026-09-09 18:00:00,2026-09-09 18:00:00,1007.0
20260909,180000,73W,13,2026,9,9,18,15.6,117.0,100600.0,2026-09-09 18:00:00,2026-09-09 18:00:00,1006.0
20260909,180000,73W,13,2026,9,9,18,16.9,116.0,100700.0,2026-09-09 18:00:00,2026-09-09 18:00:00,1007.0
20260909,180000,73W,13,2026,9,9,18,17.7,117.0,100500.0,2026-09-09 18:00:00,2026-09-09 18:00:00,1005.0
20260909,180000,73W,13,2026,9,9,18,18.8,116.10000000000001,100200.0,2026-09-09 18:00:00,2026-09-09 18:00:00,1002.0
20260909,180000,73W,13,2026,9,9,18,19.5,115.3,100100.0,2026-09-09 18:00:00,2026-09-09 18:00:00,1001.0
20260909,180000,73W,13,2026,9,9,18,20.400000000000002,113.5,99400.0,2026-09-09 18:00:00,2026-09-09 18:00:00,994.0
20260909,180000,73W,13,2026,9,9,18,19.7,112.10000000000001,99000.0,2026-09-09 18:00:00,2026-09-09 18:00:00,990.0
20260909,180000,73W,13,2026,9,9,18,19.900000000000002,110.4,98800.0,2026-09-09 18:00:00,2026-09-09 18:00:00,988.0
20260909,180000,73W,13,2026,9,9,18,19.2,108.8,98800.0,2026-09-09 18:00:00,2026-09-09 18:00:00,988.0
20260909,180000,73W,13,2026,9,9,18,19.0,108.7,98400.0,2026-09-09 18:00:00,2026-09-09 18:00:00,984.0
20260909,180000,73W,13,2026,9,9,18,18.8,108.5,98600.0,2026-09-09 18:00:00,2026-09-09 18:00:00,986.0
20260909,180000,73W,13,2026,9,9,18,18.5,108.4,98800.0,2026-09-09 18:00:00,2026-09-09 18:00:00,988.0
20260909,180000,73W,13,2026,9,9,18,18.7,107.60000000000001,99000.0,2026-09-09 18:00:00,2026-09-09 18:00:00,990.0
20260909,180000,73W,13,2026,9,9,18,18.5,107.2,99000.0,2026-09-09 18:00:00,2026-09-09 18:00:00,990.0
20260909,180000,73W,13,2026,9,9,18,18.1,106.5,99200.0,2026-09-09 18:00:00,2026-09-09 18:00:00,992.0
20260909,180000,73W,13,2026,9,9,18,17.6,106.3,99600.0,2026-09-09 18:00:00,2026-09-09 18:00:00,996.0
20260909,180000,73W,14,2026,9,9,18,8.9,169.6,100800.0,2026-09-09 18:00:00,2026-09-09 18:00:00,1008.0
20260909,180000,73W,14,2026,9,9,18,7.7,166.6,100700.0,2026-09-09 18:00:00,2026-09-09 18:00:00,1007.0
20260909,180000,73W,14,2026,9,9,18,10.0,166.6,100800.0,2026-09-09 18:00:00,2026-09-09 18:00:00,1008.0
20260909,180000,73W,14,2026,9,9,18,8.8,162.9,100700.0,2026-09-09 18:00:00,2026-09-09 18:00:00,1007.0
20260909,180000,73W,14,2026,9,9,18,9.1,164.6,100400.0,2026-09-09 18:00:00,2026-09-09 18:00:00,1004.0
20260909,180000,73W,14,2026,9,9,18,10.6,164.3,100400.0,2026-09-09 18:00:00,2026-09-09 18:00:00,1004.0
20260909,180000,73W,14,2026,9,9,18,13.1,164.3,100400.0,2026-09-09 18:00:00,2026-09-09 18:00:00,1004.0
20260909,180000,73W,15,2026,9,9,18,14.200000000000001,101.10000000000001,101000.0,2026-09-09 18:00:00,2026-09-09 18:00:00,1010.0
20260909,180000,73W,15,2026,9,9,18,13.8,102.0,100800.0,2026-09-09 18:00:00,2026-09-09 18:00:00,1008.0
20260909,180000,73W,15,2026,9,9,18,12.8,100.60000000000001,100800.0,2026-09-09 18:00:00,2026-09-09 18:00:00,1008.0
20260909,180000,73W,15,2026,9,9,18,12.1,101.10000000000001,100800.0,2026-09-09 18:00:00,2026-09-09 18:00:00,1008.0
20260909,180000,73W,15,2026,9,9,18,11.9,101.4,100600.0,2026-09-09 18:00:00,2026-09-09 18:00:00,1006.0
20260909,180000,73W,15,2026,9,9,18,11.1,102.2,100700.0,2026-09-09 18:00:00,2026-09-09 18:00:00,1007.0
20260909,180000,73W,15,2026,9,9,18,11.4,102.2,100600.0,2026-09-09 18:00:00,2026-09-09 18:00:00,1006.0
20260909,180000,73W,15,2026,9,9,18,11.6,102.7,100600.0,2026-09-09 18:00:00,2026-09-09 18:00:00,1006.0
20260909,180000,73W,15,2026,9,9,18,12.1,102.5,100700.0,2026-09-09 18:00:00,2026-09-09 18:00:00,1007.0
20260909,180000,73W,15,2026,9,9,18,12.700000000000001,101.7,100500.0,2026-09-09 18:00:00,2026-09-09 18:00:00,1005.0
20260909,180000,73W,15,2026,9,9,18,12.6,101.0,100600.0,2026-09-09 18:00:00,2026-09-09 18:00:00,1006.0
20260909,180000,73W,15,2026,9,9,18,12.4,100.4,100600.0,2026-09-09 18:00:00,2026-09-09 18:00:00,1006.0
20260909,180000,73W,15,2026,9,9,18,12.4,100.3,100300.0,2026-09-09 18:00:00,2026-09-09 18:00:00,1003.0
20260909,180000,73W,15,2026,9,9,18,12.4,100.10000000000001,100500.0,2026-09-09 18:00:00,2026-09-09 18:00:00,1005.0
20260909,180000,73W,15,2026,9,9,18,12.700000000000001,100.3,100500.0,2026-09-09 18:00:00,2026-09-09 18:00:00,1005.0
20260909,180000,73W,15,2026,9,9,18,13.1,100.10000000000001,100400.0,2026-09-09 18:00:00,2026-09-09 18:00:00,1004.0
20260909,180000,73W,15,2026,9,9,18,13.200000000000001,99.9,100600.0,2026-09-09 18:00:00,2026-09-09 18:00:00,1006.0
20260909,180000,73W,15,2026,9,9,18,13.200000000000001,99.7,100600.0,2026-09-09 18:00:00,2026-09-09 18:00:00,1006.0
20260909,180000,73W,15,2026,9,9,18,13.5,99.7,100600.0,2026-09-09 18:00:00,2026-09-09 18:00:00,1006.0
20260909,180000,73W,15,2026,9,9,18,13.8,99.9,100700.0,2026-09-09 18:00:00,2026-09-09 18:00:00,1007.0
20260909,180000,73W,16,2026,9,9,18,11.4,168.8,100500.0,2026-09-09 18:00:00,2026-09-09 18:00:00,1005.0
20260909,180000,73W,16,2026,9,9,18,8.8,166.4,100400.0,2026-09-09 18:00:00,2026-09-09 18:00:00,1004.0
20260909,180000,73W,19,2026,9,9,18,15.5,124.2,101000.0,2026-09-09 18:00:00,2026-09-09 18:00:00,1010.0
20260909,180000,73W,19,2026,9,9,18,14.0,125.4,100700.0,2026-09-09 18:00:00,2026-09-09 18:00:00,1007.0
20260909,180000,73W,19,2026,9,9,18,11.700000000000001,128.6,100600.0,2026-09-09 18:00:00,2026-09-09 18:00:00,1006.0
20260909,180000,73W,23,2026,9,9,18,17.400000000000002,114.60000000000001,100600.0,2026-09-09 18:00:00,2026-09-09 18:00:00,1006.0
20260909,180000,73W,23,2026,9,9,18,18.400000000000002,113.0,100400.0,2026-09-09 18:00:00,2026-09-09 18:00:00,1004.0
20260909,180000,73W,23,2026,9,9,18,18.0,111.4,100300.0,2026-09-09 18:00:00,2026-09-09 18:00:00,1003.0
20260909,180000,73W,23,2026,9,9,18,18.1,110.60000000000001,99800.0,2026-09-09 18:00:00,2026-09-09 18:00:00,998.0
20260909,180000,73W,23,2026,9,9,18,17.3,110.4,99700.0,2026-09-09 18:00:00,2026-09-09 18:00:00,997.0
20260909,180000,73W,23,2026,9,9,18,17.3,109.5,99400.0,2026-09-09 18:00:00,2026-09-09 18:00:00,994.0
20260909,180000,73W,23,2026,9,9,18,17.8,109.7,99100.0,2026-09-09 18:00:00,2026-09-09 18:00:00,991.0
20260909,180000,73W,23,2026,9,9,18,17.3,109.2,98800.0,2026-09-09 18:00:00,2026-09-09 18:00:00,988.0
20260909,180000,73W,23,2026,9,9,18,17.3,108.7,98800.0,2026-09-09 18:00:00,2026-09-09 18:00:00,988.0
20260909,180000,73W,23,2026,9,9,18,17.0,109.10000000000001,98600.0,2026-09-09 18:00:00,2026-09-09 18:00:00,986.0
20260909,180000,73W,23,2026,9,9,18,16.8,108.9,98600.0,2026-09-09 18:00:00,2026-09-09 18:00:00,986.0
20260909,180000,73W,23,2026,9,9,18,16.5,108.9,98400.0,2026-09-09 18:00:00,2026-09-09 18:00:00,984.0
20260909,180000,73W,23,2026,9,9,18,16.1,109.10000000000001,98400.0,2026-09-09 18:00:00,2026-09-09 18:00:00,984.0
20260909,180000,73W,23,2026,9,9,18,15.8,109.10000000000001,98500.0,2026-09-09 18:00:00,2026-09-09 18:00:00,985.0
20260909,180000,73W,24,2026,9,9,18,13.8,102.3,100700.0,2026-09-09 18:00:00,2026-09-09 18:00:00,1007.0
20260909,180000,73W,24,2026,9,9,18,13.3,103.9,100900.0,2026-09-09 18:00:00,2026-09-09 18:00:00,1009.0
20260909,180000,73W,24,2026,9,9,18,14.1,100.8,100800.0,2026-09-09 18:00:00,2026-09-09 18:00:00,1008.0
20260909,180000,73W,24,2026,9,9,18,13.0,100.5,100800.0,2026-09-09 18:00:00,2026-09-09 18:00:00,1008.0
20260909,180000,73W,24,2026,9,9,18,11.200000000000001,100.8,100800.0,2026-09-09 18:00:00,2026-09-09 18:00:00,1008.0
20260909,180000,73W,24,2026,9,9,18,12.0,101.3,100500.0,2026-09-09 18:00:00,2026-09-09 18:00:00,1005.0
20260909,180000,73W,24,2026,9,9,18,11.9,100.2,100500.0,2026-09-09 18:00:00,2026-09-09 18:00:00,1005.0
20260909,180000,73W,24,2026,9,9,18,11.9,100.4,100400.0,2026-09-09 18:00:00,2026-09-09 18:00:00,1004.0
20260909,180000,73W,24,2026,9,9,18,12.0,100.0,100300.0,2026-09-09 18:00:00,2026-09-09 18:00:00,1003.0
20260909,180000,73W,24,2026,9,9,18,12.0,99.0,100700.0,2026-09-09 18:00:00,2026-09-09 18:00:00,1007.0
20260909,180000,73W,24,2026,9,9,18,11.200000000000001,97.9,100600.0,2026-09-09 18:00:00,2026-09-09 18:00:00,1006.0
20260909,180000,73W,24,2026,9,9,18,11.1,98.4,100500.0,2026-09-09 18:00:00,2026-09-09 18:00:00,1005.0
20260909,180000,73W,24,2026,9,9,18,11.200000000000001,98.60000000000001,100700.0,2026-09-09 18:00:00,2026-09-09 18:00:00,1007.0
20260909,180000,73W,24,2026,9,9,18,11.4,97.8,100700.0,2026-09-09 18:00:00,2026-09-09 18:00:00,1007.0
20260909,180000,73W,27,2026,9,9,18,14.0,101.8,100700.0,2026-09-09 18:00:00,2026-09-09 18:00:00,1007.0
20260909,180000,73W,27,2026,9,9,18,11.200000000000001,101.3,100700.0,2026-09-09 18:00:00,2026-09-09 18:00:00,1007.0
20260909,180000,73W,27,2026,9,9,18,11.200000000000001,102.0,100500.0,2026-09-09 18:00:00,2026-09-09 18:00:00,1005.0
20260909,180000,73W,27,2026,9,9,18,10.8,102.3,100400.0,2026-09-09 18:00:00,2026-09-09 18:00:00,1004.0
20260909,180000,73W,27,2026,9,9,18,11.1,102.10000000000001,100300.0,2026-09-09 18:00:00,2026-09-09 18:00:00,1003.0
20260909,180000,73W,27,2026,9,9,18,11.1,102.0,100100.0,2026-09-09 18:00:00,2026-09-09 18:00:00,1001.0
20260909,180000,73W,27,2026,9,9,18,11.200000000000001,102.2,99900.0,2026-09-09 18:00:00,2026-09-09 18:00:00,999.0
20260909,180000,73W,27,2026,9,9,18,11.4,103.0,100000.0,2026-09-09 18:00:00,2026-09-09 18:00:00,1000.0
20260909,180000,73W,27,2026,9,9,18,12.0,104.4,100500.0,2026-09-09 18:00:00,2026-09-09 18:00:00,1005.0
20260909,180000,73W,27,2026,9,9,18,15.700000000000001,106.3,100500.0,2026-09-09 18:00:00,2026-09-09 18:00:00,1005.0
20260909,180000,73W,29,2026,9,9,18,11.3,105.2,100700.0,2026-09-09 18:00:00,2026-09-09 18:00:00,1007.0
20260909,180000,73W,29,2026,9,9,18,12.6,104.4,100800.0,2026-09-09 18:00:00,2026-09-09 18:00:00,1008.0
20260909,180000,73W,29,2026,9,9,18,14.0,101.60000000000001,100900.0,2026-09-09 18:00:00,2026-09-09 18:00:00,1009.0
20260909,180000,73W,29,2026,9,9,18,13.9,101.5,100800.0,2026-09-09 18:00:00,2026-09-09 18:00:00,1008.0
20260909,180000,73W,29,2026,9,9,18,11.700000000000001,101.7,100800.0,2026-09-09 18:00:00,2026-09-09 18:00:00,1008.0
20260909,180000,73W,29,2026,9,9,18,12.1,102.5,100700.0,2026-09-09 18:00:00,2026-09-09 18:00:00,1007.0
20260909,180000,73W,29,2026,9,9,18,10.0,102.0,100600.0,2026-09-09 18:00:00,2026-09-09 18:00:00,1006.0
20260909,180000,73W,29,2026,9,9,18,11.700000000000001,100.5,100500.0,2026-09-09 18:00:00,2026-09-09 18:00:00,1005.0
20260909,180000,73W,29,2026,9,9,18,12.8,100.2,100500.0,2026-09-09 18:00:00,2026-09-09 18:00:00,1005.0
20260909,180000,73W,29,2026,9,9,18,13.3,100.10000000000001,100400.0,2026-09-09 18:00:00,2026-09-09 18:00:00,1004.0
20260909,180000,73W,29,2026,9,9,18,12.3,97.5,100500.0,2026-09-09 18:00:00,2026-09-09 18:00:00,1005.0
20260909,180000,73W,29,2026,9,9,18,14.9,96.9,100500.0,2026-09-09 18:00:00,2026-09-09 18:00:00,1005.0
20260909,180000,73W,29,2026,9,9,18,14.6,96.0,100500.0,2026-09-09 18:00:00,2026-09-09 18:00:00,1005.0
20260909,180000,73W,29,2026,9,9,18,15.0,96.0,100400.0,2026-09-09 18:00:00,2026-09-09 18:00:00,1004.0
20260909,180000,73W,29,2026,9,9,18,15.1,95.9,100500.0,2026-09-09 18:00:00,2026-09-09 18:00:00,1005.0
20260909,180000,73W,30,2026,9,9,18,6.4,178.3,100500.0,2026-09-09 18:00:00,2026-09-09 18:00:00,1005.0
20260909,180000,73W,30,2026,9,9,18,4.6000000000000005,176.9,100600.0,2026-09-09 18:00:00,2026-09-09 18:00:00,1006.0
20260909,180000,73W,30,2026,9,9,18,5.7,177.3,100600.0,2026-09-09 18:00:00,2026-09-09 18:00:00,1006.0
20260909,180000,73W,30,2026,9,9,18,6.2,177.20000000000002,100700.0,2026-09-09 18:00:00,2026-09-09 18:00:00,1007.0
20260909,180000,73W,30,2026,9,9,18,6.4,177.70000000000002,100500.0,2026-09-09 18:00:00,2026-09-09 18:00:00,1005.0
20260909,180000,73W,31,2026,9,9,18,10.5,136.5,100400.0,2026-09-09 18:00:00,2026-09-09 18:00:00,1004.0
20260909,180000,73W,31,2026,9,9,18,10.8,138.3,100200.0,2026-09-09 18:00:00,2026-09-09 18:00:00,1002.0
20260909,180000,73W,31,2026,9,9,18,11.4,138.1,100400.0,2026-09-09 18:00:00,2026-09-09 18:00:00,1004.0
20260909,180000,73W,31,2026,9,9,18,11.8,138.6,99900.0,2026-09-09 18:00:00,2026-09-09 18:00:00,999.0
20260909,180000,73W,31,2026,9,9,18,12.5,138.4,99900.0,2026-09-09 18:00:00,2026-09-09 18:00:00,999.0
20260909,180000,73W,31,2026,9,9,18,13.0,138.70000000000002,99500.0,2026-09-09 18:00:00,2026-09-09 18:00:00,995.0
20260909,180000,73W,32,2026,9,9,18,12.9,100.4,100800.0,2026-09-09 18:00:00,2026-09-09 18:00:00,1008.0
20260909,180000,73W,32,2026,9,9,18,12.1,100.8,100600.0,2026-09-09 18:00:00,2026-09-09 18:00:00,1006.0
20260909,180000,73W,32,2026,9,9,18,11.9,101.4,100500.0,2026-09-09 18:00:00,2026-09-09 18:00:00,1005.0
20260909,180000,73W,32,2026,9,9,18,12.6,104.4,100700.0,2026-09-09 18:00:00,2026-09-09 18:00:00,1007.0
20260909,180000,73W,32,2026,9,9,18,15.6,108.5,99700.0,2026-09-09 18:00:00,2026-09-09 18:00:00,997.0
20260909,180000,73W,32,2026,9,9,18,15.5,108.9,99800.0,2026-09-09 18:00:00,2026-09-09 18:00:00,998.0
20260909,180000,73W,34,2026,9,9,18,10.0,173.9,100500.0,2026-09-09 18:00:00,2026-09-09 18:00:00,1005.0
20260909,180000,73W,34,2026,9,9,18,9.6,171.4,100600.0,2026-09-09 18:00:00,2026-09-09 18:00:00,1006.0
20260909,180000,73W,34,2026,9,9,18,9.3,171.70000000000002,100300.0,2026-09-09 18:00:00,2026-09-09 18:00:00,1003.0
20260909,180000,73W,34,2026,9,9,18,10.6,171.4,100600.0,2026-09-09 18:00:00,2026-09-09 18:00:00,1006.0
20260909,180000,73W,34,2026,9,9,18,11.1,170.9,100400.0,2026-09-09 18:00:00,2026-09-09 18:00:00,1004.0
20260909,180000,73W,34,2026,9,9,18,12.3,169.4,100400.0,2026-09-09 18:00:00,2026-09-09 18:00:00,1004.0
20260909,180000,73W,34,2026,9,9,18,12.8,168.6,100100.0,2026-09-09 18:00:00,2026-09-09 18:00:00,1001.0
20260909,180000,73W,34,2026,9,9,18,13.3,168.4,100200.0,2026-09-09 18:00:00,2026-09-09 18:00:00,1002.0
20260909,180000,73W,34,2026,9,9,18,13.8,167.70000000000002,100000.0,2026-09-09 18:00:00,2026-09-09 18:00:00,1000.0
20260909,180000,73W,34,2026,9,9,18,14.5,167.5,100000.0,2026-09-09 18:00:00,2026-09-09 18:00:00,1000.0
20260909,180000,73W,34,2026,9,9,18,15.0,166.70000000000002,99700.0,2026-09-09 18:00:00,2026-09-09 18:00:00,997.0
20260909,180000,73W,34,2026,9,9,18,15.3,166.3,99200.0,2026-09-09 18:00:00,2026-09-09 18:00:00,992.0
20260909,180000,73W,34,2026,9,9,18,15.8,165.70000000000002,98400.0,2026-09-09 18:00:00,2026-09-09 18:00:00,984.0
20260909,180000,73W,35,2026,9,9,18,14.5,103.9,100800.0,2026-09-09 18:00:00,2026-09-09 18:00:00,1008.0
20260909,180000,73W,35,2026,9,9,18,12.5,105.8,100600.0,2026-09-09 18:00:00,2026-09-09 18:00:00,1006.0
20260909,180000,73W,35,2026,9,9,18,9.6,109.0,100800.0,2026-09-09 18:00:00,2026-09-09 18:00:00,1008.0
20260909,180000,73W,35,2026,9,9,18,11.1,110.0,100500.0,2026-09-09 18:00:00,2026-09-09 18:00:00,1005.0
20260909,180000,73W,36,2026,9,9,18,13.9,104.9,100800.0,2026-09-09 18:00:00,2026-09-09 18:00:00,1008.0
20260909,180000,73W,36,2026,9,9,18,12.6,104.4,100800.0,2026-09-09 18:00:00,2026-09-09 18:00:00,1008.0
20260909,180000,73W,36,2026,9,9,18,11.0,103.7,100900.0,2026-09-09 18:00:00,2026-09-09 18:00:00,1009.0
20260909,180000,73W,36,2026,9,9,18,10.700000000000001,105.60000000000001,100800.0,2026-09-09 18:00:00,2026-09-09 18:00:00,1008.0
20260909,180000,73W,36,2026,9,9,18,11.1,105.8,100800.0,2026-09-09 18:00:00,2026-09-09 18:00:00,1008.0
20260909,180000,73W,36,2026,9,9,18,10.8,103.2,100700.0,2026-09-09 18:00:00,2026-09-09 18:00:00,1007.0
20260909,180000,73W,36,2026,9,9,18,11.4,101.2,100700.0,2026-09-09 18:00:00,2026-09-09 18:00:00,1007.0
20260909,180000,73W,36,2026,9,9,18,12.8,101.9,100600.0,2026-09-09 18:00:00,2026-09-09 18:00:00,1006.0
20260909,180000,73W,36,2026,9,9,18,13.200000000000001,100.3,100700.0,2026-09-09 18:00:00,2026-09-09 18:00:00,1007.0
20260909,180000,73W,36,2026,9,9,18,12.3,96.7,100500.0,2026-09-09 18:00:00,2026-09-09 18:00:00,1005.0
20260909,180000,73W,36,2026,9,9,18,12.1,97.7,100200.0,2026-09-09 18:00:00,2026-09-09 18:00:00,1002.0
20260909,180000,73W,36,2026,9,9,18,12.9,99.9,100500.0,2026-09-09 18:00:00,2026-09-09 18:00:00,1005.0
20260909,180000,73W,36,2026,9,9,18,14.1,99.60000000000001,100400.0,2026-09-09 18:00:00,2026-09-09 18:00:00,1004.0
20260909,180000,73W,36,2026,9,9,18,15.3,100.10000000000001,100400.0,2026-09-09 18:00:00,2026-09-09 18:00:00,1004.0
20260909,180000,73W,38,2026,9,9,18,12.6,126.3,100500.0,2026-09-09 18:00:00,2026-09-09 18:00:00,1005.0
20260909,180000,73W,38,2026,9,9,18,12.1,128.6,100600.0,2026-09-09 18:00:00,2026-09-09 18:00:00,1006.0
20260909,180000,73W,38,2026,9,9,18,12.8,129.0,100400.0,2026-09-09 18:00:00,2026-09-09 18:00:00,1004.0
20260909,180000,73W,38,2026,9,9,18,13.6,129.5,100500.0,2026-09-09 18:00:00,2026-09-09 18:00:00,1005.0
20260909,180000,73W,38,2026,9,9,18,14.700000000000001,129.4,100200.0,2026-09-09 18:00:00,2026-09-09 18:00:00,1002.0
20260909,180000,73W,38,2026,9,9,18,15.1,128.7,100400.0,2026-09-09 18:00:00,2026-09-09 18:00:00,1004.0
20260909,180000,73W,38,2026,9,9,18,15.6,128.1,100200.0,2026-09-09 18:00:00,2026-09-09 18:00:00,1002.0
20260909,180000,73W,40,2026,9,9,18,13.4,148.9,100800.0,2026-09-09 18:00:00,2026-09-09 18:00:00,1008.0
20260909,180000,73W,40,2026,9,9,18,13.8,148.6,100500.0,2026-09-09 18:00:00,2026-09-09 18:00:00,1005.0
20260909,180000,73W,40,2026,9,9,18,14.3,147.1,100800.0,2026-09-09 18:00:00,2026-09-09 18:00:00,1008.0
20260909,180000,73W,40,2026,9,9,18,13.1,146.6,100400.0,2026-09-09 18:00:00,2026-09-09 18:00:00,1004.0
20260909,180000,73W,40,2026,9,9,18,13.6,148.20000000000002,100700.0,2026-09-09 18:00:00,2026-09-09 18:00:00,1007.0
20260909,180000,73W,40,2026,9,9,18,14.200000000000001,146.8,100300.0,2026-09-09 18:00:00,2026-09-09 18:00:00,1003.0
20260909,180000,73W,40,2026,9,9,18,14.8,144.4,100200.0,2026-09-09 18:00:00,2026-09-09 18:00:00,1002.0
20260909,180000,73W,43,2026,9,9,18,15.9,113.10000000000001,100700.0,2026-09-09 18:00:00,2026-09-09 18:00:00,1007.0
20260909,180000,73W,43,2026,9,9,18,15.5,114.3,100500.0,2026-09-09 18:00:00,2026-09-09 18:00:00,1005.0
20260909,180000,73W,43,2026,9,9,18,17.7,113.9,100400.0,2026-09-09 18:00:00,2026-09-09 18:00:00,1004.0
20260909,180000,73W,43,2026,9,9,18,18.900000000000002,112.7,100300.0,2026-09-09 18:00:00,2026-09-09 18:00:00,1003.0
20260909,180000,73W,43,2026,9,9,18,18.6,110.60000000000001,99900.0,2026-09-09 18:00:00,2026-09-09 18:00:00,999.0
20260909,180000,73W,43,2026,9,9,18,18.1,109.4,99700.0,2026-09-09 18:00:00,2026-09-09 18:00:00,997.0
20260909,180000,73W,43,2026,9,9,18,17.6,108.2,99600.0,2026-09-09 18:00:00,2026-09-09 18:00:00,996.0
20260909,180000,73W,43,2026,9,9,18,18.1,108.0,99200.0,2026-09-09 18:00:00,2026-09-09 18:00:00,992.0
20260909,180000,73W,43,2026,9,9,18,17.8,106.8,99200.0,2026-09-09 18:00:00,2026-09-09 18:00:00,992.0
20260909,180000,73W,43,2026,9,9,18,18.1,106.4,99500.0,2026-09-09 18:00:00,2026-09-09 18:00:00,995.0
20260909,180000,73W,43,2026,9,9,18,18.1,105.7,100100.0,2026-09-09 18:00:00,2026-09-09 18:00:00,1001.0
20260909,180000,73W,43,2026,9,9,18,18.3,103.60000000000001,100200.0,2026-09-09 18:00:00,2026-09-09 18:00:00,1002.0
20260909,180000,73W,43,2026,9,9,18,17.3,104.10000000000001,100500.0,2026-09-09 18:00:00,2026-09-09 18:00:00,1005.0
20260909,180000,73W,43,2026,9,9,18,17.7,104.3,100500.0,2026-09-09 18:00:00,2026-09-09 18:00:00,1005.0
20260909,180000,73W,43,2026,9,9,18,18.8,106.2,100600.0,2026-09-09 18:00:00,2026-09-09 18:00:00,1006.0
20260909,180000,73W,45,2026,9,9,18,16.6,120.10000000000001,100900.0,2026-09-09 18:00:00,2026-09-09 18:00:00,1009.0
20260909,180000,73W,45,2026,9,9,18,16.5,119.60000000000001,100800.0,2026-09-09 18:00:00,2026-09-09 18:00:00,1008.0
20260909,180000,73W,45,2026,9,9,18,14.0,119.7,100900.0,2026-09-09 18:00:00,2026-09-09 18:00:00,1009.0
20260909,180000,73W,45,2026,9,9,18,10.4,121.7,100500.0,2026-09-09 18:00:00,2026-09-09 18:00:00,1005.0
20260909,180000,73W,45,2026,9,9,18,9.4,121.60000000000001,100600.0,2026-09-09 18:00:00,2026-09-09 18:00:00,1006.0
20260909,180000,73W,45,2026,9,9,18,8.700000000000001,122.7,100200.0,2026-09-09 18:00:00,2026-09-09 18:00:00,1002.0
20260909,180000,73W,45,2026,9,9,18,7.9,121.9,100500.0,2026-09-09 18:00:00,2026-09-09 18:00:00,1005.0
20260909,180000,73W,45,2026,9,9,18,7.2,122.7,100400.0,2026-09-09 18:00:00,2026-09-09 18:00:00,1004.0
20260909,180000,73W,48,2026,9,9,18,12.0,157.0,100600.0,2026-09-09 18:00:00,2026-09-09 18:00:00,1006.0
20260909,180000,73W,48,2026,9,9,18,10.3,158.5,100700.0,2026-09-09 18:00:00,2026-09-09 18:00:00,1007.0
20260909,180000,74W,4,2026,9,9,18,24.0,128.6,100500.0,2026-09-09 18:00:00,2026-09-09 18:00:00,1005.0
20260909,180000,74W,4,2026,9,9,18,24.5,127.4,100600.0,2026-09-09 18:00:00,2026-09-09 18:00:00,1006.0
20260909,180000,74W,4,2026,9,9,18,24.8,125.5,100400.0,2026-09-09 18:00:00,2026-09-09 18:00:00,1004.0
20260909,180000,74W,4,2026,9,9,18,24.400000000000002,124.8,100500.0,2026-09-09 18:00:00,2026-09-09 18:00:00,1005.0
20260909,180000,74W,4,2026,9,9,18,24.0,123.8,100300.0,2026-09-09 18:00:00,2026-09-09 18:00:00,1003.0
20260909,180000,74W,4,2026,9,9,18,23.7,123.2,100400.0,2026-09-09 18:00:00,2026-09-09 18:00:00,1004.0
20260909,180000,74W,5,2026,9,9,18,9.3,126.9,100400.0,2026-09-09 18:00:00,2026-09-09 18:00:00,1004.0
20260909,180000,74W,5,2026,9,9,18,8.5,128.3,100600.0,2026-09-09 18:00:00,2026-09-09 18:00:00,1006.0
20260909,180000,74W,13,2026,9,9,18,10.4,154.4,100800.0,2026-09-09 18:00:00,2026-09-09 18:00:00,1008.0
20260909,180000,74W,13,2026,9,9,18,12.8,152.1,100500.0,2026-09-09 18:00:00,2026-09-09 18:00:00,1005.0
20260909,180000,74W,13,2026,9,9,18,12.700000000000001,152.5,100700.0,2026-09-09 18:00:00,2026-09-09 18:00:00,1007.0
20260909,180000,74W,13,2026,9,9,18,14.1,151.20000000000002,100500.0,2026-09-09 18:00:00,2026-09-09 18:00:00,1005.0
20260909,180000,74W,14,2026,9,9,18,15.200000000000001,127.4,100800.0,2026-09-09 18:00:00,2026-09-09 18:00:00,1008.0
20260909,180000,74W,14,2026,9,9,18,11.700000000000001,127.3,100600.0,2026-09-09 18:00:00,2026-09-09 18:00:00,1006.0
20260909,180000,74W,14,2026,9,9,18,11.200000000000001,128.7,100800.0,2026-09-09 18:00:00,2026-09-09 18:00:00,1008.0
20260909,180000,74W,14,2026,9,9,18,10.700000000000001,129.1,100500.0,2026-09-09 18:00:00,2026-09-09 18:00:00,1005.0
20260909,180000,74W,14,2026,9,9,18,11.0,130.2,100700.0,2026-09-09 18:00:00,2026-09-09 18:00:00,1007.0
20260909,180000,74W,14,2026,9,9,18,11.3,130.9,100500.0,2026-09-09 18:00:00,2026-09-09 18:00:00,1005.0
20260909,180000,74W,14,2026,9,9,18,11.4,131.2,100700.0,2026-09-09 18:00:00,2026-09-09 18:00:00,1007.0
20260909,180000,74W,14,2026,9,9,18,11.3,131.7,100400.0,2026-09-09 18:00:00,2026-09-09 18:00:00,1004.0
20260909,180000,74W,14,2026,9,9,18,11.9,132.1,100600.0,2026-09-09 18:00:00,2026-09-09 18:00:00,1006.0
20260909,180000,74W,14,2026,9,9,18,11.9,131.9,100400.0,2026-09-09 18:00:00,2026-09-09 18:00:00,1004.0
20260909,180000,74W,23,2026,9,9,18,23.6,127.0,100700.0,2026-09-09 18:00:00,2026-09-09 18:00:00,1007.0
20260909,180000,74W,23,2026,9,9,18,22.8,126.0,100400.0,2026-09-09 18:00:00,2026-09-09 18:00:00,1004.0
20260909,180000,74W,23,2026,9,9,18,23.400000000000002,125.0,100500.0,2026-09-09 18:00:00,2026-09-09 18:00:00,1005.0
20260909,180000,74W,23,2026,9,9,18,22.900000000000002,122.8,100500.0,2026-09-09 18:00:00,2026-09-09 18:00:00,1005.0
20260909,180000,74W,23,2026,9,9,18,22.1,122.3,100400.0,2026-09-09 18:00:00,2026-09-09 18:00:00,1004.0
20260909,180000,74W,29,2026,9,9,18,11.700000000000001,155.20000000000002,100800.0,2026-09-09 18:00:00,2026-09-09 18:00:00,1008.0
20260909,180000,74W,29,2026,9,9,18,11.0,156.5,100500.0,2026-09-09 18:00:00,2026-09-09 18:00:00,1005.0
20260909,180000,74W,29,2026,9,9,18,10.8,157.9,100700.0,2026-09-09 18:00:00,2026-09-09 18:00:00,1007.0
20260909,180000,74W,29,2026,9,9,18,11.200000000000001,158.1,100500.0,2026-09-09 18:00:00,2026-09-09 18:00:00,1005.0
20260909,180000,74W,29,2026,9,9,18,11.700000000000001,157.4,100600.0,2026-09-09 18:00:00,2026-09-09 18:00:00,1006.0
20260909,180000,74W,29,2026,9,9,18,11.9,156.70000000000002,100300.0,2026-09-09 18:00:00,2026-09-09 18:00:00,1003.0
20260909,180000,74W,29,2026,9,9,18,11.700000000000001,155.6,100500.0,2026-09-09 18:00:00,2026-09-09 18:00:00,1005.0
20260909,180000,74W,29,2026,9,9,18,10.9,155.4,100100.0,2026-09-09 18:00:00,2026-09-09 18:00:00,1001.0
20260909,180000,74W,29,2026,9,9,18,11.6,155.0,100200.0,2026-09-09 18:00:00,2026-09-09 18:00:00,1002.0
20260909,180000,74W,29,2026,9,9,18,12.200000000000001,154.8,99800.0,2026-09-09 18:00:00,2026-09-09 18:00:00,998.0
20260909,180000,74W,29,2026,9,9,18,12.8,154.3,100000.0,2026-09-09 18:00:00,2026-09-09 18:00:00,1000.0
20260909,180000,74W,29,2026,9,9,18,13.6,153.4,99500.0,2026-09-09 18:00:00,2026-09-09 18:00:00,995.0
20260909,180000,74W,29,2026,9,9,18,14.200000000000001,152.70000000000002,99600.0,2026-09-09 18:00:00,2026-09-09 18:00:00,996.0
20260909,180000,74W,29,2026,9,9,18,15.5,151.8,99200.0,2026-09-09 18:00:00,2026-09-09 18:00:00,992.0
20260909,180000,74W,29,2026,9,9,18,16.4,150.6,99000.0,2026-09-09 18:00:00,2026-09-09 18:00:00,990.0
20260909,180000,74W,29,2026,9,9,18,17.2,149.4,98500.0,2026-09-09 18:00:00,2026-09-09 18:00:00,985.0
20260909,180000,74W,30,2026,9,9,18,19.5,118.4,100900.0,2026-09-09 18:00:00,2026-09-09 18:00:00,1009.0
20260909,180000,74W,30,2026,9,9,18,18.900000000000002,116.10000000000001,100800.0,2026-09-09 18:00:00,2026-09-09 18:00:00,1008.0
20260909,180000,74W,30,2026,9,9,18,18.0,115.2,100900.0,2026-09-09 18:00:00,2026-09-09 18:00:00,1009.0
20260909,180000,74W,30,2026,9,9,18,18.1,113.7,100700.0,2026-09-09 18:00:00,2026-09-09 18:00:00,1007.0
20260909,180000,74W,30,2026,9,9,18,17.6,109.5,100600.0,2026-09-09 18:00:00,2026-09-09 18:00:00,1006.0
20260909,180000,74W,30,2026,9,9,18,16.4,110.4,100800.0,2026-09-09 18:00:00,2026-09-09 18:00:00,1008.0
20260909,180000,74W,30,2026,9,9,18,16.5,110.10000000000001,100800.0,2026-09-09 18:00:00,2026-09-09 18:00:00,1008.0
20260909,180000,74W,34,2026,9,9,18,12.8,154.1,100900.0,2026-09-09 18:00:00,2026-09-09 18:00:00,1009.0
20260909,180000,74W,34,2026,9,9,18,14.700000000000001,154.1,100600.0,2026-09-09 18:00:00,2026-09-09 18:00:00,1006.0
20260909,180000,74W,34,2026,9,9,18,13.6,154.4,100700.0,2026-09-09 18:00:00,2026-09-09 18:00:00,1007.0
20260909,180000,74W,34,2026,9,9,18,12.3,154.1,100400.0,2026-09-09 18:00:00,2026-09-09 18:00:00,1004.0
20260909,180000,74W,34,2026,9,9,18,14.0,153.8,100600.0,2026-09-09 18:00:00,2026-09-09 18:00:00,1006.0
20260909,180000,74W,34,2026,9,9,18,13.9,152.5,100200.0,2026-09-09 18:00:00,2026-09-09 18:00:00,1002.0
20260909,180000,74W,34,2026,9,9,18,13.5,152.20000000000002,100300.0,2026-09-09 18:00:00,2026-09-09 18:00:00,1003.0
20260909,180000,74W,34,2026,9,9,18,13.8,151.5,99900.0,2026-09-09 18:00:00,2026-09-09 18:00:00,999.0
20260909,180000,74W,34,2026,9,9,18,14.4,152.0,100100.0,2026-09-09 18:00:00,2026-09-09 18:00:00,1001.0
20260909,180000,74W,34,2026,9,9,18,14.4,151.8,99700.0,2026-09-09 18:00:00,2026-09-09 18:00:00,997.0
20260909,180000,74W,35,2026,9,9,18,13.6,102.5,100600.0,2026-09-09 18:00:00,2026-09-09 18:00:00,1006.0
20260909,180000,74W,35,2026,9,9,18,12.4,101.60000000000001,100800.0,2026-09-09 18:00:00,2026-09-09 18:00:00,1008.0
20260909,180000,74W,35,2026,9,9,18,13.5,100.9,100800.0,2026-09-09 18:00:00,2026-09-09 18:00:00,1008.0
20260909,180000,74W,35,2026,9,9,18,13.8,101.7,100700.0,2026-09-09 18:00:00,2026-09-09 18:00:00,1007.0
20260909,180000,74W,35,2026,9,9,18,12.1,100.60000000000001,100700.0,2026-09-09 18:00:00,2026-09-09 18:00:00,1007.0
20260909,180000,74W,35,2026,9,9,18,11.5,102.9,100700.0,2026-09-09 18:00:00,2026-09-09 18:00:00,1007.0
20260909,180000,74W,35,2026,9,9,18,9.4,101.60000000000001,100400.0,2026-09-09 18:00:00,2026-09-09 18:00:00,1004.0
20260909,180000,74W,35,2026,9,9,18,10.0,102.3,100300.0,2026-09-09 18:00:00,2026-09-09 18:00:00,1003.0
20260909,180000,74W,35,2026,9,9,18,11.0,102.60000000000001,100400.0,2026-09-09 18:00:00,2026-09-09 18:00:00,1004.0
20260909,180000,74W,35,2026,9,9,18,10.5,102.10000000000001,99800.0,2026-09-09 18:00:00,2026-09-09 18:00:00,998.0
20260909,180000,74W,35,2026,9,9,18,10.9,102.9,99800.0,2026-09-09 18:00:00,2026-09-09 18:00:00,998.0
20260909,180000,74W,35,2026,9,9,18,11.700000000000001,104.0,100300.0,2026-09-09 18:00:00,2026-09-09 18:00:00,1003.0
20260909,180000,74W,38,2026,9,9,18,10.200000000000001,165.5,100400.0,2026-09-09 18:00:00,2026-09-09 18:00:00,1004.0
20260909,180000,74W,38,2026,9,9,18,12.700000000000001,165.3,100500.0,2026-09-09 18:00:00,2026-09-09 18:00:00,1005.0
20260909,180000,74W,38,2026,9,9,18,13.0,164.8,100400.0,2026-09-09 18:00:00,2026-09-09 18:00:00,1004.0
20260909,180000,74W,38,2026,9,9,18,13.5,164.3,100600.0,2026-09-09 18:00:00,2026-09-09 18:00:00,1006.0
20260909,180000,74W,38,2026,9,9,18,13.5,164.20000000000002,100400.0,2026-09-09 18:00:00,2026-09-09 18:00:00,1004.0
20260909,180000,74W,38,2026,9,9,18,13.9,163.3,100600.0,2026-09-09 18:00:00,2026-09-09 18:00:00,1006.0
20260909,180000,74W,38,2026,9,9,18,13.9,160.9,100600.0,2026-09-09 18:00:00,2026-09-09 18:00:00,1006.0
20260909,180000,74W,43,2026,9,9,18,9.4,166.3,100600.0,2026-09-09 18:00:00,2026-09-09 18:00:00,1006.0
20260909,180000,74W,43,2026,9,9,18,9.6,165.1,100700.0,2026-09-09 18:00:00,2026-09-09 18:00:00,1007.0
20260909,180000,74W,43,2026,9,9,18,8.6,162.6,100800.0,2026-09-09 18:00:00,2026-09-09 18:00:00,1008.0
20260909,180000,74W,43,2026,9,9,18,7.5,162.5,100600.0,2026-09-09 18:00:00,2026-09-09 18:00:00,1006.0
20260909,180000,74W,43,2026,9,9,18,8.8,163.3,100600.0,2026-09-09 18:00:00,2026-09-09 18:00:00,1006.0
20260909,180000,74W,43,2026,9,9,18,9.1,163.8,100500.0,2026-09-09 18:00:00,2026-09-09 18:00:00,1005.0
20260909,180000,74W,43,2026,9,9,18,9.700000000000001,164.8,100600.0,2026-09-09 18:00:00,2026-09-09 18:00:00,1006.0
20260909,180000,74W,43,2026,9,9,18,10.200000000000001,165.4,100800.0,2026-09-09 18:00:00,2026-09-09 18:00:00,1008.0
20260909,180000,74W,43,2026,9,9,18,9.6,166.20000000000002,100600.0,2026-09-09 18:00:00,2026-09-09 18:00:00,1006.0
20260909,180000,74W,43,2026,9,9,18,11.0,167.4,100700.0,2026-09-09 18:00:00,2026-09-09 18:00:00,1007.0
20260909,180000,74W,48,2026,9,9,18,9.5,134.1,100500.0,2026-09-09 18:00:00,2026-09-09 18:00:00,1005.0
20260909,180000,74W,48,2026,9,9,18,10.8,133.5,100700.0,2026-09-09 18:00:00,2026-09-09 18:00:00,1007.0
20260909,180000,74W,48,2026,9,9,18,10.8,134.6,100200.0,2026-09-09 18:00:00,2026-09-09 18:00:00,1002.0
20260909,180000,75W,34,2026,9,9,18,15.5,109.5,100600.0,2026-09-09 18:00:00,2026-09-09 18:00:00,1006.0
20260909,180000,75W,34,2026,9,9,18,15.8,110.9,100500.0,2026-09-09 18:00:00,2026-09-09 18:00:00,1005.0
20260909,180000,75W,34,2026,9,9,18,15.9,109.60000000000001,100600.0,2026-09-09 18:00:00,2026-09-09 18:00:00,1006.0
20260909,180000,75W,35,2026,9,9,18,19.5,124.8,100800.0,2026-09-09 18:00:00,2026-09-09 18:00:00,1008.0
20260909,180000,75W,35,2026,9,9,18,16.5,120.0,101000.0,2026-09-09 18:00:00,2026-09-09 18:00:00,1010.0
20260909,180000,75W,35,2026,9,9,18,14.5,120.2,100900.0,2026-09-09 18:00:00,2026-09-09 18:00:00,1009.0
20260909,180000,75W,35,2026,9,9,18,12.700000000000001,121.8,100600.0,2026-09-09 18:00:00,2026-09-09 18:00:00,1006.0
20260909,180000,75W,35,2026,9,9,18,11.5,122.4,100600.0,2026-09-09 18:00:00,2026-09-09 18:00:00,1006.0
20260909,180000,75W,35,2026,9,9,18,12.5,121.7,100800.0,2026-09-09 18:00:00,2026-09-09 18:00:00,1008.0
20260909,180000,75W,38,2026,9,9,18,14.6,146.0,100600.0,2026-09-09 18:00:00,2026-09-09 18:00:00,1006.0
20260909,180000,75W,38,2026,9,9,18,17.0,145.1,100700.0,2026-09-09 18:00:00,2026-09-09 18:00:00,1007.0
20260909,180000,75W,38,2026,9,9,18,17.900000000000002,141.20000000000002,100600.0,2026-09-09 18:00:00,2026-09-09 18:00:00,1006.0
20260909,180000,76W,34,2026,9,9,18,13.1,156.70000000000002,100600.0,2026-09-09 18:00:00,2026-09-09 18:00:00,1006.0
20260909,180000,76W,34,2026,9,9,18,14.5,159.4,100600.0,2026-09-09 18:00:00,2026-09-09 18:00:00,1006.0
20260909,180000,76W,35,2026,9,9,18,16.4,108.4,100200.0,2026-09-09 18:00:00,2026-09-09 18:00:00,1002.0
20260909,180000,76W,35,2026,9,9,18,17.1,108.7,99900.0,2026-09-09 18:00:00,2026-09-09 18:00:00,999.0
20260909,180000,76W,35,2026,9,9,18,17.5,109.0,100100.0,2026-09-09 18:00:00,2026-09-09 18:00:00,1001.0
20260909,180000,76W,35,2026,9,9,18,17.8,109.10000000000001,100000.0,2026-09-09 18:00:00,2026-09-09 18:00:00,1000.0
20260909,180000,76W,35,2026,9,9,18,17.7,109.2,100300.0,2026-09-09 18:00:00,2026-09-09 18:00:00,1003.0
20260909,180000,76W,35,2026,9,9,18,17.5,109.4,100000.0,2026-09-09 18:00:00,2026-09-09 18:00:00,1000.0
