typicalDate,typicalTime,track,sample,year,month,day,hour,lat,lon,pressureReducedToMeanSeaLevel,base_dt,valid_dt,pressure
20260917,180000,30W,1,2026,9,17,18,25.2,145.1,98600.0,2026-09-17 18:00:00,2026-09-17 18:00:00,986.0
20260917,180000,30W,1,2026,9,17,18,25.400000000000002,143.70000000000002,98400.0,2026-09-17 18:00:00,2026-09-17 18:00:00,984.0
20260917,180000,30W,1,2026,9,17,18,26.0,142.8,98400.0,2026-09-17 18:00:00,2026-09-17 18:00:00,984.0
20260917,180000,30W,1,2026,9,17,18,26.6,141.1,98100.0,2026-09-17 18:00:00,2026-09-17 18:00:00,981.0
20260917,180000,30W,1,2026,9,17,18,26.900000000000002,140.3,98100.0,2026-09-17 18:00:00,2026-09-17 18:00:00,981.0
20260917,180000,30W,1,2026,9,17,18,27.7,139.5,97800.0,2026-09-17 18:00:00,2026-09-17 18:00:00,978.0
20260917,180000,30W,1,2026,9,17,18,28.0,138.9,98100.0,2026-09-17 18:00:00,2026-09-17 18:00:00,981.0
20260917,180000,30W,1,2026,9,17,18,28.8,138.9,98000.0,2026-09-17 18:00:00,2026-09-17 18:00:00,980.0
20260917,180000,30W,1,2026,9,17,18,30.2,138.3,97800.0,2026-09-17 18:00:00,2026-09-17 18:00:00,978.0
20260917,180000,30W,1,2026,9,17,18,31.1,138.6,97400.0,2026-09-17 18:00:00,2026-09-17 18:00:00,974.0
20260917,180000,30W,1,2026,9,17,18,32.2,138.6,97700.0,2026-09-17 18:00:00,2026-09-17 18:00:00,977.0
20260917,180000,30W,1,2026,9,17,18,33.6,139.70000000000002,97700.0,2026-09-17 18:00:00,2026-09-17 18:00:00,977.0
20260917,180000,30W,1,2026,9,17,18,35.0,140.6,98000.0,2026-09-17 18:00:00,2026-09-17 18:00:00,980.0
20260917,180000,30W,1,2026,9,17,18,36.4,142.8,98000.0,2026-09-17 18:00:00,2026-09-17 18:00:00,980.0
20260917,180000,30W,1,2026,9,17,18,37.800000000000004,145.6,98500.0,2026-09-17 18:00:00,2026-09-17 18:00:00,985.0
20260917,180000,30W,1,2026,9,17,18,39.800000000000004,149.0,98600.0,2026-09-17 18:00:00,2026-09-17 18:00:00,986.0
20260917,180000,30W,1,2026,9,17,18,41.5,151.5,98800.0,2026-09-17 18:00:00,2026-09-17 18:00:00,988.0
20260917,180000,30W,1,2026,9,17,18,43.0,155.5,99100.0,2026-09-17 18:00:00,2026-09-17 18:00:00,991.0
20260917,180000,30W,2,2026,9,17,18,24.3,145.1,98200.0,2026-09-17 18:00:00,2026-09-17 18:00:00,982.0
20260917,180000,30W,2,2026,9,17,18,26.0,143.70000000000002,97900.0,2026-09-17 18:00:00,2026-09-17 18:00:00,979.0
20260917,180000,30W,2,2026,9,17,18,25.7,142.5,97600.0,2026-09-17 18:00:00,2026-09-17 18:00:00,976.0
20260917,180000,30W,2,2026,9,17,18,26.3,141.4,97000.0,2026-09-17 18:00:00,2026-09-17 18:00:00,970.0
20260917,180000,30W,2,2026,9,17,18,26.6,140.6,97700.0,2026-09-17 18:00:00,2026-09-17 18:00:00,977.0
20260917,180000,30W,2,2026,9,17,18,27.400000000000002,140.0,97700.0,2026-09-17 18:00:00,2026-09-17 18:00:00,977.0
20260917,180000,30W,2,2026,9,17,18,28.0,139.5,98100.0,2026-09-17 18:00:00,2026-09-17 18:00:00,981.0
20260917,180000,30W,2,2026,9,17,18,28.5,139.20000000000002,97900.0,2026-09-17 18:00:00,2026-09-17 18:00:00,979.0
20260917,180000,30W,2,2026,9,17,18,29.1,138.9,97800.0,2026-09-17 18:00:00,2026-09-17 18:00:00,978.0
20260917,180000,30W,2,2026,9,17,18,30.2,139.20000000000002,97800.0,2026-09-17 18:00:00,2026-09-17 18:00:00,978.0
20260917,180000,30W,2,2026,9,17,18,31.1,139.5,97700.0,2026-09-17 18:00:00,2026-09-17 18:00:00,977.0
20260917,180000,30W,2,2026,9,17,18,32.2,139.70000000000002,97400.0,2026-09-17 18:00:00,2026-09-17 18:00:00,974.0
20260917,180000,30W,2,2026,9,17,18,32.8,140.6,97700.0,2026-09-17 18:00:00,2026-09-17 18:00:00,977.0
20260917,180000,30W,2,2026,9,17,18,33.9,141.70000000000002,97600.0,2026-09-17 18:00:00,2026-09-17 18:00:00,976.0
20260917,180000,30W,2,2026,9,17,18,34.5,143.4,98000.0,2026-09-17 18:00:00,2026-09-17 18:00:00,980.0
20260917,180000,30W,2,2026,9,17,18,35.6,145.4,98000.0,2026-09-17 18:00:00,2026-09-17 18:00:00,980.0
20260917,180000,30W,2,2026,9,17,18,37.0,147.9,98200.0,2026-09-17 18:00:00,2026-09-17 18:00:00,982.0
20260917,180000,30W,2,2026,9,17,18,37.800000000000004,151.0,98000.0,2026-09-17 18:00:00,2026-09-17 18:00:00,980.0
20260917,180000,30W,2,2026,9,17,18,38.4,153.20000000000002,97900.0,2026-09-17 18:00:00,2026-09-17 18:00:00,979.0
20260917,180000,30W,2,2026,9,17,18,39.0,156.3,98500.0,2026-09-17 18:00:00,2026-09-17 18:00:00,985.0
20260917,180000,30W,2,2026,9,17,18,40.7,159.1,98700.0,2026-09-17 18:00:00,2026-09-17 18:00:00,987.0
20260917,180000,30W,2,2026,9,17,18,41.2,162.20000000000002,98900.0,2026-09-17 18:00:00,2026-09-17 18:00:00,989.0
20260917,180000,30W,2,2026,9,17,18,43.0,166.5,99000.0,2026-09-17 18:00:00,2026-09-17 18:00:00,990.0
20260917,180000,30W,3,2026,9,17,18,25.400000000000002,144.20000000000002,98100.0,2026-09-17 18:00:00,2026-09-17 18:00:00,981.0
20260917,180000,30W,3,2026,9,17,18,25.2,143.4,97900.0,2026-09-17 18:00:00,2026-09-17 18:00:00,979.0
20260917,180000,30W,3,2026,9,17,18,25.400000000000002,142.0,98300.0,2026-09-17 18:00:00,2026-09-17 18:00:00,983.0
20260917,180000,30W,3,2026,9,17,18,26.0,141.1,98000.0,2026-09-17 18:00:00,2026-09-17 18:00:00,980.0
20260917,180000,30W,3,2026,9,17,18,26.0,139.70000000000002,98300.0,2026-09-17 18:00:00,2026-09-17 18:00:00,983.0
20260917,180000,30W,3,2026,9,17,18,26.6,138.6,98000.0,2026-09-17 18:00:00,2026-09-17 18:00:00,980.0
20260917,180000,30W,3,2026,9,17,18,26.6,138.3,98000.0,2026-09-17 18:00:00,2026-09-17 18:00:00,980.0
20260917,180000,30W,3,2026,9,17,18,27.400000000000002,138.0,97800.0,2026-09-17 18:00:00,2026-09-17 18:00:00,978.0
20260917,180000,30W,3,2026,9,17,18,28.0,137.8,97500.0,2026-09-17 18:00:00,2026-09-17 18:00:00,975.0
20260917,180000,30W,3,2026,9,17,18,28.5,137.5,97500.0,2026-09-17 18:00:00,2026-09-17 18:00:00,975.0
20260917,180000,30W,3,2026,9,17,18,29.400000000000002,136.9,97800.0,2026-09-17 18:00:00,2026-09-17 18:00:00,978.0
20260917,180000,30W,3,2026,9,17,18,30.2,136.6,97600.0,2026-09-17 18:00:00,2026-09-17 18:00:00,976.0
20260917,180000,30W,3,2026,9,17,18,30.900000000000002,136.9,97800.0,2026-09-17 18:00:00,2026-09-17 18:00:00,978.0
20260917,180000,30W,3,2026,9,17,18,32.5,137.5,97600.0,2026-09-17 18:00:00,2026-09-17 18:00:00,976.0
20260917,180000,30W,3,2026,9,17,18,33.6,138.3,97800.0,2026-09-17 18:00:00,2026-09-17 18:00:00,978.0
20260917,180000,30W,3,2026,9,17,18,35.0,139.70000000000002,98100.0,2026-09-17 18:00:00,2026-09-17 18:00:00,981.0
20260917,180000,30W,3,2026,9,17,18,37.0,142.0,98600.0,2026-09-17 18:00:00,2026-09-17 18:00:00,986.0
20260917,180000,30W,3,2026,9,17,18,38.7,145.1,98600.0,2026-09-17 18:00:00,2026-09-17 18:00:00,986.0
20260917,180000,30W,3,2026,9,17,18,40.7,148.70000000000002,98800.0,2026-09-17 18:00:00,2026-09-17 18:00:00,988.0
20260917,180000,30W,3,2026,9,17,18,42.6,153.5,98700.0,2026-09-17 18:00:00,2026-09-17 18:00:00,987.0
20260917,180000,30W,3,2026,9,17,18,43.800000000000004,157.5,98400.0,2026-09-17 18:00:00,2026-09-17 18:00:00,984.0
20260917,180000,30W,4,2026,9,17,18,25.400000000000002,144.5,98700.0,2026-09-17 18:00:00,2026-09-17 18:00:00,987.0
20260917,180000,30W,4,2026,9,17,18,25.7,143.1,98200.0,2026-09-17 18:00:00,2026-09-17 18:00:00,982.0
20260917,180000,30W,4,2026,9,17,18,25.7,142.0,98000.0,2026-09-17 18:00:00,2026-09-17 18:00:00,980.0
20260917,180000,30W,4,2026,9,17,18,25.7,140.9,97900.0,2026-09-17 18:00:00,2026-09-17 18:00:00,979.0
20260917,180000,30W,4,2026,9,17,18,26.0,140.0,97900.0,2026-09-17 18:00:00,2026-09-17 18:00:00,979.0
20260917,180000,30W,4,2026,9,17,18,26.6,139.5,97600.0,2026-09-17 18:00:00,2026-09-17 18:00:00,976.0
20260917,180000,30W,4,2026,9,17,18,27.1,139.20000000000002,97800.0,2026-09-17 18:00:00,2026-09-17 18:00:00,978.0
20260917,180000,30W,4,2026,9,17,18,28.0,138.6,97700.0,2026-09-17 18:00:00,2026-09-17 18:00:00,977.0
20260917,180000,30W,4,2026,9,17,18,28.5,138.6,98000.0,2026-09-17 18:00:00,2026-09-17 18:00:00,980.0
20260917,180000,30W,4,2026,9,17,18,29.7,138.6,97900.0,2026-09-17 18:00:00,2026-09-17 18:00:00,979.0
20260917,180000,30W,4,2026,9,17,18,30.8,138.6,98100.0,2026-09-17 18:00:00,2026-09-17 18:00:00,981.0
20260917,180000,30W,4,2026,9,17,18,32.2,138.9,98000.0,2026-09-17 18:00:00,2026-09-17 18:00:00,980.0
20260917,180000,30W,4,2026,9,17,18,32.8,139.5,98000.0,2026-09-17 18:00:00,2026-09-17 18:00:00,980.0
20260917,180000,30W,4,2026,9,17,18,34.5,141.1,98200.0,2026-09-17 18:00:00,2026-09-17 18:00:00,982.0
20260917,180000,30W,4,2026,9,17,18,36.1,142.5,98200.0,2026-09-17 18:00:00,2026-09-17 18:00:00,982.0
20260917,180000,30W,4,2026,9,17,18,36.5,145.1,98500.0,2026-09-17 18:00:00,2026-09-17 18:00:00,985.0
20260917,180000,30W,4,2026,9,17,18,38.1,148.5,98600.0,2026-09-17 18:00:00,2026-09-17 18:00:00,986.0
20260917,180000,30W,4,2026,9,17,18,39.800000000000004,151.3,98600.0,2026-09-17 18:00:00,2026-09-17 18:00:00,986.0
20260917,180000,30W,4,2026,9,17,18,40.6,154.20000000000002,98900.0,2026-09-17 18:00:00,2026-09-17 18:00:00,989.0
20260917,180000,30W,4,2026,9,17,18,42.300000000000004,157.70000000000002,99100.0,2026-09-17 18:00:00,2026-09-17 18:00:00,991.0
20260917,180000,30W,4,2026,9,17,18,43.9,162.20000000000002,99200.0,2026-09-17 18:00:00,2026-09-17 18:00:00,992.0
20260917,180000,30W,5,2026,9,17,18,24.900000000000002,143.70000000000002,98200.0,2026-09-17 18:00:00,2026-09-17 18:00:00,982.0
20260917,180000,30W,5,2026,9,17,18,24.900000000000002,142.5,97900.0,2026-09-17 18:00:00,2026-09-17 18:00:00,979.0
20260917,180000,30W,5,2026,9,17,18,25.2,140.9,98100.0,2026-09-17 18:00:00,2026-09-17 18:00:00,981.0
20260917,180000,30W,5,2026,9,17,18,25.7,140.0,97800.0,2026-09-17 18:00:00,2026-09-17 18:00:00,978.0
20260917,180000,30W,5,2026,9,17,18,25.7,138.3,97600.0,2026-09-17 18:00:00,2026-09-17 18:00:00,976.0
20260917,180000,30W,5,2026,9,17,18,26.0,137.5,97200.0,2026-09-17 18:00:00,2026-09-17 18:00:00,972.0
20260917,180000,30W,5,2026,9,17,18,26.6,136.6,97100.0,2026-09-17 18:00:00,2026-09-17 18:00:00,971.0
20260917,180000,30W,5,2026,9,17,18,26.900000000000002,135.8,96700.0,2026-09-17 18:00:00,2026-09-17 18:00:00,967.0
20260917,180000,30W,5,2026,9,17,18,26.900000000000002,135.2,96800.0,2026-09-17 18:00:00,2026-09-17 18:00:00,968.0
20260917,180000,30W,5,2026,9,17,18,27.7,134.7,97000.0,2026-09-17 18:00:00,2026-09-17 18:00:00,970.0
20260917,180000,30W,5,2026,9,17,18,28.0,134.1,97400.0,2026-09-17 18:00:00,2026-09-17 18:00:00,974.0
20260917,180000,30W,5,2026,9,17,18,28.8,133.5,97700.0,2026-09-17 18:00:00,2026-09-17 18:00:00,977.0
20260917,180000,30W,5,2026,9,17,18,29.400000000000002,132.7,97500.0,2026-09-17 18:00:00,2026-09-17 18:00:00,975.0
20260917,180000,30W,5,2026,9,17,18,30.8,132.7,97600.0,2026-09-17 18:00:00,2026-09-17 18:00:00,976.0
20260917,180000,30W,5,2026,9,17,18,31.6,132.4,97600.0,2026-09-17 18:00:00,2026-09-17 18:00:00,976.0
20260917,180000,30W,5,2026,9,17,18,33.0,133.0,98000.0,2026-09-17 18:00:00,2026-09-17 18:00:00,980.0
20260917,180000,30W,5,2026,9,17,18,34.5,134.7,98800.0,2026-09-17 18:00:00,2026-09-17 18:00:00,988.0
20260917,180000,30W,5,2026,9,17,18,35.300000000000004,136.6,99400.0,2026-09-17 18:00:00,2026-09-17 18:00:00,994.0
20260917,180000,30W,5,2026,9,17,18,36.1,141.1,100300.0,2026-09-17 18:00:00,2026-09-17 18:00:00,1003.0
20260917,180000,30W,5,2026,9,17,18,38.7,147.6,99800.0,2026-09-17 18:00:00,2026-09-17 18:00:00,998.0
20260917,180000,30W,5,2026,9,17,18,39.2,156.9,99900.0,2026-09-17 18:00:00,2026-09-17 18:00:00,999.0
20260917,180000,30W,6,2026,9,17,18,25.7,144.20000000000002,97700.0,2026-09-17 18:00:00,2026-09-17 18:00:00,977.0
20260917,180000,30W,6,2026,9,17,18,26.0,142.8,97700.0,2026-09-17 18:00:00,2026-09-17 18:00:00,977.0
20260917,180000,30W,6,2026,9,17,18,26.3,141.70000000000002,97600.0,2026-09-17 18:00:00,2026-09-17 18:00:00,976.0
20260917,180000,30W,6,2026,9,17,18,26.900000000000002,140.6,97500.0,2026-09-17 18:00:00,2026-09-17 18:00:00,975.0
20260917,180000,30W,6,2026,9,17,18,27.400000000000002,139.5,97400.0,2026-09-17 18:00:00,2026-09-17 18:00:00,974.0
20260917,180000,30W,6,2026,9,17,18,28.3,138.9,97500.0,2026-09-17 18:00:00,2026-09-17 18:00:00,975.0
20260917,180000,30W,6,2026,9,17,18,28.8,138.3,97400.0,2026-09-17 18:00:00,2026-09-17 18:00:00,974.0
20260917,180000,30W,6,2026,9,17,18,29.7,137.8,97400.0,2026-09-17 18:00:00,2026-09-17 18:00:00,974.0
20260917,180000,30W,6,2026,9,17,18,30.0,137.8,97500.0,2026-09-17 18:00:00,2026-09-17 18:00:00,975.0
20260917,180000,30W,6,2026,9,17,18,31.1,138.0,97500.0,2026-09-17 18:00:00,2026-09-17 18:00:00,975.0
20260917,180000,30W,6,2026,9,17,18,31.900000000000002,137.8,97500.0,2026-09-17 18:00:00,2026-09-17 18:00:00,975.0
20260917,180000,30W,6,2026,9,17,18,32.5,138.6,97200.0,2026-09-17 18:00:00,2026-09-17 18:00:00,972.0
20260917,180000,30W,6,2026,9,17,18,33.6,139.5,97700.0,2026-09-17 18:00:00,2026-09-17 18:00:00,977.0
20260917,180000,30W,6,2026,9,17,18,34.7,140.9,98000.0,2026-09-17 18:00:00,2026-09-17 18:00:00,980.0
20260917,180000,30W,6,2026,9,17,18,35.9,142.8,98100.0,2026-09-17 18:00:00,2026-09-17 18:00:00,981.0
20260917,180000,30W,6,2026,9,17,18,37.300000000000004,145.4,98200.0,2026-09-17 18:00:00,2026-09-17 18:00:00,982.0
20260917,180000,30W,6,2026,9,17,18,37.6,148.3,98500.0,2026-09-17 18:00:00,2026-09-17 18:00:00,985.0
20260917,180000,30W,6,2026,9,17,18,38.4,151.3,98500.0,2026-09-17 18:00:00,2026-09-17 18:00:00,985.0
20260917,180000,30W,6,2026,9,17,18,39.0,154.6,98800.0,2026-09-17 18:00:00,2026-09-17 18:00:00,988.0
20260917,180000,30W,6,2026,9,17,18,39.2,157.20000000000002,99100.0,2026-09-17 18:00:00,2026-09-17 18:00:00,991.0
20260917,180000,30W,6,2026,9,17,18,39.800000000000004,160.5,99200.0,2026-09-17 18:00:00,2026-09-17 18:00:00,992.0
20260917,180000,30W,6,2026,9,17,18,39.4,164.3,99300.0,2026-09-17 18:00:00,2026-09-17 18:00:00,993.0
20260917,180000,30W,6,2026,9,17,18,39.800000000000004,167.3,99200.0,2026-09-17 18:00:00,2026-09-17 18:00:00,992.0
20260917,180000,30W,6,2026,9,17,18,40.4,171.0,98800.0,2026-09-17 18:00:00,2026-09-17 18:00:00,988.0
20260917,180000,30W,6,2026,9,17,18,39.5,174.0,98800.0,2026-09-17 18:00:00,2026-09-17 18:00:00,988.0
20260917,180000,30W,6,2026,9,17,18,38.4,176.6,99000.0,2026-09-17 18:00:00,2026-09-17 18:00:00,990.0
20260917,180000,30W,6,2026,9,17,18,37.800000000000004,179.4,99300.0,2026-09-17 18:00:00,2026-09-17 18:00:00,993.0
20260917,180000,30W,6,2026,9,17,18,37.0,180.79999999999998,99600.0,2026-09-17 18:00:00,2026-09-17 18:00:00,996.0
20260917,180000,30W,6,2026,9,17,18,36.1,182.79999999999998,100000.0,2026-09-17 18:00:00,2026-09-17 18:00:00,1000.0
20260917,180000,30W,6,2026,9,17,18,35.6,184.2,100200.0,2026-09-17 18:00:00,2026-09-17 18:00:00,1002.0
20260917,180000,30W,6,2026,9,17,18,34.7,185.0,100500.0,2026-09-17 18:00:00,2026-09-17 18:00:00,1005.0
20260917,180000,30W,6,2026,9,17,18,34.1,185.7,100800.0,2026-09-17 18:00:00,2026-09-17 18:00:00,1008.0
20260917,180000,30W,6,2026,9,17,18,32.8,186.4,101000.0,2026-09-17 18:00:00,2026-09-17 18:00:00,1010.0
20260917,180000,30W,6,2026,9,17,18,31.900000000000002,186.1,101200.0,2026-09-17 18:00:00,2026-09-17 18:00:00,1012.0
20260917,180000,30W,7,2026,9,17,18,25.7,143.70000000000002,99300.0,2026-09-17 18:00:00,2026-09-17 18:00:00,993.0
20260917,180000,30W,7,2026,9,17,18,25.400000000000002,143.1,99000.0,2026-09-17 18:00:00,2026-09-17 18:00:00,990.0
20260917,180000,30W,7,2026,9,17,18,26.0,141.6,99000.0,2026-09-17 18:00:00,2026-09-17 18:00:00,990.0
20260917,180000,30W,7,2026,9,17,18,26.3,140.3,98600.0,2026-09-17 18:00:00,2026-09-17 18:00:00,986.0
20260917,180000,30W,7,2026,9,17,18,26.6,139.20000000000002,98500.0,2026-09-17 18:00:00,2026-09-17 18:00:00,985.0
20260917,180000,30W,7,2026,9,17,18,27.1,138.4,98100.0,2026-09-17 18:00:00,2026-09-17 18:00:00,981.0
20260917,180000,30W,7,2026,9,17,18,27.1,137.8,98300.0,2026-09-17 18:00:00,2026-09-17 18:00:00,983.0
20260917,180000,30W,7,2026,9,17,18,28.0,137.20000000000002,98000.0,2026-09-17 18:00:00,2026-09-17 18:00:00,980.0
20260917,180000,30W,7,2026,9,17,18,28.0,136.6,98100.0,2026-09-17 18:00:00,2026-09-17 18:00:00,981.0
20260917,180000,30W,7,2026,9,17,18,28.5,136.2,97700.0,2026-09-17 18:00:00,2026-09-17 18:00:00,977.0
20260917,180000,30W,7,2026,9,17,18,29.1,136.1,97800.0,2026-09-17 18:00:00,2026-09-17 18:00:00,978.0
20260917,180000,30W,7,2026,9,17,18,30.0,135.8,97700.0,2026-09-17 18:00:00,2026-09-17 18:00:00,977.0
20260917,180000,30W,7,2026,9,17,18,30.5,135.8,97700.0,2026-09-17 18:00:00,2026-09-17 18:00:00,977.0
20260917,180000,30W,7,2026,9,17,18,31.8,136.4,97500.0,2026-09-17 18:00:00,2026-09-17 18:00:00,975.0
20260917,180000,30W,7,2026,9,17,18,32.8,137.20000000000002,97400.0,2026-09-17 18:00:00,2026-09-17 18:00:00,974.0
20260917,180000,30W,7,2026,9,17,18,34.2,138.9,97600.0,2026-09-17 18:00:00,2026-09-17 18:00:00,976.0
20260917,180000,30W,7,2026,9,17,18,35.6,141.1,98200.0,2026-09-17 18:00:00,2026-09-17 18:00:00,982.0
20260917,180000,30W,7,2026,9,17,18,37.300000000000004,144.20000000000002,98000.0,2026-09-17 18:00:00,2026-09-17 18:00:00,980.0
20260917,180000,30W,7,2026,9,17,18,38.4,147.0,98100.0,2026-09-17 18:00:00,2026-09-17 18:00:00,981.0
20260917,180000,30W,7,2026,9,17,18,39.800000000000004,151.0,98400.0,2026-09-17 18:00:00,2026-09-17 18:00:00,984.0
20260917,180000,30W,7,2026,9,17,18,41.2,155.5,98500.0,2026-09-17 18:00:00,2026-09-17 18:00:00,985.0
20260917,180000,30W,7,2026,9,17,18,43.5,161.1,98400.0,2026-09-17 18:00:00,2026-09-17 18:00:00,984.0
20260917,180000,30W,8,2026,9,17,18,25.2,144.20000000000002,97300.0,2026-09-17 18:00:00,2026-09-17 18:00:00,973.0
20260917,180000,30W,8,2026,9,17,18,25.400000000000002,143.1,96800.0,2026-09-17 18:00:00,2026-09-17 18:00:00,968.0
20260917,180000,30W,8,2026,9,17,18,25.7,142.0,96800.0,2026-09-17 18:00:00,2026-09-17 18:00:00,968.0
20260917,180000,30W,8,2026,9,17,18,26.3,140.9,96800.0,2026-09-17 18:00:00,2026-09-17 18:00:00,968.0
20260917,180000,30W,8,2026,9,17,18,26.6,139.70000000000002,97000.0,2026-09-17 18:00:00,2026-09-17 18:00:00,970.0
20260917,180000,30W,8,2026,9,17,18,27.1,138.9,96300.0,2026-09-17 18:00:00,2026-09-17 18:00:00,963.0
20260917,180000,30W,8,2026,9,17,18,27.7,138.3,96600.0,2026-09-17 18:00:00,2026-09-17 18:00:00,966.0
20260917,180000,30W,8,2026,9,17,18,28.3,137.8,96400.0,2026-09-17 18:00:00,2026-09-17 18:00:00,964.0
20260917,180000,30W,8,2026,9,17,18,29.400000000000002,137.20000000000002,96700.0,2026-09-17 18:00:00,2026-09-17 18:00:00,967.0
20260917,180000,30W,8,2026,9,17,18,30.0,136.9,96600.0,2026-09-17 18:00:00,2026-09-17 18:00:00,966.0
20260917,180000,30W,8,2026,9,17,18,30.5,136.6,96400.0,2026-09-17 18:00:00,2026-09-17 18:00:00,964.0
20260917,180000,30W,8,2026,9,17,18,31.1,136.9,96900.0,2026-09-17 18:00:00,2026-09-17 18:00:00,969.0
20260917,180000,30W,8,2026,9,17,18,31.6,137.20000000000002,97100.0,2026-09-17 18:00:00,2026-09-17 18:00:00,971.0
20260917,180000,30W,8,2026,9,17,18,32.5,138.0,97400.0,2026-09-17 18:00:00,2026-09-17 18:00:00,974.0
20260917,180000,30W,8,2026,9,17,18,33.3,138.9,97800.0,2026-09-17 18:00:00,2026-09-17 18:00:00,978.0
20260917,180000,30W,8,2026,9,17,18,34.2,140.9,97900.0,2026-09-17 18:00:00,2026-09-17 18:00:00,979.0
20260917,180000,30W,8,2026,9,17,18,35.6,143.1,97800.0,2026-09-17 18:00:00,2026-09-17 18:00:00,978.0
20260917,180000,30W,8,2026,9,17,18,36.4,146.1,98400.0,2026-09-17 18:00:00,2026-09-17 18:00:00,984.0
20260917,180000,30W,8,2026,9,17,18,37.300000000000004,148.70000000000002,98500.0,2026-09-17 18:00:00,2026-09-17 18:00:00,985.0
20260917,180000,30W,8,2026,9,17,18,38.1,151.5,98900.0,2026-09-17 18:00:00,2026-09-17 18:00:00,989.0
20260917,180000,30W,8,2026,9,17,18,37.800000000000004,153.5,99100.0,2026-09-17 18:00:00,2026-09-17 18:00:00,991.0
20260917,180000,30W,8,2026,9,17,18,37.6,156.0,99500.0,2026-09-17 18:00:00,2026-09-17 18:00:00,995.0
20260917,180000,30W,8,2026,9,17,18,38.0,157.4,99800.0,2026-09-17 18:00:00,2026-09-17 18:00:00,998.0
20260917,180000,30W,9,2026,9,17,18,25.400000000000002,144.20000000000002,98200.0,2026-09-17 18:00:00,2026-09-17 18:00:00,982.0
20260917,180000,30W,9,2026,9,17,18,25.7,142.8,98100.0,2026-09-17 18:00:00,2026-09-17 18:00:00,981.0
20260917,180000,30W,9,2026,9,17,18,26.0,141.70000000000002,98000.0,2026-09-17 18:00:00,2026-09-17 18:00:00,980.0
20260917,180000,30W,9,2026,9,17,18,26.0,140.3,97600.0,2026-09-17 18:00:00,2026-09-17 18:00:00,976.0
20260917,180000,30W,9,2026,9,17,18,26.6,140.0,97800.0,2026-09-17 18:00:00,2026-09-17 18:00:00,978.0
20260917,180000,30W,9,2026,9,17,18,27.400000000000002,139.20000000000002,97600.0,2026-09-17 18:00:00,2026-09-17 18:00:00,976.0
20260917,180000,30W,9,2026,9,17,18,28.3,138.6,97700.0,2026-09-17 18:00:00,2026-09-17 18:00:00,977.0
20260917,180000,30W,9,2026,9,17,18,29.7,137.8,97500.0,2026-09-17 18:00:00,2026-09-17 18:00:00,975.0
20260917,180000,30W,9,2026,9,17,18,30.0,137.8,97300.0,2026-09-17 18:00:00,2026-09-17 18:00:00,973.0
20260917,180000,30W,9,2026,9,17,18,31.1,138.0,97500.0,2026-09-17 18:00:00,2026-09-17 18:00:00,975.0
20260917,180000,30W,9,2026,9,17,18,32.2,138.3,97600.0,2026-09-17 18:00:00,2026-09-17 18:00:00,976.0
20260917,180000,30W,9,2026,9,17,18,33.3,139.20000000000002,97800.0,2026-09-17 18:00:00,2026-09-17 18:00:00,978.0
20260917,180000,30W,9,2026,9,17,18,34.7,140.3,98100.0,2026-09-17 18:00:00,2026-09-17 18:00:00,981.0
20260917,180000,30W,9,2026,9,17,18,36.4,142.0,98100.0,2026-09-17 18:00:00,2026-09-17 18:00:00,981.0
20260917,180000,30W,9,2026,9,17,18,37.5,145.0,98700.0,2026-09-17 18:00:00,2026-09-17 18:00:00,987.0
20260917,180000,30W,9,2026,9,17,18,39.5,147.9,98700.0,2026-09-17 18:00:00,2026-09-17 18:00:00,987.0
20260917,180000,30W,9,2026,9,17,18,40.1,151.0,98900.0,2026-09-17 18:00:00,2026-09-17 18:00:00,989.0
20260917,180000,30W,9,2026,9,17,18,41.2,154.4,99100.0,2026-09-17 18:00:00,2026-09-17 18:00:00,991.0
20260917,180000,30W,9,2026,9,17,18,41.5,157.70000000000002,99400.0,2026-09-17 18:00:00,2026-09-17 18:00:00,994.0
20260917,180000,30W,10,2026,9,17,18,25.7,145.6,98700.0,2026-09-17 18:00:00,2026-09-17 18:00:00,987.0
20260917,180000,30W,10,2026,9,17,18,26.3,142.5,99100.0,2026-09-17 18:00:00,2026-09-17 18:00:00,991.0
20260917,180000,30W,10,2026,9,17,18,25.400000000000002,142.0,99200.0,2026-09-17 18:00:00,2026-09-17 18:00:00,992.0
20260917,180000,30W,10,2026,9,17,18,26.6,140.9,98900.0,2026-09-17 18:00:00,2026-09-17 18:00:00,989.0
20260917,180000,30W,10,2026,9,17,18,26.3,139.70000000000002,98800.0,2026-09-17 18:00:00,2026-09-17 18:00:00,988.0
20260917,180000,30W,10,2026,9,17,18,26.900000000000002,139.5,98700.0,2026-09-17 18:00:00,2026-09-17 18:00:00,987.0
20260917,180000,30W,10,2026,9,17,18,27.400000000000002,138.6,99000.0,2026-09-17 18:00:00,2026-09-17 18:00:00,990.0
20260917,180000,30W,10,2026,9,17,18,28.0,137.8,98500.0,2026-09-17 18:00:00,2026-09-17 18:00:00,985.0
20260917,180000,30W,10,2026,9,17,18,28.5,137.8,98700.0,2026-09-17 18:00:00,2026-09-17 18:00:00,987.0
20260917,180000,30W,10,2026,9,17,18,29.400000000000002,137.5,98300.0,2026-09-17 18:00:00,2026-09-17 18:00:00,983.0
20260917,180000,30W,10,2026,9,17,18,30.2,137.5,98300.0,2026-09-17 18:00:00,2026-09-17 18:00:00,983.0
20260917,180000,30W,10,2026,9,17,18,31.1,137.20000000000002,98100.0,2026-09-17 18:00:00,2026-09-17 18:00:00,981.0
20260917,180000,30W,10,2026,9,17,18,31.900000000000002,137.20000000000002,97800.0,2026-09-17 18:00:00,2026-09-17 18:00:00,978.0
20260917,180000,30W,10,2026,9,17,18,33.0,138.0,98200.0,2026-09-17 18:00:00,2026-09-17 18:00:00,982.0
20260917,180000,30W,10,2026,9,17,18,34.2,139.20000000000002,98300.0,2026-09-17 18:00:00,2026-09-17 18:00:00,983.0
20260917,180000,30W,10,2026,9,17,18,36.1,140.9,98400.0,2026-09-17 18:00:00,2026-09-17 18:00:00,984.0
20260917,180000,30W,10,2026,9,17,18,38.1,142.8,98600.0,2026-09-17 18:00:00,2026-09-17 18:00:00,986.0
20260917,180000,30W,10,2026,9,17,18,39.800000000000004,145.9,98700.0,2026-09-17 18:00:00,2026-09-17 18:00:00,987.0
20260917,180000,30W,10,2026,9,17,18,41.800000000000004,149.3,98800.0,2026-09-17 18:00:00,2026-09-17 18:00:00,988.0
20260917,180000,30W,10,2026,9,17,18,43.800000000000004,153.8,98500.0,2026-09-17 18:00:00,2026-09-17 18:00:00,985.0
20260917,180000,30W,10,2026,9,17,18,45.7,158.6,98200.0,2026-09-17 18:00:00,2026-09-17 18:00:00,982.0
20260917,180000,30W,10,2026,9,17,18,48.0,163.6,97600.0,2026-09-17 18:00:00,2026-09-17 18:00:00,976.0
20260917,180000,30W,10,2026,9,17,18,51.4,170.6,95600.0,2026-09-17 18:00:00,2026-09-17 18:00:00,956.0
20260917,180000,30W,11,2026,9,17,18,26.0,144.5,97800.0,2026-09-17 18:00:00,2026-09-17 18:00:00,978.0
20260917,180000,30W,11,2026,9,17,18,25.7,143.70000000000002,97800.0,2026-09-17 18:00:00,2026-09-17 18:00:00,978.0
20260917,180000,30W,11,2026,9,17,18,26.6,142.8,97700.0,2026-09-17 18:00:00,2026-09-17 18:00:00,977.0
20260917,180000,30W,11,2026,9,17,18,27.7,142.0,97300.0,2026-09-17 18:00:00,2026-09-17 18:00:00,973.0
20260917,180000,30W,11,2026,9,17,18,28.3,140.9,97200.0,2026-09-17 18:00:00,2026-09-17 18:00:00,972.0
20260917,180000,30W,11,2026,9,17,18,29.1,140.3,96500.0,2026-09-17 18:00:00,2026-09-17 18:00:00,965.0
20260917,180000,30W,11,2026,9,17,18,30.0,140.0,96300.0,2026-09-17 18:00:00,2026-09-17 18:00:00,963.0
20260917,180000,30W,11,2026,9,17,18,30.8,139.70000000000002,96200.0,2026-09-17 18:00:00,2026-09-17 18:00:00,962.0
20260917,180000,30W,11,2026,9,17,18,32.2,140.0,96900.0,2026-09-17 18:00:00,2026-09-17 18:00:00,969.0
20260917,180000,30W,11,2026,9,17,18,33.6,140.9,97000.0,2026-09-17 18:00:00,2026-09-17 18:00:00,970.0
20260917,180000,30W,11,2026,9,17,18,35.6,142.0,97100.0,2026-09-17 18:00:00,2026-09-17 18:00:00,971.0
20260917,180000,30W,11,2026,9,17,18,37.300000000000004,143.1,96800.0,2026-09-17 18:00:00,2026-09-17 18:00:00,968.0
20260917,180000,30W,11,2026,9,17,18,39.2,145.4,96900.0,2026-09-17 18:00:00,2026-09-17 18:00:00,969.0
20260917,180000,30W,11,2026,9,17,18,42.1,147.9,97100.0,2026-09-17 18:00:00,2026-09-17 18:00:00,971.0
20260917,180000,30W,11,2026,9,17,18,45.2,150.1,97400.0,2026-09-17 18:00:00,2026-09-17 18:00:00,974.0
20260917,180000,30W,11,2026,9,17,18,48.0,151.8,96600.0,2026-09-17 18:00:00,2026-09-17 18:00:00,966.0
20260917,180000,30W,11,2026,9,17,18,50.2,154.9,96100.0,2026-09-17 18:00:00,2026-09-17 18:00:00,961.0
20260917,180000,30W,12,2026,9,17,18,25.7,144.20000000000002,97900.0,2026-09-17 18:00:00,2026-09-17 18:00:00,979.0
20260917,180000,30W,12,2026,9,17,18,24.900000000000002,142.5,97500.0,2026-09-17 18:00:00,2026-09-17 18:00:00,975.0
20260917,180000,30W,12,2026,9,17,18,24.900000000000002,142.0,97400.0,2026-09-17 18:00:00,2026-09-17 18:00:00,974.0
20260917,180000,30W,12,2026,9,17,18,25.2,141.4,97200.0,2026-09-17 18:00:00,2026-09-17 18:00:00,972.0
20260917,180000,30W,12,2026,9,17,18,26.0,140.3,96900.0,2026-09-17 18:00:00,2026-09-17 18:00:00,969.0
20260917,180000,30W,12,2026,9,17,18,26.6,139.20000000000002,96500.0,2026-09-17 18:00:00,2026-09-17 18:00:00,965.0
20260917,180000,30W,12,2026,9,17,18,26.900000000000002,138.3,97000.0,2026-09-17 18:00:00,2026-09-17 18:00:00,970.0
20260917,180000,30W,12,2026,9,17,18,27.400000000000002,138.0,96600.0,2026-09-17 18:00:00,2026-09-17 18:00:00,966.0
20260917,180000,30W,12,2026,9,17,18,28.0,137.8,96600.0,2026-09-17 18:00:00,2026-09-17 18:00:00,966.0
20260917,180000,30W,12,2026,9,17,18,28.5,136.9,96400.0,2026-09-17 18:00:00,2026-09-17 18:00:00,964.0
20260917,180000,30W,12,2026,9,17,18,29.1,136.6,96300.0,2026-09-17 18:00:00,2026-09-17 18:00:00,963.0
20260917,180000,30W,12,2026,9,17,18,30.2,136.4,96400.0,2026-09-17 18:00:00,2026-09-17 18:00:00,964.0
20260917,180000,30W,12,2026,9,17,18,31.1,136.1,96600.0,2026-09-17 18:00:00,2026-09-17 18:00:00,966.0
20260917,180000,30W,12,2026,9,17,18,32.5,136.6,96800.0,2026-09-17 18:00:00,2026-09-17 18:00:00,968.0
20260917,180000,30W,12,2026,9,17,18,33.3,137.5,97300.0,2026-09-17 18:00:00,2026-09-17 18:00:00,973.0
20260917,180000,30W,12,2026,9,17,18,35.300000000000004,139.20000000000002,98100.0,2026-09-17 18:00:00,2026-09-17 18:00:00,981.0
20260917,180000,30W,12,2026,9,17,18,37.0,141.70000000000002,98600.0,2026-09-17 18:00:00,2026-09-17 18:00:00,986.0
20260917,180000,30W,12,2026,9,17,18,38.7,145.1,98400.0,2026-09-17 18:00:00,2026-09-17 18:00:00,984.0
20260917,180000,30W,12,2026,9,17,18,40.4,148.5,98700.0,2026-09-17 18:00:00,2026-09-17 18:00:00,987.0
20260917,180000,30W,12,2026,9,17,18,41.2,151.5,98900.0,2026-09-17 18:00:00,2026-09-17 18:00:00,989.0
20260917,180000,30W,12,2026,9,17,18,40.2,154.6,99400.0,2026-09-17 18:00:00,2026-09-17 18:00:00,994.0
20260917,180000,30W,13,2026,9,17,18,24.900000000000002,143.70000000000002,98500.0,2026-09-17 18:00:00,2026-09-17 18:00:00,985.0
20260917,180000,30W,13,2026,9,17,18,24.6,142.8,98500.0,2026-09-17 18:00:00,2026-09-17 18:00:00,985.0
20260917,180000,30W,13,2026,9,17,18,25.400000000000002,141.4,98400.0,2026-09-17 18:00:00,2026-09-17 18:00:00,984.0
20260917,180000,30W,13,2026,9,17,18,25.7,140.0,98100.0,2026-09-17 18:00:00,2026-09-17 18:00:00,981.0
20260917,180000,30W,13,2026,9,17,18,25.7,139.20000000000002,98100.0,2026-09-17 18:00:00,2026-09-17 18:00:00,981.0
20260917,180000,30W,13,2026,9,17,18,26.2,139.0,97900.0,2026-09-17 18:00:00,2026-09-17 18:00:00,979.0
20260917,180000,30W,13,2026,9,17,18,26.400000000000002,137.70000000000002,98200.0,2026-09-17 18:00:00,2026-09-17 18:00:00,982.0
20260917,180000,30W,13,2026,9,17,18,26.900000000000002,136.9,98100.0,2026-09-17 18:00:00,2026-09-17 18:00:00,981.0
20260917,180000,30W,13,2026,9,17,18,27.1,136.9,98300.0,2026-09-17 18:00:00,2026-09-17 18:00:00,983.0
20260917,180000,30W,13,2026,9,17,18,27.7,136.6,98000.0,2026-09-17 18:00:00,2026-09-17 18:00:00,980.0
20260917,180000,30W,13,2026,9,17,18,28.3,136.6,98100.0,2026-09-17 18:00:00,2026-09-17 18:00:00,981.0
20260917,180000,30W,13,2026,9,17,18,29.1,136.4,98000.0,2026-09-17 18:00:00,2026-09-17 18:00:00,980.0
20260917,180000,30W,13,2026,9,17,18,30.0,136.1,98400.0,2026-09-17 18:00:00,2026-09-17 18:00:00,984.0
20260917,180000,30W,13,2026,9,17,18,31.400000000000002,135.8,98300.0,2026-09-17 18:00:00,2026-09-17 18:00:00,983.0
20260917,180000,30W,13,2026,9,17,18,31.900000000000002,136.2,98500.0,2026-09-17 18:00:00,2026-09-17 18:00:00,985.0
20260917,180000,30W,13,2026,9,17,18,33.6,137.5,98500.0,2026-09-17 18:00:00,2026-09-17 18:00:00,985.0
20260917,180000,30W,13,2026,9,17,18,34.7,139.5,98900.0,2026-09-17 18:00:00,2026-09-17 18:00:00,989.0
20260917,180000,30W,13,2026,9,17,18,37.0,142.0,98600.0,2026-09-17 18:00:00,2026-09-17 18:00:00,986.0
20260917,180000,30W,13,2026,9,17,18,37.800000000000004,144.8,99000.0,2026-09-17 18:00:00,2026-09-17 18:00:00,990.0
20260917,180000,30W,13,2026,9,17,18,39.2,148.5,99200.0,2026-09-17 18:00:00,2026-09-17 18:00:00,992.0
20260917,180000,30W,13,2026,9,17,18,40.7,152.4,99300.0,2026-09-17 18:00:00,2026-09-17 18:00:00,993.0
20260917,180000,30W,14,2026,9,17,18,25.2,144.5,97500.0,2026-09-17 18:00:00,2026-09-17 18:00:00,975.0
20260917,180000,30W,14,2026,9,17,18,25.400000000000002,143.70000000000002,96700.0,2026-09-17 18:00:00,2026-09-17 18:00:00,967.0
20260917,180000,30W,14,2026,9,17,18,26.0,142.0,97300.0,2026-09-17 18:00:00,2026-09-17 18:00:00,973.0
20260917,180000,30W,14,2026,9,17,18,26.3,140.6,97000.0,2026-09-17 18:00:00,2026-09-17 18:00:00,970.0
20260917,180000,30W,14,2026,9,17,18,26.900000000000002,139.5,97100.0,2026-09-17 18:00:00,2026-09-17 18:00:00,971.0
20260917,180000,30W,14,2026,9,17,18,27.7,138.6,97100.0,2026-09-17 18:00:00,2026-09-17 18:00:00,971.0
20260917,180000,30W,14,2026,9,17,18,28.0,137.8,96600.0,2026-09-17 18:00:00,2026-09-17 18:00:00,966.0
20260917,180000,30W,14,2026,9,17,18,28.5,137.5,97000.0,2026-09-17 18:00:00,2026-09-17 18:00:00,970.0
20260917,180000,30W,14,2026,9,17,18,29.1,137.20000000000002,97100.0,2026-09-17 18:00:00,2026-09-17 18:00:00,971.0
20260917,180000,30W,14,2026,9,17,18,30.0,137.5,96500.0,2026-09-17 18:00:00,2026-09-17 18:00:00,965.0
20260917,180000,30W,14,2026,9,17,18,30.5,137.20000000000002,96300.0,2026-09-17 18:00:00,2026-09-17 18:00:00,963.0
20260917,180000,30W,14,2026,9,17,18,31.400000000000002,137.8,96900.0,2026-09-17 18:00:00,2026-09-17 18:00:00,969.0
20260917,180000,30W,14,2026,9,17,18,32.2,138.3,97400.0,2026-09-17 18:00:00,2026-09-17 18:00:00,974.0
20260917,180000,30W,14,2026,9,17,18,33.3,139.20000000000002,97700.0,2026-09-17 18:00:00,2026-09-17 18:00:00,977.0
20260917,180000,30W,14,2026,9,17,18,34.300000000000004,140.6,97900.0,2026-09-17 18:00:00,2026-09-17 18:00:00,979.0
20260917,180000,30W,14,2026,9,17,18,35.9,143.1,98100.0,2026-09-17 18:00:00,2026-09-17 18:00:00,981.0
20260917,180000,30W,14,2026,9,17,18,37.6,145.9,98200.0,2026-09-17 18:00:00,2026-09-17 18:00:00,982.0
20260917,180000,30W,14,2026,9,17,18,38.300000000000004,148.5,98300.0,2026-09-17 18:00:00,2026-09-17 18:00:00,983.0
20260917,180000,30W,14,2026,9,17,18,38.7,151.5,98500.0,2026-09-17 18:00:00,2026-09-17 18:00:00,985.0
20260917,180000,30W,14,2026,9,17,18,39.7,155.5,98600.0,2026-09-17 18:00:00,2026-09-17 18:00:00,986.0
20260917,180000,30W,14,2026,9,17,18,40.300000000000004,158.8,98400.0,2026-09-17 18:00:00,2026-09-17 18:00:00,984.0
20260917,180000,30W,14,2026,9,17,18,40.7,162.8,98400.0,2026-09-17 18:00:00,2026-09-17 18:00:00,984.0
20260917,180000,30W,14,2026,9,17,18,41.2,165.6,98600.0,2026-09-17 18:00:00,2026-09-17 18:00:00,986.0
20260917,180000,30W,14,2026,9,17,18,41.2,168.1,98800.0,2026-09-17 18:00:00,2026-09-17 18:00:00,988.0
20260917,180000,30W,14,2026,9,17,18,41.6,170.6,99300.0,2026-09-17 18:00:00,2026-09-17 18:00:00,993.0
20260917,180000,30W,14,2026,9,17,18,41.800000000000004,173.20000000000002,99400.0,2026-09-17 18:00:00,2026-09-17 18:00:00,994.0
20260917,180000,30W,15,2026,9,17,18,24.6,144.8,98700.0,2026-09-17 18:00:00,2026-09-17 18:00:00,987.0
20260917,180000,30W,15,2026,9,17,18,24.900000000000002,143.70000000000002,98500.0,2026-09-17 18:00:00,2026-09-17 18:00:00,985.0
20260917,180000,30W,15,2026,9,17,18,25.400000000000002,142.5,98700.0,2026-09-17 18:00:00,2026-09-17 18:00:00,987.0
20260917,180000,30W,15,2026,9,17,18,26.3,141.70000000000002,98300.0,2026-09-17 18:00:00,2026-09-17 18:00:00,983.0
20260917,180000,30W,15,2026,9,17,18,27.400000000000002,140.0,98200.0,2026-09-17 18:00:00,2026-09-17 18:00:00,982.0
20260917,180000,30W,15,2026,9,17,18,28.0,139.20000000000002,97800.0,2026-09-17 18:00:00,2026-09-17 18:00:00,978.0
20260917,180000,30W,15,2026,9,17,18,28.5,138.3,97800.0,2026-09-17 18:00:00,2026-09-17 18:00:00,978.0
20260917,180000,30W,15,2026,9,17,18,29.400000000000002,137.8,97300.0,2026-09-17 18:00:00,2026-09-17 18:00:00,973.0
20260917,180000,30W,15,2026,9,17,18,30.5,137.8,97400.0,2026-09-17 18:00:00,2026-09-17 18:00:00,974.0
20260917,180000,30W,15,2026,9,17,18,31.6,138.3,97500.0,2026-09-17 18:00:00,2026-09-17 18:00:00,975.0
20260917,180000,30W,15,2026,9,17,18,33.0,139.20000000000002,97800.0,2026-09-17 18:00:00,2026-09-17 18:00:00,978.0
20260917,180000,30W,15,2026,9,17,18,35.300000000000004,140.0,97500.0,2026-09-17 18:00:00,2026-09-17 18:00:00,975.0
20260917,180000,30W,15,2026,9,17,18,37.300000000000004,141.70000000000002,98100.0,2026-09-17 18:00:00,2026-09-17 18:00:00,981.0
20260917,180000,30W,15,2026,9,17,18,38.800000000000004,144.20000000000002,98300.0,2026-09-17 18:00:00,2026-09-17 18:00:00,983.0
20260917,180000,30W,15,2026,9,17,18,40.9,148.0,98600.0,2026-09-17 18:00:00,2026-09-17 18:00:00,986.0
20260917,180000,30W,15,2026,9,17,18,42.9,151.8,98700.0,2026-09-17 18:00:00,2026-09-17 18:00:00,987.0
20260917,180000,30W,15,2026,9,17,18,44.300000000000004,155.5,99000.0,2026-09-17 18:00:00,2026-09-17 18:00:00,990.0
20260917,180000,30W,16,2026,9,17,18,25.7,144.5,98500.0,2026-09-17 18:00:00,2026-09-17 18:00:00,985.0
20260917,180000,30W,16,2026,9,17,18,26.0,142.8,98300.0,2026-09-17 18:00:00,2026-09-17 18:00:00,983.0
20260917,180000,30W,16,2026,9,17,18,26.0,141.4,97900.0,2026-09-17 18:00:00,2026-09-17 18:00:00,979.0
20260917,180000,30W,16,2026,9,17,18,26.3,140.6,97400.0,2026-09-17 18:00:00,2026-09-17 18:00:00,974.0
20260917,180000,30W,16,2026,9,17,18,26.6,139.70000000000002,97600.0,2026-09-17 18:00:00,2026-09-17 18:00:00,976.0
20260917,180000,30W,16,2026,9,17,18,27.1,139.20000000000002,97500.0,2026-09-17 18:00:00,2026-09-17 18:00:00,975.0
20260917,180000,30W,16,2026,9,17,18,27.400000000000002,138.6,97200.0,2026-09-17 18:00:00,2026-09-17 18:00:00,972.0
20260917,180000,30W,16,2026,9,17,18,28.0,138.0,96700.0,2026-09-17 18:00:00,2026-09-17 18:00:00,967.0
20260917,180000,30W,16,2026,9,17,18,28.8,138.0,96800.0,2026-09-17 18:00:00,2026-09-17 18:00:00,968.0
20260917,180000,30W,16,2026,9,17,18,29.400000000000002,137.5,96900.0,2026-09-17 18:00:00,2026-09-17 18:00:00,969.0
20260917,180000,30W,16,2026,9,17,18,30.0,137.5,96700.0,2026-09-17 18:00:00,2026-09-17 18:00:00,967.0
20260917,180000,30W,16,2026,9,17,18,30.8,137.8,97300.0,2026-09-17 18:00:00,2026-09-17 18:00:00,973.0
20260917,180000,30W,16,2026,9,17,18,31.900000000000002,137.8,96900.0,2026-09-17 18:00:00,2026-09-17 18:00:00,969.0
20260917,180000,30W,16,2026,9,17,18,33.0,138.6,97300.0,2026-09-17 18:00:00,2026-09-17 18:00:00,973.0
20260917,180000,30W,16,2026,9,17,18,33.9,140.0,97700.0,2026-09-17 18:00:00,2026-09-17 18:00:00,977.0
20260917,180000,30W,16,2026,9,17,18,35.300000000000004,142.3,97800.0,2026-09-17 18:00:00,2026-09-17 18:00:00,978.0
20260917,180000,30W,16,2026,9,17,18,36.7,144.5,98000.0,2026-09-17 18:00:00,2026-09-17 18:00:00,980.0
20260917,180000,30W,16,2026,9,17,18,38.1,147.3,97900.0,2026-09-17 18:00:00,2026-09-17 18:00:00,979.0
20260917,180000,30W,16,2026,9,17,18,39.0,151.0,98100.0,2026-09-17 18:00:00,2026-09-17 18:00:00,981.0
20260917,180000,30W,16,2026,9,17,18,39.2,154.6,98000.0,2026-09-17 18:00:00,2026-09-17 18:00:00,980.0
20260917,180000,30W,16,2026,9,17,18,39.800000000000004,158.9,98700.0,2026-09-17 18:00:00,2026-09-17 18:00:00,987.0
20260917,180000,30W,16,2026,9,17,18,40.7,163.1,98900.0,2026-09-17 18:00:00,2026-09-17 18:00:00,989.0
20260917,180000,30W,17,2026,9,17,18,25.7,144.0,97600.0,2026-09-17 18:00:00,2026-09-17 18:00:00,976.0
20260917,180000,30W,17,2026,9,17,18,25.400000000000002,142.3,97700.0,2026-09-17 18:00:00,2026-09-17 18:00:00,977.0
20260917,180000,30W,17,2026,9,17,18,25.7,141.70000000000002,97500.0,2026-09-17 18:00:00,2026-09-17 18:00:00,975.0
20260917,180000,30W,17,2026,9,17,18,26.3,140.6,97200.0,2026-09-17 18:00:00,2026-09-17 18:00:00,972.0
20260917,180000,30W,17,2026,9,17,18,27.1,139.20000000000002,97500.0,2026-09-17 18:00:00,2026-09-17 18:00:00,975.0
20260917,180000,30W,17,2026,9,17,18,27.7,138.0,97200.0,2026-09-17 18:00:00,2026-09-17 18:00:00,972.0
20260917,180000,30W,17,2026,9,17,18,28.0,137.5,97500.0,2026-09-17 18:00:00,2026-09-17 18:00:00,975.0
20260917,180000,30W,17,2026,9,17,18,28.5,136.9,97600.0,2026-09-17 18:00:00,2026-09-17 18:00:00,976.0
20260917,180000,30W,17,2026,9,17,18,29.7,136.9,97600.0,2026-09-17 18:00:00,2026-09-17 18:00:00,976.0
20260917,180000,30W,17,2026,9,17,18,30.8,136.6,97500.0,2026-09-17 18:00:00,2026-09-17 18:00:00,975.0
20260917,180000,30W,17,2026,9,17,18,31.6,136.6,97700.0,2026-09-17 18:00:00,2026-09-17 18:00:00,977.0
20260917,180000,30W,17,2026,9,17,18,32.8,136.6,97700.0,2026-09-17 18:00:00,2026-09-17 18:00:00,977.0
20260917,180000,30W,17,2026,9,17,18,34.2,137.20000000000002,98200.0,2026-09-17 18:00:00,2026-09-17 18:00:00,982.0
20260917,180000,30W,17,2026,9,17,18,35.300000000000004,139.20000000000002,98900.0,2026-09-17 18:00:00,2026-09-17 18:00:00,989.0
20260917,180000,30W,17,2026,9,17,18,37.0,141.1,99400.0,2026-09-17 18:00:00,2026-09-17 18:00:00,994.0
20260917,180000,30W,17,2026,9,17,18,38.7,143.70000000000002,99300.0,2026-09-17 18:00:00,2026-09-17 18:00:00,993.0
20260917,180000,30W,17,2026,9,17,18,39.4,147.3,99800.0,2026-09-17 18:00:00,2026-09-17 18:00:00,998.0
20260917,180000,30W,18,2026,9,17,18,25.400000000000002,144.0,98800.0,2026-09-17 18:00:00,2026-09-17 18:00:00,988.0
20260917,180000,30W,18,2026,9,17,18,25.400000000000002,142.5,98700.0,2026-09-17 18:00:00,2026-09-17 18:00:00,987.0
20260917,180000,30W,18,2026,9,17,18,25.400000000000002,142.0,98800.0,2026-09-17 18:00:00,2026-09-17 18:00:00,988.0
20260917,180000,30W,18,2026,9,17,18,26.3,140.6,98800.0,2026-09-17 18:00:00,2026-09-17 18:00:00,988.0
20260917,180000,30W,18,2026,9,17,18,26.3,139.70000000000002,98900.0,2026-09-17 18:00:00,2026-09-17 18:00:00,989.0
20260917,180000,30W,18,2026,9,17,18,27.7,138.3,98800.0,2026-09-17 18:00:00,2026-09-17 18:00:00,988.0
20260917,180000,30W,18,2026,9,17,18,27.7,137.6,98700.0,2026-09-17 18:00:00,2026-09-17 18:00:00,987.0
20260917,180000,30W,18,2026,9,17,18,28.5,137.8,98700.0,2026-09-17 18:00:00,2026-09-17 18:00:00,987.0
20260917,180000,30W,18,2026,9,17,18,29.400000000000002,137.4,98800.0,2026-09-17 18:00:00,2026-09-17 18:00:00,988.0
20260917,180000,30W,18,2026,9,17,18,30.2,137.8,98500.0,2026-09-17 18:00:00,2026-09-17 18:00:00,985.0
20260917,180000,30W,18,2026,9,17,18,31.6,137.20000000000002,98600.0,2026-09-17 18:00:00,2026-09-17 18:00:00,986.0
20260917,180000,30W,18,2026,9,17,18,32.0,137.6,98500.0,2026-09-17 18:00:00,2026-09-17 18:00:00,985.0
20260917,180000,30W,18,2026,9,17,18,33.0,138.6,98800.0,2026-09-17 18:00:00,2026-09-17 18:00:00,988.0
20260917,180000,30W,18,2026,9,17,18,34.2,139.5,98700.0,2026-09-17 18:00:00,2026-09-17 18:00:00,987.0
20260917,180000,30W,18,2026,9,17,18,35.4,141.6,98900.0,2026-09-17 18:00:00,2026-09-17 18:00:00,989.0
20260917,180000,30W,18,2026,9,17,18,37.0,144.0,98900.0,2026-09-17 18:00:00,2026-09-17 18:00:00,989.0
20260917,180000,30W,18,2026,9,17,18,38.1,147.0,98900.0,2026-09-17 18:00:00,2026-09-17 18:00:00,989.0
20260917,180000,30W,18,2026,9,17,18,39.2,150.1,98900.0,2026-09-17 18:00:00,2026-09-17 18:00:00,989.0
20260917,180000,30W,18,2026,9,17,18,40.4,153.5,99400.0,2026-09-17 18:00:00,2026-09-17 18:00:00,994.0
20260917,180000,30W,18,2026,9,17,18,41.800000000000004,157.20000000000002,99100.0,2026-09-17 18:00:00,2026-09-17 18:00:00,991.0
20260917,180000,30W,19,2026,9,17,18,24.7,143.9,99000.0,2026-09-17 18:00:00,2026-09-17 18:00:00,990.0
20260917,180000,30W,19,2026,9,17,18,24.900000000000002,142.3,98900.0,2026-09-17 18:00:00,2026-09-17 18:00:00,989.0
20260917,180000,30W,19,2026,9,17,18,25.7,141.4,98900.0,2026-09-17 18:00:00,2026-09-17 18:00:00,989.0
20260917,180000,30W,19,2026,9,17,18,25.5,140.5,98300.0,2026-09-17 18:00:00,2026-09-17 18:00:00,983.0
20260917,180000,30W,19,2026,9,17,18,26.0,139.70000000000002,98600.0,2026-09-17 18:00:00,2026-09-17 18:00:00,986.0
20260917,180000,30W,19,2026,9,17,18,26.900000000000002,138.9,98200.0,2026-09-17 18:00:00,2026-09-17 18:00:00,982.0
20260917,180000,30W,19,2026,9,17,18,27.400000000000002,138.0,97900.0,2026-09-17 18:00:00,2026-09-17 18:00:00,979.0
20260917,180000,30W,19,2026,9,17,18,28.5,137.5,97500.0,2026-09-17 18:00:00,2026-09-17 18:00:00,975.0
20260917,180000,30W,19,2026,9,17,18,28.8,137.20000000000002,96800.0,2026-09-17 18:00:00,2026-09-17 18:00:00,968.0
20260917,180000,30W,19,2026,9,17,18,30.0,137.5,97100.0,2026-09-17 18:00:00,2026-09-17 18:00:00,971.0
20260917,180000,30W,19,2026,9,17,18,30.8,137.5,97100.0,2026-09-17 18:00:00,2026-09-17 18:00:00,971.0
20260917,180000,30W,19,2026,9,17,18,31.6,137.8,97300.0,2026-09-17 18:00:00,2026-09-17 18:00:00,973.0
20260917,180000,30W,19,2026,9,17,18,32.5,138.3,98000.0,2026-09-17 18:00:00,2026-09-17 18:00:00,980.0
20260917,180000,30W,19,2026,9,17,18,33.3,139.5,97600.0,2026-09-17 18:00:00,2026-09-17 18:00:00,976.0
20260917,180000,30W,19,2026,9,17,18,34.5,140.9,98000.0,2026-09-17 18:00:00,2026-09-17 18:00:00,980.0
20260917,180000,30W,19,2026,9,17,18,35.6,143.4,98100.0,2026-09-17 18:00:00,2026-09-17 18:00:00,981.0
20260917,180000,30W,19,2026,9,17,18,37.0,145.9,98300.0,2026-09-17 18:00:00,2026-09-17 18:00:00,983.0
20260917,180000,30W,19,2026,9,17,18,38.1,148.70000000000002,98500.0,2026-09-17 18:00:00,2026-09-17 18:00:00,985.0
20260917,180000,30W,19,2026,9,17,18,38.7,152.70000000000002,98900.0,2026-09-17 18:00:00,2026-09-17 18:00:00,989.0
20260917,180000,30W,19,2026,9,17,18,39.5,156.3,98700.0,2026-09-17 18:00:00,2026-09-17 18:00:00,987.0
20260917,180000,30W,19,2026,9,17,18,39.800000000000004,160.0,99100.0,2026-09-17 18:00:00,2026-09-17 18:00:00,991.0
20260917,180000,30W,19,2026,9,17,18,39.5,164.20000000000002,99200.0,2026-09-17 18:00:00,2026-09-17 18:00:00,992.0
20260917,180000,30W,19,2026,9,17,18,39.800000000000004,167.6,99300.0,2026-09-17 18:00:00,2026-09-17 18:00:00,993.0
20260917,180000,30W,19,2026,9,17,18,39.800000000000004,171.5,99600.0,2026-09-17 18:00:00,2026-09-17 18:00:00,996.0
20260917,180000,30W,19,2026,9,17,18,39.5,174.9,99800.0,2026-09-17 18:00:00,2026-09-17 18:00:00,998.0
20260917,180000,30W,19,2026,9,17,18,38.1,178.5,100300.0,2026-09-17 18:00:00,2026-09-17 18:00:00,1003.0
20260917,180000,30W,20,2026,9,17,18,25.7,144.5,98400.0,2026-09-17 18:00:00,2026-09-17 18:00:00,984.0
20260917,180000,30W,20,2026,9,17,18,25.400000000000002,142.8,97800.0,2026-09-17 18:00:00,2026-09-17 18:00:00,978.0
20260917,180000,30W,20,2026,9,17,18,25.7,142.0,98000.0,2026-09-17 18:00:00,2026-09-17 18:00:00,980.0
20260917,180000,30W,20,2026,9,17,18,26.3,141.1,98100.0,2026-09-17 18:00:00,2026-09-17 18:00:00,981.0
20260917,180000,30W,20,2026,9,17,18,27.1,139.5,98300.0,2026-09-17 18:00:00,2026-09-17 18:00:00,983.0
20260917,180000,30W,20,2026,9,17,18,27.400000000000002,138.0,98100.0,2026-09-17 18:00:00,2026-09-17 18:00:00,981.0
20260917,180000,30W,20,2026,9,17,18,27.400000000000002,137.8,98300.0,2026-09-17 18:00:00,2026-09-17 18:00:00,983.0
20260917,180000,30W,20,2026,9,17,18,28.3,137.20000000000002,98400.0,2026-09-17 18:00:00,2026-09-17 18:00:00,984.0
20260917,180000,30W,20,2026,9,17,18,29.1,136.9,98500.0,2026-09-17 18:00:00,2026-09-17 18:00:00,985.0
20260917,180000,30W,20,2026,9,17,18,30.2,136.4,98500.0,2026-09-17 18:00:00,2026-09-17 18:00:00,985.0
20260917,180000,30W,20,2026,9,17,18,30.5,136.1,98600.0,2026-09-17 18:00:00,2026-09-17 18:00:00,986.0
20260917,180000,30W,20,2026,9,17,18,31.900000000000002,135.8,98300.0,2026-09-17 18:00:00,2026-09-17 18:00:00,983.0
20260917,180000,30W,20,2026,9,17,18,32.8,136.1,98000.0,2026-09-17 18:00:00,2026-09-17 18:00:00,980.0
20260917,180000,30W,20,2026,9,17,18,33.9,137.20000000000002,98300.0,2026-09-17 18:00:00,2026-09-17 18:00:00,983.0
20260917,180000,30W,20,2026,9,17,18,35.0,138.6,99200.0,2026-09-17 18:00:00,2026-09-17 18:00:00,992.0
20260917,180000,30W,20,2026,9,17,18,37.0,141.4,99100.0,2026-09-17 18:00:00,2026-09-17 18:00:00,991.0
20260917,180000,30W,20,2026,9,17,18,38.4,144.0,99300.0,2026-09-17 18:00:00,2026-09-17 18:00:00,993.0
20260917,180000,30W,20,2026,9,17,18,40.1,146.8,99500.0,2026-09-17 18:00:00,2026-09-17 18:00:00,995.0
20260917,180000,30W,20,2026,9,17,18,40.6,150.1,99900.0,2026-09-17 18:00:00,2026-09-17 18:00:00,999.0
20260917,180000,30W,21,2026,9,17,18,25.400000000000002,144.8,98300.0,2026-09-17 18:00:00,2026-09-17 18:00:00,983.0
20260917,180000,30W,21,2026,9,17,18,25.400000000000002,143.70000000000002,98200.0,2026-09-17 18:00:00,2026-09-17 18:00:00,982.0
20260917,180000,30W,21,2026,9,17,18,26.6,142.3,98300.0,2026-09-17 18:00:00,2026-09-17 18:00:00,983.0
20260917,180000,30W,21,2026,9,17,18,26.900000000000002,140.9,98100.0,2026-09-17 18:00:00,2026-09-17 18:00:00,981.0
20260917,180000,30W,21,2026,9,17,18,27.400000000000002,140.3,98100.0,2026-09-17 18:00:00,2026-09-17 18:00:00,981.0
20260917,180000,30W,21,2026,9,17,18,28.0,139.20000000000002,97800.0,2026-09-17 18:00:00,2026-09-17 18:00:00,978.0
20260917,180000,30W,21,2026,9,17,18,28.5,138.6,97500.0,2026-09-17 18:00:00,2026-09-17 18:00:00,975.0
20260917,180000,30W,21,2026,9,17,18,29.400000000000002,138.3,97200.0,2026-09-17 18:00:00,2026-09-17 18:00:00,972.0
20260917,180000,30W,21,2026,9,17,18,30.0,138.3,96900.0,2026-09-17 18:00:00,2026-09-17 18:00:00,969.0
20260917,180000,30W,21,2026,9,17,18,31.1,138.6,96700.0,2026-09-17 18:00:00,2026-09-17 18:00:00,967.0
20260917,180000,30W,21,2026,9,17,18,32.2,138.9,97400.0,2026-09-17 18:00:00,2026-09-17 18:00:00,974.0
20260917,180000,30W,21,2026,9,17,18,33.0,139.5,97300.0,2026-09-17 18:00:00,2026-09-17 18:00:00,973.0
20260917,180000,30W,21,2026,9,17,18,34.2,140.9,97800.0,2026-09-17 18:00:00,2026-09-17 18:00:00,978.0
20260917,180000,30W,21,2026,9,17,18,36.1,142.3,97600.0,2026-09-17 18:00:00,2026-09-17 18:00:00,976.0
20260917,180000,30W,21,2026,9,17,18,37.0,144.8,97900.0,2026-09-17 18:00:00,2026-09-17 18:00:00,979.0
20260917,180000,30W,21,2026,9,17,18,38.1,147.6,98000.0,2026-09-17 18:00:00,2026-09-17 18:00:00,980.0
20260917,180000,30W,21,2026,9,17,18,38.800000000000004,151.0,98500.0,2026-09-17 18:00:00,2026-09-17 18:00:00,985.0
20260917,180000,30W,21,2026,9,17,18,39.800000000000004,154.6,98500.0,2026-09-17 18:00:00,2026-09-17 18:00:00,985.0
20260917,180000,30W,21,2026,9,17,18,40.6,158.1,98600.0,2026-09-17 18:00:00,2026-09-17 18:00:00,986.0
20260917,180000,30W,21,2026,9,17,18,41.800000000000004,162.5,98100.0,2026-09-17 18:00:00,2026-09-17 18:00:00,981.0
20260917,180000,30W,21,2026,9,17,18,42.9,167.3,98100.0,2026-09-17 18:00:00,2026-09-17 18:00:00,981.0
20260917,180000,30W,21,2026,9,17,18,43.800000000000004,172.4,97900.0,2026-09-17 18:00:00,2026-09-17 18:00:00,979.0
20260917,180000,30W,22,2026,9,17,18,24.3,144.0,98100.0,2026-09-17 18:00:00,2026-09-17 18:00:00,981.0
20260917,180000,30W,22,2026,9,17,18,24.6,143.1,98100.0,2026-09-17 18:00:00,2026-09-17 18:00:00,981.0
20260917,180000,30W,22,2026,9,17,18,24.900000000000002,142.0,97800.0,2026-09-17 18:00:00,2026-09-17 18:00:00,978.0
20260917,180000,30W,22,2026,9,17,18,25.400000000000002,141.1,97700.0,2026-09-17 18:00:00,2026-09-17 18:00:00,977.0
20260917,180000,30W,22,2026,9,17,18,26.0,140.0,97800.0,2026-09-17 18:00:00,2026-09-17 18:00:00,978.0
20260917,180000,30W,22,2026,9,17,18,26.900000000000002,139.20000000000002,97400.0,2026-09-17 18:00:00,2026-09-17 18:00:00,974.0
20260917,180000,30W,22,2026,9,17,18,27.400000000000002,138.3,97200.0,2026-09-17 18:00:00,2026-09-17 18:00:00,972.0
20260917,180000,30W,22,2026,9,17,18,28.3,138.3,96700.0,2026-09-17 18:00:00,2026-09-17 18:00:00,967.0
20260917,180000,30W,22,2026,9,17,18,29.1,138.0,97000.0,2026-09-17 18:00:00,2026-09-17 18:00:00,970.0
20260917,180000,30W,22,2026,9,17,18,30.2,137.5,96900.0,2026-09-17 18:00:00,2026-09-17 18:00:00,969.0
20260917,180000,30W,22,2026,9,17,18,31.1,137.5,96900.0,2026-09-17 18:00:00,2026-09-17 18:00:00,969.0
20260917,180000,30W,22,2026,9,17,18,32.2,138.0,97000.0,2026-09-17 18:00:00,2026-09-17 18:00:00,970.0
20260917,180000,30W,22,2026,9,17,18,33.9,138.9,97100.0,2026-09-17 18:00:00,2026-09-17 18:00:00,971.0
20260917,180000,30W,22,2026,9,17,18,35.300000000000004,140.6,97500.0,2026-09-17 18:00:00,2026-09-17 18:00:00,975.0
20260917,180000,30W,22,2026,9,17,18,36.7,142.5,97700.0,2026-09-17 18:00:00,2026-09-17 18:00:00,977.0
20260917,180000,30W,22,2026,9,17,18,38.1,145.4,98200.0,2026-09-17 18:00:00,2026-09-17 18:00:00,982.0
20260917,180000,30W,22,2026,9,17,18,39.5,148.70000000000002,98300.0,2026-09-17 18:00:00,2026-09-17 18:00:00,983.0
20260917,180000,30W,22,2026,9,17,18,40.9,152.1,98100.0,2026-09-17 18:00:00,2026-09-17 18:00:00,981.0
20260917,180000,30W,22,2026,9,17,18,42.1,156.3,98700.0,2026-09-17 18:00:00,2026-09-17 18:00:00,987.0
20260917,180000,30W,22,2026,9,17,18,44.0,161.9,98500.0,2026-09-17 18:00:00,2026-09-17 18:00:00,985.0
20260917,180000,30W,22,2026,9,17,18,49.4,174.0,95700.0,2026-09-17 18:00:00,2026-09-17 18:00:00,957.0
20260917,180000,30W,23,2026,9,17,18,25.1,144.0,99200.0,2026-09-17 18:00:00,2026-09-17 18:00:00,992.0
20260917,180000,30W,23,2026,9,17,18,25.2,142.5,98500.0,2026-09-17 18:00:00,2026-09-17 18:00:00,985.0
20260917,180000,30W,23,2026,9,17,18,24.900000000000002,141.70000000000002,98900.0,2026-09-17 18:00:00,2026-09-17 18:00:00,989.0
20260917,180000,30W,23,2026,9,17,18,25.7,140.9,98600.0,2026-09-17 18:00:00,2026-09-17 18:00:00,986.0
20260917,180000,30W,23,2026,9,17,18,25.7,140.0,98600.0,2026-09-17 18:00:00,2026-09-17 18:00:00,986.0
20260917,180000,30W,23,2026,9,17,18,26.900000000000002,139.20000000000002,98100.0,2026-09-17 18:00:00,2026-09-17 18:00:00,981.0
20260917,180000,30W,23,2026,9,17,18,27.7,138.6,98000.0,2026-09-17 18:00:00,2026-09-17 18:00:00,980.0
20260917,180000,30W,23,2026,9,17,18,28.8,137.5,97700.0,2026-09-17 18:00:00,2026-09-17 18:00:00,977.0
20260917,180000,30W,23,2026,9,17,18,29.400000000000002,137.8,97500.0,2026-09-17 18:00:00,2026-09-17 18:00:00,975.0
20260917,180000,30W,23,2026,9,17,18,30.2,137.8,97600.0,2026-09-17 18:00:00,2026-09-17 18:00:00,976.0
20260917,180000,30W,23,2026,9,17,18,30.8,137.5,97700.0,2026-09-17 18:00:00,2026-09-17 18:00:00,977.0
20260917,180000,30W,23,2026,9,17,18,31.900000000000002,137.8,97800.0,2026-09-17 18:00:00,2026-09-17 18:00:00,978.0
20260917,180000,30W,23,2026,9,17,18,32.5,138.0,97800.0,2026-09-17 18:00:00,2026-09-17 18:00:00,978.0
20260917,180000,30W,23,2026,9,17,18,33.3,138.9,97600.0,2026-09-17 18:00:00,2026-09-17 18:00:00,976.0
20260917,180000,30W,23,2026,9,17,18,34.2,140.3,98100.0,2026-09-17 18:00:00,2026-09-17 18:00:00,981.0
20260917,180000,30W,23,2026,9,17,18,35.300000000000004,142.0,98200.0,2026-09-17 18:00:00,2026-09-17 18:00:00,982.0
20260917,180000,30W,23,2026,9,17,18,36.7,144.20000000000002,98700.0,2026-09-17 18:00:00,2026-09-17 18:00:00,987.0
20260917,180000,30W,23,2026,9,17,18,37.6,147.0,98600.0,2026-09-17 18:00:00,2026-09-17 18:00:00,986.0
20260917,180000,30W,23,2026,9,17,18,38.7,149.6,98900.0,2026-09-17 18:00:00,2026-09-17 18:00:00,989.0
20260917,180000,30W,23,2026,9,17,18,39.5,152.4,99000.0,2026-09-17 18:00:00,2026-09-17 18:00:00,990.0
20260917,180000,30W,23,2026,9,17,18,40.4,156.6,99300.0,2026-09-17 18:00:00,2026-09-17 18:00:00,993.0
20260917,180000,30W,23,2026,9,17,18,40.4,160.5,99300.0,2026-09-17 18:00:00,2026-09-17 18:00:00,993.0
20260917,180000,30W,24,2026,9,17,18,25.3,144.5,99300.0,2026-09-17 18:00:00,2026-09-17 18:00:00,993.0
20260917,180000,30W,24,2026,9,17,18,26.0,143.1,99100.0,2026-09-17 18:00:00,2026-09-17 18:00:00,991.0
20260917,180000,30W,24,2026,9,17,18,26.0,141.4,99200.0,2026-09-17 18:00:00,2026-09-17 18:00:00,992.0
20260917,180000,30W,24,2026,9,17,18,26.900000000000002,140.3,98800.0,2026-09-17 18:00:00,2026-09-17 18:00:00,988.0
20260917,180000,30W,24,2026,9,17,18,27.2,139.3,98700.0,2026-09-17 18:00:00,2026-09-17 18:00:00,987.0
20260917,180000,30W,24,2026,9,17,18,27.400000000000002,138.6,98200.0,2026-09-17 18:00:00,2026-09-17 18:00:00,982.0
20260917,180000,30W,24,2026,9,17,18,27.7,138.3,98400.0,2026-09-17 18:00:00,2026-09-17 18:00:00,984.0
20260917,180000,30W,24,2026,9,17,18,28.5,138.0,98200.0,2026-09-17 18:00:00,2026-09-17 18:00:00,982.0
20260917,180000,30W,24,2026,9,17,18,29.400000000000002,137.8,97800.0,2026-09-17 18:00:00,2026-09-17 18:00:00,978.0
20260917,180000,30W,24,2026,9,17,18,30.2,137.8,97600.0,2026-09-17 18:00:00,2026-09-17 18:00:00,976.0
20260917,180000,30W,24,2026,9,17,18,31.1,137.8,97600.0,2026-09-17 18:00:00,2026-09-17 18:00:00,976.0
20260917,180000,30W,24,2026,9,17,18,31.900000000000002,138.3,97400.0,2026-09-17 18:00:00,2026-09-17 18:00:00,974.0
20260917,180000,30W,24,2026,9,17,18,32.8,138.9,97800.0,2026-09-17 18:00:00,2026-09-17 18:00:00,978.0
20260917,180000,30W,24,2026,9,17,18,33.9,140.0,97900.0,2026-09-17 18:00:00,2026-09-17 18:00:00,979.0
20260917,180000,30W,24,2026,9,17,18,35.0,141.4,98200.0,2026-09-17 18:00:00,2026-09-17 18:00:00,982.0
20260917,180000,30W,24,2026,9,17,18,36.4,143.70000000000002,98500.0,2026-09-17 18:00:00,2026-09-17 18:00:00,985.0
20260917,180000,30W,24,2026,9,17,18,37.6,146.20000000000002,98900.0,2026-09-17 18:00:00,2026-09-17 18:00:00,989.0
20260917,180000,30W,24,2026,9,17,18,39.2,149.3,98700.0,2026-09-17 18:00:00,2026-09-17 18:00:00,987.0
20260917,180000,30W,24,2026,9,17,18,39.800000000000004,151.8,99200.0,2026-09-17 18:00:00,2026-09-17 18:00:00,992.0
20260917,180000,30W,25,2026,9,17,18,26.0,144.0,98600.0,2026-09-17 18:00:00,2026-09-17 18:00:00,986.0
20260917,180000,30W,25,2026,9,17,18,25.2,142.5,98300.0,2026-09-17 18:00:00,2026-09-17 18:00:00,983.0
20260917,180000,30W,25,2026,9,17,18,25.2,141.4,98500.0,2026-09-17 18:00:00,2026-09-17 18:00:00,985.0
20260917,180000,30W,25,2026,9,17,18,25.400000000000002,140.3,98300.0,2026-09-17 18:00:00,2026-09-17 18:00:00,983.0
20260917,180000,30W,25,2026,9,17,18,25.400000000000002,140.0,98500.0,2026-09-17 18:00:00,2026-09-17 18:00:00,985.0
20260917,180000,30W,25,2026,9,17,18,26.3,138.8,98200.0,2026-09-17 18:00:00,2026-09-17 18:00:00,982.0
20260917,180000,30W,25,2026,9,17,18,26.900000000000002,138.3,98100.0,2026-09-17 18:00:00,2026-09-17 18:00:00,981.0
20260917,180000,30W,25,2026,9,17,18,27.7,138.0,97700.0,2026-09-17 18:00:00,2026-09-17 18:00:00,977.0
20260917,180000,30W,25,2026,9,17,18,28.5,137.8,97800.0,2026-09-17 18:00:00,2026-09-17 18:00:00,978.0
20260917,180000,30W,25,2026,9,17,18,29.7,137.8,97800.0,2026-09-17 18:00:00,2026-09-17 18:00:00,978.0
20260917,180000,30W,25,2026,9,17,18,30.5,137.5,97800.0,2026-09-17 18:00:00,2026-09-17 18:00:00,978.0
20260917,180000,30W,25,2026,9,17,18,31.900000000000002,137.8,97500.0,2026-09-17 18:00:00,2026-09-17 18:00:00,975.0
20260917,180000,30W,25,2026,9,17,18,33.2,139.0,97300.0,2026-09-17 18:00:00,2026-09-17 18:00:00,973.0
20260917,180000,30W,25,2026,9,17,18,34.7,140.9,97300.0,2026-09-17 18:00:00,2026-09-17 18:00:00,973.0
20260917,180000,30W,25,2026,9,17,18,36.4,143.1,97400.0,2026-09-17 18:00:00,2026-09-17 18:00:00,974.0
20260917,180000,30W,25,2026,9,17,18,38.1,145.9,97500.0,2026-09-17 18:00:00,2026-09-17 18:00:00,975.0
20260917,180000,30W,25,2026,9,17,18,40.1,149.6,97600.0,2026-09-17 18:00:00,2026-09-17 18:00:00,976.0
20260917,180000,30W,25,2026,9,17,18,41.6,153.1,97400.0,2026-09-17 18:00:00,2026-09-17 18:00:00,974.0
20260917,180000,30W,25,2026,9,17,18,43.7,156.8,97300.0,2026-09-17 18:00:00,2026-09-17 18:00:00,973.0
20260917,180000,30W,26,2026,9,17,18,25.2,144.8,98500.0,2026-09-17 18:00:00,2026-09-17 18:00:00,985.0
20260917,180000,30W,26,2026,9,17,18,25.400000000000002,143.1,97900.0,2026-09-17 18:00:00,2026-09-17 18:00:00,979.0
20260917,180000,30W,26,2026,9,17,18,25.7,141.70000000000002,97800.0,2026-09-17 18:00:00,2026-09-17 18:00:00,978.0
20260917,180000,30W,26,2026,9,17,18,25.7,140.6,97400.0,2026-09-17 18:00:00,2026-09-17 18:00:00,974.0
20260917,180000,30W,26,2026,9,17,18,26.3,139.20000000000002,97300.0,2026-09-17 18:00:00,2026-09-17 18:00:00,973.0
20260917,180000,30W,26,2026,9,17,18,27.1,138.3,97000.0,2026-09-17 18:00:00,2026-09-17 18:00:00,970.0
20260917,180000,30W,26,2026,9,17,18,28.0,138.0,96800.0,2026-09-17 18:00:00,2026-09-17 18:00:00,968.0
20260917,180000,30W,26,2026,9,17,18,28.8,137.20000000000002,97100.0,2026-09-17 18:00:00,2026-09-17 18:00:00,971.0
20260917,180000,30W,26,2026,9,17,18,29.400000000000002,136.9,97300.0,2026-09-17 18:00:00,2026-09-17 18:00:00,973.0
20260917,180000,30W,26,2026,9,17,18,30.8,136.6,97300.0,2026-09-17 18:00:00,2026-09-17 18:00:00,973.0
20260917,180000,30W,26,2026,9,17,18,31.900000000000002,136.9,97600.0,2026-09-17 18:00:00,2026-09-17 18:00:00,976.0
20260917,180000,30W,26,2026,9,17,18,33.3,137.20000000000002,97400.0,2026-09-17 18:00:00,2026-09-17 18:00:00,974.0
20260917,180000,30W,26,2026,9,17,18,35.0,138.6,98000.0,2026-09-17 18:00:00,2026-09-17 18:00:00,980.0
20260917,180000,30W,26,2026,9,17,18,36.7,140.0,98400.0,2026-09-17 18:00:00,2026-09-17 18:00:00,984.0
20260917,180000,30W,26,2026,9,17,18,39.0,142.5,98800.0,2026-09-17 18:00:00,2026-09-17 18:00:00,988.0
20260917,180000,30W,26,2026,9,17,18,41.800000000000004,145.9,98800.0,2026-09-17 18:00:00,2026-09-17 18:00:00,988.0
20260917,180000,30W,26,2026,9,17,18,41.800000000000004,147.9,98800.0,2026-09-17 18:00:00,2026-09-17 18:00:00,988.0
20260917,180000,30W,27,2026,9,17,18,25.1,144.9,99600.0,2026-09-17 18:00:00,2026-09-17 18:00:00,996.0
20260917,180000,30W,27,2026,9,17,18,26.3,143.4,99200.0,2026-09-17 18:00:00,2026-09-17 18:00:00,992.0
20260917,180000,30W,27,2026,9,17,18,26.3,141.1,99100.0,2026-09-17 18:00:00,2026-09-17 18:00:00,991.0
20260917,180000,30W,27,2026,9,17,18,26.6,140.0,98900.0,2026-09-17 18:00:00,2026-09-17 18:00:00,989.0
20260917,180000,30W,27,2026,9,17,18,26.900000000000002,139.5,98800.0,2026-09-17 18:00:00,2026-09-17 18:00:00,988.0
20260917,180000,30W,27,2026,9,17,18,27.400000000000002,138.3,98300.0,2026-09-17 18:00:00,2026-09-17 18:00:00,983.0
20260917,180000,30W,27,2026,9,17,18,27.7,137.5,98400.0,2026-09-17 18:00:00,2026-09-17 18:00:00,984.0
20260917,180000,30W,27,2026,9,17,18,28.3,136.9,98500.0,2026-09-17 18:00:00,2026-09-17 18:00:00,985.0
20260917,180000,30W,27,2026,9,17,18,28.8,136.6,98600.0,2026-09-17 18:00:00,2026-09-17 18:00:00,986.0
20260917,180000,30W,27,2026,9,17,18,30.0,136.4,98400.0,2026-09-17 18:00:00,2026-09-17 18:00:00,984.0
20260917,180000,30W,27,2026,9,17,18,30.5,136.6,98300.0,2026-09-17 18:00:00,2026-09-17 18:00:00,983.0
20260917,180000,30W,27,2026,9,17,18,31.400000000000002,136.9,97900.0,2026-09-17 18:00:00,2026-09-17 18:00:00,979.0
20260917,180000,30W,27,2026,9,17,18,32.5,137.5,98100.0,2026-09-17 18:00:00,2026-09-17 18:00:00,981.0
20260917,180000,30W,27,2026,9,17,18,33.9,138.6,98400.0,2026-09-17 18:00:00,2026-09-17 18:00:00,984.0
20260917,180000,30W,27,2026,9,17,18,35.0,140.6,98500.0,2026-09-17 18:00:00,2026-09-17 18:00:00,985.0
20260917,180000,30W,27,2026,9,17,18,36.4,143.1,98600.0,2026-09-17 18:00:00,2026-09-17 18:00:00,986.0
20260917,180000,30W,27,2026,9,17,18,37.6,146.20000000000002,98600.0,2026-09-17 18:00:00,2026-09-17 18:00:00,986.0
20260917,180000,30W,27,2026,9,17,18,38.7,149.3,98800.0,2026-09-17 18:00:00,2026-09-17 18:00:00,988.0
20260917,180000,30W,27,2026,9,17,18,39.5,151.5,99300.0,2026-09-17 18:00:00,2026-09-17 18:00:00,993.0
20260917,180000,30W,28,2026,9,17,18,25.400000000000002,144.8,99700.0,2026-09-17 18:00:00,2026-09-17 18:00:00,997.0
20260917,180000,30W,28,2026,9,17,18,26.1,142.9,99500.0,2026-09-17 18:00:00,2026-09-17 18:00:00,995.0
20260917,180000,30W,28,2026,9,17,18,25.7,141.1,99500.0,2026-09-17 18:00:00,2026-09-17 18:00:00,995.0
20260917,180000,30W,28,2026,9,17,18,26.0,140.3,99100.0,2026-09-17 18:00:00,2026-09-17 18:00:00,991.0
20260917,180000,30W,28,2026,9,17,18,26.6,138.9,99100.0,2026-09-17 18:00:00,2026-09-17 18:00:00,991.0
20260917,180000,30W,28,2026,9,17,18,26.6,138.3,99000.0,2026-09-17 18:00:00,2026-09-17 18:00:00,990.0
20260917,180000,30W,28,2026,9,17,18,27.1,137.8,98900.0,2026-09-17 18:00:00,2026-09-17 18:00:00,989.0
20260917,180000,30W,28,2026,9,17,18,28.3,136.9,98400.0,2026-09-17 18:00:00,2026-09-17 18:00:00,984.0
20260917,180000,30W,28,2026,9,17,18,28.8,136.9,98400.0,2026-09-17 18:00:00,2026-09-17 18:00:00,984.0
20260917,180000,30W,28,2026,9,17,18,30.2,136.4,98400.0,2026-09-17 18:00:00,2026-09-17 18:00:00,984.0
20260917,180000,30W,28,2026,9,17,18,31.1,136.4,98300.0,2026-09-17 18:00:00,2026-09-17 18:00:00,983.0
20260917,180000,30W,28,2026,9,17,18,31.900000000000002,136.9,98400.0,2026-09-17 18:00:00,2026-09-17 18:00:00,984.0
20260917,180000,30W,28,2026,9,17,18,33.3,137.8,98100.0,2026-09-17 18:00:00,2026-09-17 18:00:00,981.0
20260917,180000,30W,28,2026,9,17,18,34.5,139.20000000000002,97900.0,2026-09-17 18:00:00,2026-09-17 18:00:00,979.0
20260917,180000,30W,28,2026,9,17,18,35.6,141.4,98700.0,2026-09-17 18:00:00,2026-09-17 18:00:00,987.0
20260917,180000,30W,28,2026,9,17,18,37.0,144.20000000000002,98800.0,2026-09-17 18:00:00,2026-09-17 18:00:00,988.0
20260917,180000,30W,28,2026,9,17,18,38.7,147.9,99100.0,2026-09-17 18:00:00,2026-09-17 18:00:00,991.0
20260917,180000,30W,28,2026,9,17,18,39.5,151.3,98900.0,2026-09-17 18:00:00,2026-09-17 18:00:00,989.0
20260917,180000,30W,28,2026,9,17,18,40.6,155.4,99100.0,2026-09-17 18:00:00,2026-09-17 18:00:00,991.0
20260917,180000,30W,28,2026,9,17,18,41.5,159.4,99200.0,2026-09-17 18:00:00,2026-09-17 18:00:00,992.0
20260917,180000,30W,28,2026,9,17,18,42.6,164.5,99400.0,2026-09-17 18:00:00,2026-09-17 18:00:00,994.0
20260917,180000,30W,29,2026,9,17,18,25.2,144.0,98600.0,2026-09-17 18:00:00,2026-09-17 18:00:00,986.0
20260917,180000,30W,29,2026,9,17,18,25.1,142.8,98200.0,2026-09-17 18:00:00,2026-09-17 18:00:00,982.0
20260917,180000,30W,29,2026,9,17,18,25.400000000000002,141.70000000000002,98000.0,2026-09-17 18:00:00,2026-09-17 18:00:00,980.0
20260917,180000,30W,29,2026,9,17,18,25.7,140.6,97800.0,2026-09-17 18:00:00,2026-09-17 18:00:00,978.0
20260917,180000,30W,29,2026,9,17,18,26.0,139.70000000000002,97500.0,2026-09-17 18:00:00,2026-09-17 18:00:00,975.0
20260917,180000,30W,29,2026,9,17,18,26.6,138.9,97100.0,2026-09-17 18:00:00,2026-09-17 18:00:00,971.0
20260917,180000,30W,29,2026,9,17,18,26.900000000000002,138.0,96900.0,2026-09-17 18:00:00,2026-09-17 18:00:00,969.0
20260917,180000,30W,29,2026,9,17,18,27.7,137.5,96800.0,2026-09-17 18:00:00,2026-09-17 18:00:00,968.0
20260917,180000,30W,29,2026,9,17,18,28.5,136.9,97200.0,2026-09-17 18:00:00,2026-09-17 18:00:00,972.0
20260917,180000,30W,29,2026,9,17,18,29.1,136.6,97000.0,2026-09-17 18:00:00,2026-09-17 18:00:00,970.0
20260917,180000,30W,29,2026,9,17,18,30.0,136.6,96900.0,2026-09-17 18:00:00,2026-09-17 18:00:00,969.0
20260917,180000,30W,29,2026,9,17,18,31.1,136.4,97200.0,2026-09-17 18:00:00,2026-09-17 18:00:00,972.0
20260917,180000,30W,29,2026,9,17,18,31.6,136.6,97000.0,2026-09-17 18:00:00,2026-09-17 18:00:00,970.0
20260917,180000,30W,29,2026,9,17,18,33.0,137.20000000000002,97400.0,2026-09-17 18:00:00,2026-09-17 18:00:00,974.0
20260917,180000,30W,29,2026,9,17,18,34.2,138.6,97700.0,2026-09-17 18:00:00,2026-09-17 18:00:00,977.0
20260917,180000,30W,29,2026,9,17,18,35.6,140.6,98100.0,2026-09-17 18:00:00,2026-09-17 18:00:00,981.0
20260917,180000,30W,29,2026,9,17,18,37.0,143.1,98500.0,2026-09-17 18:00:00,2026-09-17 18:00:00,985.0
20260917,180000,30W,29,2026,9,17,18,38.4,146.8,98400.0,2026-09-17 18:00:00,2026-09-17 18:00:00,984.0
20260917,180000,30W,29,2026,9,17,18,39.5,150.1,98900.0,2026-09-17 18:00:00,2026-09-17 18:00:00,989.0
20260917,180000,30W,29,2026,9,17,18,40.1,153.5,98800.0,2026-09-17 18:00:00,2026-09-17 18:00:00,988.0
20260917,180000,30W,29,2026,9,17,18,40.7,157.5,99200.0,2026-09-17 18:00:00,2026-09-17 18:00:00,992.0
20260917,180000,30W,29,2026,9,17,18,41.0,161.8,99300.0,2026-09-17 18:00:00,2026-09-17 18:00:00,993.0
20260917,180000,30W,29,2026,9,17,18,41.5,165.9,99400.0,2026-09-17 18:00:00,2026-09-17 18:00:00,994.0
20260917,180000,30W,29,2026,9,17,18,42.1,170.1,99500.0,2026-09-17 18:00:00,2026-09-17 18:00:00,995.0
20260917,180000,30W,29,2026,9,17,18,41.2,173.5,99800.0,2026-09-17 18:00:00,2026-09-17 18:00:00,998.0
20260917,180000,30W,30,2026,9,17,18,25.7,144.5,98900.0,2026-09-17 18:00:00,2026-09-17 18:00:00,989.0
20260917,180000,30W,30,2026,9,17,18,25.400000000000002,143.4,98500.0,2026-09-17 18:00:00,2026-09-17 18:00:00,985.0
20260917,180000,30W,30,2026,9,17,18,25.7,142.0,98700.0,2026-09-17 18:00:00,2026-09-17 18:00:00,987.0
20260917,180000,30W,30,2026,9,17,18,26.0,140.6,98500.0,2026-09-17 18:00:00,2026-09-17 18:00:00,985.0
20260917,180000,30W,30,2026,9,17,18,26.3,139.6,98600.0,2026-09-17 18:00:00,2026-09-17 18:00:00,986.0
20260917,180000,30W,30,2026,9,17,18,26.900000000000002,138.9,98000.0,2026-09-17 18:00:00,2026-09-17 18:00:00,980.0
20260917,180000,30W,30,2026,9,17,18,27.400000000000002,138.3,97800.0,2026-09-17 18:00:00,2026-09-17 18:00:00,978.0
20260917,180000,30W,30,2026,9,17,18,27.7,138.0,97800.0,2026-09-17 18:00:00,2026-09-17 18:00:00,978.0
20260917,180000,30W,30,2026,9,17,18,28.5,137.8,97700.0,2026-09-17 18:00:00,2026-09-17 18:00:00,977.0
20260917,180000,30W,30,2026,9,17,18,30.0,137.8,97700.0,2026-09-17 18:00:00,2026-09-17 18:00:00,977.0
20260917,180000,30W,30,2026,9,17,18,30.5,137.5,97900.0,2026-09-17 18:00:00,2026-09-17 18:00:00,979.0
20260917,180000,30W,30,2026,9,17,18,31.400000000000002,137.5,97900.0,2026-09-17 18:00:00,2026-09-17 18:00:00,979.0
20260917,180000,30W,30,2026,9,17,18,32.2,137.8,97700.0,2026-09-17 18:00:00,2026-09-17 18:00:00,977.0
20260917,180000,30W,30,2026,9,17,18,33.3,138.6,97500.0,2026-09-17 18:00:00,2026-09-17 18:00:00,975.0
20260917,180000,30W,30,2026,9,17,18,34.5,140.3,98100.0,2026-09-17 18:00:00,2026-09-17 18:00:00,981.0
20260917,180000,30W,30,2026,9,17,18,36.1,142.0,98700.0,2026-09-17 18:00:00,2026-09-17 18:00:00,987.0
20260917,180000,30W,30,2026,9,17,18,37.5,144.6,98700.0,2026-09-17 18:00:00,2026-09-17 18:00:00,987.0
20260917,180000,30W,30,2026,9,17,18,39.2,147.9,98600.0,2026-09-17 18:00:00,2026-09-17 18:00:00,986.0
20260917,180000,30W,30,2026,9,17,18,40.9,151.3,98700.0,2026-09-17 18:00:00,2026-09-17 18:00:00,987.0
20260917,180000,30W,30,2026,9,17,18,41.800000000000004,155.20000000000002,98700.0,2026-09-17 18:00:00,2026-09-17 18:00:00,987.0
20260917,180000,30W,31,2026,9,17,18,26.3,144.20000000000002,99000.0,2026-09-17 18:00:00,2026-09-17 18:00:00,990.0
20260917,180000,30W,31,2026,9,17,18,25.7,142.8,98700.0,2026-09-17 18:00:00,2026-09-17 18:00:00,987.0
20260917,180000,30W,31,2026,9,17,18,25.400000000000002,142.3,98500.0,2026-09-17 18:00:00,2026-09-17 18:00:00,985.0
20260917,180000,30W,31,2026,9,17,18,25.400000000000002,141.1,98100.0,2026-09-17 18:00:00,2026-09-17 18:00:00,981.0
20260917,180000,30W,31,2026,9,17,18,26.3,140.6,98200.0,2026-09-17 18:00:00,2026-09-17 18:00:00,982.0
20260917,180000,30W,31,2026,9,17,18,26.900000000000002,139.5,97800.0,2026-09-17 18:00:00,2026-09-17 18:00:00,978.0
20260917,180000,30W,31,2026,9,17,18,27.400000000000002,139.20000000000002,97700.0,2026-09-17 18:00:00,2026-09-17 18:00:00,977.0
20260917,180000,30W,31,2026,9,17,18,28.3,138.6,97800.0,2026-09-17 18:00:00,2026-09-17 18:00:00,978.0
20260917,180000,30W,31,2026,9,17,18,29.400000000000002,138.3,97900.0,2026-09-17 18:00:00,2026-09-17 18:00:00,979.0
20260917,180000,30W,31,2026,9,17,18,30.2,138.3,97500.0,2026-09-17 18:00:00,2026-09-17 18:00:00,975.0
20260917,180000,30W,31,2026,9,17,18,31.6,138.6,97800.0,2026-09-17 18:00:00,2026-09-17 18:00:00,978.0
20260917,180000,30W,31,2026,9,17,18,32.8,138.6,97800.0,2026-09-17 18:00:00,2026-09-17 18:00:00,978.0
20260917,180000,30W,31,2026,9,17,18,33.6,139.70000000000002,98100.0,2026-09-17 18:00:00,2026-09-17 18:00:00,981.0
20260917,180000,30W,31,2026,9,17,18,35.6,141.1,98300.0,2026-09-17 18:00:00,2026-09-17 18:00:00,983.0
20260917,180000,30W,31,2026,9,17,18,36.7,142.3,98200.0,2026-09-17 18:00:00,2026-09-17 18:00:00,982.0
20260917,180000,30W,31,2026,9,17,18,38.1,144.5,98200.0,2026-09-17 18:00:00,2026-09-17 18:00:00,982.0
20260917,180000,30W,31,2026,9,17,18,39.1,147.3,98500.0,2026-09-17 18:00:00,2026-09-17 18:00:00,985.0
20260917,180000,30W,31,2026,9,17,18,40.7,150.1,98600.0,2026-09-17 18:00:00,2026-09-17 18:00:00,986.0
20260917,180000,30W,31,2026,9,17,18,41.6,153.5,98800.0,2026-09-17 18:00:00,2026-09-17 18:00:00,988.0
20260917,180000,30W,32,2026,9,17,18,25.7,144.5,99000.0,2026-09-17 18:00:00,2026-09-17 18:00:00,990.0
20260917,180000,30W,32,2026,9,17,18,26.0,142.8,98600.0,2026-09-17 18:00:00,2026-09-17 18:00:00,986.0
20260917,180000,30W,32,2026,9,17,18,26.0,141.4,98500.0,2026-09-17 18:00:00,2026-09-17 18:00:00,985.0
20260917,180000,30W,32,2026,9,17,18,25.7,140.9,98300.0,2026-09-17 18:00:00,2026-09-17 18:00:00,983.0
20260917,180000,30W,32,2026,9,17,18,26.0,140.0,98500.0,2026-09-17 18:00:00,2026-09-17 18:00:00,985.0
20260917,180000,30W,32,2026,9,17,18,26.900000000000002,139.5,98300.0,2026-09-17 18:00:00,2026-09-17 18:00:00,983.0
20260917,180000,30W,32,2026,9,17,18,27.7,138.3,98400.0,2026-09-17 18:00:00,2026-09-17 18:00:00,984.0
20260917,180000,30W,32,2026,9,17,18,28.0,138.0,98200.0,2026-09-17 18:00:00,2026-09-17 18:00:00,982.0
20260917,180000,30W,32,2026,9,17,18,28.5,138.3,98200.0,2026-09-17 18:00:00,2026-09-17 18:00:00,982.0
20260917,180000,30W,32,2026,9,17,18,29.7,138.3,98000.0,2026-09-17 18:00:00,2026-09-17 18:00:00,980.0
20260917,180000,30W,32,2026,9,17,18,30.8,138.0,98200.0,2026-09-17 18:00:00,2026-09-17 18:00:00,982.0
20260917,180000,30W,32,2026,9,17,18,31.400000000000002,138.6,98200.0,2026-09-17 18:00:00,2026-09-17 18:00:00,982.0
20260917,180000,30W,32,2026,9,17,18,33.0,139.20000000000002,98400.0,2026-09-17 18:00:00,2026-09-17 18:00:00,984.0
20260917,180000,30W,32,2026,9,17,18,34.5,140.3,98700.0,2026-09-17 18:00:00,2026-09-17 18:00:00,987.0
20260917,180000,30W,32,2026,9,17,18,36.4,142.0,99000.0,2026-09-17 18:00:00,2026-09-17 18:00:00,990.0
20260917,180000,30W,32,2026,9,17,18,37.6,144.1,98700.0,2026-09-17 18:00:00,2026-09-17 18:00:00,987.0
20260917,180000,30W,32,2026,9,17,18,39.2,147.9,99100.0,2026-09-17 18:00:00,2026-09-17 18:00:00,991.0
20260917,180000,30W,32,2026,9,17,18,41.2,151.5,98900.0,2026-09-17 18:00:00,2026-09-17 18:00:00,989.0
20260917,180000,30W,32,2026,9,17,18,40.9,154.6,99400.0,2026-09-17 18:00:00,2026-09-17 18:00:00,994.0
20260917,180000,30W,32,2026,9,17,18,42.300000000000004,158.3,99400.0,2026-09-17 18:00:00,2026-09-17 18:00:00,994.0
20260917,180000,30W,33,2026,9,17,18,25.7,143.70000000000002,98800.0,2026-09-17 18:00:00,2026-09-17 18:00:00,988.0
20260917,180000,30W,33,2026,9,17,18,25.400000000000002,142.8,98600.0,2026-09-17 18:00:00,2026-09-17 18:00:00,986.0
20260917,180000,30W,33,2026,9,17,18,25.2,142.0,98500.0,2026-09-17 18:00:00,2026-09-17 18:00:00,985.0
20260917,180000,30W,33,2026,9,17,18,25.7,141.1,98100.0,2026-09-17 18:00:00,2026-09-17 18:00:00,981.0
20260917,180000,30W,33,2026,9,17,18,26.6,140.0,98000.0,2026-09-17 18:00:00,2026-09-17 18:00:00,980.0
20260917,180000,30W,33,2026,9,17,18,27.3,139.5,97800.0,2026-09-17 18:00:00,2026-09-17 18:00:00,978.0
20260917,180000,30W,33,2026,9,17,18,28.0,139.20000000000002,97800.0,2026-09-17 18:00:00,2026-09-17 18:00:00,978.0
20260917,180000,30W,33,2026,9,17,18,28.8,138.6,97400.0,2026-09-17 18:00:00,2026-09-17 18:00:00,974.0
20260917,180000,30W,33,2026,9,17,18,30.2,138.6,97600.0,2026-09-17 18:00:00,2026-09-17 18:00:00,976.0
20260917,180000,30W,33,2026,9,17,18,31.400000000000002,138.3,97400.0,2026-09-17 18:00:00,2026-09-17 18:00:00,974.0
20260917,180000,30W,33,2026,9,17,18,32.2,138.9,97800.0,2026-09-17 18:00:00,2026-09-17 18:00:00,978.0
20260917,180000,30W,33,2026,9,17,18,32.8,140.0,97800.0,2026-09-17 18:00:00,2026-09-17 18:00:00,978.0
20260917,180000,30W,33,2026,9,17,18,34.2,141.1,98300.0,2026-09-17 18:00:00,2026-09-17 18:00:00,983.0
20260917,180000,30W,33,2026,9,17,18,35.6,143.1,98500.0,2026-09-17 18:00:00,2026-09-17 18:00:00,985.0
20260917,180000,30W,33,2026,9,17,18,37.300000000000004,145.6,99000.0,2026-09-17 18:00:00,2026-09-17 18:00:00,990.0
20260917,180000,30W,33,2026,9,17,18,38.7,147.9,98700.0,2026-09-17 18:00:00,2026-09-17 18:00:00,987.0
20260917,180000,30W,33,2026,9,17,18,40.7,151.0,99000.0,2026-09-17 18:00:00,2026-09-17 18:00:00,990.0
20260917,180000,30W,33,2026,9,17,18,41.2,154.1,99100.0,2026-09-17 18:00:00,2026-09-17 18:00:00,991.0
20260917,180000,30W,34,2026,9,17,18,26.0,143.4,99500.0,2026-09-17 18:00:00,2026-09-17 18:00:00,995.0
20260917,180000,30W,34,2026,9,17,18,25.7,142.3,99200.0,2026-09-17 18:00:00,2026-09-17 18:00:00,992.0
20260917,180000,30W,34,2026,9,17,18,25.400000000000002,141.5,99400.0,2026-09-17 18:00:00,2026-09-17 18:00:00,994.0
20260917,180000,30W,34,2026,9,17,18,25.7,140.6,99100.0,2026-09-17 18:00:00,2026-09-17 18:00:00,991.0
20260917,180000,30W,34,2026,9,17,18,26.0,140.1,99200.0,2026-09-17 18:00:00,2026-09-17 18:00:00,992.0
20260917,180000,30W,34,2026,9,17,18,26.900000000000002,139.70000000000002,98900.0,2026-09-17 18:00:00,2026-09-17 18:00:00,989.0
20260917,180000,30W,34,2026,9,17,18,27.7,139.20000000000002,99100.0,2026-09-17 18:00:00,2026-09-17 18:00:00,991.0
20260917,180000,30W,34,2026,9,17,18,28.6,138.6,98800.0,2026-09-17 18:00:00,2026-09-17 18:00:00,988.0
20260917,180000,30W,34,2026,9,17,18,29.2,138.5,98800.0,2026-09-17 18:00:00,2026-09-17 18:00:00,988.0
20260917,180000,30W,34,2026,9,17,18,30.5,138.3,98400.0,2026-09-17 18:00:00,2026-09-17 18:00:00,984.0
20260917,180000,30W,34,2026,9,17,18,31.400000000000002,138.9,98400.0,2026-09-17 18:00:00,2026-09-17 18:00:00,984.0
20260917,180000,30W,34,2026,9,17,18,32.2,139.20000000000002,98700.0,2026-09-17 18:00:00,2026-09-17 18:00:00,987.0
20260917,180000,30W,34,2026,9,17,18,33.3,139.5,98900.0,2026-09-17 18:00:00,2026-09-17 18:00:00,989.0
20260917,180000,30W,34,2026,9,17,18,34.2,140.9,98800.0,2026-09-17 18:00:00,2026-09-17 18:00:00,988.0
20260917,180000,30W,34,2026,9,17,18,35.0,142.3,99000.0,2026-09-17 18:00:00,2026-09-17 18:00:00,990.0
20260917,180000,30W,34,2026,9,17,18,36.4,145.1,99200.0,2026-09-17 18:00:00,2026-09-17 18:00:00,992.0
20260917,180000,30W,34,2026,9,17,18,37.6,147.3,99200.0,2026-09-17 18:00:00,2026-09-17 18:00:00,992.0
20260917,180000,30W,34,2026,9,17,18,38.1,150.1,99400.0,2026-09-17 18:00:00,2026-09-17 18:00:00,994.0
20260917,180000,30W,34,2026,9,17,18,39.2,153.20000000000002,99600.0,2026-09-17 18:00:00,2026-09-17 18:00:00,996.0
20260917,180000,30W,34,2026,9,17,18,39.2,155.8,99500.0,2026-09-17 18:00:00,2026-09-17 18:00:00,995.0
20260917,180000,30W,34,2026,9,17,18,39.6,160.0,99600.0,2026-09-17 18:00:00,2026-09-17 18:00:00,996.0
20260917,180000,30W,34,2026,9,17,18,39.6,163.4,99800.0,2026-09-17 18:00:00,2026-09-17 18:00:00,998.0
20260917,180000,30W,34,2026,9,17,18,40.1,166.5,99900.0,2026-09-17 18:00:00,2026-09-17 18:00:00,999.0
20260917,180000,30W,35,2026,9,17,18,22.900000000000002,144.20000000000002,97800.0,2026-09-17 18:00:00,2026-09-17 18:00:00,978.0
20260917,180000,30W,35,2026,9,17,18,24.0,142.8,98100.0,2026-09-17 18:00:00,2026-09-17 18:00:00,981.0
20260917,180000,30W,35,2026,9,17,18,24.3,142.0,98000.0,2026-09-17 18:00:00,2026-09-17 18:00:00,980.0
20260917,180000,30W,35,2026,9,17,18,24.900000000000002,140.9,97900.0,2026-09-17 18:00:00,2026-09-17 18:00:00,979.0
20260917,180000,30W,35,2026,9,17,18,25.2,140.3,97700.0,2026-09-17 18:00:00,2026-09-17 18:00:00,977.0
20260917,180000,30W,35,2026,9,17,18,26.3,139.5,97400.0,2026-09-17 18:00:00,2026-09-17 18:00:00,974.0
20260917,180000,30W,35,2026,9,17,18,26.6,138.6,97500.0,2026-09-17 18:00:00,2026-09-17 18:00:00,975.0
20260917,180000,30W,35,2026,9,17,18,27.1,137.8,97300.0,2026-09-17 18:00:00,2026-09-17 18:00:00,973.0
20260917,180000,30W,35,2026,9,17,18,28.5,137.5,97700.0,2026-09-17 18:00:00,2026-09-17 18:00:00,977.0
20260917,180000,30W,35,2026,9,17,18,29.400000000000002,136.6,97300.0,2026-09-17 18:00:00,2026-09-17 18:00:00,973.0
20260917,180000,30W,35,2026,9,17,18,29.7,136.6,97300.0,2026-09-17 18:00:00,2026-09-17 18:00:00,973.0
20260917,180000,30W,35,2026,9,17,18,30.8,136.1,97200.0,2026-09-17 18:00:00,2026-09-17 18:00:00,972.0
20260917,180000,30W,35,2026,9,17,18,31.6,136.6,97300.0,2026-09-17 18:00:00,2026-09-17 18:00:00,973.0
20260917,180000,30W,35,2026,9,17,18,32.9,137.1,97200.0,2026-09-17 18:00:00,2026-09-17 18:00:00,972.0
20260917,180000,30W,35,2026,9,17,18,34.2,138.0,98000.0,2026-09-17 18:00:00,2026-09-17 18:00:00,980.0
20260917,180000,30W,35,2026,9,17,18,35.9,140.0,98000.0,2026-09-17 18:00:00,2026-09-17 18:00:00,980.0
20260917,180000,30W,35,2026,9,17,18,37.6,142.9,98400.0,2026-09-17 18:00:00,2026-09-17 18:00:00,984.0
20260917,180000,30W,35,2026,9,17,18,40.1,146.20000000000002,98300.0,2026-09-17 18:00:00,2026-09-17 18:00:00,983.0
20260917,180000,30W,35,2026,9,17,18,41.5,149.9,98500.0,2026-09-17 18:00:00,2026-09-17 18:00:00,985.0
20260917,180000,30W,35,2026,9,17,18,43.800000000000004,155.3,98300.0,2026-09-17 18:00:00,2026-09-17 18:00:00,983.0
20260917,180000,30W,35,2026,9,17,18,46.4,160.9,97900.0,2026-09-17 18:00:00,2026-09-17 18:00:00,979.0
20260917,180000,30W,36,2026,9,17,18,24.6,143.70000000000002,97900.0,2026-09-17 18:00:00,2026-09-17 18:00:00,979.0
20260917,180000,30W,36,2026,9,17,18,24.900000000000002,143.1,97500.0,2026-09-17 18:00:00,2026-09-17 18:00:00,975.0
20260917,180000,30W,36,2026,9,17,18,25.400000000000002,141.4,97800.0,2026-09-17 18:00:00,2026-09-17 18:00:00,978.0
20260917,180000,30W,36,2026,9,17,18,26.0,140.6,97500.0,2026-09-17 18:00:00,2026-09-17 18:00:00,975.0
20260917,180000,30W,36,2026,9,17,18,27.1,139.20000000000002,97400.0,2026-09-17 18:00:00,2026-09-17 18:00:00,974.0
20260917,180000,30W,36,2026,9,17,18,27.400000000000002,138.6,96900.0,2026-09-17 18:00:00,2026-09-17 18:00:00,969.0
20260917,180000,30W,36,2026,9,17,18,28.3,138.0,97000.0,2026-09-17 18:00:00,2026-09-17 18:00:00,970.0
20260917,180000,30W,36,2026,9,17,18,29.400000000000002,137.20000000000002,97100.0,2026-09-17 18:00:00,2026-09-17 18:00:00,971.0
20260917,180000,30W,36,2026,9,17,18,30.2,136.9,97100.0,2026-09-17 18:00:00,2026-09-17 18:00:00,971.0
20260917,180000,30W,36,2026,9,17,18,31.400000000000002,136.6,96800.0,2026-09-17 18:00:00,2026-09-17 18:00:00,968.0
20260917,180000,30W,36,2026,9,17,18,32.8,136.9,96900.0,2026-09-17 18:00:00,2026-09-17 18:00:00,969.0
20260917,180000,30W,36,2026,9,17,18,34.1,137.5,97100.0,2026-09-17 18:00:00,2026-09-17 18:00:00,971.0
20260917,180000,30W,36,2026,9,17,18,36.4,138.9,98300.0,2026-09-17 18:00:00,2026-09-17 18:00:00,983.0
20260917,180000,30W,36,2026,9,17,18,39.2,141.1,98200.0,2026-09-17 18:00:00,2026-09-17 18:00:00,982.0
20260917,180000,30W,36,2026,9,17,18,40.7,143.70000000000002,98400.0,2026-09-17 18:00:00,2026-09-17 18:00:00,984.0
20260917,180000,30W,37,2026,9,17,18,25.400000000000002,144.0,99600.0,2026-09-17 18:00:00,2026-09-17 18:00:00,996.0
20260917,180000,30W,37,2026,9,17,18,25.2,142.5,99100.0,2026-09-17 18:00:00,2026-09-17 18:00:00,991.0
20260917,180000,30W,37,2026,9,17,18,25.1,141.70000000000002,99100.0,2026-09-17 18:00:00,2026-09-17 18:00:00,991.0
20260917,180000,30W,37,2026,9,17,18,25.7,140.9,99100.0,2026-09-17 18:00:00,2026-09-17 18:00:00,991.0
20260917,180000,30W,37,2026,9,17,18,26.0,139.70000000000002,99200.0,2026-09-17 18:00:00,2026-09-17 18:00:00,992.0
20260917,180000,30W,37,2026,9,17,18,26.3,139.20000000000002,98800.0,2026-09-17 18:00:00,2026-09-17 18:00:00,988.0
20260917,180000,30W,37,2026,9,17,18,27.1,138.6,98400.0,2026-09-17 18:00:00,2026-09-17 18:00:00,984.0
20260917,180000,30W,37,2026,9,17,18,28.0,137.5,98000.0,2026-09-17 18:00:00,2026-09-17 18:00:00,980.0
20260917,180000,30W,37,2026,9,17,18,28.3,136.6,97700.0,2026-09-17 18:00:00,2026-09-17 18:00:00,977.0
20260917,180000,30W,37,2026,9,17,18,28.5,136.6,97900.0,2026-09-17 18:00:00,2026-09-17 18:00:00,979.0
20260917,180000,30W,37,2026,9,17,18,29.1,136.6,97900.0,2026-09-17 18:00:00,2026-09-17 18:00:00,979.0
20260917,180000,30W,37,2026,9,17,18,30.2,136.6,97900.0,2026-09-17 18:00:00,2026-09-17 18:00:00,979.0
20260917,180000,30W,37,2026,9,17,18,31.1,136.6,98000.0,2026-09-17 18:00:00,2026-09-17 18:00:00,980.0
20260917,180000,30W,37,2026,9,17,18,32.8,136.6,97500.0,2026-09-17 18:00:00,2026-09-17 18:00:00,975.0
20260917,180000,30W,37,2026,9,17,18,33.3,137.8,97700.0,2026-09-17 18:00:00,2026-09-17 18:00:00,977.0
20260917,180000,30W,37,2026,9,17,18,34.5,139.70000000000002,97800.0,2026-09-17 18:00:00,2026-09-17 18:00:00,978.0
20260917,180000,30W,37,2026,9,17,18,35.9,142.0,97800.0,2026-09-17 18:00:00,2026-09-17 18:00:00,978.0
20260917,180000,30W,37,2026,9,17,18,37.0,144.5,98100.0,2026-09-17 18:00:00,2026-09-17 18:00:00,981.0
20260917,180000,30W,37,2026,9,17,18,37.6,147.6,98700.0,2026-09-17 18:00:00,2026-09-17 18:00:00,987.0
20260917,180000,30W,37,2026,9,17,18,38.1,151.0,98700.0,2026-09-17 18:00:00,2026-09-17 18:00:00,987.0
20260917,180000,30W,37,2026,9,17,18,38.7,154.6,99200.0,2026-09-17 18:00:00,2026-09-17 18:00:00,992.0
20260917,180000,30W,37,2026,9,17,18,38.1,158.3,99500.0,2026-09-17 18:00:00,2026-09-17 18:00:00,995.0
20260917,180000,30W,38,2026,9,17,18,24.6,144.8,97600.0,2026-09-17 18:00:00,2026-09-17 18:00:00,976.0
20260917,180000,30W,38,2026,9,17,18,24.900000000000002,143.70000000000002,97600.0,2026-09-17 18:00:00,2026-09-17 18:00:00,976.0
20260917,180000,30W,38,2026,9,17,18,25.2,142.3,98000.0,2026-09-17 18:00:00,2026-09-17 18:00:00,980.0
20260917,180000,30W,38,2026,9,17,18,25.7,141.1,97800.0,2026-09-17 18:00:00,2026-09-17 18:00:00,978.0
20260917,180000,30W,38,2026,9,17,18,26.3,139.70000000000002,97800.0,2026-09-17 18:00:00,2026-09-17 18:00:00,978.0
20260917,180000,30W,38,2026,9,17,18,26.900000000000002,138.6,97600.0,2026-09-17 18:00:00,2026-09-17 18:00:00,976.0
20260917,180000,30W,38,2026,9,17,18,27.1,138.3,97900.0,2026-09-17 18:00:00,2026-09-17 18:00:00,979.0
20260917,180000,30W,38,2026,9,17,18,27.7,137.5,97500.0,2026-09-17 18:00:00,2026-09-17 18:00:00,975.0
20260917,180000,30W,38,2026,9,17,18,28.0,137.5,97800.0,2026-09-17 18:00:00,2026-09-17 18:00:00,978.0
20260917,180000,30W,38,2026,9,17,18,28.8,137.8,98200.0,2026-09-17 18:00:00,2026-09-17 18:00:00,982.0
20260917,180000,30W,38,2026,9,17,18,30.0,137.5,97800.0,2026-09-17 18:00:00,2026-09-17 18:00:00,978.0
20260917,180000,30W,38,2026,9,17,18,30.8,136.9,97800.0,2026-09-17 18:00:00,2026-09-17 18:00:00,978.0
20260917,180000,30W,38,2026,9,17,18,31.6,137.5,98000.0,2026-09-17 18:00:00,2026-09-17 18:00:00,980.0
20260917,180000,30W,38,2026,9,17,18,32.8,138.0,97700.0,2026-09-17 18:00:00,2026-09-17 18:00:00,977.0
20260917,180000,30W,38,2026,9,17,18,34.2,139.20000000000002,98300.0,2026-09-17 18:00:00,2026-09-17 18:00:00,983.0
20260917,180000,30W,38,2026,9,17,18,35.9,141.4,98500.0,2026-09-17 18:00:00,2026-09-17 18:00:00,985.0
20260917,180000,30W,38,2026,9,17,18,37.6,144.8,98800.0,2026-09-17 18:00:00,2026-09-17 18:00:00,988.0
20260917,180000,30W,38,2026,9,17,18,39.0,147.9,98500.0,2026-09-17 18:00:00,2026-09-17 18:00:00,985.0
20260917,180000,30W,38,2026,9,17,18,40.1,152.1,98900.0,2026-09-17 18:00:00,2026-09-17 18:00:00,989.0
20260917,180000,30W,38,2026,9,17,18,42.1,157.20000000000002,99000.0,2026-09-17 18:00:00,2026-09-17 18:00:00,990.0
20260917,180000,30W,38,2026,9,17,18,43.2,162.3,99000.0,2026-09-17 18:00:00,2026-09-17 18:00:00,990.0
20260917,180000,30W,38,2026,9,17,18,44.800000000000004,167.9,99000.0,2026-09-17 18:00:00,2026-09-17 18:00:00,990.0
20260917,180000,30W,38,2026,9,17,18,46.7,174.4,98900.0,2026-09-17 18:00:00,2026-09-17 18:00:00,989.0
20260917,180000,30W,39,2026,9,17,18,25.400000000000002,144.5,98200.0,2026-09-17 18:00:00,2026-09-17 18:00:00,982.0
20260917,180000,30W,39,2026,9,17,18,25.2,142.8,97800.0,2026-09-17 18:00:00,2026-09-17 18:00:00,978.0
20260917,180000,30W,39,2026,9,17,18,25.2,142.3,97800.0,2026-09-17 18:00:00,2026-09-17 18:00:00,978.0
20260917,180000,30W,39,2026,9,17,18,25.3,140.8,97400.0,2026-09-17 18:00:00,2026-09-17 18:00:00,974.0
20260917,180000,30W,39,2026,9,17,18,26.0,140.6,97000.0,2026-09-17 18:00:00,2026-09-17 18:00:00,970.0
20260917,180000,30W,39,2026,9,17,18,26.6,139.5,96600.0,2026-09-17 18:00:00,2026-09-17 18:00:00,966.0
20260917,180000,30W,39,2026,9,17,18,27.7,139.20000000000002,97100.0,2026-09-17 18:00:00,2026-09-17 18:00:00,971.0
20260917,180000,30W,39,2026,9,17,18,28.8,138.3,97000.0,2026-09-17 18:00:00,2026-09-17 18:00:00,970.0
20260917,180000,30W,39,2026,9,17,18,29.400000000000002,138.0,97100.0,2026-09-17 18:00:00,2026-09-17 18:00:00,971.0
20260917,180000,30W,39,2026,9,17,18,30.5,138.3,97200.0,2026-09-17 18:00:00,2026-09-17 18:00:00,972.0
20260917,180000,30W,39,2026,9,17,18,31.400000000000002,138.6,97200.0,2026-09-17 18:00:00,2026-09-17 18:00:00,972.0
20260917,180000,30W,39,2026,9,17,18,32.5,138.9,97300.0,2026-09-17 18:00:00,2026-09-17 18:00:00,973.0
20260917,180000,30W,39,2026,9,17,18,33.3,140.0,97700.0,2026-09-17 18:00:00,2026-09-17 18:00:00,977.0
20260917,180000,30W,39,2026,9,17,18,34.7,141.1,97400.0,2026-09-17 18:00:00,2026-09-17 18:00:00,974.0
20260917,180000,30W,39,2026,9,17,18,36.1,143.1,97900.0,2026-09-17 18:00:00,2026-09-17 18:00:00,979.0
20260917,180000,30W,39,2026,9,17,18,37.6,145.4,97900.0,2026-09-17 18:00:00,2026-09-17 18:00:00,979.0
20260917,180000,30W,39,2026,9,17,18,39.0,148.5,98200.0,2026-09-17 18:00:00,2026-09-17 18:00:00,982.0
20260917,180000,30W,39,2026,9,17,18,39.9,151.4,98200.0,2026-09-17 18:00:00,2026-09-17 18:00:00,982.0
20260917,180000,30W,39,2026,9,17,18,41.6,155.3,98500.0,2026-09-17 18:00:00,2026-09-17 18:00:00,985.0
20260917,180000,30W,39,2026,9,17,18,43.2,159.0,98400.0,2026-09-17 18:00:00,2026-09-17 18:00:00,984.0
20260917,180000,30W,39,2026,9,17,18,45.1,163.4,98300.0,2026-09-17 18:00:00,2026-09-17 18:00:00,983.0
20260917,180000,30W,39,2026,9,17,18,47.4,167.8,98300.0,2026-09-17 18:00:00,2026-09-17 18:00:00,983.0
20260917,180000,30W,40,2026,9,17,18,25.400000000000002,144.0,98000.0,2026-09-17 18:00:00,2026-09-17 18:00:00,980.0
20260917,180000,30W,40,2026,9,17,18,25.2,142.8,97800.0,2026-09-17 18:00:00,2026-09-17 18:00:00,978.0
20260917,180000,30W,40,2026,9,17,18,25.400000000000002,142.0,97600.0,2026-09-17 18:00:00,2026-09-17 18:00:00,976.0
20260917,180000,30W,40,2026,9,17,18,25.7,140.6,97500.0,2026-09-17 18:00:00,2026-09-17 18:00:00,975.0
20260917,180000,30W,40,2026,9,17,18,26.3,139.70000000000002,97800.0,2026-09-17 18:00:00,2026-09-17 18:00:00,978.0
20260917,180000,30W,40,2026,9,17,18,26.6,138.6,97600.0,2026-09-17 18:00:00,2026-09-17 18:00:00,976.0
20260917,180000,30W,40,2026,9,17,18,26.900000000000002,137.8,97800.0,2026-09-17 18:00:00,2026-09-17 18:00:00,978.0
20260917,180000,30W,40,2026,9,17,18,27.400000000000002,137.8,97500.0,2026-09-17 18:00:00,2026-09-17 18:00:00,975.0
20260917,180000,30W,40,2026,9,17,18,28.0,137.20000000000002,97800.0,2026-09-17 18:00:00,2026-09-17 18:00:00,978.0
20260917,180000,30W,40,2026,9,17,18,28.8,136.6,97600.0,2026-09-17 18:00:00,2026-09-17 18:00:00,976.0
20260917,180000,30W,40,2026,9,17,18,29.400000000000002,136.6,97500.0,2026-09-17 18:00:00,2026-09-17 18:00:00,975.0
20260917,180000,30W,40,2026,9,17,18,30.2,136.1,97300.0,2026-09-17 18:00:00,2026-09-17 18:00:00,973.0
20260917,180000,30W,40,2026,9,17,18,31.400000000000002,136.4,97600.0,2026-09-17 18:00:00,2026-09-17 18:00:00,976.0
20260917,180000,30W,40,2026,9,17,18,32.5,136.9,97300.0,2026-09-17 18:00:00,2026-09-17 18:00:00,973.0
20260917,180000,30W,40,2026,9,17,18,33.6,137.8,97600.0,2026-09-17 18:00:00,2026-09-17 18:00:00,976.0
20260917,180000,30W,40,2026,9,17,18,35.0,139.5,98100.0,2026-09-17 18:00:00,2026-09-17 18:00:00,981.0
20260917,180000,30W,40,2026,9,17,18,37.0,142.0,98500.0,2026-09-17 18:00:00,2026-09-17 18:00:00,985.0
20260917,180000,30W,40,2026,9,17,18,38.1,144.8,98400.0,2026-09-17 18:00:00,2026-09-17 18:00:00,984.0
20260917,180000,30W,40,2026,9,17,18,39.300000000000004,148.3,98900.0,2026-09-17 18:00:00,2026-09-17 18:00:00,989.0
20260917,180000,30W,40,2026,9,17,18,40.4,151.8,98900.0,2026-09-17 18:00:00,2026-09-17 18:00:00,989.0
20260917,180000,30W,40,2026,9,17,18,41.5,156.6,99300.0,2026-09-17 18:00:00,2026-09-17 18:00:00,993.0
20260917,180000,30W,41,2026,9,17,18,25.7,144.5,98300.0,2026-09-17 18:00:00,2026-09-17 18:00:00,983.0
20260917,180000,30W,41,2026,9,17,18,26.0,143.4,97700.0,2026-09-17 18:00:00,2026-09-17 18:00:00,977.0
20260917,180000,30W,41,2026,9,17,18,26.0,142.0,97600.0,2026-09-17 18:00:00,2026-09-17 18:00:00,976.0
20260917,180000,30W,41,2026,9,17,18,26.6,140.3,97500.0,2026-09-17 18:00:00,2026-09-17 18:00:00,975.0
20260917,180000,30W,41,2026,9,17,18,26.900000000000002,139.5,97400.0,2026-09-17 18:00:00,2026-09-17 18:00:00,974.0
20260917,180000,30W,41,2026,9,17,18,27.400000000000002,138.9,97200.0,2026-09-17 18:00:00,2026-09-17 18:00:00,972.0
20260917,180000,30W,41,2026,9,17,18,28.3,138.3,97100.0,2026-09-17 18:00:00,2026-09-17 18:00:00,971.0
20260917,180000,30W,41,2026,9,17,18,29.1,138.0,97100.0,2026-09-17 18:00:00,2026-09-17 18:00:00,971.0
20260917,180000,30W,41,2026,9,17,18,30.2,138.0,97400.0,2026-09-17 18:00:00,2026-09-17 18:00:00,974.0
20260917,180000,30W,41,2026,9,17,18,31.6,138.0,97500.0,2026-09-17 18:00:00,2026-09-17 18:00:00,975.0
20260917,180000,30W,41,2026,9,17,18,32.5,138.0,97600.0,2026-09-17 18:00:00,2026-09-17 18:00:00,976.0
20260917,180000,30W,41,2026,9,17,18,34.1,139.4,97700.0,2026-09-17 18:00:00,2026-09-17 18:00:00,977.0
20260917,180000,30W,41,2026,9,17,18,36.4,140.9,98100.0,2026-09-17 18:00:00,2026-09-17 18:00:00,981.0
20260917,180000,30W,41,2026,9,17,18,38.1,143.4,98100.0,2026-09-17 18:00:00,2026-09-17 18:00:00,981.0
20260917,180000,30W,41,2026,9,17,18,39.800000000000004,145.9,98700.0,2026-09-17 18:00:00,2026-09-17 18:00:00,987.0
20260917,180000,30W,41,2026,9,17,18,41.2,149.9,98500.0,2026-09-17 18:00:00,2026-09-17 18:00:00,985.0
20260917,180000,30W,41,2026,9,17,18,43.2,151.8,98500.0,2026-09-17 18:00:00,2026-09-17 18:00:00,985.0
20260917,180000,30W,42,2026,9,17,18,25.2,144.20000000000002,98900.0,2026-09-17 18:00:00,2026-09-17 18:00:00,989.0
20260917,180000,30W,42,2026,9,17,18,25.400000000000002,143.1,98700.0,2026-09-17 18:00:00,2026-09-17 18:00:00,987.0
20260917,180000,30W,42,2026,9,17,18,26.0,141.70000000000002,98600.0,2026-09-17 18:00:00,2026-09-17 18:00:00,986.0
20260917,180000,30W,42,2026,9,17,18,26.3,140.9,98400.0,2026-09-17 18:00:00,2026-09-17 18:00:00,984.0
20260917,180000,30W,42,2026,9,17,18,26.900000000000002,139.70000000000002,98300.0,2026-09-17 18:00:00,2026-09-17 18:00:00,983.0
20260917,180000,30W,42,2026,9,17,18,27.400000000000002,138.9,97900.0,2026-09-17 18:00:00,2026-09-17 18:00:00,979.0
20260917,180000,30W,42,2026,9,17,18,28.0,138.6,97800.0,2026-09-17 18:00:00,2026-09-17 18:00:00,978.0
20260917,180000,30W,42,2026,9,17,18,29.400000000000002,137.8,97300.0,2026-09-17 18:00:00,2026-09-17 18:00:00,973.0
20260917,180000,30W,42,2026,9,17,18,30.0,138.0,97400.0,2026-09-17 18:00:00,2026-09-17 18:00:00,974.0
20260917,180000,30W,42,2026,9,17,18,30.5,138.3,97400.0,2026-09-17 18:00:00,2026-09-17 18:00:00,974.0
20260917,180000,30W,42,2026,9,17,18,31.6,138.6,97700.0,2026-09-17 18:00:00,2026-09-17 18:00:00,977.0
20260917,180000,30W,42,2026,9,17,18,32.8,139.20000000000002,97700.0,2026-09-17 18:00:00,2026-09-17 18:00:00,977.0
20260917,180000,30W,42,2026,9,17,18,34.5,140.3,98200.0,2026-09-17 18:00:00,2026-09-17 18:00:00,982.0
20260917,180000,30W,42,2026,9,17,18,36.1,142.3,98000.0,2026-09-17 18:00:00,2026-09-17 18:00:00,980.0
20260917,180000,30W,42,2026,9,17,18,37.6,144.8,98100.0,2026-09-17 18:00:00,2026-09-17 18:00:00,981.0
20260917,180000,30W,42,2026,9,17,18,39.0,148.70000000000002,98100.0,2026-09-17 18:00:00,2026-09-17 18:00:00,981.0
20260917,180000,30W,42,2026,9,17,18,40.9,152.70000000000002,98300.0,2026-09-17 18:00:00,2026-09-17 18:00:00,983.0
20260917,180000,30W,42,2026,9,17,18,42.300000000000004,156.0,98500.0,2026-09-17 18:00:00,2026-09-17 18:00:00,985.0
20260917,180000,30W,42,2026,9,17,18,43.0,160.20000000000002,98900.0,2026-09-17 18:00:00,2026-09-17 18:00:00,989.0
20260917,180000,30W,42,2026,9,17,18,45.0,165.3,99000.0,2026-09-17 18:00:00,2026-09-17 18:00:00,990.0
20260917,180000,30W,43,2026,9,17,18,25.2,144.5,98300.0,2026-09-17 18:00:00,2026-09-17 18:00:00,983.0
20260917,180000,30W,43,2026,9,17,18,25.2,143.4,97800.0,2026-09-17 18:00:00,2026-09-17 18:00:00,978.0
20260917,180000,30W,43,2026,9,17,18,25.7,142.3,98000.0,2026-09-17 18:00:00,2026-09-17 18:00:00,980.0
20260917,180000,30W,43,2026,9,17,18,25.7,141.4,97600.0,2026-09-17 18:00:00,2026-09-17 18:00:00,976.0
20260917,180000,30W,43,2026,9,17,18,26.6,140.3,97500.0,2026-09-17 18:00:00,2026-09-17 18:00:00,975.0
20260917,180000,30W,43,2026,9,17,18,27.7,139.20000000000002,97400.0,2026-09-17 18:00:00,2026-09-17 18:00:00,974.0
20260917,180000,30W,43,2026,9,17,18,28.0,138.3,97600.0,2026-09-17 18:00:00,2026-09-17 18:00:00,976.0
20260917,180000,30W,43,2026,9,17,18,28.5,138.0,97300.0,2026-09-17 18:00:00,2026-09-17 18:00:00,973.0
20260917,180000,30W,43,2026,9,17,18,29.400000000000002,137.8,97200.0,2026-09-17 18:00:00,2026-09-17 18:00:00,972.0
20260917,180000,30W,43,2026,9,17,18,30.2,137.5,96700.0,2026-09-17 18:00:00,2026-09-17 18:00:00,967.0
20260917,180000,30W,43,2026,9,17,18,31.1,137.5,97000.0,2026-09-17 18:00:00,2026-09-17 18:00:00,970.0
20260917,180000,30W,43,2026,9,17,18,32.2,137.8,97100.0,2026-09-17 18:00:00,2026-09-17 18:00:00,971.0
20260917,180000,30W,43,2026,9,17,18,33.6,138.3,97600.0,2026-09-17 18:00:00,2026-09-17 18:00:00,976.0
20260917,180000,30W,43,2026,9,17,18,35.300000000000004,139.70000000000002,97900.0,2026-09-17 18:00:00,2026-09-17 18:00:00,979.0
20260917,180000,30W,43,2026,9,17,18,37.0,141.70000000000002,98300.0,2026-09-17 18:00:00,2026-09-17 18:00:00,983.0
20260917,180000,30W,43,2026,9,17,18,38.9,145.0,98500.0,2026-09-17 18:00:00,2026-09-17 18:00:00,985.0
20260917,180000,30W,43,2026,9,17,18,40.9,148.70000000000002,98400.0,2026-09-17 18:00:00,2026-09-17 18:00:00,984.0
20260917,180000,30W,43,2026,9,17,18,41.800000000000004,152.70000000000002,98700.0,2026-09-17 18:00:00,2026-09-17 18:00:00,987.0
20260917,180000,30W,43,2026,9,17,18,43.5,158.0,98900.0,2026-09-17 18:00:00,2026-09-17 18:00:00,989.0
20260917,180000,30W,43,2026,9,17,18,44.0,162.8,98700.0,2026-09-17 18:00:00,2026-09-17 18:00:00,987.0
20260917,180000,30W,44,2026,9,17,18,24.6,144.0,98600.0,2026-09-17 18:00:00,2026-09-17 18:00:00,986.0
20260917,180000,30W,44,2026,9,17,18,24.6,142.8,98500.0,2026-09-17 18:00:00,2026-09-17 18:00:00,985.0
20260917,180000,30W,44,2026,9,17,18,24.6,141.70000000000002,98600.0,2026-09-17 18:00:00,2026-09-17 18:00:00,986.0
20260917,180000,30W,44,2026,9,17,18,25.2,140.9,98300.0,2026-09-17 18:00:00,2026-09-17 18:00:00,983.0
20260917,180000,30W,44,2026,9,17,18,25.2,140.0,98500.0,2026-09-17 18:00:00,2026-09-17 18:00:00,985.0
20260917,180000,30W,44,2026,9,17,18,26.0,139.5,98100.0,2026-09-17 18:00:00,2026-09-17 18:00:00,981.0
20260917,180000,30W,44,2026,9,17,18,26.400000000000002,138.5,98300.0,2026-09-17 18:00:00,2026-09-17 18:00:00,983.0
20260917,180000,30W,44,2026,9,17,18,27.400000000000002,138.1,98200.0,2026-09-17 18:00:00,2026-09-17 18:00:00,982.0
20260917,180000,30W,44,2026,9,17,18,28.0,137.20000000000002,98100.0,2026-09-17 18:00:00,2026-09-17 18:00:00,981.0
20260917,180000,30W,44,2026,9,17,18,28.5,137.20000000000002,97700.0,2026-09-17 18:00:00,2026-09-17 18:00:00,977.0
20260917,180000,30W,44,2026,9,17,18,29.1,136.6,97600.0,2026-09-17 18:00:00,2026-09-17 18:00:00,976.0
20260917,180000,30W,44,2026,9,17,18,30.0,136.6,97400.0,2026-09-17 18:00:00,2026-09-17 18:00:00,974.0
20260917,180000,30W,44,2026,9,17,18,30.8,136.4,96900.0,2026-09-17 18:00:00,2026-09-17 18:00:00,969.0
20260917,180000,30W,44,2026,9,17,18,31.900000000000002,136.9,96800.0,2026-09-17 18:00:00,2026-09-17 18:00:00,968.0
20260917,180000,30W,44,2026,9,17,18,32.8,137.8,97100.0,2026-09-17 18:00:00,2026-09-17 18:00:00,971.0
20260917,180000,30W,44,2026,9,17,18,34.2,139.20000000000002,97700.0,2026-09-17 18:00:00,2026-09-17 18:00:00,977.0
20260917,180000,30W,44,2026,9,17,18,36.1,141.1,97900.0,2026-09-17 18:00:00,2026-09-17 18:00:00,979.0
20260917,180000,30W,44,2026,9,17,18,37.800000000000004,143.70000000000002,97700.0,2026-09-17 18:00:00,2026-09-17 18:00:00,977.0
20260917,180000,30W,44,2026,9,17,18,39.0,147.0,98300.0,2026-09-17 18:00:00,2026-09-17 18:00:00,983.0
20260917,180000,30W,44,2026,9,17,18,40.1,150.4,98400.0,2026-09-17 18:00:00,2026-09-17 18:00:00,984.0
20260917,180000,30W,44,2026,9,17,18,41.800000000000004,155.3,98300.0,2026-09-17 18:00:00,2026-09-17 18:00:00,983.0
20260917,180000,30W,44,2026,9,17,18,44.1,160.9,98600.0,2026-09-17 18:00:00,2026-09-17 18:00:00,986.0
20260917,180000,30W,45,2026,9,17,18,24.900000000000002,144.0,98600.0,2026-09-17 18:00:00,2026-09-17 18:00:00,986.0
20260917,180000,30W,45,2026,9,17,18,25.2,143.0,98400.0,2026-09-17 18:00:00,2026-09-17 18:00:00,984.0
20260917,180000,30W,45,2026,9,17,18,25.7,142.3,98200.0,2026-09-17 18:00:00,2026-09-17 18:00:00,982.0
20260917,180000,30W,45,2026,9,17,18,26.0,140.6,97800.0,2026-09-17 18:00:00,2026-09-17 18:00:00,978.0
20260917,180000,30W,45,2026,9,17,18,26.3,139.5,97600.0,2026-09-17 18:00:00,2026-09-17 18:00:00,976.0
20260917,180000,30W,45,2026,9,17,18,27.1,138.6,97000.0,2026-09-17 18:00:00,2026-09-17 18:00:00,970.0
20260917,180000,30W,45,2026,9,17,18,27.7,138.0,96900.0,2026-09-17 18:00:00,2026-09-17 18:00:00,969.0
20260917,180000,30W,45,2026,9,17,18,28.3,137.20000000000002,97000.0,2026-09-17 18:00:00,2026-09-17 18:00:00,970.0
20260917,180000,30W,45,2026,9,17,18,29.1,136.6,96800.0,2026-09-17 18:00:00,2026-09-17 18:00:00,968.0
20260917,180000,30W,45,2026,9,17,18,29.7,136.6,96800.0,2026-09-17 18:00:00,2026-09-17 18:00:00,968.0
20260917,180000,30W,45,2026,9,17,18,30.8,136.4,97000.0,2026-09-17 18:00:00,2026-09-17 18:00:00,970.0
20260917,180000,30W,45,2026,9,17,18,31.6,136.4,97300.0,2026-09-17 18:00:00,2026-09-17 18:00:00,973.0
20260917,180000,30W,45,2026,9,17,18,32.8,136.9,97400.0,2026-09-17 18:00:00,2026-09-17 18:00:00,974.0
20260917,180000,30W,45,2026,9,17,18,33.9,138.0,97900.0,2026-09-17 18:00:00,2026-09-17 18:00:00,979.0
20260917,180000,30W,45,2026,9,17,18,35.300000000000004,140.3,98400.0,2026-09-17 18:00:00,2026-09-17 18:00:00,984.0
20260917,180000,30W,45,2026,9,17,18,36.7,142.3,98700.0,2026-09-17 18:00:00,2026-09-17 18:00:00,987.0
20260917,180000,30W,45,2026,9,17,18,37.800000000000004,145.1,98900.0,2026-09-17 18:00:00,2026-09-17 18:00:00,989.0
20260917,180000,30W,45,2026,9,17,18,39.0,149.0,98700.0,2026-09-17 18:00:00,2026-09-17 18:00:00,987.0
20260917,180000,30W,45,2026,9,17,18,38.7,151.0,99100.0,2026-09-17 18:00:00,2026-09-17 18:00:00,991.0
20260917,180000,30W,46,2026,9,17,18,26.0,144.5,99000.0,2026-09-17 18:00:00,2026-09-17 18:00:00,990.0
20260917,180000,30W,46,2026,9,17,18,26.0,143.1,98600.0,2026-09-17 18:00:00,2026-09-17 18:00:00,986.0
20260917,180000,30W,46,2026,9,17,18,25.400000000000002,142.3,98600.0,2026-09-17 18:00:00,2026-09-17 18:00:00,986.0
20260917,180000,30W,46,2026,9,17,18,26.0,141.4,98400.0,2026-09-17 18:00:00,2026-09-17 18:00:00,984.0
20260917,180000,30W,46,2026,9,17,18,26.6,139.70000000000002,98400.0,2026-09-17 18:00:00,2026-09-17 18:00:00,984.0
20260917,180000,30W,46,2026,9,17,18,26.900000000000002,139.0,98200.0,2026-09-17 18:00:00,2026-09-17 18:00:00,982.0
20260917,180000,30W,46,2026,9,17,18,27.400000000000002,138.9,98300.0,2026-09-17 18:00:00,2026-09-17 18:00:00,983.0
20260917,180000,30W,46,2026,9,17,18,29.1,138.3,98100.0,2026-09-17 18:00:00,2026-09-17 18:00:00,981.0
20260917,180000,30W,46,2026,9,17,18,29.1,138.0,98200.0,2026-09-17 18:00:00,2026-09-17 18:00:00,982.0
20260917,180000,30W,46,2026,9,17,18,30.0,138.0,97900.0,2026-09-17 18:00:00,2026-09-17 18:00:00,979.0
20260917,180000,30W,46,2026,9,17,18,30.8,138.6,98100.0,2026-09-17 18:00:00,2026-09-17 18:00:00,981.0
20260917,180000,30W,46,2026,9,17,18,31.900000000000002,139.20000000000002,98100.0,2026-09-17 18:00:00,2026-09-17 18:00:00,981.0
20260917,180000,30W,46,2026,9,17,18,33.3,139.70000000000002,98100.0,2026-09-17 18:00:00,2026-09-17 18:00:00,981.0
20260917,180000,30W,46,2026,9,17,18,34.300000000000004,141.8,97900.0,2026-09-17 18:00:00,2026-09-17 18:00:00,979.0
20260917,180000,30W,46,2026,9,17,18,36.1,144.0,97900.0,2026-09-17 18:00:00,2026-09-17 18:00:00,979.0
20260917,180000,30W,46,2026,9,17,18,37.0,146.20000000000002,98100.0,2026-09-17 18:00:00,2026-09-17 18:00:00,981.0
20260917,180000,30W,46,2026,9,17,18,37.800000000000004,149.6,98100.0,2026-09-17 18:00:00,2026-09-17 18:00:00,981.0
20260917,180000,30W,46,2026,9,17,18,38.4,152.70000000000002,98100.0,2026-09-17 18:00:00,2026-09-17 18:00:00,981.0
20260917,180000,30W,46,2026,9,17,18,39.0,155.5,98600.0,2026-09-17 18:00:00,2026-09-17 18:00:00,986.0
20260917,180000,30W,46,2026,9,17,18,39.2,158.9,98800.0,2026-09-17 18:00:00,2026-09-17 18:00:00,988.0
20260917,180000,30W,46,2026,9,17,18,40.7,162.20000000000002,98800.0,2026-09-17 18:00:00,2026-09-17 18:00:00,988.0
20260917,180000,30W,46,2026,9,17,18,41.5,166.20000000000002,99100.0,2026-09-17 18:00:00,2026-09-17 18:00:00,991.0
20260917,180000,30W,46,2026,9,17,18,40.4,169.5,99300.0,2026-09-17 18:00:00,2026-09-17 18:00:00,993.0
20260917,180000,30W,46,2026,9,17,18,40.1,172.6,99300.0,2026-09-17 18:00:00,2026-09-17 18:00:00,993.0
20260917,180000,30W,46,2026,9,17,18,40.4,175.70000000000002,99700.0,2026-09-17 18:00:00,2026-09-17 18:00:00,997.0
20260917,180000,30W,47,2026,9,17,18,26.0,144.0,99500.0,2026-09-17 18:00:00,2026-09-17 18:00:00,995.0
20260917,180000,30W,47,2026,9,17,18,25.7,142.5,99200.0,2026-09-17 18:00:00,2026-09-17 18:00:00,992.0
20260917,180000,30W,47,2026,9,17,18,25.7,141.1,99300.0,2026-09-17 18:00:00,2026-09-17 18:00:00,993.0
20260917,180000,30W,47,2026,9,17,18,26.0,140.0,99000.0,2026-09-17 18:00:00,2026-09-17 18:00:00,990.0
20260917,180000,30W,47,2026,9,17,18,26.900000000000002,138.9,98800.0,2026-09-17 18:00:00,2026-09-17 18:00:00,988.0
20260917,180000,30W,47,2026,9,17,18,27.5,138.4,98300.0,2026-09-17 18:00:00,2026-09-17 18:00:00,983.0
20260917,180000,30W,47,2026,9,17,18,28.0,138.0,98200.0,2026-09-17 18:00:00,2026-09-17 18:00:00,982.0
20260917,180000,30W,47,2026,9,17,18,28.5,137.5,98100.0,2026-09-17 18:00:00,2026-09-17 18:00:00,981.0
20260917,180000,30W,47,2026,9,17,18,29.7,137.20000000000002,98300.0,2026-09-17 18:00:00,2026-09-17 18:00:00,983.0
20260917,180000,30W,47,2026,9,17,18,30.5,137.5,98000.0,2026-09-17 18:00:00,2026-09-17 18:00:00,980.0
20260917,180000,30W,47,2026,9,17,18,31.900000000000002,137.20000000000002,97800.0,2026-09-17 18:00:00,2026-09-17 18:00:00,978.0
20260917,180000,30W,47,2026,9,17,18,33.0,137.5,97500.0,2026-09-17 18:00:00,2026-09-17 18:00:00,975.0
20260917,180000,30W,47,2026,9,17,18,34.2,138.3,97500.0,2026-09-17 18:00:00,2026-09-17 18:00:00,975.0
20260917,180000,30W,47,2026,9,17,18,35.6,140.0,98200.0,2026-09-17 18:00:00,2026-09-17 18:00:00,982.0
20260917,180000,30W,47,2026,9,17,18,37.300000000000004,142.3,98700.0,2026-09-17 18:00:00,2026-09-17 18:00:00,987.0
20260917,180000,30W,47,2026,9,17,18,39.300000000000004,145.3,98700.0,2026-09-17 18:00:00,2026-09-17 18:00:00,987.0
20260917,180000,30W,47,2026,9,17,18,40.9,149.3,98800.0,2026-09-17 18:00:00,2026-09-17 18:00:00,988.0
20260917,180000,30W,47,2026,9,17,18,42.300000000000004,153.0,98900.0,2026-09-17 18:00:00,2026-09-17 18:00:00,989.0
20260917,180000,30W,47,2026,9,17,18,44.0,158.3,99100.0,2026-09-17 18:00:00,2026-09-17 18:00:00,991.0
20260917,180000,30W,48,2026,9,17,18,24.900000000000002,144.8,98500.0,2026-09-17 18:00:00,2026-09-17 18:00:00,985.0
20260917,180000,30W,48,2026,9,17,18,25.400000000000002,143.4,98200.0,2026-09-17 18:00:00,2026-09-17 18:00:00,982.0
20260917,180000,30W,48,2026,9,17,18,26.0,142.0,97900.0,2026-09-17 18:00:00,2026-09-17 18:00:00,979.0
20260917,180000,30W,48,2026,9,17,18,26.3,140.6,97700.0,2026-09-17 18:00:00,2026-09-17 18:00:00,977.0
20260917,180000,30W,48,2026,9,17,18,26.6,139.5,97600.0,2026-09-17 18:00:00,2026-09-17 18:00:00,976.0
20260917,180000,30W,48,2026,9,17,18,26.900000000000002,138.6,97300.0,2026-09-17 18:00:00,2026-09-17 18:00:00,973.0
20260917,180000,30W,48,2026,9,17,18,27.400000000000002,138.3,97600.0,2026-09-17 18:00:00,2026-09-17 18:00:00,976.0
20260917,180000,30W,48,2026,9,17,18,28.0,137.8,97700.0,2026-09-17 18:00:00,2026-09-17 18:00:00,977.0
20260917,180000,30W,48,2026,9,17,18,28.6,137.3,98000.0,2026-09-17 18:00:00,2026-09-17 18:00:00,980.0
20260917,180000,30W,48,2026,9,17,18,29.7,137.5,98000.0,2026-09-17 18:00:00,2026-09-17 18:00:00,980.0
20260917,180000,30W,48,2026,9,17,18,30.5,137.20000000000002,98200.0,2026-09-17 18:00:00,2026-09-17 18:00:00,982.0
20260917,180000,30W,48,2026,9,17,18,31.6,137.20000000000002,98000.0,2026-09-17 18:00:00,2026-09-17 18:00:00,980.0
20260917,180000,30W,48,2026,9,17,18,33.0,137.8,98100.0,2026-09-17 18:00:00,2026-09-17 18:00:00,981.0
20260917,180000,30W,48,2026,9,17,18,34.2,138.6,98100.0,2026-09-17 18:00:00,2026-09-17 18:00:00,981.0
20260917,180000,30W,48,2026,9,17,18,35.6,140.9,99000.0,2026-09-17 18:00:00,2026-09-17 18:00:00,990.0
20260917,180000,30W,48,2026,9,17,18,37.800000000000004,143.70000000000002,98800.0,2026-09-17 18:00:00,2026-09-17 18:00:00,988.0
20260917,180000,30W,48,2026,9,17,18,38.4,145.6,98700.0,2026-09-17 18:00:00,2026-09-17 18:00:00,987.0
20260917,180000,30W,48,2026,9,17,18,39.0,149.3,99300.0,2026-09-17 18:00:00,2026-09-17 18:00:00,993.0
20260917,180000,30W,48,2026,9,17,18,40.4,153.0,99600.0,2026-09-17 18:00:00,2026-09-17 18:00:00,996.0
20260917,180000,30W,49,2026,9,17,18,25.400000000000002,144.20000000000002,98200.0,2026-09-17 18:00:00,2026-09-17 18:00:00,982.0
20260917,180000,30W,49,2026,9,17,18,25.400000000000002,142.8,98100.0,2026-09-17 18:00:00,2026-09-17 18:00:00,981.0
20260917,180000,30W,49,2026,9,17,18,25.400000000000002,141.4,98100.0,2026-09-17 18:00:00,2026-09-17 18:00:00,981.0
20260917,180000,30W,49,2026,9,17,18,25.7,140.6,98000.0,2026-09-17 18:00:00,2026-09-17 18:00:00,980.0
20260917,180000,30W,49,2026,9,17,18,26.3,139.6,98100.0,2026-09-17 18:00:00,2026-09-17 18:00:00,981.0
20260917,180000,30W,49,2026,9,17,18,27.1,138.9,97400.0,2026-09-17 18:00:00,2026-09-17 18:00:00,974.0
20260917,180000,30W,49,2026,9,17,18,27.7,138.3,97700.0,2026-09-17 18:00:00,2026-09-17 18:00:00,977.0
20260917,180000,30W,49,2026,9,17,18,28.5,137.8,97500.0,2026-09-17 18:00:00,2026-09-17 18:00:00,975.0
20260917,180000,30W,49,2026,9,17,18,29.400000000000002,136.9,97500.0,2026-09-17 18:00:00,2026-09-17 18:00:00,975.0
20260917,180000,30W,49,2026,9,17,18,30.0,136.9,97500.0,2026-09-17 18:00:00,2026-09-17 18:00:00,975.0
20260917,180000,30W,49,2026,9,17,18,30.5,136.6,97500.0,2026-09-17 18:00:00,2026-09-17 18:00:00,975.0
20260917,180000,30W,49,2026,9,17,18,31.6,136.9,97300.0,2026-09-17 18:00:00,2026-09-17 18:00:00,973.0
20260917,180000,30W,49,2026,9,17,18,33.0,137.20000000000002,97200.0,2026-09-17 18:00:00,2026-09-17 18:00:00,972.0
20260917,180000,30W,49,2026,9,17,18,34.2,138.3,97400.0,2026-09-17 18:00:00,2026-09-17 18:00:00,974.0
20260917,180000,30W,49,2026,9,17,18,35.9,140.6,97800.0,2026-09-17 18:00:00,2026-09-17 18:00:00,978.0
20260917,180000,30W,49,2026,9,17,18,37.800000000000004,142.8,98200.0,2026-09-17 18:00:00,2026-09-17 18:00:00,982.0
20260917,180000,30W,49,2026,9,17,18,39.800000000000004,145.9,98200.0,2026-09-17 18:00:00,2026-09-17 18:00:00,982.0
20260917,180000,30W,49,2026,9,17,18,41.6,149.8,98000.0,2026-09-17 18:00:00,2026-09-17 18:00:00,980.0
20260917,180000,30W,49,2026,9,17,18,42.5,153.5,98000.0,2026-09-17 18:00:00,2026-09-17 18:00:00,980.0
20260917,180000,30W,49,2026,9,17,18,44.6,157.70000000000002,97500.0,2026-09-17 18:00:00,2026-09-17 18:00:00,975.0
20260917,180000,30W,50,2026,9,17,18,25.7,144.5,98800.0,2026-09-17 18:00:00,2026-09-17 18:00:00,988.0
20260917,180000,30W,50,2026,9,17,18,25.7,143.1,98400.0,2026-09-17 18:00:00,2026-09-17 18:00:00,984.0
20260917,180000,30W,50,2026,9,17,18,26.0,141.70000000000002,98400.0,2026-09-17 18:00:00,2026-09-17 18:00:00,984.0
20260917,180000,30W,50,2026,9,17,18,25.7,140.6,97900.0,2026-09-17 18:00:00,2026-09-17 18:00:00,979.0
20260917,180000,30W,50,2026,9,17,18,26.3,139.70000000000002,97700.0,2026-09-17 18:00:00,2026-09-17 18:00:00,977.0
20260917,180000,30W,50,2026,9,17,18,26.6,138.6,97700.0,2026-09-17 18:00:00,2026-09-17 18:00:00,977.0
20260917,180000,30W,50,2026,9,17,18,27.1,138.0,97600.0,2026-09-17 18:00:00,2026-09-17 18:00:00,976.0
20260917,180000,30W,50,2026,9,17,18,27.7,137.20000000000002,97200.0,2026-09-17 18:00:00,2026-09-17 18:00:00,972.0
20260917,180000,30W,50,2026,9,17,18,28.8,136.9,97500.0,2026-09-17 18:00:00,2026-09-17 18:00:00,975.0
20260917,180000,30W,50,2026,9,17,18,29.1,135.8,97200.0,2026-09-17 18:00:00,2026-09-17 18:00:00,972.0
20260917,180000,30W,50,2026,9,17,18,29.7,136.1,97500.0,2026-09-17 18:00:00,2026-09-17 18:00:00,975.0
20260917,180000,30W,50,2026,9,17,18,30.5,135.8,97400.0,2026-09-17 18:00:00,2026-09-17 18:00:00,974.0
20260917,180000,30W,50,2026,9,17,18,31.6,136.1,97200.0,2026-09-17 18:00:00,2026-09-17 18:00:00,972.0
20260917,180000,30W,50,2026,9,17,18,33.0,136.4,97300.0,2026-09-17 18:00:00,2026-09-17 18:00:00,973.0
20260917,180000,30W,50,2026,9,17,18,33.9,137.5,98300.0,2026-09-17 18:00:00,2026-09-17 18:00:00,983.0
20260917,180000,30W,50,2026,9,17,18,35.4,139.5,98700.0,2026-09-17 18:00:00,2026-09-17 18:00:00,987.0
20260917,180000,30W,50,2026,9,17,18,37.6,142.0,98800.0,2026-09-17 18:00:00,2026-09-17 18:00:00,988.0
20260917,180000,30W,50,2026,9,17,18,39.5,145.1,99000.0,2026-09-17 18:00:00,2026-09-17 18:00:00,990.0
20260917,180000,30W,50,2026,9,17,18,40.4,148.70000000000002,99400.0,2026-09-17 18:00:00,2026-09-17 18:00:00,994.0
20260917,180000,30W,50,2026,9,17,18,41.4,152.6,99500.0,2026-09-17 18:00:00,2026-09-17 18:00:00,995.0
20260917,180000,30W,50,2026,9,17,18,42.6,156.6,99600.0,2026-09-17 18:00:00,2026-09-17 18:00:00,996.0
20260917,180000,30W,51,2026,9,17,18,25.2,144.5,98800.0,2026-09-17 18:00:00,2026-09-17 18:00:00,988.0
20260917,180000,30W,51,2026,9,17,18,25.2,142.5,98500.0,2026-09-17 18:00:00,2026-09-17 18:00:00,985.0
20260917,180000,30W,51,2026,9,17,18,25.400000000000002,142.0,98400.0,2026-09-17 18:00:00,2026-09-17 18:00:00,984.0
20260917,180000,30W,51,2026,9,17,18,26.0,140.6,98200.0,2026-09-17 18:00:00,2026-09-17 18:00:00,982.0
20260917,180000,30W,51,2026,9,17,18,26.3,139.70000000000002,98400.0,2026-09-17 18:00:00,2026-09-17 18:00:00,984.0
20260917,180000,30W,51,2026,9,17,18,27.1,139.20000000000002,98000.0,2026-09-17 18:00:00,2026-09-17 18:00:00,980.0
20260917,180000,30W,51,2026,9,17,18,27.5,138.4,97900.0,2026-09-17 18:00:00,2026-09-17 18:00:00,979.0
20260917,180000,30W,51,2026,9,17,18,28.400000000000002,138.1,97700.0,2026-09-17 18:00:00,2026-09-17 18:00:00,977.0
20260917,180000,30W,51,2026,9,17,18,29.1,138.0,98000.0,2026-09-17 18:00:00,2026-09-17 18:00:00,980.0
20260917,180000,30W,51,2026,9,17,18,30.0,138.3,97800.0,2026-09-17 18:00:00,2026-09-17 18:00:00,978.0
20260917,180000,30W,51,2026,9,17,18,31.1,138.0,98100.0,2026-09-17 18:00:00,2026-09-17 18:00:00,981.0
20260917,180000,30W,51,2026,9,17,18,31.8,138.6,98200.0,2026-09-17 18:00:00,2026-09-17 18:00:00,982.0
20260917,180000,30W,51,2026,9,17,18,33.9,139.5,98300.0,2026-09-17 18:00:00,2026-09-17 18:00:00,983.0
20260917,180000,30W,51,2026,9,17,18,34.7,140.0,97900.0,2026-09-17 18:00:00,2026-09-17 18:00:00,979.0
20260917,180000,30W,51,2026,9,17,18,35.800000000000004,142.5,98400.0,2026-09-17 18:00:00,2026-09-17 18:00:00,984.0
20260917,180000,30W,51,2026,9,17,18,37.6,144.8,98200.0,2026-09-17 18:00:00,2026-09-17 18:00:00,982.0
20260917,180000,30W,51,2026,9,17,18,38.4,147.9,98400.0,2026-09-17 18:00:00,2026-09-17 18:00:00,984.0
20260917,180000,30W,51,2026,9,17,18,39.2,151.3,98600.0,2026-09-17 18:00:00,2026-09-17 18:00:00,986.0
20260917,180000,30W,51,2026,9,17,18,40.4,154.1,99000.0,2026-09-17 18:00:00,2026-09-17 18:00:00,990.0
20260917,180000,30W,52,2026,9,17,18,25.400000000000002,144.20000000000002,98900.0,2026-09-17 18:00:00,2026-09-17 18:00:00,989.0
20260917,180000,30W,52,2026,9,17,18,25.2,143.1,98600.0,2026-09-17 18:00:00,2026-09-17 18:00:00,986.0
20260917,180000,30W,52,2026,9,17,18,25.400000000000002,142.0,98400.0,2026-09-17 18:00:00,2026-09-17 18:00:00,984.0
20260917,180000,30W,52,2026,9,17,18,26.0,140.9,98200.0,2026-09-17 18:00:00,2026-09-17 18:00:00,982.0
20260917,180000,30W,52,2026,9,17,18,26.3,140.0,98200.0,2026-09-17 18:00:00,2026-09-17 18:00:00,982.0
20260917,180000,30W,52,2026,9,17,18,27.1,139.20000000000002,97900.0,2026-09-17 18:00:00,2026-09-17 18:00:00,979.0
20260917,180000,30W,52,2026,9,17,18,27.5,138.4,97900.0,2026-09-17 18:00:00,2026-09-17 18:00:00,979.0
20260917,180000,30W,52,2026,9,17,18,28.3,138.0,97800.0,2026-09-17 18:00:00,2026-09-17 18:00:00,978.0
20260917,180000,30W,52,2026,9,17,18,29.400000000000002,137.8,98000.0,2026-09-17 18:00:00,2026-09-17 18:00:00,980.0
20260917,180000,30W,52,2026,9,17,18,30.5,137.8,97900.0,2026-09-17 18:00:00,2026-09-17 18:00:00,979.0
20260917,180000,30W,52,2026,9,17,18,31.400000000000002,137.8,98100.0,2026-09-17 18:00:00,2026-09-17 18:00:00,981.0
20260917,180000,30W,52,2026,9,17,18,32.5,138.3,98000.0,2026-09-17 18:00:00,2026-09-17 18:00:00,980.0
20260917,180000,30W,52,2026,9,17,18,33.9,139.20000000000002,98100.0,2026-09-17 18:00:00,2026-09-17 18:00:00,981.0
20260917,180000,30W,52,2026,9,17,18,35.6,140.9,98300.0,2026-09-17 18:00:00,2026-09-17 18:00:00,983.0
20260917,180000,30W,52,2026,9,17,18,37.300000000000004,143.1,98400.0,2026-09-17 18:00:00,2026-09-17 18:00:00,984.0
20260917,180000,30W,52,2026,9,17,18,38.7,145.9,98400.0,2026-09-17 18:00:00,2026-09-17 18:00:00,984.0
20260917,180000,30W,52,2026,9,17,18,40.4,149.6,98600.0,2026-09-17 18:00:00,2026-09-17 18:00:00,986.0
20260917,180000,30W,52,2026,9,17,18,41.5,153.0,98600.0,2026-09-17 18:00:00,2026-09-17 18:00:00,986.0
20260917,180000,30W,52,2026,9,17,18,42.9,157.5,98800.0,2026-09-17 18:00:00,2026-09-17 18:00:00,988.0
20260917,180000,70W,1,2026,9,17,18,25.2,145.1,98600.0,2026-09-17 18:00:00,2026-09-17 18:00:00,986.0
20260917,180000,70W,1,2026,9,17,18,25.400000000000002,143.70000000000002,98400.0,2026-09-17 18:00:00,2026-09-17 18:00:00,984.0
20260917,180000,70W,1,2026,9,17,18,26.0,142.8,98400.0,2026-09-17 18:00:00,2026-09-17 18:00:00,984.0
20260917,180000,70W,1,2026,9,17,18,26.6,141.1,98100.0,2026-09-17 18:00:00,2026-09-17 18:00:00,981.0
20260917,180000,70W,1,2026,9,17,18,26.900000000000002,140.3,98100.0,2026-09-17 18:00:00,2026-09-17 18:00:00,981.0
20260917,180000,70W,1,2026,9,17,18,27.7,139.5,97800.0,2026-09-17 18:00:00,2026-09-17 18:00:00,978.0
20260917,180000,70W,1,2026,9,17,18,28.0,138.9,98100.0,2026-09-17 18:00:00,2026-09-17 18:00:00,981.0
20260917,180000,70W,1,2026,9,17,18,28.8,138.9,98000.0,2026-09-17 18:00:00,2026-09-17 18:00:00,980.0
20260917,180000,70W,1,2026,9,17,18,30.2,138.3,97800.0,2026-09-17 18:00:00,2026-09-17 18:00:00,978.0
20260917,180000,70W,1,2026,9,17,18,31.1,138.6,97400.0,2026-09-17 18:00:00,2026-09-17 18:00:00,974.0
20260917,180000,70W,1,2026,9,17,18,32.2,138.6,97700.0,2026-09-17 18:00:00,2026-09-17 18:00:00,977.0
20260917,180000,70W,1,2026,9,17,18,33.6,139.70000000000002,97700.0,2026-09-17 18:00:00,2026-09-17 18:00:00,977.0
20260917,180000,70W,1,2026,9,17,18,35.0,140.6,98000.0,2026-09-17 18:00:00,2026-09-17 18:00:00,980.0
20260917,180000,70W,1,2026,9,17,18,36.4,142.8,98000.0,2026-09-17 18:00:00,2026-09-17 18:00:00,980.0
20260917,180000,70W,1,2026,9,17,18,37.800000000000004,145.6,98500.0,2026-09-17 18:00:00,2026-09-17 18:00:00,985.0
20260917,180000,70W,1,2026,9,17,18,39.800000000000004,149.0,98600.0,2026-09-17 18:00:00,2026-09-17 18:00:00,986.0
20260917,180000,70W,1,2026,9,17,18,41.5,151.5,98800.0,2026-09-17 18:00:00,2026-09-17 18:00:00,988.0
20260917,180000,70W,1,2026,9,17,18,43.0,155.5,99100.0,2026-09-17 18:00:00,2026-09-17 18:00:00,991.0
20260917,180000,70W,2,2026,9,17,18,24.3,145.1,98200.0,2026-09-17 18:00:00,2026-09-17 18:00:00,982.0
20260917,180000,70W,2,2026,9,17,18,26.0,143.70000000000002,97900.0,2026-09-17 18:00:00,2026-09-17 18:00:00,979.0
20260917,180000,70W,2,2026,9,17,18,25.7,142.5,97600.0,2026-09-17 18:00:00,2026-09-17 18:00:00,976.0
20260917,180000,70W,2,2026,9,17,18,26.3,141.4,97000.0,2026-09-17 18:00:00,2026-09-17 18:00:00,970.0
20260917,180000,70W,2,2026,9,17,18,26.6,140.6,97700.0,2026-09-17 18:00:00,2026-09-17 18:00:00,977.0
20260917,180000,70W,2,2026,9,17,18,27.400000000000002,140.0,97700.0,2026-09-17 18:00:00,2026-09-17 18:00:00,977.0
20260917,180000,70W,2,2026,9,17,18,28.0,139.5,98100.0,2026-09-17 18:00:00,2026-09-17 18:00:00,981.0
20260917,180000,70W,2,2026,9,17,18,28.5,139.20000000000002,97900.0,2026-09-17 18:00:00,2026-09-17 18:00:00,979.0
20260917,180000,70W,2,2026,9,17,18,29.1,138.9,97800.0,2026-09-17 18:00:00,2026-09-17 18:00:00,978.0
20260917,180000,70W,2,2026,9,17,18,30.2,139.20000000000002,97800.0,2026-09-17 18:00:00,2026-09-17 18:00:00,978.0
20260917,180000,70W,2,2026,9,17,18,31.1,139.5,97700.0,2026-09-17 18:00:00,2026-09-17 18:00:00,977.0
20260917,180000,70W,2,2026,9,17,18,32.2,139.70000000000002,97400.0,2026-09-17 18:00:00,2026-09-17 18:00:00,974.0
20260917,180000,70W,2,2026,9,17,18,32.8,140.6,97700.0,2026-09-17 18:00:00,2026-09-17 18:00:00,977.0
20260917,180000,70W,2,2026,9,17,18,33.9,141.70000000000002,97600.0,2026-09-17 18:00:00,2026-09-17 18:00:00,976.0
20260917,180000,70W,2,2026,9,17,18,34.5,143.4,98000.0,2026-09-17 18:00:00,2026-09-17 18:00:00,980.0
20260917,180000,70W,2,2026,9,17,18,35.6,145.4,98000.0,2026-09-17 18:00:00,2026-09-17 18:00:00,980.0
20260917,180000,70W,2,2026,9,17,18,37.0,147.9,98200.0,2026-09-17 18:00:00,2026-09-17 18:00:00,982.0
20260917,180000,70W,2,2026,9,17,18,37.800000000000004,151.0,98000.0,2026-09-17 18:00:00,2026-09-17 18:00:00,980.0
20260917,180000,70W,2,2026,9,17,18,38.4,153.20000000000002,97900.0,2026-09-17 18:00:00,2026-09-17 18:00:00,979.0
20260917,180000,70W,2,2026,9,17,18,39.0,156.3,98500.0,2026-09-17 18:00:00,2026-09-17 18:00:00,985.0
20260917,180000,70W,2,2026,9,17,18,40.7,159.1,98700.0,2026-09-17 18:00:00,2026-09-17 18:00:00,987.0
20260917,180000,70W,2,2026,9,17,18,41.2,162.20000000000002,98900.0,2026-09-17 18:00:00,2026-09-17 18:00:00,989.0
20260917,180000,70W,2,2026,9,17,18,43.0,166.5,99000.0,2026-09-17 18:00:00,2026-09-17 18:00:00,990.0
20260917,180000,70W,3,2026,9,17,18,25.400000000000002,144.20000000000002,98100.0,2026-09-17 18:00:00,2026-09-17 18:00:00,981.0
20260917,180000,70W,3,2026,9,17,18,25.2,143.4,97900.0,2026-09-17 18:00:00,2026-09-17 18:00:00,979.0
20260917,180000,70W,3,2026,9,17,18,25.400000000000002,142.0,98300.0,2026-09-17 18:00:00,2026-09-17 18:00:00,983.0
20260917,180000,70W,3,2026,9,17,18,26.0,141.1,98000.0,2026-09-17 18:00:00,2026-09-17 18:00:00,980.0
20260917,180000,70W,3,2026,9,17,18,26.0,139.70000000000002,98300.0,2026-09-17 18:00:00,2026-09-17 18:00:00,983.0
20260917,180000,70W,3,2026,9,17,18,26.6,138.6,98000.0,2026-09-17 18:00:00,2026-09-17 18:00:00,980.0
20260917,180000,70W,3,2026,9,17,18,26.6,138.3,98000.0,2026-09-17 18:00:00,2026-09-17 18:00:00,980.0
20260917,180000,70W,3,2026,9,17,18,27.400000000000002,138.0,97800.0,2026-09-17 18:00:00,2026-09-17 18:00:00,978.0
20260917,180000,70W,3,2026,9,17,18,28.0,137.8,97500.0,2026-09-17 18:00:00,2026-09-17 18:00:00,975.0
20260917,180000,70W,3,2026,9,17,18,28.5,137.5,97500.0,2026-09-17 18:00:00,2026-09-17 18:00:00,975.0
20260917,180000,70W,3,2026,9,17,18,29.400000000000002,136.9,97800.0,2026-09-17 18:00:00,2026-09-17 18:00:00,978.0
20260917,180000,70W,3,2026,9,17,18,30.2,136.6,97600.0,2026-09-17 18:00:00,2026-09-17 18:00:00,976.0
20260917,180000,70W,3,2026,9,17,18,30.900000000000002,136.9,97800.0,2026-09-17 18:00:00,2026-09-17 18:00:00,978.0
20260917,180000,70W,3,2026,9,17,18,32.5,137.5,97600.0,2026-09-17 18:00:00,2026-09-17 18:00:00,976.0
20260917,180000,70W,3,2026,9,17,18,33.6,138.3,97800.0,2026-09-17 18:00:00,2026-09-17 18:00:00,978.0
20260917,180000,70W,3,2026,9,17,18,35.0,139.70000000000002,98100.0,2026-09-17 18:00:00,2026-09-17 18:00:00,981.0
20260917,180000,70W,3,2026,9,17,18,37.0,142.0,98600.0,2026-09-17 18:00:00,2026-09-17 18:00:00,986.0
20260917,180000,70W,3,2026,9,17,18,38.7,145.1,98600.0,2026-09-17 18:00:00,2026-09-17 18:00:00,986.0
20260917,180000,70W,3,2026,9,17,18,40.7,148.70000000000002,98800.0,2026-09-17 18:00:00,2026-09-17 18:00:00,988.0
20260917,180000,70W,3,2026,9,17,18,42.6,153.5,98700.0,2026-09-17 18:00:00,2026-09-17 18:00:00,987.0
20260917,180000,70W,3,2026,9,17,18,43.800000000000004,157.5,98400.0,2026-09-17 18:00:00,2026-09-17 18:00:00,984.0
20260917,180000,70W,4,2026,9,17,18,25.400000000000002,144.5,98700.0,2026-09-17 18:00:00,2026-09-17 18:00:00,987.0
20260917,180000,70W,4,2026,9,17,18,25.7,143.1,98200.0,2026-09-17 18:00:00,2026-09-17 18:00:00,982.0
20260917,180000,70W,4,2026,9,17,18,25.7,142.0,98000.0,2026-09-17 18:00:00,2026-09-17 18:00:00,980.0
20260917,180000,70W,4,2026,9,17,18,25.7,140.9,97900.0,2026-09-17 18:00:00,2026-09-17 18:00:00,979.0
20260917,180000,70W,4,2026,9,17,18,26.0,140.0,97900.0,2026-09-17 18:00:00,2026-09-17 18:00:00,979.0
20260917,180000,70W,4,2026,9,17,18,26.6,139.5,97600.0,2026-09-17 18:00:00,2026-09-17 18:00:00,976.0
20260917,180000,70W,4,2026,9,17,18,27.1,139.20000000000002,97800.0,2026-09-17 18:00:00,2026-09-17 18:00:00,978.0
20260917,180000,70W,4,2026,9,17,18,28.0,138.6,97700.0,2026-09-17 18:00:00,2026-09-17 18:00:00,977.0
20260917,180000,70W,4,2026,9,17,18,28.5,138.6,98000.0,2026-09-17 18:00:00,2026-09-17 18:00:00,980.0
20260917,180000,70W,4,2026,9,17,18,29.7,138.6,97900.0,2026-09-17 18:00:00,2026-09-17 18:00:00,979.0
20260917,180000,70W,4,2026,9,17,18,30.8,138.6,98100.0,2026-09-17 18:00:00,2026-09-17 18:00:00,981.0
20260917,180000,70W,4,2026,9,17,18,32.2,138.9,98000.0,2026-09-17 18:00:00,2026-09-17 18:00:00,980.0
20260917,180000,70W,4,2026,9,17,18,32.8,139.5,98000.0,2026-09-17 18:00:00,2026-09-17 18:00:00,980.0
20260917,180000,70W,4,2026,9,17,18,34.5,141.1,98200.0,2026-09-17 18:00:00,2026-09-17 18:00:00,982.0
20260917,180000,70W,4,2026,9,17,18,36.1,142.5,98200.0,2026-09-17 18:00:00,2026-09-17 18:00:00,982.0
20260917,180000,70W,4,2026,9,17,18,36.5,145.1,98500.0,2026-09-17 18:00:00,2026-09-17 18:00:00,985.0
20260917,180000,70W,4,2026,9,17,18,38.1,148.5,98600.0,2026-09-17 18:00:00,2026-09-17 18:00:00,986.0
20260917,180000,70W,4,2026,9,17,18,39.800000000000004,151.3,98600.0,2026-09-17 18:00:00,2026-09-17 18:00:00,986.0
20260917,180000,70W,4,2026,9,17,18,40.6,154.20000000000002,98900.0,2026-09-17 18:00:00,2026-09-17 18:00:00,989.0
20260917,180000,70W,4,2026,9,17,18,42.300000000000004,157.70000000000002,99100.0,2026-09-17 18:00:00,2026-09-17 18:00:00,991.0
20260917,180000,70W,4,2026,9,17,18,43.9,162.20000000000002,99200.0,2026-09-17 18:00:00,2026-09-17 18:00:00,992.0
20260917,180000,70W,5,2026,9,17,18,24.900000000000002,143.70000000000002,98200.0,2026-09-17 18:00:00,2026-09-17 18:00:00,982.0
20260917,180000,70W,5,2026,9,17,18,24.900000000000002,142.5,97900.0,2026-09-17 18:00:00,2026-09-17 18:00:00,979.0
20260917,180000,70W,5,2026,9,17,18,25.2,140.9,98100.0,2026-09-17 18:00:00,2026-09-17 18:00:00,981.0
20260917,180000,70W,5,2026,9,17,18,25.7,140.0,97800.0,2026-09-17 18:00:00,2026-09-17 18:00:00,978.0
20260917,180000,70W,5,2026,9,17,18,25.7,138.3,97600.0,2026-09-17 18:00:00,2026-09-17 18:00:00,976.0
20260917,180000,70W,5,2026,9,17,18,26.0,137.5,97200.0,2026-09-17 18:00:00,2026-09-17 18:00:00,972.0
20260917,180000,70W,5,2026,9,17,18,26.6,136.6,97100.0,2026-09-17 18:00:00,2026-09-17 18:00:00,971.0
20260917,180000,70W,5,2026,9,17,18,26.900000000000002,135.8,96700.0,2026-09-17 18:00:00,2026-09-17 18:00:00,967.0
20260917,180000,70W,5,2026,9,17,18,26.900000000000002,135.2,96800.0,2026-09-17 18:00:00,2026-09-17 18:00:00,968.0
20260917,180000,70W,5,2026,9,17,18,27.7,134.7,97000.0,2026-09-17 18:00:00,2026-09-17 18:00:00,970.0
20260917,180000,70W,5,2026,9,17,18,28.0,134.1,97400.0,2026-09-17 18:00:00,2026-09-17 18:00:00,974.0
20260917,180000,70W,5,2026,9,17,18,28.8,133.5,97700.0,2026-09-17 18:00:00,2026-09-17 18:00:00,977.0
20260917,180000,70W,5,2026,9,17,18,29.400000000000002,132.7,97500.0,2026-09-17 18:00:00,2026-09-17 18:00:00,975.0
20260917,180000,70W,5,2026,9,17,18,30.8,132.7,97600.0,2026-09-17 18:00:00,2026-09-17 18:00:00,976.0
20260917,180000,70W,5,2026,9,17,18,31.6,132.4,97600.0,2026-09-17 18:00:00,2026-09-17 18:00:00,976.0
20260917,180000,70W,5,2026,9,17,18,33.0,133.0,98000.0,2026-09-17 18:00:00,2026-09-17 18:00:00,980.0
20260917,180000,70W,5,2026,9,17,18,34.5,134.7,98800.0,2026-09-17 18:00:00,2026-09-17 18:00:00,988.0
20260917,180000,70W,5,2026,9,17,18,35.300000000000004,136.6,99400.0,2026-09-17 18:00:00,2026-09-17 18:00:00,994.0
20260917,180000,70W,5,2026,9,17,18,36.1,141.1,100300.0,2026-09-17 18:00:00,2026-09-17 18:00:00,1003.0
20260917,180000,70W,5,2026,9,17,18,38.7,147.6,99800.0,2026-09-17 18:00:00,2026-09-17 18:00:00,998.0
20260917,180000,70W,5,2026,9,17,18,39.2,156.9,99900.0,2026-09-17 18:00:00,2026-09-17 18:00:00,999.0
20260917,180000,70W,6,2026,9,17,18,25.7,144.20000000000002,97700.0,2026-09-17 18:00:00,2026-09-17 18:00:00,977.0
20260917,180000,70W,6,2026,9,17,18,26.0,142.8,97700.0,2026-09-17 18:00:00,2026-09-17 18:00:00,977.0
20260917,180000,70W,6,2026,9,17,18,26.3,141.70000000000002,97600.0,2026-09-17 18:00:00,2026-09-17 18:00:00,976.0
20260917,180000,70W,6,2026,9,17,18,26.900000000000002,140.6,97500.0,2026-09-17 18:00:00,2026-09-17 18:00:00,975.0
20260917,180000,70W,6,2026,9,17,18,27.400000000000002,139.5,97400.0,2026-09-17 18:00:00,2026-09-17 18:00:00,974.0
20260917,180000,70W,6,2026,9,17,18,28.3,138.9,97500.0,2026-09-17 18:00:00,2026-09-17 18:00:00,975.0
20260917,180000,70W,6,2026,9,17,18,28.8,138.3,97400.0,2026-09-17 18:00:00,2026-09-17 18:00:00,974.0
20260917,180000,70W,6,2026,9,17,18,29.7,137.8,97400.0,2026-09-17 18:00:00,2026-09-17 18:00:00,974.0
20260917,180000,70W,6,2026,9,17,18,30.0,137.8,97500.0,2026-09-17 18:00:00,2026-09-17 18:00:00,975.0
20260917,180000,70W,6,2026,9,17,18,31.1,138.0,97500.0,2026-09-17 18:00:00,2026-09-17 18:00:00,975.0
20260917,180000,70W,6,2026,9,17,18,31.900000000000002,137.8,97500.0,2026-09-17 18:00:00,2026-09-17 18:00:00,975.0
20260917,180000,70W,6,2026,9,17,18,32.5,138.6,97200.0,2026-09-17 18:00:00,2026-09-17 18:00:00,972.0
20260917,180000,70W,6,2026,9,17,18,33.6,139.5,97700.0,2026-09-17 18:00:00,2026-09-17 18:00:00,977.0
20260917,180000,70W,6,2026,9,17,18,34.7,140.9,98000.0,2026-09-17 18:00:00,2026-09-17 18:00:00,980.0
20260917,180000,70W,6,2026,9,17,18,35.9,142.8,98100.0,2026-09-17 18:00:00,2026-09-17 18:00:00,981.0
20260917,180000,70W,6,2026,9,17,18,37.300000000000004,145.4,98200.0,2026-09-17 18:00:00,2026-09-17 18:00:00,982.0
20260917,180000,70W,6,2026,9,17,18,37.6,148.3,98500.0,2026-09-17 18:00:00,2026-09-17 18:00:00,985.0
20260917,180000,70W,6,2026,9,17,18,38.4,151.3,98500.0,2026-09-17 18:00:00,2026-09-17 18:00:00,985.0
20260917,180000,70W,6,2026,9,17,18,39.0,154.6,98800.0,2026-09-17 18:00:00,2026-09-17 18:00:00,988.0
20260917,180000,70W,6,2026,9,17,18,39.2,157.20000000000002,99100.0,2026-09-17 18:00:00,2026-09-17 18:00:00,991.0
20260917,180000,70W,6,2026,9,17,18,39.800000000000004,160.5,99200.0,2026-09-17 18:00:00,2026-09-17 18:00:00,992.0
20260917,180000,70W,6,2026,9,17,18,39.4,164.3,99300.0,2026-09-17 18:00:00,2026-09-17 18:00:00,993.0
20260917,180000,70W,6,2026,9,17,18,39.800000000000004,167.3,99200.0,2026-09-17 18:00:00,2026-09-17 18:00:00,992.0
20260917,180000,70W,6,2026,9,17,18,40.4,171.0,98800.0,2026-09-17 18:00:00,2026-09-17 18:00:00,988.0
20260917,180000,70W,6,2026,9,17,18,39.5,174.0,98800.0,2026-09-17 18:00:00,2026-09-17 18:00:00,988.0
20260917,180000,70W,6,2026,9,17,18,38.4,176.6,99000.0,2026-09-17 18:00:00,2026-09-17 18:00:00,990.0
20260917,180000,70W,6,2026,9,17,18,37.800000000000004,179.4,99300.0,2026-09-17 18:00:00,2026-09-17 18:00:00,993.0
20260917,180000,70W,6,2026,9,17,18,37.0,180.79999999999998,99600.0,2026-09-17 18:00:00,2026-09-17 18:00:00,996.0
20260917,180000,70W,6,2026,9,17,18,36.1,182.79999999999998,100000.0,2026-09-17 18:00:00,2026-09-17 18:00:00,1000.0
20260917,180000,70W,6,2026,9,17,18,35.6,184.2,100200.0,2026-09-17 18:00:00,2026-09-17 18:00:00,1002.0
20260917,180000,70W,6,2026,9,17,18,34.7,185.0,100500.0,2026-09-17 18:00:00,2026-09-17 18:00:00,1005.0
20260917,180000,70W,6,2026,9,17,18,34.1,185.7,100800.0,2026-09-17 18:00:00,2026-09-17 18:00:00,1008.0
20260917,180000,70W,6,2026,9,17,18,32.8,186.4,101000.0,2026-09-17 18:00:00,2026-09-17 18:00:00,1010.0
20260917,180000,70W,6,2026,9,17,18,31.900000000000002,186.1,101200.0,2026-09-17 18:00:00,2026-09-17 18:00:00,1012.0
20260917,180000,70W,7,2026,9,17,18,25.7,143.70000000000002,99300.0,2026-09-17 18:00:00,2026-09-17 18:00:00,993.0
20260917,180000,70W,7,2026,9,17,18,25.400000000000002,143.1,99000.0,2026-09-17 18:00:00,2026-09-17 18:00:00,990.0
20260917,180000,70W,7,2026,9,17,18,26.0,141.6,99000.0,2026-09-17 18:00:00,2026-09-17 18:00:00,990.0
20260917,180000,70W,7,2026,9,17,18,26.3,140.3,98600.0,2026-09-17 18:00:00,2026-09-17 18:00:00,986.0
20260917,180000,70W,7,2026,9,17,18,26.6,139.20000000000002,98500.0,2026-09-17 18:00:00,2026-09-17 18:00:00,985.0
20260917,180000,70W,7,2026,9,17,18,27.1,138.4,98100.0,2026-09-17 18:00:00,2026-09-17 18:00:00,981.0
20260917,180000,70W,7,2026,9,17,18,27.1,137.8,98300.0,2026-09-17 18:00:00,2026-09-17 18:00:00,983.0
20260917,180000,70W,7,2026,9,17,18,28.0,137.20000000000002,98000.0,2026-09-17 18:00:00,2026-09-17 18:00:00,980.0
20260917,180000,70W,7,2026,9,17,18,28.0,136.6,98100.0,2026-09-17 18:00:00,2026-09-17 18:00:00,981.0
20260917,180000,70W,7,2026,9,17,18,28.5,136.2,97700.0,2026-09-17 18:00:00,2026-09-17 18:00:00,977.0
20260917,180000,70W,7,2026,9,17,18,29.1,136.1,97800.0,2026-09-17 18:00:00,2026-09-17 18:00:00,978.0
20260917,180000,70W,7,2026,9,17,18,30.0,135.8,97700.0,2026-09-17 18:00:00,2026-09-17 18:00:00,977.0
20260917,180000,70W,7,2026,9,17,18,30.5,135.8,97700.0,2026-09-17 18:00:00,2026-09-17 18:00:00,977.0
20260917,180000,70W,7,2026,9,17,18,31.8,136.4,97500.0,2026-09-17 18:00:00,2026-09-17 18:00:00,975.0
20260917,180000,70W,7,2026,9,17,18,32.8,137.20000000000002,97400.0,2026-09-17 18:00:00,2026-09-17 18:00:00,974.0
20260917,180000,70W,7,2026,9,17,18,34.2,138.9,97600.0,2026-09-17 18:00:00,2026-09-17 18:00:00,976.0
20260917,180000,70W,7,2026,9,17,18,35.6,141.1,98200.0,2026-09-17 18:00:00,2026-09-17 18:00:00,982.0
20260917,180000,70W,7,2026,9,17,18,37.300000000000004,144.20000000000002,98000.0,2026-09-17 18:00:00,2026-09-17 18:00:00,980.0
20260917,180000,70W,7,2026,9,17,18,38.4,147.0,98100.0,2026-09-17 18:00:00,2026-09-17 18:00:00,981.0
20260917,180000,70W,7,2026,9,17,18,39.800000000000004,151.0,98400.0,2026-09-17 18:00:00,2026-09-17 18:00:00,984.0
20260917,180000,70W,7,2026,9,17,18,41.2,155.5,98500.0,2026-09-17 18:00:00,2026-09-17 18:00:00,985.0
20260917,180000,70W,7,2026,9,17,18,43.5,161.1,98400.0,2026-09-17 18:00:00,2026-09-17 18:00:00,984.0
20260917,180000,70W,8,2026,9,17,18,25.2,144.20000000000002,97300.0,2026-09-17 18:00:00,2026-09-17 18:00:00,973.0
20260917,180000,70W,8,2026,9,17,18,25.400000000000002,143.1,96800.0,2026-09-17 18:00:00,2026-09-17 18:00:00,968.0
20260917,180000,70W,8,2026,9,17,18,25.7,142.0,96800.0,2026-09-17 18:00:00,2026-09-17 18:00:00,968.0
20260917,180000,70W,8,2026,9,17,18,26.3,140.9,96800.0,2026-09-17 18:00:00,2026-09-17 18:00:00,968.0
20260917,180000,70W,8,2026,9,17,18,26.6,139.70000000000002,97000.0,2026-09-17 18:00:00,2026-09-17 18:00:00,970.0
20260917,180000,70W,8,2026,9,17,18,27.1,138.9,96300.0,2026-09-17 18:00:00,2026-09-17 18:00:00,963.0
20260917,180000,70W,8,2026,9,17,18,27.7,138.3,96600.0,2026-09-17 18:00:00,2026-09-17 18:00:00,966.0
20260917,180000,70W,8,2026,9,17,18,28.3,137.8,96400.0,2026-09-17 18:00:00,2026-09-17 18:00:00,964.0
20260917,180000,70W,8,2026,9,17,18,29.400000000000002,137.20000000000002,96700.0,2026-09-17 18:00:00,2026-09-17 18:00:00,967.0
20260917,180000,70W,8,2026,9,17,18,30.0,136.9,96600.0,2026-09-17 18:00:00,2026-09-17 18:00:00,966.0
20260917,180000,70W,8,2026,9,17,18,30.5,136.6,96400.0,2026-09-17 18:00:00,2026-09-17 18:00:00,964.0
20260917,180000,70W,8,2026,9,17,18,31.1,136.9,96900.0,2026-09-17 18:00:00,2026-09-17 18:00:00,969.0
20260917,180000,70W,8,2026,9,17,18,31.6,137.20000000000002,97100.0,2026-09-17 18:00:00,2026-09-17 18:00:00,971.0
20260917,180000,70W,8,2026,9,17,18,32.5,138.0,97400.0,2026-09-17 18:00:00,2026-09-17 18:00:00,974.0
20260917,180000,70W,8,2026,9,17,18,33.3,138.9,97800.0,2026-09-17 18:00:00,2026-09-17 18:00:00,978.0
20260917,180000,70W,8,2026,9,17,18,34.2,140.9,97900.0,2026-09-17 18:00:00,2026-09-17 18:00:00,979.0
20260917,180000,70W,8,2026,9,17,18,35.6,143.1,97800.0,2026-09-17 18:00:00,2026-09-17 18:00:00,978.0
20260917,180000,70W,8,2026,9,17,18,36.4,146.1,98400.0,2026-09-17 18:00:00,2026-09-17 18:00:00,984.0
20260917,180000,70W,8,2026,9,17,18,37.300000000000004,148.70000000000002,98500.0,2026-09-17 18:00:00,2026-09-17 18:00:00,985.0
20260917,180000,70W,8,2026,9,17,18,38.1,151.5,98900.0,2026-09-17 18:00:00,2026-09-17 18:00:00,989.0
20260917,180000,70W,8,2026,9,17,18,37.800000000000004,153.5,99100.0,2026-09-17 18:00:00,2026-09-17 18:00:00,991.0
20260917,180000,70W,8,2026,9,17,18,37.6,156.0,99500.0,2026-09-17 18:00:00,2026-09-17 18:00:00,995.0
20260917,180000,70W,8,2026,9,17,18,38.0,157.4,99800.0,2026-09-17 18:00:00,2026-09-17 18:00:00,998.0
20260917,180000,70W,9,2026,9,17,18,25.400000000000002,144.20000000000002,98200.0,2026-09-17 18:00:00,2026-09-17 18:00:00,982.0
20260917,180000,70W,9,2026,9,17,18,25.7,142.8,98100.0,2026-09-17 18:00:00,2026-09-17 18:00:00,981.0
20260917,180000,70W,9,2026,9,17,18,26.0,141.70000000000002,98000.0,2026-09-17 18:00:00,2026-09-17 18:00:00,980.0
20260917,180000,70W,9,2026,9,17,18,26.0,140.3,97600.0,2026-09-17 18:00:00,2026-09-17 18:00:00,976.0
20260917,180000,70W,9,2026,9,17,18,26.6,140.0,97800.0,2026-09-17 18:00:00,2026-09-17 18:00:00,978.0
20260917,180000,70W,9,2026,9,17,18,27.400000000000002,139.20000000000002,97600.0,2026-09-17 18:00:00,2026-09-17 18:00:00,976.0
20260917,180000,70W,9,2026,9,17,18,28.3,138.6,97700.0,2026-09-17 18:00:00,2026-09-17 18:00:00,977.0
20260917,180000,70W,9,2026,9,17,18,29.7,137.8,97500.0,2026-09-17 18:00:00,2026-09-17 18:00:00,975.0
20260917,180000,70W,9,2026,9,17,18,30.0,137.8,97300.0,2026-09-17 18:00:00,2026-09-17 18:00:00,973.0
20260917,180000,70W,9,2026,9,17,18,31.1,138.0,97500.0,2026-09-17 18:00:00,2026-09-17 18:00:00,975.0
20260917,180000,70W,9,2026,9,17,18,32.2,138.3,97600.0,2026-09-17 18:00:00,2026-09-17 18:00:00,976.0
20260917,180000,70W,9,2026,9,17,18,33.3,139.20000000000002,97800.0,2026-09-17 18:00:00,2026-09-17 18:00:00,978.0
20260917,180000,70W,9,2026,9,17,18,34.7,140.3,98100.0,2026-09-17 18:00:00,2026-09-17 18:00:00,981.0
20260917,180000,70W,9,2026,9,17,18,36.4,142.0,98100.0,2026-09-17 18:00:00,2026-09-17 18:00:00,981.0
20260917,180000,70W,9,2026,9,17,18,37.5,145.0,98700.0,2026-09-17 18:00:00,2026-09-17 18:00:00,987.0
20260917,180000,70W,9,2026,9,17,18,39.5,147.9,98700.0,2026-09-17 18:00:00,2026-09-17 18:00:00,987.0
20260917,180000,70W,9,2026,9,17,18,40.1,151.0,98900.0,2026-09-17 18:00:00,2026-09-17 18:00:00,989.0
20260917,180000,70W,9,2026,9,17,18,41.2,154.4,99100.0,2026-09-17 18:00:00,2026-09-17 18:00:00,991.0
20260917,180000,70W,9,2026,9,17,18,41.5,157.70000000000002,99400.0,2026-09-17 18:00:00,2026-09-17 18:00:00,994.0
20260917,180000,70W,10,2026,9,17,18,25.7,145.6,98700.0,2026-09-17 18:00:00,2026-09-17 18:00:00,987.0
20260917,180000,70W,10,2026,9,17,18,26.3,142.5,99100.0,2026-09-17 18:00:00,2026-09-17 18:00:00,991.0
20260917,180000,70W,10,2026,9,17,18,25.400000000000002,142.0,99200.0,2026-09-17 18:00:00,2026-09-17 18:00:00,992.0
20260917,180000,70W,10,2026,9,17,18,26.6,140.9,98900.0,2026-09-17 18:00:00,2026-09-17 18:00:00,989.0
20260917,180000,70W,10,2026,9,17,18,26.3,139.70000000000002,98800.0,2026-09-17 18:00:00,2026-09-17 18:00:00,988.0
20260917,180000,70W,10,2026,9,17,18,26.900000000000002,139.5,98700.0,2026-09-17 18:00:00,2026-09-17 18:00:00,987.0
20260917,180000,70W,10,2026,9,17,18,27.400000000000002,138.6,99000.0,2026-09-17 18:00:00,2026-09-17 18:00:00,990.0
20260917,180000,70W,10,2026,9,17,18,28.0,137.8,98500.0,2026-09-17 18:00:00,2026-09-17 18:00:00,985.0
20260917,180000,70W,10,2026,9,17,18,28.5,137.8,98700.0,2026-09-17 18:00:00,2026-09-17 18:00:00,987.0
20260917,180000,70W,10,2026,9,17,18,29.400000000000002,137.5,98300.0,2026-09-17 18:00:00,2026-09-17 18:00:00,983.0
20260917,180000,70W,10,2026,9,17,18,30.2,137.5,98300.0,2026-09-17 18:00:00,2026-09-17 18:00:00,983.0
20260917,180000,70W,10,2026,9,17,18,31.1,137.20000000000002,98100.0,2026-09-17 18:00:00,2026-09-17 18:00:00,981.0
20260917,180000,70W,10,2026,9,17,18,31.900000000000002,137.20000000000002,97800.0,2026-09-17 18:00:00,2026-09-17 18:00:00,978.0
20260917,180000,70W,10,2026,9,17,18,33.0,138.0,98200.0,2026-09-17 18:00:00,2026-09-17 18:00:00,982.0
20260917,180000,70W,10,2026,9,17,18,34.2,139.20000000000002,98300.0,2026-09-17 18:00:00,2026-09-17 18:00:00,983.0
20260917,180000,70W,10,2026,9,17,18,36.1,140.9,98400.0,2026-09-17 18:00:00,2026-09-17 18:00:00,984.0
20260917,180000,70W,10,2026,9,17,18,38.1,142.8,98600.0,2026-09-17 18:00:00,2026-09-17 18:00:00,986.0
20260917,180000,70W,10,2026,9,17,18,39.800000000000004,145.9,98700.0,2026-09-17 18:00:00,2026-09-17 18:00:00,987.0
20260917,180000,70W,10,2026,9,17,18,41.800000000000004,149.3,98800.0,2026-09-17 18:00:00,2026-09-17 18:00:00,988.0
20260917,180000,70W,10,2026,9,17,18,43.800000000000004,153.8,98500.0,2026-09-17 18:00:00,2026-09-17 18:00:00,985.0
20260917,180000,70W,10,2026,9,17,18,45.7,158.6,98200.0,2026-09-17 18:00:00,2026-09-17 18:00:00,982.0
20260917,180000,70W,10,2026,9,17,18,48.0,163.6,97600.0,2026-09-17 18:00:00,2026-09-17 18:00:00,976.0
20260917,180000,70W,10,2026,9,17,18,51.4,170.6,95600.0,2026-09-17 18:00:00,2026-09-17 18:00:00,956.0
20260917,180000,70W,11,2026,9,17,18,26.0,144.5,97800.0,2026-09-17 18:00:00,2026-09-17 18:00:00,978.0
20260917,180000,70W,11,2026,9,17,18,25.7,143.70000000000002,97800.0,2026-09-17 18:00:00,2026-09-17 18:00:00,978.0
20260917,180000,70W,11,2026,9,17,18,26.6,142.8,97700.0,2026-09-17 18:00:00,2026-09-17 18:00:00,977.0
20260917,180000,70W,11,2026,9,17,18,27.7,142.0,97300.0,2026-09-17 18:00:00,2026-09-17 18:00:00,973.0
20260917,180000,70W,11,2026,9,17,18,28.3,140.9,97200.0,2026-09-17 18:00:00,2026-09-17 18:00:00,972.0
20260917,180000,70W,11,2026,9,17,18,29.1,140.3,96500.0,2026-09-17 18:00:00,2026-09-17 18:00:00,965.0
20260917,180000,70W,11,2026,9,17,18,30.0,140.0,96300.0,2026-09-17 18:00:00,2026-09-17 18:00:00,963.0
20260917,180000,70W,11,2026,9,17,18,30.8,139.70000000000002,96200.0,2026-09-17 18:00:00,2026-09-17 18:00:00,962.0
20260917,180000,70W,11,2026,9,17,18,32.2,140.0,96900.0,2026-09-17 18:00:00,2026-09-17 18:00:00,969.0
20260917,180000,70W,11,2026,9,17,18,33.6,140.9,97000.0,2026-09-17 18:00:00,2026-09-17 18:00:00,970.0
20260917,180000,70W,11,2026,9,17,18,35.6,142.0,97100.0,2026-09-17 18:00:00,2026-09-17 18:00:00,971.0
20260917,180000,70W,11,2026,9,17,18,37.300000000000004,143.1,96800.0,2026-09-17 18:00:00,2026-09-17 18:00:00,968.0
20260917,180000,70W,11,2026,9,17,18,39.2,145.4,96900.0,2026-09-17 18:00:00,2026-09-17 18:00:00,969.0
20260917,180000,70W,11,2026,9,17,18,42.1,147.9,97100.0,2026-09-17 18:00:00,2026-09-17 18:00:00,971.0
20260917,180000,70W,11,2026,9,17,18,45.2,150.1,97400.0,2026-09-17 18:00:00,2026-09-17 18:00:00,974.0
20260917,180000,70W,11,2026,9,17,18,48.0,151.8,96600.0,2026-09-17 18:00:00,2026-09-17 18:00:00,966.0
20260917,180000,70W,11,2026,9,17,18,50.2,154.9,96100.0,2026-09-17 18:00:00,2026-09-17 18:00:00,961.0
20260917,180000,70W,12,2026,9,17,18,25.7,144.20000000000002,97900.0,2026-09-17 18:00:00,2026-09-17 18:00:00,979.0
20260917,180000,70W,12,2026,9,17,18,24.900000000000002,142.5,97500.0,2026-09-17 18:00:00,2026-09-17 18:00:00,975.0
20260917,180000,70W,12,2026,9,17,18,24.900000000000002,142.0,97400.0,2026-09-17 18:00:00,2026-09-17 18:00:00,974.0
20260917,180000,70W,12,2026,9,17,18,25.2,141.4,97200.0,2026-09-17 18:00:00,2026-09-17 18:00:00,972.0
20260917,180000,70W,12,2026,9,17,18,26.0,140.3,96900.0,2026-09-17 18:00:00,2026-09-17 18:00:00,969.0
20260917,180000,70W,12,2026,9,17,18,26.6,139.20000000000002,96500.0,2026-09-17 18:00:00,2026-09-17 18:00:00,965.0
20260917,180000,70W,12,2026,9,17,18,26.900000000000002,138.3,97000.0,2026-09-17 18:00:00,2026-09-17 18:00:00,970.0
20260917,180000,70W,12,2026,9,17,18,27.400000000000002,138.0,96600.0,2026-09-17 18:00:00,2026-09-17 18:00:00,966.0
20260917,180000,70W,12,2026,9,17,18,28.0,137.8,96600.0,2026-09-17 18:00:00,2026-09-17 18:00:00,966.0
20260917,180000,70W,12,2026,9,17,18,28.5,136.9,96400.0,2026-09-17 18:00:00,2026-09-17 18:00:00,964.0
20260917,180000,70W,12,2026,9,17,18,29.1,136.6,96300.0,2026-09-17 18:00:00,2026-09-17 18:00:00,963.0
20260917,180000,70W,12,2026,9,17,18,30.2,136.4,96400.0,2026-09-17 18:00:00,2026-09-17 18:00:00,964.0
20260917,180000,70W,12,2026,9,17,18,31.1,136.1,96600.0,2026-09-17 18:00:00,2026-09-17 18:00:00,966.0
20260917,180000,70W,12,2026,9,17,18,32.5,136.6,96800.0,2026-09-17 18:00:00,2026-09-17 18:00:00,968.0
20260917,180000,70W,12,2026,9,17,18,33.3,137.5,97300.0,2026-09-17 18:00:00,2026-09-17 18:00:00,973.0
20260917,180000,70W,12,2026,9,17,18,35.300000000000004,139.20000000000002,98100.0,2026-09-17 18:00:00,2026-09-17 18:00:00,981.0
20260917,180000,70W,12,2026,9,17,18,37.0,141.70000000000002,98600.0,2026-09-17 18:00:00,2026-09-17 18:00:00,986.0
20260917,180000,70W,12,2026,9,17,18,38.7,145.1,98400.0,2026-09-17 18:00:00,2026-09-17 18:00:00,984.0
20260917,180000,70W,12,2026,9,17,18,40.4,148.5,98700.0,2026-09-17 18:00:00,2026-09-17 18:00:00,987.0
20260917,180000,70W,12,2026,9,17,18,41.2,151.5,98900.0,2026-09-17 18:00:00,2026-09-17 18:00:00,989.0
20260917,180000,70W,12,2026,9,17,18,40.2,154.6,99400.0,2026-09-17 18:00:00,2026-09-17 18:00:00,994.0
20260917,180000,70W,13,2026,9,17,18,24.900000000000002,143.70000000000002,98500.0,2026-09-17 18:00:00,2026-09-17 18:00:00,985.0
20260917,180000,70W,13,2026,9,17,18,24.6,142.8,98500.0,2026-09-17 18:00:00,2026-09-17 18:00:00,985.0
20260917,180000,70W,13,2026,9,17,18,25.400000000000002,141.4,98400.0,2026-09-17 18:00:00,2026-09-17 18:00:00,984.0
20260917,180000,70W,13,2026,9,17,18,25.7,140.0,98100.0,2026-09-17 18:00:00,2026-09-17 18:00:00,981.0
20260917,180000,70W,13,2026,9,17,18,25.7,139.20000000000002,98100.0,2026-09-17 18:00:00,2026-09-17 18:00:00,981.0
20260917,180000,70W,13,2026,9,17,18,26.2,139.0,97900.0,2026-09-17 18:00:00,2026-09-17 18:00:00,979.0
20260917,180000,70W,13,2026,9,17,18,26.400000000000002,137.70000000000002,98200.0,2026-09-17 18:00:00,2026-09-17 18:00:00,982.0
20260917,180000,70W,13,2026,9,17,18,26.900000000000002,136.9,98100.0,2026-09-17 18:00:00,2026-09-17 18:00:00,981.0
20260917,180000,70W,13,2026,9,17,18,27.1,136.9,98300.0,2026-09-17 18:00:00,2026-09-17 18:00:00,983.0
20260917,180000,70W,13,2026,9,17,18,27.7,136.6,98000.0,2026-09-17 18:00:00,2026-09-17 18:00:00,980.0
20260917,180000,70W,13,2026,9,17,18,28.3,136.6,98100.0,2026-09-17 18:00:00,2026-09-17 18:00:00,981.0
20260917,180000,70W,13,2026,9,17,18,29.1,136.4,98000.0,2026-09-17 18:00:00,2026-09-17 18:00:00,980.0
20260917,180000,70W,13,2026,9,17,18,30.0,136.1,98400.0,2026-09-17 18:00:00,2026-09-17 18:00:00,984.0
20260917,180000,70W,13,2026,9,17,18,31.400000000000002,135.8,98300.0,2026-09-17 18:00:00,2026-09-17 18:00:00,983.0
20260917,180000,70W,13,2026,9,17,18,31.900000000000002,136.2,98500.0,2026-09-17 18:00:00,2026-09-17 18:00:00,985.0
20260917,180000,70W,13,2026,9,17,18,33.6,137.5,98500.0,2026-09-17 18:00:00,2026-09-17 18:00:00,985.0
20260917,180000,70W,13,2026,9,17,18,34.7,139.5,98900.0,2026-09-17 18:00:00,2026-09-17 18:00:00,989.0
20260917,180000,70W,13,2026,9,17,18,37.0,142.0,98600.0,2026-09-17 18:00:00,2026-09-17 18:00:00,986.0
20260917,180000,70W,13,2026,9,17,18,37.800000000000004,144.8,99000.0,2026-09-17 18:00:00,2026-09-17 18:00:00,990.0
20260917,180000,70W,13,2026,9,17,18,39.2,148.5,99200.0,2026-09-17 18:00:00,2026-09-17 18:00:00,992.0
20260917,180000,70W,13,2026,9,17,18,40.7,152.4,99300.0,2026-09-17 18:00:00,2026-09-17 18:00:00,993.0
20260917,180000,70W,14,2026,9,17,18,25.2,144.5,97500.0,2026-09-17 18:00:00,2026-09-17 18:00:00,975.0
20260917,180000,70W,14,2026,9,17,18,25.400000000000002,143.70000000000002,96700.0,2026-09-17 18:00:00,2026-09-17 18:00:00,967.0
20260917,180000,70W,14,2026,9,17,18,26.0,142.0,97300.0,2026-09-17 18:00:00,2026-09-17 18:00:00,973.0
20260917,180000,70W,14,2026,9,17,18,26.3,140.6,97000.0,2026-09-17 18:00:00,2026-09-17 18:00:00,970.0
20260917,180000,70W,14,2026,9,17,18,26.900000000000002,139.5,97100.0,2026-09-17 18:00:00,2026-09-17 18:00:00,971.0
20260917,180000,70W,14,2026,9,17,18,27.7,138.6,97100.0,2026-09-17 18:00:00,2026-09-17 18:00:00,971.0
20260917,180000,70W,14,2026,9,17,18,28.0,137.8,96600.0,2026-09-17 18:00:00,2026-09-17 18:00:00,966.0
20260917,180000,70W,14,2026,9,17,18,28.5,137.5,97000.0,2026-09-17 18:00:00,2026-09-17 18:00:00,970.0
20260917,180000,70W,14,2026,9,17,18,29.1,137.20000000000002,97100.0,2026-09-17 18:00:00,2026-09-17 18:00:00,971.0
20260917,180000,70W,14,2026,9,17,18,30.0,137.5,96500.0,2026-09-17 18:00:00,2026-09-17 18:00:00,965.0
20260917,180000,70W,14,2026,9,17,18,30.5,137.20000000000002,96300.0,2026-09-17 18:00:00,2026-09-17 18:00:00,963.0
20260917,180000,70W,14,2026,9,17,18,31.400000000000002,137.8,96900.0,2026-09-17 18:00:00,2026-09-17 18:00:00,969.0
20260917,180000,70W,14,2026,9,17,18,32.2,138.3,97400.0,2026-09-17 18:00:00,2026-09-17 18:00:00,974.0
20260917,180000,70W,14,2026,9,17,18,33.3,139.20000000000002,97700.0,2026-09-17 18:00:00,2026-09-17 18:00:00,977.0
20260917,180000,70W,14,2026,9,17,18,34.300000000000004,140.6,97900.0,2026-09-17 18:00:00,2026-09-17 18:00:00,979.0
20260917,180000,70W,14,2026,9,17,18,35.9,143.1,98100.0,2026-09-17 18:00:00,2026-09-17 18:00:00,981.0
20260917,180000,70W,14,2026,9,17,18,37.6,145.9,98200.0,2026-09-17 18:00:00,2026-09-17 18:00:00,982.0
20260917,180000,70W,14,2026,9,17,18,38.300000000000004,148.5,98300.0,2026-09-17 18:00:00,2026-09-17 18:00:00,983.0
20260917,180000,70W,14,2026,9,17,18,38.7,151.5,98500.0,2026-09-17 18:00:00,2026-09-17 18:00:00,985.0
20260917,180000,70W,14,2026,9,17,18,39.7,155.5,98600.0,2026-09-17 18:00:00,2026-09-17 18:00:00,986.0
20260917,180000,70W,14,2026,9,17,18,40.300000000000004,158.8,98400.0,2026-09-17 18:00:00,2026-09-17 18:00:00,984.0
20260917,180000,70W,14,2026,9,17,18,40.7,162.8,98400.0,2026-09-17 18:00:00,2026-09-17 18:00:00,984.0
20260917,180000,70W,14,2026,9,17,18,41.2,165.6,98600.0,2026-09-17 18:00:00,2026-09-17 18:00:00,986.0
20260917,180000,70W,14,2026,9,17,18,41.2,168.1,98800.0,2026-09-17 18:00:00,2026-09-17 18:00:00,988.0
20260917,180000,70W,14,2026,9,17,18,41.6,170.6,99300.0,2026-09-17 18:00:00,2026-09-17 18:00:00,993.0
20260917,180000,70W,14,2026,9,17,18,41.800000000000004,173.20000000000002,99400.0,2026-09-17 18:00:00,2026-09-17 18:00:00,994.0
20260917,180000,70W,15,2026,9,17,18,24.6,144.8,98700.0,2026-09-17 18:00:00,2026-09-17 18:00:00,987.0
20260917,180000,70W,15,2026,9,17,18,24.900000000000002,143.70000000000002,98500.0,2026-09-17 18:00:00,2026-09-17 18:00:00,985.0
20260917,180000,70W,15,2026,9,17,18,25.400000000000002,142.5,98700.0,2026-09-17 18:00:00,2026-09-17 18:00:00,987.0
20260917,180000,70W,15,2026,9,17,18,26.3,141.70000000000002,98300.0,2026-09-17 18:00:00,2026-09-17 18:00:00,983.0
20260917,180000,70W,15,2026,9,17,18,27.400000000000002,140.0,98200.0,2026-09-17 18:00:00,2026-09-17 18:00:00,982.0
20260917,180000,70W,15,2026,9,17,18,28.0,139.20000000000002,97800.0,2026-09-17 18:00:00,2026-09-17 18:00:00,978.0
20260917,180000,70W,15,2026,9,17,18,28.5,138.3,97800.0,2026-09-17 18:00:00,2026-09-17 18:00:00,978.0
20260917,180000,70W,15,2026,9,17,18,29.400000000000002,137.8,97300.0,2026-09-17 18:00:00,2026-09-17 18:00:00,973.0
20260917,180000,70W,15,2026,9,17,18,30.5,137.8,97400.0,2026-09-17 18:00:00,2026-09-17 18:00:00,974.0
20260917,180000,70W,15,2026,9,17,18,31.6,138.3,97500.0,2026-09-17 18:00:00,2026-09-17 18:00:00,975.0
20260917,180000,70W,15,2026,9,17,18,33.0,139.20000000000002,97800.0,2026-09-17 18:00:00,2026-09-17 18:00:00,978.0
20260917,180000,70W,15,2026,9,17,18,35.300000000000004,140.0,97500.0,2026-09-17 18:00:00,2026-09-17 18:00:00,975.0
20260917,180000,70W,15,2026,9,17,18,37.300000000000004,141.70000000000002,98100.0,2026-09-17 18:00:00,2026-09-17 18:00:00,981.0
20260917,180000,70W,15,2026,9,17,18,38.800000000000004,144.20000000000002,98300.0,2026-09-17 18:00:00,2026-09-17 18:00:00,983.0
20260917,180000,70W,15,2026,9,17,18,40.9,148.0,98600.0,2026-09-17 18:00:00,2026-09-17 18:00:00,986.0
20260917,180000,70W,15,2026,9,17,18,42.9,151.8,98700.0,2026-09-17 18:00:00,2026-09-17 18:00:00,987.0
20260917,180000,70W,15,2026,9,17,18,44.300000000000004,155.5,99000.0,2026-09-17 18:00:00,2026-09-17 18:00:00,990.0
20260917,180000,70W,16,2026,9,17,18,25.7,144.5,98500.0,2026-09-17 18:00:00,2026-09-17 18:00:00,985.0
20260917,180000,70W,16,2026,9,17,18,26.0,142.8,98300.0,2026-09-17 18:00:00,2026-09-17 18:00:00,983.0
20260917,180000,70W,16,2026,9,17,18,26.0,141.4,97900.0,2026-09-17 18:00:00,2026-09-17 18:00:00,979.0
20260917,180000,70W,16,2026,9,17,18,26.3,140.6,97400.0,2026-09-17 18:00:00,2026-09-17 18:00:00,974.0
20260917,180000,70W,16,2026,9,17,18,26.6,139.70000000000002,97600.0,2026-09-17 18:00:00,2026-09-17 18:00:00,976.0
20260917,180000,70W,16,2026,9,17,18,27.1,139.20000000000002,97500.0,2026-09-17 18:00:00,2026-09-17 18:00:00,975.0
20260917,180000,70W,16,2026,9,17,18,27.400000000000002,138.6,97200.0,2026-09-17 18:00:00,2026-09-17 18:00:00,972.0
20260917,180000,70W,16,2026,9,17,18,28.0,138.0,96700.0,2026-09-17 18:00:00,2026-09-17 18:00:00,967.0
20260917,180000,70W,16,2026,9,17,18,28.8,138.0,96800.0,2026-09-17 18:00:00,2026-09-17 18:00:00,968.0
20260917,180000,70W,16,2026,9,17,18,29.400000000000002,137.5,96900.0,2026-09-17 18:00:00,2026-09-17 18:00:00,969.0
20260917,180000,70W,16,2026,9,17,18,30.0,137.5,96700.0,2026-09-17 18:00:00,2026-09-17 18:00:00,967.0
20260917,180000,70W,16,2026,9,17,18,30.8,137.8,97300.0,2026-09-17 18:00:00,2026-09-17 18:00:00,973.0
20260917,180000,70W,16,2026,9,17,18,31.900000000000002,137.8,96900.0,2026-09-17 18:00:00,2026-09-17 18:00:00,969.0
20260917,180000,70W,16,2026,9,17,18,33.0,138.6,97300.0,2026-09-17 18:00:00,2026-09-17 18:00:00,973.0
20260917,180000,70W,16,2026,9,17,18,33.9,140.0,97700.0,2026-09-17 18:00:00,2026-09-17 18:00:00,977.0
20260917,180000,70W,16,2026,9,17,18,35.300000000000004,142.3,97800.0,2026-09-17 18:00:00,2026-09-17 18:00:00,978.0
20260917,180000,70W,16,2026,9,17,18,36.7,144.5,98000.0,2026-09-17 18:00:00,2026-09-17 18:00:00,980.0
20260917,180000,70W,16,2026,9,17,18,38.1,147.3,97900.0,2026-09-17 18:00:00,2026-09-17 18:00:00,979.0
20260917,180000,70W,16,2026,9,17,18,39.0,151.0,98100.0,2026-09-17 18:00:00,2026-09-17 18:00:00,981.0
20260917,180000,70W,16,2026,9,17,18,39.2,154.6,98000.0,2026-09-17 18:00:00,2026-09-17 18:00:00,980.0
20260917,180000,70W,16,2026,9,17,18,39.800000000000004,158.9,98700.0,2026-09-17 18:00:00,2026-09-17 18:00:00,987.0
20260917,180000,70W,16,2026,9,17,18,40.7,163.1,98900.0,2026-09-17 18:00:00,2026-09-17 18:00:00,989.0
20260917,180000,70W,17,2026,9,17,18,25.7,144.0,97600.0,2026-09-17 18:00:00,2026-09-17 18:00:00,976.0
20260917,180000,70W,17,2026,9,17,18,25.400000000000002,142.3,97700.0,2026-09-17 18:00:00,2026-09-17 18:00:00,977.0
20260917,180000,70W,17,2026,9,17,18,25.7,141.70000000000002,97500.0,2026-09-17 18:00:00,2026-09-17 18:00:00,975.0
20260917,180000,70W,17,2026,9,17,18,26.3,140.6,97200.0,2026-09-17 18:00:00,2026-09-17 18:00:00,972.0
20260917,180000,70W,17,2026,9,17,18,27.1,139.20000000000002,97500.0,2026-09-17 18:00:00,2026-09-17 18:00:00,975.0
20260917,180000,70W,17,2026,9,17,18,27.7,138.0,97200.0,2026-09-17 18:00:00,2026-09-17 18:00:00,972.0
20260917,180000,70W,17,2026,9,17,18,28.0,137.5,97500.0,2026-09-17 18:00:00,2026-09-17 18:00:00,975.0
20260917,180000,70W,17,2026,9,17,18,28.5,136.9,97600.0,2026-09-17 18:00:00,2026-09-17 18:00:00,976.0
20260917,180000,70W,17,2026,9,17,18,29.7,136.9,97600.0,2026-09-17 18:00:00,2026-09-17 18:00:00,976.0
20260917,180000,70W,17,2026,9,17,18,30.8,136.6,97500.0,2026-09-17 18:00:00,2026-09-17 18:00:00,975.0
20260917,180000,70W,17,2026,9,17,18,31.6,136.6,97700.0,2026-09-17 18:00:00,2026-09-17 18:00:00,977.0
20260917,180000,70W,17,2026,9,17,18,32.8,136.6,97700.0,2026-09-17 18:00:00,2026-09-17 18:00:00,977.0
20260917,180000,70W,17,2026,9,17,18,34.2,137.20000000000002,98200.0,2026-09-17 18:00:00,2026-09-17 18:00:00,982.0
20260917,180000,70W,17,2026,9,17,18,35.300000000000004,139.20000000000002,98900.0,2026-09-17 18:00:00,2026-09-17 18:00:00,989.0
20260917,180000,70W,17,2026,9,17,18,37.0,141.1,99400.0,2026-09-17 18:00:00,2026-09-17 18:00:00,994.0
20260917,180000,70W,17,2026,9,17,18,38.7,143.70000000000002,99300.0,2026-09-17 18:00:00,2026-09-17 18:00:00,993.0
20260917,180000,70W,17,2026,9,17,18,39.4,147.3,99800.0,2026-09-17 18:00:00,2026-09-17 18:00:00,998.0
20260917,180000,70W,18,2026,9,17,18,25.400000000000002,144.0,98800.0,2026-09-17 18:00:00,2026-09-17 18:00:00,988.0
20260917,180000,70W,18,2026,9,17,18,25.400000000000002,142.5,98700.0,2026-09-17 18:00:00,2026-09-17 18:00:00,987.0
20260917,180000,70W,18,2026,9,17,18,25.400000000000002,142.0,98800.0,2026-09-17 18:00:00,2026-09-17 18:00:00,988.0
20260917,180000,70W,18,2026,9,17,18,26.3,140.6,98800.0,2026-09-17 18:00:00,2026-09-17 18:00:00,988.0
20260917,180000,70W,18,2026,9,17,18,26.3,139.70000000000002,98900.0,2026-09-17 18:00:00,2026-09-17 18:00:00,989.0
20260917,180000,70W,18,2026,9,17,18,27.7,138.3,98800.0,2026-09-17 18:00:00,2026-09-17 18:00:00,988.0
20260917,180000,70W,18,2026,9,17,18,27.7,137.6,98700.0,2026-09-17 18:00:00,2026-09-17 18:00:00,987.0
20260917,180000,70W,18,2026,9,17,18,28.5,137.8,98700.0,2026-09-17 18:00:00,2026-09-17 18:00:00,987.0
20260917,180000,70W,18,2026,9,17,18,29.400000000000002,137.4,98800.0,2026-09-17 18:00:00,2026-09-17 18:00:00,988.0
20260917,180000,70W,18,2026,9,17,18,30.2,137.8,98500.0,2026-09-17 18:00:00,2026-09-17 18:00:00,985.0
20260917,180000,70W,18,2026,9,17,18,31.6,137.20000000000002,98600.0,2026-09-17 18:00:00,2026-09-17 18:00:00,986.0
20260917,180000,70W,18,2026,9,17,18,32.0,137.6,98500.0,2026-09-17 18:00:00,2026-09-17 18:00:00,985.0
20260917,180000,70W,18,2026,9,17,18,33.0,138.6,98800.0,2026-09-17 18:00:00,2026-09-17 18:00:00,988.0
20260917,180000,70W,18,2026,9,17,18,34.2,139.5,98700.0,2026-09-17 18:00:00,2026-09-17 18:00:00,987.0
20260917,180000,70W,18,2026,9,17,18,35.4,141.6,98900.0,2026-09-17 18:00:00,2026-09-17 18:00:00,989.0
20260917,180000,70W,18,2026,9,17,18,37.0,144.0,98900.0,2026-09-17 18:00:00,2026-09-17 18:00:00,989.0
20260917,180000,70W,18,2026,9,17,18,38.1,147.0,98900.0,2026-09-17 18:00:00,2026-09-17 18:00:00,989.0
20260917,180000,70W,18,2026,9,17,18,39.2,150.1,98900.0,2026-09-17 18:00:00,2026-09-17 18:00:00,989.0
20260917,180000,70W,18,2026,9,17,18,40.4,153.5,99400.0,2026-09-17 18:00:00,2026-09-17 18:00:00,994.0
20260917,180000,70W,18,2026,9,17,18,41.800000000000004,157.20000000000002,99100.0,2026-09-17 18:00:00,2026-09-17 18:00:00,991.0
20260917,180000,70W,19,2026,9,17,18,24.7,143.9,99000.0,2026-09-17 18:00:00,2026-09-17 18:00:00,990.0
20260917,180000,70W,19,2026,9,17,18,24.900000000000002,142.3,98900.0,2026-09-17 18:00:00,2026-09-17 18:00:00,989.0
20260917,180000,70W,19,2026,9,17,18,25.7,141.4,98900.0,2026-09-17 18:00:00,2026-09-17 18:00:00,989.0
20260917,180000,70W,19,2026,9,17,18,25.5,140.5,98300.0,2026-09-17 18:00:00,2026-09-17 18:00:00,983.0
20260917,180000,70W,19,2026,9,17,18,26.0,139.70000000000002,98600.0,2026-09-17 18:00:00,2026-09-17 18:00:00,986.0
20260917,180000,70W,19,2026,9,17,18,26.900000000000002,138.9,98200.0,2026-09-17 18:00:00,2026-09-17 18:00:00,982.0
20260917,180000,70W,19,2026,9,17,18,27.400000000000002,138.0,97900.0,2026-09-17 18:00:00,2026-09-17 18:00:00,979.0
20260917,180000,70W,19,2026,9,17,18,28.5,137.5,97500.0,2026-09-17 18:00:00,2026-09-17 18:00:00,975.0
20260917,180000,70W,19,2026,9,17,18,28.8,137.20000000000002,96800.0,2026-09-17 18:00:00,2026-09-17 18:00:00,968.0
20260917,180000,70W,19,2026,9,17,18,30.0,137.5,97100.0,2026-09-17 18:00:00,2026-09-17 18:00:00,971.0
20260917,180000,70W,19,2026,9,17,18,30.8,137.5,97100.0,2026-09-17 18:00:00,2026-09-17 18:00:00,971.0
20260917,180000,70W,19,2026,9,17,18,31.6,137.8,97300.0,2026-09-17 18:00:00,2026-09-17 18:00:00,973.0
20260917,180000,70W,19,2026,9,17,18,32.5,138.3,98000.0,2026-09-17 18:00:00,2026-09-17 18:00:00,980.0
20260917,180000,70W,19,2026,9,17,18,33.3,139.5,97600.0,2026-09-17 18:00:00,2026-09-17 18:00:00,976.0
20260917,180000,70W,19,2026,9,17,18,34.5,140.9,98000.0,2026-09-17 18:00:00,2026-09-17 18:00:00,980.0
20260917,180000,70W,19,2026,9,17,18,35.6,143.4,98100.0,2026-09-17 18:00:00,2026-09-17 18:00:00,981.0
20260917,180000,70W,19,2026,9,17,18,37.0,145.9,98300.0,2026-09-17 18:00:00,2026-09-17 18:00:00,983.0
20260917,180000,70W,19,2026,9,17,18,38.1,148.70000000000002,98500.0,2026-09-17 18:00:00,2026-09-17 18:00:00,985.0
20260917,180000,70W,19,2026,9,17,18,38.7,152.70000000000002,98900.0,2026-09-17 18:00:00,2026-09-17 18:00:00,989.0
20260917,180000,70W,19,2026,9,17,18,39.5,156.3,98700.0,2026-09-17 18:00:00,2026-09-17 18:00:00,987.0
20260917,180000,70W,19,2026,9,17,18,39.800000000000004,160.0,99100.0,2026-09-17 18:00:00,2026-09-17 18:00:00,991.0
20260917,180000,70W,19,2026,9,17,18,39.5,164.20000000000002,99200.0,2026-09-17 18:00:00,2026-09-17 18:00:00,992.0
20260917,180000,70W,19,2026,9,17,18,39.800000000000004,167.6,99300.0,2026-09-17 18:00:00,2026-09-17 18:00:00,993.0
20260917,180000,70W,19,2026,9,17,18,39.800000000000004,171.5,99600.0,2026-09-17 18:00:00,2026-09-17 18:00:00,996.0
20260917,180000,70W,19,2026,9,17,18,39.5,174.9,99800.0,2026-09-17 18:00:00,2026-09-17 18:00:00,998.0
20260917,180000,70W,19,2026,9,17,18,38.1,178.5,100300.0,2026-09-17 18:00:00,2026-09-17 18:00:00,1003.0
20260917,180000,70W,20,2026,9,17,18,25.7,144.5,98400.0,2026-09-17 18:00:00,2026-09-17 18:00:00,984.0
20260917,180000,70W,20,2026,9,17,18,25.400000000000002,142.8,97800.0,2026-09-17 18:00:00,2026-09-17 18:00:00,978.0
20260917,180000,70W,20,2026,9,17,18,25.7,142.0,98000.0,2026-09-17 18:00:00,2026-09-17 18:00:00,980.0
20260917,180000,70W,20,2026,9,17,18,26.3,141.1,98100.0,2026-09-17 18:00:00,2026-09-17 18:00:00,981.0
20260917,180000,70W,20,2026,9,17,18,27.1,139.5,98300.0,2026-09-17 18:00:00,2026-09-17 18:00:00,983.0
20260917,180000,70W,20,2026,9,17,18,27.400000000000002,138.0,98100.0,2026-09-17 18:00:00,2026-09-17 18:00:00,981.0
20260917,180000,70W,20,2026,9,17,18,27.400000000000002,137.8,98300.0,2026-09-17 18:00:00,2026-09-17 18:00:00,983.0
20260917,180000,70W,20,2026,9,17,18,28.3,137.20000000000002,98400.0,2026-09-17 18:00:00,2026-09-17 18:00:00,984.0
20260917,180000,70W,20,2026,9,17,18,29.1,136.9,98500.0,2026-09-17 18:00:00,2026-09-17 18:00:00,985.0
20260917,180000,70W,20,2026,9,17,18,30.2,136.4,98500.0,2026-09-17 18:00:00,2026-09-17 18:00:00,985.0
20260917,180000,70W,20,2026,9,17,18,30.5,136.1,98600.0,2026-09-17 18:00:00,2026-09-17 18:00:00,986.0
20260917,180000,70W,20,2026,9,17,18,31.900000000000002,135.8,98300.0,2026-09-17 18:00:00,2026-09-17 18:00:00,983.0
20260917,180000,70W,20,2026,9,17,18,32.8,136.1,98000.0,2026-09-17 18:00:00,2026-09-17 18:00:00,980.0
20260917,180000,70W,20,2026,9,17,18,33.9,137.20000000000002,98300.0,2026-09-17 18:00:00,2026-09-17 18:00:00,983.0
20260917,180000,70W,20,2026,9,17,18,35.0,138.6,99200.0,2026-09-17 18:00:00,2026-09-17 18:00:00,992.0
20260917,180000,70W,20,2026,9,17,18,37.0,141.4,99100.0,2026-09-17 18:00:00,2026-09-17 18:00:00,991.0
20260917,180000,70W,20,2026,9,17,18,38.4,144.0,99300.0,2026-09-17 18:00:00,2026-09-17 18:00:00,993.0
20260917,180000,70W,20,2026,9,17,18,40.1,146.8,99500.0,2026-09-17 18:00:00,2026-09-17 18:00:00,995.0
20260917,180000,70W,20,2026,9,17,18,40.6,150.1,99900.0,2026-09-17 18:00:00,2026-09-17 18:00:00,999.0
20260917,180000,70W,21,2026,9,17,18,25.400000000000002,144.8,98300.0,2026-09-17 18:00:00,2026-09-17 18:00:00,983.0
20260917,180000,70W,21,2026,9,17,18,25.400000000000002,143.70000000000002,98200.0,2026-09-17 18:00:00,2026-09-17 18:00:00,982.0
20260917,180000,70W,21,2026,9,17,18,26.6,142.3,98300.0,2026-09-17 18:00:00,2026-09-17 18:00:00,983.0
20260917,180000,70W,21,2026,9,17,18,26.900000000000002,140.9,98100.0,2026-09-17 18:00:00,2026-09-17 18:00:00,981.0
20260917,180000,70W,21,2026,9,17,18,27.400000000000002,140.3,98100.0,2026-09-17 18:00:00,2026-09-17 18:00:00,981.0
20260917,180000,70W,21,2026,9,17,18,28.0,139.20000000000002,97800.0,2026-09-17 18:00:00,2026-09-17 18:00:00,978.0
20260917,180000,70W,21,2026,9,17,18,28.5,138.6,97500.0,2026-09-17 18:00:00,2026-09-17 18:00:00,975.0
20260917,180000,70W,21,2026,9,17,18,29.400000000000002,138.3,97200.0,2026-09-17 18:00:00,2026-09-17 18:00:00,972.0
20260917,180000,70W,21,2026,9,17,18,30.0,138.3,96900.0,2026-09-17 18:00:00,2026-09-17 18:00:00,969.0
20260917,180000,70W,21,2026,9,17,18,31.1,138.6,96700.0,2026-09-17 18:00:00,2026-09-17 18:00:00,967.0
20260917,180000,70W,21,2026,9,17,18,32.2,138.9,97400.0,2026-09-17 18:00:00,2026-09-17 18:00:00,974.0
20260917,180000,70W,21,2026,9,17,18,33.0,139.5,97300.0,2026-09-17 18:00:00,2026-09-17 18:00:00,973.0
20260917,180000,70W,21,2026,9,17,18,34.2,140.9,97800.0,2026-09-17 18:00:00,2026-09-17 18:00:00,978.0
20260917,180000,70W,21,2026,9,17,18,36.1,142.3,97600.0,2026-09-17 18:00:00,2026-09-17 18:00:00,976.0
20260917,180000,70W,21,2026,9,17,18,37.0,144.8,97900.0,2026-09-17 18:00:00,2026-09-17 18:00:00,979.0
20260917,180000,70W,21,2026,9,17,18,38.1,147.6,98000.0,2026-09-17 18:00:00,2026-09-17 18:00:00,980.0
20260917,180000,70W,21,2026,9,17,18,38.800000000000004,151.0,98500.0,2026-09-17 18:00:00,2026-09-17 18:00:00,985.0
20260917,180000,70W,21,2026,9,17,18,39.800000000000004,154.6,98500.0,2026-09-17 18:00:00,2026-09-17 18:00:00,985.0
20260917,180000,70W,21,2026,9,17,18,40.6,158.1,98600.0,2026-09-17 18:00:00,2026-09-17 18:00:00,986.0
20260917,180000,70W,21,2026,9,17,18,41.800000000000004,162.5,98100.0,2026-09-17 18:00:00,2026-09-17 18:00:00,981.0
20260917,180000,70W,21,2026,9,17,18,42.9,167.3,98100.0,2026-09-17 18:00:00,2026-09-17 18:00:00,981.0
20260917,180000,70W,21,2026,9,17,18,43.800000000000004,172.4,97900.0,2026-09-17 18:00:00,2026-09-17 18:00:00,979.0
20260917,180000,70W,22,2026,9,17,18,24.3,144.0,98100.0,2026-09-17 18:00:00,2026-09-17 18:00:00,981.0
20260917,180000,70W,22,2026,9,17,18,24.6,143.1,98100.0,2026-09-17 18:00:00,2026-09-17 18:00:00,981.0
20260917,180000,70W,22,2026,9,17,18,24.900000000000002,142.0,97800.0,2026-09-17 18:00:00,2026-09-17 18:00:00,978.0
20260917,180000,70W,22,2026,9,17,18,25.400000000000002,141.1,97700.0,2026-09-17 18:00:00,2026-09-17 18:00:00,977.0
20260917,180000,70W,22,2026,9,17,18,26.0,140.0,97800.0,2026-09-17 18:00:00,2026-09-17 18:00:00,978.0
20260917,180000,70W,22,2026,9,17,18,26.900000000000002,139.20000000000002,97400.0,2026-09-17 18:00:00,2026-09-17 18:00:00,974.0
20260917,180000,70W,22,2026,9,17,18,27.400000000000002,138.3,97200.0,2026-09-17 18:00:00,2026-09-17 18:00:00,972.0
20260917,180000,70W,22,2026,9,17,18,28.3,138.3,96700.0,2026-09-17 18:00:00,2026-09-17 18:00:00,967.0
20260917,180000,70W,22,2026,9,17,18,29.1,138.0,97000.0,2026-09-17 18:00:00,2026-09-17 18:00:00,970.0
20260917,180000,70W,22,2026,9,17,18,30.2,137.5,96900.0,2026-09-17 18:00:00,2026-09-17 18:00:00,969.0
20260917,180000,70W,22,2026,9,17,18,31.1,137.5,96900.0,2026-09-17 18:00:00,2026-09-17 18:00:00,969.0
20260917,180000,70W,22,2026,9,17,18,32.2,138.0,97000.0,2026-09-17 18:00:00,2026-09-17 18:00:00,970.0
20260917,180000,70W,22,2026,9,17,18,33.9,138.9,97100.0,2026-09-17 18:00:00,2026-09-17 18:00:00,971.0
20260917,180000,70W,22,2026,9,17,18,35.300000000000004,140.6,97500.0,2026-09-17 18:00:00,2026-09-17 18:00:00,975.0
20260917,180000,70W,22,2026,9,17,18,36.7,142.5,97700.0,2026-09-17 18:00:00,2026-09-17 18:00:00,977.0
20260917,180000,70W,22,2026,9,17,18,38.1,145.4,98200.0,2026-09-17 18:00:00,2026-09-17 18:00:00,982.0
20260917,180000,70W,22,2026,9,17,18,39.5,148.70000000000002,98300.0,2026-09-17 18:00:00,2026-09-17 18:00:00,983.0
20260917,180000,70W,22,2026,9,17,18,40.9,152.1,98100.0,2026-09-17 18:00:00,2026-09-17 18:00:00,981.0
20260917,180000,70W,22,2026,9,17,18,42.1,156.3,98700.0,2026-09-17 18:00:00,2026-09-17 18:00:00,987.0
20260917,180000,70W,22,2026,9,17,18,44.0,161.9,98500.0,2026-09-17 18:00:00,2026-09-17 18:00:00,985.0
20260917,180000,70W,22,2026,9,17,18,49.4,174.0,95700.0,2026-09-17 18:00:00,2026-09-17 18:00:00,957.0
20260917,180000,70W,23,2026,9,17,18,25.1,144.0,99200.0,2026-09-17 18:00:00,2026-09-17 18:00:00,992.0
20260917,180000,70W,23,2026,9,17,18,25.2,142.5,98500.0,2026-09-17 18:00:00,2026-09-17 18:00:00,985.0
20260917,180000,70W,23,2026,9,17,18,24.900000000000002,141.70000000000002,98900.0,2026-09-17 18:00:00,2026-09-17 18:00:00,989.0
20260917,180000,70W,23,2026,9,17,18,25.7,140.9,98600.0,2026-09-17 18:00:00,2026-09-17 18:00:00,986.0
20260917,180000,70W,23,2026,9,17,18,25.7,140.0,98600.0,2026-09-17 18:00:00,2026-09-17 18:00:00,986.0
20260917,180000,70W,23,2026,9,17,18,26.900000000000002,139.20000000000002,98100.0,2026-09-17 18:00:00,2026-09-17 18:00:00,981.0
20260917,180000,70W,23,2026,9,17,18,27.7,138.6,98000.0,2026-09-17 18:00:00,2026-09-17 18:00:00,980.0
20260917,180000,70W,23,2026,9,17,18,28.8,137.5,97700.0,2026-09-17 18:00:00,2026-09-17 18:00:00,977.0
20260917,180000,70W,23,2026,9,17,18,29.400000000000002,137.8,97500.0,2026-09-17 18:00:00,2026-09-17 18:00:00,975.0
20260917,180000,70W,23,2026,9,17,18,30.2,137.8,97600.0,2026-09-17 18:00:00,2026-09-17 18:00:00,976.0
20260917,180000,70W,23,2026,9,17,18,30.8,137.5,97700.0,2026-09-17 18:00:00,2026-09-17 18:00:00,977.0
20260917,180000,70W,23,2026,9,17,18,31.900000000000002,137.8,97800.0,2026-09-17 18:00:00,2026-09-17 18:00:00,978.0
20260917,180000,70W,23,2026,9,17,18,32.5,138.0,97800.0,2026-09-17 18:00:00,2026-09-17 18:00:00,978.0
20260917,180000,70W,23,2026,9,17,18,33.3,138.9,97600.0,2026-09-17 18:00:00,2026-09-17 18:00:00,976.0
20260917,180000,70W,23,2026,9,17,18,34.2,140.3,98100.0,2026-09-17 18:00:00,2026-09-17 18:00:00,981.0
20260917,180000,70W,23,2026,9,17,18,35.300000000000004,142.0,98200.0,2026-09-17 18:00:00,2026-09-17 18:00:00,982.0
20260917,180000,70W,23,2026,9,17,18,36.7,144.20000000000002,98700.0,2026-09-17 18:00:00,2026-09-17 18:00:00,987.0
20260917,180000,70W,23,2026,9,17,18,37.6,147.0,98600.0,2026-09-17 18:00:00,2026-09-17 18:00:00,986.0
20260917,180000,70W,23,2026,9,17,18,38.7,149.6,98900.0,2026-09-17 18:00:00,2026-09-17 18:00:00,989.0
20260917,180000,70W,23,2026,9,17,18,39.5,152.4,99000.0,2026-09-17 18:00:00,2026-09-17 18:00:00,990.0
20260917,180000,70W,23,2026,9,17,18,40.4,156.6,99300.0,2026-09-17 18:00:00,2026-09-17 18:00:00,993.0
20260917,180000,70W,23,2026,9,17,18,40.4,160.5,99300.0,2026-09-17 18:00:00,2026-09-17 18:00:00,993.0
20260917,180000,70W,24,2026,9,17,18,25.3,144.5,99300.0,2026-09-17 18:00:00,2026-09-17 18:00:00,993.0
20260917,180000,70W,24,2026,9,17,18,26.0,143.1,99100.0,2026-09-17 18:00:00,2026-09-17 18:00:00,991.0
20260917,180000,70W,24,2026,9,17,18,26.0,141.4,99200.0,2026-09-17 18:00:00,2026-09-17 18:00:00,992.0
20260917,180000,70W,24,2026,9,17,18,26.900000000000002,140.3,98800.0,2026-09-17 18:00:00,2026-09-17 18:00:00,988.0
20260917,180000,70W,24,2026,9,17,18,27.2,139.3,98700.0,2026-09-17 18:00:00,2026-09-17 18:00:00,987.0
20260917,180000,70W,24,2026,9,17,18,27.400000000000002,138.6,98200.0,2026-09-17 18:00:00,2026-09-17 18:00:00,982.0
20260917,180000,70W,24,2026,9,17,18,27.7,138.3,98400.0,2026-09-17 18:00:00,2026-09-17 18:00:00,984.0
20260917,180000,70W,24,2026,9,17,18,28.5,138.0,98200.0,2026-09-17 18:00:00,2026-09-17 18:00:00,982.0
20260917,180000,70W,24,2026,9,17,18,29.400000000000002,137.8,97800.0,2026-09-17 18:00:00,2026-09-17 18:00:00,978.0
20260917,180000,70W,24,2026,9,17,18,30.2,137.8,97600.0,2026-09-17 18:00:00,2026-09-17 18:00:00,976.0
20260917,180000,70W,24,2026,9,17,18,31.1,137.8,97600.0,2026-09-17 18:00:00,2026-09-17 18:00:00,976.0
20260917,180000,70W,24,2026,9,17,18,31.900000000000002,138.3,97400.0,2026-09-17 18:00:00,2026-09-17 18:00:00,974.0
20260917,180000,70W,24,2026,9,17,18,32.8,138.9,97800.0,2026-09-17 18:00:00,2026-09-17 18:00:00,978.0
20260917,180000,70W,24,2026,9,17,18,33.9,140.0,97900.0,2026-09-17 18:00:00,2026-09-17 18:00:00,979.0
20260917,180000,70W,24,2026,9,17,18,35.0,141.4,98200.0,2026-09-17 18:00:00,2026-09-17 18:00:00,982.0
20260917,180000,70W,24,2026,9,17,18,36.4,143.70000000000002,98500.0,2026-09-17 18:00:00,2026-09-17 18:00:00,985.0
20260917,180000,70W,24,2026,9,17,18,37.6,146.20000000000002,98900.0,2026-09-17 18:00:00,2026-09-17 18:00:00,989.0
20260917,180000,70W,24,2026,9,17,18,39.2,149.3,98700.0,2026-09-17 18:00:00,2026-09-17 18:00:00,987.0
20260917,180000,70W,24,2026,9,17,18,39.800000000000004,151.8,99200.0,2026-09-17 18:00:00,2026-09-17 18:00:00,992.0
20260917,180000,70W,25,2026,9,17,18,26.0,144.0,98600.0,2026-09-17 18:00:00,2026-09-17 18:00:00,986.0
20260917,180000,70W,25,2026,9,17,18,25.2,142.5,98300.0,2026-09-17 18:00:00,2026-09-17 18:00:00,983.0
20260917,180000,70W,25,2026,9,17,18,25.2,141.4,98500.0,2026-09-17 18:00:00,2026-09-17 18:00:00,985.0
20260917,180000,70W,25,2026,9,17,18,25.400000000000002,140.3,98300.0,2026-09-17 18:00:00,2026-09-17 18:00:00,983.0
20260917,180000,70W,25,2026,9,17,18,25.400000000000002,140.0,98500.0,2026-09-17 18:00:00,2026-09-17 18:00:00,985.0
20260917,180000,70W,25,2026,9,17,18,26.3,138.8,98200.0,2026-09-17 18:00:00,2026-09-17 18:00:00,982.0
20260917,180000,70W,25,2026,9,17,18,26.900000000000002,138.3,98100.0,2026-09-17 18:00:00,2026-09-17 18:00:00,981.0
20260917,180000,70W,25,2026,9,17,18,27.7,138.0,97700.0,2026-09-17 18:00:00,2026-09-17 18:00:00,977.0
20260917,180000,70W,25,2026,9,17,18,28.5,137.8,97800.0,2026-09-17 18:00:00,2026-09-17 18:00:00,978.0
20260917,180000,70W,25,2026,9,17,18,29.7,137.8,97800.0,2026-09-17 18:00:00,2026-09-17 18:00:00,978.0
20260917,180000,70W,25,2026,9,17,18,30.5,137.5,97800.0,2026-09-17 18:00:00,2026-09-17 18:00:00,978.0
20260917,180000,70W,25,2026,9,17,18,31.900000000000002,137.8,97500.0,2026-09-17 18:00:00,2026-09-17 18:00:00,975.0
20260917,180000,70W,25,2026,9,17,18,33.2,139.0,97300.0,2026-09-17 18:00:00,2026-09-17 18:00:00,973.0
20260917,180000,70W,25,2026,9,17,18,34.7,140.9,97300.0,2026-09-17 18:00:00,2026-09-17 18:00:00,973.0
20260917,180000,70W,25,2026,9,17,18,36.4,143.1,97400.0,2026-09-17 18:00:00,2026-09-17 18:00:00,974.0
20260917,180000,70W,25,2026,9,17,18,38.1,145.9,97500.0,2026-09-17 18:00:00,2026-09-17 18:00:00,975.0
20260917,180000,70W,25,2026,9,17,18,40.1,149.6,97600.0,2026-09-17 18:00:00,2026-09-17 18:00:00,976.0
20260917,180000,70W,25,2026,9,17,18,41.6,153.1,97400.0,2026-09-17 18:00:00,2026-09-17 18:00:00,974.0
20260917,180000,70W,25,2026,9,17,18,43.7,156.8,97300.0,2026-09-17 18:00:00,2026-09-17 18:00:00,973.0
20260917,180000,70W,26,2026,9,17,18,25.2,144.8,98500.0,2026-09-17 18:00:00,2026-09-17 18:00:00,985.0
20260917,180000,70W,26,2026,9,17,18,25.400000000000002,143.1,97900.0,2026-09-17 18:00:00,2026-09-17 18:00:00,979.0
20260917,180000,70W,26,2026,9,17,18,25.7,141.70000000000002,97800.0,2026-09-17 18:00:00,2026-09-17 18:00:00,978.0
20260917,180000,70W,26,2026,9,17,18,25.7,140.6,97400.0,2026-09-17 18:00:00,2026-09-17 18:00:00,974.0
20260917,180000,70W,26,2026,9,17,18,26.3,139.20000000000002,97300.0,2026-09-17 18:00:00,2026-09-17 18:00:00,973.0
20260917,180000,70W,26,2026,9,17,18,27.1,138.3,97000.0,2026-09-17 18:00:00,2026-09-17 18:00:00,970.0
20260917,180000,70W,26,2026,9,17,18,28.0,138.0,96800.0,2026-09-17 18:00:00,2026-09-17 18:00:00,968.0
20260917,180000,70W,26,2026,9,17,18,28.8,137.20000000000002,97100.0,2026-09-17 18:00:00,2026-09-17 18:00:00,971.0
20260917,180000,70W,26,2026,9,17,18,29.400000000000002,136.9,97300.0,2026-09-17 18:00:00,2026-09-17 18:00:00,973.0
20260917,180000,70W,26,2026,9,17,18,30.8,136.6,97300.0,2026-09-17 18:00:00,2026-09-17 18:00:00,973.0
20260917,180000,70W,26,2026,9,17,18,31.900000000000002,136.9,97600.0,2026-09-17 18:00:00,2026-09-17 18:00:00,976.0
20260917,180000,70W,26,2026,9,17,18,33.3,137.20000000000002,97400.0,2026-09-17 18:00:00,2026-09-17 18:00:00,974.0
20260917,180000,70W,26,2026,9,17,18,35.0,138.6,98000.0,2026-09-17 18:00:00,2026-09-17 18:00:00,980.0
20260917,180000,70W,26,2026,9,17,18,36.7,140.0,98400.0,2026-09-17 18:00:00,2026-09-17 18:00:00,984.0
20260917,180000,70W,26,2026,9,17,18,39.0,142.5,98800.0,2026-09-17 18:00:00,2026-09-17 18:00:00,988.0
20260917,180000,70W,26,2026,9,17,18,41.800000000000004,145.9,98800.0,2026-09-17 18:00:00,2026-09-17 18:00:00,988.0
20260917,180000,70W,26,2026,9,17,18,41.800000000000004,147.9,98800.0,2026-09-17 18:00:00,2026-09-17 18:00:00,988.0
20260917,180000,70W,27,2026,9,17,18,25.1,144.9,99600.0,2026-09-17 18:00:00,2026-09-17 18:00:00,996.0
20260917,180000,70W,27,2026,9,17,18,26.3,143.4,99200.0,2026-09-17 18:00:00,2026-09-17 18:00:00,992.0
20260917,180000,70W,27,2026,9,17,18,26.3,141.1,99100.0,2026-09-17 18:00:00,2026-09-17 18:00:00,991.0
20260917,180000,70W,27,2026,9,17,18,26.6,140.0,98900.0,2026-09-17 18:00:00,2026-09-17 18:00:00,989.0
20260917,180000,70W,27,2026,9,17,18,26.900000000000002,139.5,98800.0,2026-09-17 18:00:00,2026-09-17 18:00:00,988.0
20260917,180000,70W,27,2026,9,17,18,27.400000000000002,138.3,98300.0,2026-09-17 18:00:00,2026-09-17 18:00:00,983.0
20260917,180000,70W,27,2026,9,17,18,27.7,137.5,98400.0,2026-09-17 18:00:00,2026-09-17 18:00:00,984.0
20260917,180000,70W,27,2026,9,17,18,28.3,136.9,98500.0,2026-09-17 18:00:00,2026-09-17 18:00:00,985.0
20260917,180000,70W,27,2026,9,17,18,28.8,136.6,98600.0,2026-09-17 18:00:00,2026-09-17 18:00:00,986.0
20260917,180000,70W,27,2026,9,17,18,30.0,136.4,98400.0,2026-09-17 18:00:00,2026-09-17 18:00:00,984.0
20260917,180000,70W,27,2026,9,17,18,30.5,136.6,98300.0,2026-09-17 18:00:00,2026-09-17 18:00:00,983.0
20260917,180000,70W,27,2026,9,17,18,31.400000000000002,136.9,97900.0,2026-09-17 18:00:00,2026-09-17 18:00:00,979.0
20260917,180000,70W,27,2026,9,17,18,32.5,137.5,98100.0,2026-09-17 18:00:00,2026-09-17 18:00:00,981.0
20260917,180000,70W,27,2026,9,17,18,33.9,138.6,98400.0,2026-09-17 18:00:00,2026-09-17 18:00:00,984.0
20260917,180000,70W,27,2026,9,17,18,35.0,140.6,98500.0,2026-09-17 18:00:00,2026-09-17 18:00:00,985.0
20260917,180000,70W,27,2026,9,17,18,36.4,143.1,98600.0,2026-09-17 18:00:00,2026-09-17 18:00:00,986.0
20260917,180000,70W,27,2026,9,17,18,37.6,146.20000000000002,98600.0,2026-09-17 18:00:00,2026-09-17 18:00:00,986.0
20260917,180000,70W,27,2026,9,17,18,38.7,149.3,98800.0,2026-09-17 18:00:00,2026-09-17 18:00:00,988.0
20260917,180000,70W,27,2026,9,17,18,39.5,151.5,99300.0,2026-09-17 18:00:00,2026-09-17 18:00:00,993.0
20260917,180000,70W,28,2026,9,17,18,25.400000000000002,144.8,99700.0,2026-09-17 18:00:00,2026-09-17 18:00:00,997.0
20260917,180000,70W,28,2026,9,17,18,26.1,142.9,99500.0,2026-09-17 18:00:00,2026-09-17 18:00:00,995.0
20260917,180000,70W,28,2026,9,17,18,25.7,141.1,99500.0,2026-09-17 18:00:00,2026-09-17 18:00:00,995.0
20260917,180000,70W,28,2026,9,17,18,26.0,140.3,99100.0,2026-09-17 18:00:00,2026-09-17 18:00:00,991.0
20260917,180000,70W,28,2026,9,17,18,26.6,138.9,99100.0,2026-09-17 18:00:00,2026-09-17 18:00:00,991.0
20260917,180000,70W,28,2026,9,17,18,26.6,138.3,99000.0,2026-09-17 18:00:00,2026-09-17 18:00:00,990.0
20260917,180000,70W,28,2026,9,17,18,27.1,137.8,98900.0,2026-09-17 18:00:00,2026-09-17 18:00:00,989.0
20260917,180000,70W,28,2026,9,17,18,28.3,136.9,98400.0,2026-09-17 18:00:00,2026-09-17 18:00:00,984.0
20260917,180000,70W,28,2026,9,17,18,28.8,136.9,98400.0,2026-09-17 18:00:00,2026-09-17 18:00:00,984.0
20260917,180000,70W,28,2026,9,17,18,30.2,136.4,98400.0,2026-09-17 18:00:00,2026-09-17 18:00:00,984.0
20260917,180000,70W,28,2026,9,17,18,31.1,136.4,98300.0,2026-09-17 18:00:00,2026-09-17 18:00:00,983.0
20260917,180000,70W,28,2026,9,17,18,31.900000000000002,136.9,98400.0,2026-09-17 18:00:00,2026-09-17 18:00:00,984.0
20260917,180000,70W,28,2026,9,17,18,33.3,137.8,98100.0,2026-09-17 18:00:00,2026-09-17 18:00:00,981.0
20260917,180000,70W,28,2026,9,17,18,34.5,139.20000000000002,97900.0,2026-09-17 18:00:00,2026-09-17 18:00:00,979.0
20260917,180000,70W,28,2026,9,17,18,35.6,141.4,98700.0,2026-09-17 18:00:00,2026-09-17 18:00:00,987.0
20260917,180000,70W,28,2026,9,17,18,37.0,144.20000000000002,98800.0,2026-09-17 18:00:00,2026-09-17 18:00:00,988.0
20260917,180000,70W,28,2026,9,17,18,38.7,147.9,99100.0,2026-09-17 18:00:00,2026-09-17 18:00:00,991.0
20260917,180000,70W,28,2026,9,17,18,39.5,151.3,98900.0,2026-09-17 18:00:00,2026-09-17 18:00:00,989.0
20260917,180000,70W,28,2026,9,17,18,40.6,155.4,99100.0,2026-09-17 18:00:00,2026-09-17 18:00:00,991.0
20260917,180000,70W,28,2026,9,17,18,41.5,159.4,99200.0,2026-09-17 18:00:00,2026-09-17 18:00:00,992.0
20260917,180000,70W,28,2026,9,17,18,42.6,164.5,99400.0,2026-09-17 18:00:00,2026-09-17 18:00:00,994.0
20260917,180000,70W,29,2026,9,17,18,25.2,144.0,98600.0,2026-09-17 18:00:00,2026-09-17 18:00:00,986.0
20260917,180000,70W,29,2026,9,17,18,25.1,142.8,98200.0,2026-09-17 18:00:00,2026-09-17 18:00:00,982.0
20260917,180000,70W,29,2026,9,17,18,25.400000000000002,141.70000000000002,98000.0,2026-09-17 18:00:00,2026-09-17 18:00:00,980.0
20260917,180000,70W,29,2026,9,17,18,25.7,140.6,97800.0,2026-09-17 18:00:00,2026-09-17 18:00:00,978.0
20260917,180000,70W,29,2026,9,17,18,26.0,139.70000000000002,97500.0,2026-09-17 18:00:00,2026-09-17 18:00:00,975.0
20260917,180000,70W,29,2026,9,17,18,26.6,138.9,97100.0,2026-09-17 18:00:00,2026-09-17 18:00:00,971.0
20260917,180000,70W,29,2026,9,17,18,26.900000000000002,138.0,96900.0,2026-09-17 18:00:00,2026-09-17 18:00:00,969.0
20260917,180000,70W,29,2026,9,17,18,27.7,137.5,96800.0,2026-09-17 18:00:00,2026-09-17 18:00:00,968.0
20260917,180000,70W,29,2026,9,17,18,28.5,136.9,97200.0,2026-09-17 18:00:00,2026-09-17 18:00:00,972.0
20260917,180000,70W,29,2026,9,17,18,29.1,136.6,97000.0,2026-09-17 18:00:00,2026-09-17 18:00:00,970.0
20260917,180000,70W,29,2026,9,17,18,30.0,136.6,96900.0,2026-09-17 18:00:00,2026-09-17 18:00:00,969.0
20260917,180000,70W,29,2026,9,17,18,31.1,136.4,97200.0,2026-09-17 18:00:00,2026-09-17 18:00:00,972.0
20260917,180000,70W,29,2026,9,17,18,31.6,136.6,97000.0,2026-09-17 18:00:00,2026-09-17 18:00:00,970.0
20260917,180000,70W,29,2026,9,17,18,33.0,137.20000000000002,97400.0,2026-09-17 18:00:00,2026-09-17 18:00:00,974.0
20260917,180000,70W,29,2026,9,17,18,34.2,138.6,97700.0,2026-09-17 18:00:00,2026-09-17 18:00:00,977.0
20260917,180000,70W,29,2026,9,17,18,35.6,140.6,98100.0,2026-09-17 18:00:00,2026-09-17 18:00:00,981.0
20260917,180000,70W,29,2026,9,17,18,37.0,143.1,98500.0,2026-09-17 18:00:00,2026-09-17 18:00:00,985.0
20260917,180000,70W,29,2026,9,17,18,38.4,146.8,98400.0,2026-09-17 18:00:00,2026-09-17 18:00:00,984.0
20260917,180000,70W,29,2026,9,17,18,39.5,150.1,98900.0,2026-09-17 18:00:00,2026-09-17 18:00:00,989.0
20260917,180000,70W,29,2026,9,17,18,40.1,153.5,98800.0,2026-09-17 18:00:00,2026-09-17 18:00:00,988.0
20260917,180000,70W,29,2026,9,17,18,40.7,157.5,99200.0,2026-09-17 18:00:00,2026-09-17 18:00:00,992.0
20260917,180000,70W,29,2026,9,17,18,41.0,161.8,99300.0,2026-09-17 18:00:00,2026-09-17 18:00:00,993.0
20260917,180000,70W,29,2026,9,17,18,41.5,165.9,99400.0,2026-09-17 18:00:00,2026-09-17 18:00:00,994.0
20260917,180000,70W,29,2026,9,17,18,42.1,170.1,99500.0,2026-09-17 18:00:00,2026-09-17 18:00:00,995.0
20260917,180000,70W,29,2026,9,17,18,41.2,173.5,99800.0,2026-09-17 18:00:00,2026-09-17 18:00:00,998.0
20260917,180000,70W,30,2026,9,17,18,25.7,144.5,98900.0,2026-09-17 18:00:00,2026-09-17 18:00:00,989.0
20260917,180000,70W,30,2026,9,17,18,25.400000000000002,143.4,98500.0,2026-09-17 18:00:00,2026-09-17 18:00:00,985.0
20260917,180000,70W,30,2026,9,17,18,25.7,142.0,98700.0,2026-09-17 18:00:00,2026-09-17 18:00:00,987.0
20260917,180000,70W,30,2026,9,17,18,26.0,140.6,98500.0,2026-09-17 18:00:00,2026-09-17 18:00:00,985.0
20260917,180000,70W,30,2026,9,17,18,26.3,139.6,98600.0,2026-09-17 18:00:00,2026-09-17 18:00:00,986.0
20260917,180000,70W,30,2026,9,17,18,26.900000000000002,138.9,98000.0,2026-09-17 18:00:00,2026-09-17 18:00:00,980.0
20260917,180000,70W,30,2026,9,17,18,27.400000000000002,138.3,97800.0,2026-09-17 18:00:00,2026-09-17 18:00:00,978.0
20260917,180000,70W,30,2026,9,17,18,27.7,138.0,97800.0,2026-09-17 18:00:00,2026-09-17 18:00:00,978.0
20260917,180000,70W,30,2026,9,17,18,28.5,137.8,97700.0,2026-09-17 18:00:00,2026-09-17 18:00:00,977.0
20260917,180000,70W,30,2026,9,17,18,30.0,137.8,97700.0,2026-09-17 18:00:00,2026-09-17 18:00:00,977.0
20260917,180000,70W,30,2026,9,17,18,30.5,137.5,97900.0,2026-09-17 18:00:00,2026-09-17 18:00:00,979.0
20260917,180000,70W,30,2026,9,17,18,31.400000000000002,137.5,97900.0,2026-09-17 18:00:00,2026-09-17 18:00:00,979.0
20260917,180000,70W,30,2026,9,17,18,32.2,137.8,97700.0,2026-09-17 18:00:00,2026-09-17 18:00:00,977.0
20260917,180000,70W,30,2026,9,17,18,33.3,138.6,97500.0,2026-09-17 18:00:00,2026-09-17 18:00:00,975.0
20260917,180000,70W,30,2026,9,17,18,34.5,140.3,98100.0,2026-09-17 18:00:00,2026-09-17 18:00:00,981.0
20260917,180000,70W,30,2026,9,17,18,36.1,142.0,98700.0,2026-09-17 18:00:00,2026-09-17 18:00:00,987.0
20260917,180000,70W,30,2026,9,17,18,37.5,144.6,98700.0,2026-09-17 18:00:00,2026-09-17 18:00:00,987.0
20260917,180000,70W,30,2026,9,17,18,39.2,147.9,98600.0,2026-09-17 18:00:00,2026-09-17 18:00:00,986.0
20260917,180000,70W,30,2026,9,17,18,40.9,151.3,98700.0,2026-09-17 18:00:00,2026-09-17 18:00:00,987.0
20260917,180000,70W,30,2026,9,17,18,41.800000000000004,155.20000000000002,98700.0,2026-09-17 18:00:00,2026-09-17 18:00:00,987.0
20260917,180000,70W,31,2026,9,17,18,26.3,144.20000000000002,99000.0,2026-09-17 18:00:00,2026-09-17 18:00:00,990.0
20260917,180000,70W,31,2026,9,17,18,25.7,142.8,98700.0,2026-09-17 18:00:00,2026-09-17 18:00:00,987.0
20260917,180000,70W,31,2026,9,17,18,25.400000000000002,142.3,98500.0,2026-09-17 18:00:00,2026-09-17 18:00:00,985.0
20260917,180000,70W,31,2026,9,17,18,25.400000000000002,141.1,98100.0,2026-09-17 18:00:00,2026-09-17 18:00:00,981.0
20260917,180000,70W,31,2026,9,17,18,26.3,140.6,98200.0,2026-09-17 18:00:00,2026-09-17 18:00:00,982.0
20260917,180000,70W,31,2026,9,17,18,26.900000000000002,139.5,97800.0,2026-09-17 18:00:00,2026-09-17 18:00:00,978.0
20260917,180000,70W,31,2026,9,17,18,27.400000000000002,139.20000000000002,97700.0,2026-09-17 18:00:00,2026-09-17 18:00:00,977.0
20260917,180000,70W,31,2026,9,17,18,28.3,138.6,97800.0,2026-09-17 18:00:00,2026-09-17 18:00:00,978.0
20260917,180000,70W,31,2026,9,17,18,29.400000000000002,138.3,97900.0,2026-09-17 18:00:00,2026-09-17 18:00:00,979.0
20260917,180000,70W,31,2026,9,17,18,30.2,138.3,97500.0,2026-09-17 18:00:00,2026-09-17 18:00:00,975.0
20260917,180000,70W,31,2026,9,17,18,31.6,138.6,97800.0,2026-09-17 18:00:00,2026-09-17 18:00:00,978.0
20260917,180000,70W,31,2026,9,17,18,32.8,138.6,97800.0,2026-09-17 18:00:00,2026-09-17 18:00:00,978.0
20260917,180000,70W,31,2026,9,17,18,33.6,139.70000000000002,98100.0,2026-09-17 18:00:00,2026-09-17 18:00:00,981.0
20260917,180000,70W,31,2026,9,17,18,35.6,141.1,98300.0,2026-09-17 18:00:00,2026-09-17 18:00:00,983.0
20260917,180000,70W,31,2026,9,17,18,36.7,142.3,98200.0,2026-09-17 18:00:00,2026-09-17 18:00:00,982.0
20260917,180000,70W,31,2026,9,17,18,38.1,144.5,98200.0,2026-09-17 18:00:00,2026-09-17 18:00:00,982.0
20260917,180000,70W,31,2026,9,17,18,39.1,147.3,98500.0,2026-09-17 18:00:00,2026-09-17 18:00:00,985.0
20260917,180000,70W,31,2026,9,17,18,40.7,150.1,98600.0,2026-09-17 18:00:00,2026-09-17 18:00:00,986.0
20260917,180000,70W,31,2026,9,17,18,41.6,153.5,98800.0,2026-09-17 18:00:00,2026-09-17 18:00:00,988.0
20260917,180000,70W,32,2026,9,17,18,25.7,144.5,99000.0,2026-09-17 18:00:00,2026-09-17 18:00:00,990.0
20260917,180000,70W,32,2026,9,17,18,26.0,142.8,98600.0,2026-09-17 18:00:00,2026-09-17 18:00:00,986.0
20260917,180000,70W,32,2026,9,17,18,26.0,141.4,98500.0,2026-09-17 18:00:00,2026-09-17 18:00:00,985.0
20260917,180000,70W,32,2026,9,17,18,25.7,140.9,98300.0,2026-09-17 18:00:00,2026-09-17 18:00:00,983.0
20260917,180000,70W,32,2026,9,17,18,26.0,140.0,98500.0,2026-09-17 18:00:00,2026-09-17 18:00:00,985.0
20260917,180000,70W,32,2026,9,17,18,26.900000000000002,139.5,98300.0,2026-09-17 18:00:00,2026-09-17 18:00:00,983.0
20260917,180000,70W,32,2026,9,17,18,27.7,138.3,98400.0,2026-09-17 18:00:00,2026-09-17 18:00:00,984.0
20260917,180000,70W,32,2026,9,17,18,28.0,138.0,98200.0,2026-09-17 18:00:00,2026-09-17 18:00:00,982.0
20260917,180000,70W,32,2026,9,17,18,28.5,138.3,98200.0,2026-09-17 18:00:00,2026-09-17 18:00:00,982.0
20260917,180000,70W,32,2026,9,17,18,29.7,138.3,98000.0,2026-09-17 18:00:00,2026-09-17 18:00:00,980.0
20260917,180000,70W,32,2026,9,17,18,30.8,138.0,98200.0,2026-09-17 18:00:00,2026-09-17 18:00:00,982.0
20260917,180000,70W,32,2026,9,17,18,31.400000000000002,138.6,98200.0,2026-09-17 18:00:00,2026-09-17 18:00:00,982.0
20260917,180000,70W,32,2026,9,17,18,33.0,139.20000000000002,98400.0,2026-09-17 18:00:00,2026-09-17 18:00:00,984.0
20260917,180000,70W,32,2026,9,17,18,34.5,140.3,98700.0,2026-09-17 18:00:00,2026-09-17 18:00:00,987.0
20260917,180000,70W,32,2026,9,17,18,36.4,142.0,99000.0,2026-09-17 18:00:00,2026-09-17 18:00:00,990.0
20260917,180000,70W,32,2026,9,17,18,37.6,144.1,98700.0,2026-09-17 18:00:00,2026-09-17 18:00:00,987.0
20260917,180000,70W,32,2026,9,17,18,39.2,147.9,99100.0,2026-09-17 18:00:00,2026-09-17 18:00:00,991.0
20260917,180000,70W,32,2026,9,17,18,41.2,151.5,98900.0,2026-09-17 18:00:00,2026-09-17 18:00:00,989.0
20260917,180000,70W,32,2026,9,17,18,40.9,154.6,99400.0,2026-09-17 18:00:00,2026-09-17 18:00:00,994.0
20260917,180000,70W,32,2026,9,17,18,42.300000000000004,158.3,99400.0,2026-09-17 18:00:00,2026-09-17 18:00:00,994.0
20260917,180000,70W,33,2026,9,17,18,10.5,120.0,100900.0,2026-09-17 18:00:00,2026-09-17 18:00:00,1009.0
20260917,180000,70W,34,2026,9,17,18,26.0,143.4,99500.0,2026-09-17 18:00:00,2026-09-17 18:00:00,995.0
20260917,180000,70W,34,2026,9,17,18,25.7,142.3,99200.0,2026-09-17 18:00:00,2026-09-17 18:00:00,992.0
20260917,180000,70W,34,2026,9,17,18,25.400000000000002,141.5,99400.0,2026-09-17 18:00:00,2026-09-17 18:00:00,994.0
20260917,180000,70W,34,2026,9,17,18,25.7,140.6,99100.0,2026-09-17 18:00:00,2026-09-17 18:00:00,991.0
20260917,180000,70W,34,2026,9,17,18,26.0,140.1,99200.0,2026-09-17 18:00:00,2026-09-17 18:00:00,992.0
20260917,180000,70W,34,2026,9,17,18,26.900000000000002,139.70000000000002,98900.0,2026-09-17 18:00:00,2026-09-17 18:00:00,989.0
20260917,180000,70W,34,2026,9,17,18,27.7,139.20000000000002,99100.0,2026-09-17 18:00:00,2026-09-17 18:00:00,991.0
20260917,180000,70W,34,2026,9,17,18,28.6,138.6,98800.0,2026-09-17 18:00:00,2026-09-17 18:00:00,988.0
20260917,180000,70W,34,2026,9,17,18,29.2,138.5,98800.0,2026-09-17 18:00:00,2026-09-17 18:00:00,988.0
20260917,180000,70W,34,2026,9,17,18,30.5,138.3,98400.0,2026-09-17 18:00:00,2026-09-17 18:00:00,984.0
20260917,180000,70W,34,2026,9,17,18,31.400000000000002,138.9,98400.0,2026-09-17 18:00:00,2026-09-17 18:00:00,984.0
20260917,180000,70W,34,2026,9,17,18,32.2,139.20000000000002,98700.0,2026-09-17 18:00:00,2026-09-17 18:00:00,987.0
20260917,180000,70W,34,2026,9,17,18,33.3,139.5,98900.0,2026-09-17 18:00:00,2026-09-17 18:00:00,989.0
20260917,180000,70W,34,2026,9,17,18,34.2,140.9,98800.0,2026-09-17 18:00:00,2026-09-17 18:00:00,988.0
20260917,180000,70W,34,2026,9,17,18,35.0,142.3,99000.0,2026-09-17 18:00:00,2026-09-17 18:00:00,990.0
20260917,180000,70W,34,2026,9,17,18,36.4,145.1,99200.0,2026-09-17 18:00:00,2026-09-17 18:00:00,992.0
20260917,180000,70W,34,2026,9,17,18,37.6,147.3,99200.0,2026-09-17 18:00:00,2026-09-17 18:00:00,992.0
20260917,180000,70W,34,2026,9,17,18,38.1,150.1,99400.0,2026-09-17 18:00:00,2026-09-17 18:00:00,994.0
20260917,180000,70W,34,2026,9,17,18,39.2,153.20000000000002,99600.0,2026-09-17 18:00:00,2026-09-17 18:00:00,996.0
20260917,180000,70W,34,2026,9,17,18,39.2,155.8,99500.0,2026-09-17 18:00:00,2026-09-17 18:00:00,995.0
20260917,180000,70W,34,2026,9,17,18,39.6,160.0,99600.0,2026-09-17 18:00:00,2026-09-17 18:00:00,996.0
20260917,180000,70W,34,2026,9,17,18,39.6,163.4,99800.0,2026-09-17 18:00:00,2026-09-17 18:00:00,998.0
20260917,180000,70W,34,2026,9,17,18,40.1,166.5,99900.0,2026-09-17 18:00:00,2026-09-17 18:00:00,999.0
20260917,180000,70W,35,2026,9,17,18,22.900000000000002,144.20000000000002,97800.0,2026-09-17 18:00:00,2026-09-17 18:00:00,978.0
20260917,180000,70W,35,2026,9,17,18,24.0,142.8,98100.0,2026-09-17 18:00:00,2026-09-17 18:00:00,981.0
20260917,180000,70W,35,2026,9,17,18,24.3,142.0,98000.0,2026-09-17 18:00:00,2026-09-17 18:00:00,980.0
20260917,180000,70W,35,2026,9,17,18,24.900000000000002,140.9,97900.0,2026-09-17 18:00:00,2026-09-17 18:00:00,979.0
20260917,180000,70W,35,2026,9,17,18,25.2,140.3,97700.0,2026-09-17 18:00:00,2026-09-17 18:00:00,977.0
20260917,180000,70W,35,2026,9,17,18,26.3,139.5,97400.0,2026-09-17 18:00:00,2026-09-17 18:00:00,974.0
20260917,180000,70W,35,2026,9,17,18,26.6,138.6,97500.0,2026-09-17 18:00:00,2026-09-17 18:00:00,975.0
20260917,180000,70W,35,2026,9,17,18,27.1,137.8,97300.0,2026-09-17 18:00:00,2026-09-17 18:00:00,973.0
20260917,180000,70W,35,2026,9,17,18,28.5,137.5,97700.0,2026-09-17 18:00:00,2026-09-17 18:00:00,977.0
20260917,180000,70W,35,2026,9,17,18,29.400000000000002,136.6,97300.0,2026-09-17 18:00:00,2026-09-17 18:00:00,973.0
20260917,180000,70W,35,2026,9,17,18,29.7,136.6,97300.0,2026-09-17 18:00:00,2026-09-17 18:00:00,973.0
20260917,180000,70W,35,2026,9,17,18,30.8,136.1,97200.0,2026-09-17 18:00:00,2026-09-17 18:00:00,972.0
20260917,180000,70W,35,2026,9,17,18,31.6,136.6,97300.0,2026-09-17 18:00:00,2026-09-17 18:00:00,973.0
20260917,180000,70W,35,2026,9,17,18,32.9,137.1,97200.0,2026-09-17 18:00:00,2026-09-17 18:00:00,972.0
20260917,180000,70W,35,2026,9,17,18,34.2,138.0,98000.0,2026-09-17 18:00:00,2026-09-17 18:00:00,980.0
20260917,180000,70W,35,2026,9,17,18,35.9,140.0,98000.0,2026-09-17 18:00:00,2026-09-17 18:00:00,980.0
20260917,180000,70W,35,2026,9,17,18,37.6,142.9,98400.0,2026-09-17 18:00:00,2026-09-17 18:00:00,984.0
20260917,180000,70W,35,2026,9,17,18,40.1,146.20000000000002,98300.0,2026-09-17 18:00:00,2026-09-17 18:00:00,983.0
20260917,180000,70W,35,2026,9,17,18,41.5,149.9,98500.0,2026-09-17 18:00:00,2026-09-17 18:00:00,985.0
20260917,180000,70W,35,2026,9,17,18,43.800000000000004,155.3,98300.0,2026-09-17 18:00:00,2026-09-17 18:00:00,983.0
20260917,180000,70W,35,2026,9,17,18,46.4,160.9,97900.0,2026-09-17 18:00:00,2026-09-17 18:00:00,979.0
20260917,180000,70W,36,2026,9,17,18,24.6,143.70000000000002,97900.0,2026-09-17 18:00:00,2026-09-17 18:00:00,979.0
20260917,180000,70W,36,2026,9,17,18,24.900000000000002,143.1,97500.0,2026-09-17 18:00:00,2026-09-17 18:00:00,975.0
20260917,180000,70W,36,2026,9,17,18,25.400000000000002,141.4,97800.0,2026-09-17 18:00:00,2026-09-17 18:00:00,978.0
20260917,180000,70W,36,2026,9,17,18,26.0,140.6,97500.0,2026-09-17 18:00:00,2026-09-17 18:00:00,975.0
20260917,180000,70W,36,2026,9,17,18,27.1,139.20000000000002,97400.0,2026-09-17 18:00:00,2026-09-17 18:00:00,974.0
20260917,180000,70W,36,2026,9,17,18,27.400000000000002,138.6,96900.0,2026-09-17 18:00:00,2026-09-17 18:00:00,969.0
20260917,180000,70W,36,2026,9,17,18,28.3,138.0,97000.0,2026-09-17 18:00:00,2026-09-17 18:00:00,970.0
20260917,180000,70W,36,2026,9,17,18,29.400000000000002,137.20000000000002,97100.0,2026-09-17 18:00:00,2026-09-17 18:00:00,971.0
20260917,180000,70W,36,2026,9,17,18,30.2,136.9,97100.0,2026-09-17 18:00:00,2026-09-17 18:00:00,971.0
20260917,180000,70W,36,2026,9,17,18,31.400000000000002,136.6,96800.0,2026-09-17 18:00:00,2026-09-17 18:00:00,968.0
20260917,180000,70W,36,2026,9,17,18,32.8,136.9,96900.0,2026-09-17 18:00:00,2026-09-17 18:00:00,969.0
20260917,180000,70W,36,2026,9,17,18,34.1,137.5,97100.0,2026-09-17 18:00:00,2026-09-17 18:00:00,971.0
20260917,180000,70W,36,2026,9,17,18,36.4,138.9,98300.0,2026-09-17 18:00:00,2026-09-17 18:00:00,983.0
20260917,180000,70W,36,2026,9,17,18,39.2,141.1,98200.0,2026-09-17 18:00:00,2026-09-17 18:00:00,982.0
20260917,180000,70W,36,2026,9,17,18,40.7,143.70000000000002,98400.0,2026-09-17 18:00:00,2026-09-17 18:00:00,984.0
20260917,180000,70W,37,2026,9,17,18,25.400000000000002,144.0,99600.0,2026-09-17 18:00:00,2026-09-17 18:00:00,996.0
20260917,180000,70W,37,2026,9,17,18,25.2,142.5,99100.0,2026-09-17 18:00:00,2026-09-17 18:00:00,991.0
20260917,180000,70W,37,2026,9,17,18,25.1,141.70000000000002,99100.0,2026-09-17 18:00:00,2026-09-17 18:00:00,991.0
20260917,180000,70W,37,2026,9,17,18,25.7,140.9,99100.0,2026-09-17 18:00:00,2026-09-17 18:00:00,991.0
20260917,180000,70W,37,2026,9,17,18,26.0,139.70000000000002,99200.0,2026-09-17 18:00:00,2026-09-17 18:00:00,992.0
20260917,180000,70W,37,2026,9,17,18,26.3,139.20000000000002,98800.0,2026-09-17 18:00:00,2026-09-17 18:00:00,988.0
20260917,180000,70W,37,2026,9,17,18,27.1,138.6,98400.0,2026-09-17 18:00:00,2026-09-17 18:00:00,984.0
20260917,180000,70W,37,2026,9,17,18,28.0,137.5,98000.0,2026-09-17 18:00:00,2026-09-17 18:00:00,980.0
20260917,180000,70W,37,2026,9,17,18,28.3,136.6,97700.0,2026-09-17 18:00:00,2026-09-17 18:00:00,977.0
20260917,180000,70W,37,2026,9,17,18,28.5,136.6,97900.0,2026-09-17 18:00:00,2026-09-17 18:00:00,979.0
20260917,180000,70W,37,2026,9,17,18,29.1,136.6,97900.0,2026-09-17 18:00:00,2026-09-17 18:00:00,979.0
20260917,180000,70W,37,2026,9,17,18,30.2,136.6,97900.0,2026-09-17 18:00:00,2026-09-17 18:00:00,979.0
20260917,180000,70W,37,2026,9,17,18,31.1,136.6,98000.0,2026-09-17 18:00:00,2026-09-17 18:00:00,980.0
20260917,180000,70W,37,2026,9,17,18,32.8,136.6,97500.0,2026-09-17 18:00:00,2026-09-17 18:00:00,975.0
20260917,180000,70W,37,2026,9,17,18,33.3,137.8,97700.0,2026-09-17 18:00:00,2026-09-17 18:00:00,977.0
20260917,180000,70W,37,2026,9,17,18,34.5,139.70000000000002,97800.0,2026-09-17 18:00:00,2026-09-17 18:00:00,978.0
20260917,180000,70W,37,2026,9,17,18,35.9,142.0,97800.0,2026-09-17 18:00:00,2026-09-17 18:00:00,978.0
20260917,180000,70W,37,2026,9,17,18,37.0,144.5,98100.0,2026-09-17 18:00:00,2026-09-17 18:00:00,981.0
20260917,180000,70W,37,2026,9,17,18,37.6,147.6,98700.0,2026-09-17 18:00:00,2026-09-17 18:00:00,987.0
20260917,180000,70W,37,2026,9,17,18,38.1,151.0,98700.0,2026-09-17 18:00:00,2026-09-17 18:00:00,987.0
20260917,180000,70W,37,2026,9,17,18,38.7,154.6,99200.0,2026-09-17 18:00:00,2026-09-17 18:00:00,992.0
20260917,180000,70W,37,2026,9,17,18,38.1,158.3,99500.0,2026-09-17 18:00:00,2026-09-17 18:00:00,995.0
20260917,180000,70W,38,2026,9,17,18,24.6,144.8,97600.0,2026-09-17 18:00:00,2026-09-17 18:00:00,976.0
20260917,180000,70W,38,2026,9,17,18,24.900000000000002,143.70000000000002,97600.0,2026-09-17 18:00:00,2026-09-17 18:00:00,976.0
20260917,180000,70W,38,2026,9,17,18,25.2,142.3,98000.0,2026-09-17 18:00:00,2026-09-17 18:00:00,980.0
20260917,180000,70W,38,2026,9,17,18,25.7,141.1,97800.0,2026-09-17 18:00:00,2026-09-17 18:00:00,978.0
20260917,180000,70W,38,2026,9,17,18,26.3,139.70000000000002,97800.0,2026-09-17 18:00:00,2026-09-17 18:00:00,978.0
20260917,180000,70W,38,2026,9,17,18,26.900000000000002,138.6,97600.0,2026-09-17 18:00:00,2026-09-17 18:00:00,976.0
20260917,180000,70W,38,2026,9,17,18,27.1,138.3,97900.0,2026-09-17 18:00:00,2026-09-17 18:00:00,979.0
20260917,180000,70W,38,2026,9,17,18,27.7,137.5,97500.0,2026-09-17 18:00:00,2026-09-17 18:00:00,975.0
20260917,180000,70W,38,2026,9,17,18,28.0,137.5,97800.0,2026-09-17 18:00:00,2026-09-17 18:00:00,978.0
20260917,180000,70W,38,2026,9,17,18,28.8,137.8,98200.0,2026-09-17 18:00:00,2026-09-17 18:00:00,982.0
20260917,180000,70W,38,2026,9,17,18,30.0,137.5,97800.0,2026-09-17 18:00:00,2026-09-17 18:00:00,978.0
20260917,180000,70W,38,2026,9,17,18,30.8,136.9,97800.0,2026-09-17 18:00:00,2026-09-17 18:00:00,978.0
20260917,180000,70W,38,2026,9,17,18,31.6,137.5,98000.0,2026-09-17 18:00:00,2026-09-17 18:00:00,980.0
20260917,180000,70W,38,2026,9,17,18,32.8,138.0,97700.0,2026-09-17 18:00:00,2026-09-17 18:00:00,977.0
20260917,180000,70W,38,2026,9,17,18,34.2,139.20000000000002,98300.0,2026-09-17 18:00:00,2026-09-17 18:00:00,983.0
20260917,180000,70W,38,2026,9,17,18,35.9,141.4,98500.0,2026-09-17 18:00:00,2026-09-17 18:00:00,985.0
20260917,180000,70W,38,2026,9,17,18,37.6,144.8,98800.0,2026-09-17 18:00:00,2026-09-17 18:00:00,988.0
20260917,180000,70W,38,2026,9,17,18,39.0,147.9,98500.0,2026-09-17 18:00:00,2026-09-17 18:00:00,985.0
20260917,180000,70W,38,2026,9,17,18,40.1,152.1,98900.0,2026-09-17 18:00:00,2026-09-17 18:00:00,989.0
20260917,180000,70W,38,2026,9,17,18,42.1,157.20000000000002,99000.0,2026-09-17 18:00:00,2026-09-17 18:00:00,990.0
20260917,180000,70W,38,2026,9,17,18,43.2,162.3,99000.0,2026-09-17 18:00:00,2026-09-17 18:00:00,990.0
20260917,180000,70W,38,2026,9,17,18,44.800000000000004,167.9,99000.0,2026-09-17 18:00:00,2026-09-17 18:00:00,990.0
20260917,180000,70W,38,2026,9,17,18,46.7,174.4,98900.0,2026-09-17 18:00:00,2026-09-17 18:00:00,989.0
20260917,180000,70W,39,2026,9,17,18,25.400000000000002,144.5,98200.0,2026-09-17 18:00:00,2026-09-17 18:00:00,982.0
20260917,180000,70W,39,2026,9,17,18,25.2,142.8,97800.0,2026-09-17 18:00:00,2026-09-17 18:00:00,978.0
20260917,180000,70W,39,2026,9,17,18,25.2,142.3,97800.0,2026-09-17 18:00:00,2026-09-17 18:00:00,978.0
20260917,180000,70W,39,2026,9,17,18,25.3,140.8,97400.0,2026-09-17 18:00:00,2026-09-17 18:00:00,974.0
20260917,180000,70W,39,2026,9,17,18,26.0,140.6,97000.0,2026-09-17 18:00:00,2026-09-17 18:00:00,970.0
20260917,180000,70W,39,2026,9,17,18,26.6,139.5,96600.0,2026-09-17 18:00:00,2026-09-17 18:00:00,966.0
20260917,180000,70W,39,2026,9,17,18,27.7,139.20000000000002,97100.0,2026-09-17 18:00:00,2026-09-17 18:00:00,971.0
20260917,180000,70W,39,2026,9,17,18,28.8,138.3,97000.0,2026-09-17 18:00:00,2026-09-17 18:00:00,970.0
20260917,180000,70W,39,2026,9,17,18,29.400000000000002,138.0,97100.0,2026-09-17 18:00:00,2026-09-17 18:00:00,971.0
20260917,180000,70W,39,2026,9,17,18,30.5,138.3,97200.0,2026-09-17 18:00:00,2026-09-17 18:00:00,972.0
20260917,180000,70W,39,2026,9,17,18,31.400000000000002,138.6,97200.0,2026-09-17 18:00:00,2026-09-17 18:00:00,972.0
20260917,180000,70W,39,2026,9,17,18,32.5,138.9,97300.0,2026-09-17 18:00:00,2026-09-17 18:00:00,973.0
20260917,180000,70W,39,2026,9,17,18,33.3,140.0,97700.0,2026-09-17 18:00:00,2026-09-17 18:00:00,977.0
20260917,180000,70W,39,2026,9,17,18,34.7,141.1,97400.0,2026-09-17 18:00:00,2026-09-17 18:00:00,974.0
20260917,180000,70W,39,2026,9,17,18,36.1,143.1,97900.0,2026-09-17 18:00:00,2026-09-17 18:00:00,979.0
20260917,180000,70W,39,2026,9,17,18,37.6,145.4,97900.0,2026-09-17 18:00:00,2026-09-17 18:00:00,979.0
20260917,180000,70W,39,2026,9,17,18,39.0,148.5,98200.0,2026-09-17 18:00:00,2026-09-17 18:00:00,982.0
20260917,180000,70W,39,2026,9,17,18,39.9,151.4,98200.0,2026-09-17 18:00:00,2026-09-17 18:00:00,982.0
20260917,180000,70W,39,2026,9,17,18,41.6,155.3,98500.0,2026-09-17 18:00:00,2026-09-17 18:00:00,985.0
20260917,180000,70W,39,2026,9,17,18,43.2,159.0,98400.0,2026-09-17 18:00:00,2026-09-17 18:00:00,984.0
20260917,180000,70W,39,2026,9,17,18,45.1,163.4,98300.0,2026-09-17 18:00:00,2026-09-17 18:00:00,983.0
20260917,180000,70W,39,2026,9,17,18,47.4,167.8,98300.0,2026-09-17 18:00:00,2026-09-17 18:00:00,983.0
20260917,180000,70W,40,2026,9,17,18,25.400000000000002,144.0,98000.0,2026-09-17 18:00:00,2026-09-17 18:00:00,980.0
20260917,180000,70W,40,2026,9,17,18,25.2,142.8,97800.0,2026-09-17 18:00:00,2026-09-17 18:00:00,978.0
20260917,180000,70W,40,2026,9,17,18,25.400000000000002,142.0,97600.0,2026-09-17 18:00:00,2026-09-17 18:00:00,976.0
20260917,180000,70W,40,2026,9,17,18,25.7,140.6,97500.0,2026-09-17 18:00:00,2026-09-17 18:00:00,975.0
20260917,180000,70W,40,2026,9,17,18,26.3,139.70000000000002,97800.0,2026-09-17 18:00:00,2026-09-17 18:00:00,978.0
20260917,180000,70W,40,2026,9,17,18,26.6,138.6,97600.0,2026-09-17 18:00:00,2026-09-17 18:00:00,976.0
20260917,180000,70W,40,2026,9,17,18,26.900000000000002,137.8,97800.0,2026-09-17 18:00:00,2026-09-17 18:00:00,978.0
20260917,180000,70W,40,2026,9,17,18,27.400000000000002,137.8,97500.0,2026-09-17 18:00:00,2026-09-17 18:00:00,975.0
20260917,180000,70W,40,2026,9,17,18,28.0,137.20000000000002,97800.0,2026-09-17 18:00:00,2026-09-17 18:00:00,978.0
20260917,180000,70W,40,2026,9,17,18,28.8,136.6,97600.0,2026-09-17 18:00:00,2026-09-17 18:00:00,976.0
20260917,180000,70W,40,2026,9,17,18,29.400000000000002,136.6,97500.0,2026-09-17 18:00:00,2026-09-17 18:00:00,975.0
20260917,180000,70W,40,2026,9,17,18,30.2,136.1,97300.0,2026-09-17 18:00:00,2026-09-17 18:00:00,973.0
20260917,180000,70W,40,2026,9,17,18,31.400000000000002,136.4,97600.0,2026-09-17 18:00:00,2026-09-17 18:00:00,976.0
20260917,180000,70W,40,2026,9,17,18,32.5,136.9,97300.0,2026-09-17 18:00:00,2026-09-17 18:00:00,973.0
20260917,180000,70W,40,2026,9,17,18,33.6,137.8,97600.0,2026-09-17 18:00:00,2026-09-17 18:00:00,976.0
20260917,180000,70W,40,2026,9,17,18,35.0,139.5,98100.0,2026-09-17 18:00:00,2026-09-17 18:00:00,981.0
20260917,180000,70W,40,2026,9,17,18,37.0,142.0,98500.0,2026-09-17 18:00:00,2026-09-17 18:00:00,985.0
20260917,180000,70W,40,2026,9,17,18,38.1,144.8,98400.0,2026-09-17 18:00:00,2026-09-17 18:00:00,984.0
20260917,180000,70W,40,2026,9,17,18,39.300000000000004,148.3,98900.0,2026-09-17 18:00:00,2026-09-17 18:00:00,989.0
20260917,180000,70W,40,2026,9,17,18,40.4,151.8,98900.0,2026-09-17 18:00:00,2026-09-17 18:00:00,989.0
20260917,180000,70W,40,2026,9,17,18,41.5,156.6,99300.0,2026-09-17 18:00:00,2026-09-17 18:00:00,993.0
20260917,180000,70W,41,2026,9,17,18,25.7,144.5,98300.0,2026-09-17 18:00:00,2026-09-17 18:00:00,983.0
20260917,180000,70W,41,2026,9,17,18,26.0,143.4,97700.0,2026-09-17 18:00:00,2026-09-17 18:00:00,977.0
20260917,180000,70W,41,2026,9,17,18,26.0,142.0,97600.0,2026-09-17 18:00:00,2026-09-17 18:00:00,976.0
20260917,180000,70W,41,2026,9,17,18,26.6,140.3,97500.0,2026-09-17 18:00:00,2026-09-17 18:00:00,975.0
20260917,180000,70W,41,2026,9,17,18,26.900000000000002,139.5,97400.0,2026-09-17 18:00:00,2026-09-17 18:00:00,974.0
20260917,180000,70W,41,2026,9,17,18,27.400000000000002,138.9,97200.0,2026-09-17 18:00:00,2026-09-17 18:00:00,972.0
20260917,180000,70W,41,2026,9,17,18,28.3,138.3,97100.0,2026-09-17 18:00:00,2026-09-17 18:00:00,971.0
20260917,180000,70W,41,2026,9,17,18,29.1,138.0,97100.0,2026-09-17 18:00:00,2026-09-17 18:00:00,971.0
20260917,180000,70W,41,2026,9,17,18,30.2,138.0,97400.0,2026-09-17 18:00:00,2026-09-17 18:00:00,974.0
20260917,180000,70W,41,2026,9,17,18,31.6,138.0,97500.0,2026-09-17 18:00:00,2026-09-17 18:00:00,975.0
20260917,180000,70W,41,2026,9,17,18,32.5,138.0,97600.0,2026-09-17 18:00:00,2026-09-17 18:00:00,976.0
20260917,180000,70W,41,2026,9,17,18,34.1,139.4,97700.0,2026-09-17 18:00:00,2026-09-17 18:00:00,977.0
20260917,180000,70W,41,2026,9,17,18,36.4,140.9,98100.0,2026-09-17 18:00:00,2026-09-17 18:00:00,981.0
20260917,180000,70W,41,2026,9,17,18,38.1,143.4,98100.0,2026-09-17 18:00:00,2026-09-17 18:00:00,981.0
20260917,180000,70W,41,2026,9,17,18,39.800000000000004,145.9,98700.0,2026-09-17 18:00:00,2026-09-17 18:00:00,987.0
20260917,180000,70W,41,2026,9,17,18,41.2,149.9,98500.0,2026-09-17 18:00:00,2026-09-17 18:00:00,985.0
20260917,180000,70W,41,2026,9,17,18,43.2,151.8,98500.0,2026-09-17 18:00:00,2026-09-17 18:00:00,985.0
20260917,180000,70W,42,2026,9,17,18,25.2,144.20000000000002,98900.0,2026-09-17 18:00:00,2026-09-17 18:00:00,989.0
20260917,180000,70W,42,2026,9,17,18,25.400000000000002,143.1,98700.0,2026-09-17 18:00:00,2026-09-17 18:00:00,987.0
20260917,180000,70W,42,2026,9,17,18,26.0,141.70000000000002,98600.0,2026-09-17 18:00:00,2026-09-17 18:00:00,986.0
20260917,180000,70W,42,2026,9,17,18,26.3,140.9,98400.0,2026-09-17 18:00:00,2026-09-17 18:00:00,984.0
20260917,180000,70W,42,2026,9,17,18,26.900000000000002,139.70000000000002,98300.0,2026-09-17 18:00:00,2026-09-17 18:00:00,983.0
20260917,180000,70W,42,2026,9,17,18,27.400000000000002,138.9,97900.0,2026-09-17 18:00:00,2026-09-17 18:00:00,979.0
20260917,180000,70W,42,2026,9,17,18,28.0,138.6,97800.0,2026-09-17 18:00:00,2026-09-17 18:00:00,978.0
20260917,180000,70W,42,2026,9,17,18,29.400000000000002,137.8,97300.0,2026-09-17 18:00:00,2026-09-17 18:00:00,973.0
20260917,180000,70W,42,2026,9,17,18,30.0,138.0,97400.0,2026-09-17 18:00:00,2026-09-17 18:00:00,974.0
20260917,180000,70W,42,2026,9,17,18,30.5,138.3,97400.0,2026-09-17 18:00:00,2026-09-17 18:00:00,974.0
20260917,180000,70W,42,2026,9,17,18,31.6,138.6,97700.0,2026-09-17 18:00:00,2026-09-17 18:00:00,977.0
20260917,180000,70W,42,2026,9,17,18,32.8,139.20000000000002,97700.0,2026-09-17 18:00:00,2026-09-17 18:00:00,977.0
20260917,180000,70W,42,2026,9,17,18,34.5,140.3,98200.0,2026-09-17 18:00:00,2026-09-17 18:00:00,982.0
20260917,180000,70W,42,2026,9,17,18,36.1,142.3,98000.0,2026-09-17 18:00:00,2026-09-17 18:00:00,980.0
20260917,180000,70W,42,2026,9,17,18,37.6,144.8,98100.0,2026-09-17 18:00:00,2026-09-17 18:00:00,981.0
20260917,180000,70W,42,2026,9,17,18,39.0,148.70000000000002,98100.0,2026-09-17 18:00:00,2026-09-17 18:00:00,981.0
20260917,180000,70W,42,2026,9,17,18,40.9,152.70000000000002,98300.0,2026-09-17 18:00:00,2026-09-17 18:00:00,983.0
20260917,180000,70W,42,2026,9,17,18,42.300000000000004,156.0,98500.0,2026-09-17 18:00:00,2026-09-17 18:00:00,985.0
20260917,180000,70W,42,2026,9,17,18,43.0,160.20000000000002,98900.0,2026-09-17 18:00:00,2026-09-17 18:00:00,989.0
20260917,180000,70W,42,2026,9,17,18,45.0,165.3,99000.0,2026-09-17 18:00:00,2026-09-17 18:00:00,990.0
20260917,180000,70W,43,2026,9,17,18,25.2,144.5,98300.0,2026-09-17 18:00:00,2026-09-17 18:00:00,983.0
20260917,180000,70W,43,2026,9,17,18,25.2,143.4,97800.0,2026-09-17 18:00:00,2026-09-17 18:00:00,978.0
20260917,180000,70W,43,2026,9,17,18,25.7,142.3,98000.0,2026-09-17 18:00:00,2026-09-17 18:00:00,980.0
20260917,180000,70W,43,2026,9,17,18,25.7,141.4,97600.0,2026-09-17 18:00:00,2026-09-17 18:00:00,976.0
20260917,180000,70W,43,2026,9,17,18,26.6,140.3,97500.0,2026-09-17 18:00:00,2026-09-17 18:00:00,975.0
20260917,180000,70W,43,2026,9,17,18,27.7,139.20000000000002,97400.0,2026-09-17 18:00:00,2026-09-17 18:00:00,974.0
20260917,180000,70W,43,2026,9,17,18,28.0,138.3,97600.0,2026-09-17 18:00:00,2026-09-17 18:00:00,976.0
20260917,180000,70W,43,2026,9,17,18,28.5,138.0,97300.0,2026-09-17 18:00:00,2026-09-17 18:00:00,973.0
20260917,180000,70W,43,2026,9,17,18,29.400000000000002,137.8,97200.0,2026-09-17 18:00:00,2026-09-17 18:00:00,972.0
20260917,180000,70W,43,2026,9,17,18,30.2,137.5,96700.0,2026-09-17 18:00:00,2026-09-17 18:00:00,967.0
20260917,180000,70W,43,2026,9,17,18,31.1,137.5,97000.0,2026-09-17 18:00:00,2026-09-17 18:00:00,970.0
20260917,180000,70W,43,2026,9,17,18,32.2,137.8,97100.0,2026-09-17 18:00:00,2026-09-17 18:00:00,971.0
20260917,180000,70W,43,2026,9,17,18,33.6,138.3,97600.0,2026-09-17 18:00:00,2026-09-17 18:00:00,976.0
20260917,180000,70W,43,2026,9,17,18,35.300000000000004,139.70000000000002,97900.0,2026-09-17 18:00:00,2026-09-17 18:00:00,979.0
20260917,180000,70W,43,2026,9,17,18,37.0,141.70000000000002,98300.0,2026-09-17 18:00:00,2026-09-17 18:00:00,983.0
20260917,180000,70W,43,2026,9,17,18,38.9,145.0,98500.0,2026-09-17 18:00:00,2026-09-17 18:00:00,985.0
20260917,180000,70W,43,2026,9,17,18,40.9,148.70000000000002,98400.0,2026-09-17 18:00:00,2026-09-17 18:00:00,984.0
20260917,180000,70W,43,2026,9,17,18,41.800000000000004,152.70000000000002,98700.0,2026-09-17 18:00:00,2026-09-17 18:00:00,987.0
20260917,180000,70W,43,2026,9,17,18,43.5,158.0,98900.0,2026-09-17 18:00:00,2026-09-17 18:00:00,989.0
20260917,180000,70W,43,2026,9,17,18,44.0,162.8,98700.0,2026-09-17 18:00:00,2026-09-17 18:00:00,987.0
20260917,180000,70W,44,2026,9,17,18,24.6,144.0,98600.0,2026-09-17 18:00:00,2026-09-17 18:00:00,986.0
20260917,180000,70W,44,2026,9,17,18,24.6,142.8,98500.0,2026-09-17 18:00:00,2026-09-17 18:00:00,985.0
20260917,180000,70W,44,2026,9,17,18,24.6,141.70000000000002,98600.0,2026-09-17 18:00:00,2026-09-17 18:00:00,986.0
20260917,180000,70W,44,2026,9,17,18,25.2,140.9,98300.0,2026-09-17 18:00:00,2026-09-17 18:00:00,983.0
20260917,180000,70W,44,2026,9,17,18,25.2,140.0,98500.0,2026-09-17 18:00:00,2026-09-17 18:00:00,985.0
20260917,180000,70W,44,2026,9,17,18,26.0,139.5,98100.0,2026-09-17 18:00:00,2026-09-17 18:00:00,981.0
20260917,180000,70W,44,2026,9,17,18,26.400000000000002,138.5,98300.0,2026-09-17 18:00:00,2026-09-17 18:00:00,983.0
20260917,180000,70W,44,2026,9,17,18,27.400000000000002,138.1,98200.0,2026-09-17 18:00:00,2026-09-17 18:00:00,982.0
20260917,180000,70W,44,2026,9,17,18,28.0,137.20000000000002,98100.0,2026-09-17 18:00:00,2026-09-17 18:00:00,981.0
20260917,180000,70W,44,2026,9,17,18,28.5,137.20000000000002,97700.0,2026-09-17 18:00:00,2026-09-17 18:00:00,977.0
20260917,180000,70W,44,2026,9,17,18,29.1,136.6,97600.0,2026-09-17 18:00:00,2026-09-17 18:00:00,976.0
20260917,180000,70W,44,2026,9,17,18,30.0,136.6,97400.0,2026-09-17 18:00:00,2026-09-17 18:00:00,974.0
20260917,180000,70W,44,2026,9,17,18,30.8,136.4,96900.0,2026-09-17 18:00:00,2026-09-17 18:00:00,969.0
20260917,180000,70W,44,2026,9,17,18,31.900000000000002,136.9,96800.0,2026-09-17 18:00:00,2026-09-17 18:00:00,968.0
20260917,180000,70W,44,2026,9,17,18,32.8,137.8,97100.0,2026-09-17 18:00:00,2026-09-17 18:00:00,971.0
20260917,180000,70W,44,2026,9,17,18,34.2,139.20000000000002,97700.0,2026-09-17 18:00:00,2026-09-17 18:00:00,977.0
20260917,180000,70W,44,2026,9,17,18,36.1,141.1,97900.0,2026-09-17 18:00:00,2026-09-17 18:00:00,979.0
20260917,180000,70W,44,2026,9,17,18,37.800000000000004,143.70000000000002,97700.0,2026-09-17 18:00:00,2026-09-17 18:00:00,977.0
20260917,180000,70W,44,2026,9,17,18,39.0,147.0,98300.0,2026-09-17 18:00:00,2026-09-17 18:00:00,983.0
20260917,180000,70W,44,2026,9,17,18,40.1,150.4,98400.0,2026-09-17 18:00:00,2026-09-17 18:00:00,984.0
20260917,180000,70W,44,2026,9,17,18,41.800000000000004,155.3,98300.0,2026-09-17 18:00:00,2026-09-17 18:00:00,983.0
20260917,180000,70W,44,2026,9,17,18,44.1,160.9,98600.0,2026-09-17 18:00:00,2026-09-17 18:00:00,986.0
20260917,180000,70W,45,2026,9,17,18,24.900000000000002,144.0,98600.0,2026-09-17 18:00:00,2026-09-17 18:00:00,986.0
20260917,180000,70W,45,2026,9,17,18,25.2,143.0,98400.0,2026-09-17 18:00:00,2026-09-17 18:00:00,984.0
20260917,180000,70W,45,2026,9,17,18,25.7,142.3,98200.0,2026-09-17 18:00:00,2026-09-17 18:00:00,982.0
20260917,180000,70W,45,2026,9,17,18,26.0,140.6,97800.0,2026-09-17 18:00:00,2026-09-17 18:00:00,978.0
20260917,180000,70W,45,2026,9,17,18,26.3,139.5,97600.0,2026-09-17 18:00:00,2026-09-17 18:00:00,976.0
20260917,180000,70W,45,2026,9,17,18,27.1,138.6,97000.0,2026-09-17 18:00:00,2026-09-17 18:00:00,970.0
20260917,180000,70W,45,2026,9,17,18,27.7,138.0,96900.0,2026-09-17 18:00:00,2026-09-17 18:00:00,969.0
20260917,180000,70W,45,2026,9,17,18,28.3,137.20000000000002,97000.0,2026-09-17 18:00:00,2026-09-17 18:00:00,970.0
20260917,180000,70W,45,2026,9,17,18,29.1,136.6,96800.0,2026-09-17 18:00:00,2026-09-17 18:00:00,968.0
20260917,180000,70W,45,2026,9,17,18,29.7,136.6,96800.0,2026-09-17 18:00:00,2026-09-17 18:00:00,968.0
20260917,180000,70W,45,2026,9,17,18,30.8,136.4,97000.0,2026-09-17 18:00:00,2026-09-17 18:00:00,970.0
20260917,180000,70W,45,2026,9,17,18,31.6,136.4,97300.0,2026-09-17 18:00:00,2026-09-17 18:00:00,973.0
20260917,180000,70W,45,2026,9,17,18,32.8,136.9,97400.0,2026-09-17 18:00:00,2026-09-17 18:00:00,974.0
20260917,180000,70W,45,2026,9,17,18,33.9,138.0,97900.0,2026-09-17 18:00:00,2026-09-17 18:00:00,979.0
20260917,180000,70W,45,2026,9,17,18,35.300000000000004,140.3,98400.0,2026-09-17 18:00:00,2026-09-17 18:00:00,984.0
20260917,180000,70W,45,2026,9,17,18,36.7,142.3,98700.0,2026-09-17 18:00:00,2026-09-17 18:00:00,987.0
20260917,180000,70W,45,2026,9,17,18,37.800000000000004,145.1,98900.0,2026-09-17 18:00:00,2026-09-17 18:00:00,989.0
20260917,180000,70W,45,2026,9,17,18,39.0,149.0,98700.0,2026-09-17 18:00:00,2026-09-17 18:00:00,987.0
20260917,180000,70W,45,2026,9,17,18,38.7,151.0,99100.0,2026-09-17 18:00:00,2026-09-17 18:00:00,991.0
20260917,180000,70W,46,2026,9,17,18,26.0,144.5,99000.0,2026-09-17 18:00:00,2026-09-17 18:00:00,990.0
20260917,180000,70W,46,2026,9,17,18,26.0,143.1,98600.0,2026-09-17 18:00:00,2026-09-17 18:00:00,986.0
20260917,180000,70W,46,2026,9,17,18,25.400000000000002,142.3,98600.0,2026-09-17 18:00:00,2026-09-17 18:00:00,986.0
20260917,180000,70W,46,2026,9,17,18,26.0,141.4,98400.0,2026-09-17 18:00:00,2026-09-17 18:00:00,984.0
20260917,180000,70W,46,2026,9,17,18,26.6,139.70000000000002,98400.0,2026-09-17 18:00:00,2026-09-17 18:00:00,984.0
20260917,180000,70W,46,2026,9,17,18,26.900000000000002,139.0,98200.0,2026-09-17 18:00:00,2026-09-17 18:00:00,982.0
20260917,180000,70W,46,2026,9,17,18,27.400000000000002,138.9,98300.0,2026-09-17 18:00:00,2026-09-17 18:00:00,983.0
20260917,180000,70W,46,2026,9,17,18,29.1,138.3,98100.0,2026-09-17 18:00:00,2026-09-17 18:00:00,981.0
20260917,180000,70W,46,2026,9,17,18,29.1,138.0,98200.0,2026-09-17 18:00:00,2026-09-17 18:00:00,982.0
20260917,180000,70W,46,2026,9,17,18,30.0,138.0,97900.0,2026-09-17 18:00:00,2026-09-17 18:00:00,979.0
20260917,180000,70W,46,2026,9,17,18,30.8,138.6,98100.0,2026-09-17 18:00:00,2026-09-17 18:00:00,981.0
20260917,180000,70W,46,2026,9,17,18,31.900000000000002,139.20000000000002,98100.0,2026-09-17 18:00:00,2026-09-17 18:00:00,981.0
20260917,180000,70W,46,2026,9,17,18,33.3,139.70000000000002,98100.0,2026-09-17 18:00:00,2026-09-17 18:00:00,981.0
20260917,180000,70W,46,2026,9,17,18,34.300000000000004,141.8,97900.0,2026-09-17 18:00:00,2026-09-17 18:00:00,979.0
20260917,180000,70W,46,2026,9,17,18,36.1,144.0,97900.0,2026-09-17 18:00:00,2026-09-17 18:00:00,979.0
20260917,180000,70W,46,2026,9,17,18,37.0,146.20000000000002,98100.0,2026-09-17 18:00:00,2026-09-17 18:00:00,981.0
20260917,180000,70W,46,2026,9,17,18,37.800000000000004,149.6,98100.0,2026-09-17 18:00:00,2026-09-17 18:00:00,981.0
20260917,180000,70W,46,2026,9,17,18,38.4,152.70000000000002,98100.0,2026-09-17 18:00:00,2026-09-17 18:00:00,981.0
20260917,180000,70W,46,2026,9,17,18,39.0,155.5,98600.0,2026-09-17 18:00:00,2026-09-17 18:00:00,986.0
20260917,180000,70W,46,2026,9,17,18,39.2,158.9,98800.0,2026-09-17 18:00:00,2026-09-17 18:00:00,988.0
20260917,180000,70W,46,2026,9,17,18,40.7,162.20000000000002,98800.0,2026-09-17 18:00:00,2026-09-17 18:00:00,988.0
20260917,180000,70W,46,2026,9,17,18,41.5,166.20000000000002,99100.0,2026-09-17 18:00:00,2026-09-17 18:00:00,991.0
20260917,180000,70W,46,2026,9,17,18,40.4,169.5,99300.0,2026-09-17 18:00:00,2026-09-17 18:00:00,993.0
20260917,180000,70W,46,2026,9,17,18,40.1,172.6,99300.0,2026-09-17 18:00:00,2026-09-17 18:00:00,993.0
20260917,180000,70W,46,2026,9,17,18,40.4,175.70000000000002,99700.0,2026-09-17 18:00:00,2026-09-17 18:00:00,997.0
20260917,180000,70W,47,2026,9,17,18,26.0,144.0,99500.0,2026-09-17 18:00:00,2026-09-17 18:00:00,995.0
20260917,180000,70W,47,2026,9,17,18,25.7,142.5,99200.0,2026-09-17 18:00:00,2026-09-17 18:00:00,992.0
20260917,180000,70W,47,2026,9,17,18,25.7,141.1,99300.0,2026-09-17 18:00:00,2026-09-17 18:00:00,993.0
20260917,180000,70W,47,2026,9,17,18,26.0,140.0,99000.0,2026-09-17 18:00:00,2026-09-17 18:00:00,990.0
20260917,180000,70W,47,2026,9,17,18,26.900000000000002,138.9,98800.0,2026-09-17 18:00:00,2026-09-17 18:00:00,988.0
20260917,180000,70W,47,2026,9,17,18,27.5,138.4,98300.0,2026-09-17 18:00:00,2026-09-17 18:00:00,983.0
20260917,180000,70W,47,2026,9,17,18,28.0,138.0,98200.0,2026-09-17 18:00:00,2026-09-17 18:00:00,982.0
20260917,180000,70W,47,2026,9,17,18,28.5,137.5,98100.0,2026-09-17 18:00:00,2026-09-17 18:00:00,981.0
20260917,180000,70W,47,2026,9,17,18,29.7,137.20000000000002,98300.0,2026-09-17 18:00:00,2026-09-17 18:00:00,983.0
20260917,180000,70W,47,2026,9,17,18,30.5,137.5,98000.0,2026-09-17 18:00:00,2026-09-17 18:00:00,980.0
20260917,180000,70W,47,2026,9,17,18,31.900000000000002,137.20000000000002,97800.0,2026-09-17 18:00:00,2026-09-17 18:00:00,978.0
20260917,180000,70W,47,2026,9,17,18,33.0,137.5,97500.0,2026-09-17 18:00:00,2026-09-17 18:00:00,975.0
20260917,180000,70W,47,2026,9,17,18,34.2,138.3,97500.0,2026-09-17 18:00:00,2026-09-17 18:00:00,975.0
20260917,180000,70W,47,2026,9,17,18,35.6,140.0,98200.0,2026-09-17 18:00:00,2026-09-17 18:00:00,982.0
20260917,180000,70W,47,2026,9,17,18,37.300000000000004,142.3,98700.0,2026-09-17 18:00:00,2026-09-17 18:00:00,987.0
20260917,180000,70W,47,2026,9,17,18,39.300000000000004,145.3,98700.0,2026-09-17 18:00:00,2026-09-17 18:00:00,987.0
20260917,180000,70W,47,2026,9,17,18,40.9,149.3,98800.0,2026-09-17 18:00:00,2026-09-17 18:00:00,988.0
20260917,180000,70W,47,2026,9,17,18,42.300000000000004,153.0,98900.0,2026-09-17 18:00:00,2026-09-17 18:00:00,989.0
20260917,180000,70W,47,2026,9,17,18,44.0,158.3,99100.0,2026-09-17 18:00:00,2026-09-17 18:00:00,991.0
20260917,180000,70W,48,2026,9,17,18,24.900000000000002,144.8,98500.0,2026-09-17 18:00:00,2026-09-17 18:00:00,985.0
20260917,180000,70W,48,2026,9,17,18,25.400000000000002,143.4,98200.0,2026-09-17 18:00:00,2026-09-17 18:00:00,982.0
20260917,180000,70W,48,2026,9,17,18,26.0,142.0,97900.0,2026-09-17 18:00:00,2026-09-17 18:00:00,979.0
20260917,180000,70W,48,2026,9,17,18,26.3,140.6,97700.0,2026-09-17 18:00:00,2026-09-17 18:00:00,977.0
20260917,180000,70W,48,2026,9,17,18,26.6,139.5,97600.0,2026-09-17 18:00:00,2026-09-17 18:00:00,976.0
20260917,180000,70W,48,2026,9,17,18,26.900000000000002,138.6,97300.0,2026-09-17 18:00:00,2026-09-17 18:00:00,973.0
20260917,180000,70W,48,2026,9,17,18,27.400000000000002,138.3,97600.0,2026-09-17 18:00:00,2026-09-17 18:00:00,976.0
20260917,180000,70W,48,2026,9,17,18,28.0,137.8,97700.0,2026-09-17 18:00:00,2026-09-17 18:00:00,977.0
20260917,180000,70W,48,2026,9,17,18,28.6,137.3,98000.0,2026-09-17 18:00:00,2026-09-17 18:00:00,980.0
20260917,180000,70W,48,2026,9,17,18,29.7,137.5,98000.0,2026-09-17 18:00:00,2026-09-17 18:00:00,980.0
20260917,180000,70W,48,2026,9,17,18,30.5,137.20000000000002,98200.0,2026-09-17 18:00:00,2026-09-17 18:00:00,982.0
20260917,180000,70W,48,2026,9,17,18,31.6,137.20000000000002,98000.0,2026-09-17 18:00:00,2026-09-17 18:00:00,980.0
20260917,180000,70W,48,2026,9,17,18,33.0,137.8,98100.0,2026-09-17 18:00:00,2026-09-17 18:00:00,981.0
20260917,180000,70W,48,2026,9,17,18,34.2,138.6,98100.0,2026-09-17 18:00:00,2026-09-17 18:00:00,981.0
20260917,180000,70W,48,2026,9,17,18,35.6,140.9,99000.0,2026-09-17 18:00:00,2026-09-17 18:00:00,990.0
20260917,180000,70W,48,2026,9,17,18,37.800000000000004,143.70000000000002,98800.0,2026-09-17 18:00:00,2026-09-17 18:00:00,988.0
20260917,180000,70W,48,2026,9,17,18,38.4,145.6,98700.0,2026-09-17 18:00:00,2026-09-17 18:00:00,987.0
20260917,180000,70W,48,2026,9,17,18,39.0,149.3,99300.0,2026-09-17 18:00:00,2026-09-17 18:00:00,993.0
20260917,180000,70W,48,2026,9,17,18,40.4,153.0,99600.0,2026-09-17 18:00:00,2026-09-17 18:00:00,996.0
20260917,180000,70W,49,2026,9,17,18,25.400000000000002,144.20000000000002,98200.0,2026-09-17 18:00:00,2026-09-17 18:00:00,982.0
20260917,180000,70W,49,2026,9,17,18,25.400000000000002,142.8,98100.0,2026-09-17 18:00:00,2026-09-17 18:00:00,981.0
20260917,180000,70W,49,2026,9,17,18,25.400000000000002,141.4,98100.0,2026-09-17 18:00:00,2026-09-17 18:00:00,981.0
20260917,180000,70W,49,2026,9,17,18,25.7,140.6,98000.0,2026-09-17 18:00:00,2026-09-17 18:00:00,980.0
20260917,180000,70W,49,2026,9,17,18,26.3,139.6,98100.0,2026-09-17 18:00:00,2026-09-17 18:00:00,981.0
20260917,180000,70W,49,2026,9,17,18,27.1,138.9,97400.0,2026-09-17 18:00:00,2026-09-17 18:00:00,974.0
20260917,180000,70W,49,2026,9,17,18,27.7,138.3,97700.0,2026-09-17 18:00:00,2026-09-17 18:00:00,977.0
20260917,180000,70W,49,2026,9,17,18,28.5,137.8,97500.0,2026-09-17 18:00:00,2026-09-17 18:00:00,975.0
20260917,180000,70W,49,2026,9,17,18,29.400000000000002,136.9,97500.0,2026-09-17 18:00:00,2026-09-17 18:00:00,975.0
20260917,180000,70W,49,2026,9,17,18,30.0,136.9,97500.0,2026-09-17 18:00:00,2026-09-17 18:00:00,975.0
20260917,180000,70W,49,2026,9,17,18,30.5,136.6,97500.0,2026-09-17 18:00:00,2026-09-17 18:00:00,975.0
20260917,180000,70W,49,2026,9,17,18,31.6,136.9,97300.0,2026-09-17 18:00:00,2026-09-17 18:00:00,973.0
20260917,180000,70W,49,2026,9,17,18,33.0,137.20000000000002,97200.0,2026-09-17 18:00:00,2026-09-17 18:00:00,972.0
20260917,180000,70W,49,2026,9,17,18,34.2,138.3,97400.0,2026-09-17 18:00:00,2026-09-17 18:00:00,974.0
20260917,180000,70W,49,2026,9,17,18,35.9,140.6,97800.0,2026-09-17 18:00:00,2026-09-17 18:00:00,978.0
20260917,180000,70W,49,2026,9,17,18,37.800000000000004,142.8,98200.0,2026-09-17 18:00:00,2026-09-17 18:00:00,982.0
20260917,180000,70W,49,2026,9,17,18,39.800000000000004,145.9,98200.0,2026-09-17 18:00:00,2026-09-17 18:00:00,982.0
20260917,180000,70W,49,2026,9,17,18,41.6,149.8,98000.0,2026-09-17 18:00:00,2026-09-17 18:00:00,980.0
20260917,180000,70W,49,2026,9,17,18,42.5,153.5,98000.0,2026-09-17 18:00:00,2026-09-17 18:00:00,980.0
20260917,180000,70W,49,2026,9,17,18,44.6,157.70000000000002,97500.0,2026-09-17 18:00:00,2026-09-17 18:00:00,975.0
20260917,180000,70W,50,2026,9,17,18,25.7,144.5,98800.0,2026-09-17 18:00:00,2026-09-17 18:00:00,988.0
20260917,180000,70W,50,2026,9,17,18,25.7,143.1,98400.0,2026-09-17 18:00:00,2026-09-17 18:00:00,984.0
20260917,180000,70W,50,2026,9,17,18,26.0,141.70000000000002,98400.0,2026-09-17 18:00:00,2026-09-17 18:00:00,984.0
20260917,180000,70W,50,2026,9,17,18,25.7,140.6,97900.0,2026-09-17 18:00:00,2026-09-17 18:00:00,979.0
20260917,180000,70W,50,2026,9,17,18,26.3,139.70000000000002,97700.0,2026-09-17 18:00:00,2026-09-17 18:00:00,977.0
20260917,180000,70W,50,2026,9,17,18,26.6,138.6,97700.0,2026-09-17 18:00:00,2026-09-17 18:00:00,977.0
20260917,180000,70W,50,2026,9,17,18,27.1,138.0,97600.0,2026-09-17 18:00:00,2026-09-17 18:00:00,976.0
20260917,180000,70W,50,2026,9,17,18,27.7,137.20000000000002,97200.0,2026-09-17 18:00:00,2026-09-17 18:00:00,972.0
20260917,180000,70W,50,2026,9,17,18,28.8,136.9,97500.0,2026-09-17 18:00:00,2026-09-17 18:00:00,975.0
20260917,180000,70W,50,2026,9,17,18,29.1,135.8,97200.0,2026-09-17 18:00:00,2026-09-17 18:00:00,972.0
20260917,180000,70W,50,2026,9,17,18,29.7,136.1,97500.0,2026-09-17 18:00:00,2026-09-17 18:00:00,975.0
20260917,180000,70W,50,2026,9,17,18,30.5,135.8,97400.0,2026-09-17 18:00:00,2026-09-17 18:00:00,974.0
20260917,180000,70W,50,2026,9,17,18,31.6,136.1,97200.0,2026-09-17 18:00:00,2026-09-17 18:00:00,972.0
20260917,180000,70W,50,2026,9,17,18,33.0,136.4,97300.0,2026-09-17 18:00:00,2026-09-17 18:00:00,973.0
20260917,180000,70W,50,2026,9,17,18,33.9,137.5,98300.0,2026-09-17 18:00:00,2026-09-17 18:00:00,983.0
20260917,180000,70W,50,2026,9,17,18,35.4,139.5,98700.0,2026-09-17 18:00:00,2026-09-17 18:00:00,987.0
20260917,180000,70W,50,2026,9,17,18,37.6,142.0,98800.0,2026-09-17 18:00:00,2026-09-17 18:00:00,988.0
20260917,180000,70W,50,2026,9,17,18,39.5,145.1,99000.0,2026-09-17 18:00:00,2026-09-17 18:00:00,990.0
20260917,180000,70W,50,2026,9,17,18,40.4,148.70000000000002,99400.0,2026-09-17 18:00:00,2026-09-17 18:00:00,994.0
20260917,180000,70W,50,2026,9,17,18,41.4,152.6,99500.0,2026-09-17 18:00:00,2026-09-17 18:00:00,995.0
20260917,180000,70W,50,2026,9,17,18,42.6,156.6,99600.0,2026-09-17 18:00:00,2026-09-17 18:00:00,996.0
20260917,180000,70W,51,2026,9,17,18,25.2,144.5,98800.0,2026-09-17 18:00:00,2026-09-17 18:00:00,988.0
20260917,180000,70W,51,2026,9,17,18,25.2,142.5,98500.0,2026-09-17 18:00:00,2026-09-17 18:00:00,985.0
20260917,180000,70W,51,2026,9,17,18,25.400000000000002,142.0,98400.0,2026-09-17 18:00:00,2026-09-17 18:00:00,984.0
20260917,180000,70W,51,2026,9,17,18,26.0,140.6,98200.0,2026-09-17 18:00:00,2026-09-17 18:00:00,982.0
20260917,180000,70W,51,2026,9,17,18,26.3,139.70000000000002,98400.0,2026-09-17 18:00:00,2026-09-17 18:00:00,984.0
20260917,180000,70W,51,2026,9,17,18,27.1,139.20000000000002,98000.0,2026-09-17 18:00:00,2026-09-17 18:00:00,980.0
20260917,180000,70W,51,2026,9,17,18,27.5,138.4,97900.0,2026-09-17 18:00:00,2026-09-17 18:00:00,979.0
20260917,180000,70W,51,2026,9,17,18,28.400000000000002,138.1,97700.0,2026-09-17 18:00:00,2026-09-17 18:00:00,977.0
20260917,180000,70W,51,2026,9,17,18,29.1,138.0,98000.0,2026-09-17 18:00:00,2026-09-17 18:00:00,980.0
20260917,180000,70W,51,2026,9,17,18,30.0,138.3,97800.0,2026-09-17 18:00:00,2026-09-17 18:00:00,978.0
20260917,180000,70W,51,2026,9,17,18,31.1,138.0,98100.0,2026-09-17 18:00:00,2026-09-17 18:00:00,981.0
20260917,180000,70W,51,2026,9,17,18,31.8,138.6,98200.0,2026-09-17 18:00:00,2026-09-17 18:00:00,982.0
20260917,180000,70W,51,2026,9,17,18,33.9,139.5,98300.0,2026-09-17 18:00:00,2026-09-17 18:00:00,983.0
20260917,180000,70W,51,2026,9,17,18,34.7,140.0,97900.0,2026-09-17 18:00:00,2026-09-17 18:00:00,979.0
20260917,180000,70W,51,2026,9,17,18,35.800000000000004,142.5,98400.0,2026-09-17 18:00:00,2026-09-17 18:00:00,984.0
20260917,180000,70W,51,2026,9,17,18,37.6,144.8,98200.0,2026-09-17 18:00:00,2026-09-17 18:00:00,982.0
20260917,180000,70W,51,2026,9,17,18,38.4,147.9,98400.0,2026-09-17 18:00:00,2026-09-17 18:00:00,984.0
20260917,180000,70W,51,2026,9,17,18,39.2,151.3,98600.0,2026-09-17 18:00:00,2026-09-17 18:00:00,986.0
20260917,180000,70W,51,2026,9,17,18,40.4,154.1,99000.0,2026-09-17 18:00:00,2026-09-17 18:00:00,990.0
20260917,180000,70W,52,2026,9,17,18,25.400000000000002,144.20000000000002,98900.0,2026-09-17 18:00:00,2026-09-17 18:00:00,989.0
20260917,180000,70W,52,2026,9,17,18,25.2,143.1,98600.0,2026-09-17 18:00:00,2026-09-17 18:00:00,986.0
20260917,180000,70W,52,2026,9,17,18,25.400000000000002,142.0,98400.0,2026-09-17 18:00:00,2026-09-17 18:00:00,984.0
20260917,180000,70W,52,2026,9,17,18,26.0,140.9,98200.0,2026-09-17 18:00:00,2026-09-17 18:00:00,982.0
20260917,180000,70W,52,2026,9,17,18,26.3,140.0,98200.0,2026-09-17 18:00:00,2026-09-17 18:00:00,982.0
20260917,180000,70W,52,2026,9,17,18,27.1,139.20000000000002,97900.0,2026-09-17 18:00:00,2026-09-17 18:00:00,979.0
20260917,180000,70W,52,2026,9,17,18,27.5,138.4,97900.0,2026-09-17 18:00:00,2026-09-17 18:00:00,979.0
20260917,180000,70W,52,2026,9,17,18,28.3,138.0,97800.0,2026-09-17 18:00:00,2026-09-17 18:00:00,978.0
20260917,180000,70W,52,2026,9,17,18,29.400000000000002,137.8,98000.0,2026-09-17 18:00:00,2026-09-17 18:00:00,980.0
20260917,180000,70W,52,2026,9,17,18,30.5,137.8,97900.0,2026-09-17 18:00:00,2026-09-17 18:00:00,979.0
20260917,180000,70W,52,2026,9,17,18,31.400000000000002,137.8,98100.0,2026-09-17 18:00:00,2026-09-17 18:00:00,981.0
20260917,180000,70W,52,2026,9,17,18,32.5,138.3,98000.0,2026-09-17 18:00:00,2026-09-17 18:00:00,980.0
20260917,180000,70W,52,2026,9,17,18,33.9,139.20000000000002,98100.0,2026-09-17 18:00:00,2026-09-17 18:00:00,981.0
20260917,180000,70W,52,2026,9,17,18,35.6,140.9,98300.0,2026-09-17 18:00:00,2026-09-17 18:00:00,983.0
20260917,180000,70W,52,2026,9,17,18,37.300000000000004,143.1,98400.0,2026-09-17 18:00:00,2026-09-17 18:00:00,984.0
20260917,180000,70W,52,2026,9,17,18,38.7,145.9,98400.0,2026-09-17 18:00:00,2026-09-17 18:00:00,984.0
20260917,180000,70W,52,2026,9,17,18,40.4,149.6,98600.0,2026-09-17 18:00:00,2026-09-17 18:00:00,986.0
20260917,180000,70W,52,2026,9,17,18,41.5,153.0,98600.0,2026-09-17 18:00:00,2026-09-17 18:00:00,986.0
20260917,180000,70W,52,2026,9,17,18,42.9,157.5,98800.0,2026-09-17 18:00:00,2026-09-17 18:00:00,988.0
20260917,180000,71W,1,2026,9,17,18,14.700000000000001,165.0,100800.0,2026-09-17 18:00:00,2026-09-17 18:00:00,1008.0
20260917,180000,71W,1,2026,9,17,18,15.3,164.20000000000002,101000.0,2026-09-17 18:00:00,2026-09-17 18:00:00,1010.0
20260917,180000,71W,1,2026,9,17,18,15.0,162.8,100900.0,2026-09-17 18:00:00,2026-09-17 18:00:00,1009.0
20260917,180000,71W,1,2026,9,17,18,14.700000000000001,161.1,101000.0,2026-09-17 18:00:00,2026-09-17 18:00:00,1010.0
20260917,180000,71W,1,2026,9,17,18,15.6,161.1,100700.0,2026-09-17 18:00:00,2026-09-17 18:00:00,1007.0
20260917,180000,71W,1,2026,9,17,18,15.3,160.3,101000.0,2026-09-17 18:00:00,2026-09-17 18:00:00,1010.0
20260917,180000,71W,1,2026,9,17,18,15.6,160.0,100800.0,2026-09-17 18:00:00,2026-09-17 18:00:00,1008.0
20260917,180000,71W,1,2026,9,17,18,14.700000000000001,159.70000000000002,101000.0,2026-09-17 18:00:00,2026-09-17 18:00:00,1010.0
20260917,180000,71W,1,2026,9,17,18,14.700000000000001,159.4,100800.0,2026-09-17 18:00:00,2026-09-17 18:00:00,1008.0
20260917,180000,71W,1,2026,9,17,18,14.200000000000001,158.0,101000.0,2026-09-17 18:00:00,2026-09-17 18:00:00,1010.0
20260917,180000,71W,1,2026,9,17,18,13.6,158.0,100700.0,2026-09-17 18:00:00,2026-09-17 18:00:00,1007.0
20260917,180000,71W,1,2026,9,17,18,13.6,156.6,100900.0,2026-09-17 18:00:00,2026-09-17 18:00:00,1009.0
20260917,180000,71W,1,2026,9,17,18,12.5,156.6,100700.0,2026-09-17 18:00:00,2026-09-17 18:00:00,1007.0
20260917,180000,71W,1,2026,9,17,18,13.0,157.20000000000002,100900.0,2026-09-17 18:00:00,2026-09-17 18:00:00,1009.0
20260917,180000,71W,1,2026,9,17,18,13.9,157.5,100700.0,2026-09-17 18:00:00,2026-09-17 18:00:00,1007.0
20260917,180000,71W,1,2026,9,17,18,14.5,156.6,100900.0,2026-09-17 18:00:00,2026-09-17 18:00:00,1009.0
20260917,180000,71W,1,2026,9,17,18,15.0,156.3,100600.0,2026-09-17 18:00:00,2026-09-17 18:00:00,1006.0
20260917,180000,71W,1,2026,9,17,18,15.3,154.4,100900.0,2026-09-17 18:00:00,2026-09-17 18:00:00,1009.0
20260917,180000,71W,1,2026,9,17,18,17.0,151.3,100800.0,2026-09-17 18:00:00,2026-09-17 18:00:00,1008.0
20260917,180000,71W,1,2026,9,17,18,16.1,149.6,100900.0,2026-09-17 18:00:00,2026-09-17 18:00:00,1009.0
20260917,180000,71W,1,2026,9,17,18,17.8,150.4,100700.0,2026-09-17 18:00:00,2026-09-17 18:00:00,1007.0
20260917,180000,71W,1,2026,9,17,18,19.5,151.8,100900.0,2026-09-17 18:00:00,2026-09-17 18:00:00,1009.0
20260917,180000,71W,1,2026,9,17,18,19.0,150.4,101000.0,2026-09-17 18:00:00,2026-09-17 18:00:00,1010.0
20260917,180000,71W,1,2026,9,17,18,19.0,149.6,100700.0,2026-09-17 18:00:00,2026-09-17 18:00:00,1007.0
20260917,180000,71W,1,2026,9,17,18,19.0,149.6,100800.0,2026-09-17 18:00:00,2026-09-17 18:00:00,1008.0
20260917,180000,71W,1,2026,9,17,18,19.2,147.9,100500.0,2026-09-17 18:00:00,2026-09-17 18:00:00,1005.0
20260917,180000,71W,1,2026,9,17,18,20.400000000000002,147.3,100600.0,2026-09-17 18:00:00,2026-09-17 18:00:00,1006.0
20260917,180000,71W,1,2026,9,17,18,20.7,146.8,100200.0,2026-09-17 18:00:00,2026-09-17 18:00:00,1002.0
20260917,180000,71W,1,2026,9,17,18,20.900000000000002,145.4,99900.0,2026-09-17 18:00:00,2026-09-17 18:00:00,999.0
20260917,180000,71W,1,2026,9,17,18,21.5,144.5,99200.0,2026-09-17 18:00:00,2026-09-17 18:00:00,992.0
20260917,180000,71W,1,2026,9,17,18,21.5,143.70000000000002,99600.0,2026-09-17 18:00:00,2026-09-17 18:00:00,996.0
20260917,180000,71W,1,2026,9,17,18,21.8,142.3,98800.0,2026-09-17 18:00:00,2026-09-17 18:00:00,988.0
20260917,180000,71W,1,2026,9,17,18,21.8,141.1,99300.0,2026-09-17 18:00:00,2026-09-17 18:00:00,993.0
20260917,180000,71W,1,2026,9,17,18,22.3,140.3,98500.0,2026-09-17 18:00:00,2026-09-17 18:00:00,985.0
20260917,180000,71W,1,2026,9,17,18,22.6,139.70000000000002,98200.0,2026-09-17 18:00:00,2026-09-17 18:00:00,982.0
20260917,180000,71W,1,2026,9,17,18,22.900000000000002,138.9,98100.0,2026-09-17 18:00:00,2026-09-17 18:00:00,981.0
20260917,180000,71W,1,2026,9,17,18,23.2,138.0,98200.0,2026-09-17 18:00:00,2026-09-17 18:00:00,982.0
20260917,180000,71W,1,2026,9,17,18,24.0,137.8,98300.0,2026-09-17 18:00:00,2026-09-17 18:00:00,983.0
20260917,180000,71W,1,2026,9,17,18,24.900000000000002,137.5,97700.0,2026-09-17 18:00:00,2026-09-17 18:00:00,977.0
20260917,180000,71W,1,2026,9,17,18,26.0,137.5,97800.0,2026-09-17 18:00:00,2026-09-17 18:00:00,978.0
20260917,180000,71W,1,2026,9,17,18,27.400000000000002,138.0,97600.0,2026-09-17 18:00:00,2026-09-17 18:00:00,976.0
20260917,180000,71W,1,2026,9,17,18,29.1,138.9,97700.0,2026-09-17 18:00:00,2026-09-17 18:00:00,977.0
20260917,180000,71W,1,2026,9,17,18,30.8,140.6,97800.0,2026-09-17 18:00:00,2026-09-17 18:00:00,978.0
20260917,180000,71W,1,2026,9,17,18,33.6,143.4,98100.0,2026-09-17 18:00:00,2026-09-17 18:00:00,981.0
20260917,180000,71W,1,2026,9,17,18,36.7,145.9,97900.0,2026-09-17 18:00:00,2026-09-17 18:00:00,979.0
20260917,180000,71W,1,2026,9,17,18,39.9,149.70000000000002,98100.0,2026-09-17 18:00:00,2026-09-17 18:00:00,981.0
20260917,180000,71W,1,2026,9,17,18,43.800000000000004,153.5,97700.0,2026-09-17 18:00:00,2026-09-17 18:00:00,977.0
20260917,180000,71W,2,2026,9,17,18,12.5,171.20000000000002,101000.0,2026-09-17 18:00:00,2026-09-17 18:00:00,1010.0
20260917,180000,71W,2,2026,9,17,18,10.5,168.4,100900.0,2026-09-17 18:00:00,2026-09-17 18:00:00,1009.0
20260917,180000,71W,2,2026,9,17,18,10.8,169.5,101200.0,2026-09-17 18:00:00,2026-09-17 18:00:00,1012.0
20260917,180000,71W,2,2026,9,17,18,11.9,168.1,100900.0,2026-09-17 18:00:00,2026-09-17 18:00:00,1009.0
20260917,180000,71W,2,2026,9,17,18,13.0,169.0,101000.0,2026-09-17 18:00:00,2026-09-17 18:00:00,1010.0
20260917,180000,71W,2,2026,9,17,18,13.0,169.0,100700.0,2026-09-17 18:00:00,2026-09-17 18:00:00,1007.0
20260917,180000,71W,2,2026,9,17,18,13.0,169.8,100900.0,2026-09-17 18:00:00,2026-09-17 18:00:00,1009.0
20260917,180000,71W,2,2026,9,17,18,13.9,169.5,100700.0,2026-09-17 18:00:00,2026-09-17 18:00:00,1007.0
20260917,180000,71W,2,2026,9,17,18,14.200000000000001,170.1,100600.0,2026-09-17 18:00:00,2026-09-17 18:00:00,1006.0
20260917,180000,71W,2,2026,9,17,18,14.5,170.1,100700.0,2026-09-17 18:00:00,2026-09-17 18:00:00,1007.0
20260917,180000,71W,2,2026,9,17,18,15.0,169.3,100400.0,2026-09-17 18:00:00,2026-09-17 18:00:00,1004.0
20260917,180000,71W,2,2026,9,17,18,15.3,169.3,100600.0,2026-09-17 18:00:00,2026-09-17 18:00:00,1006.0
20260917,180000,71W,2,2026,9,17,18,15.9,169.5,100500.0,2026-09-17 18:00:00,2026-09-17 18:00:00,1005.0
20260917,180000,71W,2,2026,9,17,18,16.4,168.4,100600.0,2026-09-17 18:00:00,2026-09-17 18:00:00,1006.0
20260917,180000,71W,2,2026,9,17,18,16.7,167.9,100400.0,2026-09-17 18:00:00,2026-09-17 18:00:00,1004.0
20260917,180000,71W,2,2026,9,17,18,16.7,166.70000000000002,100600.0,2026-09-17 18:00:00,2026-09-17 18:00:00,1006.0
20260917,180000,71W,2,2026,9,17,18,15.9,166.70000000000002,100500.0,2026-09-17 18:00:00,2026-09-17 18:00:00,1005.0
20260917,180000,71W,2,2026,9,17,18,16.4,166.70000000000002,100600.0,2026-09-17 18:00:00,2026-09-17 18:00:00,1006.0
20260917,180000,71W,2,2026,9,17,18,16.7,166.70000000000002,100500.0,2026-09-17 18:00:00,2026-09-17 18:00:00,1005.0
20260917,180000,71W,2,2026,9,17,18,16.7,166.20000000000002,100700.0,2026-09-17 18:00:00,2026-09-17 18:00:00,1007.0
20260917,180000,71W,2,2026,9,17,18,16.4,166.20000000000002,100600.0,2026-09-17 18:00:00,2026-09-17 18:00:00,1006.0
20260917,180000,71W,2,2026,9,17,18,17.0,165.9,100600.0,2026-09-17 18:00:00,2026-09-17 18:00:00,1006.0
20260917,180000,71W,2,2026,9,17,18,16.7,165.9,100400.0,2026-09-17 18:00:00,2026-09-17 18:00:00,1004.0
20260917,180000,71W,2,2026,9,17,18,17.0,165.9,100500.0,2026-09-17 18:00:00,2026-09-17 18:00:00,1005.0
20260917,180000,71W,2,2026,9,17,18,17.3,165.6,100100.0,2026-09-17 18:00:00,2026-09-17 18:00:00,1001.0
20260917,180000,71W,2,2026,9,17,18,17.6,165.3,100000.0,2026-09-17 18:00:00,2026-09-17 18:00:00,1000.0
20260917,180000,71W,2,2026,9,17,18,17.6,164.8,99600.0,2026-09-17 18:00:00,2026-09-17 18:00:00,996.0
20260917,180000,71W,2,2026,9,17,18,17.8,164.5,99300.0,2026-09-17 18:00:00,2026-09-17 18:00:00,993.0
20260917,180000,71W,2,2026,9,17,18,18.1,163.4,98500.0,2026-09-17 18:00:00,2026-09-17 18:00:00,985.0
20260917,180000,71W,2,2026,9,17,18,18.1,162.8,98000.0,2026-09-17 18:00:00,2026-09-17 18:00:00,980.0
20260917,180000,71W,2,2026,9,17,18,18.400000000000002,162.0,97600.0,2026-09-17 18:00:00,2026-09-17 18:00:00,976.0
20260917,180000,71W,2,2026,9,17,18,18.7,161.1,97700.0,2026-09-17 18:00:00,2026-09-17 18:00:00,977.0
20260917,180000,71W,2,2026,9,17,18,19.0,160.0,98200.0,2026-09-17 18:00:00,2026-09-17 18:00:00,982.0
20260917,180000,71W,2,2026,9,17,18,19.5,159.70000000000002,97800.0,2026-09-17 18:00:00,2026-09-17 18:00:00,978.0
20260917,180000,71W,2,2026,9,17,18,20.400000000000002,158.9,97200.0,2026-09-17 18:00:00,2026-09-17 18:00:00,972.0
20260917,180000,71W,2,2026,9,17,18,21.2,158.3,97400.0,2026-09-17 18:00:00,2026-09-17 18:00:00,974.0
20260917,180000,71W,2,2026,9,17,18,21.8,157.70000000000002,97300.0,2026-09-17 18:00:00,2026-09-17 18:00:00,973.0
20260917,180000,71W,2,2026,9,17,18,22.900000000000002,156.9,96500.0,2026-09-17 18:00:00,2026-09-17 18:00:00,965.0
20260917,180000,71W,2,2026,9,17,18,23.5,156.3,96000.0,2026-09-17 18:00:00,2026-09-17 18:00:00,960.0
20260917,180000,71W,2,2026,9,17,18,23.8,155.8,96000.0,2026-09-17 18:00:00,2026-09-17 18:00:00,960.0
20260917,180000,71W,2,2026,9,17,18,24.3,155.5,95600.0,2026-09-17 18:00:00,2026-09-17 18:00:00,956.0
20260917,180000,71W,2,2026,9,17,18,24.900000000000002,154.9,95700.0,2026-09-17 18:00:00,2026-09-17 18:00:00,957.0
20260917,180000,71W,2,2026,9,17,18,25.400000000000002,155.20000000000002,95700.0,2026-09-17 18:00:00,2026-09-17 18:00:00,957.0
20260917,180000,71W,2,2026,9,17,18,26.6,155.20000000000002,95600.0,2026-09-17 18:00:00,2026-09-17 18:00:00,956.0
20260917,180000,71W,2,2026,9,17,18,27.7,155.20000000000002,96000.0,2026-09-17 18:00:00,2026-09-17 18:00:00,960.0
20260917,180000,71W,3,2026,9,17,18,9.700000000000001,104.60000000000001,101200.0,2026-09-17 18:00:00,2026-09-17 18:00:00,1012.0
20260917,180000,71W,3,2026,9,17,18,11.1,106.8,100800.0,2026-09-17 18:00:00,2026-09-17 18:00:00,1008.0
20260917,180000,71W,3,2026,9,17,18,12.5,106.0,100900.0,2026-09-17 18:00:00,2026-09-17 18:00:00,1009.0
20260917,180000,71W,3,2026,9,17,18,10.1,107.9,100900.0,2026-09-17 18:00:00,2026-09-17 18:00:00,1009.0
20260917,180000,71W,3,2026,9,17,18,10.0,107.7,100900.0,2026-09-17 18:00:00,2026-09-17 18:00:00,1009.0
20260917,180000,71W,3,2026,9,17,18,10.200000000000001,107.8,100900.0,2026-09-17 18:00:00,2026-09-17 18:00:00,1009.0
20260917,180000,71W,3,2026,9,17,18,9.9,108.3,100900.0,2026-09-17 18:00:00,2026-09-17 18:00:00,1009.0
20260917,180000,71W,3,2026,9,17,18,10.200000000000001,108.10000000000001,100900.0,2026-09-17 18:00:00,2026-09-17 18:00:00,1009.0
20260917,180000,71W,4,2026,9,17,18,15.9,176.0,100600.0,2026-09-17 18:00:00,2026-09-17 18:00:00,1006.0
20260917,180000,71W,4,2026,9,17,18,16.4,174.9,100500.0,2026-09-17 18:00:00,2026-09-17 18:00:00,1005.0
20260917,180000,71W,4,2026,9,17,18,17.3,174.0,100400.0,2026-09-17 18:00:00,2026-09-17 18:00:00,1004.0
20260917,180000,71W,4,2026,9,17,18,17.8,172.9,100200.0,2026-09-17 18:00:00,2026-09-17 18:00:00,1002.0
20260917,180000,71W,4,2026,9,17,18,18.1,172.4,100500.0,2026-09-17 18:00:00,2026-09-17 18:00:00,1005.0
20260917,180000,71W,4,2026,9,17,18,18.7,171.5,100500.0,2026-09-17 18:00:00,2026-09-17 18:00:00,1005.0
20260917,180000,71W,4,2026,9,17,18,19.2,170.70000000000002,100700.0,2026-09-17 18:00:00,2026-09-17 18:00:00,1007.0
20260917,180000,71W,4,2026,9,17,18,20.1,170.1,100400.0,2026-09-17 18:00:00,2026-09-17 18:00:00,1004.0
20260917,180000,71W,4,2026,9,17,18,19.8,169.3,100700.0,2026-09-17 18:00:00,2026-09-17 18:00:00,1007.0
20260917,180000,71W,4,2026,9,17,18,19.8,169.0,100700.0,2026-09-17 18:00:00,2026-09-17 18:00:00,1007.0
20260917,180000,71W,5,2026,9,17,18,14.200000000000001,173.8,101000.0,2026-09-17 18:00:00,2026-09-17 18:00:00,1010.0
20260917,180000,71W,5,2026,9,17,18,16.4,170.1,101200.0,2026-09-17 18:00:00,2026-09-17 18:00:00,1012.0
20260917,180000,71W,5,2026,9,17,18,17.0,169.0,101000.0,2026-09-17 18:00:00,2026-09-17 18:00:00,1010.0
20260917,180000,71W,5,2026,9,17,18,17.0,167.6,101100.0,2026-09-17 18:00:00,2026-09-17 18:00:00,1011.0
20260917,180000,71W,5,2026,9,17,18,17.3,166.5,100900.0,2026-09-17 18:00:00,2026-09-17 18:00:00,1009.0
20260917,180000,71W,5,2026,9,17,18,17.0,165.0,101000.0,2026-09-17 18:00:00,2026-09-17 18:00:00,1010.0
20260917,180000,71W,5,2026,9,17,18,17.0,164.8,100800.0,2026-09-17 18:00:00,2026-09-17 18:00:00,1008.0
20260917,180000,71W,5,2026,9,17,18,17.6,162.8,100800.0,2026-09-17 18:00:00,2026-09-17 18:00:00,1008.0
20260917,180000,71W,5,2026,9,17,18,17.8,162.20000000000002,101000.0,2026-09-17 18:00:00,2026-09-17 18:00:00,1010.0
20260917,180000,71W,5,2026,9,17,18,17.8,161.1,100800.0,2026-09-17 18:00:00,2026-09-17 18:00:00,1008.0
20260917,180000,71W,5,2026,9,17,18,17.6,160.5,101000.0,2026-09-17 18:00:00,2026-09-17 18:00:00,1010.0
20260917,180000,71W,5,2026,9,17,18,17.8,159.70000000000002,100900.0,2026-09-17 18:00:00,2026-09-17 18:00:00,1009.0
20260917,180000,71W,5,2026,9,17,18,17.8,159.70000000000002,101000.0,2026-09-17 18:00:00,2026-09-17 18:00:00,1010.0
20260917,180000,71W,5,2026,9,17,18,17.6,159.1,100800.0,2026-09-17 18:00:00,2026-09-17 18:00:00,1008.0
20260917,180000,71W,5,2026,9,17,18,17.3,158.3,101100.0,2026-09-17 18:00:00,2026-09-17 18:00:00,1011.0
20260917,180000,71W,5,2026,9,17,18,17.0,156.9,101000.0,2026-09-17 18:00:00,2026-09-17 18:00:00,1010.0
20260917,180000,71W,5,2026,9,17,18,16.4,156.3,101100.0,2026-09-17 18:00:00,2026-09-17 18:00:00,1011.0
20260917,180000,71W,5,2026,9,17,18,15.9,156.3,100800.0,2026-09-17 18:00:00,2026-09-17 18:00:00,1008.0
20260917,180000,71W,5,2026,9,17,18,15.3,155.5,101100.0,2026-09-17 18:00:00,2026-09-17 18:00:00,1011.0
20260917,180000,71W,5,2026,9,17,18,14.700000000000001,154.6,101100.0,2026-09-17 18:00:00,2026-09-17 18:00:00,1011.0
20260917,180000,71W,5,2026,9,17,18,15.0,154.4,100700.0,2026-09-17 18:00:00,2026-09-17 18:00:00,1007.0
20260917,180000,71W,5,2026,9,17,18,14.700000000000001,151.8,100900.0,2026-09-17 18:00:00,2026-09-17 18:00:00,1009.0
20260917,180000,71W,6,2026,9,17,18,1.2,174.0,101100.0,2026-09-17 18:00:00,2026-09-17 18:00:00,1011.0
20260917,180000,71W,6,2026,9,17,18,0.7000000000000001,173.5,101200.0,2026-09-17 18:00:00,2026-09-17 18:00:00,1012.0
20260917,180000,71W,7,2026,9,17,18,3.5,172.6,101100.0,2026-09-17 18:00:00,2026-09-17 18:00:00,1011.0
20260917,180000,71W,7,2026,9,17,18,5.2,173.20000000000002,100900.0,2026-09-17 18:00:00,2026-09-17 18:00:00,1009.0
20260917,180000,71W,7,2026,9,17,18,6.6000000000000005,173.5,100900.0,2026-09-17 18:00:00,2026-09-17 18:00:00,1009.0
20260917,180000,71W,7,2026,9,17,18,9.1,172.6,101000.0,2026-09-17 18:00:00,2026-09-17 18:00:00,1010.0
20260917,180000,71W,8,2026,9,17,18,15.6,175.70000000000002,100700.0,2026-09-17 18:00:00,2026-09-17 18:00:00,1007.0
20260917,180000,71W,8,2026,9,17,18,15.9,174.6,100700.0,2026-09-17 18:00:00,2026-09-17 18:00:00,1007.0
20260917,180000,71W,8,2026,9,17,18,16.4,173.5,100700.0,2026-09-17 18:00:00,2026-09-17 18:00:00,1007.0
20260917,180000,71W,8,2026,9,17,18,17.3,172.6,100700.0,2026-09-17 18:00:00,2026-09-17 18:00:00,1007.0
20260917,180000,71W,8,2026,9,17,18,17.8,171.5,100900.0,2026-09-17 18:00:00,2026-09-17 18:00:00,1009.0
20260917,180000,71W,8,2026,9,17,18,18.1,170.4,100800.0,2026-09-17 18:00:00,2026-09-17 18:00:00,1008.0
20260917,180000,71W,8,2026,9,17,18,18.7,169.0,101000.0,2026-09-17 18:00:00,2026-09-17 18:00:00,1010.0
20260917,180000,71W,8,2026,9,17,18,18.7,168.1,100900.0,2026-09-17 18:00:00,2026-09-17 18:00:00,1009.0
20260917,180000,71W,8,2026,9,17,18,18.400000000000002,167.6,101000.0,2026-09-17 18:00:00,2026-09-17 18:00:00,1010.0
20260917,180000,71W,8,2026,9,17,18,18.400000000000002,166.70000000000002,100800.0,2026-09-17 18:00:00,2026-09-17 18:00:00,1008.0
20260917,180000,71W,8,2026,9,17,18,17.3,165.0,100900.0,2026-09-17 18:00:00,2026-09-17 18:00:00,1009.0
20260917,180000,71W,8,2026,9,17,18,16.4,164.8,101000.0,2026-09-17 18:00:00,2026-09-17 18:00:00,1010.0
20260917,180000,71W,8,2026,9,17,18,16.7,164.20000000000002,100800.0,2026-09-17 18:00:00,2026-09-17 18:00:00,1008.0
20260917,180000,71W,8,2026,9,17,18,15.9,163.9,101000.0,2026-09-17 18:00:00,2026-09-17 18:00:00,1010.0
20260917,180000,71W,9,2026,9,17,18,9.700000000000001,155.20000000000002,100800.0,2026-09-17 18:00:00,2026-09-17 18:00:00,1008.0
20260917,180000,71W,9,2026,9,17,18,10.5,154.6,101000.0,2026-09-17 18:00:00,2026-09-17 18:00:00,1010.0
20260917,180000,71W,9,2026,9,17,18,12.200000000000001,154.9,100800.0,2026-09-17 18:00:00,2026-09-17 18:00:00,1008.0
20260917,180000,71W,10,2026,9,17,18,16.1,172.1,101100.0,2026-09-17 18:00:00,2026-09-17 18:00:00,1011.0
20260917,180000,71W,10,2026,9,17,18,14.5,171.20000000000002,101000.0,2026-09-17 18:00:00,2026-09-17 18:00:00,1010.0
20260917,180000,71W,10,2026,9,17,18,16.7,169.5,101100.0,2026-09-17 18:00:00,2026-09-17 18:00:00,1011.0
20260917,180000,71W,10,2026,9,17,18,16.7,169.0,100900.0,2026-09-17 18:00:00,2026-09-17 18:00:00,1009.0
20260917,180000,71W,10,2026,9,17,18,17.3,168.4,101100.0,2026-09-17 18:00:00,2026-09-17 18:00:00,1011.0
20260917,180000,71W,10,2026,9,17,18,17.0,167.9,100900.0,2026-09-17 18:00:00,2026-09-17 18:00:00,1009.0
20260917,180000,71W,10,2026,9,17,18,17.0,167.3,101000.0,2026-09-17 18:00:00,2026-09-17 18:00:00,1010.0
20260917,180000,71W,10,2026,9,17,18,16.1,165.6,101000.0,2026-09-17 18:00:00,2026-09-17 18:00:00,1010.0
20260917,180000,71W,10,2026,9,17,18,15.0,165.6,100900.0,2026-09-17 18:00:00,2026-09-17 18:00:00,1009.0
20260917,180000,71W,10,2026,9,17,18,16.4,162.8,100900.0,2026-09-17 18:00:00,2026-09-17 18:00:00,1009.0
20260917,180000,71W,10,2026,9,17,18,13.6,163.1,100800.0,2026-09-17 18:00:00,2026-09-17 18:00:00,1008.0
20260917,180000,71W,10,2026,9,17,18,14.700000000000001,164.8,100900.0,2026-09-17 18:00:00,2026-09-17 18:00:00,1009.0
20260917,180000,71W,10,2026,9,17,18,14.700000000000001,163.4,100900.0,2026-09-17 18:00:00,2026-09-17 18:00:00,1009.0
20260917,180000,71W,10,2026,9,17,18,14.5,163.6,101000.0,2026-09-17 18:00:00,2026-09-17 18:00:00,1010.0
20260917,180000,71W,10,2026,9,17,18,14.5,163.1,100700.0,2026-09-17 18:00:00,2026-09-17 18:00:00,1007.0
20260917,180000,71W,10,2026,9,17,18,14.700000000000001,163.1,100700.0,2026-09-17 18:00:00,2026-09-17 18:00:00,1007.0
20260917,180000,71W,10,2026,9,17,18,15.0,162.5,100600.0,2026-09-17 18:00:00,2026-09-17 18:00:00,1006.0
20260917,180000,71W,10,2026,9,17,18,15.3,162.20000000000002,100700.0,2026-09-17 18:00:00,2026-09-17 18:00:00,1007.0
20260917,180000,71W,10,2026,9,17,18,15.3,162.0,100400.0,2026-09-17 18:00:00,2026-09-17 18:00:00,1004.0
20260917,180000,71W,10,2026,9,17,18,15.0,161.70000000000002,100600.0,2026-09-17 18:00:00,2026-09-17 18:00:00,1006.0
20260917,180000,71W,10,2026,9,17,18,15.3,161.70000000000002,100300.0,2026-09-17 18:00:00,2026-09-17 18:00:00,1003.0
20260917,180000,71W,10,2026,9,17,18,15.3,162.0,100400.0,2026-09-17 18:00:00,2026-09-17 18:00:00,1004.0
20260917,180000,71W,10,2026,9,17,18,14.700000000000001,161.70000000000002,100200.0,2026-09-17 18:00:00,2026-09-17 18:00:00,1002.0
20260917,180000,71W,10,2026,9,17,18,15.0,162.1,100400.0,2026-09-17 18:00:00,2026-09-17 18:00:00,1004.0
20260917,180000,71W,10,2026,9,17,18,15.3,162.20000000000002,99900.0,2026-09-17 18:00:00,2026-09-17 18:00:00,999.0
20260917,180000,71W,10,2026,9,17,18,15.6,162.8,99700.0,2026-09-17 18:00:00,2026-09-17 18:00:00,997.0
20260917,180000,71W,10,2026,9,17,18,16.1,162.8,99500.0,2026-09-17 18:00:00,2026-09-17 18:00:00,995.0
20260917,180000,71W,10,2026,9,17,18,16.7,162.5,99500.0,2026-09-17 18:00:00,2026-09-17 18:00:00,995.0
20260917,180000,71W,10,2026,9,17,18,17.6,162.20000000000002,99000.0,2026-09-17 18:00:00,2026-09-17 18:00:00,990.0
20260917,180000,71W,10,2026,9,17,18,17.8,162.0,98900.0,2026-09-17 18:00:00,2026-09-17 18:00:00,989.0
20260917,180000,71W,10,2026,9,17,18,18.7,161.70000000000002,98300.0,2026-09-17 18:00:00,2026-09-17 18:00:00,983.0
20260917,180000,71W,10,2026,9,17,18,19.0,161.70000000000002,97800.0,2026-09-17 18:00:00,2026-09-17 18:00:00,978.0
20260917,180000,71W,10,2026,9,17,18,19.5,161.4,97700.0,2026-09-17 18:00:00,2026-09-17 18:00:00,977.0
20260917,180000,71W,10,2026,9,17,18,20.1,160.8,97500.0,2026-09-17 18:00:00,2026-09-17 18:00:00,975.0
20260917,180000,71W,10,2026,9,17,18,20.7,160.0,97200.0,2026-09-17 18:00:00,2026-09-17 18:00:00,972.0
20260917,180000,71W,10,2026,9,17,18,21.2,159.70000000000002,97300.0,2026-09-17 18:00:00,2026-09-17 18:00:00,973.0
20260917,180000,71W,10,2026,9,17,18,21.8,158.9,97300.0,2026-09-17 18:00:00,2026-09-17 18:00:00,973.0
20260917,180000,71W,10,2026,9,17,18,22.3,158.3,97000.0,2026-09-17 18:00:00,2026-09-17 18:00:00,970.0
20260917,180000,71W,10,2026,9,17,18,23.2,158.0,97400.0,2026-09-17 18:00:00,2026-09-17 18:00:00,974.0
20260917,180000,71W,10,2026,9,17,18,24.0,157.20000000000002,97200.0,2026-09-17 18:00:00,2026-09-17 18:00:00,972.0
20260917,180000,71W,10,2026,9,17,18,25.2,156.3,97200.0,2026-09-17 18:00:00,2026-09-17 18:00:00,972.0
20260917,180000,71W,10,2026,9,17,18,26.0,155.8,96900.0,2026-09-17 18:00:00,2026-09-17 18:00:00,969.0
20260917,180000,71W,10,2026,9,17,18,26.900000000000002,154.9,96700.0,2026-09-17 18:00:00,2026-09-17 18:00:00,967.0
20260917,180000,71W,10,2026,9,17,18,27.7,154.4,96700.0,2026-09-17 18:00:00,2026-09-17 18:00:00,967.0
20260917,180000,71W,10,2026,9,17,18,28.3,154.1,96300.0,2026-09-17 18:00:00,2026-09-17 18:00:00,963.0
20260917,180000,71W,10,2026,9,17,18,29.1,153.5,96500.0,2026-09-17 18:00:00,2026-09-17 18:00:00,965.0
20260917,180000,71W,10,2026,9,17,18,30.0,153.20000000000002,96800.0,2026-09-17 18:00:00,2026-09-17 18:00:00,968.0
20260917,180000,71W,10,2026,9,17,18,31.6,153.0,97100.0,2026-09-17 18:00:00,2026-09-17 18:00:00,971.0
20260917,180000,71W,10,2026,9,17,18,33.0,153.0,97000.0,2026-09-17 18:00:00,2026-09-17 18:00:00,970.0
20260917,180000,71W,10,2026,9,17,18,35.300000000000004,154.1,97200.0,2026-09-17 18:00:00,2026-09-17 18:00:00,972.0
20260917,180000,71W,10,2026,9,17,18,37.5,156.20000000000002,97600.0,2026-09-17 18:00:00,2026-09-17 18:00:00,976.0
20260917,180000,71W,11,2026,9,17,18,10.200000000000001,105.10000000000001,101100.0,2026-09-17 18:00:00,2026-09-17 18:00:00,1011.0
20260917,180000,71W,11,2026,9,17,18,10.5,104.60000000000001,101100.0,2026-09-17 18:00:00,2026-09-17 18:00:00,1011.0
20260917,180000,71W,11,2026,9,17,18,13.0,104.9,100800.0,2026-09-17 18:00:00,2026-09-17 18:00:00,1008.0
20260917,180000,71W,11,2026,9,17,18,13.0,103.7,100900.0,2026-09-17 18:00:00,2026-09-17 18:00:00,1009.0
20260917,180000,71W,11,2026,9,17,18,10.8,105.4,101000.0,2026-09-17 18:00:00,2026-09-17 18:00:00,1010.0
20260917,180000,71W,11,2026,9,17,18,12.8,104.0,100900.0,2026-09-17 18:00:00,2026-09-17 18:00:00,1009.0
20260917,180000,71W,11,2026,9,17,18,11.9,102.0,100900.0,2026-09-17 18:00:00,2026-09-17 18:00:00,1009.0
20260917,180000,71W,11,2026,9,17,18,12.5,101.2,100800.0,2026-09-17 18:00:00,2026-09-17 18:00:00,1008.0
20260917,180000,71W,11,2026,9,17,18,13.0,100.4,100800.0,2026-09-17 18:00:00,2026-09-17 18:00:00,1008.0
20260917,180000,71W,11,2026,9,17,18,13.0,100.60000000000001,100800.0,2026-09-17 18:00:00,2026-09-17 18:00:00,1008.0
20260917,180000,71W,11,2026,9,17,18,13.6,97.8,100900.0,2026-09-17 18:00:00,2026-09-17 18:00:00,1009.0
20260917,180000,71W,11,2026,9,17,18,15.6,97.5,100800.0,2026-09-17 18:00:00,2026-09-17 18:00:00,1008.0
20260917,180000,71W,11,2026,9,17,18,15.0,97.0,100700.0,2026-09-17 18:00:00,2026-09-17 18:00:00,1007.0
20260917,180000,71W,11,2026,9,17,18,15.9,95.9,100800.0,2026-09-17 18:00:00,2026-09-17 18:00:00,1008.0
20260917,180000,71W,11,2026,9,17,18,15.9,95.60000000000001,100800.0,2026-09-17 18:00:00,2026-09-17 18:00:00,1008.0
20260917,180000,71W,11,2026,9,17,18,16.1,95.10000000000001,100800.0,2026-09-17 18:00:00,2026-09-17 18:00:00,1008.0
20260917,180000,71W,11,2026,9,17,18,16.4,93.9,100700.0,2026-09-17 18:00:00,2026-09-17 18:00:00,1007.0
20260917,180000,71W,11,2026,9,17,18,15.9,94.5,100600.0,2026-09-17 18:00:00,2026-09-17 18:00:00,1006.0
20260917,180000,71W,11,2026,9,17,18,16.1,94.7,100600.0,2026-09-17 18:00:00,2026-09-17 18:00:00,1006.0
20260917,180000,71W,11,2026,9,17,18,17.0,95.0,100400.0,2026-09-17 18:00:00,2026-09-17 18:00:00,1004.0
20260917,180000,71W,11,2026,9,17,18,17.6,94.3,100500.0,2026-09-17 18:00:00,2026-09-17 18:00:00,1005.0
20260917,180000,71W,11,2026,9,17,18,17.8,93.9,100300.0,2026-09-17 18:00:00,2026-09-17 18:00:00,1003.0
20260917,180000,71W,11,2026,9,17,18,17.8,92.8,100400.0,2026-09-17 18:00:00,2026-09-17 18:00:00,1004.0
20260917,180000,71W,11,2026,9,17,18,17.6,92.5,100100.0,2026-09-17 18:00:00,2026-09-17 18:00:00,1001.0
20260917,180000,71W,11,2026,9,17,18,17.6,92.5,100200.0,2026-09-17 18:00:00,2026-09-17 18:00:00,1002.0
20260917,180000,71W,11,2026,9,17,18,18.7,91.4,100000.0,2026-09-17 18:00:00,2026-09-17 18:00:00,1000.0
20260917,180000,71W,11,2026,9,17,18,18.7,91.10000000000001,100000.0,2026-09-17 18:00:00,2026-09-17 18:00:00,1000.0
20260917,180000,71W,11,2026,9,17,18,19.5,90.2,99700.0,2026-09-17 18:00:00,2026-09-17 18:00:00,997.0
20260917,180000,71W,11,2026,9,17,18,20.1,89.7,100000.0,2026-09-17 18:00:00,2026-09-17 18:00:00,1000.0
20260917,180000,71W,12,2026,9,17,18,15.0,174.9,101000.0,2026-09-17 18:00:00,2026-09-17 18:00:00,1010.0
20260917,180000,71W,12,2026,9,17,18,16.4,170.70000000000002,101000.0,2026-09-17 18:00:00,2026-09-17 18:00:00,1010.0
20260917,180000,71W,12,2026,9,17,18,16.1,169.8,101000.0,2026-09-17 18:00:00,2026-09-17 18:00:00,1010.0
20260917,180000,71W,12,2026,9,17,18,15.6,168.70000000000002,101000.0,2026-09-17 18:00:00,2026-09-17 18:00:00,1010.0
20260917,180000,71W,12,2026,9,17,18,16.4,167.3,100900.0,2026-09-17 18:00:00,2026-09-17 18:00:00,1009.0
20260917,180000,71W,12,2026,9,17,18,16.4,166.20000000000002,100900.0,2026-09-17 18:00:00,2026-09-17 18:00:00,1009.0
20260917,180000,71W,12,2026,9,17,18,16.4,165.9,100800.0,2026-09-17 18:00:00,2026-09-17 18:00:00,1008.0
20260917,180000,71W,12,2026,9,17,18,16.1,165.0,101000.0,2026-09-17 18:00:00,2026-09-17 18:00:00,1010.0
20260917,180000,71W,12,2026,9,17,18,17.0,163.9,100800.0,2026-09-17 18:00:00,2026-09-17 18:00:00,1008.0
20260917,180000,71W,12,2026,9,17,18,17.0,163.1,100800.0,2026-09-17 18:00:00,2026-09-17 18:00:00,1008.0
20260917,180000,71W,12,2026,9,17,18,17.0,162.20000000000002,101000.0,2026-09-17 18:00:00,2026-09-17 18:00:00,1010.0
20260917,180000,71W,13,2026,9,17,18,10.5,139.20000000000002,100700.0,2026-09-17 18:00:00,2026-09-17 18:00:00,1007.0
20260917,180000,71W,13,2026,9,17,18,11.9,140.0,100800.0,2026-09-17 18:00:00,2026-09-17 18:00:00,1008.0
20260917,180000,71W,13,2026,9,17,18,12.5,140.0,101000.0,2026-09-17 18:00:00,2026-09-17 18:00:00,1010.0
20260917,180000,71W,14,2026,9,17,18,17.3,171.20000000000002,101100.0,2026-09-17 18:00:00,2026-09-17 18:00:00,1011.0
20260917,180000,71W,14,2026,9,17,18,18.400000000000002,169.6,101000.0,2026-09-17 18:00:00,2026-09-17 18:00:00,1010.0
20260917,180000,71W,14,2026,9,17,18,17.6,167.9,101000.0,2026-09-17 18:00:00,2026-09-17 18:00:00,1010.0
20260917,180000,71W,14,2026,9,17,18,18.7,168.4,100800.0,2026-09-17 18:00:00,2026-09-17 18:00:00,1008.0
20260917,180000,71W,14,2026,9,17,18,18.1,167.9,101000.0,2026-09-17 18:00:00,2026-09-17 18:00:00,1010.0
20260917,180000,71W,15,2026,9,17,18,2.3000000000000003,169.0,100800.0,2026-09-17 18:00:00,2026-09-17 18:00:00,1008.0
20260917,180000,71W,15,2026,9,17,18,2.3000000000000003,169.0,101000.0,2026-09-17 18:00:00,2026-09-17 18:00:00,1010.0
20260917,180000,71W,16,2026,9,17,18,15.3,174.9,101000.0,2026-09-17 18:00:00,2026-09-17 18:00:00,1010.0
20260917,180000,71W,16,2026,9,17,18,15.3,173.20000000000002,100900.0,2026-09-17 18:00:00,2026-09-17 18:00:00,1009.0
20260917,180000,71W,16,2026,9,17,18,16.4,172.6,101100.0,2026-09-17 18:00:00,2026-09-17 18:00:00,1011.0
20260917,180000,71W,16,2026,9,17,18,17.0,171.20000000000002,101000.0,2026-09-17 18:00:00,2026-09-17 18:00:00,1010.0
20260917,180000,71W,16,2026,9,17,18,17.3,170.1,101000.0,2026-09-17 18:00:00,2026-09-17 18:00:00,1010.0
20260917,180000,71W,16,2026,9,17,18,17.6,169.8,100800.0,2026-09-17 18:00:00,2026-09-17 18:00:00,1008.0
20260917,180000,71W,16,2026,9,17,18,18.1,168.70000000000002,101000.0,2026-09-17 18:00:00,2026-09-17 18:00:00,1010.0
20260917,180000,71W,16,2026,9,17,18,18.1,167.9,100800.0,2026-09-17 18:00:00,2026-09-17 18:00:00,1008.0
20260917,180000,71W,16,2026,9,17,18,18.7,167.9,100800.0,2026-09-17 18:00:00,2026-09-17 18:00:00,1008.0
20260917,180000,71W,16,2026,9,17,18,18.7,166.70000000000002,100600.0,2026-09-17 18:00:00,2026-09-17 18:00:00,1006.0
20260917,180000,71W,16,2026,9,17,18,19.0,166.5,100800.0,2026-09-17 18:00:00,2026-09-17 18:00:00,1008.0
20260917,180000,71W,16,2026,9,17,18,19.0,166.70000000000002,100600.0,2026-09-17 18:00:00,2026-09-17 18:00:00,1006.0
20260917,180000,71W,17,2026,9,17,18,10.8,115.5,100800.0,2026-09-17 18:00:00,2026-09-17 18:00:00,1008.0
20260917,180000,71W,17,2026,9,17,18,8.8,114.7,100900.0,2026-09-17 18:00:00,2026-09-17 18:00:00,1009.0
20260917,180000,71W,17,2026,9,17,18,10.8,113.3,101000.0,2026-09-17 18:00:00,2026-09-17 18:00:00,1010.0
20260917,180000,71W,17,2026,9,17,18,12.5,114.7,101100.0,2026-09-17 18:00:00,2026-09-17 18:00:00,1011.0
20260917,180000,71W,17,2026,9,17,18,13.9,113.9,101000.0,2026-09-17 18:00:00,2026-09-17 18:00:00,1010.0
20260917,180000,71W,17,2026,9,17,18,13.6,114.4,100800.0,2026-09-17 18:00:00,2026-09-17 18:00:00,1008.0
20260917,180000,71W,17,2026,9,17,18,13.6,111.9,100800.0,2026-09-17 18:00:00,2026-09-17 18:00:00,1008.0
20260917,180000,71W,17,2026,9,17,18,13.0,111.9,100700.0,2026-09-17 18:00:00,2026-09-17 18:00:00,1007.0
20260917,180000,71W,17,2026,9,17,18,13.6,111.9,100900.0,2026-09-17 18:00:00,2026-09-17 18:00:00,1009.0
20260917,180000,71W,17,2026,9,17,18,13.0,110.7,100800.0,2026-09-17 18:00:00,2026-09-17 18:00:00,1008.0
20260917,180000,71W,17,2026,9,17,18,13.9,110.5,100800.0,2026-09-17 18:00:00,2026-09-17 18:00:00,1008.0
20260917,180000,71W,17,2026,9,17,18,13.3,110.2,100700.0,2026-09-17 18:00:00,2026-09-17 18:00:00,1007.0
20260917,180000,71W,17,2026,9,17,18,14.200000000000001,109.60000000000001,100800.0,2026-09-17 18:00:00,2026-09-17 18:00:00,1008.0
20260917,180000,71W,17,2026,9,17,18,14.200000000000001,109.4,100800.0,2026-09-17 18:00:00,2026-09-17 18:00:00,1008.0
20260917,180000,71W,17,2026,9,17,18,14.6,109.5,100900.0,2026-09-17 18:00:00,2026-09-17 18:00:00,1009.0
20260917,180000,71W,17,2026,9,17,18,15.0,109.4,101000.0,2026-09-17 18:00:00,2026-09-17 18:00:00,1010.0
20260917,180000,71W,17,2026,9,17,18,13.6,109.4,100900.0,2026-09-17 18:00:00,2026-09-17 18:00:00,1009.0
20260917,180000,71W,18,2026,9,17,18,11.1,108.5,101000.0,2026-09-17 18:00:00,2026-09-17 18:00:00,1010.0
20260917,180000,71W,18,2026,9,17,18,11.1,108.5,101000.0,2026-09-17 18:00:00,2026-09-17 18:00:00,1010.0
20260917,180000,71W,18,2026,9,17,18,10.1,108.0,100800.0,2026-09-17 18:00:00,2026-09-17 18:00:00,1008.0
20260917,180000,71W,18,2026,9,17,18,11.4,106.3,100700.0,2026-09-17 18:00:00,2026-09-17 18:00:00,1007.0
20260917,180000,71W,18,2026,9,17,18,11.9,106.5,100800.0,2026-09-17 18:00:00,2026-09-17 18:00:00,1008.0
20260917,180000,71W,18,2026,9,17,18,12.8,104.9,100600.0,2026-09-17 18:00:00,2026-09-17 18:00:00,1006.0
20260917,180000,71W,18,2026,9,17,18,12.5,105.10000000000001,100700.0,2026-09-17 18:00:00,2026-09-17 18:00:00,1007.0
20260917,180000,71W,18,2026,9,17,18,12.8,105.4,100800.0,2026-09-17 18:00:00,2026-09-17 18:00:00,1008.0
20260917,180000,71W,18,2026,9,17,18,13.3,105.10000000000001,100600.0,2026-09-17 18:00:00,2026-09-17 18:00:00,1006.0
20260917,180000,71W,18,2026,9,17,18,13.200000000000001,103.7,100700.0,2026-09-17 18:00:00,2026-09-17 18:00:00,1007.0
20260917,180000,71W,18,2026,9,17,18,13.6,105.10000000000001,100600.0,2026-09-17 18:00:00,2026-09-17 18:00:00,1006.0
20260917,180000,71W,18,2026,9,17,18,13.3,104.0,100800.0,2026-09-17 18:00:00,2026-09-17 18:00:00,1008.0
20260917,180000,71W,18,2026,9,17,18,13.0,104.60000000000001,100700.0,2026-09-17 18:00:00,2026-09-17 18:00:00,1007.0
20260917,180000,71W,18,2026,9,17,18,13.1,103.7,100600.0,2026-09-17 18:00:00,2026-09-17 18:00:00,1006.0
20260917,180000,71W,18,2026,9,17,18,13.1,103.60000000000001,100700.0,2026-09-17 18:00:00,2026-09-17 18:00:00,1007.0
20260917,180000,71W,18,2026,9,17,18,11.6,102.60000000000001,100600.0,2026-09-17 18:00:00,2026-09-17 18:00:00,1006.0
20260917,180000,71W,18,2026,9,17,18,13.0,103.2,100500.0,2026-09-17 18:00:00,2026-09-17 18:00:00,1005.0
20260917,180000,71W,18,2026,9,17,18,13.3,102.60000000000001,100500.0,2026-09-17 18:00:00,2026-09-17 18:00:00,1005.0
20260917,180000,71W,18,2026,9,17,18,13.9,102.0,100500.0,2026-09-17 18:00:00,2026-09-17 18:00:00,1005.0
20260917,180000,71W,18,2026,9,17,18,14.5,100.9,100500.0,2026-09-17 18:00:00,2026-09-17 18:00:00,1005.0
20260917,180000,71W,18,2026,9,17,18,13.9,100.3,100400.0,2026-09-17 18:00:00,2026-09-17 18:00:00,1004.0
20260917,180000,71W,18,2026,9,17,18,16.0,97.4,100300.0,2026-09-17 18:00:00,2026-09-17 18:00:00,1003.0
20260917,180000,71W,18,2026,9,17,18,15.0,95.9,100000.0,2026-09-17 18:00:00,2026-09-17 18:00:00,1000.0
20260917,180000,71W,18,2026,9,17,18,15.6,95.60000000000001,100200.0,2026-09-17 18:00:00,2026-09-17 18:00:00,1002.0
20260917,180000,71W,18,2026,9,17,18,16.7,93.9,100100.0,2026-09-17 18:00:00,2026-09-17 18:00:00,1001.0
20260917,180000,71W,18,2026,9,17,18,17.8,93.0,100200.0,2026-09-17 18:00:00,2026-09-17 18:00:00,1002.0
20260917,180000,71W,18,2026,9,17,18,19.2,90.2,99800.0,2026-09-17 18:00:00,2026-09-17 18:00:00,998.0
20260917,180000,71W,19,2026,9,17,18,1.8,169.8,100800.0,2026-09-17 18:00:00,2026-09-17 18:00:00,1008.0
20260917,180000,71W,20,2026,9,17,18,15.0,174.3,100800.0,2026-09-17 18:00:00,2026-09-17 18:00:00,1008.0
20260917,180000,71W,20,2026,9,17,18,15.9,174.3,100700.0,2026-09-17 18:00:00,2026-09-17 18:00:00,1007.0
20260917,180000,71W,20,2026,9,17,18,17.0,173.5,100700.0,2026-09-17 18:00:00,2026-09-17 18:00:00,1007.0
20260917,180000,71W,20,2026,9,17,18,17.3,172.20000000000002,100700.0,2026-09-17 18:00:00,2026-09-17 18:00:00,1007.0
20260917,180000,71W,20,2026,9,17,18,18.400000000000002,171.5,100600.0,2026-09-17 18:00:00,2026-09-17 18:00:00,1006.0
20260917,180000,71W,20,2026,9,17,18,18.1,170.70000000000002,100600.0,2026-09-17 18:00:00,2026-09-17 18:00:00,1006.0
20260917,180000,71W,20,2026,9,17,18,18.400000000000002,169.8,100800.0,2026-09-17 18:00:00,2026-09-17 18:00:00,1008.0
20260917,180000,71W,20,2026,9,17,18,18.7,169.5,100700.0,2026-09-17 18:00:00,2026-09-17 18:00:00,1007.0
20260917,180000,71W,20,2026,9,17,18,19.0,169.5,100800.0,2026-09-17 18:00:00,2026-09-17 18:00:00,1008.0
20260917,180000,71W,20,2026,9,17,18,19.5,169.6,100600.0,2026-09-17 18:00:00,2026-09-17 18:00:00,1006.0
20260917,180000,71W,20,2026,9,17,18,20.400000000000002,169.8,100800.0,2026-09-17 18:00:00,2026-09-17 18:00:00,1008.0
20260917,180000,71W,20,2026,9,17,18,20.400000000000002,169.8,100400.0,2026-09-17 18:00:00,2026-09-17 18:00:00,1004.0
20260917,180000,71W,20,2026,9,17,18,20.7,169.8,100600.0,2026-09-17 18:00:00,2026-09-17 18:00:00,1006.0
20260917,180000,71W,21,2026,9,17,18,13.9,175.5,100900.0,2026-09-17 18:00:00,2026-09-17 18:00:00,1009.0
20260917,180000,71W,21,2026,9,17,18,14.700000000000001,174.6,101000.0,2026-09-17 18:00:00,2026-09-17 18:00:00,1010.0
20260917,180000,71W,21,2026,9,17,18,16.1,172.9,100800.0,2026-09-17 18:00:00,2026-09-17 18:00:00,1008.0
20260917,180000,71W,21,2026,9,17,18,16.4,171.20000000000002,100800.0,2026-09-17 18:00:00,2026-09-17 18:00:00,1008.0
20260917,180000,71W,21,2026,9,17,18,16.1,170.70000000000002,100800.0,2026-09-17 18:00:00,2026-09-17 18:00:00,1008.0
20260917,180000,71W,21,2026,9,17,18,17.0,169.3,101000.0,2026-09-17 18:00:00,2026-09-17 18:00:00,1010.0
20260917,180000,71W,21,2026,9,17,18,17.8,168.4,100800.0,2026-09-17 18:00:00,2026-09-17 18:00:00,1008.0
20260917,180000,71W,21,2026,9,17,18,18.1,168.1,100800.0,2026-09-17 18:00:00,2026-09-17 18:00:00,1008.0
20260917,180000,71W,21,2026,9,17,18,18.400000000000002,167.9,100700.0,2026-09-17 18:00:00,2026-09-17 18:00:00,1007.0
20260917,180000,71W,21,2026,9,17,18,18.1,166.5,100900.0,2026-09-17 18:00:00,2026-09-17 18:00:00,1009.0
20260917,180000,71W,21,2026,9,17,18,18.400000000000002,166.70000000000002,100800.0,2026-09-17 18:00:00,2026-09-17 18:00:00,1008.0
20260917,180000,71W,21,2026,9,17,18,18.7,165.9,100900.0,2026-09-17 18:00:00,2026-09-17 18:00:00,1009.0
20260917,180000,71W,21,2026,9,17,18,18.7,165.3,100800.0,2026-09-17 18:00:00,2026-09-17 18:00:00,1008.0
20260917,180000,71W,21,2026,9,17,18,18.1,165.0,100900.0,2026-09-17 18:00:00,2026-09-17 18:00:00,1009.0
20260917,180000,71W,22,2026,9,17,18,15.0,175.70000000000002,101000.0,2026-09-17 18:00:00,2026-09-17 18:00:00,1010.0
20260917,180000,71W,22,2026,9,17,18,16.1,172.4,101200.0,2026-09-17 18:00:00,2026-09-17 18:00:00,1012.0
20260917,180000,71W,23,2026,9,17,18,14.5,175.20000000000002,100800.0,2026-09-17 18:00:00,2026-09-17 18:00:00,1008.0
20260917,180000,71W,23,2026,9,17,18,15.3,174.6,100800.0,2026-09-17 18:00:00,2026-09-17 18:00:00,1008.0
20260917,180000,71W,23,2026,9,17,18,15.9,173.5,101000.0,2026-09-17 18:00:00,2026-09-17 18:00:00,1010.0
20260917,180000,71W,23,2026,9,17,18,16.4,172.9,100800.0,2026-09-17 18:00:00,2026-09-17 18:00:00,1008.0
20260917,180000,71W,23,2026,9,17,18,16.7,171.8,100900.0,2026-09-17 18:00:00,2026-09-17 18:00:00,1009.0
20260917,180000,71W,23,2026,9,17,18,16.7,170.70000000000002,100800.0,2026-09-17 18:00:00,2026-09-17 18:00:00,1008.0
20260917,180000,71W,23,2026,9,17,18,17.0,169.5,100900.0,2026-09-17 18:00:00,2026-09-17 18:00:00,1009.0
20260917,180000,71W,23,2026,9,17,18,17.3,168.70000000000002,100800.0,2026-09-17 18:00:00,2026-09-17 18:00:00,1008.0
20260917,180000,71W,23,2026,9,17,18,17.0,167.9,100800.0,2026-09-17 18:00:00,2026-09-17 18:00:00,1008.0
20260917,180000,71W,23,2026,9,17,18,17.0,166.70000000000002,100800.0,2026-09-17 18:00:00,2026-09-17 18:00:00,1008.0
20260917,180000,71W,23,2026,9,17,18,16.4,165.9,100700.0,2026-09-17 18:00:00,2026-09-17 18:00:00,1007.0
20260917,180000,71W,23,2026,9,17,18,15.6,165.9,100900.0,2026-09-17 18:00:00,2026-09-17 18:00:00,1009.0
20260917,180000,71W,23,2026,9,17,18,16.4,167.0,100700.0,2026-09-17 18:00:00,2026-09-17 18:00:00,1007.0
20260917,180000,71W,23,2026,9,17,18,14.200000000000001,167.3,100600.0,2026-09-17 18:00:00,2026-09-17 18:00:00,1006.0
20260917,180000,71W,23,2026,9,17,18,14.700000000000001,167.0,100800.0,2026-09-17 18:00:00,2026-09-17 18:00:00,1008.0
20260917,180000,71W,23,2026,9,17,18,13.9,167.6,100700.0,2026-09-17 18:00:00,2026-09-17 18:00:00,1007.0
20260917,180000,71W,24,2026,9,17,18,11.9,171.20000000000002,101000.0,2026-09-17 18:00:00,2026-09-17 18:00:00,1010.0
20260917,180000,71W,25,2026,9,17,18,1.8,174.1,101200.0,2026-09-17 18:00:00,2026-09-17 18:00:00,1012.0
20260917,180000,71W,25,2026,9,17,18,2.9,175.20000000000002,101100.0,2026-09-17 18:00:00,2026-09-17 18:00:00,1011.0
20260917,180000,71W,25,2026,9,17,18,5.4,173.20000000000002,101000.0,2026-09-17 18:00:00,2026-09-17 18:00:00,1010.0
20260917,180000,71W,25,2026,9,17,18,6.6000000000000005,172.4,100800.0,2026-09-17 18:00:00,2026-09-17 18:00:00,1008.0
20260917,180000,71W,25,2026,9,17,18,8.3,172.6,100900.0,2026-09-17 18:00:00,2026-09-17 18:00:00,1009.0
20260917,180000,71W,25,2026,9,17,18,11.1,169.8,100900.0,2026-09-17 18:00:00,2026-09-17 18:00:00,1009.0
20260917,180000,71W,25,2026,9,17,18,11.4,171.20000000000002,100900.0,2026-09-17 18:00:00,2026-09-17 18:00:00,1009.0
20260917,180000,71W,26,2026,9,17,18,17.6,172.4,100900.0,2026-09-17 18:00:00,2026-09-17 18:00:00,1009.0
20260917,180000,71W,26,2026,9,17,18,17.6,171.5,100900.0,2026-09-17 18:00:00,2026-09-17 18:00:00,1009.0
20260917,180000,71W,26,2026,9,17,18,17.6,169.8,100900.0,2026-09-17 18:00:00,2026-09-17 18:00:00,1009.0
20260917,180000,71W,26,2026,9,17,18,17.0,169.0,100700.0,2026-09-17 18:00:00,2026-09-17 18:00:00,1007.0
20260917,180000,71W,26,2026,9,17,18,17.0,168.4,100900.0,2026-09-17 18:00:00,2026-09-17 18:00:00,1009.0
20260917,180000,71W,26,2026,9,17,18,17.3,167.9,100800.0,2026-09-17 18:00:00,2026-09-17 18:00:00,1008.0
20260917,180000,71W,26,2026,9,17,18,17.3,167.6,100900.0,2026-09-17 18:00:00,2026-09-17 18:00:00,1009.0
20260917,180000,71W,26,2026,9,17,18,16.7,167.0,100700.0,2026-09-17 18:00:00,2026-09-17 18:00:00,1007.0
20260917,180000,71W,26,2026,9,17,18,17.6,166.5,100900.0,2026-09-17 18:00:00,2026-09-17 18:00:00,1009.0
20260917,180000,71W,26,2026,9,17,18,17.8,165.9,100700.0,2026-09-17 18:00:00,2026-09-17 18:00:00,1007.0
20260917,180000,71W,27,2026,9,17,18,13.3,165.0,101200.0,2026-09-17 18:00:00,2026-09-17 18:00:00,1012.0
20260917,180000,71W,27,2026,9,17,18,12.200000000000001,168.1,101200.0,2026-09-17 18:00:00,2026-09-17 18:00:00,1012.0
20260917,180000,71W,27,2026,9,17,18,10.5,169.8,100900.0,2026-09-17 18:00:00,2026-09-17 18:00:00,1009.0
20260917,180000,71W,27,2026,9,17,18,12.200000000000001,168.4,100900.0,2026-09-17 18:00:00,2026-09-17 18:00:00,1009.0
20260917,180000,71W,27,2026,9,17,18,11.4,167.6,101000.0,2026-09-17 18:00:00,2026-09-17 18:00:00,1010.0
20260917,180000,71W,27,2026,9,17,18,12.5,168.4,100900.0,2026-09-17 18:00:00,2026-09-17 18:00:00,1009.0
20260917,180000,71W,27,2026,9,17,18,13.6,166.70000000000002,101100.0,2026-09-17 18:00:00,2026-09-17 18:00:00,1011.0
20260917,180000,71W,27,2026,9,17,18,14.700000000000001,164.8,100900.0,2026-09-17 18:00:00,2026-09-17 18:00:00,1009.0
20260917,180000,71W,28,2026,9,17,18,11.4,168.9,100900.0,2026-09-17 18:00:00,2026-09-17 18:00:00,1009.0
20260917,180000,71W,28,2026,9,17,18,10.8,169.3,101000.0,2026-09-17 18:00:00,2026-09-17 18:00:00,1010.0
20260917,180000,71W,28,2026,9,17,18,10.8,170.1,100900.0,2026-09-17 18:00:00,2026-09-17 18:00:00,1009.0
20260917,180000,71W,28,2026,9,17,18,11.1,169.0,101000.0,2026-09-17 18:00:00,2026-09-17 18:00:00,1010.0
20260917,180000,71W,28,2026,9,17,18,11.4,167.6,101000.0,2026-09-17 18:00:00,2026-09-17 18:00:00,1010.0
20260917,180000,71W,28,2026,9,17,18,11.1,169.0,100800.0,2026-09-17 18:00:00,2026-09-17 18:00:00,1008.0
20260917,180000,71W,28,2026,9,17,18,11.9,166.70000000000002,100700.0,2026-09-17 18:00:00,2026-09-17 18:00:00,1007.0
20260917,180000,71W,28,2026,9,17,18,13.3,167.3,100900.0,2026-09-17 18:00:00,2026-09-17 18:00:00,1009.0
20260917,180000,71W,28,2026,9,17,18,12.200000000000001,165.3,100800.0,2026-09-17 18:00:00,2026-09-17 18:00:00,1008.0
20260917,180000,71W,28,2026,9,17,18,13.6,164.8,101000.0,2026-09-17 18:00:00,2026-09-17 18:00:00,1010.0
20260917,180000,71W,28,2026,9,17,18,13.6,166.20000000000002,100900.0,2026-09-17 18:00:00,2026-09-17 18:00:00,1009.0
20260917,180000,71W,28,2026,9,17,18,13.3,167.6,100800.0,2026-09-17 18:00:00,2026-09-17 18:00:00,1008.0
20260917,180000,71W,28,2026,9,17,18,13.0,166.70000000000002,100900.0,2026-09-17 18:00:00,2026-09-17 18:00:00,1009.0
20260917,180000,71W,29,2026,9,17,18,14.5,175.70000000000002,100800.0,2026-09-17 18:00:00,2026-09-17 18:00:00,1008.0
20260917,180000,71W,29,2026,9,17,18,15.3,174.9,100700.0,2026-09-17 18:00:00,2026-09-17 18:00:00,1007.0
20260917,180000,71W,29,2026,9,17,18,16.4,172.4,100900.0,2026-09-17 18:00:00,2026-09-17 18:00:00,1009.0
20260917,180000,71W,29,2026,9,17,18,17.0,171.20000000000002,101000.0,2026-09-17 18:00:00,2026-09-17 18:00:00,1010.0
20260917,180000,71W,29,2026,9,17,18,16.7,169.8,100900.0,2026-09-17 18:00:00,2026-09-17 18:00:00,1009.0
20260917,180000,71W,29,2026,9,17,18,17.0,168.70000000000002,101000.0,2026-09-17 18:00:00,2026-09-17 18:00:00,1010.0
20260917,180000,71W,29,2026,9,17,18,16.7,167.9,100900.0,2026-09-17 18:00:00,2026-09-17 18:00:00,1009.0
20260917,180000,71W,29,2026,9,17,18,16.4,167.3,101000.0,2026-09-17 18:00:00,2026-09-17 18:00:00,1010.0
20260917,180000,71W,29,2026,9,17,18,16.4,165.3,100900.0,2026-09-17 18:00:00,2026-09-17 18:00:00,1009.0
20260917,180000,71W,30,2026,9,17,18,15.3,167.6,100900.0,2026-09-17 18:00:00,2026-09-17 18:00:00,1009.0
20260917,180000,71W,30,2026,9,17,18,15.0,165.9,100900.0,2026-09-17 18:00:00,2026-09-17 18:00:00,1009.0
20260917,180000,71W,30,2026,9,17,18,14.700000000000001,165.0,100800.0,2026-09-17 18:00:00,2026-09-17 18:00:00,1008.0
20260917,180000,71W,30,2026,9,17,18,15.9,163.9,101000.0,2026-09-17 18:00:00,2026-09-17 18:00:00,1010.0
20260917,180000,71W,30,2026,9,17,18,15.3,161.4,100800.0,2026-09-17 18:00:00,2026-09-17 18:00:00,1008.0
20260917,180000,71W,30,2026,9,17,18,14.200000000000001,160.8,101000.0,2026-09-17 18:00:00,2026-09-17 18:00:00,1010.0
20260917,180000,71W,30,2026,9,17,18,14.700000000000001,160.8,100800.0,2026-09-17 18:00:00,2026-09-17 18:00:00,1008.0
20260917,180000,71W,30,2026,9,17,18,12.8,160.3,100700.0,2026-09-17 18:00:00,2026-09-17 18:00:00,1007.0
20260917,180000,71W,30,2026,9,17,18,13.3,160.3,100800.0,2026-09-17 18:00:00,2026-09-17 18:00:00,1008.0
20260917,180000,71W,30,2026,9,17,18,12.8,160.8,100700.0,2026-09-17 18:00:00,2026-09-17 18:00:00,1007.0
20260917,180000,71W,31,2026,9,17,18,18.1,171.20000000000002,101000.0,2026-09-17 18:00:00,2026-09-17 18:00:00,1010.0
20260917,180000,71W,31,2026,9,17,18,19.0,170.4,101100.0,2026-09-17 18:00:00,2026-09-17 18:00:00,1011.0
20260917,180000,71W,31,2026,9,17,18,19.2,168.1,101100.0,2026-09-17 18:00:00,2026-09-17 18:00:00,1011.0
20260917,180000,71W,31,2026,9,17,18,19.5,167.0,101000.0,2026-09-17 18:00:00,2026-09-17 18:00:00,1010.0
20260917,180000,71W,31,2026,9,17,18,19.2,165.6,101100.0,2026-09-17 18:00:00,2026-09-17 18:00:00,1011.0
20260917,180000,71W,32,2026,9,17,18,15.6,176.0,100900.0,2026-09-17 18:00:00,2026-09-17 18:00:00,1009.0
20260917,180000,71W,32,2026,9,17,18,16.1,174.6,100800.0,2026-09-17 18:00:00,2026-09-17 18:00:00,1008.0
20260917,180000,71W,32,2026,9,17,18,16.4,173.5,101000.0,2026-09-17 18:00:00,2026-09-17 18:00:00,1010.0
20260917,180000,71W,32,2026,9,17,18,17.3,172.4,100800.0,2026-09-17 18:00:00,2026-09-17 18:00:00,1008.0
20260917,180000,71W,32,2026,9,17,18,17.8,171.20000000000002,100900.0,2026-09-17 18:00:00,2026-09-17 18:00:00,1009.0
20260917,180000,71W,32,2026,9,17,18,17.8,170.70000000000002,100800.0,2026-09-17 18:00:00,2026-09-17 18:00:00,1008.0
20260917,180000,71W,32,2026,9,17,18,17.8,169.5,100900.0,2026-09-17 18:00:00,2026-09-17 18:00:00,1009.0
20260917,180000,71W,32,2026,9,17,18,17.8,169.0,100800.0,2026-09-17 18:00:00,2026-09-17 18:00:00,1008.0
20260917,180000,71W,32,2026,9,17,18,18.3,168.6,100800.0,2026-09-17 18:00:00,2026-09-17 18:00:00,1008.0
20260917,180000,71W,32,2026,9,17,18,18.400000000000002,167.3,100700.0,2026-09-17 18:00:00,2026-09-17 18:00:00,1007.0
20260917,180000,71W,32,2026,9,17,18,18.1,166.5,100900.0,2026-09-17 18:00:00,2026-09-17 18:00:00,1009.0
20260917,180000,71W,32,2026,9,17,18,18.1,166.20000000000002,100800.0,2026-09-17 18:00:00,2026-09-17 18:00:00,1008.0
20260917,180000,71W,32,2026,9,17,18,17.8,165.6,100700.0,2026-09-17 18:00:00,2026-09-17 18:00:00,1007.0
20260917,180000,71W,32,2026,9,17,18,17.3,164.8,100900.0,2026-09-17 18:00:00,2026-09-17 18:00:00,1009.0
20260917,180000,71W,32,2026,9,17,18,17.3,164.5,101100.0,2026-09-17 18:00:00,2026-09-17 18:00:00,1011.0
20260917,180000,71W,32,2026,9,17,18,17.0,164.20000000000002,100800.0,2026-09-17 18:00:00,2026-09-17 18:00:00,1008.0
20260917,180000,71W,32,2026,9,17,18,16.4,164.20000000000002,101000.0,2026-09-17 18:00:00,2026-09-17 18:00:00,1010.0
20260917,180000,71W,32,2026,9,17,18,15.6,163.1,101000.0,2026-09-17 18:00:00,2026-09-17 18:00:00,1010.0
20260917,180000,71W,32,2026,9,17,18,14.5,163.1,100900.0,2026-09-17 18:00:00,2026-09-17 18:00:00,1009.0
20260917,180000,71W,32,2026,9,17,18,15.6,166.20000000000002,100800.0,2026-09-17 18:00:00,2026-09-17 18:00:00,1008.0
20260917,180000,71W,33,2026,9,17,18,25.7,143.70000000000002,98800.0,2026-09-17 18:00:00,2026-09-17 18:00:00,988.0
20260917,180000,71W,33,2026,9,17,18,25.400000000000002,142.8,98600.0,2026-09-17 18:00:00,2026-09-17 18:00:00,986.0
20260917,180000,71W,33,2026,9,17,18,25.2,142.0,98500.0,2026-09-17 18:00:00,2026-09-17 18:00:00,985.0
20260917,180000,71W,33,2026,9,17,18,25.7,141.1,98100.0,2026-09-17 18:00:00,2026-09-17 18:00:00,981.0
20260917,180000,71W,33,2026,9,17,18,26.6,140.0,98000.0,2026-09-17 18:00:00,2026-09-17 18:00:00,980.0
20260917,180000,71W,33,2026,9,17,18,27.3,139.5,97800.0,2026-09-17 18:00:00,2026-09-17 18:00:00,978.0
20260917,180000,71W,33,2026,9,17,18,28.0,139.20000000000002,97800.0,2026-09-17 18:00:00,2026-09-17 18:00:00,978.0
20260917,180000,71W,33,2026,9,17,18,28.8,138.6,97400.0,2026-09-17 18:00:00,2026-09-17 18:00:00,974.0
20260917,180000,71W,33,2026,9,17,18,30.2,138.6,97600.0,2026-09-17 18:00:00,2026-09-17 18:00:00,976.0
20260917,180000,71W,33,2026,9,17,18,31.400000000000002,138.3,97400.0,2026-09-17 18:00:00,2026-09-17 18:00:00,974.0
20260917,180000,71W,33,2026,9,17,18,32.2,138.9,97800.0,2026-09-17 18:00:00,2026-09-17 18:00:00,978.0
20260917,180000,71W,33,2026,9,17,18,32.8,140.0,97800.0,2026-09-17 18:00:00,2026-09-17 18:00:00,978.0
20260917,180000,71W,33,2026,9,17,18,34.2,141.1,98300.0,2026-09-17 18:00:00,2026-09-17 18:00:00,983.0
20260917,180000,71W,33,2026,9,17,18,35.6,143.1,98500.0,2026-09-17 18:00:00,2026-09-17 18:00:00,985.0
20260917,180000,71W,33,2026,9,17,18,37.300000000000004,145.6,99000.0,2026-09-17 18:00:00,2026-09-17 18:00:00,990.0
20260917,180000,71W,33,2026,9,17,18,38.7,147.9,98700.0,2026-09-17 18:00:00,2026-09-17 18:00:00,987.0
20260917,180000,71W,33,2026,9,17,18,40.7,151.0,99000.0,2026-09-17 18:00:00,2026-09-17 18:00:00,990.0
20260917,180000,71W,33,2026,9,17,18,41.2,154.1,99100.0,2026-09-17 18:00:00,2026-09-17 18:00:00,991.0
20260917,180000,71W,34,2026,9,17,18,15.3,176.9,100100.0,2026-09-17 18:00:00,2026-09-17 18:00:00,1001.0
20260917,180000,71W,34,2026,9,17,18,15.9,175.70000000000002,100300.0,2026-09-17 18:00:00,2026-09-17 18:00:00,1003.0
20260917,180000,71W,34,2026,9,17,18,16.4,174.3,100500.0,2026-09-17 18:00:00,2026-09-17 18:00:00,1005.0
20260917,180000,71W,34,2026,9,17,18,17.3,173.20000000000002,100500.0,2026-09-17 18:00:00,2026-09-17 18:00:00,1005.0
20260917,180000,71W,34,2026,9,17,18,17.6,172.4,100300.0,2026-09-17 18:00:00,2026-09-17 18:00:00,1003.0
20260917,180000,71W,34,2026,9,17,18,17.8,171.5,100300.0,2026-09-17 18:00:00,2026-09-17 18:00:00,1003.0
20260917,180000,71W,34,2026,9,17,18,18.400000000000002,170.70000000000002,100500.0,2026-09-17 18:00:00,2026-09-17 18:00:00,1005.0
20260917,180000,71W,34,2026,9,17,18,18.7,170.1,100300.0,2026-09-17 18:00:00,2026-09-17 18:00:00,1003.0
20260917,180000,71W,34,2026,9,17,18,19.2,169.5,100500.0,2026-09-17 18:00:00,2026-09-17 18:00:00,1005.0
20260917,180000,71W,34,2026,9,17,18,19.5,168.4,100300.0,2026-09-17 18:00:00,2026-09-17 18:00:00,1003.0
20260917,180000,71W,34,2026,9,17,18,19.5,167.0,100600.0,2026-09-17 18:00:00,2026-09-17 18:00:00,1006.0
20260917,180000,71W,34,2026,9,17,18,20.1,166.5,100600.0,2026-09-17 18:00:00,2026-09-17 18:00:00,1006.0
20260917,180000,71W,34,2026,9,17,18,19.5,165.6,100700.0,2026-09-17 18:00:00,2026-09-17 18:00:00,1007.0
20260917,180000,71W,34,2026,9,17,18,19.2,164.5,100500.0,2026-09-17 18:00:00,2026-09-17 18:00:00,1005.0
20260917,180000,71W,34,2026,9,17,18,18.400000000000002,163.9,100700.0,2026-09-17 18:00:00,2026-09-17 18:00:00,1007.0
20260917,180000,71W,34,2026,9,17,18,17.0,164.8,100600.0,2026-09-17 18:00:00,2026-09-17 18:00:00,1006.0
20260917,180000,71W,34,2026,9,17,18,17.3,165.3,100800.0,2026-09-17 18:00:00,2026-09-17 18:00:00,1008.0
20260917,180000,71W,34,2026,9,17,18,14.700000000000001,165.9,100500.0,2026-09-17 18:00:00,2026-09-17 18:00:00,1005.0
20260917,180000,71W,35,2026,9,17,18,2.3000000000000003,173.5,100900.0,2026-09-17 18:00:00,2026-09-17 18:00:00,1009.0
20260917,180000,71W,35,2026,9,17,18,3.5,171.5,100900.0,2026-09-17 18:00:00,2026-09-17 18:00:00,1009.0
20260917,180000,71W,36,2026,9,17,18,13.6,174.9,101000.0,2026-09-17 18:00:00,2026-09-17 18:00:00,1010.0
20260917,180000,71W,36,2026,9,17,18,15.6,174.6,101000.0,2026-09-17 18:00:00,2026-09-17 18:00:00,1010.0
20260917,180000,71W,36,2026,9,17,18,15.6,173.5,101100.0,2026-09-17 18:00:00,2026-09-17 18:00:00,1011.0
20260917,180000,71W,36,2026,9,17,18,16.7,172.1,101100.0,2026-09-17 18:00:00,2026-09-17 18:00:00,1011.0
20260917,180000,71W,36,2026,9,17,18,15.9,170.70000000000002,100900.0,2026-09-17 18:00:00,2026-09-17 18:00:00,1009.0
20260917,180000,71W,36,2026,9,17,18,17.6,167.9,101000.0,2026-09-17 18:00:00,2026-09-17 18:00:00,1010.0
20260917,180000,71W,36,2026,9,17,18,17.8,166.5,101000.0,2026-09-17 18:00:00,2026-09-17 18:00:00,1010.0
20260917,180000,71W,36,2026,9,17,18,16.9,165.1,100900.0,2026-09-17 18:00:00,2026-09-17 18:00:00,1009.0
20260917,180000,71W,36,2026,9,17,18,18.1,163.9,101000.0,2026-09-17 18:00:00,2026-09-17 18:00:00,1010.0
20260917,180000,71W,36,2026,9,17,18,17.6,162.8,101100.0,2026-09-17 18:00:00,2026-09-17 18:00:00,1011.0
20260917,180000,71W,36,2026,9,17,18,17.8,161.70000000000002,101000.0,2026-09-17 18:00:00,2026-09-17 18:00:00,1010.0
20260917,180000,71W,36,2026,9,17,18,15.6,162.5,101100.0,2026-09-17 18:00:00,2026-09-17 18:00:00,1011.0
20260917,180000,71W,37,2026,9,17,18,1.8,167.6,100900.0,2026-09-17 18:00:00,2026-09-17 18:00:00,1009.0
20260917,180000,71W,37,2026,9,17,18,1.5,168.4,101000.0,2026-09-17 18:00:00,2026-09-17 18:00:00,1010.0
20260917,180000,71W,38,2026,9,17,18,15.3,176.3,100800.0,2026-09-17 18:00:00,2026-09-17 18:00:00,1008.0
20260917,180000,71W,38,2026,9,17,18,16.4,175.20000000000002,100700.0,2026-09-17 18:00:00,2026-09-17 18:00:00,1007.0
20260917,180000,71W,38,2026,9,17,18,16.7,174.0,100800.0,2026-09-17 18:00:00,2026-09-17 18:00:00,1008.0
20260917,180000,71W,38,2026,9,17,18,17.6,172.9,100800.0,2026-09-17 18:00:00,2026-09-17 18:00:00,1008.0
20260917,180000,71W,38,2026,9,17,18,17.8,171.5,100800.0,2026-09-17 18:00:00,2026-09-17 18:00:00,1008.0
20260917,180000,71W,38,2026,9,17,18,17.8,171.0,100700.0,2026-09-17 18:00:00,2026-09-17 18:00:00,1007.0
20260917,180000,71W,38,2026,9,17,18,18.1,170.1,100900.0,2026-09-17 18:00:00,2026-09-17 18:00:00,1009.0
20260917,180000,71W,38,2026,9,17,18,18.7,169.0,100700.0,2026-09-17 18:00:00,2026-09-17 18:00:00,1007.0
20260917,180000,71W,38,2026,9,17,18,19.0,168.1,100700.0,2026-09-17 18:00:00,2026-09-17 18:00:00,1007.0
20260917,180000,71W,38,2026,9,17,18,19.0,167.3,100600.0,2026-09-17 18:00:00,2026-09-17 18:00:00,1006.0
20260917,180000,71W,38,2026,9,17,18,19.0,167.0,100700.0,2026-09-17 18:00:00,2026-09-17 18:00:00,1007.0
20260917,180000,71W,38,2026,9,17,18,19.2,166.70000000000002,100700.0,2026-09-17 18:00:00,2026-09-17 18:00:00,1007.0
20260917,180000,71W,38,2026,9,17,18,19.5,166.20000000000002,100700.0,2026-09-17 18:00:00,2026-09-17 18:00:00,1007.0
20260917,180000,71W,39,2026,9,17,18,16.4,174.6,100700.0,2026-09-17 18:00:00,2026-09-17 18:00:00,1007.0
20260917,180000,71W,39,2026,9,17,18,17.0,172.9,100700.0,2026-09-17 18:00:00,2026-09-17 18:00:00,1007.0
20260917,180000,71W,39,2026,9,17,18,17.3,172.1,100700.0,2026-09-17 18:00:00,2026-09-17 18:00:00,1007.0
20260917,180000,71W,39,2026,9,17,18,17.3,170.70000000000002,100800.0,2026-09-17 18:00:00,2026-09-17 18:00:00,1008.0
20260917,180000,71W,39,2026,9,17,18,17.3,169.8,100700.0,2026-09-17 18:00:00,2026-09-17 18:00:00,1007.0
20260917,180000,71W,39,2026,9,17,18,17.8,169.0,100900.0,2026-09-17 18:00:00,2026-09-17 18:00:00,1009.0
20260917,180000,71W,39,2026,9,17,18,19.0,168.4,100600.0,2026-09-17 18:00:00,2026-09-17 18:00:00,1006.0
20260917,180000,71W,39,2026,9,17,18,19.0,167.3,100800.0,2026-09-17 18:00:00,2026-09-17 18:00:00,1008.0
20260917,180000,71W,39,2026,9,17,18,19.0,166.5,100600.0,2026-09-17 18:00:00,2026-09-17 18:00:00,1006.0
20260917,180000,71W,39,2026,9,17,18,19.2,165.9,100800.0,2026-09-17 18:00:00,2026-09-17 18:00:00,1008.0
20260917,180000,71W,40,2026,9,17,18,14.200000000000001,176.6,100900.0,2026-09-17 18:00:00,2026-09-17 18:00:00,1009.0
20260917,180000,71W,41,2026,9,17,18,9.700000000000001,159.70000000000002,100900.0,2026-09-17 18:00:00,2026-09-17 18:00:00,1009.0
20260917,180000,71W,41,2026,9,17,18,10.0,162.5,101100.0,2026-09-17 18:00:00,2026-09-17 18:00:00,1011.0
20260917,180000,71W,41,2026,9,17,18,11.4,162.8,101100.0,2026-09-17 18:00:00,2026-09-17 18:00:00,1011.0
20260917,180000,71W,42,2026,9,17,18,13.0,172.9,101000.0,2026-09-17 18:00:00,2026-09-17 18:00:00,1010.0
20260917,180000,71W,42,2026,9,17,18,17.3,171.20000000000002,101100.0,2026-09-17 18:00:00,2026-09-17 18:00:00,1011.0
20260917,180000,71W,42,2026,9,17,18,17.6,169.5,100900.0,2026-09-17 18:00:00,2026-09-17 18:00:00,1009.0
20260917,180000,71W,42,2026,9,17,18,15.6,168.1,101100.0,2026-09-17 18:00:00,2026-09-17 18:00:00,1011.0
20260917,180000,71W,43,2026,9,17,18,15.200000000000001,163.5,100900.0,2026-09-17 18:00:00,2026-09-17 18:00:00,1009.0
20260917,180000,71W,43,2026,9,17,18,16.7,162.20000000000002,100800.0,2026-09-17 18:00:00,2026-09-17 18:00:00,1008.0
20260917,180000,71W,43,2026,9,17,18,16.1,161.70000000000002,100600.0,2026-09-17 18:00:00,2026-09-17 18:00:00,1006.0
20260917,180000,71W,43,2026,9,17,18,14.700000000000001,162.0,100800.0,2026-09-17 18:00:00,2026-09-17 18:00:00,1008.0
20260917,180000,71W,43,2026,9,17,18,14.6,164.0,100700.0,2026-09-17 18:00:00,2026-09-17 18:00:00,1007.0
20260917,180000,71W,43,2026,9,17,18,14.200000000000001,165.9,100500.0,2026-09-17 18:00:00,2026-09-17 18:00:00,1005.0
20260917,180000,71W,43,2026,9,17,18,15.0,166.70000000000002,100700.0,2026-09-17 18:00:00,2026-09-17 18:00:00,1007.0
20260917,180000,71W,43,2026,9,17,18,15.3,167.0,100500.0,2026-09-17 18:00:00,2026-09-17 18:00:00,1005.0
20260917,180000,71W,43,2026,9,17,18,16.4,168.1,100700.0,2026-09-17 18:00:00,2026-09-17 18:00:00,1007.0
20260917,180000,71W,43,2026,9,17,18,17.3,168.4,100500.0,2026-09-17 18:00:00,2026-09-17 18:00:00,1005.0
20260917,180000,71W,43,2026,9,17,18,18.400000000000002,169.0,100500.0,2026-09-17 18:00:00,2026-09-17 18:00:00,1005.0
20260917,180000,71W,43,2026,9,17,18,18.400000000000002,168.1,100200.0,2026-09-17 18:00:00,2026-09-17 18:00:00,1002.0
20260917,180000,71W,43,2026,9,17,18,17.6,168.70000000000002,100200.0,2026-09-17 18:00:00,2026-09-17 18:00:00,1002.0
20260917,180000,71W,43,2026,9,17,18,18.1,168.70000000000002,99800.0,2026-09-17 18:00:00,2026-09-17 18:00:00,998.0
20260917,180000,71W,43,2026,9,17,18,17.5,169.0,99900.0,2026-09-17 18:00:00,2026-09-17 18:00:00,999.0
20260917,180000,71W,43,2026,9,17,18,17.8,169.5,99600.0,2026-09-17 18:00:00,2026-09-17 18:00:00,996.0
20260917,180000,71W,43,2026,9,17,18,18.6,169.3,99500.0,2026-09-17 18:00:00,2026-09-17 18:00:00,995.0
20260917,180000,71W,43,2026,9,17,18,19.2,168.1,99200.0,2026-09-17 18:00:00,2026-09-17 18:00:00,992.0
20260917,180000,71W,43,2026,9,17,18,19.0,167.9,99100.0,2026-09-17 18:00:00,2026-09-17 18:00:00,991.0
20260917,180000,71W,43,2026,9,17,18,20.1,167.0,98700.0,2026-09-17 18:00:00,2026-09-17 18:00:00,987.0
20260917,180000,71W,43,2026,9,17,18,20.1,165.3,98400.0,2026-09-17 18:00:00,2026-09-17 18:00:00,984.0
20260917,180000,71W,43,2026,9,17,18,21.2,165.0,98000.0,2026-09-17 18:00:00,2026-09-17 18:00:00,980.0
20260917,180000,71W,43,2026,9,17,18,21.2,162.8,98000.0,2026-09-17 18:00:00,2026-09-17 18:00:00,980.0
20260917,180000,71W,43,2026,9,17,18,22.3,162.20000000000002,97800.0,2026-09-17 18:00:00,2026-09-17 18:00:00,978.0
20260917,180000,71W,43,2026,9,17,18,23.2,160.5,97700.0,2026-09-17 18:00:00,2026-09-17 18:00:00,977.0
20260917,180000,71W,43,2026,9,17,18,23.5,159.1,97000.0,2026-09-17 18:00:00,2026-09-17 18:00:00,970.0
20260917,180000,71W,43,2026,9,17,18,24.0,157.5,96800.0,2026-09-17 18:00:00,2026-09-17 18:00:00,968.0
20260917,180000,71W,43,2026,9,17,18,24.6,156.0,96600.0,2026-09-17 18:00:00,2026-09-17 18:00:00,966.0
20260917,180000,71W,43,2026,9,17,18,25.2,154.6,96200.0,2026-09-17 18:00:00,2026-09-17 18:00:00,962.0
20260917,180000,71W,43,2026,9,17,18,26.3,153.5,96000.0,2026-09-17 18:00:00,2026-09-17 18:00:00,960.0
20260917,180000,71W,43,2026,9,17,18,27.7,152.4,96600.0,2026-09-17 18:00:00,2026-09-17 18:00:00,966.0
20260917,180000,71W,43,2026,9,17,18,28.5,152.1,96000.0,2026-09-17 18:00:00,2026-09-17 18:00:00,960.0
20260917,180000,71W,43,2026,9,17,18,30.5,152.1,96500.0,2026-09-17 18:00:00,2026-09-17 18:00:00,965.0
20260917,180000,71W,43,2026,9,17,18,32.8,153.20000000000002,96800.0,2026-09-17 18:00:00,2026-09-17 18:00:00,968.0
20260917,180000,71W,43,2026,9,17,18,35.6,155.5,97300.0,2026-09-17 18:00:00,2026-09-17 18:00:00,973.0
20260917,180000,71W,43,2026,9,17,18,39.0,158.6,97500.0,2026-09-17 18:00:00,2026-09-17 18:00:00,975.0
20260917,180000,71W,43,2026,9,17,18,42.1,162.8,97500.0,2026-09-17 18:00:00,2026-09-17 18:00:00,975.0
20260917,180000,71W,43,2026,9,17,18,46.6,168.1,97100.0,2026-09-17 18:00:00,2026-09-17 18:00:00,971.0
20260917,180000,71W,44,2026,9,17,18,10.0,171.20000000000002,101000.0,2026-09-17 18:00:00,2026-09-17 18:00:00,1010.0
20260917,180000,71W,44,2026,9,17,18,9.4,170.70000000000002,100900.0,2026-09-17 18:00:00,2026-09-17 18:00:00,1009.0
20260917,180000,71W,44,2026,9,17,18,10.200000000000001,172.1,101000.0,2026-09-17 18:00:00,2026-09-17 18:00:00,1010.0
20260917,180000,71W,45,2026,9,17,18,11.9,172.4,100900.0,2026-09-17 18:00:00,2026-09-17 18:00:00,1009.0
20260917,180000,71W,45,2026,9,17,18,13.3,172.6,101100.0,2026-09-17 18:00:00,2026-09-17 18:00:00,1011.0
20260917,180000,71W,45,2026,9,17,18,14.700000000000001,171.20000000000002,100900.0,2026-09-17 18:00:00,2026-09-17 18:00:00,1009.0
20260917,180000,71W,45,2026,9,17,18,14.5,170.1,100900.0,2026-09-17 18:00:00,2026-09-17 18:00:00,1009.0
20260917,180000,71W,45,2026,9,17,18,14.5,168.4,100900.0,2026-09-17 18:00:00,2026-09-17 18:00:00,1009.0
20260917,180000,71W,45,2026,9,17,18,14.700000000000001,167.0,101100.0,2026-09-17 18:00:00,2026-09-17 18:00:00,1011.0
20260917,180000,71W,45,2026,9,17,18,14.700000000000001,165.9,100700.0,2026-09-17 18:00:00,2026-09-17 18:00:00,1007.0
20260917,180000,71W,45,2026,9,17,18,13.9,165.3,100900.0,2026-09-17 18:00:00,2026-09-17 18:00:00,1009.0
20260917,180000,71W,45,2026,9,17,18,13.6,164.8,100700.0,2026-09-17 18:00:00,2026-09-17 18:00:00,1007.0
20260917,180000,71W,45,2026,9,17,18,13.9,164.20000000000002,100900.0,2026-09-17 18:00:00,2026-09-17 18:00:00,1009.0
20260917,180000,71W,45,2026,9,17,18,15.3,162.8,100800.0,2026-09-17 18:00:00,2026-09-17 18:00:00,1008.0
20260917,180000,71W,45,2026,9,17,18,14.700000000000001,162.5,100800.0,2026-09-17 18:00:00,2026-09-17 18:00:00,1008.0
20260917,180000,71W,45,2026,9,17,18,14.700000000000001,162.5,100700.0,2026-09-17 18:00:00,2026-09-17 18:00:00,1007.0
20260917,180000,71W,45,2026,9,17,18,14.5,162.20000000000002,100900.0,2026-09-17 18:00:00,2026-09-17 18:00:00,1009.0
20260917,180000,71W,45,2026,9,17,18,14.700000000000001,162.5,100700.0,2026-09-17 18:00:00,2026-09-17 18:00:00,1007.0
20260917,180000,71W,45,2026,9,17,18,15.0,162.8,100500.0,2026-09-17 18:00:00,2026-09-17 18:00:00,1005.0
20260917,180000,71W,45,2026,9,17,18,14.700000000000001,162.8,100100.0,2026-09-17 18:00:00,2026-09-17 18:00:00,1001.0
20260917,180000,71W,45,2026,9,17,18,15.0,163.1,100100.0,2026-09-17 18:00:00,2026-09-17 18:00:00,1001.0
20260917,180000,71W,45,2026,9,17,18,15.3,163.9,99400.0,2026-09-17 18:00:00,2026-09-17 18:00:00,994.0
20260917,180000,71W,45,2026,9,17,18,15.3,164.8,99900.0,2026-09-17 18:00:00,2026-09-17 18:00:00,999.0
20260917,180000,71W,45,2026,9,17,18,16.1,165.0,99800.0,2026-09-17 18:00:00,2026-09-17 18:00:00,998.0
20260917,180000,71W,45,2026,9,17,18,16.7,165.6,99800.0,2026-09-17 18:00:00,2026-09-17 18:00:00,998.0
20260917,180000,71W,45,2026,9,17,18,17.6,166.20000000000002,99600.0,2026-09-17 18:00:00,2026-09-17 18:00:00,996.0
20260917,180000,71W,45,2026,9,17,18,18.1,166.70000000000002,99700.0,2026-09-17 18:00:00,2026-09-17 18:00:00,997.0
20260917,180000,71W,45,2026,9,17,18,19.0,166.70000000000002,99300.0,2026-09-17 18:00:00,2026-09-17 18:00:00,993.0
20260917,180000,71W,45,2026,9,17,18,20.1,166.70000000000002,99500.0,2026-09-17 18:00:00,2026-09-17 18:00:00,995.0
20260917,180000,71W,45,2026,9,17,18,20.900000000000002,166.20000000000002,99600.0,2026-09-17 18:00:00,2026-09-17 18:00:00,996.0
20260917,180000,71W,45,2026,9,17,18,21.5,165.6,99600.0,2026-09-17 18:00:00,2026-09-17 18:00:00,996.0
20260917,180000,71W,45,2026,9,17,18,22.3,165.3,99300.0,2026-09-17 18:00:00,2026-09-17 18:00:00,993.0
20260917,180000,71W,45,2026,9,17,18,22.900000000000002,164.5,99300.0,2026-09-17 18:00:00,2026-09-17 18:00:00,993.0
20260917,180000,71W,45,2026,9,17,18,23.5,163.6,98900.0,2026-09-17 18:00:00,2026-09-17 18:00:00,989.0
20260917,180000,71W,45,2026,9,17,18,23.8,163.4,98900.0,2026-09-17 18:00:00,2026-09-17 18:00:00,989.0
20260917,180000,71W,45,2026,9,17,18,24.3,163.4,98900.0,2026-09-17 18:00:00,2026-09-17 18:00:00,989.0
20260917,180000,71W,45,2026,9,17,18,24.900000000000002,162.8,98800.0,2026-09-17 18:00:00,2026-09-17 18:00:00,988.0
20260917,180000,71W,45,2026,9,17,18,25.400000000000002,162.20000000000002,98300.0,2026-09-17 18:00:00,2026-09-17 18:00:00,983.0
20260917,180000,71W,45,2026,9,17,18,26.3,162.5,98300.0,2026-09-17 18:00:00,2026-09-17 18:00:00,983.0
20260917,180000,71W,45,2026,9,17,18,27.1,162.5,98200.0,2026-09-17 18:00:00,2026-09-17 18:00:00,982.0
20260917,180000,71W,45,2026,9,17,18,27.400000000000002,162.5,97900.0,2026-09-17 18:00:00,2026-09-17 18:00:00,979.0
20260917,180000,71W,45,2026,9,17,18,28.3,162.5,98200.0,2026-09-17 18:00:00,2026-09-17 18:00:00,982.0
20260917,180000,71W,45,2026,9,17,18,28.3,162.5,98300.0,2026-09-17 18:00:00,2026-09-17 18:00:00,983.0
20260917,180000,71W,45,2026,9,17,18,28.5,163.1,98200.0,2026-09-17 18:00:00,2026-09-17 18:00:00,982.0
20260917,180000,71W,45,2026,9,17,18,28.8,163.4,98100.0,2026-09-17 18:00:00,2026-09-17 18:00:00,981.0
20260917,180000,71W,45,2026,9,17,18,28.8,163.6,98300.0,2026-09-17 18:00:00,2026-09-17 18:00:00,983.0
20260917,180000,71W,45,2026,9,17,18,29.1,164.5,98300.0,2026-09-17 18:00:00,2026-09-17 18:00:00,983.0
20260917,180000,71W,45,2026,9,17,18,29.1,164.8,98200.0,2026-09-17 18:00:00,2026-09-17 18:00:00,982.0
20260917,180000,71W,45,2026,9,17,18,28.6,165.20000000000002,98500.0,2026-09-17 18:00:00,2026-09-17 18:00:00,985.0
20260917,180000,71W,45,2026,9,17,18,28.5,165.3,98500.0,2026-09-17 18:00:00,2026-09-17 18:00:00,985.0
20260917,180000,71W,45,2026,9,17,18,28.3,165.0,98800.0,2026-09-17 18:00:00,2026-09-17 18:00:00,988.0
20260917,180000,71W,45,2026,9,17,18,28.0,165.0,98800.0,2026-09-17 18:00:00,2026-09-17 18:00:00,988.0
20260917,180000,71W,45,2026,9,17,18,27.1,165.0,99000.0,2026-09-17 18:00:00,2026-09-17 18:00:00,990.0
20260917,180000,71W,45,2026,9,17,18,27.400000000000002,164.8,98700.0,2026-09-17 18:00:00,2026-09-17 18:00:00,987.0
20260917,180000,71W,45,2026,9,17,18,26.900000000000002,164.8,98700.0,2026-09-17 18:00:00,2026-09-17 18:00:00,987.0
20260917,180000,71W,45,2026,9,17,18,27.400000000000002,164.8,98600.0,2026-09-17 18:00:00,2026-09-17 18:00:00,986.0
20260917,180000,71W,45,2026,9,17,18,27.7,164.5,98900.0,2026-09-17 18:00:00,2026-09-17 18:00:00,989.0
20260917,180000,71W,45,2026,9,17,18,28.2,164.6,98800.0,2026-09-17 18:00:00,2026-09-17 18:00:00,988.0
20260917,180000,71W,45,2026,9,17,18,28.8,164.8,98700.0,2026-09-17 18:00:00,2026-09-17 18:00:00,987.0
20260917,180000,71W,45,2026,9,17,18,30.0,165.0,98600.0,2026-09-17 18:00:00,2026-09-17 18:00:00,986.0
20260917,180000,71W,45,2026,9,17,18,31.1,165.0,98700.0,2026-09-17 18:00:00,2026-09-17 18:00:00,987.0
20260917,180000,71W,45,2026,9,17,18,32.5,165.6,98400.0,2026-09-17 18:00:00,2026-09-17 18:00:00,984.0
20260917,180000,71W,46,2026,9,17,18,14.700000000000001,174.9,100700.0,2026-09-17 18:00:00,2026-09-17 18:00:00,1007.0
20260917,180000,71W,46,2026,9,17,18,15.3,174.6,100700.0,2026-09-17 18:00:00,2026-09-17 18:00:00,1007.0
20260917,180000,71W,46,2026,9,17,18,15.9,173.5,100800.0,2026-09-17 18:00:00,2026-09-17 18:00:00,1008.0
20260917,180000,71W,46,2026,9,17,18,17.0,172.9,100600.0,2026-09-17 18:00:00,2026-09-17 18:00:00,1006.0
20260917,180000,71W,46,2026,9,17,18,17.8,172.4,100600.0,2026-09-17 18:00:00,2026-09-17 18:00:00,1006.0
20260917,180000,71W,46,2026,9,17,18,18.1,171.20000000000002,100500.0,2026-09-17 18:00:00,2026-09-17 18:00:00,1005.0
20260917,180000,71W,46,2026,9,17,18,18.1,170.4,100900.0,2026-09-17 18:00:00,2026-09-17 18:00:00,1009.0
20260917,180000,71W,46,2026,9,17,18,17.8,169.5,100800.0,2026-09-17 18:00:00,2026-09-17 18:00:00,1008.0
20260917,180000,71W,46,2026,9,17,18,18.400000000000002,169.3,100700.0,2026-09-17 18:00:00,2026-09-17 18:00:00,1007.0
20260917,180000,71W,46,2026,9,17,18,18.1,168.1,100700.0,2026-09-17 18:00:00,2026-09-17 18:00:00,1007.0
20260917,180000,71W,46,2026,9,17,18,18.400000000000002,168.4,100600.0,2026-09-17 18:00:00,2026-09-17 18:00:00,1006.0
20260917,180000,71W,46,2026,9,17,18,18.7,168.70000000000002,100800.0,2026-09-17 18:00:00,2026-09-17 18:00:00,1008.0
20260917,180000,71W,46,2026,9,17,18,18.7,169.3,100700.0,2026-09-17 18:00:00,2026-09-17 18:00:00,1007.0
20260917,180000,71W,46,2026,9,17,18,17.8,170.1,100900.0,2026-09-17 18:00:00,2026-09-17 18:00:00,1009.0
20260917,180000,71W,46,2026,9,17,18,17.6,169.5,100900.0,2026-09-17 18:00:00,2026-09-17 18:00:00,1009.0
20260917,180000,71W,46,2026,9,17,18,17.3,170.4,100700.0,2026-09-17 18:00:00,2026-09-17 18:00:00,1007.0
20260917,180000,71W,47,2026,9,17,18,13.0,172.4,101000.0,2026-09-17 18:00:00,2026-09-17 18:00:00,1010.0
20260917,180000,71W,47,2026,9,17,18,13.0,172.1,100900.0,2026-09-17 18:00:00,2026-09-17 18:00:00,1009.0
20260917,180000,71W,47,2026,9,17,18,14.200000000000001,171.0,100800.0,2026-09-17 18:00:00,2026-09-17 18:00:00,1008.0
20260917,180000,71W,47,2026,9,17,18,14.5,173.5,101000.0,2026-09-17 18:00:00,2026-09-17 18:00:00,1010.0
20260917,180000,71W,47,2026,9,17,18,17.6,173.5,100800.0,2026-09-17 18:00:00,2026-09-17 18:00:00,1008.0
20260917,180000,71W,47,2026,9,17,18,18.400000000000002,172.9,100900.0,2026-09-17 18:00:00,2026-09-17 18:00:00,1009.0
20260917,180000,71W,47,2026,9,17,18,18.400000000000002,172.4,100800.0,2026-09-17 18:00:00,2026-09-17 18:00:00,1008.0
20260917,180000,71W,47,2026,9,17,18,18.7,172.1,100900.0,2026-09-17 18:00:00,2026-09-17 18:00:00,1009.0
20260917,180000,71W,47,2026,9,17,18,18.400000000000002,171.8,100800.0,2026-09-17 18:00:00,2026-09-17 18:00:00,1008.0
20260917,180000,71W,47,2026,9,17,18,19.8,173.8,101000.0,2026-09-17 18:00:00,2026-09-17 18:00:00,1010.0
20260917,180000,71W,47,2026,9,17,18,20.900000000000002,174.3,101000.0,2026-09-17 18:00:00,2026-09-17 18:00:00,1010.0
20260917,180000,71W,48,2026,9,17,18,14.700000000000001,167.9,101000.0,2026-09-17 18:00:00,2026-09-17 18:00:00,1010.0
20260917,180000,71W,48,2026,9,17,18,16.4,165.3,100700.0,2026-09-17 18:00:00,2026-09-17 18:00:00,1007.0
20260917,180000,71W,48,2026,9,17,18,17.6,165.0,100900.0,2026-09-17 18:00:00,2026-09-17 18:00:00,1009.0
20260917,180000,71W,48,2026,9,17,18,17.0,164.20000000000002,100700.0,2026-09-17 18:00:00,2026-09-17 18:00:00,1007.0
20260917,180000,71W,48,2026,9,17,18,16.1,164.8,100700.0,2026-09-17 18:00:00,2026-09-17 18:00:00,1007.0
20260917,180000,71W,48,2026,9,17,18,15.9,165.9,100800.0,2026-09-17 18:00:00,2026-09-17 18:00:00,1008.0
20260917,180000,71W,48,2026,9,17,18,15.9,165.0,100900.0,2026-09-17 18:00:00,2026-09-17 18:00:00,1009.0
20260917,180000,71W,48,2026,9,17,18,15.6,164.5,100600.0,2026-09-17 18:00:00,2026-09-17 18:00:00,1006.0
20260917,180000,71W,48,2026,9,17,18,15.6,164.20000000000002,100700.0,2026-09-17 18:00:00,2026-09-17 18:00:00,1007.0
20260917,180000,71W,48,2026,9,17,18,15.0,163.6,100800.0,2026-09-17 18:00:00,2026-09-17 18:00:00,1008.0
20260917,180000,71W,48,2026,9,17,18,13.9,164.8,100700.0,2026-09-17 18:00:00,2026-09-17 18:00:00,1007.0
20260917,180000,71W,48,2026,9,17,18,15.3,164.20000000000002,100800.0,2026-09-17 18:00:00,2026-09-17 18:00:00,1008.0
20260917,180000,71W,48,2026,9,17,18,14.5,163.9,100600.0,2026-09-17 18:00:00,2026-09-17 18:00:00,1006.0
20260917,180000,71W,48,2026,9,17,18,15.3,163.6,100700.0,2026-09-17 18:00:00,2026-09-17 18:00:00,1007.0
20260917,180000,71W,48,2026,9,17,18,15.0,163.4,100600.0,2026-09-17 18:00:00,2026-09-17 18:00:00,1006.0
20260917,180000,71W,48,2026,9,17,18,16.1,163.1,100700.0,2026-09-17 18:00:00,2026-09-17 18:00:00,1007.0
20260917,180000,71W,48,2026,9,17,18,16.4,162.5,100600.0,2026-09-17 18:00:00,2026-09-17 18:00:00,1006.0
20260917,180000,71W,48,2026,9,17,18,15.9,161.4,100800.0,2026-09-17 18:00:00,2026-09-17 18:00:00,1008.0
20260917,180000,71W,48,2026,9,17,18,14.5,162.8,100600.0,2026-09-17 18:00:00,2026-09-17 18:00:00,1006.0
20260917,180000,71W,48,2026,9,17,18,13.9,163.1,100900.0,2026-09-17 18:00:00,2026-09-17 18:00:00,1009.0
20260917,180000,71W,49,2026,9,17,18,15.6,176.6,100700.0,2026-09-17 18:00:00,2026-09-17 18:00:00,1007.0
20260917,180000,71W,49,2026,9,17,18,16.7,175.70000000000002,100600.0,2026-09-17 18:00:00,2026-09-17 18:00:00,1006.0
20260917,180000,71W,49,2026,9,17,18,17.0,174.0,100800.0,2026-09-17 18:00:00,2026-09-17 18:00:00,1008.0
20260917,180000,71W,49,2026,9,17,18,17.0,172.9,100700.0,2026-09-17 18:00:00,2026-09-17 18:00:00,1007.0
20260917,180000,71W,49,2026,9,17,18,17.8,172.4,100700.0,2026-09-17 18:00:00,2026-09-17 18:00:00,1007.0
20260917,180000,71W,49,2026,9,17,18,18.1,171.20000000000002,100600.0,2026-09-17 18:00:00,2026-09-17 18:00:00,1006.0
20260917,180000,71W,49,2026,9,17,18,18.400000000000002,170.4,100800.0,2026-09-17 18:00:00,2026-09-17 18:00:00,1008.0
20260917,180000,71W,49,2026,9,17,18,18.7,169.0,100800.0,2026-09-17 18:00:00,2026-09-17 18:00:00,1008.0
20260917,180000,71W,49,2026,9,17,18,18.7,168.1,100900.0,2026-09-17 18:00:00,2026-09-17 18:00:00,1009.0
20260917,180000,71W,49,2026,9,17,18,18.3,167.0,100700.0,2026-09-17 18:00:00,2026-09-17 18:00:00,1007.0
20260917,180000,71W,49,2026,9,17,18,18.7,166.20000000000002,100800.0,2026-09-17 18:00:00,2026-09-17 18:00:00,1008.0
20260917,180000,71W,49,2026,9,17,18,19.0,164.8,100700.0,2026-09-17 18:00:00,2026-09-17 18:00:00,1007.0
20260917,180000,71W,49,2026,9,17,18,18.7,164.20000000000002,100800.0,2026-09-17 18:00:00,2026-09-17 18:00:00,1008.0
20260917,180000,71W,49,2026,9,17,18,18.400000000000002,163.4,100700.0,2026-09-17 18:00:00,2026-09-17 18:00:00,1007.0
20260917,180000,71W,49,2026,9,17,18,18.400000000000002,162.8,100900.0,2026-09-17 18:00:00,2026-09-17 18:00:00,1009.0
20260917,180000,71W,49,2026,9,17,18,18.400000000000002,161.70000000000002,101000.0,2026-09-17 18:00:00,2026-09-17 18:00:00,1010.0
20260917,180000,71W,49,2026,9,17,18,16.7,160.8,100900.0,2026-09-17 18:00:00,2026-09-17 18:00:00,1009.0
20260917,180000,71W,49,2026,9,17,18,16.1,160.3,100700.0,2026-09-17 18:00:00,2026-09-17 18:00:00,1007.0
20260917,180000,71W,49,2026,9,17,18,13.6,160.5,100900.0,2026-09-17 18:00:00,2026-09-17 18:00:00,1009.0
20260917,180000,71W,50,2026,9,17,18,13.3,174.9,100800.0,2026-09-17 18:00:00,2026-09-17 18:00:00,1008.0
20260917,180000,71W,50,2026,9,17,18,14.700000000000001,173.8,100800.0,2026-09-17 18:00:00,2026-09-17 18:00:00,1008.0
20260917,180000,71W,50,2026,9,17,18,15.0,173.20000000000002,100900.0,2026-09-17 18:00:00,2026-09-17 18:00:00,1009.0
20260917,180000,71W,50,2026,9,17,18,16.7,172.1,100800.0,2026-09-17 18:00:00,2026-09-17 18:00:00,1008.0
20260917,180000,71W,50,2026,9,17,18,17.3,171.0,100900.0,2026-09-17 18:00:00,2026-09-17 18:00:00,1009.0
20260917,180000,71W,50,2026,9,17,18,17.6,169.8,100700.0,2026-09-17 18:00:00,2026-09-17 18:00:00,1007.0
20260917,180000,71W,50,2026,9,17,18,17.6,168.4,101000.0,2026-09-17 18:00:00,2026-09-17 18:00:00,1010.0
20260917,180000,71W,50,2026,9,17,18,17.6,167.9,100800.0,2026-09-17 18:00:00,2026-09-17 18:00:00,1008.0
20260917,180000,71W,50,2026,9,17,18,18.0,167.3,100900.0,2026-09-17 18:00:00,2026-09-17 18:00:00,1009.0
20260917,180000,71W,50,2026,9,17,18,18.1,166.20000000000002,100600.0,2026-09-17 18:00:00,2026-09-17 18:00:00,1006.0
20260917,180000,71W,50,2026,9,17,18,17.8,165.3,100900.0,2026-09-17 18:00:00,2026-09-17 18:00:00,1009.0
20260917,180000,71W,50,2026,9,17,18,18.1,164.20000000000002,100800.0,2026-09-17 18:00:00,2026-09-17 18:00:00,1008.0
20260917,180000,71W,50,2026,9,17,18,17.8,163.4,100900.0,2026-09-17 18:00:00,2026-09-17 18:00:00,1009.0
20260917,180000,71W,50,2026,9,17,18,17.8,161.1,101100.0,2026-09-17 18:00:00,2026-09-17 18:00:00,1011.0
20260917,180000,71W,51,2026,9,17,18,13.6,173.5,101000.0,2026-09-17 18:00:00,2026-09-17 18:00:00,1010.0
20260917,180000,71W,51,2026,9,17,18,15.9,173.20000000000002,101100.0,2026-09-17 18:00:00,2026-09-17 18:00:00,1011.0
20260917,180000,71W,51,2026,9,17,18,16.7,171.5,101000.0,2026-09-17 18:00:00,2026-09-17 18:00:00,1010.0
20260917,180000,71W,51,2026,9,17,18,17.3,170.1,101000.0,2026-09-17 18:00:00,2026-09-17 18:00:00,1010.0
20260917,180000,71W,51,2026,9,17,18,17.0,169.0,100900.0,2026-09-17 18:00:00,2026-09-17 18:00:00,1009.0
20260917,180000,71W,51,2026,9,17,18,16.1,166.70000000000002,100900.0,2026-09-17 18:00:00,2026-09-17 18:00:00,1009.0
20260917,180000,71W,51,2026,9,17,18,16.1,165.9,100700.0,2026-09-17 18:00:00,2026-09-17 18:00:00,1007.0
20260917,180000,71W,51,2026,9,17,18,16.4,164.5,100900.0,2026-09-17 18:00:00,2026-09-17 18:00:00,1009.0
20260917,180000,71W,51,2026,9,17,18,15.9,163.6,100700.0,2026-09-17 18:00:00,2026-09-17 18:00:00,1007.0
20260917,180000,71W,51,2026,9,17,18,16.1,162.8,100900.0,2026-09-17 18:00:00,2026-09-17 18:00:00,1009.0
20260917,180000,71W,52,2026,9,17,18,16.4,172.6,101100.0,2026-09-17 18:00:00,2026-09-17 18:00:00,1011.0
20260917,180000,71W,52,2026,9,17,18,17.0,171.5,101000.0,2026-09-17 18:00:00,2026-09-17 18:00:00,1010.0
20260917,180000,71W,52,2026,9,17,18,17.3,170.1,101100.0,2026-09-17 18:00:00,2026-09-17 18:00:00,1011.0
20260917,180000,71W,52,2026,9,17,18,17.3,169.0,101000.0,2026-09-17 18:00:00,2026-09-17 18:00:00,1010.0
20260917,180000,71W,52,2026,9,17,18,17.6,167.9,101100.0,2026-09-17 18:00:00,2026-09-17 18:00:00,1011.0
20260917,180000,71W,52,2026,9,17,18,17.6,167.3,101000.0,2026-09-17 18:00:00,2026-09-17 18:00:00,1010.0
20260917,180000,71W,52,2026,9,17,18,17.6,165.0,100800.0,2026-09-17 18:00:00,2026-09-17 18:00:00,1008.0
20260917,180000,71W,52,2026,9,17,18,17.6,163.9,100900.0,2026-09-17 18:00:00,2026-09-17 18:00:00,1009.0
20260917,180000,72W,1,2026,9,17,18,31.6,129.9,100900.0,2026-09-17 18:00:00,2026-09-17 18:00:00,1009.0
20260917,180000,72W,1,2026,9,17,18,32.5,133.3,100800.0,2026-09-17 18:00:00,2026-09-17 18:00:00,1008.0
20260917,180000,72W,1,2026,9,17,18,32.2,135.1,100900.0,2026-09-17 18:00:00,2026-09-17 18:00:00,1009.0
20260917,180000,72W,1,2026,9,17,18,33.3,139.20000000000002,100800.0,2026-09-17 18:00:00,2026-09-17 18:00:00,1008.0
20260917,180000,72W,2,2026,9,17,18,11.4,104.60000000000001,101000.0,2026-09-17 18:00:00,2026-09-17 18:00:00,1010.0
20260917,180000,72W,2,2026,9,17,18,11.9,102.60000000000001,100900.0,2026-09-17 18:00:00,2026-09-17 18:00:00,1009.0
20260917,180000,72W,2,2026,9,17,18,11.3,102.10000000000001,100800.0,2026-09-17 18:00:00,2026-09-17 18:00:00,1008.0
20260917,180000,72W,2,2026,9,17,18,12.5,101.5,100800.0,2026-09-17 18:00:00,2026-09-17 18:00:00,1008.0
20260917,180000,72W,2,2026,9,17,18,13.0,100.60000000000001,100800.0,2026-09-17 18:00:00,2026-09-17 18:00:00,1008.0
20260917,180000,72W,2,2026,9,17,18,13.6,100.4,100800.0,2026-09-17 18:00:00,2026-09-17 18:00:00,1008.0
20260917,180000,72W,2,2026,9,17,18,13.3,100.4,100700.0,2026-09-17 18:00:00,2026-09-17 18:00:00,1007.0
20260917,180000,72W,2,2026,9,17,18,14.200000000000001,99.8,100800.0,2026-09-17 18:00:00,2026-09-17 18:00:00,1008.0
20260917,180000,72W,2,2026,9,17,18,14.5,99.8,100900.0,2026-09-17 18:00:00,2026-09-17 18:00:00,1009.0
20260917,180000,72W,2,2026,9,17,18,15.3,99.8,100900.0,2026-09-17 18:00:00,2026-09-17 18:00:00,1009.0
20260917,180000,72W,3,2026,9,17,18,12.1,100.4,100900.0,2026-09-17 18:00:00,2026-09-17 18:00:00,1009.0
20260917,180000,72W,3,2026,9,17,18,13.0,100.9,100900.0,2026-09-17 18:00:00,2026-09-17 18:00:00,1009.0
20260917,180000,72W,3,2026,9,17,18,11.6,102.3,100900.0,2026-09-17 18:00:00,2026-09-17 18:00:00,1009.0
20260917,180000,72W,3,2026,9,17,18,11.4,101.9,101000.0,2026-09-17 18:00:00,2026-09-17 18:00:00,1010.0
20260917,180000,72W,3,2026,9,17,18,12.8,103.7,100900.0,2026-09-17 18:00:00,2026-09-17 18:00:00,1009.0
20260917,180000,72W,3,2026,9,17,18,12.8,104.3,101000.0,2026-09-17 18:00:00,2026-09-17 18:00:00,1010.0
20260917,180000,72W,3,2026,9,17,18,12.8,104.0,101000.0,2026-09-17 18:00:00,2026-09-17 18:00:00,1010.0
20260917,180000,72W,3,2026,9,17,18,13.3,104.0,100800.0,2026-09-17 18:00:00,2026-09-17 18:00:00,1008.0
20260917,180000,72W,3,2026,9,17,18,13.0,104.0,100800.0,2026-09-17 18:00:00,2026-09-17 18:00:00,1008.0
20260917,180000,72W,3,2026,9,17,18,13.0,104.0,100800.0,2026-09-17 18:00:00,2026-09-17 18:00:00,1008.0
20260917,180000,72W,3,2026,9,17,18,13.0,104.0,100900.0,2026-09-17 18:00:00,2026-09-17 18:00:00,1009.0
20260917,180000,72W,3,2026,9,17,18,13.4,103.8,100700.0,2026-09-17 18:00:00,2026-09-17 18:00:00,1007.0
20260917,180000,72W,3,2026,9,17,18,13.3,103.5,100600.0,2026-09-17 18:00:00,2026-09-17 18:00:00,1006.0
20260917,180000,72W,3,2026,9,17,18,13.200000000000001,104.0,100700.0,2026-09-17 18:00:00,2026-09-17 18:00:00,1007.0
20260917,180000,72W,3,2026,9,17,18,13.3,103.9,100700.0,2026-09-17 18:00:00,2026-09-17 18:00:00,1007.0
20260917,180000,72W,3,2026,9,17,18,13.5,103.7,100600.0,2026-09-17 18:00:00,2026-09-17 18:00:00,1006.0
20260917,180000,72W,3,2026,9,17,18,13.200000000000001,103.5,100600.0,2026-09-17 18:00:00,2026-09-17 18:00:00,1006.0
20260917,180000,72W,3,2026,9,17,18,14.200000000000001,101.2,100700.0,2026-09-17 18:00:00,2026-09-17 18:00:00,1007.0
20260917,180000,72W,3,2026,9,17,18,14.0,100.9,100800.0,2026-09-17 18:00:00,2026-09-17 18:00:00,1008.0
20260917,180000,72W,3,2026,9,17,18,14.5,100.60000000000001,100600.0,2026-09-17 18:00:00,2026-09-17 18:00:00,1006.0
20260917,180000,72W,4,2026,9,17,18,34.2,160.5,101600.0,2026-09-17 18:00:00,2026-09-17 18:00:00,1016.0
20260917,180000,72W,4,2026,9,17,18,35.6,162.20000000000002,101500.0,2026-09-17 18:00:00,2026-09-17 18:00:00,1015.0
20260917,180000,72W,4,2026,9,17,18,38.4,164.8,101600.0,2026-09-17 18:00:00,2026-09-17 18:00:00,1016.0
20260917,180000,72W,5,2026,9,17,18,11.4,134.1,101100.0,2026-09-17 18:00:00,2026-09-17 18:00:00,1011.0
20260917,180000,72W,5,2026,9,17,18,10.8,135.5,100900.0,2026-09-17 18:00:00,2026-09-17 18:00:00,1009.0
20260917,180000,72W,5,2026,9,17,18,12.5,134.4,101100.0,2026-09-17 18:00:00,2026-09-17 18:00:00,1011.0
20260917,180000,72W,5,2026,9,17,18,12.200000000000001,134.1,100900.0,2026-09-17 18:00:00,2026-09-17 18:00:00,1009.0
20260917,180000,72W,5,2026,9,17,18,13.0,134.1,101100.0,2026-09-17 18:00:00,2026-09-17 18:00:00,1011.0
20260917,180000,72W,5,2026,9,17,18,14.5,132.1,100900.0,2026-09-17 18:00:00,2026-09-17 18:00:00,1009.0
20260917,180000,72W,5,2026,9,17,18,13.3,133.3,101100.0,2026-09-17 18:00:00,2026-09-17 18:00:00,1011.0
20260917,180000,72W,6,2026,9,17,18,15.3,175.5,100900.0,2026-09-17 18:00:00,2026-09-17 18:00:00,1009.0
20260917,180000,72W,7,2026,9,17,18,17.3,168.1,101200.0,2026-09-17 18:00:00,2026-09-17 18:00:00,1012.0
20260917,180000,72W,7,2026,9,17,18,17.8,167.3,101100.0,2026-09-17 18:00:00,2026-09-17 18:00:00,1011.0
20260917,180000,72W,7,2026,9,17,18,17.3,165.3,100900.0,2026-09-17 18:00:00,2026-09-17 18:00:00,1009.0
20260917,180000,72W,7,2026,9,17,18,18.1,165.20000000000002,101000.0,2026-09-17 18:00:00,2026-09-17 18:00:00,1010.0
20260917,180000,72W,7,2026,9,17,18,18.1,164.5,101000.0,2026-09-17 18:00:00,2026-09-17 18:00:00,1010.0
20260917,180000,72W,7,2026,9,17,18,18.1,163.1,100900.0,2026-09-17 18:00:00,2026-09-17 18:00:00,1009.0
20260917,180000,72W,8,2026,9,17,18,11.700000000000001,106.4,100900.0,2026-09-17 18:00:00,2026-09-17 18:00:00,1009.0
20260917,180000,72W,8,2026,9,17,18,11.4,106.0,101200.0,2026-09-17 18:00:00,2026-09-17 18:00:00,1012.0
20260917,180000,72W,8,2026,9,17,18,11.8,106.4,101000.0,2026-09-17 18:00:00,2026-09-17 18:00:00,1010.0
20260917,180000,72W,8,2026,9,17,18,10.8,108.2,101100.0,2026-09-17 18:00:00,2026-09-17 18:00:00,1011.0
20260917,180000,72W,8,2026,9,17,18,11.5,109.2,100800.0,2026-09-17 18:00:00,2026-09-17 18:00:00,1008.0
20260917,180000,72W,8,2026,9,17,18,13.0,106.0,100900.0,2026-09-17 18:00:00,2026-09-17 18:00:00,1009.0
20260917,180000,72W,8,2026,9,17,18,11.6,105.10000000000001,100900.0,2026-09-17 18:00:00,2026-09-17 18:00:00,1009.0
20260917,180000,72W,8,2026,9,17,18,11.1,105.4,100900.0,2026-09-17 18:00:00,2026-09-17 18:00:00,1009.0
20260917,180000,72W,8,2026,9,17,18,11.6,104.9,100800.0,2026-09-17 18:00:00,2026-09-17 18:00:00,1008.0
20260917,180000,72W,8,2026,9,17,18,10.200000000000001,104.3,100800.0,2026-09-17 18:00:00,2026-09-17 18:00:00,1008.0
20260917,180000,72W,8,2026,9,17,18,11.4,102.60000000000001,100800.0,2026-09-17 18:00:00,2026-09-17 18:00:00,1008.0
20260917,180000,72W,8,2026,9,17,18,10.5,102.9,100700.0,2026-09-17 18:00:00,2026-09-17 18:00:00,1007.0
20260917,180000,72W,8,2026,9,17,18,11.9,102.60000000000001,100800.0,2026-09-17 18:00:00,2026-09-17 18:00:00,1008.0
20260917,180000,72W,8,2026,9,17,18,11.700000000000001,102.0,100800.0,2026-09-17 18:00:00,2026-09-17 18:00:00,1008.0
20260917,180000,72W,8,2026,9,17,18,12.200000000000001,101.8,100800.0,2026-09-17 18:00:00,2026-09-17 18:00:00,1008.0
20260917,180000,72W,8,2026,9,17,18,12.200000000000001,100.9,100800.0,2026-09-17 18:00:00,2026-09-17 18:00:00,1008.0
20260917,180000,72W,8,2026,9,17,18,12.5,100.60000000000001,100700.0,2026-09-17 18:00:00,2026-09-17 18:00:00,1007.0
20260917,180000,72W,8,2026,9,17,18,13.3,100.4,100600.0,2026-09-17 18:00:00,2026-09-17 18:00:00,1006.0
20260917,180000,72W,8,2026,9,17,18,13.8,97.7,100800.0,2026-09-17 18:00:00,2026-09-17 18:00:00,1008.0
20260917,180000,72W,8,2026,9,17,18,15.9,97.5,100700.0,2026-09-17 18:00:00,2026-09-17 18:00:00,1007.0
20260917,180000,72W,8,2026,9,17,18,15.6,95.3,100700.0,2026-09-17 18:00:00,2026-09-17 18:00:00,1007.0
20260917,180000,72W,8,2026,9,17,18,15.0,95.3,100800.0,2026-09-17 18:00:00,2026-09-17 18:00:00,1008.0
20260917,180000,72W,8,2026,9,17,18,15.9,95.9,100800.0,2026-09-17 18:00:00,2026-09-17 18:00:00,1008.0
20260917,180000,72W,8,2026,9,17,18,16.4,95.3,100700.0,2026-09-17 18:00:00,2026-09-17 18:00:00,1007.0
20260917,180000,72W,8,2026,9,17,18,17.0,94.7,100500.0,2026-09-17 18:00:00,2026-09-17 18:00:00,1005.0
20260917,180000,72W,8,2026,9,17,18,17.0,93.9,100700.0,2026-09-17 18:00:00,2026-09-17 18:00:00,1007.0
20260917,180000,72W,8,2026,9,17,18,17.8,93.9,100600.0,2026-09-17 18:00:00,2026-09-17 18:00:00,1006.0
20260917,180000,72W,8,2026,9,17,18,18.7,93.3,100600.0,2026-09-17 18:00:00,2026-09-17 18:00:00,1006.0
20260917,180000,72W,8,2026,9,17,18,19.0,92.2,100200.0,2026-09-17 18:00:00,2026-09-17 18:00:00,1002.0
20260917,180000,72W,8,2026,9,17,18,19.2,91.4,100100.0,2026-09-17 18:00:00,2026-09-17 18:00:00,1001.0
20260917,180000,72W,8,2026,9,17,18,20.1,91.4,100100.0,2026-09-17 18:00:00,2026-09-17 18:00:00,1001.0
20260917,180000,72W,8,2026,9,17,18,20.7,90.8,99900.0,2026-09-17 18:00:00,2026-09-17 18:00:00,999.0
20260917,180000,72W,8,2026,9,17,18,21.5,90.5,99600.0,2026-09-17 18:00:00,2026-09-17 18:00:00,996.0
20260917,180000,72W,8,2026,9,17,18,22.1,90.2,100000.0,2026-09-17 18:00:00,2026-09-17 18:00:00,1000.0
20260917,180000,72W,8,2026,9,17,18,22.900000000000002,90.2,100000.0,2026-09-17 18:00:00,2026-09-17 18:00:00,1000.0
20260917,180000,72W,8,2026,9,17,18,23.8,90.2,99800.0,2026-09-17 18:00:00,2026-09-17 18:00:00,998.0
20260917,180000,72W,8,2026,9,17,18,24.6,90.5,100200.0,2026-09-17 18:00:00,2026-09-17 18:00:00,1002.0
20260917,180000,72W,8,2026,9,17,18,25.400000000000002,90.8,100700.0,2026-09-17 18:00:00,2026-09-17 18:00:00,1007.0
20260917,180000,72W,8,2026,9,17,18,26.0,91.60000000000001,100600.0,2026-09-17 18:00:00,2026-09-17 18:00:00,1006.0
20260917,180000,72W,8,2026,9,17,18,26.1,92.2,101000.0,2026-09-17 18:00:00,2026-09-17 18:00:00,1010.0
20260917,180000,72W,8,2026,9,17,18,26.1,91.9,100900.0,2026-09-17 18:00:00,2026-09-17 18:00:00,1009.0
20260917,180000,72W,8,2026,9,17,18,27.3,95.2,101100.0,2026-09-17 18:00:00,2026-09-17 18:00:00,1011.0
20260917,180000,72W,9,2026,9,17,18,13.3,164.20000000000002,101000.0,2026-09-17 18:00:00,2026-09-17 18:00:00,1010.0
20260917,180000,72W,9,2026,9,17,18,12.200000000000001,165.3,100800.0,2026-09-17 18:00:00,2026-09-17 18:00:00,1008.0
20260917,180000,72W,9,2026,9,17,18,12.5,164.8,101000.0,2026-09-17 18:00:00,2026-09-17 18:00:00,1010.0
20260917,180000,72W,9,2026,9,17,18,14.200000000000001,166.5,100700.0,2026-09-17 18:00:00,2026-09-17 18:00:00,1007.0
20260917,180000,72W,9,2026,9,17,18,11.6,168.1,100900.0,2026-09-17 18:00:00,2026-09-17 18:00:00,1009.0
20260917,180000,72W,10,2026,9,17,18,12.8,167.6,100900.0,2026-09-17 18:00:00,2026-09-17 18:00:00,1009.0
20260917,180000,72W,10,2026,9,17,18,10.5,165.6,101000.0,2026-09-17 18:00:00,2026-09-17 18:00:00,1010.0
20260917,180000,72W,10,2026,9,17,18,10.0,163.9,100800.0,2026-09-17 18:00:00,2026-09-17 18:00:00,1008.0
20260917,180000,72W,11,2026,9,17,18,13.3,165.0,101000.0,2026-09-17 18:00:00,2026-09-17 18:00:00,1010.0
20260917,180000,72W,11,2026,9,17,18,14.5,167.6,100900.0,2026-09-17 18:00:00,2026-09-17 18:00:00,1009.0
20260917,180000,72W,11,2026,9,17,18,14.700000000000001,167.5,100900.0,2026-09-17 18:00:00,2026-09-17 18:00:00,1009.0
20260917,180000,72W,11,2026,9,17,18,14.200000000000001,165.9,100900.0,2026-09-17 18:00:00,2026-09-17 18:00:00,1009.0
20260917,180000,72W,11,2026,9,17,18,15.0,165.6,100700.0,2026-09-17 18:00:00,2026-09-17 18:00:00,1007.0
20260917,180000,72W,11,2026,9,17,18,13.6,168.1,101000.0,2026-09-17 18:00:00,2026-09-17 18:00:00,1010.0
20260917,180000,72W,11,2026,9,17,18,12.8,168.1,101000.0,2026-09-17 18:00:00,2026-09-17 18:00:00,1010.0
20260917,180000,72W,11,2026,9,17,18,14.700000000000001,167.3,100800.0,2026-09-17 18:00:00,2026-09-17 18:00:00,1008.0
20260917,180000,72W,11,2026,9,17,18,15.0,165.6,100800.0,2026-09-17 18:00:00,2026-09-17 18:00:00,1008.0
20260917,180000,72W,11,2026,9,17,18,15.9,164.5,100800.0,2026-09-17 18:00:00,2026-09-17 18:00:00,1008.0
20260917,180000,72W,11,2026,9,17,18,15.6,163.4,101100.0,2026-09-17 18:00:00,2026-09-17 18:00:00,1011.0
20260917,180000,72W,11,2026,9,17,18,16.4,162.0,100900.0,2026-09-17 18:00:00,2026-09-17 18:00:00,1009.0
20260917,180000,72W,11,2026,9,17,18,15.9,163.4,101000.0,2026-09-17 18:00:00,2026-09-17 18:00:00,1010.0
20260917,180000,72W,11,2026,9,17,18,16.1,162.5,101100.0,2026-09-17 18:00:00,2026-09-17 18:00:00,1011.0
20260917,180000,72W,11,2026,9,17,18,15.0,161.1,100900.0,2026-09-17 18:00:00,2026-09-17 18:00:00,1009.0
20260917,180000,72W,11,2026,9,17,18,15.3,159.4,100800.0,2026-09-17 18:00:00,2026-09-17 18:00:00,1008.0
20260917,180000,72W,11,2026,9,17,18,15.0,160.0,100900.0,2026-09-17 18:00:00,2026-09-17 18:00:00,1009.0
20260917,180000,72W,11,2026,9,17,18,14.5,159.1,100600.0,2026-09-17 18:00:00,2026-09-17 18:00:00,1006.0
20260917,180000,72W,11,2026,9,17,18,15.6,156.6,100600.0,2026-09-17 18:00:00,2026-09-17 18:00:00,1006.0
20260917,180000,72W,11,2026,9,17,18,17.0,156.0,100600.0,2026-09-17 18:00:00,2026-09-17 18:00:00,1006.0
20260917,180000,72W,11,2026,9,17,18,18.7,153.20000000000002,100400.0,2026-09-17 18:00:00,2026-09-17 18:00:00,1004.0
20260917,180000,72W,11,2026,9,17,18,18.7,151.5,100300.0,2026-09-17 18:00:00,2026-09-17 18:00:00,1003.0
20260917,180000,72W,12,2026,9,17,18,11.4,141.4,101100.0,2026-09-17 18:00:00,2026-09-17 18:00:00,1011.0
20260917,180000,72W,12,2026,9,17,18,10.8,143.4,100800.0,2026-09-17 18:00:00,2026-09-17 18:00:00,1008.0
20260917,180000,72W,12,2026,9,17,18,10.200000000000001,144.0,101100.0,2026-09-17 18:00:00,2026-09-17 18:00:00,1011.0
20260917,180000,72W,12,2026,9,17,18,10.8,141.70000000000002,100800.0,2026-09-17 18:00:00,2026-09-17 18:00:00,1008.0
20260917,180000,72W,12,2026,9,17,18,11.4,140.9,101200.0,2026-09-17 18:00:00,2026-09-17 18:00:00,1012.0
20260917,180000,72W,12,2026,9,17,18,10.5,140.6,101200.0,2026-09-17 18:00:00,2026-09-17 18:00:00,1012.0
20260917,180000,72W,12,2026,9,17,18,8.8,141.70000000000002,100900.0,2026-09-17 18:00:00,2026-09-17 18:00:00,1009.0
20260917,180000,72W,12,2026,9,17,18,10.0,140.9,101100.0,2026-09-17 18:00:00,2026-09-17 18:00:00,1011.0
20260917,180000,72W,12,2026,9,17,18,10.4,141.1,100900.0,2026-09-17 18:00:00,2026-09-17 18:00:00,1009.0
20260917,180000,72W,12,2026,9,17,18,11.6,141.1,101100.0,2026-09-17 18:00:00,2026-09-17 18:00:00,1011.0
20260917,180000,72W,12,2026,9,17,18,11.4,141.4,100800.0,2026-09-17 18:00:00,2026-09-17 18:00:00,1008.0
20260917,180000,72W,12,2026,9,17,18,13.0,141.70000000000002,100800.0,2026-09-17 18:00:00,2026-09-17 18:00:00,1008.0
20260917,180000,72W,12,2026,9,17,18,13.3,142.0,101100.0,2026-09-17 18:00:00,2026-09-17 18:00:00,1011.0
20260917,180000,72W,13,2026,9,17,18,16.7,144.8,100800.0,2026-09-17 18:00:00,2026-09-17 18:00:00,1008.0
20260917,180000,72W,13,2026,9,17,18,16.8,144.1,100500.0,2026-09-17 18:00:00,2026-09-17 18:00:00,1005.0
20260917,180000,72W,13,2026,9,17,18,17.0,143.4,100700.0,2026-09-17 18:00:00,2026-09-17 18:00:00,1007.0
20260917,180000,72W,13,2026,9,17,18,16.4,143.4,100500.0,2026-09-17 18:00:00,2026-09-17 18:00:00,1005.0
20260917,180000,72W,13,2026,9,17,18,16.7,142.3,100600.0,2026-09-17 18:00:00,2026-09-17 18:00:00,1006.0
20260917,180000,72W,13,2026,9,17,18,16.7,141.70000000000002,100300.0,2026-09-17 18:00:00,2026-09-17 18:00:00,1003.0
20260917,180000,72W,13,2026,9,17,18,16.7,140.6,100500.0,2026-09-17 18:00:00,2026-09-17 18:00:00,1005.0
20260917,180000,72W,13,2026,9,17,18,16.2,139.5,100300.0,2026-09-17 18:00:00,2026-09-17 18:00:00,1003.0
20260917,180000,72W,13,2026,9,17,18,15.9,138.6,100500.0,2026-09-17 18:00:00,2026-09-17 18:00:00,1005.0
20260917,180000,72W,13,2026,9,17,18,16.0,139.20000000000002,100100.0,2026-09-17 18:00:00,2026-09-17 18:00:00,1001.0
20260917,180000,72W,13,2026,9,17,18,16.1,140.6,99900.0,2026-09-17 18:00:00,2026-09-17 18:00:00,999.0
20260917,180000,72W,13,2026,9,17,18,17.0,140.6,99700.0,2026-09-17 18:00:00,2026-09-17 18:00:00,997.0
20260917,180000,72W,13,2026,9,17,18,17.3,140.6,99900.0,2026-09-17 18:00:00,2026-09-17 18:00:00,999.0
20260917,180000,72W,13,2026,9,17,18,18.400000000000002,141.4,99300.0,2026-09-17 18:00:00,2026-09-17 18:00:00,993.0
20260917,180000,72W,13,2026,9,17,18,19.2,141.70000000000002,99300.0,2026-09-17 18:00:00,2026-09-17 18:00:00,993.0
20260917,180000,72W,13,2026,9,17,18,19.8,141.70000000000002,99100.0,2026-09-17 18:00:00,2026-09-17 18:00:00,991.0
20260917,180000,72W,13,2026,9,17,18,20.7,141.1,99300.0,2026-09-17 18:00:00,2026-09-17 18:00:00,993.0
20260917,180000,72W,13,2026,9,17,18,20.900000000000002,141.1,98800.0,2026-09-17 18:00:00,2026-09-17 18:00:00,988.0
20260917,180000,72W,13,2026,9,17,18,20.900000000000002,140.6,98600.0,2026-09-17 18:00:00,2026-09-17 18:00:00,986.0
20260917,180000,72W,13,2026,9,17,18,21.2,140.6,98100.0,2026-09-17 18:00:00,2026-09-17 18:00:00,981.0
20260917,180000,72W,13,2026,9,17,18,21.2,140.3,98100.0,2026-09-17 18:00:00,2026-09-17 18:00:00,981.0
20260917,180000,72W,13,2026,9,17,18,21.2,140.3,97600.0,2026-09-17 18:00:00,2026-09-17 18:00:00,976.0
20260917,180000,72W,13,2026,9,17,18,21.2,140.3,97600.0,2026-09-17 18:00:00,2026-09-17 18:00:00,976.0
20260917,180000,72W,13,2026,9,17,18,21.2,140.0,97100.0,2026-09-17 18:00:00,2026-09-17 18:00:00,971.0
20260917,180000,72W,13,2026,9,17,18,21.2,140.6,96900.0,2026-09-17 18:00:00,2026-09-17 18:00:00,969.0
20260917,180000,72W,13,2026,9,17,18,21.2,140.6,96400.0,2026-09-17 18:00:00,2026-09-17 18:00:00,964.0
20260917,180000,72W,13,2026,9,17,18,21.5,140.9,96800.0,2026-09-17 18:00:00,2026-09-17 18:00:00,968.0
20260917,180000,72W,13,2026,9,17,18,21.8,140.6,96600.0,2026-09-17 18:00:00,2026-09-17 18:00:00,966.0
20260917,180000,72W,13,2026,9,17,18,22.1,140.6,96400.0,2026-09-17 18:00:00,2026-09-17 18:00:00,964.0
20260917,180000,72W,13,2026,9,17,18,22.3,140.6,95500.0,2026-09-17 18:00:00,2026-09-17 18:00:00,955.0
20260917,180000,72W,13,2026,9,17,18,22.6,140.6,95700.0,2026-09-17 18:00:00,2026-09-17 18:00:00,957.0
20260917,180000,72W,13,2026,9,17,18,23.2,140.6,95900.0,2026-09-17 18:00:00,2026-09-17 18:00:00,959.0
20260917,180000,72W,14,2026,9,17,18,14.5,168.4,100900.0,2026-09-17 18:00:00,2026-09-17 18:00:00,1009.0
20260917,180000,72W,14,2026,9,17,18,17.6,167.3,101000.0,2026-09-17 18:00:00,2026-09-17 18:00:00,1010.0
20260917,180000,72W,14,2026,9,17,18,17.6,169.0,101100.0,2026-09-17 18:00:00,2026-09-17 18:00:00,1011.0
20260917,180000,72W,14,2026,9,17,18,17.3,170.1,101000.0,2026-09-17 18:00:00,2026-09-17 18:00:00,1010.0
20260917,180000,72W,14,2026,9,17,18,18.1,169.5,100900.0,2026-09-17 18:00:00,2026-09-17 18:00:00,1009.0
20260917,180000,72W,14,2026,9,17,18,15.9,168.1,101000.0,2026-09-17 18:00:00,2026-09-17 18:00:00,1010.0
20260917,180000,72W,14,2026,9,17,18,15.6,167.9,100800.0,2026-09-17 18:00:00,2026-09-17 18:00:00,1008.0
20260917,180000,72W,14,2026,9,17,18,15.3,167.3,101000.0,2026-09-17 18:00:00,2026-09-17 18:00:00,1010.0
20260917,180000,72W,14,2026,9,17,18,15.9,166.70000000000002,100800.0,2026-09-17 18:00:00,2026-09-17 18:00:00,1008.0
20260917,180000,72W,14,2026,9,17,18,15.9,166.20000000000002,100900.0,2026-09-17 18:00:00,2026-09-17 18:00:00,1009.0
20260917,180000,72W,14,2026,9,17,18,16.1,165.0,100700.0,2026-09-17 18:00:00,2026-09-17 18:00:00,1007.0
20260917,180000,72W,14,2026,9,17,18,16.3,165.20000000000002,100900.0,2026-09-17 18:00:00,2026-09-17 18:00:00,1009.0
20260917,180000,72W,14,2026,9,17,18,15.6,163.1,100900.0,2026-09-17 18:00:00,2026-09-17 18:00:00,1009.0
20260917,180000,72W,14,2026,9,17,18,13.6,163.9,100800.0,2026-09-17 18:00:00,2026-09-17 18:00:00,1008.0
20260917,180000,72W,14,2026,9,17,18,13.3,167.3,101200.0,2026-09-17 18:00:00,2026-09-17 18:00:00,1012.0
20260917,180000,72W,14,2026,9,17,18,14.700000000000001,167.9,101000.0,2026-09-17 18:00:00,2026-09-17 18:00:00,1010.0
20260917,180000,72W,15,2026,9,17,18,16.1,172.6,101000.0,2026-09-17 18:00:00,2026-09-17 18:00:00,1010.0
20260917,180000,72W,15,2026,9,17,18,16.4,170.4,101000.0,2026-09-17 18:00:00,2026-09-17 18:00:00,1010.0
20260917,180000,72W,15,2026,9,17,18,16.6,169.9,101000.0,2026-09-17 18:00:00,2026-09-17 18:00:00,1010.0
20260917,180000,72W,15,2026,9,17,18,16.7,168.1,100800.0,2026-09-17 18:00:00,2026-09-17 18:00:00,1008.0
20260917,180000,72W,15,2026,9,17,18,17.0,167.6,101000.0,2026-09-17 18:00:00,2026-09-17 18:00:00,1010.0
20260917,180000,72W,15,2026,9,17,18,17.0,167.0,100900.0,2026-09-17 18:00:00,2026-09-17 18:00:00,1009.0
20260917,180000,72W,15,2026,9,17,18,17.0,165.9,100900.0,2026-09-17 18:00:00,2026-09-17 18:00:00,1009.0
20260917,180000,72W,15,2026,9,17,18,16.7,164.5,100700.0,2026-09-17 18:00:00,2026-09-17 18:00:00,1007.0
20260917,180000,72W,15,2026,9,17,18,17.0,163.70000000000002,100900.0,2026-09-17 18:00:00,2026-09-17 18:00:00,1009.0
20260917,180000,72W,15,2026,9,17,18,15.9,163.4,100800.0,2026-09-17 18:00:00,2026-09-17 18:00:00,1008.0
20260917,180000,72W,15,2026,9,17,18,16.6,161.0,101000.0,2026-09-17 18:00:00,2026-09-17 18:00:00,1010.0
20260917,180000,72W,15,2026,9,17,18,16.7,159.4,100900.0,2026-09-17 18:00:00,2026-09-17 18:00:00,1009.0
20260917,180000,72W,15,2026,9,17,18,16.4,159.70000000000002,101100.0,2026-09-17 18:00:00,2026-09-17 18:00:00,1011.0
20260917,180000,72W,15,2026,9,17,18,15.3,158.9,100800.0,2026-09-17 18:00:00,2026-09-17 18:00:00,1008.0
20260917,180000,72W,15,2026,9,17,18,15.9,159.70000000000002,101100.0,2026-09-17 18:00:00,2026-09-17 18:00:00,1011.0
20260917,180000,72W,16,2026,9,17,18,9.700000000000001,154.4,100800.0,2026-09-17 18:00:00,2026-09-17 18:00:00,1008.0
20260917,180000,72W,16,2026,9,17,18,11.4,154.4,101000.0,2026-09-17 18:00:00,2026-09-17 18:00:00,1010.0
20260917,180000,72W,16,2026,9,17,18,13.9,153.8,101100.0,2026-09-17 18:00:00,2026-09-17 18:00:00,1011.0
20260917,180000,72W,17,2026,9,17,18,11.6,145.9,101000.0,2026-09-17 18:00:00,2026-09-17 18:00:00,1010.0
20260917,180000,72W,17,2026,9,17,18,12.8,146.5,100700.0,2026-09-17 18:00:00,2026-09-17 18:00:00,1007.0
20260917,180000,72W,17,2026,9,17,18,13.9,146.8,101000.0,2026-09-17 18:00:00,2026-09-17 18:00:00,1010.0
20260917,180000,72W,17,2026,9,17,18,16.1,143.4,101000.0,2026-09-17 18:00:00,2026-09-17 18:00:00,1010.0
20260917,180000,72W,17,2026,9,17,18,17.0,140.9,100700.0,2026-09-17 18:00:00,2026-09-17 18:00:00,1007.0
20260917,180000,72W,17,2026,9,17,18,17.8,139.70000000000002,101000.0,2026-09-17 18:00:00,2026-09-17 18:00:00,1010.0
20260917,180000,72W,17,2026,9,17,18,17.3,138.6,100800.0,2026-09-17 18:00:00,2026-09-17 18:00:00,1008.0
20260917,180000,72W,17,2026,9,17,18,18.1,136.9,101000.0,2026-09-17 18:00:00,2026-09-17 18:00:00,1010.0
20260917,180000,72W,17,2026,9,17,18,17.6,136.1,100700.0,2026-09-17 18:00:00,2026-09-17 18:00:00,1007.0
20260917,180000,72W,17,2026,9,17,18,17.3,135.8,101000.0,2026-09-17 18:00:00,2026-09-17 18:00:00,1010.0
20260917,180000,72W,17,2026,9,17,18,17.0,135.2,100800.0,2026-09-17 18:00:00,2026-09-17 18:00:00,1008.0
20260917,180000,72W,17,2026,9,17,18,17.6,134.7,100900.0,2026-09-17 18:00:00,2026-09-17 18:00:00,1009.0
20260917,180000,72W,17,2026,9,17,18,17.6,134.1,100700.0,2026-09-17 18:00:00,2026-09-17 18:00:00,1007.0
20260917,180000,72W,17,2026,9,17,18,17.8,133.8,100900.0,2026-09-17 18:00:00,2026-09-17 18:00:00,1009.0
20260917,180000,72W,17,2026,9,17,18,17.6,131.9,100700.0,2026-09-17 18:00:00,2026-09-17 18:00:00,1007.0
20260917,180000,72W,17,2026,9,17,18,17.8,130.7,100900.0,2026-09-17 18:00:00,2026-09-17 18:00:00,1009.0
20260917,180000,72W,17,2026,9,17,18,17.6,130.2,100700.0,2026-09-17 18:00:00,2026-09-17 18:00:00,1007.0
20260917,180000,72W,17,2026,9,17,18,17.6,129.9,100900.0,2026-09-17 18:00:00,2026-09-17 18:00:00,1009.0
20260917,180000,72W,17,2026,9,17,18,17.3,128.8,100800.0,2026-09-17 18:00:00,2026-09-17 18:00:00,1008.0
20260917,180000,72W,17,2026,9,17,18,17.3,128.8,101000.0,2026-09-17 18:00:00,2026-09-17 18:00:00,1010.0
20260917,180000,72W,17,2026,9,17,18,17.6,127.9,100700.0,2026-09-17 18:00:00,2026-09-17 18:00:00,1007.0
20260917,180000,72W,17,2026,9,17,18,17.6,127.9,100900.0,2026-09-17 18:00:00,2026-09-17 18:00:00,1009.0
20260917,180000,72W,17,2026,9,17,18,17.8,126.5,100900.0,2026-09-17 18:00:00,2026-09-17 18:00:00,1009.0
20260917,180000,72W,17,2026,9,17,18,17.0,126.5,101000.0,2026-09-17 18:00:00,2026-09-17 18:00:00,1010.0
20260917,180000,72W,17,2026,9,17,18,18.400000000000002,126.2,100900.0,2026-09-17 18:00:00,2026-09-17 18:00:00,1009.0
20260917,180000,72W,17,2026,9,17,18,18.1,125.4,100800.0,2026-09-17 18:00:00,2026-09-17 18:00:00,1008.0
20260917,180000,72W,17,2026,9,17,18,18.1,125.4,101000.0,2026-09-17 18:00:00,2026-09-17 18:00:00,1010.0
20260917,180000,72W,17,2026,9,17,18,17.8,126.0,101100.0,2026-09-17 18:00:00,2026-09-17 18:00:00,1011.0
20260917,180000,72W,18,2026,9,17,18,13.0,154.1,100900.0,2026-09-17 18:00:00,2026-09-17 18:00:00,1009.0
20260917,180000,72W,18,2026,9,17,18,14.5,156.0,101000.0,2026-09-17 18:00:00,2026-09-17 18:00:00,1010.0
20260917,180000,72W,18,2026,9,17,18,15.0,154.1,101000.0,2026-09-17 18:00:00,2026-09-17 18:00:00,1010.0
20260917,180000,72W,18,2026,9,17,18,14.200000000000001,154.4,100900.0,2026-09-17 18:00:00,2026-09-17 18:00:00,1009.0
20260917,180000,72W,18,2026,9,17,18,13.0,154.1,100900.0,2026-09-17 18:00:00,2026-09-17 18:00:00,1009.0
20260917,180000,72W,18,2026,9,17,18,12.5,157.20000000000002,100900.0,2026-09-17 18:00:00,2026-09-17 18:00:00,1009.0
20260917,180000,72W,18,2026,9,17,18,12.200000000000001,158.0,101000.0,2026-09-17 18:00:00,2026-09-17 18:00:00,1010.0
20260917,180000,72W,18,2026,9,17,18,12.200000000000001,158.6,100700.0,2026-09-17 18:00:00,2026-09-17 18:00:00,1007.0
20260917,180000,72W,18,2026,9,17,18,12.200000000000001,158.3,100900.0,2026-09-17 18:00:00,2026-09-17 18:00:00,1009.0
20260917,180000,72W,18,2026,9,17,18,12.8,158.3,100600.0,2026-09-17 18:00:00,2026-09-17 18:00:00,1006.0
20260917,180000,72W,18,2026,9,17,18,13.3,158.3,100700.0,2026-09-17 18:00:00,2026-09-17 18:00:00,1007.0
20260917,180000,72W,18,2026,9,17,18,14.200000000000001,158.6,100600.0,2026-09-17 18:00:00,2026-09-17 18:00:00,1006.0
20260917,180000,72W,18,2026,9,17,18,15.0,157.5,100800.0,2026-09-17 18:00:00,2026-09-17 18:00:00,1008.0
20260917,180000,72W,18,2026,9,17,18,14.700000000000001,155.8,100700.0,2026-09-17 18:00:00,2026-09-17 18:00:00,1007.0
20260917,180000,72W,18,2026,9,17,18,15.3,154.6,100800.0,2026-09-17 18:00:00,2026-09-17 18:00:00,1008.0
20260917,180000,72W,18,2026,9,17,18,15.3,153.0,100600.0,2026-09-17 18:00:00,2026-09-17 18:00:00,1006.0
20260917,180000,72W,18,2026,9,17,18,16.1,152.1,100800.0,2026-09-17 18:00:00,2026-09-17 18:00:00,1008.0
20260917,180000,72W,18,2026,9,17,18,15.3,151.3,100500.0,2026-09-17 18:00:00,2026-09-17 18:00:00,1005.0
20260917,180000,72W,18,2026,9,17,18,15.9,151.3,100600.0,2026-09-17 18:00:00,2026-09-17 18:00:00,1006.0
20260917,180000,72W,18,2026,9,17,18,16.1,149.6,100100.0,2026-09-17 18:00:00,2026-09-17 18:00:00,1001.0
20260917,180000,72W,18,2026,9,17,18,15.9,149.0,100400.0,2026-09-17 18:00:00,2026-09-17 18:00:00,1004.0
20260917,180000,72W,18,2026,9,17,18,15.9,147.9,99900.0,2026-09-17 18:00:00,2026-09-17 18:00:00,999.0
20260917,180000,72W,18,2026,9,17,18,15.6,147.3,100100.0,2026-09-17 18:00:00,2026-09-17 18:00:00,1001.0
20260917,180000,72W,18,2026,9,17,18,15.6,147.0,99700.0,2026-09-17 18:00:00,2026-09-17 18:00:00,997.0
20260917,180000,72W,18,2026,9,17,18,15.0,146.8,99700.0,2026-09-17 18:00:00,2026-09-17 18:00:00,997.0
20260917,180000,72W,18,2026,9,17,18,15.3,146.20000000000002,99000.0,2026-09-17 18:00:00,2026-09-17 18:00:00,990.0
20260917,180000,72W,18,2026,9,17,18,15.6,146.20000000000002,99800.0,2026-09-17 18:00:00,2026-09-17 18:00:00,998.0
20260917,180000,72W,18,2026,9,17,18,15.0,145.6,99700.0,2026-09-17 18:00:00,2026-09-17 18:00:00,997.0
20260917,180000,72W,18,2026,9,17,18,15.3,146.20000000000002,100000.0,2026-09-17 18:00:00,2026-09-17 18:00:00,1000.0
20260917,180000,72W,18,2026,9,17,18,15.3,146.5,99700.0,2026-09-17 18:00:00,2026-09-17 18:00:00,997.0
20260917,180000,72W,18,2026,9,17,18,16.1,146.1,100000.0,2026-09-17 18:00:00,2026-09-17 18:00:00,1000.0
20260917,180000,72W,18,2026,9,17,18,16.7,146.20000000000002,99500.0,2026-09-17 18:00:00,2026-09-17 18:00:00,995.0
20260917,180000,72W,18,2026,9,17,18,16.7,146.20000000000002,99600.0,2026-09-17 18:00:00,2026-09-17 18:00:00,996.0
20260917,180000,72W,18,2026,9,17,18,17.8,146.5,99400.0,2026-09-17 18:00:00,2026-09-17 18:00:00,994.0
20260917,180000,72W,19,2026,9,17,18,13.9,164.5,100700.0,2026-09-17 18:00:00,2026-09-17 18:00:00,1007.0
20260917,180000,72W,19,2026,9,17,18,14.5,161.1,101000.0,2026-09-17 18:00:00,2026-09-17 18:00:00,1010.0
20260917,180000,72W,19,2026,9,17,18,13.6,160.5,101000.0,2026-09-17 18:00:00,2026-09-17 18:00:00,1010.0
20260917,180000,72W,19,2026,9,17,18,15.9,161.70000000000002,100800.0,2026-09-17 18:00:00,2026-09-17 18:00:00,1008.0
20260917,180000,72W,19,2026,9,17,18,15.6,162.20000000000002,101100.0,2026-09-17 18:00:00,2026-09-17 18:00:00,1011.0
20260917,180000,72W,19,2026,9,17,18,15.3,161.1,100900.0,2026-09-17 18:00:00,2026-09-17 18:00:00,1009.0
20260917,180000,72W,19,2026,9,17,18,15.3,161.5,101000.0,2026-09-17 18:00:00,2026-09-17 18:00:00,1010.0
20260917,180000,72W,19,2026,9,17,18,14.700000000000001,162.0,101000.0,2026-09-17 18:00:00,2026-09-17 18:00:00,1010.0
20260917,180000,72W,19,2026,9,17,18,14.700000000000001,162.20000000000002,101200.0,2026-09-17 18:00:00,2026-09-17 18:00:00,1012.0
20260917,180000,72W,19,2026,9,17,18,14.200000000000001,163.1,100900.0,2026-09-17 18:00:00,2026-09-17 18:00:00,1009.0
20260917,180000,72W,19,2026,9,17,18,13.9,161.70000000000002,100900.0,2026-09-17 18:00:00,2026-09-17 18:00:00,1009.0
20260917,180000,72W,19,2026,9,17,18,13.6,160.8,101000.0,2026-09-17 18:00:00,2026-09-17 18:00:00,1010.0
20260917,180000,72W,19,2026,9,17,18,14.200000000000001,161.4,100800.0,2026-09-17 18:00:00,2026-09-17 18:00:00,1008.0
20260917,180000,72W,19,2026,9,17,18,13.6,160.5,101000.0,2026-09-17 18:00:00,2026-09-17 18:00:00,1010.0
20260917,180000,72W,19,2026,9,17,18,13.3,160.0,100700.0,2026-09-17 18:00:00,2026-09-17 18:00:00,1007.0
20260917,180000,72W,19,2026,9,17,18,13.3,160.8,100800.0,2026-09-17 18:00:00,2026-09-17 18:00:00,1008.0
20260917,180000,72W,19,2026,9,17,18,12.8,161.1,100600.0,2026-09-17 18:00:00,2026-09-17 18:00:00,1006.0
20260917,180000,72W,19,2026,9,17,18,13.9,161.4,100800.0,2026-09-17 18:00:00,2026-09-17 18:00:00,1008.0
20260917,180000,72W,19,2026,9,17,18,13.6,160.0,100800.0,2026-09-17 18:00:00,2026-09-17 18:00:00,1008.0
20260917,180000,72W,19,2026,9,17,18,14.700000000000001,160.0,100600.0,2026-09-17 18:00:00,2026-09-17 18:00:00,1006.0
20260917,180000,72W,19,2026,9,17,18,15.9,160.8,100700.0,2026-09-17 18:00:00,2026-09-17 18:00:00,1007.0
20260917,180000,72W,19,2026,9,17,18,16.1,159.70000000000002,100500.0,2026-09-17 18:00:00,2026-09-17 18:00:00,1005.0
20260917,180000,72W,19,2026,9,17,18,17.6,158.0,100700.0,2026-09-17 18:00:00,2026-09-17 18:00:00,1007.0
20260917,180000,72W,19,2026,9,17,18,16.1,156.3,100500.0,2026-09-17 18:00:00,2026-09-17 18:00:00,1005.0
20260917,180000,72W,19,2026,9,17,18,16.5,156.6,100600.0,2026-09-17 18:00:00,2026-09-17 18:00:00,1006.0
20260917,180000,72W,19,2026,9,17,18,17.6,157.20000000000002,100400.0,2026-09-17 18:00:00,2026-09-17 18:00:00,1004.0
20260917,180000,72W,19,2026,9,17,18,16.4,157.5,100600.0,2026-09-17 18:00:00,2026-09-17 18:00:00,1006.0
20260917,180000,72W,19,2026,9,17,18,16.3,158.0,100400.0,2026-09-17 18:00:00,2026-09-17 18:00:00,1004.0
20260917,180000,72W,19,2026,9,17,18,15.9,158.0,100400.0,2026-09-17 18:00:00,2026-09-17 18:00:00,1004.0
20260917,180000,72W,19,2026,9,17,18,16.4,158.0,100100.0,2026-09-17 18:00:00,2026-09-17 18:00:00,1001.0
20260917,180000,72W,19,2026,9,17,18,17.0,157.70000000000002,100200.0,2026-09-17 18:00:00,2026-09-17 18:00:00,1002.0
20260917,180000,72W,19,2026,9,17,18,16.7,156.0,99800.0,2026-09-17 18:00:00,2026-09-17 18:00:00,998.0
20260917,180000,72W,19,2026,9,17,18,16.1,155.8,100000.0,2026-09-17 18:00:00,2026-09-17 18:00:00,1000.0
20260917,180000,72W,19,2026,9,17,18,16.1,155.20000000000002,99700.0,2026-09-17 18:00:00,2026-09-17 18:00:00,997.0
20260917,180000,72W,19,2026,9,17,18,16.5,155.9,99900.0,2026-09-17 18:00:00,2026-09-17 18:00:00,999.0
20260917,180000,72W,19,2026,9,17,18,18.1,156.6,99500.0,2026-09-17 18:00:00,2026-09-17 18:00:00,995.0
20260917,180000,72W,19,2026,9,17,18,19.8,155.8,99600.0,2026-09-17 18:00:00,2026-09-17 18:00:00,996.0
20260917,180000,72W,19,2026,9,17,18,19.8,155.8,99200.0,2026-09-17 18:00:00,2026-09-17 18:00:00,992.0
20260917,180000,72W,19,2026,9,17,18,21.3,155.8,99200.0,2026-09-17 18:00:00,2026-09-17 18:00:00,992.0
20260917,180000,72W,19,2026,9,17,18,22.900000000000002,156.9,98800.0,2026-09-17 18:00:00,2026-09-17 18:00:00,988.0
20260917,180000,72W,19,2026,9,17,18,23.8,156.6,98800.0,2026-09-17 18:00:00,2026-09-17 18:00:00,988.0
20260917,180000,72W,19,2026,9,17,18,25.7,156.9,98400.0,2026-09-17 18:00:00,2026-09-17 18:00:00,984.0
20260917,180000,72W,19,2026,9,17,18,25.7,156.9,98400.0,2026-09-17 18:00:00,2026-09-17 18:00:00,984.0
20260917,180000,72W,19,2026,9,17,18,26.6,157.70000000000002,98100.0,2026-09-17 18:00:00,2026-09-17 18:00:00,981.0
20260917,180000,72W,19,2026,9,17,18,28.0,157.70000000000002,97900.0,2026-09-17 18:00:00,2026-09-17 18:00:00,979.0
20260917,180000,72W,19,2026,9,17,18,28.5,157.70000000000002,97600.0,2026-09-17 18:00:00,2026-09-17 18:00:00,976.0
20260917,180000,72W,20,2026,9,17,18,1.8,168.1,101100.0,2026-09-17 18:00:00,2026-09-17 18:00:00,1011.0
20260917,180000,72W,20,2026,9,17,18,1.8,169.5,100900.0,2026-09-17 18:00:00,2026-09-17 18:00:00,1009.0
20260917,180000,72W,21,2026,9,17,18,11.4,106.0,100900.0,2026-09-17 18:00:00,2026-09-17 18:00:00,1009.0
20260917,180000,72W,21,2026,9,17,18,10.8,105.7,100900.0,2026-09-17 18:00:00,2026-09-17 18:00:00,1009.0
20260917,180000,72W,21,2026,9,17,18,11.4,105.0,100800.0,2026-09-17 18:00:00,2026-09-17 18:00:00,1008.0
20260917,180000,72W,21,2026,9,17,18,11.4,105.4,100800.0,2026-09-17 18:00:00,2026-09-17 18:00:00,1008.0
20260917,180000,72W,21,2026,9,17,18,10.200000000000001,102.9,100800.0,2026-09-17 18:00:00,2026-09-17 18:00:00,1008.0
20260917,180000,72W,21,2026,9,17,18,11.1,103.5,100800.0,2026-09-17 18:00:00,2026-09-17 18:00:00,1008.0
20260917,180000,72W,21,2026,9,17,18,12.8,103.7,100800.0,2026-09-17 18:00:00,2026-09-17 18:00:00,1008.0
20260917,180000,72W,21,2026,9,17,18,11.1,103.5,100800.0,2026-09-17 18:00:00,2026-09-17 18:00:00,1008.0
20260917,180000,72W,21,2026,9,17,18,12.8,104.60000000000001,100600.0,2026-09-17 18:00:00,2026-09-17 18:00:00,1006.0
20260917,180000,72W,21,2026,9,17,18,12.8,104.4,100700.0,2026-09-17 18:00:00,2026-09-17 18:00:00,1007.0
20260917,180000,72W,21,2026,9,17,18,12.8,104.0,100700.0,2026-09-17 18:00:00,2026-09-17 18:00:00,1007.0
20260917,180000,72W,21,2026,9,17,18,13.3,104.0,100700.0,2026-09-17 18:00:00,2026-09-17 18:00:00,1007.0
20260917,180000,72W,21,2026,9,17,18,13.4,103.8,100700.0,2026-09-17 18:00:00,2026-09-17 18:00:00,1007.0
20260917,180000,72W,21,2026,9,17,18,14.200000000000001,103.2,100700.0,2026-09-17 18:00:00,2026-09-17 18:00:00,1007.0
20260917,180000,72W,21,2026,9,17,18,14.700000000000001,102.9,100800.0,2026-09-17 18:00:00,2026-09-17 18:00:00,1008.0
20260917,180000,72W,21,2026,9,17,18,14.700000000000001,102.3,100800.0,2026-09-17 18:00:00,2026-09-17 18:00:00,1008.0
20260917,180000,72W,21,2026,9,17,18,15.0,102.0,100700.0,2026-09-17 18:00:00,2026-09-17 18:00:00,1007.0
20260917,180000,72W,21,2026,9,17,18,15.0,102.0,100700.0,2026-09-17 18:00:00,2026-09-17 18:00:00,1007.0
20260917,180000,72W,21,2026,9,17,18,16.1,99.8,100800.0,2026-09-17 18:00:00,2026-09-17 18:00:00,1008.0
20260917,180000,72W,21,2026,9,17,18,16.2,97.3,100600.0,2026-09-17 18:00:00,2026-09-17 18:00:00,1006.0
20260917,180000,72W,21,2026,9,17,18,16.1,95.60000000000001,100500.0,2026-09-17 18:00:00,2026-09-17 18:00:00,1005.0
20260917,180000,72W,21,2026,9,17,18,16.7,93.3,100500.0,2026-09-17 18:00:00,2026-09-17 18:00:00,1005.0
20260917,180000,72W,21,2026,9,17,18,17.0,92.2,100500.0,2026-09-17 18:00:00,2026-09-17 18:00:00,1005.0
20260917,180000,72W,21,2026,9,17,18,17.6,91.8,100400.0,2026-09-17 18:00:00,2026-09-17 18:00:00,1004.0
20260917,180000,72W,21,2026,9,17,18,19.0,91.4,100700.0,2026-09-17 18:00:00,2026-09-17 18:00:00,1007.0
20260917,180000,72W,21,2026,9,17,18,19.2,90.0,100400.0,2026-09-17 18:00:00,2026-09-17 18:00:00,1004.0
20260917,180000,72W,21,2026,9,17,18,20.1,89.7,100500.0,2026-09-17 18:00:00,2026-09-17 18:00:00,1005.0
20260917,180000,72W,22,2026,9,17,18,10.0,105.4,101000.0,2026-09-17 18:00:00,2026-09-17 18:00:00,1010.0
20260917,180000,72W,22,2026,9,17,18,10.0,104.0,101100.0,2026-09-17 18:00:00,2026-09-17 18:00:00,1011.0
20260917,180000,72W,22,2026,9,17,18,10.5,104.60000000000001,100900.0,2026-09-17 18:00:00,2026-09-17 18:00:00,1009.0
20260917,180000,72W,22,2026,9,17,18,11.4,102.60000000000001,100900.0,2026-09-17 18:00:00,2026-09-17 18:00:00,1009.0
20260917,180000,72W,22,2026,9,17,18,11.9,100.60000000000001,100900.0,2026-09-17 18:00:00,2026-09-17 18:00:00,1009.0
20260917,180000,72W,22,2026,9,17,18,10.5,100.5,100900.0,2026-09-17 18:00:00,2026-09-17 18:00:00,1009.0
20260917,180000,72W,22,2026,9,17,18,11.5,101.60000000000001,101000.0,2026-09-17 18:00:00,2026-09-17 18:00:00,1010.0
20260917,180000,72W,22,2026,9,17,18,11.6,100.2,100900.0,2026-09-17 18:00:00,2026-09-17 18:00:00,1009.0
20260917,180000,72W,22,2026,9,17,18,12.8,99.0,100900.0,2026-09-17 18:00:00,2026-09-17 18:00:00,1009.0
20260917,180000,72W,22,2026,9,17,18,13.9,100.10000000000001,100900.0,2026-09-17 18:00:00,2026-09-17 18:00:00,1009.0
20260917,180000,72W,22,2026,9,17,18,11.6,99.8,100900.0,2026-09-17 18:00:00,2026-09-17 18:00:00,1009.0
20260917,180000,72W,22,2026,9,17,18,11.6,100.10000000000001,100900.0,2026-09-17 18:00:00,2026-09-17 18:00:00,1009.0
20260917,180000,72W,22,2026,9,17,18,12.5,98.7,100900.0,2026-09-17 18:00:00,2026-09-17 18:00:00,1009.0
20260917,180000,72W,22,2026,9,17,18,15.3,97.3,100900.0,2026-09-17 18:00:00,2026-09-17 18:00:00,1009.0
20260917,180000,72W,22,2026,9,17,18,13.6,97.3,100700.0,2026-09-17 18:00:00,2026-09-17 18:00:00,1007.0
20260917,180000,72W,22,2026,9,17,18,15.6,94.7,100700.0,2026-09-17 18:00:00,2026-09-17 18:00:00,1007.0
20260917,180000,72W,22,2026,9,17,18,15.9,95.60000000000001,100700.0,2026-09-17 18:00:00,2026-09-17 18:00:00,1007.0
20260917,180000,72W,22,2026,9,17,18,15.3,96.10000000000001,100800.0,2026-09-17 18:00:00,2026-09-17 18:00:00,1008.0
20260917,180000,72W,22,2026,9,17,18,15.6,94.2,100700.0,2026-09-17 18:00:00,2026-09-17 18:00:00,1007.0
20260917,180000,72W,22,2026,9,17,18,16.4,94.7,100700.0,2026-09-17 18:00:00,2026-09-17 18:00:00,1007.0
20260917,180000,72W,22,2026,9,17,18,15.9,95.3,100700.0,2026-09-17 18:00:00,2026-09-17 18:00:00,1007.0
20260917,180000,72W,22,2026,9,17,18,18.1,93.9,100800.0,2026-09-17 18:00:00,2026-09-17 18:00:00,1008.0
20260917,180000,72W,22,2026,9,17,18,17.3,92.8,100800.0,2026-09-17 18:00:00,2026-09-17 18:00:00,1008.0
20260917,180000,72W,22,2026,9,17,18,18.6,93.10000000000001,100700.0,2026-09-17 18:00:00,2026-09-17 18:00:00,1007.0
20260917,180000,72W,22,2026,9,17,18,19.2,93.0,100900.0,2026-09-17 18:00:00,2026-09-17 18:00:00,1009.0
20260917,180000,72W,22,2026,9,17,18,19.8,92.8,100900.0,2026-09-17 18:00:00,2026-09-17 18:00:00,1009.0
20260917,180000,72W,22,2026,9,17,18,20.1,91.4,100900.0,2026-09-17 18:00:00,2026-09-17 18:00:00,1009.0
20260917,180000,72W,22,2026,9,17,18,20.7,91.5,100700.0,2026-09-17 18:00:00,2026-09-17 18:00:00,1007.0
20260917,180000,72W,22,2026,9,17,18,20.400000000000002,90.8,100900.0,2026-09-17 18:00:00,2026-09-17 18:00:00,1009.0
20260917,180000,72W,22,2026,9,17,18,20.400000000000002,90.2,100900.0,2026-09-17 18:00:00,2026-09-17 18:00:00,1009.0
20260917,180000,72W,22,2026,9,17,18,19.5,89.7,100900.0,2026-09-17 18:00:00,2026-09-17 18:00:00,1009.0
20260917,180000,72W,22,2026,9,17,18,19.2,90.2,100800.0,2026-09-17 18:00:00,2026-09-17 18:00:00,1008.0
20260917,180000,72W,22,2026,9,17,18,19.2,91.10000000000001,100700.0,2026-09-17 18:00:00,2026-09-17 18:00:00,1007.0
20260917,180000,72W,22,2026,9,17,18,19.2,91.10000000000001,100900.0,2026-09-17 18:00:00,2026-09-17 18:00:00,1009.0
20260917,180000,72W,22,2026,9,17,18,20.1,90.2,100700.0,2026-09-17 18:00:00,2026-09-17 18:00:00,1007.0
20260917,180000,72W,22,2026,9,17,18,19.2,91.4,100900.0,2026-09-17 18:00:00,2026-09-17 18:00:00,1009.0
20260917,180000,72W,23,2026,9,17,18,13.0,146.8,100800.0,2026-09-17 18:00:00,2026-09-17 18:00:00,1008.0
20260917,180000,72W,23,2026,9,17,18,13.0,143.4,101100.0,2026-09-17 18:00:00,2026-09-17 18:00:00,1011.0
20260917,180000,72W,23,2026,9,17,18,14.700000000000001,140.6,101200.0,2026-09-17 18:00:00,2026-09-17 18:00:00,1012.0
20260917,180000,72W,23,2026,9,17,18,13.3,136.4,100900.0,2026-09-17 18:00:00,2026-09-17 18:00:00,1009.0
20260917,180000,72W,23,2026,9,17,18,13.3,135.2,100900.0,2026-09-17 18:00:00,2026-09-17 18:00:00,1009.0
20260917,180000,72W,23,2026,9,17,18,13.3,134.1,100500.0,2026-09-17 18:00:00,2026-09-17 18:00:00,1005.0
20260917,180000,72W,23,2026,9,17,18,13.6,133.0,100800.0,2026-09-17 18:00:00,2026-09-17 18:00:00,1008.0
20260917,180000,72W,23,2026,9,17,18,13.6,131.3,100400.0,2026-09-17 18:00:00,2026-09-17 18:00:00,1004.0
20260917,180000,72W,23,2026,9,17,18,13.9,129.9,100500.0,2026-09-17 18:00:00,2026-09-17 18:00:00,1005.0
20260917,180000,72W,23,2026,9,17,18,14.200000000000001,128.8,100100.0,2026-09-17 18:00:00,2026-09-17 18:00:00,1001.0
20260917,180000,72W,23,2026,9,17,18,15.0,127.4,100300.0,2026-09-17 18:00:00,2026-09-17 18:00:00,1003.0
20260917,180000,72W,23,2026,9,17,18,15.3,125.7,99800.0,2026-09-17 18:00:00,2026-09-17 18:00:00,998.0
20260917,180000,72W,23,2026,9,17,18,15.9,124.5,100000.0,2026-09-17 18:00:00,2026-09-17 18:00:00,1000.0
20260917,180000,72W,23,2026,9,17,18,16.4,123.10000000000001,99500.0,2026-09-17 18:00:00,2026-09-17 18:00:00,995.0
20260917,180000,72W,23,2026,9,17,18,17.0,122.60000000000001,99500.0,2026-09-17 18:00:00,2026-09-17 18:00:00,995.0
20260917,180000,72W,23,2026,9,17,18,18.1,121.5,99900.0,2026-09-17 18:00:00,2026-09-17 18:00:00,999.0
20260917,180000,72W,23,2026,9,17,18,18.7,120.0,99900.0,2026-09-17 18:00:00,2026-09-17 18:00:00,999.0
20260917,180000,72W,23,2026,9,17,18,19.5,118.9,99400.0,2026-09-17 18:00:00,2026-09-17 18:00:00,994.0
20260917,180000,72W,23,2026,9,17,18,19.8,118.4,99600.0,2026-09-17 18:00:00,2026-09-17 18:00:00,996.0
20260917,180000,72W,23,2026,9,17,18,20.400000000000002,117.8,99800.0,2026-09-17 18:00:00,2026-09-17 18:00:00,998.0
20260917,180000,72W,23,2026,9,17,18,20.900000000000002,117.2,99600.0,2026-09-17 18:00:00,2026-09-17 18:00:00,996.0
20260917,180000,72W,23,2026,9,17,18,21.2,116.7,99200.0,2026-09-17 18:00:00,2026-09-17 18:00:00,992.0
20260917,180000,72W,23,2026,9,17,18,21.2,115.8,99100.0,2026-09-17 18:00:00,2026-09-17 18:00:00,991.0
20260917,180000,72W,23,2026,9,17,18,21.2,115.3,98900.0,2026-09-17 18:00:00,2026-09-17 18:00:00,989.0
20260917,180000,72W,23,2026,9,17,18,21.5,114.7,99100.0,2026-09-17 18:00:00,2026-09-17 18:00:00,991.0
20260917,180000,72W,23,2026,9,17,18,21.5,113.9,99500.0,2026-09-17 18:00:00,2026-09-17 18:00:00,995.0
20260917,180000,72W,23,2026,9,17,18,20.7,113.60000000000001,99800.0,2026-09-17 18:00:00,2026-09-17 18:00:00,998.0
20260917,180000,72W,23,2026,9,17,18,20.7,113.0,99800.0,2026-09-17 18:00:00,2026-09-17 18:00:00,998.0
20260917,180000,72W,23,2026,9,17,18,20.900000000000002,112.2,100200.0,2026-09-17 18:00:00,2026-09-17 18:00:00,1002.0
20260917,180000,72W,23,2026,9,17,18,20.900000000000002,112.2,100100.0,2026-09-17 18:00:00,2026-09-17 18:00:00,1001.0
20260917,180000,72W,23,2026,9,17,18,21.2,111.60000000000001,100500.0,2026-09-17 18:00:00,2026-09-17 18:00:00,1005.0
20260917,180000,72W,23,2026,9,17,18,21.2,111.60000000000001,100600.0,2026-09-17 18:00:00,2026-09-17 18:00:00,1006.0
20260917,180000,72W,23,2026,9,17,18,20.900000000000002,111.60000000000001,100800.0,2026-09-17 18:00:00,2026-09-17 18:00:00,1008.0
20260917,180000,72W,23,2026,9,17,18,20.900000000000002,112.2,100700.0,2026-09-17 18:00:00,2026-09-17 18:00:00,1007.0
20260917,180000,72W,23,2026,9,17,18,20.7,111.9,100700.0,2026-09-17 18:00:00,2026-09-17 18:00:00,1007.0
20260917,180000,72W,23,2026,9,17,18,19.8,111.9,100700.0,2026-09-17 18:00:00,2026-09-17 18:00:00,1007.0
20260917,180000,72W,23,2026,9,17,18,19.5,111.9,100800.0,2026-09-17 18:00:00,2026-09-17 18:00:00,1008.0
20260917,180000,72W,23,2026,9,17,18,18.7,111.60000000000001,100600.0,2026-09-17 18:00:00,2026-09-17 18:00:00,1006.0
20260917,180000,72W,23,2026,9,17,18,18.1,111.60000000000001,100700.0,2026-09-17 18:00:00,2026-09-17 18:00:00,1007.0
20260917,180000,72W,23,2026,9,17,18,17.0,111.3,100600.0,2026-09-17 18:00:00,2026-09-17 18:00:00,1006.0
20260917,180000,72W,24,2026,9,17,18,14.5,165.3,100800.0,2026-09-17 18:00:00,2026-09-17 18:00:00,1008.0
20260917,180000,72W,24,2026,9,17,18,14.200000000000001,163.9,101000.0,2026-09-17 18:00:00,2026-09-17 18:00:00,1010.0
20260917,180000,72W,24,2026,9,17,18,13.1,161.1,100800.0,2026-09-17 18:00:00,2026-09-17 18:00:00,1008.0
20260917,180000,72W,24,2026,9,17,18,14.200000000000001,160.3,101000.0,2026-09-17 18:00:00,2026-09-17 18:00:00,1010.0
20260917,180000,72W,24,2026,9,17,18,13.6,162.20000000000002,100800.0,2026-09-17 18:00:00,2026-09-17 18:00:00,1008.0
20260917,180000,72W,24,2026,9,17,18,14.200000000000001,161.1,100900.0,2026-09-17 18:00:00,2026-09-17 18:00:00,1009.0
20260917,180000,72W,24,2026,9,17,18,15.0,161.1,100700.0,2026-09-17 18:00:00,2026-09-17 18:00:00,1007.0
20260917,180000,72W,24,2026,9,17,18,13.0,161.1,101000.0,2026-09-17 18:00:00,2026-09-17 18:00:00,1010.0
20260917,180000,72W,24,2026,9,17,18,13.6,162.0,100700.0,2026-09-17 18:00:00,2026-09-17 18:00:00,1007.0
20260917,180000,72W,24,2026,9,17,18,15.0,162.8,100800.0,2026-09-17 18:00:00,2026-09-17 18:00:00,1008.0
20260917,180000,72W,24,2026,9,17,18,16.1,160.3,100600.0,2026-09-17 18:00:00,2026-09-17 18:00:00,1006.0
20260917,180000,72W,24,2026,9,17,18,16.1,160.3,100700.0,2026-09-17 18:00:00,2026-09-17 18:00:00,1007.0
20260917,180000,72W,24,2026,9,17,18,15.6,160.3,100400.0,2026-09-17 18:00:00,2026-09-17 18:00:00,1004.0
20260917,180000,72W,24,2026,9,17,18,16.1,159.4,100300.0,2026-09-17 18:00:00,2026-09-17 18:00:00,1003.0
20260917,180000,72W,24,2026,9,17,18,15.9,159.4,99900.0,2026-09-17 18:00:00,2026-09-17 18:00:00,999.0
20260917,180000,72W,24,2026,9,17,18,16.4,159.4,99900.0,2026-09-17 18:00:00,2026-09-17 18:00:00,999.0
20260917,180000,72W,24,2026,9,17,18,17.3,158.9,99600.0,2026-09-17 18:00:00,2026-09-17 18:00:00,996.0
20260917,180000,72W,24,2026,9,17,18,17.6,158.0,99400.0,2026-09-17 18:00:00,2026-09-17 18:00:00,994.0
20260917,180000,72W,24,2026,9,17,18,17.8,157.70000000000002,99100.0,2026-09-17 18:00:00,2026-09-17 18:00:00,991.0
20260917,180000,72W,24,2026,9,17,18,18.1,157.20000000000002,99000.0,2026-09-17 18:00:00,2026-09-17 18:00:00,990.0
20260917,180000,72W,24,2026,9,17,18,18.400000000000002,156.6,98300.0,2026-09-17 18:00:00,2026-09-17 18:00:00,983.0
20260917,180000,72W,24,2026,9,17,18,18.7,155.8,97700.0,2026-09-17 18:00:00,2026-09-17 18:00:00,977.0
20260917,180000,72W,24,2026,9,17,18,18.7,155.20000000000002,96800.0,2026-09-17 18:00:00,2026-09-17 18:00:00,968.0
20260917,180000,72W,24,2026,9,17,18,18.400000000000002,154.4,96600.0,2026-09-17 18:00:00,2026-09-17 18:00:00,966.0
20260917,180000,72W,24,2026,9,17,18,18.400000000000002,154.1,95400.0,2026-09-17 18:00:00,2026-09-17 18:00:00,954.0
20260917,180000,72W,24,2026,9,17,18,18.400000000000002,153.5,95700.0,2026-09-17 18:00:00,2026-09-17 18:00:00,957.0
20260917,180000,72W,24,2026,9,17,18,18.400000000000002,153.0,95100.0,2026-09-17 18:00:00,2026-09-17 18:00:00,951.0
20260917,180000,72W,24,2026,9,17,18,18.1,153.0,95600.0,2026-09-17 18:00:00,2026-09-17 18:00:00,956.0
20260917,180000,72W,24,2026,9,17,18,17.8,152.70000000000002,95200.0,2026-09-17 18:00:00,2026-09-17 18:00:00,952.0
20260917,180000,72W,25,2026,9,17,18,13.0,161.4,101000.0,2026-09-17 18:00:00,2026-09-17 18:00:00,1010.0
20260917,180000,72W,25,2026,9,17,18,12.5,160.5,100900.0,2026-09-17 18:00:00,2026-09-17 18:00:00,1009.0
20260917,180000,72W,25,2026,9,17,18,15.0,157.70000000000002,100700.0,2026-09-17 18:00:00,2026-09-17 18:00:00,1007.0
20260917,180000,72W,25,2026,9,17,18,15.3,156.6,100900.0,2026-09-17 18:00:00,2026-09-17 18:00:00,1009.0
20260917,180000,72W,25,2026,9,17,18,15.3,154.6,100900.0,2026-09-17 18:00:00,2026-09-17 18:00:00,1009.0
20260917,180000,72W,25,2026,9,17,18,14.200000000000001,154.9,100800.0,2026-09-17 18:00:00,2026-09-17 18:00:00,1008.0
20260917,180000,72W,25,2026,9,17,18,13.6,154.4,100500.0,2026-09-17 18:00:00,2026-09-17 18:00:00,1005.0
20260917,180000,72W,25,2026,9,17,18,14.5,155.20000000000002,100800.0,2026-09-17 18:00:00,2026-09-17 18:00:00,1008.0
20260917,180000,72W,25,2026,9,17,18,15.0,154.9,100900.0,2026-09-17 18:00:00,2026-09-17 18:00:00,1009.0
20260917,180000,72W,25,2026,9,17,18,14.5,154.1,100500.0,2026-09-17 18:00:00,2026-09-17 18:00:00,1005.0
20260917,180000,72W,25,2026,9,17,18,15.0,153.8,100800.0,2026-09-17 18:00:00,2026-09-17 18:00:00,1008.0
20260917,180000,72W,25,2026,9,17,18,14.700000000000001,154.1,100600.0,2026-09-17 18:00:00,2026-09-17 18:00:00,1006.0
20260917,180000,72W,25,2026,9,17,18,14.700000000000001,154.9,100800.0,2026-09-17 18:00:00,2026-09-17 18:00:00,1008.0
20260917,180000,72W,25,2026,9,17,18,15.3,155.8,100600.0,2026-09-17 18:00:00,2026-09-17 18:00:00,1006.0
20260917,180000,72W,25,2026,9,17,18,15.6,156.3,100400.0,2026-09-17 18:00:00,2026-09-17 18:00:00,1004.0
20260917,180000,72W,25,2026,9,17,18,15.6,156.0,100400.0,2026-09-17 18:00:00,2026-09-17 18:00:00,1004.0
20260917,180000,72W,25,2026,9,17,18,15.6,155.8,99800.0,2026-09-17 18:00:00,2026-09-17 18:00:00,998.0
20260917,180000,72W,25,2026,9,17,18,15.3,155.5,99800.0,2026-09-17 18:00:00,2026-09-17 18:00:00,998.0
20260917,180000,72W,25,2026,9,17,18,15.6,155.5,99300.0,2026-09-17 18:00:00,2026-09-17 18:00:00,993.0
20260917,180000,72W,25,2026,9,17,18,16.1,155.20000000000002,99200.0,2026-09-17 18:00:00,2026-09-17 18:00:00,992.0
20260917,180000,72W,25,2026,9,17,18,16.7,154.6,98800.0,2026-09-17 18:00:00,2026-09-17 18:00:00,988.0
20260917,180000,72W,25,2026,9,17,18,16.7,154.1,98400.0,2026-09-17 18:00:00,2026-09-17 18:00:00,984.0
20260917,180000,72W,25,2026,9,17,18,17.3,153.5,97600.0,2026-09-17 18:00:00,2026-09-17 18:00:00,976.0
20260917,180000,72W,25,2026,9,17,18,17.6,153.5,97300.0,2026-09-17 18:00:00,2026-09-17 18:00:00,973.0
20260917,180000,72W,25,2026,9,17,18,18.1,153.5,96600.0,2026-09-17 18:00:00,2026-09-17 18:00:00,966.0
20260917,180000,72W,25,2026,9,17,18,18.400000000000002,153.20000000000002,96100.0,2026-09-17 18:00:00,2026-09-17 18:00:00,961.0
20260917,180000,72W,25,2026,9,17,18,19.0,153.0,95300.0,2026-09-17 18:00:00,2026-09-17 18:00:00,953.0
20260917,180000,72W,25,2026,9,17,18,19.5,152.70000000000002,95400.0,2026-09-17 18:00:00,2026-09-17 18:00:00,954.0
20260917,180000,72W,25,2026,9,17,18,19.8,153.0,95100.0,2026-09-17 18:00:00,2026-09-17 18:00:00,951.0
20260917,180000,72W,25,2026,9,17,18,20.400000000000002,152.4,94500.0,2026-09-17 18:00:00,2026-09-17 18:00:00,945.0
20260917,180000,72W,25,2026,9,17,18,20.7,152.70000000000002,94700.0,2026-09-17 18:00:00,2026-09-17 18:00:00,947.0
20260917,180000,72W,25,2026,9,17,18,20.900000000000002,152.70000000000002,94700.0,2026-09-17 18:00:00,2026-09-17 18:00:00,947.0
20260917,180000,72W,25,2026,9,17,18,21.5,153.0,94800.0,2026-09-17 18:00:00,2026-09-17 18:00:00,948.0
20260917,180000,72W,25,2026,9,17,18,22.1,153.0,95100.0,2026-09-17 18:00:00,2026-09-17 18:00:00,951.0
20260917,180000,72W,25,2026,9,17,18,22.3,153.0,95100.0,2026-09-17 18:00:00,2026-09-17 18:00:00,951.0
20260917,180000,72W,25,2026,9,17,18,22.900000000000002,153.20000000000002,95700.0,2026-09-17 18:00:00,2026-09-17 18:00:00,957.0
20260917,180000,72W,25,2026,9,17,18,23.5,153.20000000000002,95600.0,2026-09-17 18:00:00,2026-09-17 18:00:00,956.0
20260917,180000,72W,25,2026,9,17,18,24.3,153.0,96100.0,2026-09-17 18:00:00,2026-09-17 18:00:00,961.0
20260917,180000,72W,25,2026,9,17,18,24.900000000000002,152.4,95900.0,2026-09-17 18:00:00,2026-09-17 18:00:00,959.0
20260917,180000,72W,26,2026,9,17,18,16.7,166.70000000000002,100900.0,2026-09-17 18:00:00,2026-09-17 18:00:00,1009.0
20260917,180000,72W,26,2026,9,17,18,17.8,168.1,100900.0,2026-09-17 18:00:00,2026-09-17 18:00:00,1009.0
20260917,180000,72W,26,2026,9,17,18,17.3,165.9,100800.0,2026-09-17 18:00:00,2026-09-17 18:00:00,1008.0
20260917,180000,72W,26,2026,9,17,18,16.4,165.0,100900.0,2026-09-17 18:00:00,2026-09-17 18:00:00,1009.0
20260917,180000,72W,26,2026,9,17,18,15.0,163.9,100700.0,2026-09-17 18:00:00,2026-09-17 18:00:00,1007.0
20260917,180000,72W,26,2026,9,17,18,14.5,163.1,100900.0,2026-09-17 18:00:00,2026-09-17 18:00:00,1009.0
20260917,180000,72W,27,2026,9,17,18,13.0,158.0,101000.0,2026-09-17 18:00:00,2026-09-17 18:00:00,1010.0
20260917,180000,72W,27,2026,9,17,18,13.0,161.1,101100.0,2026-09-17 18:00:00,2026-09-17 18:00:00,1011.0
20260917,180000,72W,27,2026,9,17,18,12.8,160.5,101100.0,2026-09-17 18:00:00,2026-09-17 18:00:00,1011.0
20260917,180000,72W,27,2026,9,17,18,14.1,160.8,100900.0,2026-09-17 18:00:00,2026-09-17 18:00:00,1009.0
20260917,180000,72W,27,2026,9,17,18,11.6,160.3,100900.0,2026-09-17 18:00:00,2026-09-17 18:00:00,1009.0
20260917,180000,72W,27,2026,9,17,18,12.200000000000001,159.1,100900.0,2026-09-17 18:00:00,2026-09-17 18:00:00,1009.0
20260917,180000,72W,27,2026,9,17,18,12.5,159.1,100700.0,2026-09-17 18:00:00,2026-09-17 18:00:00,1007.0
20260917,180000,72W,27,2026,9,17,18,12.5,159.4,100900.0,2026-09-17 18:00:00,2026-09-17 18:00:00,1009.0
20260917,180000,72W,27,2026,9,17,18,13.0,160.5,100500.0,2026-09-17 18:00:00,2026-09-17 18:00:00,1005.0
20260917,180000,72W,27,2026,9,17,18,14.5,160.8,100700.0,2026-09-17 18:00:00,2026-09-17 18:00:00,1007.0
20260917,180000,72W,27,2026,9,17,18,16.1,160.5,100300.0,2026-09-17 18:00:00,2026-09-17 18:00:00,1003.0
20260917,180000,72W,27,2026,9,17,18,17.400000000000002,160.4,100400.0,2026-09-17 18:00:00,2026-09-17 18:00:00,1004.0
20260917,180000,72W,27,2026,9,17,18,18.400000000000002,159.4,100200.0,2026-09-17 18:00:00,2026-09-17 18:00:00,1002.0
20260917,180000,72W,27,2026,9,17,18,20.1,159.1,100000.0,2026-09-17 18:00:00,2026-09-17 18:00:00,1000.0
20260917,180000,72W,27,2026,9,17,18,21.2,158.6,99600.0,2026-09-17 18:00:00,2026-09-17 18:00:00,996.0
20260917,180000,72W,27,2026,9,17,18,22.3,158.3,99500.0,2026-09-17 18:00:00,2026-09-17 18:00:00,995.0
20260917,180000,72W,27,2026,9,17,18,23.8,157.5,99200.0,2026-09-17 18:00:00,2026-09-17 18:00:00,992.0
20260917,180000,72W,27,2026,9,17,18,24.900000000000002,157.5,99100.0,2026-09-17 18:00:00,2026-09-17 18:00:00,991.0
20260917,180000,72W,27,2026,9,17,18,26.0,157.20000000000002,98900.0,2026-09-17 18:00:00,2026-09-17 18:00:00,989.0
20260917,180000,72W,27,2026,9,17,18,27.400000000000002,157.20000000000002,98600.0,2026-09-17 18:00:00,2026-09-17 18:00:00,986.0
20260917,180000,72W,27,2026,9,17,18,29.1,156.9,98200.0,2026-09-17 18:00:00,2026-09-17 18:00:00,982.0
20260917,180000,72W,27,2026,9,17,18,30.0,156.9,98100.0,2026-09-17 18:00:00,2026-09-17 18:00:00,981.0
20260917,180000,72W,27,2026,9,17,18,31.400000000000002,156.6,97800.0,2026-09-17 18:00:00,2026-09-17 18:00:00,978.0
20260917,180000,72W,27,2026,9,17,18,32.5,157.20000000000002,97600.0,2026-09-17 18:00:00,2026-09-17 18:00:00,976.0
20260917,180000,72W,27,2026,9,17,18,33.9,157.70000000000002,97600.0,2026-09-17 18:00:00,2026-09-17 18:00:00,976.0
20260917,180000,72W,27,2026,9,17,18,35.6,159.1,97800.0,2026-09-17 18:00:00,2026-09-17 18:00:00,978.0
20260917,180000,72W,27,2026,9,17,18,37.0,160.5,97600.0,2026-09-17 18:00:00,2026-09-17 18:00:00,976.0
20260917,180000,72W,27,2026,9,17,18,38.7,163.1,98100.0,2026-09-17 18:00:00,2026-09-17 18:00:00,981.0
20260917,180000,72W,27,2026,9,17,18,40.4,165.9,98300.0,2026-09-17 18:00:00,2026-09-17 18:00:00,983.0
20260917,180000,72W,28,2026,9,17,18,12.5,141.1,100800.0,2026-09-17 18:00:00,2026-09-17 18:00:00,1008.0
20260917,180000,72W,28,2026,9,17,18,13.0,141.4,101000.0,2026-09-17 18:00:00,2026-09-17 18:00:00,1010.0
20260917,180000,72W,28,2026,9,17,18,13.3,141.1,101100.0,2026-09-17 18:00:00,2026-09-17 18:00:00,1011.0
20260917,180000,72W,28,2026,9,17,18,12.8,142.0,101000.0,2026-09-17 18:00:00,2026-09-17 18:00:00,1010.0
20260917,180000,72W,28,2026,9,17,18,12.8,141.4,100700.0,2026-09-17 18:00:00,2026-09-17 18:00:00,1007.0
20260917,180000,72W,28,2026,9,17,18,12.5,141.1,100900.0,2026-09-17 18:00:00,2026-09-17 18:00:00,1009.0
20260917,180000,72W,28,2026,9,17,18,12.8,140.0,100700.0,2026-09-17 18:00:00,2026-09-17 18:00:00,1007.0
20260917,180000,72W,28,2026,9,17,18,13.200000000000001,140.70000000000002,100200.0,2026-09-17 18:00:00,2026-09-17 18:00:00,1002.0
20260917,180000,72W,29,2026,9,17,18,12.5,153.5,101200.0,2026-09-17 18:00:00,2026-09-17 18:00:00,1012.0
20260917,180000,72W,29,2026,9,17,18,11.4,155.20000000000002,100900.0,2026-09-17 18:00:00,2026-09-17 18:00:00,1009.0
20260917,180000,72W,29,2026,9,17,18,12.9,156.0,100900.0,2026-09-17 18:00:00,2026-09-17 18:00:00,1009.0
20260917,180000,72W,29,2026,9,17,18,13.9,155.8,101000.0,2026-09-17 18:00:00,2026-09-17 18:00:00,1010.0
20260917,180000,72W,29,2026,9,17,18,13.0,157.3,101000.0,2026-09-17 18:00:00,2026-09-17 18:00:00,1010.0
20260917,180000,72W,29,2026,9,17,18,13.6,155.5,101000.0,2026-09-17 18:00:00,2026-09-17 18:00:00,1010.0
20260917,180000,72W,29,2026,9,17,18,13.3,154.6,100800.0,2026-09-17 18:00:00,2026-09-17 18:00:00,1008.0
20260917,180000,72W,29,2026,9,17,18,13.6,158.0,100700.0,2026-09-17 18:00:00,2026-09-17 18:00:00,1007.0
20260917,180000,72W,29,2026,9,17,18,13.9,159.4,100900.0,2026-09-17 18:00:00,2026-09-17 18:00:00,1009.0
20260917,180000,72W,29,2026,9,17,18,15.0,159.70000000000002,100700.0,2026-09-17 18:00:00,2026-09-17 18:00:00,1007.0
20260917,180000,72W,29,2026,9,17,18,14.700000000000001,158.9,100800.0,2026-09-17 18:00:00,2026-09-17 18:00:00,1008.0
20260917,180000,72W,29,2026,9,17,18,13.3,160.3,100400.0,2026-09-17 18:00:00,2026-09-17 18:00:00,1004.0
20260917,180000,72W,29,2026,9,17,18,13.6,160.8,100600.0,2026-09-17 18:00:00,2026-09-17 18:00:00,1006.0
20260917,180000,72W,29,2026,9,17,18,13.6,160.8,100400.0,2026-09-17 18:00:00,2026-09-17 18:00:00,1004.0
20260917,180000,72W,29,2026,9,17,18,14.5,162.0,100500.0,2026-09-17 18:00:00,2026-09-17 18:00:00,1005.0
20260917,180000,72W,29,2026,9,17,18,15.0,162.0,100300.0,2026-09-17 18:00:00,2026-09-17 18:00:00,1003.0
20260917,180000,72W,29,2026,9,17,18,15.3,162.5,100400.0,2026-09-17 18:00:00,2026-09-17 18:00:00,1004.0
20260917,180000,72W,29,2026,9,17,18,15.9,162.8,100000.0,2026-09-17 18:00:00,2026-09-17 18:00:00,1000.0
20260917,180000,72W,29,2026,9,17,18,15.9,163.4,99700.0,2026-09-17 18:00:00,2026-09-17 18:00:00,997.0
20260917,180000,72W,29,2026,9,17,18,16.4,163.6,99100.0,2026-09-17 18:00:00,2026-09-17 18:00:00,991.0
20260917,180000,72W,29,2026,9,17,18,16.7,163.9,99200.0,2026-09-17 18:00:00,2026-09-17 18:00:00,992.0
20260917,180000,72W,29,2026,9,17,18,16.7,163.9,98700.0,2026-09-17 18:00:00,2026-09-17 18:00:00,987.0
20260917,180000,72W,29,2026,9,17,18,17.3,163.9,98400.0,2026-09-17 18:00:00,2026-09-17 18:00:00,984.0
20260917,180000,72W,29,2026,9,17,18,17.3,163.9,97700.0,2026-09-17 18:00:00,2026-09-17 18:00:00,977.0
20260917,180000,72W,29,2026,9,17,18,18.400000000000002,163.9,97400.0,2026-09-17 18:00:00,2026-09-17 18:00:00,974.0
20260917,180000,72W,29,2026,9,17,18,19.0,163.4,97100.0,2026-09-17 18:00:00,2026-09-17 18:00:00,971.0
20260917,180000,72W,29,2026,9,17,18,20.400000000000002,163.1,97100.0,2026-09-17 18:00:00,2026-09-17 18:00:00,971.0
20260917,180000,72W,29,2026,9,17,18,21.5,162.20000000000002,96800.0,2026-09-17 18:00:00,2026-09-17 18:00:00,968.0
20260917,180000,72W,29,2026,9,17,18,22.6,161.70000000000002,96500.0,2026-09-17 18:00:00,2026-09-17 18:00:00,965.0
20260917,180000,72W,29,2026,9,17,18,24.1,161.20000000000002,96800.0,2026-09-17 18:00:00,2026-09-17 18:00:00,968.0
20260917,180000,72W,29,2026,9,17,18,25.2,160.3,96500.0,2026-09-17 18:00:00,2026-09-17 18:00:00,965.0
20260917,180000,72W,29,2026,9,17,18,27.1,159.4,96500.0,2026-09-17 18:00:00,2026-09-17 18:00:00,965.0
20260917,180000,72W,29,2026,9,17,18,29.1,159.1,96500.0,2026-09-17 18:00:00,2026-09-17 18:00:00,965.0
20260917,180000,72W,29,2026,9,17,18,31.400000000000002,159.1,96700.0,2026-09-17 18:00:00,2026-09-17 18:00:00,967.0
20260917,180000,72W,29,2026,9,17,18,33.9,160.0,96800.0,2026-09-17 18:00:00,2026-09-17 18:00:00,968.0
20260917,180000,72W,29,2026,9,17,18,37.300000000000004,160.8,96700.0,2026-09-17 18:00:00,2026-09-17 18:00:00,967.0
20260917,180000,72W,29,2026,9,17,18,41.4,163.1,96600.0,2026-09-17 18:00:00,2026-09-17 18:00:00,966.0
20260917,180000,72W,29,2026,9,17,18,46.0,165.0,96400.0,2026-09-17 18:00:00,2026-09-17 18:00:00,964.0
20260917,180000,72W,30,2026,9,17,18,12.8,103.7,101100.0,2026-09-17 18:00:00,2026-09-17 18:00:00,1011.0
20260917,180000,72W,30,2026,9,17,18,13.0,104.60000000000001,101200.0,2026-09-17 18:00:00,2026-09-17 18:00:00,1012.0
20260917,180000,72W,30,2026,9,17,18,10.8,103.2,101000.0,2026-09-17 18:00:00,2026-09-17 18:00:00,1010.0
20260917,180000,72W,30,2026,9,17,18,12.200000000000001,102.60000000000001,101100.0,2026-09-17 18:00:00,2026-09-17 18:00:00,1011.0
20260917,180000,72W,30,2026,9,17,18,12.5,102.3,100900.0,2026-09-17 18:00:00,2026-09-17 18:00:00,1009.0
20260917,180000,72W,30,2026,9,17,18,10.1,103.4,101000.0,2026-09-17 18:00:00,2026-09-17 18:00:00,1010.0
20260917,180000,72W,30,2026,9,17,18,9.9,103.4,100900.0,2026-09-17 18:00:00,2026-09-17 18:00:00,1009.0
20260917,180000,72W,30,2026,9,17,18,9.4,103.7,100800.0,2026-09-17 18:00:00,2026-09-17 18:00:00,1008.0
20260917,180000,72W,30,2026,9,17,18,10.0,103.3,100900.0,2026-09-17 18:00:00,2026-09-17 18:00:00,1009.0
20260917,180000,72W,30,2026,9,17,18,10.200000000000001,103.0,100800.0,2026-09-17 18:00:00,2026-09-17 18:00:00,1008.0
20260917,180000,72W,30,2026,9,17,18,11.1,101.5,100800.0,2026-09-17 18:00:00,2026-09-17 18:00:00,1008.0
20260917,180000,72W,30,2026,9,17,18,11.4,101.2,100800.0,2026-09-17 18:00:00,2026-09-17 18:00:00,1008.0
20260917,180000,72W,30,2026,9,17,18,11.9,100.4,100600.0,2026-09-17 18:00:00,2026-09-17 18:00:00,1006.0
20260917,180000,72W,30,2026,9,17,18,12.200000000000001,100.10000000000001,100800.0,2026-09-17 18:00:00,2026-09-17 18:00:00,1008.0
20260917,180000,72W,30,2026,9,17,18,12.8,97.0,100900.0,2026-09-17 18:00:00,2026-09-17 18:00:00,1009.0
20260917,180000,72W,30,2026,9,17,18,13.9,97.0,100800.0,2026-09-17 18:00:00,2026-09-17 18:00:00,1008.0
20260917,180000,72W,30,2026,9,17,18,14.5,96.10000000000001,100800.0,2026-09-17 18:00:00,2026-09-17 18:00:00,1008.0
20260917,180000,72W,30,2026,9,17,18,15.0,95.60000000000001,100700.0,2026-09-17 18:00:00,2026-09-17 18:00:00,1007.0
20260917,180000,72W,30,2026,9,17,18,15.9,95.0,100700.0,2026-09-17 18:00:00,2026-09-17 18:00:00,1007.0
20260917,180000,72W,30,2026,9,17,18,16.4,93.9,100800.0,2026-09-17 18:00:00,2026-09-17 18:00:00,1008.0
20260917,180000,72W,31,2026,9,17,18,13.0,144.8,101100.0,2026-09-17 18:00:00,2026-09-17 18:00:00,1011.0
20260917,180000,72W,31,2026,9,17,18,13.3,145.1,100800.0,2026-09-17 18:00:00,2026-09-17 18:00:00,1008.0
20260917,180000,72W,31,2026,9,17,18,15.0,144.8,101200.0,2026-09-17 18:00:00,2026-09-17 18:00:00,1012.0
20260917,180000,72W,31,2026,9,17,18,14.200000000000001,140.6,100900.0,2026-09-17 18:00:00,2026-09-17 18:00:00,1009.0
20260917,180000,72W,31,2026,9,17,18,16.1,137.20000000000002,100900.0,2026-09-17 18:00:00,2026-09-17 18:00:00,1009.0
20260917,180000,72W,31,2026,9,17,18,15.0,135.5,101100.0,2026-09-17 18:00:00,2026-09-17 18:00:00,1011.0
20260917,180000,72W,31,2026,9,17,18,15.9,133.8,100800.0,2026-09-17 18:00:00,2026-09-17 18:00:00,1008.0
20260917,180000,72W,31,2026,9,17,18,16.1,131.6,101000.0,2026-09-17 18:00:00,2026-09-17 18:00:00,1010.0
20260917,180000,72W,31,2026,9,17,18,15.9,130.7,100800.0,2026-09-17 18:00:00,2026-09-17 18:00:00,1008.0
20260917,180000,72W,31,2026,9,17,18,17.3,129.0,100900.0,2026-09-17 18:00:00,2026-09-17 18:00:00,1009.0
20260917,180000,72W,31,2026,9,17,18,17.8,127.4,100600.0,2026-09-17 18:00:00,2026-09-17 18:00:00,1006.0
20260917,180000,72W,31,2026,9,17,18,18.7,126.0,100600.0,2026-09-17 18:00:00,2026-09-17 18:00:00,1006.0
20260917,180000,72W,31,2026,9,17,18,19.2,124.8,100500.0,2026-09-17 18:00:00,2026-09-17 18:00:00,1005.0
20260917,180000,72W,31,2026,9,17,18,19.5,124.0,100600.0,2026-09-17 18:00:00,2026-09-17 18:00:00,1006.0
20260917,180000,72W,31,2026,9,17,18,20.400000000000002,123.4,100400.0,2026-09-17 18:00:00,2026-09-17 18:00:00,1004.0
20260917,180000,72W,31,2026,9,17,18,20.7,122.0,100200.0,2026-09-17 18:00:00,2026-09-17 18:00:00,1002.0
20260917,180000,72W,31,2026,9,17,18,20.900000000000002,121.2,99900.0,2026-09-17 18:00:00,2026-09-17 18:00:00,999.0
20260917,180000,72W,31,2026,9,17,18,21.2,120.60000000000001,100200.0,2026-09-17 18:00:00,2026-09-17 18:00:00,1002.0
20260917,180000,72W,31,2026,9,17,18,22.1,120.0,99900.0,2026-09-17 18:00:00,2026-09-17 18:00:00,999.0
20260917,180000,72W,31,2026,9,17,18,22.6,119.5,100100.0,2026-09-17 18:00:00,2026-09-17 18:00:00,1001.0
20260917,180000,72W,31,2026,9,17,18,23.5,119.2,99900.0,2026-09-17 18:00:00,2026-09-17 18:00:00,999.0
20260917,180000,72W,31,2026,9,17,18,24.0,118.9,100100.0,2026-09-17 18:00:00,2026-09-17 18:00:00,1001.0
20260917,180000,72W,31,2026,9,17,18,24.3,118.4,100500.0,2026-09-17 18:00:00,2026-09-17 18:00:00,1005.0
20260917,180000,72W,31,2026,9,17,18,24.0,118.9,101100.0,2026-09-17 18:00:00,2026-09-17 18:00:00,1011.0
20260917,180000,72W,31,2026,9,17,18,24.3,118.4,101100.0,2026-09-17 18:00:00,2026-09-17 18:00:00,1011.0
20260917,180000,72W,31,2026,9,17,18,24.3,118.4,101300.0,2026-09-17 18:00:00,2026-09-17 18:00:00,1013.0
20260917,180000,72W,31,2026,9,17,18,24.3,118.10000000000001,101200.0,2026-09-17 18:00:00,2026-09-17 18:00:00,1012.0
20260917,180000,72W,31,2026,9,17,18,24.3,118.10000000000001,101300.0,2026-09-17 18:00:00,2026-09-17 18:00:00,1013.0
20260917,180000,72W,31,2026,9,17,18,24.3,118.4,101300.0,2026-09-17 18:00:00,2026-09-17 18:00:00,1013.0
20260917,180000,72W,31,2026,9,17,18,26.6,118.10000000000001,101500.0,2026-09-17 18:00:00,2026-09-17 18:00:00,1015.0
20260917,180000,72W,31,2026,9,17,18,27.1,120.60000000000001,101300.0,2026-09-17 18:00:00,2026-09-17 18:00:00,1013.0
20260917,180000,72W,31,2026,9,17,18,27.7,120.9,101300.0,2026-09-17 18:00:00,2026-09-17 18:00:00,1013.0
20260917,180000,72W,31,2026,9,17,18,27.7,121.2,101000.0,2026-09-17 18:00:00,2026-09-17 18:00:00,1010.0
20260917,180000,72W,31,2026,9,17,18,27.1,121.5,101200.0,2026-09-17 18:00:00,2026-09-17 18:00:00,1012.0
20260917,180000,72W,32,2026,9,17,18,5.1000000000000005,175.1,101200.0,2026-09-17 18:00:00,2026-09-17 18:00:00,1012.0
20260917,180000,72W,32,2026,9,17,18,5.7,173.8,101000.0,2026-09-17 18:00:00,2026-09-17 18:00:00,1010.0
20260917,180000,72W,33,2026,9,17,18,14.5,176.0,100900.0,2026-09-17 18:00:00,2026-09-17 18:00:00,1009.0
20260917,180000,72W,33,2026,9,17,18,14.700000000000001,175.5,100900.0,2026-09-17 18:00:00,2026-09-17 18:00:00,1009.0
20260917,180000,72W,33,2026,9,17,18,16.3,173.9,101000.0,2026-09-17 18:00:00,2026-09-17 18:00:00,1010.0
20260917,180000,72W,33,2026,9,17,18,17.3,173.20000000000002,100800.0,2026-09-17 18:00:00,2026-09-17 18:00:00,1008.0
20260917,180000,72W,33,2026,9,17,18,17.8,172.4,100800.0,2026-09-17 18:00:00,2026-09-17 18:00:00,1008.0
20260917,180000,72W,33,2026,9,17,18,17.8,171.5,100700.0,2026-09-17 18:00:00,2026-09-17 18:00:00,1007.0
20260917,180000,72W,33,2026,9,17,18,18.1,170.4,100900.0,2026-09-17 18:00:00,2026-09-17 18:00:00,1009.0
20260917,180000,72W,33,2026,9,17,18,19.0,170.1,100700.0,2026-09-17 18:00:00,2026-09-17 18:00:00,1007.0
20260917,180000,72W,33,2026,9,17,18,18.7,169.3,100800.0,2026-09-17 18:00:00,2026-09-17 18:00:00,1008.0
20260917,180000,72W,33,2026,9,17,18,18.7,169.0,100600.0,2026-09-17 18:00:00,2026-09-17 18:00:00,1006.0
20260917,180000,72W,33,2026,9,17,18,19.0,168.1,100800.0,2026-09-17 18:00:00,2026-09-17 18:00:00,1008.0
20260917,180000,72W,34,2026,9,17,18,3.8000000000000003,173.5,101100.0,2026-09-17 18:00:00,2026-09-17 18:00:00,1011.0
20260917,180000,72W,34,2026,9,17,18,5.7,174.9,101000.0,2026-09-17 18:00:00,2026-09-17 18:00:00,1010.0
20260917,180000,72W,35,2026,9,17,18,13.0,171.0,101000.0,2026-09-17 18:00:00,2026-09-17 18:00:00,1010.0
20260917,180000,72W,35,2026,9,17,18,14.700000000000001,171.0,101000.0,2026-09-17 18:00:00,2026-09-17 18:00:00,1010.0
20260917,180000,72W,35,2026,9,17,18,16.2,168.3,100900.0,2026-09-17 18:00:00,2026-09-17 18:00:00,1009.0
20260917,180000,72W,35,2026,9,17,18,14.700000000000001,167.0,101100.0,2026-09-17 18:00:00,2026-09-17 18:00:00,1011.0
20260917,180000,72W,35,2026,9,17,18,14.700000000000001,165.0,100900.0,2026-09-17 18:00:00,2026-09-17 18:00:00,1009.0
20260917,180000,72W,35,2026,9,17,18,15.9,165.0,101000.0,2026-09-17 18:00:00,2026-09-17 18:00:00,1010.0
20260917,180000,72W,35,2026,9,17,18,15.9,162.20000000000002,101100.0,2026-09-17 18:00:00,2026-09-17 18:00:00,1011.0
20260917,180000,72W,35,2026,9,17,18,17.0,164.20000000000002,100900.0,2026-09-17 18:00:00,2026-09-17 18:00:00,1009.0
20260917,180000,72W,35,2026,9,17,18,15.3,162.0,101000.0,2026-09-17 18:00:00,2026-09-17 18:00:00,1010.0
20260917,180000,72W,36,2026,9,17,18,11.700000000000001,104.9,101100.0,2026-09-17 18:00:00,2026-09-17 18:00:00,1011.0
20260917,180000,72W,36,2026,9,17,18,11.1,105.7,100900.0,2026-09-17 18:00:00,2026-09-17 18:00:00,1009.0
20260917,180000,72W,36,2026,9,17,18,11.8,105.0,101000.0,2026-09-17 18:00:00,2026-09-17 18:00:00,1010.0
20260917,180000,72W,36,2026,9,17,18,10.8,105.4,100700.0,2026-09-17 18:00:00,2026-09-17 18:00:00,1007.0
20260917,180000,72W,36,2026,9,17,18,11.9,105.10000000000001,100900.0,2026-09-17 18:00:00,2026-09-17 18:00:00,1009.0
20260917,180000,72W,36,2026,9,17,18,11.1,103.7,100900.0,2026-09-17 18:00:00,2026-09-17 18:00:00,1009.0
20260917,180000,72W,36,2026,9,17,18,12.200000000000001,102.60000000000001,100900.0,2026-09-17 18:00:00,2026-09-17 18:00:00,1009.0
20260917,180000,72W,36,2026,9,17,18,12.8,101.2,100900.0,2026-09-17 18:00:00,2026-09-17 18:00:00,1009.0
20260917,180000,72W,36,2026,9,17,18,12.200000000000001,100.9,100800.0,2026-09-17 18:00:00,2026-09-17 18:00:00,1008.0
20260917,180000,72W,36,2026,9,17,18,12.5,100.4,100800.0,2026-09-17 18:00:00,2026-09-17 18:00:00,1008.0
20260917,180000,72W,36,2026,9,17,18,12.9,100.4,100900.0,2026-09-17 18:00:00,2026-09-17 18:00:00,1009.0
20260917,180000,72W,36,2026,9,17,18,13.200000000000001,100.3,100900.0,2026-09-17 18:00:00,2026-09-17 18:00:00,1009.0
20260917,180000,72W,36,2026,9,17,18,13.0,98.4,100800.0,2026-09-17 18:00:00,2026-09-17 18:00:00,1008.0
20260917,180000,72W,36,2026,9,17,18,14.700000000000001,97.5,100900.0,2026-09-17 18:00:00,2026-09-17 18:00:00,1009.0
20260917,180000,72W,36,2026,9,17,18,14.700000000000001,97.0,100800.0,2026-09-17 18:00:00,2026-09-17 18:00:00,1008.0
20260917,180000,72W,36,2026,9,17,18,15.0,95.9,100800.0,2026-09-17 18:00:00,2026-09-17 18:00:00,1008.0
20260917,180000,72W,36,2026,9,17,18,15.0,95.60000000000001,100700.0,2026-09-17 18:00:00,2026-09-17 18:00:00,1007.0
20260917,180000,72W,36,2026,9,17,18,14.700000000000001,95.0,100800.0,2026-09-17 18:00:00,2026-09-17 18:00:00,1008.0
20260917,180000,72W,36,2026,9,17,18,14.200000000000001,95.0,100600.0,2026-09-17 18:00:00,2026-09-17 18:00:00,1006.0
20260917,180000,72W,36,2026,9,17,18,14.700000000000001,94.2,100700.0,2026-09-17 18:00:00,2026-09-17 18:00:00,1007.0
20260917,180000,72W,36,2026,9,17,18,14.5,93.9,100400.0,2026-09-17 18:00:00,2026-09-17 18:00:00,1004.0
20260917,180000,72W,36,2026,9,17,18,15.0,93.60000000000001,100600.0,2026-09-17 18:00:00,2026-09-17 18:00:00,1006.0
20260917,180000,72W,36,2026,9,17,18,15.3,92.8,100500.0,2026-09-17 18:00:00,2026-09-17 18:00:00,1005.0
20260917,180000,72W,36,2026,9,17,18,15.6,92.8,100500.0,2026-09-17 18:00:00,2026-09-17 18:00:00,1005.0
20260917,180000,72W,36,2026,9,17,18,16.4,92.2,100300.0,2026-09-17 18:00:00,2026-09-17 18:00:00,1003.0
20260917,180000,72W,36,2026,9,17,18,17.0,91.60000000000001,100400.0,2026-09-17 18:00:00,2026-09-17 18:00:00,1004.0
20260917,180000,72W,36,2026,9,17,18,17.3,90.5,100300.0,2026-09-17 18:00:00,2026-09-17 18:00:00,1003.0
20260917,180000,72W,36,2026,9,17,18,18.1,90.2,100400.0,2026-09-17 18:00:00,2026-09-17 18:00:00,1004.0
20260917,180000,72W,36,2026,9,17,18,19.0,89.4,100300.0,2026-09-17 18:00:00,2026-09-17 18:00:00,1003.0
20260917,180000,72W,36,2026,9,17,18,19.5,89.10000000000001,100400.0,2026-09-17 18:00:00,2026-09-17 18:00:00,1004.0
20260917,180000,72W,37,2026,9,17,18,17.6,171.5,101000.0,2026-09-17 18:00:00,2026-09-17 18:00:00,1010.0
20260917,180000,72W,37,2026,9,17,18,17.8,170.4,101100.0,2026-09-17 18:00:00,2026-09-17 18:00:00,1011.0
20260917,180000,72W,37,2026,9,17,18,18.1,169.3,100900.0,2026-09-17 18:00:00,2026-09-17 18:00:00,1009.0
20260917,180000,72W,37,2026,9,17,18,18.400000000000002,167.9,101100.0,2026-09-17 18:00:00,2026-09-17 18:00:00,1011.0
20260917,180000,72W,37,2026,9,17,18,18.1,166.70000000000002,100900.0,2026-09-17 18:00:00,2026-09-17 18:00:00,1009.0
20260917,180000,72W,37,2026,9,17,18,18.400000000000002,164.8,100800.0,2026-09-17 18:00:00,2026-09-17 18:00:00,1008.0
20260917,180000,72W,37,2026,9,17,18,19.0,163.20000000000002,100800.0,2026-09-17 18:00:00,2026-09-17 18:00:00,1008.0
20260917,180000,72W,37,2026,9,17,18,18.7,162.5,100900.0,2026-09-17 18:00:00,2026-09-17 18:00:00,1009.0
20260917,180000,72W,37,2026,9,17,18,19.0,162.5,100800.0,2026-09-17 18:00:00,2026-09-17 18:00:00,1008.0
20260917,180000,72W,38,2026,9,17,18,14.700000000000001,111.9,101000.0,2026-09-17 18:00:00,2026-09-17 18:00:00,1010.0
20260917,180000,72W,38,2026,9,17,18,15.0,109.60000000000001,101000.0,2026-09-17 18:00:00,2026-09-17 18:00:00,1010.0
20260917,180000,72W,38,2026,9,17,18,14.200000000000001,105.4,100900.0,2026-09-17 18:00:00,2026-09-17 18:00:00,1009.0
20260917,180000,72W,38,2026,9,17,18,13.200000000000001,104.10000000000001,100900.0,2026-09-17 18:00:00,2026-09-17 18:00:00,1009.0
20260917,180000,72W,38,2026,9,17,18,13.5,103.5,100700.0,2026-09-17 18:00:00,2026-09-17 18:00:00,1007.0
20260917,180000,72W,38,2026,9,17,18,13.5,103.5,100700.0,2026-09-17 18:00:00,2026-09-17 18:00:00,1007.0
20260917,180000,72W,38,2026,9,17,18,13.3,103.60000000000001,100800.0,2026-09-17 18:00:00,2026-09-17 18:00:00,1008.0
20260917,180000,72W,38,2026,9,17,18,13.1,103.5,100800.0,2026-09-17 18:00:00,2026-09-17 18:00:00,1008.0
20260917,180000,72W,38,2026,9,17,18,13.9,100.9,100700.0,2026-09-17 18:00:00,2026-09-17 18:00:00,1007.0
20260917,180000,72W,38,2026,9,17,18,13.9,100.7,100600.0,2026-09-17 18:00:00,2026-09-17 18:00:00,1006.0
20260917,180000,72W,38,2026,9,17,18,14.700000000000001,100.60000000000001,100700.0,2026-09-17 18:00:00,2026-09-17 18:00:00,1007.0
20260917,180000,72W,38,2026,9,17,18,14.200000000000001,100.4,100800.0,2026-09-17 18:00:00,2026-09-17 18:00:00,1008.0
20260917,180000,72W,38,2026,9,17,18,14.5,100.10000000000001,100700.0,2026-09-17 18:00:00,2026-09-17 18:00:00,1007.0
20260917,180000,72W,38,2026,9,17,18,15.0,99.8,100700.0,2026-09-17 18:00:00,2026-09-17 18:00:00,1007.0
20260917,180000,72W,38,2026,9,17,18,16.1,97.5,100800.0,2026-09-17 18:00:00,2026-09-17 18:00:00,1008.0
20260917,180000,72W,38,2026,9,17,18,15.3,97.5,100600.0,2026-09-17 18:00:00,2026-09-17 18:00:00,1006.0
20260917,180000,72W,38,2026,9,17,18,16.4,97.8,100700.0,2026-09-17 18:00:00,2026-09-17 18:00:00,1007.0
20260917,180000,72W,38,2026,9,17,18,17.0,97.8,100600.0,2026-09-17 18:00:00,2026-09-17 18:00:00,1006.0
20260917,180000,72W,38,2026,9,17,18,15.9,97.0,100700.0,2026-09-17 18:00:00,2026-09-17 18:00:00,1007.0
20260917,180000,72W,38,2026,9,17,18,15.6,97.3,100600.0,2026-09-17 18:00:00,2026-09-17 18:00:00,1006.0
20260917,180000,72W,38,2026,9,17,18,15.9,97.0,100500.0,2026-09-17 18:00:00,2026-09-17 18:00:00,1005.0
20260917,180000,72W,38,2026,9,17,18,16.7,97.0,100300.0,2026-09-17 18:00:00,2026-09-17 18:00:00,1003.0
20260917,180000,72W,38,2026,9,17,18,16.7,96.4,100500.0,2026-09-17 18:00:00,2026-09-17 18:00:00,1005.0
20260917,180000,72W,38,2026,9,17,18,17.0,96.4,100400.0,2026-09-17 18:00:00,2026-09-17 18:00:00,1004.0
20260917,180000,72W,38,2026,9,17,18,17.3,95.3,100300.0,2026-09-17 18:00:00,2026-09-17 18:00:00,1003.0
20260917,180000,72W,38,2026,9,17,18,17.8,94.5,100300.0,2026-09-17 18:00:00,2026-09-17 18:00:00,1003.0
20260917,180000,72W,38,2026,9,17,18,17.8,94.2,100200.0,2026-09-17 18:00:00,2026-09-17 18:00:00,1002.0
20260917,180000,72W,38,2026,9,17,18,18.1,93.3,100100.0,2026-09-17 18:00:00,2026-09-17 18:00:00,1001.0
20260917,180000,72W,38,2026,9,17,18,19.0,92.2,99900.0,2026-09-17 18:00:00,2026-09-17 18:00:00,999.0
20260917,180000,72W,38,2026,9,17,18,19.8,91.4,99800.0,2026-09-17 18:00:00,2026-09-17 18:00:00,998.0
20260917,180000,72W,38,2026,9,17,18,20.7,90.5,100000.0,2026-09-17 18:00:00,2026-09-17 18:00:00,1000.0
20260917,180000,72W,38,2026,9,17,18,21.8,89.10000000000001,99800.0,2026-09-17 18:00:00,2026-09-17 18:00:00,998.0
20260917,180000,72W,39,2026,9,17,18,13.9,102.0,101000.0,2026-09-17 18:00:00,2026-09-17 18:00:00,1010.0
20260917,180000,72W,39,2026,9,17,18,9.700000000000001,102.60000000000001,100900.0,2026-09-17 18:00:00,2026-09-17 18:00:00,1009.0
20260917,180000,72W,39,2026,9,17,18,11.1,102.0,100800.0,2026-09-17 18:00:00,2026-09-17 18:00:00,1008.0
20260917,180000,72W,39,2026,9,17,18,11.3,102.0,100800.0,2026-09-17 18:00:00,2026-09-17 18:00:00,1008.0
20260917,180000,72W,39,2026,9,17,18,11.1,102.3,100800.0,2026-09-17 18:00:00,2026-09-17 18:00:00,1008.0
20260917,180000,72W,39,2026,9,17,18,10.200000000000001,102.60000000000001,100800.0,2026-09-17 18:00:00,2026-09-17 18:00:00,1008.0
20260917,180000,72W,39,2026,9,17,18,10.8,101.8,100700.0,2026-09-17 18:00:00,2026-09-17 18:00:00,1007.0
20260917,180000,72W,39,2026,9,17,18,11.5,102.0,100800.0,2026-09-17 18:00:00,2026-09-17 18:00:00,1008.0
20260917,180000,72W,39,2026,9,17,18,11.9,101.5,100800.0,2026-09-17 18:00:00,2026-09-17 18:00:00,1008.0
20260917,180000,72W,39,2026,9,17,18,13.700000000000001,100.3,100800.0,2026-09-17 18:00:00,2026-09-17 18:00:00,1008.0
20260917,180000,72W,39,2026,9,17,18,15.0,100.9,100700.0,2026-09-17 18:00:00,2026-09-17 18:00:00,1007.0
20260917,180000,72W,39,2026,9,17,18,15.6,100.5,100800.0,2026-09-17 18:00:00,2026-09-17 18:00:00,1008.0
20260917,180000,72W,39,2026,9,17,18,15.6,100.4,100800.0,2026-09-17 18:00:00,2026-09-17 18:00:00,1008.0
20260917,180000,72W,39,2026,9,17,18,16.2,100.3,100800.0,2026-09-17 18:00:00,2026-09-17 18:00:00,1008.0
20260917,180000,72W,39,2026,9,17,18,17.0,100.10000000000001,100800.0,2026-09-17 18:00:00,2026-09-17 18:00:00,1008.0
20260917,180000,72W,40,2026,9,17,18,13.3,171.5,100900.0,2026-09-17 18:00:00,2026-09-17 18:00:00,1009.0
20260917,180000,72W,40,2026,9,17,18,15.3,169.4,101000.0,2026-09-17 18:00:00,2026-09-17 18:00:00,1010.0
20260917,180000,72W,40,2026,9,17,18,15.8,167.6,100900.0,2026-09-17 18:00:00,2026-09-17 18:00:00,1009.0
20260917,180000,72W,40,2026,9,17,18,15.3,166.5,100700.0,2026-09-17 18:00:00,2026-09-17 18:00:00,1007.0
20260917,180000,72W,40,2026,9,17,18,15.6,166.20000000000002,100900.0,2026-09-17 18:00:00,2026-09-17 18:00:00,1009.0
20260917,180000,72W,40,2026,9,17,18,15.9,166.20000000000002,100700.0,2026-09-17 18:00:00,2026-09-17 18:00:00,1007.0
20260917,180000,72W,40,2026,9,17,18,16.1,166.20000000000002,100900.0,2026-09-17 18:00:00,2026-09-17 18:00:00,1009.0
20260917,180000,72W,40,2026,9,17,18,15.9,165.3,100700.0,2026-09-17 18:00:00,2026-09-17 18:00:00,1007.0
20260917,180000,72W,40,2026,9,17,18,16.4,164.5,100900.0,2026-09-17 18:00:00,2026-09-17 18:00:00,1009.0
20260917,180000,72W,40,2026,9,17,18,15.3,164.8,100800.0,2026-09-17 18:00:00,2026-09-17 18:00:00,1008.0
20260917,180000,72W,40,2026,9,17,18,16.1,163.9,100900.0,2026-09-17 18:00:00,2026-09-17 18:00:00,1009.0
20260917,180000,72W,40,2026,9,17,18,15.3,163.9,100700.0,2026-09-17 18:00:00,2026-09-17 18:00:00,1007.0
20260917,180000,72W,40,2026,9,17,18,14.5,164.5,100900.0,2026-09-17 18:00:00,2026-09-17 18:00:00,1009.0
20260917,180000,72W,40,2026,9,17,18,14.5,164.5,100800.0,2026-09-17 18:00:00,2026-09-17 18:00:00,1008.0
20260917,180000,72W,40,2026,9,17,18,15.0,165.9,101000.0,2026-09-17 18:00:00,2026-09-17 18:00:00,1010.0
20260917,180000,72W,40,2026,9,17,18,12.8,164.5,100900.0,2026-09-17 18:00:00,2026-09-17 18:00:00,1009.0
20260917,180000,72W,41,2026,9,17,18,17.8,140.3,101000.0,2026-09-17 18:00:00,2026-09-17 18:00:00,1010.0
20260917,180000,72W,41,2026,9,17,18,17.0,139.20000000000002,100800.0,2026-09-17 18:00:00,2026-09-17 18:00:00,1008.0
20260917,180000,72W,41,2026,9,17,18,17.3,138.9,100500.0,2026-09-17 18:00:00,2026-09-17 18:00:00,1005.0
20260917,180000,72W,41,2026,9,17,18,16.7,138.9,100700.0,2026-09-17 18:00:00,2026-09-17 18:00:00,1007.0
20260917,180000,72W,41,2026,9,17,18,17.3,138.9,100400.0,2026-09-17 18:00:00,2026-09-17 18:00:00,1004.0
20260917,180000,72W,41,2026,9,17,18,17.0,138.6,100600.0,2026-09-17 18:00:00,2026-09-17 18:00:00,1006.0
20260917,180000,72W,41,2026,9,17,18,17.6,137.8,100400.0,2026-09-17 18:00:00,2026-09-17 18:00:00,1004.0
20260917,180000,72W,41,2026,9,17,18,18.1,137.20000000000002,100300.0,2026-09-17 18:00:00,2026-09-17 18:00:00,1003.0
20260917,180000,72W,41,2026,9,17,18,18.1,136.1,100400.0,2026-09-17 18:00:00,2026-09-17 18:00:00,1004.0
20260917,180000,72W,41,2026,9,17,18,17.6,136.1,100100.0,2026-09-17 18:00:00,2026-09-17 18:00:00,1001.0
20260917,180000,72W,41,2026,9,17,18,16.4,134.1,100000.0,2026-09-17 18:00:00,2026-09-17 18:00:00,1000.0
20260917,180000,72W,42,2026,9,17,18,9.700000000000001,147.3,100800.0,2026-09-17 18:00:00,2026-09-17 18:00:00,1008.0
20260917,180000,72W,42,2026,9,17,18,10.0,145.4,100800.0,2026-09-17 18:00:00,2026-09-17 18:00:00,1008.0
20260917,180000,72W,42,2026,9,17,18,12.200000000000001,144.20000000000002,100900.0,2026-09-17 18:00:00,2026-09-17 18:00:00,1009.0
20260917,180000,72W,42,2026,9,17,18,12.5,142.5,101000.0,2026-09-17 18:00:00,2026-09-17 18:00:00,1010.0
20260917,180000,72W,42,2026,9,17,18,12.5,142.3,100700.0,2026-09-17 18:00:00,2026-09-17 18:00:00,1007.0
20260917,180000,72W,42,2026,9,17,18,12.200000000000001,141.4,100900.0,2026-09-17 18:00:00,2026-09-17 18:00:00,1009.0
20260917,180000,72W,44,2026,9,17,18,12.5,169.8,101000.0,2026-09-17 18:00:00,2026-09-17 18:00:00,1010.0
20260917,180000,72W,44,2026,9,17,18,13.9,170.70000000000002,100800.0,2026-09-17 18:00:00,2026-09-17 18:00:00,1008.0
20260917,180000,72W,44,2026,9,17,18,13.9,170.70000000000002,100600.0,2026-09-17 18:00:00,2026-09-17 18:00:00,1006.0
20260917,180000,72W,44,2026,9,17,18,13.9,170.70000000000002,100600.0,2026-09-17 18:00:00,2026-09-17 18:00:00,1006.0
20260917,180000,72W,44,2026,9,17,18,13.8,169.8,100500.0,2026-09-17 18:00:00,2026-09-17 18:00:00,1005.0
20260917,180000,72W,44,2026,9,17,18,13.9,170.70000000000002,100400.0,2026-09-17 18:00:00,2026-09-17 18:00:00,1004.0
20260917,180000,72W,44,2026,9,17,18,15.0,170.70000000000002,100400.0,2026-09-17 18:00:00,2026-09-17 18:00:00,1004.0
20260917,180000,72W,44,2026,9,17,18,15.3,171.0,100300.0,2026-09-17 18:00:00,2026-09-17 18:00:00,1003.0
20260917,180000,72W,44,2026,9,17,18,16.4,171.20000000000002,100500.0,2026-09-17 18:00:00,2026-09-17 18:00:00,1005.0
20260917,180000,72W,44,2026,9,17,18,17.6,171.20000000000002,100300.0,2026-09-17 18:00:00,2026-09-17 18:00:00,1003.0
20260917,180000,72W,44,2026,9,17,18,18.400000000000002,170.1,100500.0,2026-09-17 18:00:00,2026-09-17 18:00:00,1005.0
20260917,180000,72W,44,2026,9,17,18,19.0,169.5,100400.0,2026-09-17 18:00:00,2026-09-17 18:00:00,1004.0
20260917,180000,72W,44,2026,9,17,18,20.1,169.5,100200.0,2026-09-17 18:00:00,2026-09-17 18:00:00,1002.0
20260917,180000,72W,44,2026,9,17,18,20.7,168.70000000000002,99700.0,2026-09-17 18:00:00,2026-09-17 18:00:00,997.0
20260917,180000,72W,44,2026,9,17,18,21.2,167.0,99700.0,2026-09-17 18:00:00,2026-09-17 18:00:00,997.0
20260917,180000,72W,44,2026,9,17,18,21.2,165.9,99600.0,2026-09-17 18:00:00,2026-09-17 18:00:00,996.0
20260917,180000,72W,44,2026,9,17,18,21.2,165.0,99400.0,2026-09-17 18:00:00,2026-09-17 18:00:00,994.0
20260917,180000,72W,44,2026,9,17,18,21.5,164.20000000000002,98900.0,2026-09-17 18:00:00,2026-09-17 18:00:00,989.0
20260917,180000,72W,44,2026,9,17,18,21.5,162.8,99000.0,2026-09-17 18:00:00,2026-09-17 18:00:00,990.0
20260917,180000,72W,44,2026,9,17,18,21.5,161.4,98900.0,2026-09-17 18:00:00,2026-09-17 18:00:00,989.0
20260917,180000,72W,44,2026,9,17,18,21.8,160.5,99400.0,2026-09-17 18:00:00,2026-09-17 18:00:00,994.0
20260917,180000,72W,44,2026,9,17,18,21.8,159.1,98700.0,2026-09-17 18:00:00,2026-09-17 18:00:00,987.0
20260917,180000,72W,44,2026,9,17,18,21.8,158.0,98900.0,2026-09-17 18:00:00,2026-09-17 18:00:00,989.0
20260917,180000,72W,44,2026,9,17,18,21.8,156.3,98700.0,2026-09-17 18:00:00,2026-09-17 18:00:00,987.0
20260917,180000,72W,44,2026,9,17,18,21.5,154.6,98700.0,2026-09-17 18:00:00,2026-09-17 18:00:00,987.0
20260917,180000,72W,44,2026,9,17,18,21.2,153.20000000000002,98700.0,2026-09-17 18:00:00,2026-09-17 18:00:00,987.0
20260917,180000,72W,44,2026,9,17,18,20.900000000000002,151.5,98800.0,2026-09-17 18:00:00,2026-09-17 18:00:00,988.0
20260917,180000,72W,44,2026,9,17,18,20.7,150.1,98900.0,2026-09-17 18:00:00,2026-09-17 18:00:00,989.0
20260917,180000,72W,44,2026,9,17,18,20.400000000000002,148.20000000000002,98600.0,2026-09-17 18:00:00,2026-09-17 18:00:00,986.0
20260917,180000,72W,44,2026,9,17,18,20.1,146.8,98600.0,2026-09-17 18:00:00,2026-09-17 18:00:00,986.0
20260917,180000,72W,44,2026,9,17,18,19.8,145.6,98700.0,2026-09-17 18:00:00,2026-09-17 18:00:00,987.0
20260917,180000,72W,44,2026,9,17,18,19.5,144.5,98800.0,2026-09-17 18:00:00,2026-09-17 18:00:00,988.0
20260917,180000,72W,44,2026,9,17,18,19.2,144.0,98900.0,2026-09-17 18:00:00,2026-09-17 18:00:00,989.0
20260917,180000,72W,44,2026,9,17,18,19.2,144.0,98700.0,2026-09-17 18:00:00,2026-09-17 18:00:00,987.0
20260917,180000,72W,44,2026,9,17,18,19.8,144.0,98800.0,2026-09-17 18:00:00,2026-09-17 18:00:00,988.0
20260917,180000,72W,44,2026,9,17,18,20.1,143.70000000000002,99100.0,2026-09-17 18:00:00,2026-09-17 18:00:00,991.0
20260917,180000,72W,45,2026,9,17,18,13.3,103.7,101000.0,2026-09-17 18:00:00,2026-09-17 18:00:00,1010.0
20260917,180000,72W,45,2026,9,17,18,13.4,103.5,101000.0,2026-09-17 18:00:00,2026-09-17 18:00:00,1010.0
20260917,180000,72W,45,2026,9,17,18,13.3,103.2,101000.0,2026-09-17 18:00:00,2026-09-17 18:00:00,1010.0
20260917,180000,72W,45,2026,9,17,18,13.3,103.2,100900.0,2026-09-17 18:00:00,2026-09-17 18:00:00,1009.0
20260917,180000,72W,45,2026,9,17,18,13.3,103.60000000000001,100900.0,2026-09-17 18:00:00,2026-09-17 18:00:00,1009.0
20260917,180000,72W,45,2026,9,17,18,13.3,103.7,101000.0,2026-09-17 18:00:00,2026-09-17 18:00:00,1010.0
20260917,180000,72W,45,2026,9,17,18,11.4,102.3,100900.0,2026-09-17 18:00:00,2026-09-17 18:00:00,1009.0
20260917,180000,72W,45,2026,9,17,18,11.9,102.60000000000001,100800.0,2026-09-17 18:00:00,2026-09-17 18:00:00,1008.0
20260917,180000,72W,45,2026,9,17,18,11.1,103.7,100800.0,2026-09-17 18:00:00,2026-09-17 18:00:00,1008.0
20260917,180000,72W,45,2026,9,17,18,10.8,103.5,100800.0,2026-09-17 18:00:00,2026-09-17 18:00:00,1008.0
20260917,180000,72W,45,2026,9,17,18,11.9,102.60000000000001,100700.0,2026-09-17 18:00:00,2026-09-17 18:00:00,1007.0
20260917,180000,72W,45,2026,9,17,18,12.5,102.3,100700.0,2026-09-17 18:00:00,2026-09-17 18:00:00,1007.0
20260917,180000,72W,45,2026,9,17,18,12.5,101.2,100600.0,2026-09-17 18:00:00,2026-09-17 18:00:00,1006.0
20260917,180000,72W,45,2026,9,17,18,12.5,101.2,100700.0,2026-09-17 18:00:00,2026-09-17 18:00:00,1007.0
20260917,180000,72W,45,2026,9,17,18,12.8,100.4,100700.0,2026-09-17 18:00:00,2026-09-17 18:00:00,1007.0
20260917,180000,72W,45,2026,9,17,18,13.0,100.10000000000001,100600.0,2026-09-17 18:00:00,2026-09-17 18:00:00,1006.0
20260917,180000,72W,45,2026,9,17,18,13.0,100.10000000000001,100800.0,2026-09-17 18:00:00,2026-09-17 18:00:00,1008.0
20260917,180000,72W,45,2026,9,17,18,13.3,98.4,100800.0,2026-09-17 18:00:00,2026-09-17 18:00:00,1008.0
20260917,180000,72W,45,2026,9,17,18,13.3,97.8,100800.0,2026-09-17 18:00:00,2026-09-17 18:00:00,1008.0
20260917,180000,72W,45,2026,9,17,18,13.3,97.3,100600.0,2026-09-17 18:00:00,2026-09-17 18:00:00,1006.0
20260917,180000,72W,45,2026,9,17,18,13.9,96.4,100400.0,2026-09-17 18:00:00,2026-09-17 18:00:00,1004.0
20260917,180000,72W,45,2026,9,17,18,14.5,95.9,100500.0,2026-09-17 18:00:00,2026-09-17 18:00:00,1005.0
20260917,180000,72W,45,2026,9,17,18,14.5,95.0,100200.0,2026-09-17 18:00:00,2026-09-17 18:00:00,1002.0
20260917,180000,72W,45,2026,9,17,18,15.6,94.2,100300.0,2026-09-17 18:00:00,2026-09-17 18:00:00,1003.0
20260917,180000,72W,45,2026,9,17,18,15.9,92.8,100100.0,2026-09-17 18:00:00,2026-09-17 18:00:00,1001.0
20260917,180000,72W,45,2026,9,17,18,16.4,92.2,100300.0,2026-09-17 18:00:00,2026-09-17 18:00:00,1003.0
20260917,180000,72W,45,2026,9,17,18,17.0,91.4,100200.0,2026-09-17 18:00:00,2026-09-17 18:00:00,1002.0
20260917,180000,72W,45,2026,9,17,18,17.8,90.5,100200.0,2026-09-17 18:00:00,2026-09-17 18:00:00,1002.0
20260917,180000,72W,45,2026,9,17,18,19.0,89.7,100100.0,2026-09-17 18:00:00,2026-09-17 18:00:00,1001.0
20260917,180000,72W,45,2026,9,17,18,19.2,88.5,100100.0,2026-09-17 18:00:00,2026-09-17 18:00:00,1001.0
20260917,180000,72W,46,2026,9,17,18,10.0,152.4,100800.0,2026-09-17 18:00:00,2026-09-17 18:00:00,1008.0
20260917,180000,72W,46,2026,9,17,18,10.5,153.8,100900.0,2026-09-17 18:00:00,2026-09-17 18:00:00,1009.0
20260917,180000,72W,46,2026,9,17,18,11.9,154.9,100700.0,2026-09-17 18:00:00,2026-09-17 18:00:00,1007.0
20260917,180000,72W,46,2026,9,17,18,12.8,154.6,100800.0,2026-09-17 18:00:00,2026-09-17 18:00:00,1008.0
20260917,180000,72W,46,2026,9,17,18,13.9,154.6,100800.0,2026-09-17 18:00:00,2026-09-17 18:00:00,1008.0
20260917,180000,72W,46,2026,9,17,18,14.6,153.1,101100.0,2026-09-17 18:00:00,2026-09-17 18:00:00,1011.0
20260917,180000,72W,46,2026,9,17,18,17.3,152.1,100900.0,2026-09-17 18:00:00,2026-09-17 18:00:00,1009.0
20260917,180000,72W,46,2026,9,17,18,17.3,149.9,101000.0,2026-09-17 18:00:00,2026-09-17 18:00:00,1010.0
20260917,180000,72W,46,2026,9,17,18,17.8,149.0,100700.0,2026-09-17 18:00:00,2026-09-17 18:00:00,1007.0
20260917,180000,72W,46,2026,9,17,18,18.1,147.3,100800.0,2026-09-17 18:00:00,2026-09-17 18:00:00,1008.0
20260917,180000,72W,46,2026,9,17,18,19.0,145.9,100400.0,2026-09-17 18:00:00,2026-09-17 18:00:00,1004.0
20260917,180000,72W,46,2026,9,17,18,19.3,145.0,100400.0,2026-09-17 18:00:00,2026-09-17 18:00:00,1004.0
20260917,180000,72W,46,2026,9,17,18,20.1,143.70000000000002,100200.0,2026-09-17 18:00:00,2026-09-17 18:00:00,1002.0
20260917,180000,72W,46,2026,9,17,18,20.5,142.8,100200.0,2026-09-17 18:00:00,2026-09-17 18:00:00,1002.0
20260917,180000,72W,46,2026,9,17,18,20.900000000000002,141.4,99800.0,2026-09-17 18:00:00,2026-09-17 18:00:00,998.0
20260917,180000,72W,46,2026,9,17,18,20.1,140.9,99900.0,2026-09-17 18:00:00,2026-09-17 18:00:00,999.0
20260917,180000,72W,46,2026,9,17,18,20.900000000000002,140.3,99400.0,2026-09-17 18:00:00,2026-09-17 18:00:00,994.0
20260917,180000,72W,46,2026,9,17,18,20.900000000000002,139.20000000000002,99500.0,2026-09-17 18:00:00,2026-09-17 18:00:00,995.0
20260917,180000,72W,46,2026,9,17,18,21.2,138.6,98900.0,2026-09-17 18:00:00,2026-09-17 18:00:00,989.0
20260917,180000,72W,46,2026,9,17,18,21.5,138.0,98900.0,2026-09-17 18:00:00,2026-09-17 18:00:00,989.0
20260917,180000,72W,46,2026,9,17,18,21.2,137.5,98200.0,2026-09-17 18:00:00,2026-09-17 18:00:00,982.0
20260917,180000,72W,46,2026,9,17,18,21.5,137.5,98200.0,2026-09-17 18:00:00,2026-09-17 18:00:00,982.0
20260917,180000,72W,46,2026,9,17,18,21.8,136.9,97800.0,2026-09-17 18:00:00,2026-09-17 18:00:00,978.0
20260917,180000,72W,47,2026,9,17,18,14.5,147.0,101000.0,2026-09-17 18:00:00,2026-09-17 18:00:00,1010.0
20260917,180000,72W,47,2026,9,17,18,13.6,145.1,100800.0,2026-09-17 18:00:00,2026-09-17 18:00:00,1008.0
20260917,180000,72W,47,2026,9,17,18,13.6,145.1,100800.0,2026-09-17 18:00:00,2026-09-17 18:00:00,1008.0
20260917,180000,72W,47,2026,9,17,18,13.9,145.4,100800.0,2026-09-17 18:00:00,2026-09-17 18:00:00,1008.0
20260917,180000,72W,47,2026,9,17,18,14.5,145.9,100600.0,2026-09-17 18:00:00,2026-09-17 18:00:00,1006.0
20260917,180000,72W,47,2026,9,17,18,15.9,145.9,100700.0,2026-09-17 18:00:00,2026-09-17 18:00:00,1007.0
20260917,180000,72W,47,2026,9,17,18,16.4,146.20000000000002,100400.0,2026-09-17 18:00:00,2026-09-17 18:00:00,1004.0
20260917,180000,72W,47,2026,9,17,18,17.3,145.9,100500.0,2026-09-17 18:00:00,2026-09-17 18:00:00,1005.0
20260917,180000,72W,47,2026,9,17,18,17.6,145.4,100100.0,2026-09-17 18:00:00,2026-09-17 18:00:00,1001.0
20260917,180000,72W,47,2026,9,17,18,17.8,145.4,100100.0,2026-09-17 18:00:00,2026-09-17 18:00:00,1001.0
20260917,180000,72W,47,2026,9,17,18,18.1,146.20000000000002,99700.0,2026-09-17 18:00:00,2026-09-17 18:00:00,997.0
20260917,180000,72W,47,2026,9,17,18,18.1,146.8,99700.0,2026-09-17 18:00:00,2026-09-17 18:00:00,997.0
20260917,180000,72W,47,2026,9,17,18,18.7,147.3,99100.0,2026-09-17 18:00:00,2026-09-17 18:00:00,991.0
20260917,180000,72W,47,2026,9,17,18,18.7,147.6,98800.0,2026-09-17 18:00:00,2026-09-17 18:00:00,988.0
20260917,180000,72W,47,2026,9,17,18,19.0,148.5,98300.0,2026-09-17 18:00:00,2026-09-17 18:00:00,983.0
20260917,180000,72W,47,2026,9,17,18,19.2,147.6,98000.0,2026-09-17 18:00:00,2026-09-17 18:00:00,980.0
20260917,180000,72W,47,2026,9,17,18,19.2,147.6,97800.0,2026-09-17 18:00:00,2026-09-17 18:00:00,978.0
20260917,180000,72W,48,2026,9,17,18,9.8,108.0,101100.0,2026-09-17 18:00:00,2026-09-17 18:00:00,1011.0
20260917,180000,72W,48,2026,9,17,18,11.4,107.4,100900.0,2026-09-17 18:00:00,2026-09-17 18:00:00,1009.0
20260917,180000,72W,48,2026,9,17,18,13.3,106.8,101000.0,2026-09-17 18:00:00,2026-09-17 18:00:00,1010.0
20260917,180000,72W,48,2026,9,17,18,10.8,106.8,100800.0,2026-09-17 18:00:00,2026-09-17 18:00:00,1008.0
20260917,180000,72W,48,2026,9,17,18,10.8,106.0,100900.0,2026-09-17 18:00:00,2026-09-17 18:00:00,1009.0
20260917,180000,72W,48,2026,9,17,18,9.9,103.60000000000001,101000.0,2026-09-17 18:00:00,2026-09-17 18:00:00,1010.0
20260917,180000,72W,48,2026,9,17,18,10.0,102.0,101000.0,2026-09-17 18:00:00,2026-09-17 18:00:00,1010.0
20260917,180000,72W,48,2026,9,17,18,10.8,103.7,100900.0,2026-09-17 18:00:00,2026-09-17 18:00:00,1009.0
20260917,180000,72W,48,2026,9,17,18,9.4,102.3,100900.0,2026-09-17 18:00:00,2026-09-17 18:00:00,1009.0
20260917,180000,72W,48,2026,9,17,18,8.8,101.8,100900.0,2026-09-17 18:00:00,2026-09-17 18:00:00,1009.0
20260917,180000,72W,48,2026,9,17,18,10.5,103.5,100900.0,2026-09-17 18:00:00,2026-09-17 18:00:00,1009.0
20260917,180000,72W,48,2026,9,17,18,9.8,103.4,100800.0,2026-09-17 18:00:00,2026-09-17 18:00:00,1008.0
20260917,180000,72W,48,2026,9,17,18,10.0,102.3,100900.0,2026-09-17 18:00:00,2026-09-17 18:00:00,1009.0
20260917,180000,72W,48,2026,9,17,18,11.1,101.5,100800.0,2026-09-17 18:00:00,2026-09-17 18:00:00,1008.0
20260917,180000,72W,48,2026,9,17,18,11.9,100.10000000000001,100700.0,2026-09-17 18:00:00,2026-09-17 18:00:00,1007.0
20260917,180000,72W,48,2026,9,17,18,11.9,98.10000000000001,100700.0,2026-09-17 18:00:00,2026-09-17 18:00:00,1007.0
20260917,180000,72W,48,2026,9,17,18,11.9,96.7,100500.0,2026-09-17 18:00:00,2026-09-17 18:00:00,1005.0
20260917,180000,72W,48,2026,9,17,18,12.200000000000001,97.0,100400.0,2026-09-17 18:00:00,2026-09-17 18:00:00,1004.0
20260917,180000,72W,48,2026,9,17,18,12.5,96.7,100200.0,2026-09-17 18:00:00,2026-09-17 18:00:00,1002.0
20260917,180000,72W,48,2026,9,17,18,13.0,95.60000000000001,100300.0,2026-09-17 18:00:00,2026-09-17 18:00:00,1003.0
20260917,180000,72W,48,2026,9,17,18,13.3,94.2,100000.0,2026-09-17 18:00:00,2026-09-17 18:00:00,1000.0
20260917,180000,72W,48,2026,9,17,18,13.9,94.2,99900.0,2026-09-17 18:00:00,2026-09-17 18:00:00,999.0
20260917,180000,72W,48,2026,9,17,18,14.5,93.60000000000001,99800.0,2026-09-17 18:00:00,2026-09-17 18:00:00,998.0
20260917,180000,72W,48,2026,9,17,18,14.700000000000001,93.0,99900.0,2026-09-17 18:00:00,2026-09-17 18:00:00,999.0
20260917,180000,72W,48,2026,9,17,18,15.3,92.5,99700.0,2026-09-17 18:00:00,2026-09-17 18:00:00,997.0
20260917,180000,72W,48,2026,9,17,18,15.3,91.4,99800.0,2026-09-17 18:00:00,2026-09-17 18:00:00,998.0
20260917,180000,72W,48,2026,9,17,18,16.1,91.10000000000001,99800.0,2026-09-17 18:00:00,2026-09-17 18:00:00,998.0
20260917,180000,72W,48,2026,9,17,18,16.7,90.0,99900.0,2026-09-17 18:00:00,2026-09-17 18:00:00,999.0
20260917,180000,72W,48,2026,9,17,18,17.0,88.8,99800.0,2026-09-17 18:00:00,2026-09-17 18:00:00,998.0
20260917,180000,72W,49,2026,9,17,18,14.4,160.1,100600.0,2026-09-17 18:00:00,2026-09-17 18:00:00,1006.0
20260917,180000,72W,49,2026,9,17,18,14.700000000000001,160.5,100800.0,2026-09-17 18:00:00,2026-09-17 18:00:00,1008.0
20260917,180000,72W,49,2026,9,17,18,15.9,161.1,100800.0,2026-09-17 18:00:00,2026-09-17 18:00:00,1008.0
20260917,180000,72W,49,2026,9,17,18,17.0,160.8,101000.0,2026-09-17 18:00:00,2026-09-17 18:00:00,1010.0
20260917,180000,72W,49,2026,9,17,18,14.700000000000001,160.5,100700.0,2026-09-17 18:00:00,2026-09-17 18:00:00,1007.0
20260917,180000,72W,49,2026,9,17,18,15.3,161.1,100800.0,2026-09-17 18:00:00,2026-09-17 18:00:00,1008.0
20260917,180000,72W,49,2026,9,17,18,15.3,161.4,100500.0,2026-09-17 18:00:00,2026-09-17 18:00:00,1005.0
20260917,180000,72W,49,2026,9,17,18,15.6,160.8,100700.0,2026-09-17 18:00:00,2026-09-17 18:00:00,1007.0
20260917,180000,72W,49,2026,9,17,18,15.0,161.4,100400.0,2026-09-17 18:00:00,2026-09-17 18:00:00,1004.0
20260917,180000,72W,49,2026,9,17,18,15.6,161.70000000000002,100500.0,2026-09-17 18:00:00,2026-09-17 18:00:00,1005.0
20260917,180000,72W,49,2026,9,17,18,16.4,161.1,100100.0,2026-09-17 18:00:00,2026-09-17 18:00:00,1001.0
20260917,180000,72W,49,2026,9,17,18,15.6,159.70000000000002,100200.0,2026-09-17 18:00:00,2026-09-17 18:00:00,1002.0
20260917,180000,72W,49,2026,9,17,18,14.700000000000001,160.0,99900.0,2026-09-17 18:00:00,2026-09-17 18:00:00,999.0
20260917,180000,72W,49,2026,9,17,18,15.0,159.4,99900.0,2026-09-17 18:00:00,2026-09-17 18:00:00,999.0
20260917,180000,72W,49,2026,9,17,18,15.5,159.5,99600.0,2026-09-17 18:00:00,2026-09-17 18:00:00,996.0
20260917,180000,72W,49,2026,9,17,18,16.7,159.1,99500.0,2026-09-17 18:00:00,2026-09-17 18:00:00,995.0
20260917,180000,72W,49,2026,9,17,18,17.3,159.1,99000.0,2026-09-17 18:00:00,2026-09-17 18:00:00,990.0
20260917,180000,72W,49,2026,9,17,18,18.1,159.4,98900.0,2026-09-17 18:00:00,2026-09-17 18:00:00,989.0
20260917,180000,72W,49,2026,9,17,18,18.7,158.9,98200.0,2026-09-17 18:00:00,2026-09-17 18:00:00,982.0
20260917,180000,72W,49,2026,9,17,18,19.8,158.0,97900.0,2026-09-17 18:00:00,2026-09-17 18:00:00,979.0
20260917,180000,72W,49,2026,9,17,18,20.400000000000002,157.20000000000002,97500.0,2026-09-17 18:00:00,2026-09-17 18:00:00,975.0
20260917,180000,72W,49,2026,9,17,18,21.0,156.3,97300.0,2026-09-17 18:00:00,2026-09-17 18:00:00,973.0
20260917,180000,72W,49,2026,9,17,18,22.1,155.5,96900.0,2026-09-17 18:00:00,2026-09-17 18:00:00,969.0
20260917,180000,72W,49,2026,9,17,18,22.3,154.1,96400.0,2026-09-17 18:00:00,2026-09-17 18:00:00,964.0
20260917,180000,72W,49,2026,9,17,18,22.900000000000002,153.0,96100.0,2026-09-17 18:00:00,2026-09-17 18:00:00,961.0
20260917,180000,72W,50,2026,9,17,18,10.200000000000001,115.0,100800.0,2026-09-17 18:00:00,2026-09-17 18:00:00,1008.0
20260917,180000,72W,50,2026,9,17,18,10.8,115.8,100900.0,2026-09-17 18:00:00,2026-09-17 18:00:00,1009.0
20260917,180000,72W,50,2026,9,17,18,11.9,113.9,101100.0,2026-09-17 18:00:00,2026-09-17 18:00:00,1011.0
20260917,180000,72W,50,2026,9,17,18,11.1,111.9,101100.0,2026-09-17 18:00:00,2026-09-17 18:00:00,1011.0
20260917,180000,72W,50,2026,9,17,18,11.6,109.60000000000001,101200.0,2026-09-17 18:00:00,2026-09-17 18:00:00,1012.0
20260917,180000,72W,50,2026,9,17,18,11.1,106.0,101100.0,2026-09-17 18:00:00,2026-09-17 18:00:00,1011.0
20260917,180000,72W,50,2026,9,17,18,13.0,107.10000000000001,100700.0,2026-09-17 18:00:00,2026-09-17 18:00:00,1007.0
20260917,180000,72W,50,2026,9,17,18,11.4,106.0,100800.0,2026-09-17 18:00:00,2026-09-17 18:00:00,1008.0
20260917,180000,72W,50,2026,9,17,18,12.5,106.0,100900.0,2026-09-17 18:00:00,2026-09-17 18:00:00,1009.0
20260917,180000,72W,50,2026,9,17,18,12.8,106.0,100900.0,2026-09-17 18:00:00,2026-09-17 18:00:00,1009.0
20260917,180000,72W,50,2026,9,17,18,13.3,104.0,100700.0,2026-09-17 18:00:00,2026-09-17 18:00:00,1007.0
20260917,180000,72W,50,2026,9,17,18,13.9,103.5,100800.0,2026-09-17 18:00:00,2026-09-17 18:00:00,1008.0
20260917,180000,72W,51,2026,9,17,18,9.1,165.9,100900.0,2026-09-17 18:00:00,2026-09-17 18:00:00,1009.0
20260917,180000,72W,51,2026,9,17,18,9.700000000000001,167.6,100700.0,2026-09-17 18:00:00,2026-09-17 18:00:00,1007.0
20260917,180000,72W,52,2026,9,17,18,13.3,133.8,101100.0,2026-09-17 18:00:00,2026-09-17 18:00:00,1011.0
20260917,180000,72W,52,2026,9,17,18,15.0,133.3,100900.0,2026-09-17 18:00:00,2026-09-17 18:00:00,1009.0
20260917,180000,72W,52,2026,9,17,18,15.0,131.7,101100.0,2026-09-17 18:00:00,2026-09-17 18:00:00,1011.0
20260917,180000,72W,52,2026,9,17,18,15.3,130.5,100800.0,2026-09-17 18:00:00,2026-09-17 18:00:00,1008.0
20260917,180000,72W,52,2026,9,17,18,15.6,129.3,100900.0,2026-09-17 18:00:00,2026-09-17 18:00:00,1009.0
20260917,180000,72W,52,2026,9,17,18,15.9,127.9,100800.0,2026-09-17 18:00:00,2026-09-17 18:00:00,1008.0
20260917,180000,72W,52,2026,9,17,18,16.1,127.10000000000001,100800.0,2026-09-17 18:00:00,2026-09-17 18:00:00,1008.0
20260917,180000,72W,52,2026,9,17,18,16.1,126.2,100500.0,2026-09-17 18:00:00,2026-09-17 18:00:00,1005.0
20260917,180000,72W,52,2026,9,17,18,16.4,125.4,100600.0,2026-09-17 18:00:00,2026-09-17 18:00:00,1006.0
20260917,180000,72W,52,2026,9,17,18,16.7,124.3,100400.0,2026-09-17 18:00:00,2026-09-17 18:00:00,1004.0
20260917,180000,72W,52,2026,9,17,18,16.7,123.7,100500.0,2026-09-17 18:00:00,2026-09-17 18:00:00,1005.0
20260917,180000,72W,52,2026,9,17,18,17.3,122.9,100300.0,2026-09-17 18:00:00,2026-09-17 18:00:00,1003.0
20260917,180000,72W,52,2026,9,17,18,17.8,121.7,100500.0,2026-09-17 18:00:00,2026-09-17 18:00:00,1005.0
20260917,180000,72W,52,2026,9,17,18,18.1,120.60000000000001,100300.0,2026-09-17 18:00:00,2026-09-17 18:00:00,1003.0
20260917,180000,72W,52,2026,9,17,18,17.8,119.2,100400.0,2026-09-17 18:00:00,2026-09-17 18:00:00,1004.0
20260917,180000,72W,52,2026,9,17,18,17.8,118.60000000000001,100100.0,2026-09-17 18:00:00,2026-09-17 18:00:00,1001.0
20260917,180000,72W,52,2026,9,17,18,17.8,117.8,100100.0,2026-09-17 18:00:00,2026-09-17 18:00:00,1001.0
20260917,180000,72W,52,2026,9,17,18,18.1,117.0,99800.0,2026-09-17 18:00:00,2026-09-17 18:00:00,998.0
20260917,180000,72W,52,2026,9,17,18,18.400000000000002,116.10000000000001,99600.0,2026-09-17 18:00:00,2026-09-17 18:00:00,996.0
20260917,180000,72W,52,2026,9,17,18,18.7,115.3,99200.0,2026-09-17 18:00:00,2026-09-17 18:00:00,992.0
20260917,180000,72W,52,2026,9,17,18,19.0,114.10000000000001,99000.0,2026-09-17 18:00:00,2026-09-17 18:00:00,990.0
20260917,180000,72W,52,2026,9,17,18,19.2,113.3,98900.0,2026-09-17 18:00:00,2026-09-17 18:00:00,989.0
20260917,180000,72W,52,2026,9,17,18,19.2,112.2,98600.0,2026-09-17 18:00:00,2026-09-17 18:00:00,986.0
20260917,180000,72W,52,2026,9,17,18,19.5,111.0,98200.0,2026-09-17 18:00:00,2026-09-17 18:00:00,982.0
20260917,180000,72W,52,2026,9,17,18,19.8,109.60000000000001,98700.0,2026-09-17 18:00:00,2026-09-17 18:00:00,987.0
20260917,180000,72W,52,2026,9,17,18,20.1,108.5,98800.0,2026-09-17 18:00:00,2026-09-17 18:00:00,988.0
20260917,180000,72W,52,2026,9,17,18,20.400000000000002,107.7,99200.0,2026-09-17 18:00:00,2026-09-17 18:00:00,992.0
20260917,180000,72W,52,2026,9,17,18,20.7,106.5,99400.0,2026-09-17 18:00:00,2026-09-17 18:00:00,994.0
20260917,180000,72W,52,2026,9,17,18,20.900000000000002,105.7,100300.0,2026-09-17 18:00:00,2026-09-17 18:00:00,1003.0
20260917,180000,72W,52,2026,9,17,18,21.5,105.10000000000001,100800.0,2026-09-17 18:00:00,2026-09-17 18:00:00,1008.0
20260917,180000,72W,52,2026,9,17,18,21.5,105.10000000000001,101000.0,2026-09-17 18:00:00,2026-09-17 18:00:00,1010.0
20260917,180000,73W,3,2026,9,17,18,13.6,163.6,100900.0,2026-09-17 18:00:00,2026-09-17 18:00:00,1009.0
20260917,180000,73W,3,2026,9,17,18,14.700000000000001,165.3,101000.0,2026-09-17 18:00:00,2026-09-17 18:00:00,1010.0
20260917,180000,73W,3,2026,9,17,18,15.6,163.6,100800.0,2026-09-17 18:00:00,2026-09-17 18:00:00,1008.0
20260917,180000,73W,3,2026,9,17,18,17.0,161.5,100800.0,2026-09-17 18:00:00,2026-09-17 18:00:00,1008.0
20260917,180000,73W,3,2026,9,17,18,16.1,160.5,100900.0,2026-09-17 18:00:00,2026-09-17 18:00:00,1009.0
20260917,180000,73W,3,2026,9,17,18,15.0,159.1,100700.0,2026-09-17 18:00:00,2026-09-17 18:00:00,1007.0
20260917,180000,73W,3,2026,9,17,18,16.4,159.70000000000002,100900.0,2026-09-17 18:00:00,2026-09-17 18:00:00,1009.0
20260917,180000,73W,3,2026,9,17,18,17.3,157.70000000000002,100700.0,2026-09-17 18:00:00,2026-09-17 18:00:00,1007.0
20260917,180000,73W,3,2026,9,17,18,17.8,156.3,100800.0,2026-09-17 18:00:00,2026-09-17 18:00:00,1008.0
20260917,180000,73W,3,2026,9,17,18,16.9,154.6,100600.0,2026-09-17 18:00:00,2026-09-17 18:00:00,1006.0
20260917,180000,73W,3,2026,9,17,18,17.8,154.6,100800.0,2026-09-17 18:00:00,2026-09-17 18:00:00,1008.0
20260917,180000,73W,3,2026,9,17,18,20.7,153.70000000000002,100900.0,2026-09-17 18:00:00,2026-09-17 18:00:00,1009.0
20260917,180000,73W,3,2026,9,17,18,20.900000000000002,153.0,100700.0,2026-09-17 18:00:00,2026-09-17 18:00:00,1007.0
20260917,180000,73W,3,2026,9,17,18,22.900000000000002,151.5,101000.0,2026-09-17 18:00:00,2026-09-17 18:00:00,1010.0
20260917,180000,73W,3,2026,9,17,18,22.6,151.5,100800.0,2026-09-17 18:00:00,2026-09-17 18:00:00,1008.0
20260917,180000,73W,3,2026,9,17,18,24.900000000000002,150.70000000000002,101000.0,2026-09-17 18:00:00,2026-09-17 18:00:00,1010.0
20260917,180000,73W,3,2026,9,17,18,25.2,150.4,100800.0,2026-09-17 18:00:00,2026-09-17 18:00:00,1008.0
20260917,180000,73W,3,2026,9,17,18,24.6,148.70000000000002,101000.0,2026-09-17 18:00:00,2026-09-17 18:00:00,1010.0
20260917,180000,73W,4,2026,9,17,18,15.3,163.4,100800.0,2026-09-17 18:00:00,2026-09-17 18:00:00,1008.0
20260917,180000,73W,4,2026,9,17,18,15.0,165.1,100600.0,2026-09-17 18:00:00,2026-09-17 18:00:00,1006.0
20260917,180000,73W,4,2026,9,17,18,15.9,165.6,100800.0,2026-09-17 18:00:00,2026-09-17 18:00:00,1008.0
20260917,180000,73W,4,2026,9,17,18,16.1,166.20000000000002,100600.0,2026-09-17 18:00:00,2026-09-17 18:00:00,1006.0
20260917,180000,73W,4,2026,9,17,18,16.7,165.3,100800.0,2026-09-17 18:00:00,2026-09-17 18:00:00,1008.0
20260917,180000,73W,4,2026,9,17,18,17.8,164.8,100700.0,2026-09-17 18:00:00,2026-09-17 18:00:00,1007.0
20260917,180000,73W,4,2026,9,17,18,18.1,164.5,100700.0,2026-09-17 18:00:00,2026-09-17 18:00:00,1007.0
20260917,180000,73W,4,2026,9,17,18,18.400000000000002,162.5,100600.0,2026-09-17 18:00:00,2026-09-17 18:00:00,1006.0
20260917,180000,73W,4,2026,9,17,18,19.0,162.8,100800.0,2026-09-17 18:00:00,2026-09-17 18:00:00,1008.0
20260917,180000,73W,4,2026,9,17,18,18.400000000000002,160.8,100700.0,2026-09-17 18:00:00,2026-09-17 18:00:00,1007.0
20260917,180000,73W,4,2026,9,17,18,18.1,160.0,100800.0,2026-09-17 18:00:00,2026-09-17 18:00:00,1008.0
20260917,180000,73W,4,2026,9,17,18,17.3,159.1,100600.0,2026-09-17 18:00:00,2026-09-17 18:00:00,1006.0
20260917,180000,73W,4,2026,9,17,18,17.5,157.8,100800.0,2026-09-17 18:00:00,2026-09-17 18:00:00,1008.0
20260917,180000,73W,4,2026,9,17,18,17.3,156.9,100700.0,2026-09-17 18:00:00,2026-09-17 18:00:00,1007.0
20260917,180000,73W,4,2026,9,17,18,17.3,156.3,100900.0,2026-09-17 18:00:00,2026-09-17 18:00:00,1009.0
20260917,180000,73W,4,2026,9,17,18,17.0,156.0,100600.0,2026-09-17 18:00:00,2026-09-17 18:00:00,1006.0
20260917,180000,73W,4,2026,9,17,18,17.3,155.5,100700.0,2026-09-17 18:00:00,2026-09-17 18:00:00,1007.0
20260917,180000,73W,4,2026,9,17,18,18.1,153.20000000000002,100600.0,2026-09-17 18:00:00,2026-09-17 18:00:00,1006.0
20260917,180000,73W,4,2026,9,17,18,17.8,153.0,100800.0,2026-09-17 18:00:00,2026-09-17 18:00:00,1008.0
20260917,180000,73W,4,2026,9,17,18,17.6,151.8,100500.0,2026-09-17 18:00:00,2026-09-17 18:00:00,1005.0
20260917,180000,73W,4,2026,9,17,18,18.1,151.5,100800.0,2026-09-17 18:00:00,2026-09-17 18:00:00,1008.0
20260917,180000,73W,4,2026,9,17,18,17.6,150.6,100600.0,2026-09-17 18:00:00,2026-09-17 18:00:00,1006.0
20260917,180000,73W,4,2026,9,17,18,18.1,150.1,100700.0,2026-09-17 18:00:00,2026-09-17 18:00:00,1007.0
20260917,180000,73W,4,2026,9,17,18,18.1,150.1,100500.0,2026-09-17 18:00:00,2026-09-17 18:00:00,1005.0
20260917,180000,73W,4,2026,9,17,18,18.1,149.3,100600.0,2026-09-17 18:00:00,2026-09-17 18:00:00,1006.0
20260917,180000,73W,4,2026,9,17,18,18.1,149.3,100500.0,2026-09-17 18:00:00,2026-09-17 18:00:00,1005.0
20260917,180000,73W,4,2026,9,17,18,18.1,147.6,100700.0,2026-09-17 18:00:00,2026-09-17 18:00:00,1007.0
20260917,180000,73W,4,2026,9,17,18,17.6,147.9,100400.0,2026-09-17 18:00:00,2026-09-17 18:00:00,1004.0
20260917,180000,73W,4,2026,9,17,18,18.400000000000002,147.6,100600.0,2026-09-17 18:00:00,2026-09-17 18:00:00,1006.0
20260917,180000,73W,4,2026,9,17,18,17.6,148.20000000000002,100500.0,2026-09-17 18:00:00,2026-09-17 18:00:00,1005.0
20260917,180000,73W,5,2026,9,17,18,14.700000000000001,127.9,101000.0,2026-09-17 18:00:00,2026-09-17 18:00:00,1010.0
20260917,180000,73W,5,2026,9,17,18,14.5,127.10000000000001,100900.0,2026-09-17 18:00:00,2026-09-17 18:00:00,1009.0
20260917,180000,73W,5,2026,9,17,18,14.700000000000001,126.5,100700.0,2026-09-17 18:00:00,2026-09-17 18:00:00,1007.0
20260917,180000,73W,5,2026,9,17,18,15.9,125.10000000000001,100800.0,2026-09-17 18:00:00,2026-09-17 18:00:00,1008.0
20260917,180000,73W,5,2026,9,17,18,15.6,124.8,100600.0,2026-09-17 18:00:00,2026-09-17 18:00:00,1006.0
20260917,180000,73W,5,2026,9,17,18,16.7,125.10000000000001,100700.0,2026-09-17 18:00:00,2026-09-17 18:00:00,1007.0
20260917,180000,73W,5,2026,9,17,18,17.3,124.5,100400.0,2026-09-17 18:00:00,2026-09-17 18:00:00,1004.0
20260917,180000,73W,5,2026,9,17,18,17.3,123.7,100200.0,2026-09-17 18:00:00,2026-09-17 18:00:00,1002.0
20260917,180000,73W,5,2026,9,17,18,17.3,123.10000000000001,100000.0,2026-09-17 18:00:00,2026-09-17 18:00:00,1000.0
20260917,180000,73W,5,2026,9,17,18,17.8,122.60000000000001,99500.0,2026-09-17 18:00:00,2026-09-17 18:00:00,995.0
20260917,180000,73W,5,2026,9,17,18,18.1,121.7,99400.0,2026-09-17 18:00:00,2026-09-17 18:00:00,994.0
20260917,180000,73W,5,2026,9,17,18,18.400000000000002,120.60000000000001,99900.0,2026-09-17 18:00:00,2026-09-17 18:00:00,999.0
20260917,180000,73W,5,2026,9,17,18,18.1,120.0,99900.0,2026-09-17 18:00:00,2026-09-17 18:00:00,999.0
20260917,180000,73W,5,2026,9,17,18,18.7,118.9,99700.0,2026-09-17 18:00:00,2026-09-17 18:00:00,997.0
20260917,180000,73W,5,2026,9,17,18,18.400000000000002,117.8,99300.0,2026-09-17 18:00:00,2026-09-17 18:00:00,993.0
20260917,180000,73W,5,2026,9,17,18,18.7,117.2,98600.0,2026-09-17 18:00:00,2026-09-17 18:00:00,986.0
20260917,180000,73W,5,2026,9,17,18,18.7,116.4,98400.0,2026-09-17 18:00:00,2026-09-17 18:00:00,984.0
20260917,180000,73W,5,2026,9,17,18,19.0,115.5,98300.0,2026-09-17 18:00:00,2026-09-17 18:00:00,983.0
20260917,180000,73W,5,2026,9,17,18,19.2,115.0,97700.0,2026-09-17 18:00:00,2026-09-17 18:00:00,977.0
20260917,180000,73W,5,2026,9,17,18,19.2,114.4,98000.0,2026-09-17 18:00:00,2026-09-17 18:00:00,980.0
20260917,180000,73W,5,2026,9,17,18,19.5,113.60000000000001,97500.0,2026-09-17 18:00:00,2026-09-17 18:00:00,975.0
20260917,180000,73W,5,2026,9,17,18,19.8,113.3,97700.0,2026-09-17 18:00:00,2026-09-17 18:00:00,977.0
20260917,180000,73W,5,2026,9,17,18,20.1,112.5,97600.0,2026-09-17 18:00:00,2026-09-17 18:00:00,976.0
20260917,180000,73W,5,2026,9,17,18,20.400000000000002,112.5,97500.0,2026-09-17 18:00:00,2026-09-17 18:00:00,975.0
20260917,180000,73W,5,2026,9,17,18,21.2,111.9,98700.0,2026-09-17 18:00:00,2026-09-17 18:00:00,987.0
20260917,180000,73W,5,2026,9,17,18,21.8,111.3,99100.0,2026-09-17 18:00:00,2026-09-17 18:00:00,991.0
20260917,180000,73W,5,2026,9,17,18,22.1,111.0,99700.0,2026-09-17 18:00:00,2026-09-17 18:00:00,997.0
20260917,180000,73W,5,2026,9,17,18,22.6,111.2,100200.0,2026-09-17 18:00:00,2026-09-17 18:00:00,1002.0
20260917,180000,73W,5,2026,9,17,18,23.5,110.8,100400.0,2026-09-17 18:00:00,2026-09-17 18:00:00,1004.0
20260917,180000,73W,5,2026,9,17,18,24.900000000000002,110.5,100900.0,2026-09-17 18:00:00,2026-09-17 18:00:00,1009.0
20260917,180000,73W,5,2026,9,17,18,24.900000000000002,110.5,100800.0,2026-09-17 18:00:00,2026-09-17 18:00:00,1008.0
20260917,180000,73W,5,2026,9,17,18,26.3,111.60000000000001,101000.0,2026-09-17 18:00:00,2026-09-17 18:00:00,1010.0
20260917,180000,73W,5,2026,9,17,18,26.5,111.9,100900.0,2026-09-17 18:00:00,2026-09-17 18:00:00,1009.0
20260917,180000,73W,6,2026,9,17,18,13.6,163.4,100900.0,2026-09-17 18:00:00,2026-09-17 18:00:00,1009.0
20260917,180000,73W,6,2026,9,17,18,13.6,160.3,101000.0,2026-09-17 18:00:00,2026-09-17 18:00:00,1010.0
20260917,180000,73W,6,2026,9,17,18,12.8,158.9,100800.0,2026-09-17 18:00:00,2026-09-17 18:00:00,1008.0
20260917,180000,73W,6,2026,9,17,18,14.700000000000001,158.6,100800.0,2026-09-17 18:00:00,2026-09-17 18:00:00,1008.0
20260917,180000,73W,6,2026,9,17,18,15.0,159.1,100800.0,2026-09-17 18:00:00,2026-09-17 18:00:00,1008.0
20260917,180000,73W,6,2026,9,17,18,15.6,156.0,100600.0,2026-09-17 18:00:00,2026-09-17 18:00:00,1006.0
20260917,180000,73W,6,2026,9,17,18,15.6,155.20000000000002,100200.0,2026-09-17 18:00:00,2026-09-17 18:00:00,1002.0
20260917,180000,73W,6,2026,9,17,18,16.4,154.1,100300.0,2026-09-17 18:00:00,2026-09-17 18:00:00,1003.0
20260917,180000,73W,6,2026,9,17,18,16.4,152.4,99800.0,2026-09-17 18:00:00,2026-09-17 18:00:00,998.0
20260917,180000,73W,6,2026,9,17,18,17.6,151.8,99900.0,2026-09-17 18:00:00,2026-09-17 18:00:00,999.0
20260917,180000,73W,6,2026,9,17,18,17.8,150.4,99400.0,2026-09-17 18:00:00,2026-09-17 18:00:00,994.0
20260917,180000,73W,6,2026,9,17,18,17.6,149.3,99400.0,2026-09-17 18:00:00,2026-09-17 18:00:00,994.0
20260917,180000,73W,6,2026,9,17,18,18.1,148.20000000000002,98800.0,2026-09-17 18:00:00,2026-09-17 18:00:00,988.0
20260917,180000,73W,6,2026,9,17,18,17.6,147.0,98700.0,2026-09-17 18:00:00,2026-09-17 18:00:00,987.0
20260917,180000,73W,6,2026,9,17,18,18.400000000000002,146.8,98300.0,2026-09-17 18:00:00,2026-09-17 18:00:00,983.0
20260917,180000,73W,6,2026,9,17,18,19.0,145.6,98000.0,2026-09-17 18:00:00,2026-09-17 18:00:00,980.0
20260917,180000,73W,6,2026,9,17,18,19.2,145.1,97500.0,2026-09-17 18:00:00,2026-09-17 18:00:00,975.0
20260917,180000,73W,6,2026,9,17,18,19.2,144.20000000000002,97300.0,2026-09-17 18:00:00,2026-09-17 18:00:00,973.0
20260917,180000,73W,6,2026,9,17,18,19.8,143.70000000000002,96600.0,2026-09-17 18:00:00,2026-09-17 18:00:00,966.0
20260917,180000,73W,6,2026,9,17,18,19.6,142.9,96500.0,2026-09-17 18:00:00,2026-09-17 18:00:00,965.0
20260917,180000,73W,6,2026,9,17,18,20.1,142.5,96000.0,2026-09-17 18:00:00,2026-09-17 18:00:00,960.0
20260917,180000,73W,6,2026,9,17,18,20.400000000000002,141.70000000000002,95800.0,2026-09-17 18:00:00,2026-09-17 18:00:00,958.0
20260917,180000,73W,6,2026,9,17,18,20.900000000000002,141.4,95400.0,2026-09-17 18:00:00,2026-09-17 18:00:00,954.0
20260917,180000,73W,6,2026,9,17,18,21.5,140.9,95100.0,2026-09-17 18:00:00,2026-09-17 18:00:00,951.0
20260917,180000,73W,6,2026,9,17,18,22.1,140.9,94800.0,2026-09-17 18:00:00,2026-09-17 18:00:00,948.0
20260917,180000,73W,7,2026,9,17,18,10.5,154.9,101100.0,2026-09-17 18:00:00,2026-09-17 18:00:00,1011.0
20260917,180000,73W,7,2026,9,17,18,13.3,154.9,100800.0,2026-09-17 18:00:00,2026-09-17 18:00:00,1008.0
20260917,180000,73W,7,2026,9,17,18,12.8,158.0,100900.0,2026-09-17 18:00:00,2026-09-17 18:00:00,1009.0
20260917,180000,73W,7,2026,9,17,18,12.200000000000001,159.70000000000002,101100.0,2026-09-17 18:00:00,2026-09-17 18:00:00,1011.0
20260917,180000,73W,7,2026,9,17,18,13.6,158.0,101000.0,2026-09-17 18:00:00,2026-09-17 18:00:00,1010.0
20260917,180000,73W,7,2026,9,17,18,14.700000000000001,156.0,100900.0,2026-09-17 18:00:00,2026-09-17 18:00:00,1009.0
20260917,180000,73W,7,2026,9,17,18,14.700000000000001,154.4,100600.0,2026-09-17 18:00:00,2026-09-17 18:00:00,1006.0
20260917,180000,73W,7,2026,9,17,18,15.0,154.4,100800.0,2026-09-17 18:00:00,2026-09-17 18:00:00,1008.0
20260917,180000,73W,7,2026,9,17,18,14.700000000000001,154.4,100400.0,2026-09-17 18:00:00,2026-09-17 18:00:00,1004.0
20260917,180000,73W,7,2026,9,17,18,14.700000000000001,154.4,100600.0,2026-09-17 18:00:00,2026-09-17 18:00:00,1006.0
20260917,180000,73W,7,2026,9,17,18,14.5,155.5,100300.0,2026-09-17 18:00:00,2026-09-17 18:00:00,1003.0
20260917,180000,73W,7,2026,9,17,18,14.5,156.3,100200.0,2026-09-17 18:00:00,2026-09-17 18:00:00,1002.0
20260917,180000,73W,7,2026,9,17,18,15.3,156.6,99900.0,2026-09-17 18:00:00,2026-09-17 18:00:00,999.0
20260917,180000,73W,7,2026,9,17,18,15.9,157.20000000000002,99800.0,2026-09-17 18:00:00,2026-09-17 18:00:00,998.0
20260917,180000,73W,7,2026,9,17,18,16.7,156.9,99400.0,2026-09-17 18:00:00,2026-09-17 18:00:00,994.0
20260917,180000,73W,7,2026,9,17,18,16.5,156.20000000000002,99300.0,2026-09-17 18:00:00,2026-09-17 18:00:00,993.0
20260917,180000,73W,7,2026,9,17,18,17.0,156.20000000000002,98800.0,2026-09-17 18:00:00,2026-09-17 18:00:00,988.0
20260917,180000,73W,7,2026,9,17,18,17.0,156.0,98800.0,2026-09-17 18:00:00,2026-09-17 18:00:00,988.0
20260917,180000,73W,7,2026,9,17,18,17.8,156.3,98100.0,2026-09-17 18:00:00,2026-09-17 18:00:00,981.0
20260917,180000,73W,7,2026,9,17,18,18.1,156.20000000000002,98000.0,2026-09-17 18:00:00,2026-09-17 18:00:00,980.0
20260917,180000,73W,7,2026,9,17,18,18.400000000000002,155.8,97300.0,2026-09-17 18:00:00,2026-09-17 18:00:00,973.0
20260917,180000,73W,7,2026,9,17,18,18.7,155.5,97300.0,2026-09-17 18:00:00,2026-09-17 18:00:00,973.0
20260917,180000,73W,7,2026,9,17,18,19.2,155.20000000000002,96400.0,2026-09-17 18:00:00,2026-09-17 18:00:00,964.0
20260917,180000,73W,7,2026,9,17,18,19.5,155.20000000000002,96400.0,2026-09-17 18:00:00,2026-09-17 18:00:00,964.0
20260917,180000,73W,7,2026,9,17,18,20.1,154.6,96300.0,2026-09-17 18:00:00,2026-09-17 18:00:00,963.0
20260917,180000,73W,7,2026,9,17,18,20.7,154.6,96400.0,2026-09-17 18:00:00,2026-09-17 18:00:00,964.0
20260917,180000,73W,7,2026,9,17,18,21.2,153.5,96200.0,2026-09-17 18:00:00,2026-09-17 18:00:00,962.0
20260917,180000,73W,7,2026,9,17,18,21.5,153.20000000000002,95900.0,2026-09-17 18:00:00,2026-09-17 18:00:00,959.0
20260917,180000,73W,7,2026,9,17,18,22.1,152.70000000000002,95800.0,2026-09-17 18:00:00,2026-09-17 18:00:00,958.0
20260917,180000,73W,8,2026,9,17,18,12.8,175.20000000000002,101100.0,2026-09-17 18:00:00,2026-09-17 18:00:00,1011.0
20260917,180000,73W,8,2026,9,17,18,13.6,174.0,101000.0,2026-09-17 18:00:00,2026-09-17 18:00:00,1010.0
20260917,180000,73W,8,2026,9,17,18,14.200000000000001,174.6,101000.0,2026-09-17 18:00:00,2026-09-17 18:00:00,1010.0
20260917,180000,73W,8,2026,9,17,18,12.8,173.5,100900.0,2026-09-17 18:00:00,2026-09-17 18:00:00,1009.0
20260917,180000,73W,8,2026,9,17,18,13.3,169.8,101000.0,2026-09-17 18:00:00,2026-09-17 18:00:00,1010.0
20260917,180000,73W,9,2026,9,17,18,14.200000000000001,168.70000000000002,100700.0,2026-09-17 18:00:00,2026-09-17 18:00:00,1007.0
20260917,180000,73W,9,2026,9,17,18,15.0,167.6,100600.0,2026-09-17 18:00:00,2026-09-17 18:00:00,1006.0
20260917,180000,73W,9,2026,9,17,18,14.700000000000001,167.6,100800.0,2026-09-17 18:00:00,2026-09-17 18:00:00,1008.0
20260917,180000,73W,9,2026,9,17,18,14.700000000000001,166.5,100700.0,2026-09-17 18:00:00,2026-09-17 18:00:00,1007.0
20260917,180000,73W,9,2026,9,17,18,16.1,165.3,100900.0,2026-09-17 18:00:00,2026-09-17 18:00:00,1009.0
20260917,180000,73W,9,2026,9,17,18,14.700000000000001,164.8,100600.0,2026-09-17 18:00:00,2026-09-17 18:00:00,1006.0
20260917,180000,73W,9,2026,9,17,18,14.200000000000001,165.3,100900.0,2026-09-17 18:00:00,2026-09-17 18:00:00,1009.0
20260917,180000,73W,9,2026,9,17,18,13.0,163.1,101000.0,2026-09-17 18:00:00,2026-09-17 18:00:00,1010.0
20260917,180000,73W,10,2026,9,17,18,13.0,103.5,100900.0,2026-09-17 18:00:00,2026-09-17 18:00:00,1009.0
20260917,180000,73W,10,2026,9,17,18,13.4,103.8,101000.0,2026-09-17 18:00:00,2026-09-17 18:00:00,1010.0
20260917,180000,73W,10,2026,9,17,18,11.8,101.8,100800.0,2026-09-17 18:00:00,2026-09-17 18:00:00,1008.0
20260917,180000,73W,10,2026,9,17,18,12.5,100.60000000000001,100900.0,2026-09-17 18:00:00,2026-09-17 18:00:00,1009.0
20260917,180000,73W,10,2026,9,17,18,12.8,98.4,100900.0,2026-09-17 18:00:00,2026-09-17 18:00:00,1009.0
20260917,180000,73W,10,2026,9,17,18,14.200000000000001,97.0,100900.0,2026-09-17 18:00:00,2026-09-17 18:00:00,1009.0
20260917,180000,73W,10,2026,9,17,18,16.7,97.3,100900.0,2026-09-17 18:00:00,2026-09-17 18:00:00,1009.0
20260917,180000,73W,10,2026,9,17,18,16.1,95.3,100900.0,2026-09-17 18:00:00,2026-09-17 18:00:00,1009.0
20260917,180000,73W,10,2026,9,17,18,16.4,93.3,100700.0,2026-09-17 18:00:00,2026-09-17 18:00:00,1007.0
20260917,180000,73W,10,2026,9,17,18,17.8,92.5,100700.0,2026-09-17 18:00:00,2026-09-17 18:00:00,1007.0
20260917,180000,73W,10,2026,9,17,18,18.400000000000002,91.4,100500.0,2026-09-17 18:00:00,2026-09-17 18:00:00,1005.0
20260917,180000,73W,10,2026,9,17,18,19.5,90.8,100600.0,2026-09-17 18:00:00,2026-09-17 18:00:00,1006.0
20260917,180000,73W,10,2026,9,17,18,20.1,89.4,100300.0,2026-09-17 18:00:00,2026-09-17 18:00:00,1003.0
20260917,180000,73W,10,2026,9,17,18,20.7,88.8,100500.0,2026-09-17 18:00:00,2026-09-17 18:00:00,1005.0
20260917,180000,73W,11,2026,9,17,18,17.8,149.0,100900.0,2026-09-17 18:00:00,2026-09-17 18:00:00,1009.0
20260917,180000,73W,11,2026,9,17,18,16.7,146.5,101100.0,2026-09-17 18:00:00,2026-09-17 18:00:00,1011.0
20260917,180000,73W,11,2026,9,17,18,17.6,143.70000000000002,101100.0,2026-09-17 18:00:00,2026-09-17 18:00:00,1011.0
20260917,180000,73W,11,2026,9,17,18,17.3,143.1,100800.0,2026-09-17 18:00:00,2026-09-17 18:00:00,1008.0
20260917,180000,73W,11,2026,9,17,18,17.3,142.0,101000.0,2026-09-17 18:00:00,2026-09-17 18:00:00,1010.0
20260917,180000,73W,11,2026,9,17,18,16.7,142.0,100700.0,2026-09-17 18:00:00,2026-09-17 18:00:00,1007.0
20260917,180000,73W,11,2026,9,17,18,16.4,140.9,101000.0,2026-09-17 18:00:00,2026-09-17 18:00:00,1010.0
20260917,180000,73W,11,2026,9,17,18,16.4,141.70000000000002,100800.0,2026-09-17 18:00:00,2026-09-17 18:00:00,1008.0
20260917,180000,73W,11,2026,9,17,18,15.0,139.70000000000002,100900.0,2026-09-17 18:00:00,2026-09-17 18:00:00,1009.0
20260917,180000,73W,11,2026,9,17,18,15.3,140.0,100600.0,2026-09-17 18:00:00,2026-09-17 18:00:00,1006.0
20260917,180000,73W,11,2026,9,17,18,15.3,138.6,100900.0,2026-09-17 18:00:00,2026-09-17 18:00:00,1009.0
20260917,180000,73W,11,2026,9,17,18,15.6,138.6,100700.0,2026-09-17 18:00:00,2026-09-17 18:00:00,1007.0
20260917,180000,73W,11,2026,9,17,18,14.700000000000001,138.6,100900.0,2026-09-17 18:00:00,2026-09-17 18:00:00,1009.0
20260917,180000,73W,11,2026,9,17,18,14.5,138.9,100600.0,2026-09-17 18:00:00,2026-09-17 18:00:00,1006.0
20260917,180000,73W,11,2026,9,17,18,14.700000000000001,137.8,100800.0,2026-09-17 18:00:00,2026-09-17 18:00:00,1008.0
20260917,180000,73W,11,2026,9,17,18,14.200000000000001,137.8,100800.0,2026-09-17 18:00:00,2026-09-17 18:00:00,1008.0
20260917,180000,73W,11,2026,9,17,18,15.0,137.8,100600.0,2026-09-17 18:00:00,2026-09-17 18:00:00,1006.0
20260917,180000,73W,11,2026,9,17,18,13.3,138.9,100800.0,2026-09-17 18:00:00,2026-09-17 18:00:00,1008.0
20260917,180000,73W,11,2026,9,17,18,14.200000000000001,138.3,100600.0,2026-09-17 18:00:00,2026-09-17 18:00:00,1006.0
20260917,180000,73W,11,2026,9,17,18,13.6,137.5,100700.0,2026-09-17 18:00:00,2026-09-17 18:00:00,1007.0
20260917,180000,73W,11,2026,9,17,18,13.9,138.0,100500.0,2026-09-17 18:00:00,2026-09-17 18:00:00,1005.0
20260917,180000,73W,11,2026,9,17,18,13.6,138.6,100700.0,2026-09-17 18:00:00,2026-09-17 18:00:00,1007.0
20260917,180000,73W,11,2026,9,17,18,13.3,139.20000000000002,100400.0,2026-09-17 18:00:00,2026-09-17 18:00:00,1004.0
20260917,180000,73W,12,2026,9,17,18,10.0,164.20000000000002,100800.0,2026-09-17 18:00:00,2026-09-17 18:00:00,1008.0
20260917,180000,73W,12,2026,9,17,18,11.9,164.8,101000.0,2026-09-17 18:00:00,2026-09-17 18:00:00,1010.0
20260917,180000,73W,12,2026,9,17,18,12.8,166.20000000000002,101100.0,2026-09-17 18:00:00,2026-09-17 18:00:00,1011.0
20260917,180000,73W,13,2026,9,17,18,16.4,165.3,100900.0,2026-09-17 18:00:00,2026-09-17 18:00:00,1009.0
20260917,180000,73W,13,2026,9,17,18,17.3,163.9,100900.0,2026-09-17 18:00:00,2026-09-17 18:00:00,1009.0
20260917,180000,73W,13,2026,9,17,18,17.6,162.5,100700.0,2026-09-17 18:00:00,2026-09-17 18:00:00,1007.0
20260917,180000,73W,13,2026,9,17,18,18.400000000000002,161.70000000000002,100900.0,2026-09-17 18:00:00,2026-09-17 18:00:00,1009.0
20260917,180000,73W,13,2026,9,17,18,19.8,163.9,100600.0,2026-09-17 18:00:00,2026-09-17 18:00:00,1006.0
20260917,180000,73W,13,2026,9,17,18,21.5,162.0,100300.0,2026-09-17 18:00:00,2026-09-17 18:00:00,1003.0
20260917,180000,73W,13,2026,9,17,18,22.1,161.1,99800.0,2026-09-17 18:00:00,2026-09-17 18:00:00,998.0
20260917,180000,73W,13,2026,9,17,18,22.6,159.70000000000002,99600.0,2026-09-17 18:00:00,2026-09-17 18:00:00,996.0
20260917,180000,73W,13,2026,9,17,18,22.900000000000002,158.6,99300.0,2026-09-17 18:00:00,2026-09-17 18:00:00,993.0
20260917,180000,73W,13,2026,9,17,18,22.6,157.20000000000002,99200.0,2026-09-17 18:00:00,2026-09-17 18:00:00,992.0
20260917,180000,73W,13,2026,9,17,18,22.1,156.3,99000.0,2026-09-17 18:00:00,2026-09-17 18:00:00,990.0
20260917,180000,73W,13,2026,9,17,18,22.1,156.0,99100.0,2026-09-17 18:00:00,2026-09-17 18:00:00,991.0
20260917,180000,73W,13,2026,9,17,18,22.3,156.0,98900.0,2026-09-17 18:00:00,2026-09-17 18:00:00,989.0
20260917,180000,73W,13,2026,9,17,18,23.2,155.5,99100.0,2026-09-17 18:00:00,2026-09-17 18:00:00,991.0
20260917,180000,73W,13,2026,9,17,18,24.3,154.9,99100.0,2026-09-17 18:00:00,2026-09-17 18:00:00,991.0
20260917,180000,73W,13,2026,9,17,18,25.400000000000002,154.6,99100.0,2026-09-17 18:00:00,2026-09-17 18:00:00,991.0
20260917,180000,73W,13,2026,9,17,18,27.400000000000002,154.4,98600.0,2026-09-17 18:00:00,2026-09-17 18:00:00,986.0
20260917,180000,73W,13,2026,9,17,18,29.1,153.5,98700.0,2026-09-17 18:00:00,2026-09-17 18:00:00,987.0
20260917,180000,73W,13,2026,9,17,18,31.1,152.70000000000002,98300.0,2026-09-17 18:00:00,2026-09-17 18:00:00,983.0
20260917,180000,73W,13,2026,9,17,18,33.0,153.0,98400.0,2026-09-17 18:00:00,2026-09-17 18:00:00,984.0
20260917,180000,73W,13,2026,9,17,18,35.0,154.4,98200.0,2026-09-17 18:00:00,2026-09-17 18:00:00,982.0
20260917,180000,73W,13,2026,9,17,18,37.300000000000004,156.9,98300.0,2026-09-17 18:00:00,2026-09-17 18:00:00,983.0
20260917,180000,73W,13,2026,9,17,18,40.1,160.0,98200.0,2026-09-17 18:00:00,2026-09-17 18:00:00,982.0
20260917,180000,73W,13,2026,9,17,18,42.300000000000004,164.5,98100.0,2026-09-17 18:00:00,2026-09-17 18:00:00,981.0
20260917,180000,73W,13,2026,9,17,18,43.800000000000004,169.3,98400.0,2026-09-17 18:00:00,2026-09-17 18:00:00,984.0
20260917,180000,73W,13,2026,9,17,18,43.5,174.6,99200.0,2026-09-17 18:00:00,2026-09-17 18:00:00,992.0
20260917,180000,73W,13,2026,9,17,18,41.9,180.29999999999998,99800.0,2026-09-17 18:00:00,2026-09-17 18:00:00,998.0
20260917,180000,73W,14,2026,9,17,18,20.400000000000002,152.70000000000002,101000.0,2026-09-17 18:00:00,2026-09-17 18:00:00,1010.0
20260917,180000,73W,14,2026,9,17,18,20.5,151.4,101300.0,2026-09-17 18:00:00,2026-09-17 18:00:00,1013.0
20260917,180000,73W,14,2026,9,17,18,21.2,150.5,101100.0,2026-09-17 18:00:00,2026-09-17 18:00:00,1011.0
20260917,180000,73W,14,2026,9,17,18,21.5,148.5,101200.0,2026-09-17 18:00:00,2026-09-17 18:00:00,1012.0
20260917,180000,73W,14,2026,9,17,18,21.0,147.20000000000002,100900.0,2026-09-17 18:00:00,2026-09-17 18:00:00,1009.0
20260917,180000,73W,14,2026,9,17,18,20.900000000000002,145.6,101100.0,2026-09-17 18:00:00,2026-09-17 18:00:00,1011.0
20260917,180000,73W,14,2026,9,17,18,20.400000000000002,144.8,100900.0,2026-09-17 18:00:00,2026-09-17 18:00:00,1009.0
20260917,180000,73W,14,2026,9,17,18,20.400000000000002,144.0,101000.0,2026-09-17 18:00:00,2026-09-17 18:00:00,1010.0
20260917,180000,73W,14,2026,9,17,18,19.8,142.3,100900.0,2026-09-17 18:00:00,2026-09-17 18:00:00,1009.0
20260917,180000,73W,14,2026,9,17,18,19.2,140.9,100700.0,2026-09-17 18:00:00,2026-09-17 18:00:00,1007.0
20260917,180000,73W,14,2026,9,17,18,18.7,140.3,100800.0,2026-09-17 18:00:00,2026-09-17 18:00:00,1008.0
20260917,180000,73W,14,2026,9,17,18,17.6,138.9,100500.0,2026-09-17 18:00:00,2026-09-17 18:00:00,1005.0
20260917,180000,73W,14,2026,9,17,18,17.0,138.0,100700.0,2026-09-17 18:00:00,2026-09-17 18:00:00,1007.0
20260917,180000,73W,14,2026,9,17,18,15.9,136.9,100700.0,2026-09-17 18:00:00,2026-09-17 18:00:00,1007.0
20260917,180000,73W,14,2026,9,17,18,15.3,137.20000000000002,100500.0,2026-09-17 18:00:00,2026-09-17 18:00:00,1005.0
20260917,180000,73W,14,2026,9,17,18,13.0,135.5,100800.0,2026-09-17 18:00:00,2026-09-17 18:00:00,1008.0
20260917,180000,73W,15,2026,9,17,18,10.8,144.0,100900.0,2026-09-17 18:00:00,2026-09-17 18:00:00,1009.0
20260917,180000,73W,15,2026,9,17,18,12.5,145.9,100800.0,2026-09-17 18:00:00,2026-09-17 18:00:00,1008.0
20260917,180000,73W,16,2026,9,17,18,5.2,180.0,101000.0,2026-09-17 18:00:00,2026-09-17 18:00:00,1010.0
20260917,180000,73W,16,2026,9,17,18,8.3,178.5,100800.0,2026-09-17 18:00:00,2026-09-17 18:00:00,1008.0
20260917,180000,73W,16,2026,9,17,18,10.0,180.2,100900.0,2026-09-17 18:00:00,2026-09-17 18:00:00,1009.0
20260917,180000,73W,16,2026,9,17,18,9.4,184.5,101000.0,2026-09-17 18:00:00,2026-09-17 18:00:00,1010.0
20260917,180000,73W,17,2026,9,17,18,14.5,148.20000000000002,101100.0,2026-09-17 18:00:00,2026-09-17 18:00:00,1011.0
20260917,180000,73W,17,2026,9,17,18,16.7,149.0,100800.0,2026-09-17 18:00:00,2026-09-17 18:00:00,1008.0
20260917,180000,73W,17,2026,9,17,18,17.3,149.9,101000.0,2026-09-17 18:00:00,2026-09-17 18:00:00,1010.0
20260917,180000,73W,17,2026,9,17,18,17.8,146.5,101100.0,2026-09-17 18:00:00,2026-09-17 18:00:00,1011.0
20260917,180000,73W,17,2026,9,17,18,17.8,145.9,100900.0,2026-09-17 18:00:00,2026-09-17 18:00:00,1009.0
20260917,180000,73W,17,2026,9,17,18,17.6,146.20000000000002,101100.0,2026-09-17 18:00:00,2026-09-17 18:00:00,1011.0
20260917,180000,73W,17,2026,9,17,18,16.1,146.8,100800.0,2026-09-17 18:00:00,2026-09-17 18:00:00,1008.0
20260917,180000,73W,17,2026,9,17,18,17.8,148.70000000000002,101000.0,2026-09-17 18:00:00,2026-09-17 18:00:00,1010.0
20260917,180000,73W,17,2026,9,17,18,17.0,147.3,100700.0,2026-09-17 18:00:00,2026-09-17 18:00:00,1007.0
20260917,180000,73W,17,2026,9,17,18,17.0,147.0,100900.0,2026-09-17 18:00:00,2026-09-17 18:00:00,1009.0
20260917,180000,73W,17,2026,9,17,18,17.3,147.6,100600.0,2026-09-17 18:00:00,2026-09-17 18:00:00,1006.0
20260917,180000,73W,17,2026,9,17,18,17.8,147.0,100600.0,2026-09-17 18:00:00,2026-09-17 18:00:00,1006.0
20260917,180000,73W,17,2026,9,17,18,18.1,145.9,100400.0,2026-09-17 18:00:00,2026-09-17 18:00:00,1004.0
20260917,180000,73W,17,2026,9,17,18,17.6,145.9,100600.0,2026-09-17 18:00:00,2026-09-17 18:00:00,1006.0
20260917,180000,73W,17,2026,9,17,18,18.1,145.6,100100.0,2026-09-17 18:00:00,2026-09-17 18:00:00,1001.0
20260917,180000,73W,17,2026,9,17,18,17.8,144.8,100200.0,2026-09-17 18:00:00,2026-09-17 18:00:00,1002.0
20260917,180000,73W,17,2026,9,17,18,18.1,144.8,99700.0,2026-09-17 18:00:00,2026-09-17 18:00:00,997.0
20260917,180000,73W,17,2026,9,17,18,18.400000000000002,144.20000000000002,99700.0,2026-09-17 18:00:00,2026-09-17 18:00:00,997.0
20260917,180000,73W,17,2026,9,17,18,18.400000000000002,143.70000000000002,99100.0,2026-09-17 18:00:00,2026-09-17 18:00:00,991.0
20260917,180000,73W,17,2026,9,17,18,18.400000000000002,143.4,99100.0,2026-09-17 18:00:00,2026-09-17 18:00:00,991.0
20260917,180000,73W,17,2026,9,17,18,18.7,143.4,98400.0,2026-09-17 18:00:00,2026-09-17 18:00:00,984.0
20260917,180000,73W,17,2026,9,17,18,19.2,142.8,98300.0,2026-09-17 18:00:00,2026-09-17 18:00:00,983.0
20260917,180000,73W,17,2026,9,17,18,19.6,141.8,98000.0,2026-09-17 18:00:00,2026-09-17 18:00:00,980.0
20260917,180000,73W,17,2026,9,17,18,20.1,141.4,97900.0,2026-09-17 18:00:00,2026-09-17 18:00:00,979.0
20260917,180000,73W,17,2026,9,17,18,20.900000000000002,140.9,97400.0,2026-09-17 18:00:00,2026-09-17 18:00:00,974.0
20260917,180000,73W,17,2026,9,17,18,21.2,140.9,97300.0,2026-09-17 18:00:00,2026-09-17 18:00:00,973.0
20260917,180000,73W,17,2026,9,17,18,21.8,140.9,96800.0,2026-09-17 18:00:00,2026-09-17 18:00:00,968.0
20260917,180000,73W,17,2026,9,17,18,22.3,140.6,96900.0,2026-09-17 18:00:00,2026-09-17 18:00:00,969.0
20260917,180000,73W,17,2026,9,17,18,22.900000000000002,140.6,96500.0,2026-09-17 18:00:00,2026-09-17 18:00:00,965.0
20260917,180000,73W,17,2026,9,17,18,23.8,140.6,96400.0,2026-09-17 18:00:00,2026-09-17 18:00:00,964.0
20260917,180000,73W,17,2026,9,17,18,24.0,140.6,96200.0,2026-09-17 18:00:00,2026-09-17 18:00:00,962.0
20260917,180000,73W,17,2026,9,17,18,24.900000000000002,140.6,96200.0,2026-09-17 18:00:00,2026-09-17 18:00:00,962.0
20260917,180000,73W,17,2026,9,17,18,25.7,140.9,95500.0,2026-09-17 18:00:00,2026-09-17 18:00:00,955.0
20260917,180000,73W,17,2026,9,17,18,26.3,141.1,95600.0,2026-09-17 18:00:00,2026-09-17 18:00:00,956.0
20260917,180000,73W,17,2026,9,17,18,27.3,141.20000000000002,95700.0,2026-09-17 18:00:00,2026-09-17 18:00:00,957.0
20260917,180000,73W,18,2026,9,17,18,12.200000000000001,156.6,101000.0,2026-09-17 18:00:00,2026-09-17 18:00:00,1010.0
20260917,180000,73W,18,2026,9,17,18,13.0,158.6,100800.0,2026-09-17 18:00:00,2026-09-17 18:00:00,1008.0
20260917,180000,73W,18,2026,9,17,18,13.3,162.0,100800.0,2026-09-17 18:00:00,2026-09-17 18:00:00,1008.0
20260917,180000,73W,18,2026,9,17,18,13.0,159.70000000000002,100800.0,2026-09-17 18:00:00,2026-09-17 18:00:00,1008.0
20260917,180000,73W,18,2026,9,17,18,14.5,159.1,100700.0,2026-09-17 18:00:00,2026-09-17 18:00:00,1007.0
20260917,180000,73W,18,2026,9,17,18,14.700000000000001,159.1,100700.0,2026-09-17 18:00:00,2026-09-17 18:00:00,1007.0
20260917,180000,73W,19,2026,9,17,18,14.700000000000001,142.8,101100.0,2026-09-17 18:00:00,2026-09-17 18:00:00,1011.0
20260917,180000,73W,19,2026,9,17,18,16.7,140.9,101000.0,2026-09-17 18:00:00,2026-09-17 18:00:00,1010.0
20260917,180000,73W,19,2026,9,17,18,16.4,139.20000000000002,100600.0,2026-09-17 18:00:00,2026-09-17 18:00:00,1006.0
20260917,180000,73W,19,2026,9,17,18,16.7,138.6,100800.0,2026-09-17 18:00:00,2026-09-17 18:00:00,1008.0
20260917,180000,73W,20,2026,9,17,18,10.200000000000001,149.6,101100.0,2026-09-17 18:00:00,2026-09-17 18:00:00,1011.0
20260917,180000,73W,20,2026,9,17,18,10.8,149.3,100800.0,2026-09-17 18:00:00,2026-09-17 18:00:00,1008.0
20260917,180000,73W,20,2026,9,17,18,11.1,150.4,100700.0,2026-09-17 18:00:00,2026-09-17 18:00:00,1007.0
20260917,180000,73W,20,2026,9,17,18,10.0,149.6,101000.0,2026-09-17 18:00:00,2026-09-17 18:00:00,1010.0
20260917,180000,73W,21,2026,9,17,18,10.200000000000001,136.4,100900.0,2026-09-17 18:00:00,2026-09-17 18:00:00,1009.0
20260917,180000,73W,21,2026,9,17,18,11.4,136.1,101100.0,2026-09-17 18:00:00,2026-09-17 18:00:00,1011.0
20260917,180000,73W,21,2026,9,17,18,11.1,136.4,100900.0,2026-09-17 18:00:00,2026-09-17 18:00:00,1009.0
20260917,180000,73W,21,2026,9,17,18,12.8,136.6,101100.0,2026-09-17 18:00:00,2026-09-17 18:00:00,1011.0
20260917,180000,73W,21,2026,9,17,18,11.9,136.6,100900.0,2026-09-17 18:00:00,2026-09-17 18:00:00,1009.0
20260917,180000,73W,21,2026,9,17,18,13.3,133.8,101100.0,2026-09-17 18:00:00,2026-09-17 18:00:00,1011.0
20260917,180000,73W,21,2026,9,17,18,14.700000000000001,131.9,100800.0,2026-09-17 18:00:00,2026-09-17 18:00:00,1008.0
20260917,180000,73W,21,2026,9,17,18,15.3,129.6,100800.0,2026-09-17 18:00:00,2026-09-17 18:00:00,1008.0
20260917,180000,73W,21,2026,9,17,18,15.3,127.9,100700.0,2026-09-17 18:00:00,2026-09-17 18:00:00,1007.0
20260917,180000,73W,21,2026,9,17,18,17.6,126.2,100800.0,2026-09-17 18:00:00,2026-09-17 18:00:00,1008.0
20260917,180000,73W,21,2026,9,17,18,17.6,122.9,100800.0,2026-09-17 18:00:00,2026-09-17 18:00:00,1008.0
20260917,180000,73W,21,2026,9,17,18,17.6,123.4,101000.0,2026-09-17 18:00:00,2026-09-17 18:00:00,1010.0
20260917,180000,73W,21,2026,9,17,18,18.1,122.3,100900.0,2026-09-17 18:00:00,2026-09-17 18:00:00,1009.0
20260917,180000,73W,21,2026,9,17,18,18.7,122.60000000000001,101000.0,2026-09-17 18:00:00,2026-09-17 18:00:00,1010.0
20260917,180000,73W,21,2026,9,17,18,21.8,122.60000000000001,101100.0,2026-09-17 18:00:00,2026-09-17 18:00:00,1011.0
20260917,180000,73W,21,2026,9,17,18,21.2,122.60000000000001,101200.0,2026-09-17 18:00:00,2026-09-17 18:00:00,1012.0
20260917,180000,73W,21,2026,9,17,18,20.7,121.2,101100.0,2026-09-17 18:00:00,2026-09-17 18:00:00,1011.0
20260917,180000,73W,21,2026,9,17,18,20.400000000000002,121.2,101300.0,2026-09-17 18:00:00,2026-09-17 18:00:00,1013.0
20260917,180000,73W,22,2026,9,17,18,14.5,159.4,101000.0,2026-09-17 18:00:00,2026-09-17 18:00:00,1010.0
20260917,180000,73W,22,2026,9,17,18,14.200000000000001,158.6,100800.0,2026-09-17 18:00:00,2026-09-17 18:00:00,1008.0
20260917,180000,73W,23,2026,9,17,18,10.200000000000001,176.0,101000.0,2026-09-17 18:00:00,2026-09-17 18:00:00,1010.0
20260917,180000,73W,23,2026,9,17,18,10.5,176.3,100900.0,2026-09-17 18:00:00,2026-09-17 18:00:00,1009.0
20260917,180000,73W,23,2026,9,17,18,10.8,173.20000000000002,100900.0,2026-09-17 18:00:00,2026-09-17 18:00:00,1009.0
20260917,180000,73W,23,2026,9,17,18,8.5,174.0,100800.0,2026-09-17 18:00:00,2026-09-17 18:00:00,1008.0
20260917,180000,73W,24,2026,9,17,18,16.7,166.20000000000002,100600.0,2026-09-17 18:00:00,2026-09-17 18:00:00,1006.0
20260917,180000,73W,24,2026,9,17,18,16.1,167.9,100800.0,2026-09-17 18:00:00,2026-09-17 18:00:00,1008.0
20260917,180000,73W,24,2026,9,17,18,17.0,168.4,100600.0,2026-09-17 18:00:00,2026-09-17 18:00:00,1006.0
20260917,180000,73W,24,2026,9,17,18,16.7,169.3,100500.0,2026-09-17 18:00:00,2026-09-17 18:00:00,1005.0
20260917,180000,73W,24,2026,9,17,18,16.1,170.1,100300.0,2026-09-17 18:00:00,2026-09-17 18:00:00,1003.0
20260917,180000,73W,25,2026,9,17,18,15.9,115.8,101000.0,2026-09-17 18:00:00,2026-09-17 18:00:00,1010.0
20260917,180000,73W,25,2026,9,17,18,15.9,116.10000000000001,101000.0,2026-09-17 18:00:00,2026-09-17 18:00:00,1010.0
20260917,180000,73W,25,2026,9,17,18,15.0,118.4,101100.0,2026-09-17 18:00:00,2026-09-17 18:00:00,1011.0
20260917,180000,73W,25,2026,9,17,18,15.9,116.10000000000001,101000.0,2026-09-17 18:00:00,2026-09-17 18:00:00,1010.0
20260917,180000,73W,25,2026,9,17,18,16.1,115.5,101100.0,2026-09-17 18:00:00,2026-09-17 18:00:00,1011.0
20260917,180000,73W,25,2026,9,17,18,16.7,114.7,100900.0,2026-09-17 18:00:00,2026-09-17 18:00:00,1009.0
20260917,180000,73W,25,2026,9,17,18,16.4,112.5,100900.0,2026-09-17 18:00:00,2026-09-17 18:00:00,1009.0
20260917,180000,73W,25,2026,9,17,18,17.0,112.7,100800.0,2026-09-17 18:00:00,2026-09-17 18:00:00,1008.0
20260917,180000,73W,25,2026,9,17,18,17.0,112.2,100800.0,2026-09-17 18:00:00,2026-09-17 18:00:00,1008.0
20260917,180000,73W,25,2026,9,17,18,17.3,111.8,100600.0,2026-09-17 18:00:00,2026-09-17 18:00:00,1006.0
20260917,180000,73W,25,2026,9,17,18,16.7,111.0,100700.0,2026-09-17 18:00:00,2026-09-17 18:00:00,1007.0
20260917,180000,73W,25,2026,9,17,18,16.7,111.0,100700.0,2026-09-17 18:00:00,2026-09-17 18:00:00,1007.0
20260917,180000,73W,25,2026,9,17,18,16.4,111.60000000000001,100600.0,2026-09-17 18:00:00,2026-09-17 18:00:00,1006.0
20260917,180000,73W,25,2026,9,17,18,16.4,111.9,100500.0,2026-09-17 18:00:00,2026-09-17 18:00:00,1005.0
20260917,180000,73W,25,2026,9,17,18,16.5,111.5,100500.0,2026-09-17 18:00:00,2026-09-17 18:00:00,1005.0
20260917,180000,73W,25,2026,9,17,18,16.7,112.5,100500.0,2026-09-17 18:00:00,2026-09-17 18:00:00,1005.0
20260917,180000,73W,25,2026,9,17,18,16.4,111.0,100500.0,2026-09-17 18:00:00,2026-09-17 18:00:00,1005.0
20260917,180000,73W,25,2026,9,17,18,16.1,111.0,100200.0,2026-09-17 18:00:00,2026-09-17 18:00:00,1002.0
20260917,180000,73W,25,2026,9,17,18,16.1,111.60000000000001,100300.0,2026-09-17 18:00:00,2026-09-17 18:00:00,1003.0
20260917,180000,73W,25,2026,9,17,18,16.7,111.60000000000001,100200.0,2026-09-17 18:00:00,2026-09-17 18:00:00,1002.0
20260917,180000,73W,26,2026,9,17,18,12.200000000000001,167.6,100900.0,2026-09-17 18:00:00,2026-09-17 18:00:00,1009.0
20260917,180000,73W,26,2026,9,17,18,11.1,168.70000000000002,100800.0,2026-09-17 18:00:00,2026-09-17 18:00:00,1008.0
20260917,180000,73W,27,2026,9,17,18,6.6000000000000005,176.3,100900.0,2026-09-17 18:00:00,2026-09-17 18:00:00,1009.0
20260917,180000,73W,27,2026,9,17,18,7.4,175.5,100800.0,2026-09-17 18:00:00,2026-09-17 18:00:00,1008.0
20260917,180000,73W,27,2026,9,17,18,8.3,172.4,100600.0,2026-09-17 18:00:00,2026-09-17 18:00:00,1006.0
20260917,180000,73W,27,2026,9,17,18,8.3,171.5,100500.0,2026-09-17 18:00:00,2026-09-17 18:00:00,1005.0
20260917,180000,73W,27,2026,9,17,18,10.200000000000001,169.5,100600.0,2026-09-17 18:00:00,2026-09-17 18:00:00,1006.0
20260917,180000,73W,27,2026,9,17,18,11.9,167.9,100400.0,2026-09-17 18:00:00,2026-09-17 18:00:00,1004.0
20260917,180000,73W,27,2026,9,17,18,13.9,167.6,100300.0,2026-09-17 18:00:00,2026-09-17 18:00:00,1003.0
20260917,180000,73W,27,2026,9,17,18,14.200000000000001,165.9,100000.0,2026-09-17 18:00:00,2026-09-17 18:00:00,1000.0
20260917,180000,73W,27,2026,9,17,18,14.5,164.5,99600.0,2026-09-17 18:00:00,2026-09-17 18:00:00,996.0
20260917,180000,73W,27,2026,9,17,18,15.0,163.4,99300.0,2026-09-17 18:00:00,2026-09-17 18:00:00,993.0
20260917,180000,73W,28,2026,9,17,18,13.3,154.9,100800.0,2026-09-17 18:00:00,2026-09-17 18:00:00,1008.0
20260917,180000,73W,28,2026,9,17,18,12.200000000000001,157.5,100800.0,2026-09-17 18:00:00,2026-09-17 18:00:00,1008.0
20260917,180000,73W,28,2026,9,17,18,12.200000000000001,158.6,100900.0,2026-09-17 18:00:00,2026-09-17 18:00:00,1009.0
20260917,180000,73W,28,2026,9,17,18,12.8,159.4,100600.0,2026-09-17 18:00:00,2026-09-17 18:00:00,1006.0
20260917,180000,73W,28,2026,9,17,18,13.0,159.4,100700.0,2026-09-17 18:00:00,2026-09-17 18:00:00,1007.0
20260917,180000,73W,28,2026,9,17,18,13.0,158.6,100600.0,2026-09-17 18:00:00,2026-09-17 18:00:00,1006.0
20260917,180000,73W,28,2026,9,17,18,12.200000000000001,158.3,100700.0,2026-09-17 18:00:00,2026-09-17 18:00:00,1007.0
20260917,180000,73W,28,2026,9,17,18,13.0,157.5,100500.0,2026-09-17 18:00:00,2026-09-17 18:00:00,1005.0
20260917,180000,73W,28,2026,9,17,18,11.9,156.9,100200.0,2026-09-17 18:00:00,2026-09-17 18:00:00,1002.0
20260917,180000,73W,28,2026,9,17,18,11.6,157.5,100400.0,2026-09-17 18:00:00,2026-09-17 18:00:00,1004.0
20260917,180000,73W,28,2026,9,17,18,12.200000000000001,156.9,100100.0,2026-09-17 18:00:00,2026-09-17 18:00:00,1001.0
20260917,180000,73W,28,2026,9,17,18,12.5,157.70000000000002,100400.0,2026-09-17 18:00:00,2026-09-17 18:00:00,1004.0
20260917,180000,73W,28,2026,9,17,18,12.200000000000001,156.3,100100.0,2026-09-17 18:00:00,2026-09-17 18:00:00,1001.0
20260917,180000,73W,28,2026,9,17,18,11.4,156.0,100300.0,2026-09-17 18:00:00,2026-09-17 18:00:00,1003.0
20260917,180000,73W,28,2026,9,17,18,11.6,156.0,100200.0,2026-09-17 18:00:00,2026-09-17 18:00:00,1002.0
20260917,180000,73W,28,2026,9,17,18,11.4,155.8,100500.0,2026-09-17 18:00:00,2026-09-17 18:00:00,1005.0
20260917,180000,73W,28,2026,9,17,18,11.6,155.5,100300.0,2026-09-17 18:00:00,2026-09-17 18:00:00,1003.0
20260917,180000,73W,28,2026,9,17,18,11.6,155.5,100300.0,2026-09-17 18:00:00,2026-09-17 18:00:00,1003.0
20260917,180000,73W,28,2026,9,17,18,12.5,154.9,99900.0,2026-09-17 18:00:00,2026-09-17 18:00:00,999.0
20260917,180000,73W,28,2026,9,17,18,13.0,154.4,99700.0,2026-09-17 18:00:00,2026-09-17 18:00:00,997.0
20260917,180000,73W,28,2026,9,17,18,13.9,154.1,98800.0,2026-09-17 18:00:00,2026-09-17 18:00:00,988.0
20260917,180000,73W,30,2026,9,17,18,12.5,135.0,100900.0,2026-09-17 18:00:00,2026-09-17 18:00:00,1009.0
20260917,180000,73W,30,2026,9,17,18,12.5,133.5,101100.0,2026-09-17 18:00:00,2026-09-17 18:00:00,1011.0
20260917,180000,73W,30,2026,9,17,18,11.9,131.3,101000.0,2026-09-17 18:00:00,2026-09-17 18:00:00,1010.0
20260917,180000,73W,30,2026,9,17,18,11.9,131.0,100800.0,2026-09-17 18:00:00,2026-09-17 18:00:00,1008.0
20260917,180000,73W,30,2026,9,17,18,12.8,127.9,101000.0,2026-09-17 18:00:00,2026-09-17 18:00:00,1010.0
20260917,180000,73W,30,2026,9,17,18,12.200000000000001,126.2,100700.0,2026-09-17 18:00:00,2026-09-17 18:00:00,1007.0
20260917,180000,73W,30,2026,9,17,18,11.6,124.5,100900.0,2026-09-17 18:00:00,2026-09-17 18:00:00,1009.0
20260917,180000,73W,30,2026,9,17,18,11.6,124.0,101000.0,2026-09-17 18:00:00,2026-09-17 18:00:00,1010.0
20260917,180000,73W,30,2026,9,17,18,12.5,124.5,100700.0,2026-09-17 18:00:00,2026-09-17 18:00:00,1007.0
20260917,180000,73W,30,2026,9,17,18,13.6,120.0,100800.0,2026-09-17 18:00:00,2026-09-17 18:00:00,1008.0
20260917,180000,73W,30,2026,9,17,18,12.5,118.2,100900.0,2026-09-17 18:00:00,2026-09-17 18:00:00,1009.0
20260917,180000,73W,30,2026,9,17,18,12.5,118.10000000000001,100800.0,2026-09-17 18:00:00,2026-09-17 18:00:00,1008.0
20260917,180000,73W,30,2026,9,17,18,13.0,116.4,101000.0,2026-09-17 18:00:00,2026-09-17 18:00:00,1010.0
20260917,180000,73W,30,2026,9,17,18,14.200000000000001,116.4,100800.0,2026-09-17 18:00:00,2026-09-17 18:00:00,1008.0
20260917,180000,73W,30,2026,9,17,18,14.700000000000001,116.10000000000001,100800.0,2026-09-17 18:00:00,2026-09-17 18:00:00,1008.0
20260917,180000,73W,30,2026,9,17,18,15.3,115.3,100900.0,2026-09-17 18:00:00,2026-09-17 18:00:00,1009.0
20260917,180000,73W,30,2026,9,17,18,15.6,114.10000000000001,100900.0,2026-09-17 18:00:00,2026-09-17 18:00:00,1009.0
20260917,180000,73W,30,2026,9,17,18,15.9,113.9,100700.0,2026-09-17 18:00:00,2026-09-17 18:00:00,1007.0
20260917,180000,73W,30,2026,9,17,18,15.9,113.60000000000001,100700.0,2026-09-17 18:00:00,2026-09-17 18:00:00,1007.0
20260917,180000,73W,30,2026,9,17,18,15.3,112.5,100600.0,2026-09-17 18:00:00,2026-09-17 18:00:00,1006.0
20260917,180000,73W,30,2026,9,17,18,15.3,111.9,100700.0,2026-09-17 18:00:00,2026-09-17 18:00:00,1007.0
20260917,180000,73W,30,2026,9,17,18,14.700000000000001,111.0,100500.0,2026-09-17 18:00:00,2026-09-17 18:00:00,1005.0
20260917,180000,73W,30,2026,9,17,18,14.5,110.5,100600.0,2026-09-17 18:00:00,2026-09-17 18:00:00,1006.0
20260917,180000,73W,30,2026,9,17,18,14.200000000000001,110.8,100300.0,2026-09-17 18:00:00,2026-09-17 18:00:00,1003.0
20260917,180000,73W,30,2026,9,17,18,14.200000000000001,109.9,100100.0,2026-09-17 18:00:00,2026-09-17 18:00:00,1001.0
20260917,180000,73W,30,2026,9,17,18,13.9,109.4,100500.0,2026-09-17 18:00:00,2026-09-17 18:00:00,1005.0
20260917,180000,73W,30,2026,9,17,18,14.200000000000001,108.8,100700.0,2026-09-17 18:00:00,2026-09-17 18:00:00,1007.0
20260917,180000,73W,30,2026,9,17,18,15.0,107.10000000000001,100900.0,2026-09-17 18:00:00,2026-09-17 18:00:00,1009.0
20260917,180000,73W,30,2026,9,17,18,14.9,106.4,100900.0,2026-09-17 18:00:00,2026-09-17 18:00:00,1009.0
20260917,180000,73W,30,2026,9,17,18,16.1,105.7,100900.0,2026-09-17 18:00:00,2026-09-17 18:00:00,1009.0
20260917,180000,73W,30,2026,9,17,18,13.9,104.0,100900.0,2026-09-17 18:00:00,2026-09-17 18:00:00,1009.0
20260917,180000,73W,30,2026,9,17,18,14.5,104.9,101000.0,2026-09-17 18:00:00,2026-09-17 18:00:00,1010.0
20260917,180000,73W,31,2026,9,17,18,11.6,106.3,100800.0,2026-09-17 18:00:00,2026-09-17 18:00:00,1008.0
20260917,180000,73W,31,2026,9,17,18,12.5,106.0,101000.0,2026-09-17 18:00:00,2026-09-17 18:00:00,1010.0
20260917,180000,73W,31,2026,9,17,18,11.1,106.0,100800.0,2026-09-17 18:00:00,2026-09-17 18:00:00,1008.0
20260917,180000,73W,31,2026,9,17,18,12.5,105.10000000000001,100900.0,2026-09-17 18:00:00,2026-09-17 18:00:00,1009.0
20260917,180000,73W,31,2026,9,17,18,10.8,104.3,101000.0,2026-09-17 18:00:00,2026-09-17 18:00:00,1010.0
20260917,180000,73W,31,2026,9,17,18,11.9,102.0,101000.0,2026-09-17 18:00:00,2026-09-17 18:00:00,1010.0
20260917,180000,73W,31,2026,9,17,18,12.5,103.7,100900.0,2026-09-17 18:00:00,2026-09-17 18:00:00,1009.0
20260917,180000,73W,31,2026,9,17,18,13.0,104.0,100800.0,2026-09-17 18:00:00,2026-09-17 18:00:00,1008.0
20260917,180000,73W,31,2026,9,17,18,12.8,103.7,100900.0,2026-09-17 18:00:00,2026-09-17 18:00:00,1009.0
20260917,180000,73W,31,2026,9,17,18,12.5,101.5,100900.0,2026-09-17 18:00:00,2026-09-17 18:00:00,1009.0
20260917,180000,73W,31,2026,9,17,18,14.200000000000001,101.2,100800.0,2026-09-17 18:00:00,2026-09-17 18:00:00,1008.0
20260917,180000,73W,31,2026,9,17,18,13.6,100.9,100800.0,2026-09-17 18:00:00,2026-09-17 18:00:00,1008.0
20260917,180000,73W,31,2026,9,17,18,12.8,101.8,100800.0,2026-09-17 18:00:00,2026-09-17 18:00:00,1008.0
20260917,180000,73W,31,2026,9,17,18,12.5,101.5,100700.0,2026-09-17 18:00:00,2026-09-17 18:00:00,1007.0
20260917,180000,73W,31,2026,9,17,18,12.5,101.5,100600.0,2026-09-17 18:00:00,2026-09-17 18:00:00,1006.0
20260917,180000,73W,31,2026,9,17,18,12.5,101.5,100500.0,2026-09-17 18:00:00,2026-09-17 18:00:00,1005.0
20260917,180000,73W,31,2026,9,17,18,13.3,101.2,100400.0,2026-09-17 18:00:00,2026-09-17 18:00:00,1004.0
20260917,180000,73W,31,2026,9,17,18,13.0,100.60000000000001,100300.0,2026-09-17 18:00:00,2026-09-17 18:00:00,1003.0
20260917,180000,73W,31,2026,9,17,18,13.0,100.4,100400.0,2026-09-17 18:00:00,2026-09-17 18:00:00,1004.0
20260917,180000,73W,31,2026,9,17,18,13.6,100.10000000000001,100300.0,2026-09-17 18:00:00,2026-09-17 18:00:00,1003.0
20260917,180000,73W,31,2026,9,17,18,13.6,99.5,100500.0,2026-09-17 18:00:00,2026-09-17 18:00:00,1005.0
20260917,180000,73W,31,2026,9,17,18,13.6,97.5,100500.0,2026-09-17 18:00:00,2026-09-17 18:00:00,1005.0
20260917,180000,73W,31,2026,9,17,18,14.200000000000001,97.60000000000001,100500.0,2026-09-17 18:00:00,2026-09-17 18:00:00,1005.0
20260917,180000,73W,31,2026,9,17,18,17.0,97.8,100500.0,2026-09-17 18:00:00,2026-09-17 18:00:00,1005.0
20260917,180000,73W,31,2026,9,17,18,16.1,97.0,100700.0,2026-09-17 18:00:00,2026-09-17 18:00:00,1007.0
20260917,180000,73W,31,2026,9,17,18,17.6,96.5,100700.0,2026-09-17 18:00:00,2026-09-17 18:00:00,1007.0
20260917,180000,73W,31,2026,9,17,18,18.7,93.9,100800.0,2026-09-17 18:00:00,2026-09-17 18:00:00,1008.0
20260917,180000,73W,31,2026,9,17,18,19.0,93.60000000000001,100800.0,2026-09-17 18:00:00,2026-09-17 18:00:00,1008.0
20260917,180000,73W,31,2026,9,17,18,20.900000000000002,91.9,101000.0,2026-09-17 18:00:00,2026-09-17 18:00:00,1010.0
20260917,180000,73W,31,2026,9,17,18,21.5,90.8,101100.0,2026-09-17 18:00:00,2026-09-17 18:00:00,1011.0
20260917,180000,73W,31,2026,9,17,18,21.5,91.10000000000001,100900.0,2026-09-17 18:00:00,2026-09-17 18:00:00,1009.0
20260917,180000,73W,32,2026,9,17,18,11.6,110.2,101200.0,2026-09-17 18:00:00,2026-09-17 18:00:00,1012.0
20260917,180000,73W,32,2026,9,17,18,11.1,109.9,101000.0,2026-09-17 18:00:00,2026-09-17 18:00:00,1010.0
20260917,180000,73W,32,2026,9,17,18,10.1,107.60000000000001,101000.0,2026-09-17 18:00:00,2026-09-17 18:00:00,1010.0
20260917,180000,73W,32,2026,9,17,18,10.0,104.9,101100.0,2026-09-17 18:00:00,2026-09-17 18:00:00,1011.0
20260917,180000,73W,32,2026,9,17,18,11.6,102.0,100900.0,2026-09-17 18:00:00,2026-09-17 18:00:00,1009.0
20260917,180000,73W,32,2026,9,17,18,10.200000000000001,100.9,101000.0,2026-09-17 18:00:00,2026-09-17 18:00:00,1010.0
20260917,180000,73W,32,2026,9,17,18,11.6,101.60000000000001,100900.0,2026-09-17 18:00:00,2026-09-17 18:00:00,1009.0
20260917,180000,73W,32,2026,9,17,18,12.200000000000001,100.9,101000.0,2026-09-17 18:00:00,2026-09-17 18:00:00,1010.0
20260917,180000,73W,32,2026,9,17,18,11.6,100.60000000000001,101000.0,2026-09-17 18:00:00,2026-09-17 18:00:00,1010.0
20260917,180000,73W,32,2026,9,17,18,11.6,100.9,100900.0,2026-09-17 18:00:00,2026-09-17 18:00:00,1009.0
20260917,180000,73W,32,2026,9,17,18,13.700000000000001,100.5,101000.0,2026-09-17 18:00:00,2026-09-17 18:00:00,1010.0
20260917,180000,73W,32,2026,9,17,18,12.5,101.2,101000.0,2026-09-17 18:00:00,2026-09-17 18:00:00,1010.0
20260917,180000,73W,32,2026,9,17,18,12.200000000000001,100.9,100900.0,2026-09-17 18:00:00,2026-09-17 18:00:00,1009.0
20260917,180000,73W,32,2026,9,17,18,13.0,100.60000000000001,100900.0,2026-09-17 18:00:00,2026-09-17 18:00:00,1009.0
20260917,180000,73W,32,2026,9,17,18,12.200000000000001,100.10000000000001,100800.0,2026-09-17 18:00:00,2026-09-17 18:00:00,1008.0
20260917,180000,73W,32,2026,9,17,18,12.8,100.4,100800.0,2026-09-17 18:00:00,2026-09-17 18:00:00,1008.0
20260917,180000,73W,32,2026,9,17,18,12.200000000000001,98.7,100800.0,2026-09-17 18:00:00,2026-09-17 18:00:00,1008.0
20260917,180000,73W,32,2026,9,17,18,12.9,97.60000000000001,100600.0,2026-09-17 18:00:00,2026-09-17 18:00:00,1006.0
20260917,180000,73W,32,2026,9,17,18,12.5,96.4,100600.0,2026-09-17 18:00:00,2026-09-17 18:00:00,1006.0
20260917,180000,73W,32,2026,9,17,18,12.5,95.9,100400.0,2026-09-17 18:00:00,2026-09-17 18:00:00,1004.0
20260917,180000,73W,32,2026,9,17,18,13.9,97.0,100500.0,2026-09-17 18:00:00,2026-09-17 18:00:00,1005.0
20260917,180000,73W,32,2026,9,17,18,14.3,95.60000000000001,100500.0,2026-09-17 18:00:00,2026-09-17 18:00:00,1005.0
20260917,180000,73W,32,2026,9,17,18,15.0,95.0,100600.0,2026-09-17 18:00:00,2026-09-17 18:00:00,1006.0
20260917,180000,73W,32,2026,9,17,18,15.3,94.7,100500.0,2026-09-17 18:00:00,2026-09-17 18:00:00,1005.0
20260917,180000,73W,32,2026,9,17,18,15.9,91.9,100600.0,2026-09-17 18:00:00,2026-09-17 18:00:00,1006.0
20260917,180000,73W,32,2026,9,17,18,15.6,91.4,100500.0,2026-09-17 18:00:00,2026-09-17 18:00:00,1005.0
20260917,180000,73W,32,2026,9,17,18,16.7,91.9,100400.0,2026-09-17 18:00:00,2026-09-17 18:00:00,1004.0
20260917,180000,73W,32,2026,9,17,18,17.6,90.5,100500.0,2026-09-17 18:00:00,2026-09-17 18:00:00,1005.0
20260917,180000,73W,32,2026,9,17,18,17.3,88.8,100400.0,2026-09-17 18:00:00,2026-09-17 18:00:00,1004.0
20260917,180000,73W,33,2026,9,17,18,11.4,169.8,100900.0,2026-09-17 18:00:00,2026-09-17 18:00:00,1009.0
20260917,180000,73W,33,2026,9,17,18,10.8,168.4,100900.0,2026-09-17 18:00:00,2026-09-17 18:00:00,1009.0
20260917,180000,73W,33,2026,9,17,18,9.4,165.6,100900.0,2026-09-17 18:00:00,2026-09-17 18:00:00,1009.0
20260917,180000,73W,33,2026,9,17,18,10.5,161.4,100900.0,2026-09-17 18:00:00,2026-09-17 18:00:00,1009.0
20260917,180000,73W,33,2026,9,17,18,10.5,161.70000000000002,100900.0,2026-09-17 18:00:00,2026-09-17 18:00:00,1009.0
20260917,180000,73W,33,2026,9,17,18,10.8,162.5,101000.0,2026-09-17 18:00:00,2026-09-17 18:00:00,1010.0
20260917,180000,73W,33,2026,9,17,18,12.200000000000001,163.1,100800.0,2026-09-17 18:00:00,2026-09-17 18:00:00,1008.0
20260917,180000,73W,33,2026,9,17,18,12.5,163.9,101000.0,2026-09-17 18:00:00,2026-09-17 18:00:00,1010.0
20260917,180000,73W,33,2026,9,17,18,11.9,165.9,100900.0,2026-09-17 18:00:00,2026-09-17 18:00:00,1009.0
20260917,180000,73W,33,2026,9,17,18,11.9,166.5,100800.0,2026-09-17 18:00:00,2026-09-17 18:00:00,1008.0
20260917,180000,73W,34,2026,9,17,18,13.6,102.60000000000001,100900.0,2026-09-17 18:00:00,2026-09-17 18:00:00,1009.0
20260917,180000,73W,34,2026,9,17,18,12.200000000000001,101.2,101000.0,2026-09-17 18:00:00,2026-09-17 18:00:00,1010.0
20260917,180000,73W,34,2026,9,17,18,11.3,101.9,101000.0,2026-09-17 18:00:00,2026-09-17 18:00:00,1010.0
20260917,180000,73W,34,2026,9,17,18,11.1,101.5,101000.0,2026-09-17 18:00:00,2026-09-17 18:00:00,1010.0
20260917,180000,73W,34,2026,9,17,18,12.8,101.2,100900.0,2026-09-17 18:00:00,2026-09-17 18:00:00,1009.0
20260917,180000,73W,34,2026,9,17,18,11.9,101.5,100800.0,2026-09-17 18:00:00,2026-09-17 18:00:00,1008.0
20260917,180000,73W,34,2026,9,17,18,12.5,101.5,101000.0,2026-09-17 18:00:00,2026-09-17 18:00:00,1010.0
20260917,180000,73W,34,2026,9,17,18,12.5,100.60000000000001,101000.0,2026-09-17 18:00:00,2026-09-17 18:00:00,1010.0
20260917,180000,73W,34,2026,9,17,18,12.5,100.60000000000001,101000.0,2026-09-17 18:00:00,2026-09-17 18:00:00,1010.0
20260917,180000,73W,34,2026,9,17,18,13.0,100.4,100900.0,2026-09-17 18:00:00,2026-09-17 18:00:00,1009.0
20260917,180000,73W,34,2026,9,17,18,13.3,99.8,101000.0,2026-09-17 18:00:00,2026-09-17 18:00:00,1010.0
20260917,180000,73W,34,2026,9,17,18,13.6,98.10000000000001,101000.0,2026-09-17 18:00:00,2026-09-17 18:00:00,1010.0
20260917,180000,73W,34,2026,9,17,18,12.5,97.8,100800.0,2026-09-17 18:00:00,2026-09-17 18:00:00,1008.0
20260917,180000,73W,34,2026,9,17,18,11.9,98.10000000000001,100700.0,2026-09-17 18:00:00,2026-09-17 18:00:00,1007.0
20260917,180000,73W,34,2026,9,17,18,11.9,98.10000000000001,100800.0,2026-09-17 18:00:00,2026-09-17 18:00:00,1008.0
20260917,180000,73W,34,2026,9,17,18,12.5,98.10000000000001,100500.0,2026-09-17 18:00:00,2026-09-17 18:00:00,1005.0
20260917,180000,73W,34,2026,9,17,18,12.8,97.0,100500.0,2026-09-17 18:00:00,2026-09-17 18:00:00,1005.0
20260917,180000,73W,34,2026,9,17,18,12.200000000000001,97.5,100300.0,2026-09-17 18:00:00,2026-09-17 18:00:00,1003.0
20260917,180000,73W,34,2026,9,17,18,12.8,97.0,100300.0,2026-09-17 18:00:00,2026-09-17 18:00:00,1003.0
20260917,180000,73W,34,2026,9,17,18,12.8,96.4,100200.0,2026-09-17 18:00:00,2026-09-17 18:00:00,1002.0
20260917,180000,73W,34,2026,9,17,18,13.0,95.9,99700.0,2026-09-17 18:00:00,2026-09-17 18:00:00,997.0
20260917,180000,73W,34,2026,9,17,18,13.9,95.0,99800.0,2026-09-17 18:00:00,2026-09-17 18:00:00,998.0
20260917,180000,73W,34,2026,9,17,18,13.9,93.9,99900.0,2026-09-17 18:00:00,2026-09-17 18:00:00,999.0
20260917,180000,73W,34,2026,9,17,18,14.200000000000001,93.60000000000001,100100.0,2026-09-17 18:00:00,2026-09-17 18:00:00,1001.0
20260917,180000,73W,34,2026,9,17,18,15.0,93.0,100300.0,2026-09-17 18:00:00,2026-09-17 18:00:00,1003.0
20260917,180000,73W,34,2026,9,17,18,16.4,91.60000000000001,100000.0,2026-09-17 18:00:00,2026-09-17 18:00:00,1000.0
20260917,180000,73W,34,2026,9,17,18,17.3,90.0,99700.0,2026-09-17 18:00:00,2026-09-17 18:00:00,997.0
20260917,180000,73W,34,2026,9,17,18,18.1,88.5,100000.0,2026-09-17 18:00:00,2026-09-17 18:00:00,1000.0
20260917,180000,73W,35,2026,9,17,18,13.0,162.8,100900.0,2026-09-17 18:00:00,2026-09-17 18:00:00,1009.0
20260917,180000,73W,35,2026,9,17,18,15.4,161.9,100800.0,2026-09-17 18:00:00,2026-09-17 18:00:00,1008.0
20260917,180000,73W,36,2026,9,17,18,12.8,169.8,101000.0,2026-09-17 18:00:00,2026-09-17 18:00:00,1010.0
20260917,180000,73W,36,2026,9,17,18,13.9,171.8,100900.0,2026-09-17 18:00:00,2026-09-17 18:00:00,1009.0
20260917,180000,73W,36,2026,9,17,18,15.0,171.8,100900.0,2026-09-17 18:00:00,2026-09-17 18:00:00,1009.0
20260917,180000,73W,36,2026,9,17,18,15.0,171.8,100800.0,2026-09-17 18:00:00,2026-09-17 18:00:00,1008.0
20260917,180000,73W,36,2026,9,17,18,15.9,171.20000000000002,100900.0,2026-09-17 18:00:00,2026-09-17 18:00:00,1009.0
20260917,180000,73W,36,2026,9,17,18,15.6,170.70000000000002,100700.0,2026-09-17 18:00:00,2026-09-17 18:00:00,1007.0
20260917,180000,73W,36,2026,9,17,18,15.3,170.1,100800.0,2026-09-17 18:00:00,2026-09-17 18:00:00,1008.0
20260917,180000,73W,36,2026,9,17,18,14.5,168.70000000000002,100700.0,2026-09-17 18:00:00,2026-09-17 18:00:00,1007.0
20260917,180000,73W,36,2026,9,17,18,15.0,168.70000000000002,100900.0,2026-09-17 18:00:00,2026-09-17 18:00:00,1009.0
20260917,180000,73W,36,2026,9,17,18,14.9,167.1,100900.0,2026-09-17 18:00:00,2026-09-17 18:00:00,1009.0
20260917,180000,73W,36,2026,9,17,18,14.200000000000001,167.0,100700.0,2026-09-17 18:00:00,2026-09-17 18:00:00,1007.0
20260917,180000,73W,36,2026,9,17,18,13.9,164.8,100800.0,2026-09-17 18:00:00,2026-09-17 18:00:00,1008.0
20260917,180000,73W,36,2026,9,17,18,14.5,164.8,100600.0,2026-09-17 18:00:00,2026-09-17 18:00:00,1006.0
20260917,180000,73W,36,2026,9,17,18,13.3,164.5,100600.0,2026-09-17 18:00:00,2026-09-17 18:00:00,1006.0
20260917,180000,73W,36,2026,9,17,18,13.0,163.4,100600.0,2026-09-17 18:00:00,2026-09-17 18:00:00,1006.0
20260917,180000,73W,36,2026,9,17,18,13.3,163.6,100700.0,2026-09-17 18:00:00,2026-09-17 18:00:00,1007.0
20260917,180000,73W,36,2026,9,17,18,14.200000000000001,163.1,100600.0,2026-09-17 18:00:00,2026-09-17 18:00:00,1006.0
20260917,180000,73W,36,2026,9,17,18,13.9,162.0,100800.0,2026-09-17 18:00:00,2026-09-17 18:00:00,1008.0
20260917,180000,73W,36,2026,9,17,18,15.3,162.5,100600.0,2026-09-17 18:00:00,2026-09-17 18:00:00,1006.0
20260917,180000,73W,36,2026,9,17,18,14.5,162.0,100600.0,2026-09-17 18:00:00,2026-09-17 18:00:00,1006.0
20260917,180000,73W,36,2026,9,17,18,15.6,160.3,100400.0,2026-09-17 18:00:00,2026-09-17 18:00:00,1004.0
20260917,180000,73W,36,2026,9,17,18,15.3,161.8,100500.0,2026-09-17 18:00:00,2026-09-17 18:00:00,1005.0
20260917,180000,73W,36,2026,9,17,18,15.9,161.70000000000002,100200.0,2026-09-17 18:00:00,2026-09-17 18:00:00,1002.0
20260917,180000,73W,36,2026,9,17,18,17.0,160.8,100400.0,2026-09-17 18:00:00,2026-09-17 18:00:00,1004.0
20260917,180000,73W,36,2026,9,17,18,17.8,161.1,100000.0,2026-09-17 18:00:00,2026-09-17 18:00:00,1000.0
20260917,180000,73W,36,2026,9,17,18,17.8,161.1,100100.0,2026-09-17 18:00:00,2026-09-17 18:00:00,1001.0
20260917,180000,73W,36,2026,9,17,18,19.2,161.1,99700.0,2026-09-17 18:00:00,2026-09-17 18:00:00,997.0
20260917,180000,73W,36,2026,9,17,18,19.5,161.1,99700.0,2026-09-17 18:00:00,2026-09-17 18:00:00,997.0
20260917,180000,73W,36,2026,9,17,18,20.1,161.70000000000002,99600.0,2026-09-17 18:00:00,2026-09-17 18:00:00,996.0
20260917,180000,73W,36,2026,9,17,18,21.2,160.5,99700.0,2026-09-17 18:00:00,2026-09-17 18:00:00,997.0
20260917,180000,73W,36,2026,9,17,18,21.2,160.5,99600.0,2026-09-17 18:00:00,2026-09-17 18:00:00,996.0
20260917,180000,73W,37,2026,9,17,18,11.6,140.9,100800.0,2026-09-17 18:00:00,2026-09-17 18:00:00,1008.0
20260917,180000,73W,37,2026,9,17,18,11.1,145.1,100800.0,2026-09-17 18:00:00,2026-09-17 18:00:00,1008.0
20260917,180000,73W,37,2026,9,17,18,12.5,145.9,101000.0,2026-09-17 18:00:00,2026-09-17 18:00:00,1010.0
20260917,180000,73W,37,2026,9,17,18,12.8,144.8,100800.0,2026-09-17 18:00:00,2026-09-17 18:00:00,1008.0
20260917,180000,73W,37,2026,9,17,18,13.0,144.8,101100.0,2026-09-17 18:00:00,2026-09-17 18:00:00,1011.0
20260917,180000,73W,37,2026,9,17,18,14.200000000000001,143.1,100900.0,2026-09-17 18:00:00,2026-09-17 18:00:00,1009.0
20260917,180000,73W,37,2026,9,17,18,13.3,144.5,101100.0,2026-09-17 18:00:00,2026-09-17 18:00:00,1011.0
20260917,180000,73W,37,2026,9,17,18,13.9,145.4,100800.0,2026-09-17 18:00:00,2026-09-17 18:00:00,1008.0
20260917,180000,73W,37,2026,9,17,18,14.6,144.8,101100.0,2026-09-17 18:00:00,2026-09-17 18:00:00,1011.0
20260917,180000,73W,37,2026,9,17,18,15.0,143.70000000000002,100900.0,2026-09-17 18:00:00,2026-09-17 18:00:00,1009.0
20260917,180000,73W,37,2026,9,17,18,14.5,142.0,100700.0,2026-09-17 18:00:00,2026-09-17 18:00:00,1007.0
20260917,180000,73W,37,2026,9,17,18,15.0,142.0,100900.0,2026-09-17 18:00:00,2026-09-17 18:00:00,1009.0
20260917,180000,73W,38,2026,9,17,18,14.200000000000001,124.8,101100.0,2026-09-17 18:00:00,2026-09-17 18:00:00,1011.0
20260917,180000,73W,38,2026,9,17,18,15.6,125.7,100800.0,2026-09-17 18:00:00,2026-09-17 18:00:00,1008.0
20260917,180000,73W,38,2026,9,17,18,15.3,124.5,101000.0,2026-09-17 18:00:00,2026-09-17 18:00:00,1010.0
20260917,180000,73W,38,2026,9,17,18,16.7,124.0,100800.0,2026-09-17 18:00:00,2026-09-17 18:00:00,1008.0
20260917,180000,73W,38,2026,9,17,18,17.8,123.4,100900.0,2026-09-17 18:00:00,2026-09-17 18:00:00,1009.0
20260917,180000,73W,38,2026,9,17,18,17.3,123.7,100600.0,2026-09-17 18:00:00,2026-09-17 18:00:00,1006.0
20260917,180000,73W,38,2026,9,17,18,19.2,122.0,100800.0,2026-09-17 18:00:00,2026-09-17 18:00:00,1008.0
20260917,180000,73W,38,2026,9,17,18,19.5,122.3,100700.0,2026-09-17 18:00:00,2026-09-17 18:00:00,1007.0
20260917,180000,73W,38,2026,9,17,18,20.1,121.7,100800.0,2026-09-17 18:00:00,2026-09-17 18:00:00,1008.0
20260917,180000,73W,38,2026,9,17,18,20.7,122.0,100600.0,2026-09-17 18:00:00,2026-09-17 18:00:00,1006.0
20260917,180000,73W,38,2026,9,17,18,20.900000000000002,121.7,100800.0,2026-09-17 18:00:00,2026-09-17 18:00:00,1008.0
20260917,180000,73W,38,2026,9,17,18,23.8,122.0,100800.0,2026-09-17 18:00:00,2026-09-17 18:00:00,1008.0
20260917,180000,73W,38,2026,9,17,18,24.1,122.9,101000.0,2026-09-17 18:00:00,2026-09-17 18:00:00,1010.0
20260917,180000,73W,39,2026,9,17,18,12.8,168.4,101100.0,2026-09-17 18:00:00,2026-09-17 18:00:00,1011.0
20260917,180000,73W,39,2026,9,17,18,11.4,169.0,101000.0,2026-09-17 18:00:00,2026-09-17 18:00:00,1010.0
20260917,180000,73W,39,2026,9,17,18,11.9,167.3,101000.0,2026-09-17 18:00:00,2026-09-17 18:00:00,1010.0
20260917,180000,73W,39,2026,9,17,18,10.5,167.3,101000.0,2026-09-17 18:00:00,2026-09-17 18:00:00,1010.0
20260917,180000,73W,39,2026,9,17,18,11.6,168.4,100900.0,2026-09-17 18:00:00,2026-09-17 18:00:00,1009.0
20260917,180000,73W,39,2026,9,17,18,11.4,165.0,101100.0,2026-09-17 18:00:00,2026-09-17 18:00:00,1011.0
20260917,180000,73W,39,2026,9,17,18,11.6,163.9,101000.0,2026-09-17 18:00:00,2026-09-17 18:00:00,1010.0
20260917,180000,73W,39,2026,9,17,18,12.9,161.0,100900.0,2026-09-17 18:00:00,2026-09-17 18:00:00,1009.0
20260917,180000,73W,39,2026,9,17,18,13.9,159.4,101000.0,2026-09-17 18:00:00,2026-09-17 18:00:00,1010.0
20260917,180000,73W,39,2026,9,17,18,14.200000000000001,157.70000000000002,101100.0,2026-09-17 18:00:00,2026-09-17 18:00:00,1011.0
20260917,180000,73W,39,2026,9,17,18,14.200000000000001,156.3,100900.0,2026-09-17 18:00:00,2026-09-17 18:00:00,1009.0
20260917,180000,73W,39,2026,9,17,18,14.200000000000001,156.9,101100.0,2026-09-17 18:00:00,2026-09-17 18:00:00,1011.0
20260917,180000,73W,39,2026,9,17,18,14.9,156.70000000000002,100900.0,2026-09-17 18:00:00,2026-09-17 18:00:00,1009.0
20260917,180000,73W,39,2026,9,17,18,15.3,156.0,100900.0,2026-09-17 18:00:00,2026-09-17 18:00:00,1009.0
20260917,180000,73W,39,2026,9,17,18,15.9,155.5,100700.0,2026-09-17 18:00:00,2026-09-17 18:00:00,1007.0
20260917,180000,73W,39,2026,9,17,18,16.4,154.1,100900.0,2026-09-17 18:00:00,2026-09-17 18:00:00,1009.0
20260917,180000,73W,39,2026,9,17,18,16.1,153.0,100300.0,2026-09-17 18:00:00,2026-09-17 18:00:00,1003.0
20260917,180000,73W,39,2026,9,17,18,16.7,152.70000000000002,100400.0,2026-09-17 18:00:00,2026-09-17 18:00:00,1004.0
20260917,180000,73W,39,2026,9,17,18,17.0,151.5,100100.0,2026-09-17 18:00:00,2026-09-17 18:00:00,1001.0
20260917,180000,73W,39,2026,9,17,18,17.0,151.0,100200.0,2026-09-17 18:00:00,2026-09-17 18:00:00,1002.0
20260917,180000,73W,39,2026,9,17,18,16.7,149.6,99700.0,2026-09-17 18:00:00,2026-09-17 18:00:00,997.0
20260917,180000,73W,39,2026,9,17,18,16.7,149.0,99700.0,2026-09-17 18:00:00,2026-09-17 18:00:00,997.0
20260917,180000,73W,39,2026,9,17,18,17.0,147.9,99200.0,2026-09-17 18:00:00,2026-09-17 18:00:00,992.0
20260917,180000,73W,39,2026,9,17,18,16.7,147.0,99000.0,2026-09-17 18:00:00,2026-09-17 18:00:00,990.0
20260917,180000,73W,39,2026,9,17,18,17.3,145.6,98700.0,2026-09-17 18:00:00,2026-09-17 18:00:00,987.0
20260917,180000,73W,39,2026,9,17,18,17.6,144.8,98700.0,2026-09-17 18:00:00,2026-09-17 18:00:00,987.0
20260917,180000,73W,39,2026,9,17,18,17.6,143.70000000000002,98100.0,2026-09-17 18:00:00,2026-09-17 18:00:00,981.0
20260917,180000,73W,39,2026,9,17,18,17.6,143.1,98000.0,2026-09-17 18:00:00,2026-09-17 18:00:00,980.0
20260917,180000,73W,39,2026,9,17,18,17.8,142.5,97400.0,2026-09-17 18:00:00,2026-09-17 18:00:00,974.0
20260917,180000,73W,40,2026,9,17,18,11.1,151.3,100900.0,2026-09-17 18:00:00,2026-09-17 18:00:00,1009.0
20260917,180000,73W,40,2026,9,17,18,11.1,148.20000000000002,100900.0,2026-09-17 18:00:00,2026-09-17 18:00:00,1009.0
20260917,180000,73W,40,2026,9,17,18,11.6,150.4,100800.0,2026-09-17 18:00:00,2026-09-17 18:00:00,1008.0
20260917,180000,73W,40,2026,9,17,18,12.5,149.3,101100.0,2026-09-17 18:00:00,2026-09-17 18:00:00,1011.0
20260917,180000,73W,41,2026,9,17,18,16.1,149.9,100900.0,2026-09-17 18:00:00,2026-09-17 18:00:00,1009.0
20260917,180000,73W,41,2026,9,17,18,16.1,150.70000000000002,100500.0,2026-09-17 18:00:00,2026-09-17 18:00:00,1005.0
20260917,180000,73W,41,2026,9,17,18,17.6,154.1,100400.0,2026-09-17 18:00:00,2026-09-17 18:00:00,1004.0
20260917,180000,73W,41,2026,9,17,18,17.8,154.6,100500.0,2026-09-17 18:00:00,2026-09-17 18:00:00,1005.0
20260917,180000,73W,41,2026,9,17,18,18.7,155.20000000000002,100200.0,2026-09-17 18:00:00,2026-09-17 18:00:00,1002.0
20260917,180000,73W,41,2026,9,17,18,19.8,154.6,100200.0,2026-09-17 18:00:00,2026-09-17 18:00:00,1002.0
20260917,180000,73W,41,2026,9,17,18,20.7,153.5,99900.0,2026-09-17 18:00:00,2026-09-17 18:00:00,999.0
20260917,180000,73W,42,2026,9,17,18,13.6,136.4,100600.0,2026-09-17 18:00:00,2026-09-17 18:00:00,1006.0
20260917,180000,73W,42,2026,9,17,18,13.6,135.2,100600.0,2026-09-17 18:00:00,2026-09-17 18:00:00,1006.0
20260917,180000,73W,42,2026,9,17,18,13.9,134.4,100300.0,2026-09-17 18:00:00,2026-09-17 18:00:00,1003.0
20260917,180000,73W,42,2026,9,17,18,15.0,133.5,100600.0,2026-09-17 18:00:00,2026-09-17 18:00:00,1006.0
20260917,180000,73W,42,2026,9,17,18,15.0,132.1,100100.0,2026-09-17 18:00:00,2026-09-17 18:00:00,1001.0
20260917,180000,73W,42,2026,9,17,18,15.3,131.0,100000.0,2026-09-17 18:00:00,2026-09-17 18:00:00,1000.0
20260917,180000,73W,42,2026,9,17,18,15.6,130.5,99400.0,2026-09-17 18:00:00,2026-09-17 18:00:00,994.0
20260917,180000,73W,42,2026,9,17,18,16.1,129.3,99300.0,2026-09-17 18:00:00,2026-09-17 18:00:00,993.0
20260917,180000,73W,42,2026,9,17,18,16.7,128.2,99000.0,2026-09-17 18:00:00,2026-09-17 18:00:00,990.0
20260917,180000,73W,42,2026,9,17,18,17.0,127.10000000000001,98800.0,2026-09-17 18:00:00,2026-09-17 18:00:00,988.0
20260917,180000,73W,42,2026,9,17,18,17.6,126.2,98000.0,2026-09-17 18:00:00,2026-09-17 18:00:00,980.0
20260917,180000,73W,42,2026,9,17,18,17.8,125.4,98400.0,2026-09-17 18:00:00,2026-09-17 18:00:00,984.0
20260917,180000,73W,42,2026,9,17,18,18.400000000000002,124.5,97800.0,2026-09-17 18:00:00,2026-09-17 18:00:00,978.0
20260917,180000,73W,42,2026,9,17,18,18.7,124.0,97700.0,2026-09-17 18:00:00,2026-09-17 18:00:00,977.0
20260917,180000,73W,42,2026,9,17,18,19.2,123.10000000000001,97800.0,2026-09-17 18:00:00,2026-09-17 18:00:00,978.0
20260917,180000,73W,42,2026,9,17,18,19.8,122.3,98200.0,2026-09-17 18:00:00,2026-09-17 18:00:00,982.0
20260917,180000,73W,42,2026,9,17,18,19.8,121.7,97800.0,2026-09-17 18:00:00,2026-09-17 18:00:00,978.0
20260917,180000,73W,42,2026,9,17,18,20.400000000000002,121.2,97800.0,2026-09-17 18:00:00,2026-09-17 18:00:00,978.0
20260917,180000,73W,42,2026,9,17,18,20.400000000000002,120.3,97700.0,2026-09-17 18:00:00,2026-09-17 18:00:00,977.0
20260917,180000,73W,42,2026,9,17,18,20.7,119.8,97600.0,2026-09-17 18:00:00,2026-09-17 18:00:00,976.0
20260917,180000,73W,42,2026,9,17,18,20.900000000000002,118.9,97900.0,2026-09-17 18:00:00,2026-09-17 18:00:00,979.0
20260917,180000,73W,42,2026,9,17,18,20.900000000000002,118.4,97900.0,2026-09-17 18:00:00,2026-09-17 18:00:00,979.0
20260917,180000,73W,42,2026,9,17,18,20.900000000000002,117.2,98200.0,2026-09-17 18:00:00,2026-09-17 18:00:00,982.0
20260917,180000,73W,42,2026,9,17,18,20.7,116.7,98300.0,2026-09-17 18:00:00,2026-09-17 18:00:00,983.0
20260917,180000,73W,42,2026,9,17,18,21.2,115.8,98400.0,2026-09-17 18:00:00,2026-09-17 18:00:00,984.0
20260917,180000,73W,42,2026,9,17,18,20.900000000000002,114.7,99100.0,2026-09-17 18:00:00,2026-09-17 18:00:00,991.0
20260917,180000,73W,42,2026,9,17,18,20.900000000000002,113.9,99100.0,2026-09-17 18:00:00,2026-09-17 18:00:00,991.0
20260917,180000,73W,42,2026,9,17,18,20.900000000000002,112.5,99600.0,2026-09-17 18:00:00,2026-09-17 18:00:00,996.0
20260917,180000,73W,42,2026,9,17,18,21.5,111.3,99700.0,2026-09-17 18:00:00,2026-09-17 18:00:00,997.0
20260917,180000,73W,42,2026,9,17,18,21.5,110.2,100100.0,2026-09-17 18:00:00,2026-09-17 18:00:00,1001.0
20260917,180000,73W,42,2026,9,17,18,21.5,108.5,100100.0,2026-09-17 18:00:00,2026-09-17 18:00:00,1001.0
20260917,180000,73W,42,2026,9,17,18,21.5,106.5,100600.0,2026-09-17 18:00:00,2026-09-17 18:00:00,1006.0
20260917,180000,73W,42,2026,9,17,18,21.2,106.0,100400.0,2026-09-17 18:00:00,2026-09-17 18:00:00,1004.0
20260917,180000,73W,44,2026,9,17,18,12.8,157.5,101000.0,2026-09-17 18:00:00,2026-09-17 18:00:00,1010.0
20260917,180000,73W,44,2026,9,17,18,12.8,157.5,101000.0,2026-09-17 18:00:00,2026-09-17 18:00:00,1010.0
20260917,180000,73W,44,2026,9,17,18,11.9,157.5,100700.0,2026-09-17 18:00:00,2026-09-17 18:00:00,1007.0
20260917,180000,73W,44,2026,9,17,18,12.8,157.20000000000002,100900.0,2026-09-17 18:00:00,2026-09-17 18:00:00,1009.0
20260917,180000,73W,44,2026,9,17,18,12.5,156.3,100700.0,2026-09-17 18:00:00,2026-09-17 18:00:00,1007.0
20260917,180000,73W,44,2026,9,17,18,12.200000000000001,157.70000000000002,100700.0,2026-09-17 18:00:00,2026-09-17 18:00:00,1007.0
20260917,180000,73W,44,2026,9,17,18,13.3,158.3,100600.0,2026-09-17 18:00:00,2026-09-17 18:00:00,1006.0
20260917,180000,73W,44,2026,9,17,18,13.0,159.70000000000002,100700.0,2026-09-17 18:00:00,2026-09-17 18:00:00,1007.0
20260917,180000,73W,44,2026,9,17,18,13.0,160.8,100500.0,2026-09-17 18:00:00,2026-09-17 18:00:00,1005.0
20260917,180000,73W,44,2026,9,17,18,13.3,162.20000000000002,100300.0,2026-09-17 18:00:00,2026-09-17 18:00:00,1003.0
20260917,180000,73W,44,2026,9,17,18,13.3,163.4,99900.0,2026-09-17 18:00:00,2026-09-17 18:00:00,999.0
20260917,180000,73W,44,2026,9,17,18,13.3,164.20000000000002,99900.0,2026-09-17 18:00:00,2026-09-17 18:00:00,999.0
20260917,180000,73W,44,2026,9,17,18,13.9,165.6,99600.0,2026-09-17 18:00:00,2026-09-17 18:00:00,996.0
20260917,180000,73W,44,2026,9,17,18,13.9,166.20000000000002,99800.0,2026-09-17 18:00:00,2026-09-17 18:00:00,998.0
20260917,180000,73W,44,2026,9,17,18,14.200000000000001,167.0,99300.0,2026-09-17 18:00:00,2026-09-17 18:00:00,993.0
20260917,180000,73W,44,2026,9,17,18,14.700000000000001,167.3,99500.0,2026-09-17 18:00:00,2026-09-17 18:00:00,995.0
20260917,180000,73W,44,2026,9,17,18,15.3,166.70000000000002,99200.0,2026-09-17 18:00:00,2026-09-17 18:00:00,992.0
20260917,180000,73W,44,2026,9,17,18,15.6,166.70000000000002,99500.0,2026-09-17 18:00:00,2026-09-17 18:00:00,995.0
20260917,180000,73W,44,2026,9,17,18,16.4,166.5,99500.0,2026-09-17 18:00:00,2026-09-17 18:00:00,995.0
20260917,180000,73W,44,2026,9,17,18,17.0,165.6,99800.0,2026-09-17 18:00:00,2026-09-17 18:00:00,998.0
20260917,180000,73W,44,2026,9,17,18,17.6,164.20000000000002,99500.0,2026-09-17 18:00:00,2026-09-17 18:00:00,995.0
20260917,180000,73W,44,2026,9,17,18,18.400000000000002,162.8,99400.0,2026-09-17 18:00:00,2026-09-17 18:00:00,994.0
20260917,180000,73W,44,2026,9,17,18,18.7,161.70000000000002,99000.0,2026-09-17 18:00:00,2026-09-17 18:00:00,990.0
20260917,180000,73W,44,2026,9,17,18,19.2,160.0,99700.0,2026-09-17 18:00:00,2026-09-17 18:00:00,997.0
20260917,180000,73W,44,2026,9,17,18,19.8,158.3,99300.0,2026-09-17 18:00:00,2026-09-17 18:00:00,993.0
20260917,180000,73W,44,2026,9,17,18,20.400000000000002,156.3,99300.0,2026-09-17 18:00:00,2026-09-17 18:00:00,993.0
20260917,180000,73W,44,2026,9,17,18,21.2,154.4,99300.0,2026-09-17 18:00:00,2026-09-17 18:00:00,993.0
20260917,180000,73W,44,2026,9,17,18,21.8,152.4,99600.0,2026-09-17 18:00:00,2026-09-17 18:00:00,996.0
20260917,180000,73W,44,2026,9,17,18,22.3,150.4,99000.0,2026-09-17 18:00:00,2026-09-17 18:00:00,990.0
20260917,180000,73W,44,2026,9,17,18,23.2,149.0,99100.0,2026-09-17 18:00:00,2026-09-17 18:00:00,991.0
20260917,180000,73W,44,2026,9,17,18,24.0,147.0,98700.0,2026-09-17 18:00:00,2026-09-17 18:00:00,987.0
20260917,180000,73W,44,2026,9,17,18,24.900000000000002,146.20000000000002,98300.0,2026-09-17 18:00:00,2026-09-17 18:00:00,983.0
20260917,180000,73W,44,2026,9,17,18,26.0,145.1,98200.0,2026-09-17 18:00:00,2026-09-17 18:00:00,982.0
20260917,180000,73W,46,2026,9,17,18,13.9,133.3,101000.0,2026-09-17 18:00:00,2026-09-17 18:00:00,1010.0
20260917,180000,73W,46,2026,9,17,18,16.1,130.5,101000.0,2026-09-17 18:00:00,2026-09-17 18:00:00,1010.0
20260917,180000,73W,46,2026,9,17,18,15.0,126.2,100800.0,2026-09-17 18:00:00,2026-09-17 18:00:00,1008.0
20260917,180000,73W,46,2026,9,17,18,15.0,125.4,101000.0,2026-09-17 18:00:00,2026-09-17 18:00:00,1010.0
20260917,180000,73W,46,2026,9,17,18,15.3,125.10000000000001,100900.0,2026-09-17 18:00:00,2026-09-17 18:00:00,1009.0
20260917,180000,73W,46,2026,9,17,18,15.9,124.0,101100.0,2026-09-17 18:00:00,2026-09-17 18:00:00,1011.0
20260917,180000,73W,46,2026,9,17,18,15.9,123.0,100800.0,2026-09-17 18:00:00,2026-09-17 18:00:00,1008.0
20260917,180000,73W,46,2026,9,17,18,17.8,120.3,101100.0,2026-09-17 18:00:00,2026-09-17 18:00:00,1011.0
20260917,180000,73W,46,2026,9,17,18,17.6,119.60000000000001,100800.0,2026-09-17 18:00:00,2026-09-17 18:00:00,1008.0
20260917,180000,73W,46,2026,9,17,18,17.6,118.4,100800.0,2026-09-17 18:00:00,2026-09-17 18:00:00,1008.0
20260917,180000,73W,46,2026,9,17,18,17.8,116.7,100600.0,2026-09-17 18:00:00,2026-09-17 18:00:00,1006.0
20260917,180000,73W,46,2026,9,17,18,18.1,115.5,100700.0,2026-09-17 18:00:00,2026-09-17 18:00:00,1007.0
20260917,180000,73W,46,2026,9,17,18,18.1,113.9,100500.0,2026-09-17 18:00:00,2026-09-17 18:00:00,1005.0
20260917,180000,73W,46,2026,9,17,18,18.400000000000002,113.0,100500.0,2026-09-17 18:00:00,2026-09-17 18:00:00,1005.0
20260917,180000,73W,46,2026,9,17,18,19.0,111.9,100400.0,2026-09-17 18:00:00,2026-09-17 18:00:00,1004.0
20260917,180000,73W,46,2026,9,17,18,19.0,110.8,100600.0,2026-09-17 18:00:00,2026-09-17 18:00:00,1006.0
20260917,180000,73W,46,2026,9,17,18,19.0,108.5,100700.0,2026-09-17 18:00:00,2026-09-17 18:00:00,1007.0
20260917,180000,73W,46,2026,9,17,18,18.1,108.2,100700.0,2026-09-17 18:00:00,2026-09-17 18:00:00,1007.0
20260917,180000,73W,46,2026,9,17,18,18.400000000000002,107.10000000000001,100700.0,2026-09-17 18:00:00,2026-09-17 18:00:00,1007.0
20260917,180000,73W,46,2026,9,17,18,18.7,106.0,100800.0,2026-09-17 18:00:00,2026-09-17 18:00:00,1008.0
20260917,180000,73W,46,2026,9,17,18,19.0,105.4,101000.0,2026-09-17 18:00:00,2026-09-17 18:00:00,1010.0
20260917,180000,73W,47,2026,9,17,18,10.5,179.4,100900.0,2026-09-17 18:00:00,2026-09-17 18:00:00,1009.0
20260917,180000,73W,47,2026,9,17,18,10.200000000000001,179.1,100800.0,2026-09-17 18:00:00,2026-09-17 18:00:00,1008.0
20260917,180000,73W,47,2026,9,17,18,10.200000000000001,179.1,100800.0,2026-09-17 18:00:00,2026-09-17 18:00:00,1008.0
20260917,180000,73W,47,2026,9,17,18,10.200000000000001,179.1,100700.0,2026-09-17 18:00:00,2026-09-17 18:00:00,1007.0
20260917,180000,73W,47,2026,9,17,18,10.8,179.1,100700.0,2026-09-17 18:00:00,2026-09-17 18:00:00,1007.0
20260917,180000,73W,47,2026,9,17,18,10.200000000000001,179.1,100700.0,2026-09-17 18:00:00,2026-09-17 18:00:00,1007.0
20260917,180000,73W,47,2026,9,17,18,10.8,178.0,100700.0,2026-09-17 18:00:00,2026-09-17 18:00:00,1007.0
20260917,180000,73W,47,2026,9,17,18,11.9,176.3,100600.0,2026-09-17 18:00:00,2026-09-17 18:00:00,1006.0
20260917,180000,73W,47,2026,9,17,18,12.5,177.1,100500.0,2026-09-17 18:00:00,2026-09-17 18:00:00,1005.0
20260917,180000,73W,47,2026,9,17,18,13.6,176.0,100400.0,2026-09-17 18:00:00,2026-09-17 18:00:00,1004.0
20260917,180000,73W,47,2026,9,17,18,13.0,174.6,100600.0,2026-09-17 18:00:00,2026-09-17 18:00:00,1006.0
20260917,180000,73W,47,2026,9,17,18,13.6,174.3,100500.0,2026-09-17 18:00:00,2026-09-17 18:00:00,1005.0
20260917,180000,73W,47,2026,9,17,18,15.6,174.9,100600.0,2026-09-17 18:00:00,2026-09-17 18:00:00,1006.0
20260917,180000,73W,47,2026,9,17,18,15.6,174.9,100600.0,2026-09-17 18:00:00,2026-09-17 18:00:00,1006.0
20260917,180000,73W,48,2026,9,17,18,11.9,167.3,100700.0,2026-09-17 18:00:00,2026-09-17 18:00:00,1007.0
20260917,180000,73W,48,2026,9,17,18,12.8,168.4,100700.0,2026-09-17 18:00:00,2026-09-17 18:00:00,1007.0
20260917,180000,73W,48,2026,9,17,18,14.200000000000001,170.70000000000002,100700.0,2026-09-17 18:00:00,2026-09-17 18:00:00,1007.0
20260917,180000,73W,50,2026,9,17,18,15.4,109.8,100900.0,2026-09-17 18:00:00,2026-09-17 18:00:00,1009.0
20260917,180000,73W,50,2026,9,17,18,16.9,104.8,100900.0,2026-09-17 18:00:00,2026-09-17 18:00:00,1009.0
20260917,180000,73W,50,2026,9,17,18,16.4,105.7,100900.0,2026-09-17 18:00:00,2026-09-17 18:00:00,1009.0
20260917,180000,73W,50,2026,9,17,18,16.7,107.7,100900.0,2026-09-17 18:00:00,2026-09-17 18:00:00,1009.0
20260917,180000,73W,51,2026,9,17,18,13.3,153.8,100800.0,2026-09-17 18:00:00,2026-09-17 18:00:00,1008.0
20260917,180000,73W,51,2026,9,17,18,15.0,156.9,101000.0,2026-09-17 18:00:00,2026-09-17 18:00:00,1010.0
20260917,180000,73W,51,2026,9,17,18,15.0,158.9,101000.0,2026-09-17 18:00:00,2026-09-17 18:00:00,1010.0
20260917,180000,73W,51,2026,9,17,18,13.9,157.20000000000002,100900.0,2026-09-17 18:00:00,2026-09-17 18:00:00,1009.0
20260917,180000,73W,51,2026,9,17,18,14.200000000000001,157.70000000000002,100700.0,2026-09-17 18:00:00,2026-09-17 18:00:00,1007.0
20260917,180000,73W,51,2026,9,17,18,15.0,157.20000000000002,100900.0,2026-09-17 18:00:00,2026-09-17 18:00:00,1009.0
20260917,180000,73W,51,2026,9,17,18,15.0,157.70000000000002,100600.0,2026-09-17 18:00:00,2026-09-17 18:00:00,1006.0
20260917,180000,73W,51,2026,9,17,18,15.0,157.70000000000002,100800.0,2026-09-17 18:00:00,2026-09-17 18:00:00,1008.0
20260917,180000,73W,51,2026,9,17,18,15.0,158.0,100600.0,2026-09-17 18:00:00,2026-09-17 18:00:00,1006.0
20260917,180000,73W,51,2026,9,17,18,14.700000000000001,158.9,100600.0,2026-09-17 18:00:00,2026-09-17 18:00:00,1006.0
20260917,180000,73W,51,2026,9,17,18,14.700000000000001,158.9,100700.0,2026-09-17 18:00:00,2026-09-17 18:00:00,1007.0
20260917,180000,73W,51,2026,9,17,18,15.0,159.4,100400.0,2026-09-17 18:00:00,2026-09-17 18:00:00,1004.0
20260917,180000,73W,51,2026,9,17,18,14.3,159.8,100600.0,2026-09-17 18:00:00,2026-09-17 18:00:00,1006.0
20260917,180000,73W,51,2026,9,17,18,13.9,160.3,100100.0,2026-09-17 18:00:00,2026-09-17 18:00:00,1001.0
20260917,180000,73W,51,2026,9,17,18,14.5,161.4,100200.0,2026-09-17 18:00:00,2026-09-17 18:00:00,1002.0
20260917,180000,73W,51,2026,9,17,18,15.3,162.5,100000.0,2026-09-17 18:00:00,2026-09-17 18:00:00,1000.0
20260917,180000,73W,51,2026,9,17,18,15.9,163.4,100100.0,2026-09-17 18:00:00,2026-09-17 18:00:00,1001.0
20260917,180000,73W,51,2026,9,17,18,16.4,164.8,99900.0,2026-09-17 18:00:00,2026-09-17 18:00:00,999.0
20260917,180000,73W,51,2026,9,17,18,17.0,165.6,99900.0,2026-09-17 18:00:00,2026-09-17 18:00:00,999.0
20260917,180000,73W,52,2026,9,17,18,13.6,155.8,101200.0,2026-09-17 18:00:00,2026-09-17 18:00:00,1012.0
20260917,180000,73W,52,2026,9,17,18,14.5,154.4,101200.0,2026-09-17 18:00:00,2026-09-17 18:00:00,1012.0
20260917,180000,73W,52,2026,9,17,18,14.5,151.3,100900.0,2026-09-17 18:00:00,2026-09-17 18:00:00,1009.0
20260917,180000,73W,52,2026,9,17,18,14.5,152.4,101100.0,2026-09-17 18:00:00,2026-09-17 18:00:00,1011.0
20260917,180000,73W,52,2026,9,17,18,14.5,151.3,100800.0,2026-09-17 18:00:00,2026-09-17 18:00:00,1008.0
20260917,180000,73W,52,2026,9,17,18,15.6,151.3,101000.0,2026-09-17 18:00:00,2026-09-17 18:00:00,1010.0
20260917,180000,73W,52,2026,9,17,18,15.6,150.70000000000002,100800.0,2026-09-17 18:00:00,2026-09-17 18:00:00,1008.0
20260917,180000,73W,52,2026,9,17,18,15.6,150.1,101000.0,2026-09-17 18:00:00,2026-09-17 18:00:00,1010.0
20260917,180000,73W,52,2026,9,17,18,16.0,149.1,100700.0,2026-09-17 18:00:00,2026-09-17 18:00:00,1007.0
20260917,180000,73W,52,2026,9,17,18,16.4,148.5,100900.0,2026-09-17 18:00:00,2026-09-17 18:00:00,1009.0
20260917,180000,73W,52,2026,9,17,18,16.0,147.6,100700.0,2026-09-17 18:00:00,2026-09-17 18:00:00,1007.0
20260917,180000,73W,52,2026,9,17,18,15.9,146.8,100800.0,2026-09-17 18:00:00,2026-09-17 18:00:00,1008.0
20260917,180000,73W,52,2026,9,17,18,15.700000000000001,146.3,100500.0,2026-09-17 18:00:00,2026-09-17 18:00:00,1005.0
20260917,180000,73W,52,2026,9,17,18,15.6,145.9,100700.0,2026-09-17 18:00:00,2026-09-17 18:00:00,1007.0
20260917,180000,73W,52,2026,9,17,18,15.0,145.6,100400.0,2026-09-17 18:00:00,2026-09-17 18:00:00,1004.0
20260917,180000,73W,52,2026,9,17,18,15.6,146.5,100600.0,2026-09-17 18:00:00,2026-09-17 18:00:00,1006.0
20260917,180000,73W,52,2026,9,17,18,15.8,146.6,100300.0,2026-09-17 18:00:00,2026-09-17 18:00:00,1003.0
20260917,180000,73W,52,2026,9,17,18,16.4,147.6,100500.0,2026-09-17 18:00:00,2026-09-17 18:00:00,1005.0
20260917,180000,73W,52,2026,9,17,18,17.3,149.0,100200.0,2026-09-17 18:00:00,2026-09-17 18:00:00,1002.0
20260917,180000,74W,3,2026,9,17,18,15.3,134.1,100600.0,2026-09-17 18:00:00,2026-09-17 18:00:00,1006.0
20260917,180000,74W,3,2026,9,17,18,15.0,133.3,100800.0,2026-09-17 18:00:00,2026-09-17 18:00:00,1008.0
20260917,180000,74W,3,2026,9,17,18,15.0,133.8,100600.0,2026-09-17 18:00:00,2026-09-17 18:00:00,1006.0
20260917,180000,74W,3,2026,9,17,18,15.3,132.7,100800.0,2026-09-17 18:00:00,2026-09-17 18:00:00,1008.0
20260917,180000,74W,3,2026,9,17,18,15.6,132.7,100600.0,2026-09-17 18:00:00,2026-09-17 18:00:00,1006.0
20260917,180000,74W,3,2026,9,17,18,15.6,131.6,100700.0,2026-09-17 18:00:00,2026-09-17 18:00:00,1007.0
20260917,180000,74W,3,2026,9,17,18,15.6,130.5,100600.0,2026-09-17 18:00:00,2026-09-17 18:00:00,1006.0
20260917,180000,74W,3,2026,9,17,18,17.0,129.0,100800.0,2026-09-17 18:00:00,2026-09-17 18:00:00,1008.0
20260917,180000,74W,3,2026,9,17,18,15.6,126.5,100800.0,2026-09-17 18:00:00,2026-09-17 18:00:00,1008.0
20260917,180000,74W,3,2026,9,17,18,16.1,127.10000000000001,100600.0,2026-09-17 18:00:00,2026-09-17 18:00:00,1006.0
20260917,180000,74W,3,2026,9,17,18,18.1,125.7,100600.0,2026-09-17 18:00:00,2026-09-17 18:00:00,1006.0
20260917,180000,74W,3,2026,9,17,18,19.0,124.5,100800.0,2026-09-17 18:00:00,2026-09-17 18:00:00,1008.0
20260917,180000,74W,3,2026,9,17,18,19.7,122.60000000000001,100800.0,2026-09-17 18:00:00,2026-09-17 18:00:00,1008.0
20260917,180000,74W,4,2026,9,17,18,9.700000000000001,178.8,100800.0,2026-09-17 18:00:00,2026-09-17 18:00:00,1008.0
20260917,180000,74W,4,2026,9,17,18,12.200000000000001,181.1,101000.0,2026-09-17 18:00:00,2026-09-17 18:00:00,1010.0
20260917,180000,74W,4,2026,9,17,18,12.5,182.79999999999998,100900.0,2026-09-17 18:00:00,2026-09-17 18:00:00,1009.0
20260917,180000,74W,4,2026,9,17,18,12.8,181.9,101000.0,2026-09-17 18:00:00,2026-09-17 18:00:00,1010.0
20260917,180000,74W,4,2026,9,17,18,13.3,182.5,101000.0,2026-09-17 18:00:00,2026-09-17 18:00:00,1010.0
20260917,180000,74W,4,2026,9,17,18,12.8,183.0,101000.0,2026-09-17 18:00:00,2026-09-17 18:00:00,1010.0
20260917,180000,74W,4,2026,9,17,18,12.8,182.5,100900.0,2026-09-17 18:00:00,2026-09-17 18:00:00,1009.0
20260917,180000,74W,5,2026,9,17,18,17.3,162.5,100900.0,2026-09-17 18:00:00,2026-09-17 18:00:00,1009.0
20260917,180000,74W,5,2026,9,17,18,19.3,163.1,100900.0,2026-09-17 18:00:00,2026-09-17 18:00:00,1009.0
20260917,180000,74W,5,2026,9,17,18,19.1,162.0,100800.0,2026-09-17 18:00:00,2026-09-17 18:00:00,1008.0
20260917,180000,74W,5,2026,9,17,18,20.900000000000002,161.1,100600.0,2026-09-17 18:00:00,2026-09-17 18:00:00,1006.0
20260917,180000,74W,5,2026,9,17,18,21.5,159.70000000000002,100600.0,2026-09-17 18:00:00,2026-09-17 18:00:00,1006.0
20260917,180000,74W,5,2026,9,17,18,21.400000000000002,158.6,100400.0,2026-09-17 18:00:00,2026-09-17 18:00:00,1004.0
20260917,180000,74W,5,2026,9,17,18,21.6,157.4,100500.0,2026-09-17 18:00:00,2026-09-17 18:00:00,1005.0
20260917,180000,74W,5,2026,9,17,18,21.8,156.6,100400.0,2026-09-17 18:00:00,2026-09-17 18:00:00,1004.0
20260917,180000,74W,5,2026,9,17,18,21.8,155.5,100600.0,2026-09-17 18:00:00,2026-09-17 18:00:00,1006.0
20260917,180000,74W,5,2026,9,17,18,21.8,154.6,100400.0,2026-09-17 18:00:00,2026-09-17 18:00:00,1004.0
20260917,180000,74W,5,2026,9,17,18,21.5,153.5,100600.0,2026-09-17 18:00:00,2026-09-17 18:00:00,1006.0
20260917,180000,74W,5,2026,9,17,18,21.2,153.20000000000002,100400.0,2026-09-17 18:00:00,2026-09-17 18:00:00,1004.0
20260917,180000,74W,5,2026,9,17,18,20.900000000000002,152.70000000000002,100500.0,2026-09-17 18:00:00,2026-09-17 18:00:00,1005.0
20260917,180000,74W,5,2026,9,17,18,21.2,152.4,100400.0,2026-09-17 18:00:00,2026-09-17 18:00:00,1004.0
20260917,180000,74W,5,2026,9,17,18,21.400000000000002,151.3,100700.0,2026-09-17 18:00:00,2026-09-17 18:00:00,1007.0
20260917,180000,74W,5,2026,9,17,18,21.8,150.70000000000002,100500.0,2026-09-17 18:00:00,2026-09-17 18:00:00,1005.0
20260917,180000,74W,5,2026,9,17,18,22.1,149.9,100700.0,2026-09-17 18:00:00,2026-09-17 18:00:00,1007.0
20260917,180000,74W,5,2026,9,17,18,21.8,149.3,100400.0,2026-09-17 18:00:00,2026-09-17 18:00:00,1004.0
20260917,180000,74W,5,2026,9,17,18,22.0,148.5,100700.0,2026-09-17 18:00:00,2026-09-17 18:00:00,1007.0
20260917,180000,74W,5,2026,9,17,18,22.3,147.6,100600.0,2026-09-17 18:00:00,2026-09-17 18:00:00,1006.0
20260917,180000,74W,5,2026,9,17,18,21.8,146.8,100700.0,2026-09-17 18:00:00,2026-09-17 18:00:00,1007.0
20260917,180000,74W,5,2026,9,17,18,21.8,147.0,100500.0,2026-09-17 18:00:00,2026-09-17 18:00:00,1005.0
20260917,180000,74W,5,2026,9,17,18,21.5,146.4,100700.0,2026-09-17 18:00:00,2026-09-17 18:00:00,1007.0
20260917,180000,74W,5,2026,9,17,18,20.7,146.20000000000002,100500.0,2026-09-17 18:00:00,2026-09-17 18:00:00,1005.0
20260917,180000,74W,5,2026,9,17,18,20.7,146.20000000000002,100700.0,2026-09-17 18:00:00,2026-09-17 18:00:00,1007.0
20260917,180000,74W,5,2026,9,17,18,19.0,145.9,100500.0,2026-09-17 18:00:00,2026-09-17 18:00:00,1005.0
20260917,180000,74W,6,2026,9,17,18,16.7,159.1,100900.0,2026-09-17 18:00:00,2026-09-17 18:00:00,1009.0
20260917,180000,74W,6,2026,9,17,18,16.7,159.1,100700.0,2026-09-17 18:00:00,2026-09-17 18:00:00,1007.0
20260917,180000,74W,6,2026,9,17,18,16.4,160.8,100900.0,2026-09-17 18:00:00,2026-09-17 18:00:00,1009.0
20260917,180000,74W,6,2026,9,17,18,16.1,161.70000000000002,100700.0,2026-09-17 18:00:00,2026-09-17 18:00:00,1007.0
20260917,180000,74W,7,2026,9,17,18,31.6,140.3,101700.0,2026-09-17 18:00:00,2026-09-17 18:00:00,1017.0
20260917,180000,74W,7,2026,9,17,18,34.2,142.0,101600.0,2026-09-17 18:00:00,2026-09-17 18:00:00,1016.0
20260917,180000,74W,8,2026,9,17,18,16.8,119.9,101000.0,2026-09-17 18:00:00,2026-09-17 18:00:00,1010.0
20260917,180000,74W,8,2026,9,17,18,18.0,120.0,101200.0,2026-09-17 18:00:00,2026-09-17 18:00:00,1012.0
20260917,180000,74W,8,2026,9,17,18,18.400000000000002,120.3,100900.0,2026-09-17 18:00:00,2026-09-17 18:00:00,1009.0
20260917,180000,74W,9,2026,9,17,18,7.7,177.70000000000002,100900.0,2026-09-17 18:00:00,2026-09-17 18:00:00,1009.0
20260917,180000,74W,9,2026,9,17,18,10.5,179.70000000000002,100900.0,2026-09-17 18:00:00,2026-09-17 18:00:00,1009.0
20260917,180000,74W,9,2026,9,17,18,12.200000000000001,176.9,100900.0,2026-09-17 18:00:00,2026-09-17 18:00:00,1009.0
20260917,180000,74W,9,2026,9,17,18,11.9,176.9,101100.0,2026-09-17 18:00:00,2026-09-17 18:00:00,1011.0
20260917,180000,74W,9,2026,9,17,18,13.9,178.5,101000.0,2026-09-17 18:00:00,2026-09-17 18:00:00,1010.0
20260917,180000,74W,9,2026,9,17,18,12.5,179.70000000000002,101000.0,2026-09-17 18:00:00,2026-09-17 18:00:00,1010.0
20260917,180000,74W,9,2026,9,17,18,12.8,179.70000000000002,100900.0,2026-09-17 18:00:00,2026-09-17 18:00:00,1009.0
20260917,180000,74W,9,2026,9,17,18,12.8,176.3,100900.0,2026-09-17 18:00:00,2026-09-17 18:00:00,1009.0
20260917,180000,74W,9,2026,9,17,18,11.6,173.8,100800.0,2026-09-17 18:00:00,2026-09-17 18:00:00,1008.0
20260917,180000,74W,9,2026,9,17,18,11.3,174.20000000000002,100700.0,2026-09-17 18:00:00,2026-09-17 18:00:00,1007.0
20260917,180000,74W,9,2026,9,17,18,11.4,174.3,100500.0,2026-09-17 18:00:00,2026-09-17 18:00:00,1005.0
20260917,180000,74W,9,2026,9,17,18,11.1,175.20000000000002,100600.0,2026-09-17 18:00:00,2026-09-17 18:00:00,1006.0
20260917,180000,74W,9,2026,9,17,18,11.4,175.5,100400.0,2026-09-17 18:00:00,2026-09-17 18:00:00,1004.0
20260917,180000,74W,9,2026,9,17,18,11.9,176.6,100500.0,2026-09-17 18:00:00,2026-09-17 18:00:00,1005.0
20260917,180000,74W,9,2026,9,17,18,12.8,178.3,100400.0,2026-09-17 18:00:00,2026-09-17 18:00:00,1004.0
20260917,180000,74W,9,2026,9,17,18,14.200000000000001,179.4,100300.0,2026-09-17 18:00:00,2026-09-17 18:00:00,1003.0
20260917,180000,74W,9,2026,9,17,18,15.6,180.2,100000.0,2026-09-17 18:00:00,2026-09-17 18:00:00,1000.0
20260917,180000,74W,9,2026,9,17,18,16.4,180.5,99600.0,2026-09-17 18:00:00,2026-09-17 18:00:00,996.0
20260917,180000,74W,9,2026,9,17,18,17.6,180.0,99600.0,2026-09-17 18:00:00,2026-09-17 18:00:00,996.0
20260917,180000,74W,9,2026,9,17,18,18.7,179.70000000000002,99600.0,2026-09-17 18:00:00,2026-09-17 18:00:00,996.0
20260917,180000,74W,9,2026,9,17,18,19.5,179.1,99800.0,2026-09-17 18:00:00,2026-09-17 18:00:00,998.0
20260917,180000,74W,9,2026,9,17,18,20.400000000000002,178.5,99800.0,2026-09-17 18:00:00,2026-09-17 18:00:00,998.0
20260917,180000,74W,9,2026,9,17,18,20.7,178.3,99800.0,2026-09-17 18:00:00,2026-09-17 18:00:00,998.0
20260917,180000,74W,9,2026,9,17,18,21.2,177.1,100000.0,2026-09-17 18:00:00,2026-09-17 18:00:00,1000.0
20260917,180000,74W,9,2026,9,17,18,21.5,176.3,100200.0,2026-09-17 18:00:00,2026-09-17 18:00:00,1002.0
20260917,180000,74W,10,2026,9,17,18,11.1,176.0,100900.0,2026-09-17 18:00:00,2026-09-17 18:00:00,1009.0
20260917,180000,74W,10,2026,9,17,18,8.5,175.5,100800.0,2026-09-17 18:00:00,2026-09-17 18:00:00,1008.0
20260917,180000,74W,10,2026,9,17,18,9.1,177.70000000000002,100900.0,2026-09-17 18:00:00,2026-09-17 18:00:00,1009.0
20260917,180000,74W,10,2026,9,17,18,9.1,177.1,100800.0,2026-09-17 18:00:00,2026-09-17 18:00:00,1008.0
20260917,180000,74W,10,2026,9,17,18,9.1,175.20000000000002,100900.0,2026-09-17 18:00:00,2026-09-17 18:00:00,1009.0
20260917,180000,74W,10,2026,9,17,18,8.3,172.9,100700.0,2026-09-17 18:00:00,2026-09-17 18:00:00,1007.0
20260917,180000,74W,10,2026,9,17,18,9.700000000000001,174.6,100600.0,2026-09-17 18:00:00,2026-09-17 18:00:00,1006.0
20260917,180000,74W,10,2026,9,17,18,11.1,173.8,100700.0,2026-09-17 18:00:00,2026-09-17 18:00:00,1007.0
20260917,180000,74W,10,2026,9,17,18,12.5,172.4,100600.0,2026-09-17 18:00:00,2026-09-17 18:00:00,1006.0
20260917,180000,74W,10,2026,9,17,18,13.0,171.5,100500.0,2026-09-17 18:00:00,2026-09-17 18:00:00,1005.0
20260917,180000,74W,11,2026,9,17,18,15.3,153.8,100800.0,2026-09-17 18:00:00,2026-09-17 18:00:00,1008.0
20260917,180000,74W,11,2026,9,17,18,16.1,154.6,101000.0,2026-09-17 18:00:00,2026-09-17 18:00:00,1010.0
20260917,180000,74W,11,2026,9,17,18,15.9,155.5,100900.0,2026-09-17 18:00:00,2026-09-17 18:00:00,1009.0
20260917,180000,74W,11,2026,9,17,18,15.0,156.3,100600.0,2026-09-17 18:00:00,2026-09-17 18:00:00,1006.0
20260917,180000,74W,11,2026,9,17,18,15.6,155.8,100800.0,2026-09-17 18:00:00,2026-09-17 18:00:00,1008.0
20260917,180000,74W,11,2026,9,17,18,15.9,155.5,100500.0,2026-09-17 18:00:00,2026-09-17 18:00:00,1005.0
20260917,180000,74W,11,2026,9,17,18,16.4,154.9,100500.0,2026-09-17 18:00:00,2026-09-17 18:00:00,1005.0
20260917,180000,74W,11,2026,9,17,18,16.7,153.8,100200.0,2026-09-17 18:00:00,2026-09-17 18:00:00,1002.0
20260917,180000,74W,11,2026,9,17,18,17.3,152.9,100200.0,2026-09-17 18:00:00,2026-09-17 18:00:00,1002.0
20260917,180000,74W,11,2026,9,17,18,17.8,151.4,99900.0,2026-09-17 18:00:00,2026-09-17 18:00:00,999.0
20260917,180000,74W,11,2026,9,17,18,17.3,151.0,100000.0,2026-09-17 18:00:00,2026-09-17 18:00:00,1000.0
20260917,180000,74W,11,2026,9,17,18,17.0,151.0,99600.0,2026-09-17 18:00:00,2026-09-17 18:00:00,996.0
20260917,180000,74W,11,2026,9,17,18,18.1,150.4,99800.0,2026-09-17 18:00:00,2026-09-17 18:00:00,998.0
20260917,180000,74W,11,2026,9,17,18,18.400000000000002,149.9,99400.0,2026-09-17 18:00:00,2026-09-17 18:00:00,994.0
20260917,180000,74W,11,2026,9,17,18,19.3,148.4,99500.0,2026-09-17 18:00:00,2026-09-17 18:00:00,995.0
20260917,180000,74W,11,2026,9,17,18,19.5,147.6,99200.0,2026-09-17 18:00:00,2026-09-17 18:00:00,992.0
20260917,180000,74W,11,2026,9,17,18,19.8,146.8,99000.0,2026-09-17 18:00:00,2026-09-17 18:00:00,990.0
20260917,180000,74W,11,2026,9,17,18,20.400000000000002,145.4,98600.0,2026-09-17 18:00:00,2026-09-17 18:00:00,986.0
20260917,180000,74W,11,2026,9,17,18,20.7,144.5,98300.0,2026-09-17 18:00:00,2026-09-17 18:00:00,983.0
20260917,180000,74W,11,2026,9,17,18,21.2,143.70000000000002,97800.0,2026-09-17 18:00:00,2026-09-17 18:00:00,978.0
20260917,180000,74W,11,2026,9,17,18,21.5,143.1,97600.0,2026-09-17 18:00:00,2026-09-17 18:00:00,976.0
20260917,180000,74W,11,2026,9,17,18,22.3,142.0,97000.0,2026-09-17 18:00:00,2026-09-17 18:00:00,970.0
20260917,180000,74W,11,2026,9,17,18,22.6,141.4,96800.0,2026-09-17 18:00:00,2026-09-17 18:00:00,968.0
20260917,180000,74W,11,2026,9,17,18,22.900000000000002,140.6,96300.0,2026-09-17 18:00:00,2026-09-17 18:00:00,963.0
20260917,180000,74W,11,2026,9,17,18,23.5,139.70000000000002,96100.0,2026-09-17 18:00:00,2026-09-17 18:00:00,961.0
20260917,180000,74W,11,2026,9,17,18,24.0,138.9,95800.0,2026-09-17 18:00:00,2026-09-17 18:00:00,958.0
20260917,180000,74W,11,2026,9,17,18,24.3,138.9,95400.0,2026-09-17 18:00:00,2026-09-17 18:00:00,954.0
20260917,180000,74W,11,2026,9,17,18,24.900000000000002,138.6,95400.0,2026-09-17 18:00:00,2026-09-17 18:00:00,954.0
20260917,180000,74W,12,2026,9,17,18,12.5,135.2,101100.0,2026-09-17 18:00:00,2026-09-17 18:00:00,1011.0
20260917,180000,74W,12,2026,9,17,18,13.9,134.5,100700.0,2026-09-17 18:00:00,2026-09-17 18:00:00,1007.0
20260917,180000,74W,12,2026,9,17,18,14.5,132.1,100700.0,2026-09-17 18:00:00,2026-09-17 18:00:00,1007.0
20260917,180000,74W,12,2026,9,17,18,14.200000000000001,131.3,101000.0,2026-09-17 18:00:00,2026-09-17 18:00:00,1010.0
20260917,180000,74W,12,2026,9,17,18,14.200000000000001,131.9,100800.0,2026-09-17 18:00:00,2026-09-17 18:00:00,1008.0
20260917,180000,74W,12,2026,9,17,18,14.700000000000001,130.7,101000.0,2026-09-17 18:00:00,2026-09-17 18:00:00,1010.0
20260917,180000,74W,12,2026,9,17,18,13.9,130.7,100700.0,2026-09-17 18:00:00,2026-09-17 18:00:00,1007.0
20260917,180000,74W,12,2026,9,17,18,14.700000000000001,131.3,100900.0,2026-09-17 18:00:00,2026-09-17 18:00:00,1009.0
20260917,180000,74W,12,2026,9,17,18,14.5,130.7,100600.0,2026-09-17 18:00:00,2026-09-17 18:00:00,1006.0
20260917,180000,74W,12,2026,9,17,18,15.3,130.2,100800.0,2026-09-17 18:00:00,2026-09-17 18:00:00,1008.0
20260917,180000,74W,12,2026,9,17,18,15.0,129.9,100500.0,2026-09-17 18:00:00,2026-09-17 18:00:00,1005.0
20260917,180000,74W,12,2026,9,17,18,15.9,131.0,100600.0,2026-09-17 18:00:00,2026-09-17 18:00:00,1006.0
20260917,180000,74W,12,2026,9,17,18,16.4,130.5,100300.0,2026-09-17 18:00:00,2026-09-17 18:00:00,1003.0
20260917,180000,74W,12,2026,9,17,18,16.7,130.2,100300.0,2026-09-17 18:00:00,2026-09-17 18:00:00,1003.0
20260917,180000,74W,12,2026,9,17,18,16.7,130.2,99800.0,2026-09-17 18:00:00,2026-09-17 18:00:00,998.0
20260917,180000,74W,12,2026,9,17,18,17.0,129.3,99700.0,2026-09-17 18:00:00,2026-09-17 18:00:00,997.0
20260917,180000,74W,12,2026,9,17,18,17.6,128.8,99000.0,2026-09-17 18:00:00,2026-09-17 18:00:00,990.0
20260917,180000,74W,12,2026,9,17,18,17.8,128.2,99000.0,2026-09-17 18:00:00,2026-09-17 18:00:00,990.0
20260917,180000,74W,12,2026,9,17,18,18.1,127.4,98300.0,2026-09-17 18:00:00,2026-09-17 18:00:00,983.0
20260917,180000,74W,12,2026,9,17,18,18.1,126.5,98300.0,2026-09-17 18:00:00,2026-09-17 18:00:00,983.0
20260917,180000,74W,12,2026,9,17,18,18.1,125.7,97900.0,2026-09-17 18:00:00,2026-09-17 18:00:00,979.0
20260917,180000,74W,12,2026,9,17,18,18.1,124.8,98100.0,2026-09-17 18:00:00,2026-09-17 18:00:00,981.0
20260917,180000,74W,12,2026,9,17,18,18.400000000000002,124.0,98000.0,2026-09-17 18:00:00,2026-09-17 18:00:00,980.0
20260917,180000,74W,12,2026,9,17,18,18.400000000000002,123.10000000000001,98200.0,2026-09-17 18:00:00,2026-09-17 18:00:00,982.0
20260917,180000,74W,12,2026,9,17,18,18.400000000000002,122.0,98000.0,2026-09-17 18:00:00,2026-09-17 18:00:00,980.0
20260917,180000,74W,12,2026,9,17,18,18.1,121.2,98300.0,2026-09-17 18:00:00,2026-09-17 18:00:00,983.0
20260917,180000,74W,12,2026,9,17,18,18.400000000000002,120.3,98200.0,2026-09-17 18:00:00,2026-09-17 18:00:00,982.0
20260917,180000,74W,12,2026,9,17,18,18.400000000000002,119.5,98200.0,2026-09-17 18:00:00,2026-09-17 18:00:00,982.0
20260917,180000,74W,12,2026,9,17,18,18.400000000000002,118.9,98100.0,2026-09-17 18:00:00,2026-09-17 18:00:00,981.0
20260917,180000,74W,13,2026,9,17,18,15.9,162.20000000000002,100900.0,2026-09-17 18:00:00,2026-09-17 18:00:00,1009.0
20260917,180000,74W,13,2026,9,17,18,20.7,162.20000000000002,100300.0,2026-09-17 18:00:00,2026-09-17 18:00:00,1003.0
20260917,180000,74W,14,2026,9,17,18,15.9,157.20000000000002,101000.0,2026-09-17 18:00:00,2026-09-17 18:00:00,1010.0
20260917,180000,74W,14,2026,9,17,18,14.5,151.5,101000.0,2026-09-17 18:00:00,2026-09-17 18:00:00,1010.0
20260917,180000,74W,14,2026,9,17,18,16.7,150.70000000000002,100900.0,2026-09-17 18:00:00,2026-09-17 18:00:00,1009.0
20260917,180000,74W,14,2026,9,17,18,16.1,149.9,100700.0,2026-09-17 18:00:00,2026-09-17 18:00:00,1007.0
20260917,180000,74W,14,2026,9,17,18,16.4,147.0,100800.0,2026-09-17 18:00:00,2026-09-17 18:00:00,1008.0
20260917,180000,74W,14,2026,9,17,18,16.4,144.8,100600.0,2026-09-17 18:00:00,2026-09-17 18:00:00,1006.0
20260917,180000,74W,14,2026,9,17,18,17.3,144.8,100800.0,2026-09-17 18:00:00,2026-09-17 18:00:00,1008.0
20260917,180000,74W,14,2026,9,17,18,17.6,144.0,100600.0,2026-09-17 18:00:00,2026-09-17 18:00:00,1006.0
20260917,180000,74W,14,2026,9,17,18,15.9,140.9,100800.0,2026-09-17 18:00:00,2026-09-17 18:00:00,1008.0
20260917,180000,74W,14,2026,9,17,18,15.3,137.20000000000002,100600.0,2026-09-17 18:00:00,2026-09-17 18:00:00,1006.0
20260917,180000,74W,15,2026,9,17,18,10.8,104.9,101100.0,2026-09-17 18:00:00,2026-09-17 18:00:00,1011.0
20260917,180000,74W,15,2026,9,17,18,10.8,106.3,100900.0,2026-09-17 18:00:00,2026-09-17 18:00:00,1009.0
20260917,180000,74W,15,2026,9,17,18,10.8,104.9,100900.0,2026-09-17 18:00:00,2026-09-17 18:00:00,1009.0
20260917,180000,74W,15,2026,9,17,18,11.4,106.5,100700.0,2026-09-17 18:00:00,2026-09-17 18:00:00,1007.0
20260917,180000,74W,15,2026,9,17,18,11.5,105.10000000000001,100900.0,2026-09-17 18:00:00,2026-09-17 18:00:00,1009.0
20260917,180000,74W,15,2026,9,17,18,11.9,102.60000000000001,100900.0,2026-09-17 18:00:00,2026-09-17 18:00:00,1009.0
20260917,180000,74W,15,2026,9,17,18,12.5,104.60000000000001,100800.0,2026-09-17 18:00:00,2026-09-17 18:00:00,1008.0
20260917,180000,74W,15,2026,9,17,18,11.9,105.0,100800.0,2026-09-17 18:00:00,2026-09-17 18:00:00,1008.0
20260917,180000,74W,15,2026,9,17,18,11.9,102.60000000000001,100900.0,2026-09-17 18:00:00,2026-09-17 18:00:00,1009.0
20260917,180000,74W,15,2026,9,17,18,12.5,104.9,100700.0,2026-09-17 18:00:00,2026-09-17 18:00:00,1007.0
20260917,180000,74W,15,2026,9,17,18,12.5,104.60000000000001,100600.0,2026-09-17 18:00:00,2026-09-17 18:00:00,1006.0
20260917,180000,74W,15,2026,9,17,18,12.8,105.10000000000001,100600.0,2026-09-17 18:00:00,2026-09-17 18:00:00,1006.0
20260917,180000,74W,15,2026,9,17,18,12.8,105.10000000000001,100600.0,2026-09-17 18:00:00,2026-09-17 18:00:00,1006.0
20260917,180000,74W,15,2026,9,17,18,13.1,104.3,100600.0,2026-09-17 18:00:00,2026-09-17 18:00:00,1006.0
20260917,180000,74W,15,2026,9,17,18,13.200000000000001,103.7,100600.0,2026-09-17 18:00:00,2026-09-17 18:00:00,1006.0
20260917,180000,74W,15,2026,9,17,18,12.8,104.0,100600.0,2026-09-17 18:00:00,2026-09-17 18:00:00,1006.0
20260917,180000,74W,15,2026,9,17,18,13.3,103.5,100600.0,2026-09-17 18:00:00,2026-09-17 18:00:00,1006.0
20260917,180000,74W,15,2026,9,17,18,13.200000000000001,103.5,100600.0,2026-09-17 18:00:00,2026-09-17 18:00:00,1006.0
20260917,180000,74W,15,2026,9,17,18,13.3,102.9,100600.0,2026-09-17 18:00:00,2026-09-17 18:00:00,1006.0
20260917,180000,74W,15,2026,9,17,18,13.3,102.9,100700.0,2026-09-17 18:00:00,2026-09-17 18:00:00,1007.0
20260917,180000,74W,15,2026,9,17,18,13.9,102.3,100600.0,2026-09-17 18:00:00,2026-09-17 18:00:00,1006.0
20260917,180000,74W,15,2026,9,17,18,13.9,101.2,100700.0,2026-09-17 18:00:00,2026-09-17 18:00:00,1007.0
20260917,180000,74W,15,2026,9,17,18,16.4,100.60000000000001,100800.0,2026-09-17 18:00:00,2026-09-17 18:00:00,1008.0
20260917,180000,74W,15,2026,9,17,18,17.0,97.0,100800.0,2026-09-17 18:00:00,2026-09-17 18:00:00,1008.0
20260917,180000,74W,15,2026,9,17,18,18.1,96.7,100700.0,2026-09-17 18:00:00,2026-09-17 18:00:00,1007.0
20260917,180000,74W,15,2026,9,17,18,19.0,95.0,100800.0,2026-09-17 18:00:00,2026-09-17 18:00:00,1008.0
20260917,180000,74W,15,2026,9,17,18,18.400000000000002,93.9,100900.0,2026-09-17 18:00:00,2026-09-17 18:00:00,1009.0
20260917,180000,74W,15,2026,9,17,18,20.1,93.3,100900.0,2026-09-17 18:00:00,2026-09-17 18:00:00,1009.0
20260917,180000,74W,15,2026,9,17,18,23.5,90.8,101000.0,2026-09-17 18:00:00,2026-09-17 18:00:00,1010.0
20260917,180000,74W,15,2026,9,17,18,24.3,89.10000000000001,101000.0,2026-09-17 18:00:00,2026-09-17 18:00:00,1010.0
20260917,180000,74W,15,2026,9,17,18,25.900000000000002,90.10000000000001,101100.0,2026-09-17 18:00:00,2026-09-17 18:00:00,1011.0
20260917,180000,74W,15,2026,9,17,18,26.0,88.2,100800.0,2026-09-17 18:00:00,2026-09-17 18:00:00,1008.0
20260917,180000,74W,15,2026,9,17,18,25.900000000000002,88.4,101000.0,2026-09-17 18:00:00,2026-09-17 18:00:00,1010.0
20260917,180000,74W,15,2026,9,17,18,25.8,88.60000000000001,100900.0,2026-09-17 18:00:00,2026-09-17 18:00:00,1009.0
20260917,180000,74W,15,2026,9,17,18,25.900000000000002,88.9,100900.0,2026-09-17 18:00:00,2026-09-17 18:00:00,1009.0
20260917,180000,74W,15,2026,9,17,18,25.900000000000002,88.7,100600.0,2026-09-17 18:00:00,2026-09-17 18:00:00,1006.0
20260917,180000,74W,15,2026,9,17,18,25.8,88.7,100900.0,2026-09-17 18:00:00,2026-09-17 18:00:00,1009.0
20260917,180000,74W,15,2026,9,17,18,25.900000000000002,88.5,100700.0,2026-09-17 18:00:00,2026-09-17 18:00:00,1007.0
20260917,180000,74W,15,2026,9,17,18,25.8,88.5,100900.0,2026-09-17 18:00:00,2026-09-17 18:00:00,1009.0
20260917,180000,74W,16,2026,9,17,18,10.0,170.1,100900.0,2026-09-17 18:00:00,2026-09-17 18:00:00,1009.0
20260917,180000,74W,16,2026,9,17,18,13.0,167.9,100900.0,2026-09-17 18:00:00,2026-09-17 18:00:00,1009.0
20260917,180000,74W,16,2026,9,17,18,12.200000000000001,166.5,100600.0,2026-09-17 18:00:00,2026-09-17 18:00:00,1006.0
20260917,180000,74W,16,2026,9,17,18,11.1,167.0,100800.0,2026-09-17 18:00:00,2026-09-17 18:00:00,1008.0
20260917,180000,74W,16,2026,9,17,18,11.9,166.5,100700.0,2026-09-17 18:00:00,2026-09-17 18:00:00,1007.0
20260917,180000,74W,16,2026,9,17,18,12.200000000000001,167.0,100700.0,2026-09-17 18:00:00,2026-09-17 18:00:00,1007.0
20260917,180000,74W,16,2026,9,17,18,12.5,166.5,100700.0,2026-09-17 18:00:00,2026-09-17 18:00:00,1007.0
20260917,180000,74W,16,2026,9,17,18,13.3,166.20000000000002,100500.0,2026-09-17 18:00:00,2026-09-17 18:00:00,1005.0
20260917,180000,74W,16,2026,9,17,18,14.200000000000001,166.20000000000002,100600.0,2026-09-17 18:00:00,2026-09-17 18:00:00,1006.0
20260917,180000,74W,16,2026,9,17,18,14.5,165.9,100400.0,2026-09-17 18:00:00,2026-09-17 18:00:00,1004.0
20260917,180000,74W,17,2026,9,17,18,13.6,155.8,100900.0,2026-09-17 18:00:00,2026-09-17 18:00:00,1009.0
20260917,180000,74W,17,2026,9,17,18,13.3,156.6,101100.0,2026-09-17 18:00:00,2026-09-17 18:00:00,1011.0
20260917,180000,74W,17,2026,9,17,18,11.4,156.6,100800.0,2026-09-17 18:00:00,2026-09-17 18:00:00,1008.0
20260917,180000,74W,17,2026,9,17,18,11.4,157.5,100700.0,2026-09-17 18:00:00,2026-09-17 18:00:00,1007.0
20260917,180000,74W,17,2026,9,17,18,10.8,157.5,100800.0,2026-09-17 18:00:00,2026-09-17 18:00:00,1008.0
20260917,180000,74W,17,2026,9,17,18,10.200000000000001,157.70000000000002,100500.0,2026-09-17 18:00:00,2026-09-17 18:00:00,1005.0
20260917,180000,74W,17,2026,9,17,18,10.200000000000001,157.70000000000002,100600.0,2026-09-17 18:00:00,2026-09-17 18:00:00,1006.0
20260917,180000,74W,17,2026,9,17,18,10.200000000000001,158.0,100400.0,2026-09-17 18:00:00,2026-09-17 18:00:00,1004.0
20260917,180000,74W,17,2026,9,17,18,10.5,158.9,100400.0,2026-09-17 18:00:00,2026-09-17 18:00:00,1004.0
20260917,180000,74W,17,2026,9,17,18,10.5,159.70000000000002,99900.0,2026-09-17 18:00:00,2026-09-17 18:00:00,999.0
20260917,180000,74W,17,2026,9,17,18,11.6,160.5,99700.0,2026-09-17 18:00:00,2026-09-17 18:00:00,997.0
20260917,180000,74W,17,2026,9,17,18,12.200000000000001,160.5,99400.0,2026-09-17 18:00:00,2026-09-17 18:00:00,994.0
20260917,180000,74W,18,2026,9,17,18,9.700000000000001,171.20000000000002,100900.0,2026-09-17 18:00:00,2026-09-17 18:00:00,1009.0
20260917,180000,74W,18,2026,9,17,18,9.700000000000001,171.20000000000002,100900.0,2026-09-17 18:00:00,2026-09-17 18:00:00,1009.0
20260917,180000,74W,18,2026,9,17,18,10.200000000000001,171.5,100900.0,2026-09-17 18:00:00,2026-09-17 18:00:00,1009.0
20260917,180000,74W,18,2026,9,17,18,12.200000000000001,167.6,100900.0,2026-09-17 18:00:00,2026-09-17 18:00:00,1009.0
20260917,180000,74W,18,2026,9,17,18,14.200000000000001,167.0,100600.0,2026-09-17 18:00:00,2026-09-17 18:00:00,1006.0
20260917,180000,74W,18,2026,9,17,18,14.200000000000001,165.9,100800.0,2026-09-17 18:00:00,2026-09-17 18:00:00,1008.0
20260917,180000,74W,18,2026,9,17,18,14.8,164.5,100500.0,2026-09-17 18:00:00,2026-09-17 18:00:00,1005.0
20260917,180000,74W,19,2026,9,17,18,10.0,103.5,101000.0,2026-09-17 18:00:00,2026-09-17 18:00:00,1010.0
20260917,180000,74W,19,2026,9,17,18,10.8,100.60000000000001,101100.0,2026-09-17 18:00:00,2026-09-17 18:00:00,1011.0
20260917,180000,74W,19,2026,9,17,18,11.4,101.2,101100.0,2026-09-17 18:00:00,2026-09-17 18:00:00,1011.0
20260917,180000,74W,19,2026,9,17,18,9.4,101.5,101000.0,2026-09-17 18:00:00,2026-09-17 18:00:00,1010.0
20260917,180000,74W,19,2026,9,17,18,11.4,101.2,100900.0,2026-09-17 18:00:00,2026-09-17 18:00:00,1009.0
20260917,180000,74W,19,2026,9,17,18,11.4,100.9,100900.0,2026-09-17 18:00:00,2026-09-17 18:00:00,1009.0
20260917,180000,74W,19,2026,9,17,18,11.6,100.9,100900.0,2026-09-17 18:00:00,2026-09-17 18:00:00,1009.0
20260917,180000,74W,19,2026,9,17,18,11.5,100.10000000000001,100900.0,2026-09-17 18:00:00,2026-09-17 18:00:00,1009.0
20260917,180000,74W,19,2026,9,17,18,13.0,98.4,100800.0,2026-09-17 18:00:00,2026-09-17 18:00:00,1008.0
20260917,180000,74W,19,2026,9,17,18,14.200000000000001,95.9,100800.0,2026-09-17 18:00:00,2026-09-17 18:00:00,1008.0
20260917,180000,74W,19,2026,9,17,18,12.5,96.7,100800.0,2026-09-17 18:00:00,2026-09-17 18:00:00,1008.0
20260917,180000,74W,19,2026,9,17,18,12.200000000000001,95.60000000000001,100600.0,2026-09-17 18:00:00,2026-09-17 18:00:00,1006.0
20260917,180000,74W,19,2026,9,17,18,11.6,95.3,100700.0,2026-09-17 18:00:00,2026-09-17 18:00:00,1007.0
20260917,180000,74W,19,2026,9,17,18,11.4,94.7,100600.0,2026-09-17 18:00:00,2026-09-17 18:00:00,1006.0
20260917,180000,74W,19,2026,9,17,18,11.6,94.2,100600.0,2026-09-17 18:00:00,2026-09-17 18:00:00,1006.0
20260917,180000,74W,19,2026,9,17,18,13.9,91.9,100500.0,2026-09-17 18:00:00,2026-09-17 18:00:00,1005.0
20260917,180000,74W,19,2026,9,17,18,12.8,89.4,100600.0,2026-09-17 18:00:00,2026-09-17 18:00:00,1006.0
20260917,180000,74W,19,2026,9,17,18,13.0,88.5,100300.0,2026-09-17 18:00:00,2026-09-17 18:00:00,1003.0
20260917,180000,74W,20,2026,9,17,18,14.5,143.1,101000.0,2026-09-17 18:00:00,2026-09-17 18:00:00,1010.0
20260917,180000,74W,20,2026,9,17,18,15.9,143.4,100700.0,2026-09-17 18:00:00,2026-09-17 18:00:00,1007.0
20260917,180000,74W,20,2026,9,17,18,15.3,142.0,100900.0,2026-09-17 18:00:00,2026-09-17 18:00:00,1009.0
20260917,180000,74W,20,2026,9,17,18,13.9,141.70000000000002,100500.0,2026-09-17 18:00:00,2026-09-17 18:00:00,1005.0
20260917,180000,74W,20,2026,9,17,18,14.200000000000001,141.70000000000002,100800.0,2026-09-17 18:00:00,2026-09-17 18:00:00,1008.0
20260917,180000,74W,20,2026,9,17,18,14.5,141.70000000000002,100600.0,2026-09-17 18:00:00,2026-09-17 18:00:00,1006.0
20260917,180000,74W,20,2026,9,17,18,15.3,141.1,100700.0,2026-09-17 18:00:00,2026-09-17 18:00:00,1007.0
20260917,180000,74W,20,2026,9,17,18,15.9,139.70000000000002,100400.0,2026-09-17 18:00:00,2026-09-17 18:00:00,1004.0
20260917,180000,74W,20,2026,9,17,18,16.1,138.9,100600.0,2026-09-17 18:00:00,2026-09-17 18:00:00,1006.0
20260917,180000,74W,20,2026,9,17,18,15.9,138.6,100400.0,2026-09-17 18:00:00,2026-09-17 18:00:00,1004.0
20260917,180000,74W,20,2026,9,17,18,16.4,137.5,100600.0,2026-09-17 18:00:00,2026-09-17 18:00:00,1006.0
20260917,180000,74W,20,2026,9,17,18,16.7,137.20000000000002,100300.0,2026-09-17 18:00:00,2026-09-17 18:00:00,1003.0
20260917,180000,74W,20,2026,9,17,18,17.0,136.6,100500.0,2026-09-17 18:00:00,2026-09-17 18:00:00,1005.0
20260917,180000,74W,20,2026,9,17,18,16.6,136.8,100200.0,2026-09-17 18:00:00,2026-09-17 18:00:00,1002.0
20260917,180000,74W,20,2026,9,17,18,16.4,136.9,100300.0,2026-09-17 18:00:00,2026-09-17 18:00:00,1003.0
20260917,180000,74W,20,2026,9,17,18,17.0,137.5,99900.0,2026-09-17 18:00:00,2026-09-17 18:00:00,999.0
20260917,180000,74W,20,2026,9,17,18,17.6,137.5,99400.0,2026-09-17 18:00:00,2026-09-17 18:00:00,994.0
20260917,180000,74W,20,2026,9,17,18,17.8,137.8,98700.0,2026-09-17 18:00:00,2026-09-17 18:00:00,987.0
20260917,180000,74W,20,2026,9,17,18,18.400000000000002,137.8,98700.0,2026-09-17 18:00:00,2026-09-17 18:00:00,987.0
20260917,180000,74W,20,2026,9,17,18,19.0,137.5,98100.0,2026-09-17 18:00:00,2026-09-17 18:00:00,981.0
20260917,180000,74W,20,2026,9,17,18,19.5,137.20000000000002,98000.0,2026-09-17 18:00:00,2026-09-17 18:00:00,980.0
20260917,180000,74W,20,2026,9,17,18,20.1,136.4,97500.0,2026-09-17 18:00:00,2026-09-17 18:00:00,975.0
20260917,180000,74W,20,2026,9,17,18,20.400000000000002,135.8,97100.0,2026-09-17 18:00:00,2026-09-17 18:00:00,971.0
20260917,180000,74W,20,2026,9,17,18,21.2,135.0,97200.0,2026-09-17 18:00:00,2026-09-17 18:00:00,972.0
20260917,180000,74W,20,2026,9,17,18,21.8,134.7,97300.0,2026-09-17 18:00:00,2026-09-17 18:00:00,973.0
20260917,180000,74W,20,2026,9,17,18,22.6,134.1,97600.0,2026-09-17 18:00:00,2026-09-17 18:00:00,976.0
20260917,180000,74W,20,2026,9,17,18,23.2,133.3,97600.0,2026-09-17 18:00:00,2026-09-17 18:00:00,976.0
20260917,180000,74W,20,2026,9,17,18,23.5,132.7,97400.0,2026-09-17 18:00:00,2026-09-17 18:00:00,974.0
20260917,180000,74W,20,2026,9,17,18,24.0,132.4,97800.0,2026-09-17 18:00:00,2026-09-17 18:00:00,978.0
20260917,180000,74W,20,2026,9,17,18,24.900000000000002,132.4,97500.0,2026-09-17 18:00:00,2026-09-17 18:00:00,975.0
20260917,180000,74W,20,2026,9,17,18,24.900000000000002,132.1,97500.0,2026-09-17 18:00:00,2026-09-17 18:00:00,975.0
20260917,180000,74W,20,2026,9,17,18,24.6,132.4,96700.0,2026-09-17 18:00:00,2026-09-17 18:00:00,967.0
20260917,180000,74W,20,2026,9,17,18,24.6,132.7,96500.0,2026-09-17 18:00:00,2026-09-17 18:00:00,965.0
20260917,180000,74W,20,2026,9,17,18,24.3,133.0,95800.0,2026-09-17 18:00:00,2026-09-17 18:00:00,958.0
20260917,180000,74W,20,2026,9,17,18,24.0,133.0,95800.0,2026-09-17 18:00:00,2026-09-17 18:00:00,958.0
20260917,180000,74W,20,2026,9,17,18,24.0,132.4,95500.0,2026-09-17 18:00:00,2026-09-17 18:00:00,955.0
20260917,180000,74W,20,2026,9,17,18,23.8,131.9,95600.0,2026-09-17 18:00:00,2026-09-17 18:00:00,956.0
20260917,180000,74W,20,2026,9,17,18,23.8,131.0,95800.0,2026-09-17 18:00:00,2026-09-17 18:00:00,958.0
20260917,180000,74W,22,2026,9,17,18,17.3,171.0,100800.0,2026-09-17 18:00:00,2026-09-17 18:00:00,1008.0
20260917,180000,74W,22,2026,9,17,18,15.9,171.5,100900.0,2026-09-17 18:00:00,2026-09-17 18:00:00,1009.0
20260917,180000,74W,22,2026,9,17,18,17.3,169.5,100800.0,2026-09-17 18:00:00,2026-09-17 18:00:00,1008.0
20260917,180000,74W,23,2026,9,17,18,13.6,158.3,100800.0,2026-09-17 18:00:00,2026-09-17 18:00:00,1008.0
20260917,180000,74W,23,2026,9,17,18,16.4,157.20000000000002,100900.0,2026-09-17 18:00:00,2026-09-17 18:00:00,1009.0
20260917,180000,74W,23,2026,9,17,18,16.7,156.3,100600.0,2026-09-17 18:00:00,2026-09-17 18:00:00,1006.0
20260917,180000,74W,23,2026,9,17,18,17.0,154.1,100800.0,2026-09-17 18:00:00,2026-09-17 18:00:00,1008.0
20260917,180000,74W,23,2026,9,17,18,17.3,152.70000000000002,100500.0,2026-09-17 18:00:00,2026-09-17 18:00:00,1005.0
20260917,180000,74W,23,2026,9,17,18,16.7,151.0,100600.0,2026-09-17 18:00:00,2026-09-17 18:00:00,1006.0
20260917,180000,74W,23,2026,9,17,18,16.7,149.9,100200.0,2026-09-17 18:00:00,2026-09-17 18:00:00,1002.0
20260917,180000,74W,23,2026,9,17,18,17.0,147.9,100300.0,2026-09-17 18:00:00,2026-09-17 18:00:00,1003.0
20260917,180000,74W,23,2026,9,17,18,16.4,146.5,99900.0,2026-09-17 18:00:00,2026-09-17 18:00:00,999.0
20260917,180000,74W,23,2026,9,17,18,16.4,145.9,100100.0,2026-09-17 18:00:00,2026-09-17 18:00:00,1001.0
20260917,180000,74W,23,2026,9,17,18,15.9,144.5,99700.0,2026-09-17 18:00:00,2026-09-17 18:00:00,997.0
20260917,180000,74W,23,2026,9,17,18,15.9,144.5,99800.0,2026-09-17 18:00:00,2026-09-17 18:00:00,998.0
20260917,180000,74W,23,2026,9,17,18,16.4,143.70000000000002,99500.0,2026-09-17 18:00:00,2026-09-17 18:00:00,995.0
20260917,180000,74W,23,2026,9,17,18,17.0,143.4,99400.0,2026-09-17 18:00:00,2026-09-17 18:00:00,994.0
20260917,180000,74W,23,2026,9,17,18,17.8,143.1,99500.0,2026-09-17 18:00:00,2026-09-17 18:00:00,995.0
20260917,180000,74W,23,2026,9,17,18,19.0,142.5,99100.0,2026-09-17 18:00:00,2026-09-17 18:00:00,991.0
20260917,180000,74W,23,2026,9,17,18,19.8,142.0,99400.0,2026-09-17 18:00:00,2026-09-17 18:00:00,994.0
20260917,180000,74W,23,2026,9,17,18,20.400000000000002,141.4,99200.0,2026-09-17 18:00:00,2026-09-17 18:00:00,992.0
20260917,180000,74W,24,2026,9,17,18,17.3,176.0,100300.0,2026-09-17 18:00:00,2026-09-17 18:00:00,1003.0
20260917,180000,74W,24,2026,9,17,18,17.3,176.9,100300.0,2026-09-17 18:00:00,2026-09-17 18:00:00,1003.0
20260917,180000,74W,24,2026,9,17,18,18.1,178.3,100200.0,2026-09-17 18:00:00,2026-09-17 18:00:00,1002.0
20260917,180000,74W,24,2026,9,17,18,18.1,180.2,100300.0,2026-09-17 18:00:00,2026-09-17 18:00:00,1003.0
20260917,180000,74W,24,2026,9,17,18,19.2,181.1,100200.0,2026-09-17 18:00:00,2026-09-17 18:00:00,1002.0
20260917,180000,74W,25,2026,9,17,18,16.1,167.6,100900.0,2026-09-17 18:00:00,2026-09-17 18:00:00,1009.0
20260917,180000,74W,25,2026,9,17,18,16.7,167.6,101000.0,2026-09-17 18:00:00,2026-09-17 18:00:00,1010.0
20260917,180000,74W,25,2026,9,17,18,13.6,170.4,100600.0,2026-09-17 18:00:00,2026-09-17 18:00:00,1006.0
20260917,180000,74W,25,2026,9,17,18,12.8,171.8,100700.0,2026-09-17 18:00:00,2026-09-17 18:00:00,1007.0
20260917,180000,74W,25,2026,9,17,18,13.3,171.8,100600.0,2026-09-17 18:00:00,2026-09-17 18:00:00,1006.0
20260917,180000,74W,25,2026,9,17,18,12.200000000000001,172.6,100400.0,2026-09-17 18:00:00,2026-09-17 18:00:00,1004.0
20260917,180000,74W,25,2026,9,17,18,12.5,173.20000000000002,100500.0,2026-09-17 18:00:00,2026-09-17 18:00:00,1005.0
20260917,180000,74W,25,2026,9,17,18,12.5,172.9,100400.0,2026-09-17 18:00:00,2026-09-17 18:00:00,1004.0
20260917,180000,74W,25,2026,9,17,18,12.8,173.20000000000002,100300.0,2026-09-17 18:00:00,2026-09-17 18:00:00,1003.0
20260917,180000,74W,25,2026,9,17,18,11.9,172.9,100200.0,2026-09-17 18:00:00,2026-09-17 18:00:00,1002.0
20260917,180000,74W,25,2026,9,17,18,12.200000000000001,172.1,100400.0,2026-09-17 18:00:00,2026-09-17 18:00:00,1004.0
20260917,180000,74W,25,2026,9,17,18,11.9,173.5,100200.0,2026-09-17 18:00:00,2026-09-17 18:00:00,1002.0
20260917,180000,74W,25,2026,9,17,18,10.8,173.5,100200.0,2026-09-17 18:00:00,2026-09-17 18:00:00,1002.0
20260917,180000,74W,25,2026,9,17,18,11.6,173.8,99900.0,2026-09-17 18:00:00,2026-09-17 18:00:00,999.0
20260917,180000,74W,25,2026,9,17,18,11.9,173.0,100000.0,2026-09-17 18:00:00,2026-09-17 18:00:00,1000.0
20260917,180000,74W,25,2026,9,17,18,11.9,172.1,99800.0,2026-09-17 18:00:00,2026-09-17 18:00:00,998.0
20260917,180000,74W,26,2026,9,17,18,12.8,165.6,100900.0,2026-09-17 18:00:00,2026-09-17 18:00:00,1009.0
20260917,180000,74W,26,2026,9,17,18,13.3,165.9,101100.0,2026-09-17 18:00:00,2026-09-17 18:00:00,1011.0
20260917,180000,74W,26,2026,9,17,18,14.700000000000001,163.4,101100.0,2026-09-17 18:00:00,2026-09-17 18:00:00,1011.0
20260917,180000,74W,26,2026,9,17,18,13.9,162.20000000000002,100900.0,2026-09-17 18:00:00,2026-09-17 18:00:00,1009.0
20260917,180000,74W,26,2026,9,17,18,15.0,163.6,101000.0,2026-09-17 18:00:00,2026-09-17 18:00:00,1010.0
20260917,180000,74W,26,2026,9,17,18,15.6,161.70000000000002,100600.0,2026-09-17 18:00:00,2026-09-17 18:00:00,1006.0
20260917,180000,74W,26,2026,9,17,18,15.0,160.3,100800.0,2026-09-17 18:00:00,2026-09-17 18:00:00,1008.0
20260917,180000,74W,26,2026,9,17,18,14.700000000000001,159.4,100500.0,2026-09-17 18:00:00,2026-09-17 18:00:00,1005.0
20260917,180000,74W,26,2026,9,17,18,14.700000000000001,159.1,100600.0,2026-09-17 18:00:00,2026-09-17 18:00:00,1006.0
20260917,180000,74W,26,2026,9,17,18,14.4,159.20000000000002,100300.0,2026-09-17 18:00:00,2026-09-17 18:00:00,1003.0
20260917,180000,74W,26,2026,9,17,18,14.5,159.1,100400.0,2026-09-17 18:00:00,2026-09-17 18:00:00,1004.0
20260917,180000,74W,26,2026,9,17,18,14.6,158.0,100100.0,2026-09-17 18:00:00,2026-09-17 18:00:00,1001.0
20260917,180000,74W,26,2026,9,17,18,14.5,156.9,100300.0,2026-09-17 18:00:00,2026-09-17 18:00:00,1003.0
20260917,180000,74W,26,2026,9,17,18,14.5,156.6,99900.0,2026-09-17 18:00:00,2026-09-17 18:00:00,999.0
20260917,180000,74W,26,2026,9,17,18,15.0,156.3,99900.0,2026-09-17 18:00:00,2026-09-17 18:00:00,999.0
20260917,180000,74W,26,2026,9,17,18,15.0,156.3,99400.0,2026-09-17 18:00:00,2026-09-17 18:00:00,994.0
20260917,180000,74W,26,2026,9,17,18,15.6,156.0,99300.0,2026-09-17 18:00:00,2026-09-17 18:00:00,993.0
20260917,180000,74W,26,2026,9,17,18,15.6,155.8,98900.0,2026-09-17 18:00:00,2026-09-17 18:00:00,989.0
20260917,180000,74W,26,2026,9,17,18,15.9,156.0,99000.0,2026-09-17 18:00:00,2026-09-17 18:00:00,990.0
20260917,180000,74W,26,2026,9,17,18,16.4,156.6,98300.0,2026-09-17 18:00:00,2026-09-17 18:00:00,983.0
20260917,180000,74W,26,2026,9,17,18,17.3,156.9,98500.0,2026-09-17 18:00:00,2026-09-17 18:00:00,985.0
20260917,180000,74W,26,2026,9,17,18,18.400000000000002,157.20000000000002,98000.0,2026-09-17 18:00:00,2026-09-17 18:00:00,980.0
20260917,180000,74W,26,2026,9,17,18,19.5,157.5,98000.0,2026-09-17 18:00:00,2026-09-17 18:00:00,980.0
20260917,180000,74W,26,2026,9,17,18,20.1,157.20000000000002,97800.0,2026-09-17 18:00:00,2026-09-17 18:00:00,978.0
20260917,180000,74W,27,2026,9,17,18,9.4,158.9,100700.0,2026-09-17 18:00:00,2026-09-17 18:00:00,1007.0
20260917,180000,74W,27,2026,9,17,18,10.0,157.70000000000002,100900.0,2026-09-17 18:00:00,2026-09-17 18:00:00,1009.0
20260917,180000,74W,27,2026,9,17,18,9.1,158.6,100600.0,2026-09-17 18:00:00,2026-09-17 18:00:00,1006.0
20260917,180000,74W,28,2026,9,17,18,36.1,123.4,100500.0,2026-09-17 18:00:00,2026-09-17 18:00:00,1005.0
20260917,180000,74W,28,2026,9,17,18,39.2,132.7,100300.0,2026-09-17 18:00:00,2026-09-17 18:00:00,1003.0
20260917,180000,74W,30,2026,9,17,18,21.2,173.5,100900.0,2026-09-17 18:00:00,2026-09-17 18:00:00,1009.0
20260917,180000,74W,30,2026,9,17,18,23.5,173.5,100600.0,2026-09-17 18:00:00,2026-09-17 18:00:00,1006.0
20260917,180000,74W,30,2026,9,17,18,25.400000000000002,171.5,100500.0,2026-09-17 18:00:00,2026-09-17 18:00:00,1005.0
20260917,180000,74W,30,2026,9,17,18,26.3,171.8,100400.0,2026-09-17 18:00:00,2026-09-17 18:00:00,1004.0
20260917,180000,74W,31,2026,9,17,18,9.700000000000001,169.8,100700.0,2026-09-17 18:00:00,2026-09-17 18:00:00,1007.0
20260917,180000,74W,31,2026,9,17,18,11.1,166.5,100600.0,2026-09-17 18:00:00,2026-09-17 18:00:00,1006.0
20260917,180000,74W,31,2026,9,17,18,10.8,166.5,100800.0,2026-09-17 18:00:00,2026-09-17 18:00:00,1008.0
20260917,180000,74W,31,2026,9,17,18,11.9,167.3,100600.0,2026-09-17 18:00:00,2026-09-17 18:00:00,1006.0
20260917,180000,74W,31,2026,9,17,18,12.1,165.70000000000002,100700.0,2026-09-17 18:00:00,2026-09-17 18:00:00,1007.0
20260917,180000,74W,31,2026,9,17,18,13.3,163.1,100400.0,2026-09-17 18:00:00,2026-09-17 18:00:00,1004.0
20260917,180000,74W,31,2026,9,17,18,14.700000000000001,163.9,100400.0,2026-09-17 18:00:00,2026-09-17 18:00:00,1004.0
20260917,180000,74W,31,2026,9,17,18,15.3,163.6,100400.0,2026-09-17 18:00:00,2026-09-17 18:00:00,1004.0
20260917,180000,74W,31,2026,9,17,18,13.6,161.1,100200.0,2026-09-17 18:00:00,2026-09-17 18:00:00,1002.0
20260917,180000,74W,31,2026,9,17,18,15.9,160.8,100000.0,2026-09-17 18:00:00,2026-09-17 18:00:00,1000.0
20260917,180000,74W,31,2026,9,17,18,15.6,159.70000000000002,100100.0,2026-09-17 18:00:00,2026-09-17 18:00:00,1001.0
20260917,180000,74W,31,2026,9,17,18,15.0,158.6,99800.0,2026-09-17 18:00:00,2026-09-17 18:00:00,998.0
20260917,180000,74W,31,2026,9,17,18,14.700000000000001,158.9,99800.0,2026-09-17 18:00:00,2026-09-17 18:00:00,998.0
20260917,180000,74W,31,2026,9,17,18,15.3,158.3,99700.0,2026-09-17 18:00:00,2026-09-17 18:00:00,997.0
20260917,180000,74W,32,2026,9,17,18,9.4,144.5,101100.0,2026-09-17 18:00:00,2026-09-17 18:00:00,1011.0
20260917,180000,74W,32,2026,9,17,18,10.0,142.5,101200.0,2026-09-17 18:00:00,2026-09-17 18:00:00,1012.0
20260917,180000,74W,32,2026,9,17,18,13.1,139.6,101200.0,2026-09-17 18:00:00,2026-09-17 18:00:00,1012.0
20260917,180000,74W,32,2026,9,17,18,14.5,139.5,100900.0,2026-09-17 18:00:00,2026-09-17 18:00:00,1009.0
20260917,180000,74W,32,2026,9,17,18,14.5,137.8,101100.0,2026-09-17 18:00:00,2026-09-17 18:00:00,1011.0
20260917,180000,74W,32,2026,9,17,18,13.9,136.9,100500.0,2026-09-17 18:00:00,2026-09-17 18:00:00,1005.0
20260917,180000,74W,32,2026,9,17,18,14.200000000000001,135.5,100600.0,2026-09-17 18:00:00,2026-09-17 18:00:00,1006.0
20260917,180000,74W,32,2026,9,17,18,14.700000000000001,134.4,100400.0,2026-09-17 18:00:00,2026-09-17 18:00:00,1004.0
20260917,180000,74W,32,2026,9,17,18,14.5,133.5,100400.0,2026-09-17 18:00:00,2026-09-17 18:00:00,1004.0
20260917,180000,74W,32,2026,9,17,18,14.5,132.7,100000.0,2026-09-17 18:00:00,2026-09-17 18:00:00,1000.0
20260917,180000,74W,32,2026,9,17,18,14.700000000000001,132.1,99800.0,2026-09-17 18:00:00,2026-09-17 18:00:00,998.0
20260917,180000,74W,32,2026,9,17,18,14.700000000000001,131.3,99300.0,2026-09-17 18:00:00,2026-09-17 18:00:00,993.0
20260917,180000,74W,32,2026,9,17,18,14.700000000000001,130.7,99300.0,2026-09-17 18:00:00,2026-09-17 18:00:00,993.0
20260917,180000,74W,32,2026,9,17,18,15.0,129.9,98400.0,2026-09-17 18:00:00,2026-09-17 18:00:00,984.0
20260917,180000,74W,32,2026,9,17,18,15.3,129.9,98600.0,2026-09-17 18:00:00,2026-09-17 18:00:00,986.0
20260917,180000,74W,32,2026,9,17,18,15.6,129.3,97700.0,2026-09-17 18:00:00,2026-09-17 18:00:00,977.0
20260917,180000,74W,32,2026,9,17,18,15.9,128.8,97800.0,2026-09-17 18:00:00,2026-09-17 18:00:00,978.0
20260917,180000,74W,32,2026,9,17,18,16.4,127.9,97500.0,2026-09-17 18:00:00,2026-09-17 18:00:00,975.0
20260917,180000,74W,32,2026,9,17,18,16.4,127.10000000000001,97300.0,2026-09-17 18:00:00,2026-09-17 18:00:00,973.0
20260917,180000,74W,32,2026,9,17,18,16.7,126.2,97000.0,2026-09-17 18:00:00,2026-09-17 18:00:00,970.0
20260917,180000,74W,32,2026,9,17,18,17.0,125.7,96700.0,2026-09-17 18:00:00,2026-09-17 18:00:00,967.0
20260917,180000,74W,32,2026,9,17,18,17.3,124.5,96700.0,2026-09-17 18:00:00,2026-09-17 18:00:00,967.0
20260917,180000,74W,32,2026,9,17,18,17.6,123.10000000000001,97200.0,2026-09-17 18:00:00,2026-09-17 18:00:00,972.0
20260917,180000,74W,32,2026,9,17,18,17.8,121.7,97400.0,2026-09-17 18:00:00,2026-09-17 18:00:00,974.0
20260917,180000,74W,32,2026,9,17,18,18.1,120.3,97500.0,2026-09-17 18:00:00,2026-09-17 18:00:00,975.0
20260917,180000,74W,32,2026,9,17,18,18.400000000000002,119.2,98000.0,2026-09-17 18:00:00,2026-09-17 18:00:00,980.0
20260917,180000,74W,32,2026,9,17,18,18.7,118.4,97800.0,2026-09-17 18:00:00,2026-09-17 18:00:00,978.0
20260917,180000,74W,32,2026,9,17,18,19.5,117.2,97700.0,2026-09-17 18:00:00,2026-09-17 18:00:00,977.0
20260917,180000,74W,32,2026,9,17,18,20.1,116.10000000000001,97700.0,2026-09-17 18:00:00,2026-09-17 18:00:00,977.0
20260917,180000,74W,32,2026,9,17,18,20.400000000000002,114.4,97700.0,2026-09-17 18:00:00,2026-09-17 18:00:00,977.0
20260917,180000,74W,32,2026,9,17,18,20.400000000000002,113.60000000000001,97700.0,2026-09-17 18:00:00,2026-09-17 18:00:00,977.0
20260917,180000,74W,32,2026,9,17,18,20.900000000000002,112.5,98000.0,2026-09-17 18:00:00,2026-09-17 18:00:00,980.0
20260917,180000,74W,32,2026,9,17,18,21.5,111.0,98400.0,2026-09-17 18:00:00,2026-09-17 18:00:00,984.0
20260917,180000,74W,32,2026,9,17,18,21.8,109.9,99300.0,2026-09-17 18:00:00,2026-09-17 18:00:00,993.0
20260917,180000,74W,32,2026,9,17,18,22.6,109.10000000000001,100200.0,2026-09-17 18:00:00,2026-09-17 18:00:00,1002.0
20260917,180000,74W,32,2026,9,17,18,22.900000000000002,108.8,100800.0,2026-09-17 18:00:00,2026-09-17 18:00:00,1008.0
20260917,180000,74W,32,2026,9,17,18,23.8,108.0,101200.0,2026-09-17 18:00:00,2026-09-17 18:00:00,1012.0
20260917,180000,74W,32,2026,9,17,18,22.3,107.10000000000001,101400.0,2026-09-17 18:00:00,2026-09-17 18:00:00,1014.0
20260917,180000,74W,32,2026,9,17,18,23.2,107.7,101400.0,2026-09-17 18:00:00,2026-09-17 18:00:00,1014.0
20260917,180000,74W,33,2026,9,17,18,9.4,144.20000000000002,100700.0,2026-09-17 18:00:00,2026-09-17 18:00:00,1007.0
20260917,180000,74W,33,2026,9,17,18,11.6,145.1,100800.0,2026-09-17 18:00:00,2026-09-17 18:00:00,1008.0
20260917,180000,74W,33,2026,9,17,18,12.200000000000001,143.1,101000.0,2026-09-17 18:00:00,2026-09-17 18:00:00,1010.0
20260917,180000,74W,33,2026,9,17,18,13.9,141.70000000000002,101100.0,2026-09-17 18:00:00,2026-09-17 18:00:00,1011.0
20260917,180000,74W,33,2026,9,17,18,11.6,139.20000000000002,101100.0,2026-09-17 18:00:00,2026-09-17 18:00:00,1011.0
20260917,180000,74W,33,2026,9,17,18,13.9,138.6,101100.0,2026-09-17 18:00:00,2026-09-17 18:00:00,1011.0
20260917,180000,74W,33,2026,9,17,18,13.6,136.6,100900.0,2026-09-17 18:00:00,2026-09-17 18:00:00,1009.0
20260917,180000,74W,33,2026,9,17,18,14.5,136.1,101100.0,2026-09-17 18:00:00,2026-09-17 18:00:00,1011.0
20260917,180000,74W,34,2026,9,17,18,17.8,171.0,100800.0,2026-09-17 18:00:00,2026-09-17 18:00:00,1008.0
20260917,180000,74W,34,2026,9,17,18,17.3,171.8,100600.0,2026-09-17 18:00:00,2026-09-17 18:00:00,1006.0
20260917,180000,74W,34,2026,9,17,18,15.6,170.9,100600.0,2026-09-17 18:00:00,2026-09-17 18:00:00,1006.0
20260917,180000,74W,34,2026,9,17,18,15.9,171.0,100400.0,2026-09-17 18:00:00,2026-09-17 18:00:00,1004.0
20260917,180000,74W,34,2026,9,17,18,17.3,172.1,100500.0,2026-09-17 18:00:00,2026-09-17 18:00:00,1005.0
20260917,180000,74W,34,2026,9,17,18,17.6,171.0,100300.0,2026-09-17 18:00:00,2026-09-17 18:00:00,1003.0
20260917,180000,74W,34,2026,9,17,18,17.3,170.4,100500.0,2026-09-17 18:00:00,2026-09-17 18:00:00,1005.0
20260917,180000,74W,34,2026,9,17,18,17.8,169.8,100400.0,2026-09-17 18:00:00,2026-09-17 18:00:00,1004.0
20260917,180000,74W,34,2026,9,17,18,18.1,169.5,100500.0,2026-09-17 18:00:00,2026-09-17 18:00:00,1005.0
20260917,180000,74W,34,2026,9,17,18,19.0,168.70000000000002,100400.0,2026-09-17 18:00:00,2026-09-17 18:00:00,1004.0
20260917,180000,74W,34,2026,9,17,18,19.2,168.70000000000002,100500.0,2026-09-17 18:00:00,2026-09-17 18:00:00,1005.0
20260917,180000,74W,34,2026,9,17,18,21.2,167.4,100300.0,2026-09-17 18:00:00,2026-09-17 18:00:00,1003.0
20260917,180000,74W,34,2026,9,17,18,21.6,165.70000000000002,100500.0,2026-09-17 18:00:00,2026-09-17 18:00:00,1005.0
20260917,180000,74W,34,2026,9,17,18,22.5,164.1,100300.0,2026-09-17 18:00:00,2026-09-17 18:00:00,1003.0
20260917,180000,74W,34,2026,9,17,18,23.5,162.0,100300.0,2026-09-17 18:00:00,2026-09-17 18:00:00,1003.0
20260917,180000,74W,34,2026,9,17,18,23.8,160.3,100300.0,2026-09-17 18:00:00,2026-09-17 18:00:00,1003.0
20260917,180000,74W,34,2026,9,17,18,24.900000000000002,158.70000000000002,100400.0,2026-09-17 18:00:00,2026-09-17 18:00:00,1004.0
20260917,180000,74W,34,2026,9,17,18,26.6,157.5,99900.0,2026-09-17 18:00:00,2026-09-17 18:00:00,999.0
20260917,180000,74W,34,2026,9,17,18,27.7,156.3,100200.0,2026-09-17 18:00:00,2026-09-17 18:00:00,1002.0
20260917,180000,74W,34,2026,9,17,18,28.8,156.0,99700.0,2026-09-17 18:00:00,2026-09-17 18:00:00,997.0
20260917,180000,74W,34,2026,9,17,18,30.2,155.5,100000.0,2026-09-17 18:00:00,2026-09-17 18:00:00,1000.0
20260917,180000,74W,34,2026,9,17,18,31.6,156.3,100000.0,2026-09-17 18:00:00,2026-09-17 18:00:00,1000.0
20260917,180000,74W,34,2026,9,17,18,32.8,157.5,100100.0,2026-09-17 18:00:00,2026-09-17 18:00:00,1001.0
20260917,180000,74W,34,2026,9,17,18,33.9,158.3,100200.0,2026-09-17 18:00:00,2026-09-17 18:00:00,1002.0
20260917,180000,74W,34,2026,9,17,18,35.0,160.3,100400.0,2026-09-17 18:00:00,2026-09-17 18:00:00,1004.0
20260917,180000,74W,34,2026,9,17,18,35.6,161.4,100500.0,2026-09-17 18:00:00,2026-09-17 18:00:00,1005.0
20260917,180000,74W,34,2026,9,17,18,36.4,162.8,100600.0,2026-09-17 18:00:00,2026-09-17 18:00:00,1006.0
20260917,180000,74W,34,2026,9,17,18,37.6,165.6,100200.0,2026-09-17 18:00:00,2026-09-17 18:00:00,1002.0
20260917,180000,74W,35,2026,9,17,18,12.200000000000001,105.7,100900.0,2026-09-17 18:00:00,2026-09-17 18:00:00,1009.0
20260917,180000,74W,35,2026,9,17,18,10.200000000000001,104.3,100900.0,2026-09-17 18:00:00,2026-09-17 18:00:00,1009.0
20260917,180000,74W,35,2026,9,17,18,11.1,103.7,100800.0,2026-09-17 18:00:00,2026-09-17 18:00:00,1008.0
20260917,180000,74W,35,2026,9,17,18,10.5,103.7,100700.0,2026-09-17 18:00:00,2026-09-17 18:00:00,1007.0
20260917,180000,74W,35,2026,9,17,18,10.8,103.5,100800.0,2026-09-17 18:00:00,2026-09-17 18:00:00,1008.0
20260917,180000,74W,35,2026,9,17,18,11.1,104.60000000000001,100700.0,2026-09-17 18:00:00,2026-09-17 18:00:00,1007.0
20260917,180000,74W,35,2026,9,17,18,11.9,102.60000000000001,100700.0,2026-09-17 18:00:00,2026-09-17 18:00:00,1007.0
20260917,180000,74W,35,2026,9,17,18,12.200000000000001,102.0,100800.0,2026-09-17 18:00:00,2026-09-17 18:00:00,1008.0
20260917,180000,74W,35,2026,9,17,18,12.5,101.5,100800.0,2026-09-17 18:00:00,2026-09-17 18:00:00,1008.0
20260917,180000,74W,35,2026,9,17,18,13.0,100.4,100800.0,2026-09-17 18:00:00,2026-09-17 18:00:00,1008.0
20260917,180000,74W,35,2026,9,17,18,13.0,100.4,100700.0,2026-09-17 18:00:00,2026-09-17 18:00:00,1007.0
20260917,180000,74W,35,2026,9,17,18,13.3,100.4,100800.0,2026-09-17 18:00:00,2026-09-17 18:00:00,1008.0
20260917,180000,74W,37,2026,9,17,18,13.6,161.4,100900.0,2026-09-17 18:00:00,2026-09-17 18:00:00,1009.0
20260917,180000,74W,37,2026,9,17,18,13.700000000000001,164.0,100900.0,2026-09-17 18:00:00,2026-09-17 18:00:00,1009.0
20260917,180000,74W,37,2026,9,17,18,15.0,163.9,100800.0,2026-09-17 18:00:00,2026-09-17 18:00:00,1008.0
20260917,180000,74W,37,2026,9,17,18,16.1,163.6,100900.0,2026-09-17 18:00:00,2026-09-17 18:00:00,1009.0
20260917,180000,74W,37,2026,9,17,18,16.7,162.8,100600.0,2026-09-17 18:00:00,2026-09-17 18:00:00,1006.0
20260917,180000,74W,37,2026,9,17,18,17.8,163.9,100800.0,2026-09-17 18:00:00,2026-09-17 18:00:00,1008.0
20260917,180000,74W,37,2026,9,17,18,19.0,162.5,100600.0,2026-09-17 18:00:00,2026-09-17 18:00:00,1006.0
20260917,180000,74W,38,2026,9,17,18,11.1,172.1,101200.0,2026-09-17 18:00:00,2026-09-17 18:00:00,1012.0
20260917,180000,74W,38,2026,9,17,18,8.0,171.8,100900.0,2026-09-17 18:00:00,2026-09-17 18:00:00,1009.0
20260917,180000,74W,38,2026,9,17,18,8.3,173.5,101000.0,2026-09-17 18:00:00,2026-09-17 18:00:00,1010.0
20260917,180000,74W,39,2026,9,17,18,17.0,111.0,101200.0,2026-09-17 18:00:00,2026-09-17 18:00:00,1012.0
20260917,180000,74W,39,2026,9,17,18,17.0,109.60000000000001,101100.0,2026-09-17 18:00:00,2026-09-17 18:00:00,1011.0
20260917,180000,74W,39,2026,9,17,18,17.0,109.9,101200.0,2026-09-17 18:00:00,2026-09-17 18:00:00,1012.0
20260917,180000,74W,39,2026,9,17,18,16.7,109.10000000000001,101200.0,2026-09-17 18:00:00,2026-09-17 18:00:00,1012.0
20260917,180000,74W,39,2026,9,17,18,16.7,108.5,101200.0,2026-09-17 18:00:00,2026-09-17 18:00:00,1012.0
20260917,180000,74W,39,2026,9,17,18,17.0,108.2,101100.0,2026-09-17 18:00:00,2026-09-17 18:00:00,1011.0
20260917,180000,74W,39,2026,9,17,18,17.3,107.10000000000001,101200.0,2026-09-17 18:00:00,2026-09-17 18:00:00,1012.0
20260917,180000,74W,40,2026,9,17,18,11.9,144.20000000000002,100800.0,2026-09-17 18:00:00,2026-09-17 18:00:00,1008.0
20260917,180000,74W,40,2026,9,17,18,11.9,145.4,100900.0,2026-09-17 18:00:00,2026-09-17 18:00:00,1009.0
20260917,180000,74W,40,2026,9,17,18,13.3,143.4,100900.0,2026-09-17 18:00:00,2026-09-17 18:00:00,1009.0
20260917,180000,74W,40,2026,9,17,18,13.9,142.8,100800.0,2026-09-17 18:00:00,2026-09-17 18:00:00,1008.0
20260917,180000,74W,40,2026,9,17,18,14.200000000000001,142.8,101000.0,2026-09-17 18:00:00,2026-09-17 18:00:00,1010.0
20260917,180000,74W,40,2026,9,17,18,14.700000000000001,138.9,100700.0,2026-09-17 18:00:00,2026-09-17 18:00:00,1007.0
20260917,180000,74W,40,2026,9,17,18,14.200000000000001,138.3,100900.0,2026-09-17 18:00:00,2026-09-17 18:00:00,1009.0
20260917,180000,74W,40,2026,9,17,18,14.700000000000001,136.6,100700.0,2026-09-17 18:00:00,2026-09-17 18:00:00,1007.0
20260917,180000,74W,40,2026,9,17,18,14.700000000000001,136.6,100900.0,2026-09-17 18:00:00,2026-09-17 18:00:00,1009.0
20260917,180000,74W,40,2026,9,17,18,15.6,134.7,100900.0,2026-09-17 18:00:00,2026-09-17 18:00:00,1009.0
20260917,180000,74W,40,2026,9,17,18,15.6,134.4,100800.0,2026-09-17 18:00:00,2026-09-17 18:00:00,1008.0
20260917,180000,74W,40,2026,9,17,18,16.4,133.5,101000.0,2026-09-17 18:00:00,2026-09-17 18:00:00,1010.0
20260917,180000,74W,40,2026,9,17,18,15.9,131.9,100700.0,2026-09-17 18:00:00,2026-09-17 18:00:00,1007.0
20260917,180000,74W,40,2026,9,17,18,15.6,131.6,100900.0,2026-09-17 18:00:00,2026-09-17 18:00:00,1009.0
20260917,180000,74W,40,2026,9,17,18,15.3,131.6,100600.0,2026-09-17 18:00:00,2026-09-17 18:00:00,1006.0
20260917,180000,74W,40,2026,9,17,18,15.6,131.0,100500.0,2026-09-17 18:00:00,2026-09-17 18:00:00,1005.0
20260917,180000,74W,40,2026,9,17,18,15.6,130.7,100200.0,2026-09-17 18:00:00,2026-09-17 18:00:00,1002.0
20260917,180000,74W,40,2026,9,17,18,15.6,130.7,100300.0,2026-09-17 18:00:00,2026-09-17 18:00:00,1003.0
20260917,180000,74W,40,2026,9,17,18,15.3,130.2,100100.0,2026-09-17 18:00:00,2026-09-17 18:00:00,1001.0
20260917,180000,74W,40,2026,9,17,18,15.3,129.9,100200.0,2026-09-17 18:00:00,2026-09-17 18:00:00,1002.0
20260917,180000,74W,40,2026,9,17,18,15.6,129.3,100000.0,2026-09-17 18:00:00,2026-09-17 18:00:00,1000.0
20260917,180000,74W,40,2026,9,17,18,15.0,129.3,99900.0,2026-09-17 18:00:00,2026-09-17 18:00:00,999.0
20260917,180000,74W,40,2026,9,17,18,15.0,129.3,99000.0,2026-09-17 18:00:00,2026-09-17 18:00:00,990.0
20260917,180000,74W,40,2026,9,17,18,15.0,129.3,99200.0,2026-09-17 18:00:00,2026-09-17 18:00:00,992.0
20260917,180000,74W,40,2026,9,17,18,15.0,129.3,99100.0,2026-09-17 18:00:00,2026-09-17 18:00:00,991.0
20260917,180000,74W,40,2026,9,17,18,15.0,129.3,98900.0,2026-09-17 18:00:00,2026-09-17 18:00:00,989.0
20260917,180000,74W,40,2026,9,17,18,15.6,128.5,98300.0,2026-09-17 18:00:00,2026-09-17 18:00:00,983.0
20260917,180000,74W,40,2026,9,17,18,15.6,127.9,98300.0,2026-09-17 18:00:00,2026-09-17 18:00:00,983.0
20260917,180000,74W,40,2026,9,17,18,15.9,127.10000000000001,98100.0,2026-09-17 18:00:00,2026-09-17 18:00:00,981.0
20260917,180000,74W,40,2026,9,17,18,15.6,126.2,97900.0,2026-09-17 18:00:00,2026-09-17 18:00:00,979.0
20260917,180000,74W,40,2026,9,17,18,15.9,125.4,97700.0,2026-09-17 18:00:00,2026-09-17 18:00:00,977.0
20260917,180000,74W,40,2026,9,17,18,15.9,124.5,97400.0,2026-09-17 18:00:00,2026-09-17 18:00:00,974.0
20260917,180000,74W,40,2026,9,17,18,16.1,123.7,97400.0,2026-09-17 18:00:00,2026-09-17 18:00:00,974.0
20260917,180000,74W,40,2026,9,17,18,16.4,122.3,97900.0,2026-09-17 18:00:00,2026-09-17 18:00:00,979.0
20260917,180000,74W,40,2026,9,17,18,16.7,120.0,98400.0,2026-09-17 18:00:00,2026-09-17 18:00:00,984.0
20260917,180000,74W,42,2026,9,17,18,6.6000000000000005,179.4,100900.0,2026-09-17 18:00:00,2026-09-17 18:00:00,1009.0
20260917,180000,74W,42,2026,9,17,18,6.3,181.9,101000.0,2026-09-17 18:00:00,2026-09-17 18:00:00,1010.0
20260917,180000,74W,47,2026,9,17,18,15.3,157.70000000000002,101100.0,2026-09-17 18:00:00,2026-09-17 18:00:00,1011.0
20260917,180000,74W,47,2026,9,17,18,12.5,157.5,100600.0,2026-09-17 18:00:00,2026-09-17 18:00:00,1006.0
20260917,180000,74W,48,2026,9,17,18,12.5,135.2,101100.0,2026-09-17 18:00:00,2026-09-17 18:00:00,1011.0
20260917,180000,74W,48,2026,9,17,18,12.5,137.20000000000002,100800.0,2026-09-17 18:00:00,2026-09-17 18:00:00,1008.0
20260917,180000,74W,48,2026,9,17,18,10.8,136.4,101200.0,2026-09-17 18:00:00,2026-09-17 18:00:00,1012.0
20260917,180000,74W,48,2026,9,17,18,10.8,136.4,100900.0,2026-09-17 18:00:00,2026-09-17 18:00:00,1009.0
20260917,180000,74W,48,2026,9,17,18,10.0,133.8,101200.0,2026-09-17 18:00:00,2026-09-17 18:00:00,1012.0
20260917,180000,74W,48,2026,9,17,18,11.4,136.4,101200.0,2026-09-17 18:00:00,2026-09-17 18:00:00,1012.0
20260917,180000,74W,48,2026,9,17,18,10.9,135.2,101200.0,2026-09-17 18:00:00,2026-09-17 18:00:00,1012.0
20260917,180000,74W,48,2026,9,17,18,10.8,135.8,100800.0,2026-09-17 18:00:00,2026-09-17 18:00:00,1008.0
20260917,180000,74W,48,2026,9,17,18,10.8,135.0,101000.0,2026-09-17 18:00:00,2026-09-17 18:00:00,1010.0
20260917,180000,74W,48,2026,9,17,18,11.1,135.2,100800.0,2026-09-17 18:00:00,2026-09-17 18:00:00,1008.0
20260917,180000,74W,48,2026,9,17,18,12.200000000000001,133.8,101000.0,2026-09-17 18:00:00,2026-09-17 18:00:00,1010.0
20260917,180000,74W,48,2026,9,17,18,11.1,135.2,100800.0,2026-09-17 18:00:00,2026-09-17 18:00:00,1008.0
20260917,180000,74W,48,2026,9,17,18,11.6,135.5,100900.0,2026-09-17 18:00:00,2026-09-17 18:00:00,1009.0
20260917,180000,74W,48,2026,9,17,18,12.5,136.6,100700.0,2026-09-17 18:00:00,2026-09-17 18:00:00,1007.0
20260917,180000,74W,48,2026,9,17,18,12.5,134.1,100900.0,2026-09-17 18:00:00,2026-09-17 18:00:00,1009.0
20260917,180000,74W,48,2026,9,17,18,11.6,132.4,100900.0,2026-09-17 18:00:00,2026-09-17 18:00:00,1009.0
20260917,180000,74W,48,2026,9,17,18,12.8,133.3,100700.0,2026-09-17 18:00:00,2026-09-17 18:00:00,1007.0
20260917,180000,74W,48,2026,9,17,18,14.200000000000001,132.4,100900.0,2026-09-17 18:00:00,2026-09-17 18:00:00,1009.0
20260917,180000,74W,48,2026,9,17,18,13.0,133.5,100600.0,2026-09-17 18:00:00,2026-09-17 18:00:00,1006.0
20260917,180000,74W,48,2026,9,17,18,13.0,133.5,100800.0,2026-09-17 18:00:00,2026-09-17 18:00:00,1008.0
20260917,180000,74W,48,2026,9,17,18,13.9,132.7,100700.0,2026-09-17 18:00:00,2026-09-17 18:00:00,1007.0
20260917,180000,74W,48,2026,9,17,18,12.8,131.9,100700.0,2026-09-17 18:00:00,2026-09-17 18:00:00,1007.0
20260917,180000,74W,48,2026,9,17,18,13.9,133.0,100900.0,2026-09-17 18:00:00,2026-09-17 18:00:00,1009.0
20260917,180000,74W,48,2026,9,17,18,14.700000000000001,133.3,100600.0,2026-09-17 18:00:00,2026-09-17 18:00:00,1006.0
20260917,180000,74W,48,2026,9,17,18,14.9,133.5,100800.0,2026-09-17 18:00:00,2026-09-17 18:00:00,1008.0
20260917,180000,74W,48,2026,9,17,18,15.3,133.5,100700.0,2026-09-17 18:00:00,2026-09-17 18:00:00,1007.0
20260917,180000,74W,48,2026,9,17,18,16.1,134.3,100900.0,2026-09-17 18:00:00,2026-09-17 18:00:00,1009.0
20260917,180000,74W,48,2026,9,17,18,16.7,134.7,100700.0,2026-09-17 18:00:00,2026-09-17 18:00:00,1007.0
20260917,180000,74W,48,2026,9,17,18,17.3,134.7,100900.0,2026-09-17 18:00:00,2026-09-17 18:00:00,1009.0
20260917,180000,74W,48,2026,9,17,18,17.8,135.8,100600.0,2026-09-17 18:00:00,2026-09-17 18:00:00,1006.0
20260917,180000,74W,48,2026,9,17,18,18.1,135.8,100800.0,2026-09-17 18:00:00,2026-09-17 18:00:00,1008.0
20260917,180000,74W,48,2026,9,17,18,18.1,135.0,100600.0,2026-09-17 18:00:00,2026-09-17 18:00:00,1006.0
20260917,180000,74W,48,2026,9,17,18,17.8,134.7,100700.0,2026-09-17 18:00:00,2026-09-17 18:00:00,1007.0
20260917,180000,74W,48,2026,9,17,18,16.7,134.4,100300.0,2026-09-17 18:00:00,2026-09-17 18:00:00,1003.0
20260917,180000,74W,48,2026,9,17,18,16.1,134.7,100500.0,2026-09-17 18:00:00,2026-09-17 18:00:00,1005.0
20260917,180000,74W,48,2026,9,17,18,16.4,134.1,100400.0,2026-09-17 18:00:00,2026-09-17 18:00:00,1004.0
20260917,180000,74W,48,2026,9,17,18,16.4,134.1,100400.0,2026-09-17 18:00:00,2026-09-17 18:00:00,1004.0
20260917,180000,74W,48,2026,9,17,18,15.6,133.3,100100.0,2026-09-17 18:00:00,2026-09-17 18:00:00,1001.0
20260917,180000,74W,48,2026,9,17,18,15.3,133.0,100200.0,2026-09-17 18:00:00,2026-09-17 18:00:00,1002.0
20260917,180000,74W,48,2026,9,17,18,14.700000000000001,132.7,99900.0,2026-09-17 18:00:00,2026-09-17 18:00:00,999.0
20260917,180000,74W,50,2026,9,17,18,10.8,173.5,101000.0,2026-09-17 18:00:00,2026-09-17 18:00:00,1010.0
20260917,180000,74W,50,2026,9,17,18,9.700000000000001,172.9,101100.0,2026-09-17 18:00:00,2026-09-17 18:00:00,1011.0
20260917,180000,74W,50,2026,9,17,18,10.200000000000001,173.5,101100.0,2026-09-17 18:00:00,2026-09-17 18:00:00,1011.0
20260917,180000,74W,50,2026,9,17,18,9.700000000000001,174.0,100900.0,2026-09-17 18:00:00,2026-09-17 18:00:00,1009.0
20260917,180000,74W,50,2026,9,17,18,9.700000000000001,174.0,100800.0,2026-09-17 18:00:00,2026-09-17 18:00:00,1008.0
20260917,180000,74W,50,2026,9,17,18,9.4,174.0,100900.0,2026-09-17 18:00:00,2026-09-17 18:00:00,1009.0
20260917,180000,74W,50,2026,9,17,18,9.700000000000001,174.0,100900.0,2026-09-17 18:00:00,2026-09-17 18:00:00,1009.0
20260917,180000,74W,50,2026,9,17,18,9.700000000000001,174.0,101000.0,2026-09-17 18:00:00,2026-09-17 18:00:00,1010.0
20260917,180000,74W,50,2026,9,17,18,9.1,174.0,100800.0,2026-09-17 18:00:00,2026-09-17 18:00:00,1008.0
20260917,180000,74W,50,2026,9,17,18,10.0,173.20000000000002,100800.0,2026-09-17 18:00:00,2026-09-17 18:00:00,1008.0
20260917,180000,74W,50,2026,9,17,18,9.4,174.0,101000.0,2026-09-17 18:00:00,2026-09-17 18:00:00,1010.0
20260917,180000,74W,50,2026,9,17,18,10.5,172.4,100800.0,2026-09-17 18:00:00,2026-09-17 18:00:00,1008.0
20260917,180000,74W,50,2026,9,17,18,11.1,172.6,100800.0,2026-09-17 18:00:00,2026-09-17 18:00:00,1008.0
20260917,180000,74W,50,2026,9,17,18,11.3,172.4,100900.0,2026-09-17 18:00:00,2026-09-17 18:00:00,1009.0
20260917,180000,74W,50,2026,9,17,18,9.700000000000001,171.8,100800.0,2026-09-17 18:00:00,2026-09-17 18:00:00,1008.0
20260917,180000,74W,50,2026,9,17,18,10.8,173.20000000000002,100900.0,2026-09-17 18:00:00,2026-09-17 18:00:00,1009.0
20260917,180000,74W,50,2026,9,17,18,12.200000000000001,171.20000000000002,100800.0,2026-09-17 18:00:00,2026-09-17 18:00:00,1008.0
20260917,180000,74W,50,2026,9,17,18,11.6,171.5,100900.0,2026-09-17 18:00:00,2026-09-17 18:00:00,1009.0
20260917,180000,74W,50,2026,9,17,18,10.8,172.9,100700.0,2026-09-17 18:00:00,2026-09-17 18:00:00,1007.0
20260917,180000,74W,51,2026,9,17,18,16.4,153.20000000000002,100900.0,2026-09-17 18:00:00,2026-09-17 18:00:00,1009.0
20260917,180000,74W,51,2026,9,17,18,15.3,151.8,100900.0,2026-09-17 18:00:00,2026-09-17 18:00:00,1009.0
20260917,180000,74W,51,2026,9,17,18,16.4,149.8,100700.0,2026-09-17 18:00:00,2026-09-17 18:00:00,1007.0
20260917,180000,74W,51,2026,9,17,18,16.7,148.70000000000002,100900.0,2026-09-17 18:00:00,2026-09-17 18:00:00,1009.0
20260917,180000,74W,51,2026,9,17,18,17.0,146.5,100600.0,2026-09-17 18:00:00,2026-09-17 18:00:00,1006.0
20260917,180000,74W,51,2026,9,17,18,16.7,145.9,100900.0,2026-09-17 18:00:00,2026-09-17 18:00:00,1009.0
20260917,180000,74W,51,2026,9,17,18,17.3,144.8,100600.0,2026-09-17 18:00:00,2026-09-17 18:00:00,1006.0
20260917,180000,74W,51,2026,9,17,18,17.0,143.20000000000002,100800.0,2026-09-17 18:00:00,2026-09-17 18:00:00,1008.0
20260917,180000,74W,51,2026,9,17,18,17.8,142.0,100600.0,2026-09-17 18:00:00,2026-09-17 18:00:00,1006.0
20260917,180000,74W,51,2026,9,17,18,17.3,141.4,100800.0,2026-09-17 18:00:00,2026-09-17 18:00:00,1008.0
20260917,180000,74W,51,2026,9,17,18,16.7,140.9,100600.0,2026-09-17 18:00:00,2026-09-17 18:00:00,1006.0
20260917,180000,74W,51,2026,9,17,18,17.0,140.6,100700.0,2026-09-17 18:00:00,2026-09-17 18:00:00,1007.0
20260917,180000,74W,51,2026,9,17,18,16.9,140.5,100400.0,2026-09-17 18:00:00,2026-09-17 18:00:00,1004.0
20260917,180000,74W,51,2026,9,17,18,16.6,140.1,100700.0,2026-09-17 18:00:00,2026-09-17 18:00:00,1007.0
20260917,180000,74W,51,2026,9,17,18,17.0,139.70000000000002,100500.0,2026-09-17 18:00:00,2026-09-17 18:00:00,1005.0
20260917,180000,74W,51,2026,9,17,18,17.0,140.0,100700.0,2026-09-17 18:00:00,2026-09-17 18:00:00,1007.0
20260917,180000,74W,51,2026,9,17,18,17.0,139.70000000000002,100300.0,2026-09-17 18:00:00,2026-09-17 18:00:00,1003.0
20260917,180000,74W,51,2026,9,17,18,16.7,139.70000000000002,100600.0,2026-09-17 18:00:00,2026-09-17 18:00:00,1006.0
20260917,180000,74W,51,2026,9,17,18,16.1,139.20000000000002,100400.0,2026-09-17 18:00:00,2026-09-17 18:00:00,1004.0
20260917,180000,74W,51,2026,9,17,18,15.9,139.20000000000002,100500.0,2026-09-17 18:00:00,2026-09-17 18:00:00,1005.0
20260917,180000,74W,51,2026,9,17,18,15.9,139.5,100100.0,2026-09-17 18:00:00,2026-09-17 18:00:00,1001.0
20260917,180000,74W,51,2026,9,17,18,15.9,139.20000000000002,100500.0,2026-09-17 18:00:00,2026-09-17 18:00:00,1005.0
20260917,180000,74W,51,2026,9,17,18,15.6,139.20000000000002,100100.0,2026-09-17 18:00:00,2026-09-17 18:00:00,1001.0
20260917,180000,74W,51,2026,9,17,18,15.6,138.6,100100.0,2026-09-17 18:00:00,2026-09-17 18:00:00,1001.0
20260917,180000,74W,51,2026,9,17,18,15.6,138.9,99900.0,2026-09-17 18:00:00,2026-09-17 18:00:00,999.0
20260917,180000,74W,51,2026,9,17,18,15.9,138.9,99900.0,2026-09-17 18:00:00,2026-09-17 18:00:00,999.0
20260917,180000,74W,51,2026,9,17,18,15.9,138.6,99700.0,2026-09-17 18:00:00,2026-09-17 18:00:00,997.0
20260917,180000,75W,3,2026,9,17,18,13.6,154.4,100800.0,2026-09-17 18:00:00,2026-09-17 18:00:00,1008.0
20260917,180000,75W,3,2026,9,17,18,13.9,155.5,101000.0,2026-09-17 18:00:00,2026-09-17 18:00:00,1010.0
20260917,180000,75W,3,2026,9,17,18,14.4,155.0,100700.0,2026-09-17 18:00:00,2026-09-17 18:00:00,1007.0
20260917,180000,75W,3,2026,9,17,18,15.0,154.4,100900.0,2026-09-17 18:00:00,2026-09-17 18:00:00,1009.0
20260917,180000,75W,3,2026,9,17,18,14.700000000000001,153.5,100500.0,2026-09-17 18:00:00,2026-09-17 18:00:00,1005.0
20260917,180000,75W,3,2026,9,17,18,15.0,153.0,100800.0,2026-09-17 18:00:00,2026-09-17 18:00:00,1008.0
20260917,180000,75W,3,2026,9,17,18,14.700000000000001,151.5,100600.0,2026-09-17 18:00:00,2026-09-17 18:00:00,1006.0
20260917,180000,75W,3,2026,9,17,18,15.0,151.0,100700.0,2026-09-17 18:00:00,2026-09-17 18:00:00,1007.0
20260917,180000,75W,3,2026,9,17,18,15.0,149.0,100700.0,2026-09-17 18:00:00,2026-09-17 18:00:00,1007.0
20260917,180000,75W,3,2026,9,17,18,14.700000000000001,147.9,100500.0,2026-09-17 18:00:00,2026-09-17 18:00:00,1005.0
20260917,180000,75W,3,2026,9,17,18,14.700000000000001,147.3,100700.0,2026-09-17 18:00:00,2026-09-17 18:00:00,1007.0
20260917,180000,75W,3,2026,9,17,18,14.700000000000001,147.3,100400.0,2026-09-17 18:00:00,2026-09-17 18:00:00,1004.0
20260917,180000,75W,3,2026,9,17,18,15.6,145.6,100600.0,2026-09-17 18:00:00,2026-09-17 18:00:00,1006.0
20260917,180000,75W,3,2026,9,17,18,15.0,143.1,100300.0,2026-09-17 18:00:00,2026-09-17 18:00:00,1003.0
20260917,180000,75W,3,2026,9,17,18,15.0,141.9,100500.0,2026-09-17 18:00:00,2026-09-17 18:00:00,1005.0
20260917,180000,75W,3,2026,9,17,18,15.6,140.9,100000.0,2026-09-17 18:00:00,2026-09-17 18:00:00,1000.0
20260917,180000,75W,3,2026,9,17,18,15.6,139.70000000000002,100000.0,2026-09-17 18:00:00,2026-09-17 18:00:00,1000.0
20260917,180000,75W,3,2026,9,17,18,15.6,138.9,99500.0,2026-09-17 18:00:00,2026-09-17 18:00:00,995.0
20260917,180000,75W,5,2026,9,17,18,13.0,138.0,101000.0,2026-09-17 18:00:00,2026-09-17 18:00:00,1010.0
20260917,180000,75W,5,2026,9,17,18,14.700000000000001,136.9,100800.0,2026-09-17 18:00:00,2026-09-17 18:00:00,1008.0
20260917,180000,75W,5,2026,9,17,18,14.200000000000001,137.8,101000.0,2026-09-17 18:00:00,2026-09-17 18:00:00,1010.0
20260917,180000,75W,5,2026,9,17,18,13.8,140.3,100900.0,2026-09-17 18:00:00,2026-09-17 18:00:00,1009.0
20260917,180000,75W,7,2026,9,17,18,14.5,140.6,101000.0,2026-09-17 18:00:00,2026-09-17 18:00:00,1010.0
20260917,180000,75W,7,2026,9,17,18,13.6,142.3,100800.0,2026-09-17 18:00:00,2026-09-17 18:00:00,1008.0
20260917,180000,75W,7,2026,9,17,18,11.9,142.3,101000.0,2026-09-17 18:00:00,2026-09-17 18:00:00,1010.0
20260917,180000,75W,7,2026,9,17,18,14.0,141.1,100800.0,2026-09-17 18:00:00,2026-09-17 18:00:00,1008.0
20260917,180000,75W,7,2026,9,17,18,13.9,142.3,101000.0,2026-09-17 18:00:00,2026-09-17 18:00:00,1010.0
20260917,180000,75W,7,2026,9,17,18,13.0,142.0,100600.0,2026-09-17 18:00:00,2026-09-17 18:00:00,1006.0
20260917,180000,75W,7,2026,9,17,18,13.6,143.4,100900.0,2026-09-17 18:00:00,2026-09-17 18:00:00,1009.0
20260917,180000,75W,7,2026,9,17,18,14.700000000000001,143.70000000000002,100700.0,2026-09-17 18:00:00,2026-09-17 18:00:00,1007.0
20260917,180000,75W,7,2026,9,17,18,14.5,144.0,100800.0,2026-09-17 18:00:00,2026-09-17 18:00:00,1008.0
20260917,180000,75W,7,2026,9,17,18,13.6,145.1,100500.0,2026-09-17 18:00:00,2026-09-17 18:00:00,1005.0
20260917,180000,75W,7,2026,9,17,18,14.700000000000001,145.1,100800.0,2026-09-17 18:00:00,2026-09-17 18:00:00,1008.0
20260917,180000,75W,7,2026,9,17,18,14.700000000000001,146.8,100500.0,2026-09-17 18:00:00,2026-09-17 18:00:00,1005.0
20260917,180000,75W,8,2026,9,17,18,17.3,113.0,101000.0,2026-09-17 18:00:00,2026-09-17 18:00:00,1010.0
20260917,180000,75W,8,2026,9,17,18,19.0,112.5,101000.0,2026-09-17 18:00:00,2026-09-17 18:00:00,1010.0
20260917,180000,75W,8,2026,9,17,18,19.0,112.5,101000.0,2026-09-17 18:00:00,2026-09-17 18:00:00,1010.0
20260917,180000,75W,8,2026,9,17,18,18.400000000000002,110.8,101200.0,2026-09-17 18:00:00,2026-09-17 18:00:00,1012.0
20260917,180000,75W,8,2026,9,17,18,18.400000000000002,111.3,101000.0,2026-09-17 18:00:00,2026-09-17 18:00:00,1010.0
20260917,180000,75W,8,2026,9,17,18,19.0,112.5,100900.0,2026-09-17 18:00:00,2026-09-17 18:00:00,1009.0
20260917,180000,75W,8,2026,9,17,18,17.0,112.5,101000.0,2026-09-17 18:00:00,2026-09-17 18:00:00,1010.0
20260917,180000,75W,8,2026,9,17,18,16.4,111.0,101100.0,2026-09-17 18:00:00,2026-09-17 18:00:00,1011.0
20260917,180000,75W,8,2026,9,17,18,17.3,111.0,101000.0,2026-09-17 18:00:00,2026-09-17 18:00:00,1010.0
20260917,180000,75W,8,2026,9,17,18,17.6,111.3,101100.0,2026-09-17 18:00:00,2026-09-17 18:00:00,1011.0
20260917,180000,75W,8,2026,9,17,18,18.1,111.0,101100.0,2026-09-17 18:00:00,2026-09-17 18:00:00,1011.0
20260917,180000,75W,8,2026,9,17,18,17.900000000000002,107.4,101200.0,2026-09-17 18:00:00,2026-09-17 18:00:00,1012.0
20260917,180000,75W,8,2026,9,17,18,18.400000000000002,108.0,101200.0,2026-09-17 18:00:00,2026-09-17 18:00:00,1012.0
20260917,180000,75W,8,2026,9,17,18,17.900000000000002,107.4,101200.0,2026-09-17 18:00:00,2026-09-17 18:00:00,1012.0
20260917,180000,75W,8,2026,9,17,18,18.1,107.3,101000.0,2026-09-17 18:00:00,2026-09-17 18:00:00,1010.0
20260917,180000,75W,8,2026,9,17,18,17.8,107.4,101000.0,2026-09-17 18:00:00,2026-09-17 18:00:00,1010.0
20260917,180000,75W,8,2026,9,17,18,18.400000000000002,107.4,101000.0,2026-09-17 18:00:00,2026-09-17 18:00:00,1010.0
20260917,180000,75W,8,2026,9,17,18,18.7,107.10000000000001,101000.0,2026-09-17 18:00:00,2026-09-17 18:00:00,1010.0
20260917,180000,75W,8,2026,9,17,18,19.8,107.4,100900.0,2026-09-17 18:00:00,2026-09-17 18:00:00,1009.0
20260917,180000,75W,8,2026,9,17,18,19.8,107.4,100900.0,2026-09-17 18:00:00,2026-09-17 18:00:00,1009.0
20260917,180000,75W,8,2026,9,17,18,20.400000000000002,107.10000000000001,101000.0,2026-09-17 18:00:00,2026-09-17 18:00:00,1010.0
20260917,180000,75W,8,2026,9,17,18,20.900000000000002,107.10000000000001,101100.0,2026-09-17 18:00:00,2026-09-17 18:00:00,1011.0
20260917,180000,75W,8,2026,9,17,18,21.5,105.10000000000001,101000.0,2026-09-17 18:00:00,2026-09-17 18:00:00,1010.0
20260917,180000,75W,8,2026,9,17,18,21.2,105.10000000000001,101000.0,2026-09-17 18:00:00,2026-09-17 18:00:00,1010.0
20260917,180000,75W,9,2026,9,17,18,17.0,163.1,100900.0,2026-09-17 18:00:00,2026-09-17 18:00:00,1009.0
20260917,180000,75W,9,2026,9,17,18,17.3,162.20000000000002,100700.0,2026-09-17 18:00:00,2026-09-17 18:00:00,1007.0
20260917,180000,75W,9,2026,9,17,18,17.8,161.1,100900.0,2026-09-17 18:00:00,2026-09-17 18:00:00,1009.0
20260917,180000,75W,9,2026,9,17,18,18.400000000000002,159.1,100700.0,2026-09-17 18:00:00,2026-09-17 18:00:00,1007.0
20260917,180000,75W,9,2026,9,17,18,18.1,157.70000000000002,100900.0,2026-09-17 18:00:00,2026-09-17 18:00:00,1009.0
20260917,180000,75W,9,2026,9,17,18,19.0,156.3,100700.0,2026-09-17 18:00:00,2026-09-17 18:00:00,1007.0
20260917,180000,75W,9,2026,9,17,18,19.0,154.9,100800.0,2026-09-17 18:00:00,2026-09-17 18:00:00,1008.0
20260917,180000,75W,9,2026,9,17,18,19.2,154.1,100600.0,2026-09-17 18:00:00,2026-09-17 18:00:00,1006.0
20260917,180000,75W,9,2026,9,17,18,19.5,153.0,100900.0,2026-09-17 18:00:00,2026-09-17 18:00:00,1009.0
20260917,180000,75W,9,2026,9,17,18,22.1,149.9,101000.0,2026-09-17 18:00:00,2026-09-17 18:00:00,1010.0
20260917,180000,75W,9,2026,9,17,18,22.900000000000002,149.0,100800.0,2026-09-17 18:00:00,2026-09-17 18:00:00,1008.0
20260917,180000,75W,9,2026,9,17,18,23.2,147.9,100900.0,2026-09-17 18:00:00,2026-09-17 18:00:00,1009.0
20260917,180000,75W,9,2026,9,17,18,22.6,146.5,100700.0,2026-09-17 18:00:00,2026-09-17 18:00:00,1007.0
20260917,180000,75W,9,2026,9,17,18,24.0,146.0,100900.0,2026-09-17 18:00:00,2026-09-17 18:00:00,1009.0
20260917,180000,75W,9,2026,9,17,18,25.2,145.4,100700.0,2026-09-17 18:00:00,2026-09-17 18:00:00,1007.0
20260917,180000,75W,9,2026,9,17,18,24.5,144.3,100700.0,2026-09-17 18:00:00,2026-09-17 18:00:00,1007.0
20260917,180000,75W,10,2026,9,17,18,33.0,126.0,100900.0,2026-09-17 18:00:00,2026-09-17 18:00:00,1009.0
20260917,180000,75W,10,2026,9,17,18,33.0,129.0,100500.0,2026-09-17 18:00:00,2026-09-17 18:00:00,1005.0
20260917,180000,75W,12,2026,9,17,18,11.6,152.4,101100.0,2026-09-17 18:00:00,2026-09-17 18:00:00,1011.0
20260917,180000,75W,12,2026,9,17,18,11.1,151.3,100900.0,2026-09-17 18:00:00,2026-09-17 18:00:00,1009.0
20260917,180000,75W,12,2026,9,17,18,11.6,152.1,101000.0,2026-09-17 18:00:00,2026-09-17 18:00:00,1010.0
20260917,180000,75W,12,2026,9,17,18,11.4,153.20000000000002,100800.0,2026-09-17 18:00:00,2026-09-17 18:00:00,1008.0
20260917,180000,75W,12,2026,9,17,18,13.3,155.8,100800.0,2026-09-17 18:00:00,2026-09-17 18:00:00,1008.0
20260917,180000,75W,12,2026,9,17,18,15.0,156.3,101000.0,2026-09-17 18:00:00,2026-09-17 18:00:00,1010.0
20260917,180000,75W,12,2026,9,17,18,15.0,156.0,100700.0,2026-09-17 18:00:00,2026-09-17 18:00:00,1007.0
20260917,180000,75W,12,2026,9,17,18,14.700000000000001,154.6,100900.0,2026-09-17 18:00:00,2026-09-17 18:00:00,1009.0
20260917,180000,75W,15,2026,9,17,18,11.9,144.8,100900.0,2026-09-17 18:00:00,2026-09-17 18:00:00,1009.0
20260917,180000,75W,15,2026,9,17,18,13.0,146.8,101100.0,2026-09-17 18:00:00,2026-09-17 18:00:00,1011.0
20260917,180000,75W,15,2026,9,17,18,13.0,146.5,100800.0,2026-09-17 18:00:00,2026-09-17 18:00:00,1008.0
20260917,180000,75W,15,2026,9,17,18,13.3,145.1,100900.0,2026-09-17 18:00:00,2026-09-17 18:00:00,1009.0
20260917,180000,75W,15,2026,9,17,18,13.3,143.70000000000002,101100.0,2026-09-17 18:00:00,2026-09-17 18:00:00,1011.0
20260917,180000,75W,15,2026,9,17,18,14.9,141.9,101100.0,2026-09-17 18:00:00,2026-09-17 18:00:00,1011.0
20260917,180000,75W,15,2026,9,17,18,15.3,141.70000000000002,100800.0,2026-09-17 18:00:00,2026-09-17 18:00:00,1008.0
20260917,180000,75W,15,2026,9,17,18,15.3,141.70000000000002,101000.0,2026-09-17 18:00:00,2026-09-17 18:00:00,1010.0
20260917,180000,75W,15,2026,9,17,18,16.7,138.6,100900.0,2026-09-17 18:00:00,2026-09-17 18:00:00,1009.0
20260917,180000,75W,15,2026,9,17,18,16.1,137.8,100700.0,2026-09-17 18:00:00,2026-09-17 18:00:00,1007.0
20260917,180000,75W,15,2026,9,17,18,16.1,138.0,100900.0,2026-09-17 18:00:00,2026-09-17 18:00:00,1009.0
20260917,180000,75W,15,2026,9,17,18,17.3,137.20000000000002,100600.0,2026-09-17 18:00:00,2026-09-17 18:00:00,1006.0
20260917,180000,75W,15,2026,9,17,18,19.2,134.4,100700.0,2026-09-17 18:00:00,2026-09-17 18:00:00,1007.0
20260917,180000,75W,15,2026,9,17,18,18.400000000000002,133.3,100400.0,2026-09-17 18:00:00,2026-09-17 18:00:00,1004.0
20260917,180000,75W,15,2026,9,17,18,17.8,132.4,100700.0,2026-09-17 18:00:00,2026-09-17 18:00:00,1007.0
20260917,180000,75W,15,2026,9,17,18,19.2,132.1,100800.0,2026-09-17 18:00:00,2026-09-17 18:00:00,1008.0
20260917,180000,75W,15,2026,9,17,18,19.5,131.0,100600.0,2026-09-17 18:00:00,2026-09-17 18:00:00,1006.0
20260917,180000,75W,15,2026,9,17,18,20.900000000000002,130.5,100700.0,2026-09-17 18:00:00,2026-09-17 18:00:00,1007.0
20260917,180000,75W,15,2026,9,17,18,21.5,129.6,100500.0,2026-09-17 18:00:00,2026-09-17 18:00:00,1005.0
20260917,180000,75W,15,2026,9,17,18,21.8,128.2,100300.0,2026-09-17 18:00:00,2026-09-17 18:00:00,1003.0
20260917,180000,75W,15,2026,9,17,18,21.8,127.60000000000001,100000.0,2026-09-17 18:00:00,2026-09-17 18:00:00,1000.0
20260917,180000,75W,15,2026,9,17,18,22.3,127.4,100000.0,2026-09-17 18:00:00,2026-09-17 18:00:00,1000.0
20260917,180000,75W,15,2026,9,17,18,22.900000000000002,126.5,99800.0,2026-09-17 18:00:00,2026-09-17 18:00:00,998.0
20260917,180000,75W,15,2026,9,17,18,23.5,125.4,99900.0,2026-09-17 18:00:00,2026-09-17 18:00:00,999.0
20260917,180000,75W,15,2026,9,17,18,23.5,124.5,99600.0,2026-09-17 18:00:00,2026-09-17 18:00:00,996.0
20260917,180000,75W,15,2026,9,17,18,23.8,124.3,99700.0,2026-09-17 18:00:00,2026-09-17 18:00:00,997.0
20260917,180000,75W,15,2026,9,17,18,23.8,123.7,99700.0,2026-09-17 18:00:00,2026-09-17 18:00:00,997.0
20260917,180000,75W,15,2026,9,17,18,23.8,123.4,100100.0,2026-09-17 18:00:00,2026-09-17 18:00:00,1001.0
20260917,180000,75W,15,2026,9,17,18,24.0,123.10000000000001,100000.0,2026-09-17 18:00:00,2026-09-17 18:00:00,1000.0
20260917,180000,75W,15,2026,9,17,18,24.0,122.3,100200.0,2026-09-17 18:00:00,2026-09-17 18:00:00,1002.0
20260917,180000,75W,15,2026,9,17,18,22.6,121.2,100500.0,2026-09-17 18:00:00,2026-09-17 18:00:00,1005.0
20260917,180000,75W,15,2026,9,17,18,22.6,122.0,100600.0,2026-09-17 18:00:00,2026-09-17 18:00:00,1006.0
20260917,180000,75W,15,2026,9,17,18,24.0,120.60000000000001,100500.0,2026-09-17 18:00:00,2026-09-17 18:00:00,1005.0
20260917,180000,75W,15,2026,9,17,18,22.6,121.2,100600.0,2026-09-17 18:00:00,2026-09-17 18:00:00,1006.0
20260917,180000,75W,15,2026,9,17,18,23.8,121.5,100800.0,2026-09-17 18:00:00,2026-09-17 18:00:00,1008.0
20260917,180000,75W,15,2026,9,17,18,24.2,120.2,100900.0,2026-09-17 18:00:00,2026-09-17 18:00:00,1009.0
20260917,180000,75W,15,2026,9,17,18,24.0,119.8,100800.0,2026-09-17 18:00:00,2026-09-17 18:00:00,1008.0
20260917,180000,75W,16,2026,9,17,18,14.200000000000001,162.20000000000002,100700.0,2026-09-17 18:00:00,2026-09-17 18:00:00,1007.0
20260917,180000,75W,16,2026,9,17,18,13.6,162.20000000000002,100400.0,2026-09-17 18:00:00,2026-09-17 18:00:00,1004.0
20260917,180000,75W,16,2026,9,17,18,15.6,162.0,100300.0,2026-09-17 18:00:00,2026-09-17 18:00:00,1003.0
20260917,180000,75W,16,2026,9,17,18,15.6,162.0,99900.0,2026-09-17 18:00:00,2026-09-17 18:00:00,999.0
20260917,180000,75W,16,2026,9,17,18,15.9,161.4,99900.0,2026-09-17 18:00:00,2026-09-17 18:00:00,999.0
20260917,180000,75W,16,2026,9,17,18,16.4,160.5,99600.0,2026-09-17 18:00:00,2026-09-17 18:00:00,996.0
20260917,180000,75W,16,2026,9,17,18,16.4,160.6,99700.0,2026-09-17 18:00:00,2026-09-17 18:00:00,997.0
20260917,180000,75W,16,2026,9,17,18,17.6,158.6,99400.0,2026-09-17 18:00:00,2026-09-17 18:00:00,994.0
20260917,180000,75W,16,2026,9,17,18,19.0,160.5,99300.0,2026-09-17 18:00:00,2026-09-17 18:00:00,993.0
20260917,180000,75W,16,2026,9,17,18,21.2,161.4,99000.0,2026-09-17 18:00:00,2026-09-17 18:00:00,990.0
20260917,180000,75W,16,2026,9,17,18,22.6,160.9,98800.0,2026-09-17 18:00:00,2026-09-17 18:00:00,988.0
20260917,180000,75W,16,2026,9,17,18,23.1,160.9,98200.0,2026-09-17 18:00:00,2026-09-17 18:00:00,982.0
20260917,180000,75W,16,2026,9,17,18,23.8,161.1,98400.0,2026-09-17 18:00:00,2026-09-17 18:00:00,984.0
20260917,180000,75W,16,2026,9,17,18,24.6,161.4,98200.0,2026-09-17 18:00:00,2026-09-17 18:00:00,982.0
20260917,180000,75W,17,2026,9,17,18,8.8,171.5,100700.0,2026-09-17 18:00:00,2026-09-17 18:00:00,1007.0
20260917,180000,75W,17,2026,9,17,18,11.1,171.5,100800.0,2026-09-17 18:00:00,2026-09-17 18:00:00,1008.0
20260917,180000,75W,19,2026,9,17,18,20.400000000000002,132.1,100600.0,2026-09-17 18:00:00,2026-09-17 18:00:00,1006.0
20260917,180000,75W,19,2026,9,17,18,21.2,130.5,100700.0,2026-09-17 18:00:00,2026-09-17 18:00:00,1007.0
20260917,180000,75W,19,2026,9,17,18,23.8,129.9,100400.0,2026-09-17 18:00:00,2026-09-17 18:00:00,1004.0
20260917,180000,75W,19,2026,9,17,18,24.3,129.3,100300.0,2026-09-17 18:00:00,2026-09-17 18:00:00,1003.0
20260917,180000,75W,19,2026,9,17,18,24.3,128.8,100000.0,2026-09-17 18:00:00,2026-09-17 18:00:00,1000.0
20260917,180000,75W,19,2026,9,17,18,24.900000000000002,128.5,100000.0,2026-09-17 18:00:00,2026-09-17 18:00:00,1000.0
20260917,180000,75W,19,2026,9,17,18,25.2,127.9,99600.0,2026-09-17 18:00:00,2026-09-17 18:00:00,996.0
20260917,180000,75W,19,2026,9,17,18,25.7,127.60000000000001,99600.0,2026-09-17 18:00:00,2026-09-17 18:00:00,996.0
20260917,180000,75W,19,2026,9,17,18,26.3,127.60000000000001,99100.0,2026-09-17 18:00:00,2026-09-17 18:00:00,991.0
20260917,180000,75W,19,2026,9,17,18,26.6,127.9,99400.0,2026-09-17 18:00:00,2026-09-17 18:00:00,994.0
20260917,180000,75W,19,2026,9,17,18,26.900000000000002,128.2,99400.0,2026-09-17 18:00:00,2026-09-17 18:00:00,994.0
20260917,180000,75W,19,2026,9,17,18,26.900000000000002,129.0,99500.0,2026-09-17 18:00:00,2026-09-17 18:00:00,995.0
20260917,180000,75W,19,2026,9,17,18,26.900000000000002,129.3,99600.0,2026-09-17 18:00:00,2026-09-17 18:00:00,996.0
20260917,180000,75W,19,2026,9,17,18,27.1,129.9,99500.0,2026-09-17 18:00:00,2026-09-17 18:00:00,995.0
20260917,180000,75W,19,2026,9,17,18,27.1,130.5,99100.0,2026-09-17 18:00:00,2026-09-17 18:00:00,991.0
20260917,180000,75W,19,2026,9,17,18,27.1,131.0,99500.0,2026-09-17 18:00:00,2026-09-17 18:00:00,995.0
20260917,180000,75W,19,2026,9,17,18,27.400000000000002,131.3,99300.0,2026-09-17 18:00:00,2026-09-17 18:00:00,993.0
20260917,180000,75W,19,2026,9,17,18,27.1,131.9,99500.0,2026-09-17 18:00:00,2026-09-17 18:00:00,995.0
20260917,180000,75W,19,2026,9,17,18,27.1,132.4,99400.0,2026-09-17 18:00:00,2026-09-17 18:00:00,994.0
20260917,180000,75W,19,2026,9,17,18,27.1,132.4,99700.0,2026-09-17 18:00:00,2026-09-17 18:00:00,997.0
20260917,180000,75W,19,2026,9,17,18,26.900000000000002,132.7,99800.0,2026-09-17 18:00:00,2026-09-17 18:00:00,998.0
20260917,180000,75W,19,2026,9,17,18,26.3,132.4,100000.0,2026-09-17 18:00:00,2026-09-17 18:00:00,1000.0
20260917,180000,75W,19,2026,9,17,18,25.7,132.4,100000.0,2026-09-17 18:00:00,2026-09-17 18:00:00,1000.0
20260917,180000,75W,19,2026,9,17,18,25.2,131.9,100300.0,2026-09-17 18:00:00,2026-09-17 18:00:00,1003.0
20260917,180000,75W,19,2026,9,17,18,24.900000000000002,131.0,100200.0,2026-09-17 18:00:00,2026-09-17 18:00:00,1002.0
20260917,180000,75W,19,2026,9,17,18,24.900000000000002,130.5,100400.0,2026-09-17 18:00:00,2026-09-17 18:00:00,1004.0
20260917,180000,75W,19,2026,9,17,18,24.900000000000002,129.6,100300.0,2026-09-17 18:00:00,2026-09-17 18:00:00,1003.0
20260917,180000,75W,19,2026,9,17,18,24.900000000000002,129.3,100600.0,2026-09-17 18:00:00,2026-09-17 18:00:00,1006.0
20260917,180000,75W,19,2026,9,17,18,25.2,128.2,100500.0,2026-09-17 18:00:00,2026-09-17 18:00:00,1005.0
20260917,180000,75W,20,2026,9,17,18,13.9,151.8,100900.0,2026-09-17 18:00:00,2026-09-17 18:00:00,1009.0
20260917,180000,75W,20,2026,9,17,18,13.6,152.4,101100.0,2026-09-17 18:00:00,2026-09-17 18:00:00,1011.0
20260917,180000,75W,20,2026,9,17,18,11.4,151.0,101100.0,2026-09-17 18:00:00,2026-09-17 18:00:00,1011.0
20260917,180000,75W,20,2026,9,17,18,10.5,149.9,101000.0,2026-09-17 18:00:00,2026-09-17 18:00:00,1010.0
20260917,180000,75W,20,2026,9,17,18,12.200000000000001,149.9,100700.0,2026-09-17 18:00:00,2026-09-17 18:00:00,1007.0
20260917,180000,75W,20,2026,9,17,18,9.700000000000001,148.5,100700.0,2026-09-17 18:00:00,2026-09-17 18:00:00,1007.0
20260917,180000,75W,20,2026,9,17,18,9.4,149.0,100800.0,2026-09-17 18:00:00,2026-09-17 18:00:00,1008.0
20260917,180000,75W,20,2026,9,17,18,10.0,148.5,100600.0,2026-09-17 18:00:00,2026-09-17 18:00:00,1006.0
20260917,180000,75W,20,2026,9,17,18,11.1,149.0,100800.0,2026-09-17 18:00:00,2026-09-17 18:00:00,1008.0
20260917,180000,75W,20,2026,9,17,18,11.4,148.70000000000002,100600.0,2026-09-17 18:00:00,2026-09-17 18:00:00,1006.0
20260917,180000,75W,20,2026,9,17,18,12.8,149.9,100600.0,2026-09-17 18:00:00,2026-09-17 18:00:00,1006.0
20260917,180000,75W,20,2026,9,17,18,14.200000000000001,147.6,100600.0,2026-09-17 18:00:00,2026-09-17 18:00:00,1006.0
20260917,180000,75W,22,2026,9,17,18,13.3,160.9,101000.0,2026-09-17 18:00:00,2026-09-17 18:00:00,1010.0
20260917,180000,75W,22,2026,9,17,18,14.5,162.20000000000002,100800.0,2026-09-17 18:00:00,2026-09-17 18:00:00,1008.0
20260917,180000,75W,23,2026,9,17,18,12.200000000000001,173.5,100600.0,2026-09-17 18:00:00,2026-09-17 18:00:00,1006.0
20260917,180000,75W,23,2026,9,17,18,11.9,173.5,100700.0,2026-09-17 18:00:00,2026-09-17 18:00:00,1007.0
20260917,180000,75W,23,2026,9,17,18,11.4,172.6,100500.0,2026-09-17 18:00:00,2026-09-17 18:00:00,1005.0
20260917,180000,75W,23,2026,9,17,18,11.5,173.1,100700.0,2026-09-17 18:00:00,2026-09-17 18:00:00,1007.0
20260917,180000,75W,23,2026,9,17,18,11.9,174.3,100500.0,2026-09-17 18:00:00,2026-09-17 18:00:00,1005.0
20260917,180000,75W,23,2026,9,17,18,12.5,174.3,100400.0,2026-09-17 18:00:00,2026-09-17 18:00:00,1004.0
20260917,180000,75W,23,2026,9,17,18,12.200000000000001,174.0,100200.0,2026-09-17 18:00:00,2026-09-17 18:00:00,1002.0
20260917,180000,75W,23,2026,9,17,18,13.9,175.70000000000002,100300.0,2026-09-17 18:00:00,2026-09-17 18:00:00,1003.0
20260917,180000,75W,23,2026,9,17,18,13.6,175.5,100300.0,2026-09-17 18:00:00,2026-09-17 18:00:00,1003.0
20260917,180000,75W,23,2026,9,17,18,13.0,175.5,100400.0,2026-09-17 18:00:00,2026-09-17 18:00:00,1004.0
20260917,180000,75W,26,2026,9,17,18,16.1,134.4,101000.0,2026-09-17 18:00:00,2026-09-17 18:00:00,1010.0
20260917,180000,75W,26,2026,9,17,18,16.1,133.5,100700.0,2026-09-17 18:00:00,2026-09-17 18:00:00,1007.0
20260917,180000,75W,26,2026,9,17,18,16.4,133.0,101000.0,2026-09-17 18:00:00,2026-09-17 18:00:00,1010.0
20260917,180000,75W,26,2026,9,17,18,16.1,132.7,100800.0,2026-09-17 18:00:00,2026-09-17 18:00:00,1008.0
20260917,180000,75W,26,2026,9,17,18,15.9,133.3,101000.0,2026-09-17 18:00:00,2026-09-17 18:00:00,1010.0
20260917,180000,75W,26,2026,9,17,18,16.1,133.3,100600.0,2026-09-17 18:00:00,2026-09-17 18:00:00,1006.0
20260917,180000,75W,26,2026,9,17,18,16.4,132.7,100800.0,2026-09-17 18:00:00,2026-09-17 18:00:00,1008.0
20260917,180000,75W,26,2026,9,17,18,16.1,131.6,100600.0,2026-09-17 18:00:00,2026-09-17 18:00:00,1006.0
20260917,180000,75W,26,2026,9,17,18,15.9,130.7,100800.0,2026-09-17 18:00:00,2026-09-17 18:00:00,1008.0
20260917,180000,75W,26,2026,9,17,18,15.4,130.5,100500.0,2026-09-17 18:00:00,2026-09-17 18:00:00,1005.0
20260917,180000,75W,26,2026,9,17,18,15.9,129.6,100600.0,2026-09-17 18:00:00,2026-09-17 18:00:00,1006.0
20260917,180000,75W,26,2026,9,17,18,15.200000000000001,127.8,100200.0,2026-09-17 18:00:00,2026-09-17 18:00:00,1002.0
20260917,180000,75W,26,2026,9,17,18,15.0,126.2,100100.0,2026-09-17 18:00:00,2026-09-17 18:00:00,1001.0
20260917,180000,75W,26,2026,9,17,18,15.3,126.2,99700.0,2026-09-17 18:00:00,2026-09-17 18:00:00,997.0
20260917,180000,75W,28,2026,9,17,18,10.8,171.8,100900.0,2026-09-17 18:00:00,2026-09-17 18:00:00,1009.0
20260917,180000,75W,28,2026,9,17,18,10.200000000000001,171.20000000000002,100900.0,2026-09-17 18:00:00,2026-09-17 18:00:00,1009.0
20260917,180000,75W,28,2026,9,17,18,10.200000000000001,170.1,100800.0,2026-09-17 18:00:00,2026-09-17 18:00:00,1008.0
20260917,180000,75W,28,2026,9,17,18,10.8,171.0,100700.0,2026-09-17 18:00:00,2026-09-17 18:00:00,1007.0
20260917,180000,75W,28,2026,9,17,18,11.6,173.20000000000002,100500.0,2026-09-17 18:00:00,2026-09-17 18:00:00,1005.0
20260917,180000,75W,28,2026,9,17,18,11.5,172.3,100600.0,2026-09-17 18:00:00,2026-09-17 18:00:00,1006.0
20260917,180000,75W,28,2026,9,17,18,11.4,171.5,100400.0,2026-09-17 18:00:00,2026-09-17 18:00:00,1004.0
20260917,180000,75W,28,2026,9,17,18,11.4,171.0,100700.0,2026-09-17 18:00:00,2026-09-17 18:00:00,1007.0
20260917,180000,75W,28,2026,9,17,18,11.4,171.0,100500.0,2026-09-17 18:00:00,2026-09-17 18:00:00,1005.0
20260917,180000,75W,28,2026,9,17,18,13.0,170.4,100600.0,2026-09-17 18:00:00,2026-09-17 18:00:00,1006.0
20260917,180000,75W,28,2026,9,17,18,13.3,169.8,100800.0,2026-09-17 18:00:00,2026-09-17 18:00:00,1008.0
20260917,180000,75W,28,2026,9,17,18,13.0,168.4,100700.0,2026-09-17 18:00:00,2026-09-17 18:00:00,1007.0
20260917,180000,75W,28,2026,9,17,18,13.9,167.6,100800.0,2026-09-17 18:00:00,2026-09-17 18:00:00,1008.0
20260917,180000,75W,28,2026,9,17,18,13.9,167.9,100700.0,2026-09-17 18:00:00,2026-09-17 18:00:00,1007.0
20260917,180000,75W,28,2026,9,17,18,14.5,167.0,100700.0,2026-09-17 18:00:00,2026-09-17 18:00:00,1007.0
20260917,180000,75W,28,2026,9,17,18,14.5,167.0,100500.0,2026-09-17 18:00:00,2026-09-17 18:00:00,1005.0
20260917,180000,75W,30,2026,9,17,18,15.9,146.8,100700.0,2026-09-17 18:00:00,2026-09-17 18:00:00,1007.0
20260917,180000,75W,30,2026,9,17,18,15.6,145.6,100700.0,2026-09-17 18:00:00,2026-09-17 18:00:00,1007.0
20260917,180000,75W,30,2026,9,17,18,15.3,144.8,101000.0,2026-09-17 18:00:00,2026-09-17 18:00:00,1010.0
20260917,180000,75W,30,2026,9,17,18,15.6,144.8,100700.0,2026-09-17 18:00:00,2026-09-17 18:00:00,1007.0
20260917,180000,75W,30,2026,9,17,18,14.200000000000001,143.1,100800.0,2026-09-17 18:00:00,2026-09-17 18:00:00,1008.0
20260917,180000,75W,30,2026,9,17,18,16.1,140.9,101000.0,2026-09-17 18:00:00,2026-09-17 18:00:00,1010.0
20260917,180000,75W,30,2026,9,17,18,15.3,140.3,100600.0,2026-09-17 18:00:00,2026-09-17 18:00:00,1006.0
20260917,180000,75W,30,2026,9,17,18,14.8,140.4,100700.0,2026-09-17 18:00:00,2026-09-17 18:00:00,1007.0
20260917,180000,75W,30,2026,9,17,18,14.700000000000001,141.4,100900.0,2026-09-17 18:00:00,2026-09-17 18:00:00,1009.0
20260917,180000,75W,30,2026,9,17,18,14.700000000000001,141.1,100900.0,2026-09-17 18:00:00,2026-09-17 18:00:00,1009.0
20260917,180000,75W,30,2026,9,17,18,15.0,139.20000000000002,100900.0,2026-09-17 18:00:00,2026-09-17 18:00:00,1009.0
20260917,180000,75W,32,2026,9,17,18,15.0,161.70000000000002,100900.0,2026-09-17 18:00:00,2026-09-17 18:00:00,1009.0
20260917,180000,75W,32,2026,9,17,18,14.5,160.5,100700.0,2026-09-17 18:00:00,2026-09-17 18:00:00,1007.0
20260917,180000,75W,32,2026,9,17,18,13.0,159.4,100700.0,2026-09-17 18:00:00,2026-09-17 18:00:00,1007.0
20260917,180000,75W,33,2026,9,17,18,13.6,153.20000000000002,101100.0,2026-09-17 18:00:00,2026-09-17 18:00:00,1011.0
20260917,180000,75W,33,2026,9,17,18,13.0,152.4,101200.0,2026-09-17 18:00:00,2026-09-17 18:00:00,1012.0
20260917,180000,75W,33,2026,9,17,18,14.700000000000001,153.0,100900.0,2026-09-17 18:00:00,2026-09-17 18:00:00,1009.0
20260917,180000,75W,33,2026,9,17,18,14.5,151.8,101100.0,2026-09-17 18:00:00,2026-09-17 18:00:00,1011.0
20260917,180000,75W,33,2026,9,17,18,15.0,149.9,101000.0,2026-09-17 18:00:00,2026-09-17 18:00:00,1010.0
20260917,180000,75W,33,2026,9,17,18,15.0,150.1,100800.0,2026-09-17 18:00:00,2026-09-17 18:00:00,1008.0
20260917,180000,75W,33,2026,9,17,18,15.6,149.6,101000.0,2026-09-17 18:00:00,2026-09-17 18:00:00,1010.0
20260917,180000,75W,33,2026,9,17,18,15.6,149.3,100700.0,2026-09-17 18:00:00,2026-09-17 18:00:00,1007.0
20260917,180000,75W,33,2026,9,17,18,15.700000000000001,149.4,100900.0,2026-09-17 18:00:00,2026-09-17 18:00:00,1009.0
20260917,180000,75W,33,2026,9,17,18,15.9,149.6,100600.0,2026-09-17 18:00:00,2026-09-17 18:00:00,1006.0
20260917,180000,75W,33,2026,9,17,18,15.9,149.0,100800.0,2026-09-17 18:00:00,2026-09-17 18:00:00,1008.0
20260917,180000,75W,33,2026,9,17,18,16.1,147.9,100600.0,2026-09-17 18:00:00,2026-09-17 18:00:00,1006.0
20260917,180000,75W,33,2026,9,17,18,15.9,149.9,100800.0,2026-09-17 18:00:00,2026-09-17 18:00:00,1008.0
20260917,180000,75W,33,2026,9,17,18,16.1,149.0,100500.0,2026-09-17 18:00:00,2026-09-17 18:00:00,1005.0
20260917,180000,75W,33,2026,9,17,18,16.1,148.5,100600.0,2026-09-17 18:00:00,2026-09-17 18:00:00,1006.0
20260917,180000,75W,33,2026,9,17,18,15.9,148.5,100300.0,2026-09-17 18:00:00,2026-09-17 18:00:00,1003.0
20260917,180000,75W,33,2026,9,17,18,16.1,148.70000000000002,100400.0,2026-09-17 18:00:00,2026-09-17 18:00:00,1004.0
20260917,180000,75W,33,2026,9,17,18,16.1,148.70000000000002,100200.0,2026-09-17 18:00:00,2026-09-17 18:00:00,1002.0
20260917,180000,75W,33,2026,9,17,18,17.0,148.70000000000002,100300.0,2026-09-17 18:00:00,2026-09-17 18:00:00,1003.0
20260917,180000,75W,33,2026,9,17,18,17.6,149.0,99700.0,2026-09-17 18:00:00,2026-09-17 18:00:00,997.0
20260917,180000,75W,33,2026,9,17,18,18.7,148.5,99700.0,2026-09-17 18:00:00,2026-09-17 18:00:00,997.0
20260917,180000,75W,33,2026,9,17,18,19.0,147.9,99200.0,2026-09-17 18:00:00,2026-09-17 18:00:00,992.0
20260917,180000,75W,33,2026,9,17,18,19.8,147.6,99200.0,2026-09-17 18:00:00,2026-09-17 18:00:00,992.0
20260917,180000,75W,33,2026,9,17,18,20.400000000000002,147.0,98900.0,2026-09-17 18:00:00,2026-09-17 18:00:00,989.0
20260917,180000,75W,33,2026,9,17,18,20.900000000000002,146.20000000000002,98900.0,2026-09-17 18:00:00,2026-09-17 18:00:00,989.0
20260917,180000,75W,33,2026,9,17,18,21.5,145.6,98600.0,2026-09-17 18:00:00,2026-09-17 18:00:00,986.0
20260917,180000,75W,33,2026,9,17,18,21.8,144.5,98200.0,2026-09-17 18:00:00,2026-09-17 18:00:00,982.0
20260917,180000,75W,33,2026,9,17,18,22.1,144.0,97500.0,2026-09-17 18:00:00,2026-09-17 18:00:00,975.0
20260917,180000,75W,33,2026,9,17,18,22.3,143.1,97300.0,2026-09-17 18:00:00,2026-09-17 18:00:00,973.0
20260917,180000,75W,33,2026,9,17,18,22.6,142.5,97100.0,2026-09-17 18:00:00,2026-09-17 18:00:00,971.0
20260917,180000,75W,33,2026,9,17,18,22.6,141.4,97300.0,2026-09-17 18:00:00,2026-09-17 18:00:00,973.0
20260917,180000,75W,33,2026,9,17,18,23.5,140.6,97000.0,2026-09-17 18:00:00,2026-09-17 18:00:00,970.0
20260917,180000,75W,33,2026,9,17,18,24.0,139.5,96700.0,2026-09-17 18:00:00,2026-09-17 18:00:00,967.0
20260917,180000,75W,33,2026,9,17,18,24.0,138.6,96600.0,2026-09-17 18:00:00,2026-09-17 18:00:00,966.0
20260917,180000,75W,33,2026,9,17,18,24.3,137.8,97200.0,2026-09-17 18:00:00,2026-09-17 18:00:00,972.0
20260917,180000,75W,33,2026,9,17,18,24.3,137.20000000000002,96700.0,2026-09-17 18:00:00,2026-09-17 18:00:00,967.0
20260917,180000,75W,33,2026,9,17,18,24.3,136.4,96600.0,2026-09-17 18:00:00,2026-09-17 18:00:00,966.0
20260917,180000,75W,33,2026,9,17,18,24.6,135.5,96100.0,2026-09-17 18:00:00,2026-09-17 18:00:00,961.0
20260917,180000,75W,33,2026,9,17,18,24.6,135.0,95800.0,2026-09-17 18:00:00,2026-09-17 18:00:00,958.0
20260917,180000,75W,33,2026,9,17,18,24.900000000000002,134.4,95700.0,2026-09-17 18:00:00,2026-09-17 18:00:00,957.0
20260917,180000,75W,33,2026,9,17,18,24.900000000000002,133.8,95600.0,2026-09-17 18:00:00,2026-09-17 18:00:00,956.0
20260917,180000,75W,33,2026,9,17,18,25.2,133.3,95400.0,2026-09-17 18:00:00,2026-09-17 18:00:00,954.0
20260917,180000,75W,34,2026,9,17,18,16.4,165.6,100900.0,2026-09-17 18:00:00,2026-09-17 18:00:00,1009.0
20260917,180000,75W,34,2026,9,17,18,18.1,165.6,100600.0,2026-09-17 18:00:00,2026-09-17 18:00:00,1006.0
20260917,180000,75W,34,2026,9,17,18,18.400000000000002,164.5,100800.0,2026-09-17 18:00:00,2026-09-17 18:00:00,1008.0
20260917,180000,75W,34,2026,9,17,18,17.3,161.4,100600.0,2026-09-17 18:00:00,2026-09-17 18:00:00,1006.0
20260917,180000,75W,34,2026,9,17,18,16.1,162.20000000000002,100800.0,2026-09-17 18:00:00,2026-09-17 18:00:00,1008.0
20260917,180000,75W,34,2026,9,17,18,16.7,162.5,100500.0,2026-09-17 18:00:00,2026-09-17 18:00:00,1005.0
20260917,180000,75W,34,2026,9,17,18,17.8,159.1,100700.0,2026-09-17 18:00:00,2026-09-17 18:00:00,1007.0
20260917,180000,75W,34,2026,9,17,18,15.9,157.5,100400.0,2026-09-17 18:00:00,2026-09-17 18:00:00,1004.0
20260917,180000,75W,34,2026,9,17,18,15.6,157.20000000000002,100200.0,2026-09-17 18:00:00,2026-09-17 18:00:00,1002.0
20260917,180000,75W,34,2026,9,17,18,16.4,156.9,100300.0,2026-09-17 18:00:00,2026-09-17 18:00:00,1003.0
20260917,180000,75W,34,2026,9,17,18,15.9,154.1,100200.0,2026-09-17 18:00:00,2026-09-17 18:00:00,1002.0
20260917,180000,75W,34,2026,9,17,18,15.3,153.5,99900.0,2026-09-17 18:00:00,2026-09-17 18:00:00,999.0
20260917,180000,75W,34,2026,9,17,18,15.9,152.5,100000.0,2026-09-17 18:00:00,2026-09-17 18:00:00,1000.0
20260917,180000,75W,34,2026,9,17,18,16.4,152.70000000000002,99400.0,2026-09-17 18:00:00,2026-09-17 18:00:00,994.0
20260917,180000,75W,34,2026,9,17,18,16.7,151.5,99500.0,2026-09-17 18:00:00,2026-09-17 18:00:00,995.0
20260917,180000,75W,34,2026,9,17,18,17.0,150.70000000000002,99000.0,2026-09-17 18:00:00,2026-09-17 18:00:00,990.0
20260917,180000,75W,34,2026,9,17,18,17.6,150.4,99100.0,2026-09-17 18:00:00,2026-09-17 18:00:00,991.0
20260917,180000,75W,34,2026,9,17,18,18.400000000000002,149.9,98800.0,2026-09-17 18:00:00,2026-09-17 18:00:00,988.0
20260917,180000,75W,34,2026,9,17,18,18.400000000000002,149.0,98700.0,2026-09-17 18:00:00,2026-09-17 18:00:00,987.0
20260917,180000,75W,34,2026,9,17,18,19.2,149.0,98300.0,2026-09-17 18:00:00,2026-09-17 18:00:00,983.0
20260917,180000,75W,34,2026,9,17,18,19.2,148.20000000000002,98200.0,2026-09-17 18:00:00,2026-09-17 18:00:00,982.0
20260917,180000,75W,34,2026,9,17,18,19.5,147.9,97800.0,2026-09-17 18:00:00,2026-09-17 18:00:00,978.0
20260917,180000,75W,35,2026,9,17,18,10.5,126.4,101100.0,2026-09-17 18:00:00,2026-09-17 18:00:00,1011.0
20260917,180000,75W,35,2026,9,17,18,13.0,126.5,100900.0,2026-09-17 18:00:00,2026-09-17 18:00:00,1009.0
20260917,180000,75W,35,2026,9,17,18,13.6,128.5,101100.0,2026-09-17 18:00:00,2026-09-17 18:00:00,1011.0
20260917,180000,75W,35,2026,9,17,18,14.5,127.4,101000.0,2026-09-17 18:00:00,2026-09-17 18:00:00,1010.0
20260917,180000,75W,35,2026,9,17,18,14.200000000000001,125.4,100900.0,2026-09-17 18:00:00,2026-09-17 18:00:00,1009.0
20260917,180000,75W,35,2026,9,17,18,15.6,124.5,101000.0,2026-09-17 18:00:00,2026-09-17 18:00:00,1010.0
20260917,180000,75W,35,2026,9,17,18,15.9,124.0,100700.0,2026-09-17 18:00:00,2026-09-17 18:00:00,1007.0
20260917,180000,75W,35,2026,9,17,18,17.0,122.9,100900.0,2026-09-17 18:00:00,2026-09-17 18:00:00,1009.0
20260917,180000,75W,35,2026,9,17,18,18.400000000000002,121.7,100800.0,2026-09-17 18:00:00,2026-09-17 18:00:00,1008.0
20260917,180000,75W,35,2026,9,17,18,19.0,119.2,100800.0,2026-09-17 18:00:00,2026-09-17 18:00:00,1008.0
20260917,180000,75W,35,2026,9,17,18,19.2,118.4,100600.0,2026-09-17 18:00:00,2026-09-17 18:00:00,1006.0
20260917,180000,75W,35,2026,9,17,18,19.5,117.5,100700.0,2026-09-17 18:00:00,2026-09-17 18:00:00,1007.0
20260917,180000,75W,35,2026,9,17,18,20.400000000000002,117.0,100600.0,2026-09-17 18:00:00,2026-09-17 18:00:00,1006.0
20260917,180000,75W,35,2026,9,17,18,20.7,116.10000000000001,100600.0,2026-09-17 18:00:00,2026-09-17 18:00:00,1006.0
20260917,180000,75W,35,2026,9,17,18,21.2,115.5,100400.0,2026-09-17 18:00:00,2026-09-17 18:00:00,1004.0
20260917,180000,75W,35,2026,9,17,18,21.5,115.3,100500.0,2026-09-17 18:00:00,2026-09-17 18:00:00,1005.0
20260917,180000,75W,35,2026,9,17,18,21.8,114.4,100500.0,2026-09-17 18:00:00,2026-09-17 18:00:00,1005.0
20260917,180000,75W,35,2026,9,17,18,22.1,113.9,100600.0,2026-09-17 18:00:00,2026-09-17 18:00:00,1006.0
20260917,180000,75W,35,2026,9,17,18,22.1,113.3,100500.0,2026-09-17 18:00:00,2026-09-17 18:00:00,1005.0
20260917,180000,75W,35,2026,9,17,18,21.8,112.7,100500.0,2026-09-17 18:00:00,2026-09-17 18:00:00,1005.0
20260917,180000,75W,35,2026,9,17,18,22.1,111.60000000000001,100600.0,2026-09-17 18:00:00,2026-09-17 18:00:00,1006.0
20260917,180000,75W,35,2026,9,17,18,21.8,110.8,100600.0,2026-09-17 18:00:00,2026-09-17 18:00:00,1006.0
20260917,180000,75W,35,2026,9,17,18,22.1,109.60000000000001,100800.0,2026-09-17 18:00:00,2026-09-17 18:00:00,1008.0
20260917,180000,75W,35,2026,9,17,18,21.5,108.0,100900.0,2026-09-17 18:00:00,2026-09-17 18:00:00,1009.0
20260917,180000,75W,37,2026,9,17,18,16.1,138.6,100900.0,2026-09-17 18:00:00,2026-09-17 18:00:00,1009.0
20260917,180000,75W,37,2026,9,17,18,15.200000000000001,138.6,100500.0,2026-09-17 18:00:00,2026-09-17 18:00:00,1005.0
20260917,180000,75W,37,2026,9,17,18,14.700000000000001,138.6,100800.0,2026-09-17 18:00:00,2026-09-17 18:00:00,1008.0
20260917,180000,75W,37,2026,9,17,18,15.3,136.6,100400.0,2026-09-17 18:00:00,2026-09-17 18:00:00,1004.0
20260917,180000,75W,37,2026,9,17,18,14.700000000000001,136.6,100500.0,2026-09-17 18:00:00,2026-09-17 18:00:00,1005.0
20260917,180000,75W,37,2026,9,17,18,14.700000000000001,136.6,100100.0,2026-09-17 18:00:00,2026-09-17 18:00:00,1001.0
20260917,180000,75W,37,2026,9,17,18,14.700000000000001,135.8,100400.0,2026-09-17 18:00:00,2026-09-17 18:00:00,1004.0
20260917,180000,75W,37,2026,9,17,18,14.5,134.7,99700.0,2026-09-17 18:00:00,2026-09-17 18:00:00,997.0
20260917,180000,75W,37,2026,9,17,18,14.200000000000001,134.4,99500.0,2026-09-17 18:00:00,2026-09-17 18:00:00,995.0
20260917,180000,75W,37,2026,9,17,18,14.200000000000001,133.5,99600.0,2026-09-17 18:00:00,2026-09-17 18:00:00,996.0
20260917,180000,75W,37,2026,9,17,18,14.5,133.3,99900.0,2026-09-17 18:00:00,2026-09-17 18:00:00,999.0
20260917,180000,75W,37,2026,9,17,18,14.5,132.4,99600.0,2026-09-17 18:00:00,2026-09-17 18:00:00,996.0
20260917,180000,75W,37,2026,9,17,18,14.700000000000001,131.9,99200.0,2026-09-17 18:00:00,2026-09-17 18:00:00,992.0
20260917,180000,75W,37,2026,9,17,18,15.3,131.3,99100.0,2026-09-17 18:00:00,2026-09-17 18:00:00,991.0
20260917,180000,75W,37,2026,9,17,18,15.9,131.0,99000.0,2026-09-17 18:00:00,2026-09-17 18:00:00,990.0
20260917,180000,75W,37,2026,9,17,18,16.1,130.7,98200.0,2026-09-17 18:00:00,2026-09-17 18:00:00,982.0
20260917,180000,75W,37,2026,9,17,18,16.4,130.5,98200.0,2026-09-17 18:00:00,2026-09-17 18:00:00,982.0
20260917,180000,75W,37,2026,9,17,18,17.3,130.7,97700.0,2026-09-17 18:00:00,2026-09-17 18:00:00,977.0
20260917,180000,75W,37,2026,9,17,18,17.8,130.7,97200.0,2026-09-17 18:00:00,2026-09-17 18:00:00,972.0
20260917,180000,75W,37,2026,9,17,18,18.1,130.7,96100.0,2026-09-17 18:00:00,2026-09-17 18:00:00,961.0
20260917,180000,75W,37,2026,9,17,18,18.1,131.0,95700.0,2026-09-17 18:00:00,2026-09-17 18:00:00,957.0
20260917,180000,75W,37,2026,9,17,18,18.400000000000002,131.0,95500.0,2026-09-17 18:00:00,2026-09-17 18:00:00,955.0
20260917,180000,75W,37,2026,9,17,18,18.400000000000002,131.0,96500.0,2026-09-17 18:00:00,2026-09-17 18:00:00,965.0
20260917,180000,75W,37,2026,9,17,18,18.400000000000002,131.0,96400.0,2026-09-17 18:00:00,2026-09-17 18:00:00,964.0
20260917,180000,75W,37,2026,9,17,18,18.1,130.7,97000.0,2026-09-17 18:00:00,2026-09-17 18:00:00,970.0
20260917,180000,75W,37,2026,9,17,18,17.8,130.7,97000.0,2026-09-17 18:00:00,2026-09-17 18:00:00,970.0
20260917,180000,75W,37,2026,9,17,18,17.3,131.0,97400.0,2026-09-17 18:00:00,2026-09-17 18:00:00,974.0
20260917,180000,75W,37,2026,9,17,18,17.3,131.0,97100.0,2026-09-17 18:00:00,2026-09-17 18:00:00,971.0
20260917,180000,75W,37,2026,9,17,18,17.0,130.7,97400.0,2026-09-17 18:00:00,2026-09-17 18:00:00,974.0
20260917,180000,75W,37,2026,9,17,18,17.0,130.5,96400.0,2026-09-17 18:00:00,2026-09-17 18:00:00,964.0
20260917,180000,75W,37,2026,9,17,18,16.7,130.2,96500.0,2026-09-17 18:00:00,2026-09-17 18:00:00,965.0
20260917,180000,75W,37,2026,9,17,18,16.7,129.6,96500.0,2026-09-17 18:00:00,2026-09-17 18:00:00,965.0
20260917,180000,75W,38,2026,9,17,18,29.1,121.7,100900.0,2026-09-17 18:00:00,2026-09-17 18:00:00,1009.0
20260917,180000,75W,38,2026,9,17,18,31.1,123.4,101000.0,2026-09-17 18:00:00,2026-09-17 18:00:00,1010.0
20260917,180000,75W,38,2026,9,17,18,31.400000000000002,124.5,101100.0,2026-09-17 18:00:00,2026-09-17 18:00:00,1011.0
20260917,180000,75W,38,2026,9,17,18,31.400000000000002,125.4,101000.0,2026-09-17 18:00:00,2026-09-17 18:00:00,1010.0
20260917,180000,75W,40,2026,9,17,18,13.6,165.9,100800.0,2026-09-17 18:00:00,2026-09-17 18:00:00,1008.0
20260917,180000,75W,40,2026,9,17,18,14.700000000000001,165.9,100700.0,2026-09-17 18:00:00,2026-09-17 18:00:00,1007.0
20260917,180000,75W,40,2026,9,17,18,14.700000000000001,165.9,100900.0,2026-09-17 18:00:00,2026-09-17 18:00:00,1009.0
20260917,180000,75W,40,2026,9,17,18,13.3,163.6,100800.0,2026-09-17 18:00:00,2026-09-17 18:00:00,1008.0
20260917,180000,75W,40,2026,9,17,18,13.3,165.6,101000.0,2026-09-17 18:00:00,2026-09-17 18:00:00,1010.0
20260917,180000,75W,40,2026,9,17,18,15.3,165.9,100800.0,2026-09-17 18:00:00,2026-09-17 18:00:00,1008.0
20260917,180000,75W,40,2026,9,17,18,16.1,166.20000000000002,101000.0,2026-09-17 18:00:00,2026-09-17 18:00:00,1010.0
20260917,180000,75W,40,2026,9,17,18,17.0,163.9,100900.0,2026-09-17 18:00:00,2026-09-17 18:00:00,1009.0
20260917,180000,75W,40,2026,9,17,18,17.0,162.8,100800.0,2026-09-17 18:00:00,2026-09-17 18:00:00,1008.0
20260917,180000,75W,40,2026,9,17,18,17.0,162.5,101000.0,2026-09-17 18:00:00,2026-09-17 18:00:00,1010.0
20260917,180000,75W,40,2026,9,17,18,17.6,160.8,100800.0,2026-09-17 18:00:00,2026-09-17 18:00:00,1008.0
20260917,180000,75W,40,2026,9,17,18,18.7,160.0,100900.0,2026-09-17 18:00:00,2026-09-17 18:00:00,1009.0
20260917,180000,75W,42,2026,9,17,18,9.4,167.0,100800.0,2026-09-17 18:00:00,2026-09-17 18:00:00,1008.0
20260917,180000,75W,42,2026,9,17,18,10.8,167.0,100800.0,2026-09-17 18:00:00,2026-09-17 18:00:00,1008.0
20260917,180000,75W,42,2026,9,17,18,10.8,165.9,100600.0,2026-09-17 18:00:00,2026-09-17 18:00:00,1006.0
20260917,180000,75W,42,2026,9,17,18,10.8,165.3,100700.0,2026-09-17 18:00:00,2026-09-17 18:00:00,1007.0
20260917,180000,75W,42,2026,9,17,18,11.4,165.0,100600.0,2026-09-17 18:00:00,2026-09-17 18:00:00,1006.0
20260917,180000,75W,42,2026,9,17,18,10.8,164.20000000000002,100800.0,2026-09-17 18:00:00,2026-09-17 18:00:00,1008.0
20260917,180000,75W,42,2026,9,17,18,12.5,163.9,100600.0,2026-09-17 18:00:00,2026-09-17 18:00:00,1006.0
20260917,180000,75W,42,2026,9,17,18,12.8,160.8,100500.0,2026-09-17 18:00:00,2026-09-17 18:00:00,1005.0
20260917,180000,75W,42,2026,9,17,18,14.700000000000001,162.5,100300.0,2026-09-17 18:00:00,2026-09-17 18:00:00,1003.0
20260917,180000,75W,42,2026,9,17,18,15.6,161.70000000000002,100300.0,2026-09-17 18:00:00,2026-09-17 18:00:00,1003.0
20260917,180000,75W,42,2026,9,17,18,16.7,161.1,100000.0,2026-09-17 18:00:00,2026-09-17 18:00:00,1000.0
20260917,180000,75W,48,2026,9,17,18,22.3,145.20000000000002,101000.0,2026-09-17 18:00:00,2026-09-17 18:00:00,1010.0
20260917,180000,75W,48,2026,9,17,18,23.5,143.1,101000.0,2026-09-17 18:00:00,2026-09-17 18:00:00,1010.0
20260917,180000,75W,48,2026,9,17,18,24.0,142.3,100800.0,2026-09-17 18:00:00,2026-09-17 18:00:00,1008.0
20260917,180000,75W,48,2026,9,17,18,24.900000000000002,141.70000000000002,100900.0,2026-09-17 18:00:00,2026-09-17 18:00:00,1009.0
20260917,180000,75W,48,2026,9,17,18,25.6,141.3,100700.0,2026-09-17 18:00:00,2026-09-17 18:00:00,1007.0
20260917,180000,75W,48,2026,9,17,18,26.900000000000002,141.1,100800.0,2026-09-17 18:00:00,2026-09-17 18:00:00,1008.0
20260917,180000,75W,48,2026,9,17,18,27.8,141.8,100500.0,2026-09-17 18:00:00,2026-09-17 18:00:00,1005.0
20260917,180000,75W,48,2026,9,17,18,29.400000000000002,142.8,100500.0,2026-09-17 18:00:00,2026-09-17 18:00:00,1005.0
20260917,180000,75W,48,2026,9,17,18,32.1,145.9,100200.0,2026-09-17 18:00:00,2026-09-17 18:00:00,1002.0
20260917,180000,75W,48,2026,9,17,18,34.2,149.0,99800.0,2026-09-17 18:00:00,2026-09-17 18:00:00,998.0
20260917,180000,75W,50,2026,9,17,18,15.0,156.6,101000.0,2026-09-17 18:00:00,2026-09-17 18:00:00,1010.0
20260917,180000,75W,50,2026,9,17,18,15.0,154.6,100700.0,2026-09-17 18:00:00,2026-09-17 18:00:00,1007.0
20260917,180000,75W,50,2026,9,17,18,16.4,153.5,100900.0,2026-09-17 18:00:00,2026-09-17 18:00:00,1009.0
20260917,180000,75W,50,2026,9,17,18,16.1,151.8,100600.0,2026-09-17 18:00:00,2026-09-17 18:00:00,1006.0
20260917,180000,75W,50,2026,9,17,18,16.4,150.4,100700.0,2026-09-17 18:00:00,2026-09-17 18:00:00,1007.0
20260917,180000,75W,50,2026,9,17,18,16.1,149.0,100300.0,2026-09-17 18:00:00,2026-09-17 18:00:00,1003.0
20260917,180000,75W,50,2026,9,17,18,17.3,149.0,100400.0,2026-09-17 18:00:00,2026-09-17 18:00:00,1004.0
20260917,180000,75W,50,2026,9,17,18,17.0,148.0,99900.0,2026-09-17 18:00:00,2026-09-17 18:00:00,999.0
20260917,180000,75W,50,2026,9,17,18,17.0,147.3,100100.0,2026-09-17 18:00:00,2026-09-17 18:00:00,1001.0
20260917,180000,75W,50,2026,9,17,18,16.7,146.8,99700.0,2026-09-17 18:00:00,2026-09-17 18:00:00,997.0
20260917,180000,75W,50,2026,9,17,18,16.7,146.20000000000002,99600.0,2026-09-17 18:00:00,2026-09-17 18:00:00,996.0
20260917,180000,75W,50,2026,9,17,18,17.0,145.9,99300.0,2026-09-17 18:00:00,2026-09-17 18:00:00,993.0
20260917,180000,75W,50,2026,9,17,18,17.6,145.6,99200.0,2026-09-17 18:00:00,2026-09-17 18:00:00,992.0
20260917,180000,75W,50,2026,9,17,18,18.400000000000002,145.1,98800.0,2026-09-17 18:00:00,2026-09-17 18:00:00,988.0
20260917,180000,75W,50,2026,9,17,18,19.2,144.20000000000002,98700.0,2026-09-17 18:00:00,2026-09-17 18:00:00,987.0
20260917,180000,75W,50,2026,9,17,18,19.5,143.70000000000002,98000.0,2026-09-17 18:00:00,2026-09-17 18:00:00,980.0
20260917,180000,75W,50,2026,9,17,18,19.8,142.8,98000.0,2026-09-17 18:00:00,2026-09-17 18:00:00,980.0
20260917,180000,75W,50,2026,9,17,18,20.400000000000002,142.5,97700.0,2026-09-17 18:00:00,2026-09-17 18:00:00,977.0
20260917,180000,75W,51,2026,9,17,18,12.200000000000001,169.8,100800.0,2026-09-17 18:00:00,2026-09-17 18:00:00,1008.0
20260917,180000,75W,51,2026,9,17,18,13.3,167.6,100700.0,2026-09-17 18:00:00,2026-09-17 18:00:00,1007.0
20260917,180000,75W,51,2026,9,17,18,16.7,167.6,100500.0,2026-09-17 18:00:00,2026-09-17 18:00:00,1005.0
20260917,180000,75W,51,2026,9,17,18,18.1,169.0,100400.0,2026-09-17 18:00:00,2026-09-17 18:00:00,1004.0
20260917,180000,75W,51,2026,9,17,18,19.0,170.70000000000002,100000.0,2026-09-17 18:00:00,2026-09-17 18:00:00,1000.0
20260917,180000,75W,51,2026,9,17,18,20.1,169.0,100100.0,2026-09-17 18:00:00,2026-09-17 18:00:00,1001.0
20260917,180000,75W,51,2026,9,17,18,21.2,165.9,99400.0,2026-09-17 18:00:00,2026-09-17 18:00:00,994.0
20260917,180000,75W,51,2026,9,17,18,24.0,162.8,98500.0,2026-09-17 18:00:00,2026-09-17 18:00:00,985.0
20260917,180000,75W,51,2026,9,17,18,25.400000000000002,162.20000000000002,98600.0,2026-09-17 18:00:00,2026-09-17 18:00:00,986.0
20260917,180000,75W,51,2026,9,17,18,26.0,161.4,98700.0,2026-09-17 18:00:00,2026-09-17 18:00:00,987.0
20260917,180000,75W,51,2026,9,17,18,25.7,161.1,98700.0,2026-09-17 18:00:00,2026-09-17 18:00:00,987.0
20260917,180000,75W,51,2026,9,17,18,26.900000000000002,160.8,99000.0,2026-09-17 18:00:00,2026-09-17 18:00:00,990.0
20260917,180000,75W,51,2026,9,17,18,27.2,159.70000000000002,99000.0,2026-09-17 18:00:00,2026-09-17 18:00:00,990.0
20260917,180000,75W,51,2026,9,17,18,26.3,159.1,99300.0,2026-09-17 18:00:00,2026-09-17 18:00:00,993.0
20260917,180000,75W,51,2026,9,17,18,25.3,159.70000000000002,99100.0,2026-09-17 18:00:00,2026-09-17 18:00:00,991.0
20260917,180000,75W,51,2026,9,17,18,25.400000000000002,159.4,99300.0,2026-09-17 18:00:00,2026-09-17 18:00:00,993.0
20260917,180000,75W,51,2026,9,17,18,24.6,158.6,99100.0,2026-09-17 18:00:00,2026-09-17 18:00:00,991.0
20260917,180000,76W,3,2026,9,17,18,11.6,178.8,100900.0,2026-09-17 18:00:00,2026-09-17 18:00:00,1009.0
20260917,180000,76W,3,2026,9,17,18,13.0,177.1,100800.0,2026-09-17 18:00:00,2026-09-17 18:00:00,1008.0
20260917,180000,76W,3,2026,9,17,18,11.9,176.4,100700.0,2026-09-17 18:00:00,2026-09-17 18:00:00,1007.0
20260917,180000,76W,3,2026,9,17,18,11.6,174.6,100800.0,2026-09-17 18:00:00,2026-09-17 18:00:00,1008.0
20260917,180000,76W,3,2026,9,17,18,12.5,172.9,100600.0,2026-09-17 18:00:00,2026-09-17 18:00:00,1006.0
20260917,180000,76W,3,2026,9,17,18,12.200000000000001,172.4,100700.0,2026-09-17 18:00:00,2026-09-17 18:00:00,1007.0
20260917,180000,76W,3,2026,9,17,18,12.5,172.1,100600.0,2026-09-17 18:00:00,2026-09-17 18:00:00,1006.0
20260917,180000,76W,3,2026,9,17,18,12.200000000000001,172.1,100800.0,2026-09-17 18:00:00,2026-09-17 18:00:00,1008.0
20260917,180000,76W,3,2026,9,17,18,13.0,171.20000000000002,100700.0,2026-09-17 18:00:00,2026-09-17 18:00:00,1007.0
20260917,180000,76W,3,2026,9,17,18,13.6,169.8,100800.0,2026-09-17 18:00:00,2026-09-17 18:00:00,1008.0
20260917,180000,76W,3,2026,9,17,18,13.6,170.1,100600.0,2026-09-17 18:00:00,2026-09-17 18:00:00,1006.0
20260917,180000,76W,3,2026,9,17,18,13.6,169.5,100700.0,2026-09-17 18:00:00,2026-09-17 18:00:00,1007.0
20260917,180000,76W,3,2026,9,17,18,13.3,168.70000000000002,100600.0,2026-09-17 18:00:00,2026-09-17 18:00:00,1006.0
20260917,180000,76W,3,2026,9,17,18,13.6,169.0,100500.0,2026-09-17 18:00:00,2026-09-17 18:00:00,1005.0
20260917,180000,76W,3,2026,9,17,18,14.5,168.70000000000002,100200.0,2026-09-17 18:00:00,2026-09-17 18:00:00,1002.0
20260917,180000,76W,3,2026,9,17,18,15.3,168.1,100300.0,2026-09-17 18:00:00,2026-09-17 18:00:00,1003.0
20260917,180000,76W,3,2026,9,17,18,15.9,167.9,99900.0,2026-09-17 18:00:00,2026-09-17 18:00:00,999.0
20260917,180000,76W,3,2026,9,17,18,16.7,167.3,100000.0,2026-09-17 18:00:00,2026-09-17 18:00:00,1000.0
20260917,180000,76W,3,2026,9,17,18,17.6,167.3,99400.0,2026-09-17 18:00:00,2026-09-17 18:00:00,994.0
20260917,180000,76W,5,2026,9,17,18,17.6,150.70000000000002,100600.0,2026-09-17 18:00:00,2026-09-17 18:00:00,1006.0
20260917,180000,76W,5,2026,9,17,18,18.400000000000002,150.70000000000002,100800.0,2026-09-17 18:00:00,2026-09-17 18:00:00,1008.0
20260917,180000,76W,5,2026,9,17,18,17.8,149.6,100400.0,2026-09-17 18:00:00,2026-09-17 18:00:00,1004.0
20260917,180000,76W,8,2026,9,17,18,10.8,177.1,101100.0,2026-09-17 18:00:00,2026-09-17 18:00:00,1011.0
20260917,180000,76W,8,2026,9,17,18,10.200000000000001,176.0,100800.0,2026-09-17 18:00:00,2026-09-17 18:00:00,1008.0
20260917,180000,76W,8,2026,9,17,18,9.1,175.70000000000002,100800.0,2026-09-17 18:00:00,2026-09-17 18:00:00,1008.0
20260917,180000,76W,8,2026,9,17,18,9.700000000000001,174.0,100800.0,2026-09-17 18:00:00,2026-09-17 18:00:00,1008.0
20260917,180000,76W,8,2026,9,17,18,9.700000000000001,174.6,100900.0,2026-09-17 18:00:00,2026-09-17 18:00:00,1009.0
20260917,180000,76W,8,2026,9,17,18,10.5,173.5,100800.0,2026-09-17 18:00:00,2026-09-17 18:00:00,1008.0
20260917,180000,76W,8,2026,9,17,18,10.8,173.8,100900.0,2026-09-17 18:00:00,2026-09-17 18:00:00,1009.0
20260917,180000,76W,8,2026,9,17,18,11.1,174.3,101000.0,2026-09-17 18:00:00,2026-09-17 18:00:00,1010.0
20260917,180000,76W,8,2026,9,17,18,11.6,174.3,100900.0,2026-09-17 18:00:00,2026-09-17 18:00:00,1009.0
20260917,180000,76W,8,2026,9,17,18,12.5,174.6,101000.0,2026-09-17 18:00:00,2026-09-17 18:00:00,1010.0
20260917,180000,76W,8,2026,9,17,18,12.5,175.20000000000002,100900.0,2026-09-17 18:00:00,2026-09-17 18:00:00,1009.0
20260917,180000,76W,9,2026,9,17,18,16.7,143.1,100600.0,2026-09-17 18:00:00,2026-09-17 18:00:00,1006.0
20260917,180000,76W,9,2026,9,17,18,15.6,142.5,100800.0,2026-09-17 18:00:00,2026-09-17 18:00:00,1008.0
20260917,180000,76W,9,2026,9,17,18,16.4,142.5,100700.0,2026-09-17 18:00:00,2026-09-17 18:00:00,1007.0
20260917,180000,76W,9,2026,9,17,18,15.3,144.0,100900.0,2026-09-17 18:00:00,2026-09-17 18:00:00,1009.0
20260917,180000,76W,9,2026,9,17,18,15.6,144.0,100600.0,2026-09-17 18:00:00,2026-09-17 18:00:00,1006.0
20260917,180000,76W,9,2026,9,17,18,16.4,145.9,100900.0,2026-09-17 18:00:00,2026-09-17 18:00:00,1009.0
20260917,180000,76W,12,2026,9,17,18,19.400000000000002,156.1,100700.0,2026-09-17 18:00:00,2026-09-17 18:00:00,1007.0
20260917,180000,76W,12,2026,9,17,18,20.400000000000002,154.4,100800.0,2026-09-17 18:00:00,2026-09-17 18:00:00,1008.0
20260917,180000,76W,12,2026,9,17,18,19.5,153.0,100600.0,2026-09-17 18:00:00,2026-09-17 18:00:00,1006.0
20260917,180000,76W,12,2026,9,17,18,19.0,152.1,100700.0,2026-09-17 18:00:00,2026-09-17 18:00:00,1007.0
20260917,180000,76W,12,2026,9,17,18,19.5,152.1,100600.0,2026-09-17 18:00:00,2026-09-17 18:00:00,1006.0
20260917,180000,76W,12,2026,9,17,18,20.1,150.8,100700.0,2026-09-17 18:00:00,2026-09-17 18:00:00,1007.0
20260917,180000,76W,12,2026,9,17,18,20.1,149.9,100400.0,2026-09-17 18:00:00,2026-09-17 18:00:00,1004.0
20260917,180000,76W,12,2026,9,17,18,20.7,149.20000000000002,100600.0,2026-09-17 18:00:00,2026-09-17 18:00:00,1006.0
20260917,180000,76W,12,2026,9,17,18,21.8,148.5,100500.0,2026-09-17 18:00:00,2026-09-17 18:00:00,1005.0
20260917,180000,76W,12,2026,9,17,18,22.3,147.5,100500.0,2026-09-17 18:00:00,2026-09-17 18:00:00,1005.0
20260917,180000,76W,12,2026,9,17,18,22.6,146.8,100100.0,2026-09-17 18:00:00,2026-09-17 18:00:00,1001.0
20260917,180000,76W,12,2026,9,17,18,22.6,146.8,100200.0,2026-09-17 18:00:00,2026-09-17 18:00:00,1002.0
20260917,180000,76W,12,2026,9,17,18,23.5,146.5,99900.0,2026-09-17 18:00:00,2026-09-17 18:00:00,999.0
20260917,180000,76W,12,2026,9,17,18,23.5,146.8,99900.0,2026-09-17 18:00:00,2026-09-17 18:00:00,999.0
20260917,180000,76W,12,2026,9,17,18,23.8,146.8,99700.0,2026-09-17 18:00:00,2026-09-17 18:00:00,997.0
20260917,180000,76W,12,2026,9,17,18,24.0,146.8,99800.0,2026-09-17 18:00:00,2026-09-17 18:00:00,998.0
20260917,180000,76W,12,2026,9,17,18,24.0,146.8,99800.0,2026-09-17 18:00:00,2026-09-17 18:00:00,998.0
20260917,180000,76W,15,2026,9,17,18,12.200000000000001,158.6,100900.0,2026-09-17 18:00:00,2026-09-17 18:00:00,1009.0
20260917,180000,76W,15,2026,9,17,18,13.200000000000001,158.3,101000.0,2026-09-17 18:00:00,2026-09-17 18:00:00,1010.0
20260917,180000,76W,15,2026,9,17,18,13.0,157.5,100700.0,2026-09-17 18:00:00,2026-09-17 18:00:00,1007.0
20260917,180000,76W,15,2026,9,17,18,14.700000000000001,157.20000000000002,101000.0,2026-09-17 18:00:00,2026-09-17 18:00:00,1010.0
20260917,180000,76W,15,2026,9,17,18,13.6,155.20000000000002,100800.0,2026-09-17 18:00:00,2026-09-17 18:00:00,1008.0
20260917,180000,76W,15,2026,9,17,18,14.700000000000001,152.4,100700.0,2026-09-17 18:00:00,2026-09-17 18:00:00,1007.0
20260917,180000,76W,15,2026,9,17,18,14.5,152.70000000000002,101100.0,2026-09-17 18:00:00,2026-09-17 18:00:00,1011.0
20260917,180000,76W,15,2026,9,17,18,15.0,152.4,100900.0,2026-09-17 18:00:00,2026-09-17 18:00:00,1009.0
20260917,180000,76W,15,2026,9,17,18,15.9,152.70000000000002,101100.0,2026-09-17 18:00:00,2026-09-17 18:00:00,1011.0
20260917,180000,76W,15,2026,9,17,18,15.9,152.1,100900.0,2026-09-17 18:00:00,2026-09-17 18:00:00,1009.0
20260917,180000,76W,15,2026,9,17,18,16.1,153.20000000000002,101200.0,2026-09-17 18:00:00,2026-09-17 18:00:00,1012.0
20260917,180000,76W,15,2026,9,17,18,17.0,152.70000000000002,101000.0,2026-09-17 18:00:00,2026-09-17 18:00:00,1010.0
20260917,180000,76W,15,2026,9,17,18,17.0,152.70000000000002,101000.0,2026-09-17 18:00:00,2026-09-17 18:00:00,1010.0
20260917,180000,76W,15,2026,9,17,18,16.4,152.4,100800.0,2026-09-17 18:00:00,2026-09-17 18:00:00,1008.0
20260917,180000,76W,15,2026,9,17,18,16.4,152.4,100900.0,2026-09-17 18:00:00,2026-09-17 18:00:00,1009.0
20260917,180000,76W,15,2026,9,17,18,16.4,152.4,100500.0,2026-09-17 18:00:00,2026-09-17 18:00:00,1005.0
20260917,180000,76W,15,2026,9,17,18,16.7,152.4,100700.0,2026-09-17 18:00:00,2026-09-17 18:00:00,1007.0
20260917,180000,76W,15,2026,9,17,18,16.4,152.1,100300.0,2026-09-17 18:00:00,2026-09-17 18:00:00,1003.0
20260917,180000,76W,15,2026,9,17,18,16.4,152.1,100300.0,2026-09-17 18:00:00,2026-09-17 18:00:00,1003.0
20260917,180000,76W,15,2026,9,17,18,16.7,151.5,100000.0,2026-09-17 18:00:00,2026-09-17 18:00:00,1000.0
20260917,180000,76W,15,2026,9,17,18,17.6,150.70000000000002,100000.0,2026-09-17 18:00:00,2026-09-17 18:00:00,1000.0
20260917,180000,76W,15,2026,9,17,18,18.400000000000002,150.4,99500.0,2026-09-17 18:00:00,2026-09-17 18:00:00,995.0
20260917,180000,76W,15,2026,9,17,18,18.400000000000002,149.3,99500.0,2026-09-17 18:00:00,2026-09-17 18:00:00,995.0
20260917,180000,76W,15,2026,9,17,18,19.0,148.5,99100.0,2026-09-17 18:00:00,2026-09-17 18:00:00,991.0
20260917,180000,76W,15,2026,9,17,18,18.7,147.6,99100.0,2026-09-17 18:00:00,2026-09-17 18:00:00,991.0
20260917,180000,76W,15,2026,9,17,18,19.5,147.3,98700.0,2026-09-17 18:00:00,2026-09-17 18:00:00,987.0
20260917,180000,76W,15,2026,9,17,18,19.8,146.8,98700.0,2026-09-17 18:00:00,2026-09-17 18:00:00,987.0
20260917,180000,76W,15,2026,9,17,18,20.400000000000002,146.8,98400.0,2026-09-17 18:00:00,2026-09-17 18:00:00,984.0
20260917,180000,76W,15,2026,9,17,18,21.5,146.20000000000002,98500.0,2026-09-17 18:00:00,2026-09-17 18:00:00,985.0
20260917,180000,76W,15,2026,9,17,18,21.8,145.9,98200.0,2026-09-17 18:00:00,2026-09-17 18:00:00,982.0
20260917,180000,76W,15,2026,9,17,18,22.3,145.6,98400.0,2026-09-17 18:00:00,2026-09-17 18:00:00,984.0
20260917,180000,76W,15,2026,9,17,18,22.900000000000002,145.6,98100.0,2026-09-17 18:00:00,2026-09-17 18:00:00,981.0
20260917,180000,76W,16,2026,9,17,18,24.900000000000002,138.70000000000002,100800.0,2026-09-17 18:00:00,2026-09-17 18:00:00,1008.0
20260917,180000,76W,16,2026,9,17,18,22.3,137.5,100700.0,2026-09-17 18:00:00,2026-09-17 18:00:00,1007.0
20260917,180000,76W,16,2026,9,17,18,22.1,135.8,100700.0,2026-09-17 18:00:00,2026-09-17 18:00:00,1007.0
20260917,180000,76W,16,2026,9,17,18,20.400000000000002,133.8,101000.0,2026-09-17 18:00:00,2026-09-17 18:00:00,1010.0
20260917,180000,76W,22,2026,9,17,18,12.5,138.6,100700.0,2026-09-17 18:00:00,2026-09-17 18:00:00,1007.0
20260917,180000,76W,22,2026,9,17,18,11.6,139.1,100800.0,2026-09-17 18:00:00,2026-09-17 18:00:00,1008.0
20260917,180000,76W,22,2026,9,17,18,11.6,139.70000000000002,101100.0,2026-09-17 18:00:00,2026-09-17 18:00:00,1011.0
20260917,180000,76W,22,2026,9,17,18,12.8,140.0,100800.0,2026-09-17 18:00:00,2026-09-17 18:00:00,1008.0
20260917,180000,76W,22,2026,9,17,18,11.6,141.4,101100.0,2026-09-17 18:00:00,2026-09-17 18:00:00,1011.0
20260917,180000,76W,22,2026,9,17,18,12.8,142.3,100800.0,2026-09-17 18:00:00,2026-09-17 18:00:00,1008.0
20260917,180000,76W,22,2026,9,17,18,12.200000000000001,140.6,101100.0,2026-09-17 18:00:00,2026-09-17 18:00:00,1011.0
20260917,180000,76W,22,2026,9,17,18,12.5,142.8,101100.0,2026-09-17 18:00:00,2026-09-17 18:00:00,1011.0
20260917,180000,76W,22,2026,9,17,18,13.6,143.1,101000.0,2026-09-17 18:00:00,2026-09-17 18:00:00,1010.0
20260917,180000,76W,22,2026,9,17,18,11.9,144.5,100700.0,2026-09-17 18:00:00,2026-09-17 18:00:00,1007.0
20260917,180000,76W,22,2026,9,17,18,13.0,145.6,100800.0,2026-09-17 18:00:00,2026-09-17 18:00:00,1008.0
20260917,180000,76W,22,2026,9,17,18,13.9,145.6,101000.0,2026-09-17 18:00:00,2026-09-17 18:00:00,1010.0
20260917,180000,76W,22,2026,9,17,18,13.6,145.6,100700.0,2026-09-17 18:00:00,2026-09-17 18:00:00,1007.0
20260917,180000,76W,22,2026,9,17,18,13.9,146.5,100800.0,2026-09-17 18:00:00,2026-09-17 18:00:00,1008.0
20260917,180000,76W,22,2026,9,17,18,14.200000000000001,146.5,101000.0,2026-09-17 18:00:00,2026-09-17 18:00:00,1010.0
20260917,180000,76W,26,2026,9,17,18,16.5,120.10000000000001,101100.0,2026-09-17 18:00:00,2026-09-17 18:00:00,1011.0
20260917,180000,76W,26,2026,9,17,18,16.6,120.0,100800.0,2026-09-17 18:00:00,2026-09-17 18:00:00,1008.0
20260917,180000,76W,26,2026,9,17,18,17.0,119.5,99700.0,2026-09-17 18:00:00,2026-09-17 18:00:00,997.0
20260917,180000,76W,26,2026,9,17,18,15.9,118.4,99700.0,2026-09-17 18:00:00,2026-09-17 18:00:00,997.0
20260917,180000,76W,26,2026,9,17,18,16.7,117.5,99600.0,2026-09-17 18:00:00,2026-09-17 18:00:00,996.0
20260917,180000,76W,26,2026,9,17,18,17.0,115.8,99400.0,2026-09-17 18:00:00,2026-09-17 18:00:00,994.0
20260917,180000,76W,26,2026,9,17,18,17.3,114.4,99300.0,2026-09-17 18:00:00,2026-09-17 18:00:00,993.0
20260917,180000,76W,26,2026,9,17,18,17.8,113.0,98800.0,2026-09-17 18:00:00,2026-09-17 18:00:00,988.0
20260917,180000,76W,26,2026,9,17,18,18.1,111.9,98400.0,2026-09-17 18:00:00,2026-09-17 18:00:00,984.0
20260917,180000,76W,26,2026,9,17,18,18.1,110.8,98300.0,2026-09-17 18:00:00,2026-09-17 18:00:00,983.0
20260917,180000,76W,28,2026,9,17,18,17.6,119.2,101000.0,2026-09-17 18:00:00,2026-09-17 18:00:00,1010.0
20260917,180000,76W,28,2026,9,17,18,17.8,117.2,101000.0,2026-09-17 18:00:00,2026-09-17 18:00:00,1010.0
20260917,180000,76W,28,2026,9,17,18,17.6,117.8,100800.0,2026-09-17 18:00:00,2026-09-17 18:00:00,1008.0
20260917,180000,76W,28,2026,9,17,18,18.1,117.8,100800.0,2026-09-17 18:00:00,2026-09-17 18:00:00,1008.0
20260917,180000,76W,28,2026,9,17,18,18.1,117.0,100700.0,2026-09-17 18:00:00,2026-09-17 18:00:00,1007.0
20260917,180000,76W,28,2026,9,17,18,17.8,117.2,100500.0,2026-09-17 18:00:00,2026-09-17 18:00:00,1005.0
20260917,180000,76W,28,2026,9,17,18,18.1,116.7,100300.0,2026-09-17 18:00:00,2026-09-17 18:00:00,1003.0
20260917,180000,76W,28,2026,9,17,18,17.8,116.4,100400.0,2026-09-17 18:00:00,2026-09-17 18:00:00,1004.0
20260917,180000,76W,28,2026,9,17,18,18.1,115.8,100300.0,2026-09-17 18:00:00,2026-09-17 18:00:00,1003.0
20260917,180000,76W,28,2026,9,17,18,17.8,115.0,100300.0,2026-09-17 18:00:00,2026-09-17 18:00:00,1003.0
20260917,180000,76W,28,2026,9,17,18,17.8,115.0,100200.0,2026-09-17 18:00:00,2026-09-17 18:00:00,1002.0
20260917,180000,76W,28,2026,9,17,18,17.3,114.4,100200.0,2026-09-17 18:00:00,2026-09-17 18:00:00,1002.0
20260917,180000,76W,28,2026,9,17,18,16.7,113.60000000000001,100100.0,2026-09-17 18:00:00,2026-09-17 18:00:00,1001.0
20260917,180000,76W,28,2026,9,17,18,16.4,113.60000000000001,99900.0,2026-09-17 18:00:00,2026-09-17 18:00:00,999.0
20260917,180000,76W,28,2026,9,17,18,15.9,113.0,99800.0,2026-09-17 18:00:00,2026-09-17 18:00:00,998.0
20260917,180000,76W,28,2026,9,17,18,15.0,112.2,99400.0,2026-09-17 18:00:00,2026-09-17 18:00:00,994.0
20260917,180000,76W,28,2026,9,17,18,14.5,111.60000000000001,99300.0,2026-09-17 18:00:00,2026-09-17 18:00:00,993.0
20260917,180000,76W,30,2026,9,17,18,11.4,166.5,101100.0,2026-09-17 18:00:00,2026-09-17 18:00:00,1011.0
20260917,180000,76W,30,2026,9,17,18,11.4,166.5,101000.0,2026-09-17 18:00:00,2026-09-17 18:00:00,1010.0
20260917,180000,76W,30,2026,9,17,18,13.0,163.9,100800.0,2026-09-17 18:00:00,2026-09-17 18:00:00,1008.0
20260917,180000,76W,30,2026,9,17,18,14.700000000000001,163.4,100900.0,2026-09-17 18:00:00,2026-09-17 18:00:00,1009.0
20260917,180000,76W,30,2026,9,17,18,13.6,162.8,100700.0,2026-09-17 18:00:00,2026-09-17 18:00:00,1007.0
20260917,180000,76W,30,2026,9,17,18,13.9,163.9,100900.0,2026-09-17 18:00:00,2026-09-17 18:00:00,1009.0
20260917,180000,76W,30,2026,9,17,18,13.3,162.5,100800.0,2026-09-17 18:00:00,2026-09-17 18:00:00,1008.0
20260917,180000,76W,30,2026,9,17,18,15.6,162.5,101000.0,2026-09-17 18:00:00,2026-09-17 18:00:00,1010.0
20260917,180000,76W,30,2026,9,17,18,14.5,161.70000000000002,100800.0,2026-09-17 18:00:00,2026-09-17 18:00:00,1008.0
20260917,180000,76W,30,2026,9,17,18,15.9,162.5,100900.0,2026-09-17 18:00:00,2026-09-17 18:00:00,1009.0
20260917,180000,76W,30,2026,9,17,18,14.5,163.4,100800.0,2026-09-17 18:00:00,2026-09-17 18:00:00,1008.0
20260917,180000,76W,30,2026,9,17,18,14.700000000000001,163.1,100800.0,2026-09-17 18:00:00,2026-09-17 18:00:00,1008.0
20260917,180000,76W,30,2026,9,17,18,13.6,163.4,100600.0,2026-09-17 18:00:00,2026-09-17 18:00:00,1006.0
20260917,180000,76W,30,2026,9,17,18,13.0,163.4,100700.0,2026-09-17 18:00:00,2026-09-17 18:00:00,1007.0
20260917,180000,76W,30,2026,9,17,18,11.9,162.5,100400.0,2026-09-17 18:00:00,2026-09-17 18:00:00,1004.0
20260917,180000,76W,32,2026,9,17,18,14.5,155.8,100900.0,2026-09-17 18:00:00,2026-09-17 18:00:00,1009.0
20260917,180000,76W,32,2026,9,17,18,13.6,155.20000000000002,100700.0,2026-09-17 18:00:00,2026-09-17 18:00:00,1007.0
20260917,180000,76W,32,2026,9,17,18,14.200000000000001,156.3,100900.0,2026-09-17 18:00:00,2026-09-17 18:00:00,1009.0
20260917,180000,76W,32,2026,9,17,18,14.700000000000001,154.9,100700.0,2026-09-17 18:00:00,2026-09-17 18:00:00,1007.0
20260917,180000,76W,32,2026,9,17,18,13.9,152.70000000000002,100800.0,2026-09-17 18:00:00,2026-09-17 18:00:00,1008.0
20260917,180000,76W,32,2026,9,17,18,13.700000000000001,152.6,100500.0,2026-09-17 18:00:00,2026-09-17 18:00:00,1005.0
20260917,180000,76W,32,2026,9,17,18,13.6,152.4,100600.0,2026-09-17 18:00:00,2026-09-17 18:00:00,1006.0
20260917,180000,76W,32,2026,9,17,18,13.9,151.5,100300.0,2026-09-17 18:00:00,2026-09-17 18:00:00,1003.0
20260917,180000,76W,32,2026,9,17,18,15.0,153.8,100400.0,2026-09-17 18:00:00,2026-09-17 18:00:00,1004.0
20260917,180000,76W,32,2026,9,17,18,16.3,153.70000000000002,100100.0,2026-09-17 18:00:00,2026-09-17 18:00:00,1001.0
20260917,180000,76W,32,2026,9,17,18,18.1,154.6,100300.0,2026-09-17 18:00:00,2026-09-17 18:00:00,1003.0
20260917,180000,76W,32,2026,9,17,18,19.8,155.5,99900.0,2026-09-17 18:00:00,2026-09-17 18:00:00,999.0
20260917,180000,76W,33,2026,9,17,18,24.0,119.9,101200.0,2026-09-17 18:00:00,2026-09-17 18:00:00,1012.0
20260917,180000,76W,33,2026,9,17,18,24.400000000000002,119.9,101300.0,2026-09-17 18:00:00,2026-09-17 18:00:00,1013.0
20260917,180000,76W,33,2026,9,17,18,25.7,119.8,101300.0,2026-09-17 18:00:00,2026-09-17 18:00:00,1013.0
20260917,180000,76W,33,2026,9,17,18,25.900000000000002,121.10000000000001,101300.0,2026-09-17 18:00:00,2026-09-17 18:00:00,1013.0
20260917,180000,76W,34,2026,9,17,18,16.4,159.70000000000002,100400.0,2026-09-17 18:00:00,2026-09-17 18:00:00,1004.0
20260917,180000,76W,34,2026,9,17,18,14.200000000000001,154.1,100000.0,2026-09-17 18:00:00,2026-09-17 18:00:00,1000.0
20260917,180000,76W,35,2026,9,17,18,18.400000000000002,145.8,100800.0,2026-09-17 18:00:00,2026-09-17 18:00:00,1008.0
20260917,180000,76W,35,2026,9,17,18,19.8,144.5,100500.0,2026-09-17 18:00:00,2026-09-17 18:00:00,1005.0
20260917,180000,76W,35,2026,9,17,18,20.1,143.70000000000002,100700.0,2026-09-17 18:00:00,2026-09-17 18:00:00,1007.0
20260917,180000,76W,35,2026,9,17,18,20.3,142.70000000000002,100400.0,2026-09-17 18:00:00,2026-09-17 18:00:00,1004.0
20260917,180000,76W,35,2026,9,17,18,20.400000000000002,141.1,100600.0,2026-09-17 18:00:00,2026-09-17 18:00:00,1006.0
20260917,180000,76W,35,2026,9,17,18,20.400000000000002,141.4,100200.0,2026-09-17 18:00:00,2026-09-17 18:00:00,1002.0
20260917,180000,76W,35,2026,9,17,18,20.1,141.1,100400.0,2026-09-17 18:00:00,2026-09-17 18:00:00,1004.0
20260917,180000,76W,35,2026,9,17,18,19.5,141.4,100100.0,2026-09-17 18:00:00,2026-09-17 18:00:00,1001.0
20260917,180000,76W,35,2026,9,17,18,18.7,141.70000000000002,100100.0,2026-09-17 18:00:00,2026-09-17 18:00:00,1001.0
20260917,180000,76W,35,2026,9,17,18,18.400000000000002,142.5,99900.0,2026-09-17 18:00:00,2026-09-17 18:00:00,999.0
20260917,180000,76W,35,2026,9,17,18,18.400000000000002,141.9,100000.0,2026-09-17 18:00:00,2026-09-17 18:00:00,1000.0
20260917,180000,76W,35,2026,9,17,18,17.900000000000002,142.3,99800.0,2026-09-17 18:00:00,2026-09-17 18:00:00,998.0
20260917,180000,76W,35,2026,9,17,18,17.8,143.4,99700.0,2026-09-17 18:00:00,2026-09-17 18:00:00,997.0
20260917,180000,76W,35,2026,9,17,18,17.8,143.4,99200.0,2026-09-17 18:00:00,2026-09-17 18:00:00,992.0
20260917,180000,76W,35,2026,9,17,18,17.8,143.70000000000002,99300.0,2026-09-17 18:00:00,2026-09-17 18:00:00,993.0
20260917,180000,76W,35,2026,9,17,18,19.0,144.0,99000.0,2026-09-17 18:00:00,2026-09-17 18:00:00,990.0
20260917,180000,76W,37,2026,9,17,18,19.2,158.0,100300.0,2026-09-17 18:00:00,2026-09-17 18:00:00,1003.0
20260917,180000,76W,37,2026,9,17,18,19.8,156.3,100100.0,2026-09-17 18:00:00,2026-09-17 18:00:00,1001.0
20260917,180000,76W,37,2026,9,17,18,19.900000000000002,153.6,99700.0,2026-09-17 18:00:00,2026-09-17 18:00:00,997.0
20260917,180000,76W,37,2026,9,17,18,20.900000000000002,153.20000000000002,99700.0,2026-09-17 18:00:00,2026-09-17 18:00:00,997.0
20260917,180000,76W,37,2026,9,17,18,21.5,152.4,99400.0,2026-09-17 18:00:00,2026-09-17 18:00:00,994.0
20260917,180000,76W,37,2026,9,17,18,21.8,152.4,99600.0,2026-09-17 18:00:00,2026-09-17 18:00:00,996.0
20260917,180000,76W,38,2026,9,17,18,16.4,151.5,101000.0,2026-09-17 18:00:00,2026-09-17 18:00:00,1010.0
20260917,180000,76W,38,2026,9,17,18,16.1,151.3,101200.0,2026-09-17 18:00:00,2026-09-17 18:00:00,1012.0
20260917,180000,76W,38,2026,9,17,18,15.8,149.70000000000002,101100.0,2026-09-17 18:00:00,2026-09-17 18:00:00,1011.0
20260917,180000,76W,38,2026,9,17,18,14.700000000000001,149.3,100800.0,2026-09-17 18:00:00,2026-09-17 18:00:00,1008.0
20260917,180000,76W,38,2026,9,17,18,14.200000000000001,148.70000000000002,100900.0,2026-09-17 18:00:00,2026-09-17 18:00:00,1009.0
20260917,180000,76W,38,2026,9,17,18,14.200000000000001,145.6,100800.0,2026-09-17 18:00:00,2026-09-17 18:00:00,1008.0
20260917,180000,76W,38,2026,9,17,18,14.200000000000001,144.0,100500.0,2026-09-17 18:00:00,2026-09-17 18:00:00,1005.0
20260917,180000,76W,38,2026,9,17,18,14.5,145.9,100700.0,2026-09-17 18:00:00,2026-09-17 18:00:00,1007.0
20260917,180000,76W,38,2026,9,17,18,13.6,146.8,100400.0,2026-09-17 18:00:00,2026-09-17 18:00:00,1004.0
20260917,180000,76W,38,2026,9,17,18,14.5,146.8,100600.0,2026-09-17 18:00:00,2026-09-17 18:00:00,1006.0
20260917,180000,76W,38,2026,9,17,18,14.5,146.20000000000002,100200.0,2026-09-17 18:00:00,2026-09-17 18:00:00,1002.0
20260917,180000,76W,38,2026,9,17,18,15.3,146.5,100300.0,2026-09-17 18:00:00,2026-09-17 18:00:00,1003.0
20260917,180000,76W,38,2026,9,17,18,15.6,145.4,99900.0,2026-09-17 18:00:00,2026-09-17 18:00:00,999.0
20260917,180000,76W,40,2026,9,17,18,9.8,173.1,101100.0,2026-09-17 18:00:00,2026-09-17 18:00:00,1011.0
20260917,180000,76W,40,2026,9,17,18,13.0,173.20000000000002,101100.0,2026-09-17 18:00:00,2026-09-17 18:00:00,1011.0
20260917,180000,76W,42,2026,9,17,18,11.9,157.5,100800.0,2026-09-17 18:00:00,2026-09-17 18:00:00,1008.0
20260917,180000,76W,42,2026,9,17,18,10.5,158.0,100900.0,2026-09-17 18:00:00,2026-09-17 18:00:00,1009.0
20260917,180000,76W,42,2026,9,17,18,11.9,157.70000000000002,100800.0,2026-09-17 18:00:00,2026-09-17 18:00:00,1008.0
20260917,180000,76W,42,2026,9,17,18,12.200000000000001,159.70000000000002,100800.0,2026-09-17 18:00:00,2026-09-17 18:00:00,1008.0
20260917,180000,76W,42,2026,9,17,18,13.9,162.5,100500.0,2026-09-17 18:00:00,2026-09-17 18:00:00,1005.0
20260917,180000,76W,48,2026,9,17,18,15.0,156.0,100700.0,2026-09-17 18:00:00,2026-09-17 18:00:00,1007.0
20260917,180000,76W,48,2026,9,17,18,14.700000000000001,153.0,100900.0,2026-09-17 18:00:00,2026-09-17 18:00:00,1009.0
20260917,180000,76W,48,2026,9,17,18,15.9,153.0,100700.0,2026-09-17 18:00:00,2026-09-17 18:00:00,1007.0
20260917,180000,76W,48,2026,9,17,18,15.6,151.0,100300.0,2026-09-17 18:00:00,2026-09-17 18:00:00,1003.0
20260917,180000,76W,48,2026,9,17,18,15.700000000000001,150.3,100200.0,2026-09-17 18:00:00,2026-09-17 18:00:00,1002.0
20260917,180000,76W,48,2026,9,17,18,15.700000000000001,149.9,99800.0,2026-09-17 18:00:00,2026-09-17 18:00:00,998.0
20260917,180000,76W,48,2026,9,17,18,16.4,149.3,99900.0,2026-09-17 18:00:00,2026-09-17 18:00:00,999.0
20260917,180000,76W,48,2026,9,17,18,15.3,148.70000000000002,99200.0,2026-09-17 18:00:00,2026-09-17 18:00:00,992.0
20260917,180000,76W,48,2026,9,17,18,15.6,148.70000000000002,99200.0,2026-09-17 18:00:00,2026-09-17 18:00:00,992.0
20260917,180000,76W,48,2026,9,17,18,15.9,148.5,98600.0,2026-09-17 18:00:00,2026-09-17 18:00:00,986.0
20260917,180000,76W,48,2026,9,17,18,15.9,148.5,98100.0,2026-09-17 18:00:00,2026-09-17 18:00:00,981.0
20260917,180000,76W,48,2026,9,17,18,16.7,148.5,97700.0,2026-09-17 18:00:00,2026-09-17 18:00:00,977.0
20260917,180000,76W,51,2026,9,17,18,14.200000000000001,169.5,100500.0,2026-09-17 18:00:00,2026-09-17 18:00:00,1005.0
20260917,180000,76W,51,2026,9,17,18,16.7,169.8,100500.0,2026-09-17 18:00:00,2026-09-17 18:00:00,1005.0
20260917,180000,77W,8,2026,9,17,18,17.8,107.2,101200.0,2026-09-17 18:00:00,2026-09-17 18:00:00,1012.0
20260917,180000,77W,8,2026,9,17,18,17.7,107.10000000000001,101200.0,2026-09-17 18:00:00,2026-09-17 18:00:00,1012.0
20260917,180000,77W,12,2026,9,17,18,9.1,169.5,100800.0,2026-09-17 18:00:00,2026-09-17 18:00:00,1008.0
20260917,180000,77W,12,2026,9,17,18,8.0,168.4,100800.0,2026-09-17 18:00:00,2026-09-17 18:00:00,1008.0
20260917,180000,77W,12,2026,9,17,18,7.7,169.3,100900.0,2026-09-17 18:00:00,2026-09-17 18:00:00,1009.0
20260917,180000,77W,12,2026,9,17,18,9.1,171.5,101000.0,2026-09-17 18:00:00,2026-09-17 18:00:00,1010.0
20260917,180000,77W,12,2026,9,17,18,10.5,175.20000000000002,100800.0,2026-09-17 18:00:00,2026-09-17 18:00:00,1008.0
20260917,180000,77W,12,2026,9,17,18,12.8,174.9,100800.0,2026-09-17 18:00:00,2026-09-17 18:00:00,1008.0
20260917,180000,77W,12,2026,9,17,18,13.9,175.5,100800.0,2026-09-17 18:00:00,2026-09-17 18:00:00,1008.0
20260917,180000,77W,12,2026,9,17,18,13.5,174.20000000000002,100700.0,2026-09-17 18:00:00,2026-09-17 18:00:00,1007.0
20260917,180000,77W,22,2026,9,17,18,8.3,173.8,100700.0,2026-09-17 18:00:00,2026-09-17 18:00:00,1007.0
20260917,180000,77W,22,2026,9,17,18,8.3,173.5,100900.0,2026-09-17 18:00:00,2026-09-17 18:00:00,1009.0
20260917,180000,77W,22,2026,9,17,18,8.5,173.5,100700.0,2026-09-17 18:00:00,2026-09-17 18:00:00,1007.0
20260917,180000,77W,22,2026,9,17,18,10.5,173.20000000000002,100600.0,2026-09-17 18:00:00,2026-09-17 18:00:00,1006.0
20260917,180000,77W,22,2026,9,17,18,10.5,173.20000000000002,100800.0,2026-09-17 18:00:00,2026-09-17 18:00:00,1008.0
20260917,180000,77W,22,2026,9,17,18,10.5,173.20000000000002,100800.0,2026-09-17 18:00:00,2026-09-17 18:00:00,1008.0
20260917,180000,77W,22,2026,9,17,18,10.8,173.5,100800.0,2026-09-17 18:00:00,2026-09-17 18:00:00,1008.0
20260917,180000,77W,22,2026,9,17,18,10.5,173.5,100600.0,2026-09-17 18:00:00,2026-09-17 18:00:00,1006.0
20260917,180000,77W,22,2026,9,17,18,10.5,173.5,100800.0,2026-09-17 18:00:00,2026-09-17 18:00:00,1008.0
20260917,180000,77W,22,2026,9,17,18,10.5,173.5,100600.0,2026-09-17 18:00:00,2026-09-17 18:00:00,1006.0
20260917,180000,77W,28,2026,9,17,18,17.0,139.70000000000002,100300.0,2026-09-17 18:00:00,2026-09-17 18:00:00,1003.0
20260917,180000,77W,28,2026,9,17,18,19.5,137.5,100300.0,2026-09-17 18:00:00,2026-09-17 18:00:00,1003.0
20260917,180000,77W,28,2026,9,17,18,21.5,133.5,100300.0,2026-09-17 18:00:00,2026-09-17 18:00:00,1003.0
20260917,180000,77W,28,2026,9,17,18,19.8,133.0,100300.0,2026-09-17 18:00:00,2026-09-17 18:00:00,1003.0
20260917,180000,77W,28,2026,9,17,18,20.7,133.3,100100.0,2026-09-17 18:00:00,2026-09-17 18:00:00,1001.0
20260917,180000,77W,28,2026,9,17,18,23.5,131.6,100300.0,2026-09-17 18:00:00,2026-09-17 18:00:00,1003.0
20260917,180000,77W,28,2026,9,17,18,22.1,131.9,100200.0,2026-09-17 18:00:00,2026-09-17 18:00:00,1002.0
20260917,180000,77W,30,2026,9,17,18,14.200000000000001,155.20000000000002,100800.0,2026-09-17 18:00:00,2026-09-17 18:00:00,1008.0
20260917,180000,77W,30,2026,9,17,18,13.9,156.6,100800.0,2026-09-17 18:00:00,2026-09-17 18:00:00,1008.0
20260917,180000,77W,30,2026,9,17,18,14.5,156.9,100900.0,2026-09-17 18:00:00,2026-09-17 18:00:00,1009.0
20260917,180000,77W,30,2026,9,17,18,14.3,157.3,100700.0,2026-09-17 18:00:00,2026-09-17 18:00:00,1007.0
20260917,180000,77W,30,2026,9,17,18,15.0,158.3,101100.0,2026-09-17 18:00:00,2026-09-17 18:00:00,1011.0
20260917,180000,77W,30,2026,9,17,18,15.3,158.0,100900.0,2026-09-17 18:00:00,2026-09-17 18:00:00,1009.0
20260917,180000,77W,34,2026,9,17,18,17.8,166.70000000000002,101000.0,2026-09-17 18:00:00,2026-09-17 18:00:00,1010.0
20260917,180000,77W,34,2026,9,17,18,18.1,166.70000000000002,100700.0,2026-09-17 18:00:00,2026-09-17 18:00:00,1007.0
20260917,180000,77W,34,2026,9,17,18,17.6,166.5,100900.0,2026-09-17 18:00:00,2026-09-17 18:00:00,1009.0
20260917,180000,77W,34,2026,9,17,18,16.7,168.1,100800.0,2026-09-17 18:00:00,2026-09-17 18:00:00,1008.0
20260917,180000,77W,34,2026,9,17,18,15.3,169.0,100800.0,2026-09-17 18:00:00,2026-09-17 18:00:00,1008.0
20260917,180000,77W,34,2026,9,17,18,14.5,169.0,100600.0,2026-09-17 18:00:00,2026-09-17 18:00:00,1006.0
20260917,180000,77W,34,2026,9,17,18,14.700000000000001,170.70000000000002,100600.0,2026-09-17 18:00:00,2026-09-17 18:00:00,1006.0
20260917,180000,77W,34,2026,9,17,18,13.6,172.1,100400.0,2026-09-17 18:00:00,2026-09-17 18:00:00,1004.0
20260917,180000,77W,35,2026,9,17,18,17.3,157.70000000000002,101000.0,2026-09-17 18:00:00,2026-09-17 18:00:00,1010.0
20260917,180000,77W,35,2026,9,17,18,17.3,157.70000000000002,100700.0,2026-09-17 18:00:00,2026-09-17 18:00:00,1007.0
20260917,180000,77W,35,2026,9,17,18,19.0,155.8,100900.0,2026-09-17 18:00:00,2026-09-17 18:00:00,1009.0
20260917,180000,77W,35,2026,9,17,18,18.400000000000002,156.6,100900.0,2026-09-17 18:00:00,2026-09-17 18:00:00,1009.0
20260917,180000,77W,35,2026,9,17,18,19.2,156.9,100600.0,2026-09-17 18:00:00,2026-09-17 18:00:00,1006.0
20260917,180000,77W,37,2026,9,17,18,25.7,149.0,99200.0,2026-09-17 18:00:00,2026-09-17 18:00:00,992.0
20260917,180000,77W,37,2026,9,17,18,26.900000000000002,148.20000000000002,98700.0,2026-09-17 18:00:00,2026-09-17 18:00:00,987.0
20260917,180000,77W,37,2026,9,17,18,29.400000000000002,149.0,98600.0,2026-09-17 18:00:00,2026-09-17 18:00:00,986.0
20260917,180000,77W,37,2026,9,17,18,30.0,150.1,98500.0,2026-09-17 18:00:00,2026-09-17 18:00:00,985.0
20260917,180000,77W,38,2026,9,17,18,9.700000000000001,169.5,100900.0,2026-09-17 18:00:00,2026-09-17 18:00:00,1009.0
20260917,180000,77W,38,2026,9,17,18,9.700000000000001,166.20000000000002,101000.0,2026-09-17 18:00:00,2026-09-17 18:00:00,1010.0
20260917,180000,77W,38,2026,9,17,18,10.5,164.8,100800.0,2026-09-17 18:00:00,2026-09-17 18:00:00,1008.0
20260917,180000,77W,38,2026,9,17,18,10.5,165.6,100700.0,2026-09-17 18:00:00,2026-09-17 18:00:00,1007.0
20260917,180000,77W,38,2026,9,17,18,12.5,164.20000000000002,100900.0,2026-09-17 18:00:00,2026-09-17 18:00:00,1009.0
20260917,180000,77W,38,2026,9,17,18,11.4,164.5,100800.0,2026-09-17 18:00:00,2026-09-17 18:00:00,1008.0
20260917,180000,77W,38,2026,9,17,18,12.200000000000001,164.20000000000002,100900.0,2026-09-17 18:00:00,2026-09-17 18:00:00,1009.0
20260917,180000,77W,38,2026,9,17,18,12.200000000000001,163.9,100700.0,2026-09-17 18:00:00,2026-09-17 18:00:00,1007.0
20260917,180000,77W,38,2026,9,17,18,14.5,165.0,100800.0,2026-09-17 18:00:00,2026-09-17 18:00:00,1008.0
20260917,180000,77W,38,2026,9,17,18,14.5,162.20000000000002,100800.0,2026-09-17 18:00:00,2026-09-17 18:00:00,1008.0
20260917,180000,77W,38,2026,9,17,18,13.9,162.0,100400.0,2026-09-17 18:00:00,2026-09-17 18:00:00,1004.0
20260917,180000,77W,38,2026,9,17,18,15.0,160.8,100500.0,2026-09-17 18:00:00,2026-09-17 18:00:00,1005.0
20260917,180000,77W,38,2026,9,17,18,15.0,161.70000000000002,100100.0,2026-09-17 18:00:00,2026-09-17 18:00:00,1001.0
20260917,180000,77W,38,2026,9,17,18,15.4,160.9,100000.0,2026-09-17 18:00:00,2026-09-17 18:00:00,1000.0
20260917,180000,77W,38,2026,9,17,18,15.4,161.1,99600.0,2026-09-17 18:00:00,2026-09-17 18:00:00,996.0
20260917,180000,77W,38,2026,9,17,18,15.6,162.20000000000002,99600.0,2026-09-17 18:00:00,2026-09-17 18:00:00,996.0
20260917,180000,77W,38,2026,9,17,18,16.4,162.5,99100.0,2026-09-17 18:00:00,2026-09-17 18:00:00,991.0
20260917,180000,77W,40,2026,9,17,18,21.8,151.5,100800.0,2026-09-17 18:00:00,2026-09-17 18:00:00,1008.0
20260917,180000,77W,40,2026,9,17,18,22.6,149.3,100800.0,2026-09-17 18:00:00,2026-09-17 18:00:00,1008.0
20260917,180000,77W,40,2026,9,17,18,24.900000000000002,146.5,100800.0,2026-09-17 18:00:00,2026-09-17 18:00:00,1008.0
20260917,180000,77W,40,2026,9,17,18,28.0,147.0,100900.0,2026-09-17 18:00:00,2026-09-17 18:00:00,1009.0
20260917,180000,77W,40,2026,9,17,18,29.1,146.5,100700.0,2026-09-17 18:00:00,2026-09-17 18:00:00,1007.0
20260917,180000,77W,40,2026,9,17,18,30.0,147.0,100700.0,2026-09-17 18:00:00,2026-09-17 18:00:00,1007.0
20260917,180000,77W,40,2026,9,17,18,31.400000000000002,147.9,100300.0,2026-09-17 18:00:00,2026-09-17 18:00:00,1003.0
20260917,180000,77W,40,2026,9,17,18,33.3,149.6,100500.0,2026-09-17 18:00:00,2026-09-17 18:00:00,1005.0
20260917,180000,77W,40,2026,9,17,18,35.9,152.70000000000002,100000.0,2026-09-17 18:00:00,2026-09-17 18:00:00,1000.0
20260917,180000,77W,40,2026,9,17,18,37.6,156.3,100500.0,2026-09-17 18:00:00,2026-09-17 18:00:00,1005.0
20260917,180000,77W,40,2026,9,17,18,39.5,160.3,100200.0,2026-09-17 18:00:00,2026-09-17 18:00:00,1002.0
20260917,180000,77W,42,2026,9,17,18,16.7,140.9,100700.0,2026-09-17 18:00:00,2026-09-17 18:00:00,1007.0
20260917,180000,77W,42,2026,9,17,18,16.4,140.9,100400.0,2026-09-17 18:00:00,2026-09-17 18:00:00,1004.0
20260917,180000,77W,42,2026,9,17,18,15.9,138.0,100500.0,2026-09-17 18:00:00,2026-09-17 18:00:00,1005.0
20260917,180000,77W,42,2026,9,17,18,15.200000000000001,139.3,100200.0,2026-09-17 18:00:00,2026-09-17 18:00:00,1002.0
20260917,180000,77W,42,2026,9,17,18,15.6,138.3,100400.0,2026-09-17 18:00:00,2026-09-17 18:00:00,1004.0
20260917,180000,77W,42,2026,9,17,18,15.0,137.5,100300.0,2026-09-17 18:00:00,2026-09-17 18:00:00,1003.0
20260917,180000,77W,51,2026,9,17,18,15.3,158.3,100300.0,2026-09-17 18:00:00,2026-09-17 18:00:00,1003.0
20260917,180000,77W,51,2026,9,17,18,15.0,160.0,100200.0,2026-09-17 18:00:00,2026-09-17 18:00:00,1002.0
20260917,180000,78W,8,2026,9,17,18,15.3,142.3,101200.0,2026-09-17 18:00:00,2026-09-17 18:00:00,1012.0
20260917,180000,78W,8,2026,9,17,18,15.6,142.5,101200.0,2026-09-17 18:00:00,2026-09-17 18:00:00,1012.0
20260917,180000,78W,8,2026,9,17,18,17.0,139.5,101100.0,2026-09-17 18:00:00,2026-09-17 18:00:00,1011.0
20260917,180000,78W,8,2026,9,17,18,17.6,138.9,100800.0,2026-09-17 18:00:00,2026-09-17 18:00:00,1008.0
20260917,180000,78W,8,2026,9,17,18,17.6,138.6,101000.0,2026-09-17 18:00:00,2026-09-17 18:00:00,1010.0
20260917,180000,78W,8,2026,9,17,18,17.3,137.5,100700.0,2026-09-17 18:00:00,2026-09-17 18:00:00,1007.0
20260917,180000,78W,8,2026,9,17,18,17.3,137.8,100800.0,2026-09-17 18:00:00,2026-09-17 18:00:00,1008.0
20260917,180000,78W,8,2026,9,17,18,17.6,137.0,100600.0,2026-09-17 18:00:00,2026-09-17 18:00:00,1006.0
20260917,180000,78W,22,2026,9,17,18,13.3,149.6,100900.0,2026-09-17 18:00:00,2026-09-17 18:00:00,1009.0
20260917,180000,78W,22,2026,9,17,18,13.9,149.0,100600.0,2026-09-17 18:00:00,2026-09-17 18:00:00,1006.0
20260917,180000,78W,22,2026,9,17,18,13.6,149.6,100900.0,2026-09-17 18:00:00,2026-09-17 18:00:00,1009.0
20260917,180000,78W,22,2026,9,17,18,12.8,148.5,100700.0,2026-09-17 18:00:00,2026-09-17 18:00:00,1007.0
20260917,180000,78W,22,2026,9,17,18,13.6,145.4,100600.0,2026-09-17 18:00:00,2026-09-17 18:00:00,1006.0
20260917,180000,78W,28,2026,9,17,18,28.5,133.5,99900.0,2026-09-17 18:00:00,2026-09-17 18:00:00,999.0
20260917,180000,78W,28,2026,9,17,18,30.2,133.5,100300.0,2026-09-17 18:00:00,2026-09-17 18:00:00,1003.0
20260917,180000,78W,28,2026,9,17,18,33.0,135.8,100200.0,2026-09-17 18:00:00,2026-09-17 18:00:00,1002.0
20260917,180000,78W,30,2026,9,17,18,13.6,148.20000000000002,101000.0,2026-09-17 18:00:00,2026-09-17 18:00:00,1010.0
20260917,180000,78W,30,2026,9,17,18,14.200000000000001,150.4,100700.0,2026-09-17 18:00:00,2026-09-17 18:00:00,1007.0
20260917,180000,78W,30,2026,9,17,18,14.5,147.9,100600.0,2026-09-17 18:00:00,2026-09-17 18:00:00,1006.0
20260917,180000,78W,30,2026,9,17,18,15.3,148.20000000000002,100700.0,2026-09-17 18:00:00,2026-09-17 18:00:00,1007.0
20260917,180000,78W,30,2026,9,17,18,15.3,148.20000000000002,100400.0,2026-09-17 18:00:00,2026-09-17 18:00:00,1004.0
20260917,180000,78W,30,2026,9,17,18,15.9,148.20000000000002,100500.0,2026-09-17 18:00:00,2026-09-17 18:00:00,1005.0
20260917,180000,78W,30,2026,9,17,18,15.9,148.20000000000002,100200.0,2026-09-17 18:00:00,2026-09-17 18:00:00,1002.0
20260917,180000,78W,30,2026,9,17,18,16.1,148.20000000000002,100300.0,2026-09-17 18:00:00,2026-09-17 18:00:00,1003.0
20260917,180000,78W,30,2026,9,17,18,16.4,147.9,99900.0,2026-09-17 18:00:00,2026-09-17 18:00:00,999.0
20260917,180000,78W,30,2026,9,17,18,17.0,148.5,99800.0,2026-09-17 18:00:00,2026-09-17 18:00:00,998.0
20260917,180000,78W,30,2026,9,17,18,17.8,148.5,99200.0,2026-09-17 18:00:00,2026-09-17 18:00:00,992.0
20260917,180000,78W,30,2026,9,17,18,18.1,148.20000000000002,99300.0,2026-09-17 18:00:00,2026-09-17 18:00:00,993.0
20260917,180000,78W,30,2026,9,17,18,19.2,148.5,98700.0,2026-09-17 18:00:00,2026-09-17 18:00:00,987.0
20260917,180000,78W,30,2026,9,17,18,19.8,147.9,98300.0,2026-09-17 18:00:00,2026-09-17 18:00:00,983.0
20260917,180000,78W,30,2026,9,17,18,20.900000000000002,147.6,98000.0,2026-09-17 18:00:00,2026-09-17 18:00:00,980.0
20260917,180000,78W,51,2026,9,17,18,23.8,163.9,99000.0,2026-09-17 18:00:00,2026-09-17 18:00:00,990.0
20260917,180000,78W,51,2026,9,17,18,24.0,162.0,98400.0,2026-09-17 18:00:00,2026-09-17 18:00:00,984.0
20260917,180000,79W,8,2026,9,17,18,6.6000000000000005,163.6,100900.0,2026-09-17 18:00:00,2026-09-17 18:00:00,1009.0
20260917,180000,79W,8,2026,9,17,18,9.700000000000001,164.5,101000.0,2026-09-17 18:00:00,2026-09-17 18:00:00,1010.0
20260917,180000,79W,8,2026,9,17,18,10.200000000000001,164.5,100900.0,2026-09-17 18:00:00,2026-09-17 18:00:00,1009.0
20260917,180000,79W,8,2026,9,17,18,10.5,165.8,101000.0,2026-09-17 18:00:00,2026-09-17 18:00:00,1010.0
20260917,180000,79W,8,2026,9,17,18,11.6,165.6,100800.0,2026-09-17 18:00:00,2026-09-17 18:00:00,1008.0
20260917,180000,79W,8,2026,9,17,18,11.9,165.3,100900.0,2026-09-17 18:00:00,2026-09-17 18:00:00,1009.0
20260917,180000,79W,8,2026,9,17,18,11.9,165.6,100800.0,2026-09-17 18:00:00,2026-09-17 18:00:00,1008.0
20260917,180000,79W,30,2026,9,17,18,28.3,165.3,100700.0,2026-09-17 18:00:00,2026-09-17 18:00:00,1007.0
20260917,180000,79W,30,2026,9,17,18,28.8,163.6,100500.0,2026-09-17 18:00:00,2026-09-17 18:00:00,1005.0
20260917,180000,79W,30,2026,9,17,18,29.400000000000002,162.5,100600.0,2026-09-17 18:00:00,2026-09-17 18:00:00,1006.0
20260917,180000,79W,30,2026,9,17,18,31.1,161.1,100700.0,2026-09-17 18:00:00,2026-09-17 18:00:00,1007.0
20260917,180000,79W,30,2026,9,17,18,32.2,159.4,100800.0,2026-09-17 18:00:00,2026-09-17 18:00:00,1008.0
20260917,180000,79W,30,2026,9,17,18,32.8,158.0,100800.0,2026-09-17 18:00:00,2026-09-17 18:00:00,1008.0
