typicalDate,typicalTime,track,sample,year,month,day,hour,lat,lon,pressureReducedToMeanSeaLevel,base_dt,valid_dt,pressure
20260913,180000,70W,1,2026,9,13,18,18.1,104.0,100800.0,2026-09-13 18:00:00,2026-09-13 18:00:00,1008.0
20260913,180000,70W,2,2026,9,13,18,19.0,105.7,100600.0,2026-09-13 18:00:00,2026-09-13 18:00:00,1006.0
20260913,180000,70W,2,2026,9,13,18,17.3,102.9,101000.0,2026-09-13 18:00:00,2026-09-13 18:00:00,1010.0
20260913,180000,70W,2,2026,9,13,18,17.0,101.2,100900.0,2026-09-13 18:00:00,2026-09-13 18:00:00,1009.0
20260913,180000,70W,2,2026,9,13,18,16.7,101.2,101100.0,2026-09-13 18:00:00,2026-09-13 18:00:00,1011.0
20260913,180000,70W,2,2026,9,13,18,16.2,102.7,101100.0,2026-09-13 18:00:00,2026-09-13 18:00:00,1011.0
20260913,180000,70W,2,2026,9,13,18,17.0,102.3,100900.0,2026-09-13 18:00:00,2026-09-13 18:00:00,1009.0
20260913,180000,70W,3,2026,9,13,18,12.200000000000001,151.8,100400.0,2026-09-13 18:00:00,2026-09-13 18:00:00,1004.0
20260913,180000,70W,3,2026,9,13,18,13.6,152.1,100700.0,2026-09-13 18:00:00,2026-09-13 18:00:00,1007.0
20260913,180000,70W,3,2026,9,13,18,13.3,150.70000000000002,100600.0,2026-09-13 18:00:00,2026-09-13 18:00:00,1006.0
20260913,180000,70W,3,2026,9,13,18,15.0,149.6,100500.0,2026-09-13 18:00:00,2026-09-13 18:00:00,1005.0
20260913,180000,70W,3,2026,9,13,18,15.0,149.3,100200.0,2026-09-13 18:00:00,2026-09-13 18:00:00,1002.0
20260913,180000,70W,3,2026,9,13,18,15.6,148.5,100400.0,2026-09-13 18:00:00,2026-09-13 18:00:00,1004.0
20260913,180000,70W,3,2026,9,13,18,14.5,148.20000000000002,100200.0,2026-09-13 18:00:00,2026-09-13 18:00:00,1002.0
20260913,180000,70W,4,2026,9,13,18,18.7,106.5,101000.0,2026-09-13 18:00:00,2026-09-13 18:00:00,1010.0
20260913,180000,70W,4,2026,9,13,18,18.7,106.0,100900.0,2026-09-13 18:00:00,2026-09-13 18:00:00,1009.0
20260913,180000,70W,4,2026,9,13,18,19.0,105.7,101000.0,2026-09-13 18:00:00,2026-09-13 18:00:00,1010.0
20260913,180000,70W,5,2026,9,13,18,18.400000000000002,106.0,100900.0,2026-09-13 18:00:00,2026-09-13 18:00:00,1009.0
20260913,180000,70W,5,2026,9,13,18,17.0,102.9,101100.0,2026-09-13 18:00:00,2026-09-13 18:00:00,1011.0
20260913,180000,70W,5,2026,9,13,18,17.0,102.9,100900.0,2026-09-13 18:00:00,2026-09-13 18:00:00,1009.0
20260913,180000,70W,5,2026,9,13,18,17.0,102.9,101100.0,2026-09-13 18:00:00,2026-09-13 18:00:00,1011.0
20260913,180000,70W,5,2026,9,13,18,17.6,102.9,101000.0,2026-09-13 18:00:00,2026-09-13 18:00:00,1010.0
20260913,180000,70W,5,2026,9,13,18,16.4,101.2,100900.0,2026-09-13 18:00:00,2026-09-13 18:00:00,1009.0
20260913,180000,70W,5,2026,9,13,18,17.6,100.10000000000001,100800.0,2026-09-13 18:00:00,2026-09-13 18:00:00,1008.0
20260913,180000,70W,5,2026,9,13,18,17.8,102.9,101000.0,2026-09-13 18:00:00,2026-09-13 18:00:00,1010.0
20260913,180000,70W,5,2026,9,13,18,15.3,102.3,100800.0,2026-09-13 18:00:00,2026-09-13 18:00:00,1008.0
20260913,180000,70W,5,2026,9,13,18,14.200000000000001,103.7,100800.0,2026-09-13 18:00:00,2026-09-13 18:00:00,1008.0
20260913,180000,70W,6,2026,9,13,18,19.0,105.7,100900.0,2026-09-13 18:00:00,2026-09-13 18:00:00,1009.0
20260913,180000,70W,7,2026,9,13,18,18.400000000000002,105.4,100800.0,2026-09-13 18:00:00,2026-09-13 18:00:00,1008.0
20260913,180000,70W,7,2026,9,13,18,19.2,106.5,100900.0,2026-09-13 18:00:00,2026-09-13 18:00:00,1009.0
20260913,180000,70W,8,2026,9,13,18,17.8,102.9,100900.0,2026-09-13 18:00:00,2026-09-13 18:00:00,1009.0
20260913,180000,70W,8,2026,9,13,18,16.7,101.2,100800.0,2026-09-13 18:00:00,2026-09-13 18:00:00,1008.0
20260913,180000,70W,8,2026,9,13,18,15.3,101.2,101000.0,2026-09-13 18:00:00,2026-09-13 18:00:00,1010.0
20260913,180000,70W,8,2026,9,13,18,16.7,102.3,101000.0,2026-09-13 18:00:00,2026-09-13 18:00:00,1010.0
20260913,180000,70W,8,2026,9,13,18,16.7,101.2,100900.0,2026-09-13 18:00:00,2026-09-13 18:00:00,1009.0
20260913,180000,70W,8,2026,9,13,18,17.0,102.3,100900.0,2026-09-13 18:00:00,2026-09-13 18:00:00,1009.0
20260913,180000,70W,8,2026,9,13,18,17.7,102.7,101000.0,2026-09-13 18:00:00,2026-09-13 18:00:00,1010.0
20260913,180000,70W,8,2026,9,13,18,18.1,102.60000000000001,101100.0,2026-09-13 18:00:00,2026-09-13 18:00:00,1011.0
20260913,180000,70W,8,2026,9,13,18,16.4,102.0,100900.0,2026-09-13 18:00:00,2026-09-13 18:00:00,1009.0
20260913,180000,70W,8,2026,9,13,18,18.1,102.60000000000001,100900.0,2026-09-13 18:00:00,2026-09-13 18:00:00,1009.0
20260913,180000,70W,9,2026,9,13,18,18.1,105.7,100900.0,2026-09-13 18:00:00,2026-09-13 18:00:00,1009.0
20260913,180000,70W,9,2026,9,13,18,17.0,102.9,100800.0,2026-09-13 18:00:00,2026-09-13 18:00:00,1008.0
20260913,180000,70W,9,2026,9,13,18,16.7,102.60000000000001,101000.0,2026-09-13 18:00:00,2026-09-13 18:00:00,1010.0
20260913,180000,70W,9,2026,9,13,18,17.0,102.3,101000.0,2026-09-13 18:00:00,2026-09-13 18:00:00,1010.0
20260913,180000,70W,9,2026,9,13,18,18.1,102.60000000000001,101200.0,2026-09-13 18:00:00,2026-09-13 18:00:00,1012.0
20260913,180000,70W,9,2026,9,13,18,17.0,102.9,100900.0,2026-09-13 18:00:00,2026-09-13 18:00:00,1009.0
20260913,180000,70W,9,2026,9,13,18,14.200000000000001,103.2,101000.0,2026-09-13 18:00:00,2026-09-13 18:00:00,1010.0
20260913,180000,70W,10,2026,9,13,18,13.6,151.3,100000.0,2026-09-13 18:00:00,2026-09-13 18:00:00,1000.0
20260913,180000,70W,10,2026,9,13,18,13.3,150.1,99200.0,2026-09-13 18:00:00,2026-09-13 18:00:00,992.0
20260913,180000,70W,10,2026,9,13,18,13.3,149.6,99500.0,2026-09-13 18:00:00,2026-09-13 18:00:00,995.0
20260913,180000,70W,10,2026,9,13,18,13.6,148.5,98700.0,2026-09-13 18:00:00,2026-09-13 18:00:00,987.0
20260913,180000,70W,10,2026,9,13,18,13.3,147.9,98900.0,2026-09-13 18:00:00,2026-09-13 18:00:00,989.0
20260913,180000,70W,10,2026,9,13,18,14.5,147.9,98100.0,2026-09-13 18:00:00,2026-09-13 18:00:00,981.0
20260913,180000,70W,10,2026,9,13,18,15.0,147.9,97400.0,2026-09-13 18:00:00,2026-09-13 18:00:00,974.0
20260913,180000,70W,10,2026,9,13,18,15.6,147.6,97200.0,2026-09-13 18:00:00,2026-09-13 18:00:00,972.0
20260913,180000,70W,10,2026,9,13,18,16.4,147.3,96600.0,2026-09-13 18:00:00,2026-09-13 18:00:00,966.0
20260913,180000,70W,10,2026,9,13,18,17.3,146.5,96700.0,2026-09-13 18:00:00,2026-09-13 18:00:00,967.0
20260913,180000,70W,10,2026,9,13,18,17.8,145.9,96200.0,2026-09-13 18:00:00,2026-09-13 18:00:00,962.0
20260913,180000,70W,10,2026,9,13,18,18.400000000000002,145.4,96000.0,2026-09-13 18:00:00,2026-09-13 18:00:00,960.0
20260913,180000,70W,10,2026,9,13,18,19.2,145.1,95900.0,2026-09-13 18:00:00,2026-09-13 18:00:00,959.0
20260913,180000,70W,10,2026,9,13,18,20.1,144.5,95900.0,2026-09-13 18:00:00,2026-09-13 18:00:00,959.0
20260913,180000,70W,10,2026,9,13,18,20.7,143.4,95300.0,2026-09-13 18:00:00,2026-09-13 18:00:00,953.0
20260913,180000,70W,10,2026,9,13,18,20.900000000000002,142.8,95200.0,2026-09-13 18:00:00,2026-09-13 18:00:00,952.0
20260913,180000,70W,10,2026,9,13,18,21.2,142.3,95100.0,2026-09-13 18:00:00,2026-09-13 18:00:00,951.0
20260913,180000,70W,10,2026,9,13,18,21.8,141.70000000000002,95000.0,2026-09-13 18:00:00,2026-09-13 18:00:00,950.0
20260913,180000,70W,10,2026,9,13,18,22.3,141.1,95000.0,2026-09-13 18:00:00,2026-09-13 18:00:00,950.0
20260913,180000,70W,10,2026,9,13,18,22.6,140.9,95400.0,2026-09-13 18:00:00,2026-09-13 18:00:00,954.0
20260913,180000,70W,10,2026,9,13,18,23.8,140.3,95600.0,2026-09-13 18:00:00,2026-09-13 18:00:00,956.0
20260913,180000,70W,10,2026,9,13,18,24.6,139.5,95400.0,2026-09-13 18:00:00,2026-09-13 18:00:00,954.0
20260913,180000,70W,10,2026,9,13,18,25.2,139.5,95500.0,2026-09-13 18:00:00,2026-09-13 18:00:00,955.0
20260913,180000,70W,10,2026,9,13,18,26.0,138.9,95500.0,2026-09-13 18:00:00,2026-09-13 18:00:00,955.0
20260913,180000,70W,10,2026,9,13,18,26.900000000000002,138.6,95400.0,2026-09-13 18:00:00,2026-09-13 18:00:00,954.0
20260913,180000,70W,10,2026,9,13,18,28.0,138.3,95500.0,2026-09-13 18:00:00,2026-09-13 18:00:00,955.0
20260913,180000,70W,10,2026,9,13,18,28.6,138.20000000000002,96100.0,2026-09-13 18:00:00,2026-09-13 18:00:00,961.0
20260913,180000,70W,10,2026,9,13,18,29.400000000000002,138.0,96100.0,2026-09-13 18:00:00,2026-09-13 18:00:00,961.0
20260913,180000,70W,10,2026,9,13,18,30.0,138.3,96500.0,2026-09-13 18:00:00,2026-09-13 18:00:00,965.0
20260913,180000,70W,10,2026,9,13,18,30.900000000000002,138.8,96700.0,2026-09-13 18:00:00,2026-09-13 18:00:00,967.0
20260913,180000,70W,10,2026,9,13,18,31.900000000000002,139.70000000000002,97000.0,2026-09-13 18:00:00,2026-09-13 18:00:00,970.0
20260913,180000,70W,10,2026,9,13,18,33.9,140.9,97100.0,2026-09-13 18:00:00,2026-09-13 18:00:00,971.0
20260913,180000,70W,10,2026,9,13,18,35.0,142.3,97600.0,2026-09-13 18:00:00,2026-09-13 18:00:00,976.0
20260913,180000,70W,10,2026,9,13,18,36.4,145.4,97600.0,2026-09-13 18:00:00,2026-09-13 18:00:00,976.0
20260913,180000,70W,10,2026,9,13,18,38.2,147.5,97700.0,2026-09-13 18:00:00,2026-09-13 18:00:00,977.0
20260913,180000,70W,10,2026,9,13,18,39.2,150.70000000000002,97700.0,2026-09-13 18:00:00,2026-09-13 18:00:00,977.0
20260913,180000,70W,10,2026,9,13,18,39.2,153.8,97900.0,2026-09-13 18:00:00,2026-09-13 18:00:00,979.0
20260913,180000,70W,11,2026,9,13,18,18.1,102.60000000000001,100900.0,2026-09-13 18:00:00,2026-09-13 18:00:00,1009.0
20260913,180000,70W,11,2026,9,13,18,15.9,101.8,101100.0,2026-09-13 18:00:00,2026-09-13 18:00:00,1011.0
20260913,180000,70W,11,2026,9,13,18,15.3,100.4,101100.0,2026-09-13 18:00:00,2026-09-13 18:00:00,1011.0
20260913,180000,70W,11,2026,9,13,18,16.4,100.10000000000001,101000.0,2026-09-13 18:00:00,2026-09-13 18:00:00,1010.0
20260913,180000,70W,11,2026,9,13,18,15.6,103.2,101100.0,2026-09-13 18:00:00,2026-09-13 18:00:00,1011.0
20260913,180000,70W,11,2026,9,13,18,15.0,103.5,100900.0,2026-09-13 18:00:00,2026-09-13 18:00:00,1009.0
20260913,180000,70W,11,2026,9,13,18,16.4,102.60000000000001,101000.0,2026-09-13 18:00:00,2026-09-13 18:00:00,1010.0
20260913,180000,70W,11,2026,9,13,18,15.3,101.2,101000.0,2026-09-13 18:00:00,2026-09-13 18:00:00,1010.0
20260913,180000,70W,12,2026,9,13,18,18.400000000000002,105.4,100900.0,2026-09-13 18:00:00,2026-09-13 18:00:00,1009.0
20260913,180000,70W,12,2026,9,13,18,19.2,106.3,101100.0,2026-09-13 18:00:00,2026-09-13 18:00:00,1011.0
20260913,180000,70W,13,2026,9,13,18,13.6,152.70000000000002,100500.0,2026-09-13 18:00:00,2026-09-13 18:00:00,1005.0
20260913,180000,70W,13,2026,9,13,18,13.3,153.0,100100.0,2026-09-13 18:00:00,2026-09-13 18:00:00,1001.0
20260913,180000,70W,13,2026,9,13,18,14.5,152.4,100300.0,2026-09-13 18:00:00,2026-09-13 18:00:00,1003.0
20260913,180000,70W,13,2026,9,13,18,14.5,150.70000000000002,99900.0,2026-09-13 18:00:00,2026-09-13 18:00:00,999.0
20260913,180000,70W,13,2026,9,13,18,14.5,149.6,100100.0,2026-09-13 18:00:00,2026-09-13 18:00:00,1001.0
20260913,180000,70W,13,2026,9,13,18,15.3,149.0,99500.0,2026-09-13 18:00:00,2026-09-13 18:00:00,995.0
20260913,180000,70W,13,2026,9,13,18,15.3,148.20000000000002,99300.0,2026-09-13 18:00:00,2026-09-13 18:00:00,993.0
20260913,180000,70W,13,2026,9,13,18,15.6,147.6,98700.0,2026-09-13 18:00:00,2026-09-13 18:00:00,987.0
20260913,180000,70W,13,2026,9,13,18,15.6,147.3,98700.0,2026-09-13 18:00:00,2026-09-13 18:00:00,987.0
20260913,180000,70W,13,2026,9,13,18,15.6,147.3,98400.0,2026-09-13 18:00:00,2026-09-13 18:00:00,984.0
20260913,180000,70W,13,2026,9,13,18,16.4,147.3,98200.0,2026-09-13 18:00:00,2026-09-13 18:00:00,982.0
20260913,180000,70W,13,2026,9,13,18,17.0,147.3,97600.0,2026-09-13 18:00:00,2026-09-13 18:00:00,976.0
20260913,180000,70W,13,2026,9,13,18,17.8,147.0,97300.0,2026-09-13 18:00:00,2026-09-13 18:00:00,973.0
20260913,180000,70W,13,2026,9,13,18,18.400000000000002,147.0,97200.0,2026-09-13 18:00:00,2026-09-13 18:00:00,972.0
20260913,180000,70W,13,2026,9,13,18,19.2,146.8,97200.0,2026-09-13 18:00:00,2026-09-13 18:00:00,972.0
20260913,180000,70W,13,2026,9,13,18,19.8,146.20000000000002,97100.0,2026-09-13 18:00:00,2026-09-13 18:00:00,971.0
20260913,180000,70W,13,2026,9,13,18,20.7,145.4,97000.0,2026-09-13 18:00:00,2026-09-13 18:00:00,970.0
20260913,180000,70W,13,2026,9,13,18,21.5,144.20000000000002,96800.0,2026-09-13 18:00:00,2026-09-13 18:00:00,968.0
20260913,180000,70W,13,2026,9,13,18,21.8,143.1,97000.0,2026-09-13 18:00:00,2026-09-13 18:00:00,970.0
20260913,180000,70W,13,2026,9,13,18,22.3,142.5,96600.0,2026-09-13 18:00:00,2026-09-13 18:00:00,966.0
20260913,180000,70W,13,2026,9,13,18,23.2,141.70000000000002,96800.0,2026-09-13 18:00:00,2026-09-13 18:00:00,968.0
20260913,180000,70W,13,2026,9,13,18,24.0,140.6,96600.0,2026-09-13 18:00:00,2026-09-13 18:00:00,966.0
20260913,180000,70W,13,2026,9,13,18,24.900000000000002,139.5,96800.0,2026-09-13 18:00:00,2026-09-13 18:00:00,968.0
20260913,180000,70W,13,2026,9,13,18,26.0,138.6,96600.0,2026-09-13 18:00:00,2026-09-13 18:00:00,966.0
20260913,180000,70W,13,2026,9,13,18,26.6,137.8,97200.0,2026-09-13 18:00:00,2026-09-13 18:00:00,972.0
20260913,180000,70W,13,2026,9,13,18,27.1,136.6,96900.0,2026-09-13 18:00:00,2026-09-13 18:00:00,969.0
20260913,180000,70W,13,2026,9,13,18,28.0,136.4,97100.0,2026-09-13 18:00:00,2026-09-13 18:00:00,971.0
20260913,180000,70W,13,2026,9,13,18,28.5,135.2,97100.0,2026-09-13 18:00:00,2026-09-13 18:00:00,971.0
20260913,180000,70W,13,2026,9,13,18,29.7,135.8,97500.0,2026-09-13 18:00:00,2026-09-13 18:00:00,975.0
20260913,180000,70W,13,2026,9,13,18,31.1,135.5,97200.0,2026-09-13 18:00:00,2026-09-13 18:00:00,972.0
20260913,180000,70W,13,2026,9,13,18,32.1,136.0,97500.0,2026-09-13 18:00:00,2026-09-13 18:00:00,975.0
20260913,180000,70W,13,2026,9,13,18,33.6,137.8,97500.0,2026-09-13 18:00:00,2026-09-13 18:00:00,975.0
20260913,180000,70W,13,2026,9,13,18,35.9,139.70000000000002,97800.0,2026-09-13 18:00:00,2026-09-13 18:00:00,978.0
20260913,180000,70W,13,2026,9,13,18,38.7,142.3,97400.0,2026-09-13 18:00:00,2026-09-13 18:00:00,974.0
20260913,180000,70W,13,2026,9,13,18,40.9,144.5,97400.0,2026-09-13 18:00:00,2026-09-13 18:00:00,974.0
20260913,180000,70W,13,2026,9,13,18,42.800000000000004,147.0,97100.0,2026-09-13 18:00:00,2026-09-13 18:00:00,971.0
20260913,180000,70W,13,2026,9,13,18,44.6,149.9,96900.0,2026-09-13 18:00:00,2026-09-13 18:00:00,969.0
20260913,180000,70W,14,2026,9,13,18,18.1,105.7,100900.0,2026-09-13 18:00:00,2026-09-13 18:00:00,1009.0
20260913,180000,70W,14,2026,9,13,18,18.400000000000002,105.9,101000.0,2026-09-13 18:00:00,2026-09-13 18:00:00,1010.0
20260913,180000,70W,14,2026,9,13,18,17.6,103.5,101000.0,2026-09-13 18:00:00,2026-09-13 18:00:00,1010.0
20260913,180000,70W,14,2026,9,13,18,18.1,102.9,101100.0,2026-09-13 18:00:00,2026-09-13 18:00:00,1011.0
20260913,180000,70W,14,2026,9,13,18,18.400000000000002,105.4,101100.0,2026-09-13 18:00:00,2026-09-13 18:00:00,1011.0
20260913,180000,70W,15,2026,9,13,18,18.400000000000002,105.4,101000.0,2026-09-13 18:00:00,2026-09-13 18:00:00,1010.0
20260913,180000,70W,15,2026,9,13,18,16.7,102.60000000000001,101100.0,2026-09-13 18:00:00,2026-09-13 18:00:00,1011.0
20260913,180000,70W,15,2026,9,13,18,18.1,102.9,101200.0,2026-09-13 18:00:00,2026-09-13 18:00:00,1012.0
20260913,180000,70W,15,2026,9,13,18,16.9,103.4,101000.0,2026-09-13 18:00:00,2026-09-13 18:00:00,1010.0
20260913,180000,70W,15,2026,9,13,18,18.0,102.9,100900.0,2026-09-13 18:00:00,2026-09-13 18:00:00,1009.0
20260913,180000,70W,15,2026,9,13,18,16.1,103.5,100900.0,2026-09-13 18:00:00,2026-09-13 18:00:00,1009.0
20260913,180000,70W,16,2026,9,13,18,19.0,106.0,100800.0,2026-09-13 18:00:00,2026-09-13 18:00:00,1008.0
20260913,180000,70W,17,2026,9,13,18,17.8,104.0,100900.0,2026-09-13 18:00:00,2026-09-13 18:00:00,1009.0
20260913,180000,70W,17,2026,9,13,18,18.5,105.9,101000.0,2026-09-13 18:00:00,2026-09-13 18:00:00,1010.0
20260913,180000,70W,18,2026,9,13,18,15.4,100.4,101000.0,2026-09-13 18:00:00,2026-09-13 18:00:00,1010.0
20260913,180000,70W,18,2026,9,13,18,16.0,100.3,100800.0,2026-09-13 18:00:00,2026-09-13 18:00:00,1008.0
20260913,180000,70W,18,2026,9,13,18,14.8,100.5,100800.0,2026-09-13 18:00:00,2026-09-13 18:00:00,1008.0
20260913,180000,70W,18,2026,9,13,18,16.4,101.2,100800.0,2026-09-13 18:00:00,2026-09-13 18:00:00,1008.0
20260913,180000,70W,18,2026,9,13,18,15.3,101.2,100900.0,2026-09-13 18:00:00,2026-09-13 18:00:00,1009.0
20260913,180000,70W,18,2026,9,13,18,16.0,102.9,100900.0,2026-09-13 18:00:00,2026-09-13 18:00:00,1009.0
20260913,180000,70W,18,2026,9,13,18,14.700000000000001,102.9,100700.0,2026-09-13 18:00:00,2026-09-13 18:00:00,1007.0
20260913,180000,70W,19,2026,9,13,18,13.9,152.70000000000002,100600.0,2026-09-13 18:00:00,2026-09-13 18:00:00,1006.0
20260913,180000,70W,19,2026,9,13,18,13.6,153.8,100300.0,2026-09-13 18:00:00,2026-09-13 18:00:00,1003.0
20260913,180000,70W,19,2026,9,13,18,15.3,152.4,100600.0,2026-09-13 18:00:00,2026-09-13 18:00:00,1006.0
20260913,180000,70W,19,2026,9,13,18,14.700000000000001,149.0,100000.0,2026-09-13 18:00:00,2026-09-13 18:00:00,1000.0
20260913,180000,70W,19,2026,9,13,18,15.3,149.3,100100.0,2026-09-13 18:00:00,2026-09-13 18:00:00,1001.0
20260913,180000,70W,19,2026,9,13,18,15.6,149.0,99700.0,2026-09-13 18:00:00,2026-09-13 18:00:00,997.0
20260913,180000,70W,19,2026,9,13,18,15.8,148.70000000000002,99800.0,2026-09-13 18:00:00,2026-09-13 18:00:00,998.0
20260913,180000,70W,19,2026,9,13,18,16.5,148.70000000000002,99400.0,2026-09-13 18:00:00,2026-09-13 18:00:00,994.0
20260913,180000,70W,19,2026,9,13,18,17.6,148.70000000000002,99500.0,2026-09-13 18:00:00,2026-09-13 18:00:00,995.0
20260913,180000,70W,19,2026,9,13,18,18.7,148.70000000000002,99000.0,2026-09-13 18:00:00,2026-09-13 18:00:00,990.0
20260913,180000,70W,19,2026,9,13,18,19.5,148.20000000000002,99000.0,2026-09-13 18:00:00,2026-09-13 18:00:00,990.0
20260913,180000,70W,19,2026,9,13,18,20.400000000000002,147.9,98600.0,2026-09-13 18:00:00,2026-09-13 18:00:00,986.0
20260913,180000,70W,19,2026,9,13,18,21.5,147.0,98400.0,2026-09-13 18:00:00,2026-09-13 18:00:00,984.0
20260913,180000,70W,19,2026,9,13,18,22.1,145.9,98300.0,2026-09-13 18:00:00,2026-09-13 18:00:00,983.0
20260913,180000,70W,19,2026,9,13,18,22.3,144.8,98100.0,2026-09-13 18:00:00,2026-09-13 18:00:00,981.0
20260913,180000,70W,19,2026,9,13,18,22.900000000000002,143.70000000000002,97800.0,2026-09-13 18:00:00,2026-09-13 18:00:00,978.0
20260913,180000,70W,19,2026,9,13,18,22.900000000000002,142.8,97800.0,2026-09-13 18:00:00,2026-09-13 18:00:00,978.0
20260913,180000,70W,19,2026,9,13,18,23.2,142.0,97200.0,2026-09-13 18:00:00,2026-09-13 18:00:00,972.0
20260913,180000,70W,19,2026,9,13,18,23.5,141.1,97000.0,2026-09-13 18:00:00,2026-09-13 18:00:00,970.0
20260913,180000,70W,19,2026,9,13,18,24.3,140.0,96700.0,2026-09-13 18:00:00,2026-09-13 18:00:00,967.0
20260913,180000,70W,19,2026,9,13,18,24.900000000000002,139.5,96200.0,2026-09-13 18:00:00,2026-09-13 18:00:00,962.0
20260913,180000,70W,19,2026,9,13,18,25.7,138.9,96200.0,2026-09-13 18:00:00,2026-09-13 18:00:00,962.0
20260913,180000,70W,19,2026,9,13,18,26.900000000000002,138.3,96200.0,2026-09-13 18:00:00,2026-09-13 18:00:00,962.0
20260913,180000,70W,19,2026,9,13,18,27.7,138.0,96100.0,2026-09-13 18:00:00,2026-09-13 18:00:00,961.0
20260913,180000,70W,19,2026,9,13,18,28.3,137.8,96500.0,2026-09-13 18:00:00,2026-09-13 18:00:00,965.0
20260913,180000,70W,19,2026,9,13,18,29.7,138.3,96500.0,2026-09-13 18:00:00,2026-09-13 18:00:00,965.0
20260913,180000,70W,19,2026,9,13,18,30.8,138.9,96500.0,2026-09-13 18:00:00,2026-09-13 18:00:00,965.0
20260913,180000,70W,19,2026,9,13,18,32.8,140.0,96700.0,2026-09-13 18:00:00,2026-09-13 18:00:00,967.0
20260913,180000,70W,19,2026,9,13,18,33.6,141.70000000000002,96600.0,2026-09-13 18:00:00,2026-09-13 18:00:00,966.0
20260913,180000,70W,19,2026,9,13,18,35.6,143.70000000000002,96700.0,2026-09-13 18:00:00,2026-09-13 18:00:00,967.0
20260913,180000,70W,19,2026,9,13,18,37.300000000000004,146.20000000000002,96700.0,2026-09-13 18:00:00,2026-09-13 18:00:00,967.0
20260913,180000,70W,19,2026,9,13,18,38.7,149.0,96600.0,2026-09-13 18:00:00,2026-09-13 18:00:00,966.0
20260913,180000,70W,19,2026,9,13,18,39.800000000000004,152.4,96700.0,2026-09-13 18:00:00,2026-09-13 18:00:00,967.0
20260913,180000,70W,19,2026,9,13,18,41.1,155.3,96100.0,2026-09-13 18:00:00,2026-09-13 18:00:00,961.0
20260913,180000,70W,19,2026,9,13,18,42.6,158.3,95900.0,2026-09-13 18:00:00,2026-09-13 18:00:00,959.0
20260913,180000,70W,19,2026,9,13,18,43.800000000000004,161.70000000000002,95800.0,2026-09-13 18:00:00,2026-09-13 18:00:00,958.0
20260913,180000,70W,19,2026,9,13,18,44.0,165.0,95800.0,2026-09-13 18:00:00,2026-09-13 18:00:00,958.0
20260913,180000,70W,19,2026,9,13,18,44.300000000000004,168.70000000000002,96000.0,2026-09-13 18:00:00,2026-09-13 18:00:00,960.0
20260913,180000,70W,19,2026,9,13,18,45.2,173.20000000000002,96000.0,2026-09-13 18:00:00,2026-09-13 18:00:00,960.0
20260913,180000,70W,19,2026,9,13,18,46.6,177.4,96100.0,2026-09-13 18:00:00,2026-09-13 18:00:00,961.0
20260913,180000,70W,20,2026,9,13,18,11.9,102.3,100800.0,2026-09-13 18:00:00,2026-09-13 18:00:00,1008.0
20260913,180000,70W,20,2026,9,13,18,13.9,103.5,100800.0,2026-09-13 18:00:00,2026-09-13 18:00:00,1008.0
20260913,180000,70W,20,2026,9,13,18,15.6,104.3,101000.0,2026-09-13 18:00:00,2026-09-13 18:00:00,1010.0
20260913,180000,70W,20,2026,9,13,18,17.1,104.5,101000.0,2026-09-13 18:00:00,2026-09-13 18:00:00,1010.0
20260913,180000,70W,20,2026,9,13,18,19.0,105.7,101100.0,2026-09-13 18:00:00,2026-09-13 18:00:00,1011.0
20260913,180000,70W,21,2026,9,13,18,18.0,102.9,100800.0,2026-09-13 18:00:00,2026-09-13 18:00:00,1008.0
20260913,180000,70W,22,2026,9,13,18,16.1,102.60000000000001,100900.0,2026-09-13 18:00:00,2026-09-13 18:00:00,1009.0
20260913,180000,70W,22,2026,9,13,18,16.4,102.9,100900.0,2026-09-13 18:00:00,2026-09-13 18:00:00,1009.0
20260913,180000,70W,22,2026,9,13,18,16.1,102.9,100900.0,2026-09-13 18:00:00,2026-09-13 18:00:00,1009.0
20260913,180000,70W,22,2026,9,13,18,16.1,102.9,101000.0,2026-09-13 18:00:00,2026-09-13 18:00:00,1010.0
20260913,180000,70W,22,2026,9,13,18,15.3,101.2,101100.0,2026-09-13 18:00:00,2026-09-13 18:00:00,1011.0
20260913,180000,70W,22,2026,9,13,18,17.1,104.2,101000.0,2026-09-13 18:00:00,2026-09-13 18:00:00,1010.0
20260913,180000,70W,22,2026,9,13,18,17.6,106.8,101100.0,2026-09-13 18:00:00,2026-09-13 18:00:00,1011.0
20260913,180000,70W,23,2026,9,13,18,18.7,105.7,100800.0,2026-09-13 18:00:00,2026-09-13 18:00:00,1008.0
20260913,180000,70W,23,2026,9,13,18,18.7,105.7,100800.0,2026-09-13 18:00:00,2026-09-13 18:00:00,1008.0
20260913,180000,70W,23,2026,9,13,18,18.7,105.7,100900.0,2026-09-13 18:00:00,2026-09-13 18:00:00,1009.0
20260913,180000,70W,23,2026,9,13,18,18.900000000000002,105.9,101100.0,2026-09-13 18:00:00,2026-09-13 18:00:00,1011.0
20260913,180000,70W,24,2026,9,13,18,18.400000000000002,106.0,100700.0,2026-09-13 18:00:00,2026-09-13 18:00:00,1007.0
20260913,180000,70W,24,2026,9,13,18,19.0,105.7,101000.0,2026-09-13 18:00:00,2026-09-13 18:00:00,1010.0
20260913,180000,70W,25,2026,9,13,18,13.0,153.5,100600.0,2026-09-13 18:00:00,2026-09-13 18:00:00,1006.0
20260913,180000,70W,25,2026,9,13,18,15.0,153.20000000000002,100200.0,2026-09-13 18:00:00,2026-09-13 18:00:00,1002.0
20260913,180000,70W,25,2026,9,13,18,15.3,151.3,100300.0,2026-09-13 18:00:00,2026-09-13 18:00:00,1003.0
20260913,180000,70W,25,2026,9,13,18,14.5,150.70000000000002,99900.0,2026-09-13 18:00:00,2026-09-13 18:00:00,999.0
20260913,180000,70W,25,2026,9,13,18,14.700000000000001,150.70000000000002,99900.0,2026-09-13 18:00:00,2026-09-13 18:00:00,999.0
20260913,180000,70W,25,2026,9,13,18,15.9,151.0,99500.0,2026-09-13 18:00:00,2026-09-13 18:00:00,995.0
20260913,180000,70W,25,2026,9,13,18,16.4,150.1,99300.0,2026-09-13 18:00:00,2026-09-13 18:00:00,993.0
20260913,180000,70W,25,2026,9,13,18,16.7,149.9,98900.0,2026-09-13 18:00:00,2026-09-13 18:00:00,989.0
20260913,180000,70W,25,2026,9,13,18,17.8,149.3,99000.0,2026-09-13 18:00:00,2026-09-13 18:00:00,990.0
20260913,180000,70W,25,2026,9,13,18,18.6,148.5,98600.0,2026-09-13 18:00:00,2026-09-13 18:00:00,986.0
20260913,180000,70W,25,2026,9,13,18,19.5,147.6,98400.0,2026-09-13 18:00:00,2026-09-13 18:00:00,984.0
20260913,180000,70W,25,2026,9,13,18,20.400000000000002,147.3,98100.0,2026-09-13 18:00:00,2026-09-13 18:00:00,981.0
20260913,180000,70W,25,2026,9,13,18,20.900000000000002,146.20000000000002,97700.0,2026-09-13 18:00:00,2026-09-13 18:00:00,977.0
20260913,180000,70W,25,2026,9,13,18,21.8,145.1,97500.0,2026-09-13 18:00:00,2026-09-13 18:00:00,975.0
20260913,180000,70W,25,2026,9,13,18,22.1,144.0,97200.0,2026-09-13 18:00:00,2026-09-13 18:00:00,972.0
20260913,180000,70W,25,2026,9,13,18,22.6,142.8,97100.0,2026-09-13 18:00:00,2026-09-13 18:00:00,971.0
20260913,180000,70W,25,2026,9,13,18,22.6,141.70000000000002,96700.0,2026-09-13 18:00:00,2026-09-13 18:00:00,967.0
20260913,180000,70W,25,2026,9,13,18,22.900000000000002,140.3,96600.0,2026-09-13 18:00:00,2026-09-13 18:00:00,966.0
20260913,180000,70W,25,2026,9,13,18,23.2,139.20000000000002,96400.0,2026-09-13 18:00:00,2026-09-13 18:00:00,964.0
20260913,180000,70W,25,2026,9,13,18,23.2,137.8,96300.0,2026-09-13 18:00:00,2026-09-13 18:00:00,963.0
20260913,180000,70W,25,2026,9,13,18,23.2,136.6,96400.0,2026-09-13 18:00:00,2026-09-13 18:00:00,964.0
20260913,180000,70W,25,2026,9,13,18,23.5,135.5,96200.0,2026-09-13 18:00:00,2026-09-13 18:00:00,962.0
20260913,180000,70W,25,2026,9,13,18,23.5,134.4,96300.0,2026-09-13 18:00:00,2026-09-13 18:00:00,963.0
20260913,180000,70W,25,2026,9,13,18,23.2,133.8,95900.0,2026-09-13 18:00:00,2026-09-13 18:00:00,959.0
20260913,180000,70W,25,2026,9,13,18,23.2,133.3,96200.0,2026-09-13 18:00:00,2026-09-13 18:00:00,962.0
20260913,180000,70W,25,2026,9,13,18,23.5,132.7,95800.0,2026-09-13 18:00:00,2026-09-13 18:00:00,958.0
20260913,180000,70W,25,2026,9,13,18,23.8,132.1,96000.0,2026-09-13 18:00:00,2026-09-13 18:00:00,960.0
20260913,180000,70W,25,2026,9,13,18,24.3,131.3,96000.0,2026-09-13 18:00:00,2026-09-13 18:00:00,960.0
20260913,180000,70W,25,2026,9,13,18,24.900000000000002,130.5,95800.0,2026-09-13 18:00:00,2026-09-13 18:00:00,958.0
20260913,180000,70W,25,2026,9,13,18,25.7,129.9,95900.0,2026-09-13 18:00:00,2026-09-13 18:00:00,959.0
20260913,180000,70W,25,2026,9,13,18,26.3,128.8,96400.0,2026-09-13 18:00:00,2026-09-13 18:00:00,964.0
20260913,180000,70W,25,2026,9,13,18,26.6,128.5,96300.0,2026-09-13 18:00:00,2026-09-13 18:00:00,963.0
20260913,180000,70W,25,2026,9,13,18,27.400000000000002,128.5,96600.0,2026-09-13 18:00:00,2026-09-13 18:00:00,966.0
20260913,180000,70W,25,2026,9,13,18,28.3,128.5,96600.0,2026-09-13 18:00:00,2026-09-13 18:00:00,966.0
20260913,180000,70W,25,2026,9,13,18,29.1,129.0,96900.0,2026-09-13 18:00:00,2026-09-13 18:00:00,969.0
20260913,180000,70W,25,2026,9,13,18,30.2,129.9,97200.0,2026-09-13 18:00:00,2026-09-13 18:00:00,972.0
20260913,180000,70W,25,2026,9,13,18,31.900000000000002,131.3,97200.0,2026-09-13 18:00:00,2026-09-13 18:00:00,972.0
20260913,180000,70W,25,2026,9,13,18,32.8,133.0,97600.0,2026-09-13 18:00:00,2026-09-13 18:00:00,976.0
20260913,180000,70W,25,2026,9,13,18,33.9,135.0,98400.0,2026-09-13 18:00:00,2026-09-13 18:00:00,984.0
20260913,180000,70W,25,2026,9,13,18,34.2,137.8,98900.0,2026-09-13 18:00:00,2026-09-13 18:00:00,989.0
20260913,180000,70W,25,2026,9,13,18,35.6,142.8,99800.0,2026-09-13 18:00:00,2026-09-13 18:00:00,998.0
20260913,180000,70W,25,2026,9,13,18,35.9,147.0,99900.0,2026-09-13 18:00:00,2026-09-13 18:00:00,999.0
20260913,180000,70W,26,2026,9,13,18,13.0,153.5,100500.0,2026-09-13 18:00:00,2026-09-13 18:00:00,1005.0
20260913,180000,70W,26,2026,9,13,18,12.8,152.4,100300.0,2026-09-13 18:00:00,2026-09-13 18:00:00,1003.0
20260913,180000,70W,26,2026,9,13,18,13.3,151.5,100500.0,2026-09-13 18:00:00,2026-09-13 18:00:00,1005.0
20260913,180000,70W,26,2026,9,13,18,14.200000000000001,151.3,100200.0,2026-09-13 18:00:00,2026-09-13 18:00:00,1002.0
20260913,180000,70W,26,2026,9,13,18,14.700000000000001,150.4,100300.0,2026-09-13 18:00:00,2026-09-13 18:00:00,1003.0
20260913,180000,70W,26,2026,9,13,18,14.5,149.6,100000.0,2026-09-13 18:00:00,2026-09-13 18:00:00,1000.0
20260913,180000,70W,26,2026,9,13,18,15.0,149.0,100200.0,2026-09-13 18:00:00,2026-09-13 18:00:00,1002.0
20260913,180000,70W,26,2026,9,13,18,15.0,149.6,99800.0,2026-09-13 18:00:00,2026-09-13 18:00:00,998.0
20260913,180000,70W,26,2026,9,13,18,16.4,149.9,99800.0,2026-09-13 18:00:00,2026-09-13 18:00:00,998.0
20260913,180000,70W,26,2026,9,13,18,17.6,149.3,99500.0,2026-09-13 18:00:00,2026-09-13 18:00:00,995.0
20260913,180000,70W,26,2026,9,13,18,18.1,149.6,99500.0,2026-09-13 18:00:00,2026-09-13 18:00:00,995.0
20260913,180000,70W,26,2026,9,13,18,19.2,149.9,99100.0,2026-09-13 18:00:00,2026-09-13 18:00:00,991.0
20260913,180000,70W,26,2026,9,13,18,20.900000000000002,149.9,99200.0,2026-09-13 18:00:00,2026-09-13 18:00:00,992.0
20260913,180000,70W,26,2026,9,13,18,22.6,149.0,98800.0,2026-09-13 18:00:00,2026-09-13 18:00:00,988.0
20260913,180000,70W,26,2026,9,13,18,23.5,148.20000000000002,98900.0,2026-09-13 18:00:00,2026-09-13 18:00:00,989.0
20260913,180000,70W,26,2026,9,13,18,24.6,147.0,98200.0,2026-09-13 18:00:00,2026-09-13 18:00:00,982.0
20260913,180000,70W,26,2026,9,13,18,25.2,145.9,98500.0,2026-09-13 18:00:00,2026-09-13 18:00:00,985.0
20260913,180000,70W,26,2026,9,13,18,25.7,144.20000000000002,98200.0,2026-09-13 18:00:00,2026-09-13 18:00:00,982.0
20260913,180000,70W,26,2026,9,13,18,25.7,143.1,98000.0,2026-09-13 18:00:00,2026-09-13 18:00:00,980.0
20260913,180000,70W,26,2026,9,13,18,26.900000000000002,142.0,97700.0,2026-09-13 18:00:00,2026-09-13 18:00:00,977.0
20260913,180000,70W,26,2026,9,13,18,27.1,140.9,97600.0,2026-09-13 18:00:00,2026-09-13 18:00:00,976.0
20260913,180000,70W,26,2026,9,13,18,27.7,140.0,97300.0,2026-09-13 18:00:00,2026-09-13 18:00:00,973.0
20260913,180000,70W,26,2026,9,13,18,28.3,139.70000000000002,97500.0,2026-09-13 18:00:00,2026-09-13 18:00:00,975.0
20260913,180000,70W,26,2026,9,13,18,28.8,138.9,97400.0,2026-09-13 18:00:00,2026-09-13 18:00:00,974.0
20260913,180000,70W,26,2026,9,13,18,29.7,138.9,97400.0,2026-09-13 18:00:00,2026-09-13 18:00:00,974.0
20260913,180000,70W,26,2026,9,13,18,30.6,139.0,97600.0,2026-09-13 18:00:00,2026-09-13 18:00:00,976.0
20260913,180000,70W,26,2026,9,13,18,31.900000000000002,138.9,97800.0,2026-09-13 18:00:00,2026-09-13 18:00:00,978.0
20260913,180000,70W,26,2026,9,13,18,33.0,139.20000000000002,97800.0,2026-09-13 18:00:00,2026-09-13 18:00:00,978.0
20260913,180000,70W,26,2026,9,13,18,34.2,140.0,97900.0,2026-09-13 18:00:00,2026-09-13 18:00:00,979.0
20260913,180000,70W,26,2026,9,13,18,35.9,141.4,97900.0,2026-09-13 18:00:00,2026-09-13 18:00:00,979.0
20260913,180000,70W,26,2026,9,13,18,37.300000000000004,143.70000000000002,98200.0,2026-09-13 18:00:00,2026-09-13 18:00:00,982.0
20260913,180000,70W,26,2026,9,13,18,39.0,146.5,98100.0,2026-09-13 18:00:00,2026-09-13 18:00:00,981.0
20260913,180000,70W,26,2026,9,13,18,40.7,149.6,98300.0,2026-09-13 18:00:00,2026-09-13 18:00:00,983.0
20260913,180000,70W,26,2026,9,13,18,42.1,154.1,98500.0,2026-09-13 18:00:00,2026-09-13 18:00:00,985.0
20260913,180000,70W,26,2026,9,13,18,42.6,156.3,98500.0,2026-09-13 18:00:00,2026-09-13 18:00:00,985.0
20260913,180000,70W,27,2026,9,13,18,19.0,106.3,100800.0,2026-09-13 18:00:00,2026-09-13 18:00:00,1008.0
20260913,180000,70W,27,2026,9,13,18,19.0,105.4,100900.0,2026-09-13 18:00:00,2026-09-13 18:00:00,1009.0
20260913,180000,70W,28,2026,9,13,18,18.400000000000002,105.4,100900.0,2026-09-13 18:00:00,2026-09-13 18:00:00,1009.0
20260913,180000,70W,29,2026,9,13,18,14.200000000000001,153.20000000000002,100200.0,2026-09-13 18:00:00,2026-09-13 18:00:00,1002.0
20260913,180000,70W,29,2026,9,13,18,14.5,152.1,99900.0,2026-09-13 18:00:00,2026-09-13 18:00:00,999.0
20260913,180000,70W,29,2026,9,13,18,14.200000000000001,151.0,100100.0,2026-09-13 18:00:00,2026-09-13 18:00:00,1001.0
20260913,180000,70W,29,2026,9,13,18,13.5,150.4,99800.0,2026-09-13 18:00:00,2026-09-13 18:00:00,998.0
20260913,180000,70W,29,2026,9,13,18,13.9,149.5,99900.0,2026-09-13 18:00:00,2026-09-13 18:00:00,999.0
20260913,180000,70W,29,2026,9,13,18,13.9,150.1,99300.0,2026-09-13 18:00:00,2026-09-13 18:00:00,993.0
20260913,180000,70W,29,2026,9,13,18,14.700000000000001,149.9,99300.0,2026-09-13 18:00:00,2026-09-13 18:00:00,993.0
20260913,180000,70W,29,2026,9,13,18,16.1,150.1,99100.0,2026-09-13 18:00:00,2026-09-13 18:00:00,991.0
20260913,180000,70W,29,2026,9,13,18,17.6,149.0,98900.0,2026-09-13 18:00:00,2026-09-13 18:00:00,989.0
20260913,180000,70W,29,2026,9,13,18,18.7,148.70000000000002,98500.0,2026-09-13 18:00:00,2026-09-13 18:00:00,985.0
20260913,180000,70W,29,2026,9,13,18,19.5,148.20000000000002,98700.0,2026-09-13 18:00:00,2026-09-13 18:00:00,987.0
20260913,180000,70W,29,2026,9,13,18,20.400000000000002,147.6,98400.0,2026-09-13 18:00:00,2026-09-13 18:00:00,984.0
20260913,180000,70W,29,2026,9,13,18,21.5,147.0,98500.0,2026-09-13 18:00:00,2026-09-13 18:00:00,985.0
20260913,180000,70W,29,2026,9,13,18,22.3,146.20000000000002,97800.0,2026-09-13 18:00:00,2026-09-13 18:00:00,978.0
20260913,180000,70W,29,2026,9,13,18,23.2,145.4,97300.0,2026-09-13 18:00:00,2026-09-13 18:00:00,973.0
20260913,180000,70W,29,2026,9,13,18,23.5,144.8,96800.0,2026-09-13 18:00:00,2026-09-13 18:00:00,968.0
20260913,180000,70W,29,2026,9,13,18,24.0,144.0,97200.0,2026-09-13 18:00:00,2026-09-13 18:00:00,972.0
20260913,180000,70W,29,2026,9,13,18,24.900000000000002,142.5,97000.0,2026-09-13 18:00:00,2026-09-13 18:00:00,970.0
20260913,180000,70W,29,2026,9,13,18,24.900000000000002,142.0,97200.0,2026-09-13 18:00:00,2026-09-13 18:00:00,972.0
20260913,180000,70W,29,2026,9,13,18,25.400000000000002,140.9,96700.0,2026-09-13 18:00:00,2026-09-13 18:00:00,967.0
20260913,180000,70W,29,2026,9,13,18,26.0,139.70000000000002,97000.0,2026-09-13 18:00:00,2026-09-13 18:00:00,970.0
20260913,180000,70W,29,2026,9,13,18,26.6,138.9,96400.0,2026-09-13 18:00:00,2026-09-13 18:00:00,964.0
20260913,180000,70W,29,2026,9,13,18,27.1,138.0,96700.0,2026-09-13 18:00:00,2026-09-13 18:00:00,967.0
20260913,180000,70W,29,2026,9,13,18,27.400000000000002,137.5,96500.0,2026-09-13 18:00:00,2026-09-13 18:00:00,965.0
20260913,180000,70W,29,2026,9,13,18,28.5,136.9,97100.0,2026-09-13 18:00:00,2026-09-13 18:00:00,971.0
20260913,180000,70W,29,2026,9,13,18,28.8,136.4,97100.0,2026-09-13 18:00:00,2026-09-13 18:00:00,971.0
20260913,180000,70W,29,2026,9,13,18,29.400000000000002,136.1,97500.0,2026-09-13 18:00:00,2026-09-13 18:00:00,975.0
20260913,180000,70W,29,2026,9,13,18,30.0,136.1,97200.0,2026-09-13 18:00:00,2026-09-13 18:00:00,972.0
20260913,180000,70W,29,2026,9,13,18,30.5,136.1,97300.0,2026-09-13 18:00:00,2026-09-13 18:00:00,973.0
20260913,180000,70W,29,2026,9,13,18,31.6,136.9,97000.0,2026-09-13 18:00:00,2026-09-13 18:00:00,970.0
20260913,180000,70W,29,2026,9,13,18,32.8,137.5,97300.0,2026-09-13 18:00:00,2026-09-13 18:00:00,973.0
20260913,180000,70W,29,2026,9,13,18,34.5,139.5,97700.0,2026-09-13 18:00:00,2026-09-13 18:00:00,977.0
20260913,180000,70W,29,2026,9,13,18,36.300000000000004,141.8,97600.0,2026-09-13 18:00:00,2026-09-13 18:00:00,976.0
20260913,180000,70W,29,2026,9,13,18,38.800000000000004,145.5,97400.0,2026-09-13 18:00:00,2026-09-13 18:00:00,974.0
20260913,180000,70W,29,2026,9,13,18,41.2,149.0,97100.0,2026-09-13 18:00:00,2026-09-13 18:00:00,971.0
20260913,180000,70W,29,2026,9,13,18,43.5,153.0,97000.0,2026-09-13 18:00:00,2026-09-13 18:00:00,970.0
20260913,180000,70W,29,2026,9,13,18,45.2,156.0,96200.0,2026-09-13 18:00:00,2026-09-13 18:00:00,962.0
20260913,180000,70W,29,2026,9,13,18,47.1,158.0,95500.0,2026-09-13 18:00:00,2026-09-13 18:00:00,955.0
20260913,180000,70W,29,2026,9,13,18,47.7,160.0,95400.0,2026-09-13 18:00:00,2026-09-13 18:00:00,954.0
20260913,180000,70W,29,2026,9,13,18,47.300000000000004,162.20000000000002,96300.0,2026-09-13 18:00:00,2026-09-13 18:00:00,963.0
20260913,180000,70W,29,2026,9,13,18,47.1,164.8,97100.0,2026-09-13 18:00:00,2026-09-13 18:00:00,971.0
20260913,180000,70W,29,2026,9,13,18,47.1,167.3,97400.0,2026-09-13 18:00:00,2026-09-13 18:00:00,974.0
20260913,180000,70W,29,2026,9,13,18,47.1,168.4,97800.0,2026-09-13 18:00:00,2026-09-13 18:00:00,978.0
20260913,180000,70W,29,2026,9,13,18,46.9,170.1,98200.0,2026-09-13 18:00:00,2026-09-13 18:00:00,982.0
20260913,180000,70W,29,2026,9,13,18,46.6,171.0,98600.0,2026-09-13 18:00:00,2026-09-13 18:00:00,986.0
20260913,180000,70W,30,2026,9,13,18,17.900000000000002,102.7,100900.0,2026-09-13 18:00:00,2026-09-13 18:00:00,1009.0
20260913,180000,70W,31,2026,9,13,18,19.0,105.7,100900.0,2026-09-13 18:00:00,2026-09-13 18:00:00,1009.0
20260913,180000,70W,31,2026,9,13,18,18.400000000000002,106.0,101000.0,2026-09-13 18:00:00,2026-09-13 18:00:00,1010.0
20260913,180000,70W,32,2026,9,13,18,19.5,106.8,100800.0,2026-09-13 18:00:00,2026-09-13 18:00:00,1008.0
20260913,180000,70W,32,2026,9,13,18,19.0,106.5,101100.0,2026-09-13 18:00:00,2026-09-13 18:00:00,1011.0
20260913,180000,70W,32,2026,9,13,18,18.7,106.0,101000.0,2026-09-13 18:00:00,2026-09-13 18:00:00,1010.0
20260913,180000,70W,33,2026,9,13,18,18.1,105.7,100700.0,2026-09-13 18:00:00,2026-09-13 18:00:00,1007.0
20260913,180000,70W,33,2026,9,13,18,19.0,105.7,100800.0,2026-09-13 18:00:00,2026-09-13 18:00:00,1008.0
20260913,180000,70W,33,2026,9,13,18,17.8,106.5,101100.0,2026-09-13 18:00:00,2026-09-13 18:00:00,1011.0
20260913,180000,70W,34,2026,9,13,18,18.1,105.7,100600.0,2026-09-13 18:00:00,2026-09-13 18:00:00,1006.0
20260913,180000,70W,34,2026,9,13,18,18.400000000000002,105.4,100900.0,2026-09-13 18:00:00,2026-09-13 18:00:00,1009.0
20260913,180000,70W,34,2026,9,13,18,17.6,102.9,101100.0,2026-09-13 18:00:00,2026-09-13 18:00:00,1011.0
20260913,180000,70W,34,2026,9,13,18,17.6,103.5,101000.0,2026-09-13 18:00:00,2026-09-13 18:00:00,1010.0
20260913,180000,70W,34,2026,9,13,18,17.6,103.5,100900.0,2026-09-13 18:00:00,2026-09-13 18:00:00,1009.0
20260913,180000,70W,34,2026,9,13,18,17.8,102.9,101000.0,2026-09-13 18:00:00,2026-09-13 18:00:00,1010.0
20260913,180000,70W,34,2026,9,13,18,17.7,102.7,101000.0,2026-09-13 18:00:00,2026-09-13 18:00:00,1010.0
20260913,180000,70W,34,2026,9,13,18,17.3,103.7,100900.0,2026-09-13 18:00:00,2026-09-13 18:00:00,1009.0
20260913,180000,70W,34,2026,9,13,18,18.1,102.60000000000001,100800.0,2026-09-13 18:00:00,2026-09-13 18:00:00,1008.0
20260913,180000,70W,34,2026,9,13,18,18.1,102.60000000000001,101000.0,2026-09-13 18:00:00,2026-09-13 18:00:00,1010.0
20260913,180000,70W,35,2026,9,13,18,18.400000000000002,106.0,100800.0,2026-09-13 18:00:00,2026-09-13 18:00:00,1008.0
20260913,180000,70W,35,2026,9,13,18,18.7,106.0,100900.0,2026-09-13 18:00:00,2026-09-13 18:00:00,1009.0
20260913,180000,70W,35,2026,9,13,18,19.0,106.0,100900.0,2026-09-13 18:00:00,2026-09-13 18:00:00,1009.0
20260913,180000,70W,35,2026,9,13,18,17.8,106.8,101200.0,2026-09-13 18:00:00,2026-09-13 18:00:00,1012.0
20260913,180000,70W,36,2026,9,13,18,18.400000000000002,105.7,100800.0,2026-09-13 18:00:00,2026-09-13 18:00:00,1008.0
20260913,180000,70W,36,2026,9,13,18,18.400000000000002,105.4,100800.0,2026-09-13 18:00:00,2026-09-13 18:00:00,1008.0
20260913,180000,70W,36,2026,9,13,18,18.400000000000002,103.7,101000.0,2026-09-13 18:00:00,2026-09-13 18:00:00,1010.0
20260913,180000,70W,36,2026,9,13,18,18.400000000000002,105.4,101100.0,2026-09-13 18:00:00,2026-09-13 18:00:00,1011.0
20260913,180000,70W,37,2026,9,13,18,16.7,102.3,101000.0,2026-09-13 18:00:00,2026-09-13 18:00:00,1010.0
20260913,180000,70W,37,2026,9,13,18,14.5,99.8,101000.0,2026-09-13 18:00:00,2026-09-13 18:00:00,1010.0
20260913,180000,70W,38,2026,9,13,18,18.1,106.5,101000.0,2026-09-13 18:00:00,2026-09-13 18:00:00,1010.0
20260913,180000,70W,39,2026,9,13,18,18.7,105.8,100900.0,2026-09-13 18:00:00,2026-09-13 18:00:00,1009.0
20260913,180000,70W,39,2026,9,13,18,19.2,106.8,101200.0,2026-09-13 18:00:00,2026-09-13 18:00:00,1012.0
20260913,180000,70W,40,2026,9,13,18,19.2,105.7,100900.0,2026-09-13 18:00:00,2026-09-13 18:00:00,1009.0
20260913,180000,70W,41,2026,9,13,18,18.7,106.0,100900.0,2026-09-13 18:00:00,2026-09-13 18:00:00,1009.0
20260913,180000,70W,42,2026,9,13,18,17.8,107.10000000000001,100900.0,2026-09-13 18:00:00,2026-09-13 18:00:00,1009.0
20260913,180000,70W,42,2026,9,13,18,18.7,105.7,100800.0,2026-09-13 18:00:00,2026-09-13 18:00:00,1008.0
20260913,180000,70W,42,2026,9,13,18,18.7,105.7,100800.0,2026-09-13 18:00:00,2026-09-13 18:00:00,1008.0
20260913,180000,70W,42,2026,9,13,18,18.7,105.7,101100.0,2026-09-13 18:00:00,2026-09-13 18:00:00,1011.0
20260913,180000,70W,42,2026,9,13,18,19.0,105.4,101100.0,2026-09-13 18:00:00,2026-09-13 18:00:00,1011.0
20260913,180000,70W,42,2026,9,13,18,19.2,106.3,101100.0,2026-09-13 18:00:00,2026-09-13 18:00:00,1011.0
20260913,180000,70W,43,2026,9,13,18,12.5,153.0,100400.0,2026-09-13 18:00:00,2026-09-13 18:00:00,1004.0
20260913,180000,70W,43,2026,9,13,18,13.9,153.20000000000002,100200.0,2026-09-13 18:00:00,2026-09-13 18:00:00,1002.0
20260913,180000,70W,43,2026,9,13,18,14.200000000000001,152.4,100200.0,2026-09-13 18:00:00,2026-09-13 18:00:00,1002.0
20260913,180000,70W,43,2026,9,13,18,14.200000000000001,151.8,99900.0,2026-09-13 18:00:00,2026-09-13 18:00:00,999.0
20260913,180000,70W,43,2026,9,13,18,14.3,150.6,99700.0,2026-09-13 18:00:00,2026-09-13 18:00:00,997.0
20260913,180000,70W,43,2026,9,13,18,15.3,150.4,99000.0,2026-09-13 18:00:00,2026-09-13 18:00:00,990.0
20260913,180000,70W,43,2026,9,13,18,15.9,150.4,98700.0,2026-09-13 18:00:00,2026-09-13 18:00:00,987.0
20260913,180000,70W,43,2026,9,13,18,17.0,150.1,98300.0,2026-09-13 18:00:00,2026-09-13 18:00:00,983.0
20260913,180000,70W,43,2026,9,13,18,17.8,149.6,97600.0,2026-09-13 18:00:00,2026-09-13 18:00:00,976.0
20260913,180000,70W,43,2026,9,13,18,18.7,149.3,97300.0,2026-09-13 18:00:00,2026-09-13 18:00:00,973.0
20260913,180000,70W,43,2026,9,13,18,19.2,149.3,97400.0,2026-09-13 18:00:00,2026-09-13 18:00:00,974.0
20260913,180000,70W,43,2026,9,13,18,20.400000000000002,148.5,97200.0,2026-09-13 18:00:00,2026-09-13 18:00:00,972.0
20260913,180000,70W,43,2026,9,13,18,21.8,147.6,97300.0,2026-09-13 18:00:00,2026-09-13 18:00:00,973.0
20260913,180000,70W,43,2026,9,13,18,22.6,146.5,97100.0,2026-09-13 18:00:00,2026-09-13 18:00:00,971.0
20260913,180000,70W,43,2026,9,13,18,22.900000000000002,145.6,96800.0,2026-09-13 18:00:00,2026-09-13 18:00:00,968.0
20260913,180000,70W,43,2026,9,13,18,23.5,144.20000000000002,96600.0,2026-09-13 18:00:00,2026-09-13 18:00:00,966.0
20260913,180000,70W,43,2026,9,13,18,23.5,143.4,96500.0,2026-09-13 18:00:00,2026-09-13 18:00:00,965.0
20260913,180000,70W,43,2026,9,13,18,23.8,142.3,96400.0,2026-09-13 18:00:00,2026-09-13 18:00:00,964.0
20260913,180000,70W,43,2026,9,13,18,24.0,141.70000000000002,95800.0,2026-09-13 18:00:00,2026-09-13 18:00:00,958.0
20260913,180000,70W,43,2026,9,13,18,24.3,140.6,96600.0,2026-09-13 18:00:00,2026-09-13 18:00:00,966.0
20260913,180000,70W,43,2026,9,13,18,25.2,139.70000000000002,96500.0,2026-09-13 18:00:00,2026-09-13 18:00:00,965.0
20260913,180000,70W,43,2026,9,13,18,25.400000000000002,138.6,96600.0,2026-09-13 18:00:00,2026-09-13 18:00:00,966.0
20260913,180000,70W,43,2026,9,13,18,25.7,137.8,96700.0,2026-09-13 18:00:00,2026-09-13 18:00:00,967.0
20260913,180000,70W,43,2026,9,13,18,26.0,136.9,96800.0,2026-09-13 18:00:00,2026-09-13 18:00:00,968.0
20260913,180000,70W,43,2026,9,13,18,26.3,136.4,97500.0,2026-09-13 18:00:00,2026-09-13 18:00:00,975.0
20260913,180000,70W,43,2026,9,13,18,27.1,135.5,97800.0,2026-09-13 18:00:00,2026-09-13 18:00:00,978.0
20260913,180000,70W,43,2026,9,13,18,27.7,134.4,97800.0,2026-09-13 18:00:00,2026-09-13 18:00:00,978.0
20260913,180000,70W,43,2026,9,13,18,28.3,133.5,97700.0,2026-09-13 18:00:00,2026-09-13 18:00:00,977.0
20260913,180000,70W,43,2026,9,13,18,28.8,132.4,97700.0,2026-09-13 18:00:00,2026-09-13 18:00:00,977.0
20260913,180000,70W,43,2026,9,13,18,30.0,132.1,97200.0,2026-09-13 18:00:00,2026-09-13 18:00:00,972.0
20260913,180000,70W,43,2026,9,13,18,30.5,131.6,97100.0,2026-09-13 18:00:00,2026-09-13 18:00:00,971.0
20260913,180000,70W,43,2026,9,13,18,31.400000000000002,131.3,97000.0,2026-09-13 18:00:00,2026-09-13 18:00:00,970.0
20260913,180000,70W,43,2026,9,13,18,32.5,131.9,97600.0,2026-09-13 18:00:00,2026-09-13 18:00:00,976.0
20260913,180000,70W,43,2026,9,13,18,34.2,133.3,98300.0,2026-09-13 18:00:00,2026-09-13 18:00:00,983.0
20260913,180000,70W,43,2026,9,13,18,35.6,134.4,98600.0,2026-09-13 18:00:00,2026-09-13 18:00:00,986.0
20260913,180000,70W,43,2026,9,13,18,37.6,138.9,98700.0,2026-09-13 18:00:00,2026-09-13 18:00:00,987.0
20260913,180000,70W,43,2026,9,13,18,38.4,142.3,98700.0,2026-09-13 18:00:00,2026-09-13 18:00:00,987.0
20260913,180000,70W,43,2026,9,13,18,40.7,147.3,98100.0,2026-09-13 18:00:00,2026-09-13 18:00:00,981.0
20260913,180000,70W,43,2026,9,13,18,41.7,152.0,97600.0,2026-09-13 18:00:00,2026-09-13 18:00:00,976.0
20260913,180000,70W,43,2026,9,13,18,43.5,156.6,97300.0,2026-09-13 18:00:00,2026-09-13 18:00:00,973.0
20260913,180000,70W,44,2026,9,13,18,16.7,101.2,101000.0,2026-09-13 18:00:00,2026-09-13 18:00:00,1010.0
20260913,180000,70W,44,2026,9,13,18,18.0,102.7,101100.0,2026-09-13 18:00:00,2026-09-13 18:00:00,1011.0
20260913,180000,70W,45,2026,9,13,18,12.5,153.20000000000002,100500.0,2026-09-13 18:00:00,2026-09-13 18:00:00,1005.0
20260913,180000,70W,45,2026,9,13,18,12.9,152.70000000000002,100100.0,2026-09-13 18:00:00,2026-09-13 18:00:00,1001.0
20260913,180000,70W,45,2026,9,13,18,13.6,152.4,100200.0,2026-09-13 18:00:00,2026-09-13 18:00:00,1002.0
20260913,180000,70W,45,2026,9,13,18,14.5,151.8,99900.0,2026-09-13 18:00:00,2026-09-13 18:00:00,999.0
20260913,180000,70W,45,2026,9,13,18,14.700000000000001,150.70000000000002,99900.0,2026-09-13 18:00:00,2026-09-13 18:00:00,999.0
20260913,180000,70W,45,2026,9,13,18,15.3,150.70000000000002,99500.0,2026-09-13 18:00:00,2026-09-13 18:00:00,995.0
20260913,180000,70W,45,2026,9,13,18,15.6,150.1,99700.0,2026-09-13 18:00:00,2026-09-13 18:00:00,997.0
20260913,180000,70W,45,2026,9,13,18,16.7,149.6,99300.0,2026-09-13 18:00:00,2026-09-13 18:00:00,993.0
20260913,180000,70W,45,2026,9,13,18,18.1,149.0,99200.0,2026-09-13 18:00:00,2026-09-13 18:00:00,992.0
20260913,180000,70W,45,2026,9,13,18,18.400000000000002,148.5,98800.0,2026-09-13 18:00:00,2026-09-13 18:00:00,988.0
20260913,180000,70W,45,2026,9,13,18,19.2,147.9,98400.0,2026-09-13 18:00:00,2026-09-13 18:00:00,984.0
20260913,180000,70W,45,2026,9,13,18,20.1,147.6,98200.0,2026-09-13 18:00:00,2026-09-13 18:00:00,982.0
20260913,180000,70W,45,2026,9,13,18,20.900000000000002,146.8,98200.0,2026-09-13 18:00:00,2026-09-13 18:00:00,982.0
20260913,180000,70W,45,2026,9,13,18,22.1,145.9,97700.0,2026-09-13 18:00:00,2026-09-13 18:00:00,977.0
20260913,180000,70W,45,2026,9,13,18,22.6,145.1,97600.0,2026-09-13 18:00:00,2026-09-13 18:00:00,976.0
20260913,180000,70W,45,2026,9,13,18,23.2,144.0,97300.0,2026-09-13 18:00:00,2026-09-13 18:00:00,973.0
20260913,180000,70W,45,2026,9,13,18,23.8,143.1,97200.0,2026-09-13 18:00:00,2026-09-13 18:00:00,972.0
20260913,180000,70W,45,2026,9,13,18,24.3,142.0,96800.0,2026-09-13 18:00:00,2026-09-13 18:00:00,968.0
20260913,180000,70W,45,2026,9,13,18,24.900000000000002,140.9,96900.0,2026-09-13 18:00:00,2026-09-13 18:00:00,969.0
20260913,180000,70W,45,2026,9,13,18,25.400000000000002,140.3,96700.0,2026-09-13 18:00:00,2026-09-13 18:00:00,967.0
20260913,180000,70W,45,2026,9,13,18,26.0,138.9,96500.0,2026-09-13 18:00:00,2026-09-13 18:00:00,965.0
20260913,180000,70W,45,2026,9,13,18,26.400000000000002,138.3,96500.0,2026-09-13 18:00:00,2026-09-13 18:00:00,965.0
20260913,180000,70W,45,2026,9,13,18,27.1,137.8,96700.0,2026-09-13 18:00:00,2026-09-13 18:00:00,967.0
20260913,180000,70W,45,2026,9,13,18,27.7,136.9,96800.0,2026-09-13 18:00:00,2026-09-13 18:00:00,968.0
20260913,180000,70W,45,2026,9,13,18,28.3,136.4,96800.0,2026-09-13 18:00:00,2026-09-13 18:00:00,968.0
20260913,180000,70W,45,2026,9,13,18,29.1,135.2,96300.0,2026-09-13 18:00:00,2026-09-13 18:00:00,963.0
20260913,180000,70W,45,2026,9,13,18,30.0,135.0,96400.0,2026-09-13 18:00:00,2026-09-13 18:00:00,964.0
20260913,180000,70W,45,2026,9,13,18,31.1,134.7,96400.0,2026-09-13 18:00:00,2026-09-13 18:00:00,964.0
20260913,180000,70W,45,2026,9,13,18,32.2,134.4,96700.0,2026-09-13 18:00:00,2026-09-13 18:00:00,967.0
20260913,180000,70W,45,2026,9,13,18,33.9,135.0,97100.0,2026-09-13 18:00:00,2026-09-13 18:00:00,971.0
20260913,180000,70W,45,2026,9,13,18,35.9,135.8,98000.0,2026-09-13 18:00:00,2026-09-13 18:00:00,980.0
20260913,180000,70W,45,2026,9,13,18,38.4,137.8,98200.0,2026-09-13 18:00:00,2026-09-13 18:00:00,982.0
20260913,180000,70W,45,2026,9,13,18,42.1,141.4,98200.0,2026-09-13 18:00:00,2026-09-13 18:00:00,982.0
20260913,180000,70W,46,2026,9,13,18,17.6,102.9,100900.0,2026-09-13 18:00:00,2026-09-13 18:00:00,1009.0
20260913,180000,70W,47,2026,9,13,18,11.9,152.70000000000002,100500.0,2026-09-13 18:00:00,2026-09-13 18:00:00,1005.0
20260913,180000,70W,47,2026,9,13,18,11.9,152.4,100200.0,2026-09-13 18:00:00,2026-09-13 18:00:00,1002.0
20260913,180000,70W,47,2026,9,13,18,13.3,152.70000000000002,100400.0,2026-09-13 18:00:00,2026-09-13 18:00:00,1004.0
20260913,180000,70W,47,2026,9,13,18,13.9,152.1,100100.0,2026-09-13 18:00:00,2026-09-13 18:00:00,1001.0
20260913,180000,70W,47,2026,9,13,18,14.5,151.5,100100.0,2026-09-13 18:00:00,2026-09-13 18:00:00,1001.0
20260913,180000,70W,47,2026,9,13,18,15.6,151.3,99800.0,2026-09-13 18:00:00,2026-09-13 18:00:00,998.0
20260913,180000,70W,47,2026,9,13,18,15.6,150.1,99800.0,2026-09-13 18:00:00,2026-09-13 18:00:00,998.0
20260913,180000,70W,47,2026,9,13,18,16.1,150.1,99300.0,2026-09-13 18:00:00,2026-09-13 18:00:00,993.0
20260913,180000,70W,47,2026,9,13,18,17.0,150.4,99200.0,2026-09-13 18:00:00,2026-09-13 18:00:00,992.0
20260913,180000,70W,47,2026,9,13,18,17.8,149.9,98700.0,2026-09-13 18:00:00,2026-09-13 18:00:00,987.0
20260913,180000,70W,47,2026,9,13,18,18.7,149.6,98300.0,2026-09-13 18:00:00,2026-09-13 18:00:00,983.0
20260913,180000,70W,47,2026,9,13,18,19.8,149.3,97900.0,2026-09-13 18:00:00,2026-09-13 18:00:00,979.0
20260913,180000,70W,47,2026,9,13,18,20.7,148.70000000000002,97700.0,2026-09-13 18:00:00,2026-09-13 18:00:00,977.0
20260913,180000,70W,47,2026,9,13,18,21.5,147.6,97200.0,2026-09-13 18:00:00,2026-09-13 18:00:00,972.0
20260913,180000,70W,47,2026,9,13,18,22.1,146.8,96900.0,2026-09-13 18:00:00,2026-09-13 18:00:00,969.0
20260913,180000,70W,47,2026,9,13,18,22.900000000000002,145.6,96600.0,2026-09-13 18:00:00,2026-09-13 18:00:00,966.0
20260913,180000,70W,47,2026,9,13,18,23.2,144.5,96600.0,2026-09-13 18:00:00,2026-09-13 18:00:00,966.0
20260913,180000,70W,47,2026,9,13,18,23.8,143.70000000000002,96400.0,2026-09-13 18:00:00,2026-09-13 18:00:00,964.0
20260913,180000,70W,47,2026,9,13,18,24.3,142.3,96500.0,2026-09-13 18:00:00,2026-09-13 18:00:00,965.0
20260913,180000,70W,47,2026,9,13,18,24.900000000000002,141.4,96400.0,2026-09-13 18:00:00,2026-09-13 18:00:00,964.0
20260913,180000,70W,47,2026,9,13,18,25.400000000000002,140.3,95900.0,2026-09-13 18:00:00,2026-09-13 18:00:00,959.0
20260913,180000,70W,47,2026,9,13,18,26.1,139.4,96100.0,2026-09-13 18:00:00,2026-09-13 18:00:00,961.0
20260913,180000,70W,47,2026,9,13,18,26.900000000000002,138.6,95800.0,2026-09-13 18:00:00,2026-09-13 18:00:00,958.0
20260913,180000,70W,47,2026,9,13,18,27.7,137.8,95800.0,2026-09-13 18:00:00,2026-09-13 18:00:00,958.0
20260913,180000,70W,47,2026,9,13,18,28.5,137.8,96000.0,2026-09-13 18:00:00,2026-09-13 18:00:00,960.0
20260913,180000,70W,47,2026,9,13,18,29.1,137.8,95900.0,2026-09-13 18:00:00,2026-09-13 18:00:00,959.0
20260913,180000,70W,47,2026,9,13,18,30.2,138.0,95600.0,2026-09-13 18:00:00,2026-09-13 18:00:00,956.0
20260913,180000,70W,47,2026,9,13,18,31.400000000000002,139.20000000000002,95800.0,2026-09-13 18:00:00,2026-09-13 18:00:00,958.0
20260913,180000,70W,47,2026,9,13,18,32.8,140.3,96100.0,2026-09-13 18:00:00,2026-09-13 18:00:00,961.0
20260913,180000,70W,47,2026,9,13,18,34.2,141.4,95800.0,2026-09-13 18:00:00,2026-09-13 18:00:00,958.0
20260913,180000,70W,47,2026,9,13,18,35.6,144.0,96100.0,2026-09-13 18:00:00,2026-09-13 18:00:00,961.0
20260913,180000,70W,47,2026,9,13,18,37.0,146.20000000000002,96300.0,2026-09-13 18:00:00,2026-09-13 18:00:00,963.0
20260913,180000,70W,47,2026,9,13,18,38.4,148.20000000000002,96500.0,2026-09-13 18:00:00,2026-09-13 18:00:00,965.0
20260913,180000,70W,47,2026,9,13,18,40.4,149.8,96100.0,2026-09-13 18:00:00,2026-09-13 18:00:00,961.0
20260913,180000,70W,47,2026,9,13,18,42.300000000000004,151.4,96300.0,2026-09-13 18:00:00,2026-09-13 18:00:00,963.0
20260913,180000,70W,47,2026,9,13,18,44.0,153.0,96200.0,2026-09-13 18:00:00,2026-09-13 18:00:00,962.0
20260913,180000,70W,47,2026,9,13,18,45.2,154.6,96500.0,2026-09-13 18:00:00,2026-09-13 18:00:00,965.0
20260913,180000,70W,47,2026,9,13,18,46.300000000000004,156.3,96500.0,2026-09-13 18:00:00,2026-09-13 18:00:00,965.0
20260913,180000,70W,47,2026,9,13,18,46.9,158.3,96900.0,2026-09-13 18:00:00,2026-09-13 18:00:00,969.0
20260913,180000,70W,47,2026,9,13,18,47.7,160.8,97300.0,2026-09-13 18:00:00,2026-09-13 18:00:00,973.0
20260913,180000,70W,47,2026,9,13,18,48.5,163.9,97700.0,2026-09-13 18:00:00,2026-09-13 18:00:00,977.0
20260913,180000,70W,47,2026,9,13,18,49.7,167.9,98100.0,2026-09-13 18:00:00,2026-09-13 18:00:00,981.0
20260913,180000,70W,48,2026,9,13,18,18.7,106.0,100500.0,2026-09-13 18:00:00,2026-09-13 18:00:00,1005.0
20260913,180000,70W,48,2026,9,13,18,19.0,105.10000000000001,100700.0,2026-09-13 18:00:00,2026-09-13 18:00:00,1007.0
20260913,180000,70W,48,2026,9,13,18,19.0,106.3,101200.0,2026-09-13 18:00:00,2026-09-13 18:00:00,1012.0
20260913,180000,70W,48,2026,9,13,18,19.8,106.8,101100.0,2026-09-13 18:00:00,2026-09-13 18:00:00,1011.0
20260913,180000,70W,49,2026,9,13,18,18.5,105.9,100900.0,2026-09-13 18:00:00,2026-09-13 18:00:00,1009.0
20260913,180000,70W,49,2026,9,13,18,18.1,105.7,100800.0,2026-09-13 18:00:00,2026-09-13 18:00:00,1008.0
20260913,180000,70W,49,2026,9,13,18,19.8,106.5,101100.0,2026-09-13 18:00:00,2026-09-13 18:00:00,1011.0
20260913,180000,70W,50,2026,9,13,18,18.400000000000002,105.4,100800.0,2026-09-13 18:00:00,2026-09-13 18:00:00,1008.0
20260913,180000,70W,50,2026,9,13,18,17.8,102.9,100900.0,2026-09-13 18:00:00,2026-09-13 18:00:00,1009.0
20260913,180000,70W,50,2026,9,13,18,16.7,101.2,100800.0,2026-09-13 18:00:00,2026-09-13 18:00:00,1008.0
20260913,180000,70W,50,2026,9,13,18,15.3,101.2,101000.0,2026-09-13 18:00:00,2026-09-13 18:00:00,1010.0
20260913,180000,70W,50,2026,9,13,18,17.6,102.9,101000.0,2026-09-13 18:00:00,2026-09-13 18:00:00,1010.0
20260913,180000,70W,50,2026,9,13,18,17.8,102.9,101000.0,2026-09-13 18:00:00,2026-09-13 18:00:00,1010.0
20260913,180000,70W,50,2026,9,13,18,17.8,102.9,100900.0,2026-09-13 18:00:00,2026-09-13 18:00:00,1009.0
20260913,180000,70W,51,2026,9,13,18,18.1,106.3,100800.0,2026-09-13 18:00:00,2026-09-13 18:00:00,1008.0
20260913,180000,70W,51,2026,9,13,18,18.400000000000002,105.4,100900.0,2026-09-13 18:00:00,2026-09-13 18:00:00,1009.0
20260913,180000,70W,51,2026,9,13,18,18.400000000000002,105.4,101000.0,2026-09-13 18:00:00,2026-09-13 18:00:00,1010.0
20260913,180000,70W,51,2026,9,13,18,19.2,106.0,101100.0,2026-09-13 18:00:00,2026-09-13 18:00:00,1011.0
20260913,180000,70W,51,2026,9,13,18,19.2,106.3,101200.0,2026-09-13 18:00:00,2026-09-13 18:00:00,1012.0
20260913,180000,70W,52,2026,9,13,18,18.400000000000002,105.4,100900.0,2026-09-13 18:00:00,2026-09-13 18:00:00,1009.0
20260913,180000,70W,52,2026,9,13,18,18.400000000000002,105.4,101000.0,2026-09-13 18:00:00,2026-09-13 18:00:00,1010.0
20260913,180000,70W,52,2026,9,13,18,18.400000000000002,105.4,101000.0,2026-09-13 18:00:00,2026-09-13 18:00:00,1010.0
20260913,180000,71W,1,2026,9,13,18,12.5,152.4,100200.0,2026-09-13 18:00:00,2026-09-13 18:00:00,1002.0
20260913,180000,71W,1,2026,9,13,18,13.0,151.3,99900.0,2026-09-13 18:00:00,2026-09-13 18:00:00,999.0
20260913,180000,71W,1,2026,9,13,18,13.3,150.4,99900.0,2026-09-13 18:00:00,2026-09-13 18:00:00,999.0
20260913,180000,71W,1,2026,9,13,18,13.9,149.9,99800.0,2026-09-13 18:00:00,2026-09-13 18:00:00,998.0
20260913,180000,71W,1,2026,9,13,18,14.200000000000001,149.3,99900.0,2026-09-13 18:00:00,2026-09-13 18:00:00,999.0
20260913,180000,71W,1,2026,9,13,18,14.5,148.70000000000002,99400.0,2026-09-13 18:00:00,2026-09-13 18:00:00,994.0
20260913,180000,71W,1,2026,9,13,18,14.700000000000001,148.20000000000002,99300.0,2026-09-13 18:00:00,2026-09-13 18:00:00,993.0
20260913,180000,71W,1,2026,9,13,18,15.0,148.20000000000002,99100.0,2026-09-13 18:00:00,2026-09-13 18:00:00,991.0
20260913,180000,71W,1,2026,9,13,18,15.6,147.6,99200.0,2026-09-13 18:00:00,2026-09-13 18:00:00,992.0
20260913,180000,71W,1,2026,9,13,18,16.4,147.9,98800.0,2026-09-13 18:00:00,2026-09-13 18:00:00,988.0
20260913,180000,71W,1,2026,9,13,18,17.6,147.6,98800.0,2026-09-13 18:00:00,2026-09-13 18:00:00,988.0
20260913,180000,71W,1,2026,9,13,18,18.1,147.0,98900.0,2026-09-13 18:00:00,2026-09-13 18:00:00,989.0
20260913,180000,71W,1,2026,9,13,18,19.2,146.8,98700.0,2026-09-13 18:00:00,2026-09-13 18:00:00,987.0
20260913,180000,71W,1,2026,9,13,18,20.400000000000002,145.6,98100.0,2026-09-13 18:00:00,2026-09-13 18:00:00,981.0
20260913,180000,71W,1,2026,9,13,18,20.900000000000002,145.0,98000.0,2026-09-13 18:00:00,2026-09-13 18:00:00,980.0
20260913,180000,71W,1,2026,9,13,18,21.8,143.70000000000002,97600.0,2026-09-13 18:00:00,2026-09-13 18:00:00,976.0
20260913,180000,71W,1,2026,9,13,18,22.3,142.8,96800.0,2026-09-13 18:00:00,2026-09-13 18:00:00,968.0
20260913,180000,71W,1,2026,9,13,18,23.2,142.0,96500.0,2026-09-13 18:00:00,2026-09-13 18:00:00,965.0
20260913,180000,71W,1,2026,9,13,18,23.8,141.4,96300.0,2026-09-13 18:00:00,2026-09-13 18:00:00,963.0
20260913,180000,71W,1,2026,9,13,18,24.6,140.3,96400.0,2026-09-13 18:00:00,2026-09-13 18:00:00,964.0
20260913,180000,71W,1,2026,9,13,18,25.2,139.5,96300.0,2026-09-13 18:00:00,2026-09-13 18:00:00,963.0
20260913,180000,71W,1,2026,9,13,18,26.0,138.6,95900.0,2026-09-13 18:00:00,2026-09-13 18:00:00,959.0
20260913,180000,71W,1,2026,9,13,18,27.1,137.8,95900.0,2026-09-13 18:00:00,2026-09-13 18:00:00,959.0
20260913,180000,71W,1,2026,9,13,18,28.0,137.5,95800.0,2026-09-13 18:00:00,2026-09-13 18:00:00,958.0
20260913,180000,71W,1,2026,9,13,18,28.8,137.20000000000002,95900.0,2026-09-13 18:00:00,2026-09-13 18:00:00,959.0
20260913,180000,71W,1,2026,9,13,18,30.0,136.9,95900.0,2026-09-13 18:00:00,2026-09-13 18:00:00,959.0
20260913,180000,71W,1,2026,9,13,18,31.1,136.9,95900.0,2026-09-13 18:00:00,2026-09-13 18:00:00,959.0
20260913,180000,71W,1,2026,9,13,18,32.2,137.20000000000002,96200.0,2026-09-13 18:00:00,2026-09-13 18:00:00,962.0
20260913,180000,71W,1,2026,9,13,18,32.8,137.5,96600.0,2026-09-13 18:00:00,2026-09-13 18:00:00,966.0
20260913,180000,71W,1,2026,9,13,18,34.5,138.0,96800.0,2026-09-13 18:00:00,2026-09-13 18:00:00,968.0
20260913,180000,71W,1,2026,9,13,18,36.1,139.5,98000.0,2026-09-13 18:00:00,2026-09-13 18:00:00,980.0
20260913,180000,71W,1,2026,9,13,18,38.1,141.4,98000.0,2026-09-13 18:00:00,2026-09-13 18:00:00,980.0
20260913,180000,71W,1,2026,9,13,18,40.9,142.8,98100.0,2026-09-13 18:00:00,2026-09-13 18:00:00,981.0
20260913,180000,71W,1,2026,9,13,18,42.9,144.20000000000002,98300.0,2026-09-13 18:00:00,2026-09-13 18:00:00,983.0
20260913,180000,71W,2,2026,9,13,18,5.2,141.1,100900.0,2026-09-13 18:00:00,2026-09-13 18:00:00,1009.0
20260913,180000,71W,3,2026,9,13,18,8.5,178.5,100800.0,2026-09-13 18:00:00,2026-09-13 18:00:00,1008.0
20260913,180000,71W,3,2026,9,13,18,8.8,178.5,100800.0,2026-09-13 18:00:00,2026-09-13 18:00:00,1008.0
20260913,180000,71W,3,2026,9,13,18,8.8,178.5,100700.0,2026-09-13 18:00:00,2026-09-13 18:00:00,1007.0
20260913,180000,71W,3,2026,9,13,18,8.5,176.9,100600.0,2026-09-13 18:00:00,2026-09-13 18:00:00,1006.0
20260913,180000,71W,3,2026,9,13,18,10.0,178.0,100500.0,2026-09-13 18:00:00,2026-09-13 18:00:00,1005.0
20260913,180000,71W,3,2026,9,13,18,10.200000000000001,178.5,100600.0,2026-09-13 18:00:00,2026-09-13 18:00:00,1006.0
20260913,180000,71W,3,2026,9,13,18,11.6,177.4,100500.0,2026-09-13 18:00:00,2026-09-13 18:00:00,1005.0
20260913,180000,71W,3,2026,9,13,18,12.5,177.4,100500.0,2026-09-13 18:00:00,2026-09-13 18:00:00,1005.0
20260913,180000,71W,3,2026,9,13,18,13.3,177.1,100300.0,2026-09-13 18:00:00,2026-09-13 18:00:00,1003.0
20260913,180000,71W,3,2026,9,13,18,14.200000000000001,176.9,100400.0,2026-09-13 18:00:00,2026-09-13 18:00:00,1004.0
20260913,180000,71W,3,2026,9,13,18,15.3,176.6,99900.0,2026-09-13 18:00:00,2026-09-13 18:00:00,999.0
20260913,180000,71W,3,2026,9,13,18,16.4,176.0,100100.0,2026-09-13 18:00:00,2026-09-13 18:00:00,1001.0
20260913,180000,71W,3,2026,9,13,18,17.8,175.5,100300.0,2026-09-13 18:00:00,2026-09-13 18:00:00,1003.0
20260913,180000,71W,3,2026,9,13,18,19.0,174.9,100400.0,2026-09-13 18:00:00,2026-09-13 18:00:00,1004.0
20260913,180000,71W,3,2026,9,13,18,20.400000000000002,174.3,100100.0,2026-09-13 18:00:00,2026-09-13 18:00:00,1001.0
20260913,180000,71W,3,2026,9,13,18,21.2,174.0,100000.0,2026-09-13 18:00:00,2026-09-13 18:00:00,1000.0
20260913,180000,71W,3,2026,9,13,18,22.1,173.5,99900.0,2026-09-13 18:00:00,2026-09-13 18:00:00,999.0
20260913,180000,71W,3,2026,9,13,18,22.6,172.9,99800.0,2026-09-13 18:00:00,2026-09-13 18:00:00,998.0
20260913,180000,71W,3,2026,9,13,18,23.2,172.9,99600.0,2026-09-13 18:00:00,2026-09-13 18:00:00,996.0
20260913,180000,71W,3,2026,9,13,18,23.8,172.6,99700.0,2026-09-13 18:00:00,2026-09-13 18:00:00,997.0
20260913,180000,71W,3,2026,9,13,18,24.3,172.6,99400.0,2026-09-13 18:00:00,2026-09-13 18:00:00,994.0
20260913,180000,71W,3,2026,9,13,18,24.900000000000002,172.6,99600.0,2026-09-13 18:00:00,2026-09-13 18:00:00,996.0
20260913,180000,71W,3,2026,9,13,18,25.7,172.9,99500.0,2026-09-13 18:00:00,2026-09-13 18:00:00,995.0
20260913,180000,71W,3,2026,9,13,18,26.900000000000002,172.9,99700.0,2026-09-13 18:00:00,2026-09-13 18:00:00,997.0
20260913,180000,71W,3,2026,9,13,18,28.0,173.5,98900.0,2026-09-13 18:00:00,2026-09-13 18:00:00,989.0
20260913,180000,71W,3,2026,9,13,18,29.1,174.0,99100.0,2026-09-13 18:00:00,2026-09-13 18:00:00,991.0
20260913,180000,71W,3,2026,9,13,18,30.5,175.20000000000002,98900.0,2026-09-13 18:00:00,2026-09-13 18:00:00,989.0
20260913,180000,71W,3,2026,9,13,18,32.2,175.5,99100.0,2026-09-13 18:00:00,2026-09-13 18:00:00,991.0
20260913,180000,71W,3,2026,9,13,18,33.6,176.3,99300.0,2026-09-13 18:00:00,2026-09-13 18:00:00,993.0
20260913,180000,71W,3,2026,9,13,18,34.7,177.4,99400.0,2026-09-13 18:00:00,2026-09-13 18:00:00,994.0
20260913,180000,71W,3,2026,9,13,18,35.6,178.8,99300.0,2026-09-13 18:00:00,2026-09-13 18:00:00,993.0
20260913,180000,71W,3,2026,9,13,18,36.7,181.1,99700.0,2026-09-13 18:00:00,2026-09-13 18:00:00,997.0
20260913,180000,71W,3,2026,9,13,18,37.800000000000004,183.9,99700.0,2026-09-13 18:00:00,2026-09-13 18:00:00,997.0
20260913,180000,71W,3,2026,9,13,18,39.5,187.79999999999998,99500.0,2026-09-13 18:00:00,2026-09-13 18:00:00,995.0
20260913,180000,71W,3,2026,9,13,18,42.0,192.2,99100.0,2026-09-13 18:00:00,2026-09-13 18:00:00,991.0
20260913,180000,71W,3,2026,9,13,18,44.9,196.0,98300.0,2026-09-13 18:00:00,2026-09-13 18:00:00,983.0
20260913,180000,71W,3,2026,9,13,18,47.7,199.9,98200.0,2026-09-13 18:00:00,2026-09-13 18:00:00,982.0
20260913,180000,71W,3,2026,9,13,18,50.5,203.29999999999998,98100.0,2026-09-13 18:00:00,2026-09-13 18:00:00,981.0
20260913,180000,71W,4,2026,9,13,18,13.3,157.20000000000002,100500.0,2026-09-13 18:00:00,2026-09-13 18:00:00,1005.0
20260913,180000,71W,4,2026,9,13,18,14.5,155.5,100100.0,2026-09-13 18:00:00,2026-09-13 18:00:00,1001.0
20260913,180000,71W,4,2026,9,13,18,15.0,154.4,100600.0,2026-09-13 18:00:00,2026-09-13 18:00:00,1006.0
20260913,180000,71W,4,2026,9,13,18,14.700000000000001,153.5,100300.0,2026-09-13 18:00:00,2026-09-13 18:00:00,1003.0
20260913,180000,71W,4,2026,9,13,18,13.9,150.70000000000002,100500.0,2026-09-13 18:00:00,2026-09-13 18:00:00,1005.0
20260913,180000,71W,4,2026,9,13,18,16.1,150.70000000000002,100300.0,2026-09-13 18:00:00,2026-09-13 18:00:00,1003.0
20260913,180000,71W,4,2026,9,13,18,15.3,150.1,100100.0,2026-09-13 18:00:00,2026-09-13 18:00:00,1001.0
20260913,180000,71W,4,2026,9,13,18,17.0,151.5,100200.0,2026-09-13 18:00:00,2026-09-13 18:00:00,1002.0
20260913,180000,71W,4,2026,9,13,18,18.5,151.4,100000.0,2026-09-13 18:00:00,2026-09-13 18:00:00,1000.0
20260913,180000,71W,4,2026,9,13,18,20.1,152.1,100000.0,2026-09-13 18:00:00,2026-09-13 18:00:00,1000.0
20260913,180000,71W,4,2026,9,13,18,21.8,150.4,99700.0,2026-09-13 18:00:00,2026-09-13 18:00:00,997.0
20260913,180000,71W,4,2026,9,13,18,22.3,150.20000000000002,99500.0,2026-09-13 18:00:00,2026-09-13 18:00:00,995.0
20260913,180000,71W,4,2026,9,13,18,23.7,148.9,99100.0,2026-09-13 18:00:00,2026-09-13 18:00:00,991.0
20260913,180000,71W,4,2026,9,13,18,24.3,147.6,99000.0,2026-09-13 18:00:00,2026-09-13 18:00:00,990.0
20260913,180000,71W,4,2026,9,13,18,24.6,146.8,98500.0,2026-09-13 18:00:00,2026-09-13 18:00:00,985.0
20260913,180000,71W,4,2026,9,13,18,24.3,145.4,97900.0,2026-09-13 18:00:00,2026-09-13 18:00:00,979.0
20260913,180000,71W,4,2026,9,13,18,24.3,144.20000000000002,97700.0,2026-09-13 18:00:00,2026-09-13 18:00:00,977.0
20260913,180000,71W,4,2026,9,13,18,24.6,143.1,97100.0,2026-09-13 18:00:00,2026-09-13 18:00:00,971.0
20260913,180000,71W,4,2026,9,13,18,24.6,142.3,97200.0,2026-09-13 18:00:00,2026-09-13 18:00:00,972.0
20260913,180000,71W,4,2026,9,13,18,25.2,140.9,97400.0,2026-09-13 18:00:00,2026-09-13 18:00:00,974.0
20260913,180000,71W,4,2026,9,13,18,25.400000000000002,139.70000000000002,97000.0,2026-09-13 18:00:00,2026-09-13 18:00:00,970.0
20260913,180000,71W,4,2026,9,13,18,25.400000000000002,138.9,96600.0,2026-09-13 18:00:00,2026-09-13 18:00:00,966.0
20260913,180000,71W,4,2026,9,13,18,25.7,138.0,96700.0,2026-09-13 18:00:00,2026-09-13 18:00:00,967.0
20260913,180000,71W,4,2026,9,13,18,26.3,137.5,97000.0,2026-09-13 18:00:00,2026-09-13 18:00:00,970.0
20260913,180000,71W,4,2026,9,13,18,26.900000000000002,136.6,96600.0,2026-09-13 18:00:00,2026-09-13 18:00:00,966.0
20260913,180000,71W,4,2026,9,13,18,28.0,136.4,97200.0,2026-09-13 18:00:00,2026-09-13 18:00:00,972.0
20260913,180000,71W,4,2026,9,13,18,29.1,136.4,97700.0,2026-09-13 18:00:00,2026-09-13 18:00:00,977.0
20260913,180000,71W,4,2026,9,13,18,30.5,136.4,97500.0,2026-09-13 18:00:00,2026-09-13 18:00:00,975.0
20260913,180000,71W,4,2026,9,13,18,32.5,136.9,97300.0,2026-09-13 18:00:00,2026-09-13 18:00:00,973.0
20260913,180000,71W,4,2026,9,13,18,33.5,138.3,97500.0,2026-09-13 18:00:00,2026-09-13 18:00:00,975.0
20260913,180000,71W,4,2026,9,13,18,35.9,140.6,97900.0,2026-09-13 18:00:00,2026-09-13 18:00:00,979.0
20260913,180000,71W,4,2026,9,13,18,38.1,142.5,97800.0,2026-09-13 18:00:00,2026-09-13 18:00:00,978.0
20260913,180000,71W,4,2026,9,13,18,40.7,145.9,98100.0,2026-09-13 18:00:00,2026-09-13 18:00:00,981.0
20260913,180000,71W,4,2026,9,13,18,42.6,150.0,97800.0,2026-09-13 18:00:00,2026-09-13 18:00:00,978.0
20260913,180000,71W,4,2026,9,13,18,45.2,153.9,97600.0,2026-09-13 18:00:00,2026-09-13 18:00:00,976.0
20260913,180000,71W,4,2026,9,13,18,46.6,158.0,97400.0,2026-09-13 18:00:00,2026-09-13 18:00:00,974.0
20260913,180000,71W,4,2026,9,13,18,49.1,162.20000000000002,96900.0,2026-09-13 18:00:00,2026-09-13 18:00:00,969.0
20260913,180000,71W,5,2026,9,13,18,13.3,152.4,100600.0,2026-09-13 18:00:00,2026-09-13 18:00:00,1006.0
20260913,180000,71W,5,2026,9,13,18,13.6,152.1,100500.0,2026-09-13 18:00:00,2026-09-13 18:00:00,1005.0
20260913,180000,71W,5,2026,9,13,18,12.8,151.8,100100.0,2026-09-13 18:00:00,2026-09-13 18:00:00,1001.0
20260913,180000,71W,5,2026,9,13,18,13.9,151.3,100200.0,2026-09-13 18:00:00,2026-09-13 18:00:00,1002.0
20260913,180000,71W,5,2026,9,13,18,15.0,152.4,100000.0,2026-09-13 18:00:00,2026-09-13 18:00:00,1000.0
20260913,180000,71W,5,2026,9,13,18,14.5,151.5,100100.0,2026-09-13 18:00:00,2026-09-13 18:00:00,1001.0
20260913,180000,71W,5,2026,9,13,18,15.3,151.3,99800.0,2026-09-13 18:00:00,2026-09-13 18:00:00,998.0
20260913,180000,71W,5,2026,9,13,18,15.9,151.3,99700.0,2026-09-13 18:00:00,2026-09-13 18:00:00,997.0
20260913,180000,71W,5,2026,9,13,18,16.7,151.0,99300.0,2026-09-13 18:00:00,2026-09-13 18:00:00,993.0
20260913,180000,71W,5,2026,9,13,18,18.1,151.0,98900.0,2026-09-13 18:00:00,2026-09-13 18:00:00,989.0
20260913,180000,71W,5,2026,9,13,18,19.2,150.70000000000002,98600.0,2026-09-13 18:00:00,2026-09-13 18:00:00,986.0
20260913,180000,71W,5,2026,9,13,18,20.7,150.1,98600.0,2026-09-13 18:00:00,2026-09-13 18:00:00,986.0
20260913,180000,71W,5,2026,9,13,18,21.5,148.5,98100.0,2026-09-13 18:00:00,2026-09-13 18:00:00,981.0
20260913,180000,71W,5,2026,9,13,18,22.1,147.3,98200.0,2026-09-13 18:00:00,2026-09-13 18:00:00,982.0
20260913,180000,71W,5,2026,9,13,18,22.6,145.6,98000.0,2026-09-13 18:00:00,2026-09-13 18:00:00,980.0
20260913,180000,71W,5,2026,9,13,18,23.2,144.0,98100.0,2026-09-13 18:00:00,2026-09-13 18:00:00,981.0
20260913,180000,71W,5,2026,9,13,18,23.8,142.5,97900.0,2026-09-13 18:00:00,2026-09-13 18:00:00,979.0
20260913,180000,71W,5,2026,9,13,18,24.0,141.4,97700.0,2026-09-13 18:00:00,2026-09-13 18:00:00,977.0
20260913,180000,71W,5,2026,9,13,18,24.6,140.0,97400.0,2026-09-13 18:00:00,2026-09-13 18:00:00,974.0
20260913,180000,71W,5,2026,9,13,18,25.2,138.9,97300.0,2026-09-13 18:00:00,2026-09-13 18:00:00,973.0
20260913,180000,71W,5,2026,9,13,18,26.0,137.8,96900.0,2026-09-13 18:00:00,2026-09-13 18:00:00,969.0
20260913,180000,71W,5,2026,9,13,18,26.900000000000002,136.4,96800.0,2026-09-13 18:00:00,2026-09-13 18:00:00,968.0
20260913,180000,71W,5,2026,9,13,18,28.3,135.5,97200.0,2026-09-13 18:00:00,2026-09-13 18:00:00,972.0
20260913,180000,71W,5,2026,9,13,18,28.5,134.7,96700.0,2026-09-13 18:00:00,2026-09-13 18:00:00,967.0
20260913,180000,71W,5,2026,9,13,18,29.7,134.1,96900.0,2026-09-13 18:00:00,2026-09-13 18:00:00,969.0
20260913,180000,71W,5,2026,9,13,18,30.0,134.1,96900.0,2026-09-13 18:00:00,2026-09-13 18:00:00,969.0
20260913,180000,71W,5,2026,9,13,18,31.1,134.4,97100.0,2026-09-13 18:00:00,2026-09-13 18:00:00,971.0
20260913,180000,71W,5,2026,9,13,18,32.2,135.2,97200.0,2026-09-13 18:00:00,2026-09-13 18:00:00,972.0
20260913,180000,71W,5,2026,9,13,18,33.9,136.4,97500.0,2026-09-13 18:00:00,2026-09-13 18:00:00,975.0
20260913,180000,71W,5,2026,9,13,18,34.7,138.3,98500.0,2026-09-13 18:00:00,2026-09-13 18:00:00,985.0
20260913,180000,71W,5,2026,9,13,18,36.4,141.1,98400.0,2026-09-13 18:00:00,2026-09-13 18:00:00,984.0
20260913,180000,71W,6,2026,9,13,18,12.5,151.3,100700.0,2026-09-13 18:00:00,2026-09-13 18:00:00,1007.0
20260913,180000,71W,6,2026,9,13,18,11.4,149.6,100400.0,2026-09-13 18:00:00,2026-09-13 18:00:00,1004.0
20260913,180000,71W,6,2026,9,13,18,11.6,149.0,100600.0,2026-09-13 18:00:00,2026-09-13 18:00:00,1006.0
20260913,180000,71W,6,2026,9,13,18,11.9,149.3,100200.0,2026-09-13 18:00:00,2026-09-13 18:00:00,1002.0
20260913,180000,71W,6,2026,9,13,18,12.5,149.0,100300.0,2026-09-13 18:00:00,2026-09-13 18:00:00,1003.0
20260913,180000,71W,6,2026,9,13,18,12.200000000000001,148.5,99900.0,2026-09-13 18:00:00,2026-09-13 18:00:00,999.0
20260913,180000,71W,6,2026,9,13,18,13.3,148.20000000000002,100100.0,2026-09-13 18:00:00,2026-09-13 18:00:00,1001.0
20260913,180000,71W,6,2026,9,13,18,13.6,147.9,99600.0,2026-09-13 18:00:00,2026-09-13 18:00:00,996.0
20260913,180000,71W,6,2026,9,13,18,14.200000000000001,147.9,99600.0,2026-09-13 18:00:00,2026-09-13 18:00:00,996.0
20260913,180000,71W,6,2026,9,13,18,15.3,147.6,99200.0,2026-09-13 18:00:00,2026-09-13 18:00:00,992.0
20260913,180000,71W,6,2026,9,13,18,16.1,147.0,99100.0,2026-09-13 18:00:00,2026-09-13 18:00:00,991.0
20260913,180000,71W,6,2026,9,13,18,17.0,146.8,98700.0,2026-09-13 18:00:00,2026-09-13 18:00:00,987.0
20260913,180000,71W,6,2026,9,13,18,17.8,146.5,98300.0,2026-09-13 18:00:00,2026-09-13 18:00:00,983.0
20260913,180000,71W,6,2026,9,13,18,19.0,145.9,97600.0,2026-09-13 18:00:00,2026-09-13 18:00:00,976.0
20260913,180000,71W,6,2026,9,13,18,19.5,145.4,97400.0,2026-09-13 18:00:00,2026-09-13 18:00:00,974.0
20260913,180000,71W,6,2026,9,13,18,20.7,144.5,97400.0,2026-09-13 18:00:00,2026-09-13 18:00:00,974.0
20260913,180000,71W,6,2026,9,13,18,21.2,143.4,96900.0,2026-09-13 18:00:00,2026-09-13 18:00:00,969.0
20260913,180000,71W,6,2026,9,13,18,22.1,142.8,97100.0,2026-09-13 18:00:00,2026-09-13 18:00:00,971.0
20260913,180000,71W,6,2026,9,13,18,22.3,142.0,97000.0,2026-09-13 18:00:00,2026-09-13 18:00:00,970.0
20260913,180000,71W,6,2026,9,13,18,22.900000000000002,140.9,96900.0,2026-09-13 18:00:00,2026-09-13 18:00:00,969.0
20260913,180000,71W,6,2026,9,13,18,23.5,139.70000000000002,96800.0,2026-09-13 18:00:00,2026-09-13 18:00:00,968.0
20260913,180000,71W,6,2026,9,13,18,23.8,138.9,96400.0,2026-09-13 18:00:00,2026-09-13 18:00:00,964.0
20260913,180000,71W,6,2026,9,13,18,24.3,138.0,96000.0,2026-09-13 18:00:00,2026-09-13 18:00:00,960.0
20260913,180000,71W,6,2026,9,13,18,24.900000000000002,137.5,96400.0,2026-09-13 18:00:00,2026-09-13 18:00:00,964.0
20260913,180000,71W,6,2026,9,13,18,25.400000000000002,136.9,96200.0,2026-09-13 18:00:00,2026-09-13 18:00:00,962.0
20260913,180000,71W,6,2026,9,13,18,26.3,136.4,95800.0,2026-09-13 18:00:00,2026-09-13 18:00:00,958.0
20260913,180000,71W,6,2026,9,13,18,27.1,135.5,95800.0,2026-09-13 18:00:00,2026-09-13 18:00:00,958.0
20260913,180000,71W,6,2026,9,13,18,27.7,134.7,95700.0,2026-09-13 18:00:00,2026-09-13 18:00:00,957.0
20260913,180000,71W,6,2026,9,13,18,28.5,134.7,96000.0,2026-09-13 18:00:00,2026-09-13 18:00:00,960.0
20260913,180000,71W,6,2026,9,13,18,29.400000000000002,134.4,96300.0,2026-09-13 18:00:00,2026-09-13 18:00:00,963.0
20260913,180000,71W,6,2026,9,13,18,30.2,135.0,96500.0,2026-09-13 18:00:00,2026-09-13 18:00:00,965.0
20260913,180000,71W,6,2026,9,13,18,30.8,135.5,96700.0,2026-09-13 18:00:00,2026-09-13 18:00:00,967.0
20260913,180000,71W,6,2026,9,13,18,31.6,136.4,97100.0,2026-09-13 18:00:00,2026-09-13 18:00:00,971.0
20260913,180000,71W,6,2026,9,13,18,32.5,137.20000000000002,97100.0,2026-09-13 18:00:00,2026-09-13 18:00:00,971.0
20260913,180000,71W,6,2026,9,13,18,34.2,138.9,97100.0,2026-09-13 18:00:00,2026-09-13 18:00:00,971.0
20260913,180000,71W,6,2026,9,13,18,35.6,140.9,97700.0,2026-09-13 18:00:00,2026-09-13 18:00:00,977.0
20260913,180000,71W,6,2026,9,13,18,37.300000000000004,143.1,97900.0,2026-09-13 18:00:00,2026-09-13 18:00:00,979.0
20260913,180000,71W,6,2026,9,13,18,39.0,145.6,98200.0,2026-09-13 18:00:00,2026-09-13 18:00:00,982.0
20260913,180000,71W,6,2026,9,13,18,39.800000000000004,147.70000000000002,97600.0,2026-09-13 18:00:00,2026-09-13 18:00:00,976.0
20260913,180000,71W,6,2026,9,13,18,40.9,150.1,97400.0,2026-09-13 18:00:00,2026-09-13 18:00:00,974.0
20260913,180000,71W,6,2026,9,13,18,41.800000000000004,153.0,97200.0,2026-09-13 18:00:00,2026-09-13 18:00:00,972.0
20260913,180000,71W,6,2026,9,13,18,42.1,156.9,97100.0,2026-09-13 18:00:00,2026-09-13 18:00:00,971.0
20260913,180000,71W,6,2026,9,13,18,42.1,159.70000000000002,97000.0,2026-09-13 18:00:00,2026-09-13 18:00:00,970.0
20260913,180000,71W,6,2026,9,13,18,42.6,162.8,96800.0,2026-09-13 18:00:00,2026-09-13 18:00:00,968.0
20260913,180000,71W,6,2026,9,13,18,43.2,166.5,96900.0,2026-09-13 18:00:00,2026-09-13 18:00:00,969.0
20260913,180000,71W,6,2026,9,13,18,43.5,171.0,96800.0,2026-09-13 18:00:00,2026-09-13 18:00:00,968.0
20260913,180000,71W,6,2026,9,13,18,45.2,175.20000000000002,96700.0,2026-09-13 18:00:00,2026-09-13 18:00:00,967.0
20260913,180000,71W,6,2026,9,13,18,47.1,178.5,96500.0,2026-09-13 18:00:00,2026-09-13 18:00:00,965.0
20260913,180000,71W,6,2026,9,13,18,48.5,181.9,96600.0,2026-09-13 18:00:00,2026-09-13 18:00:00,966.0
20260913,180000,71W,6,2026,9,13,18,50.0,186.1,96600.0,2026-09-13 18:00:00,2026-09-13 18:00:00,966.0
20260913,180000,71W,6,2026,9,13,18,51.6,189.0,96600.0,2026-09-13 18:00:00,2026-09-13 18:00:00,966.0
20260913,180000,71W,7,2026,9,13,18,13.9,152.4,100500.0,2026-09-13 18:00:00,2026-09-13 18:00:00,1005.0
20260913,180000,71W,7,2026,9,13,18,13.3,152.1,100200.0,2026-09-13 18:00:00,2026-09-13 18:00:00,1002.0
20260913,180000,71W,7,2026,9,13,18,13.0,151.8,100300.0,2026-09-13 18:00:00,2026-09-13 18:00:00,1003.0
20260913,180000,71W,7,2026,9,13,18,14.5,151.8,99800.0,2026-09-13 18:00:00,2026-09-13 18:00:00,998.0
20260913,180000,71W,7,2026,9,13,18,14.700000000000001,151.3,99800.0,2026-09-13 18:00:00,2026-09-13 18:00:00,998.0
20260913,180000,71W,7,2026,9,13,18,15.6,150.70000000000002,99500.0,2026-09-13 18:00:00,2026-09-13 18:00:00,995.0
20260913,180000,71W,7,2026,9,13,18,16.1,150.1,99700.0,2026-09-13 18:00:00,2026-09-13 18:00:00,997.0
20260913,180000,71W,7,2026,9,13,18,17.3,149.9,99400.0,2026-09-13 18:00:00,2026-09-13 18:00:00,994.0
20260913,180000,71W,7,2026,9,13,18,17.6,149.0,99300.0,2026-09-13 18:00:00,2026-09-13 18:00:00,993.0
20260913,180000,71W,7,2026,9,13,18,18.1,148.70000000000002,98900.0,2026-09-13 18:00:00,2026-09-13 18:00:00,989.0
20260913,180000,71W,7,2026,9,13,18,18.6,148.4,98800.0,2026-09-13 18:00:00,2026-09-13 18:00:00,988.0
20260913,180000,71W,7,2026,9,13,18,20.400000000000002,148.20000000000002,98400.0,2026-09-13 18:00:00,2026-09-13 18:00:00,984.0
20260913,180000,71W,7,2026,9,13,18,20.400000000000002,147.6,98500.0,2026-09-13 18:00:00,2026-09-13 18:00:00,985.0
20260913,180000,71W,7,2026,9,13,18,21.5,147.0,98200.0,2026-09-13 18:00:00,2026-09-13 18:00:00,982.0
20260913,180000,71W,7,2026,9,13,18,21.900000000000002,146.20000000000002,98100.0,2026-09-13 18:00:00,2026-09-13 18:00:00,981.0
20260913,180000,71W,7,2026,9,13,18,22.6,145.6,97800.0,2026-09-13 18:00:00,2026-09-13 18:00:00,978.0
20260913,180000,71W,7,2026,9,13,18,22.900000000000002,144.8,97500.0,2026-09-13 18:00:00,2026-09-13 18:00:00,975.0
20260913,180000,71W,7,2026,9,13,18,23.5,143.70000000000002,97300.0,2026-09-13 18:00:00,2026-09-13 18:00:00,973.0
20260913,180000,71W,7,2026,9,13,18,23.7,142.9,97300.0,2026-09-13 18:00:00,2026-09-13 18:00:00,973.0
20260913,180000,71W,7,2026,9,13,18,24.3,142.3,97200.0,2026-09-13 18:00:00,2026-09-13 18:00:00,972.0
20260913,180000,71W,7,2026,9,13,18,24.6,141.1,97300.0,2026-09-13 18:00:00,2026-09-13 18:00:00,973.0
20260913,180000,71W,7,2026,9,13,18,25.400000000000002,139.70000000000002,97300.0,2026-09-13 18:00:00,2026-09-13 18:00:00,973.0
20260913,180000,71W,7,2026,9,13,18,26.0,139.20000000000002,97400.0,2026-09-13 18:00:00,2026-09-13 18:00:00,974.0
20260913,180000,71W,7,2026,9,13,18,26.3,138.0,97300.0,2026-09-13 18:00:00,2026-09-13 18:00:00,973.0
20260913,180000,71W,7,2026,9,13,18,27.400000000000002,137.8,97500.0,2026-09-13 18:00:00,2026-09-13 18:00:00,975.0
20260913,180000,71W,7,2026,9,13,18,28.0,136.9,97100.0,2026-09-13 18:00:00,2026-09-13 18:00:00,971.0
20260913,180000,71W,7,2026,9,13,18,28.5,136.6,97200.0,2026-09-13 18:00:00,2026-09-13 18:00:00,972.0
20260913,180000,71W,7,2026,9,13,18,29.3,136.3,97100.0,2026-09-13 18:00:00,2026-09-13 18:00:00,971.0
20260913,180000,71W,7,2026,9,13,18,30.2,136.1,97100.0,2026-09-13 18:00:00,2026-09-13 18:00:00,971.0
20260913,180000,71W,7,2026,9,13,18,31.1,136.4,97000.0,2026-09-13 18:00:00,2026-09-13 18:00:00,970.0
20260913,180000,71W,7,2026,9,13,18,32.2,136.9,97000.0,2026-09-13 18:00:00,2026-09-13 18:00:00,970.0
20260913,180000,71W,7,2026,9,13,18,33.7,138.3,97300.0,2026-09-13 18:00:00,2026-09-13 18:00:00,973.0
20260913,180000,71W,7,2026,9,13,18,35.5,140.1,98000.0,2026-09-13 18:00:00,2026-09-13 18:00:00,980.0
20260913,180000,71W,7,2026,9,13,18,37.300000000000004,142.5,98000.0,2026-09-13 18:00:00,2026-09-13 18:00:00,980.0
20260913,180000,71W,7,2026,9,13,18,39.0,145.9,98200.0,2026-09-13 18:00:00,2026-09-13 18:00:00,982.0
20260913,180000,71W,7,2026,9,13,18,41.5,150.1,98300.0,2026-09-13 18:00:00,2026-09-13 18:00:00,983.0
20260913,180000,71W,7,2026,9,13,18,43.800000000000004,154.9,98300.0,2026-09-13 18:00:00,2026-09-13 18:00:00,983.0
20260913,180000,71W,7,2026,9,13,18,45.7,161.4,98000.0,2026-09-13 18:00:00,2026-09-13 18:00:00,980.0
20260913,180000,71W,7,2026,9,13,18,50.5,172.4,95900.0,2026-09-13 18:00:00,2026-09-13 18:00:00,959.0
20260913,180000,71W,8,2026,9,13,18,12.8,151.8,100500.0,2026-09-13 18:00:00,2026-09-13 18:00:00,1005.0
20260913,180000,71W,8,2026,9,13,18,13.6,152.4,100300.0,2026-09-13 18:00:00,2026-09-13 18:00:00,1003.0
20260913,180000,71W,8,2026,9,13,18,14.8,153.6,100400.0,2026-09-13 18:00:00,2026-09-13 18:00:00,1004.0
20260913,180000,71W,8,2026,9,13,18,15.3,153.0,100100.0,2026-09-13 18:00:00,2026-09-13 18:00:00,1001.0
20260913,180000,71W,8,2026,9,13,18,15.3,153.20000000000002,100300.0,2026-09-13 18:00:00,2026-09-13 18:00:00,1003.0
20260913,180000,71W,8,2026,9,13,18,16.1,153.5,100000.0,2026-09-13 18:00:00,2026-09-13 18:00:00,1000.0
20260913,180000,71W,8,2026,9,13,18,16.7,152.4,100000.0,2026-09-13 18:00:00,2026-09-13 18:00:00,1000.0
20260913,180000,71W,8,2026,9,13,18,18.1,152.4,100100.0,2026-09-13 18:00:00,2026-09-13 18:00:00,1001.0
20260913,180000,71W,8,2026,9,13,18,21.5,151.3,100000.0,2026-09-13 18:00:00,2026-09-13 18:00:00,1000.0
20260913,180000,71W,8,2026,9,13,18,22.1,149.9,99500.0,2026-09-13 18:00:00,2026-09-13 18:00:00,995.0
20260913,180000,71W,8,2026,9,13,18,22.3,148.70000000000002,99600.0,2026-09-13 18:00:00,2026-09-13 18:00:00,996.0
20260913,180000,71W,8,2026,9,13,18,23.2,147.3,99300.0,2026-09-13 18:00:00,2026-09-13 18:00:00,993.0
20260913,180000,71W,8,2026,9,13,18,23.2,146.20000000000002,99500.0,2026-09-13 18:00:00,2026-09-13 18:00:00,995.0
20260913,180000,71W,8,2026,9,13,18,23.2,145.4,98900.0,2026-09-13 18:00:00,2026-09-13 18:00:00,989.0
20260913,180000,71W,8,2026,9,13,18,23.2,144.8,99200.0,2026-09-13 18:00:00,2026-09-13 18:00:00,992.0
20260913,180000,71W,8,2026,9,13,18,23.5,144.20000000000002,99200.0,2026-09-13 18:00:00,2026-09-13 18:00:00,992.0
20260913,180000,71W,8,2026,9,13,18,24.3,144.0,99100.0,2026-09-13 18:00:00,2026-09-13 18:00:00,991.0
20260913,180000,71W,8,2026,9,13,18,25.2,142.3,98700.0,2026-09-13 18:00:00,2026-09-13 18:00:00,987.0
20260913,180000,71W,8,2026,9,13,18,25.400000000000002,141.1,98300.0,2026-09-13 18:00:00,2026-09-13 18:00:00,983.0
20260913,180000,71W,8,2026,9,13,18,26.3,140.3,97700.0,2026-09-13 18:00:00,2026-09-13 18:00:00,977.0
20260913,180000,71W,8,2026,9,13,18,27.1,139.5,97800.0,2026-09-13 18:00:00,2026-09-13 18:00:00,978.0
20260913,180000,71W,8,2026,9,13,18,27.7,138.9,97500.0,2026-09-13 18:00:00,2026-09-13 18:00:00,975.0
20260913,180000,71W,8,2026,9,13,18,28.8,138.9,97400.0,2026-09-13 18:00:00,2026-09-13 18:00:00,974.0
20260913,180000,71W,8,2026,9,13,18,29.7,138.9,97400.0,2026-09-13 18:00:00,2026-09-13 18:00:00,974.0
20260913,180000,71W,8,2026,9,13,18,30.5,139.5,97500.0,2026-09-13 18:00:00,2026-09-13 18:00:00,975.0
20260913,180000,71W,8,2026,9,13,18,31.400000000000002,139.70000000000002,97300.0,2026-09-13 18:00:00,2026-09-13 18:00:00,973.0
20260913,180000,71W,8,2026,9,13,18,32.5,140.6,97000.0,2026-09-13 18:00:00,2026-09-13 18:00:00,970.0
20260913,180000,71W,8,2026,9,13,18,33.6,142.5,97100.0,2026-09-13 18:00:00,2026-09-13 18:00:00,971.0
20260913,180000,71W,8,2026,9,13,18,34.7,144.8,97200.0,2026-09-13 18:00:00,2026-09-13 18:00:00,972.0
20260913,180000,71W,8,2026,9,13,18,36.1,147.9,97300.0,2026-09-13 18:00:00,2026-09-13 18:00:00,973.0
20260913,180000,71W,8,2026,9,13,18,37.0,151.3,97200.0,2026-09-13 18:00:00,2026-09-13 18:00:00,972.0
20260913,180000,71W,8,2026,9,13,18,37.800000000000004,154.9,97100.0,2026-09-13 18:00:00,2026-09-13 18:00:00,971.0
20260913,180000,71W,8,2026,9,13,18,39.0,159.1,96900.0,2026-09-13 18:00:00,2026-09-13 18:00:00,969.0
20260913,180000,71W,8,2026,9,13,18,40.2,163.20000000000002,96800.0,2026-09-13 18:00:00,2026-09-13 18:00:00,968.0
20260913,180000,71W,8,2026,9,13,18,41.5,165.9,96100.0,2026-09-13 18:00:00,2026-09-13 18:00:00,961.0
20260913,180000,71W,8,2026,9,13,18,42.0,169.0,96200.0,2026-09-13 18:00:00,2026-09-13 18:00:00,962.0
20260913,180000,71W,8,2026,9,13,18,42.9,172.4,96100.0,2026-09-13 18:00:00,2026-09-13 18:00:00,961.0
20260913,180000,71W,8,2026,9,13,18,43.800000000000004,176.0,96100.0,2026-09-13 18:00:00,2026-09-13 18:00:00,961.0
20260913,180000,71W,8,2026,9,13,18,44.5,179.8,96400.0,2026-09-13 18:00:00,2026-09-13 18:00:00,964.0
20260913,180000,71W,8,2026,9,13,18,46.0,183.6,96400.0,2026-09-13 18:00:00,2026-09-13 18:00:00,964.0
20260913,180000,71W,8,2026,9,13,18,49.1,192.9,96300.0,2026-09-13 18:00:00,2026-09-13 18:00:00,963.0
20260913,180000,71W,8,2026,9,13,18,49.1,195.7,96300.0,2026-09-13 18:00:00,2026-09-13 18:00:00,963.0
20260913,180000,71W,9,2026,9,13,18,13.0,153.20000000000002,100600.0,2026-09-13 18:00:00,2026-09-13 18:00:00,1006.0
20260913,180000,71W,9,2026,9,13,18,11.9,152.70000000000002,100300.0,2026-09-13 18:00:00,2026-09-13 18:00:00,1003.0
20260913,180000,71W,9,2026,9,13,18,13.9,153.20000000000002,100400.0,2026-09-13 18:00:00,2026-09-13 18:00:00,1004.0
20260913,180000,71W,9,2026,9,13,18,14.700000000000001,152.4,100200.0,2026-09-13 18:00:00,2026-09-13 18:00:00,1002.0
20260913,180000,71W,9,2026,9,13,18,14.700000000000001,152.4,100200.0,2026-09-13 18:00:00,2026-09-13 18:00:00,1002.0
20260913,180000,71W,9,2026,9,13,18,15.6,152.1,99800.0,2026-09-13 18:00:00,2026-09-13 18:00:00,998.0
20260913,180000,71W,9,2026,9,13,18,16.4,152.4,99900.0,2026-09-13 18:00:00,2026-09-13 18:00:00,999.0
20260913,180000,71W,9,2026,9,13,18,17.2,152.20000000000002,99500.0,2026-09-13 18:00:00,2026-09-13 18:00:00,995.0
20260913,180000,71W,9,2026,9,13,18,18.1,152.20000000000002,99400.0,2026-09-13 18:00:00,2026-09-13 18:00:00,994.0
20260913,180000,71W,9,2026,9,13,18,18.7,152.1,99100.0,2026-09-13 18:00:00,2026-09-13 18:00:00,991.0
20260913,180000,71W,9,2026,9,13,18,20.1,151.3,98900.0,2026-09-13 18:00:00,2026-09-13 18:00:00,989.0
20260913,180000,71W,9,2026,9,13,18,21.5,150.70000000000002,98500.0,2026-09-13 18:00:00,2026-09-13 18:00:00,985.0
20260913,180000,71W,9,2026,9,13,18,22.6,149.6,98000.0,2026-09-13 18:00:00,2026-09-13 18:00:00,980.0
20260913,180000,71W,9,2026,9,13,18,23.5,148.20000000000002,97700.0,2026-09-13 18:00:00,2026-09-13 18:00:00,977.0
20260913,180000,71W,9,2026,9,13,18,23.8,147.0,97600.0,2026-09-13 18:00:00,2026-09-13 18:00:00,976.0
20260913,180000,71W,9,2026,9,13,18,24.3,145.4,97200.0,2026-09-13 18:00:00,2026-09-13 18:00:00,972.0
20260913,180000,71W,9,2026,9,13,18,24.6,144.0,97000.0,2026-09-13 18:00:00,2026-09-13 18:00:00,970.0
20260913,180000,71W,9,2026,9,13,18,24.900000000000002,143.1,97100.0,2026-09-13 18:00:00,2026-09-13 18:00:00,971.0
20260913,180000,71W,9,2026,9,13,18,25.7,141.70000000000002,97000.0,2026-09-13 18:00:00,2026-09-13 18:00:00,970.0
20260913,180000,71W,9,2026,9,13,18,26.0,140.6,96600.0,2026-09-13 18:00:00,2026-09-13 18:00:00,966.0
20260913,180000,71W,9,2026,9,13,18,26.6,139.5,96600.0,2026-09-13 18:00:00,2026-09-13 18:00:00,966.0
20260913,180000,71W,9,2026,9,13,18,26.900000000000002,138.6,96600.0,2026-09-13 18:00:00,2026-09-13 18:00:00,966.0
20260913,180000,71W,9,2026,9,13,18,27.7,137.8,96500.0,2026-09-13 18:00:00,2026-09-13 18:00:00,965.0
20260913,180000,71W,9,2026,9,13,18,28.3,136.9,96400.0,2026-09-13 18:00:00,2026-09-13 18:00:00,964.0
20260913,180000,71W,9,2026,9,13,18,28.8,136.4,96400.0,2026-09-13 18:00:00,2026-09-13 18:00:00,964.0
20260913,180000,71W,9,2026,9,13,18,29.1,136.4,97000.0,2026-09-13 18:00:00,2026-09-13 18:00:00,970.0
20260913,180000,71W,9,2026,9,13,18,29.5,136.1,97200.0,2026-09-13 18:00:00,2026-09-13 18:00:00,972.0
20260913,180000,71W,9,2026,9,13,18,30.5,136.1,96800.0,2026-09-13 18:00:00,2026-09-13 18:00:00,968.0
20260913,180000,71W,9,2026,9,13,18,31.400000000000002,136.1,96800.0,2026-09-13 18:00:00,2026-09-13 18:00:00,968.0
20260913,180000,71W,9,2026,9,13,18,31.900000000000002,136.9,97000.0,2026-09-13 18:00:00,2026-09-13 18:00:00,970.0
20260913,180000,71W,9,2026,9,13,18,32.8,138.0,97500.0,2026-09-13 18:00:00,2026-09-13 18:00:00,975.0
20260913,180000,71W,9,2026,9,13,18,33.9,139.5,97700.0,2026-09-13 18:00:00,2026-09-13 18:00:00,977.0
20260913,180000,71W,9,2026,9,13,18,35.0,141.4,97900.0,2026-09-13 18:00:00,2026-09-13 18:00:00,979.0
20260913,180000,71W,9,2026,9,13,18,35.9,144.0,98000.0,2026-09-13 18:00:00,2026-09-13 18:00:00,980.0
20260913,180000,71W,9,2026,9,13,18,37.0,146.8,98300.0,2026-09-13 18:00:00,2026-09-13 18:00:00,983.0
20260913,180000,71W,9,2026,9,13,18,37.300000000000004,150.1,98300.0,2026-09-13 18:00:00,2026-09-13 18:00:00,983.0
20260913,180000,71W,9,2026,9,13,18,37.6,151.5,98600.0,2026-09-13 18:00:00,2026-09-13 18:00:00,986.0
20260913,180000,71W,9,2026,9,13,18,37.800000000000004,155.20000000000002,98900.0,2026-09-13 18:00:00,2026-09-13 18:00:00,989.0
20260913,180000,71W,9,2026,9,13,18,38.4,158.3,99100.0,2026-09-13 18:00:00,2026-09-13 18:00:00,991.0
20260913,180000,71W,9,2026,9,13,18,39.5,162.20000000000002,98800.0,2026-09-13 18:00:00,2026-09-13 18:00:00,988.0
20260913,180000,71W,9,2026,9,13,18,41.2,165.3,98100.0,2026-09-13 18:00:00,2026-09-13 18:00:00,981.0
20260913,180000,71W,9,2026,9,13,18,42.9,169.3,97300.0,2026-09-13 18:00:00,2026-09-13 18:00:00,973.0
20260913,180000,71W,9,2026,9,13,18,44.0,172.9,96800.0,2026-09-13 18:00:00,2026-09-13 18:00:00,968.0
20260913,180000,71W,9,2026,9,13,18,45.6,176.0,95900.0,2026-09-13 18:00:00,2026-09-13 18:00:00,959.0
20260913,180000,71W,9,2026,9,13,18,47.1,178.8,95600.0,2026-09-13 18:00:00,2026-09-13 18:00:00,956.0
20260913,180000,71W,9,2026,9,13,18,49.1,185.29999999999998,95800.0,2026-09-13 18:00:00,2026-09-13 18:00:00,958.0
20260913,180000,71W,9,2026,9,13,18,50.800000000000004,189.5,96100.0,2026-09-13 18:00:00,2026-09-13 18:00:00,961.0
20260913,180000,71W,10,2026,9,13,18,15.6,158.9,100800.0,2026-09-13 18:00:00,2026-09-13 18:00:00,1008.0
20260913,180000,71W,10,2026,9,13,18,14.700000000000001,159.4,100500.0,2026-09-13 18:00:00,2026-09-13 18:00:00,1005.0
20260913,180000,71W,10,2026,9,13,18,15.6,160.0,100700.0,2026-09-13 18:00:00,2026-09-13 18:00:00,1007.0
20260913,180000,71W,10,2026,9,13,18,15.3,161.4,100600.0,2026-09-13 18:00:00,2026-09-13 18:00:00,1006.0
20260913,180000,71W,10,2026,9,13,18,15.9,162.8,100700.0,2026-09-13 18:00:00,2026-09-13 18:00:00,1007.0
20260913,180000,71W,10,2026,9,13,18,16.1,163.6,100500.0,2026-09-13 18:00:00,2026-09-13 18:00:00,1005.0
20260913,180000,71W,10,2026,9,13,18,16.7,164.5,100800.0,2026-09-13 18:00:00,2026-09-13 18:00:00,1008.0
20260913,180000,71W,10,2026,9,13,18,17.6,165.0,100700.0,2026-09-13 18:00:00,2026-09-13 18:00:00,1007.0
20260913,180000,71W,10,2026,9,13,18,19.5,165.6,100800.0,2026-09-13 18:00:00,2026-09-13 18:00:00,1008.0
20260913,180000,71W,10,2026,9,13,18,20.400000000000002,165.0,100600.0,2026-09-13 18:00:00,2026-09-13 18:00:00,1006.0
20260913,180000,71W,10,2026,9,13,18,21.8,165.0,100900.0,2026-09-13 18:00:00,2026-09-13 18:00:00,1009.0
20260913,180000,71W,10,2026,9,13,18,24.3,164.20000000000002,100900.0,2026-09-13 18:00:00,2026-09-13 18:00:00,1009.0
20260913,180000,71W,11,2026,9,13,18,13.0,147.3,100600.0,2026-09-13 18:00:00,2026-09-13 18:00:00,1006.0
20260913,180000,71W,12,2026,9,13,18,13.6,155.5,100500.0,2026-09-13 18:00:00,2026-09-13 18:00:00,1005.0
20260913,180000,71W,12,2026,9,13,18,12.5,152.4,100100.0,2026-09-13 18:00:00,2026-09-13 18:00:00,1001.0
20260913,180000,71W,12,2026,9,13,18,13.3,152.70000000000002,100300.0,2026-09-13 18:00:00,2026-09-13 18:00:00,1003.0
20260913,180000,71W,12,2026,9,13,18,13.3,152.4,100000.0,2026-09-13 18:00:00,2026-09-13 18:00:00,1000.0
20260913,180000,71W,12,2026,9,13,18,14.700000000000001,152.70000000000002,100100.0,2026-09-13 18:00:00,2026-09-13 18:00:00,1001.0
20260913,180000,71W,12,2026,9,13,18,15.200000000000001,151.5,99800.0,2026-09-13 18:00:00,2026-09-13 18:00:00,998.0
20260913,180000,71W,12,2026,9,13,18,15.9,151.0,99700.0,2026-09-13 18:00:00,2026-09-13 18:00:00,997.0
20260913,180000,71W,12,2026,9,13,18,16.4,150.70000000000002,99100.0,2026-09-13 18:00:00,2026-09-13 18:00:00,991.0
20260913,180000,71W,12,2026,9,13,18,16.7,150.70000000000002,99100.0,2026-09-13 18:00:00,2026-09-13 18:00:00,991.0
20260913,180000,71W,12,2026,9,13,18,17.8,151.0,98200.0,2026-09-13 18:00:00,2026-09-13 18:00:00,982.0
20260913,180000,71W,12,2026,9,13,18,19.0,150.4,98100.0,2026-09-13 18:00:00,2026-09-13 18:00:00,981.0
20260913,180000,71W,12,2026,9,13,18,20.1,149.6,97600.0,2026-09-13 18:00:00,2026-09-13 18:00:00,976.0
20260913,180000,71W,12,2026,9,13,18,20.900000000000002,149.3,97700.0,2026-09-13 18:00:00,2026-09-13 18:00:00,977.0
20260913,180000,71W,12,2026,9,13,18,22.1,147.9,97500.0,2026-09-13 18:00:00,2026-09-13 18:00:00,975.0
20260913,180000,71W,12,2026,9,13,18,22.6,146.8,97400.0,2026-09-13 18:00:00,2026-09-13 18:00:00,974.0
20260913,180000,71W,12,2026,9,13,18,23.2,145.6,96800.0,2026-09-13 18:00:00,2026-09-13 18:00:00,968.0
20260913,180000,71W,12,2026,9,13,18,23.5,144.8,96700.0,2026-09-13 18:00:00,2026-09-13 18:00:00,967.0
20260913,180000,71W,12,2026,9,13,18,24.0,143.70000000000002,96400.0,2026-09-13 18:00:00,2026-09-13 18:00:00,964.0
20260913,180000,71W,12,2026,9,13,18,24.3,142.8,96200.0,2026-09-13 18:00:00,2026-09-13 18:00:00,962.0
20260913,180000,71W,12,2026,9,13,18,24.900000000000002,141.70000000000002,96600.0,2026-09-13 18:00:00,2026-09-13 18:00:00,966.0
20260913,180000,71W,12,2026,9,13,18,25.2,140.6,96500.0,2026-09-13 18:00:00,2026-09-13 18:00:00,965.0
20260913,180000,71W,12,2026,9,13,18,26.0,139.5,96700.0,2026-09-13 18:00:00,2026-09-13 18:00:00,967.0
20260913,180000,71W,12,2026,9,13,18,26.6,139.20000000000002,96600.0,2026-09-13 18:00:00,2026-09-13 18:00:00,966.0
20260913,180000,71W,12,2026,9,13,18,26.900000000000002,138.3,96900.0,2026-09-13 18:00:00,2026-09-13 18:00:00,969.0
20260913,180000,71W,12,2026,9,13,18,28.0,138.0,96500.0,2026-09-13 18:00:00,2026-09-13 18:00:00,965.0
20260913,180000,71W,12,2026,9,13,18,29.400000000000002,138.3,96700.0,2026-09-13 18:00:00,2026-09-13 18:00:00,967.0
20260913,180000,71W,12,2026,9,13,18,30.8,138.3,96600.0,2026-09-13 18:00:00,2026-09-13 18:00:00,966.0
20260913,180000,71W,12,2026,9,13,18,31.900000000000002,138.9,96700.0,2026-09-13 18:00:00,2026-09-13 18:00:00,967.0
20260913,180000,71W,12,2026,9,13,18,33.6,140.3,97000.0,2026-09-13 18:00:00,2026-09-13 18:00:00,970.0
20260913,180000,71W,12,2026,9,13,18,35.6,142.5,97300.0,2026-09-13 18:00:00,2026-09-13 18:00:00,973.0
20260913,180000,71W,12,2026,9,13,18,37.800000000000004,145.1,97300.0,2026-09-13 18:00:00,2026-09-13 18:00:00,973.0
20260913,180000,71W,12,2026,9,13,18,40.0,147.70000000000002,97100.0,2026-09-13 18:00:00,2026-09-13 18:00:00,971.0
20260913,180000,71W,12,2026,9,13,18,42.4,152.1,97200.0,2026-09-13 18:00:00,2026-09-13 18:00:00,972.0
20260913,180000,71W,12,2026,9,13,18,45.2,154.6,96800.0,2026-09-13 18:00:00,2026-09-13 18:00:00,968.0
20260913,180000,71W,12,2026,9,13,18,46.9,158.6,96400.0,2026-09-13 18:00:00,2026-09-13 18:00:00,964.0
20260913,180000,71W,12,2026,9,13,18,49.5,162.1,96400.0,2026-09-13 18:00:00,2026-09-13 18:00:00,964.0
20260913,180000,71W,13,2026,9,13,18,9.700000000000001,167.0,100500.0,2026-09-13 18:00:00,2026-09-13 18:00:00,1005.0
20260913,180000,71W,13,2026,9,13,18,8.8,167.0,100800.0,2026-09-13 18:00:00,2026-09-13 18:00:00,1008.0
20260913,180000,71W,14,2026,9,13,18,12.200000000000001,152.4,100500.0,2026-09-13 18:00:00,2026-09-13 18:00:00,1005.0
20260913,180000,71W,14,2026,9,13,18,12.200000000000001,150.4,100200.0,2026-09-13 18:00:00,2026-09-13 18:00:00,1002.0
20260913,180000,71W,14,2026,9,13,18,12.200000000000001,150.70000000000002,100400.0,2026-09-13 18:00:00,2026-09-13 18:00:00,1004.0
20260913,180000,71W,14,2026,9,13,18,12.200000000000001,150.1,100000.0,2026-09-13 18:00:00,2026-09-13 18:00:00,1000.0
20260913,180000,71W,14,2026,9,13,18,13.0,150.1,99900.0,2026-09-13 18:00:00,2026-09-13 18:00:00,999.0
20260913,180000,71W,14,2026,9,13,18,13.3,149.6,99500.0,2026-09-13 18:00:00,2026-09-13 18:00:00,995.0
20260913,180000,71W,14,2026,9,13,18,13.9,149.3,99500.0,2026-09-13 18:00:00,2026-09-13 18:00:00,995.0
20260913,180000,71W,14,2026,9,13,18,14.200000000000001,149.6,99100.0,2026-09-13 18:00:00,2026-09-13 18:00:00,991.0
20260913,180000,71W,14,2026,9,13,18,15.3,149.6,99300.0,2026-09-13 18:00:00,2026-09-13 18:00:00,993.0
20260913,180000,71W,14,2026,9,13,18,16.4,149.6,98800.0,2026-09-13 18:00:00,2026-09-13 18:00:00,988.0
20260913,180000,71W,14,2026,9,13,18,17.3,149.3,98700.0,2026-09-13 18:00:00,2026-09-13 18:00:00,987.0
20260913,180000,71W,14,2026,9,13,18,18.400000000000002,148.5,98300.0,2026-09-13 18:00:00,2026-09-13 18:00:00,983.0
20260913,180000,71W,14,2026,9,13,18,19.2,148.20000000000002,98400.0,2026-09-13 18:00:00,2026-09-13 18:00:00,984.0
20260913,180000,71W,14,2026,9,13,18,19.8,147.3,97800.0,2026-09-13 18:00:00,2026-09-13 18:00:00,978.0
20260913,180000,71W,14,2026,9,13,18,20.7,146.20000000000002,97800.0,2026-09-13 18:00:00,2026-09-13 18:00:00,978.0
20260913,180000,71W,14,2026,9,13,18,21.2,144.8,97600.0,2026-09-13 18:00:00,2026-09-13 18:00:00,976.0
20260913,180000,71W,14,2026,9,13,18,21.8,143.70000000000002,97200.0,2026-09-13 18:00:00,2026-09-13 18:00:00,972.0
20260913,180000,71W,14,2026,9,13,18,22.6,142.8,97000.0,2026-09-13 18:00:00,2026-09-13 18:00:00,970.0
20260913,180000,71W,14,2026,9,13,18,22.6,141.1,96900.0,2026-09-13 18:00:00,2026-09-13 18:00:00,969.0
20260913,180000,71W,14,2026,9,13,18,22.900000000000002,140.0,96800.0,2026-09-13 18:00:00,2026-09-13 18:00:00,968.0
20260913,180000,71W,14,2026,9,13,18,23.5,138.6,96800.0,2026-09-13 18:00:00,2026-09-13 18:00:00,968.0
20260913,180000,71W,14,2026,9,13,18,23.8,137.8,96400.0,2026-09-13 18:00:00,2026-09-13 18:00:00,964.0
20260913,180000,71W,14,2026,9,13,18,24.3,136.4,96500.0,2026-09-13 18:00:00,2026-09-13 18:00:00,965.0
20260913,180000,71W,14,2026,9,13,18,24.900000000000002,135.0,96500.0,2026-09-13 18:00:00,2026-09-13 18:00:00,965.0
20260913,180000,71W,14,2026,9,13,18,25.400000000000002,133.5,96800.0,2026-09-13 18:00:00,2026-09-13 18:00:00,968.0
20260913,180000,71W,14,2026,9,13,18,25.7,133.0,96700.0,2026-09-13 18:00:00,2026-09-13 18:00:00,967.0
20260913,180000,71W,14,2026,9,13,18,26.0,132.1,96500.0,2026-09-13 18:00:00,2026-09-13 18:00:00,965.0
20260913,180000,71W,14,2026,9,13,18,26.6,131.3,96300.0,2026-09-13 18:00:00,2026-09-13 18:00:00,963.0
20260913,180000,71W,14,2026,9,13,18,27.400000000000002,131.0,96800.0,2026-09-13 18:00:00,2026-09-13 18:00:00,968.0
20260913,180000,71W,14,2026,9,13,18,28.5,130.7,96700.0,2026-09-13 18:00:00,2026-09-13 18:00:00,967.0
20260913,180000,71W,14,2026,9,13,18,29.400000000000002,131.3,96900.0,2026-09-13 18:00:00,2026-09-13 18:00:00,969.0
20260913,180000,71W,14,2026,9,13,18,30.5,131.3,97000.0,2026-09-13 18:00:00,2026-09-13 18:00:00,970.0
20260913,180000,71W,14,2026,9,13,18,31.900000000000002,131.9,97400.0,2026-09-13 18:00:00,2026-09-13 18:00:00,974.0
20260913,180000,71W,14,2026,9,13,18,33.6,133.7,97400.0,2026-09-13 18:00:00,2026-09-13 18:00:00,974.0
20260913,180000,71W,14,2026,9,13,18,35.6,135.5,98300.0,2026-09-13 18:00:00,2026-09-13 18:00:00,983.0
20260913,180000,71W,14,2026,9,13,18,38.4,139.20000000000002,98500.0,2026-09-13 18:00:00,2026-09-13 18:00:00,985.0
20260913,180000,71W,14,2026,9,13,18,40.7,144.0,98300.0,2026-09-13 18:00:00,2026-09-13 18:00:00,983.0
20260913,180000,71W,14,2026,9,13,18,41.5,147.6,98300.0,2026-09-13 18:00:00,2026-09-13 18:00:00,983.0
20260913,180000,71W,15,2026,9,13,18,12.5,151.3,100600.0,2026-09-13 18:00:00,2026-09-13 18:00:00,1006.0
20260913,180000,71W,15,2026,9,13,18,13.3,149.9,100400.0,2026-09-13 18:00:00,2026-09-13 18:00:00,1004.0
20260913,180000,71W,15,2026,9,13,18,13.0,148.5,100000.0,2026-09-13 18:00:00,2026-09-13 18:00:00,1000.0
20260913,180000,71W,15,2026,9,13,18,13.0,148.5,99800.0,2026-09-13 18:00:00,2026-09-13 18:00:00,998.0
20260913,180000,71W,15,2026,9,13,18,14.200000000000001,148.5,99400.0,2026-09-13 18:00:00,2026-09-13 18:00:00,994.0
20260913,180000,71W,15,2026,9,13,18,15.0,147.6,99700.0,2026-09-13 18:00:00,2026-09-13 18:00:00,997.0
20260913,180000,71W,15,2026,9,13,18,15.3,147.0,99400.0,2026-09-13 18:00:00,2026-09-13 18:00:00,994.0
20260913,180000,71W,15,2026,9,13,18,15.6,146.8,99400.0,2026-09-13 18:00:00,2026-09-13 18:00:00,994.0
20260913,180000,71W,15,2026,9,13,18,16.7,146.5,99000.0,2026-09-13 18:00:00,2026-09-13 18:00:00,990.0
20260913,180000,71W,15,2026,9,13,18,17.0,145.6,99100.0,2026-09-13 18:00:00,2026-09-13 18:00:00,991.0
20260913,180000,71W,15,2026,9,13,18,17.6,145.6,98600.0,2026-09-13 18:00:00,2026-09-13 18:00:00,986.0
20260913,180000,71W,15,2026,9,13,18,17.8,145.1,98700.0,2026-09-13 18:00:00,2026-09-13 18:00:00,987.0
20260913,180000,71W,15,2026,9,13,18,18.7,145.1,98100.0,2026-09-13 18:00:00,2026-09-13 18:00:00,981.0
20260913,180000,71W,15,2026,9,13,18,19.2,144.5,97900.0,2026-09-13 18:00:00,2026-09-13 18:00:00,979.0
20260913,180000,71W,15,2026,9,13,18,20.1,144.0,97400.0,2026-09-13 18:00:00,2026-09-13 18:00:00,974.0
20260913,180000,71W,15,2026,9,13,18,20.900000000000002,143.4,97100.0,2026-09-13 18:00:00,2026-09-13 18:00:00,971.0
20260913,180000,71W,15,2026,9,13,18,21.8,142.5,96800.0,2026-09-13 18:00:00,2026-09-13 18:00:00,968.0
20260913,180000,71W,15,2026,9,13,18,22.1,141.70000000000002,96700.0,2026-09-13 18:00:00,2026-09-13 18:00:00,967.0
20260913,180000,71W,15,2026,9,13,18,22.900000000000002,141.1,96400.0,2026-09-13 18:00:00,2026-09-13 18:00:00,964.0
20260913,180000,71W,15,2026,9,13,18,23.5,140.6,96700.0,2026-09-13 18:00:00,2026-09-13 18:00:00,967.0
20260913,180000,71W,15,2026,9,13,18,24.3,140.0,96300.0,2026-09-13 18:00:00,2026-09-13 18:00:00,963.0
20260913,180000,71W,15,2026,9,13,18,25.2,139.5,96000.0,2026-09-13 18:00:00,2026-09-13 18:00:00,960.0
20260913,180000,71W,15,2026,9,13,18,26.3,139.5,96200.0,2026-09-13 18:00:00,2026-09-13 18:00:00,962.0
20260913,180000,71W,15,2026,9,13,18,27.400000000000002,138.9,96500.0,2026-09-13 18:00:00,2026-09-13 18:00:00,965.0
20260913,180000,71W,15,2026,9,13,18,28.5,139.5,96200.0,2026-09-13 18:00:00,2026-09-13 18:00:00,962.0
20260913,180000,71W,15,2026,9,13,18,29.7,140.0,96800.0,2026-09-13 18:00:00,2026-09-13 18:00:00,968.0
20260913,180000,71W,15,2026,9,13,18,31.1,140.9,97000.0,2026-09-13 18:00:00,2026-09-13 18:00:00,970.0
20260913,180000,71W,15,2026,9,13,18,32.8,142.0,97400.0,2026-09-13 18:00:00,2026-09-13 18:00:00,974.0
20260913,180000,71W,15,2026,9,13,18,35.2,143.8,97300.0,2026-09-13 18:00:00,2026-09-13 18:00:00,973.0
20260913,180000,71W,16,2026,9,13,18,13.700000000000001,149.5,100400.0,2026-09-13 18:00:00,2026-09-13 18:00:00,1004.0
20260913,180000,71W,16,2026,9,13,18,12.8,149.0,100000.0,2026-09-13 18:00:00,2026-09-13 18:00:00,1000.0
20260913,180000,71W,16,2026,9,13,18,15.0,148.20000000000002,100100.0,2026-09-13 18:00:00,2026-09-13 18:00:00,1001.0
20260913,180000,71W,16,2026,9,13,18,14.200000000000001,147.9,99600.0,2026-09-13 18:00:00,2026-09-13 18:00:00,996.0
20260913,180000,71W,16,2026,9,13,18,15.5,148.0,100000.0,2026-09-13 18:00:00,2026-09-13 18:00:00,1000.0
20260913,180000,71W,16,2026,9,13,18,15.3,146.8,99500.0,2026-09-13 18:00:00,2026-09-13 18:00:00,995.0
20260913,180000,71W,16,2026,9,13,18,15.9,146.20000000000002,99400.0,2026-09-13 18:00:00,2026-09-13 18:00:00,994.0
20260913,180000,71W,16,2026,9,13,18,16.4,145.9,98900.0,2026-09-13 18:00:00,2026-09-13 18:00:00,989.0
20260913,180000,71W,16,2026,9,13,18,17.0,145.1,98400.0,2026-09-13 18:00:00,2026-09-13 18:00:00,984.0
20260913,180000,71W,16,2026,9,13,18,17.6,144.5,98000.0,2026-09-13 18:00:00,2026-09-13 18:00:00,980.0
20260913,180000,71W,16,2026,9,13,18,17.6,143.70000000000002,97800.0,2026-09-13 18:00:00,2026-09-13 18:00:00,978.0
20260913,180000,71W,16,2026,9,13,18,18.1,143.4,97400.0,2026-09-13 18:00:00,2026-09-13 18:00:00,974.0
20260913,180000,71W,16,2026,9,13,18,18.400000000000002,142.8,97200.0,2026-09-13 18:00:00,2026-09-13 18:00:00,972.0
20260913,180000,71W,16,2026,9,13,18,18.7,142.0,96600.0,2026-09-13 18:00:00,2026-09-13 18:00:00,966.0
20260913,180000,71W,16,2026,9,13,18,19.0,141.4,96600.0,2026-09-13 18:00:00,2026-09-13 18:00:00,966.0
20260913,180000,71W,16,2026,9,13,18,19.2,140.6,96300.0,2026-09-13 18:00:00,2026-09-13 18:00:00,963.0
20260913,180000,71W,16,2026,9,13,18,19.8,139.5,96400.0,2026-09-13 18:00:00,2026-09-13 18:00:00,964.0
20260913,180000,71W,16,2026,9,13,18,20.1,139.20000000000002,96200.0,2026-09-13 18:00:00,2026-09-13 18:00:00,962.0
20260913,180000,71W,16,2026,9,13,18,20.7,138.3,96500.0,2026-09-13 18:00:00,2026-09-13 18:00:00,965.0
20260913,180000,71W,16,2026,9,13,18,21.2,138.0,96200.0,2026-09-13 18:00:00,2026-09-13 18:00:00,962.0
20260913,180000,71W,16,2026,9,13,18,21.5,137.5,95700.0,2026-09-13 18:00:00,2026-09-13 18:00:00,957.0
20260913,180000,71W,16,2026,9,13,18,22.3,137.20000000000002,95600.0,2026-09-13 18:00:00,2026-09-13 18:00:00,956.0
20260913,180000,71W,16,2026,9,13,18,23.2,136.4,95700.0,2026-09-13 18:00:00,2026-09-13 18:00:00,957.0
20260913,180000,71W,16,2026,9,13,18,23.8,135.8,95200.0,2026-09-13 18:00:00,2026-09-13 18:00:00,952.0
20260913,180000,71W,16,2026,9,13,18,24.6,135.5,95300.0,2026-09-13 18:00:00,2026-09-13 18:00:00,953.0
20260913,180000,71W,16,2026,9,13,18,25.2,134.7,95300.0,2026-09-13 18:00:00,2026-09-13 18:00:00,953.0
20260913,180000,71W,16,2026,9,13,18,26.0,134.4,95300.0,2026-09-13 18:00:00,2026-09-13 18:00:00,953.0
20260913,180000,71W,16,2026,9,13,18,27.1,133.5,95700.0,2026-09-13 18:00:00,2026-09-13 18:00:00,957.0
20260913,180000,71W,16,2026,9,13,18,28.0,133.3,96000.0,2026-09-13 18:00:00,2026-09-13 18:00:00,960.0
20260913,180000,71W,16,2026,9,13,18,29.400000000000002,134.1,96300.0,2026-09-13 18:00:00,2026-09-13 18:00:00,963.0
20260913,180000,71W,16,2026,9,13,18,31.1,134.7,96400.0,2026-09-13 18:00:00,2026-09-13 18:00:00,964.0
20260913,180000,71W,16,2026,9,13,18,32.5,135.0,96000.0,2026-09-13 18:00:00,2026-09-13 18:00:00,960.0
20260913,180000,71W,16,2026,9,13,18,34.7,136.9,96900.0,2026-09-13 18:00:00,2026-09-13 18:00:00,969.0
20260913,180000,71W,17,2026,9,13,18,12.8,152.4,100500.0,2026-09-13 18:00:00,2026-09-13 18:00:00,1005.0
20260913,180000,71W,17,2026,9,13,18,13.3,152.1,100300.0,2026-09-13 18:00:00,2026-09-13 18:00:00,1003.0
20260913,180000,71W,17,2026,9,13,18,13.6,150.4,100500.0,2026-09-13 18:00:00,2026-09-13 18:00:00,1005.0
20260913,180000,71W,17,2026,9,13,18,13.6,150.4,100100.0,2026-09-13 18:00:00,2026-09-13 18:00:00,1001.0
20260913,180000,71W,17,2026,9,13,18,13.9,150.1,100200.0,2026-09-13 18:00:00,2026-09-13 18:00:00,1002.0
20260913,180000,71W,17,2026,9,13,18,14.700000000000001,149.9,99900.0,2026-09-13 18:00:00,2026-09-13 18:00:00,999.0
20260913,180000,71W,17,2026,9,13,18,15.0,149.0,99900.0,2026-09-13 18:00:00,2026-09-13 18:00:00,999.0
20260913,180000,71W,17,2026,9,13,18,15.6,148.70000000000002,99400.0,2026-09-13 18:00:00,2026-09-13 18:00:00,994.0
20260913,180000,71W,17,2026,9,13,18,16.7,148.70000000000002,99400.0,2026-09-13 18:00:00,2026-09-13 18:00:00,994.0
20260913,180000,71W,17,2026,9,13,18,17.3,147.9,99100.0,2026-09-13 18:00:00,2026-09-13 18:00:00,991.0
20260913,180000,71W,17,2026,9,13,18,17.8,147.6,99000.0,2026-09-13 18:00:00,2026-09-13 18:00:00,990.0
20260913,180000,71W,17,2026,9,13,18,19.2,147.3,98600.0,2026-09-13 18:00:00,2026-09-13 18:00:00,986.0
20260913,180000,71W,17,2026,9,13,18,20.1,146.5,98500.0,2026-09-13 18:00:00,2026-09-13 18:00:00,985.0
20260913,180000,71W,17,2026,9,13,18,21.2,145.9,98200.0,2026-09-13 18:00:00,2026-09-13 18:00:00,982.0
20260913,180000,71W,17,2026,9,13,18,21.8,144.8,98200.0,2026-09-13 18:00:00,2026-09-13 18:00:00,982.0
20260913,180000,71W,17,2026,9,13,18,22.1,144.0,98200.0,2026-09-13 18:00:00,2026-09-13 18:00:00,982.0
20260913,180000,71W,17,2026,9,13,18,22.3,143.1,98400.0,2026-09-13 18:00:00,2026-09-13 18:00:00,984.0
20260913,180000,71W,17,2026,9,13,18,23.400000000000002,142.5,98100.0,2026-09-13 18:00:00,2026-09-13 18:00:00,981.0
20260913,180000,71W,17,2026,9,13,18,23.8,141.6,98100.0,2026-09-13 18:00:00,2026-09-13 18:00:00,981.0
20260913,180000,71W,17,2026,9,13,18,24.3,140.9,97400.0,2026-09-13 18:00:00,2026-09-13 18:00:00,974.0
20260913,180000,71W,17,2026,9,13,18,24.6,139.70000000000002,97500.0,2026-09-13 18:00:00,2026-09-13 18:00:00,975.0
20260913,180000,71W,17,2026,9,13,18,25.400000000000002,139.5,97300.0,2026-09-13 18:00:00,2026-09-13 18:00:00,973.0
20260913,180000,71W,17,2026,9,13,18,26.0,138.6,97100.0,2026-09-13 18:00:00,2026-09-13 18:00:00,971.0
20260913,180000,71W,17,2026,9,13,18,26.6,138.6,97000.0,2026-09-13 18:00:00,2026-09-13 18:00:00,970.0
20260913,180000,71W,17,2026,9,13,18,27.1,138.3,96800.0,2026-09-13 18:00:00,2026-09-13 18:00:00,968.0
20260913,180000,71W,17,2026,9,13,18,28.0,138.6,97100.0,2026-09-13 18:00:00,2026-09-13 18:00:00,971.0
20260913,180000,71W,17,2026,9,13,18,28.8,138.6,97200.0,2026-09-13 18:00:00,2026-09-13 18:00:00,972.0
20260913,180000,71W,17,2026,9,13,18,30.0,139.20000000000002,97000.0,2026-09-13 18:00:00,2026-09-13 18:00:00,970.0
20260913,180000,71W,17,2026,9,13,18,30.8,139.70000000000002,97200.0,2026-09-13 18:00:00,2026-09-13 18:00:00,972.0
20260913,180000,71W,17,2026,9,13,18,32.1,140.8,96800.0,2026-09-13 18:00:00,2026-09-13 18:00:00,968.0
20260913,180000,71W,17,2026,9,13,18,33.0,142.3,97000.0,2026-09-13 18:00:00,2026-09-13 18:00:00,970.0
20260913,180000,71W,17,2026,9,13,18,34.7,144.0,96800.0,2026-09-13 18:00:00,2026-09-13 18:00:00,968.0
20260913,180000,71W,17,2026,9,13,18,35.9,146.20000000000002,96700.0,2026-09-13 18:00:00,2026-09-13 18:00:00,967.0
20260913,180000,71W,17,2026,9,13,18,36.7,149.0,96700.0,2026-09-13 18:00:00,2026-09-13 18:00:00,967.0
20260913,180000,71W,17,2026,9,13,18,38.1,152.1,96700.0,2026-09-13 18:00:00,2026-09-13 18:00:00,967.0
20260913,180000,71W,17,2026,9,13,18,39.2,155.20000000000002,96600.0,2026-09-13 18:00:00,2026-09-13 18:00:00,966.0
20260913,180000,71W,17,2026,9,13,18,40.7,158.0,96500.0,2026-09-13 18:00:00,2026-09-13 18:00:00,965.0
20260913,180000,71W,17,2026,9,13,18,41.7,161.20000000000002,96800.0,2026-09-13 18:00:00,2026-09-13 18:00:00,968.0
20260913,180000,71W,17,2026,9,13,18,42.6,163.6,96900.0,2026-09-13 18:00:00,2026-09-13 18:00:00,969.0
20260913,180000,71W,17,2026,9,13,18,43.6,166.8,96500.0,2026-09-13 18:00:00,2026-09-13 18:00:00,965.0
20260913,180000,71W,17,2026,9,13,18,44.800000000000004,170.0,96500.0,2026-09-13 18:00:00,2026-09-13 18:00:00,965.0
20260913,180000,71W,17,2026,9,13,18,45.7,172.9,96300.0,2026-09-13 18:00:00,2026-09-13 18:00:00,963.0
20260913,180000,71W,17,2026,9,13,18,46.6,175.70000000000002,96200.0,2026-09-13 18:00:00,2026-09-13 18:00:00,962.0
20260913,180000,71W,17,2026,9,13,18,47.1,179.1,96200.0,2026-09-13 18:00:00,2026-09-13 18:00:00,962.0
20260913,180000,71W,17,2026,9,13,18,48.5,183.0,96300.0,2026-09-13 18:00:00,2026-09-13 18:00:00,963.0
20260913,180000,71W,17,2026,9,13,18,49.7,186.4,96000.0,2026-09-13 18:00:00,2026-09-13 18:00:00,960.0
20260913,180000,71W,17,2026,9,13,18,50.800000000000004,190.1,95900.0,2026-09-13 18:00:00,2026-09-13 18:00:00,959.0
20260913,180000,71W,17,2026,9,13,18,51.6,193.5,96000.0,2026-09-13 18:00:00,2026-09-13 18:00:00,960.0
20260913,180000,71W,17,2026,9,13,18,51.6,197.7,96600.0,2026-09-13 18:00:00,2026-09-13 18:00:00,966.0
20260913,180000,71W,18,2026,9,13,18,13.3,154.9,99900.0,2026-09-13 18:00:00,2026-09-13 18:00:00,999.0
20260913,180000,71W,18,2026,9,13,18,13.6,154.1,99400.0,2026-09-13 18:00:00,2026-09-13 18:00:00,994.0
20260913,180000,71W,18,2026,9,13,18,14.200000000000001,153.20000000000002,99600.0,2026-09-13 18:00:00,2026-09-13 18:00:00,996.0
20260913,180000,71W,18,2026,9,13,18,15.0,152.70000000000002,99300.0,2026-09-13 18:00:00,2026-09-13 18:00:00,993.0
20260913,180000,71W,18,2026,9,13,18,15.6,152.4,99200.0,2026-09-13 18:00:00,2026-09-13 18:00:00,992.0
20260913,180000,71W,18,2026,9,13,18,16.4,151.8,98500.0,2026-09-13 18:00:00,2026-09-13 18:00:00,985.0
20260913,180000,71W,18,2026,9,13,18,16.7,151.8,98500.0,2026-09-13 18:00:00,2026-09-13 18:00:00,985.0
20260913,180000,71W,18,2026,9,13,18,17.6,151.5,98100.0,2026-09-13 18:00:00,2026-09-13 18:00:00,981.0
20260913,180000,71W,18,2026,9,13,18,18.400000000000002,150.70000000000002,98000.0,2026-09-13 18:00:00,2026-09-13 18:00:00,980.0
20260913,180000,71W,18,2026,9,13,18,19.0,150.1,97600.0,2026-09-13 18:00:00,2026-09-13 18:00:00,976.0
20260913,180000,71W,18,2026,9,13,18,19.8,149.6,97700.0,2026-09-13 18:00:00,2026-09-13 18:00:00,977.0
20260913,180000,71W,18,2026,9,13,18,20.7,148.70000000000002,97200.0,2026-09-13 18:00:00,2026-09-13 18:00:00,972.0
20260913,180000,71W,18,2026,9,13,18,21.2,147.9,97200.0,2026-09-13 18:00:00,2026-09-13 18:00:00,972.0
20260913,180000,71W,18,2026,9,13,18,22.1,147.0,96900.0,2026-09-13 18:00:00,2026-09-13 18:00:00,969.0
20260913,180000,71W,18,2026,9,13,18,22.6,145.6,96900.0,2026-09-13 18:00:00,2026-09-13 18:00:00,969.0
20260913,180000,71W,18,2026,9,13,18,22.900000000000002,144.5,96800.0,2026-09-13 18:00:00,2026-09-13 18:00:00,968.0
20260913,180000,71W,18,2026,9,13,18,23.2,143.1,96500.0,2026-09-13 18:00:00,2026-09-13 18:00:00,965.0
20260913,180000,71W,18,2026,9,13,18,23.2,142.5,96100.0,2026-09-13 18:00:00,2026-09-13 18:00:00,961.0
20260913,180000,71W,18,2026,9,13,18,24.0,141.1,96100.0,2026-09-13 18:00:00,2026-09-13 18:00:00,961.0
20260913,180000,71W,18,2026,9,13,18,24.3,140.0,96100.0,2026-09-13 18:00:00,2026-09-13 18:00:00,961.0
20260913,180000,71W,18,2026,9,13,18,24.6,138.6,95900.0,2026-09-13 18:00:00,2026-09-13 18:00:00,959.0
20260913,180000,71W,18,2026,9,13,18,24.900000000000002,137.8,95500.0,2026-09-13 18:00:00,2026-09-13 18:00:00,955.0
20260913,180000,71W,18,2026,9,13,18,25.2,136.9,95600.0,2026-09-13 18:00:00,2026-09-13 18:00:00,956.0
20260913,180000,71W,18,2026,9,13,18,25.400000000000002,136.4,95200.0,2026-09-13 18:00:00,2026-09-13 18:00:00,952.0
20260913,180000,71W,18,2026,9,13,18,25.7,135.8,95800.0,2026-09-13 18:00:00,2026-09-13 18:00:00,958.0
20260913,180000,71W,18,2026,9,13,18,26.3,135.2,96100.0,2026-09-13 18:00:00,2026-09-13 18:00:00,961.0
20260913,180000,71W,18,2026,9,13,18,26.3,134.4,96500.0,2026-09-13 18:00:00,2026-09-13 18:00:00,965.0
20260913,180000,71W,18,2026,9,13,18,26.900000000000002,133.8,96300.0,2026-09-13 18:00:00,2026-09-13 18:00:00,963.0
20260913,180000,71W,18,2026,9,13,18,27.1,133.5,96700.0,2026-09-13 18:00:00,2026-09-13 18:00:00,967.0
20260913,180000,71W,18,2026,9,13,18,28.5,133.3,96400.0,2026-09-13 18:00:00,2026-09-13 18:00:00,964.0
20260913,180000,71W,18,2026,9,13,18,29.1,133.0,96600.0,2026-09-13 18:00:00,2026-09-13 18:00:00,966.0
20260913,180000,71W,18,2026,9,13,18,30.2,133.8,96700.0,2026-09-13 18:00:00,2026-09-13 18:00:00,967.0
20260913,180000,71W,18,2026,9,13,18,31.400000000000002,134.1,96900.0,2026-09-13 18:00:00,2026-09-13 18:00:00,969.0
20260913,180000,71W,18,2026,9,13,18,32.5,135.5,97000.0,2026-09-13 18:00:00,2026-09-13 18:00:00,970.0
20260913,180000,71W,18,2026,9,13,18,33.9,137.20000000000002,97600.0,2026-09-13 18:00:00,2026-09-13 18:00:00,976.0
20260913,180000,71W,18,2026,9,13,18,35.0,139.5,98200.0,2026-09-13 18:00:00,2026-09-13 18:00:00,982.0
20260913,180000,71W,18,2026,9,13,18,36.4,142.5,98600.0,2026-09-13 18:00:00,2026-09-13 18:00:00,986.0
20260913,180000,71W,18,2026,9,13,18,37.800000000000004,145.9,98500.0,2026-09-13 18:00:00,2026-09-13 18:00:00,985.0
20260913,180000,71W,18,2026,9,13,18,38.2,149.8,98300.0,2026-09-13 18:00:00,2026-09-13 18:00:00,983.0
20260913,180000,71W,18,2026,9,13,18,39.2,154.6,98500.0,2026-09-13 18:00:00,2026-09-13 18:00:00,985.0
20260913,180000,71W,19,2026,9,13,18,10.5,149.3,100500.0,2026-09-13 18:00:00,2026-09-13 18:00:00,1005.0
20260913,180000,71W,19,2026,9,13,18,13.0,150.1,100300.0,2026-09-13 18:00:00,2026-09-13 18:00:00,1003.0
20260913,180000,71W,20,2026,9,13,18,18.7,106.5,100800.0,2026-09-13 18:00:00,2026-09-13 18:00:00,1008.0
20260913,180000,71W,21,2026,9,13,18,13.9,153.20000000000002,100600.0,2026-09-13 18:00:00,2026-09-13 18:00:00,1006.0
20260913,180000,71W,21,2026,9,13,18,14.700000000000001,151.3,100400.0,2026-09-13 18:00:00,2026-09-13 18:00:00,1004.0
20260913,180000,71W,21,2026,9,13,18,14.200000000000001,150.1,100100.0,2026-09-13 18:00:00,2026-09-13 18:00:00,1001.0
20260913,180000,71W,21,2026,9,13,18,14.200000000000001,149.3,100300.0,2026-09-13 18:00:00,2026-09-13 18:00:00,1003.0
20260913,180000,71W,21,2026,9,13,18,14.5,149.0,100000.0,2026-09-13 18:00:00,2026-09-13 18:00:00,1000.0
20260913,180000,71W,21,2026,9,13,18,15.0,148.5,100200.0,2026-09-13 18:00:00,2026-09-13 18:00:00,1002.0
20260913,180000,71W,21,2026,9,13,18,15.0,148.5,99900.0,2026-09-13 18:00:00,2026-09-13 18:00:00,999.0
20260913,180000,71W,21,2026,9,13,18,15.9,147.6,100000.0,2026-09-13 18:00:00,2026-09-13 18:00:00,1000.0
20260913,180000,71W,21,2026,9,13,18,16.1,147.3,99700.0,2026-09-13 18:00:00,2026-09-13 18:00:00,997.0
20260913,180000,71W,21,2026,9,13,18,17.0,147.9,99700.0,2026-09-13 18:00:00,2026-09-13 18:00:00,997.0
20260913,180000,71W,21,2026,9,13,18,17.8,147.3,99200.0,2026-09-13 18:00:00,2026-09-13 18:00:00,992.0
20260913,180000,71W,21,2026,9,13,18,19.2,147.0,99500.0,2026-09-13 18:00:00,2026-09-13 18:00:00,995.0
20260913,180000,71W,21,2026,9,13,18,19.8,146.5,98800.0,2026-09-13 18:00:00,2026-09-13 18:00:00,988.0
20260913,180000,71W,21,2026,9,13,18,20.7,146.20000000000002,98600.0,2026-09-13 18:00:00,2026-09-13 18:00:00,986.0
20260913,180000,71W,21,2026,9,13,18,20.900000000000002,145.4,98500.0,2026-09-13 18:00:00,2026-09-13 18:00:00,985.0
20260913,180000,71W,21,2026,9,13,18,21.2,145.1,98400.0,2026-09-13 18:00:00,2026-09-13 18:00:00,984.0
20260913,180000,71W,21,2026,9,13,18,22.1,144.5,98100.0,2026-09-13 18:00:00,2026-09-13 18:00:00,981.0
20260913,180000,71W,21,2026,9,13,18,22.6,144.0,98100.0,2026-09-13 18:00:00,2026-09-13 18:00:00,981.0
20260913,180000,71W,21,2026,9,13,18,23.2,143.1,97500.0,2026-09-13 18:00:00,2026-09-13 18:00:00,975.0
20260913,180000,71W,21,2026,9,13,18,23.5,142.3,97300.0,2026-09-13 18:00:00,2026-09-13 18:00:00,973.0
20260913,180000,71W,21,2026,9,13,18,24.0,141.4,97200.0,2026-09-13 18:00:00,2026-09-13 18:00:00,972.0
20260913,180000,71W,21,2026,9,13,18,24.900000000000002,140.9,96500.0,2026-09-13 18:00:00,2026-09-13 18:00:00,965.0
20260913,180000,71W,21,2026,9,13,18,25.400000000000002,139.70000000000002,96700.0,2026-09-13 18:00:00,2026-09-13 18:00:00,967.0
20260913,180000,71W,21,2026,9,13,18,26.3,139.5,96600.0,2026-09-13 18:00:00,2026-09-13 18:00:00,966.0
20260913,180000,71W,21,2026,9,13,18,26.900000000000002,138.3,96700.0,2026-09-13 18:00:00,2026-09-13 18:00:00,967.0
20260913,180000,71W,21,2026,9,13,18,27.400000000000002,138.3,96400.0,2026-09-13 18:00:00,2026-09-13 18:00:00,964.0
20260913,180000,71W,21,2026,9,13,18,28.3,137.8,96300.0,2026-09-13 18:00:00,2026-09-13 18:00:00,963.0
20260913,180000,71W,21,2026,9,13,18,28.5,137.5,96600.0,2026-09-13 18:00:00,2026-09-13 18:00:00,966.0
20260913,180000,71W,21,2026,9,13,18,29.7,137.5,96400.0,2026-09-13 18:00:00,2026-09-13 18:00:00,964.0
20260913,180000,71W,21,2026,9,13,18,30.2,137.8,96600.0,2026-09-13 18:00:00,2026-09-13 18:00:00,966.0
20260913,180000,71W,21,2026,9,13,18,31.400000000000002,138.6,96500.0,2026-09-13 18:00:00,2026-09-13 18:00:00,965.0
20260913,180000,71W,21,2026,9,13,18,32.5,140.0,96700.0,2026-09-13 18:00:00,2026-09-13 18:00:00,967.0
20260913,180000,71W,21,2026,9,13,18,34.2,141.4,96600.0,2026-09-13 18:00:00,2026-09-13 18:00:00,966.0
20260913,180000,71W,21,2026,9,13,18,35.300000000000004,143.1,96500.0,2026-09-13 18:00:00,2026-09-13 18:00:00,965.0
20260913,180000,71W,21,2026,9,13,18,36.7,145.6,96700.0,2026-09-13 18:00:00,2026-09-13 18:00:00,967.0
20260913,180000,71W,21,2026,9,13,18,37.6,147.3,96800.0,2026-09-13 18:00:00,2026-09-13 18:00:00,968.0
20260913,180000,71W,21,2026,9,13,18,39.0,149.6,96900.0,2026-09-13 18:00:00,2026-09-13 18:00:00,969.0
20260913,180000,71W,21,2026,9,13,18,40.4,151.5,96500.0,2026-09-13 18:00:00,2026-09-13 18:00:00,965.0
20260913,180000,71W,21,2026,9,13,18,41.1,153.0,96000.0,2026-09-13 18:00:00,2026-09-13 18:00:00,960.0
20260913,180000,71W,21,2026,9,13,18,42.800000000000004,157.3,95600.0,2026-09-13 18:00:00,2026-09-13 18:00:00,956.0
20260913,180000,71W,21,2026,9,13,18,43.5,158.9,95500.0,2026-09-13 18:00:00,2026-09-13 18:00:00,955.0
20260913,180000,71W,21,2026,9,13,18,43.800000000000004,161.70000000000002,95700.0,2026-09-13 18:00:00,2026-09-13 18:00:00,957.0
20260913,180000,71W,21,2026,9,13,18,45.2,165.3,95900.0,2026-09-13 18:00:00,2026-09-13 18:00:00,959.0
20260913,180000,71W,21,2026,9,13,18,47.4,167.6,95600.0,2026-09-13 18:00:00,2026-09-13 18:00:00,956.0
20260913,180000,71W,21,2026,9,13,18,49.4,169.5,95600.0,2026-09-13 18:00:00,2026-09-13 18:00:00,956.0
20260913,180000,71W,22,2026,9,13,18,13.9,153.8,100600.0,2026-09-13 18:00:00,2026-09-13 18:00:00,1006.0
20260913,180000,71W,22,2026,9,13,18,14.200000000000001,155.8,100200.0,2026-09-13 18:00:00,2026-09-13 18:00:00,1002.0
20260913,180000,71W,22,2026,9,13,18,15.0,154.9,100400.0,2026-09-13 18:00:00,2026-09-13 18:00:00,1004.0
20260913,180000,71W,22,2026,9,13,18,15.6,155.8,100200.0,2026-09-13 18:00:00,2026-09-13 18:00:00,1002.0
20260913,180000,71W,22,2026,9,13,18,17.0,155.20000000000002,100200.0,2026-09-13 18:00:00,2026-09-13 18:00:00,1002.0
20260913,180000,71W,22,2026,9,13,18,17.8,154.4,99700.0,2026-09-13 18:00:00,2026-09-13 18:00:00,997.0
20260913,180000,71W,22,2026,9,13,18,18.400000000000002,154.4,99800.0,2026-09-13 18:00:00,2026-09-13 18:00:00,998.0
20260913,180000,71W,22,2026,9,13,18,19.2,154.1,99300.0,2026-09-13 18:00:00,2026-09-13 18:00:00,993.0
20260913,180000,71W,22,2026,9,13,18,20.1,153.20000000000002,99200.0,2026-09-13 18:00:00,2026-09-13 18:00:00,992.0
20260913,180000,71W,22,2026,9,13,18,20.8,152.9,99300.0,2026-09-13 18:00:00,2026-09-13 18:00:00,993.0
20260913,180000,71W,22,2026,9,13,18,21.8,151.8,99100.0,2026-09-13 18:00:00,2026-09-13 18:00:00,991.0
20260913,180000,71W,22,2026,9,13,18,22.6,150.70000000000002,98700.0,2026-09-13 18:00:00,2026-09-13 18:00:00,987.0
20260913,180000,71W,22,2026,9,13,18,23.0,149.70000000000002,98800.0,2026-09-13 18:00:00,2026-09-13 18:00:00,988.0
20260913,180000,71W,22,2026,9,13,18,23.5,148.5,98900.0,2026-09-13 18:00:00,2026-09-13 18:00:00,989.0
20260913,180000,71W,22,2026,9,13,18,23.8,147.6,99000.0,2026-09-13 18:00:00,2026-09-13 18:00:00,990.0
20260913,180000,71W,22,2026,9,13,18,23.8,146.5,98800.0,2026-09-13 18:00:00,2026-09-13 18:00:00,988.0
20260913,180000,71W,22,2026,9,13,18,24.0,145.4,98700.0,2026-09-13 18:00:00,2026-09-13 18:00:00,987.0
20260913,180000,71W,22,2026,9,13,18,24.3,144.20000000000002,98100.0,2026-09-13 18:00:00,2026-09-13 18:00:00,981.0
20260913,180000,71W,22,2026,9,13,18,24.6,142.8,97700.0,2026-09-13 18:00:00,2026-09-13 18:00:00,977.0
20260913,180000,71W,22,2026,9,13,18,24.6,141.4,97700.0,2026-09-13 18:00:00,2026-09-13 18:00:00,977.0
20260913,180000,71W,22,2026,9,13,18,24.900000000000002,140.6,97600.0,2026-09-13 18:00:00,2026-09-13 18:00:00,976.0
20260913,180000,71W,22,2026,9,13,18,25.400000000000002,139.5,97400.0,2026-09-13 18:00:00,2026-09-13 18:00:00,974.0
20260913,180000,71W,22,2026,9,13,18,25.7,138.6,97300.0,2026-09-13 18:00:00,2026-09-13 18:00:00,973.0
20260913,180000,71W,22,2026,9,13,18,25.7,137.8,97400.0,2026-09-13 18:00:00,2026-09-13 18:00:00,974.0
20260913,180000,71W,22,2026,9,13,18,25.7,136.6,97200.0,2026-09-13 18:00:00,2026-09-13 18:00:00,972.0
20260913,180000,71W,22,2026,9,13,18,25.7,136.1,97200.0,2026-09-13 18:00:00,2026-09-13 18:00:00,972.0
20260913,180000,71W,22,2026,9,13,18,26.3,135.5,97400.0,2026-09-13 18:00:00,2026-09-13 18:00:00,974.0
20260913,180000,71W,22,2026,9,13,18,26.6,134.4,97200.0,2026-09-13 18:00:00,2026-09-13 18:00:00,972.0
20260913,180000,71W,22,2026,9,13,18,26.900000000000002,133.8,97600.0,2026-09-13 18:00:00,2026-09-13 18:00:00,976.0
20260913,180000,71W,22,2026,9,13,18,27.1,133.0,97200.0,2026-09-13 18:00:00,2026-09-13 18:00:00,972.0
20260913,180000,71W,22,2026,9,13,18,27.7,132.4,97100.0,2026-09-13 18:00:00,2026-09-13 18:00:00,971.0
20260913,180000,71W,22,2026,9,13,18,28.5,132.1,96700.0,2026-09-13 18:00:00,2026-09-13 18:00:00,967.0
20260913,180000,71W,22,2026,9,13,18,29.400000000000002,132.1,97000.0,2026-09-13 18:00:00,2026-09-13 18:00:00,970.0
20260913,180000,71W,22,2026,9,13,18,30.5,132.1,97000.0,2026-09-13 18:00:00,2026-09-13 18:00:00,970.0
20260913,180000,71W,22,2026,9,13,18,31.6,133.0,97100.0,2026-09-13 18:00:00,2026-09-13 18:00:00,971.0
20260913,180000,71W,22,2026,9,13,18,33.0,133.8,97300.0,2026-09-13 18:00:00,2026-09-13 18:00:00,973.0
20260913,180000,71W,22,2026,9,13,18,34.5,135.2,98000.0,2026-09-13 18:00:00,2026-09-13 18:00:00,980.0
20260913,180000,71W,22,2026,9,13,18,36.7,137.20000000000002,98800.0,2026-09-13 18:00:00,2026-09-13 18:00:00,988.0
20260913,180000,71W,22,2026,9,13,18,38.1,140.9,99000.0,2026-09-13 18:00:00,2026-09-13 18:00:00,990.0
20260913,180000,71W,22,2026,9,13,18,40.7,144.20000000000002,98500.0,2026-09-13 18:00:00,2026-09-13 18:00:00,985.0
20260913,180000,71W,22,2026,9,13,18,42.6,148.9,98700.0,2026-09-13 18:00:00,2026-09-13 18:00:00,987.0
20260913,180000,71W,23,2026,9,13,18,13.9,153.0,100500.0,2026-09-13 18:00:00,2026-09-13 18:00:00,1005.0
20260913,180000,71W,23,2026,9,13,18,14.700000000000001,154.9,100100.0,2026-09-13 18:00:00,2026-09-13 18:00:00,1001.0
20260913,180000,71W,23,2026,9,13,18,15.6,153.5,100400.0,2026-09-13 18:00:00,2026-09-13 18:00:00,1004.0
20260913,180000,71W,23,2026,9,13,18,15.6,152.1,100100.0,2026-09-13 18:00:00,2026-09-13 18:00:00,1001.0
20260913,180000,71W,23,2026,9,13,18,15.6,150.70000000000002,99900.0,2026-09-13 18:00:00,2026-09-13 18:00:00,999.0
20260913,180000,71W,23,2026,9,13,18,15.9,151.0,100100.0,2026-09-13 18:00:00,2026-09-13 18:00:00,1001.0
20260913,180000,71W,23,2026,9,13,18,16.7,151.0,99600.0,2026-09-13 18:00:00,2026-09-13 18:00:00,996.0
20260913,180000,71W,23,2026,9,13,18,17.0,151.3,99900.0,2026-09-13 18:00:00,2026-09-13 18:00:00,999.0
20260913,180000,71W,23,2026,9,13,18,18.1,151.3,99800.0,2026-09-13 18:00:00,2026-09-13 18:00:00,998.0
20260913,180000,71W,23,2026,9,13,18,20.5,151.4,99800.0,2026-09-13 18:00:00,2026-09-13 18:00:00,998.0
20260913,180000,71W,23,2026,9,13,18,22.1,150.70000000000002,99500.0,2026-09-13 18:00:00,2026-09-13 18:00:00,995.0
20260913,180000,71W,23,2026,9,13,18,22.900000000000002,149.3,99400.0,2026-09-13 18:00:00,2026-09-13 18:00:00,994.0
20260913,180000,71W,23,2026,9,13,18,23.2,149.0,99000.0,2026-09-13 18:00:00,2026-09-13 18:00:00,990.0
20260913,180000,71W,23,2026,9,13,18,24.3,147.9,98800.0,2026-09-13 18:00:00,2026-09-13 18:00:00,988.0
20260913,180000,71W,23,2026,9,13,18,24.900000000000002,146.20000000000002,98600.0,2026-09-13 18:00:00,2026-09-13 18:00:00,986.0
20260913,180000,71W,23,2026,9,13,18,24.900000000000002,145.1,98700.0,2026-09-13 18:00:00,2026-09-13 18:00:00,987.0
20260913,180000,71W,23,2026,9,13,18,24.900000000000002,144.0,98500.0,2026-09-13 18:00:00,2026-09-13 18:00:00,985.0
20260913,180000,71W,23,2026,9,13,18,25.1,143.0,98400.0,2026-09-13 18:00:00,2026-09-13 18:00:00,984.0
20260913,180000,71W,23,2026,9,13,18,25.400000000000002,142.3,98000.0,2026-09-13 18:00:00,2026-09-13 18:00:00,980.0
20260913,180000,71W,23,2026,9,13,18,26.3,140.9,97800.0,2026-09-13 18:00:00,2026-09-13 18:00:00,978.0
20260913,180000,71W,23,2026,9,13,18,26.6,139.70000000000002,97400.0,2026-09-13 18:00:00,2026-09-13 18:00:00,974.0
20260913,180000,71W,23,2026,9,13,18,26.900000000000002,138.9,97100.0,2026-09-13 18:00:00,2026-09-13 18:00:00,971.0
20260913,180000,71W,23,2026,9,13,18,27.400000000000002,137.8,97200.0,2026-09-13 18:00:00,2026-09-13 18:00:00,972.0
20260913,180000,71W,23,2026,9,13,18,27.7,137.20000000000002,97100.0,2026-09-13 18:00:00,2026-09-13 18:00:00,971.0
20260913,180000,71W,23,2026,9,13,18,28.3,136.4,97200.0,2026-09-13 18:00:00,2026-09-13 18:00:00,972.0
20260913,180000,71W,23,2026,9,13,18,28.5,136.4,97400.0,2026-09-13 18:00:00,2026-09-13 18:00:00,974.0
20260913,180000,71W,23,2026,9,13,18,29.400000000000002,136.4,97400.0,2026-09-13 18:00:00,2026-09-13 18:00:00,974.0
20260913,180000,71W,23,2026,9,13,18,30.2,136.4,97400.0,2026-09-13 18:00:00,2026-09-13 18:00:00,974.0
20260913,180000,71W,23,2026,9,13,18,31.1,136.9,97000.0,2026-09-13 18:00:00,2026-09-13 18:00:00,970.0
20260913,180000,71W,23,2026,9,13,18,31.900000000000002,137.8,97500.0,2026-09-13 18:00:00,2026-09-13 18:00:00,975.0
20260913,180000,71W,23,2026,9,13,18,32.8,139.20000000000002,97800.0,2026-09-13 18:00:00,2026-09-13 18:00:00,978.0
20260913,180000,71W,23,2026,9,13,18,33.6,140.9,98200.0,2026-09-13 18:00:00,2026-09-13 18:00:00,982.0
20260913,180000,71W,23,2026,9,13,18,35.0,143.4,98000.0,2026-09-13 18:00:00,2026-09-13 18:00:00,980.0
20260913,180000,71W,23,2026,9,13,18,35.9,145.9,98200.0,2026-09-13 18:00:00,2026-09-13 18:00:00,982.0
20260913,180000,71W,23,2026,9,13,18,37.0,149.3,98300.0,2026-09-13 18:00:00,2026-09-13 18:00:00,983.0
20260913,180000,71W,23,2026,9,13,18,37.300000000000004,152.1,98500.0,2026-09-13 18:00:00,2026-09-13 18:00:00,985.0
20260913,180000,71W,23,2026,9,13,18,37.6,156.0,98300.0,2026-09-13 18:00:00,2026-09-13 18:00:00,983.0
20260913,180000,71W,23,2026,9,13,18,38.1,159.70000000000002,98400.0,2026-09-13 18:00:00,2026-09-13 18:00:00,984.0
20260913,180000,71W,23,2026,9,13,18,38.7,163.4,98500.0,2026-09-13 18:00:00,2026-09-13 18:00:00,985.0
20260913,180000,71W,23,2026,9,13,18,39.0,167.3,98500.0,2026-09-13 18:00:00,2026-09-13 18:00:00,985.0
20260913,180000,71W,23,2026,9,13,18,39.5,170.4,98600.0,2026-09-13 18:00:00,2026-09-13 18:00:00,986.0
20260913,180000,71W,23,2026,9,13,18,40.1,174.6,98700.0,2026-09-13 18:00:00,2026-09-13 18:00:00,987.0
20260913,180000,71W,23,2026,9,13,18,41.5,178.3,98700.0,2026-09-13 18:00:00,2026-09-13 18:00:00,987.0
20260913,180000,71W,23,2026,9,13,18,42.1,181.9,98400.0,2026-09-13 18:00:00,2026-09-13 18:00:00,984.0
20260913,180000,71W,23,2026,9,13,18,43.2,187.0,98400.0,2026-09-13 18:00:00,2026-09-13 18:00:00,984.0
20260913,180000,71W,23,2026,9,13,18,45.4,193.5,98600.0,2026-09-13 18:00:00,2026-09-13 18:00:00,986.0
20260913,180000,71W,24,2026,9,13,18,13.6,155.8,100000.0,2026-09-13 18:00:00,2026-09-13 18:00:00,1000.0
20260913,180000,71W,24,2026,9,13,18,14.700000000000001,154.9,99700.0,2026-09-13 18:00:00,2026-09-13 18:00:00,997.0
20260913,180000,71W,24,2026,9,13,18,14.5,153.8,99700.0,2026-09-13 18:00:00,2026-09-13 18:00:00,997.0
20260913,180000,71W,24,2026,9,13,18,14.5,153.5,99300.0,2026-09-13 18:00:00,2026-09-13 18:00:00,993.0
20260913,180000,71W,24,2026,9,13,18,15.3,153.5,99600.0,2026-09-13 18:00:00,2026-09-13 18:00:00,996.0
20260913,180000,71W,24,2026,9,13,18,15.6,153.8,98600.0,2026-09-13 18:00:00,2026-09-13 18:00:00,986.0
20260913,180000,71W,24,2026,9,13,18,16.4,154.1,98500.0,2026-09-13 18:00:00,2026-09-13 18:00:00,985.0
20260913,180000,71W,24,2026,9,13,18,17.3,154.1,98500.0,2026-09-13 18:00:00,2026-09-13 18:00:00,985.0
20260913,180000,71W,24,2026,9,13,18,17.8,154.1,98700.0,2026-09-13 18:00:00,2026-09-13 18:00:00,987.0
20260913,180000,71W,24,2026,9,13,18,19.2,154.1,98300.0,2026-09-13 18:00:00,2026-09-13 18:00:00,983.0
20260913,180000,71W,24,2026,9,13,18,20.7,153.20000000000002,97700.0,2026-09-13 18:00:00,2026-09-13 18:00:00,977.0
20260913,180000,71W,24,2026,9,13,18,21.8,152.1,97900.0,2026-09-13 18:00:00,2026-09-13 18:00:00,979.0
20260913,180000,71W,24,2026,9,13,18,22.6,150.70000000000002,97700.0,2026-09-13 18:00:00,2026-09-13 18:00:00,977.0
20260913,180000,71W,24,2026,9,13,18,23.5,149.6,97400.0,2026-09-13 18:00:00,2026-09-13 18:00:00,974.0
20260913,180000,71W,24,2026,9,13,18,24.3,147.9,97200.0,2026-09-13 18:00:00,2026-09-13 18:00:00,972.0
20260913,180000,71W,24,2026,9,13,18,24.6,146.20000000000002,97400.0,2026-09-13 18:00:00,2026-09-13 18:00:00,974.0
20260913,180000,71W,24,2026,9,13,18,24.6,145.1,97500.0,2026-09-13 18:00:00,2026-09-13 18:00:00,975.0
20260913,180000,71W,24,2026,9,13,18,25.2,144.20000000000002,97200.0,2026-09-13 18:00:00,2026-09-13 18:00:00,972.0
20260913,180000,71W,24,2026,9,13,18,25.2,143.4,97200.0,2026-09-13 18:00:00,2026-09-13 18:00:00,972.0
20260913,180000,71W,24,2026,9,13,18,25.400000000000002,142.3,97100.0,2026-09-13 18:00:00,2026-09-13 18:00:00,971.0
20260913,180000,71W,24,2026,9,13,18,26.0,141.1,97400.0,2026-09-13 18:00:00,2026-09-13 18:00:00,974.0
20260913,180000,71W,24,2026,9,13,18,26.6,140.0,97200.0,2026-09-13 18:00:00,2026-09-13 18:00:00,972.0
20260913,180000,71W,24,2026,9,13,18,26.900000000000002,139.5,97300.0,2026-09-13 18:00:00,2026-09-13 18:00:00,973.0
20260913,180000,71W,24,2026,9,13,18,27.400000000000002,138.9,97400.0,2026-09-13 18:00:00,2026-09-13 18:00:00,974.0
20260913,180000,71W,24,2026,9,13,18,28.5,138.6,97400.0,2026-09-13 18:00:00,2026-09-13 18:00:00,974.0
20260913,180000,71W,24,2026,9,13,18,29.1,138.6,97200.0,2026-09-13 18:00:00,2026-09-13 18:00:00,972.0
20260913,180000,71W,24,2026,9,13,18,30.2,139.20000000000002,97100.0,2026-09-13 18:00:00,2026-09-13 18:00:00,971.0
20260913,180000,71W,24,2026,9,13,18,31.6,140.0,97100.0,2026-09-13 18:00:00,2026-09-13 18:00:00,971.0
20260913,180000,71W,24,2026,9,13,18,33.9,141.70000000000002,97200.0,2026-09-13 18:00:00,2026-09-13 18:00:00,972.0
20260913,180000,71W,24,2026,9,13,18,36.1,144.0,97500.0,2026-09-13 18:00:00,2026-09-13 18:00:00,975.0
20260913,180000,71W,24,2026,9,13,18,39.5,146.8,97500.0,2026-09-13 18:00:00,2026-09-13 18:00:00,975.0
20260913,180000,71W,24,2026,9,13,18,42.9,148.5,97000.0,2026-09-13 18:00:00,2026-09-13 18:00:00,970.0
20260913,180000,71W,24,2026,9,13,18,45.800000000000004,150.1,96200.0,2026-09-13 18:00:00,2026-09-13 18:00:00,962.0
20260913,180000,71W,24,2026,9,13,18,47.800000000000004,153.0,95500.0,2026-09-13 18:00:00,2026-09-13 18:00:00,955.0
20260913,180000,71W,24,2026,9,13,18,49.7,156.0,95500.0,2026-09-13 18:00:00,2026-09-13 18:00:00,955.0
20260913,180000,71W,24,2026,9,13,18,51.1,158.3,95500.0,2026-09-13 18:00:00,2026-09-13 18:00:00,955.0
20260913,180000,71W,25,2026,9,13,18,1.8,174.0,100800.0,2026-09-13 18:00:00,2026-09-13 18:00:00,1008.0
20260913,180000,71W,25,2026,9,13,18,2.1,172.6,100700.0,2026-09-13 18:00:00,2026-09-13 18:00:00,1007.0
20260913,180000,71W,26,2026,9,13,18,8.700000000000001,179.6,100500.0,2026-09-13 18:00:00,2026-09-13 18:00:00,1005.0
20260913,180000,71W,26,2026,9,13,18,10.8,178.8,100600.0,2026-09-13 18:00:00,2026-09-13 18:00:00,1006.0
20260913,180000,71W,26,2026,9,13,18,10.8,175.20000000000002,100700.0,2026-09-13 18:00:00,2026-09-13 18:00:00,1007.0
20260913,180000,71W,26,2026,9,13,18,13.0,173.8,100800.0,2026-09-13 18:00:00,2026-09-13 18:00:00,1008.0
20260913,180000,71W,26,2026,9,13,18,13.9,173.20000000000002,100900.0,2026-09-13 18:00:00,2026-09-13 18:00:00,1009.0
20260913,180000,71W,27,2026,9,13,18,12.0,152.6,100600.0,2026-09-13 18:00:00,2026-09-13 18:00:00,1006.0
20260913,180000,71W,27,2026,9,13,18,13.6,154.6,100400.0,2026-09-13 18:00:00,2026-09-13 18:00:00,1004.0
20260913,180000,71W,27,2026,9,13,18,14.5,153.5,100500.0,2026-09-13 18:00:00,2026-09-13 18:00:00,1005.0
20260913,180000,71W,27,2026,9,13,18,15.0,152.70000000000002,100200.0,2026-09-13 18:00:00,2026-09-13 18:00:00,1002.0
20260913,180000,71W,27,2026,9,13,18,15.3,152.1,100200.0,2026-09-13 18:00:00,2026-09-13 18:00:00,1002.0
20260913,180000,71W,27,2026,9,13,18,15.3,152.1,100000.0,2026-09-13 18:00:00,2026-09-13 18:00:00,1000.0
20260913,180000,71W,27,2026,9,13,18,15.9,151.5,100000.0,2026-09-13 18:00:00,2026-09-13 18:00:00,1000.0
20260913,180000,71W,27,2026,9,13,18,16.1,151.5,99700.0,2026-09-13 18:00:00,2026-09-13 18:00:00,997.0
20260913,180000,71W,27,2026,9,13,18,17.6,152.1,99500.0,2026-09-13 18:00:00,2026-09-13 18:00:00,995.0
20260913,180000,71W,27,2026,9,13,18,18.7,151.8,98600.0,2026-09-13 18:00:00,2026-09-13 18:00:00,986.0
20260913,180000,71W,27,2026,9,13,18,20.1,151.5,98600.0,2026-09-13 18:00:00,2026-09-13 18:00:00,986.0
20260913,180000,71W,27,2026,9,13,18,21.5,150.70000000000002,97700.0,2026-09-13 18:00:00,2026-09-13 18:00:00,977.0
20260913,180000,71W,27,2026,9,13,18,22.3,149.6,97700.0,2026-09-13 18:00:00,2026-09-13 18:00:00,977.0
20260913,180000,71W,27,2026,9,13,18,23.5,148.70000000000002,97300.0,2026-09-13 18:00:00,2026-09-13 18:00:00,973.0
20260913,180000,71W,27,2026,9,13,18,24.0,147.6,97100.0,2026-09-13 18:00:00,2026-09-13 18:00:00,971.0
20260913,180000,71W,27,2026,9,13,18,24.900000000000002,146.20000000000002,97000.0,2026-09-13 18:00:00,2026-09-13 18:00:00,970.0
20260913,180000,71W,27,2026,9,13,18,25.400000000000002,145.1,96800.0,2026-09-13 18:00:00,2026-09-13 18:00:00,968.0
20260913,180000,71W,27,2026,9,13,18,26.0,143.70000000000002,96800.0,2026-09-13 18:00:00,2026-09-13 18:00:00,968.0
20260913,180000,71W,27,2026,9,13,18,26.6,142.3,96900.0,2026-09-13 18:00:00,2026-09-13 18:00:00,969.0
20260913,180000,71W,27,2026,9,13,18,26.900000000000002,141.1,96900.0,2026-09-13 18:00:00,2026-09-13 18:00:00,969.0
20260913,180000,71W,27,2026,9,13,18,27.1,140.0,96800.0,2026-09-13 18:00:00,2026-09-13 18:00:00,968.0
20260913,180000,71W,27,2026,9,13,18,27.400000000000002,139.20000000000002,97000.0,2026-09-13 18:00:00,2026-09-13 18:00:00,970.0
20260913,180000,71W,27,2026,9,13,18,27.400000000000002,137.8,96800.0,2026-09-13 18:00:00,2026-09-13 18:00:00,968.0
20260913,180000,71W,27,2026,9,13,18,28.0,137.5,96300.0,2026-09-13 18:00:00,2026-09-13 18:00:00,963.0
20260913,180000,71W,27,2026,9,13,18,28.0,136.9,97000.0,2026-09-13 18:00:00,2026-09-13 18:00:00,970.0
20260913,180000,71W,27,2026,9,13,18,28.5,136.4,96900.0,2026-09-13 18:00:00,2026-09-13 18:00:00,969.0
20260913,180000,71W,27,2026,9,13,18,28.8,135.8,97200.0,2026-09-13 18:00:00,2026-09-13 18:00:00,972.0
20260913,180000,71W,27,2026,9,13,18,29.1,135.2,97100.0,2026-09-13 18:00:00,2026-09-13 18:00:00,971.0
20260913,180000,71W,27,2026,9,13,18,29.7,135.0,97000.0,2026-09-13 18:00:00,2026-09-13 18:00:00,970.0
20260913,180000,71W,27,2026,9,13,18,30.5,134.7,96800.0,2026-09-13 18:00:00,2026-09-13 18:00:00,968.0
20260913,180000,71W,27,2026,9,13,18,31.400000000000002,134.7,96700.0,2026-09-13 18:00:00,2026-09-13 18:00:00,967.0
20260913,180000,71W,27,2026,9,13,18,32.2,134.7,96700.0,2026-09-13 18:00:00,2026-09-13 18:00:00,967.0
20260913,180000,71W,27,2026,9,13,18,33.3,135.2,97300.0,2026-09-13 18:00:00,2026-09-13 18:00:00,973.0
20260913,180000,71W,27,2026,9,13,18,35.0,135.8,98000.0,2026-09-13 18:00:00,2026-09-13 18:00:00,980.0
20260913,180000,71W,27,2026,9,13,18,35.6,136.9,99500.0,2026-09-13 18:00:00,2026-09-13 18:00:00,995.0
20260913,180000,71W,27,2026,9,13,18,37.800000000000004,140.9,99600.0,2026-09-13 18:00:00,2026-09-13 18:00:00,996.0
20260913,180000,71W,27,2026,9,13,18,40.4,144.0,99500.0,2026-09-13 18:00:00,2026-09-13 18:00:00,995.0
20260913,180000,71W,27,2026,9,13,18,43.5,148.5,99300.0,2026-09-13 18:00:00,2026-09-13 18:00:00,993.0
20260913,180000,71W,27,2026,9,13,18,45.7,153.8,99500.0,2026-09-13 18:00:00,2026-09-13 18:00:00,995.0
20260913,180000,71W,28,2026,9,13,18,12.200000000000001,151.8,100600.0,2026-09-13 18:00:00,2026-09-13 18:00:00,1006.0
20260913,180000,71W,28,2026,9,13,18,13.0,151.0,100400.0,2026-09-13 18:00:00,2026-09-13 18:00:00,1004.0
20260913,180000,71W,28,2026,9,13,18,12.8,150.1,100600.0,2026-09-13 18:00:00,2026-09-13 18:00:00,1006.0
20260913,180000,71W,28,2026,9,13,18,13.0,149.6,100400.0,2026-09-13 18:00:00,2026-09-13 18:00:00,1004.0
20260913,180000,71W,28,2026,9,13,18,13.3,149.4,100400.0,2026-09-13 18:00:00,2026-09-13 18:00:00,1004.0
20260913,180000,71W,28,2026,9,13,18,13.700000000000001,148.3,100100.0,2026-09-13 18:00:00,2026-09-13 18:00:00,1001.0
20260913,180000,71W,28,2026,9,13,18,13.0,146.8,100200.0,2026-09-13 18:00:00,2026-09-13 18:00:00,1002.0
20260913,180000,71W,28,2026,9,13,18,13.0,147.0,99800.0,2026-09-13 18:00:00,2026-09-13 18:00:00,998.0
20260913,180000,71W,28,2026,9,13,18,14.5,146.8,99900.0,2026-09-13 18:00:00,2026-09-13 18:00:00,999.0
20260913,180000,71W,28,2026,9,13,18,15.0,146.8,99400.0,2026-09-13 18:00:00,2026-09-13 18:00:00,994.0
20260913,180000,71W,28,2026,9,13,18,15.9,146.20000000000002,99600.0,2026-09-13 18:00:00,2026-09-13 18:00:00,996.0
20260913,180000,71W,28,2026,9,13,18,16.4,146.20000000000002,99000.0,2026-09-13 18:00:00,2026-09-13 18:00:00,990.0
20260913,180000,71W,28,2026,9,13,18,17.6,145.9,98900.0,2026-09-13 18:00:00,2026-09-13 18:00:00,989.0
20260913,180000,71W,28,2026,9,13,18,18.7,145.4,98600.0,2026-09-13 18:00:00,2026-09-13 18:00:00,986.0
20260913,180000,71W,28,2026,9,13,18,19.5,144.8,98500.0,2026-09-13 18:00:00,2026-09-13 18:00:00,985.0
20260913,180000,71W,28,2026,9,13,18,20.1,144.20000000000002,98100.0,2026-09-13 18:00:00,2026-09-13 18:00:00,981.0
20260913,180000,71W,28,2026,9,13,18,20.7,143.70000000000002,97700.0,2026-09-13 18:00:00,2026-09-13 18:00:00,977.0
20260913,180000,71W,28,2026,9,13,18,21.8,143.1,97100.0,2026-09-13 18:00:00,2026-09-13 18:00:00,971.0
20260913,180000,71W,28,2026,9,13,18,22.1,142.3,96700.0,2026-09-13 18:00:00,2026-09-13 18:00:00,967.0
20260913,180000,71W,28,2026,9,13,18,22.900000000000002,141.70000000000002,96100.0,2026-09-13 18:00:00,2026-09-13 18:00:00,961.0
20260913,180000,71W,28,2026,9,13,18,23.5,140.9,96600.0,2026-09-13 18:00:00,2026-09-13 18:00:00,966.0
20260913,180000,71W,28,2026,9,13,18,24.6,140.6,96400.0,2026-09-13 18:00:00,2026-09-13 18:00:00,964.0
20260913,180000,71W,28,2026,9,13,18,25.2,139.70000000000002,96100.0,2026-09-13 18:00:00,2026-09-13 18:00:00,961.0
20260913,180000,71W,28,2026,9,13,18,26.0,139.70000000000002,96000.0,2026-09-13 18:00:00,2026-09-13 18:00:00,960.0
20260913,180000,71W,28,2026,9,13,18,27.400000000000002,139.20000000000002,96000.0,2026-09-13 18:00:00,2026-09-13 18:00:00,960.0
20260913,180000,71W,28,2026,9,13,18,28.3,138.9,95800.0,2026-09-13 18:00:00,2026-09-13 18:00:00,958.0
20260913,180000,71W,28,2026,9,13,18,28.8,138.6,95400.0,2026-09-13 18:00:00,2026-09-13 18:00:00,954.0
20260913,180000,71W,28,2026,9,13,18,29.400000000000002,138.6,95700.0,2026-09-13 18:00:00,2026-09-13 18:00:00,957.0
20260913,180000,71W,28,2026,9,13,18,30.2,138.6,96100.0,2026-09-13 18:00:00,2026-09-13 18:00:00,961.0
20260913,180000,71W,28,2026,9,13,18,31.1,138.3,96400.0,2026-09-13 18:00:00,2026-09-13 18:00:00,964.0
20260913,180000,71W,28,2026,9,13,18,31.6,138.9,97100.0,2026-09-13 18:00:00,2026-09-13 18:00:00,971.0
20260913,180000,71W,28,2026,9,13,18,32.8,140.0,97100.0,2026-09-13 18:00:00,2026-09-13 18:00:00,971.0
20260913,180000,71W,28,2026,9,13,18,34.0,141.1,97100.0,2026-09-13 18:00:00,2026-09-13 18:00:00,971.0
20260913,180000,71W,28,2026,9,13,18,35.300000000000004,142.5,97000.0,2026-09-13 18:00:00,2026-09-13 18:00:00,970.0
20260913,180000,71W,28,2026,9,13,18,37.0,145.1,97300.0,2026-09-13 18:00:00,2026-09-13 18:00:00,973.0
20260913,180000,71W,28,2026,9,13,18,38.1,147.6,97500.0,2026-09-13 18:00:00,2026-09-13 18:00:00,975.0
20260913,180000,71W,28,2026,9,13,18,39.800000000000004,151.6,97600.0,2026-09-13 18:00:00,2026-09-13 18:00:00,976.0
20260913,180000,71W,28,2026,9,13,18,42.1,155.0,97700.0,2026-09-13 18:00:00,2026-09-13 18:00:00,977.0
20260913,180000,71W,28,2026,9,13,18,45.4,158.0,97200.0,2026-09-13 18:00:00,2026-09-13 18:00:00,972.0
20260913,180000,71W,29,2026,9,13,18,11.1,167.3,101000.0,2026-09-13 18:00:00,2026-09-13 18:00:00,1010.0
20260913,180000,71W,29,2026,9,13,18,12.200000000000001,164.20000000000002,100900.0,2026-09-13 18:00:00,2026-09-13 18:00:00,1009.0
20260913,180000,71W,29,2026,9,13,18,13.6,164.5,101000.0,2026-09-13 18:00:00,2026-09-13 18:00:00,1010.0
20260913,180000,71W,29,2026,9,13,18,12.8,166.5,100800.0,2026-09-13 18:00:00,2026-09-13 18:00:00,1008.0
20260913,180000,71W,29,2026,9,13,18,13.5,165.4,100700.0,2026-09-13 18:00:00,2026-09-13 18:00:00,1007.0
20260913,180000,71W,29,2026,9,13,18,13.9,165.3,100900.0,2026-09-13 18:00:00,2026-09-13 18:00:00,1009.0
20260913,180000,71W,29,2026,9,13,18,14.5,165.6,100700.0,2026-09-13 18:00:00,2026-09-13 18:00:00,1007.0
20260913,180000,71W,29,2026,9,13,18,14.700000000000001,164.8,100800.0,2026-09-13 18:00:00,2026-09-13 18:00:00,1008.0
20260913,180000,71W,29,2026,9,13,18,14.0,165.0,100500.0,2026-09-13 18:00:00,2026-09-13 18:00:00,1005.0
20260913,180000,71W,29,2026,9,13,18,15.0,164.8,100500.0,2026-09-13 18:00:00,2026-09-13 18:00:00,1005.0
20260913,180000,71W,29,2026,9,13,18,14.5,163.6,100200.0,2026-09-13 18:00:00,2026-09-13 18:00:00,1002.0
20260913,180000,71W,29,2026,9,13,18,15.0,163.6,100300.0,2026-09-13 18:00:00,2026-09-13 18:00:00,1003.0
20260913,180000,71W,29,2026,9,13,18,15.6,163.1,100000.0,2026-09-13 18:00:00,2026-09-13 18:00:00,1000.0
20260913,180000,71W,29,2026,9,13,18,16.1,162.8,100000.0,2026-09-13 18:00:00,2026-09-13 18:00:00,1000.0
20260913,180000,71W,29,2026,9,13,18,16.1,162.20000000000002,99600.0,2026-09-13 18:00:00,2026-09-13 18:00:00,996.0
20260913,180000,71W,29,2026,9,13,18,16.7,161.4,99400.0,2026-09-13 18:00:00,2026-09-13 18:00:00,994.0
20260913,180000,71W,29,2026,9,13,18,17.0,160.8,98700.0,2026-09-13 18:00:00,2026-09-13 18:00:00,987.0
20260913,180000,71W,29,2026,9,13,18,17.3,159.4,98400.0,2026-09-13 18:00:00,2026-09-13 18:00:00,984.0
20260913,180000,71W,29,2026,9,13,18,17.3,158.9,97700.0,2026-09-13 18:00:00,2026-09-13 18:00:00,977.0
20260913,180000,71W,29,2026,9,13,18,17.3,158.0,97200.0,2026-09-13 18:00:00,2026-09-13 18:00:00,972.0
20260913,180000,71W,29,2026,9,13,18,17.6,157.20000000000002,96600.0,2026-09-13 18:00:00,2026-09-13 18:00:00,966.0
20260913,180000,71W,29,2026,9,13,18,17.8,156.0,96500.0,2026-09-13 18:00:00,2026-09-13 18:00:00,965.0
20260913,180000,71W,29,2026,9,13,18,18.1,154.9,96600.0,2026-09-13 18:00:00,2026-09-13 18:00:00,966.0
20260913,180000,71W,29,2026,9,13,18,18.400000000000002,154.4,95700.0,2026-09-13 18:00:00,2026-09-13 18:00:00,957.0
20260913,180000,71W,29,2026,9,13,18,18.7,153.5,95800.0,2026-09-13 18:00:00,2026-09-13 18:00:00,958.0
20260913,180000,71W,29,2026,9,13,18,19.8,152.1,96400.0,2026-09-13 18:00:00,2026-09-13 18:00:00,964.0
20260913,180000,71W,29,2026,9,13,18,20.400000000000002,151.3,96300.0,2026-09-13 18:00:00,2026-09-13 18:00:00,963.0
20260913,180000,71W,29,2026,9,13,18,20.900000000000002,149.6,96400.0,2026-09-13 18:00:00,2026-09-13 18:00:00,964.0
20260913,180000,71W,29,2026,9,13,18,21.8,148.70000000000002,96000.0,2026-09-13 18:00:00,2026-09-13 18:00:00,960.0
20260913,180000,71W,29,2026,9,13,18,22.900000000000002,147.3,95900.0,2026-09-13 18:00:00,2026-09-13 18:00:00,959.0
20260913,180000,71W,29,2026,9,13,18,24.0,145.6,96600.0,2026-09-13 18:00:00,2026-09-13 18:00:00,966.0
20260913,180000,71W,30,2026,9,13,18,12.200000000000001,153.8,100700.0,2026-09-13 18:00:00,2026-09-13 18:00:00,1007.0
20260913,180000,71W,30,2026,9,13,18,12.8,152.70000000000002,100300.0,2026-09-13 18:00:00,2026-09-13 18:00:00,1003.0
20260913,180000,71W,30,2026,9,13,18,13.9,152.4,100400.0,2026-09-13 18:00:00,2026-09-13 18:00:00,1004.0
20260913,180000,71W,30,2026,9,13,18,14.5,151.8,100100.0,2026-09-13 18:00:00,2026-09-13 18:00:00,1001.0
20260913,180000,71W,30,2026,9,13,18,15.0,151.3,100300.0,2026-09-13 18:00:00,2026-09-13 18:00:00,1003.0
20260913,180000,71W,30,2026,9,13,18,14.5,150.70000000000002,99900.0,2026-09-13 18:00:00,2026-09-13 18:00:00,999.0
20260913,180000,71W,30,2026,9,13,18,15.3,150.1,100000.0,2026-09-13 18:00:00,2026-09-13 18:00:00,1000.0
20260913,180000,71W,30,2026,9,13,18,15.6,149.9,99600.0,2026-09-13 18:00:00,2026-09-13 18:00:00,996.0
20260913,180000,71W,30,2026,9,13,18,16.1,150.1,99800.0,2026-09-13 18:00:00,2026-09-13 18:00:00,998.0
20260913,180000,71W,30,2026,9,13,18,17.6,149.9,99400.0,2026-09-13 18:00:00,2026-09-13 18:00:00,994.0
20260913,180000,71W,30,2026,9,13,18,19.2,150.4,99400.0,2026-09-13 18:00:00,2026-09-13 18:00:00,994.0
20260913,180000,71W,30,2026,9,13,18,20.7,149.6,98900.0,2026-09-13 18:00:00,2026-09-13 18:00:00,989.0
20260913,180000,71W,30,2026,9,13,18,21.8,149.0,98800.0,2026-09-13 18:00:00,2026-09-13 18:00:00,988.0
20260913,180000,71W,30,2026,9,13,18,23.5,147.9,98500.0,2026-09-13 18:00:00,2026-09-13 18:00:00,985.0
20260913,180000,71W,30,2026,9,13,18,24.0,146.8,98600.0,2026-09-13 18:00:00,2026-09-13 18:00:00,986.0
20260913,180000,71W,30,2026,9,13,18,24.900000000000002,145.4,98300.0,2026-09-13 18:00:00,2026-09-13 18:00:00,983.0
20260913,180000,71W,30,2026,9,13,18,25.400000000000002,144.0,98400.0,2026-09-13 18:00:00,2026-09-13 18:00:00,984.0
20260913,180000,71W,30,2026,9,13,18,26.3,142.8,98100.0,2026-09-13 18:00:00,2026-09-13 18:00:00,981.0
20260913,180000,71W,30,2026,9,13,18,26.6,142.0,98400.0,2026-09-13 18:00:00,2026-09-13 18:00:00,984.0
20260913,180000,71W,30,2026,9,13,18,27.1,140.6,98000.0,2026-09-13 18:00:00,2026-09-13 18:00:00,980.0
20260913,180000,71W,30,2026,9,13,18,28.0,139.5,97600.0,2026-09-13 18:00:00,2026-09-13 18:00:00,976.0
20260913,180000,71W,30,2026,9,13,18,28.3,138.3,97200.0,2026-09-13 18:00:00,2026-09-13 18:00:00,972.0
20260913,180000,71W,30,2026,9,13,18,28.8,137.5,97400.0,2026-09-13 18:00:00,2026-09-13 18:00:00,974.0
20260913,180000,71W,30,2026,9,13,18,29.400000000000002,136.9,97600.0,2026-09-13 18:00:00,2026-09-13 18:00:00,976.0
20260913,180000,71W,30,2026,9,13,18,30.2,136.6,97500.0,2026-09-13 18:00:00,2026-09-13 18:00:00,975.0
20260913,180000,71W,30,2026,9,13,18,31.1,136.6,97400.0,2026-09-13 18:00:00,2026-09-13 18:00:00,974.0
20260913,180000,71W,30,2026,9,13,18,32.2,137.20000000000002,97700.0,2026-09-13 18:00:00,2026-09-13 18:00:00,977.0
20260913,180000,71W,30,2026,9,13,18,33.9,138.0,97700.0,2026-09-13 18:00:00,2026-09-13 18:00:00,977.0
20260913,180000,71W,30,2026,9,13,18,35.300000000000004,139.20000000000002,98600.0,2026-09-13 18:00:00,2026-09-13 18:00:00,986.0
20260913,180000,71W,30,2026,9,13,18,37.800000000000004,141.4,98800.0,2026-09-13 18:00:00,2026-09-13 18:00:00,988.0
20260913,180000,71W,30,2026,9,13,18,39.9,144.20000000000002,98600.0,2026-09-13 18:00:00,2026-09-13 18:00:00,986.0
20260913,180000,71W,30,2026,9,13,18,42.7,147.6,98400.0,2026-09-13 18:00:00,2026-09-13 18:00:00,984.0
20260913,180000,71W,30,2026,9,13,18,44.0,150.70000000000002,98200.0,2026-09-13 18:00:00,2026-09-13 18:00:00,982.0
20260913,180000,71W,30,2026,9,13,18,45.7,155.3,97700.0,2026-09-13 18:00:00,2026-09-13 18:00:00,977.0
20260913,180000,71W,30,2026,9,13,18,47.7,160.0,97500.0,2026-09-13 18:00:00,2026-09-13 18:00:00,975.0
20260913,180000,71W,31,2026,9,13,18,12.5,153.0,100600.0,2026-09-13 18:00:00,2026-09-13 18:00:00,1006.0
20260913,180000,71W,31,2026,9,13,18,12.5,152.4,100300.0,2026-09-13 18:00:00,2026-09-13 18:00:00,1003.0
20260913,180000,71W,31,2026,9,13,18,12.8,153.0,100400.0,2026-09-13 18:00:00,2026-09-13 18:00:00,1004.0
20260913,180000,71W,31,2026,9,13,18,13.0,152.20000000000002,100100.0,2026-09-13 18:00:00,2026-09-13 18:00:00,1001.0
20260913,180000,71W,31,2026,9,13,18,13.3,151.5,100200.0,2026-09-13 18:00:00,2026-09-13 18:00:00,1002.0
20260913,180000,71W,31,2026,9,13,18,14.1,151.20000000000002,99800.0,2026-09-13 18:00:00,2026-09-13 18:00:00,998.0
20260913,180000,71W,31,2026,9,13,18,14.700000000000001,151.5,99900.0,2026-09-13 18:00:00,2026-09-13 18:00:00,999.0
20260913,180000,71W,31,2026,9,13,18,15.3,151.3,99200.0,2026-09-13 18:00:00,2026-09-13 18:00:00,992.0
20260913,180000,71W,31,2026,9,13,18,16.1,151.0,99000.0,2026-09-13 18:00:00,2026-09-13 18:00:00,990.0
20260913,180000,71W,31,2026,9,13,18,17.0,150.4,98700.0,2026-09-13 18:00:00,2026-09-13 18:00:00,987.0
20260913,180000,71W,31,2026,9,13,18,17.8,150.4,98200.0,2026-09-13 18:00:00,2026-09-13 18:00:00,982.0
20260913,180000,71W,31,2026,9,13,18,19.0,150.1,98000.0,2026-09-13 18:00:00,2026-09-13 18:00:00,980.0
20260913,180000,71W,31,2026,9,13,18,19.8,149.9,97600.0,2026-09-13 18:00:00,2026-09-13 18:00:00,976.0
20260913,180000,71W,31,2026,9,13,18,21.5,148.70000000000002,97400.0,2026-09-13 18:00:00,2026-09-13 18:00:00,974.0
20260913,180000,71W,31,2026,9,13,18,22.6,147.6,97200.0,2026-09-13 18:00:00,2026-09-13 18:00:00,972.0
20260913,180000,71W,31,2026,9,13,18,23.2,146.20000000000002,97200.0,2026-09-13 18:00:00,2026-09-13 18:00:00,972.0
20260913,180000,71W,31,2026,9,13,18,23.8,145.1,97100.0,2026-09-13 18:00:00,2026-09-13 18:00:00,971.0
20260913,180000,71W,31,2026,9,13,18,24.3,144.20000000000002,96900.0,2026-09-13 18:00:00,2026-09-13 18:00:00,969.0
20260913,180000,71W,31,2026,9,13,18,24.6,143.4,96800.0,2026-09-13 18:00:00,2026-09-13 18:00:00,968.0
20260913,180000,71W,31,2026,9,13,18,25.400000000000002,142.3,96900.0,2026-09-13 18:00:00,2026-09-13 18:00:00,969.0
20260913,180000,71W,31,2026,9,13,18,26.0,140.9,96800.0,2026-09-13 18:00:00,2026-09-13 18:00:00,968.0
20260913,180000,71W,31,2026,9,13,18,26.900000000000002,140.0,96400.0,2026-09-13 18:00:00,2026-09-13 18:00:00,964.0
20260913,180000,71W,31,2026,9,13,18,27.7,139.20000000000002,96700.0,2026-09-13 18:00:00,2026-09-13 18:00:00,967.0
20260913,180000,71W,31,2026,9,13,18,28.5,138.6,96600.0,2026-09-13 18:00:00,2026-09-13 18:00:00,966.0
20260913,180000,71W,31,2026,9,13,18,29.400000000000002,137.8,96700.0,2026-09-13 18:00:00,2026-09-13 18:00:00,967.0
20260913,180000,71W,31,2026,9,13,18,29.7,137.20000000000002,96400.0,2026-09-13 18:00:00,2026-09-13 18:00:00,964.0
20260913,180000,71W,31,2026,9,13,18,30.0,136.9,96800.0,2026-09-13 18:00:00,2026-09-13 18:00:00,968.0
20260913,180000,71W,31,2026,9,13,18,31.1,136.6,97000.0,2026-09-13 18:00:00,2026-09-13 18:00:00,970.0
20260913,180000,71W,31,2026,9,13,18,31.400000000000002,136.4,97100.0,2026-09-13 18:00:00,2026-09-13 18:00:00,971.0
20260913,180000,71W,31,2026,9,13,18,32.8,136.6,97600.0,2026-09-13 18:00:00,2026-09-13 18:00:00,976.0
20260913,180000,71W,31,2026,9,13,18,33.9,137.5,97800.0,2026-09-13 18:00:00,2026-09-13 18:00:00,978.0
20260913,180000,71W,31,2026,9,13,18,35.6,139.70000000000002,98300.0,2026-09-13 18:00:00,2026-09-13 18:00:00,983.0
20260913,180000,71W,31,2026,9,13,18,37.6,141.4,98300.0,2026-09-13 18:00:00,2026-09-13 18:00:00,983.0
20260913,180000,71W,31,2026,9,13,18,40.1,143.4,98200.0,2026-09-13 18:00:00,2026-09-13 18:00:00,982.0
20260913,180000,71W,31,2026,9,13,18,42.9,147.3,97800.0,2026-09-13 18:00:00,2026-09-13 18:00:00,978.0
20260913,180000,71W,31,2026,9,13,18,44.800000000000004,150.0,97300.0,2026-09-13 18:00:00,2026-09-13 18:00:00,973.0
20260913,180000,71W,31,2026,9,13,18,46.2,152.0,96600.0,2026-09-13 18:00:00,2026-09-13 18:00:00,966.0
20260913,180000,71W,32,2026,9,13,18,11.6,152.1,100600.0,2026-09-13 18:00:00,2026-09-13 18:00:00,1006.0
20260913,180000,71W,32,2026,9,13,18,12.8,152.70000000000002,100200.0,2026-09-13 18:00:00,2026-09-13 18:00:00,1002.0
20260913,180000,71W,32,2026,9,13,18,12.5,150.70000000000002,100300.0,2026-09-13 18:00:00,2026-09-13 18:00:00,1003.0
20260913,180000,71W,32,2026,9,13,18,13.0,151.0,99900.0,2026-09-13 18:00:00,2026-09-13 18:00:00,999.0
20260913,180000,71W,32,2026,9,13,18,13.3,150.70000000000002,99900.0,2026-09-13 18:00:00,2026-09-13 18:00:00,999.0
20260913,180000,71W,32,2026,9,13,18,14.5,151.3,99700.0,2026-09-13 18:00:00,2026-09-13 18:00:00,997.0
20260913,180000,71W,32,2026,9,13,18,15.3,151.0,99700.0,2026-09-13 18:00:00,2026-09-13 18:00:00,997.0
20260913,180000,71W,32,2026,9,13,18,16.7,150.70000000000002,99200.0,2026-09-13 18:00:00,2026-09-13 18:00:00,992.0
20260913,180000,71W,32,2026,9,13,18,17.0,150.4,99200.0,2026-09-13 18:00:00,2026-09-13 18:00:00,992.0
20260913,180000,71W,32,2026,9,13,18,18.1,150.1,98700.0,2026-09-13 18:00:00,2026-09-13 18:00:00,987.0
20260913,180000,71W,32,2026,9,13,18,19.0,149.3,98800.0,2026-09-13 18:00:00,2026-09-13 18:00:00,988.0
20260913,180000,71W,32,2026,9,13,18,19.8,148.70000000000002,98400.0,2026-09-13 18:00:00,2026-09-13 18:00:00,984.0
20260913,180000,71W,32,2026,9,13,18,20.1,147.3,98300.0,2026-09-13 18:00:00,2026-09-13 18:00:00,983.0
20260913,180000,71W,32,2026,9,13,18,20.400000000000002,146.8,97800.0,2026-09-13 18:00:00,2026-09-13 18:00:00,978.0
20260913,180000,71W,32,2026,9,13,18,20.7,145.6,97500.0,2026-09-13 18:00:00,2026-09-13 18:00:00,975.0
20260913,180000,71W,32,2026,9,13,18,20.900000000000002,145.1,96800.0,2026-09-13 18:00:00,2026-09-13 18:00:00,968.0
20260913,180000,71W,32,2026,9,13,18,21.5,144.0,97100.0,2026-09-13 18:00:00,2026-09-13 18:00:00,971.0
20260913,180000,71W,32,2026,9,13,18,22.1,143.1,96600.0,2026-09-13 18:00:00,2026-09-13 18:00:00,966.0
20260913,180000,71W,32,2026,9,13,18,22.1,142.3,96400.0,2026-09-13 18:00:00,2026-09-13 18:00:00,964.0
20260913,180000,71W,32,2026,9,13,18,22.900000000000002,141.1,96400.0,2026-09-13 18:00:00,2026-09-13 18:00:00,964.0
20260913,180000,71W,32,2026,9,13,18,23.5,140.3,96000.0,2026-09-13 18:00:00,2026-09-13 18:00:00,960.0
20260913,180000,71W,32,2026,9,13,18,24.0,139.5,95800.0,2026-09-13 18:00:00,2026-09-13 18:00:00,958.0
20260913,180000,71W,32,2026,9,13,18,24.900000000000002,138.3,95900.0,2026-09-13 18:00:00,2026-09-13 18:00:00,959.0
20260913,180000,71W,32,2026,9,13,18,26.0,137.5,96600.0,2026-09-13 18:00:00,2026-09-13 18:00:00,966.0
20260913,180000,71W,32,2026,9,13,18,26.6,136.9,96500.0,2026-09-13 18:00:00,2026-09-13 18:00:00,965.0
20260913,180000,71W,32,2026,9,13,18,27.400000000000002,136.1,96700.0,2026-09-13 18:00:00,2026-09-13 18:00:00,967.0
20260913,180000,71W,32,2026,9,13,18,28.3,135.8,96600.0,2026-09-13 18:00:00,2026-09-13 18:00:00,966.0
20260913,180000,71W,32,2026,9,13,18,29.1,135.5,96100.0,2026-09-13 18:00:00,2026-09-13 18:00:00,961.0
20260913,180000,71W,32,2026,9,13,18,29.7,135.8,96100.0,2026-09-13 18:00:00,2026-09-13 18:00:00,961.0
20260913,180000,71W,32,2026,9,13,18,31.1,136.1,96300.0,2026-09-13 18:00:00,2026-09-13 18:00:00,963.0
20260913,180000,71W,32,2026,9,13,18,32.2,137.20000000000002,96300.0,2026-09-13 18:00:00,2026-09-13 18:00:00,963.0
20260913,180000,71W,32,2026,9,13,18,33.9,139.1,96600.0,2026-09-13 18:00:00,2026-09-13 18:00:00,966.0
20260913,180000,71W,32,2026,9,13,18,35.6,141.70000000000002,97100.0,2026-09-13 18:00:00,2026-09-13 18:00:00,971.0
20260913,180000,71W,32,2026,9,13,18,37.7,144.20000000000002,96900.0,2026-09-13 18:00:00,2026-09-13 18:00:00,969.0
20260913,180000,71W,32,2026,9,13,18,39.0,146.8,96900.0,2026-09-13 18:00:00,2026-09-13 18:00:00,969.0
20260913,180000,71W,32,2026,9,13,18,40.1,150.1,97000.0,2026-09-13 18:00:00,2026-09-13 18:00:00,970.0
20260913,180000,71W,32,2026,9,13,18,40.7,153.0,97300.0,2026-09-13 18:00:00,2026-09-13 18:00:00,973.0
20260913,180000,71W,33,2026,9,13,18,13.3,154.1,100300.0,2026-09-13 18:00:00,2026-09-13 18:00:00,1003.0
20260913,180000,71W,33,2026,9,13,18,13.9,152.4,100000.0,2026-09-13 18:00:00,2026-09-13 18:00:00,1000.0
20260913,180000,71W,33,2026,9,13,18,13.6,152.4,100100.0,2026-09-13 18:00:00,2026-09-13 18:00:00,1001.0
20260913,180000,71W,33,2026,9,13,18,14.700000000000001,152.1,99500.0,2026-09-13 18:00:00,2026-09-13 18:00:00,995.0
20260913,180000,71W,33,2026,9,13,18,15.6,152.1,99600.0,2026-09-13 18:00:00,2026-09-13 18:00:00,996.0
20260913,180000,71W,33,2026,9,13,18,16.7,151.8,99100.0,2026-09-13 18:00:00,2026-09-13 18:00:00,991.0
20260913,180000,71W,33,2026,9,13,18,17.6,151.0,98700.0,2026-09-13 18:00:00,2026-09-13 18:00:00,987.0
20260913,180000,71W,33,2026,9,13,18,18.1,150.4,98000.0,2026-09-13 18:00:00,2026-09-13 18:00:00,980.0
20260913,180000,71W,33,2026,9,13,18,18.7,149.9,98000.0,2026-09-13 18:00:00,2026-09-13 18:00:00,980.0
20260913,180000,71W,33,2026,9,13,18,19.2,149.0,97500.0,2026-09-13 18:00:00,2026-09-13 18:00:00,975.0
20260913,180000,71W,33,2026,9,13,18,19.8,148.20000000000002,96700.0,2026-09-13 18:00:00,2026-09-13 18:00:00,967.0
20260913,180000,71W,33,2026,9,13,18,20.7,147.3,96700.0,2026-09-13 18:00:00,2026-09-13 18:00:00,967.0
20260913,180000,71W,33,2026,9,13,18,21.8,146.20000000000002,96600.0,2026-09-13 18:00:00,2026-09-13 18:00:00,966.0
20260913,180000,71W,33,2026,9,13,18,22.6,145.1,96600.0,2026-09-13 18:00:00,2026-09-13 18:00:00,966.0
20260913,180000,71W,33,2026,9,13,18,22.900000000000002,143.70000000000002,96900.0,2026-09-13 18:00:00,2026-09-13 18:00:00,969.0
20260913,180000,71W,33,2026,9,13,18,23.8,142.8,96700.0,2026-09-13 18:00:00,2026-09-13 18:00:00,967.0
20260913,180000,71W,33,2026,9,13,18,24.0,140.9,96700.0,2026-09-13 18:00:00,2026-09-13 18:00:00,967.0
20260913,180000,71W,33,2026,9,13,18,24.3,140.0,96300.0,2026-09-13 18:00:00,2026-09-13 18:00:00,963.0
20260913,180000,71W,33,2026,9,13,18,24.3,138.9,96300.0,2026-09-13 18:00:00,2026-09-13 18:00:00,963.0
20260913,180000,71W,33,2026,9,13,18,24.900000000000002,138.0,96700.0,2026-09-13 18:00:00,2026-09-13 18:00:00,967.0
20260913,180000,71W,33,2026,9,13,18,25.2,136.4,96800.0,2026-09-13 18:00:00,2026-09-13 18:00:00,968.0
20260913,180000,71W,33,2026,9,13,18,26.0,135.5,96800.0,2026-09-13 18:00:00,2026-09-13 18:00:00,968.0
20260913,180000,71W,33,2026,9,13,18,26.3,134.1,97300.0,2026-09-13 18:00:00,2026-09-13 18:00:00,973.0
20260913,180000,71W,33,2026,9,13,18,26.6,133.3,97100.0,2026-09-13 18:00:00,2026-09-13 18:00:00,971.0
20260913,180000,71W,33,2026,9,13,18,26.900000000000002,132.7,97200.0,2026-09-13 18:00:00,2026-09-13 18:00:00,972.0
20260913,180000,71W,33,2026,9,13,18,27.1,132.1,97200.0,2026-09-13 18:00:00,2026-09-13 18:00:00,972.0
20260913,180000,71W,33,2026,9,13,18,27.7,131.6,97400.0,2026-09-13 18:00:00,2026-09-13 18:00:00,974.0
20260913,180000,71W,33,2026,9,13,18,28.0,131.3,97400.0,2026-09-13 18:00:00,2026-09-13 18:00:00,974.0
20260913,180000,71W,33,2026,9,13,18,28.8,131.6,97800.0,2026-09-13 18:00:00,2026-09-13 18:00:00,978.0
20260913,180000,71W,33,2026,9,13,18,30.0,131.3,97600.0,2026-09-13 18:00:00,2026-09-13 18:00:00,976.0
20260913,180000,71W,33,2026,9,13,18,30.5,131.9,97800.0,2026-09-13 18:00:00,2026-09-13 18:00:00,978.0
20260913,180000,71W,33,2026,9,13,18,31.900000000000002,132.7,97600.0,2026-09-13 18:00:00,2026-09-13 18:00:00,976.0
20260913,180000,71W,33,2026,9,13,18,32.8,133.3,97800.0,2026-09-13 18:00:00,2026-09-13 18:00:00,978.0
20260913,180000,71W,33,2026,9,13,18,33.9,134.7,98000.0,2026-09-13 18:00:00,2026-09-13 18:00:00,980.0
20260913,180000,71W,33,2026,9,13,18,35.0,136.9,98500.0,2026-09-13 18:00:00,2026-09-13 18:00:00,985.0
20260913,180000,71W,33,2026,9,13,18,36.1,139.5,98700.0,2026-09-13 18:00:00,2026-09-13 18:00:00,987.0
20260913,180000,71W,33,2026,9,13,18,37.800000000000004,142.5,98500.0,2026-09-13 18:00:00,2026-09-13 18:00:00,985.0
20260913,180000,71W,33,2026,9,13,18,38.7,144.5,98300.0,2026-09-13 18:00:00,2026-09-13 18:00:00,983.0
20260913,180000,71W,33,2026,9,13,18,39.5,147.6,98300.0,2026-09-13 18:00:00,2026-09-13 18:00:00,983.0
20260913,180000,71W,33,2026,9,13,18,40.4,151.5,98000.0,2026-09-13 18:00:00,2026-09-13 18:00:00,980.0
20260913,180000,71W,33,2026,9,13,18,39.800000000000004,153.20000000000002,97900.0,2026-09-13 18:00:00,2026-09-13 18:00:00,979.0
20260913,180000,71W,33,2026,9,13,18,40.4,156.0,98000.0,2026-09-13 18:00:00,2026-09-13 18:00:00,980.0
20260913,180000,71W,33,2026,9,13,18,40.9,158.6,97900.0,2026-09-13 18:00:00,2026-09-13 18:00:00,979.0
20260913,180000,71W,33,2026,9,13,18,41.2,159.1,97800.0,2026-09-13 18:00:00,2026-09-13 18:00:00,978.0
20260913,180000,71W,33,2026,9,13,18,41.800000000000004,161.1,97700.0,2026-09-13 18:00:00,2026-09-13 18:00:00,977.0
20260913,180000,71W,33,2026,9,13,18,42.300000000000004,162.6,97300.0,2026-09-13 18:00:00,2026-09-13 18:00:00,973.0
20260913,180000,71W,33,2026,9,13,18,43.5,168.70000000000002,97200.0,2026-09-13 18:00:00,2026-09-13 18:00:00,972.0
20260913,180000,71W,33,2026,9,13,18,43.300000000000004,171.0,97700.0,2026-09-13 18:00:00,2026-09-13 18:00:00,977.0
20260913,180000,71W,34,2026,9,13,18,13.3,152.4,100700.0,2026-09-13 18:00:00,2026-09-13 18:00:00,1007.0
20260913,180000,71W,34,2026,9,13,18,15.0,153.5,100600.0,2026-09-13 18:00:00,2026-09-13 18:00:00,1006.0
20260913,180000,71W,34,2026,9,13,18,15.0,152.4,100400.0,2026-09-13 18:00:00,2026-09-13 18:00:00,1004.0
20260913,180000,71W,34,2026,9,13,18,15.9,153.20000000000002,100100.0,2026-09-13 18:00:00,2026-09-13 18:00:00,1001.0
20260913,180000,71W,34,2026,9,13,18,16.1,152.4,100400.0,2026-09-13 18:00:00,2026-09-13 18:00:00,1004.0
20260913,180000,71W,34,2026,9,13,18,17.3,153.8,100100.0,2026-09-13 18:00:00,2026-09-13 18:00:00,1001.0
20260913,180000,71W,34,2026,9,13,18,19.0,153.20000000000002,100100.0,2026-09-13 18:00:00,2026-09-13 18:00:00,1001.0
20260913,180000,71W,34,2026,9,13,18,20.400000000000002,151.5,100200.0,2026-09-13 18:00:00,2026-09-13 18:00:00,1002.0
20260913,180000,71W,34,2026,9,13,18,23.8,149.6,100100.0,2026-09-13 18:00:00,2026-09-13 18:00:00,1001.0
20260913,180000,71W,34,2026,9,13,18,24.900000000000002,147.0,100000.0,2026-09-13 18:00:00,2026-09-13 18:00:00,1000.0
20260913,180000,71W,34,2026,9,13,18,25.2,144.0,100000.0,2026-09-13 18:00:00,2026-09-13 18:00:00,1000.0
20260913,180000,71W,34,2026,9,13,18,24.900000000000002,142.5,100100.0,2026-09-13 18:00:00,2026-09-13 18:00:00,1001.0
20260913,180000,71W,34,2026,9,13,18,24.900000000000002,142.0,100000.0,2026-09-13 18:00:00,2026-09-13 18:00:00,1000.0
20260913,180000,71W,34,2026,9,13,18,24.900000000000002,141.1,100200.0,2026-09-13 18:00:00,2026-09-13 18:00:00,1002.0
20260913,180000,71W,34,2026,9,13,18,25.400000000000002,140.6,100100.0,2026-09-13 18:00:00,2026-09-13 18:00:00,1001.0
20260913,180000,71W,34,2026,9,13,18,26.6,139.20000000000002,100300.0,2026-09-13 18:00:00,2026-09-13 18:00:00,1003.0
20260913,180000,71W,34,2026,9,13,18,27.3,138.20000000000002,100100.0,2026-09-13 18:00:00,2026-09-13 18:00:00,1001.0
20260913,180000,71W,34,2026,9,13,18,27.2,137.0,100300.0,2026-09-13 18:00:00,2026-09-13 18:00:00,1003.0
20260913,180000,71W,34,2026,9,13,18,26.900000000000002,135.8,100200.0,2026-09-13 18:00:00,2026-09-13 18:00:00,1002.0
20260913,180000,71W,34,2026,9,13,18,26.3,134.7,100300.0,2026-09-13 18:00:00,2026-09-13 18:00:00,1003.0
20260913,180000,71W,34,2026,9,13,18,25.2,134.7,100100.0,2026-09-13 18:00:00,2026-09-13 18:00:00,1001.0
20260913,180000,71W,34,2026,9,13,18,25.400000000000002,135.0,100200.0,2026-09-13 18:00:00,2026-09-13 18:00:00,1002.0
20260913,180000,71W,34,2026,9,13,18,26.3,134.7,100200.0,2026-09-13 18:00:00,2026-09-13 18:00:00,1002.0
20260913,180000,71W,34,2026,9,13,18,27.400000000000002,134.7,100200.0,2026-09-13 18:00:00,2026-09-13 18:00:00,1002.0
20260913,180000,71W,34,2026,9,13,18,28.5,134.4,100000.0,2026-09-13 18:00:00,2026-09-13 18:00:00,1000.0
20260913,180000,71W,34,2026,9,13,18,29.7,134.1,100200.0,2026-09-13 18:00:00,2026-09-13 18:00:00,1002.0
20260913,180000,71W,34,2026,9,13,18,32.5,136.1,100300.0,2026-09-13 18:00:00,2026-09-13 18:00:00,1003.0
20260913,180000,71W,34,2026,9,13,18,33.6,138.3,99700.0,2026-09-13 18:00:00,2026-09-13 18:00:00,997.0
20260913,180000,71W,34,2026,9,13,18,33.6,140.6,100100.0,2026-09-13 18:00:00,2026-09-13 18:00:00,1001.0
20260913,180000,71W,34,2026,9,13,18,34.7,142.5,100200.0,2026-09-13 18:00:00,2026-09-13 18:00:00,1002.0
20260913,180000,71W,34,2026,9,13,18,35.0,144.5,100100.0,2026-09-13 18:00:00,2026-09-13 18:00:00,1001.0
20260913,180000,71W,34,2026,9,13,18,35.0,147.0,100600.0,2026-09-13 18:00:00,2026-09-13 18:00:00,1006.0
20260913,180000,71W,34,2026,9,13,18,35.300000000000004,149.3,100500.0,2026-09-13 18:00:00,2026-09-13 18:00:00,1005.0
20260913,180000,71W,34,2026,9,13,18,34.5,149.9,100700.0,2026-09-13 18:00:00,2026-09-13 18:00:00,1007.0
20260913,180000,71W,34,2026,9,13,18,33.3,152.1,100700.0,2026-09-13 18:00:00,2026-09-13 18:00:00,1007.0
20260913,180000,71W,35,2026,9,13,18,13.6,153.5,100500.0,2026-09-13 18:00:00,2026-09-13 18:00:00,1005.0
20260913,180000,71W,35,2026,9,13,18,12.6,153.0,100200.0,2026-09-13 18:00:00,2026-09-13 18:00:00,1002.0
20260913,180000,71W,35,2026,9,13,18,12.5,151.5,100400.0,2026-09-13 18:00:00,2026-09-13 18:00:00,1004.0
20260913,180000,71W,35,2026,9,13,18,12.8,152.1,100000.0,2026-09-13 18:00:00,2026-09-13 18:00:00,1000.0
20260913,180000,71W,35,2026,9,13,18,13.9,151.5,100000.0,2026-09-13 18:00:00,2026-09-13 18:00:00,1000.0
20260913,180000,71W,35,2026,9,13,18,14.200000000000001,151.0,99600.0,2026-09-13 18:00:00,2026-09-13 18:00:00,996.0
20260913,180000,71W,35,2026,9,13,18,15.200000000000001,151.4,99600.0,2026-09-13 18:00:00,2026-09-13 18:00:00,996.0
20260913,180000,71W,35,2026,9,13,18,15.9,151.3,99300.0,2026-09-13 18:00:00,2026-09-13 18:00:00,993.0
20260913,180000,71W,35,2026,9,13,18,16.7,151.0,99000.0,2026-09-13 18:00:00,2026-09-13 18:00:00,990.0
20260913,180000,71W,35,2026,9,13,18,17.3,151.0,98300.0,2026-09-13 18:00:00,2026-09-13 18:00:00,983.0
20260913,180000,71W,35,2026,9,13,18,19.2,151.3,98100.0,2026-09-13 18:00:00,2026-09-13 18:00:00,981.0
20260913,180000,71W,35,2026,9,13,18,20.1,150.1,97400.0,2026-09-13 18:00:00,2026-09-13 18:00:00,974.0
20260913,180000,71W,35,2026,9,13,18,20.900000000000002,149.6,97300.0,2026-09-13 18:00:00,2026-09-13 18:00:00,973.0
20260913,180000,71W,35,2026,9,13,18,21.8,149.0,97200.0,2026-09-13 18:00:00,2026-09-13 18:00:00,972.0
20260913,180000,71W,35,2026,9,13,18,22.6,147.9,96700.0,2026-09-13 18:00:00,2026-09-13 18:00:00,967.0
20260913,180000,71W,35,2026,9,13,18,23.2,147.0,96000.0,2026-09-13 18:00:00,2026-09-13 18:00:00,960.0
20260913,180000,71W,35,2026,9,13,18,23.8,146.20000000000002,96100.0,2026-09-13 18:00:00,2026-09-13 18:00:00,961.0
20260913,180000,71W,35,2026,9,13,18,24.3,145.4,96000.0,2026-09-13 18:00:00,2026-09-13 18:00:00,960.0
20260913,180000,71W,35,2026,9,13,18,24.6,144.20000000000002,95700.0,2026-09-13 18:00:00,2026-09-13 18:00:00,957.0
20260913,180000,71W,35,2026,9,13,18,24.900000000000002,143.1,96000.0,2026-09-13 18:00:00,2026-09-13 18:00:00,960.0
20260913,180000,71W,35,2026,9,13,18,25.7,142.3,96200.0,2026-09-13 18:00:00,2026-09-13 18:00:00,962.0
20260913,180000,71W,35,2026,9,13,18,26.6,141.70000000000002,96300.0,2026-09-13 18:00:00,2026-09-13 18:00:00,963.0
20260913,180000,71W,35,2026,9,13,18,26.900000000000002,140.9,96300.0,2026-09-13 18:00:00,2026-09-13 18:00:00,963.0
20260913,180000,71W,35,2026,9,13,18,27.400000000000002,140.6,96400.0,2026-09-13 18:00:00,2026-09-13 18:00:00,964.0
20260913,180000,71W,35,2026,9,13,18,28.3,140.9,97000.0,2026-09-13 18:00:00,2026-09-13 18:00:00,970.0
20260913,180000,71W,35,2026,9,13,18,29.400000000000002,140.9,97100.0,2026-09-13 18:00:00,2026-09-13 18:00:00,971.0
20260913,180000,71W,35,2026,9,13,18,30.7,141.4,97200.0,2026-09-13 18:00:00,2026-09-13 18:00:00,972.0
20260913,180000,71W,35,2026,9,13,18,32.8,141.70000000000002,97000.0,2026-09-13 18:00:00,2026-09-13 18:00:00,970.0
20260913,180000,71W,35,2026,9,13,18,33.8,142.4,97000.0,2026-09-13 18:00:00,2026-09-13 18:00:00,970.0
20260913,180000,71W,35,2026,9,13,18,35.6,143.70000000000002,96800.0,2026-09-13 18:00:00,2026-09-13 18:00:00,968.0
20260913,180000,71W,35,2026,9,13,18,37.6,145.1,96900.0,2026-09-13 18:00:00,2026-09-13 18:00:00,969.0
20260913,180000,71W,35,2026,9,13,18,39.2,147.0,96800.0,2026-09-13 18:00:00,2026-09-13 18:00:00,968.0
20260913,180000,71W,35,2026,9,13,18,40.4,149.0,97000.0,2026-09-13 18:00:00,2026-09-13 18:00:00,970.0
20260913,180000,71W,35,2026,9,13,18,41.9,151.70000000000002,97400.0,2026-09-13 18:00:00,2026-09-13 18:00:00,974.0
20260913,180000,71W,35,2026,9,13,18,42.9,154.1,97900.0,2026-09-13 18:00:00,2026-09-13 18:00:00,979.0
20260913,180000,71W,35,2026,9,13,18,45.4,156.0,98200.0,2026-09-13 18:00:00,2026-09-13 18:00:00,982.0
20260913,180000,71W,36,2026,9,13,18,13.9,155.5,100300.0,2026-09-13 18:00:00,2026-09-13 18:00:00,1003.0
20260913,180000,71W,36,2026,9,13,18,14.700000000000001,153.8,100000.0,2026-09-13 18:00:00,2026-09-13 18:00:00,1000.0
20260913,180000,71W,36,2026,9,13,18,15.3,152.70000000000002,99900.0,2026-09-13 18:00:00,2026-09-13 18:00:00,999.0
20260913,180000,71W,36,2026,9,13,18,15.0,152.1,99600.0,2026-09-13 18:00:00,2026-09-13 18:00:00,996.0
20260913,180000,71W,36,2026,9,13,18,15.9,151.8,99600.0,2026-09-13 18:00:00,2026-09-13 18:00:00,996.0
20260913,180000,71W,36,2026,9,13,18,16.4,151.0,99100.0,2026-09-13 18:00:00,2026-09-13 18:00:00,991.0
20260913,180000,71W,36,2026,9,13,18,17.3,150.70000000000002,98800.0,2026-09-13 18:00:00,2026-09-13 18:00:00,988.0
20260913,180000,71W,36,2026,9,13,18,17.8,150.1,98300.0,2026-09-13 18:00:00,2026-09-13 18:00:00,983.0
20260913,180000,71W,36,2026,9,13,18,18.400000000000002,149.3,98000.0,2026-09-13 18:00:00,2026-09-13 18:00:00,980.0
20260913,180000,71W,36,2026,9,13,18,19.2,148.5,97600.0,2026-09-13 18:00:00,2026-09-13 18:00:00,976.0
20260913,180000,71W,36,2026,9,13,18,19.8,147.6,97500.0,2026-09-13 18:00:00,2026-09-13 18:00:00,975.0
20260913,180000,71W,36,2026,9,13,18,20.400000000000002,146.8,97200.0,2026-09-13 18:00:00,2026-09-13 18:00:00,972.0
20260913,180000,71W,36,2026,9,13,18,20.7,145.9,97300.0,2026-09-13 18:00:00,2026-09-13 18:00:00,973.0
20260913,180000,71W,36,2026,9,13,18,21.5,145.1,96700.0,2026-09-13 18:00:00,2026-09-13 18:00:00,967.0
20260913,180000,71W,36,2026,9,13,18,22.3,144.20000000000002,96800.0,2026-09-13 18:00:00,2026-09-13 18:00:00,968.0
20260913,180000,71W,36,2026,9,13,18,22.6,142.5,96800.0,2026-09-13 18:00:00,2026-09-13 18:00:00,968.0
20260913,180000,71W,36,2026,9,13,18,22.900000000000002,141.4,96700.0,2026-09-13 18:00:00,2026-09-13 18:00:00,967.0
20260913,180000,71W,36,2026,9,13,18,23.5,140.0,96500.0,2026-09-13 18:00:00,2026-09-13 18:00:00,965.0
20260913,180000,71W,36,2026,9,13,18,23.2,138.6,96700.0,2026-09-13 18:00:00,2026-09-13 18:00:00,967.0
20260913,180000,71W,36,2026,9,13,18,23.5,137.20000000000002,96400.0,2026-09-13 18:00:00,2026-09-13 18:00:00,964.0
20260913,180000,71W,36,2026,9,13,18,24.0,136.4,96200.0,2026-09-13 18:00:00,2026-09-13 18:00:00,962.0
20260913,180000,71W,36,2026,9,13,18,24.6,135.0,96400.0,2026-09-13 18:00:00,2026-09-13 18:00:00,964.0
20260913,180000,71W,36,2026,9,13,18,24.900000000000002,133.8,96600.0,2026-09-13 18:00:00,2026-09-13 18:00:00,966.0
20260913,180000,71W,36,2026,9,13,18,25.400000000000002,132.4,96600.0,2026-09-13 18:00:00,2026-09-13 18:00:00,966.0
20260913,180000,71W,36,2026,9,13,18,25.7,131.6,96900.0,2026-09-13 18:00:00,2026-09-13 18:00:00,969.0
20260913,180000,71W,36,2026,9,13,18,26.3,130.2,96800.0,2026-09-13 18:00:00,2026-09-13 18:00:00,968.0
20260913,180000,71W,36,2026,9,13,18,26.900000000000002,129.6,97000.0,2026-09-13 18:00:00,2026-09-13 18:00:00,970.0
20260913,180000,71W,36,2026,9,13,18,28.0,128.5,97000.0,2026-09-13 18:00:00,2026-09-13 18:00:00,970.0
20260913,180000,71W,36,2026,9,13,18,28.5,127.9,97300.0,2026-09-13 18:00:00,2026-09-13 18:00:00,973.0
20260913,180000,71W,36,2026,9,13,18,29.7,127.4,97100.0,2026-09-13 18:00:00,2026-09-13 18:00:00,971.0
20260913,180000,71W,36,2026,9,13,18,30.2,127.10000000000001,96900.0,2026-09-13 18:00:00,2026-09-13 18:00:00,969.0
20260913,180000,71W,36,2026,9,13,18,31.6,127.4,97400.0,2026-09-13 18:00:00,2026-09-13 18:00:00,974.0
20260913,180000,71W,36,2026,9,13,18,33.3,127.9,97400.0,2026-09-13 18:00:00,2026-09-13 18:00:00,974.0
20260913,180000,71W,36,2026,9,13,18,34.7,129.3,97700.0,2026-09-13 18:00:00,2026-09-13 18:00:00,977.0
20260913,180000,71W,36,2026,9,13,18,36.4,132.1,98600.0,2026-09-13 18:00:00,2026-09-13 18:00:00,986.0
20260913,180000,71W,36,2026,9,13,18,37.300000000000004,135.5,98600.0,2026-09-13 18:00:00,2026-09-13 18:00:00,986.0
20260913,180000,71W,37,2026,9,13,18,14.200000000000001,152.70000000000002,100500.0,2026-09-13 18:00:00,2026-09-13 18:00:00,1005.0
20260913,180000,71W,37,2026,9,13,18,13.9,151.5,100000.0,2026-09-13 18:00:00,2026-09-13 18:00:00,1000.0
20260913,180000,71W,38,2026,9,13,18,12.200000000000001,152.70000000000002,100500.0,2026-09-13 18:00:00,2026-09-13 18:00:00,1005.0
20260913,180000,71W,38,2026,9,13,18,14.3,150.8,100300.0,2026-09-13 18:00:00,2026-09-13 18:00:00,1003.0
20260913,180000,71W,38,2026,9,13,18,14.5,149.6,100400.0,2026-09-13 18:00:00,2026-09-13 18:00:00,1004.0
20260913,180000,71W,38,2026,9,13,18,14.5,149.6,100100.0,2026-09-13 18:00:00,2026-09-13 18:00:00,1001.0
20260913,180000,71W,38,2026,9,13,18,15.0,147.6,100200.0,2026-09-13 18:00:00,2026-09-13 18:00:00,1002.0
20260913,180000,71W,38,2026,9,13,18,15.3,147.6,99800.0,2026-09-13 18:00:00,2026-09-13 18:00:00,998.0
20260913,180000,71W,38,2026,9,13,18,15.9,147.3,99800.0,2026-09-13 18:00:00,2026-09-13 18:00:00,998.0
20260913,180000,71W,38,2026,9,13,18,15.9,147.0,99400.0,2026-09-13 18:00:00,2026-09-13 18:00:00,994.0
20260913,180000,71W,38,2026,9,13,18,16.1,146.8,99500.0,2026-09-13 18:00:00,2026-09-13 18:00:00,995.0
20260913,180000,71W,38,2026,9,13,18,16.7,146.5,99200.0,2026-09-13 18:00:00,2026-09-13 18:00:00,992.0
20260913,180000,71W,38,2026,9,13,18,17.6,146.20000000000002,99200.0,2026-09-13 18:00:00,2026-09-13 18:00:00,992.0
20260913,180000,71W,38,2026,9,13,18,18.7,146.20000000000002,98900.0,2026-09-13 18:00:00,2026-09-13 18:00:00,989.0
20260913,180000,71W,38,2026,9,13,18,19.8,145.6,98900.0,2026-09-13 18:00:00,2026-09-13 18:00:00,989.0
20260913,180000,71W,38,2026,9,13,18,20.7,145.1,98300.0,2026-09-13 18:00:00,2026-09-13 18:00:00,983.0
20260913,180000,71W,38,2026,9,13,18,21.6,144.3,98100.0,2026-09-13 18:00:00,2026-09-13 18:00:00,981.0
20260913,180000,71W,38,2026,9,13,18,22.1,143.1,97800.0,2026-09-13 18:00:00,2026-09-13 18:00:00,978.0
20260913,180000,71W,38,2026,9,13,18,22.900000000000002,142.3,97800.0,2026-09-13 18:00:00,2026-09-13 18:00:00,978.0
20260913,180000,71W,38,2026,9,13,18,23.2,141.1,97600.0,2026-09-13 18:00:00,2026-09-13 18:00:00,976.0
20260913,180000,71W,38,2026,9,13,18,24.0,140.3,97900.0,2026-09-13 18:00:00,2026-09-13 18:00:00,979.0
20260913,180000,71W,38,2026,9,13,18,24.900000000000002,138.9,97300.0,2026-09-13 18:00:00,2026-09-13 18:00:00,973.0
20260913,180000,71W,38,2026,9,13,18,25.400000000000002,138.0,97100.0,2026-09-13 18:00:00,2026-09-13 18:00:00,971.0
20260913,180000,71W,38,2026,9,13,18,26.1,137.20000000000002,97200.0,2026-09-13 18:00:00,2026-09-13 18:00:00,972.0
20260913,180000,71W,38,2026,9,13,18,26.6,136.4,97300.0,2026-09-13 18:00:00,2026-09-13 18:00:00,973.0
20260913,180000,71W,38,2026,9,13,18,27.1,135.8,97300.0,2026-09-13 18:00:00,2026-09-13 18:00:00,973.0
20260913,180000,71W,38,2026,9,13,18,27.7,136.4,97500.0,2026-09-13 18:00:00,2026-09-13 18:00:00,975.0
20260913,180000,71W,38,2026,9,13,18,28.3,135.5,97400.0,2026-09-13 18:00:00,2026-09-13 18:00:00,974.0
20260913,180000,71W,38,2026,9,13,18,28.8,135.5,97800.0,2026-09-13 18:00:00,2026-09-13 18:00:00,978.0
20260913,180000,71W,38,2026,9,13,18,30.0,135.2,97700.0,2026-09-13 18:00:00,2026-09-13 18:00:00,977.0
20260913,180000,71W,38,2026,9,13,18,31.1,135.5,97600.0,2026-09-13 18:00:00,2026-09-13 18:00:00,976.0
20260913,180000,71W,38,2026,9,13,18,31.6,136.6,97600.0,2026-09-13 18:00:00,2026-09-13 18:00:00,976.0
20260913,180000,71W,38,2026,9,13,18,32.9,137.4,97900.0,2026-09-13 18:00:00,2026-09-13 18:00:00,979.0
20260913,180000,71W,38,2026,9,13,18,34.7,140.0,97800.0,2026-09-13 18:00:00,2026-09-13 18:00:00,978.0
20260913,180000,71W,38,2026,9,13,18,36.4,142.8,98000.0,2026-09-13 18:00:00,2026-09-13 18:00:00,980.0
20260913,180000,71W,38,2026,9,13,18,38.1,145.9,98200.0,2026-09-13 18:00:00,2026-09-13 18:00:00,982.0
20260913,180000,71W,38,2026,9,13,18,41.2,150.4,97500.0,2026-09-13 18:00:00,2026-09-13 18:00:00,975.0
20260913,180000,71W,38,2026,9,13,18,43.5,154.1,96700.0,2026-09-13 18:00:00,2026-09-13 18:00:00,967.0
20260913,180000,71W,38,2026,9,13,18,45.2,157.70000000000002,95700.0,2026-09-13 18:00:00,2026-09-13 18:00:00,957.0
20260913,180000,71W,38,2026,9,13,18,49.2,163.0,94100.0,2026-09-13 18:00:00,2026-09-13 18:00:00,941.0
20260913,180000,71W,38,2026,9,13,18,50.800000000000004,167.3,93700.0,2026-09-13 18:00:00,2026-09-13 18:00:00,937.0
20260913,180000,71W,39,2026,9,13,18,13.6,152.1,100300.0,2026-09-13 18:00:00,2026-09-13 18:00:00,1003.0
20260913,180000,71W,39,2026,9,13,18,13.3,150.1,100000.0,2026-09-13 18:00:00,2026-09-13 18:00:00,1000.0
20260913,180000,71W,39,2026,9,13,18,13.0,150.70000000000002,100000.0,2026-09-13 18:00:00,2026-09-13 18:00:00,1000.0
20260913,180000,71W,39,2026,9,13,18,13.9,150.1,99500.0,2026-09-13 18:00:00,2026-09-13 18:00:00,995.0
20260913,180000,71W,39,2026,9,13,18,14.200000000000001,150.1,99500.0,2026-09-13 18:00:00,2026-09-13 18:00:00,995.0
20260913,180000,71W,39,2026,9,13,18,14.700000000000001,150.4,98800.0,2026-09-13 18:00:00,2026-09-13 18:00:00,988.0
20260913,180000,71W,39,2026,9,13,18,15.3,149.3,98400.0,2026-09-13 18:00:00,2026-09-13 18:00:00,984.0
20260913,180000,71W,39,2026,9,13,18,16.4,149.9,98300.0,2026-09-13 18:00:00,2026-09-13 18:00:00,983.0
20260913,180000,71W,39,2026,9,13,18,17.3,149.3,98200.0,2026-09-13 18:00:00,2026-09-13 18:00:00,982.0
20260913,180000,71W,39,2026,9,13,18,18.400000000000002,149.0,97700.0,2026-09-13 18:00:00,2026-09-13 18:00:00,977.0
20260913,180000,71W,39,2026,9,13,18,19.2,148.5,97100.0,2026-09-13 18:00:00,2026-09-13 18:00:00,971.0
20260913,180000,71W,39,2026,9,13,18,20.400000000000002,148.5,97000.0,2026-09-13 18:00:00,2026-09-13 18:00:00,970.0
20260913,180000,71W,39,2026,9,13,18,21.5,147.3,96700.0,2026-09-13 18:00:00,2026-09-13 18:00:00,967.0
20260913,180000,71W,39,2026,9,13,18,22.6,146.5,96600.0,2026-09-13 18:00:00,2026-09-13 18:00:00,966.0
20260913,180000,71W,39,2026,9,13,18,23.5,145.4,96600.0,2026-09-13 18:00:00,2026-09-13 18:00:00,966.0
20260913,180000,71W,39,2026,9,13,18,24.3,144.20000000000002,96500.0,2026-09-13 18:00:00,2026-09-13 18:00:00,965.0
20260913,180000,71W,39,2026,9,13,18,24.900000000000002,142.8,96300.0,2026-09-13 18:00:00,2026-09-13 18:00:00,963.0
20260913,180000,71W,39,2026,9,13,18,25.7,141.70000000000002,96700.0,2026-09-13 18:00:00,2026-09-13 18:00:00,967.0
20260913,180000,71W,39,2026,9,13,18,26.0,140.3,96500.0,2026-09-13 18:00:00,2026-09-13 18:00:00,965.0
20260913,180000,71W,39,2026,9,13,18,26.3,139.5,96600.0,2026-09-13 18:00:00,2026-09-13 18:00:00,966.0
20260913,180000,71W,39,2026,9,13,18,27.400000000000002,138.0,97100.0,2026-09-13 18:00:00,2026-09-13 18:00:00,971.0
20260913,180000,71W,39,2026,9,13,18,27.400000000000002,136.9,97100.0,2026-09-13 18:00:00,2026-09-13 18:00:00,971.0
20260913,180000,71W,39,2026,9,13,18,27.900000000000002,136.0,97300.0,2026-09-13 18:00:00,2026-09-13 18:00:00,973.0
20260913,180000,71W,39,2026,9,13,18,28.3,135.2,96900.0,2026-09-13 18:00:00,2026-09-13 18:00:00,969.0
20260913,180000,71W,39,2026,9,13,18,28.8,135.0,97100.0,2026-09-13 18:00:00,2026-09-13 18:00:00,971.0
20260913,180000,71W,39,2026,9,13,18,29.7,134.7,97200.0,2026-09-13 18:00:00,2026-09-13 18:00:00,972.0
20260913,180000,71W,39,2026,9,13,18,30.0,135.0,97400.0,2026-09-13 18:00:00,2026-09-13 18:00:00,974.0
20260913,180000,71W,39,2026,9,13,18,31.1,135.0,97300.0,2026-09-13 18:00:00,2026-09-13 18:00:00,973.0
20260913,180000,71W,39,2026,9,13,18,32.0,135.6,97500.0,2026-09-13 18:00:00,2026-09-13 18:00:00,975.0
20260913,180000,71W,39,2026,9,13,18,33.6,137.20000000000002,97600.0,2026-09-13 18:00:00,2026-09-13 18:00:00,976.0
20260913,180000,71W,39,2026,9,13,18,34.7,138.6,98300.0,2026-09-13 18:00:00,2026-09-13 18:00:00,983.0
20260913,180000,71W,39,2026,9,13,18,37.0,141.1,98400.0,2026-09-13 18:00:00,2026-09-13 18:00:00,984.0
20260913,180000,71W,39,2026,9,13,18,40.4,144.20000000000002,98300.0,2026-09-13 18:00:00,2026-09-13 18:00:00,983.0
20260913,180000,71W,39,2026,9,13,18,43.800000000000004,148.20000000000002,97800.0,2026-09-13 18:00:00,2026-09-13 18:00:00,978.0
20260913,180000,71W,39,2026,9,13,18,46.9,151.5,97600.0,2026-09-13 18:00:00,2026-09-13 18:00:00,976.0
20260913,180000,71W,39,2026,9,13,18,50.5,155.5,97300.0,2026-09-13 18:00:00,2026-09-13 18:00:00,973.0
20260913,180000,71W,40,2026,9,13,18,12.200000000000001,153.8,100600.0,2026-09-13 18:00:00,2026-09-13 18:00:00,1006.0
20260913,180000,71W,40,2026,9,13,18,12.9,154.20000000000002,100200.0,2026-09-13 18:00:00,2026-09-13 18:00:00,1002.0
20260913,180000,71W,40,2026,9,13,18,13.9,154.1,100500.0,2026-09-13 18:00:00,2026-09-13 18:00:00,1005.0
20260913,180000,71W,40,2026,9,13,18,13.9,154.1,100200.0,2026-09-13 18:00:00,2026-09-13 18:00:00,1002.0
20260913,180000,71W,40,2026,9,13,18,14.5,154.1,100100.0,2026-09-13 18:00:00,2026-09-13 18:00:00,1001.0
20260913,180000,71W,40,2026,9,13,18,14.700000000000001,154.1,100000.0,2026-09-13 18:00:00,2026-09-13 18:00:00,1000.0
20260913,180000,71W,40,2026,9,13,18,15.9,155.20000000000002,100000.0,2026-09-13 18:00:00,2026-09-13 18:00:00,1000.0
20260913,180000,71W,40,2026,9,13,18,17.5,156.0,99800.0,2026-09-13 18:00:00,2026-09-13 18:00:00,998.0
20260913,180000,71W,40,2026,9,13,18,19.5,155.8,99700.0,2026-09-13 18:00:00,2026-09-13 18:00:00,997.0
20260913,180000,71W,40,2026,9,13,18,20.400000000000002,154.6,98900.0,2026-09-13 18:00:00,2026-09-13 18:00:00,989.0
20260913,180000,71W,40,2026,9,13,18,21.2,153.20000000000002,98500.0,2026-09-13 18:00:00,2026-09-13 18:00:00,985.0
20260913,180000,71W,40,2026,9,13,18,22.3,151.8,98500.0,2026-09-13 18:00:00,2026-09-13 18:00:00,985.0
20260913,180000,71W,40,2026,9,13,18,22.900000000000002,150.1,98800.0,2026-09-13 18:00:00,2026-09-13 18:00:00,988.0
20260913,180000,71W,40,2026,9,13,18,23.5,148.20000000000002,98500.0,2026-09-13 18:00:00,2026-09-13 18:00:00,985.0
20260913,180000,71W,40,2026,9,13,18,22.900000000000002,146.5,98300.0,2026-09-13 18:00:00,2026-09-13 18:00:00,983.0
20260913,180000,71W,40,2026,9,13,18,22.900000000000002,145.1,98200.0,2026-09-13 18:00:00,2026-09-13 18:00:00,982.0
20260913,180000,71W,40,2026,9,13,18,22.900000000000002,144.0,98000.0,2026-09-13 18:00:00,2026-09-13 18:00:00,980.0
20260913,180000,71W,40,2026,9,13,18,22.900000000000002,142.8,97900.0,2026-09-13 18:00:00,2026-09-13 18:00:00,979.0
20260913,180000,71W,40,2026,9,13,18,22.900000000000002,141.4,97900.0,2026-09-13 18:00:00,2026-09-13 18:00:00,979.0
20260913,180000,71W,40,2026,9,13,18,22.900000000000002,140.0,97700.0,2026-09-13 18:00:00,2026-09-13 18:00:00,977.0
20260913,180000,71W,40,2026,9,13,18,22.6,138.6,97700.0,2026-09-13 18:00:00,2026-09-13 18:00:00,977.0
20260913,180000,71W,40,2026,9,13,18,22.900000000000002,137.8,97700.0,2026-09-13 18:00:00,2026-09-13 18:00:00,977.0
20260913,180000,71W,40,2026,9,13,18,22.900000000000002,136.6,97700.0,2026-09-13 18:00:00,2026-09-13 18:00:00,977.0
20260913,180000,71W,40,2026,9,13,18,22.900000000000002,135.2,97300.0,2026-09-13 18:00:00,2026-09-13 18:00:00,973.0
20260913,180000,71W,40,2026,9,13,18,23.2,133.8,97100.0,2026-09-13 18:00:00,2026-09-13 18:00:00,971.0
20260913,180000,71W,40,2026,9,13,18,22.900000000000002,132.6,97100.0,2026-09-13 18:00:00,2026-09-13 18:00:00,971.0
20260913,180000,71W,40,2026,9,13,18,22.900000000000002,131.3,96800.0,2026-09-13 18:00:00,2026-09-13 18:00:00,968.0
20260913,180000,71W,40,2026,9,13,18,22.6,130.2,96900.0,2026-09-13 18:00:00,2026-09-13 18:00:00,969.0
20260913,180000,71W,40,2026,9,13,18,22.3,129.0,96800.0,2026-09-13 18:00:00,2026-09-13 18:00:00,968.0
20260913,180000,71W,40,2026,9,13,18,22.3,127.9,96500.0,2026-09-13 18:00:00,2026-09-13 18:00:00,965.0
20260913,180000,71W,40,2026,9,13,18,22.3,126.8,96500.0,2026-09-13 18:00:00,2026-09-13 18:00:00,965.0
20260913,180000,71W,40,2026,9,13,18,22.900000000000002,125.7,96700.0,2026-09-13 18:00:00,2026-09-13 18:00:00,967.0
20260913,180000,71W,40,2026,9,13,18,23.2,124.5,96800.0,2026-09-13 18:00:00,2026-09-13 18:00:00,968.0
20260913,180000,71W,40,2026,9,13,18,23.8,123.10000000000001,96700.0,2026-09-13 18:00:00,2026-09-13 18:00:00,967.0
20260913,180000,71W,40,2026,9,13,18,24.3,121.7,97500.0,2026-09-13 18:00:00,2026-09-13 18:00:00,975.0
20260913,180000,71W,40,2026,9,13,18,24.900000000000002,120.9,97900.0,2026-09-13 18:00:00,2026-09-13 18:00:00,979.0
20260913,180000,71W,40,2026,9,13,18,26.0,120.0,98700.0,2026-09-13 18:00:00,2026-09-13 18:00:00,987.0
20260913,180000,71W,40,2026,9,13,18,26.6,119.2,99400.0,2026-09-13 18:00:00,2026-09-13 18:00:00,994.0
20260913,180000,71W,40,2026,9,13,18,27.7,118.60000000000001,100000.0,2026-09-13 18:00:00,2026-09-13 18:00:00,1000.0
20260913,180000,71W,40,2026,9,13,18,29.1,119.5,99900.0,2026-09-13 18:00:00,2026-09-13 18:00:00,999.0
20260913,180000,71W,40,2026,9,13,18,31.400000000000002,119.8,100100.0,2026-09-13 18:00:00,2026-09-13 18:00:00,1001.0
20260913,180000,71W,40,2026,9,13,18,31.900000000000002,120.0,99800.0,2026-09-13 18:00:00,2026-09-13 18:00:00,998.0
20260913,180000,71W,40,2026,9,13,18,31.400000000000002,121.2,99900.0,2026-09-13 18:00:00,2026-09-13 18:00:00,999.0
20260913,180000,71W,40,2026,9,13,18,32.7,123.2,99700.0,2026-09-13 18:00:00,2026-09-13 18:00:00,997.0
20260913,180000,71W,40,2026,9,13,18,32.1,124.5,99700.0,2026-09-13 18:00:00,2026-09-13 18:00:00,997.0
20260913,180000,71W,40,2026,9,13,18,32.5,126.5,99600.0,2026-09-13 18:00:00,2026-09-13 18:00:00,996.0
20260913,180000,71W,40,2026,9,13,18,32.2,128.5,100000.0,2026-09-13 18:00:00,2026-09-13 18:00:00,1000.0
20260913,180000,71W,41,2026,9,13,18,11.9,152.4,100400.0,2026-09-13 18:00:00,2026-09-13 18:00:00,1004.0
20260913,180000,71W,41,2026,9,13,18,12.8,152.70000000000002,100100.0,2026-09-13 18:00:00,2026-09-13 18:00:00,1001.0
20260913,180000,71W,41,2026,9,13,18,13.0,151.5,100100.0,2026-09-13 18:00:00,2026-09-13 18:00:00,1001.0
20260913,180000,71W,41,2026,9,13,18,13.6,151.0,99600.0,2026-09-13 18:00:00,2026-09-13 18:00:00,996.0
20260913,180000,71W,41,2026,9,13,18,13.6,150.70000000000002,99800.0,2026-09-13 18:00:00,2026-09-13 18:00:00,998.0
20260913,180000,71W,41,2026,9,13,18,14.700000000000001,151.0,99400.0,2026-09-13 18:00:00,2026-09-13 18:00:00,994.0
20260913,180000,71W,41,2026,9,13,18,15.3,151.5,99300.0,2026-09-13 18:00:00,2026-09-13 18:00:00,993.0
20260913,180000,71W,41,2026,9,13,18,16.4,152.1,98900.0,2026-09-13 18:00:00,2026-09-13 18:00:00,989.0
20260913,180000,71W,41,2026,9,13,18,17.6,151.3,98500.0,2026-09-13 18:00:00,2026-09-13 18:00:00,985.0
20260913,180000,71W,41,2026,9,13,18,18.7,151.3,98100.0,2026-09-13 18:00:00,2026-09-13 18:00:00,981.0
20260913,180000,71W,41,2026,9,13,18,20.1,151.0,97300.0,2026-09-13 18:00:00,2026-09-13 18:00:00,973.0
20260913,180000,71W,41,2026,9,13,18,21.5,149.9,97300.0,2026-09-13 18:00:00,2026-09-13 18:00:00,973.0
20260913,180000,71W,41,2026,9,13,18,22.6,148.5,97300.0,2026-09-13 18:00:00,2026-09-13 18:00:00,973.0
20260913,180000,71W,41,2026,9,13,18,23.2,147.6,97000.0,2026-09-13 18:00:00,2026-09-13 18:00:00,970.0
20260913,180000,71W,41,2026,9,13,18,24.0,146.20000000000002,96800.0,2026-09-13 18:00:00,2026-09-13 18:00:00,968.0
20260913,180000,71W,41,2026,9,13,18,24.3,145.1,96700.0,2026-09-13 18:00:00,2026-09-13 18:00:00,967.0
20260913,180000,71W,41,2026,9,13,18,25.2,144.0,96300.0,2026-09-13 18:00:00,2026-09-13 18:00:00,963.0
20260913,180000,71W,41,2026,9,13,18,26.0,142.8,96500.0,2026-09-13 18:00:00,2026-09-13 18:00:00,965.0
20260913,180000,71W,41,2026,9,13,18,26.6,141.4,96100.0,2026-09-13 18:00:00,2026-09-13 18:00:00,961.0
20260913,180000,71W,41,2026,9,13,18,27.400000000000002,140.3,96600.0,2026-09-13 18:00:00,2026-09-13 18:00:00,966.0
20260913,180000,71W,41,2026,9,13,18,28.3,139.5,96100.0,2026-09-13 18:00:00,2026-09-13 18:00:00,961.0
20260913,180000,71W,41,2026,9,13,18,29.400000000000002,138.9,96000.0,2026-09-13 18:00:00,2026-09-13 18:00:00,960.0
20260913,180000,71W,41,2026,9,13,18,30.2,138.3,95800.0,2026-09-13 18:00:00,2026-09-13 18:00:00,958.0
20260913,180000,71W,41,2026,9,13,18,31.400000000000002,138.6,96100.0,2026-09-13 18:00:00,2026-09-13 18:00:00,961.0
20260913,180000,71W,41,2026,9,13,18,32.8,138.6,96100.0,2026-09-13 18:00:00,2026-09-13 18:00:00,961.0
20260913,180000,71W,41,2026,9,13,18,34.5,139.20000000000002,96800.0,2026-09-13 18:00:00,2026-09-13 18:00:00,968.0
20260913,180000,71W,41,2026,9,13,18,36.7,140.3,97700.0,2026-09-13 18:00:00,2026-09-13 18:00:00,977.0
20260913,180000,71W,41,2026,9,13,18,39.0,141.70000000000002,97900.0,2026-09-13 18:00:00,2026-09-13 18:00:00,979.0
20260913,180000,71W,41,2026,9,13,18,40.300000000000004,144.20000000000002,97800.0,2026-09-13 18:00:00,2026-09-13 18:00:00,978.0
20260913,180000,71W,41,2026,9,13,18,42.300000000000004,147.6,97500.0,2026-09-13 18:00:00,2026-09-13 18:00:00,975.0
20260913,180000,71W,41,2026,9,13,18,45.7,150.70000000000002,96900.0,2026-09-13 18:00:00,2026-09-13 18:00:00,969.0
20260913,180000,71W,41,2026,9,13,18,47.2,153.4,96500.0,2026-09-13 18:00:00,2026-09-13 18:00:00,965.0
20260913,180000,71W,41,2026,9,13,18,50.2,160.8,95200.0,2026-09-13 18:00:00,2026-09-13 18:00:00,952.0
20260913,180000,71W,42,2026,9,13,18,13.0,155.20000000000002,100700.0,2026-09-13 18:00:00,2026-09-13 18:00:00,1007.0
20260913,180000,71W,42,2026,9,13,18,13.8,154.70000000000002,100400.0,2026-09-13 18:00:00,2026-09-13 18:00:00,1004.0
20260913,180000,71W,42,2026,9,13,18,14.200000000000001,152.70000000000002,100600.0,2026-09-13 18:00:00,2026-09-13 18:00:00,1006.0
20260913,180000,71W,42,2026,9,13,18,13.5,152.0,100300.0,2026-09-13 18:00:00,2026-09-13 18:00:00,1003.0
20260913,180000,71W,42,2026,9,13,18,14.200000000000001,151.3,100500.0,2026-09-13 18:00:00,2026-09-13 18:00:00,1005.0
20260913,180000,71W,42,2026,9,13,18,14.3,149.8,100200.0,2026-09-13 18:00:00,2026-09-13 18:00:00,1002.0
20260913,180000,71W,42,2026,9,13,18,14.4,149.5,100300.0,2026-09-13 18:00:00,2026-09-13 18:00:00,1003.0
20260913,180000,71W,42,2026,9,13,18,15.3,150.1,100000.0,2026-09-13 18:00:00,2026-09-13 18:00:00,1000.0
20260913,180000,71W,42,2026,9,13,18,15.6,149.9,100000.0,2026-09-13 18:00:00,2026-09-13 18:00:00,1000.0
20260913,180000,71W,42,2026,9,13,18,16.7,150.1,99700.0,2026-09-13 18:00:00,2026-09-13 18:00:00,997.0
20260913,180000,71W,42,2026,9,13,18,16.7,150.1,99700.0,2026-09-13 18:00:00,2026-09-13 18:00:00,997.0
20260913,180000,71W,42,2026,9,13,18,18.1,150.70000000000002,99400.0,2026-09-13 18:00:00,2026-09-13 18:00:00,994.0
20260913,180000,71W,42,2026,9,13,18,19.5,150.4,99500.0,2026-09-13 18:00:00,2026-09-13 18:00:00,995.0
20260913,180000,71W,42,2026,9,13,18,21.8,149.9,99000.0,2026-09-13 18:00:00,2026-09-13 18:00:00,990.0
20260913,180000,71W,42,2026,9,13,18,23.2,148.70000000000002,98900.0,2026-09-13 18:00:00,2026-09-13 18:00:00,989.0
20260913,180000,71W,42,2026,9,13,18,24.3,147.3,98400.0,2026-09-13 18:00:00,2026-09-13 18:00:00,984.0
20260913,180000,71W,42,2026,9,13,18,24.900000000000002,145.9,98400.0,2026-09-13 18:00:00,2026-09-13 18:00:00,984.0
20260913,180000,71W,42,2026,9,13,18,26.3,144.5,98100.0,2026-09-13 18:00:00,2026-09-13 18:00:00,981.0
20260913,180000,71W,42,2026,9,13,18,26.0,142.5,98000.0,2026-09-13 18:00:00,2026-09-13 18:00:00,980.0
20260913,180000,71W,42,2026,9,13,18,26.0,141.70000000000002,97700.0,2026-09-13 18:00:00,2026-09-13 18:00:00,977.0
20260913,180000,71W,42,2026,9,13,18,26.3,140.3,97700.0,2026-09-13 18:00:00,2026-09-13 18:00:00,977.0
20260913,180000,71W,42,2026,9,13,18,26.900000000000002,139.5,97600.0,2026-09-13 18:00:00,2026-09-13 18:00:00,976.0
20260913,180000,71W,42,2026,9,13,18,27.400000000000002,138.0,97400.0,2026-09-13 18:00:00,2026-09-13 18:00:00,974.0
20260913,180000,71W,42,2026,9,13,18,27.7,137.20000000000002,97200.0,2026-09-13 18:00:00,2026-09-13 18:00:00,972.0
20260913,180000,71W,42,2026,9,13,18,28.0,136.4,96500.0,2026-09-13 18:00:00,2026-09-13 18:00:00,965.0
20260913,180000,71W,42,2026,9,13,18,28.8,136.1,96600.0,2026-09-13 18:00:00,2026-09-13 18:00:00,966.0
20260913,180000,71W,42,2026,9,13,18,29.1,135.5,96300.0,2026-09-13 18:00:00,2026-09-13 18:00:00,963.0
20260913,180000,71W,42,2026,9,13,18,30.0,135.5,96600.0,2026-09-13 18:00:00,2026-09-13 18:00:00,966.0
20260913,180000,71W,42,2026,9,13,18,30.8,135.8,96400.0,2026-09-13 18:00:00,2026-09-13 18:00:00,964.0
20260913,180000,71W,42,2026,9,13,18,31.900000000000002,136.6,96700.0,2026-09-13 18:00:00,2026-09-13 18:00:00,967.0
20260913,180000,71W,42,2026,9,13,18,33.3,137.5,97100.0,2026-09-13 18:00:00,2026-09-13 18:00:00,971.0
20260913,180000,71W,42,2026,9,13,18,34.7,139.5,97700.0,2026-09-13 18:00:00,2026-09-13 18:00:00,977.0
20260913,180000,71W,42,2026,9,13,18,36.4,141.4,98000.0,2026-09-13 18:00:00,2026-09-13 18:00:00,980.0
20260913,180000,71W,42,2026,9,13,18,37.800000000000004,144.0,98200.0,2026-09-13 18:00:00,2026-09-13 18:00:00,982.0
20260913,180000,71W,42,2026,9,13,18,38.7,146.8,98500.0,2026-09-13 18:00:00,2026-09-13 18:00:00,985.0
20260913,180000,71W,42,2026,9,13,18,39.2,150.4,98200.0,2026-09-13 18:00:00,2026-09-13 18:00:00,982.0
20260913,180000,71W,42,2026,9,13,18,39.4,153.9,98400.0,2026-09-13 18:00:00,2026-09-13 18:00:00,984.0
20260913,180000,71W,42,2026,9,13,18,40.4,158.5,98400.0,2026-09-13 18:00:00,2026-09-13 18:00:00,984.0
20260913,180000,71W,42,2026,9,13,18,41.300000000000004,162.8,98600.0,2026-09-13 18:00:00,2026-09-13 18:00:00,986.0
20260913,180000,71W,42,2026,9,13,18,42.6,167.0,98500.0,2026-09-13 18:00:00,2026-09-13 18:00:00,985.0
20260913,180000,71W,43,2026,9,13,18,8.8,162.5,100900.0,2026-09-13 18:00:00,2026-09-13 18:00:00,1009.0
20260913,180000,71W,43,2026,9,13,18,9.1,163.9,100700.0,2026-09-13 18:00:00,2026-09-13 18:00:00,1007.0
20260913,180000,71W,43,2026,9,13,18,6.3,165.0,100800.0,2026-09-13 18:00:00,2026-09-13 18:00:00,1008.0
20260913,180000,71W,44,2026,9,13,18,12.200000000000001,153.0,100500.0,2026-09-13 18:00:00,2026-09-13 18:00:00,1005.0
20260913,180000,71W,44,2026,9,13,18,12.8,152.1,100200.0,2026-09-13 18:00:00,2026-09-13 18:00:00,1002.0
20260913,180000,71W,44,2026,9,13,18,13.0,151.3,100200.0,2026-09-13 18:00:00,2026-09-13 18:00:00,1002.0
20260913,180000,71W,44,2026,9,13,18,13.3,150.70000000000002,99800.0,2026-09-13 18:00:00,2026-09-13 18:00:00,998.0
20260913,180000,71W,44,2026,9,13,18,13.6,150.1,99900.0,2026-09-13 18:00:00,2026-09-13 18:00:00,999.0
20260913,180000,71W,44,2026,9,13,18,14.200000000000001,149.9,99300.0,2026-09-13 18:00:00,2026-09-13 18:00:00,993.0
20260913,180000,71W,44,2026,9,13,18,15.6,149.3,99000.0,2026-09-13 18:00:00,2026-09-13 18:00:00,990.0
20260913,180000,71W,44,2026,9,13,18,16.4,148.70000000000002,98100.0,2026-09-13 18:00:00,2026-09-13 18:00:00,981.0
20260913,180000,71W,44,2026,9,13,18,17.0,147.6,98000.0,2026-09-13 18:00:00,2026-09-13 18:00:00,980.0
20260913,180000,71W,44,2026,9,13,18,17.3,147.0,98200.0,2026-09-13 18:00:00,2026-09-13 18:00:00,982.0
20260913,180000,71W,44,2026,9,13,18,17.8,146.20000000000002,97800.0,2026-09-13 18:00:00,2026-09-13 18:00:00,978.0
20260913,180000,71W,44,2026,9,13,18,18.400000000000002,145.6,97900.0,2026-09-13 18:00:00,2026-09-13 18:00:00,979.0
20260913,180000,71W,44,2026,9,13,18,19.0,145.1,97500.0,2026-09-13 18:00:00,2026-09-13 18:00:00,975.0
20260913,180000,71W,44,2026,9,13,18,19.5,144.8,97100.0,2026-09-13 18:00:00,2026-09-13 18:00:00,971.0
20260913,180000,71W,44,2026,9,13,18,20.400000000000002,144.0,97000.0,2026-09-13 18:00:00,2026-09-13 18:00:00,970.0
20260913,180000,71W,44,2026,9,13,18,21.2,143.1,96900.0,2026-09-13 18:00:00,2026-09-13 18:00:00,969.0
20260913,180000,71W,44,2026,9,13,18,21.8,142.3,96800.0,2026-09-13 18:00:00,2026-09-13 18:00:00,968.0
20260913,180000,71W,44,2026,9,13,18,22.6,141.70000000000002,96700.0,2026-09-13 18:00:00,2026-09-13 18:00:00,967.0
20260913,180000,71W,44,2026,9,13,18,23.2,140.9,96300.0,2026-09-13 18:00:00,2026-09-13 18:00:00,963.0
20260913,180000,71W,44,2026,9,13,18,24.0,139.70000000000002,96600.0,2026-09-13 18:00:00,2026-09-13 18:00:00,966.0
20260913,180000,71W,44,2026,9,13,18,24.900000000000002,138.9,96400.0,2026-09-13 18:00:00,2026-09-13 18:00:00,964.0
20260913,180000,71W,44,2026,9,13,18,26.0,138.0,96700.0,2026-09-13 18:00:00,2026-09-13 18:00:00,967.0
20260913,180000,71W,44,2026,9,13,18,26.6,137.20000000000002,96900.0,2026-09-13 18:00:00,2026-09-13 18:00:00,969.0
20260913,180000,71W,44,2026,9,13,18,27.7,136.6,96700.0,2026-09-13 18:00:00,2026-09-13 18:00:00,967.0
20260913,180000,71W,44,2026,9,13,18,28.3,136.1,96700.0,2026-09-13 18:00:00,2026-09-13 18:00:00,967.0
20260913,180000,71W,44,2026,9,13,18,29.1,136.4,96600.0,2026-09-13 18:00:00,2026-09-13 18:00:00,966.0
20260913,180000,71W,44,2026,9,13,18,29.900000000000002,136.9,96500.0,2026-09-13 18:00:00,2026-09-13 18:00:00,965.0
20260913,180000,71W,44,2026,9,13,18,31.400000000000002,137.5,96500.0,2026-09-13 18:00:00,2026-09-13 18:00:00,965.0
20260913,180000,71W,44,2026,9,13,18,32.8,138.3,96400.0,2026-09-13 18:00:00,2026-09-13 18:00:00,964.0
20260913,180000,71W,44,2026,9,13,18,34.2,140.0,96700.0,2026-09-13 18:00:00,2026-09-13 18:00:00,967.0
20260913,180000,71W,44,2026,9,13,18,36.4,142.0,97000.0,2026-09-13 18:00:00,2026-09-13 18:00:00,970.0
20260913,180000,71W,44,2026,9,13,18,38.7,144.0,97500.0,2026-09-13 18:00:00,2026-09-13 18:00:00,975.0
20260913,180000,71W,44,2026,9,13,18,40.2,146.4,97800.0,2026-09-13 18:00:00,2026-09-13 18:00:00,978.0
20260913,180000,71W,44,2026,9,13,18,42.9,148.70000000000002,97700.0,2026-09-13 18:00:00,2026-09-13 18:00:00,977.0
20260913,180000,71W,44,2026,9,13,18,45.2,151.0,97300.0,2026-09-13 18:00:00,2026-09-13 18:00:00,973.0
20260913,180000,71W,44,2026,9,13,18,45.2,154.1,97200.0,2026-09-13 18:00:00,2026-09-13 18:00:00,972.0
20260913,180000,71W,44,2026,9,13,18,46.300000000000004,158.6,97500.0,2026-09-13 18:00:00,2026-09-13 18:00:00,975.0
20260913,180000,71W,45,2026,9,13,18,12.200000000000001,111.9,101100.0,2026-09-13 18:00:00,2026-09-13 18:00:00,1011.0
20260913,180000,71W,45,2026,9,13,18,13.0,110.8,101000.0,2026-09-13 18:00:00,2026-09-13 18:00:00,1010.0
20260913,180000,71W,45,2026,9,13,18,10.8,108.2,101000.0,2026-09-13 18:00:00,2026-09-13 18:00:00,1010.0
20260913,180000,71W,45,2026,9,13,18,10.200000000000001,108.8,100900.0,2026-09-13 18:00:00,2026-09-13 18:00:00,1009.0
20260913,180000,71W,45,2026,9,13,18,11.9,111.0,100900.0,2026-09-13 18:00:00,2026-09-13 18:00:00,1009.0
20260913,180000,71W,45,2026,9,13,18,10.8,112.5,100700.0,2026-09-13 18:00:00,2026-09-13 18:00:00,1007.0
20260913,180000,71W,45,2026,9,13,18,10.0,113.3,100800.0,2026-09-13 18:00:00,2026-09-13 18:00:00,1008.0
20260913,180000,71W,45,2026,9,13,18,9.700000000000001,111.0,101000.0,2026-09-13 18:00:00,2026-09-13 18:00:00,1010.0
20260913,180000,71W,45,2026,9,13,18,10.200000000000001,112.5,100900.0,2026-09-13 18:00:00,2026-09-13 18:00:00,1009.0
20260913,180000,71W,45,2026,9,13,18,10.200000000000001,112.2,100800.0,2026-09-13 18:00:00,2026-09-13 18:00:00,1008.0
20260913,180000,71W,45,2026,9,13,18,9.700000000000001,110.5,101000.0,2026-09-13 18:00:00,2026-09-13 18:00:00,1010.0
20260913,180000,71W,45,2026,9,13,18,9.700000000000001,110.8,100800.0,2026-09-13 18:00:00,2026-09-13 18:00:00,1008.0
20260913,180000,71W,45,2026,9,13,18,9.9,111.0,100800.0,2026-09-13 18:00:00,2026-09-13 18:00:00,1008.0
20260913,180000,71W,45,2026,9,13,18,11.1,111.0,100700.0,2026-09-13 18:00:00,2026-09-13 18:00:00,1007.0
20260913,180000,71W,45,2026,9,13,18,11.6,111.0,100500.0,2026-09-13 18:00:00,2026-09-13 18:00:00,1005.0
20260913,180000,71W,45,2026,9,13,18,12.200000000000001,110.5,100100.0,2026-09-13 18:00:00,2026-09-13 18:00:00,1001.0
20260913,180000,71W,45,2026,9,13,18,12.5,110.2,100200.0,2026-09-13 18:00:00,2026-09-13 18:00:00,1002.0
20260913,180000,71W,45,2026,9,13,18,13.0,110.2,100200.0,2026-09-13 18:00:00,2026-09-13 18:00:00,1002.0
20260913,180000,71W,45,2026,9,13,18,13.3,109.10000000000001,100500.0,2026-09-13 18:00:00,2026-09-13 18:00:00,1005.0
20260913,180000,71W,45,2026,9,13,18,13.6,108.2,100300.0,2026-09-13 18:00:00,2026-09-13 18:00:00,1003.0
20260913,180000,71W,45,2026,9,13,18,14.700000000000001,105.7,100600.0,2026-09-13 18:00:00,2026-09-13 18:00:00,1006.0
20260913,180000,71W,45,2026,9,13,18,15.6,107.4,100600.0,2026-09-13 18:00:00,2026-09-13 18:00:00,1006.0
20260913,180000,71W,45,2026,9,13,18,16.4,106.0,100800.0,2026-09-13 18:00:00,2026-09-13 18:00:00,1008.0
20260913,180000,71W,45,2026,9,13,18,18.400000000000002,103.7,100700.0,2026-09-13 18:00:00,2026-09-13 18:00:00,1007.0
20260913,180000,71W,45,2026,9,13,18,17.0,102.9,100800.0,2026-09-13 18:00:00,2026-09-13 18:00:00,1008.0
20260913,180000,71W,45,2026,9,13,18,17.6,102.60000000000001,100900.0,2026-09-13 18:00:00,2026-09-13 18:00:00,1009.0
20260913,180000,71W,46,2026,9,13,18,11.9,152.1,100600.0,2026-09-13 18:00:00,2026-09-13 18:00:00,1006.0
20260913,180000,71W,46,2026,9,13,18,12.5,152.4,100300.0,2026-09-13 18:00:00,2026-09-13 18:00:00,1003.0
20260913,180000,71W,46,2026,9,13,18,13.6,152.1,100600.0,2026-09-13 18:00:00,2026-09-13 18:00:00,1006.0
20260913,180000,71W,46,2026,9,13,18,12.5,148.5,100300.0,2026-09-13 18:00:00,2026-09-13 18:00:00,1003.0
20260913,180000,71W,46,2026,9,13,18,13.0,149.0,100000.0,2026-09-13 18:00:00,2026-09-13 18:00:00,1000.0
20260913,180000,71W,46,2026,9,13,18,13.9,148.20000000000002,100000.0,2026-09-13 18:00:00,2026-09-13 18:00:00,1000.0
20260913,180000,71W,46,2026,9,13,18,14.5,146.8,99600.0,2026-09-13 18:00:00,2026-09-13 18:00:00,996.0
20260913,180000,71W,46,2026,9,13,18,14.200000000000001,145.9,99100.0,2026-09-13 18:00:00,2026-09-13 18:00:00,991.0
20260913,180000,71W,46,2026,9,13,18,14.700000000000001,145.9,98700.0,2026-09-13 18:00:00,2026-09-13 18:00:00,987.0
20260913,180000,71W,46,2026,9,13,18,15.6,145.6,98600.0,2026-09-13 18:00:00,2026-09-13 18:00:00,986.0
20260913,180000,71W,46,2026,9,13,18,16.1,144.8,98100.0,2026-09-13 18:00:00,2026-09-13 18:00:00,981.0
20260913,180000,71W,46,2026,9,13,18,16.7,144.20000000000002,98300.0,2026-09-13 18:00:00,2026-09-13 18:00:00,983.0
20260913,180000,71W,46,2026,9,13,18,17.6,144.0,97700.0,2026-09-13 18:00:00,2026-09-13 18:00:00,977.0
20260913,180000,71W,46,2026,9,13,18,18.1,143.4,97700.0,2026-09-13 18:00:00,2026-09-13 18:00:00,977.0
20260913,180000,71W,46,2026,9,13,18,18.7,142.8,97700.0,2026-09-13 18:00:00,2026-09-13 18:00:00,977.0
20260913,180000,71W,46,2026,9,13,18,19.5,142.3,97800.0,2026-09-13 18:00:00,2026-09-13 18:00:00,978.0
20260913,180000,71W,46,2026,9,13,18,20.400000000000002,141.4,97100.0,2026-09-13 18:00:00,2026-09-13 18:00:00,971.0
20260913,180000,71W,46,2026,9,13,18,20.7,140.6,97000.0,2026-09-13 18:00:00,2026-09-13 18:00:00,970.0
20260913,180000,71W,46,2026,9,13,18,21.5,140.0,96800.0,2026-09-13 18:00:00,2026-09-13 18:00:00,968.0
20260913,180000,71W,46,2026,9,13,18,22.3,139.5,96700.0,2026-09-13 18:00:00,2026-09-13 18:00:00,967.0
20260913,180000,71W,46,2026,9,13,18,23.5,138.6,96800.0,2026-09-13 18:00:00,2026-09-13 18:00:00,968.0
20260913,180000,71W,46,2026,9,13,18,23.8,137.5,96700.0,2026-09-13 18:00:00,2026-09-13 18:00:00,967.0
20260913,180000,71W,46,2026,9,13,18,24.6,136.9,96700.0,2026-09-13 18:00:00,2026-09-13 18:00:00,967.0
20260913,180000,71W,46,2026,9,13,18,25.7,136.1,96900.0,2026-09-13 18:00:00,2026-09-13 18:00:00,969.0
20260913,180000,71W,46,2026,9,13,18,26.0,135.0,96700.0,2026-09-13 18:00:00,2026-09-13 18:00:00,967.0
20260913,180000,71W,46,2026,9,13,18,26.3,134.4,96400.0,2026-09-13 18:00:00,2026-09-13 18:00:00,964.0
20260913,180000,71W,46,2026,9,13,18,27.1,133.5,96500.0,2026-09-13 18:00:00,2026-09-13 18:00:00,965.0
20260913,180000,71W,46,2026,9,13,18,27.7,133.0,96600.0,2026-09-13 18:00:00,2026-09-13 18:00:00,966.0
20260913,180000,71W,46,2026,9,13,18,28.3,132.7,96300.0,2026-09-13 18:00:00,2026-09-13 18:00:00,963.0
20260913,180000,71W,46,2026,9,13,18,29.1,133.0,96400.0,2026-09-13 18:00:00,2026-09-13 18:00:00,964.0
20260913,180000,71W,46,2026,9,13,18,30.2,133.3,96400.0,2026-09-13 18:00:00,2026-09-13 18:00:00,964.0
20260913,180000,71W,46,2026,9,13,18,32.2,133.5,96600.0,2026-09-13 18:00:00,2026-09-13 18:00:00,966.0
20260913,180000,71W,46,2026,9,13,18,33.6,135.0,96900.0,2026-09-13 18:00:00,2026-09-13 18:00:00,969.0
20260913,180000,71W,46,2026,9,13,18,35.2,137.1,98200.0,2026-09-13 18:00:00,2026-09-13 18:00:00,982.0
20260913,180000,71W,46,2026,9,13,18,38.4,141.1,98000.0,2026-09-13 18:00:00,2026-09-13 18:00:00,980.0
20260913,180000,71W,46,2026,9,13,18,41.6,146.20000000000002,97800.0,2026-09-13 18:00:00,2026-09-13 18:00:00,978.0
20260913,180000,71W,47,2026,9,13,18,12.200000000000001,169.3,100700.0,2026-09-13 18:00:00,2026-09-13 18:00:00,1007.0
20260913,180000,71W,47,2026,9,13,18,14.200000000000001,167.9,100800.0,2026-09-13 18:00:00,2026-09-13 18:00:00,1008.0
20260913,180000,71W,48,2026,9,13,18,12.200000000000001,151.8,100400.0,2026-09-13 18:00:00,2026-09-13 18:00:00,1004.0
20260913,180000,71W,48,2026,9,13,18,13.0,152.70000000000002,100200.0,2026-09-13 18:00:00,2026-09-13 18:00:00,1002.0
20260913,180000,71W,48,2026,9,13,18,13.0,150.1,100200.0,2026-09-13 18:00:00,2026-09-13 18:00:00,1002.0
20260913,180000,71W,48,2026,9,13,18,13.0,150.70000000000002,99800.0,2026-09-13 18:00:00,2026-09-13 18:00:00,998.0
20260913,180000,71W,48,2026,9,13,18,13.9,150.1,99800.0,2026-09-13 18:00:00,2026-09-13 18:00:00,998.0
20260913,180000,71W,48,2026,9,13,18,14.700000000000001,150.1,99600.0,2026-09-13 18:00:00,2026-09-13 18:00:00,996.0
20260913,180000,71W,48,2026,9,13,18,15.0,149.6,99600.0,2026-09-13 18:00:00,2026-09-13 18:00:00,996.0
20260913,180000,71W,48,2026,9,13,18,16.1,149.5,99100.0,2026-09-13 18:00:00,2026-09-13 18:00:00,991.0
20260913,180000,71W,48,2026,9,13,18,17.3,149.3,98900.0,2026-09-13 18:00:00,2026-09-13 18:00:00,989.0
20260913,180000,71W,48,2026,9,13,18,18.7,148.5,98200.0,2026-09-13 18:00:00,2026-09-13 18:00:00,982.0
20260913,180000,71W,48,2026,9,13,18,19.0,147.9,98100.0,2026-09-13 18:00:00,2026-09-13 18:00:00,981.0
20260913,180000,71W,48,2026,9,13,18,20.1,147.3,97600.0,2026-09-13 18:00:00,2026-09-13 18:00:00,976.0
20260913,180000,71W,48,2026,9,13,18,20.900000000000002,146.5,97700.0,2026-09-13 18:00:00,2026-09-13 18:00:00,977.0
20260913,180000,71W,48,2026,9,13,18,22.3,146.20000000000002,97400.0,2026-09-13 18:00:00,2026-09-13 18:00:00,974.0
20260913,180000,71W,48,2026,9,13,18,23.2,145.1,96800.0,2026-09-13 18:00:00,2026-09-13 18:00:00,968.0
20260913,180000,71W,48,2026,9,13,18,23.8,144.20000000000002,97000.0,2026-09-13 18:00:00,2026-09-13 18:00:00,970.0
20260913,180000,71W,48,2026,9,13,18,24.900000000000002,143.4,96700.0,2026-09-13 18:00:00,2026-09-13 18:00:00,967.0
20260913,180000,71W,48,2026,9,13,18,25.7,142.0,96800.0,2026-09-13 18:00:00,2026-09-13 18:00:00,968.0
20260913,180000,71W,48,2026,9,13,18,26.6,141.1,96900.0,2026-09-13 18:00:00,2026-09-13 18:00:00,969.0
20260913,180000,71W,48,2026,9,13,18,28.0,140.6,97500.0,2026-09-13 18:00:00,2026-09-13 18:00:00,975.0
20260913,180000,71W,48,2026,9,13,18,29.1,139.5,97000.0,2026-09-13 18:00:00,2026-09-13 18:00:00,970.0
20260913,180000,71W,48,2026,9,13,18,30.2,138.9,97100.0,2026-09-13 18:00:00,2026-09-13 18:00:00,971.0
20260913,180000,71W,48,2026,9,13,18,31.400000000000002,138.9,97300.0,2026-09-13 18:00:00,2026-09-13 18:00:00,973.0
20260913,180000,71W,48,2026,9,13,18,33.6,139.5,97300.0,2026-09-13 18:00:00,2026-09-13 18:00:00,973.0
20260913,180000,71W,48,2026,9,13,18,35.9,140.3,97500.0,2026-09-13 18:00:00,2026-09-13 18:00:00,975.0
20260913,180000,71W,48,2026,9,13,18,40.4,140.0,97800.0,2026-09-13 18:00:00,2026-09-13 18:00:00,978.0
20260913,180000,71W,48,2026,9,13,18,42.6,141.4,97500.0,2026-09-13 18:00:00,2026-09-13 18:00:00,975.0
20260913,180000,71W,48,2026,9,13,18,45.2,141.70000000000002,96900.0,2026-09-13 18:00:00,2026-09-13 18:00:00,969.0
20260913,180000,71W,48,2026,9,13,18,47.1,142.0,96500.0,2026-09-13 18:00:00,2026-09-13 18:00:00,965.0
20260913,180000,71W,48,2026,9,13,18,49.5,142.4,96000.0,2026-09-13 18:00:00,2026-09-13 18:00:00,960.0
20260913,180000,71W,48,2026,9,13,18,50.5,142.0,96500.0,2026-09-13 18:00:00,2026-09-13 18:00:00,965.0
20260913,180000,71W,48,2026,9,13,18,51.1,142.5,96800.0,2026-09-13 18:00:00,2026-09-13 18:00:00,968.0
20260913,180000,71W,48,2026,9,13,18,51.6,143.4,97300.0,2026-09-13 18:00:00,2026-09-13 18:00:00,973.0
20260913,180000,71W,49,2026,9,13,18,13.0,151.8,100400.0,2026-09-13 18:00:00,2026-09-13 18:00:00,1004.0
20260913,180000,71W,49,2026,9,13,18,12.5,152.1,99900.0,2026-09-13 18:00:00,2026-09-13 18:00:00,999.0
20260913,180000,71W,49,2026,9,13,18,12.8,151.3,100200.0,2026-09-13 18:00:00,2026-09-13 18:00:00,1002.0
20260913,180000,71W,49,2026,9,13,18,13.6,150.4,99700.0,2026-09-13 18:00:00,2026-09-13 18:00:00,997.0
20260913,180000,71W,49,2026,9,13,18,14.200000000000001,149.9,99800.0,2026-09-13 18:00:00,2026-09-13 18:00:00,998.0
20260913,180000,71W,49,2026,9,13,18,15.0,148.70000000000002,99200.0,2026-09-13 18:00:00,2026-09-13 18:00:00,992.0
20260913,180000,71W,49,2026,9,13,18,14.5,148.70000000000002,99200.0,2026-09-13 18:00:00,2026-09-13 18:00:00,992.0
20260913,180000,71W,49,2026,9,13,18,15.3,147.6,98500.0,2026-09-13 18:00:00,2026-09-13 18:00:00,985.0
20260913,180000,71W,49,2026,9,13,18,15.6,147.3,98300.0,2026-09-13 18:00:00,2026-09-13 18:00:00,983.0
20260913,180000,71W,49,2026,9,13,18,16.4,147.0,97900.0,2026-09-13 18:00:00,2026-09-13 18:00:00,979.0
20260913,180000,71W,49,2026,9,13,18,17.0,147.0,97500.0,2026-09-13 18:00:00,2026-09-13 18:00:00,975.0
20260913,180000,71W,49,2026,9,13,18,17.8,146.5,96900.0,2026-09-13 18:00:00,2026-09-13 18:00:00,969.0
20260913,180000,71W,49,2026,9,13,18,18.400000000000002,145.9,96600.0,2026-09-13 18:00:00,2026-09-13 18:00:00,966.0
20260913,180000,71W,49,2026,9,13,18,19.2,145.6,96200.0,2026-09-13 18:00:00,2026-09-13 18:00:00,962.0
20260913,180000,71W,49,2026,9,13,18,20.1,145.1,95600.0,2026-09-13 18:00:00,2026-09-13 18:00:00,956.0
20260913,180000,71W,49,2026,9,13,18,21.2,144.5,96100.0,2026-09-13 18:00:00,2026-09-13 18:00:00,961.0
20260913,180000,71W,49,2026,9,13,18,22.1,143.70000000000002,96100.0,2026-09-13 18:00:00,2026-09-13 18:00:00,961.0
20260913,180000,71W,49,2026,9,13,18,23.2,142.5,96200.0,2026-09-13 18:00:00,2026-09-13 18:00:00,962.0
20260913,180000,71W,49,2026,9,13,18,23.8,141.70000000000002,95900.0,2026-09-13 18:00:00,2026-09-13 18:00:00,959.0
20260913,180000,71W,49,2026,9,13,18,24.1,140.70000000000002,95800.0,2026-09-13 18:00:00,2026-09-13 18:00:00,958.0
20260913,180000,71W,49,2026,9,13,18,24.900000000000002,140.0,95800.0,2026-09-13 18:00:00,2026-09-13 18:00:00,958.0
20260913,180000,71W,49,2026,9,13,18,25.7,138.9,95800.0,2026-09-13 18:00:00,2026-09-13 18:00:00,958.0
20260913,180000,71W,49,2026,9,13,18,26.900000000000002,138.3,96000.0,2026-09-13 18:00:00,2026-09-13 18:00:00,960.0
20260913,180000,71W,49,2026,9,13,18,27.7,137.8,96200.0,2026-09-13 18:00:00,2026-09-13 18:00:00,962.0
20260913,180000,71W,49,2026,9,13,18,28.2,137.0,96400.0,2026-09-13 18:00:00,2026-09-13 18:00:00,964.0
20260913,180000,71W,49,2026,9,13,18,29.5,136.4,96500.0,2026-09-13 18:00:00,2026-09-13 18:00:00,965.0
20260913,180000,71W,49,2026,9,13,18,30.2,135.5,96200.0,2026-09-13 18:00:00,2026-09-13 18:00:00,962.0
20260913,180000,71W,49,2026,9,13,18,30.8,135.5,96300.0,2026-09-13 18:00:00,2026-09-13 18:00:00,963.0
20260913,180000,71W,49,2026,9,13,18,31.6,135.5,96600.0,2026-09-13 18:00:00,2026-09-13 18:00:00,966.0
20260913,180000,71W,49,2026,9,13,18,32.8,135.8,97000.0,2026-09-13 18:00:00,2026-09-13 18:00:00,970.0
20260913,180000,71W,49,2026,9,13,18,33.9,136.4,97800.0,2026-09-13 18:00:00,2026-09-13 18:00:00,978.0
20260913,180000,71W,49,2026,9,13,18,35.0,137.5,98300.0,2026-09-13 18:00:00,2026-09-13 18:00:00,983.0
20260913,180000,71W,49,2026,9,13,18,37.300000000000004,140.3,98800.0,2026-09-13 18:00:00,2026-09-13 18:00:00,988.0
20260913,180000,71W,49,2026,9,13,18,40.4,142.8,98400.0,2026-09-13 18:00:00,2026-09-13 18:00:00,984.0
20260913,180000,71W,49,2026,9,13,18,43.2,147.0,98600.0,2026-09-13 18:00:00,2026-09-13 18:00:00,986.0
20260913,180000,71W,49,2026,9,13,18,44.9,151.0,98600.0,2026-09-13 18:00:00,2026-09-13 18:00:00,986.0
20260913,180000,71W,50,2026,9,13,18,12.5,150.4,100500.0,2026-09-13 18:00:00,2026-09-13 18:00:00,1005.0
20260913,180000,71W,50,2026,9,13,18,12.5,149.6,100300.0,2026-09-13 18:00:00,2026-09-13 18:00:00,1003.0
20260913,180000,71W,50,2026,9,13,18,13.0,149.6,100400.0,2026-09-13 18:00:00,2026-09-13 18:00:00,1004.0
20260913,180000,71W,50,2026,9,13,18,13.0,149.3,100000.0,2026-09-13 18:00:00,2026-09-13 18:00:00,1000.0
20260913,180000,71W,50,2026,9,13,18,13.6,149.6,100200.0,2026-09-13 18:00:00,2026-09-13 18:00:00,1002.0
20260913,180000,71W,50,2026,9,13,18,13.9,149.6,99900.0,2026-09-13 18:00:00,2026-09-13 18:00:00,999.0
20260913,180000,71W,50,2026,9,13,18,14.700000000000001,148.20000000000002,100000.0,2026-09-13 18:00:00,2026-09-13 18:00:00,1000.0
20260913,180000,71W,50,2026,9,13,18,14.5,148.20000000000002,99400.0,2026-09-13 18:00:00,2026-09-13 18:00:00,994.0
20260913,180000,71W,50,2026,9,13,18,15.3,147.6,99200.0,2026-09-13 18:00:00,2026-09-13 18:00:00,992.0
20260913,180000,71W,50,2026,9,13,18,15.9,147.3,98700.0,2026-09-13 18:00:00,2026-09-13 18:00:00,987.0
20260913,180000,71W,50,2026,9,13,18,16.7,146.8,98400.0,2026-09-13 18:00:00,2026-09-13 18:00:00,984.0
20260913,180000,71W,50,2026,9,13,18,17.3,145.9,98000.0,2026-09-13 18:00:00,2026-09-13 18:00:00,980.0
20260913,180000,71W,50,2026,9,13,18,17.6,145.9,98300.0,2026-09-13 18:00:00,2026-09-13 18:00:00,983.0
20260913,180000,71W,50,2026,9,13,18,18.7,145.6,98200.0,2026-09-13 18:00:00,2026-09-13 18:00:00,982.0
20260913,180000,71W,50,2026,9,13,18,19.8,145.1,97800.0,2026-09-13 18:00:00,2026-09-13 18:00:00,978.0
20260913,180000,71W,50,2026,9,13,18,20.7,144.0,97400.0,2026-09-13 18:00:00,2026-09-13 18:00:00,974.0
20260913,180000,71W,50,2026,9,13,18,21.5,143.1,97300.0,2026-09-13 18:00:00,2026-09-13 18:00:00,973.0
20260913,180000,71W,50,2026,9,13,18,22.1,142.8,97200.0,2026-09-13 18:00:00,2026-09-13 18:00:00,972.0
20260913,180000,71W,50,2026,9,13,18,23.2,142.0,97300.0,2026-09-13 18:00:00,2026-09-13 18:00:00,973.0
20260913,180000,71W,50,2026,9,13,18,23.8,140.6,97300.0,2026-09-13 18:00:00,2026-09-13 18:00:00,973.0
20260913,180000,71W,50,2026,9,13,18,24.6,139.70000000000002,97300.0,2026-09-13 18:00:00,2026-09-13 18:00:00,973.0
20260913,180000,71W,50,2026,9,13,18,25.7,139.20000000000002,97000.0,2026-09-13 18:00:00,2026-09-13 18:00:00,970.0
20260913,180000,71W,50,2026,9,13,18,26.900000000000002,138.3,97300.0,2026-09-13 18:00:00,2026-09-13 18:00:00,973.0
20260913,180000,71W,50,2026,9,13,18,27.900000000000002,137.3,97000.0,2026-09-13 18:00:00,2026-09-13 18:00:00,970.0
20260913,180000,71W,50,2026,9,13,18,28.7,137.20000000000002,97100.0,2026-09-13 18:00:00,2026-09-13 18:00:00,971.0
20260913,180000,71W,50,2026,9,13,18,30.2,136.9,97100.0,2026-09-13 18:00:00,2026-09-13 18:00:00,971.0
20260913,180000,71W,50,2026,9,13,18,31.1,137.70000000000002,97300.0,2026-09-13 18:00:00,2026-09-13 18:00:00,973.0
20260913,180000,71W,50,2026,9,13,18,32.6,138.5,97500.0,2026-09-13 18:00:00,2026-09-13 18:00:00,975.0
20260913,180000,71W,50,2026,9,13,18,34.5,139.70000000000002,98000.0,2026-09-13 18:00:00,2026-09-13 18:00:00,980.0
20260913,180000,71W,50,2026,9,13,18,37.0,141.4,98100.0,2026-09-13 18:00:00,2026-09-13 18:00:00,981.0
20260913,180000,71W,50,2026,9,13,18,38.7,144.20000000000002,98300.0,2026-09-13 18:00:00,2026-09-13 18:00:00,983.0
20260913,180000,71W,51,2026,9,13,18,13.6,153.5,100600.0,2026-09-13 18:00:00,2026-09-13 18:00:00,1006.0
20260913,180000,71W,51,2026,9,13,18,12.6,149.9,100600.0,2026-09-13 18:00:00,2026-09-13 18:00:00,1006.0
20260913,180000,71W,51,2026,9,13,18,13.0,149.6,100300.0,2026-09-13 18:00:00,2026-09-13 18:00:00,1003.0
20260913,180000,71W,51,2026,9,13,18,14.5,149.6,100400.0,2026-09-13 18:00:00,2026-09-13 18:00:00,1004.0
20260913,180000,71W,51,2026,9,13,18,14.200000000000001,149.6,100100.0,2026-09-13 18:00:00,2026-09-13 18:00:00,1001.0
20260913,180000,71W,51,2026,9,13,18,15.9,148.70000000000002,100200.0,2026-09-13 18:00:00,2026-09-13 18:00:00,1002.0
20260913,180000,71W,51,2026,9,13,18,15.0,147.6,99800.0,2026-09-13 18:00:00,2026-09-13 18:00:00,998.0
20260913,180000,71W,51,2026,9,13,18,15.8,148.4,99700.0,2026-09-13 18:00:00,2026-09-13 18:00:00,997.0
20260913,180000,71W,51,2026,9,13,18,16.7,148.5,99300.0,2026-09-13 18:00:00,2026-09-13 18:00:00,993.0
20260913,180000,71W,51,2026,9,13,18,17.5,148.20000000000002,99200.0,2026-09-13 18:00:00,2026-09-13 18:00:00,992.0
20260913,180000,71W,51,2026,9,13,18,18.400000000000002,147.0,98500.0,2026-09-13 18:00:00,2026-09-13 18:00:00,985.0
20260913,180000,71W,51,2026,9,13,18,19.8,146.8,98300.0,2026-09-13 18:00:00,2026-09-13 18:00:00,983.0
20260913,180000,71W,51,2026,9,13,18,20.7,145.9,97800.0,2026-09-13 18:00:00,2026-09-13 18:00:00,978.0
20260913,180000,71W,51,2026,9,13,18,21.5,145.4,97200.0,2026-09-13 18:00:00,2026-09-13 18:00:00,972.0
20260913,180000,71W,51,2026,9,13,18,22.3,143.70000000000002,97000.0,2026-09-13 18:00:00,2026-09-13 18:00:00,970.0
20260913,180000,71W,51,2026,9,13,18,22.900000000000002,142.5,96800.0,2026-09-13 18:00:00,2026-09-13 18:00:00,968.0
20260913,180000,71W,51,2026,9,13,18,23.5,141.70000000000002,96600.0,2026-09-13 18:00:00,2026-09-13 18:00:00,966.0
20260913,180000,71W,51,2026,9,13,18,24.0,140.3,96600.0,2026-09-13 18:00:00,2026-09-13 18:00:00,966.0
20260913,180000,71W,51,2026,9,13,18,24.900000000000002,138.9,96700.0,2026-09-13 18:00:00,2026-09-13 18:00:00,967.0
20260913,180000,71W,51,2026,9,13,18,25.400000000000002,137.5,96700.0,2026-09-13 18:00:00,2026-09-13 18:00:00,967.0
20260913,180000,71W,51,2026,9,13,18,26.0,136.1,96600.0,2026-09-13 18:00:00,2026-09-13 18:00:00,966.0
20260913,180000,71W,51,2026,9,13,18,26.6,135.0,96400.0,2026-09-13 18:00:00,2026-09-13 18:00:00,964.0
20260913,180000,71W,51,2026,9,13,18,27.1,133.5,96700.0,2026-09-13 18:00:00,2026-09-13 18:00:00,967.0
20260913,180000,71W,51,2026,9,13,18,27.400000000000002,132.4,96800.0,2026-09-13 18:00:00,2026-09-13 18:00:00,968.0
20260913,180000,71W,51,2026,9,13,18,28.3,131.3,96800.0,2026-09-13 18:00:00,2026-09-13 18:00:00,968.0
20260913,180000,71W,51,2026,9,13,18,28.5,130.7,97000.0,2026-09-13 18:00:00,2026-09-13 18:00:00,970.0
20260913,180000,71W,51,2026,9,13,18,29.1,130.5,96800.0,2026-09-13 18:00:00,2026-09-13 18:00:00,968.0
20260913,180000,71W,51,2026,9,13,18,29.7,130.5,97200.0,2026-09-13 18:00:00,2026-09-13 18:00:00,972.0
20260913,180000,71W,51,2026,9,13,18,30.5,130.2,97100.0,2026-09-13 18:00:00,2026-09-13 18:00:00,971.0
20260913,180000,71W,51,2026,9,13,18,31.400000000000002,130.7,97600.0,2026-09-13 18:00:00,2026-09-13 18:00:00,976.0
20260913,180000,71W,51,2026,9,13,18,32.4,131.4,97800.0,2026-09-13 18:00:00,2026-09-13 18:00:00,978.0
20260913,180000,71W,51,2026,9,13,18,33.4,132.9,98100.0,2026-09-13 18:00:00,2026-09-13 18:00:00,981.0
20260913,180000,71W,51,2026,9,13,18,34.7,135.0,98600.0,2026-09-13 18:00:00,2026-09-13 18:00:00,986.0
20260913,180000,71W,51,2026,9,13,18,36.1,139.20000000000002,98900.0,2026-09-13 18:00:00,2026-09-13 18:00:00,989.0
20260913,180000,71W,51,2026,9,13,18,39.2,142.3,98200.0,2026-09-13 18:00:00,2026-09-13 18:00:00,982.0
20260913,180000,71W,51,2026,9,13,18,40.5,145.3,97800.0,2026-09-13 18:00:00,2026-09-13 18:00:00,978.0
20260913,180000,71W,51,2026,9,13,18,41.800000000000004,149.0,97500.0,2026-09-13 18:00:00,2026-09-13 18:00:00,975.0
20260913,180000,71W,51,2026,9,13,18,43.4,152.20000000000002,97200.0,2026-09-13 18:00:00,2026-09-13 18:00:00,972.0
20260913,180000,71W,51,2026,9,13,18,44.800000000000004,155.20000000000002,96600.0,2026-09-13 18:00:00,2026-09-13 18:00:00,966.0
20260913,180000,71W,51,2026,9,13,18,45.6,158.0,95800.0,2026-09-13 18:00:00,2026-09-13 18:00:00,958.0
20260913,180000,71W,51,2026,9,13,18,46.6,163.1,95400.0,2026-09-13 18:00:00,2026-09-13 18:00:00,954.0
20260913,180000,71W,51,2026,9,13,18,46.9,165.6,95600.0,2026-09-13 18:00:00,2026-09-13 18:00:00,956.0
20260913,180000,71W,51,2026,9,13,18,47.1,168.4,96200.0,2026-09-13 18:00:00,2026-09-13 18:00:00,962.0
20260913,180000,71W,51,2026,9,13,18,47.7,170.4,96600.0,2026-09-13 18:00:00,2026-09-13 18:00:00,966.0
20260913,180000,71W,51,2026,9,13,18,47.7,172.4,96900.0,2026-09-13 18:00:00,2026-09-13 18:00:00,969.0
20260913,180000,71W,51,2026,9,13,18,47.7,175.5,97300.0,2026-09-13 18:00:00,2026-09-13 18:00:00,973.0
20260913,180000,71W,51,2026,9,13,18,47.6,178.0,97900.0,2026-09-13 18:00:00,2026-09-13 18:00:00,979.0
20260913,180000,71W,52,2026,9,13,18,12.200000000000001,152.4,100600.0,2026-09-13 18:00:00,2026-09-13 18:00:00,1006.0
20260913,180000,71W,52,2026,9,13,18,13.3,152.4,100300.0,2026-09-13 18:00:00,2026-09-13 18:00:00,1003.0
20260913,180000,71W,52,2026,9,13,18,13.9,151.8,100500.0,2026-09-13 18:00:00,2026-09-13 18:00:00,1005.0
20260913,180000,71W,52,2026,9,13,18,14.4,151.3,100200.0,2026-09-13 18:00:00,2026-09-13 18:00:00,1002.0
20260913,180000,71W,52,2026,9,13,18,14.5,150.4,100200.0,2026-09-13 18:00:00,2026-09-13 18:00:00,1002.0
20260913,180000,71W,52,2026,9,13,18,14.5,150.1,99900.0,2026-09-13 18:00:00,2026-09-13 18:00:00,999.0
20260913,180000,71W,52,2026,9,13,18,15.0,150.1,100000.0,2026-09-13 18:00:00,2026-09-13 18:00:00,1000.0
20260913,180000,71W,52,2026,9,13,18,15.9,150.1,99600.0,2026-09-13 18:00:00,2026-09-13 18:00:00,996.0
20260913,180000,71W,52,2026,9,13,18,16.7,149.9,99600.0,2026-09-13 18:00:00,2026-09-13 18:00:00,996.0
20260913,180000,71W,52,2026,9,13,18,17.6,149.9,99200.0,2026-09-13 18:00:00,2026-09-13 18:00:00,992.0
20260913,180000,71W,52,2026,9,13,18,19.0,149.6,99200.0,2026-09-13 18:00:00,2026-09-13 18:00:00,992.0
20260913,180000,71W,52,2026,9,13,18,20.400000000000002,149.3,98800.0,2026-09-13 18:00:00,2026-09-13 18:00:00,988.0
20260913,180000,71W,52,2026,9,13,18,21.5,148.20000000000002,98800.0,2026-09-13 18:00:00,2026-09-13 18:00:00,988.0
20260913,180000,71W,52,2026,9,13,18,22.6,147.0,98400.0,2026-09-13 18:00:00,2026-09-13 18:00:00,984.0
20260913,180000,71W,52,2026,9,13,18,23.5,145.9,98300.0,2026-09-13 18:00:00,2026-09-13 18:00:00,983.0
20260913,180000,71W,52,2026,9,13,18,24.0,144.8,97900.0,2026-09-13 18:00:00,2026-09-13 18:00:00,979.0
20260913,180000,71W,52,2026,9,13,18,24.6,143.70000000000002,97800.0,2026-09-13 18:00:00,2026-09-13 18:00:00,978.0
20260913,180000,71W,52,2026,9,13,18,25.2,142.5,97500.0,2026-09-13 18:00:00,2026-09-13 18:00:00,975.0
20260913,180000,71W,52,2026,9,13,18,25.7,141.4,97400.0,2026-09-13 18:00:00,2026-09-13 18:00:00,974.0
20260913,180000,71W,52,2026,9,13,18,26.3,140.3,97200.0,2026-09-13 18:00:00,2026-09-13 18:00:00,972.0
20260913,180000,71W,52,2026,9,13,18,27.1,138.9,97400.0,2026-09-13 18:00:00,2026-09-13 18:00:00,974.0
20260913,180000,71W,52,2026,9,13,18,27.7,138.0,97200.0,2026-09-13 18:00:00,2026-09-13 18:00:00,972.0
20260913,180000,71W,52,2026,9,13,18,28.3,137.20000000000002,97500.0,2026-09-13 18:00:00,2026-09-13 18:00:00,975.0
20260913,180000,71W,52,2026,9,13,18,29.1,136.9,97400.0,2026-09-13 18:00:00,2026-09-13 18:00:00,974.0
20260913,180000,71W,52,2026,9,13,18,29.7,136.8,97700.0,2026-09-13 18:00:00,2026-09-13 18:00:00,977.0
20260913,180000,71W,52,2026,9,13,18,30.8,136.9,97500.0,2026-09-13 18:00:00,2026-09-13 18:00:00,975.0
20260913,180000,71W,52,2026,9,13,18,31.6,137.20000000000002,97600.0,2026-09-13 18:00:00,2026-09-13 18:00:00,976.0
20260913,180000,71W,52,2026,9,13,18,32.8,138.0,97600.0,2026-09-13 18:00:00,2026-09-13 18:00:00,976.0
20260913,180000,71W,52,2026,9,13,18,34.2,139.5,97600.0,2026-09-13 18:00:00,2026-09-13 18:00:00,976.0
20260913,180000,71W,52,2026,9,13,18,35.9,141.70000000000002,97600.0,2026-09-13 18:00:00,2026-09-13 18:00:00,976.0
20260913,180000,71W,52,2026,9,13,18,37.6,144.20000000000002,97700.0,2026-09-13 18:00:00,2026-09-13 18:00:00,977.0
20260913,180000,71W,52,2026,9,13,18,39.2,147.6,97600.0,2026-09-13 18:00:00,2026-09-13 18:00:00,976.0
20260913,180000,71W,52,2026,9,13,18,40.9,151.5,97700.0,2026-09-13 18:00:00,2026-09-13 18:00:00,977.0
20260913,180000,71W,52,2026,9,13,18,42.300000000000004,155.8,97600.0,2026-09-13 18:00:00,2026-09-13 18:00:00,976.0
20260913,180000,71W,52,2026,9,13,18,43.7,160.3,97400.0,2026-09-13 18:00:00,2026-09-13 18:00:00,974.0
20260913,180000,71W,52,2026,9,13,18,45.0,164.4,97000.0,2026-09-13 18:00:00,2026-09-13 18:00:00,970.0
20260913,180000,71W,52,2026,9,13,18,45.9,168.4,96500.0,2026-09-13 18:00:00,2026-09-13 18:00:00,965.0
20260913,180000,71W,52,2026,9,13,18,47.1,172.0,96200.0,2026-09-13 18:00:00,2026-09-13 18:00:00,962.0
20260913,180000,72W,1,2026,9,13,18,8.8,178.0,100600.0,2026-09-13 18:00:00,2026-09-13 18:00:00,1006.0
20260913,180000,72W,1,2026,9,13,18,10.0,178.5,100700.0,2026-09-13 18:00:00,2026-09-13 18:00:00,1007.0
20260913,180000,72W,1,2026,9,13,18,12.5,176.0,100800.0,2026-09-13 18:00:00,2026-09-13 18:00:00,1008.0
20260913,180000,72W,1,2026,9,13,18,11.4,173.8,100900.0,2026-09-13 18:00:00,2026-09-13 18:00:00,1009.0
20260913,180000,72W,1,2026,9,13,18,11.6,170.1,101000.0,2026-09-13 18:00:00,2026-09-13 18:00:00,1010.0
20260913,180000,72W,1,2026,9,13,18,12.5,166.70000000000002,100900.0,2026-09-13 18:00:00,2026-09-13 18:00:00,1009.0
20260913,180000,72W,1,2026,9,13,18,10.200000000000001,165.9,100900.0,2026-09-13 18:00:00,2026-09-13 18:00:00,1009.0
20260913,180000,72W,2,2026,9,13,18,13.3,151.8,100600.0,2026-09-13 18:00:00,2026-09-13 18:00:00,1006.0
20260913,180000,72W,2,2026,9,13,18,12.5,152.70000000000002,100300.0,2026-09-13 18:00:00,2026-09-13 18:00:00,1003.0
20260913,180000,72W,2,2026,9,13,18,13.3,152.4,100500.0,2026-09-13 18:00:00,2026-09-13 18:00:00,1005.0
20260913,180000,72W,2,2026,9,13,18,14.5,152.3,100100.0,2026-09-13 18:00:00,2026-09-13 18:00:00,1001.0
20260913,180000,72W,2,2026,9,13,18,14.700000000000001,150.70000000000002,100200.0,2026-09-13 18:00:00,2026-09-13 18:00:00,1002.0
20260913,180000,72W,2,2026,9,13,18,15.9,151.0,99800.0,2026-09-13 18:00:00,2026-09-13 18:00:00,998.0
20260913,180000,72W,2,2026,9,13,18,15.9,151.3,99900.0,2026-09-13 18:00:00,2026-09-13 18:00:00,999.0
20260913,180000,72W,2,2026,9,13,18,16.1,151.0,99500.0,2026-09-13 18:00:00,2026-09-13 18:00:00,995.0
20260913,180000,72W,2,2026,9,13,18,17.0,151.3,99600.0,2026-09-13 18:00:00,2026-09-13 18:00:00,996.0
20260913,180000,72W,2,2026,9,13,18,18.1,151.5,99300.0,2026-09-13 18:00:00,2026-09-13 18:00:00,993.0
20260913,180000,72W,2,2026,9,13,18,19.8,151.3,99200.0,2026-09-13 18:00:00,2026-09-13 18:00:00,992.0
20260913,180000,72W,2,2026,9,13,18,21.2,150.4,98800.0,2026-09-13 18:00:00,2026-09-13 18:00:00,988.0
20260913,180000,72W,2,2026,9,13,18,22.1,149.6,98700.0,2026-09-13 18:00:00,2026-09-13 18:00:00,987.0
20260913,180000,72W,2,2026,9,13,18,23.2,148.70000000000002,98200.0,2026-09-13 18:00:00,2026-09-13 18:00:00,982.0
20260913,180000,72W,2,2026,9,13,18,23.8,147.3,97900.0,2026-09-13 18:00:00,2026-09-13 18:00:00,979.0
20260913,180000,72W,2,2026,9,13,18,23.8,145.9,97600.0,2026-09-13 18:00:00,2026-09-13 18:00:00,976.0
20260913,180000,72W,2,2026,9,13,18,24.0,145.1,97300.0,2026-09-13 18:00:00,2026-09-13 18:00:00,973.0
20260913,180000,72W,2,2026,9,13,18,24.3,144.20000000000002,97200.0,2026-09-13 18:00:00,2026-09-13 18:00:00,972.0
20260913,180000,72W,2,2026,9,13,18,24.6,143.1,97300.0,2026-09-13 18:00:00,2026-09-13 18:00:00,973.0
20260913,180000,72W,2,2026,9,13,18,25.400000000000002,142.0,97100.0,2026-09-13 18:00:00,2026-09-13 18:00:00,971.0
20260913,180000,72W,2,2026,9,13,18,26.0,141.1,97200.0,2026-09-13 18:00:00,2026-09-13 18:00:00,972.0
20260913,180000,72W,2,2026,9,13,18,26.900000000000002,140.3,97000.0,2026-09-13 18:00:00,2026-09-13 18:00:00,970.0
20260913,180000,72W,2,2026,9,13,18,27.6,139.4,96700.0,2026-09-13 18:00:00,2026-09-13 18:00:00,967.0
20260913,180000,72W,2,2026,9,13,18,28.5,138.9,96700.0,2026-09-13 18:00:00,2026-09-13 18:00:00,967.0
20260913,180000,72W,2,2026,9,13,18,29.7,138.3,96800.0,2026-09-13 18:00:00,2026-09-13 18:00:00,968.0
20260913,180000,72W,2,2026,9,13,18,31.1,138.0,96900.0,2026-09-13 18:00:00,2026-09-13 18:00:00,969.0
20260913,180000,72W,2,2026,9,13,18,31.6,137.8,96500.0,2026-09-13 18:00:00,2026-09-13 18:00:00,965.0
20260913,180000,72W,2,2026,9,13,18,32.5,138.3,96800.0,2026-09-13 18:00:00,2026-09-13 18:00:00,968.0
20260913,180000,72W,2,2026,9,13,18,33.9,138.6,97400.0,2026-09-13 18:00:00,2026-09-13 18:00:00,974.0
20260913,180000,72W,2,2026,9,13,18,35.0,140.0,97800.0,2026-09-13 18:00:00,2026-09-13 18:00:00,978.0
20260913,180000,72W,2,2026,9,13,18,36.7,141.70000000000002,98000.0,2026-09-13 18:00:00,2026-09-13 18:00:00,980.0
20260913,180000,72W,2,2026,9,13,18,37.800000000000004,144.0,98000.0,2026-09-13 18:00:00,2026-09-13 18:00:00,980.0
20260913,180000,72W,2,2026,9,13,18,39.0,146.8,98000.0,2026-09-13 18:00:00,2026-09-13 18:00:00,980.0
20260913,180000,72W,2,2026,9,13,18,40.9,150.4,97800.0,2026-09-13 18:00:00,2026-09-13 18:00:00,978.0
20260913,180000,72W,2,2026,9,13,18,42.300000000000004,153.5,97900.0,2026-09-13 18:00:00,2026-09-13 18:00:00,979.0
20260913,180000,72W,2,2026,9,13,18,43.5,158.0,97900.0,2026-09-13 18:00:00,2026-09-13 18:00:00,979.0
20260913,180000,72W,2,2026,9,13,18,44.9,162.0,97800.0,2026-09-13 18:00:00,2026-09-13 18:00:00,978.0
20260913,180000,72W,2,2026,9,13,18,46.0,167.3,98000.0,2026-09-13 18:00:00,2026-09-13 18:00:00,980.0
20260913,180000,72W,2,2026,9,13,18,47.1,172.8,97600.0,2026-09-13 18:00:00,2026-09-13 18:00:00,976.0
20260913,180000,72W,2,2026,9,13,18,48.1,178.8,97500.0,2026-09-13 18:00:00,2026-09-13 18:00:00,975.0
20260913,180000,72W,2,2026,9,13,18,49.4,185.0,97600.0,2026-09-13 18:00:00,2026-09-13 18:00:00,976.0
20260913,180000,72W,3,2026,9,13,18,16.7,150.70000000000002,100300.0,2026-09-13 18:00:00,2026-09-13 18:00:00,1003.0
20260913,180000,72W,3,2026,9,13,18,17.3,150.4,100100.0,2026-09-13 18:00:00,2026-09-13 18:00:00,1001.0
20260913,180000,72W,3,2026,9,13,18,18.1,149.6,100100.0,2026-09-13 18:00:00,2026-09-13 18:00:00,1001.0
20260913,180000,72W,3,2026,9,13,18,19.1,149.8,99900.0,2026-09-13 18:00:00,2026-09-13 18:00:00,999.0
20260913,180000,72W,3,2026,9,13,18,20.7,149.3,100000.0,2026-09-13 18:00:00,2026-09-13 18:00:00,1000.0
20260913,180000,72W,3,2026,9,13,18,21.5,148.20000000000002,99500.0,2026-09-13 18:00:00,2026-09-13 18:00:00,995.0
20260913,180000,72W,3,2026,9,13,18,22.1,147.3,99700.0,2026-09-13 18:00:00,2026-09-13 18:00:00,997.0
20260913,180000,72W,3,2026,9,13,18,22.1,146.20000000000002,99300.0,2026-09-13 18:00:00,2026-09-13 18:00:00,993.0
20260913,180000,72W,3,2026,9,13,18,22.3,145.1,99400.0,2026-09-13 18:00:00,2026-09-13 18:00:00,994.0
20260913,180000,72W,3,2026,9,13,18,22.6,144.5,98900.0,2026-09-13 18:00:00,2026-09-13 18:00:00,989.0
20260913,180000,72W,3,2026,9,13,18,23.2,143.70000000000002,98900.0,2026-09-13 18:00:00,2026-09-13 18:00:00,989.0
20260913,180000,72W,3,2026,9,13,18,23.8,142.5,98700.0,2026-09-13 18:00:00,2026-09-13 18:00:00,987.0
20260913,180000,72W,3,2026,9,13,18,24.0,141.4,98700.0,2026-09-13 18:00:00,2026-09-13 18:00:00,987.0
20260913,180000,72W,3,2026,9,13,18,24.6,140.6,98400.0,2026-09-13 18:00:00,2026-09-13 18:00:00,984.0
20260913,180000,72W,3,2026,9,13,18,25.2,139.20000000000002,98400.0,2026-09-13 18:00:00,2026-09-13 18:00:00,984.0
20260913,180000,72W,3,2026,9,13,18,25.400000000000002,138.0,98000.0,2026-09-13 18:00:00,2026-09-13 18:00:00,980.0
20260913,180000,72W,3,2026,9,13,18,25.7,137.20000000000002,98100.0,2026-09-13 18:00:00,2026-09-13 18:00:00,981.0
20260913,180000,72W,3,2026,9,13,18,26.3,136.1,97700.0,2026-09-13 18:00:00,2026-09-13 18:00:00,977.0
20260913,180000,72W,3,2026,9,13,18,26.6,135.2,97500.0,2026-09-13 18:00:00,2026-09-13 18:00:00,975.0
20260913,180000,72W,3,2026,9,13,18,27.1,135.0,97500.0,2026-09-13 18:00:00,2026-09-13 18:00:00,975.0
20260913,180000,72W,3,2026,9,13,18,27.400000000000002,134.1,97700.0,2026-09-13 18:00:00,2026-09-13 18:00:00,977.0
20260913,180000,72W,3,2026,9,13,18,28.0,133.8,97500.0,2026-09-13 18:00:00,2026-09-13 18:00:00,975.0
20260913,180000,72W,3,2026,9,13,18,28.5,133.5,97400.0,2026-09-13 18:00:00,2026-09-13 18:00:00,974.0
20260913,180000,72W,3,2026,9,13,18,29.400000000000002,133.5,97400.0,2026-09-13 18:00:00,2026-09-13 18:00:00,974.0
20260913,180000,72W,3,2026,9,13,18,30.2,133.8,97600.0,2026-09-13 18:00:00,2026-09-13 18:00:00,976.0
20260913,180000,72W,3,2026,9,13,18,31.400000000000002,134.4,97300.0,2026-09-13 18:00:00,2026-09-13 18:00:00,973.0
20260913,180000,72W,3,2026,9,13,18,32.5,135.8,98000.0,2026-09-13 18:00:00,2026-09-13 18:00:00,980.0
20260913,180000,72W,3,2026,9,13,18,33.9,137.8,97900.0,2026-09-13 18:00:00,2026-09-13 18:00:00,979.0
20260913,180000,72W,3,2026,9,13,18,34.7,140.3,98000.0,2026-09-13 18:00:00,2026-09-13 18:00:00,980.0
20260913,180000,72W,3,2026,9,13,18,35.9,143.1,98100.0,2026-09-13 18:00:00,2026-09-13 18:00:00,981.0
20260913,180000,72W,3,2026,9,13,18,36.4,147.0,98300.0,2026-09-13 18:00:00,2026-09-13 18:00:00,983.0
20260913,180000,72W,3,2026,9,13,18,36.7,151.5,98500.0,2026-09-13 18:00:00,2026-09-13 18:00:00,985.0
20260913,180000,72W,3,2026,9,13,18,36.7,155.5,98600.0,2026-09-13 18:00:00,2026-09-13 18:00:00,986.0
20260913,180000,72W,3,2026,9,13,18,36.7,159.70000000000002,99000.0,2026-09-13 18:00:00,2026-09-13 18:00:00,990.0
20260913,180000,72W,3,2026,9,13,18,36.6,163.0,99300.0,2026-09-13 18:00:00,2026-09-13 18:00:00,993.0
20260913,180000,72W,3,2026,9,13,18,36.4,167.0,99500.0,2026-09-13 18:00:00,2026-09-13 18:00:00,995.0
20260913,180000,72W,4,2026,9,13,18,12.200000000000001,179.4,100700.0,2026-09-13 18:00:00,2026-09-13 18:00:00,1007.0
20260913,180000,72W,4,2026,9,13,18,12.5,181.9,100600.0,2026-09-13 18:00:00,2026-09-13 18:00:00,1006.0
20260913,180000,72W,5,2026,9,13,18,10.5,165.0,100900.0,2026-09-13 18:00:00,2026-09-13 18:00:00,1009.0
20260913,180000,72W,6,2026,9,13,18,14.1,155.1,100500.0,2026-09-13 18:00:00,2026-09-13 18:00:00,1005.0
20260913,180000,72W,6,2026,9,13,18,14.5,155.20000000000002,100700.0,2026-09-13 18:00:00,2026-09-13 18:00:00,1007.0
20260913,180000,72W,7,2026,9,13,18,16.1,133.3,101200.0,2026-09-13 18:00:00,2026-09-13 18:00:00,1012.0
20260913,180000,72W,7,2026,9,13,18,20.1,132.4,101200.0,2026-09-13 18:00:00,2026-09-13 18:00:00,1012.0
20260913,180000,72W,7,2026,9,13,18,20.5,130.4,101000.0,2026-09-13 18:00:00,2026-09-13 18:00:00,1010.0
20260913,180000,72W,7,2026,9,13,18,21.8,129.0,101200.0,2026-09-13 18:00:00,2026-09-13 18:00:00,1012.0
20260913,180000,72W,7,2026,9,13,18,22.1,127.4,101000.0,2026-09-13 18:00:00,2026-09-13 18:00:00,1010.0
20260913,180000,72W,7,2026,9,13,18,22.3,126.2,101100.0,2026-09-13 18:00:00,2026-09-13 18:00:00,1011.0
20260913,180000,72W,7,2026,9,13,18,22.1,125.10000000000001,100800.0,2026-09-13 18:00:00,2026-09-13 18:00:00,1008.0
20260913,180000,72W,7,2026,9,13,18,21.8,125.4,100800.0,2026-09-13 18:00:00,2026-09-13 18:00:00,1008.0
20260913,180000,72W,7,2026,9,13,18,22.3,125.4,100500.0,2026-09-13 18:00:00,2026-09-13 18:00:00,1005.0
20260913,180000,72W,7,2026,9,13,18,23.2,126.0,100600.0,2026-09-13 18:00:00,2026-09-13 18:00:00,1006.0
20260913,180000,72W,7,2026,9,13,18,24.0,126.2,100100.0,2026-09-13 18:00:00,2026-09-13 18:00:00,1001.0
20260913,180000,72W,7,2026,9,13,18,24.0,126.5,100500.0,2026-09-13 18:00:00,2026-09-13 18:00:00,1005.0
20260913,180000,72W,7,2026,9,13,18,24.3,127.4,100300.0,2026-09-13 18:00:00,2026-09-13 18:00:00,1003.0
20260913,180000,72W,7,2026,9,13,18,24.6,128.2,100500.0,2026-09-13 18:00:00,2026-09-13 18:00:00,1005.0
20260913,180000,72W,7,2026,9,13,18,24.7,129.4,100200.0,2026-09-13 18:00:00,2026-09-13 18:00:00,1002.0
20260913,180000,72W,7,2026,9,13,18,24.3,130.1,100500.0,2026-09-13 18:00:00,2026-09-13 18:00:00,1005.0
20260913,180000,72W,7,2026,9,13,18,24.6,131.0,100300.0,2026-09-13 18:00:00,2026-09-13 18:00:00,1003.0
20260913,180000,72W,8,2026,9,13,18,6.6000000000000005,126.5,100800.0,2026-09-13 18:00:00,2026-09-13 18:00:00,1008.0
20260913,180000,72W,8,2026,9,13,18,8.0,127.10000000000001,100800.0,2026-09-13 18:00:00,2026-09-13 18:00:00,1008.0
20260913,180000,72W,9,2026,9,13,18,12.8,128.8,101200.0,2026-09-13 18:00:00,2026-09-13 18:00:00,1012.0
20260913,180000,72W,9,2026,9,13,18,11.9,127.60000000000001,101000.0,2026-09-13 18:00:00,2026-09-13 18:00:00,1010.0
20260913,180000,72W,9,2026,9,13,18,11.1,126.8,101000.0,2026-09-13 18:00:00,2026-09-13 18:00:00,1010.0
20260913,180000,72W,9,2026,9,13,18,11.9,127.60000000000001,101000.0,2026-09-13 18:00:00,2026-09-13 18:00:00,1010.0
20260913,180000,72W,9,2026,9,13,18,14.700000000000001,126.8,101000.0,2026-09-13 18:00:00,2026-09-13 18:00:00,1010.0
20260913,180000,72W,9,2026,9,13,18,14.5,124.8,100900.0,2026-09-13 18:00:00,2026-09-13 18:00:00,1009.0
20260913,180000,72W,9,2026,9,13,18,15.0,124.3,101100.0,2026-09-13 18:00:00,2026-09-13 18:00:00,1011.0
20260913,180000,72W,9,2026,9,13,18,15.4,123.60000000000001,100900.0,2026-09-13 18:00:00,2026-09-13 18:00:00,1009.0
20260913,180000,72W,9,2026,9,13,18,15.700000000000001,123.4,101000.0,2026-09-13 18:00:00,2026-09-13 18:00:00,1010.0
20260913,180000,72W,9,2026,9,13,18,16.1,123.5,100900.0,2026-09-13 18:00:00,2026-09-13 18:00:00,1009.0
20260913,180000,72W,9,2026,9,13,18,16.4,123.7,101100.0,2026-09-13 18:00:00,2026-09-13 18:00:00,1011.0
20260913,180000,72W,9,2026,9,13,18,16.4,123.7,101000.0,2026-09-13 18:00:00,2026-09-13 18:00:00,1010.0
20260913,180000,72W,9,2026,9,13,18,17.8,122.9,101100.0,2026-09-13 18:00:00,2026-09-13 18:00:00,1011.0
20260913,180000,72W,9,2026,9,13,18,18.1,122.9,100900.0,2026-09-13 18:00:00,2026-09-13 18:00:00,1009.0
20260913,180000,72W,9,2026,9,13,18,18.1,122.3,101100.0,2026-09-13 18:00:00,2026-09-13 18:00:00,1011.0
20260913,180000,72W,9,2026,9,13,18,18.400000000000002,121.5,100900.0,2026-09-13 18:00:00,2026-09-13 18:00:00,1009.0
20260913,180000,72W,9,2026,9,13,18,18.1,121.5,101100.0,2026-09-13 18:00:00,2026-09-13 18:00:00,1011.0
20260913,180000,72W,9,2026,9,13,18,17.6,119.8,100900.0,2026-09-13 18:00:00,2026-09-13 18:00:00,1009.0
20260913,180000,72W,9,2026,9,13,18,17.0,119.5,101100.0,2026-09-13 18:00:00,2026-09-13 18:00:00,1011.0
20260913,180000,72W,9,2026,9,13,18,16.6,119.7,101000.0,2026-09-13 18:00:00,2026-09-13 18:00:00,1010.0
20260913,180000,72W,11,2026,9,13,18,14.5,153.5,100700.0,2026-09-13 18:00:00,2026-09-13 18:00:00,1007.0
20260913,180000,72W,11,2026,9,13,18,15.6,155.8,100400.0,2026-09-13 18:00:00,2026-09-13 18:00:00,1004.0
20260913,180000,72W,11,2026,9,13,18,15.9,152.70000000000002,100300.0,2026-09-13 18:00:00,2026-09-13 18:00:00,1003.0
20260913,180000,72W,11,2026,9,13,18,15.6,149.3,100200.0,2026-09-13 18:00:00,2026-09-13 18:00:00,1002.0
20260913,180000,72W,12,2026,9,13,18,16.1,170.70000000000002,101100.0,2026-09-13 18:00:00,2026-09-13 18:00:00,1011.0
20260913,180000,72W,12,2026,9,13,18,15.6,169.5,100900.0,2026-09-13 18:00:00,2026-09-13 18:00:00,1009.0
20260913,180000,72W,12,2026,9,13,18,15.6,168.70000000000002,101000.0,2026-09-13 18:00:00,2026-09-13 18:00:00,1010.0
20260913,180000,72W,12,2026,9,13,18,16.1,167.3,101000.0,2026-09-13 18:00:00,2026-09-13 18:00:00,1010.0
20260913,180000,72W,12,2026,9,13,18,14.700000000000001,165.6,100800.0,2026-09-13 18:00:00,2026-09-13 18:00:00,1008.0
20260913,180000,72W,12,2026,9,13,18,15.0,163.4,100900.0,2026-09-13 18:00:00,2026-09-13 18:00:00,1009.0
20260913,180000,72W,12,2026,9,13,18,15.9,163.4,101000.0,2026-09-13 18:00:00,2026-09-13 18:00:00,1010.0
20260913,180000,72W,12,2026,9,13,18,15.0,163.1,100700.0,2026-09-13 18:00:00,2026-09-13 18:00:00,1007.0
20260913,180000,72W,12,2026,9,13,18,14.700000000000001,162.0,100800.0,2026-09-13 18:00:00,2026-09-13 18:00:00,1008.0
20260913,180000,72W,12,2026,9,13,18,14.700000000000001,161.70000000000002,101000.0,2026-09-13 18:00:00,2026-09-13 18:00:00,1010.0
20260913,180000,72W,12,2026,9,13,18,13.0,160.0,100900.0,2026-09-13 18:00:00,2026-09-13 18:00:00,1009.0
20260913,180000,72W,12,2026,9,13,18,13.6,156.3,100700.0,2026-09-13 18:00:00,2026-09-13 18:00:00,1007.0
20260913,180000,72W,12,2026,9,13,18,12.5,156.9,100700.0,2026-09-13 18:00:00,2026-09-13 18:00:00,1007.0
20260913,180000,72W,12,2026,9,13,18,13.0,158.0,100800.0,2026-09-13 18:00:00,2026-09-13 18:00:00,1008.0
20260913,180000,72W,12,2026,9,13,18,12.5,157.5,100600.0,2026-09-13 18:00:00,2026-09-13 18:00:00,1006.0
20260913,180000,72W,12,2026,9,13,18,12.5,158.0,100800.0,2026-09-13 18:00:00,2026-09-13 18:00:00,1008.0
20260913,180000,72W,12,2026,9,13,18,14.200000000000001,159.4,100600.0,2026-09-13 18:00:00,2026-09-13 18:00:00,1006.0
20260913,180000,72W,12,2026,9,13,18,12.8,159.70000000000002,100800.0,2026-09-13 18:00:00,2026-09-13 18:00:00,1008.0
20260913,180000,72W,12,2026,9,13,18,11.9,162.0,100600.0,2026-09-13 18:00:00,2026-09-13 18:00:00,1006.0
20260913,180000,72W,12,2026,9,13,18,14.5,165.0,100800.0,2026-09-13 18:00:00,2026-09-13 18:00:00,1008.0
20260913,180000,72W,12,2026,9,13,18,14.200000000000001,165.6,100600.0,2026-09-13 18:00:00,2026-09-13 18:00:00,1006.0
20260913,180000,72W,12,2026,9,13,18,15.0,166.5,100700.0,2026-09-13 18:00:00,2026-09-13 18:00:00,1007.0
20260913,180000,72W,12,2026,9,13,18,16.4,164.8,100400.0,2026-09-13 18:00:00,2026-09-13 18:00:00,1004.0
20260913,180000,72W,12,2026,9,13,18,17.0,163.1,100300.0,2026-09-13 18:00:00,2026-09-13 18:00:00,1003.0
20260913,180000,72W,12,2026,9,13,18,17.0,162.0,100000.0,2026-09-13 18:00:00,2026-09-13 18:00:00,1000.0
20260913,180000,72W,12,2026,9,13,18,17.8,160.0,100000.0,2026-09-13 18:00:00,2026-09-13 18:00:00,1000.0
20260913,180000,72W,12,2026,9,13,18,18.1,158.6,99600.0,2026-09-13 18:00:00,2026-09-13 18:00:00,996.0
20260913,180000,72W,12,2026,9,13,18,18.7,156.6,99400.0,2026-09-13 18:00:00,2026-09-13 18:00:00,994.0
20260913,180000,72W,12,2026,9,13,18,19.2,154.9,99200.0,2026-09-13 18:00:00,2026-09-13 18:00:00,992.0
20260913,180000,72W,13,2026,9,13,18,9.1,119.5,100800.0,2026-09-13 18:00:00,2026-09-13 18:00:00,1008.0
20260913,180000,72W,13,2026,9,13,18,8.8,116.7,100800.0,2026-09-13 18:00:00,2026-09-13 18:00:00,1008.0
20260913,180000,72W,14,2026,9,13,18,12.5,163.6,100900.0,2026-09-13 18:00:00,2026-09-13 18:00:00,1009.0
20260913,180000,72W,14,2026,9,13,18,12.200000000000001,163.6,100700.0,2026-09-13 18:00:00,2026-09-13 18:00:00,1007.0
20260913,180000,72W,14,2026,9,13,18,12.200000000000001,160.5,100800.0,2026-09-13 18:00:00,2026-09-13 18:00:00,1008.0
20260913,180000,72W,14,2026,9,13,18,13.9,162.5,100700.0,2026-09-13 18:00:00,2026-09-13 18:00:00,1007.0
20260913,180000,72W,14,2026,9,13,18,12.5,162.20000000000002,100700.0,2026-09-13 18:00:00,2026-09-13 18:00:00,1007.0
20260913,180000,72W,14,2026,9,13,18,13.6,162.20000000000002,100800.0,2026-09-13 18:00:00,2026-09-13 18:00:00,1008.0
20260913,180000,72W,15,2026,9,13,18,9.1,175.70000000000002,100800.0,2026-09-13 18:00:00,2026-09-13 18:00:00,1008.0
20260913,180000,72W,15,2026,9,13,18,10.200000000000001,177.1,100700.0,2026-09-13 18:00:00,2026-09-13 18:00:00,1007.0
20260913,180000,72W,15,2026,9,13,18,12.200000000000001,174.9,100800.0,2026-09-13 18:00:00,2026-09-13 18:00:00,1008.0
20260913,180000,72W,16,2026,9,13,18,15.3,174.3,100800.0,2026-09-13 18:00:00,2026-09-13 18:00:00,1008.0
20260913,180000,72W,16,2026,9,13,18,15.0,170.70000000000002,101100.0,2026-09-13 18:00:00,2026-09-13 18:00:00,1011.0
20260913,180000,72W,16,2026,9,13,18,15.3,168.4,100900.0,2026-09-13 18:00:00,2026-09-13 18:00:00,1009.0
20260913,180000,72W,16,2026,9,13,18,15.3,165.9,100900.0,2026-09-13 18:00:00,2026-09-13 18:00:00,1009.0
20260913,180000,72W,16,2026,9,13,18,13.9,167.6,100900.0,2026-09-13 18:00:00,2026-09-13 18:00:00,1009.0
20260913,180000,72W,16,2026,9,13,18,12.5,169.0,100900.0,2026-09-13 18:00:00,2026-09-13 18:00:00,1009.0
20260913,180000,72W,16,2026,9,13,18,12.5,172.4,100600.0,2026-09-13 18:00:00,2026-09-13 18:00:00,1006.0
20260913,180000,72W,16,2026,9,13,18,13.3,170.70000000000002,100600.0,2026-09-13 18:00:00,2026-09-13 18:00:00,1006.0
20260913,180000,72W,17,2026,9,13,18,12.5,103.7,100900.0,2026-09-13 18:00:00,2026-09-13 18:00:00,1009.0
20260913,180000,72W,17,2026,9,13,18,11.6,100.4,101000.0,2026-09-13 18:00:00,2026-09-13 18:00:00,1010.0
20260913,180000,72W,17,2026,9,13,18,13.0,100.4,100700.0,2026-09-13 18:00:00,2026-09-13 18:00:00,1007.0
20260913,180000,72W,17,2026,9,13,18,13.3,99.8,100800.0,2026-09-13 18:00:00,2026-09-13 18:00:00,1008.0
20260913,180000,72W,17,2026,9,13,18,14.200000000000001,98.10000000000001,100700.0,2026-09-13 18:00:00,2026-09-13 18:00:00,1007.0
20260913,180000,72W,17,2026,9,13,18,13.0,97.0,100600.0,2026-09-13 18:00:00,2026-09-13 18:00:00,1006.0
20260913,180000,72W,17,2026,9,13,18,13.6,95.3,100700.0,2026-09-13 18:00:00,2026-09-13 18:00:00,1007.0
20260913,180000,72W,17,2026,9,13,18,13.0,95.60000000000001,100500.0,2026-09-13 18:00:00,2026-09-13 18:00:00,1005.0
20260913,180000,72W,17,2026,9,13,18,13.3,95.9,100500.0,2026-09-13 18:00:00,2026-09-13 18:00:00,1005.0
20260913,180000,72W,17,2026,9,13,18,13.3,95.9,100200.0,2026-09-13 18:00:00,2026-09-13 18:00:00,1002.0
20260913,180000,72W,17,2026,9,13,18,13.9,95.60000000000001,100400.0,2026-09-13 18:00:00,2026-09-13 18:00:00,1004.0
20260913,180000,72W,17,2026,9,13,18,14.200000000000001,94.7,100400.0,2026-09-13 18:00:00,2026-09-13 18:00:00,1004.0
20260913,180000,72W,17,2026,9,13,18,14.200000000000001,94.2,100500.0,2026-09-13 18:00:00,2026-09-13 18:00:00,1005.0
20260913,180000,72W,17,2026,9,13,18,14.5,93.3,100300.0,2026-09-13 18:00:00,2026-09-13 18:00:00,1003.0
20260913,180000,72W,17,2026,9,13,18,14.700000000000001,93.0,100200.0,2026-09-13 18:00:00,2026-09-13 18:00:00,1002.0
20260913,180000,72W,17,2026,9,13,18,15.0,92.5,100100.0,2026-09-13 18:00:00,2026-09-13 18:00:00,1001.0
20260913,180000,72W,17,2026,9,13,18,15.3,91.9,100300.0,2026-09-13 18:00:00,2026-09-13 18:00:00,1003.0
20260913,180000,72W,17,2026,9,13,18,15.9,91.4,100000.0,2026-09-13 18:00:00,2026-09-13 18:00:00,1000.0
20260913,180000,72W,17,2026,9,13,18,16.4,91.4,99800.0,2026-09-13 18:00:00,2026-09-13 18:00:00,998.0
20260913,180000,72W,17,2026,9,13,18,16.7,90.8,99500.0,2026-09-13 18:00:00,2026-09-13 18:00:00,995.0
20260913,180000,72W,17,2026,9,13,18,17.0,90.2,99400.0,2026-09-13 18:00:00,2026-09-13 18:00:00,994.0
20260913,180000,72W,17,2026,9,13,18,17.6,90.2,99000.0,2026-09-13 18:00:00,2026-09-13 18:00:00,990.0
20260913,180000,72W,17,2026,9,13,18,17.8,89.7,99000.0,2026-09-13 18:00:00,2026-09-13 18:00:00,990.0
20260913,180000,72W,17,2026,9,13,18,18.1,89.4,98700.0,2026-09-13 18:00:00,2026-09-13 18:00:00,987.0
20260913,180000,72W,17,2026,9,13,18,19.0,89.7,98800.0,2026-09-13 18:00:00,2026-09-13 18:00:00,988.0
20260913,180000,72W,17,2026,9,13,18,19.2,89.7,98600.0,2026-09-13 18:00:00,2026-09-13 18:00:00,986.0
20260913,180000,72W,17,2026,9,13,18,20.1,89.7,98600.0,2026-09-13 18:00:00,2026-09-13 18:00:00,986.0
20260913,180000,72W,17,2026,9,13,18,21.5,90.0,98300.0,2026-09-13 18:00:00,2026-09-13 18:00:00,983.0
20260913,180000,72W,17,2026,9,13,18,23.2,90.0,98500.0,2026-09-13 18:00:00,2026-09-13 18:00:00,985.0
20260913,180000,72W,17,2026,9,13,18,24.0,90.2,99100.0,2026-09-13 18:00:00,2026-09-13 18:00:00,991.0
20260913,180000,72W,17,2026,9,13,18,24.6,90.2,100400.0,2026-09-13 18:00:00,2026-09-13 18:00:00,1004.0
20260913,180000,72W,18,2026,9,13,18,18.1,108.0,100900.0,2026-09-13 18:00:00,2026-09-13 18:00:00,1009.0
20260913,180000,72W,18,2026,9,13,18,19.3,106.0,100900.0,2026-09-13 18:00:00,2026-09-13 18:00:00,1009.0
20260913,180000,72W,18,2026,9,13,18,19.0,105.7,100800.0,2026-09-13 18:00:00,2026-09-13 18:00:00,1008.0
20260913,180000,72W,18,2026,9,13,18,18.7,106.5,101100.0,2026-09-13 18:00:00,2026-09-13 18:00:00,1011.0
20260913,180000,72W,18,2026,9,13,18,18.8,105.9,101000.0,2026-09-13 18:00:00,2026-09-13 18:00:00,1010.0
20260913,180000,72W,18,2026,9,13,18,18.7,106.0,101000.0,2026-09-13 18:00:00,2026-09-13 18:00:00,1010.0
20260913,180000,72W,18,2026,9,13,18,19.2,106.0,101100.0,2026-09-13 18:00:00,2026-09-13 18:00:00,1011.0
20260913,180000,72W,18,2026,9,13,18,18.7,106.0,101100.0,2026-09-13 18:00:00,2026-09-13 18:00:00,1011.0
20260913,180000,72W,19,2026,9,13,18,6.0,176.3,100600.0,2026-09-13 18:00:00,2026-09-13 18:00:00,1006.0
20260913,180000,72W,19,2026,9,13,18,8.3,176.6,100500.0,2026-09-13 18:00:00,2026-09-13 18:00:00,1005.0
20260913,180000,72W,19,2026,9,13,18,10.0,174.6,100500.0,2026-09-13 18:00:00,2026-09-13 18:00:00,1005.0
20260913,180000,72W,19,2026,9,13,18,8.8,175.5,100400.0,2026-09-13 18:00:00,2026-09-13 18:00:00,1004.0
20260913,180000,72W,19,2026,9,13,18,10.0,174.9,100600.0,2026-09-13 18:00:00,2026-09-13 18:00:00,1006.0
20260913,180000,72W,19,2026,9,13,18,10.8,174.9,100500.0,2026-09-13 18:00:00,2026-09-13 18:00:00,1005.0
20260913,180000,72W,19,2026,9,13,18,12.200000000000001,174.3,100600.0,2026-09-13 18:00:00,2026-09-13 18:00:00,1006.0
20260913,180000,72W,19,2026,9,13,18,13.3,173.8,100600.0,2026-09-13 18:00:00,2026-09-13 18:00:00,1006.0
20260913,180000,72W,19,2026,9,13,18,15.0,173.5,100600.0,2026-09-13 18:00:00,2026-09-13 18:00:00,1006.0
20260913,180000,72W,19,2026,9,13,18,17.0,173.20000000000002,100200.0,2026-09-13 18:00:00,2026-09-13 18:00:00,1002.0
20260913,180000,72W,19,2026,9,13,18,18.400000000000002,172.6,99700.0,2026-09-13 18:00:00,2026-09-13 18:00:00,997.0
20260913,180000,72W,19,2026,9,13,18,19.2,172.4,100400.0,2026-09-13 18:00:00,2026-09-13 18:00:00,1004.0
20260913,180000,72W,19,2026,9,13,18,20.1,172.4,100000.0,2026-09-13 18:00:00,2026-09-13 18:00:00,1000.0
20260913,180000,72W,19,2026,9,13,18,20.900000000000002,172.6,99600.0,2026-09-13 18:00:00,2026-09-13 18:00:00,996.0
20260913,180000,72W,19,2026,9,13,18,21.8,172.6,100000.0,2026-09-13 18:00:00,2026-09-13 18:00:00,1000.0
20260913,180000,72W,19,2026,9,13,18,22.6,172.9,100200.0,2026-09-13 18:00:00,2026-09-13 18:00:00,1002.0
20260913,180000,72W,19,2026,9,13,18,23.2,172.6,100400.0,2026-09-13 18:00:00,2026-09-13 18:00:00,1004.0
20260913,180000,72W,19,2026,9,13,18,23.8,172.1,100200.0,2026-09-13 18:00:00,2026-09-13 18:00:00,1002.0
20260913,180000,72W,19,2026,9,13,18,24.3,172.4,100600.0,2026-09-13 18:00:00,2026-09-13 18:00:00,1006.0
20260913,180000,72W,19,2026,9,13,18,25.7,172.9,100500.0,2026-09-13 18:00:00,2026-09-13 18:00:00,1005.0
20260913,180000,72W,19,2026,9,13,18,27.3,172.1,100800.0,2026-09-13 18:00:00,2026-09-13 18:00:00,1008.0
20260913,180000,72W,19,2026,9,13,18,28.5,170.4,100600.0,2026-09-13 18:00:00,2026-09-13 18:00:00,1006.0
20260913,180000,72W,20,2026,9,13,18,13.0,153.20000000000002,100400.0,2026-09-13 18:00:00,2026-09-13 18:00:00,1004.0
20260913,180000,72W,20,2026,9,13,18,13.9,152.1,100100.0,2026-09-13 18:00:00,2026-09-13 18:00:00,1001.0
20260913,180000,72W,20,2026,9,13,18,13.3,151.5,100200.0,2026-09-13 18:00:00,2026-09-13 18:00:00,1002.0
20260913,180000,72W,20,2026,9,13,18,14.5,151.0,99900.0,2026-09-13 18:00:00,2026-09-13 18:00:00,999.0
20260913,180000,72W,20,2026,9,13,18,14.200000000000001,150.1,99700.0,2026-09-13 18:00:00,2026-09-13 18:00:00,997.0
20260913,180000,72W,20,2026,9,13,18,14.5,150.1,99200.0,2026-09-13 18:00:00,2026-09-13 18:00:00,992.0
20260913,180000,72W,20,2026,9,13,18,15.3,150.1,99000.0,2026-09-13 18:00:00,2026-09-13 18:00:00,990.0
20260913,180000,72W,20,2026,9,13,18,16.1,149.9,98800.0,2026-09-13 18:00:00,2026-09-13 18:00:00,988.0
20260913,180000,72W,20,2026,9,13,18,17.3,149.6,98500.0,2026-09-13 18:00:00,2026-09-13 18:00:00,985.0
20260913,180000,72W,20,2026,9,13,18,18.400000000000002,149.6,97900.0,2026-09-13 18:00:00,2026-09-13 18:00:00,979.0
20260913,180000,72W,20,2026,9,13,18,19.0,148.70000000000002,97600.0,2026-09-13 18:00:00,2026-09-13 18:00:00,976.0
20260913,180000,72W,20,2026,9,13,18,20.1,147.9,97000.0,2026-09-13 18:00:00,2026-09-13 18:00:00,970.0
20260913,180000,72W,20,2026,9,13,18,21.5,147.0,96700.0,2026-09-13 18:00:00,2026-09-13 18:00:00,967.0
20260913,180000,72W,20,2026,9,13,18,22.1,146.20000000000002,96400.0,2026-09-13 18:00:00,2026-09-13 18:00:00,964.0
20260913,180000,72W,20,2026,9,13,18,22.3,145.1,96200.0,2026-09-13 18:00:00,2026-09-13 18:00:00,962.0
20260913,180000,72W,20,2026,9,13,18,23.2,144.0,96300.0,2026-09-13 18:00:00,2026-09-13 18:00:00,963.0
20260913,180000,72W,20,2026,9,13,18,23.5,142.8,96500.0,2026-09-13 18:00:00,2026-09-13 18:00:00,965.0
20260913,180000,72W,20,2026,9,13,18,24.0,141.70000000000002,96500.0,2026-09-13 18:00:00,2026-09-13 18:00:00,965.0
20260913,180000,72W,20,2026,9,13,18,24.3,140.9,96100.0,2026-09-13 18:00:00,2026-09-13 18:00:00,961.0
20260913,180000,72W,20,2026,9,13,18,25.2,139.5,96300.0,2026-09-13 18:00:00,2026-09-13 18:00:00,963.0
20260913,180000,72W,20,2026,9,13,18,25.7,138.6,96000.0,2026-09-13 18:00:00,2026-09-13 18:00:00,960.0
20260913,180000,72W,20,2026,9,13,18,26.900000000000002,138.0,96200.0,2026-09-13 18:00:00,2026-09-13 18:00:00,962.0
20260913,180000,72W,20,2026,9,13,18,27.7,136.9,95500.0,2026-09-13 18:00:00,2026-09-13 18:00:00,955.0
20260913,180000,72W,20,2026,9,13,18,28.3,136.9,95100.0,2026-09-13 18:00:00,2026-09-13 18:00:00,951.0
20260913,180000,72W,20,2026,9,13,18,29.400000000000002,137.20000000000002,95800.0,2026-09-13 18:00:00,2026-09-13 18:00:00,958.0
20260913,180000,72W,20,2026,9,13,18,31.1,137.20000000000002,96200.0,2026-09-13 18:00:00,2026-09-13 18:00:00,962.0
20260913,180000,72W,20,2026,9,13,18,32.5,137.8,96200.0,2026-09-13 18:00:00,2026-09-13 18:00:00,962.0
20260913,180000,72W,20,2026,9,13,18,34.2,139.20000000000002,96800.0,2026-09-13 18:00:00,2026-09-13 18:00:00,968.0
20260913,180000,72W,20,2026,9,13,18,36.7,140.9,97300.0,2026-09-13 18:00:00,2026-09-13 18:00:00,973.0
20260913,180000,72W,20,2026,9,13,18,40.6,142.20000000000002,97400.0,2026-09-13 18:00:00,2026-09-13 18:00:00,974.0
20260913,180000,72W,20,2026,9,13,18,42.6,144.8,96900.0,2026-09-13 18:00:00,2026-09-13 18:00:00,969.0
20260913,180000,72W,20,2026,9,13,18,45.2,147.3,96600.0,2026-09-13 18:00:00,2026-09-13 18:00:00,966.0
20260913,180000,72W,20,2026,9,13,18,47.1,149.3,95800.0,2026-09-13 18:00:00,2026-09-13 18:00:00,958.0
20260913,180000,72W,20,2026,9,13,18,48.800000000000004,152.70000000000002,95600.0,2026-09-13 18:00:00,2026-09-13 18:00:00,956.0
20260913,180000,72W,20,2026,9,13,18,50.5,155.5,95700.0,2026-09-13 18:00:00,2026-09-13 18:00:00,957.0
20260913,180000,72W,20,2026,9,13,18,51.1,159.1,96300.0,2026-09-13 18:00:00,2026-09-13 18:00:00,963.0
20260913,180000,72W,21,2026,9,13,18,12.8,100.60000000000001,100800.0,2026-09-13 18:00:00,2026-09-13 18:00:00,1008.0
20260913,180000,72W,21,2026,9,13,18,13.3,100.4,100800.0,2026-09-13 18:00:00,2026-09-13 18:00:00,1008.0
20260913,180000,72W,21,2026,9,13,18,13.3,99.8,100700.0,2026-09-13 18:00:00,2026-09-13 18:00:00,1007.0
20260913,180000,72W,21,2026,9,13,18,10.8,99.8,101000.0,2026-09-13 18:00:00,2026-09-13 18:00:00,1010.0
20260913,180000,72W,21,2026,9,13,18,13.0,100.10000000000001,100900.0,2026-09-13 18:00:00,2026-09-13 18:00:00,1009.0
20260913,180000,72W,21,2026,9,13,18,11.9,100.9,101000.0,2026-09-13 18:00:00,2026-09-13 18:00:00,1010.0
20260913,180000,72W,21,2026,9,13,18,11.4,100.60000000000001,101000.0,2026-09-13 18:00:00,2026-09-13 18:00:00,1010.0
20260913,180000,72W,21,2026,9,13,18,12.200000000000001,101.2,100900.0,2026-09-13 18:00:00,2026-09-13 18:00:00,1009.0
20260913,180000,72W,21,2026,9,13,18,11.1,101.8,100900.0,2026-09-13 18:00:00,2026-09-13 18:00:00,1009.0
20260913,180000,72W,21,2026,9,13,18,11.8,100.4,100800.0,2026-09-13 18:00:00,2026-09-13 18:00:00,1008.0
20260913,180000,72W,21,2026,9,13,18,12.5,101.2,100800.0,2026-09-13 18:00:00,2026-09-13 18:00:00,1008.0
20260913,180000,72W,21,2026,9,13,18,11.9,101.8,100700.0,2026-09-13 18:00:00,2026-09-13 18:00:00,1007.0
20260913,180000,72W,21,2026,9,13,18,13.9,101.8,100500.0,2026-09-13 18:00:00,2026-09-13 18:00:00,1005.0
20260913,180000,72W,21,2026,9,13,18,11.8,102.0,100600.0,2026-09-13 18:00:00,2026-09-13 18:00:00,1006.0
20260913,180000,72W,21,2026,9,13,18,11.700000000000001,102.10000000000001,100700.0,2026-09-13 18:00:00,2026-09-13 18:00:00,1007.0
20260913,180000,72W,21,2026,9,13,18,13.6,102.60000000000001,100600.0,2026-09-13 18:00:00,2026-09-13 18:00:00,1006.0
20260913,180000,72W,21,2026,9,13,18,13.200000000000001,103.5,100600.0,2026-09-13 18:00:00,2026-09-13 18:00:00,1006.0
20260913,180000,72W,21,2026,9,13,18,13.700000000000001,100.60000000000001,100700.0,2026-09-13 18:00:00,2026-09-13 18:00:00,1007.0
20260913,180000,72W,21,2026,9,13,18,14.200000000000001,100.9,100600.0,2026-09-13 18:00:00,2026-09-13 18:00:00,1006.0
20260913,180000,72W,21,2026,9,13,18,13.6,100.10000000000001,100600.0,2026-09-13 18:00:00,2026-09-13 18:00:00,1006.0
20260913,180000,72W,21,2026,9,13,18,13.6,100.4,100700.0,2026-09-13 18:00:00,2026-09-13 18:00:00,1007.0
20260913,180000,72W,21,2026,9,13,18,14.200000000000001,100.7,100700.0,2026-09-13 18:00:00,2026-09-13 18:00:00,1007.0
20260913,180000,72W,21,2026,9,13,18,15.0,100.4,100700.0,2026-09-13 18:00:00,2026-09-13 18:00:00,1007.0
20260913,180000,72W,21,2026,9,13,18,15.0,100.10000000000001,100700.0,2026-09-13 18:00:00,2026-09-13 18:00:00,1007.0
20260913,180000,72W,21,2026,9,13,18,15.0,100.10000000000001,100800.0,2026-09-13 18:00:00,2026-09-13 18:00:00,1008.0
20260913,180000,72W,21,2026,9,13,18,14.200000000000001,97.8,100800.0,2026-09-13 18:00:00,2026-09-13 18:00:00,1008.0
20260913,180000,72W,21,2026,9,13,18,14.700000000000001,99.8,100800.0,2026-09-13 18:00:00,2026-09-13 18:00:00,1008.0
20260913,180000,72W,21,2026,9,13,18,17.0,100.10000000000001,100700.0,2026-09-13 18:00:00,2026-09-13 18:00:00,1007.0
20260913,180000,72W,21,2026,9,13,18,15.3,99.8,100600.0,2026-09-13 18:00:00,2026-09-13 18:00:00,1006.0
20260913,180000,72W,21,2026,9,13,18,14.700000000000001,99.8,100500.0,2026-09-13 18:00:00,2026-09-13 18:00:00,1005.0
20260913,180000,72W,21,2026,9,13,18,17.0,97.8,100600.0,2026-09-13 18:00:00,2026-09-13 18:00:00,1006.0
20260913,180000,72W,21,2026,9,13,18,16.5,100.2,100700.0,2026-09-13 18:00:00,2026-09-13 18:00:00,1007.0
20260913,180000,72W,22,2026,9,13,18,8.0,101.2,100800.0,2026-09-13 18:00:00,2026-09-13 18:00:00,1008.0
20260913,180000,72W,22,2026,9,13,18,10.3,103.7,100800.0,2026-09-13 18:00:00,2026-09-13 18:00:00,1008.0
20260913,180000,72W,22,2026,9,13,18,13.3,103.2,100800.0,2026-09-13 18:00:00,2026-09-13 18:00:00,1008.0
20260913,180000,72W,22,2026,9,13,18,13.1,103.5,100900.0,2026-09-13 18:00:00,2026-09-13 18:00:00,1009.0
20260913,180000,72W,22,2026,9,13,18,13.3,102.60000000000001,100900.0,2026-09-13 18:00:00,2026-09-13 18:00:00,1009.0
20260913,180000,72W,23,2026,9,13,18,13.0,163.4,100800.0,2026-09-13 18:00:00,2026-09-13 18:00:00,1008.0
20260913,180000,72W,23,2026,9,13,18,12.8,163.6,101000.0,2026-09-13 18:00:00,2026-09-13 18:00:00,1010.0
20260913,180000,72W,24,2026,9,13,18,7.7,169.3,100700.0,2026-09-13 18:00:00,2026-09-13 18:00:00,1007.0
20260913,180000,72W,24,2026,9,13,18,6.0,170.1,100600.0,2026-09-13 18:00:00,2026-09-13 18:00:00,1006.0
20260913,180000,72W,24,2026,9,13,18,4.0,169.8,100800.0,2026-09-13 18:00:00,2026-09-13 18:00:00,1008.0
20260913,180000,72W,24,2026,9,13,18,5.4,170.70000000000002,100700.0,2026-09-13 18:00:00,2026-09-13 18:00:00,1007.0
20260913,180000,72W,24,2026,9,13,18,3.2,172.1,100700.0,2026-09-13 18:00:00,2026-09-13 18:00:00,1007.0
20260913,180000,72W,24,2026,9,13,18,4.9,175.20000000000002,100500.0,2026-09-13 18:00:00,2026-09-13 18:00:00,1005.0
20260913,180000,72W,24,2026,9,13,18,7.0,175.1,100600.0,2026-09-13 18:00:00,2026-09-13 18:00:00,1006.0
20260913,180000,72W,24,2026,9,13,18,7.1000000000000005,171.8,100700.0,2026-09-13 18:00:00,2026-09-13 18:00:00,1007.0
20260913,180000,72W,24,2026,9,13,18,6.9,168.4,100900.0,2026-09-13 18:00:00,2026-09-13 18:00:00,1009.0
20260913,180000,72W,25,2026,9,13,18,11.6,170.1,100800.0,2026-09-13 18:00:00,2026-09-13 18:00:00,1008.0
20260913,180000,72W,25,2026,9,13,18,11.9,168.70000000000002,100700.0,2026-09-13 18:00:00,2026-09-13 18:00:00,1007.0
20260913,180000,72W,25,2026,9,13,18,12.6,168.3,100800.0,2026-09-13 18:00:00,2026-09-13 18:00:00,1008.0
20260913,180000,72W,25,2026,9,13,18,12.8,166.5,100800.0,2026-09-13 18:00:00,2026-09-13 18:00:00,1008.0
20260913,180000,72W,26,2026,9,13,18,9.700000000000001,174.0,100900.0,2026-09-13 18:00:00,2026-09-13 18:00:00,1009.0
20260913,180000,72W,26,2026,9,13,18,12.5,171.5,100900.0,2026-09-13 18:00:00,2026-09-13 18:00:00,1009.0
20260913,180000,72W,26,2026,9,13,18,15.3,169.0,100600.0,2026-09-13 18:00:00,2026-09-13 18:00:00,1006.0
20260913,180000,72W,26,2026,9,13,18,15.9,169.5,100500.0,2026-09-13 18:00:00,2026-09-13 18:00:00,1005.0
20260913,180000,72W,26,2026,9,13,18,15.6,172.4,100700.0,2026-09-13 18:00:00,2026-09-13 18:00:00,1007.0
20260913,180000,72W,26,2026,9,13,18,16.7,173.5,100400.0,2026-09-13 18:00:00,2026-09-13 18:00:00,1004.0
20260913,180000,72W,26,2026,9,13,18,17.6,174.0,100300.0,2026-09-13 18:00:00,2026-09-13 18:00:00,1003.0
20260913,180000,72W,26,2026,9,13,18,18.400000000000002,174.6,100300.0,2026-09-13 18:00:00,2026-09-13 18:00:00,1003.0
20260913,180000,72W,26,2026,9,13,18,20.400000000000002,175.70000000000002,100500.0,2026-09-13 18:00:00,2026-09-13 18:00:00,1005.0
20260913,180000,72W,26,2026,9,13,18,22.3,175.70000000000002,100200.0,2026-09-13 18:00:00,2026-09-13 18:00:00,1002.0
20260913,180000,72W,26,2026,9,13,18,24.3,175.20000000000002,100300.0,2026-09-13 18:00:00,2026-09-13 18:00:00,1003.0
20260913,180000,72W,26,2026,9,13,18,26.3,174.9,100200.0,2026-09-13 18:00:00,2026-09-13 18:00:00,1002.0
20260913,180000,72W,26,2026,9,13,18,27.400000000000002,173.9,100200.0,2026-09-13 18:00:00,2026-09-13 18:00:00,1002.0
20260913,180000,72W,26,2026,9,13,18,28.3,173.4,100100.0,2026-09-13 18:00:00,2026-09-13 18:00:00,1001.0
20260913,180000,72W,26,2026,9,13,18,28.5,173.5,100200.0,2026-09-13 18:00:00,2026-09-13 18:00:00,1002.0
20260913,180000,72W,26,2026,9,13,18,30.2,173.8,100100.0,2026-09-13 18:00:00,2026-09-13 18:00:00,1001.0
20260913,180000,72W,26,2026,9,13,18,30.8,174.3,100300.0,2026-09-13 18:00:00,2026-09-13 18:00:00,1003.0
20260913,180000,72W,26,2026,9,13,18,33.3,176.3,99800.0,2026-09-13 18:00:00,2026-09-13 18:00:00,998.0
20260913,180000,72W,26,2026,9,13,18,34.2,178.0,99700.0,2026-09-13 18:00:00,2026-09-13 18:00:00,997.0
20260913,180000,72W,26,2026,9,13,18,36.1,181.1,99800.0,2026-09-13 18:00:00,2026-09-13 18:00:00,998.0
20260913,180000,72W,26,2026,9,13,18,37.800000000000004,183.9,99600.0,2026-09-13 18:00:00,2026-09-13 18:00:00,996.0
20260913,180000,72W,26,2026,9,13,18,39.2,187.0,99600.0,2026-09-13 18:00:00,2026-09-13 18:00:00,996.0
20260913,180000,72W,27,2026,9,13,18,13.6,122.0,101000.0,2026-09-13 18:00:00,2026-09-13 18:00:00,1010.0
20260913,180000,72W,27,2026,9,13,18,13.6,122.0,100800.0,2026-09-13 18:00:00,2026-09-13 18:00:00,1008.0
20260913,180000,72W,27,2026,9,13,18,13.8,120.10000000000001,100900.0,2026-09-13 18:00:00,2026-09-13 18:00:00,1009.0
20260913,180000,72W,27,2026,9,13,18,15.3,116.4,101100.0,2026-09-13 18:00:00,2026-09-13 18:00:00,1011.0
20260913,180000,72W,27,2026,9,13,18,15.9,115.8,101000.0,2026-09-13 18:00:00,2026-09-13 18:00:00,1010.0
20260913,180000,72W,27,2026,9,13,18,17.3,113.9,100900.0,2026-09-13 18:00:00,2026-09-13 18:00:00,1009.0
20260913,180000,72W,27,2026,9,13,18,17.8,111.60000000000001,101000.0,2026-09-13 18:00:00,2026-09-13 18:00:00,1010.0
20260913,180000,72W,27,2026,9,13,18,17.8,110.8,100900.0,2026-09-13 18:00:00,2026-09-13 18:00:00,1009.0
20260913,180000,72W,27,2026,9,13,18,17.8,109.10000000000001,100900.0,2026-09-13 18:00:00,2026-09-13 18:00:00,1009.0
20260913,180000,72W,27,2026,9,13,18,17.8,108.2,100800.0,2026-09-13 18:00:00,2026-09-13 18:00:00,1008.0
20260913,180000,72W,27,2026,9,13,18,17.6,107.4,100800.0,2026-09-13 18:00:00,2026-09-13 18:00:00,1008.0
20260913,180000,72W,27,2026,9,13,18,17.6,107.10000000000001,100900.0,2026-09-13 18:00:00,2026-09-13 18:00:00,1009.0
20260913,180000,72W,27,2026,9,13,18,17.400000000000002,107.10000000000001,101000.0,2026-09-13 18:00:00,2026-09-13 18:00:00,1010.0
20260913,180000,72W,28,2026,9,13,18,29.1,131.0,100600.0,2026-09-13 18:00:00,2026-09-13 18:00:00,1006.0
20260913,180000,72W,28,2026,9,13,18,28.8,130.7,100700.0,2026-09-13 18:00:00,2026-09-13 18:00:00,1007.0
20260913,180000,72W,28,2026,9,13,18,28.3,130.7,101000.0,2026-09-13 18:00:00,2026-09-13 18:00:00,1010.0
20260913,180000,72W,28,2026,9,13,18,27.7,129.9,100800.0,2026-09-13 18:00:00,2026-09-13 18:00:00,1008.0
20260913,180000,72W,28,2026,9,13,18,27.1,129.0,101100.0,2026-09-13 18:00:00,2026-09-13 18:00:00,1011.0
20260913,180000,72W,28,2026,9,13,18,27.1,129.3,101300.0,2026-09-13 18:00:00,2026-09-13 18:00:00,1013.0
20260913,180000,72W,29,2026,9,13,18,10.8,147.9,101000.0,2026-09-13 18:00:00,2026-09-13 18:00:00,1010.0
20260913,180000,72W,29,2026,9,13,18,10.5,148.70000000000002,100700.0,2026-09-13 18:00:00,2026-09-13 18:00:00,1007.0
20260913,180000,72W,30,2026,9,13,18,7.4,179.70000000000002,100700.0,2026-09-13 18:00:00,2026-09-13 18:00:00,1007.0
20260913,180000,72W,30,2026,9,13,18,8.5,181.4,100700.0,2026-09-13 18:00:00,2026-09-13 18:00:00,1007.0
20260913,180000,72W,30,2026,9,13,18,8.8,179.1,100700.0,2026-09-13 18:00:00,2026-09-13 18:00:00,1007.0
20260913,180000,72W,30,2026,9,13,18,9.4,178.3,100600.0,2026-09-13 18:00:00,2026-09-13 18:00:00,1006.0
20260913,180000,72W,30,2026,9,13,18,9.700000000000001,177.1,100600.0,2026-09-13 18:00:00,2026-09-13 18:00:00,1006.0
20260913,180000,72W,30,2026,9,13,18,10.8,176.3,100500.0,2026-09-13 18:00:00,2026-09-13 18:00:00,1005.0
20260913,180000,72W,30,2026,9,13,18,10.8,176.6,100500.0,2026-09-13 18:00:00,2026-09-13 18:00:00,1005.0
20260913,180000,72W,30,2026,9,13,18,10.5,177.1,100300.0,2026-09-13 18:00:00,2026-09-13 18:00:00,1003.0
20260913,180000,72W,30,2026,9,13,18,11.6,175.70000000000002,100500.0,2026-09-13 18:00:00,2026-09-13 18:00:00,1005.0
20260913,180000,72W,30,2026,9,13,18,12.200000000000001,174.9,100400.0,2026-09-13 18:00:00,2026-09-13 18:00:00,1004.0
20260913,180000,72W,30,2026,9,13,18,12.200000000000001,175.20000000000002,100600.0,2026-09-13 18:00:00,2026-09-13 18:00:00,1006.0
20260913,180000,72W,30,2026,9,13,18,13.3,173.5,100700.0,2026-09-13 18:00:00,2026-09-13 18:00:00,1007.0
20260913,180000,72W,30,2026,9,13,18,14.200000000000001,173.20000000000002,100700.0,2026-09-13 18:00:00,2026-09-13 18:00:00,1007.0
20260913,180000,72W,30,2026,9,13,18,14.700000000000001,172.6,100900.0,2026-09-13 18:00:00,2026-09-13 18:00:00,1009.0
20260913,180000,72W,30,2026,9,13,18,17.0,171.5,100800.0,2026-09-13 18:00:00,2026-09-13 18:00:00,1008.0
20260913,180000,72W,30,2026,9,13,18,16.1,170.1,101000.0,2026-09-13 18:00:00,2026-09-13 18:00:00,1010.0
20260913,180000,72W,30,2026,9,13,18,19.0,168.70000000000002,101200.0,2026-09-13 18:00:00,2026-09-13 18:00:00,1012.0
20260913,180000,72W,31,2026,9,13,18,8.8,113.9,100800.0,2026-09-13 18:00:00,2026-09-13 18:00:00,1008.0
20260913,180000,72W,31,2026,9,13,18,6.9,115.8,100800.0,2026-09-13 18:00:00,2026-09-13 18:00:00,1008.0
20260913,180000,72W,31,2026,9,13,18,8.3,116.4,100900.0,2026-09-13 18:00:00,2026-09-13 18:00:00,1009.0
20260913,180000,72W,31,2026,9,13,18,8.5,113.60000000000001,100900.0,2026-09-13 18:00:00,2026-09-13 18:00:00,1009.0
20260913,180000,72W,31,2026,9,13,18,11.1,111.9,100800.0,2026-09-13 18:00:00,2026-09-13 18:00:00,1008.0
20260913,180000,72W,31,2026,9,13,18,13.3,111.60000000000001,101000.0,2026-09-13 18:00:00,2026-09-13 18:00:00,1010.0
20260913,180000,72W,32,2026,9,13,18,7.7,174.0,100600.0,2026-09-13 18:00:00,2026-09-13 18:00:00,1006.0
20260913,180000,72W,32,2026,9,13,18,4.6000000000000005,172.4,100700.0,2026-09-13 18:00:00,2026-09-13 18:00:00,1007.0
20260913,180000,72W,32,2026,9,13,18,4.3,169.5,100300.0,2026-09-13 18:00:00,2026-09-13 18:00:00,1003.0
20260913,180000,72W,32,2026,9,13,18,7.1000000000000005,169.8,100600.0,2026-09-13 18:00:00,2026-09-13 18:00:00,1006.0
20260913,180000,72W,33,2026,9,13,18,18.400000000000002,157.70000000000002,100900.0,2026-09-13 18:00:00,2026-09-13 18:00:00,1009.0
20260913,180000,72W,33,2026,9,13,18,17.8,154.4,100700.0,2026-09-13 18:00:00,2026-09-13 18:00:00,1007.0
20260913,180000,72W,33,2026,9,13,18,19.2,153.8,100600.0,2026-09-13 18:00:00,2026-09-13 18:00:00,1006.0
20260913,180000,72W,33,2026,9,13,18,19.5,153.0,100700.0,2026-09-13 18:00:00,2026-09-13 18:00:00,1007.0
20260913,180000,72W,33,2026,9,13,18,18.7,152.1,100300.0,2026-09-13 18:00:00,2026-09-13 18:00:00,1003.0
20260913,180000,72W,33,2026,9,13,18,19.2,151.3,100300.0,2026-09-13 18:00:00,2026-09-13 18:00:00,1003.0
20260913,180000,72W,33,2026,9,13,18,19.8,149.6,100000.0,2026-09-13 18:00:00,2026-09-13 18:00:00,1000.0
20260913,180000,72W,33,2026,9,13,18,19.8,148.70000000000002,99800.0,2026-09-13 18:00:00,2026-09-13 18:00:00,998.0
20260913,180000,72W,33,2026,9,13,18,19.2,147.3,99600.0,2026-09-13 18:00:00,2026-09-13 18:00:00,996.0
20260913,180000,72W,33,2026,9,13,18,19.8,146.8,99500.0,2026-09-13 18:00:00,2026-09-13 18:00:00,995.0
20260913,180000,72W,33,2026,9,13,18,19.8,145.6,99200.0,2026-09-13 18:00:00,2026-09-13 18:00:00,992.0
20260913,180000,72W,33,2026,9,13,18,19.8,145.4,99200.0,2026-09-13 18:00:00,2026-09-13 18:00:00,992.0
20260913,180000,72W,33,2026,9,13,18,20.1,144.20000000000002,98700.0,2026-09-13 18:00:00,2026-09-13 18:00:00,987.0
20260913,180000,72W,33,2026,9,13,18,20.1,143.70000000000002,98500.0,2026-09-13 18:00:00,2026-09-13 18:00:00,985.0
20260913,180000,72W,33,2026,9,13,18,20.7,142.8,98100.0,2026-09-13 18:00:00,2026-09-13 18:00:00,981.0
20260913,180000,72W,33,2026,9,13,18,20.400000000000002,142.3,97700.0,2026-09-13 18:00:00,2026-09-13 18:00:00,977.0
20260913,180000,72W,33,2026,9,13,18,20.7,141.70000000000002,97300.0,2026-09-13 18:00:00,2026-09-13 18:00:00,973.0
20260913,180000,72W,33,2026,9,13,18,20.7,141.1,97400.0,2026-09-13 18:00:00,2026-09-13 18:00:00,974.0
20260913,180000,72W,33,2026,9,13,18,21.2,140.6,97100.0,2026-09-13 18:00:00,2026-09-13 18:00:00,971.0
20260913,180000,72W,33,2026,9,13,18,21.2,140.0,96800.0,2026-09-13 18:00:00,2026-09-13 18:00:00,968.0
20260913,180000,72W,33,2026,9,13,18,21.5,139.20000000000002,96600.0,2026-09-13 18:00:00,2026-09-13 18:00:00,966.0
20260913,180000,72W,34,2026,9,13,18,6.9,126.8,100900.0,2026-09-13 18:00:00,2026-09-13 18:00:00,1009.0
20260913,180000,72W,34,2026,9,13,18,7.1000000000000005,126.5,100700.0,2026-09-13 18:00:00,2026-09-13 18:00:00,1007.0
20260913,180000,72W,35,2026,9,13,18,12.8,125.10000000000001,100700.0,2026-09-13 18:00:00,2026-09-13 18:00:00,1007.0
20260913,180000,72W,35,2026,9,13,18,13.3,125.7,100900.0,2026-09-13 18:00:00,2026-09-13 18:00:00,1009.0
20260913,180000,72W,35,2026,9,13,18,11.9,124.3,100600.0,2026-09-13 18:00:00,2026-09-13 18:00:00,1006.0
20260913,180000,72W,35,2026,9,13,18,11.1,126.5,100700.0,2026-09-13 18:00:00,2026-09-13 18:00:00,1007.0
20260913,180000,72W,35,2026,9,13,18,12.8,127.60000000000001,100900.0,2026-09-13 18:00:00,2026-09-13 18:00:00,1009.0
20260913,180000,72W,35,2026,9,13,18,12.6,125.0,100700.0,2026-09-13 18:00:00,2026-09-13 18:00:00,1007.0
20260913,180000,72W,36,2026,9,13,18,11.6,166.20000000000002,100900.0,2026-09-13 18:00:00,2026-09-13 18:00:00,1009.0
20260913,180000,72W,36,2026,9,13,18,10.0,166.70000000000002,100800.0,2026-09-13 18:00:00,2026-09-13 18:00:00,1008.0
20260913,180000,72W,37,2026,9,13,18,15.200000000000001,156.20000000000002,100500.0,2026-09-13 18:00:00,2026-09-13 18:00:00,1005.0
20260913,180000,72W,37,2026,9,13,18,15.9,155.20000000000002,100200.0,2026-09-13 18:00:00,2026-09-13 18:00:00,1002.0
20260913,180000,72W,37,2026,9,13,18,17.3,154.4,100200.0,2026-09-13 18:00:00,2026-09-13 18:00:00,1002.0
20260913,180000,72W,37,2026,9,13,18,17.3,152.70000000000002,99800.0,2026-09-13 18:00:00,2026-09-13 18:00:00,998.0
20260913,180000,72W,37,2026,9,13,18,17.3,151.3,99900.0,2026-09-13 18:00:00,2026-09-13 18:00:00,999.0
20260913,180000,72W,37,2026,9,13,18,17.0,150.1,99500.0,2026-09-13 18:00:00,2026-09-13 18:00:00,995.0
20260913,180000,72W,37,2026,9,13,18,16.7,150.4,99600.0,2026-09-13 18:00:00,2026-09-13 18:00:00,996.0
20260913,180000,72W,37,2026,9,13,18,19.0,150.70000000000002,99200.0,2026-09-13 18:00:00,2026-09-13 18:00:00,992.0
20260913,180000,72W,37,2026,9,13,18,19.2,149.3,99100.0,2026-09-13 18:00:00,2026-09-13 18:00:00,991.0
20260913,180000,72W,37,2026,9,13,18,19.5,149.3,98600.0,2026-09-13 18:00:00,2026-09-13 18:00:00,986.0
20260913,180000,72W,37,2026,9,13,18,20.0,148.5,98600.0,2026-09-13 18:00:00,2026-09-13 18:00:00,986.0
20260913,180000,72W,37,2026,9,13,18,20.400000000000002,147.6,98200.0,2026-09-13 18:00:00,2026-09-13 18:00:00,982.0
20260913,180000,72W,37,2026,9,13,18,21.2,146.8,98000.0,2026-09-13 18:00:00,2026-09-13 18:00:00,980.0
20260913,180000,72W,37,2026,9,13,18,21.8,145.6,97500.0,2026-09-13 18:00:00,2026-09-13 18:00:00,975.0
20260913,180000,72W,37,2026,9,13,18,22.1,144.8,96900.0,2026-09-13 18:00:00,2026-09-13 18:00:00,969.0
20260913,180000,72W,37,2026,9,13,18,22.6,143.4,96800.0,2026-09-13 18:00:00,2026-09-13 18:00:00,968.0
20260913,180000,72W,37,2026,9,13,18,23.2,142.3,96600.0,2026-09-13 18:00:00,2026-09-13 18:00:00,966.0
20260913,180000,72W,37,2026,9,13,18,23.8,140.6,96500.0,2026-09-13 18:00:00,2026-09-13 18:00:00,965.0
20260913,180000,72W,37,2026,9,13,18,24.3,139.5,96200.0,2026-09-13 18:00:00,2026-09-13 18:00:00,962.0
20260913,180000,72W,37,2026,9,13,18,24.900000000000002,138.3,96400.0,2026-09-13 18:00:00,2026-09-13 18:00:00,964.0
20260913,180000,72W,37,2026,9,13,18,25.400000000000002,137.20000000000002,96200.0,2026-09-13 18:00:00,2026-09-13 18:00:00,962.0
20260913,180000,72W,37,2026,9,13,18,26.0,136.1,96700.0,2026-09-13 18:00:00,2026-09-13 18:00:00,967.0
20260913,180000,72W,37,2026,9,13,18,26.900000000000002,135.0,97100.0,2026-09-13 18:00:00,2026-09-13 18:00:00,971.0
20260913,180000,72W,37,2026,9,13,18,27.400000000000002,134.4,96700.0,2026-09-13 18:00:00,2026-09-13 18:00:00,967.0
20260913,180000,72W,37,2026,9,13,18,28.0,133.5,96800.0,2026-09-13 18:00:00,2026-09-13 18:00:00,968.0
20260913,180000,72W,37,2026,9,13,18,28.3,133.0,96600.0,2026-09-13 18:00:00,2026-09-13 18:00:00,966.0
20260913,180000,72W,37,2026,9,13,18,28.8,133.0,97000.0,2026-09-13 18:00:00,2026-09-13 18:00:00,970.0
20260913,180000,72W,37,2026,9,13,18,29.7,132.4,96900.0,2026-09-13 18:00:00,2026-09-13 18:00:00,969.0
20260913,180000,72W,37,2026,9,13,18,31.1,132.7,96700.0,2026-09-13 18:00:00,2026-09-13 18:00:00,967.0
20260913,180000,72W,37,2026,9,13,18,32.8,134.1,97000.0,2026-09-13 18:00:00,2026-09-13 18:00:00,970.0
20260913,180000,72W,37,2026,9,13,18,34.2,136.4,97400.0,2026-09-13 18:00:00,2026-09-13 18:00:00,974.0
20260913,180000,72W,37,2026,9,13,18,36.4,139.70000000000002,98000.0,2026-09-13 18:00:00,2026-09-13 18:00:00,980.0
20260913,180000,72W,37,2026,9,13,18,39.9,143.8,97700.0,2026-09-13 18:00:00,2026-09-13 18:00:00,977.0
20260913,180000,72W,37,2026,9,13,18,41.5,147.9,97600.0,2026-09-13 18:00:00,2026-09-13 18:00:00,976.0
20260913,180000,72W,38,2026,9,13,18,8.0,179.4,100700.0,2026-09-13 18:00:00,2026-09-13 18:00:00,1007.0
20260913,180000,72W,38,2026,9,13,18,8.0,178.8,100600.0,2026-09-13 18:00:00,2026-09-13 18:00:00,1006.0
20260913,180000,72W,38,2026,9,13,18,8.3,178.0,100700.0,2026-09-13 18:00:00,2026-09-13 18:00:00,1007.0
20260913,180000,72W,38,2026,9,13,18,8.8,179.4,100600.0,2026-09-13 18:00:00,2026-09-13 18:00:00,1006.0
20260913,180000,72W,38,2026,9,13,18,10.200000000000001,177.70000000000002,100500.0,2026-09-13 18:00:00,2026-09-13 18:00:00,1005.0
20260913,180000,72W,38,2026,9,13,18,9.700000000000001,177.70000000000002,100400.0,2026-09-13 18:00:00,2026-09-13 18:00:00,1004.0
20260913,180000,72W,38,2026,9,13,18,11.6,178.3,100500.0,2026-09-13 18:00:00,2026-09-13 18:00:00,1005.0
20260913,180000,72W,38,2026,9,13,18,13.6,177.1,100700.0,2026-09-13 18:00:00,2026-09-13 18:00:00,1007.0
20260913,180000,72W,38,2026,9,13,18,14.5,177.1,100700.0,2026-09-13 18:00:00,2026-09-13 18:00:00,1007.0
20260913,180000,72W,38,2026,9,13,18,16.7,176.9,100700.0,2026-09-13 18:00:00,2026-09-13 18:00:00,1007.0
20260913,180000,72W,38,2026,9,13,18,17.0,175.20000000000002,100600.0,2026-09-13 18:00:00,2026-09-13 18:00:00,1006.0
20260913,180000,72W,38,2026,9,13,18,17.6,174.9,100800.0,2026-09-13 18:00:00,2026-09-13 18:00:00,1008.0
20260913,180000,72W,38,2026,9,13,18,19.0,174.6,100600.0,2026-09-13 18:00:00,2026-09-13 18:00:00,1006.0
20260913,180000,72W,38,2026,9,13,18,19.5,173.5,100600.0,2026-09-13 18:00:00,2026-09-13 18:00:00,1006.0
20260913,180000,72W,38,2026,9,13,18,19.8,172.4,100400.0,2026-09-13 18:00:00,2026-09-13 18:00:00,1004.0
20260913,180000,72W,38,2026,9,13,18,20.400000000000002,172.4,100500.0,2026-09-13 18:00:00,2026-09-13 18:00:00,1005.0
20260913,180000,72W,38,2026,9,13,18,20.7,171.0,100400.0,2026-09-13 18:00:00,2026-09-13 18:00:00,1004.0
20260913,180000,72W,38,2026,9,13,18,20.7,171.0,100400.0,2026-09-13 18:00:00,2026-09-13 18:00:00,1004.0
20260913,180000,72W,38,2026,9,13,18,20.900000000000002,170.4,100200.0,2026-09-13 18:00:00,2026-09-13 18:00:00,1002.0
20260913,180000,72W,38,2026,9,13,18,21.2,169.8,100400.0,2026-09-13 18:00:00,2026-09-13 18:00:00,1004.0
20260913,180000,72W,38,2026,9,13,18,21.8,169.8,100100.0,2026-09-13 18:00:00,2026-09-13 18:00:00,1001.0
20260913,180000,72W,38,2026,9,13,18,22.3,169.8,100200.0,2026-09-13 18:00:00,2026-09-13 18:00:00,1002.0
20260913,180000,72W,38,2026,9,13,18,22.3,169.3,99900.0,2026-09-13 18:00:00,2026-09-13 18:00:00,999.0
20260913,180000,72W,38,2026,9,13,18,22.6,168.70000000000002,100300.0,2026-09-13 18:00:00,2026-09-13 18:00:00,1003.0
20260913,180000,72W,38,2026,9,13,18,22.900000000000002,168.70000000000002,100200.0,2026-09-13 18:00:00,2026-09-13 18:00:00,1002.0
20260913,180000,72W,38,2026,9,13,18,22.900000000000002,168.70000000000002,100600.0,2026-09-13 18:00:00,2026-09-13 18:00:00,1006.0
20260913,180000,72W,38,2026,9,13,18,22.900000000000002,168.4,100600.0,2026-09-13 18:00:00,2026-09-13 18:00:00,1006.0
20260913,180000,72W,38,2026,9,13,18,23.2,167.9,100700.0,2026-09-13 18:00:00,2026-09-13 18:00:00,1007.0
20260913,180000,72W,38,2026,9,13,18,22.900000000000002,167.0,100500.0,2026-09-13 18:00:00,2026-09-13 18:00:00,1005.0
20260913,180000,72W,38,2026,9,13,18,22.900000000000002,166.20000000000002,100700.0,2026-09-13 18:00:00,2026-09-13 18:00:00,1007.0
20260913,180000,72W,38,2026,9,13,18,22.3,164.8,100600.0,2026-09-13 18:00:00,2026-09-13 18:00:00,1006.0
20260913,180000,72W,38,2026,9,13,18,22.1,163.6,100600.0,2026-09-13 18:00:00,2026-09-13 18:00:00,1006.0
20260913,180000,72W,38,2026,9,13,18,21.8,162.5,100400.0,2026-09-13 18:00:00,2026-09-13 18:00:00,1004.0
20260913,180000,72W,38,2026,9,13,18,21.8,161.1,100500.0,2026-09-13 18:00:00,2026-09-13 18:00:00,1005.0
20260913,180000,72W,38,2026,9,13,18,21.2,160.5,99800.0,2026-09-13 18:00:00,2026-09-13 18:00:00,998.0
20260913,180000,72W,38,2026,9,13,18,21.2,159.1,99900.0,2026-09-13 18:00:00,2026-09-13 18:00:00,999.0
20260913,180000,72W,38,2026,9,13,18,20.900000000000002,158.0,99700.0,2026-09-13 18:00:00,2026-09-13 18:00:00,997.0
20260913,180000,72W,38,2026,9,13,18,20.7,156.6,99600.0,2026-09-13 18:00:00,2026-09-13 18:00:00,996.0
20260913,180000,72W,38,2026,9,13,18,20.900000000000002,155.20000000000002,99100.0,2026-09-13 18:00:00,2026-09-13 18:00:00,991.0
20260913,180000,72W,38,2026,9,13,18,21.5,153.8,99200.0,2026-09-13 18:00:00,2026-09-13 18:00:00,992.0
20260913,180000,72W,38,2026,9,13,18,22.1,152.1,99100.0,2026-09-13 18:00:00,2026-09-13 18:00:00,991.0
20260913,180000,72W,38,2026,9,13,18,22.3,150.4,98500.0,2026-09-13 18:00:00,2026-09-13 18:00:00,985.0
20260913,180000,72W,38,2026,9,13,18,22.6,149.0,98300.0,2026-09-13 18:00:00,2026-09-13 18:00:00,983.0
20260913,180000,72W,38,2026,9,13,18,23.2,147.9,98200.0,2026-09-13 18:00:00,2026-09-13 18:00:00,982.0
20260913,180000,72W,38,2026,9,13,18,24.0,146.20000000000002,97900.0,2026-09-13 18:00:00,2026-09-13 18:00:00,979.0
20260913,180000,72W,38,2026,9,13,18,24.6,145.1,98000.0,2026-09-13 18:00:00,2026-09-13 18:00:00,980.0
20260913,180000,72W,38,2026,9,13,18,25.400000000000002,143.4,97700.0,2026-09-13 18:00:00,2026-09-13 18:00:00,977.0
20260913,180000,72W,38,2026,9,13,18,26.3,142.5,97800.0,2026-09-13 18:00:00,2026-09-13 18:00:00,978.0
20260913,180000,72W,38,2026,9,13,18,27.1,141.70000000000002,97700.0,2026-09-13 18:00:00,2026-09-13 18:00:00,977.0
20260913,180000,72W,38,2026,9,13,18,28.0,140.9,97300.0,2026-09-13 18:00:00,2026-09-13 18:00:00,973.0
20260913,180000,72W,38,2026,9,13,18,28.8,140.0,97600.0,2026-09-13 18:00:00,2026-09-13 18:00:00,976.0
20260913,180000,72W,39,2026,9,13,18,5.2,164.8,100800.0,2026-09-13 18:00:00,2026-09-13 18:00:00,1008.0
20260913,180000,72W,39,2026,9,13,18,4.6000000000000005,164.8,100600.0,2026-09-13 18:00:00,2026-09-13 18:00:00,1006.0
20260913,180000,72W,39,2026,9,13,18,3.8000000000000003,167.3,100700.0,2026-09-13 18:00:00,2026-09-13 18:00:00,1007.0
20260913,180000,72W,40,2026,9,13,18,7.7,127.4,100800.0,2026-09-13 18:00:00,2026-09-13 18:00:00,1008.0
20260913,180000,72W,40,2026,9,13,18,8.3,127.60000000000001,100700.0,2026-09-13 18:00:00,2026-09-13 18:00:00,1007.0
20260913,180000,72W,41,2026,9,13,18,2.1,171.8,100700.0,2026-09-13 18:00:00,2026-09-13 18:00:00,1007.0
20260913,180000,72W,41,2026,9,13,18,1.2,173.20000000000002,100800.0,2026-09-13 18:00:00,2026-09-13 18:00:00,1008.0
20260913,180000,72W,42,2026,9,13,18,9.4,137.20000000000002,100900.0,2026-09-13 18:00:00,2026-09-13 18:00:00,1009.0
20260913,180000,72W,42,2026,9,13,18,11.6,139.70000000000002,101200.0,2026-09-13 18:00:00,2026-09-13 18:00:00,1012.0
20260913,180000,72W,42,2026,9,13,18,11.4,138.0,100900.0,2026-09-13 18:00:00,2026-09-13 18:00:00,1009.0
20260913,180000,72W,42,2026,9,13,18,13.3,136.1,100900.0,2026-09-13 18:00:00,2026-09-13 18:00:00,1009.0
20260913,180000,72W,42,2026,9,13,18,13.0,136.4,101100.0,2026-09-13 18:00:00,2026-09-13 18:00:00,1011.0
20260913,180000,72W,42,2026,9,13,18,14.5,135.2,101000.0,2026-09-13 18:00:00,2026-09-13 18:00:00,1010.0
20260913,180000,72W,42,2026,9,13,18,14.5,133.5,100900.0,2026-09-13 18:00:00,2026-09-13 18:00:00,1009.0
20260913,180000,72W,43,2026,9,13,18,14.700000000000001,162.20000000000002,100900.0,2026-09-13 18:00:00,2026-09-13 18:00:00,1009.0
20260913,180000,72W,43,2026,9,13,18,15.9,160.3,100900.0,2026-09-13 18:00:00,2026-09-13 18:00:00,1009.0
20260913,180000,72W,43,2026,9,13,18,17.3,158.3,100800.0,2026-09-13 18:00:00,2026-09-13 18:00:00,1008.0
20260913,180000,72W,43,2026,9,13,18,15.700000000000001,156.8,100700.0,2026-09-13 18:00:00,2026-09-13 18:00:00,1007.0
20260913,180000,72W,43,2026,9,13,18,16.7,156.6,100800.0,2026-09-13 18:00:00,2026-09-13 18:00:00,1008.0
20260913,180000,72W,43,2026,9,13,18,17.0,155.5,100700.0,2026-09-13 18:00:00,2026-09-13 18:00:00,1007.0
20260913,180000,72W,43,2026,9,13,18,16.4,153.8,100900.0,2026-09-13 18:00:00,2026-09-13 18:00:00,1009.0
20260913,180000,72W,43,2026,9,13,18,15.6,153.20000000000002,100600.0,2026-09-13 18:00:00,2026-09-13 18:00:00,1006.0
20260913,180000,72W,43,2026,9,13,18,16.0,153.6,100900.0,2026-09-13 18:00:00,2026-09-13 18:00:00,1009.0
20260913,180000,72W,43,2026,9,13,18,15.9,153.0,100700.0,2026-09-13 18:00:00,2026-09-13 18:00:00,1007.0
20260913,180000,72W,43,2026,9,13,18,18.1,152.4,100700.0,2026-09-13 18:00:00,2026-09-13 18:00:00,1007.0
20260913,180000,72W,43,2026,9,13,18,16.7,152.4,101000.0,2026-09-13 18:00:00,2026-09-13 18:00:00,1010.0
20260913,180000,72W,43,2026,9,13,18,16.1,153.5,100700.0,2026-09-13 18:00:00,2026-09-13 18:00:00,1007.0
20260913,180000,72W,43,2026,9,13,18,17.0,151.8,100900.0,2026-09-13 18:00:00,2026-09-13 18:00:00,1009.0
20260913,180000,72W,43,2026,9,13,18,15.9,151.3,100600.0,2026-09-13 18:00:00,2026-09-13 18:00:00,1006.0
20260913,180000,72W,43,2026,9,13,18,15.6,151.0,100900.0,2026-09-13 18:00:00,2026-09-13 18:00:00,1009.0
20260913,180000,72W,44,2026,9,13,18,11.1,171.20000000000002,101000.0,2026-09-13 18:00:00,2026-09-13 18:00:00,1010.0
20260913,180000,72W,44,2026,9,13,18,11.6,172.4,101200.0,2026-09-13 18:00:00,2026-09-13 18:00:00,1012.0
20260913,180000,72W,44,2026,9,13,18,10.5,172.9,101000.0,2026-09-13 18:00:00,2026-09-13 18:00:00,1010.0
20260913,180000,72W,45,2026,9,13,18,12.5,149.0,100700.0,2026-09-13 18:00:00,2026-09-13 18:00:00,1007.0
20260913,180000,72W,45,2026,9,13,18,11.1,149.6,100700.0,2026-09-13 18:00:00,2026-09-13 18:00:00,1007.0
20260913,180000,72W,45,2026,9,13,18,13.0,150.4,100700.0,2026-09-13 18:00:00,2026-09-13 18:00:00,1007.0
20260913,180000,72W,45,2026,9,13,18,13.3,151.3,100900.0,2026-09-13 18:00:00,2026-09-13 18:00:00,1009.0
20260913,180000,72W,46,2026,9,13,18,11.9,113.9,100900.0,2026-09-13 18:00:00,2026-09-13 18:00:00,1009.0
20260913,180000,72W,46,2026,9,13,18,11.4,112.5,101100.0,2026-09-13 18:00:00,2026-09-13 18:00:00,1011.0
20260913,180000,72W,46,2026,9,13,18,11.4,112.5,100900.0,2026-09-13 18:00:00,2026-09-13 18:00:00,1009.0
20260913,180000,72W,46,2026,9,13,18,12.200000000000001,112.7,100900.0,2026-09-13 18:00:00,2026-09-13 18:00:00,1009.0
20260913,180000,72W,46,2026,9,13,18,12.5,111.60000000000001,100800.0,2026-09-13 18:00:00,2026-09-13 18:00:00,1008.0
20260913,180000,72W,46,2026,9,13,18,11.9,111.0,101000.0,2026-09-13 18:00:00,2026-09-13 18:00:00,1010.0
20260913,180000,72W,46,2026,9,13,18,10.8,108.2,100800.0,2026-09-13 18:00:00,2026-09-13 18:00:00,1008.0
20260913,180000,72W,46,2026,9,13,18,11.6,109.4,100800.0,2026-09-13 18:00:00,2026-09-13 18:00:00,1008.0
20260913,180000,72W,46,2026,9,13,18,10.8,110.2,100700.0,2026-09-13 18:00:00,2026-09-13 18:00:00,1007.0
20260913,180000,72W,46,2026,9,13,18,11.1,110.2,100800.0,2026-09-13 18:00:00,2026-09-13 18:00:00,1008.0
20260913,180000,72W,46,2026,9,13,18,11.6,109.4,100700.0,2026-09-13 18:00:00,2026-09-13 18:00:00,1007.0
20260913,180000,72W,46,2026,9,13,18,11.1,106.8,100900.0,2026-09-13 18:00:00,2026-09-13 18:00:00,1009.0
20260913,180000,72W,46,2026,9,13,18,11.9,104.9,100800.0,2026-09-13 18:00:00,2026-09-13 18:00:00,1008.0
20260913,180000,72W,46,2026,9,13,18,11.4,105.2,100900.0,2026-09-13 18:00:00,2026-09-13 18:00:00,1009.0
20260913,180000,72W,46,2026,9,13,18,10.8,102.60000000000001,100800.0,2026-09-13 18:00:00,2026-09-13 18:00:00,1008.0
20260913,180000,72W,46,2026,9,13,18,10.8,102.60000000000001,100500.0,2026-09-13 18:00:00,2026-09-13 18:00:00,1005.0
20260913,180000,72W,46,2026,9,13,18,11.1,101.5,100400.0,2026-09-13 18:00:00,2026-09-13 18:00:00,1004.0
20260913,180000,72W,46,2026,9,13,18,11.6,101.2,100500.0,2026-09-13 18:00:00,2026-09-13 18:00:00,1005.0
20260913,180000,72W,46,2026,9,13,18,12.200000000000001,100.60000000000001,100200.0,2026-09-13 18:00:00,2026-09-13 18:00:00,1002.0
20260913,180000,72W,46,2026,9,13,18,12.200000000000001,99.2,100300.0,2026-09-13 18:00:00,2026-09-13 18:00:00,1003.0
20260913,180000,72W,46,2026,9,13,18,12.8,98.7,100400.0,2026-09-13 18:00:00,2026-09-13 18:00:00,1004.0
20260913,180000,72W,46,2026,9,13,18,13.3,97.3,100400.0,2026-09-13 18:00:00,2026-09-13 18:00:00,1004.0
20260913,180000,72W,46,2026,9,13,18,14.0,96.60000000000001,100400.0,2026-09-13 18:00:00,2026-09-13 18:00:00,1004.0
20260913,180000,72W,46,2026,9,13,18,14.700000000000001,95.3,99900.0,2026-09-13 18:00:00,2026-09-13 18:00:00,999.0
20260913,180000,72W,46,2026,9,13,18,15.6,94.2,99900.0,2026-09-13 18:00:00,2026-09-13 18:00:00,999.0
20260913,180000,72W,46,2026,9,13,18,16.4,92.8,100000.0,2026-09-13 18:00:00,2026-09-13 18:00:00,1000.0
20260913,180000,72W,46,2026,9,13,18,17.0,91.4,99800.0,2026-09-13 18:00:00,2026-09-13 18:00:00,998.0
20260913,180000,72W,46,2026,9,13,18,18.1,90.2,100000.0,2026-09-13 18:00:00,2026-09-13 18:00:00,1000.0
20260913,180000,72W,46,2026,9,13,18,19.2,88.8,100100.0,2026-09-13 18:00:00,2026-09-13 18:00:00,1001.0
20260913,180000,72W,47,2026,9,13,18,11.9,100.10000000000001,101000.0,2026-09-13 18:00:00,2026-09-13 18:00:00,1010.0
20260913,180000,72W,47,2026,9,13,18,11.1,99.5,100800.0,2026-09-13 18:00:00,2026-09-13 18:00:00,1008.0
20260913,180000,72W,47,2026,9,13,18,11.1,97.5,100800.0,2026-09-13 18:00:00,2026-09-13 18:00:00,1008.0
20260913,180000,72W,47,2026,9,13,18,12.5,98.10000000000001,100800.0,2026-09-13 18:00:00,2026-09-13 18:00:00,1008.0
20260913,180000,72W,47,2026,9,13,18,12.5,94.7,100800.0,2026-09-13 18:00:00,2026-09-13 18:00:00,1008.0
20260913,180000,72W,47,2026,9,13,18,14.200000000000001,93.9,100800.0,2026-09-13 18:00:00,2026-09-13 18:00:00,1008.0
20260913,180000,72W,48,2026,9,13,18,9.700000000000001,121.7,100700.0,2026-09-13 18:00:00,2026-09-13 18:00:00,1007.0
20260913,180000,72W,48,2026,9,13,18,9.1,121.2,100900.0,2026-09-13 18:00:00,2026-09-13 18:00:00,1009.0
20260913,180000,72W,48,2026,9,13,18,10.0,123.7,100800.0,2026-09-13 18:00:00,2026-09-13 18:00:00,1008.0
20260913,180000,72W,48,2026,9,13,18,11.9,124.5,100700.0,2026-09-13 18:00:00,2026-09-13 18:00:00,1007.0
20260913,180000,72W,48,2026,9,13,18,11.9,122.5,100800.0,2026-09-13 18:00:00,2026-09-13 18:00:00,1008.0
20260913,180000,72W,49,2026,9,13,18,17.0,175.5,100900.0,2026-09-13 18:00:00,2026-09-13 18:00:00,1009.0
20260913,180000,72W,49,2026,9,13,18,17.0,175.70000000000002,101000.0,2026-09-13 18:00:00,2026-09-13 18:00:00,1010.0
20260913,180000,72W,49,2026,9,13,18,17.3,174.0,100900.0,2026-09-13 18:00:00,2026-09-13 18:00:00,1009.0
20260913,180000,72W,49,2026,9,13,18,18.400000000000002,173.8,101000.0,2026-09-13 18:00:00,2026-09-13 18:00:00,1010.0
20260913,180000,72W,49,2026,9,13,18,17.6,173.20000000000002,100900.0,2026-09-13 18:00:00,2026-09-13 18:00:00,1009.0
20260913,180000,72W,49,2026,9,13,18,17.6,172.6,101000.0,2026-09-13 18:00:00,2026-09-13 18:00:00,1010.0
20260913,180000,72W,49,2026,9,13,18,18.1,173.20000000000002,100500.0,2026-09-13 18:00:00,2026-09-13 18:00:00,1005.0
20260913,180000,72W,49,2026,9,13,18,18.400000000000002,172.1,100700.0,2026-09-13 18:00:00,2026-09-13 18:00:00,1007.0
20260913,180000,72W,49,2026,9,13,18,18.7,171.8,100500.0,2026-09-13 18:00:00,2026-09-13 18:00:00,1005.0
20260913,180000,72W,49,2026,9,13,18,19.0,171.5,100400.0,2026-09-13 18:00:00,2026-09-13 18:00:00,1004.0
20260913,180000,72W,49,2026,9,13,18,19.2,171.8,100100.0,2026-09-13 18:00:00,2026-09-13 18:00:00,1001.0
20260913,180000,72W,49,2026,9,13,18,19.6,172.0,100300.0,2026-09-13 18:00:00,2026-09-13 18:00:00,1003.0
20260913,180000,72W,49,2026,9,13,18,19.8,171.8,100100.0,2026-09-13 18:00:00,2026-09-13 18:00:00,1001.0
20260913,180000,72W,49,2026,9,13,18,20.1,172.4,100000.0,2026-09-13 18:00:00,2026-09-13 18:00:00,1000.0
20260913,180000,72W,49,2026,9,13,18,20.400000000000002,172.4,99700.0,2026-09-13 18:00:00,2026-09-13 18:00:00,997.0
20260913,180000,72W,49,2026,9,13,18,20.7,172.6,99600.0,2026-09-13 18:00:00,2026-09-13 18:00:00,996.0
20260913,180000,72W,49,2026,9,13,18,21.2,172.6,99800.0,2026-09-13 18:00:00,2026-09-13 18:00:00,998.0
20260913,180000,72W,49,2026,9,13,18,21.8,172.6,100300.0,2026-09-13 18:00:00,2026-09-13 18:00:00,1003.0
20260913,180000,72W,49,2026,9,13,18,23.2,172.6,100100.0,2026-09-13 18:00:00,2026-09-13 18:00:00,1001.0
20260913,180000,72W,49,2026,9,13,18,23.8,172.1,100200.0,2026-09-13 18:00:00,2026-09-13 18:00:00,1002.0
20260913,180000,72W,49,2026,9,13,18,24.900000000000002,171.5,100200.0,2026-09-13 18:00:00,2026-09-13 18:00:00,1002.0
20260913,180000,72W,49,2026,9,13,18,26.0,171.0,100300.0,2026-09-13 18:00:00,2026-09-13 18:00:00,1003.0
20260913,180000,72W,49,2026,9,13,18,27.1,170.70000000000002,100200.0,2026-09-13 18:00:00,2026-09-13 18:00:00,1002.0
20260913,180000,72W,49,2026,9,13,18,28.0,170.4,100400.0,2026-09-13 18:00:00,2026-09-13 18:00:00,1004.0
20260913,180000,72W,49,2026,9,13,18,28.3,169.8,100500.0,2026-09-13 18:00:00,2026-09-13 18:00:00,1005.0
20260913,180000,72W,49,2026,9,13,18,29.1,169.8,100600.0,2026-09-13 18:00:00,2026-09-13 18:00:00,1006.0
20260913,180000,72W,50,2026,9,13,18,19.5,174.3,101300.0,2026-09-13 18:00:00,2026-09-13 18:00:00,1013.0
20260913,180000,72W,50,2026,9,13,18,18.7,175.20000000000002,101100.0,2026-09-13 18:00:00,2026-09-13 18:00:00,1011.0
20260913,180000,72W,50,2026,9,13,18,19.0,172.9,100900.0,2026-09-13 18:00:00,2026-09-13 18:00:00,1009.0
20260913,180000,72W,50,2026,9,13,18,19.0,172.6,101100.0,2026-09-13 18:00:00,2026-09-13 18:00:00,1011.0
20260913,180000,72W,50,2026,9,13,18,18.1,173.20000000000002,101000.0,2026-09-13 18:00:00,2026-09-13 18:00:00,1010.0
20260913,180000,72W,50,2026,9,13,18,17.8,172.4,101000.0,2026-09-13 18:00:00,2026-09-13 18:00:00,1010.0
20260913,180000,72W,50,2026,9,13,18,17.0,171.5,100800.0,2026-09-13 18:00:00,2026-09-13 18:00:00,1008.0
20260913,180000,72W,50,2026,9,13,18,17.3,171.8,101000.0,2026-09-13 18:00:00,2026-09-13 18:00:00,1010.0
20260913,180000,72W,50,2026,9,13,18,16.1,170.70000000000002,100900.0,2026-09-13 18:00:00,2026-09-13 18:00:00,1009.0
20260913,180000,72W,50,2026,9,13,18,15.9,171.0,100900.0,2026-09-13 18:00:00,2026-09-13 18:00:00,1009.0
20260913,180000,72W,50,2026,9,13,18,15.0,170.1,100700.0,2026-09-13 18:00:00,2026-09-13 18:00:00,1007.0
20260913,180000,72W,50,2026,9,13,18,13.6,169.5,100700.0,2026-09-13 18:00:00,2026-09-13 18:00:00,1007.0
20260913,180000,72W,50,2026,9,13,18,11.9,169.8,100700.0,2026-09-13 18:00:00,2026-09-13 18:00:00,1007.0
20260913,180000,72W,50,2026,9,13,18,11.9,167.0,100700.0,2026-09-13 18:00:00,2026-09-13 18:00:00,1007.0
20260913,180000,72W,50,2026,9,13,18,12.5,167.0,100600.0,2026-09-13 18:00:00,2026-09-13 18:00:00,1006.0
20260913,180000,72W,50,2026,9,13,18,12.200000000000001,166.70000000000002,100900.0,2026-09-13 18:00:00,2026-09-13 18:00:00,1009.0
20260913,180000,72W,50,2026,9,13,18,12.8,165.3,100700.0,2026-09-13 18:00:00,2026-09-13 18:00:00,1007.0
20260913,180000,72W,50,2026,9,13,18,14.700000000000001,165.6,100800.0,2026-09-13 18:00:00,2026-09-13 18:00:00,1008.0
20260913,180000,72W,50,2026,9,13,18,14.700000000000001,165.0,100600.0,2026-09-13 18:00:00,2026-09-13 18:00:00,1006.0
20260913,180000,72W,50,2026,9,13,18,15.6,163.1,100700.0,2026-09-13 18:00:00,2026-09-13 18:00:00,1007.0
20260913,180000,72W,50,2026,9,13,18,15.6,163.1,100500.0,2026-09-13 18:00:00,2026-09-13 18:00:00,1005.0
20260913,180000,72W,50,2026,9,13,18,14.700000000000001,164.20000000000002,100600.0,2026-09-13 18:00:00,2026-09-13 18:00:00,1006.0
20260913,180000,72W,50,2026,9,13,18,15.3,164.5,100700.0,2026-09-13 18:00:00,2026-09-13 18:00:00,1007.0
20260913,180000,72W,50,2026,9,13,18,16.1,163.9,100700.0,2026-09-13 18:00:00,2026-09-13 18:00:00,1007.0
20260913,180000,72W,50,2026,9,13,18,15.3,163.1,100400.0,2026-09-13 18:00:00,2026-09-13 18:00:00,1004.0
20260913,180000,72W,50,2026,9,13,18,15.700000000000001,163.20000000000002,100600.0,2026-09-13 18:00:00,2026-09-13 18:00:00,1006.0
20260913,180000,72W,50,2026,9,13,18,16.1,162.20000000000002,100300.0,2026-09-13 18:00:00,2026-09-13 18:00:00,1003.0
20260913,180000,72W,50,2026,9,13,18,15.6,160.8,100500.0,2026-09-13 18:00:00,2026-09-13 18:00:00,1005.0
20260913,180000,72W,50,2026,9,13,18,17.0,158.6,100300.0,2026-09-13 18:00:00,2026-09-13 18:00:00,1003.0
20260913,180000,72W,51,2026,9,13,18,7.7,126.8,100900.0,2026-09-13 18:00:00,2026-09-13 18:00:00,1009.0
20260913,180000,72W,51,2026,9,13,18,8.5,127.4,100800.0,2026-09-13 18:00:00,2026-09-13 18:00:00,1008.0
20260913,180000,72W,51,2026,9,13,18,9.4,128.2,100900.0,2026-09-13 18:00:00,2026-09-13 18:00:00,1009.0
20260913,180000,72W,51,2026,9,13,18,8.6,127.4,100700.0,2026-09-13 18:00:00,2026-09-13 18:00:00,1007.0
20260913,180000,72W,51,2026,9,13,18,10.0,126.2,100800.0,2026-09-13 18:00:00,2026-09-13 18:00:00,1008.0
20260913,180000,72W,52,2026,9,13,18,17.6,118.4,100900.0,2026-09-13 18:00:00,2026-09-13 18:00:00,1009.0
20260913,180000,72W,52,2026,9,13,18,17.6,117.8,100700.0,2026-09-13 18:00:00,2026-09-13 18:00:00,1007.0
20260913,180000,72W,52,2026,9,13,18,17.8,117.2,100900.0,2026-09-13 18:00:00,2026-09-13 18:00:00,1009.0
20260913,180000,72W,52,2026,9,13,18,18.1,117.0,100800.0,2026-09-13 18:00:00,2026-09-13 18:00:00,1008.0
20260913,180000,72W,52,2026,9,13,18,18.3,115.7,100900.0,2026-09-13 18:00:00,2026-09-13 18:00:00,1009.0
20260913,180000,72W,52,2026,9,13,18,18.400000000000002,115.0,100800.0,2026-09-13 18:00:00,2026-09-13 18:00:00,1008.0
20260913,180000,72W,52,2026,9,13,18,18.400000000000002,113.9,100900.0,2026-09-13 18:00:00,2026-09-13 18:00:00,1009.0
20260913,180000,72W,52,2026,9,13,18,18.3,113.0,100900.0,2026-09-13 18:00:00,2026-09-13 18:00:00,1009.0
20260913,180000,73W,1,2026,9,13,18,11.6,153.20000000000002,101100.0,2026-09-13 18:00:00,2026-09-13 18:00:00,1011.0
20260913,180000,73W,1,2026,9,13,18,10.0,147.9,100800.0,2026-09-13 18:00:00,2026-09-13 18:00:00,1008.0
20260913,180000,73W,1,2026,9,13,18,9.1,148.20000000000002,101100.0,2026-09-13 18:00:00,2026-09-13 18:00:00,1011.0
20260913,180000,73W,1,2026,9,13,18,8.5,150.4,101000.0,2026-09-13 18:00:00,2026-09-13 18:00:00,1010.0
20260913,180000,73W,1,2026,9,13,18,10.0,152.70000000000002,100800.0,2026-09-13 18:00:00,2026-09-13 18:00:00,1008.0
20260913,180000,73W,2,2026,9,13,18,12.8,126.2,100700.0,2026-09-13 18:00:00,2026-09-13 18:00:00,1007.0
20260913,180000,73W,2,2026,9,13,18,11.9,127.4,100700.0,2026-09-13 18:00:00,2026-09-13 18:00:00,1007.0
20260913,180000,73W,2,2026,9,13,18,10.700000000000001,126.3,100800.0,2026-09-13 18:00:00,2026-09-13 18:00:00,1008.0
20260913,180000,73W,2,2026,9,13,18,11.9,126.5,100800.0,2026-09-13 18:00:00,2026-09-13 18:00:00,1008.0
20260913,180000,73W,2,2026,9,13,18,11.9,128.2,100600.0,2026-09-13 18:00:00,2026-09-13 18:00:00,1006.0
20260913,180000,73W,2,2026,9,13,18,11.9,126.5,100800.0,2026-09-13 18:00:00,2026-09-13 18:00:00,1008.0
20260913,180000,73W,2,2026,9,13,18,11.9,128.2,100700.0,2026-09-13 18:00:00,2026-09-13 18:00:00,1007.0
20260913,180000,73W,2,2026,9,13,18,13.0,129.0,100700.0,2026-09-13 18:00:00,2026-09-13 18:00:00,1007.0
20260913,180000,73W,2,2026,9,13,18,14.700000000000001,132.7,100800.0,2026-09-13 18:00:00,2026-09-13 18:00:00,1008.0
20260913,180000,73W,3,2026,9,13,18,17.6,118.60000000000001,100800.0,2026-09-13 18:00:00,2026-09-13 18:00:00,1008.0
20260913,180000,73W,3,2026,9,13,18,17.0,114.4,100900.0,2026-09-13 18:00:00,2026-09-13 18:00:00,1009.0
20260913,180000,73W,3,2026,9,13,18,15.9,111.0,100800.0,2026-09-13 18:00:00,2026-09-13 18:00:00,1008.0
20260913,180000,73W,3,2026,9,13,18,15.200000000000001,109.5,100800.0,2026-09-13 18:00:00,2026-09-13 18:00:00,1008.0
20260913,180000,73W,3,2026,9,13,18,14.200000000000001,109.4,100800.0,2026-09-13 18:00:00,2026-09-13 18:00:00,1008.0
20260913,180000,73W,3,2026,9,13,18,11.1,110.2,101000.0,2026-09-13 18:00:00,2026-09-13 18:00:00,1010.0
20260913,180000,73W,3,2026,9,13,18,10.8,112.5,101000.0,2026-09-13 18:00:00,2026-09-13 18:00:00,1010.0
20260913,180000,73W,3,2026,9,13,18,13.1,110.9,100900.0,2026-09-13 18:00:00,2026-09-13 18:00:00,1009.0
20260913,180000,73W,3,2026,9,13,18,13.0,111.9,100900.0,2026-09-13 18:00:00,2026-09-13 18:00:00,1009.0
20260913,180000,73W,3,2026,9,13,18,12.5,111.60000000000001,101000.0,2026-09-13 18:00:00,2026-09-13 18:00:00,1010.0
20260913,180000,73W,3,2026,9,13,18,12.8,112.2,100800.0,2026-09-13 18:00:00,2026-09-13 18:00:00,1008.0
20260913,180000,73W,3,2026,9,13,18,11.4,109.7,100800.0,2026-09-13 18:00:00,2026-09-13 18:00:00,1008.0
20260913,180000,73W,3,2026,9,13,18,12.5,110.8,100800.0,2026-09-13 18:00:00,2026-09-13 18:00:00,1008.0
20260913,180000,73W,3,2026,9,13,18,11.9,112.7,100800.0,2026-09-13 18:00:00,2026-09-13 18:00:00,1008.0
20260913,180000,73W,3,2026,9,13,18,12.9,110.7,101000.0,2026-09-13 18:00:00,2026-09-13 18:00:00,1010.0
20260913,180000,73W,3,2026,9,13,18,12.8,110.5,100900.0,2026-09-13 18:00:00,2026-09-13 18:00:00,1009.0
20260913,180000,73W,3,2026,9,13,18,14.9,109.4,101100.0,2026-09-13 18:00:00,2026-09-13 18:00:00,1011.0
20260913,180000,73W,3,2026,9,13,18,13.6,111.3,101200.0,2026-09-13 18:00:00,2026-09-13 18:00:00,1012.0
20260913,180000,73W,4,2026,9,13,18,13.9,166.70000000000002,100800.0,2026-09-13 18:00:00,2026-09-13 18:00:00,1008.0
20260913,180000,73W,4,2026,9,13,18,13.6,166.70000000000002,100700.0,2026-09-13 18:00:00,2026-09-13 18:00:00,1007.0
20260913,180000,73W,4,2026,9,13,18,14.200000000000001,166.70000000000002,100500.0,2026-09-13 18:00:00,2026-09-13 18:00:00,1005.0
20260913,180000,73W,4,2026,9,13,18,13.6,166.70000000000002,100400.0,2026-09-13 18:00:00,2026-09-13 18:00:00,1004.0
20260913,180000,73W,4,2026,9,13,18,15.0,166.5,100200.0,2026-09-13 18:00:00,2026-09-13 18:00:00,1002.0
20260913,180000,73W,4,2026,9,13,18,15.3,165.9,100100.0,2026-09-13 18:00:00,2026-09-13 18:00:00,1001.0
20260913,180000,73W,4,2026,9,13,18,15.0,165.3,99800.0,2026-09-13 18:00:00,2026-09-13 18:00:00,998.0
20260913,180000,73W,4,2026,9,13,18,15.6,164.5,99700.0,2026-09-13 18:00:00,2026-09-13 18:00:00,997.0
20260913,180000,73W,4,2026,9,13,18,15.6,163.9,99100.0,2026-09-13 18:00:00,2026-09-13 18:00:00,991.0
20260913,180000,73W,5,2026,9,13,18,1.5,175.20000000000002,100700.0,2026-09-13 18:00:00,2026-09-13 18:00:00,1007.0
20260913,180000,73W,5,2026,9,13,18,4.3,175.20000000000002,100600.0,2026-09-13 18:00:00,2026-09-13 18:00:00,1006.0
20260913,180000,73W,6,2026,9,13,18,8.8,157.20000000000002,100800.0,2026-09-13 18:00:00,2026-09-13 18:00:00,1008.0
20260913,180000,73W,6,2026,9,13,18,8.8,158.0,101000.0,2026-09-13 18:00:00,2026-09-13 18:00:00,1010.0
20260913,180000,73W,6,2026,9,13,18,9.4,157.70000000000002,101000.0,2026-09-13 18:00:00,2026-09-13 18:00:00,1010.0
20260913,180000,73W,6,2026,9,13,18,9.700000000000001,157.5,100800.0,2026-09-13 18:00:00,2026-09-13 18:00:00,1008.0
20260913,180000,73W,8,2026,9,13,18,9.700000000000001,171.20000000000002,101100.0,2026-09-13 18:00:00,2026-09-13 18:00:00,1011.0
20260913,180000,73W,8,2026,9,13,18,9.700000000000001,167.9,100900.0,2026-09-13 18:00:00,2026-09-13 18:00:00,1009.0
20260913,180000,73W,8,2026,9,13,18,8.3,164.8,100900.0,2026-09-13 18:00:00,2026-09-13 18:00:00,1009.0
20260913,180000,73W,9,2026,9,13,18,7.4,170.1,101000.0,2026-09-13 18:00:00,2026-09-13 18:00:00,1010.0
20260913,180000,73W,9,2026,9,13,18,7.4,170.1,100800.0,2026-09-13 18:00:00,2026-09-13 18:00:00,1008.0
20260913,180000,73W,9,2026,9,13,18,8.3,172.6,100800.0,2026-09-13 18:00:00,2026-09-13 18:00:00,1008.0
20260913,180000,73W,9,2026,9,13,18,9.4,172.4,100800.0,2026-09-13 18:00:00,2026-09-13 18:00:00,1008.0
20260913,180000,73W,9,2026,9,13,18,8.3,172.9,100900.0,2026-09-13 18:00:00,2026-09-13 18:00:00,1009.0
20260913,180000,73W,9,2026,9,13,18,8.3,171.8,100700.0,2026-09-13 18:00:00,2026-09-13 18:00:00,1007.0
20260913,180000,73W,9,2026,9,13,18,7.4,170.70000000000002,100800.0,2026-09-13 18:00:00,2026-09-13 18:00:00,1008.0
20260913,180000,73W,9,2026,9,13,18,8.8,171.0,100600.0,2026-09-13 18:00:00,2026-09-13 18:00:00,1006.0
20260913,180000,73W,9,2026,9,13,18,10.5,168.4,100700.0,2026-09-13 18:00:00,2026-09-13 18:00:00,1007.0
20260913,180000,73W,9,2026,9,13,18,10.0,169.3,100500.0,2026-09-13 18:00:00,2026-09-13 18:00:00,1005.0
20260913,180000,73W,9,2026,9,13,18,11.1,169.5,100600.0,2026-09-13 18:00:00,2026-09-13 18:00:00,1006.0
20260913,180000,73W,9,2026,9,13,18,10.5,167.9,100400.0,2026-09-13 18:00:00,2026-09-13 18:00:00,1004.0
20260913,180000,73W,9,2026,9,13,18,12.200000000000001,167.6,100600.0,2026-09-13 18:00:00,2026-09-13 18:00:00,1006.0
20260913,180000,73W,9,2026,9,13,18,13.6,166.70000000000002,100400.0,2026-09-13 18:00:00,2026-09-13 18:00:00,1004.0
20260913,180000,73W,11,2026,9,13,18,11.9,127.10000000000001,100800.0,2026-09-13 18:00:00,2026-09-13 18:00:00,1008.0
20260913,180000,73W,11,2026,9,13,18,12.5,127.9,100700.0,2026-09-13 18:00:00,2026-09-13 18:00:00,1007.0
20260913,180000,73W,11,2026,9,13,18,11.6,128.5,100700.0,2026-09-13 18:00:00,2026-09-13 18:00:00,1007.0
20260913,180000,73W,11,2026,9,13,18,14.200000000000001,129.3,100800.0,2026-09-13 18:00:00,2026-09-13 18:00:00,1008.0
20260913,180000,73W,12,2026,9,13,18,14.200000000000001,163.4,100800.0,2026-09-13 18:00:00,2026-09-13 18:00:00,1008.0
20260913,180000,73W,12,2026,9,13,18,14.5,166.20000000000002,100800.0,2026-09-13 18:00:00,2026-09-13 18:00:00,1008.0
20260913,180000,73W,13,2026,9,13,18,2.1,169.0,100600.0,2026-09-13 18:00:00,2026-09-13 18:00:00,1006.0
20260913,180000,73W,13,2026,9,13,18,3.0,171.9,100600.0,2026-09-13 18:00:00,2026-09-13 18:00:00,1006.0
20260913,180000,73W,14,2026,9,13,18,8.0,127.4,100800.0,2026-09-13 18:00:00,2026-09-13 18:00:00,1008.0
20260913,180000,73W,14,2026,9,13,18,8.8,128.5,100700.0,2026-09-13 18:00:00,2026-09-13 18:00:00,1007.0
20260913,180000,73W,14,2026,9,13,18,9.4,128.2,100900.0,2026-09-13 18:00:00,2026-09-13 18:00:00,1009.0
20260913,180000,73W,15,2026,9,13,18,15.9,135.8,101100.0,2026-09-13 18:00:00,2026-09-13 18:00:00,1011.0
20260913,180000,73W,15,2026,9,13,18,16.1,132.4,100900.0,2026-09-13 18:00:00,2026-09-13 18:00:00,1009.0
20260913,180000,73W,15,2026,9,13,18,17.3,132.4,100900.0,2026-09-13 18:00:00,2026-09-13 18:00:00,1009.0
20260913,180000,73W,16,2026,9,13,18,11.1,144.8,100800.0,2026-09-13 18:00:00,2026-09-13 18:00:00,1008.0
20260913,180000,73W,16,2026,9,13,18,10.8,142.8,101100.0,2026-09-13 18:00:00,2026-09-13 18:00:00,1011.0
20260913,180000,73W,16,2026,9,13,18,11.1,141.70000000000002,100700.0,2026-09-13 18:00:00,2026-09-13 18:00:00,1007.0
20260913,180000,73W,16,2026,9,13,18,14.200000000000001,138.0,100700.0,2026-09-13 18:00:00,2026-09-13 18:00:00,1007.0
20260913,180000,73W,16,2026,9,13,18,15.9,135.8,100700.0,2026-09-13 18:00:00,2026-09-13 18:00:00,1007.0
20260913,180000,73W,16,2026,9,13,18,17.3,133.8,100800.0,2026-09-13 18:00:00,2026-09-13 18:00:00,1008.0
20260913,180000,73W,16,2026,9,13,18,17.3,133.0,100600.0,2026-09-13 18:00:00,2026-09-13 18:00:00,1006.0
20260913,180000,73W,16,2026,9,13,18,18.400000000000002,131.6,100800.0,2026-09-13 18:00:00,2026-09-13 18:00:00,1008.0
20260913,180000,73W,16,2026,9,13,18,19.0,130.5,100800.0,2026-09-13 18:00:00,2026-09-13 18:00:00,1008.0
20260913,180000,73W,16,2026,9,13,18,21.1,130.1,100600.0,2026-09-13 18:00:00,2026-09-13 18:00:00,1006.0
20260913,180000,73W,16,2026,9,13,18,21.6,129.2,100700.0,2026-09-13 18:00:00,2026-09-13 18:00:00,1007.0
20260913,180000,73W,16,2026,9,13,18,22.3,128.8,100500.0,2026-09-13 18:00:00,2026-09-13 18:00:00,1005.0
20260913,180000,73W,16,2026,9,13,18,22.6,128.2,100600.0,2026-09-13 18:00:00,2026-09-13 18:00:00,1006.0
20260913,180000,73W,16,2026,9,13,18,23.0,127.7,100300.0,2026-09-13 18:00:00,2026-09-13 18:00:00,1003.0
20260913,180000,73W,16,2026,9,13,18,24.0,126.8,100300.0,2026-09-13 18:00:00,2026-09-13 18:00:00,1003.0
20260913,180000,73W,16,2026,9,13,18,23.5,126.0,100000.0,2026-09-13 18:00:00,2026-09-13 18:00:00,1000.0
20260913,180000,73W,17,2026,9,13,18,11.9,113.3,100800.0,2026-09-13 18:00:00,2026-09-13 18:00:00,1008.0
20260913,180000,73W,17,2026,9,13,18,12.5,113.3,100900.0,2026-09-13 18:00:00,2026-09-13 18:00:00,1009.0
20260913,180000,73W,17,2026,9,13,18,12.200000000000001,111.0,101000.0,2026-09-13 18:00:00,2026-09-13 18:00:00,1010.0
20260913,180000,73W,17,2026,9,13,18,12.200000000000001,112.5,100900.0,2026-09-13 18:00:00,2026-09-13 18:00:00,1009.0
20260913,180000,73W,17,2026,9,13,18,11.9,111.9,100900.0,2026-09-13 18:00:00,2026-09-13 18:00:00,1009.0
20260913,180000,73W,17,2026,9,13,18,13.0,111.9,101100.0,2026-09-13 18:00:00,2026-09-13 18:00:00,1011.0
20260913,180000,73W,17,2026,9,13,18,12.8,111.60000000000001,100900.0,2026-09-13 18:00:00,2026-09-13 18:00:00,1009.0
20260913,180000,73W,17,2026,9,13,18,12.700000000000001,110.9,100900.0,2026-09-13 18:00:00,2026-09-13 18:00:00,1009.0
20260913,180000,73W,17,2026,9,13,18,12.8,111.10000000000001,101100.0,2026-09-13 18:00:00,2026-09-13 18:00:00,1011.0
20260913,180000,73W,17,2026,9,13,18,12.8,110.8,100900.0,2026-09-13 18:00:00,2026-09-13 18:00:00,1009.0
20260913,180000,73W,17,2026,9,13,18,13.200000000000001,110.7,100900.0,2026-09-13 18:00:00,2026-09-13 18:00:00,1009.0
20260913,180000,73W,17,2026,9,13,18,13.9,110.8,100900.0,2026-09-13 18:00:00,2026-09-13 18:00:00,1009.0
20260913,180000,73W,17,2026,9,13,18,13.9,110.5,100600.0,2026-09-13 18:00:00,2026-09-13 18:00:00,1006.0
20260913,180000,73W,17,2026,9,13,18,14.200000000000001,110.2,100900.0,2026-09-13 18:00:00,2026-09-13 18:00:00,1009.0
20260913,180000,73W,17,2026,9,13,18,13.0,109.9,101000.0,2026-09-13 18:00:00,2026-09-13 18:00:00,1010.0
20260913,180000,73W,17,2026,9,13,18,14.200000000000001,109.4,101100.0,2026-09-13 18:00:00,2026-09-13 18:00:00,1011.0
20260913,180000,73W,17,2026,9,13,18,14.8,109.5,101000.0,2026-09-13 18:00:00,2026-09-13 18:00:00,1010.0
20260913,180000,73W,18,2026,9,13,18,17.0,168.4,100800.0,2026-09-13 18:00:00,2026-09-13 18:00:00,1008.0
20260913,180000,73W,18,2026,9,13,18,16.4,166.70000000000002,100500.0,2026-09-13 18:00:00,2026-09-13 18:00:00,1005.0
20260913,180000,73W,19,2026,9,13,18,13.3,171.5,100800.0,2026-09-13 18:00:00,2026-09-13 18:00:00,1008.0
20260913,180000,73W,19,2026,9,13,18,13.9,169.5,100800.0,2026-09-13 18:00:00,2026-09-13 18:00:00,1008.0
20260913,180000,73W,20,2026,9,13,18,11.6,100.60000000000001,100700.0,2026-09-13 18:00:00,2026-09-13 18:00:00,1007.0
20260913,180000,73W,20,2026,9,13,18,11.4,101.2,100900.0,2026-09-13 18:00:00,2026-09-13 18:00:00,1009.0
20260913,180000,73W,20,2026,9,13,18,11.9,100.4,100700.0,2026-09-13 18:00:00,2026-09-13 18:00:00,1007.0
20260913,180000,73W,20,2026,9,13,18,11.5,101.9,100900.0,2026-09-13 18:00:00,2026-09-13 18:00:00,1009.0
20260913,180000,73W,20,2026,9,13,18,12.8,103.5,100900.0,2026-09-13 18:00:00,2026-09-13 18:00:00,1009.0
20260913,180000,73W,20,2026,9,13,18,13.3,103.5,100900.0,2026-09-13 18:00:00,2026-09-13 18:00:00,1009.0
20260913,180000,73W,20,2026,9,13,18,13.3,100.4,100900.0,2026-09-13 18:00:00,2026-09-13 18:00:00,1009.0
20260913,180000,73W,20,2026,9,13,18,13.6,100.9,100900.0,2026-09-13 18:00:00,2026-09-13 18:00:00,1009.0
20260913,180000,73W,20,2026,9,13,18,13.9,102.3,100600.0,2026-09-13 18:00:00,2026-09-13 18:00:00,1006.0
20260913,180000,73W,20,2026,9,13,18,13.5,103.5,100700.0,2026-09-13 18:00:00,2026-09-13 18:00:00,1007.0
20260913,180000,73W,20,2026,9,13,18,13.9,102.3,100700.0,2026-09-13 18:00:00,2026-09-13 18:00:00,1007.0
20260913,180000,73W,20,2026,9,13,18,14.200000000000001,101.2,100700.0,2026-09-13 18:00:00,2026-09-13 18:00:00,1007.0
20260913,180000,73W,20,2026,9,13,18,13.9,100.9,100600.0,2026-09-13 18:00:00,2026-09-13 18:00:00,1006.0
20260913,180000,73W,20,2026,9,13,18,14.5,100.60000000000001,100600.0,2026-09-13 18:00:00,2026-09-13 18:00:00,1006.0
20260913,180000,73W,20,2026,9,13,18,14.5,100.10000000000001,100700.0,2026-09-13 18:00:00,2026-09-13 18:00:00,1007.0
20260913,180000,73W,20,2026,9,13,18,13.200000000000001,97.4,100600.0,2026-09-13 18:00:00,2026-09-13 18:00:00,1006.0
20260913,180000,73W,20,2026,9,13,18,15.6,95.9,100500.0,2026-09-13 18:00:00,2026-09-13 18:00:00,1005.0
20260913,180000,73W,20,2026,9,13,18,15.6,94.2,100500.0,2026-09-13 18:00:00,2026-09-13 18:00:00,1005.0
20260913,180000,73W,20,2026,9,13,18,17.3,93.3,100400.0,2026-09-13 18:00:00,2026-09-13 18:00:00,1004.0
20260913,180000,73W,20,2026,9,13,18,17.6,91.60000000000001,100200.0,2026-09-13 18:00:00,2026-09-13 18:00:00,1002.0
20260913,180000,73W,20,2026,9,13,18,18.1,90.8,100300.0,2026-09-13 18:00:00,2026-09-13 18:00:00,1003.0
20260913,180000,73W,20,2026,9,13,18,18.7,90.2,100100.0,2026-09-13 18:00:00,2026-09-13 18:00:00,1001.0
20260913,180000,73W,20,2026,9,13,18,19.8,89.7,100200.0,2026-09-13 18:00:00,2026-09-13 18:00:00,1002.0
20260913,180000,73W,21,2026,9,13,18,10.5,108.2,101000.0,2026-09-13 18:00:00,2026-09-13 18:00:00,1010.0
20260913,180000,73W,21,2026,9,13,18,10.0,109.4,101000.0,2026-09-13 18:00:00,2026-09-13 18:00:00,1010.0
20260913,180000,73W,21,2026,9,13,18,10.8,110.5,100900.0,2026-09-13 18:00:00,2026-09-13 18:00:00,1009.0
20260913,180000,73W,21,2026,9,13,18,10.8,109.9,100900.0,2026-09-13 18:00:00,2026-09-13 18:00:00,1009.0
20260913,180000,73W,21,2026,9,13,18,11.6,111.0,100800.0,2026-09-13 18:00:00,2026-09-13 18:00:00,1008.0
20260913,180000,73W,21,2026,9,13,18,11.6,111.3,100800.0,2026-09-13 18:00:00,2026-09-13 18:00:00,1008.0
20260913,180000,73W,21,2026,9,13,18,13.3,111.60000000000001,100700.0,2026-09-13 18:00:00,2026-09-13 18:00:00,1007.0
20260913,180000,73W,21,2026,9,13,18,12.5,112.5,100800.0,2026-09-13 18:00:00,2026-09-13 18:00:00,1008.0
20260913,180000,73W,21,2026,9,13,18,12.8,113.0,100600.0,2026-09-13 18:00:00,2026-09-13 18:00:00,1006.0
20260913,180000,73W,21,2026,9,13,18,12.8,113.9,100600.0,2026-09-13 18:00:00,2026-09-13 18:00:00,1006.0
20260913,180000,73W,21,2026,9,13,18,13.6,113.60000000000001,100600.0,2026-09-13 18:00:00,2026-09-13 18:00:00,1006.0
20260913,180000,73W,21,2026,9,13,18,13.8,114.4,100800.0,2026-09-13 18:00:00,2026-09-13 18:00:00,1008.0
20260913,180000,73W,21,2026,9,13,18,14.5,114.10000000000001,100700.0,2026-09-13 18:00:00,2026-09-13 18:00:00,1007.0
20260913,180000,73W,21,2026,9,13,18,14.700000000000001,113.9,100800.0,2026-09-13 18:00:00,2026-09-13 18:00:00,1008.0
20260913,180000,73W,21,2026,9,13,18,15.200000000000001,113.5,100800.0,2026-09-13 18:00:00,2026-09-13 18:00:00,1008.0
20260913,180000,73W,21,2026,9,13,18,15.3,113.0,100700.0,2026-09-13 18:00:00,2026-09-13 18:00:00,1007.0
20260913,180000,73W,21,2026,9,13,18,15.6,112.5,100700.0,2026-09-13 18:00:00,2026-09-13 18:00:00,1007.0
20260913,180000,73W,21,2026,9,13,18,15.3,112.2,100700.0,2026-09-13 18:00:00,2026-09-13 18:00:00,1007.0
20260913,180000,73W,21,2026,9,13,18,16.1,113.0,100800.0,2026-09-13 18:00:00,2026-09-13 18:00:00,1008.0
20260913,180000,73W,21,2026,9,13,18,16.7,114.10000000000001,100600.0,2026-09-13 18:00:00,2026-09-13 18:00:00,1006.0
20260913,180000,73W,21,2026,9,13,18,17.6,113.60000000000001,100600.0,2026-09-13 18:00:00,2026-09-13 18:00:00,1006.0
20260913,180000,73W,21,2026,9,13,18,17.6,113.0,100500.0,2026-09-13 18:00:00,2026-09-13 18:00:00,1005.0
20260913,180000,73W,21,2026,9,13,18,17.3,113.3,100600.0,2026-09-13 18:00:00,2026-09-13 18:00:00,1006.0
20260913,180000,73W,21,2026,9,13,18,17.0,113.60000000000001,100500.0,2026-09-13 18:00:00,2026-09-13 18:00:00,1005.0
20260913,180000,73W,21,2026,9,13,18,17.0,114.10000000000001,100500.0,2026-09-13 18:00:00,2026-09-13 18:00:00,1005.0
20260913,180000,73W,21,2026,9,13,18,17.6,115.0,100500.0,2026-09-13 18:00:00,2026-09-13 18:00:00,1005.0
20260913,180000,73W,21,2026,9,13,18,17.0,114.7,100500.0,2026-09-13 18:00:00,2026-09-13 18:00:00,1005.0
20260913,180000,73W,21,2026,9,13,18,17.0,115.3,100400.0,2026-09-13 18:00:00,2026-09-13 18:00:00,1004.0
20260913,180000,73W,21,2026,9,13,18,17.3,115.5,100400.0,2026-09-13 18:00:00,2026-09-13 18:00:00,1004.0
20260913,180000,73W,21,2026,9,13,18,17.0,115.5,100300.0,2026-09-13 18:00:00,2026-09-13 18:00:00,1003.0
20260913,180000,73W,21,2026,9,13,18,17.0,115.8,100500.0,2026-09-13 18:00:00,2026-09-13 18:00:00,1005.0
20260913,180000,73W,21,2026,9,13,18,16.7,115.8,100400.0,2026-09-13 18:00:00,2026-09-13 18:00:00,1004.0
20260913,180000,73W,21,2026,9,13,18,16.4,115.8,100500.0,2026-09-13 18:00:00,2026-09-13 18:00:00,1005.0
20260913,180000,73W,21,2026,9,13,18,15.9,116.10000000000001,100400.0,2026-09-13 18:00:00,2026-09-13 18:00:00,1004.0
20260913,180000,73W,22,2026,9,13,18,11.9,147.9,100700.0,2026-09-13 18:00:00,2026-09-13 18:00:00,1007.0
20260913,180000,73W,22,2026,9,13,18,13.0,149.3,101000.0,2026-09-13 18:00:00,2026-09-13 18:00:00,1010.0
20260913,180000,73W,22,2026,9,13,18,13.3,149.9,100700.0,2026-09-13 18:00:00,2026-09-13 18:00:00,1007.0
20260913,180000,73W,22,2026,9,13,18,14.200000000000001,150.70000000000002,101100.0,2026-09-13 18:00:00,2026-09-13 18:00:00,1011.0
20260913,180000,73W,23,2026,9,13,18,10.0,177.4,100700.0,2026-09-13 18:00:00,2026-09-13 18:00:00,1007.0
20260913,180000,73W,23,2026,9,13,18,10.200000000000001,178.0,100600.0,2026-09-13 18:00:00,2026-09-13 18:00:00,1006.0
20260913,180000,73W,23,2026,9,13,18,8.5,178.3,100700.0,2026-09-13 18:00:00,2026-09-13 18:00:00,1007.0
20260913,180000,73W,23,2026,9,13,18,10.0,177.4,100600.0,2026-09-13 18:00:00,2026-09-13 18:00:00,1006.0
20260913,180000,73W,23,2026,9,13,18,9.700000000000001,175.5,100700.0,2026-09-13 18:00:00,2026-09-13 18:00:00,1007.0
20260913,180000,73W,23,2026,9,13,18,10.0,174.9,100800.0,2026-09-13 18:00:00,2026-09-13 18:00:00,1008.0
20260913,180000,73W,23,2026,9,13,18,12.8,170.70000000000002,100800.0,2026-09-13 18:00:00,2026-09-13 18:00:00,1008.0
20260913,180000,73W,24,2026,9,13,18,0.1,172.9,100800.0,2026-09-13 18:00:00,2026-09-13 18:00:00,1008.0
20260913,180000,73W,24,2026,9,13,18,-0.7000000000000001,174.6,100600.0,2026-09-13 18:00:00,2026-09-13 18:00:00,1006.0
20260913,180000,73W,24,2026,9,13,18,-0.1,173.8,100800.0,2026-09-13 18:00:00,2026-09-13 18:00:00,1008.0
20260913,180000,73W,25,2026,9,13,18,9.700000000000001,152.1,101000.0,2026-09-13 18:00:00,2026-09-13 18:00:00,1010.0
20260913,180000,73W,25,2026,9,13,18,9.700000000000001,152.4,100700.0,2026-09-13 18:00:00,2026-09-13 18:00:00,1007.0
20260913,180000,73W,25,2026,9,13,18,11.4,151.9,100900.0,2026-09-13 18:00:00,2026-09-13 18:00:00,1009.0
20260913,180000,73W,25,2026,9,13,18,11.6,151.5,100600.0,2026-09-13 18:00:00,2026-09-13 18:00:00,1006.0
20260913,180000,73W,25,2026,9,13,18,14.700000000000001,147.6,100700.0,2026-09-13 18:00:00,2026-09-13 18:00:00,1007.0
20260913,180000,73W,25,2026,9,13,18,16.7,145.6,100900.0,2026-09-13 18:00:00,2026-09-13 18:00:00,1009.0
20260913,180000,73W,25,2026,9,13,18,16.7,144.5,100700.0,2026-09-13 18:00:00,2026-09-13 18:00:00,1007.0
20260913,180000,73W,25,2026,9,13,18,16.7,143.4,100900.0,2026-09-13 18:00:00,2026-09-13 18:00:00,1009.0
20260913,180000,73W,26,2026,9,13,18,16.1,170.1,101000.0,2026-09-13 18:00:00,2026-09-13 18:00:00,1010.0
20260913,180000,73W,26,2026,9,13,18,15.0,167.3,100800.0,2026-09-13 18:00:00,2026-09-13 18:00:00,1008.0
20260913,180000,73W,26,2026,9,13,18,16.4,166.20000000000002,100900.0,2026-09-13 18:00:00,2026-09-13 18:00:00,1009.0
20260913,180000,73W,26,2026,9,13,18,16.4,167.3,100600.0,2026-09-13 18:00:00,2026-09-13 18:00:00,1006.0
20260913,180000,73W,26,2026,9,13,18,17.0,166.20000000000002,100700.0,2026-09-13 18:00:00,2026-09-13 18:00:00,1007.0
20260913,180000,73W,27,2026,9,13,18,15.0,163.9,100700.0,2026-09-13 18:00:00,2026-09-13 18:00:00,1007.0
20260913,180000,73W,27,2026,9,13,18,17.3,165.3,100800.0,2026-09-13 18:00:00,2026-09-13 18:00:00,1008.0
20260913,180000,73W,27,2026,9,13,18,16.4,164.8,100900.0,2026-09-13 18:00:00,2026-09-13 18:00:00,1009.0
20260913,180000,73W,27,2026,9,13,18,17.3,166.20000000000002,100900.0,2026-09-13 18:00:00,2026-09-13 18:00:00,1009.0
20260913,180000,73W,27,2026,9,13,18,17.8,166.20000000000002,100700.0,2026-09-13 18:00:00,2026-09-13 18:00:00,1007.0
20260913,180000,73W,27,2026,9,13,18,17.8,168.1,100800.0,2026-09-13 18:00:00,2026-09-13 18:00:00,1008.0
20260913,180000,73W,27,2026,9,13,18,17.6,169.5,100600.0,2026-09-13 18:00:00,2026-09-13 18:00:00,1006.0
20260913,180000,73W,27,2026,9,13,18,18.1,169.5,100600.0,2026-09-13 18:00:00,2026-09-13 18:00:00,1006.0
20260913,180000,73W,27,2026,9,13,18,18.1,170.1,100500.0,2026-09-13 18:00:00,2026-09-13 18:00:00,1005.0
20260913,180000,73W,27,2026,9,13,18,17.6,169.8,100600.0,2026-09-13 18:00:00,2026-09-13 18:00:00,1006.0
20260913,180000,73W,27,2026,9,13,18,17.3,170.70000000000002,100400.0,2026-09-13 18:00:00,2026-09-13 18:00:00,1004.0
20260913,180000,73W,27,2026,9,13,18,17.3,170.70000000000002,100600.0,2026-09-13 18:00:00,2026-09-13 18:00:00,1006.0
20260913,180000,73W,27,2026,9,13,18,18.400000000000002,170.70000000000002,100500.0,2026-09-13 18:00:00,2026-09-13 18:00:00,1005.0
20260913,180000,73W,27,2026,9,13,18,18.7,170.4,100400.0,2026-09-13 18:00:00,2026-09-13 18:00:00,1004.0
20260913,180000,73W,27,2026,9,13,18,19.2,170.4,100600.0,2026-09-13 18:00:00,2026-09-13 18:00:00,1006.0
20260913,180000,73W,27,2026,9,13,18,20.7,169.8,100500.0,2026-09-13 18:00:00,2026-09-13 18:00:00,1005.0
20260913,180000,73W,28,2026,9,13,18,10.8,143.70000000000002,100700.0,2026-09-13 18:00:00,2026-09-13 18:00:00,1007.0
20260913,180000,73W,28,2026,9,13,18,10.5,141.4,100700.0,2026-09-13 18:00:00,2026-09-13 18:00:00,1007.0
20260913,180000,73W,28,2026,9,13,18,13.0,140.9,100700.0,2026-09-13 18:00:00,2026-09-13 18:00:00,1007.0
20260913,180000,73W,29,2026,9,13,18,7.7,175.5,100900.0,2026-09-13 18:00:00,2026-09-13 18:00:00,1009.0
20260913,180000,73W,29,2026,9,13,18,7.7,175.20000000000002,100700.0,2026-09-13 18:00:00,2026-09-13 18:00:00,1007.0
20260913,180000,73W,30,2026,9,13,18,11.200000000000001,109.2,100800.0,2026-09-13 18:00:00,2026-09-13 18:00:00,1008.0
20260913,180000,73W,30,2026,9,13,18,9.4,109.4,101000.0,2026-09-13 18:00:00,2026-09-13 18:00:00,1010.0
20260913,180000,73W,30,2026,9,13,18,10.3,107.9,100900.0,2026-09-13 18:00:00,2026-09-13 18:00:00,1009.0
20260913,180000,73W,30,2026,9,13,18,9.700000000000001,107.10000000000001,101100.0,2026-09-13 18:00:00,2026-09-13 18:00:00,1011.0
20260913,180000,73W,30,2026,9,13,18,9.700000000000001,106.0,100900.0,2026-09-13 18:00:00,2026-09-13 18:00:00,1009.0
20260913,180000,73W,30,2026,9,13,18,11.4,106.3,101000.0,2026-09-13 18:00:00,2026-09-13 18:00:00,1010.0
20260913,180000,73W,30,2026,9,13,18,10.200000000000001,104.9,101100.0,2026-09-13 18:00:00,2026-09-13 18:00:00,1011.0
20260913,180000,73W,30,2026,9,13,18,9.8,103.4,101000.0,2026-09-13 18:00:00,2026-09-13 18:00:00,1010.0
20260913,180000,73W,30,2026,9,13,18,10.0,103.60000000000001,100900.0,2026-09-13 18:00:00,2026-09-13 18:00:00,1009.0
20260913,180000,73W,30,2026,9,13,18,9.1,102.60000000000001,100900.0,2026-09-13 18:00:00,2026-09-13 18:00:00,1009.0
20260913,180000,73W,30,2026,9,13,18,10.0,103.7,100900.0,2026-09-13 18:00:00,2026-09-13 18:00:00,1009.0
20260913,180000,73W,30,2026,9,13,18,9.700000000000001,102.3,100800.0,2026-09-13 18:00:00,2026-09-13 18:00:00,1008.0
20260913,180000,73W,30,2026,9,13,18,10.200000000000001,103.2,100700.0,2026-09-13 18:00:00,2026-09-13 18:00:00,1007.0
20260913,180000,73W,30,2026,9,13,18,11.1,102.3,100800.0,2026-09-13 18:00:00,2026-09-13 18:00:00,1008.0
20260913,180000,73W,30,2026,9,13,18,11.4,101.2,100800.0,2026-09-13 18:00:00,2026-09-13 18:00:00,1008.0
20260913,180000,73W,30,2026,9,13,18,11.6,100.9,100800.0,2026-09-13 18:00:00,2026-09-13 18:00:00,1008.0
20260913,180000,73W,30,2026,9,13,18,12.200000000000001,100.60000000000001,100700.0,2026-09-13 18:00:00,2026-09-13 18:00:00,1007.0
20260913,180000,73W,30,2026,9,13,18,12.5,100.10000000000001,100600.0,2026-09-13 18:00:00,2026-09-13 18:00:00,1006.0
20260913,180000,73W,30,2026,9,13,18,12.5,100.10000000000001,100800.0,2026-09-13 18:00:00,2026-09-13 18:00:00,1008.0
20260913,180000,73W,30,2026,9,13,18,12.5,98.7,100800.0,2026-09-13 18:00:00,2026-09-13 18:00:00,1008.0
20260913,180000,73W,30,2026,9,13,18,12.8,99.8,100900.0,2026-09-13 18:00:00,2026-09-13 18:00:00,1009.0
20260913,180000,73W,30,2026,9,13,18,13.3,98.10000000000001,100700.0,2026-09-13 18:00:00,2026-09-13 18:00:00,1007.0
20260913,180000,73W,30,2026,9,13,18,13.3,97.8,100500.0,2026-09-13 18:00:00,2026-09-13 18:00:00,1005.0
20260913,180000,73W,30,2026,9,13,18,13.3,97.8,100600.0,2026-09-13 18:00:00,2026-09-13 18:00:00,1006.0
20260913,180000,73W,30,2026,9,13,18,14.1,97.3,100600.0,2026-09-13 18:00:00,2026-09-13 18:00:00,1006.0
20260913,180000,73W,30,2026,9,13,18,14.200000000000001,97.0,100300.0,2026-09-13 18:00:00,2026-09-13 18:00:00,1003.0
20260913,180000,73W,30,2026,9,13,18,14.5,97.0,100100.0,2026-09-13 18:00:00,2026-09-13 18:00:00,1001.0
20260913,180000,73W,31,2026,9,13,18,10.200000000000001,113.0,100900.0,2026-09-13 18:00:00,2026-09-13 18:00:00,1009.0
20260913,180000,73W,31,2026,9,13,18,10.8,112.7,100800.0,2026-09-13 18:00:00,2026-09-13 18:00:00,1008.0
20260913,180000,73W,31,2026,9,13,18,12.200000000000001,113.0,100800.0,2026-09-13 18:00:00,2026-09-13 18:00:00,1008.0
20260913,180000,73W,31,2026,9,13,18,13.3,111.3,100800.0,2026-09-13 18:00:00,2026-09-13 18:00:00,1008.0
20260913,180000,73W,32,2026,9,13,18,5.7,175.20000000000002,100700.0,2026-09-13 18:00:00,2026-09-13 18:00:00,1007.0
20260913,180000,73W,32,2026,9,13,18,10.0,174.0,100600.0,2026-09-13 18:00:00,2026-09-13 18:00:00,1006.0
20260913,180000,73W,32,2026,9,13,18,11.1,174.0,100600.0,2026-09-13 18:00:00,2026-09-13 18:00:00,1006.0
20260913,180000,73W,32,2026,9,13,18,13.9,172.1,100600.0,2026-09-13 18:00:00,2026-09-13 18:00:00,1006.0
20260913,180000,73W,32,2026,9,13,18,15.0,169.0,100600.0,2026-09-13 18:00:00,2026-09-13 18:00:00,1006.0
20260913,180000,73W,32,2026,9,13,18,16.1,167.3,100400.0,2026-09-13 18:00:00,2026-09-13 18:00:00,1004.0
20260913,180000,73W,32,2026,9,13,18,16.1,166.70000000000002,100500.0,2026-09-13 18:00:00,2026-09-13 18:00:00,1005.0
20260913,180000,73W,32,2026,9,13,18,16.4,166.70000000000002,100200.0,2026-09-13 18:00:00,2026-09-13 18:00:00,1002.0
20260913,180000,73W,32,2026,9,13,18,18.1,167.6,100300.0,2026-09-13 18:00:00,2026-09-13 18:00:00,1003.0
20260913,180000,73W,32,2026,9,13,18,19.0,168.70000000000002,100100.0,2026-09-13 18:00:00,2026-09-13 18:00:00,1001.0
20260913,180000,73W,32,2026,9,13,18,19.400000000000002,168.9,99900.0,2026-09-13 18:00:00,2026-09-13 18:00:00,999.0
20260913,180000,73W,32,2026,9,13,18,21.2,169.5,99300.0,2026-09-13 18:00:00,2026-09-13 18:00:00,993.0
20260913,180000,73W,32,2026,9,13,18,21.5,170.1,99200.0,2026-09-13 18:00:00,2026-09-13 18:00:00,992.0
20260913,180000,73W,32,2026,9,13,18,23.2,170.4,99000.0,2026-09-13 18:00:00,2026-09-13 18:00:00,990.0
20260913,180000,73W,32,2026,9,13,18,23.8,170.4,99000.0,2026-09-13 18:00:00,2026-09-13 18:00:00,990.0
20260913,180000,73W,32,2026,9,13,18,25.0,170.4,98800.0,2026-09-13 18:00:00,2026-09-13 18:00:00,988.0
20260913,180000,73W,32,2026,9,13,18,25.7,170.70000000000002,99000.0,2026-09-13 18:00:00,2026-09-13 18:00:00,990.0
20260913,180000,73W,32,2026,9,13,18,26.900000000000002,170.70000000000002,99000.0,2026-09-13 18:00:00,2026-09-13 18:00:00,990.0
20260913,180000,73W,32,2026,9,13,18,28.3,170.4,99100.0,2026-09-13 18:00:00,2026-09-13 18:00:00,991.0
20260913,180000,73W,32,2026,9,13,18,28.8,170.1,99100.0,2026-09-13 18:00:00,2026-09-13 18:00:00,991.0
20260913,180000,73W,32,2026,9,13,18,30.0,170.4,99200.0,2026-09-13 18:00:00,2026-09-13 18:00:00,992.0
20260913,180000,73W,32,2026,9,13,18,30.8,170.4,99200.0,2026-09-13 18:00:00,2026-09-13 18:00:00,992.0
20260913,180000,73W,32,2026,9,13,18,30.900000000000002,169.9,99400.0,2026-09-13 18:00:00,2026-09-13 18:00:00,994.0
20260913,180000,73W,32,2026,9,13,18,30.8,170.4,99300.0,2026-09-13 18:00:00,2026-09-13 18:00:00,993.0
20260913,180000,73W,32,2026,9,13,18,31.1,170.4,99400.0,2026-09-13 18:00:00,2026-09-13 18:00:00,994.0
20260913,180000,73W,32,2026,9,13,18,31.1,170.4,99500.0,2026-09-13 18:00:00,2026-09-13 18:00:00,995.0
20260913,180000,73W,32,2026,9,13,18,31.400000000000002,170.1,99800.0,2026-09-13 18:00:00,2026-09-13 18:00:00,998.0
20260913,180000,73W,32,2026,9,13,18,31.6,169.5,99900.0,2026-09-13 18:00:00,2026-09-13 18:00:00,999.0
20260913,180000,73W,32,2026,9,13,18,31.6,169.5,100200.0,2026-09-13 18:00:00,2026-09-13 18:00:00,1002.0
20260913,180000,73W,32,2026,9,13,18,31.900000000000002,169.5,100300.0,2026-09-13 18:00:00,2026-09-13 18:00:00,1003.0
20260913,180000,73W,32,2026,9,13,18,32.5,169.5,100600.0,2026-09-13 18:00:00,2026-09-13 18:00:00,1006.0
20260913,180000,73W,32,2026,9,13,18,33.0,169.3,100700.0,2026-09-13 18:00:00,2026-09-13 18:00:00,1007.0
20260913,180000,73W,32,2026,9,13,18,33.6,169.3,101000.0,2026-09-13 18:00:00,2026-09-13 18:00:00,1010.0
20260913,180000,73W,32,2026,9,13,18,34.5,169.5,100900.0,2026-09-13 18:00:00,2026-09-13 18:00:00,1009.0
20260913,180000,73W,32,2026,9,13,18,35.0,169.5,101100.0,2026-09-13 18:00:00,2026-09-13 18:00:00,1011.0
20260913,180000,73W,32,2026,9,13,18,35.9,170.1,101100.0,2026-09-13 18:00:00,2026-09-13 18:00:00,1011.0
20260913,180000,73W,32,2026,9,13,18,36.7,171.5,101000.0,2026-09-13 18:00:00,2026-09-13 18:00:00,1010.0
20260913,180000,73W,32,2026,9,13,18,38.1,173.20000000000002,100900.0,2026-09-13 18:00:00,2026-09-13 18:00:00,1009.0
20260913,180000,73W,32,2026,9,13,18,39.1,175.4,100800.0,2026-09-13 18:00:00,2026-09-13 18:00:00,1008.0
20260913,180000,73W,33,2026,9,13,18,14.200000000000001,161.4,100600.0,2026-09-13 18:00:00,2026-09-13 18:00:00,1006.0
20260913,180000,73W,33,2026,9,13,18,14.8,160.20000000000002,100700.0,2026-09-13 18:00:00,2026-09-13 18:00:00,1007.0
20260913,180000,73W,33,2026,9,13,18,14.200000000000001,159.70000000000002,100400.0,2026-09-13 18:00:00,2026-09-13 18:00:00,1004.0
20260913,180000,73W,33,2026,9,13,18,15.3,157.5,100500.0,2026-09-13 18:00:00,2026-09-13 18:00:00,1005.0
20260913,180000,73W,33,2026,9,13,18,15.1,156.8,100000.0,2026-09-13 18:00:00,2026-09-13 18:00:00,1000.0
20260913,180000,73W,34,2026,9,13,18,4.3,171.20000000000002,100500.0,2026-09-13 18:00:00,2026-09-13 18:00:00,1005.0
20260913,180000,73W,34,2026,9,13,18,1.5,174.3,100700.0,2026-09-13 18:00:00,2026-09-13 18:00:00,1007.0
20260913,180000,73W,34,2026,9,13,18,3.2,174.9,100700.0,2026-09-13 18:00:00,2026-09-13 18:00:00,1007.0
20260913,180000,73W,34,2026,9,13,18,4.9,175.5,100600.0,2026-09-13 18:00:00,2026-09-13 18:00:00,1006.0
20260913,180000,73W,34,2026,9,13,18,6.6000000000000005,175.70000000000002,100700.0,2026-09-13 18:00:00,2026-09-13 18:00:00,1007.0
20260913,180000,73W,34,2026,9,13,18,8.0,176.3,100700.0,2026-09-13 18:00:00,2026-09-13 18:00:00,1007.0
20260913,180000,73W,34,2026,9,13,18,8.5,175.70000000000002,100900.0,2026-09-13 18:00:00,2026-09-13 18:00:00,1009.0
20260913,180000,73W,35,2026,9,13,18,10.5,114.10000000000001,100700.0,2026-09-13 18:00:00,2026-09-13 18:00:00,1007.0
20260913,180000,73W,35,2026,9,13,18,10.5,111.0,100800.0,2026-09-13 18:00:00,2026-09-13 18:00:00,1008.0
20260913,180000,73W,35,2026,9,13,18,10.200000000000001,112.7,100900.0,2026-09-13 18:00:00,2026-09-13 18:00:00,1009.0
20260913,180000,73W,35,2026,9,13,18,10.5,113.9,100800.0,2026-09-13 18:00:00,2026-09-13 18:00:00,1008.0
20260913,180000,73W,35,2026,9,13,18,11.4,111.60000000000001,100900.0,2026-09-13 18:00:00,2026-09-13 18:00:00,1009.0
20260913,180000,73W,35,2026,9,13,18,12.5,111.60000000000001,101000.0,2026-09-13 18:00:00,2026-09-13 18:00:00,1010.0
20260913,180000,73W,35,2026,9,13,18,12.8,110.60000000000001,101000.0,2026-09-13 18:00:00,2026-09-13 18:00:00,1010.0
20260913,180000,73W,35,2026,9,13,18,13.3,107.7,101100.0,2026-09-13 18:00:00,2026-09-13 18:00:00,1011.0
20260913,180000,73W,35,2026,9,13,18,10.8,104.9,101000.0,2026-09-13 18:00:00,2026-09-13 18:00:00,1010.0
20260913,180000,73W,36,2026,9,13,18,8.3,178.8,100900.0,2026-09-13 18:00:00,2026-09-13 18:00:00,1009.0
20260913,180000,73W,36,2026,9,13,18,8.5,178.3,100700.0,2026-09-13 18:00:00,2026-09-13 18:00:00,1007.0
20260913,180000,73W,36,2026,9,13,18,10.200000000000001,176.9,100700.0,2026-09-13 18:00:00,2026-09-13 18:00:00,1007.0
20260913,180000,73W,36,2026,9,13,18,10.5,176.3,100600.0,2026-09-13 18:00:00,2026-09-13 18:00:00,1006.0
20260913,180000,73W,36,2026,9,13,18,10.5,175.20000000000002,100600.0,2026-09-13 18:00:00,2026-09-13 18:00:00,1006.0
20260913,180000,73W,36,2026,9,13,18,10.5,175.70000000000002,100500.0,2026-09-13 18:00:00,2026-09-13 18:00:00,1005.0
20260913,180000,73W,36,2026,9,13,18,11.1,174.6,100600.0,2026-09-13 18:00:00,2026-09-13 18:00:00,1006.0
20260913,180000,73W,36,2026,9,13,18,12.5,174.9,100500.0,2026-09-13 18:00:00,2026-09-13 18:00:00,1005.0
20260913,180000,73W,36,2026,9,13,18,12.200000000000001,174.6,100700.0,2026-09-13 18:00:00,2026-09-13 18:00:00,1007.0
20260913,180000,73W,36,2026,9,13,18,14.700000000000001,172.1,101000.0,2026-09-13 18:00:00,2026-09-13 18:00:00,1010.0
20260913,180000,73W,36,2026,9,13,18,17.3,170.4,101100.0,2026-09-13 18:00:00,2026-09-13 18:00:00,1011.0
20260913,180000,73W,36,2026,9,13,18,19.5,169.8,101200.0,2026-09-13 18:00:00,2026-09-13 18:00:00,1012.0
20260913,180000,73W,37,2026,9,13,18,15.3,114.9,100700.0,2026-09-13 18:00:00,2026-09-13 18:00:00,1007.0
20260913,180000,73W,37,2026,9,13,18,15.3,113.0,100700.0,2026-09-13 18:00:00,2026-09-13 18:00:00,1007.0
20260913,180000,73W,37,2026,9,13,18,14.5,111.0,100800.0,2026-09-13 18:00:00,2026-09-13 18:00:00,1008.0
20260913,180000,73W,37,2026,9,13,18,16.1,109.9,100800.0,2026-09-13 18:00:00,2026-09-13 18:00:00,1008.0
20260913,180000,73W,37,2026,9,13,18,14.700000000000001,109.5,100800.0,2026-09-13 18:00:00,2026-09-13 18:00:00,1008.0
20260913,180000,73W,38,2026,9,13,18,9.700000000000001,129.6,100700.0,2026-09-13 18:00:00,2026-09-13 18:00:00,1007.0
20260913,180000,73W,38,2026,9,13,18,11.4,128.8,100800.0,2026-09-13 18:00:00,2026-09-13 18:00:00,1008.0
20260913,180000,73W,38,2026,9,13,18,11.1,128.5,100600.0,2026-09-13 18:00:00,2026-09-13 18:00:00,1006.0
20260913,180000,73W,38,2026,9,13,18,11.9,129.6,100800.0,2026-09-13 18:00:00,2026-09-13 18:00:00,1008.0
20260913,180000,73W,39,2026,9,13,18,11.4,114.4,101000.0,2026-09-13 18:00:00,2026-09-13 18:00:00,1010.0
20260913,180000,73W,39,2026,9,13,18,11.6,115.10000000000001,101000.0,2026-09-13 18:00:00,2026-09-13 18:00:00,1010.0
20260913,180000,73W,39,2026,9,13,18,12.200000000000001,115.0,101000.0,2026-09-13 18:00:00,2026-09-13 18:00:00,1010.0
20260913,180000,73W,39,2026,9,13,18,12.8,114.7,101100.0,2026-09-13 18:00:00,2026-09-13 18:00:00,1011.0
20260913,180000,73W,39,2026,9,13,18,13.3,114.7,101000.0,2026-09-13 18:00:00,2026-09-13 18:00:00,1010.0
20260913,180000,73W,39,2026,9,13,18,13.6,114.4,101000.0,2026-09-13 18:00:00,2026-09-13 18:00:00,1010.0
20260913,180000,73W,39,2026,9,13,18,13.6,114.10000000000001,100800.0,2026-09-13 18:00:00,2026-09-13 18:00:00,1008.0
20260913,180000,73W,39,2026,9,13,18,14.200000000000001,114.7,100900.0,2026-09-13 18:00:00,2026-09-13 18:00:00,1009.0
20260913,180000,73W,39,2026,9,13,18,14.200000000000001,114.10000000000001,100800.0,2026-09-13 18:00:00,2026-09-13 18:00:00,1008.0
20260913,180000,73W,39,2026,9,13,18,14.5,112.7,100800.0,2026-09-13 18:00:00,2026-09-13 18:00:00,1008.0
20260913,180000,73W,39,2026,9,13,18,13.9,113.3,100700.0,2026-09-13 18:00:00,2026-09-13 18:00:00,1007.0
20260913,180000,73W,39,2026,9,13,18,13.9,111.3,100600.0,2026-09-13 18:00:00,2026-09-13 18:00:00,1006.0
20260913,180000,73W,39,2026,9,13,18,13.6,110.8,100800.0,2026-09-13 18:00:00,2026-09-13 18:00:00,1008.0
20260913,180000,73W,39,2026,9,13,18,15.1,109.60000000000001,100800.0,2026-09-13 18:00:00,2026-09-13 18:00:00,1008.0
20260913,180000,73W,39,2026,9,13,18,15.9,109.4,101000.0,2026-09-13 18:00:00,2026-09-13 18:00:00,1010.0
20260913,180000,73W,39,2026,9,13,18,16.4,108.8,100900.0,2026-09-13 18:00:00,2026-09-13 18:00:00,1009.0
20260913,180000,73W,39,2026,9,13,18,16.4,108.0,100800.0,2026-09-13 18:00:00,2026-09-13 18:00:00,1008.0
20260913,180000,73W,39,2026,9,13,18,16.4,108.0,100900.0,2026-09-13 18:00:00,2026-09-13 18:00:00,1009.0
20260913,180000,73W,39,2026,9,13,18,17.0,107.4,100800.0,2026-09-13 18:00:00,2026-09-13 18:00:00,1008.0
20260913,180000,73W,39,2026,9,13,18,17.3,106.8,100800.0,2026-09-13 18:00:00,2026-09-13 18:00:00,1008.0
20260913,180000,73W,39,2026,9,13,18,17.0,107.10000000000001,100800.0,2026-09-13 18:00:00,2026-09-13 18:00:00,1008.0
20260913,180000,73W,39,2026,9,13,18,17.0,107.10000000000001,100800.0,2026-09-13 18:00:00,2026-09-13 18:00:00,1008.0
20260913,180000,73W,39,2026,9,13,18,17.3,104.9,100900.0,2026-09-13 18:00:00,2026-09-13 18:00:00,1009.0
20260913,180000,73W,39,2026,9,13,18,15.0,103.5,100800.0,2026-09-13 18:00:00,2026-09-13 18:00:00,1008.0
20260913,180000,73W,40,2026,9,13,18,17.0,154.1,100800.0,2026-09-13 18:00:00,2026-09-13 18:00:00,1008.0
20260913,180000,73W,40,2026,9,13,18,16.4,154.4,100600.0,2026-09-13 18:00:00,2026-09-13 18:00:00,1006.0
20260913,180000,73W,40,2026,9,13,18,17.8,153.5,100800.0,2026-09-13 18:00:00,2026-09-13 18:00:00,1008.0
20260913,180000,73W,40,2026,9,13,18,17.3,153.0,100600.0,2026-09-13 18:00:00,2026-09-13 18:00:00,1006.0
20260913,180000,73W,40,2026,9,13,18,17.7,152.5,100800.0,2026-09-13 18:00:00,2026-09-13 18:00:00,1008.0
20260913,180000,73W,40,2026,9,13,18,16.7,151.5,100600.0,2026-09-13 18:00:00,2026-09-13 18:00:00,1006.0
20260913,180000,73W,40,2026,9,13,18,16.8,151.9,100700.0,2026-09-13 18:00:00,2026-09-13 18:00:00,1007.0
20260913,180000,73W,40,2026,9,13,18,17.2,152.20000000000002,100500.0,2026-09-13 18:00:00,2026-09-13 18:00:00,1005.0
20260913,180000,73W,40,2026,9,13,18,17.8,153.20000000000002,100700.0,2026-09-13 18:00:00,2026-09-13 18:00:00,1007.0
20260913,180000,73W,40,2026,9,13,18,18.400000000000002,152.1,100500.0,2026-09-13 18:00:00,2026-09-13 18:00:00,1005.0
20260913,180000,73W,40,2026,9,13,18,18.400000000000002,152.4,100700.0,2026-09-13 18:00:00,2026-09-13 18:00:00,1007.0
20260913,180000,73W,40,2026,9,13,18,19.0,152.70000000000002,100400.0,2026-09-13 18:00:00,2026-09-13 18:00:00,1004.0
20260913,180000,73W,40,2026,9,13,18,19.7,152.6,100500.0,2026-09-13 18:00:00,2026-09-13 18:00:00,1005.0
20260913,180000,73W,40,2026,9,13,18,20.400000000000002,151.8,100100.0,2026-09-13 18:00:00,2026-09-13 18:00:00,1001.0
20260913,180000,73W,40,2026,9,13,18,20.7,151.8,100300.0,2026-09-13 18:00:00,2026-09-13 18:00:00,1003.0
20260913,180000,73W,40,2026,9,13,18,21.2,151.8,100000.0,2026-09-13 18:00:00,2026-09-13 18:00:00,1000.0
20260913,180000,73W,40,2026,9,13,18,21.2,152.1,100100.0,2026-09-13 18:00:00,2026-09-13 18:00:00,1001.0
20260913,180000,73W,40,2026,9,13,18,21.8,152.1,99800.0,2026-09-13 18:00:00,2026-09-13 18:00:00,998.0
20260913,180000,73W,40,2026,9,13,18,21.5,151.8,99800.0,2026-09-13 18:00:00,2026-09-13 18:00:00,998.0
20260913,180000,73W,40,2026,9,13,18,21.8,151.5,99400.0,2026-09-13 18:00:00,2026-09-13 18:00:00,994.0
20260913,180000,73W,40,2026,9,13,18,21.8,151.3,99700.0,2026-09-13 18:00:00,2026-09-13 18:00:00,997.0
20260913,180000,73W,40,2026,9,13,18,21.5,151.0,99400.0,2026-09-13 18:00:00,2026-09-13 18:00:00,994.0
20260913,180000,73W,40,2026,9,13,18,21.8,150.4,99800.0,2026-09-13 18:00:00,2026-09-13 18:00:00,998.0
20260913,180000,73W,40,2026,9,13,18,22.3,150.1,99500.0,2026-09-13 18:00:00,2026-09-13 18:00:00,995.0
20260913,180000,73W,40,2026,9,13,18,22.8,149.20000000000002,99600.0,2026-09-13 18:00:00,2026-09-13 18:00:00,996.0
20260913,180000,73W,40,2026,9,13,18,23.8,147.9,99300.0,2026-09-13 18:00:00,2026-09-13 18:00:00,993.0
20260913,180000,73W,40,2026,9,13,18,24.6,147.0,99400.0,2026-09-13 18:00:00,2026-09-13 18:00:00,994.0
20260913,180000,73W,40,2026,9,13,18,26.0,146.8,99100.0,2026-09-13 18:00:00,2026-09-13 18:00:00,991.0
20260913,180000,73W,40,2026,9,13,18,26.900000000000002,145.9,98900.0,2026-09-13 18:00:00,2026-09-13 18:00:00,989.0
20260913,180000,73W,40,2026,9,13,18,28.3,145.4,98600.0,2026-09-13 18:00:00,2026-09-13 18:00:00,986.0
20260913,180000,73W,40,2026,9,13,18,29.1,145.1,98400.0,2026-09-13 18:00:00,2026-09-13 18:00:00,984.0
20260913,180000,73W,40,2026,9,13,18,30.0,145.1,97900.0,2026-09-13 18:00:00,2026-09-13 18:00:00,979.0
20260913,180000,73W,40,2026,9,13,18,30.5,144.8,97900.0,2026-09-13 18:00:00,2026-09-13 18:00:00,979.0
20260913,180000,73W,40,2026,9,13,18,31.6,145.1,97600.0,2026-09-13 18:00:00,2026-09-13 18:00:00,976.0
20260913,180000,73W,41,2026,9,13,18,13.6,100.10000000000001,100800.0,2026-09-13 18:00:00,2026-09-13 18:00:00,1008.0
20260913,180000,73W,41,2026,9,13,18,11.4,100.60000000000001,100900.0,2026-09-13 18:00:00,2026-09-13 18:00:00,1009.0
20260913,180000,73W,41,2026,9,13,18,12.8,104.3,100800.0,2026-09-13 18:00:00,2026-09-13 18:00:00,1008.0
20260913,180000,73W,41,2026,9,13,18,11.8,104.8,100900.0,2026-09-13 18:00:00,2026-09-13 18:00:00,1009.0
20260913,180000,73W,42,2026,9,13,18,17.6,128.8,100700.0,2026-09-13 18:00:00,2026-09-13 18:00:00,1007.0
20260913,180000,73W,42,2026,9,13,18,17.6,127.4,100800.0,2026-09-13 18:00:00,2026-09-13 18:00:00,1008.0
20260913,180000,73W,42,2026,9,13,18,17.6,126.2,100500.0,2026-09-13 18:00:00,2026-09-13 18:00:00,1005.0
20260913,180000,73W,42,2026,9,13,18,17.8,126.0,100400.0,2026-09-13 18:00:00,2026-09-13 18:00:00,1004.0
20260913,180000,73W,42,2026,9,13,18,18.400000000000002,125.10000000000001,100100.0,2026-09-13 18:00:00,2026-09-13 18:00:00,1001.0
20260913,180000,73W,42,2026,9,13,18,18.400000000000002,124.3,99600.0,2026-09-13 18:00:00,2026-09-13 18:00:00,996.0
20260913,180000,73W,42,2026,9,13,18,19.2,123.4,99200.0,2026-09-13 18:00:00,2026-09-13 18:00:00,992.0
20260913,180000,73W,42,2026,9,13,18,19.8,122.9,99000.0,2026-09-13 18:00:00,2026-09-13 18:00:00,990.0
20260913,180000,73W,42,2026,9,13,18,20.400000000000002,121.7,98800.0,2026-09-13 18:00:00,2026-09-13 18:00:00,988.0
20260913,180000,73W,42,2026,9,13,18,20.7,121.2,98500.0,2026-09-13 18:00:00,2026-09-13 18:00:00,985.0
20260913,180000,73W,42,2026,9,13,18,20.900000000000002,120.60000000000001,98900.0,2026-09-13 18:00:00,2026-09-13 18:00:00,989.0
20260913,180000,73W,42,2026,9,13,18,21.2,120.0,99600.0,2026-09-13 18:00:00,2026-09-13 18:00:00,996.0
20260913,180000,73W,42,2026,9,13,18,21.8,118.9,99600.0,2026-09-13 18:00:00,2026-09-13 18:00:00,996.0
20260913,180000,73W,43,2026,9,13,18,9.4,179.4,100900.0,2026-09-13 18:00:00,2026-09-13 18:00:00,1009.0
20260913,180000,73W,43,2026,9,13,18,9.4,179.4,100800.0,2026-09-13 18:00:00,2026-09-13 18:00:00,1008.0
20260913,180000,73W,43,2026,9,13,18,9.4,178.8,100800.0,2026-09-13 18:00:00,2026-09-13 18:00:00,1008.0
20260913,180000,73W,43,2026,9,13,18,9.4,178.3,100800.0,2026-09-13 18:00:00,2026-09-13 18:00:00,1008.0
20260913,180000,73W,43,2026,9,13,18,8.8,178.0,100800.0,2026-09-13 18:00:00,2026-09-13 18:00:00,1008.0
20260913,180000,73W,43,2026,9,13,18,9.4,178.0,101000.0,2026-09-13 18:00:00,2026-09-13 18:00:00,1010.0
20260913,180000,73W,43,2026,9,13,18,9.700000000000001,176.0,101000.0,2026-09-13 18:00:00,2026-09-13 18:00:00,1010.0
20260913,180000,73W,43,2026,9,13,18,9.4,174.6,100900.0,2026-09-13 18:00:00,2026-09-13 18:00:00,1009.0
20260913,180000,73W,43,2026,9,13,18,9.700000000000001,174.9,100900.0,2026-09-13 18:00:00,2026-09-13 18:00:00,1009.0
20260913,180000,73W,43,2026,9,13,18,10.200000000000001,175.20000000000002,101100.0,2026-09-13 18:00:00,2026-09-13 18:00:00,1011.0
20260913,180000,73W,43,2026,9,13,18,9.700000000000001,171.5,101100.0,2026-09-13 18:00:00,2026-09-13 18:00:00,1011.0
20260913,180000,73W,43,2026,9,13,18,10.200000000000001,170.4,101000.0,2026-09-13 18:00:00,2026-09-13 18:00:00,1010.0
20260913,180000,73W,43,2026,9,13,18,10.200000000000001,168.4,100800.0,2026-09-13 18:00:00,2026-09-13 18:00:00,1008.0
20260913,180000,73W,43,2026,9,13,18,10.8,168.4,100900.0,2026-09-13 18:00:00,2026-09-13 18:00:00,1009.0
20260913,180000,73W,43,2026,9,13,18,8.8,168.1,100800.0,2026-09-13 18:00:00,2026-09-13 18:00:00,1008.0
20260913,180000,73W,43,2026,9,13,18,10.0,166.5,100700.0,2026-09-13 18:00:00,2026-09-13 18:00:00,1007.0
20260913,180000,73W,44,2026,9,13,18,9.4,171.5,100900.0,2026-09-13 18:00:00,2026-09-13 18:00:00,1009.0
20260913,180000,73W,44,2026,9,13,18,9.700000000000001,172.1,100900.0,2026-09-13 18:00:00,2026-09-13 18:00:00,1009.0
20260913,180000,73W,44,2026,9,13,18,10.200000000000001,176.9,100700.0,2026-09-13 18:00:00,2026-09-13 18:00:00,1007.0
20260913,180000,73W,44,2026,9,13,18,11.6,175.5,100800.0,2026-09-13 18:00:00,2026-09-13 18:00:00,1008.0
20260913,180000,73W,44,2026,9,13,18,10.200000000000001,174.6,100600.0,2026-09-13 18:00:00,2026-09-13 18:00:00,1006.0
20260913,180000,73W,45,2026,9,13,18,11.6,144.20000000000002,100800.0,2026-09-13 18:00:00,2026-09-13 18:00:00,1008.0
20260913,180000,73W,45,2026,9,13,18,11.9,145.6,101100.0,2026-09-13 18:00:00,2026-09-13 18:00:00,1011.0
20260913,180000,73W,45,2026,9,13,18,12.8,144.8,101200.0,2026-09-13 18:00:00,2026-09-13 18:00:00,1012.0
20260913,180000,73W,45,2026,9,13,18,13.6,143.1,100900.0,2026-09-13 18:00:00,2026-09-13 18:00:00,1009.0
20260913,180000,73W,45,2026,9,13,18,13.9,144.0,101100.0,2026-09-13 18:00:00,2026-09-13 18:00:00,1011.0
20260913,180000,73W,45,2026,9,13,18,13.0,142.5,101100.0,2026-09-13 18:00:00,2026-09-13 18:00:00,1011.0
20260913,180000,73W,45,2026,9,13,18,13.6,142.3,100700.0,2026-09-13 18:00:00,2026-09-13 18:00:00,1007.0
20260913,180000,73W,45,2026,9,13,18,15.9,143.4,100700.0,2026-09-13 18:00:00,2026-09-13 18:00:00,1007.0
20260913,180000,73W,45,2026,9,13,18,17.3,141.4,100900.0,2026-09-13 18:00:00,2026-09-13 18:00:00,1009.0
20260913,180000,73W,45,2026,9,13,18,17.0,140.3,100500.0,2026-09-13 18:00:00,2026-09-13 18:00:00,1005.0
20260913,180000,73W,45,2026,9,13,18,17.3,139.5,100800.0,2026-09-13 18:00:00,2026-09-13 18:00:00,1008.0
20260913,180000,73W,45,2026,9,13,18,16.7,139.5,100500.0,2026-09-13 18:00:00,2026-09-13 18:00:00,1005.0
20260913,180000,73W,45,2026,9,13,18,16.7,139.20000000000002,100700.0,2026-09-13 18:00:00,2026-09-13 18:00:00,1007.0
20260913,180000,73W,45,2026,9,13,18,16.7,138.9,100600.0,2026-09-13 18:00:00,2026-09-13 18:00:00,1006.0
20260913,180000,73W,45,2026,9,13,18,16.4,139.20000000000002,100600.0,2026-09-13 18:00:00,2026-09-13 18:00:00,1006.0
20260913,180000,73W,45,2026,9,13,18,15.9,138.6,100300.0,2026-09-13 18:00:00,2026-09-13 18:00:00,1003.0
20260913,180000,73W,45,2026,9,13,18,15.3,137.8,100500.0,2026-09-13 18:00:00,2026-09-13 18:00:00,1005.0
20260913,180000,73W,45,2026,9,13,18,15.9,138.3,100300.0,2026-09-13 18:00:00,2026-09-13 18:00:00,1003.0
20260913,180000,73W,45,2026,9,13,18,15.6,137.20000000000002,100400.0,2026-09-13 18:00:00,2026-09-13 18:00:00,1004.0
20260913,180000,73W,45,2026,9,13,18,14.700000000000001,136.4,100100.0,2026-09-13 18:00:00,2026-09-13 18:00:00,1001.0
20260913,180000,73W,45,2026,9,13,18,14.200000000000001,136.4,100400.0,2026-09-13 18:00:00,2026-09-13 18:00:00,1004.0
20260913,180000,73W,45,2026,9,13,18,14.5,136.6,100100.0,2026-09-13 18:00:00,2026-09-13 18:00:00,1001.0
20260913,180000,73W,46,2026,9,13,18,11.4,149.0,101000.0,2026-09-13 18:00:00,2026-09-13 18:00:00,1010.0
20260913,180000,73W,46,2026,9,13,18,10.8,148.70000000000002,101200.0,2026-09-13 18:00:00,2026-09-13 18:00:00,1012.0
20260913,180000,73W,46,2026,9,13,18,11.1,151.3,100800.0,2026-09-13 18:00:00,2026-09-13 18:00:00,1008.0
20260913,180000,73W,47,2026,9,13,18,9.4,178.3,100900.0,2026-09-13 18:00:00,2026-09-13 18:00:00,1009.0
20260913,180000,73W,47,2026,9,13,18,6.6000000000000005,180.0,100800.0,2026-09-13 18:00:00,2026-09-13 18:00:00,1008.0
20260913,180000,73W,48,2026,9,13,18,11.6,175.5,100700.0,2026-09-13 18:00:00,2026-09-13 18:00:00,1007.0
20260913,180000,73W,48,2026,9,13,18,11.4,172.6,100700.0,2026-09-13 18:00:00,2026-09-13 18:00:00,1007.0
20260913,180000,73W,48,2026,9,13,18,12.6,173.20000000000002,100700.0,2026-09-13 18:00:00,2026-09-13 18:00:00,1007.0
20260913,180000,73W,49,2026,9,13,18,11.1,167.0,100500.0,2026-09-13 18:00:00,2026-09-13 18:00:00,1005.0
20260913,180000,73W,49,2026,9,13,18,12.5,164.5,100700.0,2026-09-13 18:00:00,2026-09-13 18:00:00,1007.0
20260913,180000,73W,49,2026,9,13,18,13.3,162.8,100400.0,2026-09-13 18:00:00,2026-09-13 18:00:00,1004.0
20260913,180000,73W,49,2026,9,13,18,13.3,160.5,100600.0,2026-09-13 18:00:00,2026-09-13 18:00:00,1006.0
20260913,180000,73W,49,2026,9,13,18,12.8,157.70000000000002,100400.0,2026-09-13 18:00:00,2026-09-13 18:00:00,1004.0
20260913,180000,73W,49,2026,9,13,18,13.3,157.20000000000002,100600.0,2026-09-13 18:00:00,2026-09-13 18:00:00,1006.0
20260913,180000,73W,49,2026,9,13,18,13.0,157.20000000000002,100400.0,2026-09-13 18:00:00,2026-09-13 18:00:00,1004.0
20260913,180000,73W,49,2026,9,13,18,15.3,158.6,100400.0,2026-09-13 18:00:00,2026-09-13 18:00:00,1004.0
20260913,180000,73W,50,2026,9,13,18,34.5,143.1,100500.0,2026-09-13 18:00:00,2026-09-13 18:00:00,1005.0
20260913,180000,73W,50,2026,9,13,18,34.5,145.1,100900.0,2026-09-13 18:00:00,2026-09-13 18:00:00,1009.0
20260913,180000,73W,50,2026,9,13,18,33.6,144.5,101000.0,2026-09-13 18:00:00,2026-09-13 18:00:00,1010.0
20260913,180000,73W,50,2026,9,13,18,33.9,145.6,101200.0,2026-09-13 18:00:00,2026-09-13 18:00:00,1012.0
20260913,180000,73W,50,2026,9,13,18,33.6,145.6,101300.0,2026-09-13 18:00:00,2026-09-13 18:00:00,1013.0
20260913,180000,73W,50,2026,9,13,18,35.0,148.5,101400.0,2026-09-13 18:00:00,2026-09-13 18:00:00,1014.0
20260913,180000,73W,50,2026,9,13,18,34.7,148.20000000000002,101200.0,2026-09-13 18:00:00,2026-09-13 18:00:00,1012.0
20260913,180000,73W,51,2026,9,13,18,11.4,176.3,100600.0,2026-09-13 18:00:00,2026-09-13 18:00:00,1006.0
20260913,180000,73W,51,2026,9,13,18,10.8,176.0,100600.0,2026-09-13 18:00:00,2026-09-13 18:00:00,1006.0
20260913,180000,73W,51,2026,9,13,18,10.0,176.3,100600.0,2026-09-13 18:00:00,2026-09-13 18:00:00,1006.0
20260913,180000,73W,51,2026,9,13,18,12.200000000000001,175.20000000000002,100700.0,2026-09-13 18:00:00,2026-09-13 18:00:00,1007.0
20260913,180000,73W,51,2026,9,13,18,13.3,172.9,100800.0,2026-09-13 18:00:00,2026-09-13 18:00:00,1008.0
20260913,180000,73W,51,2026,9,13,18,13.0,172.8,100800.0,2026-09-13 18:00:00,2026-09-13 18:00:00,1008.0
20260913,180000,73W,51,2026,9,13,18,13.9,172.1,101000.0,2026-09-13 18:00:00,2026-09-13 18:00:00,1010.0
20260913,180000,73W,51,2026,9,13,18,14.200000000000001,171.20000000000002,100900.0,2026-09-13 18:00:00,2026-09-13 18:00:00,1009.0
20260913,180000,73W,51,2026,9,13,18,15.0,170.1,101000.0,2026-09-13 18:00:00,2026-09-13 18:00:00,1010.0
20260913,180000,73W,51,2026,9,13,18,15.0,169.0,100900.0,2026-09-13 18:00:00,2026-09-13 18:00:00,1009.0
20260913,180000,73W,51,2026,9,13,18,15.0,168.70000000000002,101000.0,2026-09-13 18:00:00,2026-09-13 18:00:00,1010.0
20260913,180000,73W,51,2026,9,13,18,17.0,168.1,100900.0,2026-09-13 18:00:00,2026-09-13 18:00:00,1009.0
20260913,180000,73W,51,2026,9,13,18,15.700000000000001,167.5,100900.0,2026-09-13 18:00:00,2026-09-13 18:00:00,1009.0
20260913,180000,73W,51,2026,9,13,18,16.1,164.8,100700.0,2026-09-13 18:00:00,2026-09-13 18:00:00,1007.0
20260913,180000,73W,51,2026,9,13,18,17.0,166.20000000000002,100800.0,2026-09-13 18:00:00,2026-09-13 18:00:00,1008.0
20260913,180000,73W,51,2026,9,13,18,16.1,163.4,100800.0,2026-09-13 18:00:00,2026-09-13 18:00:00,1008.0
20260913,180000,73W,51,2026,9,13,18,16.7,163.4,100700.0,2026-09-13 18:00:00,2026-09-13 18:00:00,1007.0
20260913,180000,73W,51,2026,9,13,18,16.4,161.70000000000002,100900.0,2026-09-13 18:00:00,2026-09-13 18:00:00,1009.0
20260913,180000,73W,51,2026,9,13,18,17.0,161.70000000000002,100700.0,2026-09-13 18:00:00,2026-09-13 18:00:00,1007.0
20260913,180000,73W,51,2026,9,13,18,15.9,160.0,101000.0,2026-09-13 18:00:00,2026-09-13 18:00:00,1010.0
20260913,180000,73W,51,2026,9,13,18,16.4,161.1,100900.0,2026-09-13 18:00:00,2026-09-13 18:00:00,1009.0
20260913,180000,73W,51,2026,9,13,18,17.3,160.0,101000.0,2026-09-13 18:00:00,2026-09-13 18:00:00,1010.0
20260913,180000,73W,51,2026,9,13,18,17.6,159.1,100900.0,2026-09-13 18:00:00,2026-09-13 18:00:00,1009.0
20260913,180000,73W,51,2026,9,13,18,17.0,159.70000000000002,101000.0,2026-09-13 18:00:00,2026-09-13 18:00:00,1010.0
20260913,180000,73W,51,2026,9,13,18,16.2,155.6,100700.0,2026-09-13 18:00:00,2026-09-13 18:00:00,1007.0
20260913,180000,73W,51,2026,9,13,18,15.0,155.5,100800.0,2026-09-13 18:00:00,2026-09-13 18:00:00,1008.0
20260913,180000,73W,51,2026,9,13,18,14.700000000000001,154.4,100500.0,2026-09-13 18:00:00,2026-09-13 18:00:00,1005.0
20260913,180000,73W,51,2026,9,13,18,13.3,153.0,100900.0,2026-09-13 18:00:00,2026-09-13 18:00:00,1009.0
20260913,180000,73W,51,2026,9,13,18,13.3,154.4,100500.0,2026-09-13 18:00:00,2026-09-13 18:00:00,1005.0
20260913,180000,73W,51,2026,9,13,18,13.3,152.70000000000002,100500.0,2026-09-13 18:00:00,2026-09-13 18:00:00,1005.0
20260913,180000,73W,51,2026,9,13,18,13.3,154.6,100500.0,2026-09-13 18:00:00,2026-09-13 18:00:00,1005.0
20260913,180000,73W,51,2026,9,13,18,14.5,153.5,100800.0,2026-09-13 18:00:00,2026-09-13 18:00:00,1008.0
20260913,180000,73W,51,2026,9,13,18,15.0,154.6,100500.0,2026-09-13 18:00:00,2026-09-13 18:00:00,1005.0
20260913,180000,73W,51,2026,9,13,18,16.4,154.1,100700.0,2026-09-13 18:00:00,2026-09-13 18:00:00,1007.0
20260913,180000,73W,51,2026,9,13,18,15.9,152.1,100300.0,2026-09-13 18:00:00,2026-09-13 18:00:00,1003.0
20260913,180000,73W,51,2026,9,13,18,15.9,153.9,100100.0,2026-09-13 18:00:00,2026-09-13 18:00:00,1001.0
20260913,180000,74W,1,2026,9,13,18,14.200000000000001,162.0,101100.0,2026-09-13 18:00:00,2026-09-13 18:00:00,1011.0
20260913,180000,74W,1,2026,9,13,18,14.200000000000001,160.0,101100.0,2026-09-13 18:00:00,2026-09-13 18:00:00,1011.0
20260913,180000,74W,1,2026,9,13,18,13.6,160.3,101100.0,2026-09-13 18:00:00,2026-09-13 18:00:00,1011.0
20260913,180000,74W,1,2026,9,13,18,15.9,160.5,100900.0,2026-09-13 18:00:00,2026-09-13 18:00:00,1009.0
20260913,180000,74W,1,2026,9,13,18,13.9,161.70000000000002,101000.0,2026-09-13 18:00:00,2026-09-13 18:00:00,1010.0
20260913,180000,74W,2,2026,9,13,18,5.7,174.0,101000.0,2026-09-13 18:00:00,2026-09-13 18:00:00,1010.0
20260913,180000,74W,2,2026,9,13,18,4.3,173.20000000000002,100800.0,2026-09-13 18:00:00,2026-09-13 18:00:00,1008.0
20260913,180000,74W,3,2026,9,13,18,10.0,169.0,101100.0,2026-09-13 18:00:00,2026-09-13 18:00:00,1011.0
20260913,180000,74W,3,2026,9,13,18,9.1,168.4,100900.0,2026-09-13 18:00:00,2026-09-13 18:00:00,1009.0
20260913,180000,74W,3,2026,9,13,18,8.8,168.4,100900.0,2026-09-13 18:00:00,2026-09-13 18:00:00,1009.0
20260913,180000,74W,3,2026,9,13,18,7.4,168.70000000000002,100800.0,2026-09-13 18:00:00,2026-09-13 18:00:00,1008.0
20260913,180000,74W,3,2026,9,13,18,8.0,170.70000000000002,100800.0,2026-09-13 18:00:00,2026-09-13 18:00:00,1008.0
20260913,180000,74W,3,2026,9,13,18,7.7,169.3,100500.0,2026-09-13 18:00:00,2026-09-13 18:00:00,1005.0
20260913,180000,74W,3,2026,9,13,18,7.4,168.70000000000002,100600.0,2026-09-13 18:00:00,2026-09-13 18:00:00,1006.0
20260913,180000,74W,3,2026,9,13,18,7.4,169.70000000000002,100300.0,2026-09-13 18:00:00,2026-09-13 18:00:00,1003.0
20260913,180000,74W,4,2026,9,13,18,13.0,163.4,100800.0,2026-09-13 18:00:00,2026-09-13 18:00:00,1008.0
20260913,180000,74W,4,2026,9,13,18,12.200000000000001,164.8,100600.0,2026-09-13 18:00:00,2026-09-13 18:00:00,1006.0
20260913,180000,74W,5,2026,9,13,18,9.700000000000001,176.6,100500.0,2026-09-13 18:00:00,2026-09-13 18:00:00,1005.0
20260913,180000,74W,5,2026,9,13,18,10.9,174.9,100600.0,2026-09-13 18:00:00,2026-09-13 18:00:00,1006.0
20260913,180000,74W,5,2026,9,13,18,12.200000000000001,173.8,100800.0,2026-09-13 18:00:00,2026-09-13 18:00:00,1008.0
20260913,180000,74W,5,2026,9,13,18,11.9,171.20000000000002,100900.0,2026-09-13 18:00:00,2026-09-13 18:00:00,1009.0
20260913,180000,74W,5,2026,9,13,18,12.6,169.4,101000.0,2026-09-13 18:00:00,2026-09-13 18:00:00,1010.0
20260913,180000,74W,5,2026,9,13,18,13.3,168.70000000000002,100900.0,2026-09-13 18:00:00,2026-09-13 18:00:00,1009.0
20260913,180000,74W,5,2026,9,13,18,13.6,167.6,101100.0,2026-09-13 18:00:00,2026-09-13 18:00:00,1011.0
20260913,180000,74W,5,2026,9,13,18,15.1,167.6,100900.0,2026-09-13 18:00:00,2026-09-13 18:00:00,1009.0
20260913,180000,74W,5,2026,9,13,18,17.0,164.8,100900.0,2026-09-13 18:00:00,2026-09-13 18:00:00,1009.0
20260913,180000,74W,5,2026,9,13,18,17.8,164.20000000000002,101000.0,2026-09-13 18:00:00,2026-09-13 18:00:00,1010.0
20260913,180000,74W,6,2026,9,13,18,9.700000000000001,151.5,101000.0,2026-09-13 18:00:00,2026-09-13 18:00:00,1010.0
20260913,180000,74W,6,2026,9,13,18,8.0,153.5,100900.0,2026-09-13 18:00:00,2026-09-13 18:00:00,1009.0
20260913,180000,74W,8,2026,9,13,18,10.5,166.20000000000002,100800.0,2026-09-13 18:00:00,2026-09-13 18:00:00,1008.0
20260913,180000,74W,8,2026,9,13,18,9.700000000000001,167.0,100700.0,2026-09-13 18:00:00,2026-09-13 18:00:00,1007.0
20260913,180000,74W,8,2026,9,13,18,9.700000000000001,167.0,100800.0,2026-09-13 18:00:00,2026-09-13 18:00:00,1008.0
20260913,180000,74W,8,2026,9,13,18,10.8,168.4,100600.0,2026-09-13 18:00:00,2026-09-13 18:00:00,1006.0
20260913,180000,74W,8,2026,9,13,18,11.6,169.8,100600.0,2026-09-13 18:00:00,2026-09-13 18:00:00,1006.0
20260913,180000,74W,8,2026,9,13,18,13.0,169.0,100500.0,2026-09-13 18:00:00,2026-09-13 18:00:00,1005.0
20260913,180000,74W,9,2026,9,13,18,15.9,143.1,100900.0,2026-09-13 18:00:00,2026-09-13 18:00:00,1009.0
20260913,180000,74W,9,2026,9,13,18,15.3,141.1,101100.0,2026-09-13 18:00:00,2026-09-13 18:00:00,1011.0
20260913,180000,74W,9,2026,9,13,18,16.7,140.6,100800.0,2026-09-13 18:00:00,2026-09-13 18:00:00,1008.0
20260913,180000,74W,9,2026,9,13,18,16.7,139.70000000000002,100900.0,2026-09-13 18:00:00,2026-09-13 18:00:00,1009.0
20260913,180000,74W,9,2026,9,13,18,17.0,138.6,100600.0,2026-09-13 18:00:00,2026-09-13 18:00:00,1006.0
20260913,180000,74W,9,2026,9,13,18,17.0,137.20000000000002,100800.0,2026-09-13 18:00:00,2026-09-13 18:00:00,1008.0
20260913,180000,74W,9,2026,9,13,18,17.0,136.1,100400.0,2026-09-13 18:00:00,2026-09-13 18:00:00,1004.0
20260913,180000,74W,9,2026,9,13,18,16.7,135.2,100600.0,2026-09-13 18:00:00,2026-09-13 18:00:00,1006.0
20260913,180000,74W,9,2026,9,13,18,16.7,134.1,100300.0,2026-09-13 18:00:00,2026-09-13 18:00:00,1003.0
20260913,180000,74W,9,2026,9,13,18,16.4,133.0,100400.0,2026-09-13 18:00:00,2026-09-13 18:00:00,1004.0
20260913,180000,74W,9,2026,9,13,18,16.1,132.4,100000.0,2026-09-13 18:00:00,2026-09-13 18:00:00,1000.0
20260913,180000,74W,9,2026,9,13,18,15.9,131.9,100100.0,2026-09-13 18:00:00,2026-09-13 18:00:00,1001.0
20260913,180000,74W,9,2026,9,13,18,15.9,131.0,100000.0,2026-09-13 18:00:00,2026-09-13 18:00:00,1000.0
20260913,180000,74W,9,2026,9,13,18,15.3,131.0,100000.0,2026-09-13 18:00:00,2026-09-13 18:00:00,1000.0
20260913,180000,74W,9,2026,9,13,18,14.700000000000001,130.5,99300.0,2026-09-13 18:00:00,2026-09-13 18:00:00,993.0
20260913,180000,74W,11,2026,9,13,18,14.5,151.0,100300.0,2026-09-13 18:00:00,2026-09-13 18:00:00,1003.0
20260913,180000,74W,11,2026,9,13,18,16.1,152.1,100000.0,2026-09-13 18:00:00,2026-09-13 18:00:00,1000.0
20260913,180000,74W,11,2026,9,13,18,18.2,152.1,99900.0,2026-09-13 18:00:00,2026-09-13 18:00:00,999.0
20260913,180000,74W,11,2026,9,13,18,19.5,151.8,99200.0,2026-09-13 18:00:00,2026-09-13 18:00:00,992.0
20260913,180000,74W,11,2026,9,13,18,20.7,151.3,99100.0,2026-09-13 18:00:00,2026-09-13 18:00:00,991.0
20260913,180000,74W,11,2026,9,13,18,21.2,150.70000000000002,98400.0,2026-09-13 18:00:00,2026-09-13 18:00:00,984.0
20260913,180000,74W,11,2026,9,13,18,22.1,149.6,98100.0,2026-09-13 18:00:00,2026-09-13 18:00:00,981.0
20260913,180000,74W,11,2026,9,13,18,22.900000000000002,149.0,97900.0,2026-09-13 18:00:00,2026-09-13 18:00:00,979.0
20260913,180000,74W,11,2026,9,13,18,23.5,147.6,97800.0,2026-09-13 18:00:00,2026-09-13 18:00:00,978.0
20260913,180000,74W,11,2026,9,13,18,24.0,146.5,97100.0,2026-09-13 18:00:00,2026-09-13 18:00:00,971.0
20260913,180000,74W,11,2026,9,13,18,24.6,145.4,97300.0,2026-09-13 18:00:00,2026-09-13 18:00:00,973.0
20260913,180000,74W,11,2026,9,13,18,25.400000000000002,144.20000000000002,97400.0,2026-09-13 18:00:00,2026-09-13 18:00:00,974.0
20260913,180000,74W,11,2026,9,13,18,26.0,143.1,97300.0,2026-09-13 18:00:00,2026-09-13 18:00:00,973.0
20260913,180000,74W,11,2026,9,13,18,26.900000000000002,142.0,97200.0,2026-09-13 18:00:00,2026-09-13 18:00:00,972.0
20260913,180000,74W,11,2026,9,13,18,27.400000000000002,140.9,97300.0,2026-09-13 18:00:00,2026-09-13 18:00:00,973.0
20260913,180000,74W,11,2026,9,13,18,28.5,139.70000000000002,97300.0,2026-09-13 18:00:00,2026-09-13 18:00:00,973.0
20260913,180000,74W,11,2026,9,13,18,29.1,138.6,97300.0,2026-09-13 18:00:00,2026-09-13 18:00:00,973.0
20260913,180000,74W,11,2026,9,13,18,29.400000000000002,138.0,97000.0,2026-09-13 18:00:00,2026-09-13 18:00:00,970.0
20260913,180000,74W,11,2026,9,13,18,30.2,137.5,97200.0,2026-09-13 18:00:00,2026-09-13 18:00:00,972.0
20260913,180000,74W,11,2026,9,13,18,30.8,137.5,96900.0,2026-09-13 18:00:00,2026-09-13 18:00:00,969.0
20260913,180000,74W,11,2026,9,13,18,31.900000000000002,138.0,97100.0,2026-09-13 18:00:00,2026-09-13 18:00:00,971.0
20260913,180000,74W,11,2026,9,13,18,33.3,138.6,96900.0,2026-09-13 18:00:00,2026-09-13 18:00:00,969.0
20260913,180000,74W,11,2026,9,13,18,34.7,140.3,97600.0,2026-09-13 18:00:00,2026-09-13 18:00:00,976.0
20260913,180000,74W,11,2026,9,13,18,36.5,142.1,97400.0,2026-09-13 18:00:00,2026-09-13 18:00:00,974.0
20260913,180000,74W,11,2026,9,13,18,38.4,145.1,97600.0,2026-09-13 18:00:00,2026-09-13 18:00:00,976.0
20260913,180000,74W,11,2026,9,13,18,40.2,148.8,97800.0,2026-09-13 18:00:00,2026-09-13 18:00:00,978.0
20260913,180000,74W,11,2026,9,13,18,41.5,153.0,98100.0,2026-09-13 18:00:00,2026-09-13 18:00:00,981.0
20260913,180000,74W,11,2026,9,13,18,43.800000000000004,158.0,97700.0,2026-09-13 18:00:00,2026-09-13 18:00:00,977.0
20260913,180000,74W,11,2026,9,13,18,45.4,162.6,97700.0,2026-09-13 18:00:00,2026-09-13 18:00:00,977.0
20260913,180000,74W,11,2026,9,13,18,48.800000000000004,165.6,96600.0,2026-09-13 18:00:00,2026-09-13 18:00:00,966.0
20260913,180000,74W,11,2026,9,13,18,50.800000000000004,168.4,95700.0,2026-09-13 18:00:00,2026-09-13 18:00:00,957.0
20260913,180000,74W,13,2026,9,13,18,13.3,111.3,100900.0,2026-09-13 18:00:00,2026-09-13 18:00:00,1009.0
20260913,180000,74W,13,2026,9,13,18,16.1,110.5,101000.0,2026-09-13 18:00:00,2026-09-13 18:00:00,1010.0
20260913,180000,74W,13,2026,9,13,18,15.6,109.60000000000001,100900.0,2026-09-13 18:00:00,2026-09-13 18:00:00,1009.0
20260913,180000,74W,13,2026,9,13,18,15.3,109.4,100800.0,2026-09-13 18:00:00,2026-09-13 18:00:00,1008.0
20260913,180000,74W,13,2026,9,13,18,15.0,109.4,100800.0,2026-09-13 18:00:00,2026-09-13 18:00:00,1008.0
20260913,180000,74W,13,2026,9,13,18,16.7,108.2,100700.0,2026-09-13 18:00:00,2026-09-13 18:00:00,1007.0
20260913,180000,74W,13,2026,9,13,18,15.9,109.3,100700.0,2026-09-13 18:00:00,2026-09-13 18:00:00,1007.0
20260913,180000,74W,13,2026,9,13,18,16.7,108.7,100700.0,2026-09-13 18:00:00,2026-09-13 18:00:00,1007.0
20260913,180000,74W,13,2026,9,13,18,17.0,108.0,100800.0,2026-09-13 18:00:00,2026-09-13 18:00:00,1008.0
20260913,180000,74W,13,2026,9,13,18,15.6,105.7,100800.0,2026-09-13 18:00:00,2026-09-13 18:00:00,1008.0
20260913,180000,74W,13,2026,9,13,18,15.6,105.7,100900.0,2026-09-13 18:00:00,2026-09-13 18:00:00,1009.0
20260913,180000,74W,13,2026,9,13,18,16.1,104.0,100900.0,2026-09-13 18:00:00,2026-09-13 18:00:00,1009.0
20260913,180000,74W,13,2026,9,13,18,16.1,105.10000000000001,100800.0,2026-09-13 18:00:00,2026-09-13 18:00:00,1008.0
20260913,180000,74W,13,2026,9,13,18,16.1,103.7,100800.0,2026-09-13 18:00:00,2026-09-13 18:00:00,1008.0
20260913,180000,74W,13,2026,9,13,18,16.0,103.3,100900.0,2026-09-13 18:00:00,2026-09-13 18:00:00,1009.0
20260913,180000,74W,13,2026,9,13,18,16.4,103.5,101000.0,2026-09-13 18:00:00,2026-09-13 18:00:00,1010.0
20260913,180000,74W,13,2026,9,13,18,16.1,103.0,100800.0,2026-09-13 18:00:00,2026-09-13 18:00:00,1008.0
20260913,180000,74W,13,2026,9,13,18,15.9,103.0,100800.0,2026-09-13 18:00:00,2026-09-13 18:00:00,1008.0
20260913,180000,74W,13,2026,9,13,18,16.7,103.7,100900.0,2026-09-13 18:00:00,2026-09-13 18:00:00,1009.0
20260913,180000,74W,13,2026,9,13,18,17.0,102.9,101000.0,2026-09-13 18:00:00,2026-09-13 18:00:00,1010.0
20260913,180000,74W,13,2026,9,13,18,17.3,103.2,101000.0,2026-09-13 18:00:00,2026-09-13 18:00:00,1010.0
20260913,180000,74W,13,2026,9,13,18,17.0,103.3,101100.0,2026-09-13 18:00:00,2026-09-13 18:00:00,1011.0
20260913,180000,74W,13,2026,9,13,18,17.3,103.5,101100.0,2026-09-13 18:00:00,2026-09-13 18:00:00,1011.0
20260913,180000,74W,13,2026,9,13,18,17.0,103.2,101100.0,2026-09-13 18:00:00,2026-09-13 18:00:00,1011.0
20260913,180000,74W,14,2026,9,13,18,8.3,174.9,100500.0,2026-09-13 18:00:00,2026-09-13 18:00:00,1005.0
20260913,180000,74W,14,2026,9,13,18,9.700000000000001,174.0,100600.0,2026-09-13 18:00:00,2026-09-13 18:00:00,1006.0
20260913,180000,74W,14,2026,9,13,18,8.5,174.9,100700.0,2026-09-13 18:00:00,2026-09-13 18:00:00,1007.0
20260913,180000,74W,14,2026,9,13,18,11.9,172.6,100700.0,2026-09-13 18:00:00,2026-09-13 18:00:00,1007.0
20260913,180000,74W,14,2026,9,13,18,13.0,171.8,100600.0,2026-09-13 18:00:00,2026-09-13 18:00:00,1006.0
20260913,180000,74W,14,2026,9,13,18,15.6,170.4,100600.0,2026-09-13 18:00:00,2026-09-13 18:00:00,1006.0
20260913,180000,74W,14,2026,9,13,18,16.4,169.3,100800.0,2026-09-13 18:00:00,2026-09-13 18:00:00,1008.0
20260913,180000,74W,14,2026,9,13,18,19.0,168.4,100900.0,2026-09-13 18:00:00,2026-09-13 18:00:00,1009.0
20260913,180000,74W,14,2026,9,13,18,19.2,168.1,100700.0,2026-09-13 18:00:00,2026-09-13 18:00:00,1007.0
20260913,180000,74W,14,2026,9,13,18,20.400000000000002,168.70000000000002,100800.0,2026-09-13 18:00:00,2026-09-13 18:00:00,1008.0
20260913,180000,74W,16,2026,9,13,18,13.9,163.9,100900.0,2026-09-13 18:00:00,2026-09-13 18:00:00,1009.0
20260913,180000,74W,16,2026,9,13,18,12.5,165.9,100600.0,2026-09-13 18:00:00,2026-09-13 18:00:00,1006.0
20260913,180000,74W,16,2026,9,13,18,12.200000000000001,166.20000000000002,100200.0,2026-09-13 18:00:00,2026-09-13 18:00:00,1002.0
20260913,180000,74W,16,2026,9,13,18,13.0,165.6,100500.0,2026-09-13 18:00:00,2026-09-13 18:00:00,1005.0
20260913,180000,74W,16,2026,9,13,18,12.9,166.1,100200.0,2026-09-13 18:00:00,2026-09-13 18:00:00,1002.0
20260913,180000,74W,16,2026,9,13,18,13.1,164.70000000000002,100100.0,2026-09-13 18:00:00,2026-09-13 18:00:00,1001.0
20260913,180000,74W,16,2026,9,13,18,14.5,163.1,99900.0,2026-09-13 18:00:00,2026-09-13 18:00:00,999.0
20260913,180000,74W,16,2026,9,13,18,14.700000000000001,163.1,100100.0,2026-09-13 18:00:00,2026-09-13 18:00:00,1001.0
20260913,180000,74W,16,2026,9,13,18,16.1,163.9,99900.0,2026-09-13 18:00:00,2026-09-13 18:00:00,999.0
20260913,180000,74W,16,2026,9,13,18,17.6,161.4,99800.0,2026-09-13 18:00:00,2026-09-13 18:00:00,998.0
20260913,180000,74W,16,2026,9,13,18,17.5,159.9,99800.0,2026-09-13 18:00:00,2026-09-13 18:00:00,998.0
20260913,180000,74W,16,2026,9,13,18,17.8,159.70000000000002,99300.0,2026-09-13 18:00:00,2026-09-13 18:00:00,993.0
20260913,180000,74W,16,2026,9,13,18,18.1,159.1,99300.0,2026-09-13 18:00:00,2026-09-13 18:00:00,993.0
20260913,180000,74W,16,2026,9,13,18,18.2,157.6,98900.0,2026-09-13 18:00:00,2026-09-13 18:00:00,989.0
20260913,180000,74W,17,2026,9,13,18,12.8,155.20000000000002,101100.0,2026-09-13 18:00:00,2026-09-13 18:00:00,1011.0
20260913,180000,74W,17,2026,9,13,18,12.200000000000001,154.4,100900.0,2026-09-13 18:00:00,2026-09-13 18:00:00,1009.0
20260913,180000,74W,17,2026,9,13,18,11.9,153.8,101100.0,2026-09-13 18:00:00,2026-09-13 18:00:00,1011.0
20260913,180000,74W,17,2026,9,13,18,12.5,153.0,100900.0,2026-09-13 18:00:00,2026-09-13 18:00:00,1009.0
20260913,180000,74W,17,2026,9,13,18,13.9,153.0,101100.0,2026-09-13 18:00:00,2026-09-13 18:00:00,1011.0
20260913,180000,74W,17,2026,9,13,18,13.6,152.1,100800.0,2026-09-13 18:00:00,2026-09-13 18:00:00,1008.0
20260913,180000,74W,17,2026,9,13,18,13.6,151.8,100900.0,2026-09-13 18:00:00,2026-09-13 18:00:00,1009.0
20260913,180000,74W,17,2026,9,13,18,13.6,149.6,101200.0,2026-09-13 18:00:00,2026-09-13 18:00:00,1012.0
20260913,180000,74W,17,2026,9,13,18,13.6,149.3,100900.0,2026-09-13 18:00:00,2026-09-13 18:00:00,1009.0
20260913,180000,74W,17,2026,9,13,18,13.9,145.9,100900.0,2026-09-13 18:00:00,2026-09-13 18:00:00,1009.0
20260913,180000,74W,17,2026,9,13,18,13.6,145.6,101100.0,2026-09-13 18:00:00,2026-09-13 18:00:00,1011.0
20260913,180000,74W,17,2026,9,13,18,13.9,144.5,100700.0,2026-09-13 18:00:00,2026-09-13 18:00:00,1007.0
20260913,180000,74W,17,2026,9,13,18,13.4,142.6,101000.0,2026-09-13 18:00:00,2026-09-13 18:00:00,1010.0
20260913,180000,74W,17,2026,9,13,18,13.0,142.6,100500.0,2026-09-13 18:00:00,2026-09-13 18:00:00,1005.0
20260913,180000,74W,20,2026,9,13,18,10.8,142.3,101200.0,2026-09-13 18:00:00,2026-09-13 18:00:00,1012.0
20260913,180000,74W,20,2026,9,13,18,12.8,144.0,101000.0,2026-09-13 18:00:00,2026-09-13 18:00:00,1010.0
20260913,180000,74W,21,2026,9,13,18,13.9,147.3,100800.0,2026-09-13 18:00:00,2026-09-13 18:00:00,1008.0
20260913,180000,74W,21,2026,9,13,18,13.6,147.6,101000.0,2026-09-13 18:00:00,2026-09-13 18:00:00,1010.0
20260913,180000,74W,21,2026,9,13,18,13.9,146.8,100700.0,2026-09-13 18:00:00,2026-09-13 18:00:00,1007.0
20260913,180000,74W,21,2026,9,13,18,13.6,144.20000000000002,100800.0,2026-09-13 18:00:00,2026-09-13 18:00:00,1008.0
20260913,180000,74W,21,2026,9,13,18,13.9,143.4,100300.0,2026-09-13 18:00:00,2026-09-13 18:00:00,1003.0
20260913,180000,74W,21,2026,9,13,18,14.700000000000001,140.9,100300.0,2026-09-13 18:00:00,2026-09-13 18:00:00,1003.0
20260913,180000,74W,21,2026,9,13,18,15.0,138.9,100500.0,2026-09-13 18:00:00,2026-09-13 18:00:00,1005.0
20260913,180000,74W,21,2026,9,13,18,14.5,137.20000000000002,99900.0,2026-09-13 18:00:00,2026-09-13 18:00:00,999.0
20260913,180000,74W,21,2026,9,13,18,15.0,136.6,100100.0,2026-09-13 18:00:00,2026-09-13 18:00:00,1001.0
20260913,180000,74W,21,2026,9,13,18,15.0,135.0,99600.0,2026-09-13 18:00:00,2026-09-13 18:00:00,996.0
20260913,180000,74W,21,2026,9,13,18,15.3,133.8,99900.0,2026-09-13 18:00:00,2026-09-13 18:00:00,999.0
20260913,180000,74W,21,2026,9,13,18,16.1,133.0,99500.0,2026-09-13 18:00:00,2026-09-13 18:00:00,995.0
20260913,180000,74W,21,2026,9,13,18,16.4,131.9,98800.0,2026-09-13 18:00:00,2026-09-13 18:00:00,988.0
20260913,180000,74W,21,2026,9,13,18,17.0,130.7,98500.0,2026-09-13 18:00:00,2026-09-13 18:00:00,985.0
20260913,180000,74W,21,2026,9,13,18,17.0,130.2,98500.0,2026-09-13 18:00:00,2026-09-13 18:00:00,985.0
20260913,180000,74W,21,2026,9,13,18,17.0,129.6,97800.0,2026-09-13 18:00:00,2026-09-13 18:00:00,978.0
20260913,180000,74W,21,2026,9,13,18,17.3,129.3,97900.0,2026-09-13 18:00:00,2026-09-13 18:00:00,979.0
20260913,180000,74W,21,2026,9,13,18,17.3,128.8,97000.0,2026-09-13 18:00:00,2026-09-13 18:00:00,970.0
20260913,180000,74W,21,2026,9,13,18,17.6,128.2,96600.0,2026-09-13 18:00:00,2026-09-13 18:00:00,966.0
20260913,180000,74W,21,2026,9,13,18,17.8,128.2,96200.0,2026-09-13 18:00:00,2026-09-13 18:00:00,962.0
20260913,180000,74W,21,2026,9,13,18,18.400000000000002,127.60000000000001,96200.0,2026-09-13 18:00:00,2026-09-13 18:00:00,962.0
20260913,180000,74W,21,2026,9,13,18,19.0,127.10000000000001,95800.0,2026-09-13 18:00:00,2026-09-13 18:00:00,958.0
20260913,180000,74W,22,2026,9,13,18,13.9,145.6,100700.0,2026-09-13 18:00:00,2026-09-13 18:00:00,1007.0
20260913,180000,74W,22,2026,9,13,18,14.5,147.0,101000.0,2026-09-13 18:00:00,2026-09-13 18:00:00,1010.0
20260913,180000,74W,22,2026,9,13,18,13.6,145.6,100800.0,2026-09-13 18:00:00,2026-09-13 18:00:00,1008.0
20260913,180000,74W,22,2026,9,13,18,13.0,145.6,101100.0,2026-09-13 18:00:00,2026-09-13 18:00:00,1011.0
20260913,180000,74W,22,2026,9,13,18,14.5,143.1,100900.0,2026-09-13 18:00:00,2026-09-13 18:00:00,1009.0
20260913,180000,74W,22,2026,9,13,18,14.700000000000001,141.70000000000002,101100.0,2026-09-13 18:00:00,2026-09-13 18:00:00,1011.0
20260913,180000,74W,22,2026,9,13,18,13.6,138.6,100900.0,2026-09-13 18:00:00,2026-09-13 18:00:00,1009.0
20260913,180000,74W,22,2026,9,13,18,13.6,136.4,101100.0,2026-09-13 18:00:00,2026-09-13 18:00:00,1011.0
20260913,180000,74W,22,2026,9,13,18,13.9,136.1,100800.0,2026-09-13 18:00:00,2026-09-13 18:00:00,1008.0
20260913,180000,74W,22,2026,9,13,18,12.5,135.0,100800.0,2026-09-13 18:00:00,2026-09-13 18:00:00,1008.0
20260913,180000,74W,22,2026,9,13,18,13.3,135.0,101000.0,2026-09-13 18:00:00,2026-09-13 18:00:00,1010.0
20260913,180000,74W,22,2026,9,13,18,13.9,133.8,101000.0,2026-09-13 18:00:00,2026-09-13 18:00:00,1010.0
20260913,180000,74W,22,2026,9,13,18,13.0,134.1,100700.0,2026-09-13 18:00:00,2026-09-13 18:00:00,1007.0
20260913,180000,74W,22,2026,9,13,18,13.0,134.7,100900.0,2026-09-13 18:00:00,2026-09-13 18:00:00,1009.0
20260913,180000,74W,22,2026,9,13,18,13.3,135.5,100500.0,2026-09-13 18:00:00,2026-09-13 18:00:00,1005.0
20260913,180000,74W,22,2026,9,13,18,13.0,135.5,100700.0,2026-09-13 18:00:00,2026-09-13 18:00:00,1007.0
20260913,180000,74W,22,2026,9,13,18,12.8,135.5,100500.0,2026-09-13 18:00:00,2026-09-13 18:00:00,1005.0
20260913,180000,74W,23,2026,9,13,18,12.5,133.0,101200.0,2026-09-13 18:00:00,2026-09-13 18:00:00,1012.0
20260913,180000,74W,23,2026,9,13,18,13.6,134.7,100900.0,2026-09-13 18:00:00,2026-09-13 18:00:00,1009.0
20260913,180000,74W,23,2026,9,13,18,13.8,133.5,100900.0,2026-09-13 18:00:00,2026-09-13 18:00:00,1009.0
20260913,180000,74W,23,2026,9,13,18,13.9,132.4,101100.0,2026-09-13 18:00:00,2026-09-13 18:00:00,1011.0
20260913,180000,74W,23,2026,9,13,18,14.700000000000001,131.6,100900.0,2026-09-13 18:00:00,2026-09-13 18:00:00,1009.0
20260913,180000,74W,23,2026,9,13,18,16.2,127.8,100800.0,2026-09-13 18:00:00,2026-09-13 18:00:00,1008.0
20260913,180000,74W,23,2026,9,13,18,16.4,126.8,100900.0,2026-09-13 18:00:00,2026-09-13 18:00:00,1009.0
20260913,180000,74W,23,2026,9,13,18,16.1,126.8,100700.0,2026-09-13 18:00:00,2026-09-13 18:00:00,1007.0
20260913,180000,74W,23,2026,9,13,18,16.4,126.8,100700.0,2026-09-13 18:00:00,2026-09-13 18:00:00,1007.0
20260913,180000,74W,23,2026,9,13,18,16.7,126.2,100500.0,2026-09-13 18:00:00,2026-09-13 18:00:00,1005.0
20260913,180000,74W,23,2026,9,13,18,16.7,127.9,100400.0,2026-09-13 18:00:00,2026-09-13 18:00:00,1004.0
20260913,180000,74W,23,2026,9,13,18,16.7,127.9,99800.0,2026-09-13 18:00:00,2026-09-13 18:00:00,998.0
20260913,180000,74W,24,2026,9,13,18,11.9,134.1,101000.0,2026-09-13 18:00:00,2026-09-13 18:00:00,1010.0
20260913,180000,74W,24,2026,9,13,18,12.5,135.5,100900.0,2026-09-13 18:00:00,2026-09-13 18:00:00,1009.0
20260913,180000,74W,25,2026,9,13,18,13.3,111.0,100500.0,2026-09-13 18:00:00,2026-09-13 18:00:00,1005.0
20260913,180000,74W,25,2026,9,13,18,12.8,110.5,100700.0,2026-09-13 18:00:00,2026-09-13 18:00:00,1007.0
20260913,180000,74W,25,2026,9,13,18,13.3,110.8,100700.0,2026-09-13 18:00:00,2026-09-13 18:00:00,1007.0
20260913,180000,74W,25,2026,9,13,18,13.6,111.0,100600.0,2026-09-13 18:00:00,2026-09-13 18:00:00,1006.0
20260913,180000,74W,25,2026,9,13,18,14.5,109.9,100700.0,2026-09-13 18:00:00,2026-09-13 18:00:00,1007.0
20260913,180000,74W,25,2026,9,13,18,14.5,110.2,100800.0,2026-09-13 18:00:00,2026-09-13 18:00:00,1008.0
20260913,180000,74W,25,2026,9,13,18,14.700000000000001,109.60000000000001,100700.0,2026-09-13 18:00:00,2026-09-13 18:00:00,1007.0
20260913,180000,74W,25,2026,9,13,18,15.200000000000001,109.5,100900.0,2026-09-13 18:00:00,2026-09-13 18:00:00,1009.0
20260913,180000,74W,25,2026,9,13,18,16.7,111.9,100800.0,2026-09-13 18:00:00,2026-09-13 18:00:00,1008.0
20260913,180000,74W,25,2026,9,13,18,17.0,112.7,100500.0,2026-09-13 18:00:00,2026-09-13 18:00:00,1005.0
20260913,180000,74W,25,2026,9,13,18,17.6,111.0,100600.0,2026-09-13 18:00:00,2026-09-13 18:00:00,1006.0
20260913,180000,74W,25,2026,9,13,18,17.8,111.3,100600.0,2026-09-13 18:00:00,2026-09-13 18:00:00,1006.0
20260913,180000,74W,25,2026,9,13,18,17.0,111.0,100600.0,2026-09-13 18:00:00,2026-09-13 18:00:00,1006.0
20260913,180000,74W,25,2026,9,13,18,18.400000000000002,110.8,100400.0,2026-09-13 18:00:00,2026-09-13 18:00:00,1004.0
20260913,180000,74W,25,2026,9,13,18,18.7,108.5,100500.0,2026-09-13 18:00:00,2026-09-13 18:00:00,1005.0
20260913,180000,74W,25,2026,9,13,18,18.400000000000002,108.0,100600.0,2026-09-13 18:00:00,2026-09-13 18:00:00,1006.0
20260913,180000,74W,25,2026,9,13,18,19.5,107.7,100700.0,2026-09-13 18:00:00,2026-09-13 18:00:00,1007.0
20260913,180000,74W,25,2026,9,13,18,19.8,106.5,100800.0,2026-09-13 18:00:00,2026-09-13 18:00:00,1008.0
20260913,180000,74W,25,2026,9,13,18,20.400000000000002,106.0,100900.0,2026-09-13 18:00:00,2026-09-13 18:00:00,1009.0
20260913,180000,74W,26,2026,9,13,18,11.9,102.60000000000001,101000.0,2026-09-13 18:00:00,2026-09-13 18:00:00,1010.0
20260913,180000,74W,26,2026,9,13,18,10.200000000000001,102.60000000000001,101000.0,2026-09-13 18:00:00,2026-09-13 18:00:00,1010.0
20260913,180000,74W,26,2026,9,13,18,10.0,102.9,100800.0,2026-09-13 18:00:00,2026-09-13 18:00:00,1008.0
20260913,180000,74W,26,2026,9,13,18,8.8,103.5,100800.0,2026-09-13 18:00:00,2026-09-13 18:00:00,1008.0
20260913,180000,74W,26,2026,9,13,18,9.700000000000001,102.9,100800.0,2026-09-13 18:00:00,2026-09-13 18:00:00,1008.0
20260913,180000,74W,26,2026,9,13,18,9.1,102.3,100800.0,2026-09-13 18:00:00,2026-09-13 18:00:00,1008.0
20260913,180000,74W,26,2026,9,13,18,9.4,101.5,100600.0,2026-09-13 18:00:00,2026-09-13 18:00:00,1006.0
20260913,180000,74W,26,2026,9,13,18,9.4,100.9,100400.0,2026-09-13 18:00:00,2026-09-13 18:00:00,1004.0
20260913,180000,74W,26,2026,9,13,18,10.200000000000001,100.10000000000001,100500.0,2026-09-13 18:00:00,2026-09-13 18:00:00,1005.0
20260913,180000,74W,26,2026,9,13,18,10.8,98.10000000000001,100400.0,2026-09-13 18:00:00,2026-09-13 18:00:00,1004.0
20260913,180000,74W,26,2026,9,13,18,11.1,97.0,100400.0,2026-09-13 18:00:00,2026-09-13 18:00:00,1004.0
20260913,180000,74W,26,2026,9,13,18,11.1,96.10000000000001,100600.0,2026-09-13 18:00:00,2026-09-13 18:00:00,1006.0
20260913,180000,74W,26,2026,9,13,18,11.4,95.3,100600.0,2026-09-13 18:00:00,2026-09-13 18:00:00,1006.0
20260913,180000,74W,26,2026,9,13,18,11.4,94.2,100500.0,2026-09-13 18:00:00,2026-09-13 18:00:00,1005.0
20260913,180000,74W,26,2026,9,13,18,12.5,93.3,100600.0,2026-09-13 18:00:00,2026-09-13 18:00:00,1006.0
20260913,180000,74W,26,2026,9,13,18,13.3,91.9,100400.0,2026-09-13 18:00:00,2026-09-13 18:00:00,1004.0
20260913,180000,74W,26,2026,9,13,18,13.9,91.4,100400.0,2026-09-13 18:00:00,2026-09-13 18:00:00,1004.0
20260913,180000,74W,26,2026,9,13,18,15.0,90.5,100300.0,2026-09-13 18:00:00,2026-09-13 18:00:00,1003.0
20260913,180000,74W,26,2026,9,13,18,16.2,89.3,100500.0,2026-09-13 18:00:00,2026-09-13 18:00:00,1005.0
20260913,180000,74W,26,2026,9,13,18,17.3,88.5,100300.0,2026-09-13 18:00:00,2026-09-13 18:00:00,1003.0
20260913,180000,74W,28,2026,9,13,18,15.0,131.3,101000.0,2026-09-13 18:00:00,2026-09-13 18:00:00,1010.0
20260913,180000,74W,28,2026,9,13,18,16.4,129.0,100900.0,2026-09-13 18:00:00,2026-09-13 18:00:00,1009.0
20260913,180000,74W,28,2026,9,13,18,17.0,128.2,100600.0,2026-09-13 18:00:00,2026-09-13 18:00:00,1006.0
20260913,180000,74W,28,2026,9,13,18,17.0,125.10000000000001,100600.0,2026-09-13 18:00:00,2026-09-13 18:00:00,1006.0
20260913,180000,74W,28,2026,9,13,18,16.7,123.7,100700.0,2026-09-13 18:00:00,2026-09-13 18:00:00,1007.0
20260913,180000,74W,28,2026,9,13,18,17.0,123.10000000000001,100600.0,2026-09-13 18:00:00,2026-09-13 18:00:00,1006.0
20260913,180000,74W,28,2026,9,13,18,17.8,120.10000000000001,100900.0,2026-09-13 18:00:00,2026-09-13 18:00:00,1009.0
20260913,180000,74W,28,2026,9,13,18,17.8,119.5,100800.0,2026-09-13 18:00:00,2026-09-13 18:00:00,1008.0
20260913,180000,74W,30,2026,9,13,18,10.5,169.8,100900.0,2026-09-13 18:00:00,2026-09-13 18:00:00,1009.0
20260913,180000,74W,30,2026,9,13,18,10.5,169.0,100800.0,2026-09-13 18:00:00,2026-09-13 18:00:00,1008.0
20260913,180000,74W,30,2026,9,13,18,12.5,165.6,100700.0,2026-09-13 18:00:00,2026-09-13 18:00:00,1007.0
20260913,180000,74W,30,2026,9,13,18,13.0,163.4,100600.0,2026-09-13 18:00:00,2026-09-13 18:00:00,1006.0
20260913,180000,74W,30,2026,9,13,18,12.5,163.1,100800.0,2026-09-13 18:00:00,2026-09-13 18:00:00,1008.0
20260913,180000,74W,30,2026,9,13,18,13.3,163.6,100700.0,2026-09-13 18:00:00,2026-09-13 18:00:00,1007.0
20260913,180000,74W,30,2026,9,13,18,13.9,162.8,100800.0,2026-09-13 18:00:00,2026-09-13 18:00:00,1008.0
20260913,180000,74W,30,2026,9,13,18,12.8,161.70000000000002,100700.0,2026-09-13 18:00:00,2026-09-13 18:00:00,1007.0
20260913,180000,74W,31,2026,9,13,18,11.9,140.6,100800.0,2026-09-13 18:00:00,2026-09-13 18:00:00,1008.0
20260913,180000,74W,31,2026,9,13,18,13.3,141.70000000000002,100700.0,2026-09-13 18:00:00,2026-09-13 18:00:00,1007.0
20260913,180000,74W,32,2026,9,13,18,12.200000000000001,115.5,100800.0,2026-09-13 18:00:00,2026-09-13 18:00:00,1008.0
20260913,180000,74W,32,2026,9,13,18,10.0,116.7,100900.0,2026-09-13 18:00:00,2026-09-13 18:00:00,1009.0
20260913,180000,74W,32,2026,9,13,18,11.4,115.5,101000.0,2026-09-13 18:00:00,2026-09-13 18:00:00,1010.0
20260913,180000,74W,32,2026,9,13,18,11.1,115.8,100600.0,2026-09-13 18:00:00,2026-09-13 18:00:00,1006.0
20260913,180000,74W,32,2026,9,13,18,12.200000000000001,115.0,100700.0,2026-09-13 18:00:00,2026-09-13 18:00:00,1007.0
20260913,180000,74W,32,2026,9,13,18,12.5,114.10000000000001,100300.0,2026-09-13 18:00:00,2026-09-13 18:00:00,1003.0
20260913,180000,74W,32,2026,9,13,18,13.0,113.60000000000001,100200.0,2026-09-13 18:00:00,2026-09-13 18:00:00,1002.0
20260913,180000,74W,32,2026,9,13,18,14.200000000000001,113.3,99700.0,2026-09-13 18:00:00,2026-09-13 18:00:00,997.0
20260913,180000,74W,32,2026,9,13,18,14.5,112.5,99800.0,2026-09-13 18:00:00,2026-09-13 18:00:00,998.0
20260913,180000,74W,32,2026,9,13,18,15.0,112.2,99400.0,2026-09-13 18:00:00,2026-09-13 18:00:00,994.0
20260913,180000,74W,32,2026,9,13,18,15.9,112.2,98800.0,2026-09-13 18:00:00,2026-09-13 18:00:00,988.0
20260913,180000,74W,32,2026,9,13,18,16.7,111.60000000000001,98500.0,2026-09-13 18:00:00,2026-09-13 18:00:00,985.0
20260913,180000,74W,32,2026,9,13,18,17.6,111.3,98200.0,2026-09-13 18:00:00,2026-09-13 18:00:00,982.0
20260913,180000,74W,32,2026,9,13,18,18.400000000000002,111.0,98200.0,2026-09-13 18:00:00,2026-09-13 18:00:00,982.0
20260913,180000,74W,32,2026,9,13,18,19.5,110.8,98300.0,2026-09-13 18:00:00,2026-09-13 18:00:00,983.0
20260913,180000,74W,32,2026,9,13,18,19.8,110.2,98400.0,2026-09-13 18:00:00,2026-09-13 18:00:00,984.0
20260913,180000,74W,32,2026,9,13,18,20.1,109.4,98900.0,2026-09-13 18:00:00,2026-09-13 18:00:00,989.0
20260913,180000,74W,32,2026,9,13,18,20.7,108.5,98800.0,2026-09-13 18:00:00,2026-09-13 18:00:00,988.0
20260913,180000,74W,32,2026,9,13,18,20.7,107.7,99200.0,2026-09-13 18:00:00,2026-09-13 18:00:00,992.0
20260913,180000,74W,32,2026,9,13,18,20.900000000000002,106.8,99900.0,2026-09-13 18:00:00,2026-09-13 18:00:00,999.0
20260913,180000,74W,32,2026,9,13,18,21.5,106.3,100600.0,2026-09-13 18:00:00,2026-09-13 18:00:00,1006.0
20260913,180000,74W,32,2026,9,13,18,22.1,105.10000000000001,101000.0,2026-09-13 18:00:00,2026-09-13 18:00:00,1010.0
20260913,180000,74W,36,2026,9,13,18,10.8,144.20000000000002,100600.0,2026-09-13 18:00:00,2026-09-13 18:00:00,1006.0
20260913,180000,74W,36,2026,9,13,18,13.0,142.5,100800.0,2026-09-13 18:00:00,2026-09-13 18:00:00,1008.0
20260913,180000,74W,36,2026,9,13,18,12.9,142.8,100500.0,2026-09-13 18:00:00,2026-09-13 18:00:00,1005.0
20260913,180000,74W,36,2026,9,13,18,13.6,141.70000000000002,100800.0,2026-09-13 18:00:00,2026-09-13 18:00:00,1008.0
20260913,180000,74W,36,2026,9,13,18,14.1,141.0,100500.0,2026-09-13 18:00:00,2026-09-13 18:00:00,1005.0
20260913,180000,74W,36,2026,9,13,18,14.700000000000001,140.6,100700.0,2026-09-13 18:00:00,2026-09-13 18:00:00,1007.0
20260913,180000,74W,36,2026,9,13,18,15.6,139.20000000000002,100400.0,2026-09-13 18:00:00,2026-09-13 18:00:00,1004.0
20260913,180000,74W,36,2026,9,13,18,17.3,138.6,100500.0,2026-09-13 18:00:00,2026-09-13 18:00:00,1005.0
20260913,180000,74W,36,2026,9,13,18,18.1,137.20000000000002,100100.0,2026-09-13 18:00:00,2026-09-13 18:00:00,1001.0
20260913,180000,74W,36,2026,9,13,18,17.8,136.4,100200.0,2026-09-13 18:00:00,2026-09-13 18:00:00,1002.0
20260913,180000,74W,36,2026,9,13,18,18.6,135.8,99800.0,2026-09-13 18:00:00,2026-09-13 18:00:00,998.0
20260913,180000,74W,36,2026,9,13,18,18.7,134.6,99800.0,2026-09-13 18:00:00,2026-09-13 18:00:00,998.0
20260913,180000,74W,36,2026,9,13,18,19.0,134.4,99200.0,2026-09-13 18:00:00,2026-09-13 18:00:00,992.0
20260913,180000,74W,36,2026,9,13,18,19.8,133.3,99100.0,2026-09-13 18:00:00,2026-09-13 18:00:00,991.0
20260913,180000,74W,36,2026,9,13,18,20.1,133.0,98300.0,2026-09-13 18:00:00,2026-09-13 18:00:00,983.0
20260913,180000,74W,36,2026,9,13,18,20.7,132.7,98100.0,2026-09-13 18:00:00,2026-09-13 18:00:00,981.0
20260913,180000,74W,36,2026,9,13,18,21.2,132.4,97300.0,2026-09-13 18:00:00,2026-09-13 18:00:00,973.0
20260913,180000,74W,36,2026,9,13,18,22.1,132.1,97300.0,2026-09-13 18:00:00,2026-09-13 18:00:00,973.0
20260913,180000,74W,36,2026,9,13,18,22.900000000000002,132.7,97200.0,2026-09-13 18:00:00,2026-09-13 18:00:00,972.0
20260913,180000,74W,36,2026,9,13,18,23.5,132.7,97500.0,2026-09-13 18:00:00,2026-09-13 18:00:00,975.0
20260913,180000,74W,36,2026,9,13,18,24.3,133.0,97000.0,2026-09-13 18:00:00,2026-09-13 18:00:00,970.0
20260913,180000,74W,36,2026,9,13,18,24.900000000000002,133.0,97000.0,2026-09-13 18:00:00,2026-09-13 18:00:00,970.0
20260913,180000,74W,36,2026,9,13,18,26.0,133.5,97300.0,2026-09-13 18:00:00,2026-09-13 18:00:00,973.0
20260913,180000,74W,36,2026,9,13,18,26.6,133.5,97200.0,2026-09-13 18:00:00,2026-09-13 18:00:00,972.0
20260913,180000,74W,36,2026,9,13,18,28.0,134.1,97200.0,2026-09-13 18:00:00,2026-09-13 18:00:00,972.0
20260913,180000,74W,36,2026,9,13,18,29.400000000000002,134.4,96900.0,2026-09-13 18:00:00,2026-09-13 18:00:00,969.0
20260913,180000,74W,36,2026,9,13,18,31.0,135.3,97100.0,2026-09-13 18:00:00,2026-09-13 18:00:00,971.0
20260913,180000,74W,36,2026,9,13,18,33.1,136.70000000000002,97600.0,2026-09-13 18:00:00,2026-09-13 18:00:00,976.0
20260913,180000,74W,36,2026,9,13,18,35.6,139.5,98500.0,2026-09-13 18:00:00,2026-09-13 18:00:00,985.0
20260913,180000,74W,37,2026,9,13,18,13.0,144.0,100700.0,2026-09-13 18:00:00,2026-09-13 18:00:00,1007.0
20260913,180000,74W,37,2026,9,13,18,14.200000000000001,143.1,101100.0,2026-09-13 18:00:00,2026-09-13 18:00:00,1011.0
20260913,180000,74W,37,2026,9,13,18,13.9,141.4,100900.0,2026-09-13 18:00:00,2026-09-13 18:00:00,1009.0
20260913,180000,74W,37,2026,9,13,18,13.9,141.1,101200.0,2026-09-13 18:00:00,2026-09-13 18:00:00,1012.0
20260913,180000,74W,37,2026,9,13,18,13.9,141.4,101000.0,2026-09-13 18:00:00,2026-09-13 18:00:00,1010.0
20260913,180000,74W,37,2026,9,13,18,14.700000000000001,140.3,101200.0,2026-09-13 18:00:00,2026-09-13 18:00:00,1012.0
20260913,180000,74W,37,2026,9,13,18,15.0,139.70000000000002,100900.0,2026-09-13 18:00:00,2026-09-13 18:00:00,1009.0
20260913,180000,74W,37,2026,9,13,18,15.3,138.9,101200.0,2026-09-13 18:00:00,2026-09-13 18:00:00,1012.0
20260913,180000,74W,37,2026,9,13,18,15.6,136.9,101100.0,2026-09-13 18:00:00,2026-09-13 18:00:00,1011.0
20260913,180000,74W,37,2026,9,13,18,15.0,135.5,101300.0,2026-09-13 18:00:00,2026-09-13 18:00:00,1013.0
20260913,180000,74W,37,2026,9,13,18,15.0,135.0,101000.0,2026-09-13 18:00:00,2026-09-13 18:00:00,1010.0
20260913,180000,74W,37,2026,9,13,18,15.3,133.5,101200.0,2026-09-13 18:00:00,2026-09-13 18:00:00,1012.0
20260913,180000,74W,37,2026,9,13,18,14.5,132.4,100900.0,2026-09-13 18:00:00,2026-09-13 18:00:00,1009.0
20260913,180000,74W,37,2026,9,13,18,14.200000000000001,131.6,101100.0,2026-09-13 18:00:00,2026-09-13 18:00:00,1011.0
20260913,180000,74W,37,2026,9,13,18,14.700000000000001,129.6,101000.0,2026-09-13 18:00:00,2026-09-13 18:00:00,1010.0
20260913,180000,74W,37,2026,9,13,18,15.9,128.5,101000.0,2026-09-13 18:00:00,2026-09-13 18:00:00,1010.0
20260913,180000,74W,37,2026,9,13,18,17.0,128.8,100900.0,2026-09-13 18:00:00,2026-09-13 18:00:00,1009.0
20260913,180000,74W,37,2026,9,13,18,19.0,129.6,100500.0,2026-09-13 18:00:00,2026-09-13 18:00:00,1005.0
20260913,180000,74W,37,2026,9,13,18,19.2,128.5,100700.0,2026-09-13 18:00:00,2026-09-13 18:00:00,1007.0
20260913,180000,74W,37,2026,9,13,18,19.2,128.8,100400.0,2026-09-13 18:00:00,2026-09-13 18:00:00,1004.0
20260913,180000,74W,37,2026,9,13,18,19.0,128.5,100600.0,2026-09-13 18:00:00,2026-09-13 18:00:00,1006.0
20260913,180000,74W,37,2026,9,13,18,18.7,128.5,100500.0,2026-09-13 18:00:00,2026-09-13 18:00:00,1005.0
20260913,180000,74W,37,2026,9,13,18,18.1,128.5,100700.0,2026-09-13 18:00:00,2026-09-13 18:00:00,1007.0
20260913,180000,74W,37,2026,9,13,18,18.1,128.5,100500.0,2026-09-13 18:00:00,2026-09-13 18:00:00,1005.0
20260913,180000,74W,37,2026,9,13,18,18.3,128.2,100700.0,2026-09-13 18:00:00,2026-09-13 18:00:00,1007.0
20260913,180000,74W,38,2026,9,13,18,10.5,150.1,100700.0,2026-09-13 18:00:00,2026-09-13 18:00:00,1007.0
20260913,180000,74W,38,2026,9,13,18,8.3,151.0,100900.0,2026-09-13 18:00:00,2026-09-13 18:00:00,1009.0
20260913,180000,74W,39,2026,9,13,18,15.9,155.5,100900.0,2026-09-13 18:00:00,2026-09-13 18:00:00,1009.0
20260913,180000,74W,39,2026,9,13,18,16.7,156.3,101100.0,2026-09-13 18:00:00,2026-09-13 18:00:00,1011.0
20260913,180000,74W,39,2026,9,13,18,18.1,156.0,100900.0,2026-09-13 18:00:00,2026-09-13 18:00:00,1009.0
20260913,180000,74W,39,2026,9,13,18,17.3,156.0,101000.0,2026-09-13 18:00:00,2026-09-13 18:00:00,1010.0
20260913,180000,74W,39,2026,9,13,18,16.7,156.0,100800.0,2026-09-13 18:00:00,2026-09-13 18:00:00,1008.0
20260913,180000,74W,39,2026,9,13,18,18.1,158.3,101000.0,2026-09-13 18:00:00,2026-09-13 18:00:00,1010.0
20260913,180000,74W,39,2026,9,13,18,16.7,157.20000000000002,100800.0,2026-09-13 18:00:00,2026-09-13 18:00:00,1008.0
20260913,180000,74W,39,2026,9,13,18,16.7,158.9,100600.0,2026-09-13 18:00:00,2026-09-13 18:00:00,1006.0
20260913,180000,74W,39,2026,9,13,18,17.3,159.1,100800.0,2026-09-13 18:00:00,2026-09-13 18:00:00,1008.0
20260913,180000,74W,39,2026,9,13,18,16.4,159.4,100600.0,2026-09-13 18:00:00,2026-09-13 18:00:00,1006.0
20260913,180000,74W,39,2026,9,13,18,16.7,159.4,100600.0,2026-09-13 18:00:00,2026-09-13 18:00:00,1006.0
20260913,180000,74W,39,2026,9,13,18,14.5,158.0,100600.0,2026-09-13 18:00:00,2026-09-13 18:00:00,1006.0
20260913,180000,74W,39,2026,9,13,18,12.200000000000001,156.3,100800.0,2026-09-13 18:00:00,2026-09-13 18:00:00,1008.0
20260913,180000,74W,39,2026,9,13,18,13.9,154.1,100700.0,2026-09-13 18:00:00,2026-09-13 18:00:00,1007.0
20260913,180000,74W,39,2026,9,13,18,15.3,155.20000000000002,100500.0,2026-09-13 18:00:00,2026-09-13 18:00:00,1005.0
20260913,180000,74W,39,2026,9,13,18,17.0,154.1,100600.0,2026-09-13 18:00:00,2026-09-13 18:00:00,1006.0
20260913,180000,74W,39,2026,9,13,18,17.0,153.20000000000002,100300.0,2026-09-13 18:00:00,2026-09-13 18:00:00,1003.0
20260913,180000,74W,39,2026,9,13,18,17.0,153.20000000000002,100600.0,2026-09-13 18:00:00,2026-09-13 18:00:00,1006.0
20260913,180000,74W,39,2026,9,13,18,17.8,151.5,100300.0,2026-09-13 18:00:00,2026-09-13 18:00:00,1003.0
20260913,180000,74W,41,2026,9,13,18,10.5,110.2,100800.0,2026-09-13 18:00:00,2026-09-13 18:00:00,1008.0
20260913,180000,74W,41,2026,9,13,18,10.5,111.60000000000001,100900.0,2026-09-13 18:00:00,2026-09-13 18:00:00,1009.0
20260913,180000,74W,41,2026,9,13,18,11.9,113.3,101000.0,2026-09-13 18:00:00,2026-09-13 18:00:00,1010.0
20260913,180000,74W,41,2026,9,13,18,12.8,112.7,100800.0,2026-09-13 18:00:00,2026-09-13 18:00:00,1008.0
20260913,180000,74W,41,2026,9,13,18,12.5,112.7,100900.0,2026-09-13 18:00:00,2026-09-13 18:00:00,1009.0
20260913,180000,74W,41,2026,9,13,18,11.9,113.3,100700.0,2026-09-13 18:00:00,2026-09-13 18:00:00,1007.0
20260913,180000,74W,41,2026,9,13,18,10.0,112.2,100700.0,2026-09-13 18:00:00,2026-09-13 18:00:00,1007.0
20260913,180000,74W,41,2026,9,13,18,12.8,111.60000000000001,100700.0,2026-09-13 18:00:00,2026-09-13 18:00:00,1007.0
20260913,180000,74W,41,2026,9,13,18,12.8,109.9,100500.0,2026-09-13 18:00:00,2026-09-13 18:00:00,1005.0
20260913,180000,74W,41,2026,9,13,18,13.0,106.3,100700.0,2026-09-13 18:00:00,2026-09-13 18:00:00,1007.0
20260913,180000,74W,41,2026,9,13,18,12.1,106.8,100500.0,2026-09-13 18:00:00,2026-09-13 18:00:00,1005.0
20260913,180000,74W,41,2026,9,13,18,13.0,104.60000000000001,100600.0,2026-09-13 18:00:00,2026-09-13 18:00:00,1006.0
20260913,180000,74W,41,2026,9,13,18,13.0,104.0,100600.0,2026-09-13 18:00:00,2026-09-13 18:00:00,1006.0
20260913,180000,74W,41,2026,9,13,18,13.200000000000001,103.9,100500.0,2026-09-13 18:00:00,2026-09-13 18:00:00,1005.0
20260913,180000,74W,41,2026,9,13,18,13.3,103.8,100500.0,2026-09-13 18:00:00,2026-09-13 18:00:00,1005.0
20260913,180000,74W,41,2026,9,13,18,13.200000000000001,103.60000000000001,100600.0,2026-09-13 18:00:00,2026-09-13 18:00:00,1006.0
20260913,180000,74W,41,2026,9,13,18,13.6,103.2,100600.0,2026-09-13 18:00:00,2026-09-13 18:00:00,1006.0
20260913,180000,74W,41,2026,9,13,18,13.6,102.9,100600.0,2026-09-13 18:00:00,2026-09-13 18:00:00,1006.0
20260913,180000,74W,41,2026,9,13,18,14.200000000000001,101.2,100600.0,2026-09-13 18:00:00,2026-09-13 18:00:00,1006.0
20260913,180000,74W,41,2026,9,13,18,14.200000000000001,101.2,100700.0,2026-09-13 18:00:00,2026-09-13 18:00:00,1007.0
20260913,180000,74W,41,2026,9,13,18,15.9,102.3,100800.0,2026-09-13 18:00:00,2026-09-13 18:00:00,1008.0
20260913,180000,74W,41,2026,9,13,18,16.7,101.2,100800.0,2026-09-13 18:00:00,2026-09-13 18:00:00,1008.0
20260913,180000,74W,41,2026,9,13,18,17.3,100.10000000000001,100700.0,2026-09-13 18:00:00,2026-09-13 18:00:00,1007.0
20260913,180000,74W,41,2026,9,13,18,16.7,99.2,100900.0,2026-09-13 18:00:00,2026-09-13 18:00:00,1009.0
20260913,180000,74W,41,2026,9,13,18,16.7,99.2,100900.0,2026-09-13 18:00:00,2026-09-13 18:00:00,1009.0
20260913,180000,74W,41,2026,9,13,18,15.5,100.4,100800.0,2026-09-13 18:00:00,2026-09-13 18:00:00,1008.0
20260913,180000,74W,42,2026,9,13,18,35.9,140.0,100500.0,2026-09-13 18:00:00,2026-09-13 18:00:00,1005.0
20260913,180000,74W,42,2026,9,13,18,37.300000000000004,145.9,100700.0,2026-09-13 18:00:00,2026-09-13 18:00:00,1007.0
20260913,180000,74W,42,2026,9,13,18,37.0,147.3,100800.0,2026-09-13 18:00:00,2026-09-13 18:00:00,1008.0
20260913,180000,74W,43,2026,9,13,18,15.0,155.20000000000002,100900.0,2026-09-13 18:00:00,2026-09-13 18:00:00,1009.0
20260913,180000,74W,43,2026,9,13,18,14.700000000000001,155.5,100600.0,2026-09-13 18:00:00,2026-09-13 18:00:00,1006.0
20260913,180000,74W,43,2026,9,13,18,15.9,154.1,100700.0,2026-09-13 18:00:00,2026-09-13 18:00:00,1007.0
20260913,180000,74W,43,2026,9,13,18,15.0,152.70000000000002,100300.0,2026-09-13 18:00:00,2026-09-13 18:00:00,1003.0
20260913,180000,74W,43,2026,9,13,18,16.7,151.8,100300.0,2026-09-13 18:00:00,2026-09-13 18:00:00,1003.0
20260913,180000,74W,43,2026,9,13,18,16.4,150.70000000000002,99900.0,2026-09-13 18:00:00,2026-09-13 18:00:00,999.0
20260913,180000,74W,43,2026,9,13,18,16.7,150.70000000000002,100100.0,2026-09-13 18:00:00,2026-09-13 18:00:00,1001.0
20260913,180000,74W,43,2026,9,13,18,17.8,150.4,99600.0,2026-09-13 18:00:00,2026-09-13 18:00:00,996.0
20260913,180000,74W,43,2026,9,13,18,18.7,150.1,99700.0,2026-09-13 18:00:00,2026-09-13 18:00:00,997.0
20260913,180000,74W,43,2026,9,13,18,19.8,149.9,99200.0,2026-09-13 18:00:00,2026-09-13 18:00:00,992.0
20260913,180000,74W,43,2026,9,13,18,20.7,148.5,98900.0,2026-09-13 18:00:00,2026-09-13 18:00:00,989.0
20260913,180000,74W,43,2026,9,13,18,21.8,147.3,98500.0,2026-09-13 18:00:00,2026-09-13 18:00:00,985.0
20260913,180000,74W,43,2026,9,13,18,22.1,145.9,98000.0,2026-09-13 18:00:00,2026-09-13 18:00:00,980.0
20260913,180000,74W,43,2026,9,13,18,22.6,144.20000000000002,97600.0,2026-09-13 18:00:00,2026-09-13 18:00:00,976.0
20260913,180000,74W,43,2026,9,13,18,23.2,142.5,97700.0,2026-09-13 18:00:00,2026-09-13 18:00:00,977.0
20260913,180000,74W,43,2026,9,13,18,24.0,141.4,97800.0,2026-09-13 18:00:00,2026-09-13 18:00:00,978.0
20260913,180000,74W,43,2026,9,13,18,24.6,140.0,97900.0,2026-09-13 18:00:00,2026-09-13 18:00:00,979.0
20260913,180000,74W,43,2026,9,13,18,25.400000000000002,138.9,97400.0,2026-09-13 18:00:00,2026-09-13 18:00:00,974.0
20260913,180000,74W,46,2026,9,13,18,15.3,157.70000000000002,100900.0,2026-09-13 18:00:00,2026-09-13 18:00:00,1009.0
20260913,180000,74W,46,2026,9,13,18,16.4,157.5,100700.0,2026-09-13 18:00:00,2026-09-13 18:00:00,1007.0
20260913,180000,74W,46,2026,9,13,18,17.0,156.3,100900.0,2026-09-13 18:00:00,2026-09-13 18:00:00,1009.0
20260913,180000,74W,46,2026,9,13,18,18.1,155.20000000000002,100800.0,2026-09-13 18:00:00,2026-09-13 18:00:00,1008.0
20260913,180000,74W,46,2026,9,13,18,17.8,154.4,101000.0,2026-09-13 18:00:00,2026-09-13 18:00:00,1010.0
20260913,180000,74W,46,2026,9,13,18,18.1,153.8,100900.0,2026-09-13 18:00:00,2026-09-13 18:00:00,1009.0
20260913,180000,74W,46,2026,9,13,18,18.7,153.20000000000002,101000.0,2026-09-13 18:00:00,2026-09-13 18:00:00,1010.0
20260913,180000,74W,46,2026,9,13,18,20.400000000000002,151.3,101000.0,2026-09-13 18:00:00,2026-09-13 18:00:00,1010.0
20260913,180000,74W,46,2026,9,13,18,20.400000000000002,150.1,100900.0,2026-09-13 18:00:00,2026-09-13 18:00:00,1009.0
20260913,180000,74W,46,2026,9,13,18,20.400000000000002,149.0,100700.0,2026-09-13 18:00:00,2026-09-13 18:00:00,1007.0
20260913,180000,74W,46,2026,9,13,18,19.8,147.6,100900.0,2026-09-13 18:00:00,2026-09-13 18:00:00,1009.0
20260913,180000,74W,46,2026,9,13,18,19.5,146.20000000000002,100600.0,2026-09-13 18:00:00,2026-09-13 18:00:00,1006.0
20260913,180000,74W,46,2026,9,13,18,19.0,144.8,100800.0,2026-09-13 18:00:00,2026-09-13 18:00:00,1008.0
20260913,180000,74W,46,2026,9,13,18,18.400000000000002,143.3,100600.0,2026-09-13 18:00:00,2026-09-13 18:00:00,1006.0
20260913,180000,74W,46,2026,9,13,18,17.8,142.3,100700.0,2026-09-13 18:00:00,2026-09-13 18:00:00,1007.0
20260913,180000,74W,46,2026,9,13,18,16.7,141.70000000000002,100500.0,2026-09-13 18:00:00,2026-09-13 18:00:00,1005.0
20260913,180000,74W,46,2026,9,13,18,17.0,140.6,100600.0,2026-09-13 18:00:00,2026-09-13 18:00:00,1006.0
20260913,180000,74W,46,2026,9,13,18,15.9,138.9,100300.0,2026-09-13 18:00:00,2026-09-13 18:00:00,1003.0
20260913,180000,74W,46,2026,9,13,18,15.0,138.0,100600.0,2026-09-13 18:00:00,2026-09-13 18:00:00,1006.0
20260913,180000,74W,46,2026,9,13,18,14.200000000000001,138.3,100300.0,2026-09-13 18:00:00,2026-09-13 18:00:00,1003.0
20260913,180000,74W,46,2026,9,13,18,14.700000000000001,139.20000000000002,100000.0,2026-09-13 18:00:00,2026-09-13 18:00:00,1000.0
20260913,180000,74W,46,2026,9,13,18,14.700000000000001,138.3,99900.0,2026-09-13 18:00:00,2026-09-13 18:00:00,999.0
20260913,180000,74W,46,2026,9,13,18,14.700000000000001,138.0,100300.0,2026-09-13 18:00:00,2026-09-13 18:00:00,1003.0
20260913,180000,74W,46,2026,9,13,18,15.0,138.0,99800.0,2026-09-13 18:00:00,2026-09-13 18:00:00,998.0
20260913,180000,74W,46,2026,9,13,18,15.0,138.0,99800.0,2026-09-13 18:00:00,2026-09-13 18:00:00,998.0
20260913,180000,74W,46,2026,9,13,18,15.3,138.3,98900.0,2026-09-13 18:00:00,2026-09-13 18:00:00,989.0
20260913,180000,74W,46,2026,9,13,18,15.9,138.3,98900.0,2026-09-13 18:00:00,2026-09-13 18:00:00,989.0
20260913,180000,74W,46,2026,9,13,18,16.7,138.6,98600.0,2026-09-13 18:00:00,2026-09-13 18:00:00,986.0
20260913,180000,74W,47,2026,9,13,18,9.4,144.5,101000.0,2026-09-13 18:00:00,2026-09-13 18:00:00,1010.0
20260913,180000,74W,47,2026,9,13,18,10.0,143.4,100700.0,2026-09-13 18:00:00,2026-09-13 18:00:00,1007.0
20260913,180000,74W,47,2026,9,13,18,11.4,143.1,100800.0,2026-09-13 18:00:00,2026-09-13 18:00:00,1008.0
20260913,180000,74W,47,2026,9,13,18,10.8,144.5,100700.0,2026-09-13 18:00:00,2026-09-13 18:00:00,1007.0
20260913,180000,74W,47,2026,9,13,18,11.1,141.70000000000002,100800.0,2026-09-13 18:00:00,2026-09-13 18:00:00,1008.0
20260913,180000,74W,47,2026,9,13,18,13.9,139.70000000000002,100800.0,2026-09-13 18:00:00,2026-09-13 18:00:00,1008.0
20260913,180000,74W,47,2026,9,13,18,13.6,138.0,101100.0,2026-09-13 18:00:00,2026-09-13 18:00:00,1011.0
20260913,180000,74W,47,2026,9,13,18,13.9,136.9,100700.0,2026-09-13 18:00:00,2026-09-13 18:00:00,1007.0
20260913,180000,74W,47,2026,9,13,18,13.9,134.7,100800.0,2026-09-13 18:00:00,2026-09-13 18:00:00,1008.0
20260913,180000,74W,47,2026,9,13,18,13.6,132.1,101100.0,2026-09-13 18:00:00,2026-09-13 18:00:00,1011.0
20260913,180000,74W,47,2026,9,13,18,13.9,130.5,100600.0,2026-09-13 18:00:00,2026-09-13 18:00:00,1006.0
20260913,180000,74W,47,2026,9,13,18,14.5,129.9,100800.0,2026-09-13 18:00:00,2026-09-13 18:00:00,1008.0
20260913,180000,74W,47,2026,9,13,18,14.700000000000001,127.9,100700.0,2026-09-13 18:00:00,2026-09-13 18:00:00,1007.0
20260913,180000,74W,47,2026,9,13,18,15.3,126.0,100800.0,2026-09-13 18:00:00,2026-09-13 18:00:00,1008.0
20260913,180000,74W,47,2026,9,13,18,15.6,124.0,100400.0,2026-09-13 18:00:00,2026-09-13 18:00:00,1004.0
20260913,180000,74W,47,2026,9,13,18,15.0,123.4,100300.0,2026-09-13 18:00:00,2026-09-13 18:00:00,1003.0
20260913,180000,74W,47,2026,9,13,18,15.9,121.7,100200.0,2026-09-13 18:00:00,2026-09-13 18:00:00,1002.0
20260913,180000,74W,47,2026,9,13,18,16.9,120.2,100300.0,2026-09-13 18:00:00,2026-09-13 18:00:00,1003.0
20260913,180000,74W,47,2026,9,13,18,17.0,119.2,100300.0,2026-09-13 18:00:00,2026-09-13 18:00:00,1003.0
20260913,180000,74W,47,2026,9,13,18,17.0,117.8,100500.0,2026-09-13 18:00:00,2026-09-13 18:00:00,1005.0
20260913,180000,74W,47,2026,9,13,18,17.3,116.4,100400.0,2026-09-13 18:00:00,2026-09-13 18:00:00,1004.0
20260913,180000,74W,47,2026,9,13,18,17.6,115.0,100500.0,2026-09-13 18:00:00,2026-09-13 18:00:00,1005.0
20260913,180000,74W,47,2026,9,13,18,17.8,113.9,100400.0,2026-09-13 18:00:00,2026-09-13 18:00:00,1004.0
20260913,180000,74W,47,2026,9,13,18,19.0,112.5,100500.0,2026-09-13 18:00:00,2026-09-13 18:00:00,1005.0
20260913,180000,74W,47,2026,9,13,18,18.7,111.9,100400.0,2026-09-13 18:00:00,2026-09-13 18:00:00,1004.0
20260913,180000,74W,48,2026,9,13,18,10.200000000000001,119.2,100700.0,2026-09-13 18:00:00,2026-09-13 18:00:00,1007.0
20260913,180000,74W,48,2026,9,13,18,10.8,117.0,100700.0,2026-09-13 18:00:00,2026-09-13 18:00:00,1007.0
20260913,180000,74W,48,2026,9,13,18,9.9,114.0,100800.0,2026-09-13 18:00:00,2026-09-13 18:00:00,1008.0
20260913,180000,74W,49,2026,9,13,18,10.8,178.3,100600.0,2026-09-13 18:00:00,2026-09-13 18:00:00,1006.0
20260913,180000,74W,49,2026,9,13,18,11.9,176.9,100700.0,2026-09-13 18:00:00,2026-09-13 18:00:00,1007.0
20260913,180000,74W,49,2026,9,13,18,11.9,177.4,100600.0,2026-09-13 18:00:00,2026-09-13 18:00:00,1006.0
20260913,180000,74W,49,2026,9,13,18,13.0,177.4,100600.0,2026-09-13 18:00:00,2026-09-13 18:00:00,1006.0
20260913,180000,74W,49,2026,9,13,18,13.3,176.6,100400.0,2026-09-13 18:00:00,2026-09-13 18:00:00,1004.0
20260913,180000,74W,49,2026,9,13,18,13.6,176.9,100200.0,2026-09-13 18:00:00,2026-09-13 18:00:00,1002.0
20260913,180000,74W,49,2026,9,13,18,14.200000000000001,176.3,99900.0,2026-09-13 18:00:00,2026-09-13 18:00:00,999.0
20260913,180000,74W,49,2026,9,13,18,14.200000000000001,175.5,99800.0,2026-09-13 18:00:00,2026-09-13 18:00:00,998.0
20260913,180000,74W,49,2026,9,13,18,14.700000000000001,175.70000000000002,99200.0,2026-09-13 18:00:00,2026-09-13 18:00:00,992.0
20260913,180000,74W,50,2026,9,13,18,10.200000000000001,178.8,100900.0,2026-09-13 18:00:00,2026-09-13 18:00:00,1009.0
20260913,180000,74W,50,2026,9,13,18,9.1,178.5,100800.0,2026-09-13 18:00:00,2026-09-13 18:00:00,1008.0
20260913,180000,74W,50,2026,9,13,18,9.4,178.8,100600.0,2026-09-13 18:00:00,2026-09-13 18:00:00,1006.0
20260913,180000,74W,50,2026,9,13,18,9.1,178.3,100700.0,2026-09-13 18:00:00,2026-09-13 18:00:00,1007.0
20260913,180000,74W,50,2026,9,13,18,8.5,178.8,100600.0,2026-09-13 18:00:00,2026-09-13 18:00:00,1006.0
20260913,180000,74W,50,2026,9,13,18,8.0,179.70000000000002,100700.0,2026-09-13 18:00:00,2026-09-13 18:00:00,1007.0
20260913,180000,74W,50,2026,9,13,18,8.8,180.0,100700.0,2026-09-13 18:00:00,2026-09-13 18:00:00,1007.0
20260913,180000,74W,50,2026,9,13,18,8.8,180.0,100600.0,2026-09-13 18:00:00,2026-09-13 18:00:00,1006.0
20260913,180000,74W,50,2026,9,13,18,10.200000000000001,180.0,100300.0,2026-09-13 18:00:00,2026-09-13 18:00:00,1003.0
20260913,180000,74W,51,2026,9,13,18,13.3,158.6,100500.0,2026-09-13 18:00:00,2026-09-13 18:00:00,1005.0
20260913,180000,74W,51,2026,9,13,18,15.0,160.0,100800.0,2026-09-13 18:00:00,2026-09-13 18:00:00,1008.0
20260913,180000,74W,51,2026,9,13,18,14.700000000000001,158.9,100500.0,2026-09-13 18:00:00,2026-09-13 18:00:00,1005.0
20260913,180000,75W,2,2026,9,13,18,12.5,100.10000000000001,100700.0,2026-09-13 18:00:00,2026-09-13 18:00:00,1007.0
20260913,180000,75W,2,2026,9,13,18,12.5,100.4,100800.0,2026-09-13 18:00:00,2026-09-13 18:00:00,1008.0
20260913,180000,75W,4,2026,9,13,18,15.3,130.2,100900.0,2026-09-13 18:00:00,2026-09-13 18:00:00,1009.0
20260913,180000,75W,4,2026,9,13,18,15.3,129.3,101000.0,2026-09-13 18:00:00,2026-09-13 18:00:00,1010.0
20260913,180000,75W,4,2026,9,13,18,14.700000000000001,129.9,100700.0,2026-09-13 18:00:00,2026-09-13 18:00:00,1007.0
20260913,180000,75W,4,2026,9,13,18,15.0,128.8,100800.0,2026-09-13 18:00:00,2026-09-13 18:00:00,1008.0
20260913,180000,75W,4,2026,9,13,18,14.700000000000001,129.3,100600.0,2026-09-13 18:00:00,2026-09-13 18:00:00,1006.0
20260913,180000,75W,4,2026,9,13,18,13.9,128.8,100800.0,2026-09-13 18:00:00,2026-09-13 18:00:00,1008.0
20260913,180000,75W,4,2026,9,13,18,13.9,127.60000000000001,100400.0,2026-09-13 18:00:00,2026-09-13 18:00:00,1004.0
20260913,180000,75W,4,2026,9,13,18,14.5,127.60000000000001,100600.0,2026-09-13 18:00:00,2026-09-13 18:00:00,1006.0
20260913,180000,75W,4,2026,9,13,18,13.200000000000001,126.9,100200.0,2026-09-13 18:00:00,2026-09-13 18:00:00,1002.0
20260913,180000,75W,5,2026,9,13,18,16.1,139.70000000000002,100800.0,2026-09-13 18:00:00,2026-09-13 18:00:00,1008.0
20260913,180000,75W,5,2026,9,13,18,16.4,136.1,101100.0,2026-09-13 18:00:00,2026-09-13 18:00:00,1011.0
20260913,180000,75W,5,2026,9,13,18,16.7,136.6,101000.0,2026-09-13 18:00:00,2026-09-13 18:00:00,1010.0
20260913,180000,75W,5,2026,9,13,18,17.0,136.6,101100.0,2026-09-13 18:00:00,2026-09-13 18:00:00,1011.0
20260913,180000,75W,5,2026,9,13,18,17.6,136.9,101000.0,2026-09-13 18:00:00,2026-09-13 18:00:00,1010.0
20260913,180000,75W,5,2026,9,13,18,18.1,135.8,101200.0,2026-09-13 18:00:00,2026-09-13 18:00:00,1012.0
20260913,180000,75W,5,2026,9,13,18,19.2,135.5,101000.0,2026-09-13 18:00:00,2026-09-13 18:00:00,1010.0
20260913,180000,75W,5,2026,9,13,18,19.5,134.7,101000.0,2026-09-13 18:00:00,2026-09-13 18:00:00,1010.0
20260913,180000,75W,5,2026,9,13,18,19.5,134.4,100700.0,2026-09-13 18:00:00,2026-09-13 18:00:00,1007.0
20260913,180000,75W,5,2026,9,13,18,20.1,135.0,100800.0,2026-09-13 18:00:00,2026-09-13 18:00:00,1008.0
20260913,180000,75W,5,2026,9,13,18,20.400000000000002,133.8,100300.0,2026-09-13 18:00:00,2026-09-13 18:00:00,1003.0
20260913,180000,75W,5,2026,9,13,18,20.400000000000002,133.8,100300.0,2026-09-13 18:00:00,2026-09-13 18:00:00,1003.0
20260913,180000,75W,5,2026,9,13,18,20.7,133.5,99900.0,2026-09-13 18:00:00,2026-09-13 18:00:00,999.0
20260913,180000,75W,5,2026,9,13,18,20.900000000000002,133.3,99700.0,2026-09-13 18:00:00,2026-09-13 18:00:00,997.0
20260913,180000,75W,5,2026,9,13,18,20.7,133.0,99000.0,2026-09-13 18:00:00,2026-09-13 18:00:00,990.0
20260913,180000,75W,5,2026,9,13,18,20.900000000000002,132.7,99000.0,2026-09-13 18:00:00,2026-09-13 18:00:00,990.0
20260913,180000,75W,5,2026,9,13,18,20.900000000000002,132.1,98400.0,2026-09-13 18:00:00,2026-09-13 18:00:00,984.0
20260913,180000,75W,5,2026,9,13,18,20.900000000000002,131.9,98600.0,2026-09-13 18:00:00,2026-09-13 18:00:00,986.0
20260913,180000,75W,5,2026,9,13,18,21.2,131.6,98100.0,2026-09-13 18:00:00,2026-09-13 18:00:00,981.0
20260913,180000,75W,5,2026,9,13,18,21.2,131.3,97700.0,2026-09-13 18:00:00,2026-09-13 18:00:00,977.0
20260913,180000,75W,5,2026,9,13,18,21.5,131.0,97500.0,2026-09-13 18:00:00,2026-09-13 18:00:00,975.0
20260913,180000,75W,5,2026,9,13,18,21.5,131.0,98600.0,2026-09-13 18:00:00,2026-09-13 18:00:00,986.0
20260913,180000,75W,5,2026,9,13,18,21.5,131.3,97900.0,2026-09-13 18:00:00,2026-09-13 18:00:00,979.0
20260913,180000,75W,5,2026,9,13,18,21.5,131.3,98400.0,2026-09-13 18:00:00,2026-09-13 18:00:00,984.0
20260913,180000,75W,5,2026,9,13,18,21.2,131.3,97500.0,2026-09-13 18:00:00,2026-09-13 18:00:00,975.0
20260913,180000,75W,5,2026,9,13,18,21.2,131.3,97800.0,2026-09-13 18:00:00,2026-09-13 18:00:00,978.0
20260913,180000,75W,5,2026,9,13,18,21.5,131.6,98000.0,2026-09-13 18:00:00,2026-09-13 18:00:00,980.0
20260913,180000,75W,6,2026,9,13,18,9.700000000000001,170.70000000000002,100800.0,2026-09-13 18:00:00,2026-09-13 18:00:00,1008.0
20260913,180000,75W,6,2026,9,13,18,10.200000000000001,171.0,100800.0,2026-09-13 18:00:00,2026-09-13 18:00:00,1008.0
20260913,180000,75W,6,2026,9,13,18,10.0,170.1,100700.0,2026-09-13 18:00:00,2026-09-13 18:00:00,1007.0
20260913,180000,75W,6,2026,9,13,18,9.700000000000001,168.70000000000002,100800.0,2026-09-13 18:00:00,2026-09-13 18:00:00,1008.0
20260913,180000,75W,6,2026,9,13,18,10.200000000000001,166.70000000000002,100600.0,2026-09-13 18:00:00,2026-09-13 18:00:00,1006.0
20260913,180000,75W,11,2026,9,13,18,5.6000000000000005,170.3,101000.0,2026-09-13 18:00:00,2026-09-13 18:00:00,1010.0
20260913,180000,75W,11,2026,9,13,18,9.700000000000001,170.1,101000.0,2026-09-13 18:00:00,2026-09-13 18:00:00,1010.0
20260913,180000,75W,11,2026,9,13,18,12.5,166.20000000000002,101000.0,2026-09-13 18:00:00,2026-09-13 18:00:00,1010.0
20260913,180000,75W,11,2026,9,13,18,11.9,162.5,100900.0,2026-09-13 18:00:00,2026-09-13 18:00:00,1009.0
20260913,180000,75W,11,2026,9,13,18,9.4,159.4,100800.0,2026-09-13 18:00:00,2026-09-13 18:00:00,1008.0
20260913,180000,75W,13,2026,9,13,18,13.3,153.0,100700.0,2026-09-13 18:00:00,2026-09-13 18:00:00,1007.0
20260913,180000,75W,13,2026,9,13,18,12.5,153.20000000000002,100800.0,2026-09-13 18:00:00,2026-09-13 18:00:00,1008.0
20260913,180000,75W,13,2026,9,13,18,12.200000000000001,154.4,100600.0,2026-09-13 18:00:00,2026-09-13 18:00:00,1006.0
20260913,180000,75W,13,2026,9,13,18,14.200000000000001,155.5,100900.0,2026-09-13 18:00:00,2026-09-13 18:00:00,1009.0
20260913,180000,75W,13,2026,9,13,18,16.1,153.8,100500.0,2026-09-13 18:00:00,2026-09-13 18:00:00,1005.0
20260913,180000,75W,13,2026,9,13,18,16.1,152.70000000000002,100800.0,2026-09-13 18:00:00,2026-09-13 18:00:00,1008.0
20260913,180000,75W,13,2026,9,13,18,17.0,150.70000000000002,100500.0,2026-09-13 18:00:00,2026-09-13 18:00:00,1005.0
20260913,180000,75W,13,2026,9,13,18,17.3,150.1,100600.0,2026-09-13 18:00:00,2026-09-13 18:00:00,1006.0
20260913,180000,75W,13,2026,9,13,18,18.1,149.0,100200.0,2026-09-13 18:00:00,2026-09-13 18:00:00,1002.0
20260913,180000,75W,13,2026,9,13,18,18.7,147.9,100300.0,2026-09-13 18:00:00,2026-09-13 18:00:00,1003.0
20260913,180000,75W,13,2026,9,13,18,18.7,146.8,99800.0,2026-09-13 18:00:00,2026-09-13 18:00:00,998.0
20260913,180000,75W,13,2026,9,13,18,19.2,146.5,99900.0,2026-09-13 18:00:00,2026-09-13 18:00:00,999.0
20260913,180000,75W,13,2026,9,13,18,20.1,146.20000000000002,99500.0,2026-09-13 18:00:00,2026-09-13 18:00:00,995.0
20260913,180000,75W,13,2026,9,13,18,20.7,145.1,99600.0,2026-09-13 18:00:00,2026-09-13 18:00:00,996.0
20260913,180000,75W,13,2026,9,13,18,20.7,144.8,99300.0,2026-09-13 18:00:00,2026-09-13 18:00:00,993.0
20260913,180000,75W,13,2026,9,13,18,20.900000000000002,144.5,99600.0,2026-09-13 18:00:00,2026-09-13 18:00:00,996.0
20260913,180000,75W,13,2026,9,13,18,21.2,144.0,99300.0,2026-09-13 18:00:00,2026-09-13 18:00:00,993.0
20260913,180000,75W,13,2026,9,13,18,20.7,143.1,99500.0,2026-09-13 18:00:00,2026-09-13 18:00:00,995.0
20260913,180000,75W,13,2026,9,13,18,20.7,142.8,99300.0,2026-09-13 18:00:00,2026-09-13 18:00:00,993.0
20260913,180000,75W,13,2026,9,13,18,20.1,142.3,99400.0,2026-09-13 18:00:00,2026-09-13 18:00:00,994.0
20260913,180000,75W,13,2026,9,13,18,19.5,142.0,99100.0,2026-09-13 18:00:00,2026-09-13 18:00:00,991.0
20260913,180000,75W,13,2026,9,13,18,19.5,141.1,99100.0,2026-09-13 18:00:00,2026-09-13 18:00:00,991.0
20260913,180000,75W,13,2026,9,13,18,19.8,140.3,98700.0,2026-09-13 18:00:00,2026-09-13 18:00:00,987.0
20260913,180000,75W,13,2026,9,13,18,19.5,139.5,98800.0,2026-09-13 18:00:00,2026-09-13 18:00:00,988.0
20260913,180000,75W,13,2026,9,13,18,19.5,138.6,97800.0,2026-09-13 18:00:00,2026-09-13 18:00:00,978.0
20260913,180000,75W,13,2026,9,13,18,19.8,138.0,97700.0,2026-09-13 18:00:00,2026-09-13 18:00:00,977.0
20260913,180000,75W,13,2026,9,13,18,19.8,137.20000000000002,97200.0,2026-09-13 18:00:00,2026-09-13 18:00:00,972.0
20260913,180000,75W,13,2026,9,13,18,20.1,136.6,96600.0,2026-09-13 18:00:00,2026-09-13 18:00:00,966.0
20260913,180000,75W,13,2026,9,13,18,20.400000000000002,135.8,96700.0,2026-09-13 18:00:00,2026-09-13 18:00:00,967.0
20260913,180000,75W,14,2026,9,13,18,12.5,153.8,100800.0,2026-09-13 18:00:00,2026-09-13 18:00:00,1008.0
20260913,180000,75W,14,2026,9,13,18,13.3,154.9,100800.0,2026-09-13 18:00:00,2026-09-13 18:00:00,1008.0
20260913,180000,75W,14,2026,9,13,18,13.3,157.20000000000002,100700.0,2026-09-13 18:00:00,2026-09-13 18:00:00,1007.0
20260913,180000,75W,14,2026,9,13,18,13.3,159.4,100800.0,2026-09-13 18:00:00,2026-09-13 18:00:00,1008.0
20260913,180000,75W,14,2026,9,13,18,17.0,161.4,101100.0,2026-09-13 18:00:00,2026-09-13 18:00:00,1011.0
20260913,180000,75W,14,2026,9,13,18,18.1,162.0,101000.0,2026-09-13 18:00:00,2026-09-13 18:00:00,1010.0
20260913,180000,75W,14,2026,9,13,18,19.0,160.8,101100.0,2026-09-13 18:00:00,2026-09-13 18:00:00,1011.0
20260913,180000,75W,14,2026,9,13,18,19.2,159.70000000000002,100900.0,2026-09-13 18:00:00,2026-09-13 18:00:00,1009.0
20260913,180000,75W,14,2026,9,13,18,19.0,159.1,101000.0,2026-09-13 18:00:00,2026-09-13 18:00:00,1010.0
20260913,180000,75W,14,2026,9,13,18,19.0,160.5,100900.0,2026-09-13 18:00:00,2026-09-13 18:00:00,1009.0
20260913,180000,75W,14,2026,9,13,18,20.1,159.70000000000002,101000.0,2026-09-13 18:00:00,2026-09-13 18:00:00,1010.0
20260913,180000,75W,14,2026,9,13,18,19.2,159.1,100700.0,2026-09-13 18:00:00,2026-09-13 18:00:00,1007.0
20260913,180000,75W,14,2026,9,13,18,19.0,159.1,100700.0,2026-09-13 18:00:00,2026-09-13 18:00:00,1007.0
20260913,180000,75W,14,2026,9,13,18,19.0,159.1,100500.0,2026-09-13 18:00:00,2026-09-13 18:00:00,1005.0
20260913,180000,75W,14,2026,9,13,18,19.0,159.4,100500.0,2026-09-13 18:00:00,2026-09-13 18:00:00,1005.0
20260913,180000,75W,14,2026,9,13,18,19.0,158.6,100200.0,2026-09-13 18:00:00,2026-09-13 18:00:00,1002.0
20260913,180000,75W,14,2026,9,13,18,18.400000000000002,158.3,100400.0,2026-09-13 18:00:00,2026-09-13 18:00:00,1004.0
20260913,180000,75W,14,2026,9,13,18,19.2,158.6,100100.0,2026-09-13 18:00:00,2026-09-13 18:00:00,1001.0
20260913,180000,75W,14,2026,9,13,18,19.2,157.70000000000002,100300.0,2026-09-13 18:00:00,2026-09-13 18:00:00,1003.0
20260913,180000,75W,14,2026,9,13,18,19.5,157.70000000000002,100000.0,2026-09-13 18:00:00,2026-09-13 18:00:00,1000.0
20260913,180000,75W,14,2026,9,13,18,20.400000000000002,157.70000000000002,100200.0,2026-09-13 18:00:00,2026-09-13 18:00:00,1002.0
20260913,180000,75W,14,2026,9,13,18,21.5,156.3,100000.0,2026-09-13 18:00:00,2026-09-13 18:00:00,1000.0
20260913,180000,75W,14,2026,9,13,18,21.5,156.0,100100.0,2026-09-13 18:00:00,2026-09-13 18:00:00,1001.0
20260913,180000,75W,14,2026,9,13,18,21.8,155.5,99900.0,2026-09-13 18:00:00,2026-09-13 18:00:00,999.0
20260913,180000,75W,14,2026,9,13,18,22.6,155.20000000000002,100100.0,2026-09-13 18:00:00,2026-09-13 18:00:00,1001.0
20260913,180000,75W,14,2026,9,13,18,23.5,154.9,99700.0,2026-09-13 18:00:00,2026-09-13 18:00:00,997.0
20260913,180000,75W,14,2026,9,13,18,23.8,153.5,100100.0,2026-09-13 18:00:00,2026-09-13 18:00:00,1001.0
20260913,180000,75W,14,2026,9,13,18,24.6,152.1,100000.0,2026-09-13 18:00:00,2026-09-13 18:00:00,1000.0
20260913,180000,75W,14,2026,9,13,18,25.0,150.70000000000002,100200.0,2026-09-13 18:00:00,2026-09-13 18:00:00,1002.0
20260913,180000,75W,14,2026,9,13,18,25.7,149.6,100000.0,2026-09-13 18:00:00,2026-09-13 18:00:00,1000.0
20260913,180000,75W,16,2026,9,13,18,11.9,180.0,100700.0,2026-09-13 18:00:00,2026-09-13 18:00:00,1007.0
20260913,180000,75W,16,2026,9,13,18,13.6,179.70000000000002,100700.0,2026-09-13 18:00:00,2026-09-13 18:00:00,1007.0
20260913,180000,75W,16,2026,9,13,18,15.6,180.5,100800.0,2026-09-13 18:00:00,2026-09-13 18:00:00,1008.0
20260913,180000,75W,16,2026,9,13,18,16.1,182.79999999999998,100800.0,2026-09-13 18:00:00,2026-09-13 18:00:00,1008.0
20260913,180000,75W,16,2026,9,13,18,16.1,183.9,100800.0,2026-09-13 18:00:00,2026-09-13 18:00:00,1008.0
20260913,180000,75W,16,2026,9,13,18,15.6,183.29999999999998,100800.0,2026-09-13 18:00:00,2026-09-13 18:00:00,1008.0
20260913,180000,75W,16,2026,9,13,18,14.700000000000001,182.5,100700.0,2026-09-13 18:00:00,2026-09-13 18:00:00,1007.0
20260913,180000,75W,16,2026,9,13,18,15.6,183.29999999999998,100700.0,2026-09-13 18:00:00,2026-09-13 18:00:00,1007.0
20260913,180000,75W,16,2026,9,13,18,14.700000000000001,183.0,100700.0,2026-09-13 18:00:00,2026-09-13 18:00:00,1007.0
20260913,180000,75W,16,2026,9,13,18,15.0,183.0,100700.0,2026-09-13 18:00:00,2026-09-13 18:00:00,1007.0
20260913,180000,75W,16,2026,9,13,18,15.9,182.2,100700.0,2026-09-13 18:00:00,2026-09-13 18:00:00,1007.0
20260913,180000,75W,16,2026,9,13,18,15.0,181.9,100700.0,2026-09-13 18:00:00,2026-09-13 18:00:00,1007.0
20260913,180000,75W,16,2026,9,13,18,15.9,181.9,100700.0,2026-09-13 18:00:00,2026-09-13 18:00:00,1007.0
20260913,180000,75W,20,2026,9,13,18,3.2,175.5,101100.0,2026-09-13 18:00:00,2026-09-13 18:00:00,1011.0
20260913,180000,75W,20,2026,9,13,18,3.8000000000000003,173.8,101000.0,2026-09-13 18:00:00,2026-09-13 18:00:00,1010.0
20260913,180000,75W,20,2026,9,13,18,2.9,173.20000000000002,100900.0,2026-09-13 18:00:00,2026-09-13 18:00:00,1009.0
20260913,180000,75W,21,2026,9,13,18,14.5,162.0,101000.0,2026-09-13 18:00:00,2026-09-13 18:00:00,1010.0
20260913,180000,75W,21,2026,9,13,18,13.0,162.5,100900.0,2026-09-13 18:00:00,2026-09-13 18:00:00,1009.0
20260913,180000,75W,21,2026,9,13,18,11.9,160.5,100800.0,2026-09-13 18:00:00,2026-09-13 18:00:00,1008.0
20260913,180000,75W,21,2026,9,13,18,12.5,157.70000000000002,100600.0,2026-09-13 18:00:00,2026-09-13 18:00:00,1006.0
20260913,180000,75W,21,2026,9,13,18,12.200000000000001,159.4,100400.0,2026-09-13 18:00:00,2026-09-13 18:00:00,1004.0
20260913,180000,75W,21,2026,9,13,18,12.8,160.5,100700.0,2026-09-13 18:00:00,2026-09-13 18:00:00,1007.0
20260913,180000,75W,21,2026,9,13,18,12.8,158.3,100400.0,2026-09-13 18:00:00,2026-09-13 18:00:00,1004.0
20260913,180000,75W,21,2026,9,13,18,12.5,159.1,100500.0,2026-09-13 18:00:00,2026-09-13 18:00:00,1005.0
20260913,180000,75W,21,2026,9,13,18,12.8,158.0,100300.0,2026-09-13 18:00:00,2026-09-13 18:00:00,1003.0
20260913,180000,75W,21,2026,9,13,18,13.0,157.5,100500.0,2026-09-13 18:00:00,2026-09-13 18:00:00,1005.0
20260913,180000,75W,21,2026,9,13,18,13.9,155.5,100200.0,2026-09-13 18:00:00,2026-09-13 18:00:00,1002.0
20260913,180000,75W,23,2026,9,13,18,10.8,174.0,100900.0,2026-09-13 18:00:00,2026-09-13 18:00:00,1009.0
20260913,180000,75W,23,2026,9,13,18,9.700000000000001,172.1,100800.0,2026-09-13 18:00:00,2026-09-13 18:00:00,1008.0
20260913,180000,75W,23,2026,9,13,18,10.200000000000001,172.6,100800.0,2026-09-13 18:00:00,2026-09-13 18:00:00,1008.0
20260913,180000,75W,23,2026,9,13,18,10.8,168.4,100700.0,2026-09-13 18:00:00,2026-09-13 18:00:00,1007.0
20260913,180000,75W,23,2026,9,13,18,10.8,167.3,100800.0,2026-09-13 18:00:00,2026-09-13 18:00:00,1008.0
20260913,180000,75W,23,2026,9,13,18,10.5,163.6,100800.0,2026-09-13 18:00:00,2026-09-13 18:00:00,1008.0
20260913,180000,75W,23,2026,9,13,18,10.8,164.5,100600.0,2026-09-13 18:00:00,2026-09-13 18:00:00,1006.0
20260913,180000,75W,23,2026,9,13,18,13.0,163.9,100700.0,2026-09-13 18:00:00,2026-09-13 18:00:00,1007.0
20260913,180000,75W,23,2026,9,13,18,12.8,162.20000000000002,100400.0,2026-09-13 18:00:00,2026-09-13 18:00:00,1004.0
20260913,180000,75W,23,2026,9,13,18,13.3,160.3,100600.0,2026-09-13 18:00:00,2026-09-13 18:00:00,1006.0
20260913,180000,75W,23,2026,9,13,18,13.6,161.1,100300.0,2026-09-13 18:00:00,2026-09-13 18:00:00,1003.0
20260913,180000,75W,24,2026,9,13,18,11.9,159.1,100800.0,2026-09-13 18:00:00,2026-09-13 18:00:00,1008.0
20260913,180000,75W,24,2026,9,13,18,11.6,158.9,100700.0,2026-09-13 18:00:00,2026-09-13 18:00:00,1007.0
20260913,180000,75W,24,2026,9,13,18,13.3,158.0,101000.0,2026-09-13 18:00:00,2026-09-13 18:00:00,1010.0
20260913,180000,75W,25,2026,9,13,18,13.4,103.60000000000001,100900.0,2026-09-13 18:00:00,2026-09-13 18:00:00,1009.0
20260913,180000,75W,25,2026,9,13,18,13.0,106.0,100700.0,2026-09-13 18:00:00,2026-09-13 18:00:00,1007.0
20260913,180000,75W,25,2026,9,13,18,11.6,104.60000000000001,100800.0,2026-09-13 18:00:00,2026-09-13 18:00:00,1008.0
20260913,180000,75W,25,2026,9,13,18,12.5,104.9,100600.0,2026-09-13 18:00:00,2026-09-13 18:00:00,1006.0
20260913,180000,75W,25,2026,9,13,18,13.9,103.5,100600.0,2026-09-13 18:00:00,2026-09-13 18:00:00,1006.0
20260913,180000,75W,25,2026,9,13,18,11.9,102.60000000000001,100600.0,2026-09-13 18:00:00,2026-09-13 18:00:00,1006.0
20260913,180000,75W,25,2026,9,13,18,10.8,103.5,100500.0,2026-09-13 18:00:00,2026-09-13 18:00:00,1005.0
20260913,180000,75W,25,2026,9,13,18,10.8,103.7,100600.0,2026-09-13 18:00:00,2026-09-13 18:00:00,1006.0
20260913,180000,75W,25,2026,9,13,18,11.9,102.60000000000001,100600.0,2026-09-13 18:00:00,2026-09-13 18:00:00,1006.0
20260913,180000,75W,25,2026,9,13,18,11.8,101.9,100600.0,2026-09-13 18:00:00,2026-09-13 18:00:00,1006.0
20260913,180000,75W,25,2026,9,13,18,12.200000000000001,102.0,100600.0,2026-09-13 18:00:00,2026-09-13 18:00:00,1006.0
20260913,180000,75W,25,2026,9,13,18,14.5,100.9,100700.0,2026-09-13 18:00:00,2026-09-13 18:00:00,1007.0
20260913,180000,75W,25,2026,9,13,18,17.0,100.10000000000001,100700.0,2026-09-13 18:00:00,2026-09-13 18:00:00,1007.0
20260913,180000,75W,26,2026,9,13,18,13.6,161.1,100900.0,2026-09-13 18:00:00,2026-09-13 18:00:00,1009.0
20260913,180000,75W,26,2026,9,13,18,13.3,161.70000000000002,100800.0,2026-09-13 18:00:00,2026-09-13 18:00:00,1008.0
20260913,180000,75W,26,2026,9,13,18,13.0,158.9,100700.0,2026-09-13 18:00:00,2026-09-13 18:00:00,1007.0
20260913,180000,75W,31,2026,9,13,18,13.3,136.6,101000.0,2026-09-13 18:00:00,2026-09-13 18:00:00,1010.0
20260913,180000,75W,31,2026,9,13,18,15.3,136.6,100700.0,2026-09-13 18:00:00,2026-09-13 18:00:00,1007.0
20260913,180000,75W,31,2026,9,13,18,17.8,134.7,100700.0,2026-09-13 18:00:00,2026-09-13 18:00:00,1007.0
20260913,180000,75W,31,2026,9,13,18,19.0,132.4,100800.0,2026-09-13 18:00:00,2026-09-13 18:00:00,1008.0
20260913,180000,75W,31,2026,9,13,18,18.7,133.1,100400.0,2026-09-13 18:00:00,2026-09-13 18:00:00,1004.0
20260913,180000,75W,31,2026,9,13,18,20.900000000000002,131.3,100200.0,2026-09-13 18:00:00,2026-09-13 18:00:00,1002.0
20260913,180000,75W,31,2026,9,13,18,21.8,131.0,100200.0,2026-09-13 18:00:00,2026-09-13 18:00:00,1002.0
20260913,180000,75W,31,2026,9,13,18,23.5,131.3,99700.0,2026-09-13 18:00:00,2026-09-13 18:00:00,997.0
20260913,180000,75W,31,2026,9,13,18,23.8,131.0,99800.0,2026-09-13 18:00:00,2026-09-13 18:00:00,998.0
20260913,180000,75W,31,2026,9,13,18,24.400000000000002,131.2,99700.0,2026-09-13 18:00:00,2026-09-13 18:00:00,997.0
20260913,180000,75W,31,2026,9,13,18,25.400000000000002,131.6,99900.0,2026-09-13 18:00:00,2026-09-13 18:00:00,999.0
20260913,180000,75W,31,2026,9,13,18,25.400000000000002,131.6,99500.0,2026-09-13 18:00:00,2026-09-13 18:00:00,995.0
20260913,180000,75W,31,2026,9,13,18,26.0,132.1,99700.0,2026-09-13 18:00:00,2026-09-13 18:00:00,997.0
20260913,180000,75W,31,2026,9,13,18,26.900000000000002,132.4,99600.0,2026-09-13 18:00:00,2026-09-13 18:00:00,996.0
20260913,180000,75W,31,2026,9,13,18,29.400000000000002,133.3,99600.0,2026-09-13 18:00:00,2026-09-13 18:00:00,996.0
20260913,180000,75W,31,2026,9,13,18,29.7,133.3,99500.0,2026-09-13 18:00:00,2026-09-13 18:00:00,995.0
20260913,180000,75W,31,2026,9,13,18,30.2,134.4,99500.0,2026-09-13 18:00:00,2026-09-13 18:00:00,995.0
20260913,180000,75W,31,2026,9,13,18,31.1,135.5,99600.0,2026-09-13 18:00:00,2026-09-13 18:00:00,996.0
20260913,180000,75W,32,2026,9,13,18,13.9,167.6,101000.0,2026-09-13 18:00:00,2026-09-13 18:00:00,1010.0
20260913,180000,75W,32,2026,9,13,18,13.9,167.3,100900.0,2026-09-13 18:00:00,2026-09-13 18:00:00,1009.0
20260913,180000,75W,32,2026,9,13,18,15.3,168.4,101100.0,2026-09-13 18:00:00,2026-09-13 18:00:00,1011.0
20260913,180000,75W,32,2026,9,13,18,13.6,168.4,100900.0,2026-09-13 18:00:00,2026-09-13 18:00:00,1009.0
20260913,180000,75W,32,2026,9,13,18,13.9,170.4,100900.0,2026-09-13 18:00:00,2026-09-13 18:00:00,1009.0
20260913,180000,75W,32,2026,9,13,18,12.8,169.3,100800.0,2026-09-13 18:00:00,2026-09-13 18:00:00,1008.0
20260913,180000,75W,32,2026,9,13,18,14.200000000000001,170.4,100900.0,2026-09-13 18:00:00,2026-09-13 18:00:00,1009.0
20260913,180000,75W,32,2026,9,13,18,14.1,170.1,100700.0,2026-09-13 18:00:00,2026-09-13 18:00:00,1007.0
20260913,180000,75W,36,2026,9,13,18,10.5,116.7,100800.0,2026-09-13 18:00:00,2026-09-13 18:00:00,1008.0
20260913,180000,75W,36,2026,9,13,18,12.200000000000001,117.8,100800.0,2026-09-13 18:00:00,2026-09-13 18:00:00,1008.0
20260913,180000,75W,36,2026,9,13,18,12.200000000000001,117.8,101000.0,2026-09-13 18:00:00,2026-09-13 18:00:00,1010.0
20260913,180000,75W,36,2026,9,13,18,14.200000000000001,115.8,101100.0,2026-09-13 18:00:00,2026-09-13 18:00:00,1011.0
20260913,180000,75W,36,2026,9,13,18,15.0,117.2,100900.0,2026-09-13 18:00:00,2026-09-13 18:00:00,1009.0
20260913,180000,75W,36,2026,9,13,18,15.0,117.2,100900.0,2026-09-13 18:00:00,2026-09-13 18:00:00,1009.0
20260913,180000,75W,36,2026,9,13,18,15.3,117.8,100800.0,2026-09-13 18:00:00,2026-09-13 18:00:00,1008.0
20260913,180000,75W,36,2026,9,13,18,17.0,117.2,100900.0,2026-09-13 18:00:00,2026-09-13 18:00:00,1009.0
20260913,180000,75W,36,2026,9,13,18,17.0,117.2,100800.0,2026-09-13 18:00:00,2026-09-13 18:00:00,1008.0
20260913,180000,75W,36,2026,9,13,18,17.0,117.2,100900.0,2026-09-13 18:00:00,2026-09-13 18:00:00,1009.0
20260913,180000,75W,36,2026,9,13,18,16.4,116.7,100800.0,2026-09-13 18:00:00,2026-09-13 18:00:00,1008.0
20260913,180000,75W,36,2026,9,13,18,17.0,116.60000000000001,100900.0,2026-09-13 18:00:00,2026-09-13 18:00:00,1009.0
20260913,180000,75W,36,2026,9,13,18,17.2,116.5,100900.0,2026-09-13 18:00:00,2026-09-13 18:00:00,1009.0
20260913,180000,75W,36,2026,9,13,18,17.8,116.7,101000.0,2026-09-13 18:00:00,2026-09-13 18:00:00,1010.0
20260913,180000,75W,36,2026,9,13,18,18.400000000000002,116.10000000000001,100900.0,2026-09-13 18:00:00,2026-09-13 18:00:00,1009.0
20260913,180000,75W,36,2026,9,13,18,18.7,115.8,101000.0,2026-09-13 18:00:00,2026-09-13 18:00:00,1010.0
20260913,180000,75W,36,2026,9,13,18,18.7,115.8,101100.0,2026-09-13 18:00:00,2026-09-13 18:00:00,1011.0
20260913,180000,75W,36,2026,9,13,18,19.0,116.10000000000001,101200.0,2026-09-13 18:00:00,2026-09-13 18:00:00,1012.0
20260913,180000,75W,36,2026,9,13,18,19.2,115.8,101100.0,2026-09-13 18:00:00,2026-09-13 18:00:00,1011.0
20260913,180000,75W,36,2026,9,13,18,18.7,115.8,101200.0,2026-09-13 18:00:00,2026-09-13 18:00:00,1012.0
20260913,180000,75W,36,2026,9,13,18,19.0,115.8,101100.0,2026-09-13 18:00:00,2026-09-13 18:00:00,1011.0
20260913,180000,75W,37,2026,9,13,18,10.0,111.60000000000001,100600.0,2026-09-13 18:00:00,2026-09-13 18:00:00,1006.0
20260913,180000,75W,37,2026,9,13,18,9.4,112.2,100700.0,2026-09-13 18:00:00,2026-09-13 18:00:00,1007.0
20260913,180000,75W,37,2026,9,13,18,9.1,112.2,100600.0,2026-09-13 18:00:00,2026-09-13 18:00:00,1006.0
20260913,180000,75W,37,2026,9,13,18,11.4,111.0,100700.0,2026-09-13 18:00:00,2026-09-13 18:00:00,1007.0
20260913,180000,75W,37,2026,9,13,18,10.700000000000001,110.7,100600.0,2026-09-13 18:00:00,2026-09-13 18:00:00,1006.0
20260913,180000,75W,37,2026,9,13,18,11.1,110.8,100600.0,2026-09-13 18:00:00,2026-09-13 18:00:00,1006.0
20260913,180000,75W,37,2026,9,13,18,12.200000000000001,110.8,100300.0,2026-09-13 18:00:00,2026-09-13 18:00:00,1003.0
20260913,180000,75W,37,2026,9,13,18,13.6,110.2,100000.0,2026-09-13 18:00:00,2026-09-13 18:00:00,1000.0
20260913,180000,75W,37,2026,9,13,18,15.3,109.10000000000001,99900.0,2026-09-13 18:00:00,2026-09-13 18:00:00,999.0
20260913,180000,75W,37,2026,9,13,18,16.4,107.7,100400.0,2026-09-13 18:00:00,2026-09-13 18:00:00,1004.0
20260913,180000,75W,37,2026,9,13,18,17.3,106.8,100600.0,2026-09-13 18:00:00,2026-09-13 18:00:00,1006.0
20260913,180000,75W,37,2026,9,13,18,17.8,106.0,101000.0,2026-09-13 18:00:00,2026-09-13 18:00:00,1010.0
20260913,180000,75W,37,2026,9,13,18,18.400000000000002,105.4,100900.0,2026-09-13 18:00:00,2026-09-13 18:00:00,1009.0
20260913,180000,75W,37,2026,9,13,18,18.900000000000002,106.0,100900.0,2026-09-13 18:00:00,2026-09-13 18:00:00,1009.0
20260913,180000,75W,37,2026,9,13,18,19.0,106.2,101100.0,2026-09-13 18:00:00,2026-09-13 18:00:00,1011.0
20260913,180000,75W,38,2026,9,13,18,11.1,150.70000000000002,100700.0,2026-09-13 18:00:00,2026-09-13 18:00:00,1007.0
20260913,180000,75W,38,2026,9,13,18,12.200000000000001,147.9,100800.0,2026-09-13 18:00:00,2026-09-13 18:00:00,1008.0
20260913,180000,75W,38,2026,9,13,18,13.3,149.6,101100.0,2026-09-13 18:00:00,2026-09-13 18:00:00,1011.0
20260913,180000,75W,38,2026,9,13,18,12.5,146.5,101100.0,2026-09-13 18:00:00,2026-09-13 18:00:00,1011.0
20260913,180000,75W,38,2026,9,13,18,14.200000000000001,142.5,101000.0,2026-09-13 18:00:00,2026-09-13 18:00:00,1010.0
20260913,180000,75W,41,2026,9,13,18,7.4,172.4,100900.0,2026-09-13 18:00:00,2026-09-13 18:00:00,1009.0
20260913,180000,75W,41,2026,9,13,18,8.0,173.8,100800.0,2026-09-13 18:00:00,2026-09-13 18:00:00,1008.0
20260913,180000,75W,43,2026,9,13,18,5.2,175.20000000000002,100900.0,2026-09-13 18:00:00,2026-09-13 18:00:00,1009.0
20260913,180000,75W,43,2026,9,13,18,7.1000000000000005,175.5,100900.0,2026-09-13 18:00:00,2026-09-13 18:00:00,1009.0
20260913,180000,75W,43,2026,9,13,18,6.9,174.0,100700.0,2026-09-13 18:00:00,2026-09-13 18:00:00,1007.0
20260913,180000,75W,43,2026,9,13,18,6.3,172.4,100700.0,2026-09-13 18:00:00,2026-09-13 18:00:00,1007.0
20260913,180000,75W,43,2026,9,13,18,9.1,172.9,100600.0,2026-09-13 18:00:00,2026-09-13 18:00:00,1006.0
20260913,180000,75W,47,2026,9,13,18,5.7,176.3,100600.0,2026-09-13 18:00:00,2026-09-13 18:00:00,1006.0
20260913,180000,75W,47,2026,9,13,18,6.6000000000000005,177.70000000000002,100400.0,2026-09-13 18:00:00,2026-09-13 18:00:00,1004.0
20260913,180000,75W,48,2026,9,13,18,37.300000000000004,146.8,100700.0,2026-09-13 18:00:00,2026-09-13 18:00:00,1007.0
20260913,180000,75W,48,2026,9,13,18,39.5,152.70000000000002,100700.0,2026-09-13 18:00:00,2026-09-13 18:00:00,1007.0
20260913,180000,75W,48,2026,9,13,18,41.2,155.5,100600.0,2026-09-13 18:00:00,2026-09-13 18:00:00,1006.0
20260913,180000,75W,48,2026,9,13,18,42.300000000000004,158.9,100900.0,2026-09-13 18:00:00,2026-09-13 18:00:00,1009.0
20260913,180000,75W,48,2026,9,13,18,43.800000000000004,162.8,100900.0,2026-09-13 18:00:00,2026-09-13 18:00:00,1009.0
20260913,180000,75W,48,2026,9,13,18,45.2,166.5,101200.0,2026-09-13 18:00:00,2026-09-13 18:00:00,1012.0
20260913,180000,75W,48,2026,9,13,18,46.0,171.20000000000002,101300.0,2026-09-13 18:00:00,2026-09-13 18:00:00,1013.0
20260913,180000,75W,51,2026,9,13,18,16.4,161.9,100600.0,2026-09-13 18:00:00,2026-09-13 18:00:00,1006.0
20260913,180000,75W,51,2026,9,13,18,16.1,162.8,100700.0,2026-09-13 18:00:00,2026-09-13 18:00:00,1007.0
20260913,180000,75W,51,2026,9,13,18,17.8,162.20000000000002,100300.0,2026-09-13 18:00:00,2026-09-13 18:00:00,1003.0
20260913,180000,75W,51,2026,9,13,18,17.8,162.20000000000002,100500.0,2026-09-13 18:00:00,2026-09-13 18:00:00,1005.0
20260913,180000,75W,51,2026,9,13,18,19.2,159.4,100300.0,2026-09-13 18:00:00,2026-09-13 18:00:00,1003.0
20260913,180000,75W,51,2026,9,13,18,19.0,159.4,99800.0,2026-09-13 18:00:00,2026-09-13 18:00:00,998.0
20260913,180000,75W,51,2026,9,13,18,19.5,160.3,99700.0,2026-09-13 18:00:00,2026-09-13 18:00:00,997.0
20260913,180000,75W,51,2026,9,13,18,20.400000000000002,159.1,99400.0,2026-09-13 18:00:00,2026-09-13 18:00:00,994.0
20260913,180000,75W,51,2026,9,13,18,20.1,158.6,99400.0,2026-09-13 18:00:00,2026-09-13 18:00:00,994.0
20260913,180000,75W,51,2026,9,13,18,20.900000000000002,157.5,99000.0,2026-09-13 18:00:00,2026-09-13 18:00:00,990.0
20260913,180000,75W,51,2026,9,13,18,20.400000000000002,156.0,99100.0,2026-09-13 18:00:00,2026-09-13 18:00:00,991.0
20260913,180000,75W,51,2026,9,13,18,20.7,155.8,98800.0,2026-09-13 18:00:00,2026-09-13 18:00:00,988.0
20260913,180000,76W,2,2026,9,13,18,11.6,135.5,101000.0,2026-09-13 18:00:00,2026-09-13 18:00:00,1010.0
20260913,180000,76W,2,2026,9,13,18,13.9,133.0,100900.0,2026-09-13 18:00:00,2026-09-13 18:00:00,1009.0
20260913,180000,76W,2,2026,9,13,18,13.0,131.3,101100.0,2026-09-13 18:00:00,2026-09-13 18:00:00,1011.0
20260913,180000,76W,2,2026,9,13,18,14.700000000000001,130.2,100900.0,2026-09-13 18:00:00,2026-09-13 18:00:00,1009.0
20260913,180000,76W,2,2026,9,13,18,16.7,127.10000000000001,100600.0,2026-09-13 18:00:00,2026-09-13 18:00:00,1006.0
20260913,180000,76W,2,2026,9,13,18,16.4,126.2,100700.0,2026-09-13 18:00:00,2026-09-13 18:00:00,1007.0
20260913,180000,76W,2,2026,9,13,18,17.6,126.2,100400.0,2026-09-13 18:00:00,2026-09-13 18:00:00,1004.0
20260913,180000,76W,2,2026,9,13,18,18.400000000000002,126.0,100500.0,2026-09-13 18:00:00,2026-09-13 18:00:00,1005.0
20260913,180000,76W,2,2026,9,13,18,19.2,125.4,100100.0,2026-09-13 18:00:00,2026-09-13 18:00:00,1001.0
20260913,180000,76W,2,2026,9,13,18,19.5,125.10000000000001,100500.0,2026-09-13 18:00:00,2026-09-13 18:00:00,1005.0
20260913,180000,76W,2,2026,9,13,18,20.1,124.5,100200.0,2026-09-13 18:00:00,2026-09-13 18:00:00,1002.0
20260913,180000,76W,2,2026,9,13,18,21.2,124.5,100300.0,2026-09-13 18:00:00,2026-09-13 18:00:00,1003.0
20260913,180000,76W,2,2026,9,13,18,22.1,124.3,100100.0,2026-09-13 18:00:00,2026-09-13 18:00:00,1001.0
20260913,180000,76W,2,2026,9,13,18,22.6,124.0,99700.0,2026-09-13 18:00:00,2026-09-13 18:00:00,997.0
20260913,180000,76W,2,2026,9,13,18,23.2,124.0,99800.0,2026-09-13 18:00:00,2026-09-13 18:00:00,998.0
20260913,180000,76W,2,2026,9,13,18,24.0,124.3,99900.0,2026-09-13 18:00:00,2026-09-13 18:00:00,999.0
20260913,180000,76W,2,2026,9,13,18,24.3,124.3,99400.0,2026-09-13 18:00:00,2026-09-13 18:00:00,994.0
20260913,180000,76W,2,2026,9,13,18,24.6,124.5,99300.0,2026-09-13 18:00:00,2026-09-13 18:00:00,993.0
20260913,180000,76W,2,2026,9,13,18,24.900000000000002,124.5,99200.0,2026-09-13 18:00:00,2026-09-13 18:00:00,992.0
20260913,180000,76W,11,2026,9,13,18,10.200000000000001,112.5,101000.0,2026-09-13 18:00:00,2026-09-13 18:00:00,1010.0
20260913,180000,76W,11,2026,9,13,18,9.4,113.3,100900.0,2026-09-13 18:00:00,2026-09-13 18:00:00,1009.0
20260913,180000,76W,11,2026,9,13,18,10.8,114.10000000000001,101000.0,2026-09-13 18:00:00,2026-09-13 18:00:00,1010.0
20260913,180000,76W,11,2026,9,13,18,11.6,114.10000000000001,101100.0,2026-09-13 18:00:00,2026-09-13 18:00:00,1011.0
20260913,180000,76W,11,2026,9,13,18,11.6,113.9,101000.0,2026-09-13 18:00:00,2026-09-13 18:00:00,1010.0
20260913,180000,76W,11,2026,9,13,18,12.5,113.60000000000001,101000.0,2026-09-13 18:00:00,2026-09-13 18:00:00,1010.0
20260913,180000,76W,11,2026,9,13,18,11.1,111.9,101100.0,2026-09-13 18:00:00,2026-09-13 18:00:00,1011.0
20260913,180000,76W,11,2026,9,13,18,12.200000000000001,111.60000000000001,100900.0,2026-09-13 18:00:00,2026-09-13 18:00:00,1009.0
20260913,180000,76W,11,2026,9,13,18,12.200000000000001,111.9,100800.0,2026-09-13 18:00:00,2026-09-13 18:00:00,1008.0
20260913,180000,76W,11,2026,9,13,18,11.4,110.5,101000.0,2026-09-13 18:00:00,2026-09-13 18:00:00,1010.0
20260913,180000,76W,11,2026,9,13,18,10.8,111.0,100900.0,2026-09-13 18:00:00,2026-09-13 18:00:00,1009.0
20260913,180000,76W,13,2026,9,13,18,5.4,180.0,100900.0,2026-09-13 18:00:00,2026-09-13 18:00:00,1009.0
20260913,180000,76W,13,2026,9,13,18,8.8,182.5,100900.0,2026-09-13 18:00:00,2026-09-13 18:00:00,1009.0
20260913,180000,76W,13,2026,9,13,18,10.5,181.1,100900.0,2026-09-13 18:00:00,2026-09-13 18:00:00,1009.0
20260913,180000,76W,13,2026,9,13,18,11.6,179.4,101000.0,2026-09-13 18:00:00,2026-09-13 18:00:00,1010.0
20260913,180000,76W,13,2026,9,13,18,11.4,180.5,100700.0,2026-09-13 18:00:00,2026-09-13 18:00:00,1007.0
20260913,180000,76W,13,2026,9,13,18,12.1,180.2,100900.0,2026-09-13 18:00:00,2026-09-13 18:00:00,1009.0
20260913,180000,76W,13,2026,9,13,18,11.4,181.1,100700.0,2026-09-13 18:00:00,2026-09-13 18:00:00,1007.0
20260913,180000,76W,13,2026,9,13,18,11.6,181.4,100700.0,2026-09-13 18:00:00,2026-09-13 18:00:00,1007.0
20260913,180000,76W,13,2026,9,13,18,10.5,183.0,100600.0,2026-09-13 18:00:00,2026-09-13 18:00:00,1006.0
20260913,180000,76W,13,2026,9,13,18,11.6,183.9,100600.0,2026-09-13 18:00:00,2026-09-13 18:00:00,1006.0
20260913,180000,76W,14,2026,9,13,18,5.4,174.3,100900.0,2026-09-13 18:00:00,2026-09-13 18:00:00,1009.0
20260913,180000,76W,14,2026,9,13,18,3.5,174.0,101100.0,2026-09-13 18:00:00,2026-09-13 18:00:00,1011.0
20260913,180000,76W,14,2026,9,13,18,5.2,173.8,100900.0,2026-09-13 18:00:00,2026-09-13 18:00:00,1009.0
20260913,180000,76W,20,2026,9,13,18,12.200000000000001,176.9,100800.0,2026-09-13 18:00:00,2026-09-13 18:00:00,1008.0
20260913,180000,76W,20,2026,9,13,18,9.700000000000001,176.0,100800.0,2026-09-13 18:00:00,2026-09-13 18:00:00,1008.0
20260913,180000,76W,20,2026,9,13,18,9.700000000000001,172.6,100800.0,2026-09-13 18:00:00,2026-09-13 18:00:00,1008.0
20260913,180000,76W,20,2026,9,13,18,8.5,171.20000000000002,100600.0,2026-09-13 18:00:00,2026-09-13 18:00:00,1006.0
20260913,180000,76W,20,2026,9,13,18,8.3,170.1,100700.0,2026-09-13 18:00:00,2026-09-13 18:00:00,1007.0
20260913,180000,76W,20,2026,9,13,18,8.8,171.20000000000002,100500.0,2026-09-13 18:00:00,2026-09-13 18:00:00,1005.0
20260913,180000,76W,20,2026,9,13,18,9.4,171.8,100500.0,2026-09-13 18:00:00,2026-09-13 18:00:00,1005.0
20260913,180000,76W,20,2026,9,13,18,7.7,173.20000000000002,100600.0,2026-09-13 18:00:00,2026-09-13 18:00:00,1006.0
20260913,180000,76W,21,2026,9,13,18,12.5,162.20000000000002,100600.0,2026-09-13 18:00:00,2026-09-13 18:00:00,1006.0
20260913,180000,76W,21,2026,9,13,18,13.6,162.8,100700.0,2026-09-13 18:00:00,2026-09-13 18:00:00,1007.0
20260913,180000,76W,24,2026,9,13,18,13.3,164.8,100900.0,2026-09-13 18:00:00,2026-09-13 18:00:00,1009.0
20260913,180000,76W,24,2026,9,13,18,13.6,164.5,101000.0,2026-09-13 18:00:00,2026-09-13 18:00:00,1010.0
20260913,180000,76W,24,2026,9,13,18,15.0,165.0,100700.0,2026-09-13 18:00:00,2026-09-13 18:00:00,1007.0
20260913,180000,76W,24,2026,9,13,18,15.0,163.9,100800.0,2026-09-13 18:00:00,2026-09-13 18:00:00,1008.0
20260913,180000,76W,24,2026,9,13,18,15.3,162.5,100700.0,2026-09-13 18:00:00,2026-09-13 18:00:00,1007.0
20260913,180000,76W,24,2026,9,13,18,16.1,162.0,100800.0,2026-09-13 18:00:00,2026-09-13 18:00:00,1008.0
20260913,180000,76W,24,2026,9,13,18,18.1,159.4,100900.0,2026-09-13 18:00:00,2026-09-13 18:00:00,1009.0
20260913,180000,76W,24,2026,9,13,18,18.1,158.0,100600.0,2026-09-13 18:00:00,2026-09-13 18:00:00,1006.0
20260913,180000,76W,24,2026,9,13,18,18.1,157.70000000000002,100800.0,2026-09-13 18:00:00,2026-09-13 18:00:00,1008.0
20260913,180000,76W,24,2026,9,13,18,18.7,154.9,100700.0,2026-09-13 18:00:00,2026-09-13 18:00:00,1007.0
20260913,180000,76W,24,2026,9,13,18,19.5,152.4,100700.0,2026-09-13 18:00:00,2026-09-13 18:00:00,1007.0
20260913,180000,76W,24,2026,9,13,18,20.1,149.0,100800.0,2026-09-13 18:00:00,2026-09-13 18:00:00,1008.0
20260913,180000,76W,24,2026,9,13,18,19.8,147.0,100900.0,2026-09-13 18:00:00,2026-09-13 18:00:00,1009.0
20260913,180000,76W,24,2026,9,13,18,19.8,145.9,100700.0,2026-09-13 18:00:00,2026-09-13 18:00:00,1007.0
20260913,180000,76W,25,2026,9,13,18,14.700000000000001,153.5,100900.0,2026-09-13 18:00:00,2026-09-13 18:00:00,1009.0
20260913,180000,76W,25,2026,9,13,18,16.7,152.4,101200.0,2026-09-13 18:00:00,2026-09-13 18:00:00,1012.0
20260913,180000,76W,31,2026,9,13,18,13.6,170.4,100900.0,2026-09-13 18:00:00,2026-09-13 18:00:00,1009.0
20260913,180000,76W,31,2026,9,13,18,14.700000000000001,168.4,100700.0,2026-09-13 18:00:00,2026-09-13 18:00:00,1007.0
20260913,180000,76W,31,2026,9,13,18,14.5,169.5,100600.0,2026-09-13 18:00:00,2026-09-13 18:00:00,1006.0
20260913,180000,76W,31,2026,9,13,18,15.0,168.4,100800.0,2026-09-13 18:00:00,2026-09-13 18:00:00,1008.0
20260913,180000,76W,31,2026,9,13,18,13.9,166.20000000000002,100500.0,2026-09-13 18:00:00,2026-09-13 18:00:00,1005.0
20260913,180000,76W,31,2026,9,13,18,15.0,164.8,100300.0,2026-09-13 18:00:00,2026-09-13 18:00:00,1003.0
20260913,180000,76W,31,2026,9,13,18,15.0,165.0,100400.0,2026-09-13 18:00:00,2026-09-13 18:00:00,1004.0
20260913,180000,76W,31,2026,9,13,18,14.700000000000001,163.6,100100.0,2026-09-13 18:00:00,2026-09-13 18:00:00,1001.0
20260913,180000,76W,31,2026,9,13,18,14.6,162.9,100200.0,2026-09-13 18:00:00,2026-09-13 18:00:00,1002.0
20260913,180000,76W,31,2026,9,13,18,14.700000000000001,161.70000000000002,99900.0,2026-09-13 18:00:00,2026-09-13 18:00:00,999.0
20260913,180000,76W,36,2026,9,13,18,11.1,166.5,100900.0,2026-09-13 18:00:00,2026-09-13 18:00:00,1009.0
20260913,180000,76W,36,2026,9,13,18,9.4,168.1,101100.0,2026-09-13 18:00:00,2026-09-13 18:00:00,1011.0
20260913,180000,76W,37,2026,9,13,18,11.6,154.6,101200.0,2026-09-13 18:00:00,2026-09-13 18:00:00,1012.0
20260913,180000,76W,37,2026,9,13,18,10.200000000000001,154.4,100800.0,2026-09-13 18:00:00,2026-09-13 18:00:00,1008.0
20260913,180000,76W,37,2026,9,13,18,11.6,152.1,100800.0,2026-09-13 18:00:00,2026-09-13 18:00:00,1008.0
20260913,180000,76W,37,2026,9,13,18,12.200000000000001,150.4,101000.0,2026-09-13 18:00:00,2026-09-13 18:00:00,1010.0
20260913,180000,76W,37,2026,9,13,18,12.200000000000001,152.1,100900.0,2026-09-13 18:00:00,2026-09-13 18:00:00,1009.0
20260913,180000,76W,37,2026,9,13,18,14.5,154.9,101100.0,2026-09-13 18:00:00,2026-09-13 18:00:00,1011.0
20260913,180000,76W,37,2026,9,13,18,14.5,156.3,101000.0,2026-09-13 18:00:00,2026-09-13 18:00:00,1010.0
20260913,180000,76W,37,2026,9,13,18,15.6,155.8,100900.0,2026-09-13 18:00:00,2026-09-13 18:00:00,1009.0
20260913,180000,76W,37,2026,9,13,18,15.0,155.20000000000002,100700.0,2026-09-13 18:00:00,2026-09-13 18:00:00,1007.0
20260913,180000,76W,37,2026,9,13,18,15.9,155.8,100800.0,2026-09-13 18:00:00,2026-09-13 18:00:00,1008.0
20260913,180000,76W,38,2026,9,13,18,15.0,134.4,101000.0,2026-09-13 18:00:00,2026-09-13 18:00:00,1010.0
20260913,180000,76W,38,2026,9,13,18,15.6,133.3,100700.0,2026-09-13 18:00:00,2026-09-13 18:00:00,1007.0
20260913,180000,76W,38,2026,9,13,18,14.6,131.7,100800.0,2026-09-13 18:00:00,2026-09-13 18:00:00,1008.0
20260913,180000,76W,38,2026,9,13,18,15.0,131.6,100600.0,2026-09-13 18:00:00,2026-09-13 18:00:00,1006.0
20260913,180000,76W,38,2026,9,13,18,15.3,130.7,100600.0,2026-09-13 18:00:00,2026-09-13 18:00:00,1006.0
20260913,180000,76W,38,2026,9,13,18,15.9,129.0,100200.0,2026-09-13 18:00:00,2026-09-13 18:00:00,1002.0
20260913,180000,76W,38,2026,9,13,18,15.6,128.8,100200.0,2026-09-13 18:00:00,2026-09-13 18:00:00,1002.0
20260913,180000,76W,38,2026,9,13,18,16.1,128.2,99900.0,2026-09-13 18:00:00,2026-09-13 18:00:00,999.0
20260913,180000,76W,38,2026,9,13,18,16.4,127.60000000000001,100000.0,2026-09-13 18:00:00,2026-09-13 18:00:00,1000.0
20260913,180000,76W,38,2026,9,13,18,16.7,126.2,99600.0,2026-09-13 18:00:00,2026-09-13 18:00:00,996.0
20260913,180000,76W,38,2026,9,13,18,16.7,125.7,99200.0,2026-09-13 18:00:00,2026-09-13 18:00:00,992.0
20260913,180000,76W,38,2026,9,13,18,17.0,124.8,98500.0,2026-09-13 18:00:00,2026-09-13 18:00:00,985.0
20260913,180000,76W,38,2026,9,13,18,17.0,124.3,98800.0,2026-09-13 18:00:00,2026-09-13 18:00:00,988.0
20260913,180000,76W,38,2026,9,13,18,17.8,122.9,98500.0,2026-09-13 18:00:00,2026-09-13 18:00:00,985.0
20260913,180000,76W,38,2026,9,13,18,17.6,122.3,99000.0,2026-09-13 18:00:00,2026-09-13 18:00:00,990.0
20260913,180000,76W,38,2026,9,13,18,17.0,120.3,99200.0,2026-09-13 18:00:00,2026-09-13 18:00:00,992.0
20260913,180000,76W,41,2026,9,13,18,10.5,108.2,100500.0,2026-09-13 18:00:00,2026-09-13 18:00:00,1005.0
20260913,180000,76W,41,2026,9,13,18,11.1,108.8,100700.0,2026-09-13 18:00:00,2026-09-13 18:00:00,1007.0
20260913,180000,76W,43,2026,9,13,18,12.200000000000001,167.0,100500.0,2026-09-13 18:00:00,2026-09-13 18:00:00,1005.0
20260913,180000,76W,43,2026,9,13,18,12.5,167.0,100300.0,2026-09-13 18:00:00,2026-09-13 18:00:00,1003.0
20260913,180000,76W,43,2026,9,13,18,13.1,164.4,100400.0,2026-09-13 18:00:00,2026-09-13 18:00:00,1004.0
20260913,180000,76W,43,2026,9,13,18,12.8,163.4,100100.0,2026-09-13 18:00:00,2026-09-13 18:00:00,1001.0
20260913,180000,76W,47,2026,9,13,18,14.200000000000001,176.6,100600.0,2026-09-13 18:00:00,2026-09-13 18:00:00,1006.0
20260913,180000,76W,47,2026,9,13,18,16.2,174.4,100700.0,2026-09-13 18:00:00,2026-09-13 18:00:00,1007.0
20260913,180000,76W,47,2026,9,13,18,16.4,169.5,100700.0,2026-09-13 18:00:00,2026-09-13 18:00:00,1007.0
20260913,180000,76W,47,2026,9,13,18,15.6,167.3,100500.0,2026-09-13 18:00:00,2026-09-13 18:00:00,1005.0
20260913,180000,76W,47,2026,9,13,18,17.3,166.20000000000002,100600.0,2026-09-13 18:00:00,2026-09-13 18:00:00,1006.0
20260913,180000,76W,47,2026,9,13,18,16.1,163.1,100400.0,2026-09-13 18:00:00,2026-09-13 18:00:00,1004.0
20260913,180000,77W,2,2026,9,13,18,5.7,175.5,101000.0,2026-09-13 18:00:00,2026-09-13 18:00:00,1010.0
20260913,180000,77W,2,2026,9,13,18,8.0,177.4,101100.0,2026-09-13 18:00:00,2026-09-13 18:00:00,1011.0
20260913,180000,77W,2,2026,9,13,18,9.1,175.70000000000002,100900.0,2026-09-13 18:00:00,2026-09-13 18:00:00,1009.0
20260913,180000,77W,2,2026,9,13,18,9.1,173.8,100800.0,2026-09-13 18:00:00,2026-09-13 18:00:00,1008.0
20260913,180000,77W,2,2026,9,13,18,8.3,173.5,100800.0,2026-09-13 18:00:00,2026-09-13 18:00:00,1008.0
20260913,180000,77W,2,2026,9,13,18,8.8,173.20000000000002,100800.0,2026-09-13 18:00:00,2026-09-13 18:00:00,1008.0
20260913,180000,77W,2,2026,9,13,18,6.3,172.6,100800.0,2026-09-13 18:00:00,2026-09-13 18:00:00,1008.0
20260913,180000,77W,20,2026,9,13,18,18.7,146.8,101200.0,2026-09-13 18:00:00,2026-09-13 18:00:00,1012.0
20260913,180000,77W,20,2026,9,13,18,21.400000000000002,146.1,101000.0,2026-09-13 18:00:00,2026-09-13 18:00:00,1010.0
20260913,180000,77W,20,2026,9,13,18,21.8,144.5,101200.0,2026-09-13 18:00:00,2026-09-13 18:00:00,1012.0
20260913,180000,77W,20,2026,9,13,18,21.8,142.5,101100.0,2026-09-13 18:00:00,2026-09-13 18:00:00,1011.0
20260913,180000,77W,31,2026,9,13,18,0.4,163.1,100800.0,2026-09-13 18:00:00,2026-09-13 18:00:00,1008.0
20260913,180000,77W,31,2026,9,13,18,0.4,165.6,100800.0,2026-09-13 18:00:00,2026-09-13 18:00:00,1008.0
20260913,180000,77W,31,2026,9,13,18,0.7000000000000001,168.4,100800.0,2026-09-13 18:00:00,2026-09-13 18:00:00,1008.0
20260913,180000,77W,31,2026,9,13,18,-0.9,172.9,100800.0,2026-09-13 18:00:00,2026-09-13 18:00:00,1008.0
20260913,180000,77W,37,2026,9,13,18,16.7,150.4,101000.0,2026-09-13 18:00:00,2026-09-13 18:00:00,1010.0
20260913,180000,77W,37,2026,9,13,18,16.4,149.6,100700.0,2026-09-13 18:00:00,2026-09-13 18:00:00,1007.0
20260913,180000,77W,37,2026,9,13,18,16.1,149.0,100800.0,2026-09-13 18:00:00,2026-09-13 18:00:00,1008.0
20260913,180000,77W,37,2026,9,13,18,15.9,148.70000000000002,100500.0,2026-09-13 18:00:00,2026-09-13 18:00:00,1005.0
20260913,180000,77W,37,2026,9,13,18,15.9,148.20000000000002,100500.0,2026-09-13 18:00:00,2026-09-13 18:00:00,1005.0
20260913,180000,77W,37,2026,9,13,18,15.9,148.20000000000002,100300.0,2026-09-13 18:00:00,2026-09-13 18:00:00,1003.0
20260913,180000,77W,37,2026,9,13,18,16.1,147.5,100500.0,2026-09-13 18:00:00,2026-09-13 18:00:00,1005.0
20260913,180000,77W,37,2026,9,13,18,16.7,147.0,100100.0,2026-09-13 18:00:00,2026-09-13 18:00:00,1001.0
20260913,180000,77W,38,2026,9,13,18,12.8,160.3,100800.0,2026-09-13 18:00:00,2026-09-13 18:00:00,1008.0
20260913,180000,77W,38,2026,9,13,18,11.6,159.4,100900.0,2026-09-13 18:00:00,2026-09-13 18:00:00,1009.0
20260913,180000,77W,38,2026,9,13,18,11.9,158.3,101000.0,2026-09-13 18:00:00,2026-09-13 18:00:00,1010.0
20260913,180000,77W,38,2026,9,13,18,13.0,160.0,100700.0,2026-09-13 18:00:00,2026-09-13 18:00:00,1007.0
20260913,180000,77W,38,2026,9,13,18,12.200000000000001,158.6,100900.0,2026-09-13 18:00:00,2026-09-13 18:00:00,1009.0
20260913,180000,77W,38,2026,9,13,18,11.9,157.5,100600.0,2026-09-13 18:00:00,2026-09-13 18:00:00,1006.0
20260913,180000,77W,38,2026,9,13,18,11.6,157.70000000000002,100700.0,2026-09-13 18:00:00,2026-09-13 18:00:00,1007.0
20260913,180000,77W,38,2026,9,13,18,11.4,158.3,100500.0,2026-09-13 18:00:00,2026-09-13 18:00:00,1005.0
20260913,180000,77W,38,2026,9,13,18,11.1,159.4,100700.0,2026-09-13 18:00:00,2026-09-13 18:00:00,1007.0
20260913,180000,77W,38,2026,9,13,18,11.1,160.0,100400.0,2026-09-13 18:00:00,2026-09-13 18:00:00,1004.0
20260913,180000,77W,41,2026,9,13,18,15.6,163.9,100800.0,2026-09-13 18:00:00,2026-09-13 18:00:00,1008.0
20260913,180000,77W,41,2026,9,13,18,15.3,161.1,100900.0,2026-09-13 18:00:00,2026-09-13 18:00:00,1009.0
20260913,180000,77W,41,2026,9,13,18,13.9,158.0,100800.0,2026-09-13 18:00:00,2026-09-13 18:00:00,1008.0
20260913,180000,77W,41,2026,9,13,18,14.5,159.8,100900.0,2026-09-13 18:00:00,2026-09-13 18:00:00,1009.0
20260913,180000,77W,41,2026,9,13,18,14.200000000000001,160.0,100800.0,2026-09-13 18:00:00,2026-09-13 18:00:00,1008.0
20260913,180000,77W,41,2026,9,13,18,12.8,160.5,100800.0,2026-09-13 18:00:00,2026-09-13 18:00:00,1008.0
20260913,180000,77W,41,2026,9,13,18,11.9,163.1,100700.0,2026-09-13 18:00:00,2026-09-13 18:00:00,1007.0
20260913,180000,77W,41,2026,9,13,18,12.5,162.0,100900.0,2026-09-13 18:00:00,2026-09-13 18:00:00,1009.0
20260913,180000,77W,47,2026,9,13,18,15.0,140.0,101000.0,2026-09-13 18:00:00,2026-09-13 18:00:00,1010.0
20260913,180000,77W,47,2026,9,13,18,14.8,137.1,100700.0,2026-09-13 18:00:00,2026-09-13 18:00:00,1007.0
20260913,180000,78W,41,2026,9,13,18,15.0,148.70000000000002,100800.0,2026-09-13 18:00:00,2026-09-13 18:00:00,1008.0
20260913,180000,78W,41,2026,9,13,18,15.9,148.70000000000002,100800.0,2026-09-13 18:00:00,2026-09-13 18:00:00,1008.0
20260913,180000,78W,41,2026,9,13,18,16.1,148.70000000000002,101000.0,2026-09-13 18:00:00,2026-09-13 18:00:00,1010.0
20260913,180000,78W,41,2026,9,13,18,16.1,148.70000000000002,100800.0,2026-09-13 18:00:00,2026-09-13 18:00:00,1008.0
20260913,180000,78W,41,2026,9,13,18,16.4,148.20000000000002,101000.0,2026-09-13 18:00:00,2026-09-13 18:00:00,1010.0
20260913,180000,78W,41,2026,9,13,18,15.9,147.6,100500.0,2026-09-13 18:00:00,2026-09-13 18:00:00,1005.0
20260913,180000,78W,41,2026,9,13,18,16.1,147.6,100800.0,2026-09-13 18:00:00,2026-09-13 18:00:00,1008.0
20260913,180000,78W,41,2026,9,13,18,15.6,147.3,100400.0,2026-09-13 18:00:00,2026-09-13 18:00:00,1004.0
20260913,180000,78W,41,2026,9,13,18,16.1,147.6,100500.0,2026-09-13 18:00:00,2026-09-13 18:00:00,1005.0
20260913,180000,78W,41,2026,9,13,18,16.0,146.4,100100.0,2026-09-13 18:00:00,2026-09-13 18:00:00,1001.0
20260913,180000,78W,41,2026,9,13,18,15.3,145.9,100100.0,2026-09-13 18:00:00,2026-09-13 18:00:00,1001.0
20260913,180000,78W,41,2026,9,13,18,16.1,145.4,99800.0,2026-09-13 18:00:00,2026-09-13 18:00:00,998.0
20260913,180000,78W,41,2026,9,13,18,16.4,144.8,100000.0,2026-09-13 18:00:00,2026-09-13 18:00:00,1000.0
20260913,180000,78W,41,2026,9,13,18,16.7,143.4,99500.0,2026-09-13 18:00:00,2026-09-13 18:00:00,995.0
20260913,180000,78W,41,2026,9,13,18,17.0,142.5,99700.0,2026-09-13 18:00:00,2026-09-13 18:00:00,997.0
20260913,180000,78W,41,2026,9,13,18,17.0,141.1,99300.0,2026-09-13 18:00:00,2026-09-13 18:00:00,993.0
20260913,180000,79W,41,2026,9,13,18,17.6,162.0,100700.0,2026-09-13 18:00:00,2026-09-13 18:00:00,1007.0
20260913,180000,79W,41,2026,9,13,18,17.8,160.6,100800.0,2026-09-13 18:00:00,2026-09-13 18:00:00,1008.0
20260913,180000,79W,41,2026,9,13,18,16.4,159.4,100500.0,2026-09-13 18:00:00,2026-09-13 18:00:00,1005.0
20260913,180000,79W,41,2026,9,13,18,17.0,159.8,100600.0,2026-09-13 18:00:00,2026-09-13 18:00:00,1006.0
20260913,180000,79W,41,2026,9,13,18,17.0,159.4,100400.0,2026-09-13 18:00:00,2026-09-13 18:00:00,1004.0
20260913,180000,79W,41,2026,9,13,18,16.8,159.3,100500.0,2026-09-13 18:00:00,2026-09-13 18:00:00,1005.0
20260913,180000,79W,41,2026,9,13,18,17.6,158.6,100200.0,2026-09-13 18:00:00,2026-09-13 18:00:00,1002.0
20260913,180000,79W,41,2026,9,13,18,18.1,157.70000000000002,100300.0,2026-09-13 18:00:00,2026-09-13 18:00:00,1003.0
20260913,180000,79W,41,2026,9,13,18,17.8,156.6,99800.0,2026-09-13 18:00:00,2026-09-13 18:00:00,998.0
