typicalDate,typicalTime,track,sample,year,month,day,hour,lat,lon,pressureReducedToMeanSeaLevel,base_dt,valid_dt,pressure
20260926,120000,32W,1,2026,9,26,12,24.0,127.2,97700.0,2026-09-26 12:00:00,2026-09-26 12:00:00,977.0
20260926,120000,32W,1,2026,9,26,12,24.7,127.7,97200.0,2026-09-26 12:00:00,2026-09-26 12:00:00,972.0
20260926,120000,32W,1,2026,9,26,12,25.400000000000002,128.3,96700.0,2026-09-26 12:00:00,2026-09-26 12:00:00,967.0
20260926,120000,32W,1,2026,9,26,12,25.7,129.0,97300.0,2026-09-26 12:00:00,2026-09-26 12:00:00,973.0
20260926,120000,32W,1,2026,9,26,12,26.3,129.7,97200.0,2026-09-26 12:00:00,2026-09-26 12:00:00,972.0
20260926,120000,32W,1,2026,9,26,12,26.8,130.5,98400.0,2026-09-26 12:00:00,2026-09-26 12:00:00,984.0
20260926,120000,32W,1,2026,9,26,12,27.3,131.2,98500.0,2026-09-26 12:00:00,2026-09-26 12:00:00,985.0
20260926,120000,32W,1,2026,9,26,12,27.900000000000002,132.1,99100.0,2026-09-26 12:00:00,2026-09-26 12:00:00,991.0
20260926,120000,32W,1,2026,9,26,12,28.5,132.9,99400.0,2026-09-26 12:00:00,2026-09-26 12:00:00,994.0
20260926,120000,32W,1,2026,9,26,12,29.3,134.1,99700.0,2026-09-26 12:00:00,2026-09-26 12:00:00,997.0
20260926,120000,32W,1,2026,9,26,12,30.3,135.7,99600.0,2026-09-26 12:00:00,2026-09-26 12:00:00,996.0
20260926,120000,32W,1,2026,9,26,12,30.6,137.1,100000.0,2026-09-26 12:00:00,2026-09-26 12:00:00,1000.0
20260926,120000,32W,1,2026,9,26,12,31.5,138.8,99900.0,2026-09-26 12:00:00,2026-09-26 12:00:00,999.0
20260926,120000,32W,1,2026,9,26,12,32.5,140.5,99900.0,2026-09-26 12:00:00,2026-09-26 12:00:00,999.0
20260926,120000,32W,1,2026,9,26,12,33.5,142.4,99800.0,2026-09-26 12:00:00,2026-09-26 12:00:00,998.0
20260926,120000,32W,1,2026,9,26,12,35.300000000000004,146.1,100300.0,2026-09-26 12:00:00,2026-09-26 12:00:00,1003.0
20260926,120000,32W,1,2026,9,26,12,38.9,151.3,100000.0,2026-09-26 12:00:00,2026-09-26 12:00:00,1000.0
20260926,120000,32W,1,2026,9,26,12,41.300000000000004,156.3,99400.0,2026-09-26 12:00:00,2026-09-26 12:00:00,994.0
20260926,120000,32W,2,2026,9,26,12,24.0,127.10000000000001,97100.0,2026-09-26 12:00:00,2026-09-26 12:00:00,971.0
20260926,120000,32W,2,2026,9,26,12,24.6,127.4,96800.0,2026-09-26 12:00:00,2026-09-26 12:00:00,968.0
20260926,120000,32W,2,2026,9,26,12,25.2,128.1,96600.0,2026-09-26 12:00:00,2026-09-26 12:00:00,966.0
20260926,120000,32W,2,2026,9,26,12,25.6,128.8,96500.0,2026-09-26 12:00:00,2026-09-26 12:00:00,965.0
20260926,120000,32W,2,2026,9,26,12,26.1,129.5,96900.0,2026-09-26 12:00:00,2026-09-26 12:00:00,969.0
20260926,120000,32W,2,2026,9,26,12,26.5,130.3,97500.0,2026-09-26 12:00:00,2026-09-26 12:00:00,975.0
20260926,120000,32W,2,2026,9,26,12,27.1,131.4,98500.0,2026-09-26 12:00:00,2026-09-26 12:00:00,985.0
20260926,120000,32W,2,2026,9,26,12,27.5,132.5,99000.0,2026-09-26 12:00:00,2026-09-26 12:00:00,990.0
20260926,120000,32W,2,2026,9,26,12,28.2,133.3,99400.0,2026-09-26 12:00:00,2026-09-26 12:00:00,994.0
20260926,120000,32W,2,2026,9,26,12,28.6,134.5,99700.0,2026-09-26 12:00:00,2026-09-26 12:00:00,997.0
20260926,120000,32W,2,2026,9,26,12,28.900000000000002,135.4,99400.0,2026-09-26 12:00:00,2026-09-26 12:00:00,994.0
20260926,120000,32W,2,2026,9,26,12,29.7,136.70000000000002,99900.0,2026-09-26 12:00:00,2026-09-26 12:00:00,999.0
20260926,120000,32W,2,2026,9,26,12,30.2,137.9,100000.0,2026-09-26 12:00:00,2026-09-26 12:00:00,1000.0
20260926,120000,32W,2,2026,9,26,12,31.1,139.1,100200.0,2026-09-26 12:00:00,2026-09-26 12:00:00,1002.0
20260926,120000,32W,2,2026,9,26,12,32.3,141.20000000000002,100500.0,2026-09-26 12:00:00,2026-09-26 12:00:00,1005.0
20260926,120000,32W,3,2026,9,26,12,24.0,127.3,97200.0,2026-09-26 12:00:00,2026-09-26 12:00:00,972.0
20260926,120000,32W,3,2026,9,26,12,24.8,127.8,96500.0,2026-09-26 12:00:00,2026-09-26 12:00:00,965.0
20260926,120000,32W,3,2026,9,26,12,25.5,128.5,95100.0,2026-09-26 12:00:00,2026-09-26 12:00:00,951.0
20260926,120000,32W,3,2026,9,26,12,26.1,129.3,96400.0,2026-09-26 12:00:00,2026-09-26 12:00:00,964.0
20260926,120000,32W,3,2026,9,26,12,26.6,130.3,96700.0,2026-09-26 12:00:00,2026-09-26 12:00:00,967.0
20260926,120000,32W,3,2026,9,26,12,27.1,131.3,97000.0,2026-09-26 12:00:00,2026-09-26 12:00:00,970.0
20260926,120000,32W,3,2026,9,26,12,27.7,132.3,97400.0,2026-09-26 12:00:00,2026-09-26 12:00:00,974.0
20260926,120000,32W,3,2026,9,26,12,28.0,133.2,98300.0,2026-09-26 12:00:00,2026-09-26 12:00:00,983.0
20260926,120000,32W,3,2026,9,26,12,28.6,134.0,98900.0,2026-09-26 12:00:00,2026-09-26 12:00:00,989.0
20260926,120000,32W,3,2026,9,26,12,29.400000000000002,135.2,99200.0,2026-09-26 12:00:00,2026-09-26 12:00:00,992.0
20260926,120000,32W,3,2026,9,26,12,30.0,136.8,99200.0,2026-09-26 12:00:00,2026-09-26 12:00:00,992.0
20260926,120000,32W,3,2026,9,26,12,30.6,138.20000000000002,99600.0,2026-09-26 12:00:00,2026-09-26 12:00:00,996.0
20260926,120000,32W,3,2026,9,26,12,32.0,139.70000000000002,99400.0,2026-09-26 12:00:00,2026-09-26 12:00:00,994.0
20260926,120000,32W,3,2026,9,26,12,32.5,141.70000000000002,99200.0,2026-09-26 12:00:00,2026-09-26 12:00:00,992.0
20260926,120000,32W,3,2026,9,26,12,33.2,143.5,99300.0,2026-09-26 12:00:00,2026-09-26 12:00:00,993.0
20260926,120000,32W,3,2026,9,26,12,33.9,145.1,99700.0,2026-09-26 12:00:00,2026-09-26 12:00:00,997.0
20260926,120000,32W,3,2026,9,26,12,34.6,146.5,99800.0,2026-09-26 12:00:00,2026-09-26 12:00:00,998.0
20260926,120000,32W,3,2026,9,26,12,36.7,149.20000000000002,99600.0,2026-09-26 12:00:00,2026-09-26 12:00:00,996.0
20260926,120000,32W,3,2026,9,26,12,37.6,151.0,99500.0,2026-09-26 12:00:00,2026-09-26 12:00:00,995.0
20260926,120000,32W,3,2026,9,26,12,39.6,154.0,99400.0,2026-09-26 12:00:00,2026-09-26 12:00:00,994.0
20260926,120000,32W,4,2026,9,26,12,24.2,127.10000000000001,99100.0,2026-09-26 12:00:00,2026-09-26 12:00:00,991.0
20260926,120000,32W,4,2026,9,26,12,24.900000000000002,127.60000000000001,98500.0,2026-09-26 12:00:00,2026-09-26 12:00:00,985.0
20260926,120000,32W,4,2026,9,26,12,25.6,128.2,97700.0,2026-09-26 12:00:00,2026-09-26 12:00:00,977.0
20260926,120000,32W,4,2026,9,26,12,26.0,129.0,97000.0,2026-09-26 12:00:00,2026-09-26 12:00:00,970.0
20260926,120000,32W,4,2026,9,26,12,26.5,130.0,96200.0,2026-09-26 12:00:00,2026-09-26 12:00:00,962.0
20260926,120000,32W,4,2026,9,26,12,26.900000000000002,131.0,96400.0,2026-09-26 12:00:00,2026-09-26 12:00:00,964.0
20260926,120000,32W,4,2026,9,26,12,27.2,132.0,97200.0,2026-09-26 12:00:00,2026-09-26 12:00:00,972.0
20260926,120000,32W,4,2026,9,26,12,27.2,132.9,97300.0,2026-09-26 12:00:00,2026-09-26 12:00:00,973.0
20260926,120000,32W,4,2026,9,26,12,27.7,133.7,97600.0,2026-09-26 12:00:00,2026-09-26 12:00:00,976.0
20260926,120000,32W,4,2026,9,26,12,28.1,134.5,98700.0,2026-09-26 12:00:00,2026-09-26 12:00:00,987.0
20260926,120000,32W,4,2026,9,26,12,28.5,135.4,98800.0,2026-09-26 12:00:00,2026-09-26 12:00:00,988.0
20260926,120000,32W,4,2026,9,26,12,28.8,136.4,99400.0,2026-09-26 12:00:00,2026-09-26 12:00:00,994.0
20260926,120000,32W,4,2026,9,26,12,29.2,137.0,99500.0,2026-09-26 12:00:00,2026-09-26 12:00:00,995.0
20260926,120000,32W,4,2026,9,26,12,29.8,137.70000000000002,99700.0,2026-09-26 12:00:00,2026-09-26 12:00:00,997.0
20260926,120000,32W,4,2026,9,26,12,30.1,138.6,99800.0,2026-09-26 12:00:00,2026-09-26 12:00:00,998.0
20260926,120000,32W,4,2026,9,26,12,30.400000000000002,139.20000000000002,100100.0,2026-09-26 12:00:00,2026-09-26 12:00:00,1001.0
20260926,120000,32W,4,2026,9,26,12,30.8,140.0,100100.0,2026-09-26 12:00:00,2026-09-26 12:00:00,1001.0
20260926,120000,32W,4,2026,9,26,12,33.0,142.20000000000002,100100.0,2026-09-26 12:00:00,2026-09-26 12:00:00,1001.0
20260926,120000,32W,4,2026,9,26,12,34.7,144.0,100100.0,2026-09-26 12:00:00,2026-09-26 12:00:00,1001.0
20260926,120000,32W,4,2026,9,26,12,37.2,147.5,99300.0,2026-09-26 12:00:00,2026-09-26 12:00:00,993.0
20260926,120000,32W,5,2026,9,26,12,24.0,127.2,98400.0,2026-09-26 12:00:00,2026-09-26 12:00:00,984.0
20260926,120000,32W,5,2026,9,26,12,24.900000000000002,127.8,97600.0,2026-09-26 12:00:00,2026-09-26 12:00:00,976.0
20260926,120000,32W,5,2026,9,26,12,25.8,128.6,96800.0,2026-09-26 12:00:00,2026-09-26 12:00:00,968.0
20260926,120000,32W,5,2026,9,26,12,26.400000000000002,129.5,97000.0,2026-09-26 12:00:00,2026-09-26 12:00:00,970.0
20260926,120000,32W,5,2026,9,26,12,27.1,130.6,96500.0,2026-09-26 12:00:00,2026-09-26 12:00:00,965.0
20260926,120000,32W,5,2026,9,26,12,27.7,131.9,96700.0,2026-09-26 12:00:00,2026-09-26 12:00:00,967.0
20260926,120000,32W,5,2026,9,26,12,28.0,133.3,95600.0,2026-09-26 12:00:00,2026-09-26 12:00:00,956.0
20260926,120000,32W,5,2026,9,26,12,28.2,134.5,96000.0,2026-09-26 12:00:00,2026-09-26 12:00:00,960.0
20260926,120000,32W,5,2026,9,26,12,28.5,135.4,96000.0,2026-09-26 12:00:00,2026-09-26 12:00:00,960.0
20260926,120000,32W,5,2026,9,26,12,28.7,136.3,97200.0,2026-09-26 12:00:00,2026-09-26 12:00:00,972.0
20260926,120000,32W,5,2026,9,26,12,29.1,137.1,97400.0,2026-09-26 12:00:00,2026-09-26 12:00:00,974.0
20260926,120000,32W,5,2026,9,26,12,29.400000000000002,138.20000000000002,97800.0,2026-09-26 12:00:00,2026-09-26 12:00:00,978.0
20260926,120000,32W,5,2026,9,26,12,29.8,139.20000000000002,98100.0,2026-09-26 12:00:00,2026-09-26 12:00:00,981.0
20260926,120000,32W,5,2026,9,26,12,30.2,140.20000000000002,98500.0,2026-09-26 12:00:00,2026-09-26 12:00:00,985.0
20260926,120000,32W,5,2026,9,26,12,30.8,141.1,98700.0,2026-09-26 12:00:00,2026-09-26 12:00:00,987.0
20260926,120000,32W,5,2026,9,26,12,31.2,142.0,99100.0,2026-09-26 12:00:00,2026-09-26 12:00:00,991.0
20260926,120000,32W,5,2026,9,26,12,31.900000000000002,142.4,99100.0,2026-09-26 12:00:00,2026-09-26 12:00:00,991.0
20260926,120000,32W,5,2026,9,26,12,32.9,143.5,99200.0,2026-09-26 12:00:00,2026-09-26 12:00:00,992.0
20260926,120000,32W,5,2026,9,26,12,33.3,144.9,99300.0,2026-09-26 12:00:00,2026-09-26 12:00:00,993.0
20260926,120000,32W,5,2026,9,26,12,34.7,146.3,99200.0,2026-09-26 12:00:00,2026-09-26 12:00:00,992.0
20260926,120000,32W,5,2026,9,26,12,36.0,148.9,98600.0,2026-09-26 12:00:00,2026-09-26 12:00:00,986.0
20260926,120000,32W,5,2026,9,26,12,37.0,152.5,98500.0,2026-09-26 12:00:00,2026-09-26 12:00:00,985.0
20260926,120000,32W,5,2026,9,26,12,38.800000000000004,157.0,98700.0,2026-09-26 12:00:00,2026-09-26 12:00:00,987.0
20260926,120000,32W,5,2026,9,26,12,40.6,162.1,99200.0,2026-09-26 12:00:00,2026-09-26 12:00:00,992.0
20260926,120000,32W,5,2026,9,26,12,42.5,167.6,99500.0,2026-09-26 12:00:00,2026-09-26 12:00:00,995.0
20260926,120000,32W,5,2026,9,26,12,43.9,173.3,99900.0,2026-09-26 12:00:00,2026-09-26 12:00:00,999.0
20260926,120000,32W,6,2026,9,26,12,23.7,127.0,97400.0,2026-09-26 12:00:00,2026-09-26 12:00:00,974.0
20260926,120000,32W,6,2026,9,26,12,24.2,127.5,96700.0,2026-09-26 12:00:00,2026-09-26 12:00:00,967.0
20260926,120000,32W,6,2026,9,26,12,24.900000000000002,128.2,96000.0,2026-09-26 12:00:00,2026-09-26 12:00:00,960.0
20260926,120000,32W,6,2026,9,26,12,25.400000000000002,129.0,95600.0,2026-09-26 12:00:00,2026-09-26 12:00:00,956.0
20260926,120000,32W,6,2026,9,26,12,25.900000000000002,129.7,94600.0,2026-09-26 12:00:00,2026-09-26 12:00:00,946.0
20260926,120000,32W,6,2026,9,26,12,26.1,130.6,95500.0,2026-09-26 12:00:00,2026-09-26 12:00:00,955.0
20260926,120000,32W,6,2026,9,26,12,26.5,131.3,95400.0,2026-09-26 12:00:00,2026-09-26 12:00:00,954.0
20260926,120000,32W,6,2026,9,26,12,26.6,132.0,96300.0,2026-09-26 12:00:00,2026-09-26 12:00:00,963.0
20260926,120000,32W,6,2026,9,26,12,26.900000000000002,132.4,97900.0,2026-09-26 12:00:00,2026-09-26 12:00:00,979.0
20260926,120000,32W,6,2026,9,26,12,27.1,133.0,98500.0,2026-09-26 12:00:00,2026-09-26 12:00:00,985.0
20260926,120000,32W,6,2026,9,26,12,27.5,133.7,99000.0,2026-09-26 12:00:00,2026-09-26 12:00:00,990.0
20260926,120000,32W,6,2026,9,26,12,27.6,134.2,99400.0,2026-09-26 12:00:00,2026-09-26 12:00:00,994.0
20260926,120000,32W,6,2026,9,26,12,28.1,134.8,99300.0,2026-09-26 12:00:00,2026-09-26 12:00:00,993.0
20260926,120000,32W,6,2026,9,26,12,28.7,135.3,99700.0,2026-09-26 12:00:00,2026-09-26 12:00:00,997.0
20260926,120000,32W,6,2026,9,26,12,29.5,136.1,99500.0,2026-09-26 12:00:00,2026-09-26 12:00:00,995.0
20260926,120000,32W,6,2026,9,26,12,30.2,136.9,99900.0,2026-09-26 12:00:00,2026-09-26 12:00:00,999.0
20260926,120000,32W,6,2026,9,26,12,31.1,137.9,99900.0,2026-09-26 12:00:00,2026-09-26 12:00:00,999.0
20260926,120000,32W,6,2026,9,26,12,32.7,139.20000000000002,99400.0,2026-09-26 12:00:00,2026-09-26 12:00:00,994.0
20260926,120000,32W,6,2026,9,26,12,33.9,141.4,99000.0,2026-09-26 12:00:00,2026-09-26 12:00:00,990.0
20260926,120000,32W,6,2026,9,26,12,35.0,144.1,98800.0,2026-09-26 12:00:00,2026-09-26 12:00:00,988.0
20260926,120000,32W,6,2026,9,26,12,36.300000000000004,147.70000000000002,98700.0,2026-09-26 12:00:00,2026-09-26 12:00:00,987.0
20260926,120000,32W,6,2026,9,26,12,37.800000000000004,152.3,99500.0,2026-09-26 12:00:00,2026-09-26 12:00:00,995.0
20260926,120000,32W,6,2026,9,26,12,39.9,157.4,99900.0,2026-09-26 12:00:00,2026-09-26 12:00:00,999.0
20260926,120000,32W,7,2026,9,26,12,24.0,127.0,97800.0,2026-09-26 12:00:00,2026-09-26 12:00:00,978.0
20260926,120000,32W,7,2026,9,26,12,24.7,127.4,97100.0,2026-09-26 12:00:00,2026-09-26 12:00:00,971.0
20260926,120000,32W,7,2026,9,26,12,25.2,128.0,96500.0,2026-09-26 12:00:00,2026-09-26 12:00:00,965.0
20260926,120000,32W,7,2026,9,26,12,25.6,128.8,97000.0,2026-09-26 12:00:00,2026-09-26 12:00:00,970.0
20260926,120000,32W,7,2026,9,26,12,26.0,129.5,97300.0,2026-09-26 12:00:00,2026-09-26 12:00:00,973.0
20260926,120000,32W,7,2026,9,26,12,26.400000000000002,130.6,97700.0,2026-09-26 12:00:00,2026-09-26 12:00:00,977.0
20260926,120000,32W,7,2026,9,26,12,26.7,131.4,98200.0,2026-09-26 12:00:00,2026-09-26 12:00:00,982.0
20260926,120000,32W,7,2026,9,26,12,27.0,132.0,98700.0,2026-09-26 12:00:00,2026-09-26 12:00:00,987.0
20260926,120000,32W,7,2026,9,26,12,27.5,132.5,99100.0,2026-09-26 12:00:00,2026-09-26 12:00:00,991.0
20260926,120000,32W,7,2026,9,26,12,27.900000000000002,133.1,99500.0,2026-09-26 12:00:00,2026-09-26 12:00:00,995.0
20260926,120000,32W,7,2026,9,26,12,28.400000000000002,134.2,99500.0,2026-09-26 12:00:00,2026-09-26 12:00:00,995.0
20260926,120000,32W,7,2026,9,26,12,28.6,134.7,99800.0,2026-09-26 12:00:00,2026-09-26 12:00:00,998.0
20260926,120000,32W,7,2026,9,26,12,28.8,135.4,99900.0,2026-09-26 12:00:00,2026-09-26 12:00:00,999.0
20260926,120000,32W,7,2026,9,26,12,29.2,136.1,100200.0,2026-09-26 12:00:00,2026-09-26 12:00:00,1002.0
20260926,120000,32W,7,2026,9,26,12,29.7,136.70000000000002,100200.0,2026-09-26 12:00:00,2026-09-26 12:00:00,1002.0
20260926,120000,32W,7,2026,9,26,12,30.1,137.4,100500.0,2026-09-26 12:00:00,2026-09-26 12:00:00,1005.0
20260926,120000,32W,7,2026,9,26,12,30.900000000000002,137.8,100400.0,2026-09-26 12:00:00,2026-09-26 12:00:00,1004.0
20260926,120000,32W,8,2026,9,26,12,24.0,127.2,99500.0,2026-09-26 12:00:00,2026-09-26 12:00:00,995.0
20260926,120000,32W,8,2026,9,26,12,24.7,127.60000000000001,99600.0,2026-09-26 12:00:00,2026-09-26 12:00:00,996.0
20260926,120000,32W,8,2026,9,26,12,25.3,128.3,99100.0,2026-09-26 12:00:00,2026-09-26 12:00:00,991.0
20260926,120000,32W,8,2026,9,26,12,25.8,129.1,99200.0,2026-09-26 12:00:00,2026-09-26 12:00:00,992.0
20260926,120000,32W,8,2026,9,26,12,26.5,129.9,99200.0,2026-09-26 12:00:00,2026-09-26 12:00:00,992.0
20260926,120000,32W,8,2026,9,26,12,27.1,130.8,99600.0,2026-09-26 12:00:00,2026-09-26 12:00:00,996.0
20260926,120000,32W,8,2026,9,26,12,27.5,131.9,99600.0,2026-09-26 12:00:00,2026-09-26 12:00:00,996.0
20260926,120000,32W,8,2026,9,26,12,28.0,132.7,99900.0,2026-09-26 12:00:00,2026-09-26 12:00:00,999.0
20260926,120000,32W,8,2026,9,26,12,28.5,133.7,100000.0,2026-09-26 12:00:00,2026-09-26 12:00:00,1000.0
20260926,120000,32W,8,2026,9,26,12,28.8,134.8,100200.0,2026-09-26 12:00:00,2026-09-26 12:00:00,1002.0
20260926,120000,32W,8,2026,9,26,12,29.900000000000002,137.4,100400.0,2026-09-26 12:00:00,2026-09-26 12:00:00,1004.0
20260926,120000,32W,8,2026,9,26,12,30.400000000000002,138.5,100400.0,2026-09-26 12:00:00,2026-09-26 12:00:00,1004.0
20260926,120000,32W,9,2026,9,26,12,24.1,127.10000000000001,98500.0,2026-09-26 12:00:00,2026-09-26 12:00:00,985.0
20260926,120000,32W,9,2026,9,26,12,24.7,127.60000000000001,98000.0,2026-09-26 12:00:00,2026-09-26 12:00:00,980.0
20260926,120000,32W,9,2026,9,26,12,25.2,128.1,97000.0,2026-09-26 12:00:00,2026-09-26 12:00:00,970.0
20260926,120000,32W,9,2026,9,26,12,25.6,128.8,96700.0,2026-09-26 12:00:00,2026-09-26 12:00:00,967.0
20260926,120000,32W,9,2026,9,26,12,25.900000000000002,129.7,95800.0,2026-09-26 12:00:00,2026-09-26 12:00:00,958.0
20260926,120000,32W,9,2026,9,26,12,26.1,130.4,96400.0,2026-09-26 12:00:00,2026-09-26 12:00:00,964.0
20260926,120000,32W,9,2026,9,26,12,26.400000000000002,131.2,97100.0,2026-09-26 12:00:00,2026-09-26 12:00:00,971.0
20260926,120000,32W,9,2026,9,26,12,26.400000000000002,131.7,97700.0,2026-09-26 12:00:00,2026-09-26 12:00:00,977.0
20260926,120000,32W,9,2026,9,26,12,26.6,132.1,98400.0,2026-09-26 12:00:00,2026-09-26 12:00:00,984.0
20260926,120000,32W,9,2026,9,26,12,26.8,132.4,98900.0,2026-09-26 12:00:00,2026-09-26 12:00:00,989.0
20260926,120000,32W,9,2026,9,26,12,27.0,132.8,99100.0,2026-09-26 12:00:00,2026-09-26 12:00:00,991.0
20260926,120000,32W,9,2026,9,26,12,27.2,133.1,99500.0,2026-09-26 12:00:00,2026-09-26 12:00:00,995.0
20260926,120000,32W,9,2026,9,26,12,27.3,133.3,99600.0,2026-09-26 12:00:00,2026-09-26 12:00:00,996.0
20260926,120000,32W,9,2026,9,26,12,27.6,133.4,99900.0,2026-09-26 12:00:00,2026-09-26 12:00:00,999.0
20260926,120000,32W,9,2026,9,26,12,27.8,133.7,99900.0,2026-09-26 12:00:00,2026-09-26 12:00:00,999.0
20260926,120000,32W,9,2026,9,26,12,28.2,133.3,100200.0,2026-09-26 12:00:00,2026-09-26 12:00:00,1002.0
20260926,120000,32W,9,2026,9,26,12,28.6,133.7,100200.0,2026-09-26 12:00:00,2026-09-26 12:00:00,1002.0
20260926,120000,32W,9,2026,9,26,12,29.2,134.2,100300.0,2026-09-26 12:00:00,2026-09-26 12:00:00,1003.0
20260926,120000,32W,9,2026,9,26,12,29.400000000000002,135.0,100500.0,2026-09-26 12:00:00,2026-09-26 12:00:00,1005.0
20260926,120000,32W,9,2026,9,26,12,31.3,136.9,100300.0,2026-09-26 12:00:00,2026-09-26 12:00:00,1003.0
20260926,120000,32W,9,2026,9,26,12,31.5,137.9,100300.0,2026-09-26 12:00:00,2026-09-26 12:00:00,1003.0
20260926,120000,32W,9,2026,9,26,12,31.6,138.8,99200.0,2026-09-26 12:00:00,2026-09-26 12:00:00,992.0
20260926,120000,32W,9,2026,9,26,12,31.6,139.9,99800.0,2026-09-26 12:00:00,2026-09-26 12:00:00,998.0
20260926,120000,32W,9,2026,9,26,12,31.6,140.6,99900.0,2026-09-26 12:00:00,2026-09-26 12:00:00,999.0
20260926,120000,32W,10,2026,9,26,12,24.2,127.2,97500.0,2026-09-26 12:00:00,2026-09-26 12:00:00,975.0
20260926,120000,32W,10,2026,9,26,12,24.900000000000002,127.8,96400.0,2026-09-26 12:00:00,2026-09-26 12:00:00,964.0
20260926,120000,32W,10,2026,9,26,12,25.6,128.4,95100.0,2026-09-26 12:00:00,2026-09-26 12:00:00,951.0
20260926,120000,32W,10,2026,9,26,12,26.0,129.3,95500.0,2026-09-26 12:00:00,2026-09-26 12:00:00,955.0
20260926,120000,32W,10,2026,9,26,12,26.5,130.2,96400.0,2026-09-26 12:00:00,2026-09-26 12:00:00,964.0
20260926,120000,32W,10,2026,9,26,12,26.8,131.2,97300.0,2026-09-26 12:00:00,2026-09-26 12:00:00,973.0
20260926,120000,32W,10,2026,9,26,12,27.1,132.2,97600.0,2026-09-26 12:00:00,2026-09-26 12:00:00,976.0
20260926,120000,32W,10,2026,9,26,12,27.400000000000002,133.0,97500.0,2026-09-26 12:00:00,2026-09-26 12:00:00,975.0
20260926,120000,32W,10,2026,9,26,12,27.5,133.8,98200.0,2026-09-26 12:00:00,2026-09-26 12:00:00,982.0
20260926,120000,32W,10,2026,9,26,12,28.0,134.3,98600.0,2026-09-26 12:00:00,2026-09-26 12:00:00,986.0
20260926,120000,32W,10,2026,9,26,12,28.2,135.2,98900.0,2026-09-26 12:00:00,2026-09-26 12:00:00,989.0
20260926,120000,32W,10,2026,9,26,12,28.3,135.9,99300.0,2026-09-26 12:00:00,2026-09-26 12:00:00,993.0
20260926,120000,32W,10,2026,9,26,12,28.6,136.70000000000002,99200.0,2026-09-26 12:00:00,2026-09-26 12:00:00,992.0
20260926,120000,32W,10,2026,9,26,12,29.0,137.3,99700.0,2026-09-26 12:00:00,2026-09-26 12:00:00,997.0
20260926,120000,32W,10,2026,9,26,12,29.400000000000002,137.70000000000002,99600.0,2026-09-26 12:00:00,2026-09-26 12:00:00,996.0
20260926,120000,32W,10,2026,9,26,12,29.7,138.0,99900.0,2026-09-26 12:00:00,2026-09-26 12:00:00,999.0
20260926,120000,32W,10,2026,9,26,12,30.400000000000002,138.0,99900.0,2026-09-26 12:00:00,2026-09-26 12:00:00,999.0
20260926,120000,32W,10,2026,9,26,12,31.5,138.3,100100.0,2026-09-26 12:00:00,2026-09-26 12:00:00,1001.0
20260926,120000,32W,10,2026,9,26,12,32.5,139.20000000000002,99800.0,2026-09-26 12:00:00,2026-09-26 12:00:00,998.0
20260926,120000,32W,10,2026,9,26,12,34.6,141.1,99200.0,2026-09-26 12:00:00,2026-09-26 12:00:00,992.0
20260926,120000,32W,10,2026,9,26,12,36.6,144.8,98500.0,2026-09-26 12:00:00,2026-09-26 12:00:00,985.0
20260926,120000,32W,10,2026,9,26,12,38.2,149.6,99100.0,2026-09-26 12:00:00,2026-09-26 12:00:00,991.0
20260926,120000,32W,11,2026,9,26,12,23.900000000000002,127.2,97100.0,2026-09-26 12:00:00,2026-09-26 12:00:00,971.0
20260926,120000,32W,11,2026,9,26,12,24.7,127.7,95200.0,2026-09-26 12:00:00,2026-09-26 12:00:00,952.0
20260926,120000,32W,11,2026,9,26,12,25.400000000000002,128.1,95000.0,2026-09-26 12:00:00,2026-09-26 12:00:00,950.0
20260926,120000,32W,11,2026,9,26,12,25.8,128.9,95000.0,2026-09-26 12:00:00,2026-09-26 12:00:00,950.0
20260926,120000,32W,11,2026,9,26,12,26.3,129.7,95500.0,2026-09-26 12:00:00,2026-09-26 12:00:00,955.0
20260926,120000,32W,11,2026,9,26,12,26.8,130.7,96900.0,2026-09-26 12:00:00,2026-09-26 12:00:00,969.0
20260926,120000,32W,11,2026,9,26,12,27.3,131.8,97300.0,2026-09-26 12:00:00,2026-09-26 12:00:00,973.0
20260926,120000,32W,11,2026,9,26,12,27.5,132.7,97900.0,2026-09-26 12:00:00,2026-09-26 12:00:00,979.0
20260926,120000,32W,11,2026,9,26,12,28.0,133.3,98600.0,2026-09-26 12:00:00,2026-09-26 12:00:00,986.0
20260926,120000,32W,11,2026,9,26,12,28.2,134.5,98900.0,2026-09-26 12:00:00,2026-09-26 12:00:00,989.0
20260926,120000,32W,11,2026,9,26,12,28.7,135.2,99000.0,2026-09-26 12:00:00,2026-09-26 12:00:00,990.0
20260926,120000,32W,11,2026,9,26,12,29.0,136.5,99500.0,2026-09-26 12:00:00,2026-09-26 12:00:00,995.0
20260926,120000,32W,11,2026,9,26,12,29.7,137.3,99500.0,2026-09-26 12:00:00,2026-09-26 12:00:00,995.0
20260926,120000,32W,11,2026,9,26,12,30.5,138.4,99700.0,2026-09-26 12:00:00,2026-09-26 12:00:00,997.0
20260926,120000,32W,11,2026,9,26,12,30.900000000000002,139.1,99700.0,2026-09-26 12:00:00,2026-09-26 12:00:00,997.0
20260926,120000,32W,11,2026,9,26,12,31.2,139.70000000000002,100000.0,2026-09-26 12:00:00,2026-09-26 12:00:00,1000.0
20260926,120000,32W,11,2026,9,26,12,32.0,140.70000000000002,100000.0,2026-09-26 12:00:00,2026-09-26 12:00:00,1000.0
20260926,120000,32W,11,2026,9,26,12,33.1,142.0,100200.0,2026-09-26 12:00:00,2026-09-26 12:00:00,1002.0
20260926,120000,32W,11,2026,9,26,12,34.800000000000004,143.9,99800.0,2026-09-26 12:00:00,2026-09-26 12:00:00,998.0
20260926,120000,32W,11,2026,9,26,12,36.800000000000004,146.70000000000002,99700.0,2026-09-26 12:00:00,2026-09-26 12:00:00,997.0
20260926,120000,32W,12,2026,9,26,12,23.7,126.9,99300.0,2026-09-26 12:00:00,2026-09-26 12:00:00,993.0
20260926,120000,32W,12,2026,9,26,12,24.400000000000002,127.4,99400.0,2026-09-26 12:00:00,2026-09-26 12:00:00,994.0
20260926,120000,32W,12,2026,9,26,12,25.2,128.0,99100.0,2026-09-26 12:00:00,2026-09-26 12:00:00,991.0
20260926,120000,32W,12,2026,9,26,12,25.6,128.6,99300.0,2026-09-26 12:00:00,2026-09-26 12:00:00,993.0
20260926,120000,32W,12,2026,9,26,12,26.2,129.2,99500.0,2026-09-26 12:00:00,2026-09-26 12:00:00,995.0
20260926,120000,32W,12,2026,9,26,12,26.8,129.9,99900.0,2026-09-26 12:00:00,2026-09-26 12:00:00,999.0
20260926,120000,32W,12,2026,9,26,12,27.3,130.7,99900.0,2026-09-26 12:00:00,2026-09-26 12:00:00,999.0
20260926,120000,32W,12,2026,9,26,12,27.7,131.4,100200.0,2026-09-26 12:00:00,2026-09-26 12:00:00,1002.0
20260926,120000,32W,12,2026,9,26,12,28.0,132.1,100300.0,2026-09-26 12:00:00,2026-09-26 12:00:00,1003.0
20260926,120000,32W,12,2026,9,26,12,28.5,133.0,100500.0,2026-09-26 12:00:00,2026-09-26 12:00:00,1005.0
20260926,120000,32W,12,2026,9,26,12,29.1,134.2,100300.0,2026-09-26 12:00:00,2026-09-26 12:00:00,1003.0
20260926,120000,32W,12,2026,9,26,12,29.7,135.5,100500.0,2026-09-26 12:00:00,2026-09-26 12:00:00,1005.0
20260926,120000,32W,12,2026,9,26,12,32.7,138.20000000000002,100300.0,2026-09-26 12:00:00,2026-09-26 12:00:00,1003.0
20260926,120000,32W,12,2026,9,26,12,33.5,140.6,100300.0,2026-09-26 12:00:00,2026-09-26 12:00:00,1003.0
20260926,120000,32W,12,2026,9,26,12,33.2,141.5,100500.0,2026-09-26 12:00:00,2026-09-26 12:00:00,1005.0
20260926,120000,32W,12,2026,9,26,12,35.800000000000004,146.0,100600.0,2026-09-26 12:00:00,2026-09-26 12:00:00,1006.0
20260926,120000,32W,13,2026,9,26,12,24.2,127.3,96600.0,2026-09-26 12:00:00,2026-09-26 12:00:00,966.0
20260926,120000,32W,13,2026,9,26,12,24.8,127.8,96400.0,2026-09-26 12:00:00,2026-09-26 12:00:00,964.0
20260926,120000,32W,13,2026,9,26,12,25.5,128.5,95500.0,2026-09-26 12:00:00,2026-09-26 12:00:00,955.0
20260926,120000,32W,13,2026,9,26,12,26.1,129.4,95400.0,2026-09-26 12:00:00,2026-09-26 12:00:00,954.0
20260926,120000,32W,13,2026,9,26,12,26.8,130.5,95100.0,2026-09-26 12:00:00,2026-09-26 12:00:00,951.0
20260926,120000,32W,13,2026,9,26,12,27.3,131.7,95500.0,2026-09-26 12:00:00,2026-09-26 12:00:00,955.0
20260926,120000,32W,13,2026,9,26,12,27.8,132.9,95900.0,2026-09-26 12:00:00,2026-09-26 12:00:00,959.0
20260926,120000,32W,13,2026,9,26,12,28.2,133.8,97700.0,2026-09-26 12:00:00,2026-09-26 12:00:00,977.0
20260926,120000,32W,13,2026,9,26,12,28.7,134.9,97800.0,2026-09-26 12:00:00,2026-09-26 12:00:00,978.0
20260926,120000,32W,13,2026,9,26,12,29.2,136.0,98600.0,2026-09-26 12:00:00,2026-09-26 12:00:00,986.0
20260926,120000,32W,13,2026,9,26,12,30.0,137.4,98400.0,2026-09-26 12:00:00,2026-09-26 12:00:00,984.0
20260926,120000,32W,13,2026,9,26,12,30.8,139.20000000000002,99200.0,2026-09-26 12:00:00,2026-09-26 12:00:00,992.0
20260926,120000,32W,13,2026,9,26,12,31.8,141.1,99400.0,2026-09-26 12:00:00,2026-09-26 12:00:00,994.0
20260926,120000,32W,13,2026,9,26,12,32.7,143.20000000000002,99600.0,2026-09-26 12:00:00,2026-09-26 12:00:00,996.0
20260926,120000,32W,13,2026,9,26,12,33.4,145.0,99600.0,2026-09-26 12:00:00,2026-09-26 12:00:00,996.0
20260926,120000,32W,13,2026,9,26,12,35.1,148.1,100000.0,2026-09-26 12:00:00,2026-09-26 12:00:00,1000.0
20260926,120000,32W,13,2026,9,26,12,38.2,152.9,99700.0,2026-09-26 12:00:00,2026-09-26 12:00:00,997.0
20260926,120000,32W,13,2026,9,26,12,40.9,158.8,99600.0,2026-09-26 12:00:00,2026-09-26 12:00:00,996.0
20260926,120000,32W,14,2026,9,26,12,24.0,127.10000000000001,96900.0,2026-09-26 12:00:00,2026-09-26 12:00:00,969.0
20260926,120000,32W,14,2026,9,26,12,24.6,127.4,96300.0,2026-09-26 12:00:00,2026-09-26 12:00:00,963.0
20260926,120000,32W,14,2026,9,26,12,25.2,128.0,96500.0,2026-09-26 12:00:00,2026-09-26 12:00:00,965.0
20260926,120000,32W,14,2026,9,26,12,25.6,128.7,97000.0,2026-09-26 12:00:00,2026-09-26 12:00:00,970.0
20260926,120000,32W,14,2026,9,26,12,26.2,129.4,98000.0,2026-09-26 12:00:00,2026-09-26 12:00:00,980.0
20260926,120000,32W,14,2026,9,26,12,26.8,130.2,99200.0,2026-09-26 12:00:00,2026-09-26 12:00:00,992.0
20260926,120000,32W,14,2026,9,26,12,27.400000000000002,131.2,99400.0,2026-09-26 12:00:00,2026-09-26 12:00:00,994.0
20260926,120000,32W,14,2026,9,26,12,27.8,132.2,99900.0,2026-09-26 12:00:00,2026-09-26 12:00:00,999.0
20260926,120000,32W,14,2026,9,26,12,28.6,133.1,100000.0,2026-09-26 12:00:00,2026-09-26 12:00:00,1000.0
20260926,120000,32W,14,2026,9,26,12,29.3,134.2,100300.0,2026-09-26 12:00:00,2026-09-26 12:00:00,1003.0
20260926,120000,32W,14,2026,9,26,12,30.2,136.0,100200.0,2026-09-26 12:00:00,2026-09-26 12:00:00,1002.0
20260926,120000,32W,14,2026,9,26,12,31.8,138.1,100000.0,2026-09-26 12:00:00,2026-09-26 12:00:00,1000.0
20260926,120000,32W,14,2026,9,26,12,33.4,140.1,99300.0,2026-09-26 12:00:00,2026-09-26 12:00:00,993.0
20260926,120000,32W,14,2026,9,26,12,33.7,141.8,99700.0,2026-09-26 12:00:00,2026-09-26 12:00:00,997.0
20260926,120000,32W,14,2026,9,26,12,34.4,144.20000000000002,99700.0,2026-09-26 12:00:00,2026-09-26 12:00:00,997.0
20260926,120000,32W,14,2026,9,26,12,35.300000000000004,145.8,99700.0,2026-09-26 12:00:00,2026-09-26 12:00:00,997.0
20260926,120000,32W,15,2026,9,26,12,24.0,127.0,98300.0,2026-09-26 12:00:00,2026-09-26 12:00:00,983.0
20260926,120000,32W,15,2026,9,26,12,24.8,127.60000000000001,97900.0,2026-09-26 12:00:00,2026-09-26 12:00:00,979.0
20260926,120000,32W,15,2026,9,26,12,25.5,128.2,96800.0,2026-09-26 12:00:00,2026-09-26 12:00:00,968.0
20260926,120000,32W,15,2026,9,26,12,26.1,129.0,96700.0,2026-09-26 12:00:00,2026-09-26 12:00:00,967.0
20260926,120000,32W,15,2026,9,26,12,26.8,129.9,96600.0,2026-09-26 12:00:00,2026-09-26 12:00:00,966.0
20260926,120000,32W,15,2026,9,26,12,27.400000000000002,131.0,97400.0,2026-09-26 12:00:00,2026-09-26 12:00:00,974.0
20260926,120000,32W,15,2026,9,26,12,27.900000000000002,132.1,98300.0,2026-09-26 12:00:00,2026-09-26 12:00:00,983.0
20260926,120000,32W,15,2026,9,26,12,28.400000000000002,133.1,99000.0,2026-09-26 12:00:00,2026-09-26 12:00:00,990.0
20260926,120000,32W,15,2026,9,26,12,29.1,134.3,99100.0,2026-09-26 12:00:00,2026-09-26 12:00:00,991.0
20260926,120000,32W,15,2026,9,26,12,29.7,135.5,99500.0,2026-09-26 12:00:00,2026-09-26 12:00:00,995.0
20260926,120000,32W,15,2026,9,26,12,30.8,136.8,99400.0,2026-09-26 12:00:00,2026-09-26 12:00:00,994.0
20260926,120000,32W,15,2026,9,26,12,32.0,138.20000000000002,99200.0,2026-09-26 12:00:00,2026-09-26 12:00:00,992.0
20260926,120000,32W,15,2026,9,26,12,32.8,139.9,98900.0,2026-09-26 12:00:00,2026-09-26 12:00:00,989.0
20260926,120000,32W,15,2026,9,26,12,33.8,142.20000000000002,98500.0,2026-09-26 12:00:00,2026-09-26 12:00:00,985.0
20260926,120000,32W,15,2026,9,26,12,34.9,144.9,99000.0,2026-09-26 12:00:00,2026-09-26 12:00:00,990.0
20260926,120000,32W,15,2026,9,26,12,36.300000000000004,147.5,99300.0,2026-09-26 12:00:00,2026-09-26 12:00:00,993.0
20260926,120000,32W,15,2026,9,26,12,37.9,150.1,98800.0,2026-09-26 12:00:00,2026-09-26 12:00:00,988.0
20260926,120000,32W,15,2026,9,26,12,38.9,153.70000000000002,98800.0,2026-09-26 12:00:00,2026-09-26 12:00:00,988.0
20260926,120000,32W,15,2026,9,26,12,39.7,156.9,99500.0,2026-09-26 12:00:00,2026-09-26 12:00:00,995.0
20260926,120000,32W,16,2026,9,26,12,24.2,127.2,98600.0,2026-09-26 12:00:00,2026-09-26 12:00:00,986.0
20260926,120000,32W,16,2026,9,26,12,24.8,127.60000000000001,98300.0,2026-09-26 12:00:00,2026-09-26 12:00:00,983.0
20260926,120000,32W,16,2026,9,26,12,25.3,128.1,97800.0,2026-09-26 12:00:00,2026-09-26 12:00:00,978.0
20260926,120000,32W,16,2026,9,26,12,25.8,129.0,98200.0,2026-09-26 12:00:00,2026-09-26 12:00:00,982.0
20260926,120000,32W,16,2026,9,26,12,26.3,129.7,98800.0,2026-09-26 12:00:00,2026-09-26 12:00:00,988.0
20260926,120000,32W,16,2026,9,26,12,26.6,130.5,99500.0,2026-09-26 12:00:00,2026-09-26 12:00:00,995.0
20260926,120000,32W,16,2026,9,26,12,27.1,131.6,99600.0,2026-09-26 12:00:00,2026-09-26 12:00:00,996.0
20260926,120000,32W,16,2026,9,26,12,27.400000000000002,132.3,100000.0,2026-09-26 12:00:00,2026-09-26 12:00:00,1000.0
20260926,120000,32W,16,2026,9,26,12,28.1,133.1,100000.0,2026-09-26 12:00:00,2026-09-26 12:00:00,1000.0
20260926,120000,32W,16,2026,9,26,12,28.6,134.1,100000.0,2026-09-26 12:00:00,2026-09-26 12:00:00,1000.0
20260926,120000,32W,16,2026,9,26,12,29.2,135.7,99700.0,2026-09-26 12:00:00,2026-09-26 12:00:00,997.0
20260926,120000,32W,16,2026,9,26,12,29.8,136.70000000000002,100000.0,2026-09-26 12:00:00,2026-09-26 12:00:00,1000.0
20260926,120000,32W,16,2026,9,26,12,30.5,138.20000000000002,99800.0,2026-09-26 12:00:00,2026-09-26 12:00:00,998.0
20260926,120000,32W,16,2026,9,26,12,31.6,139.8,99800.0,2026-09-26 12:00:00,2026-09-26 12:00:00,998.0
20260926,120000,32W,16,2026,9,26,12,31.8,141.9,99400.0,2026-09-26 12:00:00,2026-09-26 12:00:00,994.0
20260926,120000,32W,16,2026,9,26,12,33.1,143.9,99700.0,2026-09-26 12:00:00,2026-09-26 12:00:00,997.0
20260926,120000,32W,16,2026,9,26,12,33.9,145.6,99300.0,2026-09-26 12:00:00,2026-09-26 12:00:00,993.0
20260926,120000,32W,16,2026,9,26,12,34.4,147.3,99700.0,2026-09-26 12:00:00,2026-09-26 12:00:00,997.0
20260926,120000,32W,17,2026,9,26,12,24.0,127.10000000000001,95900.0,2026-09-26 12:00:00,2026-09-26 12:00:00,959.0
20260926,120000,32W,17,2026,9,26,12,24.8,127.60000000000001,95100.0,2026-09-26 12:00:00,2026-09-26 12:00:00,951.0
20260926,120000,32W,17,2026,9,26,12,25.5,128.1,94600.0,2026-09-26 12:00:00,2026-09-26 12:00:00,946.0
20260926,120000,32W,17,2026,9,26,12,26.1,129.1,95000.0,2026-09-26 12:00:00,2026-09-26 12:00:00,950.0
20260926,120000,32W,17,2026,9,26,12,26.6,130.2,94900.0,2026-09-26 12:00:00,2026-09-26 12:00:00,949.0
20260926,120000,32W,17,2026,9,26,12,27.1,131.2,94800.0,2026-09-26 12:00:00,2026-09-26 12:00:00,948.0
20260926,120000,32W,17,2026,9,26,12,27.400000000000002,132.3,94400.0,2026-09-26 12:00:00,2026-09-26 12:00:00,944.0
20260926,120000,32W,17,2026,9,26,12,27.5,133.3,95300.0,2026-09-26 12:00:00,2026-09-26 12:00:00,953.0
20260926,120000,32W,17,2026,9,26,12,27.7,134.0,97200.0,2026-09-26 12:00:00,2026-09-26 12:00:00,972.0
20260926,120000,32W,17,2026,9,26,12,27.8,134.7,98000.0,2026-09-26 12:00:00,2026-09-26 12:00:00,980.0
20260926,120000,32W,17,2026,9,26,12,28.2,135.5,98300.0,2026-09-26 12:00:00,2026-09-26 12:00:00,983.0
20260926,120000,32W,17,2026,9,26,12,28.5,136.4,98700.0,2026-09-26 12:00:00,2026-09-26 12:00:00,987.0
20260926,120000,32W,17,2026,9,26,12,28.900000000000002,137.0,99100.0,2026-09-26 12:00:00,2026-09-26 12:00:00,991.0
20260926,120000,32W,17,2026,9,26,12,29.400000000000002,137.6,99400.0,2026-09-26 12:00:00,2026-09-26 12:00:00,994.0
20260926,120000,32W,17,2026,9,26,12,30.0,138.20000000000002,99400.0,2026-09-26 12:00:00,2026-09-26 12:00:00,994.0
20260926,120000,32W,17,2026,9,26,12,30.3,138.6,99800.0,2026-09-26 12:00:00,2026-09-26 12:00:00,998.0
20260926,120000,32W,17,2026,9,26,12,31.1,139.1,99400.0,2026-09-26 12:00:00,2026-09-26 12:00:00,994.0
20260926,120000,32W,17,2026,9,26,12,31.7,139.5,99800.0,2026-09-26 12:00:00,2026-09-26 12:00:00,998.0
20260926,120000,32W,17,2026,9,26,12,32.8,140.20000000000002,99700.0,2026-09-26 12:00:00,2026-09-26 12:00:00,997.0
20260926,120000,32W,17,2026,9,26,12,33.8,141.6,99700.0,2026-09-26 12:00:00,2026-09-26 12:00:00,997.0
20260926,120000,32W,17,2026,9,26,12,35.800000000000004,143.8,99000.0,2026-09-26 12:00:00,2026-09-26 12:00:00,990.0
20260926,120000,32W,17,2026,9,26,12,36.9,147.8,98400.0,2026-09-26 12:00:00,2026-09-26 12:00:00,984.0
20260926,120000,32W,17,2026,9,26,12,38.6,152.4,99100.0,2026-09-26 12:00:00,2026-09-26 12:00:00,991.0
20260926,120000,32W,17,2026,9,26,12,41.300000000000004,157.3,99700.0,2026-09-26 12:00:00,2026-09-26 12:00:00,997.0
20260926,120000,32W,18,2026,9,26,12,24.1,127.10000000000001,96900.0,2026-09-26 12:00:00,2026-09-26 12:00:00,969.0
20260926,120000,32W,18,2026,9,26,12,24.7,127.7,95900.0,2026-09-26 12:00:00,2026-09-26 12:00:00,959.0
20260926,120000,32W,18,2026,9,26,12,25.5,128.3,96200.0,2026-09-26 12:00:00,2026-09-26 12:00:00,962.0
20260926,120000,32W,18,2026,9,26,12,26.0,129.0,96700.0,2026-09-26 12:00:00,2026-09-26 12:00:00,967.0
20260926,120000,32W,18,2026,9,26,12,26.7,130.1,96700.0,2026-09-26 12:00:00,2026-09-26 12:00:00,967.0
20260926,120000,32W,18,2026,9,26,12,27.3,131.2,97000.0,2026-09-26 12:00:00,2026-09-26 12:00:00,970.0
20260926,120000,32W,18,2026,9,26,12,27.8,132.3,96500.0,2026-09-26 12:00:00,2026-09-26 12:00:00,965.0
20260926,120000,32W,18,2026,9,26,12,28.2,133.4,97600.0,2026-09-26 12:00:00,2026-09-26 12:00:00,976.0
20260926,120000,32W,18,2026,9,26,12,28.8,134.2,98100.0,2026-09-26 12:00:00,2026-09-26 12:00:00,981.0
20260926,120000,32W,18,2026,9,26,12,29.2,135.2,98500.0,2026-09-26 12:00:00,2026-09-26 12:00:00,985.0
20260926,120000,32W,18,2026,9,26,12,30.1,136.2,99000.0,2026-09-26 12:00:00,2026-09-26 12:00:00,990.0
20260926,120000,32W,18,2026,9,26,12,30.7,137.6,99600.0,2026-09-26 12:00:00,2026-09-26 12:00:00,996.0
20260926,120000,32W,18,2026,9,26,12,31.7,139.6,99600.0,2026-09-26 12:00:00,2026-09-26 12:00:00,996.0
20260926,120000,32W,18,2026,9,26,12,33.0,141.8,99300.0,2026-09-26 12:00:00,2026-09-26 12:00:00,993.0
20260926,120000,32W,18,2026,9,26,12,33.8,144.1,99400.0,2026-09-26 12:00:00,2026-09-26 12:00:00,994.0
20260926,120000,32W,18,2026,9,26,12,34.7,146.6,99600.0,2026-09-26 12:00:00,2026-09-26 12:00:00,996.0
20260926,120000,32W,18,2026,9,26,12,36.1,149.1,99600.0,2026-09-26 12:00:00,2026-09-26 12:00:00,996.0
20260926,120000,32W,18,2026,9,26,12,37.2,151.4,99300.0,2026-09-26 12:00:00,2026-09-26 12:00:00,993.0
20260926,120000,32W,18,2026,9,26,12,38.4,153.9,99500.0,2026-09-26 12:00:00,2026-09-26 12:00:00,995.0
20260926,120000,32W,19,2026,9,26,12,23.8,127.10000000000001,98800.0,2026-09-26 12:00:00,2026-09-26 12:00:00,988.0
20260926,120000,32W,19,2026,9,26,12,24.7,127.60000000000001,98600.0,2026-09-26 12:00:00,2026-09-26 12:00:00,986.0
20260926,120000,32W,19,2026,9,26,12,25.400000000000002,128.2,98100.0,2026-09-26 12:00:00,2026-09-26 12:00:00,981.0
20260926,120000,32W,19,2026,9,26,12,25.900000000000002,128.7,98700.0,2026-09-26 12:00:00,2026-09-26 12:00:00,987.0
20260926,120000,32W,19,2026,9,26,12,26.5,129.3,99000.0,2026-09-26 12:00:00,2026-09-26 12:00:00,990.0
20260926,120000,32W,19,2026,9,26,12,26.900000000000002,130.0,99400.0,2026-09-26 12:00:00,2026-09-26 12:00:00,994.0
20260926,120000,32W,19,2026,9,26,12,27.5,130.9,99500.0,2026-09-26 12:00:00,2026-09-26 12:00:00,995.0
20260926,120000,32W,19,2026,9,26,12,28.0,131.7,100000.0,2026-09-26 12:00:00,2026-09-26 12:00:00,1000.0
20260926,120000,32W,19,2026,9,26,12,28.5,132.6,100000.0,2026-09-26 12:00:00,2026-09-26 12:00:00,1000.0
20260926,120000,32W,19,2026,9,26,12,29.0,134.0,100200.0,2026-09-26 12:00:00,2026-09-26 12:00:00,1002.0
20260926,120000,32W,19,2026,9,26,12,30.1,135.4,100100.0,2026-09-26 12:00:00,2026-09-26 12:00:00,1001.0
20260926,120000,32W,19,2026,9,26,12,31.5,136.8,100100.0,2026-09-26 12:00:00,2026-09-26 12:00:00,1001.0
20260926,120000,32W,19,2026,9,26,12,32.4,137.70000000000002,99500.0,2026-09-26 12:00:00,2026-09-26 12:00:00,995.0
20260926,120000,32W,19,2026,9,26,12,32.7,139.5,99700.0,2026-09-26 12:00:00,2026-09-26 12:00:00,997.0
20260926,120000,32W,19,2026,9,26,12,34.2,141.6,99200.0,2026-09-26 12:00:00,2026-09-26 12:00:00,992.0
20260926,120000,32W,19,2026,9,26,12,33.9,143.0,99500.0,2026-09-26 12:00:00,2026-09-26 12:00:00,995.0
20260926,120000,32W,19,2026,9,26,12,35.300000000000004,144.3,99600.0,2026-09-26 12:00:00,2026-09-26 12:00:00,996.0
20260926,120000,32W,19,2026,9,26,12,37.2,147.1,99800.0,2026-09-26 12:00:00,2026-09-26 12:00:00,998.0
20260926,120000,32W,19,2026,9,26,12,40.300000000000004,151.5,99500.0,2026-09-26 12:00:00,2026-09-26 12:00:00,995.0
20260926,120000,32W,19,2026,9,26,12,41.300000000000004,154.4,99300.0,2026-09-26 12:00:00,2026-09-26 12:00:00,993.0
20260926,120000,32W,20,2026,9,26,12,23.900000000000002,127.10000000000001,98600.0,2026-09-26 12:00:00,2026-09-26 12:00:00,986.0
20260926,120000,32W,20,2026,9,26,12,24.400000000000002,127.60000000000001,98300.0,2026-09-26 12:00:00,2026-09-26 12:00:00,983.0
20260926,120000,32W,20,2026,9,26,12,25.2,128.3,97800.0,2026-09-26 12:00:00,2026-09-26 12:00:00,978.0
20260926,120000,32W,20,2026,9,26,12,25.7,129.0,97100.0,2026-09-26 12:00:00,2026-09-26 12:00:00,971.0
20260926,120000,32W,20,2026,9,26,12,26.3,129.7,98100.0,2026-09-26 12:00:00,2026-09-26 12:00:00,981.0
20260926,120000,32W,20,2026,9,26,12,26.8,130.6,98900.0,2026-09-26 12:00:00,2026-09-26 12:00:00,989.0
20260926,120000,32W,20,2026,9,26,12,27.1,131.8,98400.0,2026-09-26 12:00:00,2026-09-26 12:00:00,984.0
20260926,120000,32W,20,2026,9,26,12,27.900000000000002,132.7,99000.0,2026-09-26 12:00:00,2026-09-26 12:00:00,990.0
20260926,120000,32W,20,2026,9,26,12,28.5,133.7,99300.0,2026-09-26 12:00:00,2026-09-26 12:00:00,993.0
20260926,120000,32W,20,2026,9,26,12,28.900000000000002,134.9,99000.0,2026-09-26 12:00:00,2026-09-26 12:00:00,990.0
20260926,120000,32W,20,2026,9,26,12,29.8,136.3,99100.0,2026-09-26 12:00:00,2026-09-26 12:00:00,991.0
20260926,120000,32W,20,2026,9,26,12,30.6,137.8,99300.0,2026-09-26 12:00:00,2026-09-26 12:00:00,993.0
20260926,120000,32W,20,2026,9,26,12,31.7,139.20000000000002,99300.0,2026-09-26 12:00:00,2026-09-26 12:00:00,993.0
20260926,120000,32W,20,2026,9,26,12,32.3,140.5,99300.0,2026-09-26 12:00:00,2026-09-26 12:00:00,993.0
20260926,120000,32W,20,2026,9,26,12,32.8,142.1,99200.0,2026-09-26 12:00:00,2026-09-26 12:00:00,992.0
20260926,120000,32W,20,2026,9,26,12,33.1,143.20000000000002,99600.0,2026-09-26 12:00:00,2026-09-26 12:00:00,996.0
20260926,120000,32W,20,2026,9,26,12,33.4,143.9,99800.0,2026-09-26 12:00:00,2026-09-26 12:00:00,998.0
20260926,120000,32W,20,2026,9,26,12,34.1,144.5,100100.0,2026-09-26 12:00:00,2026-09-26 12:00:00,1001.0
20260926,120000,32W,21,2026,9,26,12,24.2,127.2,98800.0,2026-09-26 12:00:00,2026-09-26 12:00:00,988.0
20260926,120000,32W,21,2026,9,26,12,25.0,127.60000000000001,98500.0,2026-09-26 12:00:00,2026-09-26 12:00:00,985.0
20260926,120000,32W,21,2026,9,26,12,25.7,128.1,97500.0,2026-09-26 12:00:00,2026-09-26 12:00:00,975.0
20260926,120000,32W,21,2026,9,26,12,26.3,129.0,97200.0,2026-09-26 12:00:00,2026-09-26 12:00:00,972.0
20260926,120000,32W,21,2026,9,26,12,27.0,130.2,96900.0,2026-09-26 12:00:00,2026-09-26 12:00:00,969.0
20260926,120000,32W,21,2026,9,26,12,27.5,131.4,97200.0,2026-09-26 12:00:00,2026-09-26 12:00:00,972.0
20260926,120000,32W,21,2026,9,26,12,28.5,132.8,98100.0,2026-09-26 12:00:00,2026-09-26 12:00:00,981.0
20260926,120000,32W,21,2026,9,26,12,29.0,134.0,98700.0,2026-09-26 12:00:00,2026-09-26 12:00:00,987.0
20260926,120000,32W,21,2026,9,26,12,29.7,134.9,99100.0,2026-09-26 12:00:00,2026-09-26 12:00:00,991.0
20260926,120000,32W,21,2026,9,26,12,31.1,136.1,99300.0,2026-09-26 12:00:00,2026-09-26 12:00:00,993.0
20260926,120000,32W,21,2026,9,26,12,32.2,138.1,99100.0,2026-09-26 12:00:00,2026-09-26 12:00:00,991.0
20260926,120000,32W,21,2026,9,26,12,33.7,139.9,99000.0,2026-09-26 12:00:00,2026-09-26 12:00:00,990.0
20260926,120000,32W,21,2026,9,26,12,34.5,142.6,98600.0,2026-09-26 12:00:00,2026-09-26 12:00:00,986.0
20260926,120000,32W,21,2026,9,26,12,36.0,146.20000000000002,98800.0,2026-09-26 12:00:00,2026-09-26 12:00:00,988.0
20260926,120000,32W,21,2026,9,26,12,37.0,149.9,98600.0,2026-09-26 12:00:00,2026-09-26 12:00:00,986.0
20260926,120000,32W,21,2026,9,26,12,37.9,153.70000000000002,98900.0,2026-09-26 12:00:00,2026-09-26 12:00:00,989.0
20260926,120000,32W,21,2026,9,26,12,38.5,157.70000000000002,99400.0,2026-09-26 12:00:00,2026-09-26 12:00:00,994.0
20260926,120000,32W,21,2026,9,26,12,38.9,168.0,100800.0,2026-09-26 12:00:00,2026-09-26 12:00:00,1008.0
20260926,120000,32W,22,2026,9,26,12,24.0,127.10000000000001,99000.0,2026-09-26 12:00:00,2026-09-26 12:00:00,990.0
20260926,120000,32W,22,2026,9,26,12,24.7,127.5,98700.0,2026-09-26 12:00:00,2026-09-26 12:00:00,987.0
20260926,120000,32W,22,2026,9,26,12,25.400000000000002,128.1,98000.0,2026-09-26 12:00:00,2026-09-26 12:00:00,980.0
20260926,120000,32W,22,2026,9,26,12,25.900000000000002,128.8,97900.0,2026-09-26 12:00:00,2026-09-26 12:00:00,979.0
20260926,120000,32W,22,2026,9,26,12,26.3,129.7,97500.0,2026-09-26 12:00:00,2026-09-26 12:00:00,975.0
20260926,120000,32W,22,2026,9,26,12,27.0,130.7,98000.0,2026-09-26 12:00:00,2026-09-26 12:00:00,980.0
20260926,120000,32W,22,2026,9,26,12,27.3,131.6,98300.0,2026-09-26 12:00:00,2026-09-26 12:00:00,983.0
20260926,120000,32W,22,2026,9,26,12,27.7,132.7,98700.0,2026-09-26 12:00:00,2026-09-26 12:00:00,987.0
20260926,120000,32W,22,2026,9,26,12,28.1,133.5,99200.0,2026-09-26 12:00:00,2026-09-26 12:00:00,992.0
20260926,120000,32W,22,2026,9,26,12,28.6,134.5,99200.0,2026-09-26 12:00:00,2026-09-26 12:00:00,992.0
20260926,120000,32W,22,2026,9,26,12,28.900000000000002,135.4,99500.0,2026-09-26 12:00:00,2026-09-26 12:00:00,995.0
20260926,120000,32W,22,2026,9,26,12,29.400000000000002,136.5,100000.0,2026-09-26 12:00:00,2026-09-26 12:00:00,1000.0
20260926,120000,32W,22,2026,9,26,12,29.8,137.4,100000.0,2026-09-26 12:00:00,2026-09-26 12:00:00,1000.0
20260926,120000,32W,22,2026,9,26,12,30.3,138.70000000000002,100300.0,2026-09-26 12:00:00,2026-09-26 12:00:00,1003.0
20260926,120000,32W,22,2026,9,26,12,31.1,139.70000000000002,100300.0,2026-09-26 12:00:00,2026-09-26 12:00:00,1003.0
20260926,120000,32W,23,2026,9,26,12,24.1,127.0,98900.0,2026-09-26 12:00:00,2026-09-26 12:00:00,989.0
20260926,120000,32W,23,2026,9,26,12,24.7,127.5,98600.0,2026-09-26 12:00:00,2026-09-26 12:00:00,986.0
20260926,120000,32W,23,2026,9,26,12,25.400000000000002,128.0,98100.0,2026-09-26 12:00:00,2026-09-26 12:00:00,981.0
20260926,120000,32W,23,2026,9,26,12,25.8,128.8,98300.0,2026-09-26 12:00:00,2026-09-26 12:00:00,983.0
20260926,120000,32W,23,2026,9,26,12,26.5,129.5,98600.0,2026-09-26 12:00:00,2026-09-26 12:00:00,986.0
20260926,120000,32W,23,2026,9,26,12,26.900000000000002,130.1,98900.0,2026-09-26 12:00:00,2026-09-26 12:00:00,989.0
20260926,120000,32W,23,2026,9,26,12,27.400000000000002,130.9,99000.0,2026-09-26 12:00:00,2026-09-26 12:00:00,990.0
20260926,120000,32W,23,2026,9,26,12,27.6,131.9,99400.0,2026-09-26 12:00:00,2026-09-26 12:00:00,994.0
20260926,120000,32W,23,2026,9,26,12,28.1,132.5,99600.0,2026-09-26 12:00:00,2026-09-26 12:00:00,996.0
20260926,120000,32W,23,2026,9,26,12,28.7,133.4,99800.0,2026-09-26 12:00:00,2026-09-26 12:00:00,998.0
20260926,120000,32W,23,2026,9,26,12,29.400000000000002,134.8,99700.0,2026-09-26 12:00:00,2026-09-26 12:00:00,997.0
20260926,120000,32W,23,2026,9,26,12,30.1,136.2,99900.0,2026-09-26 12:00:00,2026-09-26 12:00:00,999.0
20260926,120000,32W,23,2026,9,26,12,30.8,137.70000000000002,99600.0,2026-09-26 12:00:00,2026-09-26 12:00:00,996.0
20260926,120000,32W,23,2026,9,26,12,31.1,139.20000000000002,99800.0,2026-09-26 12:00:00,2026-09-26 12:00:00,998.0
20260926,120000,32W,23,2026,9,26,12,31.6,140.6,99800.0,2026-09-26 12:00:00,2026-09-26 12:00:00,998.0
20260926,120000,32W,23,2026,9,26,12,32.4,142.3,99900.0,2026-09-26 12:00:00,2026-09-26 12:00:00,999.0
20260926,120000,32W,23,2026,9,26,12,33.0,143.20000000000002,99800.0,2026-09-26 12:00:00,2026-09-26 12:00:00,998.0
20260926,120000,32W,24,2026,9,26,12,24.0,127.2,97300.0,2026-09-26 12:00:00,2026-09-26 12:00:00,973.0
20260926,120000,32W,24,2026,9,26,12,24.7,127.60000000000001,97100.0,2026-09-26 12:00:00,2026-09-26 12:00:00,971.0
20260926,120000,32W,24,2026,9,26,12,25.2,128.1,96300.0,2026-09-26 12:00:00,2026-09-26 12:00:00,963.0
20260926,120000,32W,24,2026,9,26,12,25.6,128.9,96800.0,2026-09-26 12:00:00,2026-09-26 12:00:00,968.0
20260926,120000,32W,24,2026,9,26,12,26.1,129.6,97400.0,2026-09-26 12:00:00,2026-09-26 12:00:00,974.0
20260926,120000,32W,24,2026,9,26,12,26.5,130.5,98200.0,2026-09-26 12:00:00,2026-09-26 12:00:00,982.0
20260926,120000,32W,24,2026,9,26,12,26.900000000000002,131.4,98300.0,2026-09-26 12:00:00,2026-09-26 12:00:00,983.0
20260926,120000,32W,24,2026,9,26,12,27.1,132.1,98900.0,2026-09-26 12:00:00,2026-09-26 12:00:00,989.0
20260926,120000,32W,24,2026,9,26,12,27.6,133.0,99200.0,2026-09-26 12:00:00,2026-09-26 12:00:00,992.0
20260926,120000,32W,24,2026,9,26,12,28.0,134.0,99600.0,2026-09-26 12:00:00,2026-09-26 12:00:00,996.0
20260926,120000,32W,24,2026,9,26,12,28.6,135.1,99600.0,2026-09-26 12:00:00,2026-09-26 12:00:00,996.0
20260926,120000,32W,24,2026,9,26,12,29.1,136.1,100000.0,2026-09-26 12:00:00,2026-09-26 12:00:00,1000.0
20260926,120000,32W,24,2026,9,26,12,29.7,136.9,100000.0,2026-09-26 12:00:00,2026-09-26 12:00:00,1000.0
20260926,120000,32W,24,2026,9,26,12,30.2,138.1,100200.0,2026-09-26 12:00:00,2026-09-26 12:00:00,1002.0
20260926,120000,32W,24,2026,9,26,12,30.8,139.1,100300.0,2026-09-26 12:00:00,2026-09-26 12:00:00,1003.0
20260926,120000,32W,24,2026,9,26,12,31.1,139.9,100500.0,2026-09-26 12:00:00,2026-09-26 12:00:00,1005.0
20260926,120000,32W,25,2026,9,26,12,24.0,127.0,97600.0,2026-09-26 12:00:00,2026-09-26 12:00:00,976.0
20260926,120000,32W,25,2026,9,26,12,24.7,127.7,97300.0,2026-09-26 12:00:00,2026-09-26 12:00:00,973.0
20260926,120000,32W,25,2026,9,26,12,25.400000000000002,128.3,96300.0,2026-09-26 12:00:00,2026-09-26 12:00:00,963.0
20260926,120000,32W,25,2026,9,26,12,25.900000000000002,129.3,96200.0,2026-09-26 12:00:00,2026-09-26 12:00:00,962.0
20260926,120000,32W,25,2026,9,26,12,26.5,130.0,96900.0,2026-09-26 12:00:00,2026-09-26 12:00:00,969.0
20260926,120000,32W,25,2026,9,26,12,26.900000000000002,131.1,97700.0,2026-09-26 12:00:00,2026-09-26 12:00:00,977.0
20260926,120000,32W,25,2026,9,26,12,27.5,132.1,98000.0,2026-09-26 12:00:00,2026-09-26 12:00:00,980.0
20260926,120000,32W,25,2026,9,26,12,27.900000000000002,133.0,98900.0,2026-09-26 12:00:00,2026-09-26 12:00:00,989.0
20260926,120000,32W,25,2026,9,26,12,28.400000000000002,133.7,99200.0,2026-09-26 12:00:00,2026-09-26 12:00:00,992.0
20260926,120000,32W,25,2026,9,26,12,28.900000000000002,134.5,99600.0,2026-09-26 12:00:00,2026-09-26 12:00:00,996.0
20260926,120000,32W,25,2026,9,26,12,29.7,135.6,99500.0,2026-09-26 12:00:00,2026-09-26 12:00:00,995.0
20260926,120000,32W,25,2026,9,26,12,30.400000000000002,136.8,99700.0,2026-09-26 12:00:00,2026-09-26 12:00:00,997.0
20260926,120000,32W,26,2026,9,26,12,24.0,127.4,96700.0,2026-09-26 12:00:00,2026-09-26 12:00:00,967.0
20260926,120000,32W,26,2026,9,26,12,24.900000000000002,128.0,95400.0,2026-09-26 12:00:00,2026-09-26 12:00:00,954.0
20260926,120000,32W,26,2026,9,26,12,25.6,128.7,93900.0,2026-09-26 12:00:00,2026-09-26 12:00:00,939.0
20260926,120000,32W,26,2026,9,26,12,26.1,129.7,94600.0,2026-09-26 12:00:00,2026-09-26 12:00:00,946.0
20260926,120000,32W,26,2026,9,26,12,26.7,130.7,93700.0,2026-09-26 12:00:00,2026-09-26 12:00:00,937.0
20260926,120000,32W,26,2026,9,26,12,27.1,131.7,95600.0,2026-09-26 12:00:00,2026-09-26 12:00:00,956.0
20260926,120000,32W,26,2026,9,26,12,27.5,132.8,95400.0,2026-09-26 12:00:00,2026-09-26 12:00:00,954.0
20260926,120000,32W,26,2026,9,26,12,27.6,133.9,95900.0,2026-09-26 12:00:00,2026-09-26 12:00:00,959.0
20260926,120000,32W,26,2026,9,26,12,27.8,134.8,96700.0,2026-09-26 12:00:00,2026-09-26 12:00:00,967.0
20260926,120000,32W,26,2026,9,26,12,27.8,135.7,97700.0,2026-09-26 12:00:00,2026-09-26 12:00:00,977.0
20260926,120000,32W,26,2026,9,26,12,28.0,136.6,98100.0,2026-09-26 12:00:00,2026-09-26 12:00:00,981.0
20260926,120000,32W,26,2026,9,26,12,28.2,137.4,98400.0,2026-09-26 12:00:00,2026-09-26 12:00:00,984.0
20260926,120000,32W,26,2026,9,26,12,28.6,138.0,99000.0,2026-09-26 12:00:00,2026-09-26 12:00:00,990.0
20260926,120000,32W,26,2026,9,26,12,29.1,138.5,99500.0,2026-09-26 12:00:00,2026-09-26 12:00:00,995.0
20260926,120000,32W,26,2026,9,26,12,29.5,139.20000000000002,99600.0,2026-09-26 12:00:00,2026-09-26 12:00:00,996.0
20260926,120000,32W,26,2026,9,26,12,30.2,140.0,99900.0,2026-09-26 12:00:00,2026-09-26 12:00:00,999.0
20260926,120000,32W,26,2026,9,26,12,30.8,140.6,99800.0,2026-09-26 12:00:00,2026-09-26 12:00:00,998.0
20260926,120000,32W,26,2026,9,26,12,32.1,141.6,100000.0,2026-09-26 12:00:00,2026-09-26 12:00:00,1000.0
20260926,120000,32W,26,2026,9,26,12,33.4,142.9,99800.0,2026-09-26 12:00:00,2026-09-26 12:00:00,998.0
20260926,120000,32W,26,2026,9,26,12,35.300000000000004,145.1,99800.0,2026-09-26 12:00:00,2026-09-26 12:00:00,998.0
20260926,120000,32W,26,2026,9,26,12,37.7,148.5,99100.0,2026-09-26 12:00:00,2026-09-26 12:00:00,991.0
20260926,120000,32W,26,2026,9,26,12,39.9,152.5,99100.0,2026-09-26 12:00:00,2026-09-26 12:00:00,991.0
20260926,120000,32W,26,2026,9,26,12,41.9,157.70000000000002,98900.0,2026-09-26 12:00:00,2026-09-26 12:00:00,989.0
20260926,120000,32W,26,2026,9,26,12,44.2,162.20000000000002,99100.0,2026-09-26 12:00:00,2026-09-26 12:00:00,991.0
20260926,120000,32W,27,2026,9,26,12,24.0,127.10000000000001,98700.0,2026-09-26 12:00:00,2026-09-26 12:00:00,987.0
20260926,120000,32W,27,2026,9,26,12,24.7,127.5,98300.0,2026-09-26 12:00:00,2026-09-26 12:00:00,983.0
20260926,120000,32W,27,2026,9,26,12,25.400000000000002,128.1,97600.0,2026-09-26 12:00:00,2026-09-26 12:00:00,976.0
20260926,120000,32W,27,2026,9,26,12,25.900000000000002,129.0,97200.0,2026-09-26 12:00:00,2026-09-26 12:00:00,972.0
20260926,120000,32W,27,2026,9,26,12,26.6,130.0,96800.0,2026-09-26 12:00:00,2026-09-26 12:00:00,968.0
20260926,120000,32W,27,2026,9,26,12,27.2,131.1,97400.0,2026-09-26 12:00:00,2026-09-26 12:00:00,974.0
20260926,120000,32W,27,2026,9,26,12,27.7,132.2,96900.0,2026-09-26 12:00:00,2026-09-26 12:00:00,969.0
20260926,120000,32W,27,2026,9,26,12,28.1,133.3,98300.0,2026-09-26 12:00:00,2026-09-26 12:00:00,983.0
20260926,120000,32W,27,2026,9,26,12,28.6,134.4,98800.0,2026-09-26 12:00:00,2026-09-26 12:00:00,988.0
20260926,120000,32W,27,2026,9,26,12,29.2,135.7,99200.0,2026-09-26 12:00:00,2026-09-26 12:00:00,992.0
20260926,120000,32W,27,2026,9,26,12,29.900000000000002,137.3,99000.0,2026-09-26 12:00:00,2026-09-26 12:00:00,990.0
20260926,120000,32W,27,2026,9,26,12,30.5,138.8,99400.0,2026-09-26 12:00:00,2026-09-26 12:00:00,994.0
20260926,120000,32W,27,2026,9,26,12,31.5,140.5,99400.0,2026-09-26 12:00:00,2026-09-26 12:00:00,994.0
20260926,120000,32W,27,2026,9,26,12,32.3,141.8,99200.0,2026-09-26 12:00:00,2026-09-26 12:00:00,992.0
20260926,120000,32W,27,2026,9,26,12,32.7,143.5,99300.0,2026-09-26 12:00:00,2026-09-26 12:00:00,993.0
20260926,120000,32W,27,2026,9,26,12,33.3,145.5,99200.0,2026-09-26 12:00:00,2026-09-26 12:00:00,992.0
20260926,120000,32W,27,2026,9,26,12,34.0,146.4,99200.0,2026-09-26 12:00:00,2026-09-26 12:00:00,992.0
20260926,120000,32W,27,2026,9,26,12,34.9,147.5,99700.0,2026-09-26 12:00:00,2026-09-26 12:00:00,997.0
20260926,120000,32W,27,2026,9,26,12,35.9,148.9,99800.0,2026-09-26 12:00:00,2026-09-26 12:00:00,998.0
20260926,120000,32W,27,2026,9,26,12,37.6,150.8,99400.0,2026-09-26 12:00:00,2026-09-26 12:00:00,994.0
20260926,120000,32W,28,2026,9,26,12,23.7,126.9,97600.0,2026-09-26 12:00:00,2026-09-26 12:00:00,976.0
20260926,120000,32W,28,2026,9,26,12,24.400000000000002,127.4,97300.0,2026-09-26 12:00:00,2026-09-26 12:00:00,973.0
20260926,120000,32W,28,2026,9,26,12,25.1,127.8,96700.0,2026-09-26 12:00:00,2026-09-26 12:00:00,967.0
20260926,120000,32W,28,2026,9,26,12,25.5,128.6,96300.0,2026-09-26 12:00:00,2026-09-26 12:00:00,963.0
20260926,120000,32W,28,2026,9,26,12,25.900000000000002,129.5,95900.0,2026-09-26 12:00:00,2026-09-26 12:00:00,959.0
20260926,120000,32W,28,2026,9,26,12,26.3,130.3,96400.0,2026-09-26 12:00:00,2026-09-26 12:00:00,964.0
20260926,120000,32W,28,2026,9,26,12,26.6,131.2,96500.0,2026-09-26 12:00:00,2026-09-26 12:00:00,965.0
20260926,120000,32W,28,2026,9,26,12,26.8,131.9,97400.0,2026-09-26 12:00:00,2026-09-26 12:00:00,974.0
20260926,120000,32W,28,2026,9,26,12,27.1,132.3,98500.0,2026-09-26 12:00:00,2026-09-26 12:00:00,985.0
20260926,120000,32W,28,2026,9,26,12,27.400000000000002,133.0,98800.0,2026-09-26 12:00:00,2026-09-26 12:00:00,988.0
20260926,120000,32W,28,2026,9,26,12,28.0,133.8,99300.0,2026-09-26 12:00:00,2026-09-26 12:00:00,993.0
20260926,120000,32W,28,2026,9,26,12,28.3,134.5,99800.0,2026-09-26 12:00:00,2026-09-26 12:00:00,998.0
20260926,120000,32W,28,2026,9,26,12,28.6,135.0,99800.0,2026-09-26 12:00:00,2026-09-26 12:00:00,998.0
20260926,120000,32W,28,2026,9,26,12,29.2,135.7,100100.0,2026-09-26 12:00:00,2026-09-26 12:00:00,1001.0
20260926,120000,32W,28,2026,9,26,12,29.900000000000002,136.5,100100.0,2026-09-26 12:00:00,2026-09-26 12:00:00,1001.0
20260926,120000,32W,28,2026,9,26,12,31.6,138.0,100200.0,2026-09-26 12:00:00,2026-09-26 12:00:00,1002.0
20260926,120000,32W,28,2026,9,26,12,33.1,139.70000000000002,100300.0,2026-09-26 12:00:00,2026-09-26 12:00:00,1003.0
20260926,120000,32W,28,2026,9,26,12,35.300000000000004,141.8,98500.0,2026-09-26 12:00:00,2026-09-26 12:00:00,985.0
20260926,120000,32W,28,2026,9,26,12,36.300000000000004,144.8,99600.0,2026-09-26 12:00:00,2026-09-26 12:00:00,996.0
20260926,120000,32W,28,2026,9,26,12,38.300000000000004,149.0,99600.0,2026-09-26 12:00:00,2026-09-26 12:00:00,996.0
20260926,120000,32W,29,2026,9,26,12,23.900000000000002,127.0,96200.0,2026-09-26 12:00:00,2026-09-26 12:00:00,962.0
20260926,120000,32W,29,2026,9,26,12,24.5,127.5,95300.0,2026-09-26 12:00:00,2026-09-26 12:00:00,953.0
20260926,120000,32W,29,2026,9,26,12,25.2,128.0,94100.0,2026-09-26 12:00:00,2026-09-26 12:00:00,941.0
20260926,120000,32W,29,2026,9,26,12,25.6,128.8,94600.0,2026-09-26 12:00:00,2026-09-26 12:00:00,946.0
20260926,120000,32W,29,2026,9,26,12,26.1,129.6,95000.0,2026-09-26 12:00:00,2026-09-26 12:00:00,950.0
20260926,120000,32W,29,2026,9,26,12,26.5,130.4,95600.0,2026-09-26 12:00:00,2026-09-26 12:00:00,956.0
20260926,120000,32W,29,2026,9,26,12,26.7,131.2,95600.0,2026-09-26 12:00:00,2026-09-26 12:00:00,956.0
20260926,120000,32W,29,2026,9,26,12,26.8,132.0,96900.0,2026-09-26 12:00:00,2026-09-26 12:00:00,969.0
20260926,120000,32W,29,2026,9,26,12,27.2,132.6,98000.0,2026-09-26 12:00:00,2026-09-26 12:00:00,980.0
20260926,120000,32W,29,2026,9,26,12,27.400000000000002,133.3,98700.0,2026-09-26 12:00:00,2026-09-26 12:00:00,987.0
20260926,120000,32W,29,2026,9,26,12,27.6,133.9,98900.0,2026-09-26 12:00:00,2026-09-26 12:00:00,989.0
20260926,120000,32W,29,2026,9,26,12,27.7,134.7,99100.0,2026-09-26 12:00:00,2026-09-26 12:00:00,991.0
20260926,120000,32W,29,2026,9,26,12,28.0,135.0,99400.0,2026-09-26 12:00:00,2026-09-26 12:00:00,994.0
20260926,120000,32W,29,2026,9,26,12,28.1,135.5,99800.0,2026-09-26 12:00:00,2026-09-26 12:00:00,998.0
20260926,120000,32W,29,2026,9,26,12,28.7,136.1,99700.0,2026-09-26 12:00:00,2026-09-26 12:00:00,997.0
20260926,120000,32W,29,2026,9,26,12,29.1,136.1,100000.0,2026-09-26 12:00:00,2026-09-26 12:00:00,1000.0
20260926,120000,32W,29,2026,9,26,12,29.5,136.3,100000.0,2026-09-26 12:00:00,2026-09-26 12:00:00,1000.0
20260926,120000,32W,29,2026,9,26,12,30.2,137.0,100300.0,2026-09-26 12:00:00,2026-09-26 12:00:00,1003.0
20260926,120000,32W,29,2026,9,26,12,31.0,138.0,100100.0,2026-09-26 12:00:00,2026-09-26 12:00:00,1001.0
20260926,120000,32W,29,2026,9,26,12,31.5,139.20000000000002,100300.0,2026-09-26 12:00:00,2026-09-26 12:00:00,1003.0
20260926,120000,32W,29,2026,9,26,12,33.2,142.1,100100.0,2026-09-26 12:00:00,2026-09-26 12:00:00,1001.0
20260926,120000,32W,30,2026,9,26,12,24.1,127.10000000000001,97800.0,2026-09-26 12:00:00,2026-09-26 12:00:00,978.0
20260926,120000,32W,30,2026,9,26,12,24.8,127.5,95800.0,2026-09-26 12:00:00,2026-09-26 12:00:00,958.0
20260926,120000,32W,30,2026,9,26,12,25.400000000000002,128.1,94600.0,2026-09-26 12:00:00,2026-09-26 12:00:00,946.0
20260926,120000,32W,30,2026,9,26,12,25.900000000000002,129.0,94400.0,2026-09-26 12:00:00,2026-09-26 12:00:00,944.0
20260926,120000,32W,30,2026,9,26,12,26.400000000000002,130.0,94600.0,2026-09-26 12:00:00,2026-09-26 12:00:00,946.0
20260926,120000,32W,30,2026,9,26,12,26.8,131.0,96000.0,2026-09-26 12:00:00,2026-09-26 12:00:00,960.0
20260926,120000,32W,30,2026,9,26,12,27.1,131.9,95800.0,2026-09-26 12:00:00,2026-09-26 12:00:00,958.0
20260926,120000,32W,30,2026,9,26,12,27.400000000000002,132.7,97700.0,2026-09-26 12:00:00,2026-09-26 12:00:00,977.0
20260926,120000,32W,30,2026,9,26,12,27.8,133.5,98600.0,2026-09-26 12:00:00,2026-09-26 12:00:00,986.0
20260926,120000,32W,30,2026,9,26,12,28.1,134.2,99100.0,2026-09-26 12:00:00,2026-09-26 12:00:00,991.0
20260926,120000,32W,30,2026,9,26,12,28.5,135.4,98900.0,2026-09-26 12:00:00,2026-09-26 12:00:00,989.0
20260926,120000,32W,30,2026,9,26,12,28.8,136.1,99600.0,2026-09-26 12:00:00,2026-09-26 12:00:00,996.0
20260926,120000,32W,30,2026,9,26,12,29.400000000000002,136.9,99700.0,2026-09-26 12:00:00,2026-09-26 12:00:00,997.0
20260926,120000,32W,30,2026,9,26,12,30.0,137.9,99900.0,2026-09-26 12:00:00,2026-09-26 12:00:00,999.0
20260926,120000,32W,30,2026,9,26,12,30.7,138.6,99900.0,2026-09-26 12:00:00,2026-09-26 12:00:00,999.0
20260926,120000,32W,30,2026,9,26,12,31.400000000000002,139.70000000000002,100300.0,2026-09-26 12:00:00,2026-09-26 12:00:00,1003.0
20260926,120000,32W,30,2026,9,26,12,32.5,141.1,100100.0,2026-09-26 12:00:00,2026-09-26 12:00:00,1001.0
20260926,120000,32W,30,2026,9,26,12,34.2,142.70000000000002,99900.0,2026-09-26 12:00:00,2026-09-26 12:00:00,999.0
20260926,120000,32W,30,2026,9,26,12,35.800000000000004,145.0,99700.0,2026-09-26 12:00:00,2026-09-26 12:00:00,997.0
20260926,120000,32W,30,2026,9,26,12,37.2,147.9,99500.0,2026-09-26 12:00:00,2026-09-26 12:00:00,995.0
20260926,120000,32W,31,2026,9,26,12,23.7,126.9,97900.0,2026-09-26 12:00:00,2026-09-26 12:00:00,979.0
20260926,120000,32W,31,2026,9,26,12,24.400000000000002,127.5,96800.0,2026-09-26 12:00:00,2026-09-26 12:00:00,968.0
20260926,120000,32W,31,2026,9,26,12,25.2,128.0,95200.0,2026-09-26 12:00:00,2026-09-26 12:00:00,952.0
20260926,120000,32W,31,2026,9,26,12,25.6,128.6,94600.0,2026-09-26 12:00:00,2026-09-26 12:00:00,946.0
20260926,120000,32W,31,2026,9,26,12,25.900000000000002,129.4,95900.0,2026-09-26 12:00:00,2026-09-26 12:00:00,959.0
20260926,120000,32W,31,2026,9,26,12,26.400000000000002,130.3,97000.0,2026-09-26 12:00:00,2026-09-26 12:00:00,970.0
20260926,120000,32W,31,2026,9,26,12,26.8,131.4,97000.0,2026-09-26 12:00:00,2026-09-26 12:00:00,970.0
20260926,120000,32W,31,2026,9,26,12,27.1,132.0,97600.0,2026-09-26 12:00:00,2026-09-26 12:00:00,976.0
20260926,120000,32W,31,2026,9,26,12,27.2,132.6,97500.0,2026-09-26 12:00:00,2026-09-26 12:00:00,975.0
20260926,120000,32W,31,2026,9,26,12,27.6,133.3,98400.0,2026-09-26 12:00:00,2026-09-26 12:00:00,984.0
20260926,120000,32W,31,2026,9,26,12,27.8,133.8,98500.0,2026-09-26 12:00:00,2026-09-26 12:00:00,985.0
20260926,120000,32W,31,2026,9,26,12,28.1,134.7,98700.0,2026-09-26 12:00:00,2026-09-26 12:00:00,987.0
20260926,120000,32W,31,2026,9,26,12,28.400000000000002,135.2,99100.0,2026-09-26 12:00:00,2026-09-26 12:00:00,991.0
20260926,120000,32W,31,2026,9,26,12,28.7,136.1,99200.0,2026-09-26 12:00:00,2026-09-26 12:00:00,992.0
20260926,120000,32W,31,2026,9,26,12,29.2,136.1,99500.0,2026-09-26 12:00:00,2026-09-26 12:00:00,995.0
20260926,120000,32W,31,2026,9,26,12,30.0,136.1,99900.0,2026-09-26 12:00:00,2026-09-26 12:00:00,999.0
20260926,120000,32W,31,2026,9,26,12,30.3,136.3,99900.0,2026-09-26 12:00:00,2026-09-26 12:00:00,999.0
20260926,120000,32W,31,2026,9,26,12,30.6,136.1,100100.0,2026-09-26 12:00:00,2026-09-26 12:00:00,1001.0
20260926,120000,32W,31,2026,9,26,12,30.8,136.70000000000002,100100.0,2026-09-26 12:00:00,2026-09-26 12:00:00,1001.0
20260926,120000,32W,31,2026,9,26,12,31.400000000000002,137.6,100200.0,2026-09-26 12:00:00,2026-09-26 12:00:00,1002.0
20260926,120000,32W,31,2026,9,26,12,31.8,138.70000000000002,100000.0,2026-09-26 12:00:00,2026-09-26 12:00:00,1000.0
20260926,120000,32W,31,2026,9,26,12,32.3,140.9,100300.0,2026-09-26 12:00:00,2026-09-26 12:00:00,1003.0
20260926,120000,32W,31,2026,9,26,12,34.4,143.6,100000.0,2026-09-26 12:00:00,2026-09-26 12:00:00,1000.0
20260926,120000,32W,32,2026,9,26,12,24.0,127.10000000000001,96900.0,2026-09-26 12:00:00,2026-09-26 12:00:00,969.0
20260926,120000,32W,32,2026,9,26,12,24.7,127.7,96100.0,2026-09-26 12:00:00,2026-09-26 12:00:00,961.0
20260926,120000,32W,32,2026,9,26,12,25.400000000000002,128.3,95100.0,2026-09-26 12:00:00,2026-09-26 12:00:00,951.0
20260926,120000,32W,32,2026,9,26,12,25.900000000000002,129.0,95400.0,2026-09-26 12:00:00,2026-09-26 12:00:00,954.0
20260926,120000,32W,32,2026,9,26,12,26.5,129.9,95000.0,2026-09-26 12:00:00,2026-09-26 12:00:00,950.0
20260926,120000,32W,32,2026,9,26,12,26.900000000000002,130.8,95900.0,2026-09-26 12:00:00,2026-09-26 12:00:00,959.0
20260926,120000,32W,32,2026,9,26,12,27.3,131.8,96700.0,2026-09-26 12:00:00,2026-09-26 12:00:00,967.0
20260926,120000,32W,32,2026,9,26,12,27.5,132.7,97300.0,2026-09-26 12:00:00,2026-09-26 12:00:00,973.0
20260926,120000,32W,32,2026,9,26,12,27.8,133.3,98400.0,2026-09-26 12:00:00,2026-09-26 12:00:00,984.0
20260926,120000,32W,32,2026,9,26,12,28.2,134.2,99100.0,2026-09-26 12:00:00,2026-09-26 12:00:00,991.0
20260926,120000,32W,32,2026,9,26,12,28.6,135.3,98800.0,2026-09-26 12:00:00,2026-09-26 12:00:00,988.0
20260926,120000,32W,32,2026,9,26,12,29.2,136.4,99500.0,2026-09-26 12:00:00,2026-09-26 12:00:00,995.0
20260926,120000,32W,32,2026,9,26,12,29.7,137.8,99600.0,2026-09-26 12:00:00,2026-09-26 12:00:00,996.0
20260926,120000,32W,32,2026,9,26,12,30.400000000000002,139.4,99800.0,2026-09-26 12:00:00,2026-09-26 12:00:00,998.0
20260926,120000,32W,32,2026,9,26,12,30.8,140.9,99700.0,2026-09-26 12:00:00,2026-09-26 12:00:00,997.0
20260926,120000,32W,32,2026,9,26,12,31.6,142.20000000000002,99800.0,2026-09-26 12:00:00,2026-09-26 12:00:00,998.0
20260926,120000,32W,32,2026,9,26,12,32.1,143.20000000000002,99800.0,2026-09-26 12:00:00,2026-09-26 12:00:00,998.0
20260926,120000,32W,32,2026,9,26,12,32.7,143.8,100100.0,2026-09-26 12:00:00,2026-09-26 12:00:00,1001.0
20260926,120000,32W,32,2026,9,26,12,33.2,144.70000000000002,100100.0,2026-09-26 12:00:00,2026-09-26 12:00:00,1001.0
20260926,120000,32W,32,2026,9,26,12,34.2,145.6,100300.0,2026-09-26 12:00:00,2026-09-26 12:00:00,1003.0
20260926,120000,32W,32,2026,9,26,12,36.300000000000004,148.5,100200.0,2026-09-26 12:00:00,2026-09-26 12:00:00,1002.0
20260926,120000,32W,32,2026,9,26,12,37.2,152.0,100100.0,2026-09-26 12:00:00,2026-09-26 12:00:00,1001.0
20260926,120000,32W,32,2026,9,26,12,38.1,154.8,100300.0,2026-09-26 12:00:00,2026-09-26 12:00:00,1003.0
20260926,120000,32W,33,2026,9,26,12,24.0,127.2,98500.0,2026-09-26 12:00:00,2026-09-26 12:00:00,985.0
20260926,120000,32W,33,2026,9,26,12,24.8,127.60000000000001,96900.0,2026-09-26 12:00:00,2026-09-26 12:00:00,969.0
20260926,120000,32W,33,2026,9,26,12,25.400000000000002,128.3,95600.0,2026-09-26 12:00:00,2026-09-26 12:00:00,956.0
20260926,120000,32W,33,2026,9,26,12,25.8,129.1,96200.0,2026-09-26 12:00:00,2026-09-26 12:00:00,962.0
20260926,120000,32W,33,2026,9,26,12,26.2,130.0,96500.0,2026-09-26 12:00:00,2026-09-26 12:00:00,965.0
20260926,120000,32W,33,2026,9,26,12,26.8,131.0,97900.0,2026-09-26 12:00:00,2026-09-26 12:00:00,979.0
20260926,120000,32W,33,2026,9,26,12,27.3,131.9,98600.0,2026-09-26 12:00:00,2026-09-26 12:00:00,986.0
20260926,120000,32W,33,2026,9,26,12,27.7,132.6,98800.0,2026-09-26 12:00:00,2026-09-26 12:00:00,988.0
20260926,120000,32W,33,2026,9,26,12,28.1,133.2,99300.0,2026-09-26 12:00:00,2026-09-26 12:00:00,993.0
20260926,120000,32W,33,2026,9,26,12,28.8,134.0,99600.0,2026-09-26 12:00:00,2026-09-26 12:00:00,996.0
20260926,120000,32W,33,2026,9,26,12,29.6,135.2,99700.0,2026-09-26 12:00:00,2026-09-26 12:00:00,997.0
20260926,120000,32W,33,2026,9,26,12,30.5,136.6,99900.0,2026-09-26 12:00:00,2026-09-26 12:00:00,999.0
20260926,120000,32W,33,2026,9,26,12,31.8,138.0,99900.0,2026-09-26 12:00:00,2026-09-26 12:00:00,999.0
20260926,120000,32W,33,2026,9,26,12,32.7,140.20000000000002,100100.0,2026-09-26 12:00:00,2026-09-26 12:00:00,1001.0
20260926,120000,32W,33,2026,9,26,12,34.6,142.70000000000002,99900.0,2026-09-26 12:00:00,2026-09-26 12:00:00,999.0
20260926,120000,32W,33,2026,9,26,12,36.300000000000004,145.4,99800.0,2026-09-26 12:00:00,2026-09-26 12:00:00,998.0
20260926,120000,32W,33,2026,9,26,12,37.9,148.0,99300.0,2026-09-26 12:00:00,2026-09-26 12:00:00,993.0
20260926,120000,32W,33,2026,9,26,12,39.300000000000004,151.6,99600.0,2026-09-26 12:00:00,2026-09-26 12:00:00,996.0
20260926,120000,32W,34,2026,9,26,12,24.1,127.0,99400.0,2026-09-26 12:00:00,2026-09-26 12:00:00,994.0
20260926,120000,32W,34,2026,9,26,12,24.900000000000002,127.4,99100.0,2026-09-26 12:00:00,2026-09-26 12:00:00,991.0
20260926,120000,32W,34,2026,9,26,12,25.3,127.8,98400.0,2026-09-26 12:00:00,2026-09-26 12:00:00,984.0
20260926,120000,32W,34,2026,9,26,12,25.7,128.5,98200.0,2026-09-26 12:00:00,2026-09-26 12:00:00,982.0
20260926,120000,32W,34,2026,9,26,12,26.1,129.0,97300.0,2026-09-26 12:00:00,2026-09-26 12:00:00,973.0
20260926,120000,32W,34,2026,9,26,12,26.5,129.5,98100.0,2026-09-26 12:00:00,2026-09-26 12:00:00,981.0
20260926,120000,32W,34,2026,9,26,12,27.1,130.2,98300.0,2026-09-26 12:00:00,2026-09-26 12:00:00,983.0
20260926,120000,32W,34,2026,9,26,12,27.6,131.3,98500.0,2026-09-26 12:00:00,2026-09-26 12:00:00,985.0
20260926,120000,32W,34,2026,9,26,12,28.2,132.1,98700.0,2026-09-26 12:00:00,2026-09-26 12:00:00,987.0
20260926,120000,32W,34,2026,9,26,12,29.2,133.4,99100.0,2026-09-26 12:00:00,2026-09-26 12:00:00,991.0
20260926,120000,32W,34,2026,9,26,12,30.0,135.0,99100.0,2026-09-26 12:00:00,2026-09-26 12:00:00,991.0
20260926,120000,32W,34,2026,9,26,12,31.3,137.0,99500.0,2026-09-26 12:00:00,2026-09-26 12:00:00,995.0
20260926,120000,32W,34,2026,9,26,12,33.4,139.3,98700.0,2026-09-26 12:00:00,2026-09-26 12:00:00,987.0
20260926,120000,32W,34,2026,9,26,12,34.6,142.3,98200.0,2026-09-26 12:00:00,2026-09-26 12:00:00,982.0
20260926,120000,32W,34,2026,9,26,12,35.800000000000004,145.6,98400.0,2026-09-26 12:00:00,2026-09-26 12:00:00,984.0
20260926,120000,32W,34,2026,9,26,12,37.0,148.9,98600.0,2026-09-26 12:00:00,2026-09-26 12:00:00,986.0
20260926,120000,32W,34,2026,9,26,12,37.6,152.5,98400.0,2026-09-26 12:00:00,2026-09-26 12:00:00,984.0
20260926,120000,32W,34,2026,9,26,12,38.300000000000004,155.9,99300.0,2026-09-26 12:00:00,2026-09-26 12:00:00,993.0
20260926,120000,32W,35,2026,9,26,12,23.900000000000002,126.60000000000001,100100.0,2026-09-26 12:00:00,2026-09-26 12:00:00,1001.0
20260926,120000,32W,35,2026,9,26,12,24.0,127.0,100200.0,2026-09-26 12:00:00,2026-09-26 12:00:00,1002.0
20260926,120000,32W,35,2026,9,26,12,25.0,127.8,99800.0,2026-09-26 12:00:00,2026-09-26 12:00:00,998.0
20260926,120000,32W,35,2026,9,26,12,25.7,128.3,99900.0,2026-09-26 12:00:00,2026-09-26 12:00:00,999.0
20260926,120000,32W,35,2026,9,26,12,26.400000000000002,129.0,99900.0,2026-09-26 12:00:00,2026-09-26 12:00:00,999.0
20260926,120000,32W,35,2026,9,26,12,26.900000000000002,129.6,100200.0,2026-09-26 12:00:00,2026-09-26 12:00:00,1002.0
20260926,120000,32W,35,2026,9,26,12,27.6,130.5,100100.0,2026-09-26 12:00:00,2026-09-26 12:00:00,1001.0
20260926,120000,32W,35,2026,9,26,12,27.8,131.5,100400.0,2026-09-26 12:00:00,2026-09-26 12:00:00,1004.0
20260926,120000,32W,35,2026,9,26,12,28.400000000000002,132.3,100300.0,2026-09-26 12:00:00,2026-09-26 12:00:00,1003.0
20260926,120000,32W,35,2026,9,26,12,28.8,133.7,100500.0,2026-09-26 12:00:00,2026-09-26 12:00:00,1005.0
20260926,120000,32W,35,2026,9,26,12,29.6,134.9,100200.0,2026-09-26 12:00:00,2026-09-26 12:00:00,1002.0
20260926,120000,32W,35,2026,9,26,12,31.1,136.1,100300.0,2026-09-26 12:00:00,2026-09-26 12:00:00,1003.0
20260926,120000,32W,35,2026,9,26,12,31.6,138.5,100100.0,2026-09-26 12:00:00,2026-09-26 12:00:00,1001.0
20260926,120000,32W,35,2026,9,26,12,32.7,140.0,100100.0,2026-09-26 12:00:00,2026-09-26 12:00:00,1001.0
20260926,120000,32W,35,2026,9,26,12,33.3,141.0,99900.0,2026-09-26 12:00:00,2026-09-26 12:00:00,999.0
20260926,120000,32W,35,2026,9,26,12,34.1,141.8,100100.0,2026-09-26 12:00:00,2026-09-26 12:00:00,1001.0
20260926,120000,32W,36,2026,9,26,12,24.2,127.10000000000001,99100.0,2026-09-26 12:00:00,2026-09-26 12:00:00,991.0
20260926,120000,32W,36,2026,9,26,12,24.8,127.60000000000001,98600.0,2026-09-26 12:00:00,2026-09-26 12:00:00,986.0
20260926,120000,32W,36,2026,9,26,12,25.400000000000002,128.4,97800.0,2026-09-26 12:00:00,2026-09-26 12:00:00,978.0
20260926,120000,32W,36,2026,9,26,12,25.900000000000002,129.4,97500.0,2026-09-26 12:00:00,2026-09-26 12:00:00,975.0
20260926,120000,32W,36,2026,9,26,12,26.6,130.4,96700.0,2026-09-26 12:00:00,2026-09-26 12:00:00,967.0
20260926,120000,32W,36,2026,9,26,12,27.1,131.5,96800.0,2026-09-26 12:00:00,2026-09-26 12:00:00,968.0
20260926,120000,32W,36,2026,9,26,12,27.5,132.8,96900.0,2026-09-26 12:00:00,2026-09-26 12:00:00,969.0
20260926,120000,32W,36,2026,9,26,12,27.8,134.0,97500.0,2026-09-26 12:00:00,2026-09-26 12:00:00,975.0
20260926,120000,32W,36,2026,9,26,12,28.3,135.0,98500.0,2026-09-26 12:00:00,2026-09-26 12:00:00,985.0
20260926,120000,32W,36,2026,9,26,12,28.7,136.2,99100.0,2026-09-26 12:00:00,2026-09-26 12:00:00,991.0
20260926,120000,32W,36,2026,9,26,12,29.5,137.5,99100.0,2026-09-26 12:00:00,2026-09-26 12:00:00,991.0
20260926,120000,32W,36,2026,9,26,12,30.400000000000002,138.70000000000002,99200.0,2026-09-26 12:00:00,2026-09-26 12:00:00,992.0
20260926,120000,32W,36,2026,9,26,12,31.5,140.5,99300.0,2026-09-26 12:00:00,2026-09-26 12:00:00,993.0
20260926,120000,32W,36,2026,9,26,12,32.6,142.1,99400.0,2026-09-26 12:00:00,2026-09-26 12:00:00,994.0
20260926,120000,32W,36,2026,9,26,12,34.0,144.3,99500.0,2026-09-26 12:00:00,2026-09-26 12:00:00,995.0
20260926,120000,32W,36,2026,9,26,12,34.6,146.3,99700.0,2026-09-26 12:00:00,2026-09-26 12:00:00,997.0
20260926,120000,32W,36,2026,9,26,12,35.800000000000004,148.1,99300.0,2026-09-26 12:00:00,2026-09-26 12:00:00,993.0
20260926,120000,32W,36,2026,9,26,12,36.800000000000004,150.5,99800.0,2026-09-26 12:00:00,2026-09-26 12:00:00,998.0
20260926,120000,32W,36,2026,9,26,12,39.800000000000004,156.1,100000.0,2026-09-26 12:00:00,2026-09-26 12:00:00,1000.0
20260926,120000,32W,36,2026,9,26,12,41.7,161.1,99800.0,2026-09-26 12:00:00,2026-09-26 12:00:00,998.0
20260926,120000,32W,37,2026,9,26,12,24.2,127.2,98800.0,2026-09-26 12:00:00,2026-09-26 12:00:00,988.0
20260926,120000,32W,37,2026,9,26,12,24.8,127.7,98800.0,2026-09-26 12:00:00,2026-09-26 12:00:00,988.0
20260926,120000,32W,37,2026,9,26,12,25.400000000000002,128.4,98100.0,2026-09-26 12:00:00,2026-09-26 12:00:00,981.0
20260926,120000,32W,37,2026,9,26,12,26.0,129.1,98100.0,2026-09-26 12:00:00,2026-09-26 12:00:00,981.0
20260926,120000,32W,37,2026,9,26,12,26.6,130.0,97600.0,2026-09-26 12:00:00,2026-09-26 12:00:00,976.0
20260926,120000,32W,37,2026,9,26,12,27.1,130.8,98500.0,2026-09-26 12:00:00,2026-09-26 12:00:00,985.0
20260926,120000,32W,37,2026,9,26,12,27.400000000000002,131.9,98700.0,2026-09-26 12:00:00,2026-09-26 12:00:00,987.0
20260926,120000,32W,37,2026,9,26,12,27.8,132.7,99000.0,2026-09-26 12:00:00,2026-09-26 12:00:00,990.0
20260926,120000,32W,37,2026,9,26,12,28.2,133.4,99400.0,2026-09-26 12:00:00,2026-09-26 12:00:00,994.0
20260926,120000,32W,37,2026,9,26,12,28.6,134.7,99500.0,2026-09-26 12:00:00,2026-09-26 12:00:00,995.0
20260926,120000,32W,37,2026,9,26,12,28.900000000000002,135.4,99500.0,2026-09-26 12:00:00,2026-09-26 12:00:00,995.0
20260926,120000,32W,37,2026,9,26,12,29.2,136.6,100000.0,2026-09-26 12:00:00,2026-09-26 12:00:00,1000.0
20260926,120000,32W,37,2026,9,26,12,29.900000000000002,137.6,100000.0,2026-09-26 12:00:00,2026-09-26 12:00:00,1000.0
20260926,120000,32W,37,2026,9,26,12,30.400000000000002,138.5,100300.0,2026-09-26 12:00:00,2026-09-26 12:00:00,1003.0
20260926,120000,32W,37,2026,9,26,12,31.1,139.8,100200.0,2026-09-26 12:00:00,2026-09-26 12:00:00,1002.0
20260926,120000,32W,37,2026,9,26,12,32.5,141.5,100300.0,2026-09-26 12:00:00,2026-09-26 12:00:00,1003.0
20260926,120000,32W,38,2026,9,26,12,23.7,126.9,99000.0,2026-09-26 12:00:00,2026-09-26 12:00:00,990.0
20260926,120000,32W,38,2026,9,26,12,24.400000000000002,127.60000000000001,98600.0,2026-09-26 12:00:00,2026-09-26 12:00:00,986.0
20260926,120000,32W,38,2026,9,26,12,25.2,128.2,98200.0,2026-09-26 12:00:00,2026-09-26 12:00:00,982.0
20260926,120000,32W,38,2026,9,26,12,25.6,128.8,98700.0,2026-09-26 12:00:00,2026-09-26 12:00:00,987.0
20260926,120000,32W,38,2026,9,26,12,26.3,129.4,99000.0,2026-09-26 12:00:00,2026-09-26 12:00:00,990.0
20260926,120000,32W,38,2026,9,26,12,27.1,130.2,99700.0,2026-09-26 12:00:00,2026-09-26 12:00:00,997.0
20260926,120000,32W,38,2026,9,26,12,27.8,131.3,99500.0,2026-09-26 12:00:00,2026-09-26 12:00:00,995.0
20260926,120000,32W,38,2026,9,26,12,28.5,132.3,99900.0,2026-09-26 12:00:00,2026-09-26 12:00:00,999.0
20260926,120000,32W,38,2026,9,26,12,29.2,133.4,100000.0,2026-09-26 12:00:00,2026-09-26 12:00:00,1000.0
20260926,120000,32W,38,2026,9,26,12,31.3,136.6,100100.0,2026-09-26 12:00:00,2026-09-26 12:00:00,1001.0
20260926,120000,32W,38,2026,9,26,12,33.7,139.5,100100.0,2026-09-26 12:00:00,2026-09-26 12:00:00,1001.0
20260926,120000,32W,38,2026,9,26,12,34.9,142.70000000000002,98700.0,2026-09-26 12:00:00,2026-09-26 12:00:00,987.0
20260926,120000,32W,38,2026,9,26,12,36.0,146.20000000000002,98900.0,2026-09-26 12:00:00,2026-09-26 12:00:00,989.0
20260926,120000,32W,38,2026,9,26,12,37.5,150.3,99300.0,2026-09-26 12:00:00,2026-09-26 12:00:00,993.0
20260926,120000,32W,38,2026,9,26,12,40.6,159.6,99500.0,2026-09-26 12:00:00,2026-09-26 12:00:00,995.0
20260926,120000,32W,39,2026,9,26,12,24.1,127.4,97400.0,2026-09-26 12:00:00,2026-09-26 12:00:00,974.0
20260926,120000,32W,39,2026,9,26,12,24.900000000000002,127.9,96300.0,2026-09-26 12:00:00,2026-09-26 12:00:00,963.0
20260926,120000,32W,39,2026,9,26,12,25.6,128.6,94700.0,2026-09-26 12:00:00,2026-09-26 12:00:00,947.0
20260926,120000,32W,39,2026,9,26,12,26.2,129.5,94700.0,2026-09-26 12:00:00,2026-09-26 12:00:00,947.0
20260926,120000,32W,39,2026,9,26,12,26.7,130.6,95200.0,2026-09-26 12:00:00,2026-09-26 12:00:00,952.0
20260926,120000,32W,39,2026,9,26,12,27.1,131.6,95800.0,2026-09-26 12:00:00,2026-09-26 12:00:00,958.0
20260926,120000,32W,39,2026,9,26,12,27.6,132.5,95800.0,2026-09-26 12:00:00,2026-09-26 12:00:00,958.0
20260926,120000,32W,39,2026,9,26,12,27.8,133.3,96900.0,2026-09-26 12:00:00,2026-09-26 12:00:00,969.0
20260926,120000,32W,39,2026,9,26,12,28.1,133.8,98200.0,2026-09-26 12:00:00,2026-09-26 12:00:00,982.0
20260926,120000,32W,39,2026,9,26,12,28.6,134.3,99100.0,2026-09-26 12:00:00,2026-09-26 12:00:00,991.0
20260926,120000,32W,39,2026,9,26,12,29.0,135.2,99100.0,2026-09-26 12:00:00,2026-09-26 12:00:00,991.0
20260926,120000,32W,39,2026,9,26,12,29.400000000000002,136.4,99400.0,2026-09-26 12:00:00,2026-09-26 12:00:00,994.0
20260926,120000,32W,39,2026,9,26,12,30.0,138.0,99500.0,2026-09-26 12:00:00,2026-09-26 12:00:00,995.0
20260926,120000,32W,39,2026,9,26,12,30.8,139.5,99900.0,2026-09-26 12:00:00,2026-09-26 12:00:00,999.0
20260926,120000,32W,39,2026,9,26,12,31.5,141.3,99800.0,2026-09-26 12:00:00,2026-09-26 12:00:00,998.0
20260926,120000,32W,39,2026,9,26,12,32.3,142.9,100100.0,2026-09-26 12:00:00,2026-09-26 12:00:00,1001.0
20260926,120000,32W,39,2026,9,26,12,33.2,144.20000000000002,99900.0,2026-09-26 12:00:00,2026-09-26 12:00:00,999.0
20260926,120000,32W,39,2026,9,26,12,33.5,145.4,100200.0,2026-09-26 12:00:00,2026-09-26 12:00:00,1002.0
20260926,120000,32W,39,2026,9,26,12,34.1,146.5,100200.0,2026-09-26 12:00:00,2026-09-26 12:00:00,1002.0
20260926,120000,32W,40,2026,9,26,12,24.2,127.3,97600.0,2026-09-26 12:00:00,2026-09-26 12:00:00,976.0
20260926,120000,32W,40,2026,9,26,12,25.1,127.9,97200.0,2026-09-26 12:00:00,2026-09-26 12:00:00,972.0
20260926,120000,32W,40,2026,9,26,12,25.7,128.6,96000.0,2026-09-26 12:00:00,2026-09-26 12:00:00,960.0
20260926,120000,32W,40,2026,9,26,12,26.2,129.4,96300.0,2026-09-26 12:00:00,2026-09-26 12:00:00,963.0
20260926,120000,32W,40,2026,9,26,12,26.7,130.4,96600.0,2026-09-26 12:00:00,2026-09-26 12:00:00,966.0
20260926,120000,32W,40,2026,9,26,12,27.2,131.4,96800.0,2026-09-26 12:00:00,2026-09-26 12:00:00,968.0
20260926,120000,32W,40,2026,9,26,12,27.8,132.6,97500.0,2026-09-26 12:00:00,2026-09-26 12:00:00,975.0
20260926,120000,32W,40,2026,9,26,12,28.0,133.5,98200.0,2026-09-26 12:00:00,2026-09-26 12:00:00,982.0
20260926,120000,32W,40,2026,9,26,12,28.400000000000002,134.3,98900.0,2026-09-26 12:00:00,2026-09-26 12:00:00,989.0
20260926,120000,32W,40,2026,9,26,12,29.2,135.4,98800.0,2026-09-26 12:00:00,2026-09-26 12:00:00,988.0
20260926,120000,32W,40,2026,9,26,12,29.7,136.6,99200.0,2026-09-26 12:00:00,2026-09-26 12:00:00,992.0
20260926,120000,32W,40,2026,9,26,12,30.400000000000002,138.0,99600.0,2026-09-26 12:00:00,2026-09-26 12:00:00,996.0
20260926,120000,32W,40,2026,9,26,12,31.3,139.3,99700.0,2026-09-26 12:00:00,2026-09-26 12:00:00,997.0
20260926,120000,32W,40,2026,9,26,12,32.6,140.9,99700.0,2026-09-26 12:00:00,2026-09-26 12:00:00,997.0
20260926,120000,32W,40,2026,9,26,12,33.2,142.8,99800.0,2026-09-26 12:00:00,2026-09-26 12:00:00,998.0
20260926,120000,32W,41,2026,9,26,12,24.1,127.4,97700.0,2026-09-26 12:00:00,2026-09-26 12:00:00,977.0
20260926,120000,32W,41,2026,9,26,12,24.8,127.8,97500.0,2026-09-26 12:00:00,2026-09-26 12:00:00,975.0
20260926,120000,32W,41,2026,9,26,12,25.400000000000002,128.4,97000.0,2026-09-26 12:00:00,2026-09-26 12:00:00,970.0
20260926,120000,32W,41,2026,9,26,12,26.0,129.3,97300.0,2026-09-26 12:00:00,2026-09-26 12:00:00,973.0
20260926,120000,32W,41,2026,9,26,12,26.6,130.2,97600.0,2026-09-26 12:00:00,2026-09-26 12:00:00,976.0
20260926,120000,32W,41,2026,9,26,12,26.900000000000002,131.3,97300.0,2026-09-26 12:00:00,2026-09-26 12:00:00,973.0
20260926,120000,32W,41,2026,9,26,12,27.3,132.3,96800.0,2026-09-26 12:00:00,2026-09-26 12:00:00,968.0
20260926,120000,32W,41,2026,9,26,12,27.400000000000002,133.3,97300.0,2026-09-26 12:00:00,2026-09-26 12:00:00,973.0
20260926,120000,32W,41,2026,9,26,12,27.5,134.0,97800.0,2026-09-26 12:00:00,2026-09-26 12:00:00,978.0
20260926,120000,32W,41,2026,9,26,12,27.8,134.8,97900.0,2026-09-26 12:00:00,2026-09-26 12:00:00,979.0
20260926,120000,32W,41,2026,9,26,12,28.1,135.7,98400.0,2026-09-26 12:00:00,2026-09-26 12:00:00,984.0
20260926,120000,32W,41,2026,9,26,12,28.3,136.4,99100.0,2026-09-26 12:00:00,2026-09-26 12:00:00,991.0
20260926,120000,32W,41,2026,9,26,12,28.6,137.1,99300.0,2026-09-26 12:00:00,2026-09-26 12:00:00,993.0
20260926,120000,32W,41,2026,9,26,12,29.2,137.9,99300.0,2026-09-26 12:00:00,2026-09-26 12:00:00,993.0
20260926,120000,32W,41,2026,9,26,12,29.400000000000002,138.6,99400.0,2026-09-26 12:00:00,2026-09-26 12:00:00,994.0
20260926,120000,32W,41,2026,9,26,12,30.1,139.20000000000002,99800.0,2026-09-26 12:00:00,2026-09-26 12:00:00,998.0
20260926,120000,32W,41,2026,9,26,12,31.2,139.6,99300.0,2026-09-26 12:00:00,2026-09-26 12:00:00,993.0
20260926,120000,32W,41,2026,9,26,12,31.8,140.4,99700.0,2026-09-26 12:00:00,2026-09-26 12:00:00,997.0
20260926,120000,32W,41,2026,9,26,12,32.4,141.9,99700.0,2026-09-26 12:00:00,2026-09-26 12:00:00,997.0
20260926,120000,32W,41,2026,9,26,12,33.5,144.0,99900.0,2026-09-26 12:00:00,2026-09-26 12:00:00,999.0
20260926,120000,32W,41,2026,9,26,12,34.800000000000004,146.4,99600.0,2026-09-26 12:00:00,2026-09-26 12:00:00,996.0
20260926,120000,32W,41,2026,9,26,12,36.4,149.8,98400.0,2026-09-26 12:00:00,2026-09-26 12:00:00,984.0
20260926,120000,32W,41,2026,9,26,12,37.6,153.9,98900.0,2026-09-26 12:00:00,2026-09-26 12:00:00,989.0
20260926,120000,32W,41,2026,9,26,12,39.1,158.20000000000002,99500.0,2026-09-26 12:00:00,2026-09-26 12:00:00,995.0
20260926,120000,32W,41,2026,9,26,12,42.0,164.3,99500.0,2026-09-26 12:00:00,2026-09-26 12:00:00,995.0
20260926,120000,32W,42,2026,9,26,12,24.0,126.9,99100.0,2026-09-26 12:00:00,2026-09-26 12:00:00,991.0
20260926,120000,32W,42,2026,9,26,12,24.6,127.4,98100.0,2026-09-26 12:00:00,2026-09-26 12:00:00,981.0
20260926,120000,32W,42,2026,9,26,12,25.400000000000002,127.8,96400.0,2026-09-26 12:00:00,2026-09-26 12:00:00,964.0
20260926,120000,32W,42,2026,9,26,12,25.6,128.5,95800.0,2026-09-26 12:00:00,2026-09-26 12:00:00,958.0
20260926,120000,32W,42,2026,9,26,12,25.900000000000002,129.2,95900.0,2026-09-26 12:00:00,2026-09-26 12:00:00,959.0
20260926,120000,32W,42,2026,9,26,12,26.400000000000002,129.8,97700.0,2026-09-26 12:00:00,2026-09-26 12:00:00,977.0
20260926,120000,32W,42,2026,9,26,12,27.0,130.7,98500.0,2026-09-26 12:00:00,2026-09-26 12:00:00,985.0
20260926,120000,32W,42,2026,9,26,12,27.2,131.3,99100.0,2026-09-26 12:00:00,2026-09-26 12:00:00,991.0
20260926,120000,32W,42,2026,9,26,12,27.5,132.1,98500.0,2026-09-26 12:00:00,2026-09-26 12:00:00,985.0
20260926,120000,32W,42,2026,9,26,12,28.0,132.8,99200.0,2026-09-26 12:00:00,2026-09-26 12:00:00,992.0
20260926,120000,32W,42,2026,9,26,12,28.2,133.8,99100.0,2026-09-26 12:00:00,2026-09-26 12:00:00,991.0
20260926,120000,32W,42,2026,9,26,12,28.5,134.4,99200.0,2026-09-26 12:00:00,2026-09-26 12:00:00,992.0
20260926,120000,32W,42,2026,9,26,12,28.5,135.0,99400.0,2026-09-26 12:00:00,2026-09-26 12:00:00,994.0
20260926,120000,32W,42,2026,9,26,12,29.0,135.4,99700.0,2026-09-26 12:00:00,2026-09-26 12:00:00,997.0
20260926,120000,32W,42,2026,9,26,12,29.2,135.4,99800.0,2026-09-26 12:00:00,2026-09-26 12:00:00,998.0
20260926,120000,32W,42,2026,9,26,12,29.1,135.3,100100.0,2026-09-26 12:00:00,2026-09-26 12:00:00,1001.0
20260926,120000,32W,42,2026,9,26,12,29.2,135.3,100100.0,2026-09-26 12:00:00,2026-09-26 12:00:00,1001.0
20260926,120000,32W,42,2026,9,26,12,29.400000000000002,135.2,100300.0,2026-09-26 12:00:00,2026-09-26 12:00:00,1003.0
20260926,120000,32W,43,2026,9,26,12,24.2,127.10000000000001,99000.0,2026-09-26 12:00:00,2026-09-26 12:00:00,990.0
20260926,120000,32W,43,2026,9,26,12,24.900000000000002,127.60000000000001,99000.0,2026-09-26 12:00:00,2026-09-26 12:00:00,990.0
20260926,120000,32W,43,2026,9,26,12,25.6,128.3,98600.0,2026-09-26 12:00:00,2026-09-26 12:00:00,986.0
20260926,120000,32W,43,2026,9,26,12,26.1,129.3,98900.0,2026-09-26 12:00:00,2026-09-26 12:00:00,989.0
20260926,120000,32W,43,2026,9,26,12,26.900000000000002,130.2,99100.0,2026-09-26 12:00:00,2026-09-26 12:00:00,991.0
20260926,120000,32W,43,2026,9,26,12,27.5,131.2,99400.0,2026-09-26 12:00:00,2026-09-26 12:00:00,994.0
20260926,120000,32W,43,2026,9,26,12,27.8,132.5,98800.0,2026-09-26 12:00:00,2026-09-26 12:00:00,988.0
20260926,120000,32W,43,2026,9,26,12,28.7,133.7,99300.0,2026-09-26 12:00:00,2026-09-26 12:00:00,993.0
20260926,120000,32W,43,2026,9,26,12,29.2,134.5,99500.0,2026-09-26 12:00:00,2026-09-26 12:00:00,995.0
20260926,120000,32W,43,2026,9,26,12,30.5,135.6,99600.0,2026-09-26 12:00:00,2026-09-26 12:00:00,996.0
20260926,120000,32W,43,2026,9,26,12,31.5,137.9,99100.0,2026-09-26 12:00:00,2026-09-26 12:00:00,991.0
20260926,120000,32W,43,2026,9,26,12,32.9,139.8,99400.0,2026-09-26 12:00:00,2026-09-26 12:00:00,994.0
20260926,120000,32W,43,2026,9,26,12,34.2,142.1,98800.0,2026-09-26 12:00:00,2026-09-26 12:00:00,988.0
20260926,120000,32W,43,2026,9,26,12,34.9,145.0,99100.0,2026-09-26 12:00:00,2026-09-26 12:00:00,991.0
20260926,120000,32W,43,2026,9,26,12,35.9,147.8,98900.0,2026-09-26 12:00:00,2026-09-26 12:00:00,989.0
20260926,120000,32W,43,2026,9,26,12,36.1,150.1,99600.0,2026-09-26 12:00:00,2026-09-26 12:00:00,996.0
20260926,120000,32W,44,2026,9,26,12,24.0,127.10000000000001,98800.0,2026-09-26 12:00:00,2026-09-26 12:00:00,988.0
20260926,120000,32W,44,2026,9,26,12,24.7,127.5,98100.0,2026-09-26 12:00:00,2026-09-26 12:00:00,981.0
20260926,120000,32W,44,2026,9,26,12,25.2,127.8,97300.0,2026-09-26 12:00:00,2026-09-26 12:00:00,973.0
20260926,120000,32W,44,2026,9,26,12,25.6,128.4,97600.0,2026-09-26 12:00:00,2026-09-26 12:00:00,976.0
20260926,120000,32W,44,2026,9,26,12,26.0,129.3,97200.0,2026-09-26 12:00:00,2026-09-26 12:00:00,972.0
20260926,120000,32W,44,2026,9,26,12,26.5,130.2,97500.0,2026-09-26 12:00:00,2026-09-26 12:00:00,975.0
20260926,120000,32W,44,2026,9,26,12,26.7,131.1,97500.0,2026-09-26 12:00:00,2026-09-26 12:00:00,975.0
20260926,120000,32W,44,2026,9,26,12,27.0,131.9,98100.0,2026-09-26 12:00:00,2026-09-26 12:00:00,981.0
20260926,120000,32W,44,2026,9,26,12,27.2,132.4,98500.0,2026-09-26 12:00:00,2026-09-26 12:00:00,985.0
20260926,120000,32W,44,2026,9,26,12,27.5,133.1,99200.0,2026-09-26 12:00:00,2026-09-26 12:00:00,992.0
20260926,120000,32W,44,2026,9,26,12,27.6,133.9,99000.0,2026-09-26 12:00:00,2026-09-26 12:00:00,990.0
20260926,120000,32W,44,2026,9,26,12,27.8,134.5,99400.0,2026-09-26 12:00:00,2026-09-26 12:00:00,994.0
20260926,120000,32W,44,2026,9,26,12,28.0,135.2,99600.0,2026-09-26 12:00:00,2026-09-26 12:00:00,996.0
20260926,120000,32W,44,2026,9,26,12,28.400000000000002,135.7,99900.0,2026-09-26 12:00:00,2026-09-26 12:00:00,999.0
20260926,120000,32W,44,2026,9,26,12,29.2,135.8,99900.0,2026-09-26 12:00:00,2026-09-26 12:00:00,999.0
20260926,120000,32W,44,2026,9,26,12,29.7,136.3,100200.0,2026-09-26 12:00:00,2026-09-26 12:00:00,1002.0
20260926,120000,32W,44,2026,9,26,12,30.2,136.4,100100.0,2026-09-26 12:00:00,2026-09-26 12:00:00,1001.0
20260926,120000,32W,44,2026,9,26,12,31.1,137.1,100300.0,2026-09-26 12:00:00,2026-09-26 12:00:00,1003.0
20260926,120000,32W,44,2026,9,26,12,32.5,138.3,100000.0,2026-09-26 12:00:00,2026-09-26 12:00:00,1000.0
20260926,120000,32W,44,2026,9,26,12,33.3,140.4,99900.0,2026-09-26 12:00:00,2026-09-26 12:00:00,999.0
20260926,120000,32W,44,2026,9,26,12,34.9,142.8,99100.0,2026-09-26 12:00:00,2026-09-26 12:00:00,991.0
20260926,120000,32W,45,2026,9,26,12,24.0,127.10000000000001,97900.0,2026-09-26 12:00:00,2026-09-26 12:00:00,979.0
20260926,120000,32W,45,2026,9,26,12,24.7,127.7,97400.0,2026-09-26 12:00:00,2026-09-26 12:00:00,974.0
20260926,120000,32W,45,2026,9,26,12,25.400000000000002,128.3,96900.0,2026-09-26 12:00:00,2026-09-26 12:00:00,969.0
20260926,120000,32W,45,2026,9,26,12,26.0,129.0,97300.0,2026-09-26 12:00:00,2026-09-26 12:00:00,973.0
20260926,120000,32W,45,2026,9,26,12,26.6,130.0,97100.0,2026-09-26 12:00:00,2026-09-26 12:00:00,971.0
20260926,120000,32W,45,2026,9,26,12,27.1,131.2,97200.0,2026-09-26 12:00:00,2026-09-26 12:00:00,972.0
20260926,120000,32W,45,2026,9,26,12,27.3,132.3,96700.0,2026-09-26 12:00:00,2026-09-26 12:00:00,967.0
20260926,120000,32W,45,2026,9,26,12,27.5,133.3,97500.0,2026-09-26 12:00:00,2026-09-26 12:00:00,975.0
20260926,120000,32W,45,2026,9,26,12,27.8,134.1,98600.0,2026-09-26 12:00:00,2026-09-26 12:00:00,986.0
20260926,120000,32W,45,2026,9,26,12,28.0,135.0,98800.0,2026-09-26 12:00:00,2026-09-26 12:00:00,988.0
20260926,120000,32W,45,2026,9,26,12,28.5,135.9,99100.0,2026-09-26 12:00:00,2026-09-26 12:00:00,991.0
20260926,120000,32W,45,2026,9,26,12,28.900000000000002,136.9,99500.0,2026-09-26 12:00:00,2026-09-26 12:00:00,995.0
20260926,120000,32W,45,2026,9,26,12,28.900000000000002,137.9,99600.0,2026-09-26 12:00:00,2026-09-26 12:00:00,996.0
20260926,120000,32W,45,2026,9,26,12,29.400000000000002,138.5,99800.0,2026-09-26 12:00:00,2026-09-26 12:00:00,998.0
20260926,120000,32W,45,2026,9,26,12,30.3,139.20000000000002,99700.0,2026-09-26 12:00:00,2026-09-26 12:00:00,997.0
20260926,120000,32W,45,2026,9,26,12,30.6,140.4,99600.0,2026-09-26 12:00:00,2026-09-26 12:00:00,996.0
20260926,120000,32W,45,2026,9,26,12,31.0,140.6,99700.0,2026-09-26 12:00:00,2026-09-26 12:00:00,997.0
20260926,120000,32W,45,2026,9,26,12,31.7,141.1,100000.0,2026-09-26 12:00:00,2026-09-26 12:00:00,1000.0
20260926,120000,32W,45,2026,9,26,12,32.4,142.0,100000.0,2026-09-26 12:00:00,2026-09-26 12:00:00,1000.0
20260926,120000,32W,45,2026,9,26,12,33.3,143.4,100100.0,2026-09-26 12:00:00,2026-09-26 12:00:00,1001.0
20260926,120000,32W,45,2026,9,26,12,34.7,145.4,100000.0,2026-09-26 12:00:00,2026-09-26 12:00:00,1000.0
20260926,120000,32W,45,2026,9,26,12,37.2,148.8,99800.0,2026-09-26 12:00:00,2026-09-26 12:00:00,998.0
20260926,120000,32W,45,2026,9,26,12,39.7,154.20000000000002,99800.0,2026-09-26 12:00:00,2026-09-26 12:00:00,998.0
20260926,120000,32W,46,2026,9,26,12,23.900000000000002,127.10000000000001,98500.0,2026-09-26 12:00:00,2026-09-26 12:00:00,985.0
20260926,120000,32W,46,2026,9,26,12,24.6,127.60000000000001,98500.0,2026-09-26 12:00:00,2026-09-26 12:00:00,985.0
20260926,120000,32W,46,2026,9,26,12,25.3,128.3,98200.0,2026-09-26 12:00:00,2026-09-26 12:00:00,982.0
20260926,120000,32W,46,2026,9,26,12,25.900000000000002,129.1,98400.0,2026-09-26 12:00:00,2026-09-26 12:00:00,984.0
20260926,120000,32W,46,2026,9,26,12,26.400000000000002,130.0,98600.0,2026-09-26 12:00:00,2026-09-26 12:00:00,986.0
20260926,120000,32W,46,2026,9,26,12,26.900000000000002,131.0,99200.0,2026-09-26 12:00:00,2026-09-26 12:00:00,992.0
20260926,120000,32W,46,2026,9,26,12,27.3,132.0,99400.0,2026-09-26 12:00:00,2026-09-26 12:00:00,994.0
20260926,120000,32W,46,2026,9,26,12,27.8,132.7,99900.0,2026-09-26 12:00:00,2026-09-26 12:00:00,999.0
20260926,120000,32W,46,2026,9,26,12,28.2,133.4,99900.0,2026-09-26 12:00:00,2026-09-26 12:00:00,999.0
20260926,120000,32W,46,2026,9,26,12,28.7,134.4,100100.0,2026-09-26 12:00:00,2026-09-26 12:00:00,1001.0
20260926,120000,32W,46,2026,9,26,12,29.400000000000002,135.6,99900.0,2026-09-26 12:00:00,2026-09-26 12:00:00,999.0
20260926,120000,32W,46,2026,9,26,12,30.0,136.5,100100.0,2026-09-26 12:00:00,2026-09-26 12:00:00,1001.0
20260926,120000,32W,46,2026,9,26,12,30.6,138.0,100000.0,2026-09-26 12:00:00,2026-09-26 12:00:00,1000.0
20260926,120000,32W,46,2026,9,26,12,31.3,139.4,99700.0,2026-09-26 12:00:00,2026-09-26 12:00:00,997.0
20260926,120000,32W,46,2026,9,26,12,31.6,140.0,99700.0,2026-09-26 12:00:00,2026-09-26 12:00:00,997.0
20260926,120000,32W,46,2026,9,26,12,31.3,140.8,100100.0,2026-09-26 12:00:00,2026-09-26 12:00:00,1001.0
20260926,120000,32W,46,2026,9,26,12,32.2,141.3,100100.0,2026-09-26 12:00:00,2026-09-26 12:00:00,1001.0
20260926,120000,32W,46,2026,9,26,12,33.4,141.6,100300.0,2026-09-26 12:00:00,2026-09-26 12:00:00,1003.0
20260926,120000,32W,46,2026,9,26,12,36.4,144.4,99700.0,2026-09-26 12:00:00,2026-09-26 12:00:00,997.0
20260926,120000,32W,47,2026,9,26,12,23.7,127.2,97500.0,2026-09-26 12:00:00,2026-09-26 12:00:00,975.0
20260926,120000,32W,47,2026,9,26,12,24.400000000000002,127.60000000000001,96900.0,2026-09-26 12:00:00,2026-09-26 12:00:00,969.0
20260926,120000,32W,47,2026,9,26,12,25.2,128.3,95600.0,2026-09-26 12:00:00,2026-09-26 12:00:00,956.0
20260926,120000,32W,47,2026,9,26,12,25.7,128.8,95600.0,2026-09-26 12:00:00,2026-09-26 12:00:00,956.0
20260926,120000,32W,47,2026,9,26,12,26.1,129.5,96200.0,2026-09-26 12:00:00,2026-09-26 12:00:00,962.0
20260926,120000,32W,47,2026,9,26,12,26.5,130.2,97100.0,2026-09-26 12:00:00,2026-09-26 12:00:00,971.0
20260926,120000,32W,47,2026,9,26,12,27.0,131.1,97300.0,2026-09-26 12:00:00,2026-09-26 12:00:00,973.0
20260926,120000,32W,47,2026,9,26,12,27.400000000000002,131.6,98400.0,2026-09-26 12:00:00,2026-09-26 12:00:00,984.0
20260926,120000,32W,47,2026,9,26,12,28.0,132.2,99100.0,2026-09-26 12:00:00,2026-09-26 12:00:00,991.0
20260926,120000,32W,47,2026,9,26,12,28.5,133.1,99300.0,2026-09-26 12:00:00,2026-09-26 12:00:00,993.0
20260926,120000,32W,47,2026,9,26,12,29.3,134.3,99200.0,2026-09-26 12:00:00,2026-09-26 12:00:00,992.0
20260926,120000,32W,47,2026,9,26,12,29.7,135.3,99700.0,2026-09-26 12:00:00,2026-09-26 12:00:00,997.0
20260926,120000,32W,47,2026,9,26,12,30.1,136.3,99800.0,2026-09-26 12:00:00,2026-09-26 12:00:00,998.0
20260926,120000,32W,47,2026,9,26,12,30.6,137.3,100200.0,2026-09-26 12:00:00,2026-09-26 12:00:00,1002.0
20260926,120000,32W,47,2026,9,26,12,31.1,138.6,100300.0,2026-09-26 12:00:00,2026-09-26 12:00:00,1003.0
20260926,120000,32W,47,2026,9,26,12,31.5,139.9,100600.0,2026-09-26 12:00:00,2026-09-26 12:00:00,1006.0
20260926,120000,32W,47,2026,9,26,12,33.3,142.20000000000002,100600.0,2026-09-26 12:00:00,2026-09-26 12:00:00,1006.0
20260926,120000,32W,48,2026,9,26,12,24.2,127.2,99200.0,2026-09-26 12:00:00,2026-09-26 12:00:00,992.0
20260926,120000,32W,48,2026,9,26,12,24.900000000000002,127.7,98800.0,2026-09-26 12:00:00,2026-09-26 12:00:00,988.0
20260926,120000,32W,48,2026,9,26,12,25.6,128.2,97500.0,2026-09-26 12:00:00,2026-09-26 12:00:00,975.0
20260926,120000,32W,48,2026,9,26,12,25.900000000000002,128.9,97200.0,2026-09-26 12:00:00,2026-09-26 12:00:00,972.0
20260926,120000,32W,48,2026,9,26,12,26.2,129.7,97500.0,2026-09-26 12:00:00,2026-09-26 12:00:00,975.0
20260926,120000,32W,48,2026,9,26,12,26.8,130.5,98000.0,2026-09-26 12:00:00,2026-09-26 12:00:00,980.0
20260926,120000,32W,48,2026,9,26,12,27.400000000000002,131.2,98800.0,2026-09-26 12:00:00,2026-09-26 12:00:00,988.0
20260926,120000,32W,48,2026,9,26,12,27.8,132.1,98900.0,2026-09-26 12:00:00,2026-09-26 12:00:00,989.0
20260926,120000,32W,48,2026,9,26,12,28.5,133.1,99300.0,2026-09-26 12:00:00,2026-09-26 12:00:00,993.0
20260926,120000,32W,48,2026,9,26,12,29.2,133.9,99300.0,2026-09-26 12:00:00,2026-09-26 12:00:00,993.0
20260926,120000,32W,48,2026,9,26,12,30.0,135.5,99400.0,2026-09-26 12:00:00,2026-09-26 12:00:00,994.0
20260926,120000,32W,48,2026,9,26,12,30.8,137.0,99500.0,2026-09-26 12:00:00,2026-09-26 12:00:00,995.0
20260926,120000,32W,48,2026,9,26,12,31.5,138.4,99500.0,2026-09-26 12:00:00,2026-09-26 12:00:00,995.0
20260926,120000,32W,48,2026,9,26,12,32.5,140.5,99000.0,2026-09-26 12:00:00,2026-09-26 12:00:00,990.0
20260926,120000,32W,48,2026,9,26,12,33.6,142.5,98600.0,2026-09-26 12:00:00,2026-09-26 12:00:00,986.0
20260926,120000,32W,48,2026,9,26,12,34.7,144.70000000000002,98800.0,2026-09-26 12:00:00,2026-09-26 12:00:00,988.0
20260926,120000,32W,48,2026,9,26,12,36.0,147.0,98500.0,2026-09-26 12:00:00,2026-09-26 12:00:00,985.0
20260926,120000,32W,48,2026,9,26,12,37.9,150.1,99200.0,2026-09-26 12:00:00,2026-09-26 12:00:00,992.0
20260926,120000,32W,48,2026,9,26,12,40.9,158.0,99500.0,2026-09-26 12:00:00,2026-09-26 12:00:00,995.0
20260926,120000,32W,48,2026,9,26,12,42.7,162.5,99500.0,2026-09-26 12:00:00,2026-09-26 12:00:00,995.0
20260926,120000,32W,49,2026,9,26,12,24.0,127.0,96900.0,2026-09-26 12:00:00,2026-09-26 12:00:00,969.0
20260926,120000,32W,49,2026,9,26,12,24.7,127.4,96100.0,2026-09-26 12:00:00,2026-09-26 12:00:00,961.0
20260926,120000,32W,49,2026,9,26,12,25.3,128.0,94500.0,2026-09-26 12:00:00,2026-09-26 12:00:00,945.0
20260926,120000,32W,49,2026,9,26,12,25.900000000000002,128.8,94800.0,2026-09-26 12:00:00,2026-09-26 12:00:00,948.0
20260926,120000,32W,49,2026,9,26,12,26.3,129.6,94800.0,2026-09-26 12:00:00,2026-09-26 12:00:00,948.0
20260926,120000,32W,49,2026,9,26,12,26.7,130.6,96900.0,2026-09-26 12:00:00,2026-09-26 12:00:00,969.0
20260926,120000,32W,49,2026,9,26,12,27.1,131.6,97000.0,2026-09-26 12:00:00,2026-09-26 12:00:00,970.0
20260926,120000,32W,49,2026,9,26,12,27.5,132.4,97800.0,2026-09-26 12:00:00,2026-09-26 12:00:00,978.0
20260926,120000,32W,49,2026,9,26,12,28.1,133.1,98600.0,2026-09-26 12:00:00,2026-09-26 12:00:00,986.0
20260926,120000,32W,49,2026,9,26,12,28.8,134.2,99100.0,2026-09-26 12:00:00,2026-09-26 12:00:00,991.0
20260926,120000,32W,49,2026,9,26,12,29.5,135.6,98700.0,2026-09-26 12:00:00,2026-09-26 12:00:00,987.0
20260926,120000,32W,49,2026,9,26,12,30.0,137.20000000000002,99400.0,2026-09-26 12:00:00,2026-09-26 12:00:00,994.0
20260926,120000,32W,49,2026,9,26,12,30.900000000000002,138.8,98800.0,2026-09-26 12:00:00,2026-09-26 12:00:00,988.0
20260926,120000,32W,49,2026,9,26,12,32.1,140.6,99000.0,2026-09-26 12:00:00,2026-09-26 12:00:00,990.0
20260926,120000,32W,49,2026,9,26,12,33.0,142.8,98700.0,2026-09-26 12:00:00,2026-09-26 12:00:00,987.0
20260926,120000,32W,49,2026,9,26,12,33.9,144.70000000000002,99000.0,2026-09-26 12:00:00,2026-09-26 12:00:00,990.0
20260926,120000,32W,49,2026,9,26,12,35.2,146.6,98600.0,2026-09-26 12:00:00,2026-09-26 12:00:00,986.0
20260926,120000,32W,49,2026,9,26,12,36.0,148.9,98500.0,2026-09-26 12:00:00,2026-09-26 12:00:00,985.0
20260926,120000,32W,49,2026,9,26,12,37.4,151.3,99000.0,2026-09-26 12:00:00,2026-09-26 12:00:00,990.0
20260926,120000,32W,50,2026,9,26,12,23.900000000000002,127.10000000000001,97900.0,2026-09-26 12:00:00,2026-09-26 12:00:00,979.0
20260926,120000,32W,50,2026,9,26,12,24.400000000000002,127.60000000000001,96700.0,2026-09-26 12:00:00,2026-09-26 12:00:00,967.0
20260926,120000,32W,50,2026,9,26,12,25.1,128.1,95400.0,2026-09-26 12:00:00,2026-09-26 12:00:00,954.0
20260926,120000,32W,50,2026,9,26,12,25.5,129.0,95100.0,2026-09-26 12:00:00,2026-09-26 12:00:00,951.0
20260926,120000,32W,50,2026,9,26,12,26.0,129.8,94200.0,2026-09-26 12:00:00,2026-09-26 12:00:00,942.0
20260926,120000,32W,50,2026,9,26,12,26.3,130.7,96300.0,2026-09-26 12:00:00,2026-09-26 12:00:00,963.0
20260926,120000,32W,50,2026,9,26,12,26.6,131.6,96100.0,2026-09-26 12:00:00,2026-09-26 12:00:00,961.0
20260926,120000,32W,50,2026,9,26,12,26.7,132.3,96200.0,2026-09-26 12:00:00,2026-09-26 12:00:00,962.0
20260926,120000,32W,50,2026,9,26,12,26.8,132.6,97500.0,2026-09-26 12:00:00,2026-09-26 12:00:00,975.0
20260926,120000,32W,50,2026,9,26,12,26.900000000000002,133.1,97800.0,2026-09-26 12:00:00,2026-09-26 12:00:00,978.0
20260926,120000,32W,50,2026,9,26,12,27.2,133.4,98600.0,2026-09-26 12:00:00,2026-09-26 12:00:00,986.0
20260926,120000,32W,50,2026,9,26,12,27.0,134.0,99100.0,2026-09-26 12:00:00,2026-09-26 12:00:00,991.0
20260926,120000,32W,50,2026,9,26,12,27.0,134.7,98900.0,2026-09-26 12:00:00,2026-09-26 12:00:00,989.0
20260926,120000,32W,50,2026,9,26,12,27.1,134.5,99500.0,2026-09-26 12:00:00,2026-09-26 12:00:00,995.0
20260926,120000,32W,50,2026,9,26,12,27.3,134.7,99600.0,2026-09-26 12:00:00,2026-09-26 12:00:00,996.0
20260926,120000,32W,50,2026,9,26,12,27.5,134.5,99900.0,2026-09-26 12:00:00,2026-09-26 12:00:00,999.0
20260926,120000,32W,50,2026,9,26,12,27.8,134.5,99900.0,2026-09-26 12:00:00,2026-09-26 12:00:00,999.0
20260926,120000,32W,50,2026,9,26,12,28.2,134.5,100200.0,2026-09-26 12:00:00,2026-09-26 12:00:00,1002.0
20260926,120000,32W,50,2026,9,26,12,28.900000000000002,134.5,100000.0,2026-09-26 12:00:00,2026-09-26 12:00:00,1000.0
20260926,120000,32W,50,2026,9,26,12,29.2,134.4,100000.0,2026-09-26 12:00:00,2026-09-26 12:00:00,1000.0
20260926,120000,32W,50,2026,9,26,12,29.0,135.0,99900.0,2026-09-26 12:00:00,2026-09-26 12:00:00,999.0
20260926,120000,32W,50,2026,9,26,12,29.0,135.3,100100.0,2026-09-26 12:00:00,2026-09-26 12:00:00,1001.0
20260926,120000,32W,50,2026,9,26,12,28.7,135.2,100000.0,2026-09-26 12:00:00,2026-09-26 12:00:00,1000.0
20260926,120000,32W,50,2026,9,26,12,27.8,134.8,100200.0,2026-09-26 12:00:00,2026-09-26 12:00:00,1002.0
20260926,120000,32W,50,2026,9,26,12,27.1,134.1,100100.0,2026-09-26 12:00:00,2026-09-26 12:00:00,1001.0
20260926,120000,32W,51,2026,9,26,12,24.0,127.10000000000001,98600.0,2026-09-26 12:00:00,2026-09-26 12:00:00,986.0
20260926,120000,32W,51,2026,9,26,12,24.7,127.60000000000001,97700.0,2026-09-26 12:00:00,2026-09-26 12:00:00,977.0
20260926,120000,32W,51,2026,9,26,12,25.400000000000002,128.2,96100.0,2026-09-26 12:00:00,2026-09-26 12:00:00,961.0
20260926,120000,32W,51,2026,9,26,12,25.8,129.0,95300.0,2026-09-26 12:00:00,2026-09-26 12:00:00,953.0
20260926,120000,32W,51,2026,9,26,12,26.3,130.0,96200.0,2026-09-26 12:00:00,2026-09-26 12:00:00,962.0
20260926,120000,32W,51,2026,9,26,12,26.7,130.7,96400.0,2026-09-26 12:00:00,2026-09-26 12:00:00,964.0
20260926,120000,32W,51,2026,9,26,12,27.1,131.6,97500.0,2026-09-26 12:00:00,2026-09-26 12:00:00,975.0
20260926,120000,32W,51,2026,9,26,12,27.3,132.5,98400.0,2026-09-26 12:00:00,2026-09-26 12:00:00,984.0
20260926,120000,32W,51,2026,9,26,12,27.8,133.1,99000.0,2026-09-26 12:00:00,2026-09-26 12:00:00,990.0
20260926,120000,32W,51,2026,9,26,12,28.3,134.0,99400.0,2026-09-26 12:00:00,2026-09-26 12:00:00,994.0
20260926,120000,32W,51,2026,9,26,12,28.7,134.9,99500.0,2026-09-26 12:00:00,2026-09-26 12:00:00,995.0
20260926,120000,32W,51,2026,9,26,12,29.2,136.5,99500.0,2026-09-26 12:00:00,2026-09-26 12:00:00,995.0
20260926,120000,32W,51,2026,9,26,12,29.900000000000002,137.3,99600.0,2026-09-26 12:00:00,2026-09-26 12:00:00,996.0
20260926,120000,32W,51,2026,9,26,12,30.7,138.70000000000002,99900.0,2026-09-26 12:00:00,2026-09-26 12:00:00,999.0
20260926,120000,32W,51,2026,9,26,12,31.5,139.70000000000002,99800.0,2026-09-26 12:00:00,2026-09-26 12:00:00,998.0
20260926,120000,32W,51,2026,9,26,12,32.3,141.3,100100.0,2026-09-26 12:00:00,2026-09-26 12:00:00,1001.0
20260926,120000,32W,51,2026,9,26,12,33.4,142.8,100000.0,2026-09-26 12:00:00,2026-09-26 12:00:00,1000.0
20260926,120000,32W,51,2026,9,26,12,35.0,144.6,100100.0,2026-09-26 12:00:00,2026-09-26 12:00:00,1001.0
20260926,120000,32W,51,2026,9,26,12,36.7,147.3,99800.0,2026-09-26 12:00:00,2026-09-26 12:00:00,998.0
20260926,120000,32W,51,2026,9,26,12,38.6,150.3,99500.0,2026-09-26 12:00:00,2026-09-26 12:00:00,995.0
20260926,120000,32W,51,2026,9,26,12,40.5,153.70000000000002,99100.0,2026-09-26 12:00:00,2026-09-26 12:00:00,991.0
20260926,120000,70W,1,2026,9,26,12,24.0,127.2,97700.0,2026-09-26 12:00:00,2026-09-26 12:00:00,977.0
20260926,120000,70W,1,2026,9,26,12,24.7,127.7,97200.0,2026-09-26 12:00:00,2026-09-26 12:00:00,972.0
20260926,120000,70W,1,2026,9,26,12,25.400000000000002,128.3,96700.0,2026-09-26 12:00:00,2026-09-26 12:00:00,967.0
20260926,120000,70W,1,2026,9,26,12,25.7,129.0,97300.0,2026-09-26 12:00:00,2026-09-26 12:00:00,973.0
20260926,120000,70W,1,2026,9,26,12,26.3,129.7,97200.0,2026-09-26 12:00:00,2026-09-26 12:00:00,972.0
20260926,120000,70W,1,2026,9,26,12,26.8,130.5,98400.0,2026-09-26 12:00:00,2026-09-26 12:00:00,984.0
20260926,120000,70W,1,2026,9,26,12,27.3,131.2,98500.0,2026-09-26 12:00:00,2026-09-26 12:00:00,985.0
20260926,120000,70W,1,2026,9,26,12,27.900000000000002,132.1,99100.0,2026-09-26 12:00:00,2026-09-26 12:00:00,991.0
20260926,120000,70W,1,2026,9,26,12,28.5,132.9,99400.0,2026-09-26 12:00:00,2026-09-26 12:00:00,994.0
20260926,120000,70W,1,2026,9,26,12,29.3,134.1,99700.0,2026-09-26 12:00:00,2026-09-26 12:00:00,997.0
20260926,120000,70W,1,2026,9,26,12,30.3,135.7,99600.0,2026-09-26 12:00:00,2026-09-26 12:00:00,996.0
20260926,120000,70W,1,2026,9,26,12,30.6,137.1,100000.0,2026-09-26 12:00:00,2026-09-26 12:00:00,1000.0
20260926,120000,70W,1,2026,9,26,12,31.5,138.8,99900.0,2026-09-26 12:00:00,2026-09-26 12:00:00,999.0
20260926,120000,70W,1,2026,9,26,12,32.5,140.5,99900.0,2026-09-26 12:00:00,2026-09-26 12:00:00,999.0
20260926,120000,70W,1,2026,9,26,12,33.5,142.4,99800.0,2026-09-26 12:00:00,2026-09-26 12:00:00,998.0
20260926,120000,70W,1,2026,9,26,12,35.300000000000004,146.1,100300.0,2026-09-26 12:00:00,2026-09-26 12:00:00,1003.0
20260926,120000,70W,1,2026,9,26,12,38.9,151.3,100000.0,2026-09-26 12:00:00,2026-09-26 12:00:00,1000.0
20260926,120000,70W,1,2026,9,26,12,41.300000000000004,156.3,99400.0,2026-09-26 12:00:00,2026-09-26 12:00:00,994.0
20260926,120000,70W,2,2026,9,26,12,24.0,127.10000000000001,97100.0,2026-09-26 12:00:00,2026-09-26 12:00:00,971.0
20260926,120000,70W,2,2026,9,26,12,24.6,127.4,96800.0,2026-09-26 12:00:00,2026-09-26 12:00:00,968.0
20260926,120000,70W,2,2026,9,26,12,25.2,128.1,96600.0,2026-09-26 12:00:00,2026-09-26 12:00:00,966.0
20260926,120000,70W,2,2026,9,26,12,25.6,128.8,96500.0,2026-09-26 12:00:00,2026-09-26 12:00:00,965.0
20260926,120000,70W,2,2026,9,26,12,26.1,129.5,96900.0,2026-09-26 12:00:00,2026-09-26 12:00:00,969.0
20260926,120000,70W,2,2026,9,26,12,26.5,130.3,97500.0,2026-09-26 12:00:00,2026-09-26 12:00:00,975.0
20260926,120000,70W,2,2026,9,26,12,27.1,131.4,98500.0,2026-09-26 12:00:00,2026-09-26 12:00:00,985.0
20260926,120000,70W,2,2026,9,26,12,27.5,132.5,99000.0,2026-09-26 12:00:00,2026-09-26 12:00:00,990.0
20260926,120000,70W,2,2026,9,26,12,28.2,133.3,99400.0,2026-09-26 12:00:00,2026-09-26 12:00:00,994.0
20260926,120000,70W,2,2026,9,26,12,28.6,134.5,99700.0,2026-09-26 12:00:00,2026-09-26 12:00:00,997.0
20260926,120000,70W,2,2026,9,26,12,28.900000000000002,135.4,99400.0,2026-09-26 12:00:00,2026-09-26 12:00:00,994.0
20260926,120000,70W,2,2026,9,26,12,29.7,136.70000000000002,99900.0,2026-09-26 12:00:00,2026-09-26 12:00:00,999.0
20260926,120000,70W,2,2026,9,26,12,30.2,137.9,100000.0,2026-09-26 12:00:00,2026-09-26 12:00:00,1000.0
20260926,120000,70W,2,2026,9,26,12,31.1,139.1,100200.0,2026-09-26 12:00:00,2026-09-26 12:00:00,1002.0
20260926,120000,70W,2,2026,9,26,12,32.3,141.20000000000002,100500.0,2026-09-26 12:00:00,2026-09-26 12:00:00,1005.0
20260926,120000,70W,3,2026,9,26,12,24.0,127.3,97200.0,2026-09-26 12:00:00,2026-09-26 12:00:00,972.0
20260926,120000,70W,3,2026,9,26,12,24.8,127.8,96500.0,2026-09-26 12:00:00,2026-09-26 12:00:00,965.0
20260926,120000,70W,3,2026,9,26,12,25.5,128.5,95100.0,2026-09-26 12:00:00,2026-09-26 12:00:00,951.0
20260926,120000,70W,3,2026,9,26,12,26.1,129.3,96400.0,2026-09-26 12:00:00,2026-09-26 12:00:00,964.0
20260926,120000,70W,3,2026,9,26,12,26.6,130.3,96700.0,2026-09-26 12:00:00,2026-09-26 12:00:00,967.0
20260926,120000,70W,3,2026,9,26,12,27.1,131.3,97000.0,2026-09-26 12:00:00,2026-09-26 12:00:00,970.0
20260926,120000,70W,3,2026,9,26,12,27.7,132.3,97400.0,2026-09-26 12:00:00,2026-09-26 12:00:00,974.0
20260926,120000,70W,3,2026,9,26,12,28.0,133.2,98300.0,2026-09-26 12:00:00,2026-09-26 12:00:00,983.0
20260926,120000,70W,3,2026,9,26,12,28.6,134.0,98900.0,2026-09-26 12:00:00,2026-09-26 12:00:00,989.0
20260926,120000,70W,3,2026,9,26,12,29.400000000000002,135.2,99200.0,2026-09-26 12:00:00,2026-09-26 12:00:00,992.0
20260926,120000,70W,3,2026,9,26,12,30.0,136.8,99200.0,2026-09-26 12:00:00,2026-09-26 12:00:00,992.0
20260926,120000,70W,3,2026,9,26,12,30.6,138.20000000000002,99600.0,2026-09-26 12:00:00,2026-09-26 12:00:00,996.0
20260926,120000,70W,3,2026,9,26,12,32.0,139.70000000000002,99400.0,2026-09-26 12:00:00,2026-09-26 12:00:00,994.0
20260926,120000,70W,3,2026,9,26,12,32.5,141.70000000000002,99200.0,2026-09-26 12:00:00,2026-09-26 12:00:00,992.0
20260926,120000,70W,3,2026,9,26,12,33.2,143.5,99300.0,2026-09-26 12:00:00,2026-09-26 12:00:00,993.0
20260926,120000,70W,3,2026,9,26,12,33.9,145.1,99700.0,2026-09-26 12:00:00,2026-09-26 12:00:00,997.0
20260926,120000,70W,3,2026,9,26,12,34.6,146.5,99800.0,2026-09-26 12:00:00,2026-09-26 12:00:00,998.0
20260926,120000,70W,3,2026,9,26,12,36.7,149.20000000000002,99600.0,2026-09-26 12:00:00,2026-09-26 12:00:00,996.0
20260926,120000,70W,3,2026,9,26,12,37.6,151.0,99500.0,2026-09-26 12:00:00,2026-09-26 12:00:00,995.0
20260926,120000,70W,3,2026,9,26,12,39.6,154.0,99400.0,2026-09-26 12:00:00,2026-09-26 12:00:00,994.0
20260926,120000,70W,4,2026,9,26,12,24.2,127.10000000000001,99100.0,2026-09-26 12:00:00,2026-09-26 12:00:00,991.0
20260926,120000,70W,4,2026,9,26,12,24.900000000000002,127.60000000000001,98500.0,2026-09-26 12:00:00,2026-09-26 12:00:00,985.0
20260926,120000,70W,4,2026,9,26,12,25.6,128.2,97700.0,2026-09-26 12:00:00,2026-09-26 12:00:00,977.0
20260926,120000,70W,4,2026,9,26,12,26.0,129.0,97000.0,2026-09-26 12:00:00,2026-09-26 12:00:00,970.0
20260926,120000,70W,4,2026,9,26,12,26.5,130.0,96200.0,2026-09-26 12:00:00,2026-09-26 12:00:00,962.0
20260926,120000,70W,4,2026,9,26,12,26.900000000000002,131.0,96400.0,2026-09-26 12:00:00,2026-09-26 12:00:00,964.0
20260926,120000,70W,4,2026,9,26,12,27.2,132.0,97200.0,2026-09-26 12:00:00,2026-09-26 12:00:00,972.0
20260926,120000,70W,4,2026,9,26,12,27.2,132.9,97300.0,2026-09-26 12:00:00,2026-09-26 12:00:00,973.0
20260926,120000,70W,4,2026,9,26,12,27.7,133.7,97600.0,2026-09-26 12:00:00,2026-09-26 12:00:00,976.0
20260926,120000,70W,4,2026,9,26,12,28.1,134.5,98700.0,2026-09-26 12:00:00,2026-09-26 12:00:00,987.0
20260926,120000,70W,4,2026,9,26,12,28.5,135.4,98800.0,2026-09-26 12:00:00,2026-09-26 12:00:00,988.0
20260926,120000,70W,4,2026,9,26,12,28.8,136.4,99400.0,2026-09-26 12:00:00,2026-09-26 12:00:00,994.0
20260926,120000,70W,4,2026,9,26,12,29.2,137.0,99500.0,2026-09-26 12:00:00,2026-09-26 12:00:00,995.0
20260926,120000,70W,4,2026,9,26,12,29.8,137.70000000000002,99700.0,2026-09-26 12:00:00,2026-09-26 12:00:00,997.0
20260926,120000,70W,4,2026,9,26,12,30.1,138.6,99800.0,2026-09-26 12:00:00,2026-09-26 12:00:00,998.0
20260926,120000,70W,4,2026,9,26,12,30.400000000000002,139.20000000000002,100100.0,2026-09-26 12:00:00,2026-09-26 12:00:00,1001.0
20260926,120000,70W,4,2026,9,26,12,30.8,140.0,100100.0,2026-09-26 12:00:00,2026-09-26 12:00:00,1001.0
20260926,120000,70W,4,2026,9,26,12,33.0,142.20000000000002,100100.0,2026-09-26 12:00:00,2026-09-26 12:00:00,1001.0
20260926,120000,70W,4,2026,9,26,12,34.7,144.0,100100.0,2026-09-26 12:00:00,2026-09-26 12:00:00,1001.0
20260926,120000,70W,4,2026,9,26,12,37.2,147.5,99300.0,2026-09-26 12:00:00,2026-09-26 12:00:00,993.0
20260926,120000,70W,5,2026,9,26,12,24.0,127.2,98400.0,2026-09-26 12:00:00,2026-09-26 12:00:00,984.0
20260926,120000,70W,5,2026,9,26,12,24.900000000000002,127.8,97600.0,2026-09-26 12:00:00,2026-09-26 12:00:00,976.0
20260926,120000,70W,5,2026,9,26,12,25.8,128.6,96800.0,2026-09-26 12:00:00,2026-09-26 12:00:00,968.0
20260926,120000,70W,5,2026,9,26,12,26.400000000000002,129.5,97000.0,2026-09-26 12:00:00,2026-09-26 12:00:00,970.0
20260926,120000,70W,5,2026,9,26,12,27.1,130.6,96500.0,2026-09-26 12:00:00,2026-09-26 12:00:00,965.0
20260926,120000,70W,5,2026,9,26,12,27.7,131.9,96700.0,2026-09-26 12:00:00,2026-09-26 12:00:00,967.0
20260926,120000,70W,5,2026,9,26,12,28.0,133.3,95600.0,2026-09-26 12:00:00,2026-09-26 12:00:00,956.0
20260926,120000,70W,5,2026,9,26,12,28.2,134.5,96000.0,2026-09-26 12:00:00,2026-09-26 12:00:00,960.0
20260926,120000,70W,5,2026,9,26,12,28.5,135.4,96000.0,2026-09-26 12:00:00,2026-09-26 12:00:00,960.0
20260926,120000,70W,5,2026,9,26,12,28.7,136.3,97200.0,2026-09-26 12:00:00,2026-09-26 12:00:00,972.0
20260926,120000,70W,5,2026,9,26,12,29.1,137.1,97400.0,2026-09-26 12:00:00,2026-09-26 12:00:00,974.0
20260926,120000,70W,5,2026,9,26,12,29.400000000000002,138.20000000000002,97800.0,2026-09-26 12:00:00,2026-09-26 12:00:00,978.0
20260926,120000,70W,5,2026,9,26,12,29.8,139.20000000000002,98100.0,2026-09-26 12:00:00,2026-09-26 12:00:00,981.0
20260926,120000,70W,5,2026,9,26,12,30.2,140.20000000000002,98500.0,2026-09-26 12:00:00,2026-09-26 12:00:00,985.0
20260926,120000,70W,5,2026,9,26,12,30.8,141.1,98700.0,2026-09-26 12:00:00,2026-09-26 12:00:00,987.0
20260926,120000,70W,5,2026,9,26,12,31.2,142.0,99100.0,2026-09-26 12:00:00,2026-09-26 12:00:00,991.0
20260926,120000,70W,5,2026,9,26,12,31.900000000000002,142.4,99100.0,2026-09-26 12:00:00,2026-09-26 12:00:00,991.0
20260926,120000,70W,5,2026,9,26,12,32.9,143.5,99200.0,2026-09-26 12:00:00,2026-09-26 12:00:00,992.0
20260926,120000,70W,5,2026,9,26,12,33.3,144.9,99300.0,2026-09-26 12:00:00,2026-09-26 12:00:00,993.0
20260926,120000,70W,5,2026,9,26,12,34.7,146.3,99200.0,2026-09-26 12:00:00,2026-09-26 12:00:00,992.0
20260926,120000,70W,5,2026,9,26,12,36.0,148.9,98600.0,2026-09-26 12:00:00,2026-09-26 12:00:00,986.0
20260926,120000,70W,5,2026,9,26,12,37.0,152.5,98500.0,2026-09-26 12:00:00,2026-09-26 12:00:00,985.0
20260926,120000,70W,5,2026,9,26,12,38.800000000000004,157.0,98700.0,2026-09-26 12:00:00,2026-09-26 12:00:00,987.0
20260926,120000,70W,5,2026,9,26,12,40.6,162.1,99200.0,2026-09-26 12:00:00,2026-09-26 12:00:00,992.0
20260926,120000,70W,5,2026,9,26,12,42.5,167.6,99500.0,2026-09-26 12:00:00,2026-09-26 12:00:00,995.0
20260926,120000,70W,5,2026,9,26,12,43.9,173.3,99900.0,2026-09-26 12:00:00,2026-09-26 12:00:00,999.0
20260926,120000,70W,6,2026,9,26,12,23.7,127.0,97400.0,2026-09-26 12:00:00,2026-09-26 12:00:00,974.0
20260926,120000,70W,6,2026,9,26,12,24.2,127.5,96700.0,2026-09-26 12:00:00,2026-09-26 12:00:00,967.0
20260926,120000,70W,6,2026,9,26,12,24.900000000000002,128.2,96000.0,2026-09-26 12:00:00,2026-09-26 12:00:00,960.0
20260926,120000,70W,6,2026,9,26,12,25.400000000000002,129.0,95600.0,2026-09-26 12:00:00,2026-09-26 12:00:00,956.0
20260926,120000,70W,6,2026,9,26,12,25.900000000000002,129.7,94600.0,2026-09-26 12:00:00,2026-09-26 12:00:00,946.0
20260926,120000,70W,6,2026,9,26,12,26.1,130.6,95500.0,2026-09-26 12:00:00,2026-09-26 12:00:00,955.0
20260926,120000,70W,6,2026,9,26,12,26.5,131.3,95400.0,2026-09-26 12:00:00,2026-09-26 12:00:00,954.0
20260926,120000,70W,6,2026,9,26,12,26.6,132.0,96300.0,2026-09-26 12:00:00,2026-09-26 12:00:00,963.0
20260926,120000,70W,6,2026,9,26,12,26.900000000000002,132.4,97900.0,2026-09-26 12:00:00,2026-09-26 12:00:00,979.0
20260926,120000,70W,6,2026,9,26,12,27.1,133.0,98500.0,2026-09-26 12:00:00,2026-09-26 12:00:00,985.0
20260926,120000,70W,6,2026,9,26,12,27.5,133.7,99000.0,2026-09-26 12:00:00,2026-09-26 12:00:00,990.0
20260926,120000,70W,6,2026,9,26,12,27.6,134.2,99400.0,2026-09-26 12:00:00,2026-09-26 12:00:00,994.0
20260926,120000,70W,6,2026,9,26,12,28.1,134.8,99300.0,2026-09-26 12:00:00,2026-09-26 12:00:00,993.0
20260926,120000,70W,6,2026,9,26,12,28.7,135.3,99700.0,2026-09-26 12:00:00,2026-09-26 12:00:00,997.0
20260926,120000,70W,6,2026,9,26,12,29.5,136.1,99500.0,2026-09-26 12:00:00,2026-09-26 12:00:00,995.0
20260926,120000,70W,6,2026,9,26,12,30.2,136.9,99900.0,2026-09-26 12:00:00,2026-09-26 12:00:00,999.0
20260926,120000,70W,6,2026,9,26,12,31.1,137.9,99900.0,2026-09-26 12:00:00,2026-09-26 12:00:00,999.0
20260926,120000,70W,6,2026,9,26,12,32.7,139.20000000000002,99400.0,2026-09-26 12:00:00,2026-09-26 12:00:00,994.0
20260926,120000,70W,6,2026,9,26,12,33.9,141.4,99000.0,2026-09-26 12:00:00,2026-09-26 12:00:00,990.0
20260926,120000,70W,6,2026,9,26,12,35.0,144.1,98800.0,2026-09-26 12:00:00,2026-09-26 12:00:00,988.0
20260926,120000,70W,6,2026,9,26,12,36.300000000000004,147.70000000000002,98700.0,2026-09-26 12:00:00,2026-09-26 12:00:00,987.0
20260926,120000,70W,6,2026,9,26,12,37.800000000000004,152.3,99500.0,2026-09-26 12:00:00,2026-09-26 12:00:00,995.0
20260926,120000,70W,6,2026,9,26,12,39.9,157.4,99900.0,2026-09-26 12:00:00,2026-09-26 12:00:00,999.0
20260926,120000,70W,7,2026,9,26,12,24.0,127.0,97800.0,2026-09-26 12:00:00,2026-09-26 12:00:00,978.0
20260926,120000,70W,7,2026,9,26,12,24.7,127.4,97100.0,2026-09-26 12:00:00,2026-09-26 12:00:00,971.0
20260926,120000,70W,7,2026,9,26,12,25.2,128.0,96500.0,2026-09-26 12:00:00,2026-09-26 12:00:00,965.0
20260926,120000,70W,7,2026,9,26,12,25.6,128.8,97000.0,2026-09-26 12:00:00,2026-09-26 12:00:00,970.0
20260926,120000,70W,7,2026,9,26,12,26.0,129.5,97300.0,2026-09-26 12:00:00,2026-09-26 12:00:00,973.0
20260926,120000,70W,7,2026,9,26,12,26.400000000000002,130.6,97700.0,2026-09-26 12:00:00,2026-09-26 12:00:00,977.0
20260926,120000,70W,7,2026,9,26,12,26.7,131.4,98200.0,2026-09-26 12:00:00,2026-09-26 12:00:00,982.0
20260926,120000,70W,7,2026,9,26,12,27.0,132.0,98700.0,2026-09-26 12:00:00,2026-09-26 12:00:00,987.0
20260926,120000,70W,7,2026,9,26,12,27.5,132.5,99100.0,2026-09-26 12:00:00,2026-09-26 12:00:00,991.0
20260926,120000,70W,7,2026,9,26,12,27.900000000000002,133.1,99500.0,2026-09-26 12:00:00,2026-09-26 12:00:00,995.0
20260926,120000,70W,7,2026,9,26,12,28.400000000000002,134.2,99500.0,2026-09-26 12:00:00,2026-09-26 12:00:00,995.0
20260926,120000,70W,7,2026,9,26,12,28.6,134.7,99800.0,2026-09-26 12:00:00,2026-09-26 12:00:00,998.0
20260926,120000,70W,7,2026,9,26,12,28.8,135.4,99900.0,2026-09-26 12:00:00,2026-09-26 12:00:00,999.0
20260926,120000,70W,7,2026,9,26,12,29.2,136.1,100200.0,2026-09-26 12:00:00,2026-09-26 12:00:00,1002.0
20260926,120000,70W,7,2026,9,26,12,29.7,136.70000000000002,100200.0,2026-09-26 12:00:00,2026-09-26 12:00:00,1002.0
20260926,120000,70W,7,2026,9,26,12,30.1,137.4,100500.0,2026-09-26 12:00:00,2026-09-26 12:00:00,1005.0
20260926,120000,70W,7,2026,9,26,12,30.900000000000002,137.8,100400.0,2026-09-26 12:00:00,2026-09-26 12:00:00,1004.0
20260926,120000,70W,8,2026,9,26,12,24.0,127.2,99500.0,2026-09-26 12:00:00,2026-09-26 12:00:00,995.0
20260926,120000,70W,8,2026,9,26,12,24.7,127.60000000000001,99600.0,2026-09-26 12:00:00,2026-09-26 12:00:00,996.0
20260926,120000,70W,8,2026,9,26,12,25.3,128.3,99100.0,2026-09-26 12:00:00,2026-09-26 12:00:00,991.0
20260926,120000,70W,8,2026,9,26,12,25.8,129.1,99200.0,2026-09-26 12:00:00,2026-09-26 12:00:00,992.0
20260926,120000,70W,8,2026,9,26,12,26.5,129.9,99200.0,2026-09-26 12:00:00,2026-09-26 12:00:00,992.0
20260926,120000,70W,8,2026,9,26,12,27.1,130.8,99600.0,2026-09-26 12:00:00,2026-09-26 12:00:00,996.0
20260926,120000,70W,8,2026,9,26,12,27.5,131.9,99600.0,2026-09-26 12:00:00,2026-09-26 12:00:00,996.0
20260926,120000,70W,8,2026,9,26,12,28.0,132.7,99900.0,2026-09-26 12:00:00,2026-09-26 12:00:00,999.0
20260926,120000,70W,8,2026,9,26,12,28.5,133.7,100000.0,2026-09-26 12:00:00,2026-09-26 12:00:00,1000.0
20260926,120000,70W,8,2026,9,26,12,28.8,134.8,100200.0,2026-09-26 12:00:00,2026-09-26 12:00:00,1002.0
20260926,120000,70W,8,2026,9,26,12,29.900000000000002,137.4,100400.0,2026-09-26 12:00:00,2026-09-26 12:00:00,1004.0
20260926,120000,70W,8,2026,9,26,12,30.400000000000002,138.5,100400.0,2026-09-26 12:00:00,2026-09-26 12:00:00,1004.0
20260926,120000,70W,9,2026,9,26,12,24.1,127.10000000000001,98500.0,2026-09-26 12:00:00,2026-09-26 12:00:00,985.0
20260926,120000,70W,9,2026,9,26,12,24.7,127.60000000000001,98000.0,2026-09-26 12:00:00,2026-09-26 12:00:00,980.0
20260926,120000,70W,9,2026,9,26,12,25.2,128.1,97000.0,2026-09-26 12:00:00,2026-09-26 12:00:00,970.0
20260926,120000,70W,9,2026,9,26,12,25.6,128.8,96700.0,2026-09-26 12:00:00,2026-09-26 12:00:00,967.0
20260926,120000,70W,9,2026,9,26,12,25.900000000000002,129.7,95800.0,2026-09-26 12:00:00,2026-09-26 12:00:00,958.0
20260926,120000,70W,9,2026,9,26,12,26.1,130.4,96400.0,2026-09-26 12:00:00,2026-09-26 12:00:00,964.0
20260926,120000,70W,9,2026,9,26,12,26.400000000000002,131.2,97100.0,2026-09-26 12:00:00,2026-09-26 12:00:00,971.0
20260926,120000,70W,9,2026,9,26,12,26.400000000000002,131.7,97700.0,2026-09-26 12:00:00,2026-09-26 12:00:00,977.0
20260926,120000,70W,9,2026,9,26,12,26.6,132.1,98400.0,2026-09-26 12:00:00,2026-09-26 12:00:00,984.0
20260926,120000,70W,9,2026,9,26,12,26.8,132.4,98900.0,2026-09-26 12:00:00,2026-09-26 12:00:00,989.0
20260926,120000,70W,9,2026,9,26,12,27.0,132.8,99100.0,2026-09-26 12:00:00,2026-09-26 12:00:00,991.0
20260926,120000,70W,9,2026,9,26,12,27.2,133.1,99500.0,2026-09-26 12:00:00,2026-09-26 12:00:00,995.0
20260926,120000,70W,9,2026,9,26,12,27.3,133.3,99600.0,2026-09-26 12:00:00,2026-09-26 12:00:00,996.0
20260926,120000,70W,9,2026,9,26,12,27.6,133.4,99900.0,2026-09-26 12:00:00,2026-09-26 12:00:00,999.0
20260926,120000,70W,9,2026,9,26,12,27.8,133.7,99900.0,2026-09-26 12:00:00,2026-09-26 12:00:00,999.0
20260926,120000,70W,9,2026,9,26,12,28.2,133.3,100200.0,2026-09-26 12:00:00,2026-09-26 12:00:00,1002.0
20260926,120000,70W,9,2026,9,26,12,28.6,133.7,100200.0,2026-09-26 12:00:00,2026-09-26 12:00:00,1002.0
20260926,120000,70W,9,2026,9,26,12,29.2,134.2,100300.0,2026-09-26 12:00:00,2026-09-26 12:00:00,1003.0
20260926,120000,70W,9,2026,9,26,12,29.400000000000002,135.0,100500.0,2026-09-26 12:00:00,2026-09-26 12:00:00,1005.0
20260926,120000,70W,9,2026,9,26,12,31.3,136.9,100300.0,2026-09-26 12:00:00,2026-09-26 12:00:00,1003.0
20260926,120000,70W,9,2026,9,26,12,31.5,137.9,100300.0,2026-09-26 12:00:00,2026-09-26 12:00:00,1003.0
20260926,120000,70W,9,2026,9,26,12,31.6,138.8,99200.0,2026-09-26 12:00:00,2026-09-26 12:00:00,992.0
20260926,120000,70W,9,2026,9,26,12,31.6,139.9,99800.0,2026-09-26 12:00:00,2026-09-26 12:00:00,998.0
20260926,120000,70W,9,2026,9,26,12,31.6,140.6,99900.0,2026-09-26 12:00:00,2026-09-26 12:00:00,999.0
20260926,120000,70W,10,2026,9,26,12,24.2,127.2,97500.0,2026-09-26 12:00:00,2026-09-26 12:00:00,975.0
20260926,120000,70W,10,2026,9,26,12,24.900000000000002,127.8,96400.0,2026-09-26 12:00:00,2026-09-26 12:00:00,964.0
20260926,120000,70W,10,2026,9,26,12,25.6,128.4,95100.0,2026-09-26 12:00:00,2026-09-26 12:00:00,951.0
20260926,120000,70W,10,2026,9,26,12,26.0,129.3,95500.0,2026-09-26 12:00:00,2026-09-26 12:00:00,955.0
20260926,120000,70W,10,2026,9,26,12,26.5,130.2,96400.0,2026-09-26 12:00:00,2026-09-26 12:00:00,964.0
20260926,120000,70W,10,2026,9,26,12,26.8,131.2,97300.0,2026-09-26 12:00:00,2026-09-26 12:00:00,973.0
20260926,120000,70W,10,2026,9,26,12,27.1,132.2,97600.0,2026-09-26 12:00:00,2026-09-26 12:00:00,976.0
20260926,120000,70W,10,2026,9,26,12,27.400000000000002,133.0,97500.0,2026-09-26 12:00:00,2026-09-26 12:00:00,975.0
20260926,120000,70W,10,2026,9,26,12,27.5,133.8,98200.0,2026-09-26 12:00:00,2026-09-26 12:00:00,982.0
20260926,120000,70W,10,2026,9,26,12,28.0,134.3,98600.0,2026-09-26 12:00:00,2026-09-26 12:00:00,986.0
20260926,120000,70W,10,2026,9,26,12,28.2,135.2,98900.0,2026-09-26 12:00:00,2026-09-26 12:00:00,989.0
20260926,120000,70W,10,2026,9,26,12,28.3,135.9,99300.0,2026-09-26 12:00:00,2026-09-26 12:00:00,993.0
20260926,120000,70W,10,2026,9,26,12,28.6,136.70000000000002,99200.0,2026-09-26 12:00:00,2026-09-26 12:00:00,992.0
20260926,120000,70W,10,2026,9,26,12,29.0,137.3,99700.0,2026-09-26 12:00:00,2026-09-26 12:00:00,997.0
20260926,120000,70W,10,2026,9,26,12,29.400000000000002,137.70000000000002,99600.0,2026-09-26 12:00:00,2026-09-26 12:00:00,996.0
20260926,120000,70W,10,2026,9,26,12,29.7,138.0,99900.0,2026-09-26 12:00:00,2026-09-26 12:00:00,999.0
20260926,120000,70W,10,2026,9,26,12,30.400000000000002,138.0,99900.0,2026-09-26 12:00:00,2026-09-26 12:00:00,999.0
20260926,120000,70W,10,2026,9,26,12,31.5,138.3,100100.0,2026-09-26 12:00:00,2026-09-26 12:00:00,1001.0
20260926,120000,70W,10,2026,9,26,12,32.5,139.20000000000002,99800.0,2026-09-26 12:00:00,2026-09-26 12:00:00,998.0
20260926,120000,70W,10,2026,9,26,12,34.6,141.1,99200.0,2026-09-26 12:00:00,2026-09-26 12:00:00,992.0
20260926,120000,70W,10,2026,9,26,12,36.6,144.8,98500.0,2026-09-26 12:00:00,2026-09-26 12:00:00,985.0
20260926,120000,70W,10,2026,9,26,12,38.2,149.6,99100.0,2026-09-26 12:00:00,2026-09-26 12:00:00,991.0
20260926,120000,70W,11,2026,9,26,12,23.900000000000002,127.2,97100.0,2026-09-26 12:00:00,2026-09-26 12:00:00,971.0
20260926,120000,70W,11,2026,9,26,12,24.7,127.7,95200.0,2026-09-26 12:00:00,2026-09-26 12:00:00,952.0
20260926,120000,70W,11,2026,9,26,12,25.400000000000002,128.1,95000.0,2026-09-26 12:00:00,2026-09-26 12:00:00,950.0
20260926,120000,70W,11,2026,9,26,12,25.8,128.9,95000.0,2026-09-26 12:00:00,2026-09-26 12:00:00,950.0
20260926,120000,70W,11,2026,9,26,12,26.3,129.7,95500.0,2026-09-26 12:00:00,2026-09-26 12:00:00,955.0
20260926,120000,70W,11,2026,9,26,12,26.8,130.7,96900.0,2026-09-26 12:00:00,2026-09-26 12:00:00,969.0
20260926,120000,70W,11,2026,9,26,12,27.3,131.8,97300.0,2026-09-26 12:00:00,2026-09-26 12:00:00,973.0
20260926,120000,70W,11,2026,9,26,12,27.5,132.7,97900.0,2026-09-26 12:00:00,2026-09-26 12:00:00,979.0
20260926,120000,70W,11,2026,9,26,12,28.0,133.3,98600.0,2026-09-26 12:00:00,2026-09-26 12:00:00,986.0
20260926,120000,70W,11,2026,9,26,12,28.2,134.5,98900.0,2026-09-26 12:00:00,2026-09-26 12:00:00,989.0
20260926,120000,70W,11,2026,9,26,12,28.7,135.2,99000.0,2026-09-26 12:00:00,2026-09-26 12:00:00,990.0
20260926,120000,70W,11,2026,9,26,12,29.0,136.5,99500.0,2026-09-26 12:00:00,2026-09-26 12:00:00,995.0
20260926,120000,70W,11,2026,9,26,12,29.7,137.3,99500.0,2026-09-26 12:00:00,2026-09-26 12:00:00,995.0
20260926,120000,70W,11,2026,9,26,12,30.5,138.4,99700.0,2026-09-26 12:00:00,2026-09-26 12:00:00,997.0
20260926,120000,70W,11,2026,9,26,12,30.900000000000002,139.1,99700.0,2026-09-26 12:00:00,2026-09-26 12:00:00,997.0
20260926,120000,70W,11,2026,9,26,12,31.2,139.70000000000002,100000.0,2026-09-26 12:00:00,2026-09-26 12:00:00,1000.0
20260926,120000,70W,11,2026,9,26,12,32.0,140.70000000000002,100000.0,2026-09-26 12:00:00,2026-09-26 12:00:00,1000.0
20260926,120000,70W,11,2026,9,26,12,33.1,142.0,100200.0,2026-09-26 12:00:00,2026-09-26 12:00:00,1002.0
20260926,120000,70W,11,2026,9,26,12,34.800000000000004,143.9,99800.0,2026-09-26 12:00:00,2026-09-26 12:00:00,998.0
20260926,120000,70W,11,2026,9,26,12,36.800000000000004,146.70000000000002,99700.0,2026-09-26 12:00:00,2026-09-26 12:00:00,997.0
20260926,120000,70W,12,2026,9,26,12,23.7,126.9,99300.0,2026-09-26 12:00:00,2026-09-26 12:00:00,993.0
20260926,120000,70W,12,2026,9,26,12,24.400000000000002,127.4,99400.0,2026-09-26 12:00:00,2026-09-26 12:00:00,994.0
20260926,120000,70W,12,2026,9,26,12,25.2,128.0,99100.0,2026-09-26 12:00:00,2026-09-26 12:00:00,991.0
20260926,120000,70W,12,2026,9,26,12,25.6,128.6,99300.0,2026-09-26 12:00:00,2026-09-26 12:00:00,993.0
20260926,120000,70W,12,2026,9,26,12,26.2,129.2,99500.0,2026-09-26 12:00:00,2026-09-26 12:00:00,995.0
20260926,120000,70W,12,2026,9,26,12,26.8,129.9,99900.0,2026-09-26 12:00:00,2026-09-26 12:00:00,999.0
20260926,120000,70W,12,2026,9,26,12,27.3,130.7,99900.0,2026-09-26 12:00:00,2026-09-26 12:00:00,999.0
20260926,120000,70W,12,2026,9,26,12,27.7,131.4,100200.0,2026-09-26 12:00:00,2026-09-26 12:00:00,1002.0
20260926,120000,70W,12,2026,9,26,12,28.0,132.1,100300.0,2026-09-26 12:00:00,2026-09-26 12:00:00,1003.0
20260926,120000,70W,12,2026,9,26,12,28.5,133.0,100500.0,2026-09-26 12:00:00,2026-09-26 12:00:00,1005.0
20260926,120000,70W,12,2026,9,26,12,29.1,134.2,100300.0,2026-09-26 12:00:00,2026-09-26 12:00:00,1003.0
20260926,120000,70W,12,2026,9,26,12,29.7,135.5,100500.0,2026-09-26 12:00:00,2026-09-26 12:00:00,1005.0
20260926,120000,70W,12,2026,9,26,12,32.7,138.20000000000002,100300.0,2026-09-26 12:00:00,2026-09-26 12:00:00,1003.0
20260926,120000,70W,12,2026,9,26,12,33.5,140.6,100300.0,2026-09-26 12:00:00,2026-09-26 12:00:00,1003.0
20260926,120000,70W,12,2026,9,26,12,33.2,141.5,100500.0,2026-09-26 12:00:00,2026-09-26 12:00:00,1005.0
20260926,120000,70W,12,2026,9,26,12,35.800000000000004,146.0,100600.0,2026-09-26 12:00:00,2026-09-26 12:00:00,1006.0
20260926,120000,70W,13,2026,9,26,12,24.2,127.3,96600.0,2026-09-26 12:00:00,2026-09-26 12:00:00,966.0
20260926,120000,70W,13,2026,9,26,12,24.8,127.8,96400.0,2026-09-26 12:00:00,2026-09-26 12:00:00,964.0
20260926,120000,70W,13,2026,9,26,12,25.5,128.5,95500.0,2026-09-26 12:00:00,2026-09-26 12:00:00,955.0
20260926,120000,70W,13,2026,9,26,12,26.1,129.4,95400.0,2026-09-26 12:00:00,2026-09-26 12:00:00,954.0
20260926,120000,70W,13,2026,9,26,12,26.8,130.5,95100.0,2026-09-26 12:00:00,2026-09-26 12:00:00,951.0
20260926,120000,70W,13,2026,9,26,12,27.3,131.7,95500.0,2026-09-26 12:00:00,2026-09-26 12:00:00,955.0
20260926,120000,70W,13,2026,9,26,12,27.8,132.9,95900.0,2026-09-26 12:00:00,2026-09-26 12:00:00,959.0
20260926,120000,70W,13,2026,9,26,12,28.2,133.8,97700.0,2026-09-26 12:00:00,2026-09-26 12:00:00,977.0
20260926,120000,70W,13,2026,9,26,12,28.7,134.9,97800.0,2026-09-26 12:00:00,2026-09-26 12:00:00,978.0
20260926,120000,70W,13,2026,9,26,12,29.2,136.0,98600.0,2026-09-26 12:00:00,2026-09-26 12:00:00,986.0
20260926,120000,70W,13,2026,9,26,12,30.0,137.4,98400.0,2026-09-26 12:00:00,2026-09-26 12:00:00,984.0
20260926,120000,70W,13,2026,9,26,12,30.8,139.20000000000002,99200.0,2026-09-26 12:00:00,2026-09-26 12:00:00,992.0
20260926,120000,70W,13,2026,9,26,12,31.8,141.1,99400.0,2026-09-26 12:00:00,2026-09-26 12:00:00,994.0
20260926,120000,70W,13,2026,9,26,12,32.7,143.20000000000002,99600.0,2026-09-26 12:00:00,2026-09-26 12:00:00,996.0
20260926,120000,70W,13,2026,9,26,12,33.4,145.0,99600.0,2026-09-26 12:00:00,2026-09-26 12:00:00,996.0
20260926,120000,70W,13,2026,9,26,12,35.1,148.1,100000.0,2026-09-26 12:00:00,2026-09-26 12:00:00,1000.0
20260926,120000,70W,13,2026,9,26,12,38.2,152.9,99700.0,2026-09-26 12:00:00,2026-09-26 12:00:00,997.0
20260926,120000,70W,13,2026,9,26,12,40.9,158.8,99600.0,2026-09-26 12:00:00,2026-09-26 12:00:00,996.0
20260926,120000,70W,14,2026,9,26,12,24.0,127.10000000000001,96900.0,2026-09-26 12:00:00,2026-09-26 12:00:00,969.0
20260926,120000,70W,14,2026,9,26,12,24.6,127.4,96300.0,2026-09-26 12:00:00,2026-09-26 12:00:00,963.0
20260926,120000,70W,14,2026,9,26,12,25.2,128.0,96500.0,2026-09-26 12:00:00,2026-09-26 12:00:00,965.0
20260926,120000,70W,14,2026,9,26,12,25.6,128.7,97000.0,2026-09-26 12:00:00,2026-09-26 12:00:00,970.0
20260926,120000,70W,14,2026,9,26,12,26.2,129.4,98000.0,2026-09-26 12:00:00,2026-09-26 12:00:00,980.0
20260926,120000,70W,14,2026,9,26,12,26.8,130.2,99200.0,2026-09-26 12:00:00,2026-09-26 12:00:00,992.0
20260926,120000,70W,14,2026,9,26,12,27.400000000000002,131.2,99400.0,2026-09-26 12:00:00,2026-09-26 12:00:00,994.0
20260926,120000,70W,14,2026,9,26,12,27.8,132.2,99900.0,2026-09-26 12:00:00,2026-09-26 12:00:00,999.0
20260926,120000,70W,14,2026,9,26,12,28.6,133.1,100000.0,2026-09-26 12:00:00,2026-09-26 12:00:00,1000.0
20260926,120000,70W,14,2026,9,26,12,29.3,134.2,100300.0,2026-09-26 12:00:00,2026-09-26 12:00:00,1003.0
20260926,120000,70W,14,2026,9,26,12,30.2,136.0,100200.0,2026-09-26 12:00:00,2026-09-26 12:00:00,1002.0
20260926,120000,70W,14,2026,9,26,12,31.8,138.1,100000.0,2026-09-26 12:00:00,2026-09-26 12:00:00,1000.0
20260926,120000,70W,14,2026,9,26,12,33.4,140.1,99300.0,2026-09-26 12:00:00,2026-09-26 12:00:00,993.0
20260926,120000,70W,14,2026,9,26,12,33.7,141.8,99700.0,2026-09-26 12:00:00,2026-09-26 12:00:00,997.0
20260926,120000,70W,14,2026,9,26,12,34.4,144.20000000000002,99700.0,2026-09-26 12:00:00,2026-09-26 12:00:00,997.0
20260926,120000,70W,14,2026,9,26,12,35.300000000000004,145.8,99700.0,2026-09-26 12:00:00,2026-09-26 12:00:00,997.0
20260926,120000,70W,15,2026,9,26,12,24.0,127.0,98300.0,2026-09-26 12:00:00,2026-09-26 12:00:00,983.0
20260926,120000,70W,15,2026,9,26,12,24.8,127.60000000000001,97900.0,2026-09-26 12:00:00,2026-09-26 12:00:00,979.0
20260926,120000,70W,15,2026,9,26,12,25.5,128.2,96800.0,2026-09-26 12:00:00,2026-09-26 12:00:00,968.0
20260926,120000,70W,15,2026,9,26,12,26.1,129.0,96700.0,2026-09-26 12:00:00,2026-09-26 12:00:00,967.0
20260926,120000,70W,15,2026,9,26,12,26.8,129.9,96600.0,2026-09-26 12:00:00,2026-09-26 12:00:00,966.0
20260926,120000,70W,15,2026,9,26,12,27.400000000000002,131.0,97400.0,2026-09-26 12:00:00,2026-09-26 12:00:00,974.0
20260926,120000,70W,15,2026,9,26,12,27.900000000000002,132.1,98300.0,2026-09-26 12:00:00,2026-09-26 12:00:00,983.0
20260926,120000,70W,15,2026,9,26,12,28.400000000000002,133.1,99000.0,2026-09-26 12:00:00,2026-09-26 12:00:00,990.0
20260926,120000,70W,15,2026,9,26,12,29.1,134.3,99100.0,2026-09-26 12:00:00,2026-09-26 12:00:00,991.0
20260926,120000,70W,15,2026,9,26,12,29.7,135.5,99500.0,2026-09-26 12:00:00,2026-09-26 12:00:00,995.0
20260926,120000,70W,15,2026,9,26,12,30.8,136.8,99400.0,2026-09-26 12:00:00,2026-09-26 12:00:00,994.0
20260926,120000,70W,15,2026,9,26,12,32.0,138.20000000000002,99200.0,2026-09-26 12:00:00,2026-09-26 12:00:00,992.0
20260926,120000,70W,15,2026,9,26,12,32.8,139.9,98900.0,2026-09-26 12:00:00,2026-09-26 12:00:00,989.0
20260926,120000,70W,15,2026,9,26,12,33.8,142.20000000000002,98500.0,2026-09-26 12:00:00,2026-09-26 12:00:00,985.0
20260926,120000,70W,15,2026,9,26,12,34.9,144.9,99000.0,2026-09-26 12:00:00,2026-09-26 12:00:00,990.0
20260926,120000,70W,15,2026,9,26,12,36.300000000000004,147.5,99300.0,2026-09-26 12:00:00,2026-09-26 12:00:00,993.0
20260926,120000,70W,15,2026,9,26,12,37.9,150.1,98800.0,2026-09-26 12:00:00,2026-09-26 12:00:00,988.0
20260926,120000,70W,15,2026,9,26,12,38.9,153.70000000000002,98800.0,2026-09-26 12:00:00,2026-09-26 12:00:00,988.0
20260926,120000,70W,15,2026,9,26,12,39.7,156.9,99500.0,2026-09-26 12:00:00,2026-09-26 12:00:00,995.0
20260926,120000,70W,16,2026,9,26,12,24.2,127.2,98600.0,2026-09-26 12:00:00,2026-09-26 12:00:00,986.0
20260926,120000,70W,16,2026,9,26,12,24.8,127.60000000000001,98300.0,2026-09-26 12:00:00,2026-09-26 12:00:00,983.0
20260926,120000,70W,16,2026,9,26,12,25.3,128.1,97800.0,2026-09-26 12:00:00,2026-09-26 12:00:00,978.0
20260926,120000,70W,16,2026,9,26,12,25.8,129.0,98200.0,2026-09-26 12:00:00,2026-09-26 12:00:00,982.0
20260926,120000,70W,16,2026,9,26,12,26.3,129.7,98800.0,2026-09-26 12:00:00,2026-09-26 12:00:00,988.0
20260926,120000,70W,16,2026,9,26,12,26.6,130.5,99500.0,2026-09-26 12:00:00,2026-09-26 12:00:00,995.0
20260926,120000,70W,16,2026,9,26,12,27.1,131.6,99600.0,2026-09-26 12:00:00,2026-09-26 12:00:00,996.0
20260926,120000,70W,16,2026,9,26,12,27.400000000000002,132.3,100000.0,2026-09-26 12:00:00,2026-09-26 12:00:00,1000.0
20260926,120000,70W,16,2026,9,26,12,28.1,133.1,100000.0,2026-09-26 12:00:00,2026-09-26 12:00:00,1000.0
20260926,120000,70W,16,2026,9,26,12,28.6,134.1,100000.0,2026-09-26 12:00:00,2026-09-26 12:00:00,1000.0
20260926,120000,70W,16,2026,9,26,12,29.2,135.7,99700.0,2026-09-26 12:00:00,2026-09-26 12:00:00,997.0
20260926,120000,70W,16,2026,9,26,12,29.8,136.70000000000002,100000.0,2026-09-26 12:00:00,2026-09-26 12:00:00,1000.0
20260926,120000,70W,16,2026,9,26,12,30.5,138.20000000000002,99800.0,2026-09-26 12:00:00,2026-09-26 12:00:00,998.0
20260926,120000,70W,16,2026,9,26,12,31.6,139.8,99800.0,2026-09-26 12:00:00,2026-09-26 12:00:00,998.0
20260926,120000,70W,16,2026,9,26,12,31.8,141.9,99400.0,2026-09-26 12:00:00,2026-09-26 12:00:00,994.0
20260926,120000,70W,16,2026,9,26,12,33.1,143.9,99700.0,2026-09-26 12:00:00,2026-09-26 12:00:00,997.0
20260926,120000,70W,16,2026,9,26,12,33.9,145.6,99300.0,2026-09-26 12:00:00,2026-09-26 12:00:00,993.0
20260926,120000,70W,16,2026,9,26,12,34.4,147.3,99700.0,2026-09-26 12:00:00,2026-09-26 12:00:00,997.0
20260926,120000,70W,17,2026,9,26,12,24.0,127.10000000000001,95900.0,2026-09-26 12:00:00,2026-09-26 12:00:00,959.0
20260926,120000,70W,17,2026,9,26,12,24.8,127.60000000000001,95100.0,2026-09-26 12:00:00,2026-09-26 12:00:00,951.0
20260926,120000,70W,17,2026,9,26,12,25.5,128.1,94600.0,2026-09-26 12:00:00,2026-09-26 12:00:00,946.0
20260926,120000,70W,17,2026,9,26,12,26.1,129.1,95000.0,2026-09-26 12:00:00,2026-09-26 12:00:00,950.0
20260926,120000,70W,17,2026,9,26,12,26.6,130.2,94900.0,2026-09-26 12:00:00,2026-09-26 12:00:00,949.0
20260926,120000,70W,17,2026,9,26,12,27.1,131.2,94800.0,2026-09-26 12:00:00,2026-09-26 12:00:00,948.0
20260926,120000,70W,17,2026,9,26,12,27.400000000000002,132.3,94400.0,2026-09-26 12:00:00,2026-09-26 12:00:00,944.0
20260926,120000,70W,17,2026,9,26,12,27.5,133.3,95300.0,2026-09-26 12:00:00,2026-09-26 12:00:00,953.0
20260926,120000,70W,17,2026,9,26,12,27.7,134.0,97200.0,2026-09-26 12:00:00,2026-09-26 12:00:00,972.0
20260926,120000,70W,17,2026,9,26,12,27.8,134.7,98000.0,2026-09-26 12:00:00,2026-09-26 12:00:00,980.0
20260926,120000,70W,17,2026,9,26,12,28.2,135.5,98300.0,2026-09-26 12:00:00,2026-09-26 12:00:00,983.0
20260926,120000,70W,17,2026,9,26,12,28.5,136.4,98700.0,2026-09-26 12:00:00,2026-09-26 12:00:00,987.0
20260926,120000,70W,17,2026,9,26,12,28.900000000000002,137.0,99100.0,2026-09-26 12:00:00,2026-09-26 12:00:00,991.0
20260926,120000,70W,17,2026,9,26,12,29.400000000000002,137.6,99400.0,2026-09-26 12:00:00,2026-09-26 12:00:00,994.0
20260926,120000,70W,17,2026,9,26,12,30.0,138.20000000000002,99400.0,2026-09-26 12:00:00,2026-09-26 12:00:00,994.0
20260926,120000,70W,17,2026,9,26,12,30.3,138.6,99800.0,2026-09-26 12:00:00,2026-09-26 12:00:00,998.0
20260926,120000,70W,17,2026,9,26,12,31.1,139.1,99400.0,2026-09-26 12:00:00,2026-09-26 12:00:00,994.0
20260926,120000,70W,17,2026,9,26,12,31.7,139.5,99800.0,2026-09-26 12:00:00,2026-09-26 12:00:00,998.0
20260926,120000,70W,17,2026,9,26,12,32.8,140.20000000000002,99700.0,2026-09-26 12:00:00,2026-09-26 12:00:00,997.0
20260926,120000,70W,17,2026,9,26,12,33.8,141.6,99700.0,2026-09-26 12:00:00,2026-09-26 12:00:00,997.0
20260926,120000,70W,17,2026,9,26,12,35.800000000000004,143.8,99000.0,2026-09-26 12:00:00,2026-09-26 12:00:00,990.0
20260926,120000,70W,17,2026,9,26,12,36.9,147.8,98400.0,2026-09-26 12:00:00,2026-09-26 12:00:00,984.0
20260926,120000,70W,17,2026,9,26,12,38.6,152.4,99100.0,2026-09-26 12:00:00,2026-09-26 12:00:00,991.0
20260926,120000,70W,17,2026,9,26,12,41.300000000000004,157.3,99700.0,2026-09-26 12:00:00,2026-09-26 12:00:00,997.0
20260926,120000,70W,18,2026,9,26,12,24.1,127.10000000000001,96900.0,2026-09-26 12:00:00,2026-09-26 12:00:00,969.0
20260926,120000,70W,18,2026,9,26,12,24.7,127.7,95900.0,2026-09-26 12:00:00,2026-09-26 12:00:00,959.0
20260926,120000,70W,18,2026,9,26,12,25.5,128.3,96200.0,2026-09-26 12:00:00,2026-09-26 12:00:00,962.0
20260926,120000,70W,18,2026,9,26,12,26.0,129.0,96700.0,2026-09-26 12:00:00,2026-09-26 12:00:00,967.0
20260926,120000,70W,18,2026,9,26,12,26.7,130.1,96700.0,2026-09-26 12:00:00,2026-09-26 12:00:00,967.0
20260926,120000,70W,18,2026,9,26,12,27.3,131.2,97000.0,2026-09-26 12:00:00,2026-09-26 12:00:00,970.0
20260926,120000,70W,18,2026,9,26,12,27.8,132.3,96500.0,2026-09-26 12:00:00,2026-09-26 12:00:00,965.0
20260926,120000,70W,18,2026,9,26,12,28.2,133.4,97600.0,2026-09-26 12:00:00,2026-09-26 12:00:00,976.0
20260926,120000,70W,18,2026,9,26,12,28.8,134.2,98100.0,2026-09-26 12:00:00,2026-09-26 12:00:00,981.0
20260926,120000,70W,18,2026,9,26,12,29.2,135.2,98500.0,2026-09-26 12:00:00,2026-09-26 12:00:00,985.0
20260926,120000,70W,18,2026,9,26,12,30.1,136.2,99000.0,2026-09-26 12:00:00,2026-09-26 12:00:00,990.0
20260926,120000,70W,18,2026,9,26,12,30.7,137.6,99600.0,2026-09-26 12:00:00,2026-09-26 12:00:00,996.0
20260926,120000,70W,18,2026,9,26,12,31.7,139.6,99600.0,2026-09-26 12:00:00,2026-09-26 12:00:00,996.0
20260926,120000,70W,18,2026,9,26,12,33.0,141.8,99300.0,2026-09-26 12:00:00,2026-09-26 12:00:00,993.0
20260926,120000,70W,18,2026,9,26,12,33.8,144.1,99400.0,2026-09-26 12:00:00,2026-09-26 12:00:00,994.0
20260926,120000,70W,18,2026,9,26,12,34.7,146.6,99600.0,2026-09-26 12:00:00,2026-09-26 12:00:00,996.0
20260926,120000,70W,18,2026,9,26,12,36.1,149.1,99600.0,2026-09-26 12:00:00,2026-09-26 12:00:00,996.0
20260926,120000,70W,18,2026,9,26,12,37.2,151.4,99300.0,2026-09-26 12:00:00,2026-09-26 12:00:00,993.0
20260926,120000,70W,18,2026,9,26,12,38.4,153.9,99500.0,2026-09-26 12:00:00,2026-09-26 12:00:00,995.0
20260926,120000,70W,19,2026,9,26,12,23.8,127.10000000000001,98800.0,2026-09-26 12:00:00,2026-09-26 12:00:00,988.0
20260926,120000,70W,19,2026,9,26,12,24.7,127.60000000000001,98600.0,2026-09-26 12:00:00,2026-09-26 12:00:00,986.0
20260926,120000,70W,19,2026,9,26,12,25.400000000000002,128.2,98100.0,2026-09-26 12:00:00,2026-09-26 12:00:00,981.0
20260926,120000,70W,19,2026,9,26,12,25.900000000000002,128.7,98700.0,2026-09-26 12:00:00,2026-09-26 12:00:00,987.0
20260926,120000,70W,19,2026,9,26,12,26.5,129.3,99000.0,2026-09-26 12:00:00,2026-09-26 12:00:00,990.0
20260926,120000,70W,19,2026,9,26,12,26.900000000000002,130.0,99400.0,2026-09-26 12:00:00,2026-09-26 12:00:00,994.0
20260926,120000,70W,19,2026,9,26,12,27.5,130.9,99500.0,2026-09-26 12:00:00,2026-09-26 12:00:00,995.0
20260926,120000,70W,19,2026,9,26,12,28.0,131.7,100000.0,2026-09-26 12:00:00,2026-09-26 12:00:00,1000.0
20260926,120000,70W,19,2026,9,26,12,28.5,132.6,100000.0,2026-09-26 12:00:00,2026-09-26 12:00:00,1000.0
20260926,120000,70W,19,2026,9,26,12,29.0,134.0,100200.0,2026-09-26 12:00:00,2026-09-26 12:00:00,1002.0
20260926,120000,70W,19,2026,9,26,12,30.1,135.4,100100.0,2026-09-26 12:00:00,2026-09-26 12:00:00,1001.0
20260926,120000,70W,19,2026,9,26,12,31.5,136.8,100100.0,2026-09-26 12:00:00,2026-09-26 12:00:00,1001.0
20260926,120000,70W,19,2026,9,26,12,32.4,137.70000000000002,99500.0,2026-09-26 12:00:00,2026-09-26 12:00:00,995.0
20260926,120000,70W,19,2026,9,26,12,32.7,139.5,99700.0,2026-09-26 12:00:00,2026-09-26 12:00:00,997.0
20260926,120000,70W,19,2026,9,26,12,34.2,141.6,99200.0,2026-09-26 12:00:00,2026-09-26 12:00:00,992.0
20260926,120000,70W,19,2026,9,26,12,33.9,143.0,99500.0,2026-09-26 12:00:00,2026-09-26 12:00:00,995.0
20260926,120000,70W,19,2026,9,26,12,35.300000000000004,144.3,99600.0,2026-09-26 12:00:00,2026-09-26 12:00:00,996.0
20260926,120000,70W,19,2026,9,26,12,37.2,147.1,99800.0,2026-09-26 12:00:00,2026-09-26 12:00:00,998.0
20260926,120000,70W,19,2026,9,26,12,40.300000000000004,151.5,99500.0,2026-09-26 12:00:00,2026-09-26 12:00:00,995.0
20260926,120000,70W,19,2026,9,26,12,41.300000000000004,154.4,99300.0,2026-09-26 12:00:00,2026-09-26 12:00:00,993.0
20260926,120000,70W,20,2026,9,26,12,13.700000000000001,98.2,100400.0,2026-09-26 12:00:00,2026-09-26 12:00:00,1004.0
20260926,120000,70W,20,2026,9,26,12,14.3,98.8,100300.0,2026-09-26 12:00:00,2026-09-26 12:00:00,1003.0
20260926,120000,70W,20,2026,9,26,12,14.5,97.7,100300.0,2026-09-26 12:00:00,2026-09-26 12:00:00,1003.0
20260926,120000,70W,20,2026,9,26,12,15.4,97.8,100100.0,2026-09-26 12:00:00,2026-09-26 12:00:00,1001.0
20260926,120000,70W,20,2026,9,26,12,15.4,97.10000000000001,99900.0,2026-09-26 12:00:00,2026-09-26 12:00:00,999.0
20260926,120000,70W,20,2026,9,26,12,16.4,97.7,100000.0,2026-09-26 12:00:00,2026-09-26 12:00:00,1000.0
20260926,120000,70W,20,2026,9,26,12,16.9,97.5,100000.0,2026-09-26 12:00:00,2026-09-26 12:00:00,1000.0
20260926,120000,70W,20,2026,9,26,12,17.8,96.9,100200.0,2026-09-26 12:00:00,2026-09-26 12:00:00,1002.0
20260926,120000,70W,20,2026,9,26,12,18.3,96.60000000000001,100300.0,2026-09-26 12:00:00,2026-09-26 12:00:00,1003.0
20260926,120000,70W,20,2026,9,26,12,18.8,96.5,100500.0,2026-09-26 12:00:00,2026-09-26 12:00:00,1005.0
20260926,120000,70W,20,2026,9,26,12,19.7,96.10000000000001,100700.0,2026-09-26 12:00:00,2026-09-26 12:00:00,1007.0
20260926,120000,70W,20,2026,9,26,12,19.0,95.0,100900.0,2026-09-26 12:00:00,2026-09-26 12:00:00,1009.0
20260926,120000,70W,21,2026,9,26,12,24.2,127.2,98800.0,2026-09-26 12:00:00,2026-09-26 12:00:00,988.0
20260926,120000,70W,21,2026,9,26,12,25.0,127.60000000000001,98500.0,2026-09-26 12:00:00,2026-09-26 12:00:00,985.0
20260926,120000,70W,21,2026,9,26,12,25.7,128.1,97500.0,2026-09-26 12:00:00,2026-09-26 12:00:00,975.0
20260926,120000,70W,21,2026,9,26,12,26.3,129.0,97200.0,2026-09-26 12:00:00,2026-09-26 12:00:00,972.0
20260926,120000,70W,21,2026,9,26,12,27.0,130.2,96900.0,2026-09-26 12:00:00,2026-09-26 12:00:00,969.0
20260926,120000,70W,21,2026,9,26,12,27.5,131.4,97200.0,2026-09-26 12:00:00,2026-09-26 12:00:00,972.0
20260926,120000,70W,21,2026,9,26,12,28.5,132.8,98100.0,2026-09-26 12:00:00,2026-09-26 12:00:00,981.0
20260926,120000,70W,21,2026,9,26,12,29.0,134.0,98700.0,2026-09-26 12:00:00,2026-09-26 12:00:00,987.0
20260926,120000,70W,21,2026,9,26,12,29.7,134.9,99100.0,2026-09-26 12:00:00,2026-09-26 12:00:00,991.0
20260926,120000,70W,21,2026,9,26,12,31.1,136.1,99300.0,2026-09-26 12:00:00,2026-09-26 12:00:00,993.0
20260926,120000,70W,21,2026,9,26,12,32.2,138.1,99100.0,2026-09-26 12:00:00,2026-09-26 12:00:00,991.0
20260926,120000,70W,21,2026,9,26,12,33.7,139.9,99000.0,2026-09-26 12:00:00,2026-09-26 12:00:00,990.0
20260926,120000,70W,21,2026,9,26,12,34.5,142.6,98600.0,2026-09-26 12:00:00,2026-09-26 12:00:00,986.0
20260926,120000,70W,21,2026,9,26,12,36.0,146.20000000000002,98800.0,2026-09-26 12:00:00,2026-09-26 12:00:00,988.0
20260926,120000,70W,21,2026,9,26,12,37.0,149.9,98600.0,2026-09-26 12:00:00,2026-09-26 12:00:00,986.0
20260926,120000,70W,21,2026,9,26,12,37.9,153.70000000000002,98900.0,2026-09-26 12:00:00,2026-09-26 12:00:00,989.0
20260926,120000,70W,21,2026,9,26,12,38.5,157.70000000000002,99400.0,2026-09-26 12:00:00,2026-09-26 12:00:00,994.0
20260926,120000,70W,21,2026,9,26,12,38.9,168.0,100800.0,2026-09-26 12:00:00,2026-09-26 12:00:00,1008.0
20260926,120000,70W,22,2026,9,26,12,24.0,127.10000000000001,99000.0,2026-09-26 12:00:00,2026-09-26 12:00:00,990.0
20260926,120000,70W,22,2026,9,26,12,24.7,127.5,98700.0,2026-09-26 12:00:00,2026-09-26 12:00:00,987.0
20260926,120000,70W,22,2026,9,26,12,25.400000000000002,128.1,98000.0,2026-09-26 12:00:00,2026-09-26 12:00:00,980.0
20260926,120000,70W,22,2026,9,26,12,25.900000000000002,128.8,97900.0,2026-09-26 12:00:00,2026-09-26 12:00:00,979.0
20260926,120000,70W,22,2026,9,26,12,26.3,129.7,97500.0,2026-09-26 12:00:00,2026-09-26 12:00:00,975.0
20260926,120000,70W,22,2026,9,26,12,27.0,130.7,98000.0,2026-09-26 12:00:00,2026-09-26 12:00:00,980.0
20260926,120000,70W,22,2026,9,26,12,27.3,131.6,98300.0,2026-09-26 12:00:00,2026-09-26 12:00:00,983.0
20260926,120000,70W,22,2026,9,26,12,27.7,132.7,98700.0,2026-09-26 12:00:00,2026-09-26 12:00:00,987.0
20260926,120000,70W,22,2026,9,26,12,28.1,133.5,99200.0,2026-09-26 12:00:00,2026-09-26 12:00:00,992.0
20260926,120000,70W,22,2026,9,26,12,28.6,134.5,99200.0,2026-09-26 12:00:00,2026-09-26 12:00:00,992.0
20260926,120000,70W,22,2026,9,26,12,28.900000000000002,135.4,99500.0,2026-09-26 12:00:00,2026-09-26 12:00:00,995.0
20260926,120000,70W,22,2026,9,26,12,29.400000000000002,136.5,100000.0,2026-09-26 12:00:00,2026-09-26 12:00:00,1000.0
20260926,120000,70W,22,2026,9,26,12,29.8,137.4,100000.0,2026-09-26 12:00:00,2026-09-26 12:00:00,1000.0
20260926,120000,70W,22,2026,9,26,12,30.3,138.70000000000002,100300.0,2026-09-26 12:00:00,2026-09-26 12:00:00,1003.0
20260926,120000,70W,22,2026,9,26,12,31.1,139.70000000000002,100300.0,2026-09-26 12:00:00,2026-09-26 12:00:00,1003.0
20260926,120000,70W,23,2026,9,26,12,24.1,127.0,98900.0,2026-09-26 12:00:00,2026-09-26 12:00:00,989.0
20260926,120000,70W,23,2026,9,26,12,24.7,127.5,98600.0,2026-09-26 12:00:00,2026-09-26 12:00:00,986.0
20260926,120000,70W,23,2026,9,26,12,25.400000000000002,128.0,98100.0,2026-09-26 12:00:00,2026-09-26 12:00:00,981.0
20260926,120000,70W,23,2026,9,26,12,25.8,128.8,98300.0,2026-09-26 12:00:00,2026-09-26 12:00:00,983.0
20260926,120000,70W,23,2026,9,26,12,26.5,129.5,98600.0,2026-09-26 12:00:00,2026-09-26 12:00:00,986.0
20260926,120000,70W,23,2026,9,26,12,26.900000000000002,130.1,98900.0,2026-09-26 12:00:00,2026-09-26 12:00:00,989.0
20260926,120000,70W,23,2026,9,26,12,27.400000000000002,130.9,99000.0,2026-09-26 12:00:00,2026-09-26 12:00:00,990.0
20260926,120000,70W,23,2026,9,26,12,27.6,131.9,99400.0,2026-09-26 12:00:00,2026-09-26 12:00:00,994.0
20260926,120000,70W,23,2026,9,26,12,28.1,132.5,99600.0,2026-09-26 12:00:00,2026-09-26 12:00:00,996.0
20260926,120000,70W,23,2026,9,26,12,28.7,133.4,99800.0,2026-09-26 12:00:00,2026-09-26 12:00:00,998.0
20260926,120000,70W,23,2026,9,26,12,29.400000000000002,134.8,99700.0,2026-09-26 12:00:00,2026-09-26 12:00:00,997.0
20260926,120000,70W,23,2026,9,26,12,30.1,136.2,99900.0,2026-09-26 12:00:00,2026-09-26 12:00:00,999.0
20260926,120000,70W,23,2026,9,26,12,30.8,137.70000000000002,99600.0,2026-09-26 12:00:00,2026-09-26 12:00:00,996.0
20260926,120000,70W,23,2026,9,26,12,31.1,139.20000000000002,99800.0,2026-09-26 12:00:00,2026-09-26 12:00:00,998.0
20260926,120000,70W,23,2026,9,26,12,31.6,140.6,99800.0,2026-09-26 12:00:00,2026-09-26 12:00:00,998.0
20260926,120000,70W,23,2026,9,26,12,32.4,142.3,99900.0,2026-09-26 12:00:00,2026-09-26 12:00:00,999.0
20260926,120000,70W,23,2026,9,26,12,33.0,143.20000000000002,99800.0,2026-09-26 12:00:00,2026-09-26 12:00:00,998.0
20260926,120000,70W,24,2026,9,26,12,13.8,97.7,100300.0,2026-09-26 12:00:00,2026-09-26 12:00:00,1003.0
20260926,120000,70W,24,2026,9,26,12,14.0,97.9,100200.0,2026-09-26 12:00:00,2026-09-26 12:00:00,1002.0
20260926,120000,70W,24,2026,9,26,12,15.700000000000001,97.60000000000001,100100.0,2026-09-26 12:00:00,2026-09-26 12:00:00,1001.0
20260926,120000,70W,24,2026,9,26,12,15.700000000000001,97.10000000000001,99500.0,2026-09-26 12:00:00,2026-09-26 12:00:00,995.0
20260926,120000,70W,24,2026,9,26,12,16.3,97.0,99500.0,2026-09-26 12:00:00,2026-09-26 12:00:00,995.0
20260926,120000,70W,24,2026,9,26,12,16.9,96.5,99700.0,2026-09-26 12:00:00,2026-09-26 12:00:00,997.0
20260926,120000,70W,24,2026,9,26,12,17.6,95.9,99800.0,2026-09-26 12:00:00,2026-09-26 12:00:00,998.0
20260926,120000,70W,24,2026,9,26,12,18.3,95.3,99800.0,2026-09-26 12:00:00,2026-09-26 12:00:00,998.0
20260926,120000,70W,24,2026,9,26,12,19.400000000000002,94.7,100100.0,2026-09-26 12:00:00,2026-09-26 12:00:00,1001.0
20260926,120000,70W,24,2026,9,26,12,20.0,93.9,99800.0,2026-09-26 12:00:00,2026-09-26 12:00:00,998.0
20260926,120000,70W,24,2026,9,26,12,20.900000000000002,93.0,100200.0,2026-09-26 12:00:00,2026-09-26 12:00:00,1002.0
20260926,120000,70W,24,2026,9,26,12,21.2,94.2,100400.0,2026-09-26 12:00:00,2026-09-26 12:00:00,1004.0
20260926,120000,70W,24,2026,9,26,12,22.400000000000002,94.0,100700.0,2026-09-26 12:00:00,2026-09-26 12:00:00,1007.0
20260926,120000,70W,24,2026,9,26,12,24.400000000000002,93.10000000000001,100700.0,2026-09-26 12:00:00,2026-09-26 12:00:00,1007.0
20260926,120000,70W,24,2026,9,26,12,24.3,90.9,100700.0,2026-09-26 12:00:00,2026-09-26 12:00:00,1007.0
20260926,120000,70W,24,2026,9,26,12,23.7,91.7,100700.0,2026-09-26 12:00:00,2026-09-26 12:00:00,1007.0
20260926,120000,70W,24,2026,9,26,12,24.7,91.4,100800.0,2026-09-26 12:00:00,2026-09-26 12:00:00,1008.0
20260926,120000,70W,24,2026,9,26,12,24.400000000000002,91.0,100800.0,2026-09-26 12:00:00,2026-09-26 12:00:00,1008.0
20260926,120000,70W,24,2026,9,26,12,26.1,92.10000000000001,100900.0,2026-09-26 12:00:00,2026-09-26 12:00:00,1009.0
20260926,120000,70W,24,2026,9,26,12,24.900000000000002,92.4,100900.0,2026-09-26 12:00:00,2026-09-26 12:00:00,1009.0
20260926,120000,70W,24,2026,9,26,12,26.3,92.60000000000001,100900.0,2026-09-26 12:00:00,2026-09-26 12:00:00,1009.0
20260926,120000,70W,24,2026,9,26,12,25.2,95.9,100900.0,2026-09-26 12:00:00,2026-09-26 12:00:00,1009.0
20260926,120000,70W,24,2026,9,26,12,26.1,96.60000000000001,100800.0,2026-09-26 12:00:00,2026-09-26 12:00:00,1008.0
20260926,120000,70W,24,2026,9,26,12,27.3,94.2,100600.0,2026-09-26 12:00:00,2026-09-26 12:00:00,1006.0
20260926,120000,70W,24,2026,9,26,12,27.3,94.10000000000001,100400.0,2026-09-26 12:00:00,2026-09-26 12:00:00,1004.0
20260926,120000,70W,24,2026,9,26,12,27.1,93.9,100800.0,2026-09-26 12:00:00,2026-09-26 12:00:00,1008.0
20260926,120000,70W,25,2026,9,26,12,24.0,127.0,97600.0,2026-09-26 12:00:00,2026-09-26 12:00:00,976.0
20260926,120000,70W,25,2026,9,26,12,24.7,127.7,97300.0,2026-09-26 12:00:00,2026-09-26 12:00:00,973.0
20260926,120000,70W,25,2026,9,26,12,25.400000000000002,128.3,96300.0,2026-09-26 12:00:00,2026-09-26 12:00:00,963.0
20260926,120000,70W,25,2026,9,26,12,25.900000000000002,129.3,96200.0,2026-09-26 12:00:00,2026-09-26 12:00:00,962.0
20260926,120000,70W,25,2026,9,26,12,26.5,130.0,96900.0,2026-09-26 12:00:00,2026-09-26 12:00:00,969.0
20260926,120000,70W,25,2026,9,26,12,26.900000000000002,131.1,97700.0,2026-09-26 12:00:00,2026-09-26 12:00:00,977.0
20260926,120000,70W,25,2026,9,26,12,27.5,132.1,98000.0,2026-09-26 12:00:00,2026-09-26 12:00:00,980.0
20260926,120000,70W,25,2026,9,26,12,27.900000000000002,133.0,98900.0,2026-09-26 12:00:00,2026-09-26 12:00:00,989.0
20260926,120000,70W,25,2026,9,26,12,28.400000000000002,133.7,99200.0,2026-09-26 12:00:00,2026-09-26 12:00:00,992.0
20260926,120000,70W,25,2026,9,26,12,28.900000000000002,134.5,99600.0,2026-09-26 12:00:00,2026-09-26 12:00:00,996.0
20260926,120000,70W,25,2026,9,26,12,29.7,135.6,99500.0,2026-09-26 12:00:00,2026-09-26 12:00:00,995.0
20260926,120000,70W,25,2026,9,26,12,30.400000000000002,136.8,99700.0,2026-09-26 12:00:00,2026-09-26 12:00:00,997.0
20260926,120000,70W,26,2026,9,26,12,24.0,127.4,96700.0,2026-09-26 12:00:00,2026-09-26 12:00:00,967.0
20260926,120000,70W,26,2026,9,26,12,24.900000000000002,128.0,95400.0,2026-09-26 12:00:00,2026-09-26 12:00:00,954.0
20260926,120000,70W,26,2026,9,26,12,25.6,128.7,93900.0,2026-09-26 12:00:00,2026-09-26 12:00:00,939.0
20260926,120000,70W,26,2026,9,26,12,26.1,129.7,94600.0,2026-09-26 12:00:00,2026-09-26 12:00:00,946.0
20260926,120000,70W,26,2026,9,26,12,26.7,130.7,93700.0,2026-09-26 12:00:00,2026-09-26 12:00:00,937.0
20260926,120000,70W,26,2026,9,26,12,27.1,131.7,95600.0,2026-09-26 12:00:00,2026-09-26 12:00:00,956.0
20260926,120000,70W,26,2026,9,26,12,27.5,132.8,95400.0,2026-09-26 12:00:00,2026-09-26 12:00:00,954.0
20260926,120000,70W,26,2026,9,26,12,27.6,133.9,95900.0,2026-09-26 12:00:00,2026-09-26 12:00:00,959.0
20260926,120000,70W,26,2026,9,26,12,27.8,134.8,96700.0,2026-09-26 12:00:00,2026-09-26 12:00:00,967.0
20260926,120000,70W,26,2026,9,26,12,27.8,135.7,97700.0,2026-09-26 12:00:00,2026-09-26 12:00:00,977.0
20260926,120000,70W,26,2026,9,26,12,28.0,136.6,98100.0,2026-09-26 12:00:00,2026-09-26 12:00:00,981.0
20260926,120000,70W,26,2026,9,26,12,28.2,137.4,98400.0,2026-09-26 12:00:00,2026-09-26 12:00:00,984.0
20260926,120000,70W,26,2026,9,26,12,28.6,138.0,99000.0,2026-09-26 12:00:00,2026-09-26 12:00:00,990.0
20260926,120000,70W,26,2026,9,26,12,29.1,138.5,99500.0,2026-09-26 12:00:00,2026-09-26 12:00:00,995.0
20260926,120000,70W,26,2026,9,26,12,29.5,139.20000000000002,99600.0,2026-09-26 12:00:00,2026-09-26 12:00:00,996.0
20260926,120000,70W,26,2026,9,26,12,30.2,140.0,99900.0,2026-09-26 12:00:00,2026-09-26 12:00:00,999.0
20260926,120000,70W,26,2026,9,26,12,30.8,140.6,99800.0,2026-09-26 12:00:00,2026-09-26 12:00:00,998.0
20260926,120000,70W,26,2026,9,26,12,32.1,141.6,100000.0,2026-09-26 12:00:00,2026-09-26 12:00:00,1000.0
20260926,120000,70W,26,2026,9,26,12,33.4,142.9,99800.0,2026-09-26 12:00:00,2026-09-26 12:00:00,998.0
20260926,120000,70W,26,2026,9,26,12,35.300000000000004,145.1,99800.0,2026-09-26 12:00:00,2026-09-26 12:00:00,998.0
20260926,120000,70W,26,2026,9,26,12,37.7,148.5,99100.0,2026-09-26 12:00:00,2026-09-26 12:00:00,991.0
20260926,120000,70W,26,2026,9,26,12,39.9,152.5,99100.0,2026-09-26 12:00:00,2026-09-26 12:00:00,991.0
20260926,120000,70W,26,2026,9,26,12,41.9,157.70000000000002,98900.0,2026-09-26 12:00:00,2026-09-26 12:00:00,989.0
20260926,120000,70W,26,2026,9,26,12,44.2,162.20000000000002,99100.0,2026-09-26 12:00:00,2026-09-26 12:00:00,991.0
20260926,120000,70W,27,2026,9,26,12,24.0,127.10000000000001,98700.0,2026-09-26 12:00:00,2026-09-26 12:00:00,987.0
20260926,120000,70W,27,2026,9,26,12,24.7,127.5,98300.0,2026-09-26 12:00:00,2026-09-26 12:00:00,983.0
20260926,120000,70W,27,2026,9,26,12,25.400000000000002,128.1,97600.0,2026-09-26 12:00:00,2026-09-26 12:00:00,976.0
20260926,120000,70W,27,2026,9,26,12,25.900000000000002,129.0,97200.0,2026-09-26 12:00:00,2026-09-26 12:00:00,972.0
20260926,120000,70W,27,2026,9,26,12,26.6,130.0,96800.0,2026-09-26 12:00:00,2026-09-26 12:00:00,968.0
20260926,120000,70W,27,2026,9,26,12,27.2,131.1,97400.0,2026-09-26 12:00:00,2026-09-26 12:00:00,974.0
20260926,120000,70W,27,2026,9,26,12,27.7,132.2,96900.0,2026-09-26 12:00:00,2026-09-26 12:00:00,969.0
20260926,120000,70W,27,2026,9,26,12,28.1,133.3,98300.0,2026-09-26 12:00:00,2026-09-26 12:00:00,983.0
20260926,120000,70W,27,2026,9,26,12,28.6,134.4,98800.0,2026-09-26 12:00:00,2026-09-26 12:00:00,988.0
20260926,120000,70W,27,2026,9,26,12,29.2,135.7,99200.0,2026-09-26 12:00:00,2026-09-26 12:00:00,992.0
20260926,120000,70W,27,2026,9,26,12,29.900000000000002,137.3,99000.0,2026-09-26 12:00:00,2026-09-26 12:00:00,990.0
20260926,120000,70W,27,2026,9,26,12,30.5,138.8,99400.0,2026-09-26 12:00:00,2026-09-26 12:00:00,994.0
20260926,120000,70W,27,2026,9,26,12,31.5,140.5,99400.0,2026-09-26 12:00:00,2026-09-26 12:00:00,994.0
20260926,120000,70W,27,2026,9,26,12,32.3,141.8,99200.0,2026-09-26 12:00:00,2026-09-26 12:00:00,992.0
20260926,120000,70W,27,2026,9,26,12,32.7,143.5,99300.0,2026-09-26 12:00:00,2026-09-26 12:00:00,993.0
20260926,120000,70W,27,2026,9,26,12,33.3,145.5,99200.0,2026-09-26 12:00:00,2026-09-26 12:00:00,992.0
20260926,120000,70W,27,2026,9,26,12,34.0,146.4,99200.0,2026-09-26 12:00:00,2026-09-26 12:00:00,992.0
20260926,120000,70W,27,2026,9,26,12,34.9,147.5,99700.0,2026-09-26 12:00:00,2026-09-26 12:00:00,997.0
20260926,120000,70W,27,2026,9,26,12,35.9,148.9,99800.0,2026-09-26 12:00:00,2026-09-26 12:00:00,998.0
20260926,120000,70W,27,2026,9,26,12,37.6,150.8,99400.0,2026-09-26 12:00:00,2026-09-26 12:00:00,994.0
20260926,120000,70W,28,2026,9,26,12,23.7,126.9,97600.0,2026-09-26 12:00:00,2026-09-26 12:00:00,976.0
20260926,120000,70W,28,2026,9,26,12,24.400000000000002,127.4,97300.0,2026-09-26 12:00:00,2026-09-26 12:00:00,973.0
20260926,120000,70W,28,2026,9,26,12,25.1,127.8,96700.0,2026-09-26 12:00:00,2026-09-26 12:00:00,967.0
20260926,120000,70W,28,2026,9,26,12,25.5,128.6,96300.0,2026-09-26 12:00:00,2026-09-26 12:00:00,963.0
20260926,120000,70W,28,2026,9,26,12,25.900000000000002,129.5,95900.0,2026-09-26 12:00:00,2026-09-26 12:00:00,959.0
20260926,120000,70W,28,2026,9,26,12,26.3,130.3,96400.0,2026-09-26 12:00:00,2026-09-26 12:00:00,964.0
20260926,120000,70W,28,2026,9,26,12,26.6,131.2,96500.0,2026-09-26 12:00:00,2026-09-26 12:00:00,965.0
20260926,120000,70W,28,2026,9,26,12,26.8,131.9,97400.0,2026-09-26 12:00:00,2026-09-26 12:00:00,974.0
20260926,120000,70W,28,2026,9,26,12,27.1,132.3,98500.0,2026-09-26 12:00:00,2026-09-26 12:00:00,985.0
20260926,120000,70W,28,2026,9,26,12,27.400000000000002,133.0,98800.0,2026-09-26 12:00:00,2026-09-26 12:00:00,988.0
20260926,120000,70W,28,2026,9,26,12,28.0,133.8,99300.0,2026-09-26 12:00:00,2026-09-26 12:00:00,993.0
20260926,120000,70W,28,2026,9,26,12,28.3,134.5,99800.0,2026-09-26 12:00:00,2026-09-26 12:00:00,998.0
20260926,120000,70W,28,2026,9,26,12,28.6,135.0,99800.0,2026-09-26 12:00:00,2026-09-26 12:00:00,998.0
20260926,120000,70W,28,2026,9,26,12,29.2,135.7,100100.0,2026-09-26 12:00:00,2026-09-26 12:00:00,1001.0
20260926,120000,70W,28,2026,9,26,12,29.900000000000002,136.5,100100.0,2026-09-26 12:00:00,2026-09-26 12:00:00,1001.0
20260926,120000,70W,28,2026,9,26,12,31.6,138.0,100200.0,2026-09-26 12:00:00,2026-09-26 12:00:00,1002.0
20260926,120000,70W,28,2026,9,26,12,33.1,139.70000000000002,100300.0,2026-09-26 12:00:00,2026-09-26 12:00:00,1003.0
20260926,120000,70W,28,2026,9,26,12,35.300000000000004,141.8,98500.0,2026-09-26 12:00:00,2026-09-26 12:00:00,985.0
20260926,120000,70W,28,2026,9,26,12,36.300000000000004,144.8,99600.0,2026-09-26 12:00:00,2026-09-26 12:00:00,996.0
20260926,120000,70W,28,2026,9,26,12,38.300000000000004,149.0,99600.0,2026-09-26 12:00:00,2026-09-26 12:00:00,996.0
20260926,120000,70W,29,2026,9,26,12,23.900000000000002,127.0,96200.0,2026-09-26 12:00:00,2026-09-26 12:00:00,962.0
20260926,120000,70W,29,2026,9,26,12,24.5,127.5,95300.0,2026-09-26 12:00:00,2026-09-26 12:00:00,953.0
20260926,120000,70W,29,2026,9,26,12,25.2,128.0,94100.0,2026-09-26 12:00:00,2026-09-26 12:00:00,941.0
20260926,120000,70W,29,2026,9,26,12,25.6,128.8,94600.0,2026-09-26 12:00:00,2026-09-26 12:00:00,946.0
20260926,120000,70W,29,2026,9,26,12,26.1,129.6,95000.0,2026-09-26 12:00:00,2026-09-26 12:00:00,950.0
20260926,120000,70W,29,2026,9,26,12,26.5,130.4,95600.0,2026-09-26 12:00:00,2026-09-26 12:00:00,956.0
20260926,120000,70W,29,2026,9,26,12,26.7,131.2,95600.0,2026-09-26 12:00:00,2026-09-26 12:00:00,956.0
20260926,120000,70W,29,2026,9,26,12,26.8,132.0,96900.0,2026-09-26 12:00:00,2026-09-26 12:00:00,969.0
20260926,120000,70W,29,2026,9,26,12,27.2,132.6,98000.0,2026-09-26 12:00:00,2026-09-26 12:00:00,980.0
20260926,120000,70W,29,2026,9,26,12,27.400000000000002,133.3,98700.0,2026-09-26 12:00:00,2026-09-26 12:00:00,987.0
20260926,120000,70W,29,2026,9,26,12,27.6,133.9,98900.0,2026-09-26 12:00:00,2026-09-26 12:00:00,989.0
20260926,120000,70W,29,2026,9,26,12,27.7,134.7,99100.0,2026-09-26 12:00:00,2026-09-26 12:00:00,991.0
20260926,120000,70W,29,2026,9,26,12,28.0,135.0,99400.0,2026-09-26 12:00:00,2026-09-26 12:00:00,994.0
20260926,120000,70W,29,2026,9,26,12,28.1,135.5,99800.0,2026-09-26 12:00:00,2026-09-26 12:00:00,998.0
20260926,120000,70W,29,2026,9,26,12,28.7,136.1,99700.0,2026-09-26 12:00:00,2026-09-26 12:00:00,997.0
20260926,120000,70W,29,2026,9,26,12,29.1,136.1,100000.0,2026-09-26 12:00:00,2026-09-26 12:00:00,1000.0
20260926,120000,70W,29,2026,9,26,12,29.5,136.3,100000.0,2026-09-26 12:00:00,2026-09-26 12:00:00,1000.0
20260926,120000,70W,29,2026,9,26,12,30.2,137.0,100300.0,2026-09-26 12:00:00,2026-09-26 12:00:00,1003.0
20260926,120000,70W,29,2026,9,26,12,31.0,138.0,100100.0,2026-09-26 12:00:00,2026-09-26 12:00:00,1001.0
20260926,120000,70W,29,2026,9,26,12,31.5,139.20000000000002,100300.0,2026-09-26 12:00:00,2026-09-26 12:00:00,1003.0
20260926,120000,70W,29,2026,9,26,12,33.2,142.1,100100.0,2026-09-26 12:00:00,2026-09-26 12:00:00,1001.0
20260926,120000,70W,30,2026,9,26,12,24.1,127.10000000000001,97800.0,2026-09-26 12:00:00,2026-09-26 12:00:00,978.0
20260926,120000,70W,30,2026,9,26,12,24.8,127.5,95800.0,2026-09-26 12:00:00,2026-09-26 12:00:00,958.0
20260926,120000,70W,30,2026,9,26,12,25.400000000000002,128.1,94600.0,2026-09-26 12:00:00,2026-09-26 12:00:00,946.0
20260926,120000,70W,30,2026,9,26,12,25.900000000000002,129.0,94400.0,2026-09-26 12:00:00,2026-09-26 12:00:00,944.0
20260926,120000,70W,30,2026,9,26,12,26.400000000000002,130.0,94600.0,2026-09-26 12:00:00,2026-09-26 12:00:00,946.0
20260926,120000,70W,30,2026,9,26,12,26.8,131.0,96000.0,2026-09-26 12:00:00,2026-09-26 12:00:00,960.0
20260926,120000,70W,30,2026,9,26,12,27.1,131.9,95800.0,2026-09-26 12:00:00,2026-09-26 12:00:00,958.0
20260926,120000,70W,30,2026,9,26,12,27.400000000000002,132.7,97700.0,2026-09-26 12:00:00,2026-09-26 12:00:00,977.0
20260926,120000,70W,30,2026,9,26,12,27.8,133.5,98600.0,2026-09-26 12:00:00,2026-09-26 12:00:00,986.0
20260926,120000,70W,30,2026,9,26,12,28.1,134.2,99100.0,2026-09-26 12:00:00,2026-09-26 12:00:00,991.0
20260926,120000,70W,30,2026,9,26,12,28.5,135.4,98900.0,2026-09-26 12:00:00,2026-09-26 12:00:00,989.0
20260926,120000,70W,30,2026,9,26,12,28.8,136.1,99600.0,2026-09-26 12:00:00,2026-09-26 12:00:00,996.0
20260926,120000,70W,30,2026,9,26,12,29.400000000000002,136.9,99700.0,2026-09-26 12:00:00,2026-09-26 12:00:00,997.0
20260926,120000,70W,30,2026,9,26,12,30.0,137.9,99900.0,2026-09-26 12:00:00,2026-09-26 12:00:00,999.0
20260926,120000,70W,30,2026,9,26,12,30.7,138.6,99900.0,2026-09-26 12:00:00,2026-09-26 12:00:00,999.0
20260926,120000,70W,30,2026,9,26,12,31.400000000000002,139.70000000000002,100300.0,2026-09-26 12:00:00,2026-09-26 12:00:00,1003.0
20260926,120000,70W,30,2026,9,26,12,32.5,141.1,100100.0,2026-09-26 12:00:00,2026-09-26 12:00:00,1001.0
20260926,120000,70W,30,2026,9,26,12,34.2,142.70000000000002,99900.0,2026-09-26 12:00:00,2026-09-26 12:00:00,999.0
20260926,120000,70W,30,2026,9,26,12,35.800000000000004,145.0,99700.0,2026-09-26 12:00:00,2026-09-26 12:00:00,997.0
20260926,120000,70W,30,2026,9,26,12,37.2,147.9,99500.0,2026-09-26 12:00:00,2026-09-26 12:00:00,995.0
20260926,120000,70W,31,2026,9,26,12,23.7,126.9,97900.0,2026-09-26 12:00:00,2026-09-26 12:00:00,979.0
20260926,120000,70W,31,2026,9,26,12,24.400000000000002,127.5,96800.0,2026-09-26 12:00:00,2026-09-26 12:00:00,968.0
20260926,120000,70W,31,2026,9,26,12,25.2,128.0,95200.0,2026-09-26 12:00:00,2026-09-26 12:00:00,952.0
20260926,120000,70W,31,2026,9,26,12,25.6,128.6,94600.0,2026-09-26 12:00:00,2026-09-26 12:00:00,946.0
20260926,120000,70W,31,2026,9,26,12,25.900000000000002,129.4,95900.0,2026-09-26 12:00:00,2026-09-26 12:00:00,959.0
20260926,120000,70W,31,2026,9,26,12,26.400000000000002,130.3,97000.0,2026-09-26 12:00:00,2026-09-26 12:00:00,970.0
20260926,120000,70W,31,2026,9,26,12,26.8,131.4,97000.0,2026-09-26 12:00:00,2026-09-26 12:00:00,970.0
20260926,120000,70W,31,2026,9,26,12,27.1,132.0,97600.0,2026-09-26 12:00:00,2026-09-26 12:00:00,976.0
20260926,120000,70W,31,2026,9,26,12,27.2,132.6,97500.0,2026-09-26 12:00:00,2026-09-26 12:00:00,975.0
20260926,120000,70W,31,2026,9,26,12,27.6,133.3,98400.0,2026-09-26 12:00:00,2026-09-26 12:00:00,984.0
20260926,120000,70W,31,2026,9,26,12,27.8,133.8,98500.0,2026-09-26 12:00:00,2026-09-26 12:00:00,985.0
20260926,120000,70W,31,2026,9,26,12,28.1,134.7,98700.0,2026-09-26 12:00:00,2026-09-26 12:00:00,987.0
20260926,120000,70W,31,2026,9,26,12,28.400000000000002,135.2,99100.0,2026-09-26 12:00:00,2026-09-26 12:00:00,991.0
20260926,120000,70W,31,2026,9,26,12,28.7,136.1,99200.0,2026-09-26 12:00:00,2026-09-26 12:00:00,992.0
20260926,120000,70W,31,2026,9,26,12,29.2,136.1,99500.0,2026-09-26 12:00:00,2026-09-26 12:00:00,995.0
20260926,120000,70W,31,2026,9,26,12,30.0,136.1,99900.0,2026-09-26 12:00:00,2026-09-26 12:00:00,999.0
20260926,120000,70W,31,2026,9,26,12,30.3,136.3,99900.0,2026-09-26 12:00:00,2026-09-26 12:00:00,999.0
20260926,120000,70W,31,2026,9,26,12,30.6,136.1,100100.0,2026-09-26 12:00:00,2026-09-26 12:00:00,1001.0
20260926,120000,70W,31,2026,9,26,12,30.8,136.70000000000002,100100.0,2026-09-26 12:00:00,2026-09-26 12:00:00,1001.0
20260926,120000,70W,31,2026,9,26,12,31.400000000000002,137.6,100200.0,2026-09-26 12:00:00,2026-09-26 12:00:00,1002.0
20260926,120000,70W,31,2026,9,26,12,31.8,138.70000000000002,100000.0,2026-09-26 12:00:00,2026-09-26 12:00:00,1000.0
20260926,120000,70W,31,2026,9,26,12,32.3,140.9,100300.0,2026-09-26 12:00:00,2026-09-26 12:00:00,1003.0
20260926,120000,70W,31,2026,9,26,12,34.4,143.6,100000.0,2026-09-26 12:00:00,2026-09-26 12:00:00,1000.0
20260926,120000,70W,32,2026,9,26,12,24.0,127.10000000000001,96900.0,2026-09-26 12:00:00,2026-09-26 12:00:00,969.0
20260926,120000,70W,32,2026,9,26,12,24.7,127.7,96100.0,2026-09-26 12:00:00,2026-09-26 12:00:00,961.0
20260926,120000,70W,32,2026,9,26,12,25.400000000000002,128.3,95100.0,2026-09-26 12:00:00,2026-09-26 12:00:00,951.0
20260926,120000,70W,32,2026,9,26,12,25.900000000000002,129.0,95400.0,2026-09-26 12:00:00,2026-09-26 12:00:00,954.0
20260926,120000,70W,32,2026,9,26,12,26.5,129.9,95000.0,2026-09-26 12:00:00,2026-09-26 12:00:00,950.0
20260926,120000,70W,32,2026,9,26,12,26.900000000000002,130.8,95900.0,2026-09-26 12:00:00,2026-09-26 12:00:00,959.0
20260926,120000,70W,32,2026,9,26,12,27.3,131.8,96700.0,2026-09-26 12:00:00,2026-09-26 12:00:00,967.0
20260926,120000,70W,32,2026,9,26,12,27.5,132.7,97300.0,2026-09-26 12:00:00,2026-09-26 12:00:00,973.0
20260926,120000,70W,32,2026,9,26,12,27.8,133.3,98400.0,2026-09-26 12:00:00,2026-09-26 12:00:00,984.0
20260926,120000,70W,32,2026,9,26,12,28.2,134.2,99100.0,2026-09-26 12:00:00,2026-09-26 12:00:00,991.0
20260926,120000,70W,32,2026,9,26,12,28.6,135.3,98800.0,2026-09-26 12:00:00,2026-09-26 12:00:00,988.0
20260926,120000,70W,32,2026,9,26,12,29.2,136.4,99500.0,2026-09-26 12:00:00,2026-09-26 12:00:00,995.0
20260926,120000,70W,32,2026,9,26,12,29.7,137.8,99600.0,2026-09-26 12:00:00,2026-09-26 12:00:00,996.0
20260926,120000,70W,32,2026,9,26,12,30.400000000000002,139.4,99800.0,2026-09-26 12:00:00,2026-09-26 12:00:00,998.0
20260926,120000,70W,32,2026,9,26,12,30.8,140.9,99700.0,2026-09-26 12:00:00,2026-09-26 12:00:00,997.0
20260926,120000,70W,32,2026,9,26,12,31.6,142.20000000000002,99800.0,2026-09-26 12:00:00,2026-09-26 12:00:00,998.0
20260926,120000,70W,32,2026,9,26,12,32.1,143.20000000000002,99800.0,2026-09-26 12:00:00,2026-09-26 12:00:00,998.0
20260926,120000,70W,32,2026,9,26,12,32.7,143.8,100100.0,2026-09-26 12:00:00,2026-09-26 12:00:00,1001.0
20260926,120000,70W,32,2026,9,26,12,33.2,144.70000000000002,100100.0,2026-09-26 12:00:00,2026-09-26 12:00:00,1001.0
20260926,120000,70W,32,2026,9,26,12,34.2,145.6,100300.0,2026-09-26 12:00:00,2026-09-26 12:00:00,1003.0
20260926,120000,70W,32,2026,9,26,12,36.300000000000004,148.5,100200.0,2026-09-26 12:00:00,2026-09-26 12:00:00,1002.0
20260926,120000,70W,32,2026,9,26,12,37.2,152.0,100100.0,2026-09-26 12:00:00,2026-09-26 12:00:00,1001.0
20260926,120000,70W,32,2026,9,26,12,38.1,154.8,100300.0,2026-09-26 12:00:00,2026-09-26 12:00:00,1003.0
20260926,120000,70W,33,2026,9,26,12,24.0,127.2,98500.0,2026-09-26 12:00:00,2026-09-26 12:00:00,985.0
20260926,120000,70W,33,2026,9,26,12,24.8,127.60000000000001,96900.0,2026-09-26 12:00:00,2026-09-26 12:00:00,969.0
20260926,120000,70W,33,2026,9,26,12,25.400000000000002,128.3,95600.0,2026-09-26 12:00:00,2026-09-26 12:00:00,956.0
20260926,120000,70W,33,2026,9,26,12,25.8,129.1,96200.0,2026-09-26 12:00:00,2026-09-26 12:00:00,962.0
20260926,120000,70W,33,2026,9,26,12,26.2,130.0,96500.0,2026-09-26 12:00:00,2026-09-26 12:00:00,965.0
20260926,120000,70W,33,2026,9,26,12,26.8,131.0,97900.0,2026-09-26 12:00:00,2026-09-26 12:00:00,979.0
20260926,120000,70W,33,2026,9,26,12,27.3,131.9,98600.0,2026-09-26 12:00:00,2026-09-26 12:00:00,986.0
20260926,120000,70W,33,2026,9,26,12,27.7,132.6,98800.0,2026-09-26 12:00:00,2026-09-26 12:00:00,988.0
20260926,120000,70W,33,2026,9,26,12,28.1,133.2,99300.0,2026-09-26 12:00:00,2026-09-26 12:00:00,993.0
20260926,120000,70W,33,2026,9,26,12,28.8,134.0,99600.0,2026-09-26 12:00:00,2026-09-26 12:00:00,996.0
20260926,120000,70W,33,2026,9,26,12,29.6,135.2,99700.0,2026-09-26 12:00:00,2026-09-26 12:00:00,997.0
20260926,120000,70W,33,2026,9,26,12,30.5,136.6,99900.0,2026-09-26 12:00:00,2026-09-26 12:00:00,999.0
20260926,120000,70W,33,2026,9,26,12,31.8,138.0,99900.0,2026-09-26 12:00:00,2026-09-26 12:00:00,999.0
20260926,120000,70W,33,2026,9,26,12,32.7,140.20000000000002,100100.0,2026-09-26 12:00:00,2026-09-26 12:00:00,1001.0
20260926,120000,70W,33,2026,9,26,12,34.6,142.70000000000002,99900.0,2026-09-26 12:00:00,2026-09-26 12:00:00,999.0
20260926,120000,70W,33,2026,9,26,12,36.300000000000004,145.4,99800.0,2026-09-26 12:00:00,2026-09-26 12:00:00,998.0
20260926,120000,70W,33,2026,9,26,12,37.9,148.0,99300.0,2026-09-26 12:00:00,2026-09-26 12:00:00,993.0
20260926,120000,70W,33,2026,9,26,12,39.300000000000004,151.6,99600.0,2026-09-26 12:00:00,2026-09-26 12:00:00,996.0
20260926,120000,70W,34,2026,9,26,12,24.1,127.0,99400.0,2026-09-26 12:00:00,2026-09-26 12:00:00,994.0
20260926,120000,70W,34,2026,9,26,12,24.900000000000002,127.4,99100.0,2026-09-26 12:00:00,2026-09-26 12:00:00,991.0
20260926,120000,70W,34,2026,9,26,12,25.3,127.8,98400.0,2026-09-26 12:00:00,2026-09-26 12:00:00,984.0
20260926,120000,70W,34,2026,9,26,12,25.7,128.5,98200.0,2026-09-26 12:00:00,2026-09-26 12:00:00,982.0
20260926,120000,70W,34,2026,9,26,12,26.1,129.0,97300.0,2026-09-26 12:00:00,2026-09-26 12:00:00,973.0
20260926,120000,70W,34,2026,9,26,12,26.5,129.5,98100.0,2026-09-26 12:00:00,2026-09-26 12:00:00,981.0
20260926,120000,70W,34,2026,9,26,12,27.1,130.2,98300.0,2026-09-26 12:00:00,2026-09-26 12:00:00,983.0
20260926,120000,70W,34,2026,9,26,12,27.6,131.3,98500.0,2026-09-26 12:00:00,2026-09-26 12:00:00,985.0
20260926,120000,70W,34,2026,9,26,12,28.2,132.1,98700.0,2026-09-26 12:00:00,2026-09-26 12:00:00,987.0
20260926,120000,70W,34,2026,9,26,12,29.2,133.4,99100.0,2026-09-26 12:00:00,2026-09-26 12:00:00,991.0
20260926,120000,70W,34,2026,9,26,12,30.0,135.0,99100.0,2026-09-26 12:00:00,2026-09-26 12:00:00,991.0
20260926,120000,70W,34,2026,9,26,12,31.3,137.0,99500.0,2026-09-26 12:00:00,2026-09-26 12:00:00,995.0
20260926,120000,70W,34,2026,9,26,12,33.4,139.3,98700.0,2026-09-26 12:00:00,2026-09-26 12:00:00,987.0
20260926,120000,70W,34,2026,9,26,12,34.6,142.3,98200.0,2026-09-26 12:00:00,2026-09-26 12:00:00,982.0
20260926,120000,70W,34,2026,9,26,12,35.800000000000004,145.6,98400.0,2026-09-26 12:00:00,2026-09-26 12:00:00,984.0
20260926,120000,70W,34,2026,9,26,12,37.0,148.9,98600.0,2026-09-26 12:00:00,2026-09-26 12:00:00,986.0
20260926,120000,70W,34,2026,9,26,12,37.6,152.5,98400.0,2026-09-26 12:00:00,2026-09-26 12:00:00,984.0
20260926,120000,70W,34,2026,9,26,12,38.300000000000004,155.9,99300.0,2026-09-26 12:00:00,2026-09-26 12:00:00,993.0
20260926,120000,70W,35,2026,9,26,12,23.900000000000002,126.60000000000001,100100.0,2026-09-26 12:00:00,2026-09-26 12:00:00,1001.0
20260926,120000,70W,35,2026,9,26,12,24.0,127.0,100200.0,2026-09-26 12:00:00,2026-09-26 12:00:00,1002.0
20260926,120000,70W,35,2026,9,26,12,25.0,127.8,99800.0,2026-09-26 12:00:00,2026-09-26 12:00:00,998.0
20260926,120000,70W,35,2026,9,26,12,25.7,128.3,99900.0,2026-09-26 12:00:00,2026-09-26 12:00:00,999.0
20260926,120000,70W,35,2026,9,26,12,26.400000000000002,129.0,99900.0,2026-09-26 12:00:00,2026-09-26 12:00:00,999.0
20260926,120000,70W,35,2026,9,26,12,26.900000000000002,129.6,100200.0,2026-09-26 12:00:00,2026-09-26 12:00:00,1002.0
20260926,120000,70W,35,2026,9,26,12,27.6,130.5,100100.0,2026-09-26 12:00:00,2026-09-26 12:00:00,1001.0
20260926,120000,70W,35,2026,9,26,12,27.8,131.5,100400.0,2026-09-26 12:00:00,2026-09-26 12:00:00,1004.0
20260926,120000,70W,35,2026,9,26,12,28.400000000000002,132.3,100300.0,2026-09-26 12:00:00,2026-09-26 12:00:00,1003.0
20260926,120000,70W,35,2026,9,26,12,28.8,133.7,100500.0,2026-09-26 12:00:00,2026-09-26 12:00:00,1005.0
20260926,120000,70W,35,2026,9,26,12,29.6,134.9,100200.0,2026-09-26 12:00:00,2026-09-26 12:00:00,1002.0
20260926,120000,70W,35,2026,9,26,12,31.1,136.1,100300.0,2026-09-26 12:00:00,2026-09-26 12:00:00,1003.0
20260926,120000,70W,35,2026,9,26,12,31.6,138.5,100100.0,2026-09-26 12:00:00,2026-09-26 12:00:00,1001.0
20260926,120000,70W,35,2026,9,26,12,32.7,140.0,100100.0,2026-09-26 12:00:00,2026-09-26 12:00:00,1001.0
20260926,120000,70W,35,2026,9,26,12,33.3,141.0,99900.0,2026-09-26 12:00:00,2026-09-26 12:00:00,999.0
20260926,120000,70W,35,2026,9,26,12,34.1,141.8,100100.0,2026-09-26 12:00:00,2026-09-26 12:00:00,1001.0
20260926,120000,70W,36,2026,9,26,12,24.2,127.10000000000001,99100.0,2026-09-26 12:00:00,2026-09-26 12:00:00,991.0
20260926,120000,70W,36,2026,9,26,12,24.8,127.60000000000001,98600.0,2026-09-26 12:00:00,2026-09-26 12:00:00,986.0
20260926,120000,70W,36,2026,9,26,12,25.400000000000002,128.4,97800.0,2026-09-26 12:00:00,2026-09-26 12:00:00,978.0
20260926,120000,70W,36,2026,9,26,12,25.900000000000002,129.4,97500.0,2026-09-26 12:00:00,2026-09-26 12:00:00,975.0
20260926,120000,70W,36,2026,9,26,12,26.6,130.4,96700.0,2026-09-26 12:00:00,2026-09-26 12:00:00,967.0
20260926,120000,70W,36,2026,9,26,12,27.1,131.5,96800.0,2026-09-26 12:00:00,2026-09-26 12:00:00,968.0
20260926,120000,70W,36,2026,9,26,12,27.5,132.8,96900.0,2026-09-26 12:00:00,2026-09-26 12:00:00,969.0
20260926,120000,70W,36,2026,9,26,12,27.8,134.0,97500.0,2026-09-26 12:00:00,2026-09-26 12:00:00,975.0
20260926,120000,70W,36,2026,9,26,12,28.3,135.0,98500.0,2026-09-26 12:00:00,2026-09-26 12:00:00,985.0
20260926,120000,70W,36,2026,9,26,12,28.7,136.2,99100.0,2026-09-26 12:00:00,2026-09-26 12:00:00,991.0
20260926,120000,70W,36,2026,9,26,12,29.5,137.5,99100.0,2026-09-26 12:00:00,2026-09-26 12:00:00,991.0
20260926,120000,70W,36,2026,9,26,12,30.400000000000002,138.70000000000002,99200.0,2026-09-26 12:00:00,2026-09-26 12:00:00,992.0
20260926,120000,70W,36,2026,9,26,12,31.5,140.5,99300.0,2026-09-26 12:00:00,2026-09-26 12:00:00,993.0
20260926,120000,70W,36,2026,9,26,12,32.6,142.1,99400.0,2026-09-26 12:00:00,2026-09-26 12:00:00,994.0
20260926,120000,70W,36,2026,9,26,12,34.0,144.3,99500.0,2026-09-26 12:00:00,2026-09-26 12:00:00,995.0
20260926,120000,70W,36,2026,9,26,12,34.6,146.3,99700.0,2026-09-26 12:00:00,2026-09-26 12:00:00,997.0
20260926,120000,70W,36,2026,9,26,12,35.800000000000004,148.1,99300.0,2026-09-26 12:00:00,2026-09-26 12:00:00,993.0
20260926,120000,70W,36,2026,9,26,12,36.800000000000004,150.5,99800.0,2026-09-26 12:00:00,2026-09-26 12:00:00,998.0
20260926,120000,70W,36,2026,9,26,12,39.800000000000004,156.1,100000.0,2026-09-26 12:00:00,2026-09-26 12:00:00,1000.0
20260926,120000,70W,36,2026,9,26,12,41.7,161.1,99800.0,2026-09-26 12:00:00,2026-09-26 12:00:00,998.0
20260926,120000,70W,37,2026,9,26,12,24.2,127.2,98800.0,2026-09-26 12:00:00,2026-09-26 12:00:00,988.0
20260926,120000,70W,37,2026,9,26,12,24.8,127.7,98800.0,2026-09-26 12:00:00,2026-09-26 12:00:00,988.0
20260926,120000,70W,37,2026,9,26,12,25.400000000000002,128.4,98100.0,2026-09-26 12:00:00,2026-09-26 12:00:00,981.0
20260926,120000,70W,37,2026,9,26,12,26.0,129.1,98100.0,2026-09-26 12:00:00,2026-09-26 12:00:00,981.0
20260926,120000,70W,37,2026,9,26,12,26.6,130.0,97600.0,2026-09-26 12:00:00,2026-09-26 12:00:00,976.0
20260926,120000,70W,37,2026,9,26,12,27.1,130.8,98500.0,2026-09-26 12:00:00,2026-09-26 12:00:00,985.0
20260926,120000,70W,37,2026,9,26,12,27.400000000000002,131.9,98700.0,2026-09-26 12:00:00,2026-09-26 12:00:00,987.0
20260926,120000,70W,37,2026,9,26,12,27.8,132.7,99000.0,2026-09-26 12:00:00,2026-09-26 12:00:00,990.0
20260926,120000,70W,37,2026,9,26,12,28.2,133.4,99400.0,2026-09-26 12:00:00,2026-09-26 12:00:00,994.0
20260926,120000,70W,37,2026,9,26,12,28.6,134.7,99500.0,2026-09-26 12:00:00,2026-09-26 12:00:00,995.0
20260926,120000,70W,37,2026,9,26,12,28.900000000000002,135.4,99500.0,2026-09-26 12:00:00,2026-09-26 12:00:00,995.0
20260926,120000,70W,37,2026,9,26,12,29.2,136.6,100000.0,2026-09-26 12:00:00,2026-09-26 12:00:00,1000.0
20260926,120000,70W,37,2026,9,26,12,29.900000000000002,137.6,100000.0,2026-09-26 12:00:00,2026-09-26 12:00:00,1000.0
20260926,120000,70W,37,2026,9,26,12,30.400000000000002,138.5,100300.0,2026-09-26 12:00:00,2026-09-26 12:00:00,1003.0
20260926,120000,70W,37,2026,9,26,12,31.1,139.8,100200.0,2026-09-26 12:00:00,2026-09-26 12:00:00,1002.0
20260926,120000,70W,37,2026,9,26,12,32.5,141.5,100300.0,2026-09-26 12:00:00,2026-09-26 12:00:00,1003.0
20260926,120000,70W,38,2026,9,26,12,23.7,126.9,99000.0,2026-09-26 12:00:00,2026-09-26 12:00:00,990.0
20260926,120000,70W,38,2026,9,26,12,24.400000000000002,127.60000000000001,98600.0,2026-09-26 12:00:00,2026-09-26 12:00:00,986.0
20260926,120000,70W,38,2026,9,26,12,25.2,128.2,98200.0,2026-09-26 12:00:00,2026-09-26 12:00:00,982.0
20260926,120000,70W,38,2026,9,26,12,25.6,128.8,98700.0,2026-09-26 12:00:00,2026-09-26 12:00:00,987.0
20260926,120000,70W,38,2026,9,26,12,26.3,129.4,99000.0,2026-09-26 12:00:00,2026-09-26 12:00:00,990.0
20260926,120000,70W,38,2026,9,26,12,27.1,130.2,99700.0,2026-09-26 12:00:00,2026-09-26 12:00:00,997.0
20260926,120000,70W,38,2026,9,26,12,27.8,131.3,99500.0,2026-09-26 12:00:00,2026-09-26 12:00:00,995.0
20260926,120000,70W,38,2026,9,26,12,28.5,132.3,99900.0,2026-09-26 12:00:00,2026-09-26 12:00:00,999.0
20260926,120000,70W,38,2026,9,26,12,29.2,133.4,100000.0,2026-09-26 12:00:00,2026-09-26 12:00:00,1000.0
20260926,120000,70W,38,2026,9,26,12,31.3,136.6,100100.0,2026-09-26 12:00:00,2026-09-26 12:00:00,1001.0
20260926,120000,70W,38,2026,9,26,12,33.7,139.5,100100.0,2026-09-26 12:00:00,2026-09-26 12:00:00,1001.0
20260926,120000,70W,38,2026,9,26,12,34.9,142.70000000000002,98700.0,2026-09-26 12:00:00,2026-09-26 12:00:00,987.0
20260926,120000,70W,38,2026,9,26,12,36.0,146.20000000000002,98900.0,2026-09-26 12:00:00,2026-09-26 12:00:00,989.0
20260926,120000,70W,38,2026,9,26,12,37.5,150.3,99300.0,2026-09-26 12:00:00,2026-09-26 12:00:00,993.0
20260926,120000,70W,38,2026,9,26,12,40.6,159.6,99500.0,2026-09-26 12:00:00,2026-09-26 12:00:00,995.0
20260926,120000,70W,39,2026,9,26,12,24.1,127.4,97400.0,2026-09-26 12:00:00,2026-09-26 12:00:00,974.0
20260926,120000,70W,39,2026,9,26,12,24.900000000000002,127.9,96300.0,2026-09-26 12:00:00,2026-09-26 12:00:00,963.0
20260926,120000,70W,39,2026,9,26,12,25.6,128.6,94700.0,2026-09-26 12:00:00,2026-09-26 12:00:00,947.0
20260926,120000,70W,39,2026,9,26,12,26.2,129.5,94700.0,2026-09-26 12:00:00,2026-09-26 12:00:00,947.0
20260926,120000,70W,39,2026,9,26,12,26.7,130.6,95200.0,2026-09-26 12:00:00,2026-09-26 12:00:00,952.0
20260926,120000,70W,39,2026,9,26,12,27.1,131.6,95800.0,2026-09-26 12:00:00,2026-09-26 12:00:00,958.0
20260926,120000,70W,39,2026,9,26,12,27.6,132.5,95800.0,2026-09-26 12:00:00,2026-09-26 12:00:00,958.0
20260926,120000,70W,39,2026,9,26,12,27.8,133.3,96900.0,2026-09-26 12:00:00,2026-09-26 12:00:00,969.0
20260926,120000,70W,39,2026,9,26,12,28.1,133.8,98200.0,2026-09-26 12:00:00,2026-09-26 12:00:00,982.0
20260926,120000,70W,39,2026,9,26,12,28.6,134.3,99100.0,2026-09-26 12:00:00,2026-09-26 12:00:00,991.0
20260926,120000,70W,39,2026,9,26,12,29.0,135.2,99100.0,2026-09-26 12:00:00,2026-09-26 12:00:00,991.0
20260926,120000,70W,39,2026,9,26,12,29.400000000000002,136.4,99400.0,2026-09-26 12:00:00,2026-09-26 12:00:00,994.0
20260926,120000,70W,39,2026,9,26,12,30.0,138.0,99500.0,2026-09-26 12:00:00,2026-09-26 12:00:00,995.0
20260926,120000,70W,39,2026,9,26,12,30.8,139.5,99900.0,2026-09-26 12:00:00,2026-09-26 12:00:00,999.0
20260926,120000,70W,39,2026,9,26,12,31.5,141.3,99800.0,2026-09-26 12:00:00,2026-09-26 12:00:00,998.0
20260926,120000,70W,39,2026,9,26,12,32.3,142.9,100100.0,2026-09-26 12:00:00,2026-09-26 12:00:00,1001.0
20260926,120000,70W,39,2026,9,26,12,33.2,144.20000000000002,99900.0,2026-09-26 12:00:00,2026-09-26 12:00:00,999.0
20260926,120000,70W,39,2026,9,26,12,33.5,145.4,100200.0,2026-09-26 12:00:00,2026-09-26 12:00:00,1002.0
20260926,120000,70W,39,2026,9,26,12,34.1,146.5,100200.0,2026-09-26 12:00:00,2026-09-26 12:00:00,1002.0
20260926,120000,70W,40,2026,9,26,12,24.2,127.3,97600.0,2026-09-26 12:00:00,2026-09-26 12:00:00,976.0
20260926,120000,70W,40,2026,9,26,12,25.1,127.9,97200.0,2026-09-26 12:00:00,2026-09-26 12:00:00,972.0
20260926,120000,70W,40,2026,9,26,12,25.7,128.6,96000.0,2026-09-26 12:00:00,2026-09-26 12:00:00,960.0
20260926,120000,70W,40,2026,9,26,12,26.2,129.4,96300.0,2026-09-26 12:00:00,2026-09-26 12:00:00,963.0
20260926,120000,70W,40,2026,9,26,12,26.7,130.4,96600.0,2026-09-26 12:00:00,2026-09-26 12:00:00,966.0
20260926,120000,70W,40,2026,9,26,12,27.2,131.4,96800.0,2026-09-26 12:00:00,2026-09-26 12:00:00,968.0
20260926,120000,70W,40,2026,9,26,12,27.8,132.6,97500.0,2026-09-26 12:00:00,2026-09-26 12:00:00,975.0
20260926,120000,70W,40,2026,9,26,12,28.0,133.5,98200.0,2026-09-26 12:00:00,2026-09-26 12:00:00,982.0
20260926,120000,70W,40,2026,9,26,12,28.400000000000002,134.3,98900.0,2026-09-26 12:00:00,2026-09-26 12:00:00,989.0
20260926,120000,70W,40,2026,9,26,12,29.2,135.4,98800.0,2026-09-26 12:00:00,2026-09-26 12:00:00,988.0
20260926,120000,70W,40,2026,9,26,12,29.7,136.6,99200.0,2026-09-26 12:00:00,2026-09-26 12:00:00,992.0
20260926,120000,70W,40,2026,9,26,12,30.400000000000002,138.0,99600.0,2026-09-26 12:00:00,2026-09-26 12:00:00,996.0
20260926,120000,70W,40,2026,9,26,12,31.3,139.3,99700.0,2026-09-26 12:00:00,2026-09-26 12:00:00,997.0
20260926,120000,70W,40,2026,9,26,12,32.6,140.9,99700.0,2026-09-26 12:00:00,2026-09-26 12:00:00,997.0
20260926,120000,70W,40,2026,9,26,12,33.2,142.8,99800.0,2026-09-26 12:00:00,2026-09-26 12:00:00,998.0
20260926,120000,70W,41,2026,9,26,12,14.5,97.3,100100.0,2026-09-26 12:00:00,2026-09-26 12:00:00,1001.0
20260926,120000,70W,41,2026,9,26,12,14.0,98.8,100100.0,2026-09-26 12:00:00,2026-09-26 12:00:00,1001.0
20260926,120000,70W,41,2026,9,26,12,14.6,98.10000000000001,100000.0,2026-09-26 12:00:00,2026-09-26 12:00:00,1000.0
20260926,120000,70W,41,2026,9,26,12,14.5,98.7,100000.0,2026-09-26 12:00:00,2026-09-26 12:00:00,1000.0
20260926,120000,70W,41,2026,9,26,12,15.8,98.4,100200.0,2026-09-26 12:00:00,2026-09-26 12:00:00,1002.0
20260926,120000,70W,41,2026,9,26,12,17.0,97.8,100200.0,2026-09-26 12:00:00,2026-09-26 12:00:00,1002.0
20260926,120000,70W,41,2026,9,26,12,17.400000000000002,96.9,100300.0,2026-09-26 12:00:00,2026-09-26 12:00:00,1003.0
20260926,120000,70W,41,2026,9,26,12,18.1,96.5,100200.0,2026-09-26 12:00:00,2026-09-26 12:00:00,1002.0
20260926,120000,70W,41,2026,9,26,12,19.3,96.2,100300.0,2026-09-26 12:00:00,2026-09-26 12:00:00,1003.0
20260926,120000,70W,41,2026,9,26,12,21.8,96.0,100300.0,2026-09-26 12:00:00,2026-09-26 12:00:00,1003.0
20260926,120000,70W,41,2026,9,26,12,22.1,94.9,100200.0,2026-09-26 12:00:00,2026-09-26 12:00:00,1002.0
20260926,120000,70W,41,2026,9,26,12,22.1,94.9,100200.0,2026-09-26 12:00:00,2026-09-26 12:00:00,1002.0
20260926,120000,70W,41,2026,9,26,12,22.400000000000002,94.7,100400.0,2026-09-26 12:00:00,2026-09-26 12:00:00,1004.0
20260926,120000,70W,41,2026,9,26,12,22.8,94.7,100400.0,2026-09-26 12:00:00,2026-09-26 12:00:00,1004.0
20260926,120000,70W,41,2026,9,26,12,23.0,94.7,100300.0,2026-09-26 12:00:00,2026-09-26 12:00:00,1003.0
20260926,120000,70W,41,2026,9,26,12,23.5,95.0,100600.0,2026-09-26 12:00:00,2026-09-26 12:00:00,1006.0
20260926,120000,70W,41,2026,9,26,12,23.8,94.8,100700.0,2026-09-26 12:00:00,2026-09-26 12:00:00,1007.0
20260926,120000,70W,41,2026,9,26,12,25.3,96.10000000000001,100900.0,2026-09-26 12:00:00,2026-09-26 12:00:00,1009.0
20260926,120000,70W,41,2026,9,26,12,25.6,95.4,101100.0,2026-09-26 12:00:00,2026-09-26 12:00:00,1011.0
20260926,120000,70W,41,2026,9,26,12,24.400000000000002,97.3,101100.0,2026-09-26 12:00:00,2026-09-26 12:00:00,1011.0
20260926,120000,70W,41,2026,9,26,12,25.400000000000002,96.2,101000.0,2026-09-26 12:00:00,2026-09-26 12:00:00,1010.0
20260926,120000,70W,41,2026,9,26,12,27.0,94.2,100900.0,2026-09-26 12:00:00,2026-09-26 12:00:00,1009.0
20260926,120000,70W,41,2026,9,26,12,27.400000000000002,95.0,101000.0,2026-09-26 12:00:00,2026-09-26 12:00:00,1010.0
20260926,120000,70W,41,2026,9,26,12,27.0,94.2,101000.0,2026-09-26 12:00:00,2026-09-26 12:00:00,1010.0
20260926,120000,70W,41,2026,9,26,12,27.900000000000002,95.9,101000.0,2026-09-26 12:00:00,2026-09-26 12:00:00,1010.0
20260926,120000,70W,42,2026,9,26,12,24.0,126.9,99100.0,2026-09-26 12:00:00,2026-09-26 12:00:00,991.0
20260926,120000,70W,42,2026,9,26,12,24.6,127.4,98100.0,2026-09-26 12:00:00,2026-09-26 12:00:00,981.0
20260926,120000,70W,42,2026,9,26,12,25.400000000000002,127.8,96400.0,2026-09-26 12:00:00,2026-09-26 12:00:00,964.0
20260926,120000,70W,42,2026,9,26,12,25.6,128.5,95800.0,2026-09-26 12:00:00,2026-09-26 12:00:00,958.0
20260926,120000,70W,42,2026,9,26,12,25.900000000000002,129.2,95900.0,2026-09-26 12:00:00,2026-09-26 12:00:00,959.0
20260926,120000,70W,42,2026,9,26,12,26.400000000000002,129.8,97700.0,2026-09-26 12:00:00,2026-09-26 12:00:00,977.0
20260926,120000,70W,42,2026,9,26,12,27.0,130.7,98500.0,2026-09-26 12:00:00,2026-09-26 12:00:00,985.0
20260926,120000,70W,42,2026,9,26,12,27.2,131.3,99100.0,2026-09-26 12:00:00,2026-09-26 12:00:00,991.0
20260926,120000,70W,42,2026,9,26,12,27.5,132.1,98500.0,2026-09-26 12:00:00,2026-09-26 12:00:00,985.0
20260926,120000,70W,42,2026,9,26,12,28.0,132.8,99200.0,2026-09-26 12:00:00,2026-09-26 12:00:00,992.0
20260926,120000,70W,42,2026,9,26,12,28.2,133.8,99100.0,2026-09-26 12:00:00,2026-09-26 12:00:00,991.0
20260926,120000,70W,42,2026,9,26,12,28.5,134.4,99200.0,2026-09-26 12:00:00,2026-09-26 12:00:00,992.0
20260926,120000,70W,42,2026,9,26,12,28.5,135.0,99400.0,2026-09-26 12:00:00,2026-09-26 12:00:00,994.0
20260926,120000,70W,42,2026,9,26,12,29.0,135.4,99700.0,2026-09-26 12:00:00,2026-09-26 12:00:00,997.0
20260926,120000,70W,42,2026,9,26,12,29.2,135.4,99800.0,2026-09-26 12:00:00,2026-09-26 12:00:00,998.0
20260926,120000,70W,42,2026,9,26,12,29.1,135.3,100100.0,2026-09-26 12:00:00,2026-09-26 12:00:00,1001.0
20260926,120000,70W,42,2026,9,26,12,29.2,135.3,100100.0,2026-09-26 12:00:00,2026-09-26 12:00:00,1001.0
20260926,120000,70W,42,2026,9,26,12,29.400000000000002,135.2,100300.0,2026-09-26 12:00:00,2026-09-26 12:00:00,1003.0
20260926,120000,70W,43,2026,9,26,12,24.2,127.10000000000001,99000.0,2026-09-26 12:00:00,2026-09-26 12:00:00,990.0
20260926,120000,70W,43,2026,9,26,12,24.900000000000002,127.60000000000001,99000.0,2026-09-26 12:00:00,2026-09-26 12:00:00,990.0
20260926,120000,70W,43,2026,9,26,12,25.6,128.3,98600.0,2026-09-26 12:00:00,2026-09-26 12:00:00,986.0
20260926,120000,70W,43,2026,9,26,12,26.1,129.3,98900.0,2026-09-26 12:00:00,2026-09-26 12:00:00,989.0
20260926,120000,70W,43,2026,9,26,12,26.900000000000002,130.2,99100.0,2026-09-26 12:00:00,2026-09-26 12:00:00,991.0
20260926,120000,70W,43,2026,9,26,12,27.5,131.2,99400.0,2026-09-26 12:00:00,2026-09-26 12:00:00,994.0
20260926,120000,70W,43,2026,9,26,12,27.8,132.5,98800.0,2026-09-26 12:00:00,2026-09-26 12:00:00,988.0
20260926,120000,70W,43,2026,9,26,12,28.7,133.7,99300.0,2026-09-26 12:00:00,2026-09-26 12:00:00,993.0
20260926,120000,70W,43,2026,9,26,12,29.2,134.5,99500.0,2026-09-26 12:00:00,2026-09-26 12:00:00,995.0
20260926,120000,70W,43,2026,9,26,12,30.5,135.6,99600.0,2026-09-26 12:00:00,2026-09-26 12:00:00,996.0
20260926,120000,70W,43,2026,9,26,12,31.5,137.9,99100.0,2026-09-26 12:00:00,2026-09-26 12:00:00,991.0
20260926,120000,70W,43,2026,9,26,12,32.9,139.8,99400.0,2026-09-26 12:00:00,2026-09-26 12:00:00,994.0
20260926,120000,70W,43,2026,9,26,12,34.2,142.1,98800.0,2026-09-26 12:00:00,2026-09-26 12:00:00,988.0
20260926,120000,70W,43,2026,9,26,12,34.9,145.0,99100.0,2026-09-26 12:00:00,2026-09-26 12:00:00,991.0
20260926,120000,70W,43,2026,9,26,12,35.9,147.8,98900.0,2026-09-26 12:00:00,2026-09-26 12:00:00,989.0
20260926,120000,70W,43,2026,9,26,12,36.1,150.1,99600.0,2026-09-26 12:00:00,2026-09-26 12:00:00,996.0
20260926,120000,70W,44,2026,9,26,12,24.0,127.10000000000001,98800.0,2026-09-26 12:00:00,2026-09-26 12:00:00,988.0
20260926,120000,70W,44,2026,9,26,12,24.7,127.5,98100.0,2026-09-26 12:00:00,2026-09-26 12:00:00,981.0
20260926,120000,70W,44,2026,9,26,12,25.2,127.8,97300.0,2026-09-26 12:00:00,2026-09-26 12:00:00,973.0
20260926,120000,70W,44,2026,9,26,12,25.6,128.4,97600.0,2026-09-26 12:00:00,2026-09-26 12:00:00,976.0
20260926,120000,70W,44,2026,9,26,12,26.0,129.3,97200.0,2026-09-26 12:00:00,2026-09-26 12:00:00,972.0
20260926,120000,70W,44,2026,9,26,12,26.5,130.2,97500.0,2026-09-26 12:00:00,2026-09-26 12:00:00,975.0
20260926,120000,70W,44,2026,9,26,12,26.7,131.1,97500.0,2026-09-26 12:00:00,2026-09-26 12:00:00,975.0
20260926,120000,70W,44,2026,9,26,12,27.0,131.9,98100.0,2026-09-26 12:00:00,2026-09-26 12:00:00,981.0
20260926,120000,70W,44,2026,9,26,12,27.2,132.4,98500.0,2026-09-26 12:00:00,2026-09-26 12:00:00,985.0
20260926,120000,70W,44,2026,9,26,12,27.5,133.1,99200.0,2026-09-26 12:00:00,2026-09-26 12:00:00,992.0
20260926,120000,70W,44,2026,9,26,12,27.6,133.9,99000.0,2026-09-26 12:00:00,2026-09-26 12:00:00,990.0
20260926,120000,70W,44,2026,9,26,12,27.8,134.5,99400.0,2026-09-26 12:00:00,2026-09-26 12:00:00,994.0
20260926,120000,70W,44,2026,9,26,12,28.0,135.2,99600.0,2026-09-26 12:00:00,2026-09-26 12:00:00,996.0
20260926,120000,70W,44,2026,9,26,12,28.400000000000002,135.7,99900.0,2026-09-26 12:00:00,2026-09-26 12:00:00,999.0
20260926,120000,70W,44,2026,9,26,12,29.2,135.8,99900.0,2026-09-26 12:00:00,2026-09-26 12:00:00,999.0
20260926,120000,70W,44,2026,9,26,12,29.7,136.3,100200.0,2026-09-26 12:00:00,2026-09-26 12:00:00,1002.0
20260926,120000,70W,44,2026,9,26,12,30.2,136.4,100100.0,2026-09-26 12:00:00,2026-09-26 12:00:00,1001.0
20260926,120000,70W,44,2026,9,26,12,31.1,137.1,100300.0,2026-09-26 12:00:00,2026-09-26 12:00:00,1003.0
20260926,120000,70W,44,2026,9,26,12,32.5,138.3,100000.0,2026-09-26 12:00:00,2026-09-26 12:00:00,1000.0
20260926,120000,70W,44,2026,9,26,12,33.3,140.4,99900.0,2026-09-26 12:00:00,2026-09-26 12:00:00,999.0
20260926,120000,70W,44,2026,9,26,12,34.9,142.8,99100.0,2026-09-26 12:00:00,2026-09-26 12:00:00,991.0
20260926,120000,70W,45,2026,9,26,12,24.0,127.10000000000001,97900.0,2026-09-26 12:00:00,2026-09-26 12:00:00,979.0
20260926,120000,70W,45,2026,9,26,12,24.7,127.7,97400.0,2026-09-26 12:00:00,2026-09-26 12:00:00,974.0
20260926,120000,70W,45,2026,9,26,12,25.400000000000002,128.3,96900.0,2026-09-26 12:00:00,2026-09-26 12:00:00,969.0
20260926,120000,70W,45,2026,9,26,12,26.0,129.0,97300.0,2026-09-26 12:00:00,2026-09-26 12:00:00,973.0
20260926,120000,70W,45,2026,9,26,12,26.6,130.0,97100.0,2026-09-26 12:00:00,2026-09-26 12:00:00,971.0
20260926,120000,70W,45,2026,9,26,12,27.1,131.2,97200.0,2026-09-26 12:00:00,2026-09-26 12:00:00,972.0
20260926,120000,70W,45,2026,9,26,12,27.3,132.3,96700.0,2026-09-26 12:00:00,2026-09-26 12:00:00,967.0
20260926,120000,70W,45,2026,9,26,12,27.5,133.3,97500.0,2026-09-26 12:00:00,2026-09-26 12:00:00,975.0
20260926,120000,70W,45,2026,9,26,12,27.8,134.1,98600.0,2026-09-26 12:00:00,2026-09-26 12:00:00,986.0
20260926,120000,70W,45,2026,9,26,12,28.0,135.0,98800.0,2026-09-26 12:00:00,2026-09-26 12:00:00,988.0
20260926,120000,70W,45,2026,9,26,12,28.5,135.9,99100.0,2026-09-26 12:00:00,2026-09-26 12:00:00,991.0
20260926,120000,70W,45,2026,9,26,12,28.900000000000002,136.9,99500.0,2026-09-26 12:00:00,2026-09-26 12:00:00,995.0
20260926,120000,70W,45,2026,9,26,12,28.900000000000002,137.9,99600.0,2026-09-26 12:00:00,2026-09-26 12:00:00,996.0
20260926,120000,70W,45,2026,9,26,12,29.400000000000002,138.5,99800.0,2026-09-26 12:00:00,2026-09-26 12:00:00,998.0
20260926,120000,70W,45,2026,9,26,12,30.3,139.20000000000002,99700.0,2026-09-26 12:00:00,2026-09-26 12:00:00,997.0
20260926,120000,70W,45,2026,9,26,12,30.6,140.4,99600.0,2026-09-26 12:00:00,2026-09-26 12:00:00,996.0
20260926,120000,70W,45,2026,9,26,12,31.0,140.6,99700.0,2026-09-26 12:00:00,2026-09-26 12:00:00,997.0
20260926,120000,70W,45,2026,9,26,12,31.7,141.1,100000.0,2026-09-26 12:00:00,2026-09-26 12:00:00,1000.0
20260926,120000,70W,45,2026,9,26,12,32.4,142.0,100000.0,2026-09-26 12:00:00,2026-09-26 12:00:00,1000.0
20260926,120000,70W,45,2026,9,26,12,33.3,143.4,100100.0,2026-09-26 12:00:00,2026-09-26 12:00:00,1001.0
20260926,120000,70W,45,2026,9,26,12,34.7,145.4,100000.0,2026-09-26 12:00:00,2026-09-26 12:00:00,1000.0
20260926,120000,70W,45,2026,9,26,12,37.2,148.8,99800.0,2026-09-26 12:00:00,2026-09-26 12:00:00,998.0
20260926,120000,70W,45,2026,9,26,12,39.7,154.20000000000002,99800.0,2026-09-26 12:00:00,2026-09-26 12:00:00,998.0
20260926,120000,70W,46,2026,9,26,12,23.900000000000002,127.10000000000001,98500.0,2026-09-26 12:00:00,2026-09-26 12:00:00,985.0
20260926,120000,70W,46,2026,9,26,12,24.6,127.60000000000001,98500.0,2026-09-26 12:00:00,2026-09-26 12:00:00,985.0
20260926,120000,70W,46,2026,9,26,12,25.3,128.3,98200.0,2026-09-26 12:00:00,2026-09-26 12:00:00,982.0
20260926,120000,70W,46,2026,9,26,12,25.900000000000002,129.1,98400.0,2026-09-26 12:00:00,2026-09-26 12:00:00,984.0
20260926,120000,70W,46,2026,9,26,12,26.400000000000002,130.0,98600.0,2026-09-26 12:00:00,2026-09-26 12:00:00,986.0
20260926,120000,70W,46,2026,9,26,12,26.900000000000002,131.0,99200.0,2026-09-26 12:00:00,2026-09-26 12:00:00,992.0
20260926,120000,70W,46,2026,9,26,12,27.3,132.0,99400.0,2026-09-26 12:00:00,2026-09-26 12:00:00,994.0
20260926,120000,70W,46,2026,9,26,12,27.8,132.7,99900.0,2026-09-26 12:00:00,2026-09-26 12:00:00,999.0
20260926,120000,70W,46,2026,9,26,12,28.2,133.4,99900.0,2026-09-26 12:00:00,2026-09-26 12:00:00,999.0
20260926,120000,70W,46,2026,9,26,12,28.7,134.4,100100.0,2026-09-26 12:00:00,2026-09-26 12:00:00,1001.0
20260926,120000,70W,46,2026,9,26,12,29.400000000000002,135.6,99900.0,2026-09-26 12:00:00,2026-09-26 12:00:00,999.0
20260926,120000,70W,46,2026,9,26,12,30.0,136.5,100100.0,2026-09-26 12:00:00,2026-09-26 12:00:00,1001.0
20260926,120000,70W,46,2026,9,26,12,30.6,138.0,100000.0,2026-09-26 12:00:00,2026-09-26 12:00:00,1000.0
20260926,120000,70W,46,2026,9,26,12,31.3,139.4,99700.0,2026-09-26 12:00:00,2026-09-26 12:00:00,997.0
20260926,120000,70W,46,2026,9,26,12,31.6,140.0,99700.0,2026-09-26 12:00:00,2026-09-26 12:00:00,997.0
20260926,120000,70W,46,2026,9,26,12,31.3,140.8,100100.0,2026-09-26 12:00:00,2026-09-26 12:00:00,1001.0
20260926,120000,70W,46,2026,9,26,12,32.2,141.3,100100.0,2026-09-26 12:00:00,2026-09-26 12:00:00,1001.0
20260926,120000,70W,46,2026,9,26,12,33.4,141.6,100300.0,2026-09-26 12:00:00,2026-09-26 12:00:00,1003.0
20260926,120000,70W,46,2026,9,26,12,36.4,144.4,99700.0,2026-09-26 12:00:00,2026-09-26 12:00:00,997.0
20260926,120000,70W,47,2026,9,26,12,23.7,127.2,97500.0,2026-09-26 12:00:00,2026-09-26 12:00:00,975.0
20260926,120000,70W,47,2026,9,26,12,24.400000000000002,127.60000000000001,96900.0,2026-09-26 12:00:00,2026-09-26 12:00:00,969.0
20260926,120000,70W,47,2026,9,26,12,25.2,128.3,95600.0,2026-09-26 12:00:00,2026-09-26 12:00:00,956.0
20260926,120000,70W,47,2026,9,26,12,25.7,128.8,95600.0,2026-09-26 12:00:00,2026-09-26 12:00:00,956.0
20260926,120000,70W,47,2026,9,26,12,26.1,129.5,96200.0,2026-09-26 12:00:00,2026-09-26 12:00:00,962.0
20260926,120000,70W,47,2026,9,26,12,26.5,130.2,97100.0,2026-09-26 12:00:00,2026-09-26 12:00:00,971.0
20260926,120000,70W,47,2026,9,26,12,27.0,131.1,97300.0,2026-09-26 12:00:00,2026-09-26 12:00:00,973.0
20260926,120000,70W,47,2026,9,26,12,27.400000000000002,131.6,98400.0,2026-09-26 12:00:00,2026-09-26 12:00:00,984.0
20260926,120000,70W,47,2026,9,26,12,28.0,132.2,99100.0,2026-09-26 12:00:00,2026-09-26 12:00:00,991.0
20260926,120000,70W,47,2026,9,26,12,28.5,133.1,99300.0,2026-09-26 12:00:00,2026-09-26 12:00:00,993.0
20260926,120000,70W,47,2026,9,26,12,29.3,134.3,99200.0,2026-09-26 12:00:00,2026-09-26 12:00:00,992.0
20260926,120000,70W,47,2026,9,26,12,29.7,135.3,99700.0,2026-09-26 12:00:00,2026-09-26 12:00:00,997.0
20260926,120000,70W,47,2026,9,26,12,30.1,136.3,99800.0,2026-09-26 12:00:00,2026-09-26 12:00:00,998.0
20260926,120000,70W,47,2026,9,26,12,30.6,137.3,100200.0,2026-09-26 12:00:00,2026-09-26 12:00:00,1002.0
20260926,120000,70W,47,2026,9,26,12,31.1,138.6,100300.0,2026-09-26 12:00:00,2026-09-26 12:00:00,1003.0
20260926,120000,70W,47,2026,9,26,12,31.5,139.9,100600.0,2026-09-26 12:00:00,2026-09-26 12:00:00,1006.0
20260926,120000,70W,47,2026,9,26,12,33.3,142.20000000000002,100600.0,2026-09-26 12:00:00,2026-09-26 12:00:00,1006.0
20260926,120000,70W,48,2026,9,26,12,24.2,127.2,99200.0,2026-09-26 12:00:00,2026-09-26 12:00:00,992.0
20260926,120000,70W,48,2026,9,26,12,24.900000000000002,127.7,98800.0,2026-09-26 12:00:00,2026-09-26 12:00:00,988.0
20260926,120000,70W,48,2026,9,26,12,25.6,128.2,97500.0,2026-09-26 12:00:00,2026-09-26 12:00:00,975.0
20260926,120000,70W,48,2026,9,26,12,25.900000000000002,128.9,97200.0,2026-09-26 12:00:00,2026-09-26 12:00:00,972.0
20260926,120000,70W,48,2026,9,26,12,26.2,129.7,97500.0,2026-09-26 12:00:00,2026-09-26 12:00:00,975.0
20260926,120000,70W,48,2026,9,26,12,26.8,130.5,98000.0,2026-09-26 12:00:00,2026-09-26 12:00:00,980.0
20260926,120000,70W,48,2026,9,26,12,27.400000000000002,131.2,98800.0,2026-09-26 12:00:00,2026-09-26 12:00:00,988.0
20260926,120000,70W,48,2026,9,26,12,27.8,132.1,98900.0,2026-09-26 12:00:00,2026-09-26 12:00:00,989.0
20260926,120000,70W,48,2026,9,26,12,28.5,133.1,99300.0,2026-09-26 12:00:00,2026-09-26 12:00:00,993.0
20260926,120000,70W,48,2026,9,26,12,29.2,133.9,99300.0,2026-09-26 12:00:00,2026-09-26 12:00:00,993.0
20260926,120000,70W,48,2026,9,26,12,30.0,135.5,99400.0,2026-09-26 12:00:00,2026-09-26 12:00:00,994.0
20260926,120000,70W,48,2026,9,26,12,30.8,137.0,99500.0,2026-09-26 12:00:00,2026-09-26 12:00:00,995.0
20260926,120000,70W,48,2026,9,26,12,31.5,138.4,99500.0,2026-09-26 12:00:00,2026-09-26 12:00:00,995.0
20260926,120000,70W,48,2026,9,26,12,32.5,140.5,99000.0,2026-09-26 12:00:00,2026-09-26 12:00:00,990.0
20260926,120000,70W,48,2026,9,26,12,33.6,142.5,98600.0,2026-09-26 12:00:00,2026-09-26 12:00:00,986.0
20260926,120000,70W,48,2026,9,26,12,34.7,144.70000000000002,98800.0,2026-09-26 12:00:00,2026-09-26 12:00:00,988.0
20260926,120000,70W,48,2026,9,26,12,36.0,147.0,98500.0,2026-09-26 12:00:00,2026-09-26 12:00:00,985.0
20260926,120000,70W,48,2026,9,26,12,37.9,150.1,99200.0,2026-09-26 12:00:00,2026-09-26 12:00:00,992.0
20260926,120000,70W,48,2026,9,26,12,40.9,158.0,99500.0,2026-09-26 12:00:00,2026-09-26 12:00:00,995.0
20260926,120000,70W,48,2026,9,26,12,42.7,162.5,99500.0,2026-09-26 12:00:00,2026-09-26 12:00:00,995.0
20260926,120000,70W,49,2026,9,26,12,24.0,127.0,96900.0,2026-09-26 12:00:00,2026-09-26 12:00:00,969.0
20260926,120000,70W,49,2026,9,26,12,24.7,127.4,96100.0,2026-09-26 12:00:00,2026-09-26 12:00:00,961.0
20260926,120000,70W,49,2026,9,26,12,25.3,128.0,94500.0,2026-09-26 12:00:00,2026-09-26 12:00:00,945.0
20260926,120000,70W,49,2026,9,26,12,25.900000000000002,128.8,94800.0,2026-09-26 12:00:00,2026-09-26 12:00:00,948.0
20260926,120000,70W,49,2026,9,26,12,26.3,129.6,94800.0,2026-09-26 12:00:00,2026-09-26 12:00:00,948.0
20260926,120000,70W,49,2026,9,26,12,26.7,130.6,96900.0,2026-09-26 12:00:00,2026-09-26 12:00:00,969.0
20260926,120000,70W,49,2026,9,26,12,27.1,131.6,97000.0,2026-09-26 12:00:00,2026-09-26 12:00:00,970.0
20260926,120000,70W,49,2026,9,26,12,27.5,132.4,97800.0,2026-09-26 12:00:00,2026-09-26 12:00:00,978.0
20260926,120000,70W,49,2026,9,26,12,28.1,133.1,98600.0,2026-09-26 12:00:00,2026-09-26 12:00:00,986.0
20260926,120000,70W,49,2026,9,26,12,28.8,134.2,99100.0,2026-09-26 12:00:00,2026-09-26 12:00:00,991.0
20260926,120000,70W,49,2026,9,26,12,29.5,135.6,98700.0,2026-09-26 12:00:00,2026-09-26 12:00:00,987.0
20260926,120000,70W,49,2026,9,26,12,30.0,137.20000000000002,99400.0,2026-09-26 12:00:00,2026-09-26 12:00:00,994.0
20260926,120000,70W,49,2026,9,26,12,30.900000000000002,138.8,98800.0,2026-09-26 12:00:00,2026-09-26 12:00:00,988.0
20260926,120000,70W,49,2026,9,26,12,32.1,140.6,99000.0,2026-09-26 12:00:00,2026-09-26 12:00:00,990.0
20260926,120000,70W,49,2026,9,26,12,33.0,142.8,98700.0,2026-09-26 12:00:00,2026-09-26 12:00:00,987.0
20260926,120000,70W,49,2026,9,26,12,33.9,144.70000000000002,99000.0,2026-09-26 12:00:00,2026-09-26 12:00:00,990.0
20260926,120000,70W,49,2026,9,26,12,35.2,146.6,98600.0,2026-09-26 12:00:00,2026-09-26 12:00:00,986.0
20260926,120000,70W,49,2026,9,26,12,36.0,148.9,98500.0,2026-09-26 12:00:00,2026-09-26 12:00:00,985.0
20260926,120000,70W,49,2026,9,26,12,37.4,151.3,99000.0,2026-09-26 12:00:00,2026-09-26 12:00:00,990.0
20260926,120000,70W,50,2026,9,26,12,23.900000000000002,127.10000000000001,97900.0,2026-09-26 12:00:00,2026-09-26 12:00:00,979.0
20260926,120000,70W,50,2026,9,26,12,24.400000000000002,127.60000000000001,96700.0,2026-09-26 12:00:00,2026-09-26 12:00:00,967.0
20260926,120000,70W,50,2026,9,26,12,25.1,128.1,95400.0,2026-09-26 12:00:00,2026-09-26 12:00:00,954.0
20260926,120000,70W,50,2026,9,26,12,25.5,129.0,95100.0,2026-09-26 12:00:00,2026-09-26 12:00:00,951.0
20260926,120000,70W,50,2026,9,26,12,26.0,129.8,94200.0,2026-09-26 12:00:00,2026-09-26 12:00:00,942.0
20260926,120000,70W,50,2026,9,26,12,26.3,130.7,96300.0,2026-09-26 12:00:00,2026-09-26 12:00:00,963.0
20260926,120000,70W,50,2026,9,26,12,26.6,131.6,96100.0,2026-09-26 12:00:00,2026-09-26 12:00:00,961.0
20260926,120000,70W,50,2026,9,26,12,26.7,132.3,96200.0,2026-09-26 12:00:00,2026-09-26 12:00:00,962.0
20260926,120000,70W,50,2026,9,26,12,26.8,132.6,97500.0,2026-09-26 12:00:00,2026-09-26 12:00:00,975.0
20260926,120000,70W,50,2026,9,26,12,26.900000000000002,133.1,97800.0,2026-09-26 12:00:00,2026-09-26 12:00:00,978.0
20260926,120000,70W,50,2026,9,26,12,27.2,133.4,98600.0,2026-09-26 12:00:00,2026-09-26 12:00:00,986.0
20260926,120000,70W,50,2026,9,26,12,27.0,134.0,99100.0,2026-09-26 12:00:00,2026-09-26 12:00:00,991.0
20260926,120000,70W,50,2026,9,26,12,27.0,134.7,98900.0,2026-09-26 12:00:00,2026-09-26 12:00:00,989.0
20260926,120000,70W,50,2026,9,26,12,27.1,134.5,99500.0,2026-09-26 12:00:00,2026-09-26 12:00:00,995.0
20260926,120000,70W,50,2026,9,26,12,27.3,134.7,99600.0,2026-09-26 12:00:00,2026-09-26 12:00:00,996.0
20260926,120000,70W,50,2026,9,26,12,27.5,134.5,99900.0,2026-09-26 12:00:00,2026-09-26 12:00:00,999.0
20260926,120000,70W,50,2026,9,26,12,27.8,134.5,99900.0,2026-09-26 12:00:00,2026-09-26 12:00:00,999.0
20260926,120000,70W,50,2026,9,26,12,28.2,134.5,100200.0,2026-09-26 12:00:00,2026-09-26 12:00:00,1002.0
20260926,120000,70W,50,2026,9,26,12,28.900000000000002,134.5,100000.0,2026-09-26 12:00:00,2026-09-26 12:00:00,1000.0
20260926,120000,70W,50,2026,9,26,12,29.2,134.4,100000.0,2026-09-26 12:00:00,2026-09-26 12:00:00,1000.0
20260926,120000,70W,50,2026,9,26,12,29.0,135.0,99900.0,2026-09-26 12:00:00,2026-09-26 12:00:00,999.0
20260926,120000,70W,50,2026,9,26,12,29.0,135.3,100100.0,2026-09-26 12:00:00,2026-09-26 12:00:00,1001.0
20260926,120000,70W,50,2026,9,26,12,28.7,135.2,100000.0,2026-09-26 12:00:00,2026-09-26 12:00:00,1000.0
20260926,120000,70W,50,2026,9,26,12,27.8,134.8,100200.0,2026-09-26 12:00:00,2026-09-26 12:00:00,1002.0
20260926,120000,70W,50,2026,9,26,12,27.1,134.1,100100.0,2026-09-26 12:00:00,2026-09-26 12:00:00,1001.0
20260926,120000,70W,51,2026,9,26,12,24.0,127.10000000000001,98600.0,2026-09-26 12:00:00,2026-09-26 12:00:00,986.0
20260926,120000,70W,51,2026,9,26,12,24.7,127.60000000000001,97700.0,2026-09-26 12:00:00,2026-09-26 12:00:00,977.0
20260926,120000,70W,51,2026,9,26,12,25.400000000000002,128.2,96100.0,2026-09-26 12:00:00,2026-09-26 12:00:00,961.0
20260926,120000,70W,51,2026,9,26,12,25.8,129.0,95300.0,2026-09-26 12:00:00,2026-09-26 12:00:00,953.0
20260926,120000,70W,51,2026,9,26,12,26.3,130.0,96200.0,2026-09-26 12:00:00,2026-09-26 12:00:00,962.0
20260926,120000,70W,51,2026,9,26,12,26.7,130.7,96400.0,2026-09-26 12:00:00,2026-09-26 12:00:00,964.0
20260926,120000,70W,51,2026,9,26,12,27.1,131.6,97500.0,2026-09-26 12:00:00,2026-09-26 12:00:00,975.0
20260926,120000,70W,51,2026,9,26,12,27.3,132.5,98400.0,2026-09-26 12:00:00,2026-09-26 12:00:00,984.0
20260926,120000,70W,51,2026,9,26,12,27.8,133.1,99000.0,2026-09-26 12:00:00,2026-09-26 12:00:00,990.0
20260926,120000,70W,51,2026,9,26,12,28.3,134.0,99400.0,2026-09-26 12:00:00,2026-09-26 12:00:00,994.0
20260926,120000,70W,51,2026,9,26,12,28.7,134.9,99500.0,2026-09-26 12:00:00,2026-09-26 12:00:00,995.0
20260926,120000,70W,51,2026,9,26,12,29.2,136.5,99500.0,2026-09-26 12:00:00,2026-09-26 12:00:00,995.0
20260926,120000,70W,51,2026,9,26,12,29.900000000000002,137.3,99600.0,2026-09-26 12:00:00,2026-09-26 12:00:00,996.0
20260926,120000,70W,51,2026,9,26,12,30.7,138.70000000000002,99900.0,2026-09-26 12:00:00,2026-09-26 12:00:00,999.0
20260926,120000,70W,51,2026,9,26,12,31.5,139.70000000000002,99800.0,2026-09-26 12:00:00,2026-09-26 12:00:00,998.0
20260926,120000,70W,51,2026,9,26,12,32.3,141.3,100100.0,2026-09-26 12:00:00,2026-09-26 12:00:00,1001.0
20260926,120000,70W,51,2026,9,26,12,33.4,142.8,100000.0,2026-09-26 12:00:00,2026-09-26 12:00:00,1000.0
20260926,120000,70W,51,2026,9,26,12,35.0,144.6,100100.0,2026-09-26 12:00:00,2026-09-26 12:00:00,1001.0
20260926,120000,70W,51,2026,9,26,12,36.7,147.3,99800.0,2026-09-26 12:00:00,2026-09-26 12:00:00,998.0
20260926,120000,70W,51,2026,9,26,12,38.6,150.3,99500.0,2026-09-26 12:00:00,2026-09-26 12:00:00,995.0
20260926,120000,70W,51,2026,9,26,12,40.5,153.70000000000002,99100.0,2026-09-26 12:00:00,2026-09-26 12:00:00,991.0
20260926,120000,71W,1,2026,9,26,12,15.3,157.70000000000002,101000.0,2026-09-26 12:00:00,2026-09-26 12:00:00,1010.0
20260926,120000,71W,1,2026,9,26,12,14.0,156.70000000000002,100800.0,2026-09-26 12:00:00,2026-09-26 12:00:00,1008.0
20260926,120000,71W,1,2026,9,26,12,14.700000000000001,156.4,101000.0,2026-09-26 12:00:00,2026-09-26 12:00:00,1010.0
20260926,120000,71W,1,2026,9,26,12,13.9,155.9,100700.0,2026-09-26 12:00:00,2026-09-26 12:00:00,1007.0
20260926,120000,71W,1,2026,9,26,12,14.3,155.9,100900.0,2026-09-26 12:00:00,2026-09-26 12:00:00,1009.0
20260926,120000,71W,1,2026,9,26,12,14.9,155.1,100600.0,2026-09-26 12:00:00,2026-09-26 12:00:00,1006.0
20260926,120000,71W,1,2026,9,26,12,15.5,154.4,100900.0,2026-09-26 12:00:00,2026-09-26 12:00:00,1009.0
20260926,120000,71W,1,2026,9,26,12,15.9,153.9,100600.0,2026-09-26 12:00:00,2026-09-26 12:00:00,1006.0
20260926,120000,71W,1,2026,9,26,12,16.0,153.0,100700.0,2026-09-26 12:00:00,2026-09-26 12:00:00,1007.0
20260926,120000,71W,1,2026,9,26,12,15.5,151.8,100500.0,2026-09-26 12:00:00,2026-09-26 12:00:00,1005.0
20260926,120000,71W,1,2026,9,26,12,16.4,152.20000000000002,100700.0,2026-09-26 12:00:00,2026-09-26 12:00:00,1007.0
20260926,120000,71W,1,2026,9,26,12,16.6,150.6,100500.0,2026-09-26 12:00:00,2026-09-26 12:00:00,1005.0
20260926,120000,71W,1,2026,9,26,12,16.4,150.6,100600.0,2026-09-26 12:00:00,2026-09-26 12:00:00,1006.0
20260926,120000,71W,1,2026,9,26,12,16.4,150.70000000000002,100400.0,2026-09-26 12:00:00,2026-09-26 12:00:00,1004.0
20260926,120000,71W,1,2026,9,26,12,16.9,149.9,100600.0,2026-09-26 12:00:00,2026-09-26 12:00:00,1006.0
20260926,120000,71W,1,2026,9,26,12,16.9,149.0,100400.0,2026-09-26 12:00:00,2026-09-26 12:00:00,1004.0
20260926,120000,71W,1,2026,9,26,12,16.4,148.1,100600.0,2026-09-26 12:00:00,2026-09-26 12:00:00,1006.0
20260926,120000,71W,1,2026,9,26,12,17.5,147.3,100300.0,2026-09-26 12:00:00,2026-09-26 12:00:00,1003.0
20260926,120000,71W,1,2026,9,26,12,17.3,145.8,100500.0,2026-09-26 12:00:00,2026-09-26 12:00:00,1005.0
20260926,120000,71W,1,2026,9,26,12,17.8,145.5,100300.0,2026-09-26 12:00:00,2026-09-26 12:00:00,1003.0
20260926,120000,71W,1,2026,9,26,12,18.3,144.20000000000002,100400.0,2026-09-26 12:00:00,2026-09-26 12:00:00,1004.0
20260926,120000,71W,1,2026,9,26,12,18.1,144.4,100200.0,2026-09-26 12:00:00,2026-09-26 12:00:00,1002.0
20260926,120000,71W,1,2026,9,26,12,19.2,143.1,100400.0,2026-09-26 12:00:00,2026-09-26 12:00:00,1004.0
20260926,120000,71W,1,2026,9,26,12,18.400000000000002,142.6,100100.0,2026-09-26 12:00:00,2026-09-26 12:00:00,1001.0
20260926,120000,71W,1,2026,9,26,12,18.3,143.0,100300.0,2026-09-26 12:00:00,2026-09-26 12:00:00,1003.0
20260926,120000,71W,1,2026,9,26,12,18.1,142.4,99900.0,2026-09-26 12:00:00,2026-09-26 12:00:00,999.0
20260926,120000,71W,1,2026,9,26,12,18.2,142.4,100000.0,2026-09-26 12:00:00,2026-09-26 12:00:00,1000.0
20260926,120000,71W,1,2026,9,26,12,18.2,142.4,99600.0,2026-09-26 12:00:00,2026-09-26 12:00:00,996.0
20260926,120000,71W,1,2026,9,26,12,17.900000000000002,141.70000000000002,99600.0,2026-09-26 12:00:00,2026-09-26 12:00:00,996.0
20260926,120000,71W,1,2026,9,26,12,17.8,140.6,99000.0,2026-09-26 12:00:00,2026-09-26 12:00:00,990.0
20260926,120000,71W,1,2026,9,26,12,17.2,140.4,98700.0,2026-09-26 12:00:00,2026-09-26 12:00:00,987.0
20260926,120000,71W,1,2026,9,26,12,18.0,140.5,97800.0,2026-09-26 12:00:00,2026-09-26 12:00:00,978.0
20260926,120000,71W,1,2026,9,26,12,18.400000000000002,140.20000000000002,97600.0,2026-09-26 12:00:00,2026-09-26 12:00:00,976.0
20260926,120000,71W,1,2026,9,26,12,18.7,139.3,97000.0,2026-09-26 12:00:00,2026-09-26 12:00:00,970.0
20260926,120000,71W,1,2026,9,26,12,19.0,138.5,96700.0,2026-09-26 12:00:00,2026-09-26 12:00:00,967.0
20260926,120000,71W,1,2026,9,26,12,18.5,137.70000000000002,96000.0,2026-09-26 12:00:00,2026-09-26 12:00:00,960.0
20260926,120000,71W,1,2026,9,26,12,19.2,137.5,95800.0,2026-09-26 12:00:00,2026-09-26 12:00:00,958.0
20260926,120000,71W,1,2026,9,26,12,19.8,136.0,95100.0,2026-09-26 12:00:00,2026-09-26 12:00:00,951.0
20260926,120000,71W,1,2026,9,26,12,19.900000000000002,134.9,94800.0,2026-09-26 12:00:00,2026-09-26 12:00:00,948.0
20260926,120000,71W,1,2026,9,26,12,20.1,134.2,94400.0,2026-09-26 12:00:00,2026-09-26 12:00:00,944.0
20260926,120000,71W,1,2026,9,26,12,20.3,132.9,94200.0,2026-09-26 12:00:00,2026-09-26 12:00:00,942.0
20260926,120000,71W,1,2026,9,26,12,20.5,131.9,93400.0,2026-09-26 12:00:00,2026-09-26 12:00:00,934.0
20260926,120000,71W,1,2026,9,26,12,21.0,131.2,93200.0,2026-09-26 12:00:00,2026-09-26 12:00:00,932.0
20260926,120000,71W,1,2026,9,26,12,21.1,130.5,92700.0,2026-09-26 12:00:00,2026-09-26 12:00:00,927.0
20260926,120000,71W,1,2026,9,26,12,21.3,129.7,93300.0,2026-09-26 12:00:00,2026-09-26 12:00:00,933.0
20260926,120000,71W,1,2026,9,26,12,21.7,129.7,93300.0,2026-09-26 12:00:00,2026-09-26 12:00:00,933.0
20260926,120000,71W,1,2026,9,26,12,22.6,129.5,93800.0,2026-09-26 12:00:00,2026-09-26 12:00:00,938.0
20260926,120000,71W,1,2026,9,26,12,23.3,129.7,94100.0,2026-09-26 12:00:00,2026-09-26 12:00:00,941.0
20260926,120000,71W,1,2026,9,26,12,24.2,130.0,94600.0,2026-09-26 12:00:00,2026-09-26 12:00:00,946.0
20260926,120000,71W,1,2026,9,26,12,25.2,130.7,94600.0,2026-09-26 12:00:00,2026-09-26 12:00:00,946.0
20260926,120000,71W,1,2026,9,26,12,26.3,131.5,95000.0,2026-09-26 12:00:00,2026-09-26 12:00:00,950.0
20260926,120000,71W,1,2026,9,26,12,27.900000000000002,132.1,94800.0,2026-09-26 12:00:00,2026-09-26 12:00:00,948.0
20260926,120000,71W,1,2026,9,26,12,30.0,132.8,95100.0,2026-09-26 12:00:00,2026-09-26 12:00:00,951.0
20260926,120000,71W,1,2026,9,26,12,32.4,133.9,95300.0,2026-09-26 12:00:00,2026-09-26 12:00:00,953.0
20260926,120000,71W,1,2026,9,26,12,34.9,134.5,96100.0,2026-09-26 12:00:00,2026-09-26 12:00:00,961.0
20260926,120000,71W,1,2026,9,26,12,38.2,135.7,96700.0,2026-09-26 12:00:00,2026-09-26 12:00:00,967.0
20260926,120000,71W,1,2026,9,26,12,40.4,136.70000000000002,96800.0,2026-09-26 12:00:00,2026-09-26 12:00:00,968.0
20260926,120000,71W,1,2026,9,26,12,41.7,138.3,96700.0,2026-09-26 12:00:00,2026-09-26 12:00:00,967.0
20260926,120000,71W,1,2026,9,26,12,42.4,139.0,96600.0,2026-09-26 12:00:00,2026-09-26 12:00:00,966.0
20260926,120000,71W,2,2026,9,26,12,13.1,157.5,101100.0,2026-09-26 12:00:00,2026-09-26 12:00:00,1011.0
20260926,120000,71W,2,2026,9,26,12,14.0,158.20000000000002,100900.0,2026-09-26 12:00:00,2026-09-26 12:00:00,1009.0
20260926,120000,71W,2,2026,9,26,12,15.0,157.5,100800.0,2026-09-26 12:00:00,2026-09-26 12:00:00,1008.0
20260926,120000,71W,2,2026,9,26,12,14.700000000000001,156.20000000000002,100900.0,2026-09-26 12:00:00,2026-09-26 12:00:00,1009.0
20260926,120000,71W,2,2026,9,26,12,15.0,156.0,100500.0,2026-09-26 12:00:00,2026-09-26 12:00:00,1005.0
20260926,120000,71W,2,2026,9,26,12,15.6,155.6,100600.0,2026-09-26 12:00:00,2026-09-26 12:00:00,1006.0
20260926,120000,71W,2,2026,9,26,12,16.2,155.0,100400.0,2026-09-26 12:00:00,2026-09-26 12:00:00,1004.0
20260926,120000,71W,2,2026,9,26,12,16.6,154.3,100400.0,2026-09-26 12:00:00,2026-09-26 12:00:00,1004.0
20260926,120000,71W,2,2026,9,26,12,17.1,153.5,100100.0,2026-09-26 12:00:00,2026-09-26 12:00:00,1001.0
20260926,120000,71W,2,2026,9,26,12,16.8,152.4,100200.0,2026-09-26 12:00:00,2026-09-26 12:00:00,1002.0
20260926,120000,71W,2,2026,9,26,12,16.9,151.5,100100.0,2026-09-26 12:00:00,2026-09-26 12:00:00,1001.0
20260926,120000,71W,2,2026,9,26,12,16.7,151.1,100200.0,2026-09-26 12:00:00,2026-09-26 12:00:00,1002.0
20260926,120000,71W,2,2026,9,26,12,16.5,151.1,99900.0,2026-09-26 12:00:00,2026-09-26 12:00:00,999.0
20260926,120000,71W,2,2026,9,26,12,16.4,151.70000000000002,100000.0,2026-09-26 12:00:00,2026-09-26 12:00:00,1000.0
20260926,120000,71W,2,2026,9,26,12,16.6,151.70000000000002,99800.0,2026-09-26 12:00:00,2026-09-26 12:00:00,998.0
20260926,120000,71W,2,2026,9,26,12,17.1,151.1,99900.0,2026-09-26 12:00:00,2026-09-26 12:00:00,999.0
20260926,120000,71W,2,2026,9,26,12,17.2,150.5,99400.0,2026-09-26 12:00:00,2026-09-26 12:00:00,994.0
20260926,120000,71W,2,2026,9,26,12,17.1,149.4,99100.0,2026-09-26 12:00:00,2026-09-26 12:00:00,991.0
20260926,120000,71W,2,2026,9,26,12,16.6,148.70000000000002,98400.0,2026-09-26 12:00:00,2026-09-26 12:00:00,984.0
20260926,120000,71W,2,2026,9,26,12,16.6,148.20000000000002,98200.0,2026-09-26 12:00:00,2026-09-26 12:00:00,982.0
20260926,120000,71W,2,2026,9,26,12,16.6,148.0,97600.0,2026-09-26 12:00:00,2026-09-26 12:00:00,976.0
20260926,120000,71W,2,2026,9,26,12,16.3,148.20000000000002,97000.0,2026-09-26 12:00:00,2026-09-26 12:00:00,970.0
20260926,120000,71W,2,2026,9,26,12,16.6,148.70000000000002,96400.0,2026-09-26 12:00:00,2026-09-26 12:00:00,964.0
20260926,120000,71W,2,2026,9,26,12,17.1,149.20000000000002,96500.0,2026-09-26 12:00:00,2026-09-26 12:00:00,965.0
20260926,120000,71W,2,2026,9,26,12,17.6,150.1,95900.0,2026-09-26 12:00:00,2026-09-26 12:00:00,959.0
20260926,120000,71W,2,2026,9,26,12,18.5,150.6,95500.0,2026-09-26 12:00:00,2026-09-26 12:00:00,955.0
20260926,120000,71W,2,2026,9,26,12,19.5,151.1,94800.0,2026-09-26 12:00:00,2026-09-26 12:00:00,948.0
20260926,120000,71W,2,2026,9,26,12,20.6,151.6,94600.0,2026-09-26 12:00:00,2026-09-26 12:00:00,946.0
20260926,120000,71W,2,2026,9,26,12,21.8,151.8,93800.0,2026-09-26 12:00:00,2026-09-26 12:00:00,938.0
20260926,120000,71W,2,2026,9,26,12,23.2,151.0,92900.0,2026-09-26 12:00:00,2026-09-26 12:00:00,929.0
20260926,120000,71W,2,2026,9,26,12,23.8,150.1,92300.0,2026-09-26 12:00:00,2026-09-26 12:00:00,923.0
20260926,120000,71W,2,2026,9,26,12,24.0,149.4,92900.0,2026-09-26 12:00:00,2026-09-26 12:00:00,929.0
20260926,120000,71W,2,2026,9,26,12,24.400000000000002,148.70000000000002,92900.0,2026-09-26 12:00:00,2026-09-26 12:00:00,929.0
20260926,120000,71W,2,2026,9,26,12,24.2,148.20000000000002,93100.0,2026-09-26 12:00:00,2026-09-26 12:00:00,931.0
20260926,120000,71W,2,2026,9,26,12,24.400000000000002,148.0,93200.0,2026-09-26 12:00:00,2026-09-26 12:00:00,932.0
20260926,120000,71W,2,2026,9,26,12,25.0,147.4,93900.0,2026-09-26 12:00:00,2026-09-26 12:00:00,939.0
20260926,120000,71W,2,2026,9,26,12,25.6,146.3,94100.0,2026-09-26 12:00:00,2026-09-26 12:00:00,941.0
20260926,120000,71W,2,2026,9,26,12,26.1,144.70000000000002,94300.0,2026-09-26 12:00:00,2026-09-26 12:00:00,943.0
20260926,120000,71W,2,2026,9,26,12,26.5,143.1,94100.0,2026-09-26 12:00:00,2026-09-26 12:00:00,941.0
20260926,120000,71W,2,2026,9,26,12,26.8,141.8,94000.0,2026-09-26 12:00:00,2026-09-26 12:00:00,940.0
20260926,120000,71W,2,2026,9,26,12,27.3,141.4,93900.0,2026-09-26 12:00:00,2026-09-26 12:00:00,939.0
20260926,120000,71W,2,2026,9,26,12,28.3,140.9,94400.0,2026-09-26 12:00:00,2026-09-26 12:00:00,944.0
20260926,120000,71W,2,2026,9,26,12,29.400000000000002,140.4,94800.0,2026-09-26 12:00:00,2026-09-26 12:00:00,948.0
20260926,120000,71W,2,2026,9,26,12,30.1,140.3,95300.0,2026-09-26 12:00:00,2026-09-26 12:00:00,953.0
20260926,120000,71W,2,2026,9,26,12,30.7,140.9,95300.0,2026-09-26 12:00:00,2026-09-26 12:00:00,953.0
20260926,120000,71W,2,2026,9,26,12,31.3,141.8,95600.0,2026-09-26 12:00:00,2026-09-26 12:00:00,956.0
20260926,120000,71W,2,2026,9,26,12,32.0,143.0,95800.0,2026-09-26 12:00:00,2026-09-26 12:00:00,958.0
20260926,120000,71W,2,2026,9,26,12,33.1,144.70000000000002,96300.0,2026-09-26 12:00:00,2026-09-26 12:00:00,963.0
20260926,120000,71W,2,2026,9,26,12,34.4,146.8,96100.0,2026-09-26 12:00:00,2026-09-26 12:00:00,961.0
20260926,120000,71W,2,2026,9,26,12,36.300000000000004,149.70000000000002,96200.0,2026-09-26 12:00:00,2026-09-26 12:00:00,962.0
20260926,120000,71W,2,2026,9,26,12,38.6,153.9,96200.0,2026-09-26 12:00:00,2026-09-26 12:00:00,962.0
20260926,120000,71W,2,2026,9,26,12,41.9,159.4,96300.0,2026-09-26 12:00:00,2026-09-26 12:00:00,963.0
20260926,120000,71W,2,2026,9,26,12,45.300000000000004,164.6,96100.0,2026-09-26 12:00:00,2026-09-26 12:00:00,961.0
20260926,120000,71W,2,2026,9,26,12,47.7,169.4,96000.0,2026-09-26 12:00:00,2026-09-26 12:00:00,960.0
20260926,120000,71W,2,2026,9,26,12,49.6,174.8,95000.0,2026-09-26 12:00:00,2026-09-26 12:00:00,950.0
20260926,120000,71W,2,2026,9,26,12,51.2,178.9,94000.0,2026-09-26 12:00:00,2026-09-26 12:00:00,940.0
20260926,120000,71W,3,2026,9,26,12,15.0,155.3,100900.0,2026-09-26 12:00:00,2026-09-26 12:00:00,1009.0
20260926,120000,71W,3,2026,9,26,12,15.5,156.3,101100.0,2026-09-26 12:00:00,2026-09-26 12:00:00,1011.0
20260926,120000,71W,3,2026,9,26,12,13.700000000000001,156.4,100900.0,2026-09-26 12:00:00,2026-09-26 12:00:00,1009.0
20260926,120000,71W,3,2026,9,26,12,15.1,155.9,101100.0,2026-09-26 12:00:00,2026-09-26 12:00:00,1011.0
20260926,120000,71W,3,2026,9,26,12,14.700000000000001,154.20000000000002,100700.0,2026-09-26 12:00:00,2026-09-26 12:00:00,1007.0
20260926,120000,71W,3,2026,9,26,12,14.700000000000001,153.3,100900.0,2026-09-26 12:00:00,2026-09-26 12:00:00,1009.0
20260926,120000,71W,3,2026,9,26,12,14.700000000000001,152.70000000000002,100500.0,2026-09-26 12:00:00,2026-09-26 12:00:00,1005.0
20260926,120000,71W,3,2026,9,26,12,15.5,153.4,100500.0,2026-09-26 12:00:00,2026-09-26 12:00:00,1005.0
20260926,120000,71W,3,2026,9,26,12,15.9,153.0,100100.0,2026-09-26 12:00:00,2026-09-26 12:00:00,1001.0
20260926,120000,71W,3,2026,9,26,12,16.6,152.5,100100.0,2026-09-26 12:00:00,2026-09-26 12:00:00,1001.0
20260926,120000,71W,3,2026,9,26,12,17.400000000000002,151.3,99700.0,2026-09-26 12:00:00,2026-09-26 12:00:00,997.0
20260926,120000,71W,3,2026,9,26,12,18.2,150.3,99700.0,2026-09-26 12:00:00,2026-09-26 12:00:00,997.0
20260926,120000,71W,3,2026,9,26,12,18.6,149.20000000000002,99400.0,2026-09-26 12:00:00,2026-09-26 12:00:00,994.0
20260926,120000,71W,3,2026,9,26,12,18.5,147.70000000000002,99300.0,2026-09-26 12:00:00,2026-09-26 12:00:00,993.0
20260926,120000,71W,3,2026,9,26,12,18.400000000000002,146.6,98800.0,2026-09-26 12:00:00,2026-09-26 12:00:00,988.0
20260926,120000,71W,3,2026,9,26,12,18.0,145.4,98800.0,2026-09-26 12:00:00,2026-09-26 12:00:00,988.0
20260926,120000,71W,3,2026,9,26,12,17.7,144.4,97900.0,2026-09-26 12:00:00,2026-09-26 12:00:00,979.0
20260926,120000,71W,3,2026,9,26,12,17.400000000000002,143.70000000000002,97200.0,2026-09-26 12:00:00,2026-09-26 12:00:00,972.0
20260926,120000,71W,3,2026,9,26,12,17.5,143.20000000000002,96400.0,2026-09-26 12:00:00,2026-09-26 12:00:00,964.0
20260926,120000,71W,3,2026,9,26,12,17.7,143.0,96800.0,2026-09-26 12:00:00,2026-09-26 12:00:00,968.0
20260926,120000,71W,3,2026,9,26,12,18.3,142.8,96600.0,2026-09-26 12:00:00,2026-09-26 12:00:00,966.0
20260926,120000,71W,3,2026,9,26,12,18.8,142.6,96500.0,2026-09-26 12:00:00,2026-09-26 12:00:00,965.0
20260926,120000,71W,3,2026,9,26,12,19.2,142.4,96000.0,2026-09-26 12:00:00,2026-09-26 12:00:00,960.0
20260926,120000,71W,3,2026,9,26,12,19.5,142.20000000000002,95900.0,2026-09-26 12:00:00,2026-09-26 12:00:00,959.0
20260926,120000,71W,3,2026,9,26,12,20.0,142.20000000000002,95300.0,2026-09-26 12:00:00,2026-09-26 12:00:00,953.0
20260926,120000,71W,3,2026,9,26,12,20.3,142.20000000000002,95400.0,2026-09-26 12:00:00,2026-09-26 12:00:00,954.0
20260926,120000,71W,3,2026,9,26,12,20.6,142.1,95300.0,2026-09-26 12:00:00,2026-09-26 12:00:00,953.0
20260926,120000,71W,3,2026,9,26,12,21.0,142.4,95400.0,2026-09-26 12:00:00,2026-09-26 12:00:00,954.0
20260926,120000,71W,3,2026,9,26,12,21.6,142.6,95300.0,2026-09-26 12:00:00,2026-09-26 12:00:00,953.0
20260926,120000,71W,3,2026,9,26,12,22.3,142.6,95300.0,2026-09-26 12:00:00,2026-09-26 12:00:00,953.0
20260926,120000,71W,3,2026,9,26,12,22.8,142.5,95100.0,2026-09-26 12:00:00,2026-09-26 12:00:00,951.0
20260926,120000,71W,3,2026,9,26,12,23.3,142.3,95300.0,2026-09-26 12:00:00,2026-09-26 12:00:00,953.0
20260926,120000,71W,3,2026,9,26,12,24.0,142.20000000000002,95100.0,2026-09-26 12:00:00,2026-09-26 12:00:00,951.0
20260926,120000,71W,3,2026,9,26,12,24.7,142.0,95200.0,2026-09-26 12:00:00,2026-09-26 12:00:00,952.0
20260926,120000,71W,3,2026,9,26,12,25.5,141.5,95100.0,2026-09-26 12:00:00,2026-09-26 12:00:00,951.0
20260926,120000,71W,3,2026,9,26,12,26.400000000000002,141.3,95500.0,2026-09-26 12:00:00,2026-09-26 12:00:00,955.0
20260926,120000,71W,3,2026,9,26,12,27.400000000000002,141.20000000000002,95500.0,2026-09-26 12:00:00,2026-09-26 12:00:00,955.0
20260926,120000,71W,3,2026,9,26,12,28.5,141.1,95700.0,2026-09-26 12:00:00,2026-09-26 12:00:00,957.0
20260926,120000,71W,3,2026,9,26,12,29.5,141.1,95700.0,2026-09-26 12:00:00,2026-09-26 12:00:00,957.0
20260926,120000,71W,3,2026,9,26,12,30.400000000000002,141.6,96300.0,2026-09-26 12:00:00,2026-09-26 12:00:00,963.0
20260926,120000,71W,3,2026,9,26,12,31.8,142.5,96500.0,2026-09-26 12:00:00,2026-09-26 12:00:00,965.0
20260926,120000,71W,3,2026,9,26,12,32.7,143.4,96800.0,2026-09-26 12:00:00,2026-09-26 12:00:00,968.0
20260926,120000,71W,3,2026,9,26,12,34.2,145.6,96800.0,2026-09-26 12:00:00,2026-09-26 12:00:00,968.0
20260926,120000,71W,3,2026,9,26,12,36.4,146.70000000000002,96700.0,2026-09-26 12:00:00,2026-09-26 12:00:00,967.0
20260926,120000,71W,3,2026,9,26,12,38.2,147.1,96600.0,2026-09-26 12:00:00,2026-09-26 12:00:00,966.0
20260926,120000,71W,3,2026,9,26,12,38.7,147.0,96400.0,2026-09-26 12:00:00,2026-09-26 12:00:00,964.0
20260926,120000,71W,3,2026,9,26,12,38.800000000000004,148.6,96400.0,2026-09-26 12:00:00,2026-09-26 12:00:00,964.0
20260926,120000,71W,3,2026,9,26,12,39.6,150.5,96900.0,2026-09-26 12:00:00,2026-09-26 12:00:00,969.0
20260926,120000,71W,3,2026,9,26,12,40.2,152.5,97100.0,2026-09-26 12:00:00,2026-09-26 12:00:00,971.0
20260926,120000,71W,3,2026,9,26,12,40.7,155.1,97700.0,2026-09-26 12:00:00,2026-09-26 12:00:00,977.0
20260926,120000,71W,3,2026,9,26,12,41.0,157.8,98200.0,2026-09-26 12:00:00,2026-09-26 12:00:00,982.0
20260926,120000,71W,3,2026,9,26,12,41.0,160.4,98900.0,2026-09-26 12:00:00,2026-09-26 12:00:00,989.0
20260926,120000,71W,4,2026,9,26,12,13.6,156.3,100900.0,2026-09-26 12:00:00,2026-09-26 12:00:00,1009.0
20260926,120000,71W,4,2026,9,26,12,13.1,155.6,100800.0,2026-09-26 12:00:00,2026-09-26 12:00:00,1008.0
20260926,120000,71W,4,2026,9,26,12,13.6,155.8,100900.0,2026-09-26 12:00:00,2026-09-26 12:00:00,1009.0
20260926,120000,71W,4,2026,9,26,12,13.5,155.6,100400.0,2026-09-26 12:00:00,2026-09-26 12:00:00,1004.0
20260926,120000,71W,4,2026,9,26,12,13.6,155.8,100300.0,2026-09-26 12:00:00,2026-09-26 12:00:00,1003.0
20260926,120000,71W,4,2026,9,26,12,14.200000000000001,156.3,99900.0,2026-09-26 12:00:00,2026-09-26 12:00:00,999.0
20260926,120000,71W,4,2026,9,26,12,14.700000000000001,155.8,99900.0,2026-09-26 12:00:00,2026-09-26 12:00:00,999.0
20260926,120000,71W,4,2026,9,26,12,15.200000000000001,155.6,98800.0,2026-09-26 12:00:00,2026-09-26 12:00:00,988.0
20260926,120000,71W,4,2026,9,26,12,15.6,155.6,99200.0,2026-09-26 12:00:00,2026-09-26 12:00:00,992.0
20260926,120000,71W,4,2026,9,26,12,16.1,154.8,98700.0,2026-09-26 12:00:00,2026-09-26 12:00:00,987.0
20260926,120000,71W,4,2026,9,26,12,16.4,154.5,98200.0,2026-09-26 12:00:00,2026-09-26 12:00:00,982.0
20260926,120000,71W,4,2026,9,26,12,16.7,153.70000000000002,97200.0,2026-09-26 12:00:00,2026-09-26 12:00:00,972.0
20260926,120000,71W,4,2026,9,26,12,17.1,153.0,97700.0,2026-09-26 12:00:00,2026-09-26 12:00:00,977.0
20260926,120000,71W,4,2026,9,26,12,17.1,152.4,96300.0,2026-09-26 12:00:00,2026-09-26 12:00:00,963.0
20260926,120000,71W,4,2026,9,26,12,16.8,151.9,96100.0,2026-09-26 12:00:00,2026-09-26 12:00:00,961.0
20260926,120000,71W,4,2026,9,26,12,16.8,151.5,94800.0,2026-09-26 12:00:00,2026-09-26 12:00:00,948.0
20260926,120000,71W,4,2026,9,26,12,16.7,151.5,95500.0,2026-09-26 12:00:00,2026-09-26 12:00:00,955.0
20260926,120000,71W,4,2026,9,26,12,17.3,151.6,95600.0,2026-09-26 12:00:00,2026-09-26 12:00:00,956.0
20260926,120000,71W,4,2026,9,26,12,17.900000000000002,151.20000000000002,95800.0,2026-09-26 12:00:00,2026-09-26 12:00:00,958.0
20260926,120000,71W,4,2026,9,26,12,18.5,150.9,95700.0,2026-09-26 12:00:00,2026-09-26 12:00:00,957.0
20260926,120000,71W,4,2026,9,26,12,19.5,150.9,96200.0,2026-09-26 12:00:00,2026-09-26 12:00:00,962.0
20260926,120000,71W,4,2026,9,26,12,20.400000000000002,151.5,96000.0,2026-09-26 12:00:00,2026-09-26 12:00:00,960.0
20260926,120000,71W,4,2026,9,26,12,22.1,151.1,96100.0,2026-09-26 12:00:00,2026-09-26 12:00:00,961.0
20260926,120000,71W,4,2026,9,26,12,23.1,151.1,96000.0,2026-09-26 12:00:00,2026-09-26 12:00:00,960.0
20260926,120000,71W,4,2026,9,26,12,23.900000000000002,150.3,96200.0,2026-09-26 12:00:00,2026-09-26 12:00:00,962.0
20260926,120000,71W,4,2026,9,26,12,25.0,150.4,96100.0,2026-09-26 12:00:00,2026-09-26 12:00:00,961.0
20260926,120000,71W,4,2026,9,26,12,25.6,150.4,96200.0,2026-09-26 12:00:00,2026-09-26 12:00:00,962.0
20260926,120000,71W,4,2026,9,26,12,26.6,149.8,96200.0,2026-09-26 12:00:00,2026-09-26 12:00:00,962.0
20260926,120000,71W,4,2026,9,26,12,27.8,150.3,96400.0,2026-09-26 12:00:00,2026-09-26 12:00:00,964.0
20260926,120000,71W,4,2026,9,26,12,28.0,151.3,96200.0,2026-09-26 12:00:00,2026-09-26 12:00:00,962.0
20260926,120000,71W,4,2026,9,26,12,29.0,151.4,96100.0,2026-09-26 12:00:00,2026-09-26 12:00:00,961.0
20260926,120000,71W,4,2026,9,26,12,30.8,151.4,95800.0,2026-09-26 12:00:00,2026-09-26 12:00:00,958.0
20260926,120000,71W,4,2026,9,26,12,32.4,152.6,95900.0,2026-09-26 12:00:00,2026-09-26 12:00:00,959.0
20260926,120000,71W,4,2026,9,26,12,35.1,153.20000000000002,95800.0,2026-09-26 12:00:00,2026-09-26 12:00:00,958.0
20260926,120000,71W,4,2026,9,26,12,37.7,153.3,95600.0,2026-09-26 12:00:00,2026-09-26 12:00:00,956.0
20260926,120000,71W,4,2026,9,26,12,40.300000000000004,153.3,95200.0,2026-09-26 12:00:00,2026-09-26 12:00:00,952.0
20260926,120000,71W,4,2026,9,26,12,42.5,152.0,94900.0,2026-09-26 12:00:00,2026-09-26 12:00:00,949.0
20260926,120000,71W,4,2026,9,26,12,43.5,151.8,94100.0,2026-09-26 12:00:00,2026-09-26 12:00:00,941.0
20260926,120000,71W,4,2026,9,26,12,44.5,152.0,94400.0,2026-09-26 12:00:00,2026-09-26 12:00:00,944.0
20260926,120000,71W,4,2026,9,26,12,46.300000000000004,152.6,95000.0,2026-09-26 12:00:00,2026-09-26 12:00:00,950.0
20260926,120000,71W,4,2026,9,26,12,47.9,152.6,95800.0,2026-09-26 12:00:00,2026-09-26 12:00:00,958.0
20260926,120000,71W,4,2026,9,26,12,49.0,152.70000000000002,96400.0,2026-09-26 12:00:00,2026-09-26 12:00:00,964.0
20260926,120000,71W,4,2026,9,26,12,49.9,153.3,96900.0,2026-09-26 12:00:00,2026-09-26 12:00:00,969.0
20260926,120000,71W,4,2026,9,26,12,51.0,153.9,97300.0,2026-09-26 12:00:00,2026-09-26 12:00:00,973.0
20260926,120000,71W,5,2026,9,26,12,13.6,159.1,100900.0,2026-09-26 12:00:00,2026-09-26 12:00:00,1009.0
20260926,120000,71W,5,2026,9,26,12,13.4,157.20000000000002,100800.0,2026-09-26 12:00:00,2026-09-26 12:00:00,1008.0
20260926,120000,71W,5,2026,9,26,12,14.0,157.0,101000.0,2026-09-26 12:00:00,2026-09-26 12:00:00,1010.0
20260926,120000,71W,5,2026,9,26,12,14.8,156.70000000000002,100800.0,2026-09-26 12:00:00,2026-09-26 12:00:00,1008.0
20260926,120000,71W,5,2026,9,26,12,15.5,155.5,101000.0,2026-09-26 12:00:00,2026-09-26 12:00:00,1010.0
20260926,120000,71W,5,2026,9,26,12,15.9,155.1,100700.0,2026-09-26 12:00:00,2026-09-26 12:00:00,1007.0
20260926,120000,71W,5,2026,9,26,12,16.5,153.8,100700.0,2026-09-26 12:00:00,2026-09-26 12:00:00,1007.0
20260926,120000,71W,5,2026,9,26,12,16.4,153.3,100400.0,2026-09-26 12:00:00,2026-09-26 12:00:00,1004.0
20260926,120000,71W,5,2026,9,26,12,16.7,152.20000000000002,100400.0,2026-09-26 12:00:00,2026-09-26 12:00:00,1004.0
20260926,120000,71W,5,2026,9,26,12,17.2,151.5,100000.0,2026-09-26 12:00:00,2026-09-26 12:00:00,1000.0
20260926,120000,71W,5,2026,9,26,12,17.6,151.1,99900.0,2026-09-26 12:00:00,2026-09-26 12:00:00,999.0
20260926,120000,71W,5,2026,9,26,12,18.3,150.3,99500.0,2026-09-26 12:00:00,2026-09-26 12:00:00,995.0
20260926,120000,71W,5,2026,9,26,12,19.0,149.9,99400.0,2026-09-26 12:00:00,2026-09-26 12:00:00,994.0
20260926,120000,71W,5,2026,9,26,12,19.6,149.3,98600.0,2026-09-26 12:00:00,2026-09-26 12:00:00,986.0
20260926,120000,71W,5,2026,9,26,12,20.1,148.4,98000.0,2026-09-26 12:00:00,2026-09-26 12:00:00,980.0
20260926,120000,71W,5,2026,9,26,12,20.400000000000002,147.3,95900.0,2026-09-26 12:00:00,2026-09-26 12:00:00,959.0
20260926,120000,71W,5,2026,9,26,12,20.5,146.4,96000.0,2026-09-26 12:00:00,2026-09-26 12:00:00,960.0
20260926,120000,71W,5,2026,9,26,12,20.6,145.70000000000002,94200.0,2026-09-26 12:00:00,2026-09-26 12:00:00,942.0
20260926,120000,71W,5,2026,9,26,12,20.7,144.9,93200.0,2026-09-26 12:00:00,2026-09-26 12:00:00,932.0
20260926,120000,71W,5,2026,9,26,12,20.8,144.4,92000.0,2026-09-26 12:00:00,2026-09-26 12:00:00,920.0
20260926,120000,71W,5,2026,9,26,12,20.900000000000002,143.9,91700.0,2026-09-26 12:00:00,2026-09-26 12:00:00,917.0
20260926,120000,71W,5,2026,9,26,12,21.1,143.3,92100.0,2026-09-26 12:00:00,2026-09-26 12:00:00,921.0
20260926,120000,71W,5,2026,9,26,12,21.2,143.0,91900.0,2026-09-26 12:00:00,2026-09-26 12:00:00,919.0
20260926,120000,71W,5,2026,9,26,12,21.400000000000002,142.8,91500.0,2026-09-26 12:00:00,2026-09-26 12:00:00,915.0
20260926,120000,71W,5,2026,9,26,12,21.7,142.6,91800.0,2026-09-26 12:00:00,2026-09-26 12:00:00,918.0
20260926,120000,71W,5,2026,9,26,12,21.8,142.4,91700.0,2026-09-26 12:00:00,2026-09-26 12:00:00,917.0
20260926,120000,71W,5,2026,9,26,12,21.900000000000002,142.4,93100.0,2026-09-26 12:00:00,2026-09-26 12:00:00,931.0
20260926,120000,71W,5,2026,9,26,12,21.8,142.1,93200.0,2026-09-26 12:00:00,2026-09-26 12:00:00,932.0
20260926,120000,71W,5,2026,9,26,12,21.8,141.8,94100.0,2026-09-26 12:00:00,2026-09-26 12:00:00,941.0
20260926,120000,71W,5,2026,9,26,12,21.6,141.3,94200.0,2026-09-26 12:00:00,2026-09-26 12:00:00,942.0
20260926,120000,71W,5,2026,9,26,12,21.0,140.6,94800.0,2026-09-26 12:00:00,2026-09-26 12:00:00,948.0
20260926,120000,71W,5,2026,9,26,12,20.400000000000002,140.0,94700.0,2026-09-26 12:00:00,2026-09-26 12:00:00,947.0
20260926,120000,71W,5,2026,9,26,12,19.900000000000002,139.5,94300.0,2026-09-26 12:00:00,2026-09-26 12:00:00,943.0
20260926,120000,71W,5,2026,9,26,12,19.6,138.70000000000002,93700.0,2026-09-26 12:00:00,2026-09-26 12:00:00,937.0
20260926,120000,71W,5,2026,9,26,12,19.2,137.8,94000.0,2026-09-26 12:00:00,2026-09-26 12:00:00,940.0
20260926,120000,71W,5,2026,9,26,12,18.900000000000002,136.8,94000.0,2026-09-26 12:00:00,2026-09-26 12:00:00,940.0
20260926,120000,71W,5,2026,9,26,12,18.8,135.9,94500.0,2026-09-26 12:00:00,2026-09-26 12:00:00,945.0
20260926,120000,71W,5,2026,9,26,12,18.8,135.0,94400.0,2026-09-26 12:00:00,2026-09-26 12:00:00,944.0
20260926,120000,71W,5,2026,9,26,12,18.900000000000002,134.1,94700.0,2026-09-26 12:00:00,2026-09-26 12:00:00,947.0
20260926,120000,71W,5,2026,9,26,12,18.900000000000002,133.0,94800.0,2026-09-26 12:00:00,2026-09-26 12:00:00,948.0
20260926,120000,71W,5,2026,9,26,12,19.0,132.1,95200.0,2026-09-26 12:00:00,2026-09-26 12:00:00,952.0
20260926,120000,71W,5,2026,9,26,12,19.3,131.3,95000.0,2026-09-26 12:00:00,2026-09-26 12:00:00,950.0
20260926,120000,71W,5,2026,9,26,12,19.7,130.4,95100.0,2026-09-26 12:00:00,2026-09-26 12:00:00,951.0
20260926,120000,71W,5,2026,9,26,12,20.1,129.5,94900.0,2026-09-26 12:00:00,2026-09-26 12:00:00,949.0
20260926,120000,71W,5,2026,9,26,12,20.3,129.0,95100.0,2026-09-26 12:00:00,2026-09-26 12:00:00,951.0
20260926,120000,71W,5,2026,9,26,12,20.8,128.5,95000.0,2026-09-26 12:00:00,2026-09-26 12:00:00,950.0
20260926,120000,71W,5,2026,9,26,12,21.1,127.9,95100.0,2026-09-26 12:00:00,2026-09-26 12:00:00,951.0
20260926,120000,71W,5,2026,9,26,12,21.3,127.2,95200.0,2026-09-26 12:00:00,2026-09-26 12:00:00,952.0
20260926,120000,71W,5,2026,9,26,12,21.2,126.5,95600.0,2026-09-26 12:00:00,2026-09-26 12:00:00,956.0
20260926,120000,71W,5,2026,9,26,12,21.1,125.9,95400.0,2026-09-26 12:00:00,2026-09-26 12:00:00,954.0
20260926,120000,71W,5,2026,9,26,12,21.3,125.5,95400.0,2026-09-26 12:00:00,2026-09-26 12:00:00,954.0
20260926,120000,71W,5,2026,9,26,12,21.5,124.5,95300.0,2026-09-26 12:00:00,2026-09-26 12:00:00,953.0
20260926,120000,71W,5,2026,9,26,12,21.6,123.60000000000001,95600.0,2026-09-26 12:00:00,2026-09-26 12:00:00,956.0
20260926,120000,71W,5,2026,9,26,12,22.0,123.3,95300.0,2026-09-26 12:00:00,2026-09-26 12:00:00,953.0
20260926,120000,71W,5,2026,9,26,12,22.400000000000002,122.3,95500.0,2026-09-26 12:00:00,2026-09-26 12:00:00,955.0
20260926,120000,71W,5,2026,9,26,12,22.900000000000002,121.7,95700.0,2026-09-26 12:00:00,2026-09-26 12:00:00,957.0
20260926,120000,71W,5,2026,9,26,12,23.7,120.3,96800.0,2026-09-26 12:00:00,2026-09-26 12:00:00,968.0
20260926,120000,71W,5,2026,9,26,12,23.6,120.0,97300.0,2026-09-26 12:00:00,2026-09-26 12:00:00,973.0
20260926,120000,71W,5,2026,9,26,12,24.400000000000002,120.0,97800.0,2026-09-26 12:00:00,2026-09-26 12:00:00,978.0
20260926,120000,71W,6,2026,9,26,12,13.1,153.70000000000002,101000.0,2026-09-26 12:00:00,2026-09-26 12:00:00,1010.0
20260926,120000,71W,6,2026,9,26,12,13.0,154.4,100700.0,2026-09-26 12:00:00,2026-09-26 12:00:00,1007.0
20260926,120000,71W,6,2026,9,26,12,13.200000000000001,155.3,101000.0,2026-09-26 12:00:00,2026-09-26 12:00:00,1010.0
20260926,120000,71W,6,2026,9,26,12,13.6,155.3,100700.0,2026-09-26 12:00:00,2026-09-26 12:00:00,1007.0
20260926,120000,71W,6,2026,9,26,12,13.6,155.3,100800.0,2026-09-26 12:00:00,2026-09-26 12:00:00,1008.0
20260926,120000,71W,6,2026,9,26,12,14.0,155.0,100500.0,2026-09-26 12:00:00,2026-09-26 12:00:00,1005.0
20260926,120000,71W,6,2026,9,26,12,14.200000000000001,153.9,100700.0,2026-09-26 12:00:00,2026-09-26 12:00:00,1007.0
20260926,120000,71W,6,2026,9,26,12,14.200000000000001,154.1,100400.0,2026-09-26 12:00:00,2026-09-26 12:00:00,1004.0
20260926,120000,71W,6,2026,9,26,12,15.0,153.9,100400.0,2026-09-26 12:00:00,2026-09-26 12:00:00,1004.0
20260926,120000,71W,6,2026,9,26,12,15.9,152.5,100100.0,2026-09-26 12:00:00,2026-09-26 12:00:00,1001.0
20260926,120000,71W,6,2026,9,26,12,16.2,152.1,100100.0,2026-09-26 12:00:00,2026-09-26 12:00:00,1001.0
20260926,120000,71W,6,2026,9,26,12,16.4,151.70000000000002,99900.0,2026-09-26 12:00:00,2026-09-26 12:00:00,999.0
20260926,120000,71W,6,2026,9,26,12,16.6,151.0,99900.0,2026-09-26 12:00:00,2026-09-26 12:00:00,999.0
20260926,120000,71W,6,2026,9,26,12,17.400000000000002,150.1,99500.0,2026-09-26 12:00:00,2026-09-26 12:00:00,995.0
20260926,120000,71W,6,2026,9,26,12,18.0,149.70000000000002,99500.0,2026-09-26 12:00:00,2026-09-26 12:00:00,995.0
20260926,120000,71W,6,2026,9,26,12,18.3,149.20000000000002,99100.0,2026-09-26 12:00:00,2026-09-26 12:00:00,991.0
20260926,120000,71W,6,2026,9,26,12,18.5,148.5,99100.0,2026-09-26 12:00:00,2026-09-26 12:00:00,991.0
20260926,120000,71W,6,2026,9,26,12,18.900000000000002,147.70000000000002,98700.0,2026-09-26 12:00:00,2026-09-26 12:00:00,987.0
20260926,120000,71W,6,2026,9,26,12,19.2,147.20000000000002,98300.0,2026-09-26 12:00:00,2026-09-26 12:00:00,983.0
20260926,120000,71W,6,2026,9,26,12,19.400000000000002,146.5,97200.0,2026-09-26 12:00:00,2026-09-26 12:00:00,972.0
20260926,120000,71W,6,2026,9,26,12,19.7,145.6,96800.0,2026-09-26 12:00:00,2026-09-26 12:00:00,968.0
20260926,120000,71W,6,2026,9,26,12,19.900000000000002,145.1,96000.0,2026-09-26 12:00:00,2026-09-26 12:00:00,960.0
20260926,120000,71W,6,2026,9,26,12,19.8,144.6,95600.0,2026-09-26 12:00:00,2026-09-26 12:00:00,956.0
20260926,120000,71W,6,2026,9,26,12,19.8,144.20000000000002,95200.0,2026-09-26 12:00:00,2026-09-26 12:00:00,952.0
20260926,120000,71W,6,2026,9,26,12,20.1,144.1,95200.0,2026-09-26 12:00:00,2026-09-26 12:00:00,952.0
20260926,120000,71W,6,2026,9,26,12,20.7,144.0,94500.0,2026-09-26 12:00:00,2026-09-26 12:00:00,945.0
20260926,120000,71W,6,2026,9,26,12,21.1,143.8,95100.0,2026-09-26 12:00:00,2026-09-26 12:00:00,951.0
20260926,120000,71W,6,2026,9,26,12,21.7,143.70000000000002,95400.0,2026-09-26 12:00:00,2026-09-26 12:00:00,954.0
20260926,120000,71W,6,2026,9,26,12,22.3,143.5,95800.0,2026-09-26 12:00:00,2026-09-26 12:00:00,958.0
20260926,120000,71W,6,2026,9,26,12,22.900000000000002,143.5,95800.0,2026-09-26 12:00:00,2026-09-26 12:00:00,958.0
20260926,120000,71W,6,2026,9,26,12,23.7,143.20000000000002,96100.0,2026-09-26 12:00:00,2026-09-26 12:00:00,961.0
20260926,120000,71W,6,2026,9,26,12,24.2,143.4,96200.0,2026-09-26 12:00:00,2026-09-26 12:00:00,962.0
20260926,120000,71W,6,2026,9,26,12,25.400000000000002,143.9,96300.0,2026-09-26 12:00:00,2026-09-26 12:00:00,963.0
20260926,120000,71W,6,2026,9,26,12,26.1,143.8,96400.0,2026-09-26 12:00:00,2026-09-26 12:00:00,964.0
20260926,120000,71W,6,2026,9,26,12,27.7,144.70000000000002,96700.0,2026-09-26 12:00:00,2026-09-26 12:00:00,967.0
20260926,120000,71W,6,2026,9,26,12,28.900000000000002,145.20000000000002,96600.0,2026-09-26 12:00:00,2026-09-26 12:00:00,966.0
20260926,120000,71W,6,2026,9,26,12,31.3,145.3,96500.0,2026-09-26 12:00:00,2026-09-26 12:00:00,965.0
20260926,120000,71W,6,2026,9,26,12,33.7,146.4,96500.0,2026-09-26 12:00:00,2026-09-26 12:00:00,965.0
20260926,120000,71W,6,2026,9,26,12,34.6,147.5,96500.0,2026-09-26 12:00:00,2026-09-26 12:00:00,965.0
20260926,120000,71W,6,2026,9,26,12,38.1,147.8,96300.0,2026-09-26 12:00:00,2026-09-26 12:00:00,963.0
20260926,120000,71W,6,2026,9,26,12,40.5,149.9,96300.0,2026-09-26 12:00:00,2026-09-26 12:00:00,963.0
20260926,120000,71W,6,2026,9,26,12,43.0,151.0,95700.0,2026-09-26 12:00:00,2026-09-26 12:00:00,957.0
20260926,120000,71W,6,2026,9,26,12,43.9,152.70000000000002,95100.0,2026-09-26 12:00:00,2026-09-26 12:00:00,951.0
20260926,120000,71W,6,2026,9,26,12,44.800000000000004,156.3,95300.0,2026-09-26 12:00:00,2026-09-26 12:00:00,953.0
20260926,120000,71W,7,2026,9,26,12,14.3,155.9,101000.0,2026-09-26 12:00:00,2026-09-26 12:00:00,1010.0
20260926,120000,71W,7,2026,9,26,12,13.5,156.3,100800.0,2026-09-26 12:00:00,2026-09-26 12:00:00,1008.0
20260926,120000,71W,7,2026,9,26,12,14.0,156.5,101000.0,2026-09-26 12:00:00,2026-09-26 12:00:00,1010.0
20260926,120000,71W,7,2026,9,26,12,13.0,158.0,100800.0,2026-09-26 12:00:00,2026-09-26 12:00:00,1008.0
20260926,120000,71W,7,2026,9,26,12,14.3,157.0,101000.0,2026-09-26 12:00:00,2026-09-26 12:00:00,1010.0
20260926,120000,71W,7,2026,9,26,12,14.5,157.0,100700.0,2026-09-26 12:00:00,2026-09-26 12:00:00,1007.0
20260926,120000,71W,7,2026,9,26,12,15.1,156.8,100900.0,2026-09-26 12:00:00,2026-09-26 12:00:00,1009.0
20260926,120000,71W,7,2026,9,26,12,15.700000000000001,156.3,100600.0,2026-09-26 12:00:00,2026-09-26 12:00:00,1006.0
20260926,120000,71W,7,2026,9,26,12,15.5,156.0,100700.0,2026-09-26 12:00:00,2026-09-26 12:00:00,1007.0
20260926,120000,71W,7,2026,9,26,12,15.200000000000001,153.6,100300.0,2026-09-26 12:00:00,2026-09-26 12:00:00,1003.0
20260926,120000,71W,7,2026,9,26,12,15.1,153.8,100300.0,2026-09-26 12:00:00,2026-09-26 12:00:00,1003.0
20260926,120000,71W,7,2026,9,26,12,16.3,155.8,99900.0,2026-09-26 12:00:00,2026-09-26 12:00:00,999.0
20260926,120000,71W,7,2026,9,26,12,16.1,155.20000000000002,99800.0,2026-09-26 12:00:00,2026-09-26 12:00:00,998.0
20260926,120000,71W,7,2026,9,26,12,16.8,156.20000000000002,99400.0,2026-09-26 12:00:00,2026-09-26 12:00:00,994.0
20260926,120000,71W,7,2026,9,26,12,17.2,155.3,99300.0,2026-09-26 12:00:00,2026-09-26 12:00:00,993.0
20260926,120000,71W,7,2026,9,26,12,17.900000000000002,155.3,98300.0,2026-09-26 12:00:00,2026-09-26 12:00:00,983.0
20260926,120000,71W,7,2026,9,26,12,18.3,154.8,98100.0,2026-09-26 12:00:00,2026-09-26 12:00:00,981.0
20260926,120000,71W,7,2026,9,26,12,19.1,154.9,97700.0,2026-09-26 12:00:00,2026-09-26 12:00:00,977.0
20260926,120000,71W,7,2026,9,26,12,20.0,154.6,97500.0,2026-09-26 12:00:00,2026-09-26 12:00:00,975.0
20260926,120000,71W,7,2026,9,26,12,20.8,154.4,96900.0,2026-09-26 12:00:00,2026-09-26 12:00:00,969.0
20260926,120000,71W,7,2026,9,26,12,21.7,154.4,96900.0,2026-09-26 12:00:00,2026-09-26 12:00:00,969.0
20260926,120000,71W,7,2026,9,26,12,23.3,154.4,96600.0,2026-09-26 12:00:00,2026-09-26 12:00:00,966.0
20260926,120000,71W,7,2026,9,26,12,24.7,154.0,96400.0,2026-09-26 12:00:00,2026-09-26 12:00:00,964.0
20260926,120000,71W,7,2026,9,26,12,26.0,153.8,96100.0,2026-09-26 12:00:00,2026-09-26 12:00:00,961.0
20260926,120000,71W,7,2026,9,26,12,27.2,153.70000000000002,96200.0,2026-09-26 12:00:00,2026-09-26 12:00:00,962.0
20260926,120000,71W,7,2026,9,26,12,28.400000000000002,153.9,96100.0,2026-09-26 12:00:00,2026-09-26 12:00:00,961.0
20260926,120000,71W,7,2026,9,26,12,28.8,154.1,96200.0,2026-09-26 12:00:00,2026-09-26 12:00:00,962.0
20260926,120000,71W,7,2026,9,26,12,29.400000000000002,154.6,95900.0,2026-09-26 12:00:00,2026-09-26 12:00:00,959.0
20260926,120000,71W,7,2026,9,26,12,29.900000000000002,154.9,96000.0,2026-09-26 12:00:00,2026-09-26 12:00:00,960.0
20260926,120000,71W,7,2026,9,26,12,30.1,155.20000000000002,95700.0,2026-09-26 12:00:00,2026-09-26 12:00:00,957.0
20260926,120000,71W,7,2026,9,26,12,30.1,155.1,96000.0,2026-09-26 12:00:00,2026-09-26 12:00:00,960.0
20260926,120000,71W,7,2026,9,26,12,30.400000000000002,155.1,96300.0,2026-09-26 12:00:00,2026-09-26 12:00:00,963.0
20260926,120000,71W,7,2026,9,26,12,30.900000000000002,154.9,96900.0,2026-09-26 12:00:00,2026-09-26 12:00:00,969.0
20260926,120000,71W,7,2026,9,26,12,31.8,154.9,96900.0,2026-09-26 12:00:00,2026-09-26 12:00:00,969.0
20260926,120000,71W,7,2026,9,26,12,33.2,155.1,97200.0,2026-09-26 12:00:00,2026-09-26 12:00:00,972.0
20260926,120000,71W,7,2026,9,26,12,35.0,155.4,97200.0,2026-09-26 12:00:00,2026-09-26 12:00:00,972.0
20260926,120000,71W,7,2026,9,26,12,36.800000000000004,156.5,97500.0,2026-09-26 12:00:00,2026-09-26 12:00:00,975.0
20260926,120000,71W,7,2026,9,26,12,38.4,157.5,97500.0,2026-09-26 12:00:00,2026-09-26 12:00:00,975.0
20260926,120000,71W,7,2026,9,26,12,39.5,159.3,98000.0,2026-09-26 12:00:00,2026-09-26 12:00:00,980.0
20260926,120000,71W,7,2026,9,26,12,41.1,162.20000000000002,98400.0,2026-09-26 12:00:00,2026-09-26 12:00:00,984.0
20260926,120000,71W,7,2026,9,26,12,43.0,165.1,99000.0,2026-09-26 12:00:00,2026-09-26 12:00:00,990.0
20260926,120000,71W,7,2026,9,26,12,45.1,168.5,98900.0,2026-09-26 12:00:00,2026-09-26 12:00:00,989.0
20260926,120000,71W,7,2026,9,26,12,46.300000000000004,172.0,98900.0,2026-09-26 12:00:00,2026-09-26 12:00:00,989.0
20260926,120000,71W,7,2026,9,26,12,46.9,176.1,98600.0,2026-09-26 12:00:00,2026-09-26 12:00:00,986.0
20260926,120000,71W,7,2026,9,26,12,47.300000000000004,180.1,98300.0,2026-09-26 12:00:00,2026-09-26 12:00:00,983.0
20260926,120000,71W,8,2026,9,26,12,23.7,122.9,100700.0,2026-09-26 12:00:00,2026-09-26 12:00:00,1007.0
20260926,120000,71W,8,2026,9,26,12,22.3,121.0,100900.0,2026-09-26 12:00:00,2026-09-26 12:00:00,1009.0
20260926,120000,71W,9,2026,9,26,12,13.700000000000001,152.70000000000002,100900.0,2026-09-26 12:00:00,2026-09-26 12:00:00,1009.0
20260926,120000,71W,9,2026,9,26,12,14.1,154.8,100900.0,2026-09-26 12:00:00,2026-09-26 12:00:00,1009.0
20260926,120000,71W,9,2026,9,26,12,14.8,155.5,101100.0,2026-09-26 12:00:00,2026-09-26 12:00:00,1011.0
20260926,120000,71W,9,2026,9,26,12,16.2,154.6,100900.0,2026-09-26 12:00:00,2026-09-26 12:00:00,1009.0
20260926,120000,71W,9,2026,9,26,12,16.6,154.1,101100.0,2026-09-26 12:00:00,2026-09-26 12:00:00,1011.0
20260926,120000,71W,9,2026,9,26,12,16.9,151.3,100700.0,2026-09-26 12:00:00,2026-09-26 12:00:00,1007.0
20260926,120000,71W,9,2026,9,26,12,17.6,150.3,100900.0,2026-09-26 12:00:00,2026-09-26 12:00:00,1009.0
20260926,120000,71W,9,2026,9,26,12,17.5,150.3,100700.0,2026-09-26 12:00:00,2026-09-26 12:00:00,1007.0
20260926,120000,71W,9,2026,9,26,12,17.900000000000002,149.9,100900.0,2026-09-26 12:00:00,2026-09-26 12:00:00,1009.0
20260926,120000,71W,9,2026,9,26,12,18.6,149.20000000000002,100600.0,2026-09-26 12:00:00,2026-09-26 12:00:00,1006.0
20260926,120000,71W,9,2026,9,26,12,18.900000000000002,148.0,100800.0,2026-09-26 12:00:00,2026-09-26 12:00:00,1008.0
20260926,120000,71W,9,2026,9,26,12,19.5,146.9,100700.0,2026-09-26 12:00:00,2026-09-26 12:00:00,1007.0
20260926,120000,71W,9,2026,9,26,12,19.5,146.4,100900.0,2026-09-26 12:00:00,2026-09-26 12:00:00,1009.0
20260926,120000,71W,9,2026,9,26,12,20.3,144.70000000000002,100600.0,2026-09-26 12:00:00,2026-09-26 12:00:00,1006.0
20260926,120000,71W,9,2026,9,26,12,20.2,144.70000000000002,100800.0,2026-09-26 12:00:00,2026-09-26 12:00:00,1008.0
20260926,120000,71W,9,2026,9,26,12,20.7,142.5,100600.0,2026-09-26 12:00:00,2026-09-26 12:00:00,1006.0
20260926,120000,71W,9,2026,9,26,12,21.0,141.4,100700.0,2026-09-26 12:00:00,2026-09-26 12:00:00,1007.0
20260926,120000,71W,9,2026,9,26,12,21.0,140.4,100500.0,2026-09-26 12:00:00,2026-09-26 12:00:00,1005.0
20260926,120000,71W,9,2026,9,26,12,22.400000000000002,140.6,100500.0,2026-09-26 12:00:00,2026-09-26 12:00:00,1005.0
20260926,120000,71W,9,2026,9,26,12,21.8,139.70000000000002,100300.0,2026-09-26 12:00:00,2026-09-26 12:00:00,1003.0
20260926,120000,71W,9,2026,9,26,12,22.0,138.4,100500.0,2026-09-26 12:00:00,2026-09-26 12:00:00,1005.0
20260926,120000,71W,9,2026,9,26,12,21.400000000000002,138.3,100200.0,2026-09-26 12:00:00,2026-09-26 12:00:00,1002.0
20260926,120000,71W,9,2026,9,26,12,21.400000000000002,137.5,100500.0,2026-09-26 12:00:00,2026-09-26 12:00:00,1005.0
20260926,120000,71W,9,2026,9,26,12,21.400000000000002,136.9,100200.0,2026-09-26 12:00:00,2026-09-26 12:00:00,1002.0
20260926,120000,71W,9,2026,9,26,12,21.5,136.6,100400.0,2026-09-26 12:00:00,2026-09-26 12:00:00,1004.0
20260926,120000,71W,9,2026,9,26,12,21.400000000000002,136.3,100100.0,2026-09-26 12:00:00,2026-09-26 12:00:00,1001.0
20260926,120000,71W,9,2026,9,26,12,21.0,135.4,100300.0,2026-09-26 12:00:00,2026-09-26 12:00:00,1003.0
20260926,120000,71W,9,2026,9,26,12,20.400000000000002,134.6,100000.0,2026-09-26 12:00:00,2026-09-26 12:00:00,1000.0
20260926,120000,71W,9,2026,9,26,12,20.0,133.6,100100.0,2026-09-26 12:00:00,2026-09-26 12:00:00,1001.0
20260926,120000,71W,9,2026,9,26,12,19.400000000000002,132.8,99700.0,2026-09-26 12:00:00,2026-09-26 12:00:00,997.0
20260926,120000,71W,9,2026,9,26,12,19.0,131.6,99600.0,2026-09-26 12:00:00,2026-09-26 12:00:00,996.0
20260926,120000,71W,9,2026,9,26,12,18.5,130.2,99100.0,2026-09-26 12:00:00,2026-09-26 12:00:00,991.0
20260926,120000,71W,9,2026,9,26,12,18.6,129.0,98900.0,2026-09-26 12:00:00,2026-09-26 12:00:00,989.0
20260926,120000,71W,9,2026,9,26,12,18.5,127.60000000000001,97600.0,2026-09-26 12:00:00,2026-09-26 12:00:00,976.0
20260926,120000,71W,9,2026,9,26,12,18.3,126.2,97000.0,2026-09-26 12:00:00,2026-09-26 12:00:00,970.0
20260926,120000,71W,9,2026,9,26,12,18.1,125.0,95900.0,2026-09-26 12:00:00,2026-09-26 12:00:00,959.0
20260926,120000,71W,9,2026,9,26,12,18.1,123.9,94400.0,2026-09-26 12:00:00,2026-09-26 12:00:00,944.0
20260926,120000,71W,9,2026,9,26,12,18.2,122.9,92500.0,2026-09-26 12:00:00,2026-09-26 12:00:00,925.0
20260926,120000,71W,9,2026,9,26,12,18.1,121.9,93300.0,2026-09-26 12:00:00,2026-09-26 12:00:00,933.0
20260926,120000,71W,9,2026,9,26,12,17.900000000000002,121.0,95300.0,2026-09-26 12:00:00,2026-09-26 12:00:00,953.0
20260926,120000,71W,9,2026,9,26,12,17.8,120.3,95900.0,2026-09-26 12:00:00,2026-09-26 12:00:00,959.0
20260926,120000,71W,9,2026,9,26,12,17.900000000000002,119.8,95400.0,2026-09-26 12:00:00,2026-09-26 12:00:00,954.0
20260926,120000,71W,9,2026,9,26,12,17.8,119.60000000000001,95200.0,2026-09-26 12:00:00,2026-09-26 12:00:00,952.0
20260926,120000,71W,9,2026,9,26,12,17.900000000000002,119.10000000000001,95800.0,2026-09-26 12:00:00,2026-09-26 12:00:00,958.0
20260926,120000,71W,9,2026,9,26,12,17.900000000000002,118.7,96200.0,2026-09-26 12:00:00,2026-09-26 12:00:00,962.0
20260926,120000,71W,9,2026,9,26,12,18.0,118.2,96000.0,2026-09-26 12:00:00,2026-09-26 12:00:00,960.0
20260926,120000,71W,9,2026,9,26,12,18.0,117.8,95800.0,2026-09-26 12:00:00,2026-09-26 12:00:00,958.0
20260926,120000,71W,9,2026,9,26,12,18.1,117.2,96400.0,2026-09-26 12:00:00,2026-09-26 12:00:00,964.0
20260926,120000,71W,9,2026,9,26,12,18.1,116.4,95700.0,2026-09-26 12:00:00,2026-09-26 12:00:00,957.0
20260926,120000,71W,9,2026,9,26,12,18.3,115.60000000000001,95200.0,2026-09-26 12:00:00,2026-09-26 12:00:00,952.0
20260926,120000,71W,9,2026,9,26,12,18.3,114.60000000000001,94300.0,2026-09-26 12:00:00,2026-09-26 12:00:00,943.0
20260926,120000,71W,9,2026,9,26,12,18.3,113.4,93400.0,2026-09-26 12:00:00,2026-09-26 12:00:00,934.0
20260926,120000,71W,9,2026,9,26,12,18.400000000000002,112.4,92300.0,2026-09-26 12:00:00,2026-09-26 12:00:00,923.0
20260926,120000,71W,9,2026,9,26,12,18.400000000000002,111.3,94600.0,2026-09-26 12:00:00,2026-09-26 12:00:00,946.0
20260926,120000,71W,9,2026,9,26,12,18.2,110.60000000000001,96200.0,2026-09-26 12:00:00,2026-09-26 12:00:00,962.0
20260926,120000,71W,10,2026,9,26,12,14.3,153.70000000000002,101000.0,2026-09-26 12:00:00,2026-09-26 12:00:00,1010.0
20260926,120000,71W,10,2026,9,26,12,12.200000000000001,153.6,100900.0,2026-09-26 12:00:00,2026-09-26 12:00:00,1009.0
20260926,120000,71W,10,2026,9,26,12,13.6,155.1,100500.0,2026-09-26 12:00:00,2026-09-26 12:00:00,1005.0
20260926,120000,71W,10,2026,9,26,12,14.3,154.3,100600.0,2026-09-26 12:00:00,2026-09-26 12:00:00,1006.0
20260926,120000,71W,10,2026,9,26,12,14.3,154.1,100300.0,2026-09-26 12:00:00,2026-09-26 12:00:00,1003.0
20260926,120000,71W,10,2026,9,26,12,15.0,153.20000000000002,100400.0,2026-09-26 12:00:00,2026-09-26 12:00:00,1004.0
20260926,120000,71W,10,2026,9,26,12,15.4,152.70000000000002,100100.0,2026-09-26 12:00:00,2026-09-26 12:00:00,1001.0
20260926,120000,71W,10,2026,9,26,12,16.4,151.6,100200.0,2026-09-26 12:00:00,2026-09-26 12:00:00,1002.0
20260926,120000,71W,10,2026,9,26,12,16.6,150.6,99800.0,2026-09-26 12:00:00,2026-09-26 12:00:00,998.0
20260926,120000,71W,10,2026,9,26,12,17.400000000000002,150.1,99700.0,2026-09-26 12:00:00,2026-09-26 12:00:00,997.0
20260926,120000,71W,10,2026,9,26,12,17.6,148.9,99400.0,2026-09-26 12:00:00,2026-09-26 12:00:00,994.0
20260926,120000,71W,10,2026,9,26,12,18.5,147.8,99400.0,2026-09-26 12:00:00,2026-09-26 12:00:00,994.0
20260926,120000,71W,10,2026,9,26,12,19.0,147.0,98900.0,2026-09-26 12:00:00,2026-09-26 12:00:00,989.0
20260926,120000,71W,10,2026,9,26,12,19.2,146.0,98500.0,2026-09-26 12:00:00,2026-09-26 12:00:00,985.0
20260926,120000,71W,10,2026,9,26,12,19.5,145.3,97700.0,2026-09-26 12:00:00,2026-09-26 12:00:00,977.0
20260926,120000,71W,10,2026,9,26,12,19.5,144.20000000000002,97200.0,2026-09-26 12:00:00,2026-09-26 12:00:00,972.0
20260926,120000,71W,10,2026,9,26,12,19.7,143.20000000000002,96000.0,2026-09-26 12:00:00,2026-09-26 12:00:00,960.0
20260926,120000,71W,10,2026,9,26,12,19.8,142.5,95300.0,2026-09-26 12:00:00,2026-09-26 12:00:00,953.0
20260926,120000,71W,10,2026,9,26,12,19.900000000000002,141.6,94300.0,2026-09-26 12:00:00,2026-09-26 12:00:00,943.0
20260926,120000,71W,10,2026,9,26,12,19.7,140.9,94100.0,2026-09-26 12:00:00,2026-09-26 12:00:00,941.0
20260926,120000,71W,10,2026,9,26,12,19.900000000000002,140.4,93000.0,2026-09-26 12:00:00,2026-09-26 12:00:00,930.0
20260926,120000,71W,10,2026,9,26,12,20.0,139.70000000000002,92600.0,2026-09-26 12:00:00,2026-09-26 12:00:00,926.0
20260926,120000,71W,10,2026,9,26,12,20.2,138.9,92500.0,2026-09-26 12:00:00,2026-09-26 12:00:00,925.0
20260926,120000,71W,10,2026,9,26,12,20.400000000000002,138.1,93100.0,2026-09-26 12:00:00,2026-09-26 12:00:00,931.0
20260926,120000,71W,10,2026,9,26,12,20.6,137.4,93100.0,2026-09-26 12:00:00,2026-09-26 12:00:00,931.0
20260926,120000,71W,10,2026,9,26,12,20.900000000000002,136.5,93600.0,2026-09-26 12:00:00,2026-09-26 12:00:00,936.0
20260926,120000,71W,10,2026,9,26,12,21.0,135.7,93500.0,2026-09-26 12:00:00,2026-09-26 12:00:00,935.0
20260926,120000,71W,10,2026,9,26,12,21.1,135.0,93800.0,2026-09-26 12:00:00,2026-09-26 12:00:00,938.0
20260926,120000,71W,10,2026,9,26,12,21.400000000000002,134.5,93700.0,2026-09-26 12:00:00,2026-09-26 12:00:00,937.0
20260926,120000,71W,10,2026,9,26,12,21.6,133.9,93700.0,2026-09-26 12:00:00,2026-09-26 12:00:00,937.0
20260926,120000,71W,10,2026,9,26,12,21.7,133.4,93900.0,2026-09-26 12:00:00,2026-09-26 12:00:00,939.0
20260926,120000,71W,10,2026,9,26,12,21.8,132.7,94400.0,2026-09-26 12:00:00,2026-09-26 12:00:00,944.0
20260926,120000,71W,10,2026,9,26,12,21.8,131.9,94400.0,2026-09-26 12:00:00,2026-09-26 12:00:00,944.0
20260926,120000,71W,10,2026,9,26,12,21.8,131.0,94700.0,2026-09-26 12:00:00,2026-09-26 12:00:00,947.0
20260926,120000,71W,10,2026,9,26,12,21.6,129.8,94800.0,2026-09-26 12:00:00,2026-09-26 12:00:00,948.0
20260926,120000,71W,10,2026,9,26,12,21.5,128.8,95300.0,2026-09-26 12:00:00,2026-09-26 12:00:00,953.0
20260926,120000,71W,10,2026,9,26,12,21.1,127.3,95200.0,2026-09-26 12:00:00,2026-09-26 12:00:00,952.0
20260926,120000,71W,10,2026,9,26,12,20.7,126.4,95200.0,2026-09-26 12:00:00,2026-09-26 12:00:00,952.0
20260926,120000,71W,10,2026,9,26,12,20.3,125.2,94700.0,2026-09-26 12:00:00,2026-09-26 12:00:00,947.0
20260926,120000,71W,10,2026,9,26,12,20.2,124.4,94700.0,2026-09-26 12:00:00,2026-09-26 12:00:00,947.0
20260926,120000,71W,10,2026,9,26,12,19.8,123.5,94000.0,2026-09-26 12:00:00,2026-09-26 12:00:00,940.0
20260926,120000,71W,10,2026,9,26,12,19.3,122.4,94600.0,2026-09-26 12:00:00,2026-09-26 12:00:00,946.0
20260926,120000,71W,10,2026,9,26,12,19.400000000000002,121.7,94700.0,2026-09-26 12:00:00,2026-09-26 12:00:00,947.0
20260926,120000,71W,10,2026,9,26,12,19.2,121.0,95600.0,2026-09-26 12:00:00,2026-09-26 12:00:00,956.0
20260926,120000,71W,10,2026,9,26,12,18.8,120.10000000000001,95900.0,2026-09-26 12:00:00,2026-09-26 12:00:00,959.0
20260926,120000,71W,10,2026,9,26,12,18.900000000000002,119.7,96100.0,2026-09-26 12:00:00,2026-09-26 12:00:00,961.0
20260926,120000,71W,10,2026,9,26,12,18.400000000000002,119.60000000000001,95900.0,2026-09-26 12:00:00,2026-09-26 12:00:00,959.0
20260926,120000,71W,10,2026,9,26,12,18.7,119.5,95900.0,2026-09-26 12:00:00,2026-09-26 12:00:00,959.0
20260926,120000,71W,10,2026,9,26,12,19.2,119.0,96000.0,2026-09-26 12:00:00,2026-09-26 12:00:00,960.0
20260926,120000,71W,10,2026,9,26,12,19.3,118.3,96300.0,2026-09-26 12:00:00,2026-09-26 12:00:00,963.0
20260926,120000,71W,10,2026,9,26,12,19.400000000000002,118.2,96300.0,2026-09-26 12:00:00,2026-09-26 12:00:00,963.0
20260926,120000,71W,10,2026,9,26,12,19.7,117.9,96700.0,2026-09-26 12:00:00,2026-09-26 12:00:00,967.0
20260926,120000,71W,10,2026,9,26,12,19.900000000000002,117.5,96600.0,2026-09-26 12:00:00,2026-09-26 12:00:00,966.0
20260926,120000,71W,10,2026,9,26,12,20.1,117.3,97000.0,2026-09-26 12:00:00,2026-09-26 12:00:00,970.0
20260926,120000,71W,10,2026,9,26,12,20.5,116.8,97000.0,2026-09-26 12:00:00,2026-09-26 12:00:00,970.0
20260926,120000,71W,10,2026,9,26,12,20.8,115.9,97200.0,2026-09-26 12:00:00,2026-09-26 12:00:00,972.0
20260926,120000,71W,10,2026,9,26,12,21.2,115.2,97300.0,2026-09-26 12:00:00,2026-09-26 12:00:00,973.0
20260926,120000,71W,10,2026,9,26,12,21.6,114.8,97800.0,2026-09-26 12:00:00,2026-09-26 12:00:00,978.0
20260926,120000,71W,11,2026,9,26,12,13.8,156.5,100900.0,2026-09-26 12:00:00,2026-09-26 12:00:00,1009.0
20260926,120000,71W,11,2026,9,26,12,14.5,157.6,101100.0,2026-09-26 12:00:00,2026-09-26 12:00:00,1011.0
20260926,120000,71W,11,2026,9,26,12,14.3,157.5,100800.0,2026-09-26 12:00:00,2026-09-26 12:00:00,1008.0
20260926,120000,71W,11,2026,9,26,12,14.700000000000001,157.20000000000002,101100.0,2026-09-26 12:00:00,2026-09-26 12:00:00,1011.0
20260926,120000,71W,11,2026,9,26,12,14.6,157.0,100800.0,2026-09-26 12:00:00,2026-09-26 12:00:00,1008.0
20260926,120000,71W,11,2026,9,26,12,15.6,156.0,100800.0,2026-09-26 12:00:00,2026-09-26 12:00:00,1008.0
20260926,120000,71W,11,2026,9,26,12,16.1,155.4,100300.0,2026-09-26 12:00:00,2026-09-26 12:00:00,1003.0
20260926,120000,71W,11,2026,9,26,12,16.5,154.6,100300.0,2026-09-26 12:00:00,2026-09-26 12:00:00,1003.0
20260926,120000,71W,11,2026,9,26,12,17.0,153.70000000000002,99500.0,2026-09-26 12:00:00,2026-09-26 12:00:00,995.0
20260926,120000,71W,11,2026,9,26,12,16.9,153.1,99500.0,2026-09-26 12:00:00,2026-09-26 12:00:00,995.0
20260926,120000,71W,11,2026,9,26,12,16.9,152.70000000000002,99000.0,2026-09-26 12:00:00,2026-09-26 12:00:00,990.0
20260926,120000,71W,11,2026,9,26,12,17.1,152.20000000000002,98600.0,2026-09-26 12:00:00,2026-09-26 12:00:00,986.0
20260926,120000,71W,11,2026,9,26,12,17.5,152.0,98600.0,2026-09-26 12:00:00,2026-09-26 12:00:00,986.0
20260926,120000,71W,11,2026,9,26,12,17.900000000000002,151.5,98300.0,2026-09-26 12:00:00,2026-09-26 12:00:00,983.0
20260926,120000,71W,11,2026,9,26,12,18.3,150.8,97500.0,2026-09-26 12:00:00,2026-09-26 12:00:00,975.0
20260926,120000,71W,11,2026,9,26,12,18.400000000000002,150.3,97300.0,2026-09-26 12:00:00,2026-09-26 12:00:00,973.0
20260926,120000,71W,11,2026,9,26,12,18.6,149.70000000000002,96600.0,2026-09-26 12:00:00,2026-09-26 12:00:00,966.0
20260926,120000,71W,11,2026,9,26,12,18.900000000000002,149.1,94500.0,2026-09-26 12:00:00,2026-09-26 12:00:00,945.0
20260926,120000,71W,11,2026,9,26,12,19.2,148.20000000000002,93600.0,2026-09-26 12:00:00,2026-09-26 12:00:00,936.0
20260926,120000,71W,11,2026,9,26,12,19.2,147.6,94300.0,2026-09-26 12:00:00,2026-09-26 12:00:00,943.0
20260926,120000,71W,11,2026,9,26,12,19.2,147.20000000000002,94100.0,2026-09-26 12:00:00,2026-09-26 12:00:00,941.0
20260926,120000,71W,11,2026,9,26,12,19.5,147.20000000000002,93400.0,2026-09-26 12:00:00,2026-09-26 12:00:00,934.0
20260926,120000,71W,11,2026,9,26,12,20.1,147.5,93300.0,2026-09-26 12:00:00,2026-09-26 12:00:00,933.0
20260926,120000,71W,11,2026,9,26,12,20.900000000000002,147.5,93300.0,2026-09-26 12:00:00,2026-09-26 12:00:00,933.0
20260926,120000,71W,11,2026,9,26,12,21.5,147.8,92700.0,2026-09-26 12:00:00,2026-09-26 12:00:00,927.0
20260926,120000,71W,11,2026,9,26,12,22.6,147.9,93400.0,2026-09-26 12:00:00,2026-09-26 12:00:00,934.0
20260926,120000,71W,11,2026,9,26,12,23.2,148.20000000000002,93500.0,2026-09-26 12:00:00,2026-09-26 12:00:00,935.0
20260926,120000,71W,11,2026,9,26,12,23.8,148.3,93700.0,2026-09-26 12:00:00,2026-09-26 12:00:00,937.0
20260926,120000,71W,11,2026,9,26,12,25.0,148.5,93800.0,2026-09-26 12:00:00,2026-09-26 12:00:00,938.0
20260926,120000,71W,11,2026,9,26,12,25.5,148.8,94100.0,2026-09-26 12:00:00,2026-09-26 12:00:00,941.0
20260926,120000,71W,11,2026,9,26,12,25.900000000000002,149.20000000000002,94200.0,2026-09-26 12:00:00,2026-09-26 12:00:00,942.0
20260926,120000,71W,11,2026,9,26,12,26.900000000000002,149.0,94000.0,2026-09-26 12:00:00,2026-09-26 12:00:00,940.0
20260926,120000,71W,11,2026,9,26,12,27.900000000000002,149.3,93900.0,2026-09-26 12:00:00,2026-09-26 12:00:00,939.0
20260926,120000,71W,11,2026,9,26,12,29.2,150.0,93800.0,2026-09-26 12:00:00,2026-09-26 12:00:00,938.0
20260926,120000,71W,11,2026,9,26,12,31.2,150.0,93500.0,2026-09-26 12:00:00,2026-09-26 12:00:00,935.0
20260926,120000,71W,11,2026,9,26,12,33.6,150.1,93500.0,2026-09-26 12:00:00,2026-09-26 12:00:00,935.0
20260926,120000,71W,11,2026,9,26,12,36.5,150.0,93600.0,2026-09-26 12:00:00,2026-09-26 12:00:00,936.0
20260926,120000,71W,11,2026,9,26,12,39.4,149.9,93600.0,2026-09-26 12:00:00,2026-09-26 12:00:00,936.0
20260926,120000,71W,11,2026,9,26,12,42.4,149.6,93200.0,2026-09-26 12:00:00,2026-09-26 12:00:00,932.0
20260926,120000,71W,11,2026,9,26,12,44.800000000000004,149.6,93000.0,2026-09-26 12:00:00,2026-09-26 12:00:00,930.0
20260926,120000,71W,11,2026,9,26,12,47.0,149.6,93000.0,2026-09-26 12:00:00,2026-09-26 12:00:00,930.0
20260926,120000,71W,11,2026,9,26,12,48.800000000000004,151.0,93300.0,2026-09-26 12:00:00,2026-09-26 12:00:00,933.0
20260926,120000,71W,11,2026,9,26,12,50.6,152.70000000000002,94000.0,2026-09-26 12:00:00,2026-09-26 12:00:00,940.0
20260926,120000,71W,12,2026,9,26,12,10.8,147.5,100800.0,2026-09-26 12:00:00,2026-09-26 12:00:00,1008.0
20260926,120000,71W,12,2026,9,26,12,11.200000000000001,148.9,101000.0,2026-09-26 12:00:00,2026-09-26 12:00:00,1010.0
20260926,120000,71W,12,2026,9,26,12,11.700000000000001,149.9,100600.0,2026-09-26 12:00:00,2026-09-26 12:00:00,1006.0
20260926,120000,71W,12,2026,9,26,12,13.1,150.6,100600.0,2026-09-26 12:00:00,2026-09-26 12:00:00,1006.0
20260926,120000,71W,12,2026,9,26,12,13.200000000000001,151.1,100200.0,2026-09-26 12:00:00,2026-09-26 12:00:00,1002.0
20260926,120000,71W,12,2026,9,26,12,13.6,151.6,99900.0,2026-09-26 12:00:00,2026-09-26 12:00:00,999.0
20260926,120000,71W,12,2026,9,26,12,14.1,152.5,99300.0,2026-09-26 12:00:00,2026-09-26 12:00:00,993.0
20260926,120000,71W,12,2026,9,26,12,15.4,153.8,99700.0,2026-09-26 12:00:00,2026-09-26 12:00:00,997.0
20260926,120000,71W,12,2026,9,26,12,17.3,153.5,99400.0,2026-09-26 12:00:00,2026-09-26 12:00:00,994.0
20260926,120000,71W,12,2026,9,26,12,18.2,152.0,99200.0,2026-09-26 12:00:00,2026-09-26 12:00:00,992.0
20260926,120000,71W,12,2026,9,26,12,18.2,151.0,98200.0,2026-09-26 12:00:00,2026-09-26 12:00:00,982.0
20260926,120000,71W,12,2026,9,26,12,18.6,150.5,97900.0,2026-09-26 12:00:00,2026-09-26 12:00:00,979.0
20260926,120000,71W,12,2026,9,26,12,19.0,149.9,97200.0,2026-09-26 12:00:00,2026-09-26 12:00:00,972.0
20260926,120000,71W,12,2026,9,26,12,19.5,149.1,96700.0,2026-09-26 12:00:00,2026-09-26 12:00:00,967.0
20260926,120000,71W,12,2026,9,26,12,19.900000000000002,148.70000000000002,95500.0,2026-09-26 12:00:00,2026-09-26 12:00:00,955.0
20260926,120000,71W,12,2026,9,26,12,20.2,148.0,95600.0,2026-09-26 12:00:00,2026-09-26 12:00:00,956.0
20260926,120000,71W,12,2026,9,26,12,20.5,147.3,95400.0,2026-09-26 12:00:00,2026-09-26 12:00:00,954.0
20260926,120000,71W,12,2026,9,26,12,20.8,146.5,94600.0,2026-09-26 12:00:00,2026-09-26 12:00:00,946.0
20260926,120000,71W,12,2026,9,26,12,20.8,145.70000000000002,93800.0,2026-09-26 12:00:00,2026-09-26 12:00:00,938.0
20260926,120000,71W,12,2026,9,26,12,21.0,144.9,94000.0,2026-09-26 12:00:00,2026-09-26 12:00:00,940.0
20260926,120000,71W,12,2026,9,26,12,21.1,144.20000000000002,93600.0,2026-09-26 12:00:00,2026-09-26 12:00:00,936.0
20260926,120000,71W,12,2026,9,26,12,21.400000000000002,143.5,93700.0,2026-09-26 12:00:00,2026-09-26 12:00:00,937.0
20260926,120000,71W,12,2026,9,26,12,21.7,142.8,93600.0,2026-09-26 12:00:00,2026-09-26 12:00:00,936.0
20260926,120000,71W,12,2026,9,26,12,21.900000000000002,142.20000000000002,94300.0,2026-09-26 12:00:00,2026-09-26 12:00:00,943.0
20260926,120000,71W,12,2026,9,26,12,22.3,141.6,94800.0,2026-09-26 12:00:00,2026-09-26 12:00:00,948.0
20260926,120000,71W,12,2026,9,26,12,22.3,141.1,95300.0,2026-09-26 12:00:00,2026-09-26 12:00:00,953.0
20260926,120000,71W,12,2026,9,26,12,22.400000000000002,141.1,95500.0,2026-09-26 12:00:00,2026-09-26 12:00:00,955.0
20260926,120000,71W,12,2026,9,26,12,22.7,141.1,96100.0,2026-09-26 12:00:00,2026-09-26 12:00:00,961.0
20260926,120000,71W,12,2026,9,26,12,23.0,141.0,96300.0,2026-09-26 12:00:00,2026-09-26 12:00:00,963.0
20260926,120000,71W,12,2026,9,26,12,23.5,140.9,96600.0,2026-09-26 12:00:00,2026-09-26 12:00:00,966.0
20260926,120000,71W,12,2026,9,26,12,23.7,140.9,96600.0,2026-09-26 12:00:00,2026-09-26 12:00:00,966.0
20260926,120000,71W,12,2026,9,26,12,24.400000000000002,140.9,97000.0,2026-09-26 12:00:00,2026-09-26 12:00:00,970.0
20260926,120000,71W,12,2026,9,26,12,24.6,140.9,96800.0,2026-09-26 12:00:00,2026-09-26 12:00:00,968.0
20260926,120000,71W,12,2026,9,26,12,25.400000000000002,140.5,97100.0,2026-09-26 12:00:00,2026-09-26 12:00:00,971.0
20260926,120000,71W,12,2026,9,26,12,25.8,140.6,96900.0,2026-09-26 12:00:00,2026-09-26 12:00:00,969.0
20260926,120000,71W,12,2026,9,26,12,26.5,139.8,97000.0,2026-09-26 12:00:00,2026-09-26 12:00:00,970.0
20260926,120000,71W,12,2026,9,26,12,26.900000000000002,138.9,96400.0,2026-09-26 12:00:00,2026-09-26 12:00:00,964.0
20260926,120000,71W,12,2026,9,26,12,27.3,138.9,96500.0,2026-09-26 12:00:00,2026-09-26 12:00:00,965.0
20260926,120000,71W,12,2026,9,26,12,27.8,138.5,95600.0,2026-09-26 12:00:00,2026-09-26 12:00:00,956.0
20260926,120000,71W,12,2026,9,26,12,28.2,138.4,95800.0,2026-09-26 12:00:00,2026-09-26 12:00:00,958.0
20260926,120000,71W,12,2026,9,26,12,29.2,138.3,95600.0,2026-09-26 12:00:00,2026-09-26 12:00:00,956.0
20260926,120000,71W,12,2026,9,26,12,29.8,139.0,96000.0,2026-09-26 12:00:00,2026-09-26 12:00:00,960.0
20260926,120000,71W,12,2026,9,26,12,31.1,139.70000000000002,96400.0,2026-09-26 12:00:00,2026-09-26 12:00:00,964.0
20260926,120000,71W,12,2026,9,26,12,31.5,140.4,96100.0,2026-09-26 12:00:00,2026-09-26 12:00:00,961.0
20260926,120000,71W,12,2026,9,26,12,32.7,141.1,96500.0,2026-09-26 12:00:00,2026-09-26 12:00:00,965.0
20260926,120000,71W,12,2026,9,26,12,33.6,141.6,96500.0,2026-09-26 12:00:00,2026-09-26 12:00:00,965.0
20260926,120000,71W,12,2026,9,26,12,35.0,143.1,96100.0,2026-09-26 12:00:00,2026-09-26 12:00:00,961.0
20260926,120000,71W,12,2026,9,26,12,36.300000000000004,144.70000000000002,96100.0,2026-09-26 12:00:00,2026-09-26 12:00:00,961.0
20260926,120000,71W,12,2026,9,26,12,38.2,146.1,95700.0,2026-09-26 12:00:00,2026-09-26 12:00:00,957.0
20260926,120000,71W,12,2026,9,26,12,39.800000000000004,146.9,95200.0,2026-09-26 12:00:00,2026-09-26 12:00:00,952.0
20260926,120000,71W,12,2026,9,26,12,41.1,147.5,94700.0,2026-09-26 12:00:00,2026-09-26 12:00:00,947.0
20260926,120000,71W,12,2026,9,26,12,42.0,149.0,94900.0,2026-09-26 12:00:00,2026-09-26 12:00:00,949.0
20260926,120000,71W,12,2026,9,26,12,43.0,151.4,95100.0,2026-09-26 12:00:00,2026-09-26 12:00:00,951.0
20260926,120000,71W,12,2026,9,26,12,44.2,154.1,95700.0,2026-09-26 12:00:00,2026-09-26 12:00:00,957.0
20260926,120000,71W,12,2026,9,26,12,45.4,157.1,96300.0,2026-09-26 12:00:00,2026-09-26 12:00:00,963.0
20260926,120000,71W,12,2026,9,26,12,46.5,159.8,96800.0,2026-09-26 12:00:00,2026-09-26 12:00:00,968.0
20260926,120000,71W,13,2026,9,26,12,13.0,160.8,100800.0,2026-09-26 12:00:00,2026-09-26 12:00:00,1008.0
20260926,120000,71W,13,2026,9,26,12,13.3,161.0,101000.0,2026-09-26 12:00:00,2026-09-26 12:00:00,1010.0
20260926,120000,71W,13,2026,9,26,12,13.6,160.70000000000002,100700.0,2026-09-26 12:00:00,2026-09-26 12:00:00,1007.0
20260926,120000,71W,13,2026,9,26,12,14.200000000000001,161.20000000000002,101000.0,2026-09-26 12:00:00,2026-09-26 12:00:00,1010.0
20260926,120000,71W,13,2026,9,26,12,15.6,161.8,100800.0,2026-09-26 12:00:00,2026-09-26 12:00:00,1008.0
20260926,120000,71W,13,2026,9,26,12,16.0,161.0,100900.0,2026-09-26 12:00:00,2026-09-26 12:00:00,1009.0
20260926,120000,71W,14,2026,9,26,12,12.700000000000001,157.3,100900.0,2026-09-26 12:00:00,2026-09-26 12:00:00,1009.0
20260926,120000,71W,14,2026,9,26,12,12.8,157.8,100500.0,2026-09-26 12:00:00,2026-09-26 12:00:00,1005.0
20260926,120000,71W,14,2026,9,26,12,12.9,158.6,100700.0,2026-09-26 12:00:00,2026-09-26 12:00:00,1007.0
20260926,120000,71W,14,2026,9,26,12,13.1,159.1,100400.0,2026-09-26 12:00:00,2026-09-26 12:00:00,1004.0
20260926,120000,71W,14,2026,9,26,12,13.8,159.4,100500.0,2026-09-26 12:00:00,2026-09-26 12:00:00,1005.0
20260926,120000,71W,14,2026,9,26,12,14.200000000000001,159.5,100300.0,2026-09-26 12:00:00,2026-09-26 12:00:00,1003.0
20260926,120000,71W,14,2026,9,26,12,14.5,159.6,100400.0,2026-09-26 12:00:00,2026-09-26 12:00:00,1004.0
20260926,120000,71W,14,2026,9,26,12,14.9,159.3,100100.0,2026-09-26 12:00:00,2026-09-26 12:00:00,1001.0
20260926,120000,71W,14,2026,9,26,12,15.700000000000001,159.3,100200.0,2026-09-26 12:00:00,2026-09-26 12:00:00,1002.0
20260926,120000,71W,14,2026,9,26,12,16.2,158.9,99800.0,2026-09-26 12:00:00,2026-09-26 12:00:00,998.0
20260926,120000,71W,14,2026,9,26,12,16.5,157.9,100000.0,2026-09-26 12:00:00,2026-09-26 12:00:00,1000.0
20260926,120000,71W,14,2026,9,26,12,16.6,157.0,99800.0,2026-09-26 12:00:00,2026-09-26 12:00:00,998.0
20260926,120000,71W,14,2026,9,26,12,16.4,156.1,99900.0,2026-09-26 12:00:00,2026-09-26 12:00:00,999.0
20260926,120000,71W,14,2026,9,26,12,16.3,155.8,99700.0,2026-09-26 12:00:00,2026-09-26 12:00:00,997.0
20260926,120000,71W,14,2026,9,26,12,16.4,156.5,99700.0,2026-09-26 12:00:00,2026-09-26 12:00:00,997.0
20260926,120000,71W,14,2026,9,26,12,16.6,157.6,99400.0,2026-09-26 12:00:00,2026-09-26 12:00:00,994.0
20260926,120000,71W,14,2026,9,26,12,17.5,158.5,99400.0,2026-09-26 12:00:00,2026-09-26 12:00:00,994.0
20260926,120000,71W,14,2026,9,26,12,18.900000000000002,159.0,99000.0,2026-09-26 12:00:00,2026-09-26 12:00:00,990.0
20260926,120000,71W,14,2026,9,26,12,20.7,159.0,98500.0,2026-09-26 12:00:00,2026-09-26 12:00:00,985.0
20260926,120000,71W,14,2026,9,26,12,22.5,157.5,98200.0,2026-09-26 12:00:00,2026-09-26 12:00:00,982.0
20260926,120000,71W,14,2026,9,26,12,23.3,154.9,98200.0,2026-09-26 12:00:00,2026-09-26 12:00:00,982.0
20260926,120000,71W,14,2026,9,26,12,22.3,153.6,97900.0,2026-09-26 12:00:00,2026-09-26 12:00:00,979.0
20260926,120000,71W,14,2026,9,26,12,21.6,154.6,98000.0,2026-09-26 12:00:00,2026-09-26 12:00:00,980.0
20260926,120000,71W,14,2026,9,26,12,23.0,155.6,97900.0,2026-09-26 12:00:00,2026-09-26 12:00:00,979.0
20260926,120000,71W,14,2026,9,26,12,24.3,154.5,98000.0,2026-09-26 12:00:00,2026-09-26 12:00:00,980.0
20260926,120000,71W,14,2026,9,26,12,24.0,153.70000000000002,97900.0,2026-09-26 12:00:00,2026-09-26 12:00:00,979.0
20260926,120000,71W,14,2026,9,26,12,24.6,153.9,98000.0,2026-09-26 12:00:00,2026-09-26 12:00:00,980.0
20260926,120000,71W,14,2026,9,26,12,24.7,153.1,97900.0,2026-09-26 12:00:00,2026-09-26 12:00:00,979.0
20260926,120000,71W,14,2026,9,26,12,24.1,153.20000000000002,98000.0,2026-09-26 12:00:00,2026-09-26 12:00:00,980.0
20260926,120000,71W,14,2026,9,26,12,24.0,153.4,97900.0,2026-09-26 12:00:00,2026-09-26 12:00:00,979.0
20260926,120000,71W,14,2026,9,26,12,23.400000000000002,153.70000000000002,98000.0,2026-09-26 12:00:00,2026-09-26 12:00:00,980.0
20260926,120000,71W,14,2026,9,26,12,24.0,154.8,97700.0,2026-09-26 12:00:00,2026-09-26 12:00:00,977.0
20260926,120000,71W,14,2026,9,26,12,24.900000000000002,154.3,97800.0,2026-09-26 12:00:00,2026-09-26 12:00:00,978.0
20260926,120000,71W,14,2026,9,26,12,24.7,154.4,97600.0,2026-09-26 12:00:00,2026-09-26 12:00:00,976.0
20260926,120000,71W,14,2026,9,26,12,25.2,155.1,97800.0,2026-09-26 12:00:00,2026-09-26 12:00:00,978.0
20260926,120000,71W,14,2026,9,26,12,25.6,155.70000000000002,97700.0,2026-09-26 12:00:00,2026-09-26 12:00:00,977.0
20260926,120000,71W,14,2026,9,26,12,26.400000000000002,156.70000000000002,98000.0,2026-09-26 12:00:00,2026-09-26 12:00:00,980.0
20260926,120000,71W,14,2026,9,26,12,27.6,157.5,97900.0,2026-09-26 12:00:00,2026-09-26 12:00:00,979.0
20260926,120000,71W,14,2026,9,26,12,28.6,158.4,98000.0,2026-09-26 12:00:00,2026-09-26 12:00:00,980.0
20260926,120000,71W,14,2026,9,26,12,30.400000000000002,159.1,97900.0,2026-09-26 12:00:00,2026-09-26 12:00:00,979.0
20260926,120000,71W,14,2026,9,26,12,32.1,159.3,98200.0,2026-09-26 12:00:00,2026-09-26 12:00:00,982.0
20260926,120000,71W,14,2026,9,26,12,33.6,159.6,98300.0,2026-09-26 12:00:00,2026-09-26 12:00:00,983.0
20260926,120000,71W,14,2026,9,26,12,35.5,160.6,98500.0,2026-09-26 12:00:00,2026-09-26 12:00:00,985.0
20260926,120000,71W,14,2026,9,26,12,38.4,162.0,98100.0,2026-09-26 12:00:00,2026-09-26 12:00:00,981.0
20260926,120000,71W,14,2026,9,26,12,40.4,166.0,98300.0,2026-09-26 12:00:00,2026-09-26 12:00:00,983.0
20260926,120000,71W,14,2026,9,26,12,43.4,171.9,98300.0,2026-09-26 12:00:00,2026-09-26 12:00:00,983.0
20260926,120000,71W,14,2026,9,26,12,46.0,178.5,98400.0,2026-09-26 12:00:00,2026-09-26 12:00:00,984.0
20260926,120000,71W,15,2026,9,26,12,12.1,151.5,100900.0,2026-09-26 12:00:00,2026-09-26 12:00:00,1009.0
20260926,120000,71W,15,2026,9,26,12,14.4,152.3,101000.0,2026-09-26 12:00:00,2026-09-26 12:00:00,1010.0
20260926,120000,71W,15,2026,9,26,12,13.6,152.1,100700.0,2026-09-26 12:00:00,2026-09-26 12:00:00,1007.0
20260926,120000,71W,15,2026,9,26,12,13.8,153.0,101000.0,2026-09-26 12:00:00,2026-09-26 12:00:00,1010.0
20260926,120000,71W,15,2026,9,26,12,14.3,153.70000000000002,100700.0,2026-09-26 12:00:00,2026-09-26 12:00:00,1007.0
20260926,120000,71W,15,2026,9,26,12,14.9,153.6,100900.0,2026-09-26 12:00:00,2026-09-26 12:00:00,1009.0
20260926,120000,71W,15,2026,9,26,12,14.5,153.5,100500.0,2026-09-26 12:00:00,2026-09-26 12:00:00,1005.0
20260926,120000,71W,15,2026,9,26,12,15.200000000000001,152.9,100700.0,2026-09-26 12:00:00,2026-09-26 12:00:00,1007.0
20260926,120000,71W,15,2026,9,26,12,15.0,152.6,100400.0,2026-09-26 12:00:00,2026-09-26 12:00:00,1004.0
20260926,120000,71W,15,2026,9,26,12,15.700000000000001,152.70000000000002,100500.0,2026-09-26 12:00:00,2026-09-26 12:00:00,1005.0
20260926,120000,71W,15,2026,9,26,12,16.3,152.5,100200.0,2026-09-26 12:00:00,2026-09-26 12:00:00,1002.0
20260926,120000,71W,15,2026,9,26,12,16.6,150.9,100200.0,2026-09-26 12:00:00,2026-09-26 12:00:00,1002.0
20260926,120000,71W,15,2026,9,26,12,17.0,150.3,99900.0,2026-09-26 12:00:00,2026-09-26 12:00:00,999.0
20260926,120000,71W,15,2026,9,26,12,17.6,149.20000000000002,100000.0,2026-09-26 12:00:00,2026-09-26 12:00:00,1000.0
20260926,120000,71W,15,2026,9,26,12,18.3,148.4,99700.0,2026-09-26 12:00:00,2026-09-26 12:00:00,997.0
20260926,120000,71W,15,2026,9,26,12,18.1,147.5,99400.0,2026-09-26 12:00:00,2026-09-26 12:00:00,994.0
20260926,120000,71W,15,2026,9,26,12,18.8,146.3,98800.0,2026-09-26 12:00:00,2026-09-26 12:00:00,988.0
20260926,120000,71W,15,2026,9,26,12,19.2,144.9,98600.0,2026-09-26 12:00:00,2026-09-26 12:00:00,986.0
20260926,120000,71W,15,2026,9,26,12,19.2,143.3,98200.0,2026-09-26 12:00:00,2026-09-26 12:00:00,982.0
20260926,120000,71W,15,2026,9,26,12,19.0,142.5,97900.0,2026-09-26 12:00:00,2026-09-26 12:00:00,979.0
20260926,120000,71W,15,2026,9,26,12,19.2,141.8,96800.0,2026-09-26 12:00:00,2026-09-26 12:00:00,968.0
20260926,120000,71W,15,2026,9,26,12,19.1,141.0,96800.0,2026-09-26 12:00:00,2026-09-26 12:00:00,968.0
20260926,120000,71W,15,2026,9,26,12,19.1,140.6,95800.0,2026-09-26 12:00:00,2026-09-26 12:00:00,958.0
20260926,120000,71W,15,2026,9,26,12,19.2,140.4,95500.0,2026-09-26 12:00:00,2026-09-26 12:00:00,955.0
20260926,120000,71W,15,2026,9,26,12,19.2,140.3,95200.0,2026-09-26 12:00:00,2026-09-26 12:00:00,952.0
20260926,120000,71W,15,2026,9,26,12,19.5,139.9,95200.0,2026-09-26 12:00:00,2026-09-26 12:00:00,952.0
20260926,120000,71W,15,2026,9,26,12,19.7,139.70000000000002,94800.0,2026-09-26 12:00:00,2026-09-26 12:00:00,948.0
20260926,120000,71W,15,2026,9,26,12,19.900000000000002,139.5,94800.0,2026-09-26 12:00:00,2026-09-26 12:00:00,948.0
20260926,120000,71W,15,2026,9,26,12,20.0,139.20000000000002,94500.0,2026-09-26 12:00:00,2026-09-26 12:00:00,945.0
20260926,120000,71W,15,2026,9,26,12,20.400000000000002,139.0,94500.0,2026-09-26 12:00:00,2026-09-26 12:00:00,945.0
20260926,120000,71W,15,2026,9,26,12,20.900000000000002,138.70000000000002,94400.0,2026-09-26 12:00:00,2026-09-26 12:00:00,944.0
20260926,120000,71W,15,2026,9,26,12,20.900000000000002,138.0,94900.0,2026-09-26 12:00:00,2026-09-26 12:00:00,949.0
20260926,120000,71W,15,2026,9,26,12,21.1,137.4,94900.0,2026-09-26 12:00:00,2026-09-26 12:00:00,949.0
20260926,120000,71W,15,2026,9,26,12,21.0,137.0,94900.0,2026-09-26 12:00:00,2026-09-26 12:00:00,949.0
20260926,120000,71W,15,2026,9,26,12,21.1,136.8,94800.0,2026-09-26 12:00:00,2026-09-26 12:00:00,948.0
20260926,120000,71W,15,2026,9,26,12,21.2,136.4,94800.0,2026-09-26 12:00:00,2026-09-26 12:00:00,948.0
20260926,120000,71W,15,2026,9,26,12,21.7,135.9,94700.0,2026-09-26 12:00:00,2026-09-26 12:00:00,947.0
20260926,120000,71W,15,2026,9,26,12,22.1,135.2,94800.0,2026-09-26 12:00:00,2026-09-26 12:00:00,948.0
20260926,120000,71W,15,2026,9,26,12,22.7,134.4,94800.0,2026-09-26 12:00:00,2026-09-26 12:00:00,948.0
20260926,120000,71W,15,2026,9,26,12,23.3,133.9,95200.0,2026-09-26 12:00:00,2026-09-26 12:00:00,952.0
20260926,120000,71W,15,2026,9,26,12,23.8,133.3,95300.0,2026-09-26 12:00:00,2026-09-26 12:00:00,953.0
20260926,120000,71W,15,2026,9,26,12,24.7,132.6,95700.0,2026-09-26 12:00:00,2026-09-26 12:00:00,957.0
20260926,120000,71W,15,2026,9,26,12,25.5,132.6,95500.0,2026-09-26 12:00:00,2026-09-26 12:00:00,955.0
20260926,120000,71W,15,2026,9,26,12,26.3,131.9,95800.0,2026-09-26 12:00:00,2026-09-26 12:00:00,958.0
20260926,120000,71W,15,2026,9,26,12,27.900000000000002,131.9,95700.0,2026-09-26 12:00:00,2026-09-26 12:00:00,957.0
20260926,120000,71W,15,2026,9,26,12,29.2,132.3,96100.0,2026-09-26 12:00:00,2026-09-26 12:00:00,961.0
20260926,120000,71W,15,2026,9,26,12,31.2,132.6,95700.0,2026-09-26 12:00:00,2026-09-26 12:00:00,957.0
20260926,120000,71W,15,2026,9,26,12,33.0,134.0,96300.0,2026-09-26 12:00:00,2026-09-26 12:00:00,963.0
20260926,120000,71W,15,2026,9,26,12,36.5,136.9,96800.0,2026-09-26 12:00:00,2026-09-26 12:00:00,968.0
20260926,120000,71W,15,2026,9,26,12,39.2,137.4,97300.0,2026-09-26 12:00:00,2026-09-26 12:00:00,973.0
20260926,120000,71W,15,2026,9,26,12,42.4,139.1,97500.0,2026-09-26 12:00:00,2026-09-26 12:00:00,975.0
20260926,120000,71W,15,2026,9,26,12,44.1,143.0,97900.0,2026-09-26 12:00:00,2026-09-26 12:00:00,979.0
20260926,120000,71W,15,2026,9,26,12,46.6,144.20000000000002,97800.0,2026-09-26 12:00:00,2026-09-26 12:00:00,978.0
20260926,120000,71W,15,2026,9,26,12,47.4,145.6,97600.0,2026-09-26 12:00:00,2026-09-26 12:00:00,976.0
20260926,120000,71W,15,2026,9,26,12,48.800000000000004,147.5,97200.0,2026-09-26 12:00:00,2026-09-26 12:00:00,972.0
20260926,120000,71W,15,2026,9,26,12,51.4,152.70000000000002,97400.0,2026-09-26 12:00:00,2026-09-26 12:00:00,974.0
20260926,120000,71W,16,2026,9,26,12,14.700000000000001,160.5,101100.0,2026-09-26 12:00:00,2026-09-26 12:00:00,1011.0
20260926,120000,71W,16,2026,9,26,12,12.9,159.6,100900.0,2026-09-26 12:00:00,2026-09-26 12:00:00,1009.0
20260926,120000,71W,16,2026,9,26,12,13.4,158.6,101100.0,2026-09-26 12:00:00,2026-09-26 12:00:00,1011.0
20260926,120000,71W,16,2026,9,26,12,13.1,157.4,100800.0,2026-09-26 12:00:00,2026-09-26 12:00:00,1008.0
20260926,120000,71W,16,2026,9,26,12,13.3,157.8,100900.0,2026-09-26 12:00:00,2026-09-26 12:00:00,1009.0
20260926,120000,71W,16,2026,9,26,12,13.3,158.6,100600.0,2026-09-26 12:00:00,2026-09-26 12:00:00,1006.0
20260926,120000,71W,16,2026,9,26,12,14.200000000000001,158.1,100800.0,2026-09-26 12:00:00,2026-09-26 12:00:00,1008.0
20260926,120000,71W,16,2026,9,26,12,15.200000000000001,157.70000000000002,100400.0,2026-09-26 12:00:00,2026-09-26 12:00:00,1004.0
20260926,120000,71W,16,2026,9,26,12,15.700000000000001,156.70000000000002,100500.0,2026-09-26 12:00:00,2026-09-26 12:00:00,1005.0
20260926,120000,71W,16,2026,9,26,12,15.700000000000001,156.0,100300.0,2026-09-26 12:00:00,2026-09-26 12:00:00,1003.0
20260926,120000,71W,16,2026,9,26,12,15.9,155.5,100400.0,2026-09-26 12:00:00,2026-09-26 12:00:00,1004.0
20260926,120000,71W,16,2026,9,26,12,15.9,154.8,100100.0,2026-09-26 12:00:00,2026-09-26 12:00:00,1001.0
20260926,120000,71W,16,2026,9,26,12,16.0,154.5,100100.0,2026-09-26 12:00:00,2026-09-26 12:00:00,1001.0
20260926,120000,71W,16,2026,9,26,12,15.9,154.20000000000002,99800.0,2026-09-26 12:00:00,2026-09-26 12:00:00,998.0
20260926,120000,71W,16,2026,9,26,12,16.1,153.70000000000002,99800.0,2026-09-26 12:00:00,2026-09-26 12:00:00,998.0
20260926,120000,71W,16,2026,9,26,12,15.700000000000001,152.3,99200.0,2026-09-26 12:00:00,2026-09-26 12:00:00,992.0
20260926,120000,71W,16,2026,9,26,12,16.3,152.3,98700.0,2026-09-26 12:00:00,2026-09-26 12:00:00,987.0
20260926,120000,71W,16,2026,9,26,12,17.3,152.9,98000.0,2026-09-26 12:00:00,2026-09-26 12:00:00,980.0
20260926,120000,71W,16,2026,9,26,12,18.3,152.9,97800.0,2026-09-26 12:00:00,2026-09-26 12:00:00,978.0
20260926,120000,71W,16,2026,9,26,12,19.1,153.1,97500.0,2026-09-26 12:00:00,2026-09-26 12:00:00,975.0
20260926,120000,71W,16,2026,9,26,12,20.400000000000002,152.6,97500.0,2026-09-26 12:00:00,2026-09-26 12:00:00,975.0
20260926,120000,71W,16,2026,9,26,12,20.6,153.0,97000.0,2026-09-26 12:00:00,2026-09-26 12:00:00,970.0
20260926,120000,71W,16,2026,9,26,12,21.1,152.6,96600.0,2026-09-26 12:00:00,2026-09-26 12:00:00,966.0
20260926,120000,71W,16,2026,9,26,12,22.0,153.0,96400.0,2026-09-26 12:00:00,2026-09-26 12:00:00,964.0
20260926,120000,71W,16,2026,9,26,12,22.2,153.6,96400.0,2026-09-26 12:00:00,2026-09-26 12:00:00,964.0
20260926,120000,71W,16,2026,9,26,12,22.6,153.1,96100.0,2026-09-26 12:00:00,2026-09-26 12:00:00,961.0
20260926,120000,71W,16,2026,9,26,12,23.5,153.20000000000002,96300.0,2026-09-26 12:00:00,2026-09-26 12:00:00,963.0
20260926,120000,71W,16,2026,9,26,12,23.5,153.4,96100.0,2026-09-26 12:00:00,2026-09-26 12:00:00,961.0
20260926,120000,71W,16,2026,9,26,12,23.6,153.0,96200.0,2026-09-26 12:00:00,2026-09-26 12:00:00,962.0
20260926,120000,71W,16,2026,9,26,12,23.8,153.4,96000.0,2026-09-26 12:00:00,2026-09-26 12:00:00,960.0
20260926,120000,71W,16,2026,9,26,12,25.5,152.3,96100.0,2026-09-26 12:00:00,2026-09-26 12:00:00,961.0
20260926,120000,71W,16,2026,9,26,12,26.0,152.5,96000.0,2026-09-26 12:00:00,2026-09-26 12:00:00,960.0
20260926,120000,71W,16,2026,9,26,12,26.6,151.9,96200.0,2026-09-26 12:00:00,2026-09-26 12:00:00,962.0
20260926,120000,71W,16,2026,9,26,12,27.900000000000002,151.3,96300.0,2026-09-26 12:00:00,2026-09-26 12:00:00,963.0
20260926,120000,71W,16,2026,9,26,12,29.0,152.20000000000002,96600.0,2026-09-26 12:00:00,2026-09-26 12:00:00,966.0
20260926,120000,71W,16,2026,9,26,12,30.1,152.3,96600.0,2026-09-26 12:00:00,2026-09-26 12:00:00,966.0
20260926,120000,71W,16,2026,9,26,12,31.8,152.20000000000002,97200.0,2026-09-26 12:00:00,2026-09-26 12:00:00,972.0
20260926,120000,71W,16,2026,9,26,12,33.7,153.3,97600.0,2026-09-26 12:00:00,2026-09-26 12:00:00,976.0
20260926,120000,71W,16,2026,9,26,12,36.0,153.0,98100.0,2026-09-26 12:00:00,2026-09-26 12:00:00,981.0
20260926,120000,71W,16,2026,9,26,12,38.1,154.20000000000002,98300.0,2026-09-26 12:00:00,2026-09-26 12:00:00,983.0
20260926,120000,71W,16,2026,9,26,12,41.4,155.70000000000002,98500.0,2026-09-26 12:00:00,2026-09-26 12:00:00,985.0
20260926,120000,71W,16,2026,9,26,12,44.5,159.5,98400.0,2026-09-26 12:00:00,2026-09-26 12:00:00,984.0
20260926,120000,71W,17,2026,9,26,12,11.200000000000001,141.6,100800.0,2026-09-26 12:00:00,2026-09-26 12:00:00,1008.0
20260926,120000,71W,17,2026,9,26,12,11.1,143.20000000000002,101100.0,2026-09-26 12:00:00,2026-09-26 12:00:00,1011.0
20260926,120000,71W,17,2026,9,26,12,11.200000000000001,145.1,100800.0,2026-09-26 12:00:00,2026-09-26 12:00:00,1008.0
20260926,120000,71W,17,2026,9,26,12,11.1,145.8,101100.0,2026-09-26 12:00:00,2026-09-26 12:00:00,1011.0
20260926,120000,71W,17,2026,9,26,12,11.4,146.0,100800.0,2026-09-26 12:00:00,2026-09-26 12:00:00,1008.0
20260926,120000,71W,17,2026,9,26,12,12.1,147.4,101000.0,2026-09-26 12:00:00,2026-09-26 12:00:00,1010.0
20260926,120000,71W,17,2026,9,26,12,12.6,147.9,100500.0,2026-09-26 12:00:00,2026-09-26 12:00:00,1005.0
20260926,120000,71W,17,2026,9,26,12,12.6,149.0,100500.0,2026-09-26 12:00:00,2026-09-26 12:00:00,1005.0
20260926,120000,71W,17,2026,9,26,12,12.9,150.4,100000.0,2026-09-26 12:00:00,2026-09-26 12:00:00,1000.0
20260926,120000,71W,18,2026,9,26,12,19.900000000000002,167.5,101000.0,2026-09-26 12:00:00,2026-09-26 12:00:00,1010.0
20260926,120000,71W,18,2026,9,26,12,20.3,168.1,101200.0,2026-09-26 12:00:00,2026-09-26 12:00:00,1012.0
20260926,120000,71W,19,2026,9,26,12,13.1,157.4,100800.0,2026-09-26 12:00:00,2026-09-26 12:00:00,1008.0
20260926,120000,71W,19,2026,9,26,12,13.6,157.70000000000002,101000.0,2026-09-26 12:00:00,2026-09-26 12:00:00,1010.0
20260926,120000,71W,19,2026,9,26,12,13.5,158.20000000000002,100700.0,2026-09-26 12:00:00,2026-09-26 12:00:00,1007.0
20260926,120000,71W,19,2026,9,26,12,14.3,156.3,100800.0,2026-09-26 12:00:00,2026-09-26 12:00:00,1008.0
20260926,120000,71W,19,2026,9,26,12,14.1,157.0,100300.0,2026-09-26 12:00:00,2026-09-26 12:00:00,1003.0
20260926,120000,71W,19,2026,9,26,12,14.5,157.20000000000002,100400.0,2026-09-26 12:00:00,2026-09-26 12:00:00,1004.0
20260926,120000,71W,19,2026,9,26,12,15.0,157.20000000000002,100200.0,2026-09-26 12:00:00,2026-09-26 12:00:00,1002.0
20260926,120000,71W,19,2026,9,26,12,15.5,157.20000000000002,100400.0,2026-09-26 12:00:00,2026-09-26 12:00:00,1004.0
20260926,120000,71W,19,2026,9,26,12,15.700000000000001,156.70000000000002,100200.0,2026-09-26 12:00:00,2026-09-26 12:00:00,1002.0
20260926,120000,71W,19,2026,9,26,12,15.700000000000001,156.3,100400.0,2026-09-26 12:00:00,2026-09-26 12:00:00,1004.0
20260926,120000,71W,19,2026,9,26,12,15.8,155.70000000000002,100200.0,2026-09-26 12:00:00,2026-09-26 12:00:00,1002.0
20260926,120000,71W,19,2026,9,26,12,15.8,155.3,100500.0,2026-09-26 12:00:00,2026-09-26 12:00:00,1005.0
20260926,120000,71W,19,2026,9,26,12,16.4,155.3,100300.0,2026-09-26 12:00:00,2026-09-26 12:00:00,1003.0
20260926,120000,71W,19,2026,9,26,12,16.0,154.6,100500.0,2026-09-26 12:00:00,2026-09-26 12:00:00,1005.0
20260926,120000,71W,19,2026,9,26,12,16.2,153.70000000000002,100400.0,2026-09-26 12:00:00,2026-09-26 12:00:00,1004.0
20260926,120000,71W,19,2026,9,26,12,16.4,152.70000000000002,100500.0,2026-09-26 12:00:00,2026-09-26 12:00:00,1005.0
20260926,120000,71W,19,2026,9,26,12,16.2,151.4,100300.0,2026-09-26 12:00:00,2026-09-26 12:00:00,1003.0
20260926,120000,71W,19,2026,9,26,12,15.8,151.3,100300.0,2026-09-26 12:00:00,2026-09-26 12:00:00,1003.0
20260926,120000,71W,19,2026,9,26,12,15.9,151.5,99900.0,2026-09-26 12:00:00,2026-09-26 12:00:00,999.0
20260926,120000,71W,19,2026,9,26,12,16.1,151.4,100000.0,2026-09-26 12:00:00,2026-09-26 12:00:00,1000.0
20260926,120000,71W,19,2026,9,26,12,16.4,151.3,99700.0,2026-09-26 12:00:00,2026-09-26 12:00:00,997.0
20260926,120000,71W,19,2026,9,26,12,16.6,151.0,99700.0,2026-09-26 12:00:00,2026-09-26 12:00:00,997.0
20260926,120000,71W,19,2026,9,26,12,16.8,150.9,99300.0,2026-09-26 12:00:00,2026-09-26 12:00:00,993.0
20260926,120000,71W,19,2026,9,26,12,17.3,151.3,99300.0,2026-09-26 12:00:00,2026-09-26 12:00:00,993.0
20260926,120000,71W,19,2026,9,26,12,17.8,151.20000000000002,98900.0,2026-09-26 12:00:00,2026-09-26 12:00:00,989.0
20260926,120000,71W,19,2026,9,26,12,18.2,151.1,98900.0,2026-09-26 12:00:00,2026-09-26 12:00:00,989.0
20260926,120000,71W,19,2026,9,26,12,19.0,150.9,98100.0,2026-09-26 12:00:00,2026-09-26 12:00:00,981.0
20260926,120000,71W,19,2026,9,26,12,19.7,150.5,97200.0,2026-09-26 12:00:00,2026-09-26 12:00:00,972.0
20260926,120000,71W,19,2026,9,26,12,20.400000000000002,150.0,96400.0,2026-09-26 12:00:00,2026-09-26 12:00:00,964.0
20260926,120000,71W,19,2026,9,26,12,21.400000000000002,149.4,95800.0,2026-09-26 12:00:00,2026-09-26 12:00:00,958.0
20260926,120000,71W,19,2026,9,26,12,22.1,148.6,95300.0,2026-09-26 12:00:00,2026-09-26 12:00:00,953.0
20260926,120000,71W,19,2026,9,26,12,22.5,147.70000000000002,95100.0,2026-09-26 12:00:00,2026-09-26 12:00:00,951.0
20260926,120000,71W,19,2026,9,26,12,22.6,147.0,94600.0,2026-09-26 12:00:00,2026-09-26 12:00:00,946.0
20260926,120000,71W,19,2026,9,26,12,22.2,146.70000000000002,94100.0,2026-09-26 12:00:00,2026-09-26 12:00:00,941.0
20260926,120000,71W,19,2026,9,26,12,21.5,146.3,93600.0,2026-09-26 12:00:00,2026-09-26 12:00:00,936.0
20260926,120000,71W,19,2026,9,26,12,21.1,145.1,93700.0,2026-09-26 12:00:00,2026-09-26 12:00:00,937.0
20260926,120000,71W,19,2026,9,26,12,20.900000000000002,144.0,93500.0,2026-09-26 12:00:00,2026-09-26 12:00:00,935.0
20260926,120000,71W,19,2026,9,26,12,20.7,142.9,93600.0,2026-09-26 12:00:00,2026-09-26 12:00:00,936.0
20260926,120000,71W,19,2026,9,26,12,20.6,141.70000000000002,93400.0,2026-09-26 12:00:00,2026-09-26 12:00:00,934.0
20260926,120000,71W,19,2026,9,26,12,20.3,140.5,93600.0,2026-09-26 12:00:00,2026-09-26 12:00:00,936.0
20260926,120000,71W,19,2026,9,26,12,20.2,139.70000000000002,93200.0,2026-09-26 12:00:00,2026-09-26 12:00:00,932.0
20260926,120000,71W,19,2026,9,26,12,20.1,138.70000000000002,93000.0,2026-09-26 12:00:00,2026-09-26 12:00:00,930.0
20260926,120000,71W,19,2026,9,26,12,20.400000000000002,137.6,92900.0,2026-09-26 12:00:00,2026-09-26 12:00:00,929.0
20260926,120000,71W,19,2026,9,26,12,20.400000000000002,136.8,93300.0,2026-09-26 12:00:00,2026-09-26 12:00:00,933.0
20260926,120000,71W,19,2026,9,26,12,20.7,136.1,93000.0,2026-09-26 12:00:00,2026-09-26 12:00:00,930.0
20260926,120000,71W,19,2026,9,26,12,21.1,135.4,93600.0,2026-09-26 12:00:00,2026-09-26 12:00:00,936.0
20260926,120000,71W,19,2026,9,26,12,21.6,134.7,93700.0,2026-09-26 12:00:00,2026-09-26 12:00:00,937.0
20260926,120000,71W,19,2026,9,26,12,21.900000000000002,134.4,94100.0,2026-09-26 12:00:00,2026-09-26 12:00:00,941.0
20260926,120000,71W,19,2026,9,26,12,22.5,134.3,93900.0,2026-09-26 12:00:00,2026-09-26 12:00:00,939.0
20260926,120000,71W,19,2026,9,26,12,23.2,134.1,94300.0,2026-09-26 12:00:00,2026-09-26 12:00:00,943.0
20260926,120000,71W,19,2026,9,26,12,23.7,133.8,94400.0,2026-09-26 12:00:00,2026-09-26 12:00:00,944.0
20260926,120000,71W,19,2026,9,26,12,24.3,133.8,94900.0,2026-09-26 12:00:00,2026-09-26 12:00:00,949.0
20260926,120000,71W,19,2026,9,26,12,25.0,133.7,94800.0,2026-09-26 12:00:00,2026-09-26 12:00:00,948.0
20260926,120000,71W,19,2026,9,26,12,26.0,133.5,95000.0,2026-09-26 12:00:00,2026-09-26 12:00:00,950.0
20260926,120000,71W,19,2026,9,26,12,27.0,132.6,95100.0,2026-09-26 12:00:00,2026-09-26 12:00:00,951.0
20260926,120000,71W,19,2026,9,26,12,27.7,131.4,95400.0,2026-09-26 12:00:00,2026-09-26 12:00:00,954.0
20260926,120000,71W,19,2026,9,26,12,27.900000000000002,130.2,95300.0,2026-09-26 12:00:00,2026-09-26 12:00:00,953.0
20260926,120000,71W,19,2026,9,26,12,27.8,129.7,95500.0,2026-09-26 12:00:00,2026-09-26 12:00:00,955.0
20260926,120000,71W,20,2026,9,26,12,23.900000000000002,127.10000000000001,98600.0,2026-09-26 12:00:00,2026-09-26 12:00:00,986.0
20260926,120000,71W,20,2026,9,26,12,24.400000000000002,127.60000000000001,98300.0,2026-09-26 12:00:00,2026-09-26 12:00:00,983.0
20260926,120000,71W,20,2026,9,26,12,25.2,128.3,97800.0,2026-09-26 12:00:00,2026-09-26 12:00:00,978.0
20260926,120000,71W,20,2026,9,26,12,25.7,129.0,97100.0,2026-09-26 12:00:00,2026-09-26 12:00:00,971.0
20260926,120000,71W,20,2026,9,26,12,26.3,129.7,98100.0,2026-09-26 12:00:00,2026-09-26 12:00:00,981.0
20260926,120000,71W,20,2026,9,26,12,26.8,130.6,98900.0,2026-09-26 12:00:00,2026-09-26 12:00:00,989.0
20260926,120000,71W,20,2026,9,26,12,27.1,131.8,98400.0,2026-09-26 12:00:00,2026-09-26 12:00:00,984.0
20260926,120000,71W,20,2026,9,26,12,27.900000000000002,132.7,99000.0,2026-09-26 12:00:00,2026-09-26 12:00:00,990.0
20260926,120000,71W,20,2026,9,26,12,28.5,133.7,99300.0,2026-09-26 12:00:00,2026-09-26 12:00:00,993.0
20260926,120000,71W,20,2026,9,26,12,28.900000000000002,134.9,99000.0,2026-09-26 12:00:00,2026-09-26 12:00:00,990.0
20260926,120000,71W,20,2026,9,26,12,29.8,136.3,99100.0,2026-09-26 12:00:00,2026-09-26 12:00:00,991.0
20260926,120000,71W,20,2026,9,26,12,30.6,137.8,99300.0,2026-09-26 12:00:00,2026-09-26 12:00:00,993.0
20260926,120000,71W,20,2026,9,26,12,31.7,139.20000000000002,99300.0,2026-09-26 12:00:00,2026-09-26 12:00:00,993.0
20260926,120000,71W,20,2026,9,26,12,32.3,140.5,99300.0,2026-09-26 12:00:00,2026-09-26 12:00:00,993.0
20260926,120000,71W,20,2026,9,26,12,32.8,142.1,99200.0,2026-09-26 12:00:00,2026-09-26 12:00:00,992.0
20260926,120000,71W,20,2026,9,26,12,33.1,143.20000000000002,99600.0,2026-09-26 12:00:00,2026-09-26 12:00:00,996.0
20260926,120000,71W,20,2026,9,26,12,33.4,143.9,99800.0,2026-09-26 12:00:00,2026-09-26 12:00:00,998.0
20260926,120000,71W,20,2026,9,26,12,34.1,144.5,100100.0,2026-09-26 12:00:00,2026-09-26 12:00:00,1001.0
20260926,120000,71W,21,2026,9,26,12,13.200000000000001,155.6,100800.0,2026-09-26 12:00:00,2026-09-26 12:00:00,1008.0
20260926,120000,71W,21,2026,9,26,12,14.700000000000001,154.5,101100.0,2026-09-26 12:00:00,2026-09-26 12:00:00,1011.0
20260926,120000,71W,21,2026,9,26,12,14.700000000000001,153.9,100800.0,2026-09-26 12:00:00,2026-09-26 12:00:00,1008.0
20260926,120000,71W,21,2026,9,26,12,15.0,153.4,101000.0,2026-09-26 12:00:00,2026-09-26 12:00:00,1010.0
20260926,120000,71W,21,2026,9,26,12,14.6,153.0,100700.0,2026-09-26 12:00:00,2026-09-26 12:00:00,1007.0
20260926,120000,71W,21,2026,9,26,12,15.200000000000001,152.70000000000002,100900.0,2026-09-26 12:00:00,2026-09-26 12:00:00,1009.0
20260926,120000,71W,21,2026,9,26,12,17.1,150.8,100600.0,2026-09-26 12:00:00,2026-09-26 12:00:00,1006.0
20260926,120000,71W,21,2026,9,26,12,17.0,151.20000000000002,100700.0,2026-09-26 12:00:00,2026-09-26 12:00:00,1007.0
20260926,120000,71W,21,2026,9,26,12,18.7,150.1,100500.0,2026-09-26 12:00:00,2026-09-26 12:00:00,1005.0
20260926,120000,71W,21,2026,9,26,12,19.0,149.3,100800.0,2026-09-26 12:00:00,2026-09-26 12:00:00,1008.0
20260926,120000,71W,21,2026,9,26,12,19.0,146.9,100800.0,2026-09-26 12:00:00,2026-09-26 12:00:00,1008.0
20260926,120000,71W,21,2026,9,26,12,19.5,146.1,100900.0,2026-09-26 12:00:00,2026-09-26 12:00:00,1009.0
20260926,120000,71W,21,2026,9,26,12,20.0,142.8,100700.0,2026-09-26 12:00:00,2026-09-26 12:00:00,1007.0
20260926,120000,71W,21,2026,9,26,12,19.7,140.4,100700.0,2026-09-26 12:00:00,2026-09-26 12:00:00,1007.0
20260926,120000,71W,21,2026,9,26,12,19.5,139.6,100900.0,2026-09-26 12:00:00,2026-09-26 12:00:00,1009.0
20260926,120000,71W,21,2026,9,26,12,16.4,136.9,100700.0,2026-09-26 12:00:00,2026-09-26 12:00:00,1007.0
20260926,120000,71W,21,2026,9,26,12,14.3,137.6,100400.0,2026-09-26 12:00:00,2026-09-26 12:00:00,1004.0
20260926,120000,71W,21,2026,9,26,12,14.6,138.3,100700.0,2026-09-26 12:00:00,2026-09-26 12:00:00,1007.0
20260926,120000,71W,21,2026,9,26,12,14.700000000000001,137.5,100400.0,2026-09-26 12:00:00,2026-09-26 12:00:00,1004.0
20260926,120000,71W,22,2026,9,26,12,13.200000000000001,159.8,100800.0,2026-09-26 12:00:00,2026-09-26 12:00:00,1008.0
20260926,120000,71W,22,2026,9,26,12,13.200000000000001,159.3,100700.0,2026-09-26 12:00:00,2026-09-26 12:00:00,1007.0
20260926,120000,71W,22,2026,9,26,12,13.1,158.20000000000002,100900.0,2026-09-26 12:00:00,2026-09-26 12:00:00,1009.0
20260926,120000,71W,22,2026,9,26,12,12.6,158.8,100600.0,2026-09-26 12:00:00,2026-09-26 12:00:00,1006.0
20260926,120000,71W,22,2026,9,26,12,12.700000000000001,159.4,100700.0,2026-09-26 12:00:00,2026-09-26 12:00:00,1007.0
20260926,120000,71W,22,2026,9,26,12,13.1,160.1,100500.0,2026-09-26 12:00:00,2026-09-26 12:00:00,1005.0
20260926,120000,71W,22,2026,9,26,12,13.8,160.5,100700.0,2026-09-26 12:00:00,2026-09-26 12:00:00,1007.0
20260926,120000,71W,23,2026,9,26,12,15.1,155.6,101000.0,2026-09-26 12:00:00,2026-09-26 12:00:00,1010.0
20260926,120000,71W,23,2026,9,26,12,13.700000000000001,156.3,101100.0,2026-09-26 12:00:00,2026-09-26 12:00:00,1011.0
20260926,120000,71W,23,2026,9,26,12,14.1,156.70000000000002,100900.0,2026-09-26 12:00:00,2026-09-26 12:00:00,1009.0
20260926,120000,71W,23,2026,9,26,12,14.4,156.6,101100.0,2026-09-26 12:00:00,2026-09-26 12:00:00,1011.0
20260926,120000,71W,23,2026,9,26,12,14.9,156.1,100800.0,2026-09-26 12:00:00,2026-09-26 12:00:00,1008.0
20260926,120000,71W,23,2026,9,26,12,15.5,153.9,100700.0,2026-09-26 12:00:00,2026-09-26 12:00:00,1007.0
20260926,120000,71W,23,2026,9,26,12,14.3,153.4,100800.0,2026-09-26 12:00:00,2026-09-26 12:00:00,1008.0
20260926,120000,71W,23,2026,9,26,12,14.3,153.3,100600.0,2026-09-26 12:00:00,2026-09-26 12:00:00,1006.0
20260926,120000,71W,23,2026,9,26,12,14.0,154.5,100700.0,2026-09-26 12:00:00,2026-09-26 12:00:00,1007.0
20260926,120000,71W,23,2026,9,26,12,14.1,154.4,100500.0,2026-09-26 12:00:00,2026-09-26 12:00:00,1005.0
20260926,120000,71W,23,2026,9,26,12,14.9,154.9,100600.0,2026-09-26 12:00:00,2026-09-26 12:00:00,1006.0
20260926,120000,71W,23,2026,9,26,12,15.200000000000001,155.3,100300.0,2026-09-26 12:00:00,2026-09-26 12:00:00,1003.0
20260926,120000,71W,23,2026,9,26,12,15.6,154.3,100400.0,2026-09-26 12:00:00,2026-09-26 12:00:00,1004.0
20260926,120000,71W,23,2026,9,26,12,15.4,153.70000000000002,100200.0,2026-09-26 12:00:00,2026-09-26 12:00:00,1002.0
20260926,120000,71W,23,2026,9,26,12,15.9,153.9,100200.0,2026-09-26 12:00:00,2026-09-26 12:00:00,1002.0
20260926,120000,71W,23,2026,9,26,12,16.2,154.0,99900.0,2026-09-26 12:00:00,2026-09-26 12:00:00,999.0
20260926,120000,71W,23,2026,9,26,12,17.2,153.9,100000.0,2026-09-26 12:00:00,2026-09-26 12:00:00,1000.0
20260926,120000,71W,23,2026,9,26,12,18.0,153.9,99600.0,2026-09-26 12:00:00,2026-09-26 12:00:00,996.0
20260926,120000,71W,23,2026,9,26,12,19.0,153.70000000000002,99600.0,2026-09-26 12:00:00,2026-09-26 12:00:00,996.0
20260926,120000,71W,23,2026,9,26,12,20.7,153.5,99300.0,2026-09-26 12:00:00,2026-09-26 12:00:00,993.0
20260926,120000,71W,23,2026,9,26,12,21.0,153.4,99300.0,2026-09-26 12:00:00,2026-09-26 12:00:00,993.0
20260926,120000,71W,23,2026,9,26,12,21.7,152.70000000000002,99000.0,2026-09-26 12:00:00,2026-09-26 12:00:00,990.0
20260926,120000,71W,23,2026,9,26,12,22.400000000000002,152.70000000000002,99000.0,2026-09-26 12:00:00,2026-09-26 12:00:00,990.0
20260926,120000,71W,23,2026,9,26,12,22.8,152.20000000000002,98700.0,2026-09-26 12:00:00,2026-09-26 12:00:00,987.0
20260926,120000,71W,23,2026,9,26,12,23.3,151.70000000000002,98800.0,2026-09-26 12:00:00,2026-09-26 12:00:00,988.0
20260926,120000,71W,23,2026,9,26,12,23.7,151.20000000000002,98500.0,2026-09-26 12:00:00,2026-09-26 12:00:00,985.0
20260926,120000,71W,23,2026,9,26,12,24.2,150.9,98700.0,2026-09-26 12:00:00,2026-09-26 12:00:00,987.0
20260926,120000,71W,23,2026,9,26,12,24.3,150.3,98400.0,2026-09-26 12:00:00,2026-09-26 12:00:00,984.0
20260926,120000,71W,23,2026,9,26,12,24.6,149.9,98500.0,2026-09-26 12:00:00,2026-09-26 12:00:00,985.0
20260926,120000,71W,23,2026,9,26,12,24.900000000000002,149.70000000000002,98300.0,2026-09-26 12:00:00,2026-09-26 12:00:00,983.0
20260926,120000,71W,23,2026,9,26,12,25.1,149.4,98400.0,2026-09-26 12:00:00,2026-09-26 12:00:00,984.0
20260926,120000,71W,23,2026,9,26,12,25.3,149.9,98100.0,2026-09-26 12:00:00,2026-09-26 12:00:00,981.0
20260926,120000,71W,23,2026,9,26,12,25.400000000000002,150.0,98100.0,2026-09-26 12:00:00,2026-09-26 12:00:00,981.0
20260926,120000,71W,23,2026,9,26,12,25.400000000000002,150.20000000000002,97800.0,2026-09-26 12:00:00,2026-09-26 12:00:00,978.0
20260926,120000,71W,23,2026,9,26,12,25.6,150.6,97900.0,2026-09-26 12:00:00,2026-09-26 12:00:00,979.0
20260926,120000,71W,23,2026,9,26,12,25.8,150.70000000000002,97700.0,2026-09-26 12:00:00,2026-09-26 12:00:00,977.0
20260926,120000,71W,23,2026,9,26,12,25.900000000000002,151.20000000000002,98000.0,2026-09-26 12:00:00,2026-09-26 12:00:00,980.0
20260926,120000,71W,23,2026,9,26,12,26.1,152.0,97900.0,2026-09-26 12:00:00,2026-09-26 12:00:00,979.0
20260926,120000,71W,23,2026,9,26,12,26.8,152.9,98100.0,2026-09-26 12:00:00,2026-09-26 12:00:00,981.0
20260926,120000,71W,23,2026,9,26,12,28.2,154.20000000000002,97800.0,2026-09-26 12:00:00,2026-09-26 12:00:00,978.0
20260926,120000,71W,23,2026,9,26,12,30.6,155.8,97600.0,2026-09-26 12:00:00,2026-09-26 12:00:00,976.0
20260926,120000,71W,23,2026,9,26,12,33.2,157.8,97100.0,2026-09-26 12:00:00,2026-09-26 12:00:00,971.0
20260926,120000,71W,23,2026,9,26,12,35.6,159.3,98000.0,2026-09-26 12:00:00,2026-09-26 12:00:00,980.0
20260926,120000,71W,23,2026,9,26,12,37.5,160.5,98900.0,2026-09-26 12:00:00,2026-09-26 12:00:00,989.0
20260926,120000,71W,23,2026,9,26,12,39.1,161.70000000000002,99400.0,2026-09-26 12:00:00,2026-09-26 12:00:00,994.0
20260926,120000,71W,23,2026,9,26,12,43.4,164.0,99600.0,2026-09-26 12:00:00,2026-09-26 12:00:00,996.0
20260926,120000,71W,24,2026,9,26,12,24.0,127.2,97300.0,2026-09-26 12:00:00,2026-09-26 12:00:00,973.0
20260926,120000,71W,24,2026,9,26,12,24.7,127.60000000000001,97100.0,2026-09-26 12:00:00,2026-09-26 12:00:00,971.0
20260926,120000,71W,24,2026,9,26,12,25.2,128.1,96300.0,2026-09-26 12:00:00,2026-09-26 12:00:00,963.0
20260926,120000,71W,24,2026,9,26,12,25.6,128.9,96800.0,2026-09-26 12:00:00,2026-09-26 12:00:00,968.0
20260926,120000,71W,24,2026,9,26,12,26.1,129.6,97400.0,2026-09-26 12:00:00,2026-09-26 12:00:00,974.0
20260926,120000,71W,24,2026,9,26,12,26.5,130.5,98200.0,2026-09-26 12:00:00,2026-09-26 12:00:00,982.0
20260926,120000,71W,24,2026,9,26,12,26.900000000000002,131.4,98300.0,2026-09-26 12:00:00,2026-09-26 12:00:00,983.0
20260926,120000,71W,24,2026,9,26,12,27.1,132.1,98900.0,2026-09-26 12:00:00,2026-09-26 12:00:00,989.0
20260926,120000,71W,24,2026,9,26,12,27.6,133.0,99200.0,2026-09-26 12:00:00,2026-09-26 12:00:00,992.0
20260926,120000,71W,24,2026,9,26,12,28.0,134.0,99600.0,2026-09-26 12:00:00,2026-09-26 12:00:00,996.0
20260926,120000,71W,24,2026,9,26,12,28.6,135.1,99600.0,2026-09-26 12:00:00,2026-09-26 12:00:00,996.0
20260926,120000,71W,24,2026,9,26,12,29.1,136.1,100000.0,2026-09-26 12:00:00,2026-09-26 12:00:00,1000.0
20260926,120000,71W,24,2026,9,26,12,29.7,136.9,100000.0,2026-09-26 12:00:00,2026-09-26 12:00:00,1000.0
20260926,120000,71W,24,2026,9,26,12,30.2,138.1,100200.0,2026-09-26 12:00:00,2026-09-26 12:00:00,1002.0
20260926,120000,71W,24,2026,9,26,12,30.8,139.1,100300.0,2026-09-26 12:00:00,2026-09-26 12:00:00,1003.0
20260926,120000,71W,24,2026,9,26,12,31.1,139.9,100500.0,2026-09-26 12:00:00,2026-09-26 12:00:00,1005.0
20260926,120000,71W,25,2026,9,26,12,14.3,156.1,100800.0,2026-09-26 12:00:00,2026-09-26 12:00:00,1008.0
20260926,120000,71W,25,2026,9,26,12,14.200000000000001,155.5,101000.0,2026-09-26 12:00:00,2026-09-26 12:00:00,1010.0
20260926,120000,71W,25,2026,9,26,12,13.3,154.9,100800.0,2026-09-26 12:00:00,2026-09-26 12:00:00,1008.0
20260926,120000,71W,25,2026,9,26,12,12.8,154.8,100900.0,2026-09-26 12:00:00,2026-09-26 12:00:00,1009.0
20260926,120000,71W,25,2026,9,26,12,12.9,154.8,100600.0,2026-09-26 12:00:00,2026-09-26 12:00:00,1006.0
20260926,120000,71W,25,2026,9,26,12,13.5,155.8,100700.0,2026-09-26 12:00:00,2026-09-26 12:00:00,1007.0
20260926,120000,71W,25,2026,9,26,12,14.3,156.0,100500.0,2026-09-26 12:00:00,2026-09-26 12:00:00,1005.0
20260926,120000,71W,25,2026,9,26,12,14.9,155.4,100600.0,2026-09-26 12:00:00,2026-09-26 12:00:00,1006.0
20260926,120000,71W,25,2026,9,26,12,15.200000000000001,154.6,100400.0,2026-09-26 12:00:00,2026-09-26 12:00:00,1004.0
20260926,120000,71W,25,2026,9,26,12,15.200000000000001,154.0,100500.0,2026-09-26 12:00:00,2026-09-26 12:00:00,1005.0
20260926,120000,71W,25,2026,9,26,12,15.4,153.20000000000002,100200.0,2026-09-26 12:00:00,2026-09-26 12:00:00,1002.0
20260926,120000,71W,25,2026,9,26,12,15.200000000000001,152.0,100400.0,2026-09-26 12:00:00,2026-09-26 12:00:00,1004.0
20260926,120000,71W,25,2026,9,26,12,14.5,151.8,100200.0,2026-09-26 12:00:00,2026-09-26 12:00:00,1002.0
20260926,120000,71W,25,2026,9,26,12,15.1,152.5,100400.0,2026-09-26 12:00:00,2026-09-26 12:00:00,1004.0
20260926,120000,71W,25,2026,9,26,12,15.700000000000001,151.8,100100.0,2026-09-26 12:00:00,2026-09-26 12:00:00,1001.0
20260926,120000,71W,25,2026,9,26,12,15.700000000000001,151.1,100200.0,2026-09-26 12:00:00,2026-09-26 12:00:00,1002.0
20260926,120000,71W,25,2026,9,26,12,15.9,150.9,100000.0,2026-09-26 12:00:00,2026-09-26 12:00:00,1000.0
20260926,120000,71W,25,2026,9,26,12,16.9,150.1,100200.0,2026-09-26 12:00:00,2026-09-26 12:00:00,1002.0
20260926,120000,71W,25,2026,9,26,12,16.6,148.5,100000.0,2026-09-26 12:00:00,2026-09-26 12:00:00,1000.0
20260926,120000,71W,25,2026,9,26,12,16.7,148.5,100100.0,2026-09-26 12:00:00,2026-09-26 12:00:00,1001.0
20260926,120000,71W,25,2026,9,26,12,16.6,148.0,99800.0,2026-09-26 12:00:00,2026-09-26 12:00:00,998.0
20260926,120000,71W,25,2026,9,26,12,17.0,147.5,100000.0,2026-09-26 12:00:00,2026-09-26 12:00:00,1000.0
20260926,120000,71W,25,2026,9,26,12,17.3,147.1,99700.0,2026-09-26 12:00:00,2026-09-26 12:00:00,997.0
20260926,120000,71W,25,2026,9,26,12,17.900000000000002,147.20000000000002,99800.0,2026-09-26 12:00:00,2026-09-26 12:00:00,998.0
20260926,120000,71W,25,2026,9,26,12,18.1,147.3,99400.0,2026-09-26 12:00:00,2026-09-26 12:00:00,994.0
20260926,120000,71W,25,2026,9,26,12,18.8,147.0,99400.0,2026-09-26 12:00:00,2026-09-26 12:00:00,994.0
20260926,120000,71W,25,2026,9,26,12,19.2,146.9,99100.0,2026-09-26 12:00:00,2026-09-26 12:00:00,991.0
20260926,120000,71W,25,2026,9,26,12,19.400000000000002,146.6,99000.0,2026-09-26 12:00:00,2026-09-26 12:00:00,990.0
20260926,120000,71W,25,2026,9,26,12,19.7,146.20000000000002,98500.0,2026-09-26 12:00:00,2026-09-26 12:00:00,985.0
20260926,120000,71W,25,2026,9,26,12,19.900000000000002,145.8,98200.0,2026-09-26 12:00:00,2026-09-26 12:00:00,982.0
20260926,120000,71W,25,2026,9,26,12,20.3,145.8,97600.0,2026-09-26 12:00:00,2026-09-26 12:00:00,976.0
20260926,120000,71W,25,2026,9,26,12,20.6,145.5,97300.0,2026-09-26 12:00:00,2026-09-26 12:00:00,973.0
20260926,120000,71W,25,2026,9,26,12,21.1,145.20000000000002,96700.0,2026-09-26 12:00:00,2026-09-26 12:00:00,967.0
20260926,120000,71W,25,2026,9,26,12,21.400000000000002,144.70000000000002,96600.0,2026-09-26 12:00:00,2026-09-26 12:00:00,966.0
20260926,120000,71W,25,2026,9,26,12,22.0,144.4,95900.0,2026-09-26 12:00:00,2026-09-26 12:00:00,959.0
20260926,120000,71W,25,2026,9,26,12,22.7,143.70000000000002,95500.0,2026-09-26 12:00:00,2026-09-26 12:00:00,955.0
20260926,120000,71W,25,2026,9,26,12,23.6,143.20000000000002,95000.0,2026-09-26 12:00:00,2026-09-26 12:00:00,950.0
20260926,120000,71W,25,2026,9,26,12,24.2,143.0,95300.0,2026-09-26 12:00:00,2026-09-26 12:00:00,953.0
20260926,120000,71W,25,2026,9,26,12,25.3,142.5,95100.0,2026-09-26 12:00:00,2026-09-26 12:00:00,951.0
20260926,120000,71W,25,2026,9,26,12,25.8,142.6,95400.0,2026-09-26 12:00:00,2026-09-26 12:00:00,954.0
20260926,120000,71W,25,2026,9,26,12,27.3,142.5,95300.0,2026-09-26 12:00:00,2026-09-26 12:00:00,953.0
20260926,120000,71W,25,2026,9,26,12,28.7,142.5,95500.0,2026-09-26 12:00:00,2026-09-26 12:00:00,955.0
20260926,120000,71W,25,2026,9,26,12,30.400000000000002,142.9,95200.0,2026-09-26 12:00:00,2026-09-26 12:00:00,952.0
20260926,120000,71W,25,2026,9,26,12,32.2,144.0,95400.0,2026-09-26 12:00:00,2026-09-26 12:00:00,954.0
20260926,120000,71W,25,2026,9,26,12,34.9,145.5,95100.0,2026-09-26 12:00:00,2026-09-26 12:00:00,951.0
20260926,120000,71W,25,2026,9,26,12,37.7,147.20000000000002,95500.0,2026-09-26 12:00:00,2026-09-26 12:00:00,955.0
20260926,120000,71W,25,2026,9,26,12,39.5,149.9,96100.0,2026-09-26 12:00:00,2026-09-26 12:00:00,961.0
20260926,120000,71W,25,2026,9,26,12,41.5,153.3,97200.0,2026-09-26 12:00:00,2026-09-26 12:00:00,972.0
20260926,120000,71W,25,2026,9,26,12,42.6,156.9,97800.0,2026-09-26 12:00:00,2026-09-26 12:00:00,978.0
20260926,120000,71W,25,2026,9,26,12,44.0,162.1,98300.0,2026-09-26 12:00:00,2026-09-26 12:00:00,983.0
20260926,120000,71W,25,2026,9,26,12,44.1,166.6,98600.0,2026-09-26 12:00:00,2026-09-26 12:00:00,986.0
20260926,120000,71W,25,2026,9,26,12,44.6,173.1,99000.0,2026-09-26 12:00:00,2026-09-26 12:00:00,990.0
20260926,120000,71W,26,2026,9,26,12,12.8,161.70000000000002,100800.0,2026-09-26 12:00:00,2026-09-26 12:00:00,1008.0
20260926,120000,71W,27,2026,9,26,12,14.6,155.9,101000.0,2026-09-26 12:00:00,2026-09-26 12:00:00,1010.0
20260926,120000,71W,27,2026,9,26,12,13.1,153.6,100900.0,2026-09-26 12:00:00,2026-09-26 12:00:00,1009.0
20260926,120000,71W,27,2026,9,26,12,14.3,153.9,100500.0,2026-09-26 12:00:00,2026-09-26 12:00:00,1005.0
20260926,120000,71W,27,2026,9,26,12,15.1,154.8,100600.0,2026-09-26 12:00:00,2026-09-26 12:00:00,1006.0
20260926,120000,71W,27,2026,9,26,12,15.0,154.4,100200.0,2026-09-26 12:00:00,2026-09-26 12:00:00,1002.0
20260926,120000,71W,27,2026,9,26,12,15.200000000000001,155.1,100200.0,2026-09-26 12:00:00,2026-09-26 12:00:00,1002.0
20260926,120000,71W,27,2026,9,26,12,16.6,154.4,99700.0,2026-09-26 12:00:00,2026-09-26 12:00:00,997.0
20260926,120000,71W,27,2026,9,26,12,17.400000000000002,153.70000000000002,99500.0,2026-09-26 12:00:00,2026-09-26 12:00:00,995.0
20260926,120000,71W,27,2026,9,26,12,17.8,152.5,98600.0,2026-09-26 12:00:00,2026-09-26 12:00:00,986.0
20260926,120000,71W,27,2026,9,26,12,17.900000000000002,151.5,97300.0,2026-09-26 12:00:00,2026-09-26 12:00:00,973.0
20260926,120000,71W,27,2026,9,26,12,17.8,150.6,95100.0,2026-09-26 12:00:00,2026-09-26 12:00:00,951.0
20260926,120000,71W,27,2026,9,26,12,18.0,149.9,94700.0,2026-09-26 12:00:00,2026-09-26 12:00:00,947.0
20260926,120000,71W,27,2026,9,26,12,18.0,149.5,94600.0,2026-09-26 12:00:00,2026-09-26 12:00:00,946.0
20260926,120000,71W,27,2026,9,26,12,18.3,149.3,93900.0,2026-09-26 12:00:00,2026-09-26 12:00:00,939.0
20260926,120000,71W,27,2026,9,26,12,18.5,148.70000000000002,92300.0,2026-09-26 12:00:00,2026-09-26 12:00:00,923.0
20260926,120000,71W,27,2026,9,26,12,18.8,148.20000000000002,92300.0,2026-09-26 12:00:00,2026-09-26 12:00:00,923.0
20260926,120000,71W,27,2026,9,26,12,19.3,147.70000000000002,90800.0,2026-09-26 12:00:00,2026-09-26 12:00:00,908.0
20260926,120000,71W,27,2026,9,26,12,19.8,147.3,90700.0,2026-09-26 12:00:00,2026-09-26 12:00:00,907.0
20260926,120000,71W,27,2026,9,26,12,20.400000000000002,146.6,91500.0,2026-09-26 12:00:00,2026-09-26 12:00:00,915.0
20260926,120000,71W,27,2026,9,26,12,20.900000000000002,146.0,90800.0,2026-09-26 12:00:00,2026-09-26 12:00:00,908.0
20260926,120000,71W,27,2026,9,26,12,21.400000000000002,145.6,90800.0,2026-09-26 12:00:00,2026-09-26 12:00:00,908.0
20260926,120000,71W,27,2026,9,26,12,21.900000000000002,145.20000000000002,90900.0,2026-09-26 12:00:00,2026-09-26 12:00:00,909.0
20260926,120000,71W,27,2026,9,26,12,22.400000000000002,144.8,90500.0,2026-09-26 12:00:00,2026-09-26 12:00:00,905.0
20260926,120000,71W,27,2026,9,26,12,22.7,144.4,90400.0,2026-09-26 12:00:00,2026-09-26 12:00:00,904.0
20260926,120000,71W,27,2026,9,26,12,23.3,144.0,91200.0,2026-09-26 12:00:00,2026-09-26 12:00:00,912.0
20260926,120000,71W,27,2026,9,26,12,23.5,143.5,91900.0,2026-09-26 12:00:00,2026-09-26 12:00:00,919.0
20260926,120000,71W,27,2026,9,26,12,23.900000000000002,142.8,91700.0,2026-09-26 12:00:00,2026-09-26 12:00:00,917.0
20260926,120000,71W,27,2026,9,26,12,24.2,142.3,92800.0,2026-09-26 12:00:00,2026-09-26 12:00:00,928.0
20260926,120000,71W,27,2026,9,26,12,24.8,142.1,92800.0,2026-09-26 12:00:00,2026-09-26 12:00:00,928.0
20260926,120000,71W,27,2026,9,26,12,25.2,141.70000000000002,93600.0,2026-09-26 12:00:00,2026-09-26 12:00:00,936.0
20260926,120000,71W,27,2026,9,26,12,26.0,141.6,93700.0,2026-09-26 12:00:00,2026-09-26 12:00:00,937.0
20260926,120000,71W,27,2026,9,26,12,26.400000000000002,141.6,94000.0,2026-09-26 12:00:00,2026-09-26 12:00:00,940.0
20260926,120000,71W,27,2026,9,26,12,27.2,141.8,93300.0,2026-09-26 12:00:00,2026-09-26 12:00:00,933.0
20260926,120000,71W,27,2026,9,26,12,27.7,142.1,93300.0,2026-09-26 12:00:00,2026-09-26 12:00:00,933.0
20260926,120000,71W,27,2026,9,26,12,28.6,142.3,93300.0,2026-09-26 12:00:00,2026-09-26 12:00:00,933.0
20260926,120000,71W,27,2026,9,26,12,29.7,142.6,92500.0,2026-09-26 12:00:00,2026-09-26 12:00:00,925.0
20260926,120000,71W,27,2026,9,26,12,31.3,143.3,92700.0,2026-09-26 12:00:00,2026-09-26 12:00:00,927.0
20260926,120000,71W,27,2026,9,26,12,33.4,144.5,94400.0,2026-09-26 12:00:00,2026-09-26 12:00:00,944.0
20260926,120000,71W,27,2026,9,26,12,36.2,146.20000000000002,94900.0,2026-09-26 12:00:00,2026-09-26 12:00:00,949.0
20260926,120000,71W,27,2026,9,26,12,39.4,148.70000000000002,95700.0,2026-09-26 12:00:00,2026-09-26 12:00:00,957.0
20260926,120000,71W,27,2026,9,26,12,42.800000000000004,152.4,97200.0,2026-09-26 12:00:00,2026-09-26 12:00:00,972.0
20260926,120000,71W,27,2026,9,26,12,46.5,158.70000000000002,98300.0,2026-09-26 12:00:00,2026-09-26 12:00:00,983.0
20260926,120000,71W,27,2026,9,26,12,49.300000000000004,165.9,98000.0,2026-09-26 12:00:00,2026-09-26 12:00:00,980.0
20260926,120000,71W,27,2026,9,26,12,50.4,173.3,97500.0,2026-09-26 12:00:00,2026-09-26 12:00:00,975.0
20260926,120000,71W,28,2026,9,26,12,12.5,154.6,100900.0,2026-09-26 12:00:00,2026-09-26 12:00:00,1009.0
20260926,120000,71W,28,2026,9,26,12,13.700000000000001,156.3,100800.0,2026-09-26 12:00:00,2026-09-26 12:00:00,1008.0
20260926,120000,71W,28,2026,9,26,12,13.8,155.1,100700.0,2026-09-26 12:00:00,2026-09-26 12:00:00,1007.0
20260926,120000,71W,28,2026,9,26,12,15.3,155.8,100900.0,2026-09-26 12:00:00,2026-09-26 12:00:00,1009.0
20260926,120000,71W,28,2026,9,26,12,15.4,154.6,100600.0,2026-09-26 12:00:00,2026-09-26 12:00:00,1006.0
20260926,120000,71W,28,2026,9,26,12,14.9,154.20000000000002,100800.0,2026-09-26 12:00:00,2026-09-26 12:00:00,1008.0
20260926,120000,71W,28,2026,9,26,12,15.200000000000001,154.4,100500.0,2026-09-26 12:00:00,2026-09-26 12:00:00,1005.0
20260926,120000,71W,28,2026,9,26,12,15.0,153.70000000000002,100700.0,2026-09-26 12:00:00,2026-09-26 12:00:00,1007.0
20260926,120000,71W,28,2026,9,26,12,15.0,153.4,100500.0,2026-09-26 12:00:00,2026-09-26 12:00:00,1005.0
20260926,120000,71W,28,2026,9,26,12,15.1,153.1,100600.0,2026-09-26 12:00:00,2026-09-26 12:00:00,1006.0
20260926,120000,71W,28,2026,9,26,12,14.4,152.8,100400.0,2026-09-26 12:00:00,2026-09-26 12:00:00,1004.0
20260926,120000,71W,28,2026,9,26,12,15.3,153.3,100700.0,2026-09-26 12:00:00,2026-09-26 12:00:00,1007.0
20260926,120000,71W,28,2026,9,26,12,15.8,152.6,100700.0,2026-09-26 12:00:00,2026-09-26 12:00:00,1007.0
20260926,120000,71W,28,2026,9,26,12,15.9,152.0,100500.0,2026-09-26 12:00:00,2026-09-26 12:00:00,1005.0
20260926,120000,71W,28,2026,9,26,12,15.3,152.3,100700.0,2026-09-26 12:00:00,2026-09-26 12:00:00,1007.0
20260926,120000,71W,28,2026,9,26,12,15.9,152.6,100400.0,2026-09-26 12:00:00,2026-09-26 12:00:00,1004.0
20260926,120000,71W,28,2026,9,26,12,16.5,153.8,100500.0,2026-09-26 12:00:00,2026-09-26 12:00:00,1005.0
20260926,120000,71W,28,2026,9,26,12,16.7,152.5,100300.0,2026-09-26 12:00:00,2026-09-26 12:00:00,1003.0
20260926,120000,71W,28,2026,9,26,12,17.7,152.4,100400.0,2026-09-26 12:00:00,2026-09-26 12:00:00,1004.0
20260926,120000,71W,28,2026,9,26,12,17.6,152.3,100200.0,2026-09-26 12:00:00,2026-09-26 12:00:00,1002.0
20260926,120000,71W,28,2026,9,26,12,17.8,152.5,100300.0,2026-09-26 12:00:00,2026-09-26 12:00:00,1003.0
20260926,120000,71W,28,2026,9,26,12,18.5,152.70000000000002,100000.0,2026-09-26 12:00:00,2026-09-26 12:00:00,1000.0
20260926,120000,71W,28,2026,9,26,12,19.2,152.20000000000002,100100.0,2026-09-26 12:00:00,2026-09-26 12:00:00,1001.0
20260926,120000,71W,28,2026,9,26,12,18.8,150.9,99700.0,2026-09-26 12:00:00,2026-09-26 12:00:00,997.0
20260926,120000,71W,28,2026,9,26,12,19.0,150.8,99700.0,2026-09-26 12:00:00,2026-09-26 12:00:00,997.0
20260926,120000,71W,28,2026,9,26,12,19.8,150.5,99500.0,2026-09-26 12:00:00,2026-09-26 12:00:00,995.0
20260926,120000,71W,28,2026,9,26,12,20.3,148.9,99500.0,2026-09-26 12:00:00,2026-09-26 12:00:00,995.0
20260926,120000,71W,28,2026,9,26,12,20.3,147.1,99200.0,2026-09-26 12:00:00,2026-09-26 12:00:00,992.0
20260926,120000,71W,28,2026,9,26,12,20.2,145.8,99300.0,2026-09-26 12:00:00,2026-09-26 12:00:00,993.0
20260926,120000,71W,28,2026,9,26,12,19.5,145.4,98900.0,2026-09-26 12:00:00,2026-09-26 12:00:00,989.0
20260926,120000,71W,28,2026,9,26,12,19.5,144.6,99000.0,2026-09-26 12:00:00,2026-09-26 12:00:00,990.0
20260926,120000,71W,28,2026,9,26,12,19.2,143.70000000000002,98700.0,2026-09-26 12:00:00,2026-09-26 12:00:00,987.0
20260926,120000,71W,28,2026,9,26,12,19.5,143.3,98700.0,2026-09-26 12:00:00,2026-09-26 12:00:00,987.0
20260926,120000,71W,28,2026,9,26,12,20.2,143.0,98200.0,2026-09-26 12:00:00,2026-09-26 12:00:00,982.0
20260926,120000,71W,28,2026,9,26,12,20.0,142.4,98200.0,2026-09-26 12:00:00,2026-09-26 12:00:00,982.0
20260926,120000,71W,28,2026,9,26,12,20.3,141.1,97800.0,2026-09-26 12:00:00,2026-09-26 12:00:00,978.0
20260926,120000,71W,28,2026,9,26,12,20.2,140.20000000000002,97800.0,2026-09-26 12:00:00,2026-09-26 12:00:00,978.0
20260926,120000,71W,28,2026,9,26,12,21.3,139.8,97400.0,2026-09-26 12:00:00,2026-09-26 12:00:00,974.0
20260926,120000,71W,28,2026,9,26,12,22.0,138.8,97400.0,2026-09-26 12:00:00,2026-09-26 12:00:00,974.0
20260926,120000,71W,28,2026,9,26,12,22.8,139.1,96800.0,2026-09-26 12:00:00,2026-09-26 12:00:00,968.0
20260926,120000,71W,28,2026,9,26,12,23.400000000000002,137.8,96600.0,2026-09-26 12:00:00,2026-09-26 12:00:00,966.0
20260926,120000,71W,28,2026,9,26,12,24.1,138.0,96200.0,2026-09-26 12:00:00,2026-09-26 12:00:00,962.0
20260926,120000,71W,28,2026,9,26,12,26.1,138.0,96400.0,2026-09-26 12:00:00,2026-09-26 12:00:00,964.0
20260926,120000,71W,28,2026,9,26,12,26.400000000000002,138.8,96300.0,2026-09-26 12:00:00,2026-09-26 12:00:00,963.0
20260926,120000,71W,28,2026,9,26,12,28.8,138.5,96300.0,2026-09-26 12:00:00,2026-09-26 12:00:00,963.0
20260926,120000,71W,28,2026,9,26,12,30.1,140.20000000000002,96200.0,2026-09-26 12:00:00,2026-09-26 12:00:00,962.0
20260926,120000,71W,28,2026,9,26,12,33.4,141.20000000000002,96300.0,2026-09-26 12:00:00,2026-09-26 12:00:00,963.0
20260926,120000,71W,28,2026,9,26,12,34.800000000000004,143.6,96300.0,2026-09-26 12:00:00,2026-09-26 12:00:00,963.0
20260926,120000,71W,28,2026,9,26,12,38.4,145.4,96300.0,2026-09-26 12:00:00,2026-09-26 12:00:00,963.0
20260926,120000,71W,28,2026,9,26,12,40.300000000000004,147.5,95800.0,2026-09-26 12:00:00,2026-09-26 12:00:00,958.0
20260926,120000,71W,28,2026,9,26,12,41.300000000000004,150.20000000000002,95600.0,2026-09-26 12:00:00,2026-09-26 12:00:00,956.0
20260926,120000,71W,28,2026,9,26,12,42.7,152.9,95400.0,2026-09-26 12:00:00,2026-09-26 12:00:00,954.0
20260926,120000,71W,28,2026,9,26,12,43.6,155.1,95200.0,2026-09-26 12:00:00,2026-09-26 12:00:00,952.0
20260926,120000,71W,28,2026,9,26,12,43.6,157.9,95300.0,2026-09-26 12:00:00,2026-09-26 12:00:00,953.0
20260926,120000,71W,29,2026,9,26,12,13.5,154.9,100800.0,2026-09-26 12:00:00,2026-09-26 12:00:00,1008.0
20260926,120000,71W,29,2026,9,26,12,14.0,157.0,101000.0,2026-09-26 12:00:00,2026-09-26 12:00:00,1010.0
20260926,120000,71W,29,2026,9,26,12,13.4,156.4,100900.0,2026-09-26 12:00:00,2026-09-26 12:00:00,1009.0
20260926,120000,71W,29,2026,9,26,12,14.3,156.70000000000002,100500.0,2026-09-26 12:00:00,2026-09-26 12:00:00,1005.0
20260926,120000,71W,29,2026,9,26,12,15.1,157.5,100800.0,2026-09-26 12:00:00,2026-09-26 12:00:00,1008.0
20260926,120000,71W,29,2026,9,26,12,15.700000000000001,155.20000000000002,100300.0,2026-09-26 12:00:00,2026-09-26 12:00:00,1003.0
20260926,120000,71W,29,2026,9,26,12,15.5,154.5,100300.0,2026-09-26 12:00:00,2026-09-26 12:00:00,1003.0
20260926,120000,71W,29,2026,9,26,12,15.200000000000001,154.1,100100.0,2026-09-26 12:00:00,2026-09-26 12:00:00,1001.0
20260926,120000,71W,29,2026,9,26,12,14.700000000000001,153.9,100300.0,2026-09-26 12:00:00,2026-09-26 12:00:00,1003.0
20260926,120000,71W,29,2026,9,26,12,14.3,154.3,100100.0,2026-09-26 12:00:00,2026-09-26 12:00:00,1001.0
20260926,120000,71W,29,2026,9,26,12,14.700000000000001,154.6,100300.0,2026-09-26 12:00:00,2026-09-26 12:00:00,1003.0
20260926,120000,71W,29,2026,9,26,12,15.0,155.1,100000.0,2026-09-26 12:00:00,2026-09-26 12:00:00,1000.0
20260926,120000,71W,29,2026,9,26,12,17.3,155.5,98600.0,2026-09-26 12:00:00,2026-09-26 12:00:00,986.0
20260926,120000,71W,29,2026,9,26,12,17.1,155.6,98300.0,2026-09-26 12:00:00,2026-09-26 12:00:00,983.0
20260926,120000,71W,29,2026,9,26,12,17.400000000000002,156.0,97200.0,2026-09-26 12:00:00,2026-09-26 12:00:00,972.0
20260926,120000,71W,29,2026,9,26,12,18.5,156.0,97400.0,2026-09-26 12:00:00,2026-09-26 12:00:00,974.0
20260926,120000,71W,29,2026,9,26,12,19.3,155.6,97700.0,2026-09-26 12:00:00,2026-09-26 12:00:00,977.0
20260926,120000,71W,29,2026,9,26,12,20.3,155.4,97500.0,2026-09-26 12:00:00,2026-09-26 12:00:00,975.0
20260926,120000,71W,29,2026,9,26,12,21.3,155.3,97400.0,2026-09-26 12:00:00,2026-09-26 12:00:00,974.0
20260926,120000,71W,29,2026,9,26,12,22.8,154.9,97200.0,2026-09-26 12:00:00,2026-09-26 12:00:00,972.0
20260926,120000,71W,29,2026,9,26,12,23.900000000000002,153.70000000000002,97200.0,2026-09-26 12:00:00,2026-09-26 12:00:00,972.0
20260926,120000,71W,29,2026,9,26,12,24.8,153.5,97100.0,2026-09-26 12:00:00,2026-09-26 12:00:00,971.0
20260926,120000,71W,29,2026,9,26,12,26.2,152.9,97300.0,2026-09-26 12:00:00,2026-09-26 12:00:00,973.0
20260926,120000,71W,29,2026,9,26,12,27.5,152.20000000000002,97200.0,2026-09-26 12:00:00,2026-09-26 12:00:00,972.0
20260926,120000,71W,29,2026,9,26,12,28.2,152.0,97400.0,2026-09-26 12:00:00,2026-09-26 12:00:00,974.0
20260926,120000,71W,29,2026,9,26,12,29.5,152.5,97300.0,2026-09-26 12:00:00,2026-09-26 12:00:00,973.0
20260926,120000,71W,29,2026,9,26,12,31.1,152.70000000000002,97500.0,2026-09-26 12:00:00,2026-09-26 12:00:00,975.0
20260926,120000,71W,29,2026,9,26,12,32.7,153.6,97400.0,2026-09-26 12:00:00,2026-09-26 12:00:00,974.0
20260926,120000,71W,29,2026,9,26,12,35.0,154.8,97100.0,2026-09-26 12:00:00,2026-09-26 12:00:00,971.0
20260926,120000,71W,29,2026,9,26,12,37.800000000000004,157.20000000000002,97100.0,2026-09-26 12:00:00,2026-09-26 12:00:00,971.0
20260926,120000,71W,29,2026,9,26,12,40.4,159.3,97500.0,2026-09-26 12:00:00,2026-09-26 12:00:00,975.0
20260926,120000,71W,29,2026,9,26,12,43.2,161.4,97600.0,2026-09-26 12:00:00,2026-09-26 12:00:00,976.0
20260926,120000,71W,29,2026,9,26,12,45.800000000000004,162.4,97400.0,2026-09-26 12:00:00,2026-09-26 12:00:00,974.0
20260926,120000,71W,29,2026,9,26,12,47.800000000000004,163.20000000000002,96500.0,2026-09-26 12:00:00,2026-09-26 12:00:00,965.0
20260926,120000,71W,29,2026,9,26,12,49.5,164.3,96000.0,2026-09-26 12:00:00,2026-09-26 12:00:00,960.0
20260926,120000,71W,29,2026,9,26,12,50.300000000000004,164.1,96100.0,2026-09-26 12:00:00,2026-09-26 12:00:00,961.0
20260926,120000,71W,29,2026,9,26,12,50.7,165.5,96700.0,2026-09-26 12:00:00,2026-09-26 12:00:00,967.0
20260926,120000,71W,29,2026,9,26,12,51.300000000000004,167.4,97000.0,2026-09-26 12:00:00,2026-09-26 12:00:00,970.0
20260926,120000,71W,30,2026,9,26,12,11.9,157.5,100800.0,2026-09-26 12:00:00,2026-09-26 12:00:00,1008.0
20260926,120000,71W,30,2026,9,26,12,13.200000000000001,158.6,101000.0,2026-09-26 12:00:00,2026-09-26 12:00:00,1010.0
20260926,120000,71W,30,2026,9,26,12,14.0,158.70000000000002,100700.0,2026-09-26 12:00:00,2026-09-26 12:00:00,1007.0
20260926,120000,71W,30,2026,9,26,12,13.3,156.5,100900.0,2026-09-26 12:00:00,2026-09-26 12:00:00,1009.0
20260926,120000,71W,30,2026,9,26,12,13.9,156.3,100500.0,2026-09-26 12:00:00,2026-09-26 12:00:00,1005.0
20260926,120000,71W,30,2026,9,26,12,13.700000000000001,156.8,100700.0,2026-09-26 12:00:00,2026-09-26 12:00:00,1007.0
20260926,120000,71W,30,2026,9,26,12,14.6,156.6,99700.0,2026-09-26 12:00:00,2026-09-26 12:00:00,997.0
20260926,120000,71W,30,2026,9,26,12,15.0,156.5,100300.0,2026-09-26 12:00:00,2026-09-26 12:00:00,1003.0
20260926,120000,71W,30,2026,9,26,12,15.9,156.0,100000.0,2026-09-26 12:00:00,2026-09-26 12:00:00,1000.0
20260926,120000,71W,30,2026,9,26,12,16.1,156.0,100100.0,2026-09-26 12:00:00,2026-09-26 12:00:00,1001.0
20260926,120000,71W,30,2026,9,26,12,16.2,155.20000000000002,99800.0,2026-09-26 12:00:00,2026-09-26 12:00:00,998.0
20260926,120000,71W,30,2026,9,26,12,16.4,154.9,99800.0,2026-09-26 12:00:00,2026-09-26 12:00:00,998.0
20260926,120000,71W,30,2026,9,26,12,16.4,154.6,99800.0,2026-09-26 12:00:00,2026-09-26 12:00:00,998.0
20260926,120000,71W,30,2026,9,26,12,16.2,154.70000000000002,99900.0,2026-09-26 12:00:00,2026-09-26 12:00:00,999.0
20260926,120000,71W,30,2026,9,26,12,16.2,154.4,99700.0,2026-09-26 12:00:00,2026-09-26 12:00:00,997.0
20260926,120000,71W,30,2026,9,26,12,16.0,153.9,99800.0,2026-09-26 12:00:00,2026-09-26 12:00:00,998.0
20260926,120000,71W,30,2026,9,26,12,15.6,153.3,99600.0,2026-09-26 12:00:00,2026-09-26 12:00:00,996.0
20260926,120000,71W,30,2026,9,26,12,15.200000000000001,153.3,99700.0,2026-09-26 12:00:00,2026-09-26 12:00:00,997.0
20260926,120000,71W,30,2026,9,26,12,14.6,153.5,99200.0,2026-09-26 12:00:00,2026-09-26 12:00:00,992.0
20260926,120000,71W,30,2026,9,26,12,14.200000000000001,154.3,98500.0,2026-09-26 12:00:00,2026-09-26 12:00:00,985.0
20260926,120000,71W,30,2026,9,26,12,14.0,156.0,98000.0,2026-09-26 12:00:00,2026-09-26 12:00:00,980.0
20260926,120000,71W,30,2026,9,26,12,14.0,158.20000000000002,97900.0,2026-09-26 12:00:00,2026-09-26 12:00:00,979.0
20260926,120000,71W,30,2026,9,26,12,15.5,161.4,97400.0,2026-09-26 12:00:00,2026-09-26 12:00:00,974.0
20260926,120000,71W,30,2026,9,26,12,17.8,163.8,98100.0,2026-09-26 12:00:00,2026-09-26 12:00:00,981.0
20260926,120000,71W,30,2026,9,26,12,21.1,164.3,97400.0,2026-09-26 12:00:00,2026-09-26 12:00:00,974.0
20260926,120000,71W,30,2026,9,26,12,24.8,163.6,98500.0,2026-09-26 12:00:00,2026-09-26 12:00:00,985.0
20260926,120000,71W,31,2026,9,26,12,11.6,137.5,100800.0,2026-09-26 12:00:00,2026-09-26 12:00:00,1008.0
20260926,120000,71W,31,2026,9,26,12,11.700000000000001,138.70000000000002,100900.0,2026-09-26 12:00:00,2026-09-26 12:00:00,1009.0
20260926,120000,71W,31,2026,9,26,12,11.700000000000001,139.1,100400.0,2026-09-26 12:00:00,2026-09-26 12:00:00,1004.0
20260926,120000,71W,31,2026,9,26,12,14.5,138.5,101100.0,2026-09-26 12:00:00,2026-09-26 12:00:00,1011.0
20260926,120000,71W,32,2026,9,26,12,12.1,160.1,101000.0,2026-09-26 12:00:00,2026-09-26 12:00:00,1010.0
20260926,120000,71W,32,2026,9,26,12,12.700000000000001,160.5,100800.0,2026-09-26 12:00:00,2026-09-26 12:00:00,1008.0
20260926,120000,71W,32,2026,9,26,12,13.3,157.9,100800.0,2026-09-26 12:00:00,2026-09-26 12:00:00,1008.0
20260926,120000,71W,32,2026,9,26,12,13.8,156.5,100700.0,2026-09-26 12:00:00,2026-09-26 12:00:00,1007.0
20260926,120000,71W,32,2026,9,26,12,13.9,156.5,100800.0,2026-09-26 12:00:00,2026-09-26 12:00:00,1008.0
20260926,120000,71W,32,2026,9,26,12,14.6,156.3,100500.0,2026-09-26 12:00:00,2026-09-26 12:00:00,1005.0
20260926,120000,71W,32,2026,9,26,12,14.700000000000001,155.8,100600.0,2026-09-26 12:00:00,2026-09-26 12:00:00,1006.0
20260926,120000,71W,32,2026,9,26,12,14.700000000000001,155.4,100300.0,2026-09-26 12:00:00,2026-09-26 12:00:00,1003.0
20260926,120000,71W,32,2026,9,26,12,14.5,155.1,100500.0,2026-09-26 12:00:00,2026-09-26 12:00:00,1005.0
20260926,120000,71W,32,2026,9,26,12,14.700000000000001,154.70000000000002,100200.0,2026-09-26 12:00:00,2026-09-26 12:00:00,1002.0
20260926,120000,71W,32,2026,9,26,12,14.5,154.5,100300.0,2026-09-26 12:00:00,2026-09-26 12:00:00,1003.0
20260926,120000,71W,32,2026,9,26,12,15.0,154.9,100100.0,2026-09-26 12:00:00,2026-09-26 12:00:00,1001.0
20260926,120000,71W,32,2026,9,26,12,15.3,154.5,100300.0,2026-09-26 12:00:00,2026-09-26 12:00:00,1003.0
20260926,120000,71W,32,2026,9,26,12,16.2,154.6,100100.0,2026-09-26 12:00:00,2026-09-26 12:00:00,1001.0
20260926,120000,71W,32,2026,9,26,12,15.700000000000001,153.8,100300.0,2026-09-26 12:00:00,2026-09-26 12:00:00,1003.0
20260926,120000,71W,32,2026,9,26,12,16.6,152.0,100100.0,2026-09-26 12:00:00,2026-09-26 12:00:00,1001.0
20260926,120000,71W,32,2026,9,26,12,15.6,153.5,100200.0,2026-09-26 12:00:00,2026-09-26 12:00:00,1002.0
20260926,120000,71W,32,2026,9,26,12,15.5,153.1,99900.0,2026-09-26 12:00:00,2026-09-26 12:00:00,999.0
20260926,120000,71W,32,2026,9,26,12,17.0,153.20000000000002,100000.0,2026-09-26 12:00:00,2026-09-26 12:00:00,1000.0
20260926,120000,71W,32,2026,9,26,12,16.9,152.70000000000002,99800.0,2026-09-26 12:00:00,2026-09-26 12:00:00,998.0
20260926,120000,71W,32,2026,9,26,12,17.900000000000002,152.5,99800.0,2026-09-26 12:00:00,2026-09-26 12:00:00,998.0
20260926,120000,71W,32,2026,9,26,12,18.1,152.5,99500.0,2026-09-26 12:00:00,2026-09-26 12:00:00,995.0
20260926,120000,71W,32,2026,9,26,12,18.400000000000002,151.8,99500.0,2026-09-26 12:00:00,2026-09-26 12:00:00,995.0
20260926,120000,71W,32,2026,9,26,12,18.3,151.4,99200.0,2026-09-26 12:00:00,2026-09-26 12:00:00,992.0
20260926,120000,71W,32,2026,9,26,12,18.3,151.8,99300.0,2026-09-26 12:00:00,2026-09-26 12:00:00,993.0
20260926,120000,71W,32,2026,9,26,12,19.0,152.20000000000002,99000.0,2026-09-26 12:00:00,2026-09-26 12:00:00,990.0
20260926,120000,71W,32,2026,9,26,12,19.3,152.3,99100.0,2026-09-26 12:00:00,2026-09-26 12:00:00,991.0
20260926,120000,71W,32,2026,9,26,12,19.5,151.9,98800.0,2026-09-26 12:00:00,2026-09-26 12:00:00,988.0
20260926,120000,71W,32,2026,9,26,12,19.900000000000002,151.8,98900.0,2026-09-26 12:00:00,2026-09-26 12:00:00,989.0
20260926,120000,71W,32,2026,9,26,12,20.1,152.1,98600.0,2026-09-26 12:00:00,2026-09-26 12:00:00,986.0
20260926,120000,71W,32,2026,9,26,12,20.7,152.20000000000002,98700.0,2026-09-26 12:00:00,2026-09-26 12:00:00,987.0
20260926,120000,71W,32,2026,9,26,12,21.3,151.9,98500.0,2026-09-26 12:00:00,2026-09-26 12:00:00,985.0
20260926,120000,71W,32,2026,9,26,12,21.900000000000002,151.3,98600.0,2026-09-26 12:00:00,2026-09-26 12:00:00,986.0
20260926,120000,71W,32,2026,9,26,12,22.400000000000002,151.0,98400.0,2026-09-26 12:00:00,2026-09-26 12:00:00,984.0
20260926,120000,71W,32,2026,9,26,12,23.2,150.70000000000002,98600.0,2026-09-26 12:00:00,2026-09-26 12:00:00,986.0
20260926,120000,71W,32,2026,9,26,12,23.6,150.20000000000002,98400.0,2026-09-26 12:00:00,2026-09-26 12:00:00,984.0
20260926,120000,71W,32,2026,9,26,12,23.900000000000002,149.9,98500.0,2026-09-26 12:00:00,2026-09-26 12:00:00,985.0
20260926,120000,71W,32,2026,9,26,12,24.5,149.20000000000002,98400.0,2026-09-26 12:00:00,2026-09-26 12:00:00,984.0
20260926,120000,71W,32,2026,9,26,12,24.2,148.6,98500.0,2026-09-26 12:00:00,2026-09-26 12:00:00,985.0
20260926,120000,71W,32,2026,9,26,12,24.400000000000002,148.0,98300.0,2026-09-26 12:00:00,2026-09-26 12:00:00,983.0
20260926,120000,71W,32,2026,9,26,12,24.6,147.5,98400.0,2026-09-26 12:00:00,2026-09-26 12:00:00,984.0
20260926,120000,71W,32,2026,9,26,12,24.7,146.8,98200.0,2026-09-26 12:00:00,2026-09-26 12:00:00,982.0
20260926,120000,71W,32,2026,9,26,12,25.400000000000002,146.4,98300.0,2026-09-26 12:00:00,2026-09-26 12:00:00,983.0
20260926,120000,71W,32,2026,9,26,12,25.8,146.0,98100.0,2026-09-26 12:00:00,2026-09-26 12:00:00,981.0
20260926,120000,71W,32,2026,9,26,12,27.0,145.8,98200.0,2026-09-26 12:00:00,2026-09-26 12:00:00,982.0
20260926,120000,71W,32,2026,9,26,12,28.1,145.70000000000002,98000.0,2026-09-26 12:00:00,2026-09-26 12:00:00,980.0
20260926,120000,71W,32,2026,9,26,12,29.8,145.9,98100.0,2026-09-26 12:00:00,2026-09-26 12:00:00,981.0
20260926,120000,71W,32,2026,9,26,12,31.7,146.1,97900.0,2026-09-26 12:00:00,2026-09-26 12:00:00,979.0
20260926,120000,71W,32,2026,9,26,12,34.5,145.3,97800.0,2026-09-26 12:00:00,2026-09-26 12:00:00,978.0
20260926,120000,71W,32,2026,9,26,12,36.7,144.3,97400.0,2026-09-26 12:00:00,2026-09-26 12:00:00,974.0
20260926,120000,71W,32,2026,9,26,12,37.7,143.8,97800.0,2026-09-26 12:00:00,2026-09-26 12:00:00,978.0
20260926,120000,71W,32,2026,9,26,12,38.2,145.6,98000.0,2026-09-26 12:00:00,2026-09-26 12:00:00,980.0
20260926,120000,71W,32,2026,9,26,12,41.5,146.9,98000.0,2026-09-26 12:00:00,2026-09-26 12:00:00,980.0
20260926,120000,71W,33,2026,9,26,12,13.1,139.5,100800.0,2026-09-26 12:00:00,2026-09-26 12:00:00,1008.0
20260926,120000,71W,33,2026,9,26,12,13.6,137.1,101100.0,2026-09-26 12:00:00,2026-09-26 12:00:00,1011.0
20260926,120000,71W,34,2026,9,26,12,12.8,158.1,100900.0,2026-09-26 12:00:00,2026-09-26 12:00:00,1009.0
20260926,120000,71W,34,2026,9,26,12,13.8,158.6,101100.0,2026-09-26 12:00:00,2026-09-26 12:00:00,1011.0
20260926,120000,71W,34,2026,9,26,12,14.1,158.4,100900.0,2026-09-26 12:00:00,2026-09-26 12:00:00,1009.0
20260926,120000,71W,34,2026,9,26,12,15.1,157.8,101100.0,2026-09-26 12:00:00,2026-09-26 12:00:00,1011.0
20260926,120000,71W,34,2026,9,26,12,14.6,156.1,100800.0,2026-09-26 12:00:00,2026-09-26 12:00:00,1008.0
20260926,120000,71W,34,2026,9,26,12,14.700000000000001,155.4,101100.0,2026-09-26 12:00:00,2026-09-26 12:00:00,1011.0
20260926,120000,71W,34,2026,9,26,12,14.8,154.3,100800.0,2026-09-26 12:00:00,2026-09-26 12:00:00,1008.0
20260926,120000,71W,34,2026,9,26,12,14.6,154.3,100900.0,2026-09-26 12:00:00,2026-09-26 12:00:00,1009.0
20260926,120000,71W,34,2026,9,26,12,14.5,153.5,100600.0,2026-09-26 12:00:00,2026-09-26 12:00:00,1006.0
20260926,120000,71W,34,2026,9,26,12,14.5,153.9,100900.0,2026-09-26 12:00:00,2026-09-26 12:00:00,1009.0
20260926,120000,71W,34,2026,9,26,12,13.8,153.5,100700.0,2026-09-26 12:00:00,2026-09-26 12:00:00,1007.0
20260926,120000,71W,34,2026,9,26,12,13.6,153.4,100800.0,2026-09-26 12:00:00,2026-09-26 12:00:00,1008.0
20260926,120000,71W,34,2026,9,26,12,13.8,154.1,100600.0,2026-09-26 12:00:00,2026-09-26 12:00:00,1006.0
20260926,120000,71W,34,2026,9,26,12,13.1,155.5,100500.0,2026-09-26 12:00:00,2026-09-26 12:00:00,1005.0
20260926,120000,71W,34,2026,9,26,12,13.4,156.8,100500.0,2026-09-26 12:00:00,2026-09-26 12:00:00,1005.0
20260926,120000,71W,34,2026,9,26,12,14.5,157.20000000000002,100200.0,2026-09-26 12:00:00,2026-09-26 12:00:00,1002.0
20260926,120000,71W,34,2026,9,26,12,14.700000000000001,156.0,100300.0,2026-09-26 12:00:00,2026-09-26 12:00:00,1003.0
20260926,120000,71W,34,2026,9,26,12,14.3,156.5,99900.0,2026-09-26 12:00:00,2026-09-26 12:00:00,999.0
20260926,120000,71W,34,2026,9,26,12,14.700000000000001,156.6,99800.0,2026-09-26 12:00:00,2026-09-26 12:00:00,998.0
20260926,120000,71W,34,2026,9,26,12,15.200000000000001,157.4,99400.0,2026-09-26 12:00:00,2026-09-26 12:00:00,994.0
20260926,120000,71W,34,2026,9,26,12,15.700000000000001,157.70000000000002,99300.0,2026-09-26 12:00:00,2026-09-26 12:00:00,993.0
20260926,120000,71W,34,2026,9,26,12,16.4,158.4,98800.0,2026-09-26 12:00:00,2026-09-26 12:00:00,988.0
20260926,120000,71W,34,2026,9,26,12,17.2,158.9,98700.0,2026-09-26 12:00:00,2026-09-26 12:00:00,987.0
20260926,120000,71W,34,2026,9,26,12,18.2,158.9,98000.0,2026-09-26 12:00:00,2026-09-26 12:00:00,980.0
20260926,120000,71W,34,2026,9,26,12,19.2,159.1,97500.0,2026-09-26 12:00:00,2026-09-26 12:00:00,975.0
20260926,120000,71W,34,2026,9,26,12,19.6,158.8,96300.0,2026-09-26 12:00:00,2026-09-26 12:00:00,963.0
20260926,120000,71W,34,2026,9,26,12,20.2,158.4,95800.0,2026-09-26 12:00:00,2026-09-26 12:00:00,958.0
20260926,120000,71W,34,2026,9,26,12,20.7,157.9,95300.0,2026-09-26 12:00:00,2026-09-26 12:00:00,953.0
20260926,120000,71W,34,2026,9,26,12,20.400000000000002,157.20000000000002,94700.0,2026-09-26 12:00:00,2026-09-26 12:00:00,947.0
20260926,120000,71W,34,2026,9,26,12,20.400000000000002,156.70000000000002,94500.0,2026-09-26 12:00:00,2026-09-26 12:00:00,945.0
20260926,120000,71W,34,2026,9,26,12,20.7,156.1,94400.0,2026-09-26 12:00:00,2026-09-26 12:00:00,944.0
20260926,120000,71W,34,2026,9,26,12,21.0,155.1,94400.0,2026-09-26 12:00:00,2026-09-26 12:00:00,944.0
20260926,120000,71W,34,2026,9,26,12,21.0,154.5,94200.0,2026-09-26 12:00:00,2026-09-26 12:00:00,942.0
20260926,120000,71W,34,2026,9,26,12,21.1,153.6,93500.0,2026-09-26 12:00:00,2026-09-26 12:00:00,935.0
20260926,120000,71W,34,2026,9,26,12,20.900000000000002,152.9,93600.0,2026-09-26 12:00:00,2026-09-26 12:00:00,936.0
20260926,120000,71W,34,2026,9,26,12,21.2,152.20000000000002,93300.0,2026-09-26 12:00:00,2026-09-26 12:00:00,933.0
20260926,120000,71W,34,2026,9,26,12,21.400000000000002,151.5,93700.0,2026-09-26 12:00:00,2026-09-26 12:00:00,937.0
20260926,120000,71W,34,2026,9,26,12,22.0,150.6,93900.0,2026-09-26 12:00:00,2026-09-26 12:00:00,939.0
20260926,120000,71W,34,2026,9,26,12,22.3,149.6,94100.0,2026-09-26 12:00:00,2026-09-26 12:00:00,941.0
20260926,120000,71W,34,2026,9,26,12,22.6,148.70000000000002,94000.0,2026-09-26 12:00:00,2026-09-26 12:00:00,940.0
20260926,120000,71W,34,2026,9,26,12,23.0,147.9,94100.0,2026-09-26 12:00:00,2026-09-26 12:00:00,941.0
20260926,120000,71W,34,2026,9,26,12,23.1,146.8,93600.0,2026-09-26 12:00:00,2026-09-26 12:00:00,936.0
20260926,120000,71W,34,2026,9,26,12,23.7,146.0,93400.0,2026-09-26 12:00:00,2026-09-26 12:00:00,934.0
20260926,120000,71W,34,2026,9,26,12,24.1,144.70000000000002,93100.0,2026-09-26 12:00:00,2026-09-26 12:00:00,931.0
20260926,120000,71W,34,2026,9,26,12,24.900000000000002,143.5,93600.0,2026-09-26 12:00:00,2026-09-26 12:00:00,936.0
20260926,120000,71W,34,2026,9,26,12,25.7,142.6,93700.0,2026-09-26 12:00:00,2026-09-26 12:00:00,937.0
20260926,120000,71W,34,2026,9,26,12,26.6,141.8,94100.0,2026-09-26 12:00:00,2026-09-26 12:00:00,941.0
20260926,120000,71W,34,2026,9,26,12,27.6,141.20000000000002,94200.0,2026-09-26 12:00:00,2026-09-26 12:00:00,942.0
20260926,120000,71W,34,2026,9,26,12,28.3,141.1,94500.0,2026-09-26 12:00:00,2026-09-26 12:00:00,945.0
20260926,120000,71W,34,2026,9,26,12,29.2,140.8,94500.0,2026-09-26 12:00:00,2026-09-26 12:00:00,945.0
20260926,120000,71W,34,2026,9,26,12,29.8,140.9,94800.0,2026-09-26 12:00:00,2026-09-26 12:00:00,948.0
20260926,120000,71W,34,2026,9,26,12,30.6,141.5,94800.0,2026-09-26 12:00:00,2026-09-26 12:00:00,948.0
20260926,120000,71W,34,2026,9,26,12,31.5,142.4,94900.0,2026-09-26 12:00:00,2026-09-26 12:00:00,949.0
20260926,120000,71W,34,2026,9,26,12,32.8,143.8,95000.0,2026-09-26 12:00:00,2026-09-26 12:00:00,950.0
20260926,120000,71W,34,2026,9,26,12,34.5,145.5,95000.0,2026-09-26 12:00:00,2026-09-26 12:00:00,950.0
20260926,120000,71W,34,2026,9,26,12,36.7,147.5,94600.0,2026-09-26 12:00:00,2026-09-26 12:00:00,946.0
20260926,120000,71W,34,2026,9,26,12,38.4,149.1,94400.0,2026-09-26 12:00:00,2026-09-26 12:00:00,944.0
20260926,120000,71W,35,2026,9,26,12,13.1,155.0,100400.0,2026-09-26 12:00:00,2026-09-26 12:00:00,1004.0
20260926,120000,71W,35,2026,9,26,12,15.0,158.4,100500.0,2026-09-26 12:00:00,2026-09-26 12:00:00,1005.0
20260926,120000,71W,35,2026,9,26,12,16.1,157.70000000000002,100000.0,2026-09-26 12:00:00,2026-09-26 12:00:00,1000.0
20260926,120000,71W,35,2026,9,26,12,16.4,156.4,99800.0,2026-09-26 12:00:00,2026-09-26 12:00:00,998.0
20260926,120000,71W,35,2026,9,26,12,16.3,156.0,99400.0,2026-09-26 12:00:00,2026-09-26 12:00:00,994.0
20260926,120000,71W,35,2026,9,26,12,16.8,155.3,99100.0,2026-09-26 12:00:00,2026-09-26 12:00:00,991.0
20260926,120000,71W,35,2026,9,26,12,17.3,154.70000000000002,97900.0,2026-09-26 12:00:00,2026-09-26 12:00:00,979.0
20260926,120000,71W,35,2026,9,26,12,17.6,153.70000000000002,97500.0,2026-09-26 12:00:00,2026-09-26 12:00:00,975.0
20260926,120000,71W,35,2026,9,26,12,18.1,152.9,96600.0,2026-09-26 12:00:00,2026-09-26 12:00:00,966.0
20260926,120000,71W,35,2026,9,26,12,18.5,152.3,96000.0,2026-09-26 12:00:00,2026-09-26 12:00:00,960.0
20260926,120000,71W,35,2026,9,26,12,19.1,151.8,95200.0,2026-09-26 12:00:00,2026-09-26 12:00:00,952.0
20260926,120000,71W,35,2026,9,26,12,19.7,151.3,95700.0,2026-09-26 12:00:00,2026-09-26 12:00:00,957.0
20260926,120000,71W,35,2026,9,26,12,20.6,151.0,95600.0,2026-09-26 12:00:00,2026-09-26 12:00:00,956.0
20260926,120000,71W,35,2026,9,26,12,21.1,150.6,95600.0,2026-09-26 12:00:00,2026-09-26 12:00:00,956.0
20260926,120000,71W,35,2026,9,26,12,21.8,150.3,95000.0,2026-09-26 12:00:00,2026-09-26 12:00:00,950.0
20260926,120000,71W,35,2026,9,26,12,22.6,149.70000000000002,95000.0,2026-09-26 12:00:00,2026-09-26 12:00:00,950.0
20260926,120000,71W,35,2026,9,26,12,23.400000000000002,148.8,94700.0,2026-09-26 12:00:00,2026-09-26 12:00:00,947.0
20260926,120000,71W,35,2026,9,26,12,23.8,148.0,94500.0,2026-09-26 12:00:00,2026-09-26 12:00:00,945.0
20260926,120000,71W,35,2026,9,26,12,24.7,147.4,94000.0,2026-09-26 12:00:00,2026-09-26 12:00:00,940.0
20260926,120000,71W,35,2026,9,26,12,25.2,147.3,94100.0,2026-09-26 12:00:00,2026-09-26 12:00:00,941.0
20260926,120000,71W,35,2026,9,26,12,26.5,147.3,93900.0,2026-09-26 12:00:00,2026-09-26 12:00:00,939.0
20260926,120000,71W,35,2026,9,26,12,27.5,147.4,94200.0,2026-09-26 12:00:00,2026-09-26 12:00:00,942.0
20260926,120000,71W,35,2026,9,26,12,28.5,147.70000000000002,94500.0,2026-09-26 12:00:00,2026-09-26 12:00:00,945.0
20260926,120000,71W,35,2026,9,26,12,29.3,148.20000000000002,95000.0,2026-09-26 12:00:00,2026-09-26 12:00:00,950.0
20260926,120000,71W,35,2026,9,26,12,30.2,149.20000000000002,94800.0,2026-09-26 12:00:00,2026-09-26 12:00:00,948.0
20260926,120000,71W,35,2026,9,26,12,31.2,150.6,95100.0,2026-09-26 12:00:00,2026-09-26 12:00:00,951.0
20260926,120000,71W,35,2026,9,26,12,32.2,152.0,95100.0,2026-09-26 12:00:00,2026-09-26 12:00:00,951.0
20260926,120000,71W,35,2026,9,26,12,33.2,153.20000000000002,95400.0,2026-09-26 12:00:00,2026-09-26 12:00:00,954.0
20260926,120000,71W,35,2026,9,26,12,34.800000000000004,155.20000000000002,95800.0,2026-09-26 12:00:00,2026-09-26 12:00:00,958.0
20260926,120000,71W,35,2026,9,26,12,36.1,157.0,96200.0,2026-09-26 12:00:00,2026-09-26 12:00:00,962.0
20260926,120000,71W,35,2026,9,26,12,37.7,159.20000000000002,96300.0,2026-09-26 12:00:00,2026-09-26 12:00:00,963.0
20260926,120000,71W,35,2026,9,26,12,39.0,161.5,96600.0,2026-09-26 12:00:00,2026-09-26 12:00:00,966.0
20260926,120000,71W,35,2026,9,26,12,40.4,164.1,97400.0,2026-09-26 12:00:00,2026-09-26 12:00:00,974.0
20260926,120000,71W,35,2026,9,26,12,42.6,166.5,98100.0,2026-09-26 12:00:00,2026-09-26 12:00:00,981.0
20260926,120000,71W,35,2026,9,26,12,45.1,170.1,98100.0,2026-09-26 12:00:00,2026-09-26 12:00:00,981.0
20260926,120000,71W,35,2026,9,26,12,48.300000000000004,173.3,97700.0,2026-09-26 12:00:00,2026-09-26 12:00:00,977.0
20260926,120000,71W,35,2026,9,26,12,51.2,178.1,97000.0,2026-09-26 12:00:00,2026-09-26 12:00:00,970.0
20260926,120000,71W,36,2026,9,26,12,11.4,157.4,100900.0,2026-09-26 12:00:00,2026-09-26 12:00:00,1009.0
20260926,120000,71W,36,2026,9,26,12,13.200000000000001,156.70000000000002,101100.0,2026-09-26 12:00:00,2026-09-26 12:00:00,1011.0
20260926,120000,71W,36,2026,9,26,12,13.0,159.3,100800.0,2026-09-26 12:00:00,2026-09-26 12:00:00,1008.0
20260926,120000,71W,36,2026,9,26,12,13.6,159.1,101000.0,2026-09-26 12:00:00,2026-09-26 12:00:00,1010.0
20260926,120000,71W,36,2026,9,26,12,14.3,158.70000000000002,100700.0,2026-09-26 12:00:00,2026-09-26 12:00:00,1007.0
20260926,120000,71W,36,2026,9,26,12,14.5,158.20000000000002,100800.0,2026-09-26 12:00:00,2026-09-26 12:00:00,1008.0
20260926,120000,71W,36,2026,9,26,12,14.3,157.20000000000002,100600.0,2026-09-26 12:00:00,2026-09-26 12:00:00,1006.0
20260926,120000,71W,36,2026,9,26,12,14.3,156.5,100600.0,2026-09-26 12:00:00,2026-09-26 12:00:00,1006.0
20260926,120000,71W,36,2026,9,26,12,14.3,156.0,100400.0,2026-09-26 12:00:00,2026-09-26 12:00:00,1004.0
20260926,120000,71W,36,2026,9,26,12,14.5,156.0,100500.0,2026-09-26 12:00:00,2026-09-26 12:00:00,1005.0
20260926,120000,71W,36,2026,9,26,12,14.5,155.4,100300.0,2026-09-26 12:00:00,2026-09-26 12:00:00,1003.0
20260926,120000,71W,36,2026,9,26,12,14.6,154.9,100500.0,2026-09-26 12:00:00,2026-09-26 12:00:00,1005.0
20260926,120000,71W,36,2026,9,26,12,14.4,154.6,100300.0,2026-09-26 12:00:00,2026-09-26 12:00:00,1003.0
20260926,120000,71W,36,2026,9,26,12,14.3,154.20000000000002,100600.0,2026-09-26 12:00:00,2026-09-26 12:00:00,1006.0
20260926,120000,71W,36,2026,9,26,12,14.3,154.20000000000002,100300.0,2026-09-26 12:00:00,2026-09-26 12:00:00,1003.0
20260926,120000,71W,36,2026,9,26,12,14.4,154.1,100600.0,2026-09-26 12:00:00,2026-09-26 12:00:00,1006.0
20260926,120000,71W,36,2026,9,26,12,14.700000000000001,153.70000000000002,100300.0,2026-09-26 12:00:00,2026-09-26 12:00:00,1003.0
20260926,120000,71W,36,2026,9,26,12,14.8,153.0,100500.0,2026-09-26 12:00:00,2026-09-26 12:00:00,1005.0
20260926,120000,71W,36,2026,9,26,12,15.0,152.5,100100.0,2026-09-26 12:00:00,2026-09-26 12:00:00,1001.0
20260926,120000,71W,36,2026,9,26,12,15.4,152.3,100100.0,2026-09-26 12:00:00,2026-09-26 12:00:00,1001.0
20260926,120000,71W,36,2026,9,26,12,15.3,151.3,99600.0,2026-09-26 12:00:00,2026-09-26 12:00:00,996.0
20260926,120000,71W,36,2026,9,26,12,15.4,151.1,99600.0,2026-09-26 12:00:00,2026-09-26 12:00:00,996.0
20260926,120000,71W,36,2026,9,26,12,15.200000000000001,151.3,99400.0,2026-09-26 12:00:00,2026-09-26 12:00:00,994.0
20260926,120000,71W,36,2026,9,26,12,15.3,152.0,99500.0,2026-09-26 12:00:00,2026-09-26 12:00:00,995.0
20260926,120000,71W,36,2026,9,26,12,15.8,152.20000000000002,99200.0,2026-09-26 12:00:00,2026-09-26 12:00:00,992.0
20260926,120000,71W,36,2026,9,26,12,15.8,152.20000000000002,99300.0,2026-09-26 12:00:00,2026-09-26 12:00:00,993.0
20260926,120000,71W,36,2026,9,26,12,16.2,153.20000000000002,98900.0,2026-09-26 12:00:00,2026-09-26 12:00:00,989.0
20260926,120000,71W,36,2026,9,26,12,16.9,153.8,99000.0,2026-09-26 12:00:00,2026-09-26 12:00:00,990.0
20260926,120000,71W,36,2026,9,26,12,17.3,154.0,98700.0,2026-09-26 12:00:00,2026-09-26 12:00:00,987.0
20260926,120000,71W,36,2026,9,26,12,17.6,154.4,98800.0,2026-09-26 12:00:00,2026-09-26 12:00:00,988.0
20260926,120000,71W,36,2026,9,26,12,18.5,155.0,98400.0,2026-09-26 12:00:00,2026-09-26 12:00:00,984.0
20260926,120000,71W,36,2026,9,26,12,19.3,154.5,98200.0,2026-09-26 12:00:00,2026-09-26 12:00:00,982.0
20260926,120000,71W,36,2026,9,26,12,19.5,154.4,97700.0,2026-09-26 12:00:00,2026-09-26 12:00:00,977.0
20260926,120000,71W,36,2026,9,26,12,20.400000000000002,154.8,97500.0,2026-09-26 12:00:00,2026-09-26 12:00:00,975.0
20260926,120000,71W,36,2026,9,26,12,21.400000000000002,155.0,97100.0,2026-09-26 12:00:00,2026-09-26 12:00:00,971.0
20260926,120000,71W,36,2026,9,26,12,22.400000000000002,155.70000000000002,97200.0,2026-09-26 12:00:00,2026-09-26 12:00:00,972.0
20260926,120000,71W,36,2026,9,26,12,24.2,156.5,97100.0,2026-09-26 12:00:00,2026-09-26 12:00:00,971.0
20260926,120000,71W,36,2026,9,26,12,26.400000000000002,156.5,97300.0,2026-09-26 12:00:00,2026-09-26 12:00:00,973.0
20260926,120000,71W,36,2026,9,26,12,28.0,157.0,97300.0,2026-09-26 12:00:00,2026-09-26 12:00:00,973.0
20260926,120000,71W,36,2026,9,26,12,31.6,155.8,97400.0,2026-09-26 12:00:00,2026-09-26 12:00:00,974.0
20260926,120000,71W,37,2026,9,26,12,12.700000000000001,156.3,100900.0,2026-09-26 12:00:00,2026-09-26 12:00:00,1009.0
20260926,120000,71W,37,2026,9,26,12,15.1,157.9,101000.0,2026-09-26 12:00:00,2026-09-26 12:00:00,1010.0
20260926,120000,71W,37,2026,9,26,12,14.0,158.0,101000.0,2026-09-26 12:00:00,2026-09-26 12:00:00,1010.0
20260926,120000,71W,37,2026,9,26,12,14.6,158.1,100600.0,2026-09-26 12:00:00,2026-09-26 12:00:00,1006.0
20260926,120000,71W,37,2026,9,26,12,13.8,157.20000000000002,100400.0,2026-09-26 12:00:00,2026-09-26 12:00:00,1004.0
20260926,120000,71W,37,2026,9,26,12,14.0,158.3,100000.0,2026-09-26 12:00:00,2026-09-26 12:00:00,1000.0
20260926,120000,71W,37,2026,9,26,12,15.3,158.1,100200.0,2026-09-26 12:00:00,2026-09-26 12:00:00,1002.0
20260926,120000,71W,37,2026,9,26,12,15.1,156.0,99900.0,2026-09-26 12:00:00,2026-09-26 12:00:00,999.0
20260926,120000,71W,37,2026,9,26,12,15.3,156.0,99600.0,2026-09-26 12:00:00,2026-09-26 12:00:00,996.0
20260926,120000,71W,37,2026,9,26,12,15.9,156.20000000000002,99200.0,2026-09-26 12:00:00,2026-09-26 12:00:00,992.0
20260926,120000,71W,37,2026,9,26,12,16.3,155.70000000000002,99000.0,2026-09-26 12:00:00,2026-09-26 12:00:00,990.0
20260926,120000,71W,37,2026,9,26,12,17.0,154.9,98100.0,2026-09-26 12:00:00,2026-09-26 12:00:00,981.0
20260926,120000,71W,37,2026,9,26,12,17.3,154.20000000000002,97400.0,2026-09-26 12:00:00,2026-09-26 12:00:00,974.0
20260926,120000,71W,37,2026,9,26,12,17.8,153.9,97300.0,2026-09-26 12:00:00,2026-09-26 12:00:00,973.0
20260926,120000,71W,37,2026,9,26,12,18.3,153.20000000000002,97400.0,2026-09-26 12:00:00,2026-09-26 12:00:00,974.0
20260926,120000,71W,37,2026,9,26,12,18.8,152.20000000000002,97300.0,2026-09-26 12:00:00,2026-09-26 12:00:00,973.0
20260926,120000,71W,37,2026,9,26,12,19.400000000000002,151.1,97400.0,2026-09-26 12:00:00,2026-09-26 12:00:00,974.0
20260926,120000,71W,37,2026,9,26,12,19.8,150.0,96300.0,2026-09-26 12:00:00,2026-09-26 12:00:00,963.0
20260926,120000,71W,37,2026,9,26,12,20.1,148.9,95300.0,2026-09-26 12:00:00,2026-09-26 12:00:00,953.0
20260926,120000,71W,37,2026,9,26,12,20.400000000000002,148.1,94300.0,2026-09-26 12:00:00,2026-09-26 12:00:00,943.0
20260926,120000,71W,37,2026,9,26,12,20.8,147.70000000000002,94700.0,2026-09-26 12:00:00,2026-09-26 12:00:00,947.0
20260926,120000,71W,37,2026,9,26,12,21.2,147.3,94000.0,2026-09-26 12:00:00,2026-09-26 12:00:00,940.0
20260926,120000,71W,37,2026,9,26,12,21.400000000000002,147.0,94400.0,2026-09-26 12:00:00,2026-09-26 12:00:00,944.0
20260926,120000,71W,37,2026,9,26,12,21.8,147.0,93600.0,2026-09-26 12:00:00,2026-09-26 12:00:00,936.0
20260926,120000,71W,37,2026,9,26,12,22.2,146.8,93900.0,2026-09-26 12:00:00,2026-09-26 12:00:00,939.0
20260926,120000,71W,37,2026,9,26,12,22.6,146.9,93400.0,2026-09-26 12:00:00,2026-09-26 12:00:00,934.0
20260926,120000,71W,37,2026,9,26,12,23.0,147.0,93300.0,2026-09-26 12:00:00,2026-09-26 12:00:00,933.0
20260926,120000,71W,37,2026,9,26,12,23.5,147.0,93200.0,2026-09-26 12:00:00,2026-09-26 12:00:00,932.0
20260926,120000,71W,37,2026,9,26,12,23.8,146.70000000000002,93100.0,2026-09-26 12:00:00,2026-09-26 12:00:00,931.0
20260926,120000,71W,37,2026,9,26,12,24.2,146.6,93000.0,2026-09-26 12:00:00,2026-09-26 12:00:00,930.0
20260926,120000,71W,37,2026,9,26,12,24.7,146.6,93100.0,2026-09-26 12:00:00,2026-09-26 12:00:00,931.0
20260926,120000,71W,37,2026,9,26,12,25.2,146.5,92900.0,2026-09-26 12:00:00,2026-09-26 12:00:00,929.0
20260926,120000,71W,37,2026,9,26,12,25.7,146.6,92900.0,2026-09-26 12:00:00,2026-09-26 12:00:00,929.0
20260926,120000,71W,37,2026,9,26,12,26.1,146.70000000000002,93000.0,2026-09-26 12:00:00,2026-09-26 12:00:00,930.0
20260926,120000,71W,37,2026,9,26,12,26.6,147.0,93700.0,2026-09-26 12:00:00,2026-09-26 12:00:00,937.0
20260926,120000,71W,37,2026,9,26,12,27.1,147.3,94400.0,2026-09-26 12:00:00,2026-09-26 12:00:00,944.0
20260926,120000,71W,37,2026,9,26,12,27.8,147.4,95400.0,2026-09-26 12:00:00,2026-09-26 12:00:00,954.0
20260926,120000,71W,37,2026,9,26,12,28.900000000000002,147.5,95900.0,2026-09-26 12:00:00,2026-09-26 12:00:00,959.0
20260926,120000,71W,37,2026,9,26,12,29.5,147.4,96400.0,2026-09-26 12:00:00,2026-09-26 12:00:00,964.0
20260926,120000,71W,37,2026,9,26,12,30.6,147.6,96400.0,2026-09-26 12:00:00,2026-09-26 12:00:00,964.0
20260926,120000,71W,37,2026,9,26,12,31.6,148.0,96800.0,2026-09-26 12:00:00,2026-09-26 12:00:00,968.0
20260926,120000,71W,37,2026,9,26,12,32.7,148.70000000000002,96500.0,2026-09-26 12:00:00,2026-09-26 12:00:00,965.0
20260926,120000,71W,37,2026,9,26,12,33.4,149.6,96800.0,2026-09-26 12:00:00,2026-09-26 12:00:00,968.0
20260926,120000,71W,37,2026,9,26,12,34.4,151.1,96700.0,2026-09-26 12:00:00,2026-09-26 12:00:00,967.0
20260926,120000,71W,37,2026,9,26,12,35.6,152.9,97100.0,2026-09-26 12:00:00,2026-09-26 12:00:00,971.0
20260926,120000,71W,37,2026,9,26,12,37.2,155.3,97800.0,2026-09-26 12:00:00,2026-09-26 12:00:00,978.0
20260926,120000,71W,37,2026,9,26,12,38.300000000000004,158.5,97200.0,2026-09-26 12:00:00,2026-09-26 12:00:00,972.0
20260926,120000,71W,37,2026,9,26,12,40.1,162.5,98100.0,2026-09-26 12:00:00,2026-09-26 12:00:00,981.0
20260926,120000,71W,37,2026,9,26,12,40.6,166.9,98700.0,2026-09-26 12:00:00,2026-09-26 12:00:00,987.0
20260926,120000,71W,37,2026,9,26,12,41.2,170.20000000000002,99200.0,2026-09-26 12:00:00,2026-09-26 12:00:00,992.0
20260926,120000,71W,37,2026,9,26,12,40.7,173.6,99700.0,2026-09-26 12:00:00,2026-09-26 12:00:00,997.0
20260926,120000,71W,38,2026,9,26,12,11.9,148.70000000000002,100900.0,2026-09-26 12:00:00,2026-09-26 12:00:00,1009.0
20260926,120000,71W,38,2026,9,26,12,12.0,149.3,100800.0,2026-09-26 12:00:00,2026-09-26 12:00:00,1008.0
20260926,120000,71W,38,2026,9,26,12,14.700000000000001,151.0,101100.0,2026-09-26 12:00:00,2026-09-26 12:00:00,1011.0
20260926,120000,71W,38,2026,9,26,12,14.0,152.8,101000.0,2026-09-26 12:00:00,2026-09-26 12:00:00,1010.0
20260926,120000,71W,38,2026,9,26,12,15.4,153.6,100700.0,2026-09-26 12:00:00,2026-09-26 12:00:00,1007.0
20260926,120000,71W,38,2026,9,26,12,17.1,151.5,100400.0,2026-09-26 12:00:00,2026-09-26 12:00:00,1004.0
20260926,120000,71W,38,2026,9,26,12,16.8,151.5,100200.0,2026-09-26 12:00:00,2026-09-26 12:00:00,1002.0
20260926,120000,71W,38,2026,9,26,12,17.6,151.1,99600.0,2026-09-26 12:00:00,2026-09-26 12:00:00,996.0
20260926,120000,71W,38,2026,9,26,12,18.8,149.9,99200.0,2026-09-26 12:00:00,2026-09-26 12:00:00,992.0
20260926,120000,71W,38,2026,9,26,12,18.900000000000002,149.4,98700.0,2026-09-26 12:00:00,2026-09-26 12:00:00,987.0
20260926,120000,71W,38,2026,9,26,12,19.5,148.70000000000002,98600.0,2026-09-26 12:00:00,2026-09-26 12:00:00,986.0
20260926,120000,71W,38,2026,9,26,12,19.900000000000002,148.1,97900.0,2026-09-26 12:00:00,2026-09-26 12:00:00,979.0
20260926,120000,71W,38,2026,9,26,12,20.2,147.5,97500.0,2026-09-26 12:00:00,2026-09-26 12:00:00,975.0
20260926,120000,71W,38,2026,9,26,12,20.2,146.6,96700.0,2026-09-26 12:00:00,2026-09-26 12:00:00,967.0
20260926,120000,71W,38,2026,9,26,12,20.3,145.5,96200.0,2026-09-26 12:00:00,2026-09-26 12:00:00,962.0
20260926,120000,71W,38,2026,9,26,12,20.5,144.9,95400.0,2026-09-26 12:00:00,2026-09-26 12:00:00,954.0
20260926,120000,71W,38,2026,9,26,12,20.3,144.0,95300.0,2026-09-26 12:00:00,2026-09-26 12:00:00,953.0
20260926,120000,71W,38,2026,9,26,12,20.6,143.5,94900.0,2026-09-26 12:00:00,2026-09-26 12:00:00,949.0
20260926,120000,71W,38,2026,9,26,12,20.8,143.20000000000002,95200.0,2026-09-26 12:00:00,2026-09-26 12:00:00,952.0
20260926,120000,71W,38,2026,9,26,12,21.1,143.0,94800.0,2026-09-26 12:00:00,2026-09-26 12:00:00,948.0
20260926,120000,71W,38,2026,9,26,12,21.3,143.0,94800.0,2026-09-26 12:00:00,2026-09-26 12:00:00,948.0
20260926,120000,71W,38,2026,9,26,12,21.7,143.0,94700.0,2026-09-26 12:00:00,2026-09-26 12:00:00,947.0
20260926,120000,71W,38,2026,9,26,12,21.8,143.0,95100.0,2026-09-26 12:00:00,2026-09-26 12:00:00,951.0
20260926,120000,71W,38,2026,9,26,12,22.3,143.20000000000002,95100.0,2026-09-26 12:00:00,2026-09-26 12:00:00,951.0
20260926,120000,71W,38,2026,9,26,12,22.5,143.4,95400.0,2026-09-26 12:00:00,2026-09-26 12:00:00,954.0
20260926,120000,71W,38,2026,9,26,12,22.7,143.4,95500.0,2026-09-26 12:00:00,2026-09-26 12:00:00,955.0
20260926,120000,71W,38,2026,9,26,12,22.6,143.5,96000.0,2026-09-26 12:00:00,2026-09-26 12:00:00,960.0
20260926,120000,71W,38,2026,9,26,12,22.7,143.6,96000.0,2026-09-26 12:00:00,2026-09-26 12:00:00,960.0
20260926,120000,71W,38,2026,9,26,12,22.6,143.70000000000002,96300.0,2026-09-26 12:00:00,2026-09-26 12:00:00,963.0
20260926,120000,71W,38,2026,9,26,12,22.7,143.70000000000002,96400.0,2026-09-26 12:00:00,2026-09-26 12:00:00,964.0
20260926,120000,71W,38,2026,9,26,12,22.8,143.4,96800.0,2026-09-26 12:00:00,2026-09-26 12:00:00,968.0
20260926,120000,71W,38,2026,9,26,12,22.900000000000002,143.1,96800.0,2026-09-26 12:00:00,2026-09-26 12:00:00,968.0
20260926,120000,71W,38,2026,9,26,12,22.900000000000002,142.6,97100.0,2026-09-26 12:00:00,2026-09-26 12:00:00,971.0
20260926,120000,71W,38,2026,9,26,12,23.2,141.3,97300.0,2026-09-26 12:00:00,2026-09-26 12:00:00,973.0
20260926,120000,71W,38,2026,9,26,12,23.1,140.8,97600.0,2026-09-26 12:00:00,2026-09-26 12:00:00,976.0
20260926,120000,71W,38,2026,9,26,12,22.400000000000002,139.4,97300.0,2026-09-26 12:00:00,2026-09-26 12:00:00,973.0
20260926,120000,71W,38,2026,9,26,12,22.3,137.6,97300.0,2026-09-26 12:00:00,2026-09-26 12:00:00,973.0
20260926,120000,71W,38,2026,9,26,12,22.1,136.3,96800.0,2026-09-26 12:00:00,2026-09-26 12:00:00,968.0
20260926,120000,71W,38,2026,9,26,12,22.5,135.2,96900.0,2026-09-26 12:00:00,2026-09-26 12:00:00,969.0
20260926,120000,71W,38,2026,9,26,12,22.3,133.7,96600.0,2026-09-26 12:00:00,2026-09-26 12:00:00,966.0
20260926,120000,71W,38,2026,9,26,12,22.5,133.1,96500.0,2026-09-26 12:00:00,2026-09-26 12:00:00,965.0
20260926,120000,71W,38,2026,9,26,12,22.8,131.7,96400.0,2026-09-26 12:00:00,2026-09-26 12:00:00,964.0
20260926,120000,71W,38,2026,9,26,12,23.0,131.0,96700.0,2026-09-26 12:00:00,2026-09-26 12:00:00,967.0
20260926,120000,71W,38,2026,9,26,12,23.2,130.2,96400.0,2026-09-26 12:00:00,2026-09-26 12:00:00,964.0
20260926,120000,71W,38,2026,9,26,12,22.8,129.5,96600.0,2026-09-26 12:00:00,2026-09-26 12:00:00,966.0
20260926,120000,71W,38,2026,9,26,12,22.5,128.8,96700.0,2026-09-26 12:00:00,2026-09-26 12:00:00,967.0
20260926,120000,71W,38,2026,9,26,12,22.1,127.8,96900.0,2026-09-26 12:00:00,2026-09-26 12:00:00,969.0
20260926,120000,71W,38,2026,9,26,12,21.900000000000002,127.0,96500.0,2026-09-26 12:00:00,2026-09-26 12:00:00,965.0
20260926,120000,71W,38,2026,9,26,12,21.7,126.2,96400.0,2026-09-26 12:00:00,2026-09-26 12:00:00,964.0
20260926,120000,71W,38,2026,9,26,12,21.6,125.4,96300.0,2026-09-26 12:00:00,2026-09-26 12:00:00,963.0
20260926,120000,71W,38,2026,9,26,12,21.5,124.8,96400.0,2026-09-26 12:00:00,2026-09-26 12:00:00,964.0
20260926,120000,71W,38,2026,9,26,12,21.6,124.3,96200.0,2026-09-26 12:00:00,2026-09-26 12:00:00,962.0
20260926,120000,71W,38,2026,9,26,12,21.8,123.7,96200.0,2026-09-26 12:00:00,2026-09-26 12:00:00,962.0
20260926,120000,71W,38,2026,9,26,12,21.900000000000002,123.0,96000.0,2026-09-26 12:00:00,2026-09-26 12:00:00,960.0
20260926,120000,71W,38,2026,9,26,12,21.900000000000002,122.4,96300.0,2026-09-26 12:00:00,2026-09-26 12:00:00,963.0
20260926,120000,71W,38,2026,9,26,12,22.1,121.7,96100.0,2026-09-26 12:00:00,2026-09-26 12:00:00,961.0
20260926,120000,71W,38,2026,9,26,12,21.8,120.60000000000001,96200.0,2026-09-26 12:00:00,2026-09-26 12:00:00,962.0
20260926,120000,71W,39,2026,9,26,12,15.3,155.9,101000.0,2026-09-26 12:00:00,2026-09-26 12:00:00,1010.0
20260926,120000,71W,39,2026,9,26,12,14.0,156.8,101000.0,2026-09-26 12:00:00,2026-09-26 12:00:00,1010.0
20260926,120000,71W,39,2026,9,26,12,11.9,158.20000000000002,100800.0,2026-09-26 12:00:00,2026-09-26 12:00:00,1008.0
20260926,120000,71W,39,2026,9,26,12,13.3,157.9,100900.0,2026-09-26 12:00:00,2026-09-26 12:00:00,1009.0
20260926,120000,71W,39,2026,9,26,12,13.700000000000001,157.70000000000002,100700.0,2026-09-26 12:00:00,2026-09-26 12:00:00,1007.0
20260926,120000,71W,39,2026,9,26,12,14.9,157.9,100900.0,2026-09-26 12:00:00,2026-09-26 12:00:00,1009.0
20260926,120000,71W,39,2026,9,26,12,14.700000000000001,156.9,100600.0,2026-09-26 12:00:00,2026-09-26 12:00:00,1006.0
20260926,120000,71W,39,2026,9,26,12,14.9,156.3,100800.0,2026-09-26 12:00:00,2026-09-26 12:00:00,1008.0
20260926,120000,71W,39,2026,9,26,12,15.3,155.6,100500.0,2026-09-26 12:00:00,2026-09-26 12:00:00,1005.0
20260926,120000,71W,39,2026,9,26,12,15.700000000000001,155.20000000000002,100600.0,2026-09-26 12:00:00,2026-09-26 12:00:00,1006.0
20260926,120000,71W,39,2026,9,26,12,15.1,155.20000000000002,100300.0,2026-09-26 12:00:00,2026-09-26 12:00:00,1003.0
20260926,120000,71W,39,2026,9,26,12,15.9,155.70000000000002,100400.0,2026-09-26 12:00:00,2026-09-26 12:00:00,1004.0
20260926,120000,71W,39,2026,9,26,12,16.5,156.3,100200.0,2026-09-26 12:00:00,2026-09-26 12:00:00,1002.0
20260926,120000,71W,39,2026,9,26,12,17.1,156.20000000000002,100300.0,2026-09-26 12:00:00,2026-09-26 12:00:00,1003.0
20260926,120000,71W,39,2026,9,26,12,18.7,155.20000000000002,99800.0,2026-09-26 12:00:00,2026-09-26 12:00:00,998.0
20260926,120000,71W,39,2026,9,26,12,18.0,154.1,99700.0,2026-09-26 12:00:00,2026-09-26 12:00:00,997.0
20260926,120000,71W,39,2026,9,26,12,18.400000000000002,153.9,99300.0,2026-09-26 12:00:00,2026-09-26 12:00:00,993.0
20260926,120000,71W,39,2026,9,26,12,17.900000000000002,153.5,99200.0,2026-09-26 12:00:00,2026-09-26 12:00:00,992.0
20260926,120000,71W,39,2026,9,26,12,18.3,154.4,98600.0,2026-09-26 12:00:00,2026-09-26 12:00:00,986.0
20260926,120000,71W,39,2026,9,26,12,18.8,154.0,98400.0,2026-09-26 12:00:00,2026-09-26 12:00:00,984.0
20260926,120000,71W,39,2026,9,26,12,20.0,153.9,97700.0,2026-09-26 12:00:00,2026-09-26 12:00:00,977.0
20260926,120000,71W,39,2026,9,26,12,20.1,153.9,97400.0,2026-09-26 12:00:00,2026-09-26 12:00:00,974.0
20260926,120000,71W,39,2026,9,26,12,21.5,153.6,96700.0,2026-09-26 12:00:00,2026-09-26 12:00:00,967.0
20260926,120000,71W,39,2026,9,26,12,22.3,153.8,96400.0,2026-09-26 12:00:00,2026-09-26 12:00:00,964.0
20260926,120000,71W,39,2026,9,26,12,23.3,153.4,95800.0,2026-09-26 12:00:00,2026-09-26 12:00:00,958.0
20260926,120000,71W,39,2026,9,26,12,23.8,153.6,95700.0,2026-09-26 12:00:00,2026-09-26 12:00:00,957.0
20260926,120000,71W,39,2026,9,26,12,24.5,153.6,95400.0,2026-09-26 12:00:00,2026-09-26 12:00:00,954.0
20260926,120000,71W,39,2026,9,26,12,25.400000000000002,153.3,95500.0,2026-09-26 12:00:00,2026-09-26 12:00:00,955.0
20260926,120000,71W,39,2026,9,26,12,25.8,154.5,95300.0,2026-09-26 12:00:00,2026-09-26 12:00:00,953.0
20260926,120000,71W,39,2026,9,26,12,26.400000000000002,154.70000000000002,95400.0,2026-09-26 12:00:00,2026-09-26 12:00:00,954.0
20260926,120000,71W,39,2026,9,26,12,27.1,155.8,95200.0,2026-09-26 12:00:00,2026-09-26 12:00:00,952.0
20260926,120000,71W,39,2026,9,26,12,27.8,155.5,95400.0,2026-09-26 12:00:00,2026-09-26 12:00:00,954.0
20260926,120000,71W,39,2026,9,26,12,28.7,155.70000000000002,95500.0,2026-09-26 12:00:00,2026-09-26 12:00:00,955.0
20260926,120000,71W,39,2026,9,26,12,29.3,156.9,95500.0,2026-09-26 12:00:00,2026-09-26 12:00:00,955.0
20260926,120000,71W,39,2026,9,26,12,30.0,156.8,95600.0,2026-09-26 12:00:00,2026-09-26 12:00:00,956.0
20260926,120000,71W,39,2026,9,26,12,30.5,157.5,96000.0,2026-09-26 12:00:00,2026-09-26 12:00:00,960.0
20260926,120000,71W,39,2026,9,26,12,31.0,158.0,96300.0,2026-09-26 12:00:00,2026-09-26 12:00:00,963.0
20260926,120000,71W,39,2026,9,26,12,31.400000000000002,158.8,96700.0,2026-09-26 12:00:00,2026-09-26 12:00:00,967.0
20260926,120000,71W,39,2026,9,26,12,31.6,159.3,97100.0,2026-09-26 12:00:00,2026-09-26 12:00:00,971.0
20260926,120000,71W,39,2026,9,26,12,32.1,160.1,97500.0,2026-09-26 12:00:00,2026-09-26 12:00:00,975.0
20260926,120000,71W,39,2026,9,26,12,31.7,160.4,97700.0,2026-09-26 12:00:00,2026-09-26 12:00:00,977.0
20260926,120000,71W,39,2026,9,26,12,31.7,160.9,98100.0,2026-09-26 12:00:00,2026-09-26 12:00:00,981.0
20260926,120000,71W,39,2026,9,26,12,31.900000000000002,161.20000000000002,98200.0,2026-09-26 12:00:00,2026-09-26 12:00:00,982.0
20260926,120000,71W,39,2026,9,26,12,32.4,161.8,98400.0,2026-09-26 12:00:00,2026-09-26 12:00:00,984.0
20260926,120000,71W,39,2026,9,26,12,33.8,163.1,98300.0,2026-09-26 12:00:00,2026-09-26 12:00:00,983.0
20260926,120000,71W,39,2026,9,26,12,35.4,164.9,98300.0,2026-09-26 12:00:00,2026-09-26 12:00:00,983.0
20260926,120000,71W,39,2026,9,26,12,38.4,167.3,97800.0,2026-09-26 12:00:00,2026-09-26 12:00:00,978.0
20260926,120000,71W,39,2026,9,26,12,40.9,169.20000000000002,96900.0,2026-09-26 12:00:00,2026-09-26 12:00:00,969.0
20260926,120000,71W,39,2026,9,26,12,42.0,171.1,96300.0,2026-09-26 12:00:00,2026-09-26 12:00:00,963.0
20260926,120000,71W,39,2026,9,26,12,41.4,173.20000000000002,96600.0,2026-09-26 12:00:00,2026-09-26 12:00:00,966.0
20260926,120000,71W,39,2026,9,26,12,41.4,177.1,97300.0,2026-09-26 12:00:00,2026-09-26 12:00:00,973.0
20260926,120000,71W,39,2026,9,26,12,41.800000000000004,181.79999999999998,97800.0,2026-09-26 12:00:00,2026-09-26 12:00:00,978.0
20260926,120000,71W,39,2026,9,26,12,42.300000000000004,186.29999999999998,98000.0,2026-09-26 12:00:00,2026-09-26 12:00:00,980.0
20260926,120000,71W,39,2026,9,26,12,42.7,190.9,98200.0,2026-09-26 12:00:00,2026-09-26 12:00:00,982.0
20260926,120000,71W,40,2026,9,26,12,13.700000000000001,156.20000000000002,100900.0,2026-09-26 12:00:00,2026-09-26 12:00:00,1009.0
20260926,120000,71W,40,2026,9,26,12,14.200000000000001,156.0,100800.0,2026-09-26 12:00:00,2026-09-26 12:00:00,1008.0
20260926,120000,71W,40,2026,9,26,12,14.4,155.8,101100.0,2026-09-26 12:00:00,2026-09-26 12:00:00,1011.0
20260926,120000,71W,40,2026,9,26,12,13.700000000000001,155.6,100800.0,2026-09-26 12:00:00,2026-09-26 12:00:00,1008.0
20260926,120000,71W,40,2026,9,26,12,13.8,155.1,101000.0,2026-09-26 12:00:00,2026-09-26 12:00:00,1010.0
20260926,120000,71W,40,2026,9,26,12,13.3,155.1,100700.0,2026-09-26 12:00:00,2026-09-26 12:00:00,1007.0
20260926,120000,71W,40,2026,9,26,12,13.4,155.4,100900.0,2026-09-26 12:00:00,2026-09-26 12:00:00,1009.0
20260926,120000,71W,40,2026,9,26,12,13.0,156.0,100600.0,2026-09-26 12:00:00,2026-09-26 12:00:00,1006.0
20260926,120000,71W,40,2026,9,26,12,13.1,156.9,100700.0,2026-09-26 12:00:00,2026-09-26 12:00:00,1007.0
20260926,120000,71W,40,2026,9,26,12,14.5,158.20000000000002,99600.0,2026-09-26 12:00:00,2026-09-26 12:00:00,996.0
20260926,120000,71W,40,2026,9,26,12,15.200000000000001,157.9,99400.0,2026-09-26 12:00:00,2026-09-26 12:00:00,994.0
20260926,120000,71W,40,2026,9,26,12,15.3,157.5,99000.0,2026-09-26 12:00:00,2026-09-26 12:00:00,990.0
20260926,120000,71W,40,2026,9,26,12,15.8,156.5,98400.0,2026-09-26 12:00:00,2026-09-26 12:00:00,984.0
20260926,120000,71W,40,2026,9,26,12,16.1,155.6,96700.0,2026-09-26 12:00:00,2026-09-26 12:00:00,967.0
20260926,120000,71W,40,2026,9,26,12,16.2,154.8,95600.0,2026-09-26 12:00:00,2026-09-26 12:00:00,956.0
20260926,120000,71W,40,2026,9,26,12,16.4,154.3,94100.0,2026-09-26 12:00:00,2026-09-26 12:00:00,941.0
20260926,120000,71W,40,2026,9,26,12,16.7,153.9,93400.0,2026-09-26 12:00:00,2026-09-26 12:00:00,934.0
20260926,120000,71W,40,2026,9,26,12,17.6,153.70000000000002,92800.0,2026-09-26 12:00:00,2026-09-26 12:00:00,928.0
20260926,120000,71W,40,2026,9,26,12,18.5,153.4,93000.0,2026-09-26 12:00:00,2026-09-26 12:00:00,930.0
20260926,120000,71W,40,2026,9,26,12,19.5,153.20000000000002,92800.0,2026-09-26 12:00:00,2026-09-26 12:00:00,928.0
20260926,120000,71W,40,2026,9,26,12,20.8,152.9,92800.0,2026-09-26 12:00:00,2026-09-26 12:00:00,928.0
20260926,120000,71W,40,2026,9,26,12,22.1,152.20000000000002,92900.0,2026-09-26 12:00:00,2026-09-26 12:00:00,929.0
20260926,120000,71W,40,2026,9,26,12,23.3,151.9,93900.0,2026-09-26 12:00:00,2026-09-26 12:00:00,939.0
20260926,120000,71W,40,2026,9,26,12,24.2,151.5,94200.0,2026-09-26 12:00:00,2026-09-26 12:00:00,942.0
20260926,120000,71W,40,2026,9,26,12,25.2,151.20000000000002,94500.0,2026-09-26 12:00:00,2026-09-26 12:00:00,945.0
20260926,120000,71W,40,2026,9,26,12,25.900000000000002,150.8,94600.0,2026-09-26 12:00:00,2026-09-26 12:00:00,946.0
20260926,120000,71W,40,2026,9,26,12,27.0,150.3,95100.0,2026-09-26 12:00:00,2026-09-26 12:00:00,951.0
20260926,120000,71W,40,2026,9,26,12,27.5,150.0,95100.0,2026-09-26 12:00:00,2026-09-26 12:00:00,951.0
20260926,120000,71W,40,2026,9,26,12,28.900000000000002,150.5,95500.0,2026-09-26 12:00:00,2026-09-26 12:00:00,955.0
20260926,120000,71W,40,2026,9,26,12,30.3,151.0,95500.0,2026-09-26 12:00:00,2026-09-26 12:00:00,955.0
20260926,120000,71W,40,2026,9,26,12,32.7,151.8,95700.0,2026-09-26 12:00:00,2026-09-26 12:00:00,957.0
20260926,120000,71W,40,2026,9,26,12,35.7,152.8,95500.0,2026-09-26 12:00:00,2026-09-26 12:00:00,955.0
20260926,120000,71W,40,2026,9,26,12,39.2,153.70000000000002,95500.0,2026-09-26 12:00:00,2026-09-26 12:00:00,955.0
20260926,120000,71W,40,2026,9,26,12,46.1,152.70000000000002,94200.0,2026-09-26 12:00:00,2026-09-26 12:00:00,942.0
20260926,120000,71W,40,2026,9,26,12,48.6,152.70000000000002,94300.0,2026-09-26 12:00:00,2026-09-26 12:00:00,943.0
20260926,120000,71W,40,2026,9,26,12,48.6,152.70000000000002,95200.0,2026-09-26 12:00:00,2026-09-26 12:00:00,952.0
20260926,120000,71W,40,2026,9,26,12,48.4,154.4,96200.0,2026-09-26 12:00:00,2026-09-26 12:00:00,962.0
20260926,120000,71W,40,2026,9,26,12,48.7,156.3,96800.0,2026-09-26 12:00:00,2026-09-26 12:00:00,968.0
20260926,120000,71W,40,2026,9,26,12,48.6,158.4,97300.0,2026-09-26 12:00:00,2026-09-26 12:00:00,973.0
20260926,120000,71W,41,2026,9,26,12,24.1,127.4,97700.0,2026-09-26 12:00:00,2026-09-26 12:00:00,977.0
20260926,120000,71W,41,2026,9,26,12,24.8,127.8,97500.0,2026-09-26 12:00:00,2026-09-26 12:00:00,975.0
20260926,120000,71W,41,2026,9,26,12,25.400000000000002,128.4,97000.0,2026-09-26 12:00:00,2026-09-26 12:00:00,970.0
20260926,120000,71W,41,2026,9,26,12,26.0,129.3,97300.0,2026-09-26 12:00:00,2026-09-26 12:00:00,973.0
20260926,120000,71W,41,2026,9,26,12,26.6,130.2,97600.0,2026-09-26 12:00:00,2026-09-26 12:00:00,976.0
20260926,120000,71W,41,2026,9,26,12,26.900000000000002,131.3,97300.0,2026-09-26 12:00:00,2026-09-26 12:00:00,973.0
20260926,120000,71W,41,2026,9,26,12,27.3,132.3,96800.0,2026-09-26 12:00:00,2026-09-26 12:00:00,968.0
20260926,120000,71W,41,2026,9,26,12,27.400000000000002,133.3,97300.0,2026-09-26 12:00:00,2026-09-26 12:00:00,973.0
20260926,120000,71W,41,2026,9,26,12,27.5,134.0,97800.0,2026-09-26 12:00:00,2026-09-26 12:00:00,978.0
20260926,120000,71W,41,2026,9,26,12,27.8,134.8,97900.0,2026-09-26 12:00:00,2026-09-26 12:00:00,979.0
20260926,120000,71W,41,2026,9,26,12,28.1,135.7,98400.0,2026-09-26 12:00:00,2026-09-26 12:00:00,984.0
20260926,120000,71W,41,2026,9,26,12,28.3,136.4,99100.0,2026-09-26 12:00:00,2026-09-26 12:00:00,991.0
20260926,120000,71W,41,2026,9,26,12,28.6,137.1,99300.0,2026-09-26 12:00:00,2026-09-26 12:00:00,993.0
20260926,120000,71W,41,2026,9,26,12,29.2,137.9,99300.0,2026-09-26 12:00:00,2026-09-26 12:00:00,993.0
20260926,120000,71W,41,2026,9,26,12,29.400000000000002,138.6,99400.0,2026-09-26 12:00:00,2026-09-26 12:00:00,994.0
20260926,120000,71W,41,2026,9,26,12,30.1,139.20000000000002,99800.0,2026-09-26 12:00:00,2026-09-26 12:00:00,998.0
20260926,120000,71W,41,2026,9,26,12,31.2,139.6,99300.0,2026-09-26 12:00:00,2026-09-26 12:00:00,993.0
20260926,120000,71W,41,2026,9,26,12,31.8,140.4,99700.0,2026-09-26 12:00:00,2026-09-26 12:00:00,997.0
20260926,120000,71W,41,2026,9,26,12,32.4,141.9,99700.0,2026-09-26 12:00:00,2026-09-26 12:00:00,997.0
20260926,120000,71W,41,2026,9,26,12,33.5,144.0,99900.0,2026-09-26 12:00:00,2026-09-26 12:00:00,999.0
20260926,120000,71W,41,2026,9,26,12,34.800000000000004,146.4,99600.0,2026-09-26 12:00:00,2026-09-26 12:00:00,996.0
20260926,120000,71W,41,2026,9,26,12,36.4,149.8,98400.0,2026-09-26 12:00:00,2026-09-26 12:00:00,984.0
20260926,120000,71W,41,2026,9,26,12,37.6,153.9,98900.0,2026-09-26 12:00:00,2026-09-26 12:00:00,989.0
20260926,120000,71W,41,2026,9,26,12,39.1,158.20000000000002,99500.0,2026-09-26 12:00:00,2026-09-26 12:00:00,995.0
20260926,120000,71W,41,2026,9,26,12,42.0,164.3,99500.0,2026-09-26 12:00:00,2026-09-26 12:00:00,995.0
20260926,120000,71W,42,2026,9,26,12,13.200000000000001,155.0,100800.0,2026-09-26 12:00:00,2026-09-26 12:00:00,1008.0
20260926,120000,71W,42,2026,9,26,12,14.0,153.8,100600.0,2026-09-26 12:00:00,2026-09-26 12:00:00,1006.0
20260926,120000,71W,42,2026,9,26,12,14.700000000000001,155.1,100000.0,2026-09-26 12:00:00,2026-09-26 12:00:00,1000.0
20260926,120000,71W,42,2026,9,26,12,15.1,154.8,99600.0,2026-09-26 12:00:00,2026-09-26 12:00:00,996.0
20260926,120000,71W,42,2026,9,26,12,16.1,154.4,99000.0,2026-09-26 12:00:00,2026-09-26 12:00:00,990.0
20260926,120000,71W,42,2026,9,26,12,17.1,153.3,99000.0,2026-09-26 12:00:00,2026-09-26 12:00:00,990.0
20260926,120000,71W,42,2026,9,26,12,17.8,151.9,98300.0,2026-09-26 12:00:00,2026-09-26 12:00:00,983.0
20260926,120000,71W,42,2026,9,26,12,18.2,150.6,97600.0,2026-09-26 12:00:00,2026-09-26 12:00:00,976.0
20260926,120000,71W,42,2026,9,26,12,18.8,149.6,97000.0,2026-09-26 12:00:00,2026-09-26 12:00:00,970.0
20260926,120000,71W,42,2026,9,26,12,19.400000000000002,148.9,96600.0,2026-09-26 12:00:00,2026-09-26 12:00:00,966.0
20260926,120000,71W,42,2026,9,26,12,19.900000000000002,148.0,96300.0,2026-09-26 12:00:00,2026-09-26 12:00:00,963.0
20260926,120000,71W,42,2026,9,26,12,20.400000000000002,147.3,96600.0,2026-09-26 12:00:00,2026-09-26 12:00:00,966.0
20260926,120000,71W,42,2026,9,26,12,20.7,146.6,96200.0,2026-09-26 12:00:00,2026-09-26 12:00:00,962.0
20260926,120000,71W,42,2026,9,26,12,20.900000000000002,145.9,95900.0,2026-09-26 12:00:00,2026-09-26 12:00:00,959.0
20260926,120000,71W,42,2026,9,26,12,21.1,145.1,95300.0,2026-09-26 12:00:00,2026-09-26 12:00:00,953.0
20260926,120000,71W,42,2026,9,26,12,21.3,144.20000000000002,95200.0,2026-09-26 12:00:00,2026-09-26 12:00:00,952.0
20260926,120000,71W,42,2026,9,26,12,21.6,143.3,95000.0,2026-09-26 12:00:00,2026-09-26 12:00:00,950.0
20260926,120000,71W,42,2026,9,26,12,22.0,142.5,95300.0,2026-09-26 12:00:00,2026-09-26 12:00:00,953.0
20260926,120000,71W,42,2026,9,26,12,22.5,141.9,95200.0,2026-09-26 12:00:00,2026-09-26 12:00:00,952.0
20260926,120000,71W,42,2026,9,26,12,23.0,141.5,95500.0,2026-09-26 12:00:00,2026-09-26 12:00:00,955.0
20260926,120000,71W,42,2026,9,26,12,23.900000000000002,141.1,95400.0,2026-09-26 12:00:00,2026-09-26 12:00:00,954.0
20260926,120000,71W,42,2026,9,26,12,24.5,140.9,95700.0,2026-09-26 12:00:00,2026-09-26 12:00:00,957.0
20260926,120000,71W,42,2026,9,26,12,25.2,141.1,95700.0,2026-09-26 12:00:00,2026-09-26 12:00:00,957.0
20260926,120000,71W,42,2026,9,26,12,25.900000000000002,141.3,95900.0,2026-09-26 12:00:00,2026-09-26 12:00:00,959.0
20260926,120000,71W,42,2026,9,26,12,26.400000000000002,141.6,95500.0,2026-09-26 12:00:00,2026-09-26 12:00:00,955.0
20260926,120000,71W,42,2026,9,26,12,26.900000000000002,142.0,95700.0,2026-09-26 12:00:00,2026-09-26 12:00:00,957.0
20260926,120000,71W,42,2026,9,26,12,27.400000000000002,142.4,95600.0,2026-09-26 12:00:00,2026-09-26 12:00:00,956.0
20260926,120000,71W,42,2026,9,26,12,28.0,143.1,95900.0,2026-09-26 12:00:00,2026-09-26 12:00:00,959.0
20260926,120000,71W,42,2026,9,26,12,29.0,143.70000000000002,95700.0,2026-09-26 12:00:00,2026-09-26 12:00:00,957.0
20260926,120000,71W,42,2026,9,26,12,30.2,144.20000000000002,95500.0,2026-09-26 12:00:00,2026-09-26 12:00:00,955.0
20260926,120000,71W,42,2026,9,26,12,31.5,144.9,95100.0,2026-09-26 12:00:00,2026-09-26 12:00:00,951.0
20260926,120000,71W,42,2026,9,26,12,33.2,146.4,95100.0,2026-09-26 12:00:00,2026-09-26 12:00:00,951.0
20260926,120000,71W,42,2026,9,26,12,36.1,148.4,95100.0,2026-09-26 12:00:00,2026-09-26 12:00:00,951.0
20260926,120000,71W,42,2026,9,26,12,39.300000000000004,150.9,95500.0,2026-09-26 12:00:00,2026-09-26 12:00:00,955.0
20260926,120000,71W,42,2026,9,26,12,43.4,153.0,95300.0,2026-09-26 12:00:00,2026-09-26 12:00:00,953.0
20260926,120000,71W,42,2026,9,26,12,46.1,155.1,95300.0,2026-09-26 12:00:00,2026-09-26 12:00:00,953.0
20260926,120000,71W,42,2026,9,26,12,48.800000000000004,158.4,95100.0,2026-09-26 12:00:00,2026-09-26 12:00:00,951.0
20260926,120000,71W,43,2026,9,26,12,13.1,154.4,100900.0,2026-09-26 12:00:00,2026-09-26 12:00:00,1009.0
20260926,120000,71W,43,2026,9,26,12,14.9,156.0,101100.0,2026-09-26 12:00:00,2026-09-26 12:00:00,1011.0
20260926,120000,71W,43,2026,9,26,12,13.8,155.1,100800.0,2026-09-26 12:00:00,2026-09-26 12:00:00,1008.0
20260926,120000,71W,43,2026,9,26,12,14.5,154.6,100900.0,2026-09-26 12:00:00,2026-09-26 12:00:00,1009.0
20260926,120000,71W,43,2026,9,26,12,13.700000000000001,154.1,100500.0,2026-09-26 12:00:00,2026-09-26 12:00:00,1005.0
20260926,120000,71W,43,2026,9,26,12,14.4,154.8,100700.0,2026-09-26 12:00:00,2026-09-26 12:00:00,1007.0
20260926,120000,71W,43,2026,9,26,12,15.700000000000001,154.1,100400.0,2026-09-26 12:00:00,2026-09-26 12:00:00,1004.0
20260926,120000,71W,43,2026,9,26,12,15.6,153.1,100500.0,2026-09-26 12:00:00,2026-09-26 12:00:00,1005.0
20260926,120000,71W,43,2026,9,26,12,14.9,152.70000000000002,100000.0,2026-09-26 12:00:00,2026-09-26 12:00:00,1000.0
20260926,120000,71W,43,2026,9,26,12,16.6,153.0,100100.0,2026-09-26 12:00:00,2026-09-26 12:00:00,1001.0
20260926,120000,71W,43,2026,9,26,12,16.5,152.20000000000002,99700.0,2026-09-26 12:00:00,2026-09-26 12:00:00,997.0
20260926,120000,71W,43,2026,9,26,12,17.0,151.4,99800.0,2026-09-26 12:00:00,2026-09-26 12:00:00,998.0
20260926,120000,71W,43,2026,9,26,12,18.0,150.6,99400.0,2026-09-26 12:00:00,2026-09-26 12:00:00,994.0
20260926,120000,71W,43,2026,9,26,12,18.3,149.6,99500.0,2026-09-26 12:00:00,2026-09-26 12:00:00,995.0
20260926,120000,71W,43,2026,9,26,12,19.2,149.0,99300.0,2026-09-26 12:00:00,2026-09-26 12:00:00,993.0
20260926,120000,71W,43,2026,9,26,12,19.400000000000002,148.3,99200.0,2026-09-26 12:00:00,2026-09-26 12:00:00,992.0
20260926,120000,71W,43,2026,9,26,12,18.900000000000002,147.4,98100.0,2026-09-26 12:00:00,2026-09-26 12:00:00,981.0
20260926,120000,71W,43,2026,9,26,12,19.1,146.70000000000002,98100.0,2026-09-26 12:00:00,2026-09-26 12:00:00,981.0
20260926,120000,71W,43,2026,9,26,12,19.2,146.0,97000.0,2026-09-26 12:00:00,2026-09-26 12:00:00,970.0
20260926,120000,71W,43,2026,9,26,12,19.6,145.20000000000002,96200.0,2026-09-26 12:00:00,2026-09-26 12:00:00,962.0
20260926,120000,71W,43,2026,9,26,12,19.900000000000002,144.4,95500.0,2026-09-26 12:00:00,2026-09-26 12:00:00,955.0
20260926,120000,71W,43,2026,9,26,12,19.900000000000002,144.1,95200.0,2026-09-26 12:00:00,2026-09-26 12:00:00,952.0
20260926,120000,71W,43,2026,9,26,12,19.900000000000002,143.8,94200.0,2026-09-26 12:00:00,2026-09-26 12:00:00,942.0
20260926,120000,71W,43,2026,9,26,12,20.5,143.9,94500.0,2026-09-26 12:00:00,2026-09-26 12:00:00,945.0
20260926,120000,71W,43,2026,9,26,12,21.1,143.4,94500.0,2026-09-26 12:00:00,2026-09-26 12:00:00,945.0
20260926,120000,71W,43,2026,9,26,12,21.3,143.0,94200.0,2026-09-26 12:00:00,2026-09-26 12:00:00,942.0
20260926,120000,71W,43,2026,9,26,12,21.5,142.9,93400.0,2026-09-26 12:00:00,2026-09-26 12:00:00,934.0
20260926,120000,71W,43,2026,9,26,12,22.3,143.0,93100.0,2026-09-26 12:00:00,2026-09-26 12:00:00,931.0
20260926,120000,71W,43,2026,9,26,12,22.8,143.0,92900.0,2026-09-26 12:00:00,2026-09-26 12:00:00,929.0
20260926,120000,71W,43,2026,9,26,12,23.0,143.0,92900.0,2026-09-26 12:00:00,2026-09-26 12:00:00,929.0
20260926,120000,71W,43,2026,9,26,12,23.7,143.0,93200.0,2026-09-26 12:00:00,2026-09-26 12:00:00,932.0
20260926,120000,71W,43,2026,9,26,12,24.2,143.20000000000002,93900.0,2026-09-26 12:00:00,2026-09-26 12:00:00,939.0
20260926,120000,71W,43,2026,9,26,12,25.1,143.70000000000002,94100.0,2026-09-26 12:00:00,2026-09-26 12:00:00,941.0
20260926,120000,71W,43,2026,9,26,12,25.6,144.0,94500.0,2026-09-26 12:00:00,2026-09-26 12:00:00,945.0
20260926,120000,71W,43,2026,9,26,12,26.2,144.0,94700.0,2026-09-26 12:00:00,2026-09-26 12:00:00,947.0
20260926,120000,71W,43,2026,9,26,12,26.8,143.9,95000.0,2026-09-26 12:00:00,2026-09-26 12:00:00,950.0
20260926,120000,71W,43,2026,9,26,12,27.3,143.9,95100.0,2026-09-26 12:00:00,2026-09-26 12:00:00,951.0
20260926,120000,71W,43,2026,9,26,12,28.0,144.0,95300.0,2026-09-26 12:00:00,2026-09-26 12:00:00,953.0
20260926,120000,71W,43,2026,9,26,12,28.8,144.3,95500.0,2026-09-26 12:00:00,2026-09-26 12:00:00,955.0
20260926,120000,71W,43,2026,9,26,12,30.3,144.6,96000.0,2026-09-26 12:00:00,2026-09-26 12:00:00,960.0
20260926,120000,71W,43,2026,9,26,12,32.1,145.6,95800.0,2026-09-26 12:00:00,2026-09-26 12:00:00,958.0
20260926,120000,71W,43,2026,9,26,12,34.5,146.5,95300.0,2026-09-26 12:00:00,2026-09-26 12:00:00,953.0
20260926,120000,71W,43,2026,9,26,12,37.800000000000004,147.70000000000002,95900.0,2026-09-26 12:00:00,2026-09-26 12:00:00,959.0
20260926,120000,71W,43,2026,9,26,12,41.2,149.9,96300.0,2026-09-26 12:00:00,2026-09-26 12:00:00,963.0
20260926,120000,71W,43,2026,9,26,12,45.300000000000004,151.0,96300.0,2026-09-26 12:00:00,2026-09-26 12:00:00,963.0
20260926,120000,71W,43,2026,9,26,12,48.300000000000004,151.5,96000.0,2026-09-26 12:00:00,2026-09-26 12:00:00,960.0
20260926,120000,71W,43,2026,9,26,12,50.300000000000004,151.1,94800.0,2026-09-26 12:00:00,2026-09-26 12:00:00,948.0
20260926,120000,71W,43,2026,9,26,12,51.6,154.1,94300.0,2026-09-26 12:00:00,2026-09-26 12:00:00,943.0
20260926,120000,71W,44,2026,9,26,12,14.6,158.0,100900.0,2026-09-26 12:00:00,2026-09-26 12:00:00,1009.0
20260926,120000,71W,44,2026,9,26,12,13.8,159.3,101100.0,2026-09-26 12:00:00,2026-09-26 12:00:00,1011.0
20260926,120000,71W,44,2026,9,26,12,13.8,157.6,100900.0,2026-09-26 12:00:00,2026-09-26 12:00:00,1009.0
20260926,120000,71W,44,2026,9,26,12,13.200000000000001,156.3,100900.0,2026-09-26 12:00:00,2026-09-26 12:00:00,1009.0
20260926,120000,71W,44,2026,9,26,12,13.3,155.4,100700.0,2026-09-26 12:00:00,2026-09-26 12:00:00,1007.0
20260926,120000,71W,44,2026,9,26,12,13.6,156.5,100700.0,2026-09-26 12:00:00,2026-09-26 12:00:00,1007.0
20260926,120000,71W,44,2026,9,26,12,13.6,155.9,100400.0,2026-09-26 12:00:00,2026-09-26 12:00:00,1004.0
20260926,120000,71W,44,2026,9,26,12,14.700000000000001,155.3,100600.0,2026-09-26 12:00:00,2026-09-26 12:00:00,1006.0
20260926,120000,71W,44,2026,9,26,12,14.700000000000001,154.20000000000002,99900.0,2026-09-26 12:00:00,2026-09-26 12:00:00,999.0
20260926,120000,71W,44,2026,9,26,12,14.9,154.9,99700.0,2026-09-26 12:00:00,2026-09-26 12:00:00,997.0
20260926,120000,71W,44,2026,9,26,12,15.4,154.6,99400.0,2026-09-26 12:00:00,2026-09-26 12:00:00,994.0
20260926,120000,71W,44,2026,9,26,12,15.5,154.1,99300.0,2026-09-26 12:00:00,2026-09-26 12:00:00,993.0
20260926,120000,71W,44,2026,9,26,12,16.3,154.0,99500.0,2026-09-26 12:00:00,2026-09-26 12:00:00,995.0
20260926,120000,71W,44,2026,9,26,12,16.6,153.20000000000002,99700.0,2026-09-26 12:00:00,2026-09-26 12:00:00,997.0
20260926,120000,71W,44,2026,9,26,12,16.9,152.70000000000002,99200.0,2026-09-26 12:00:00,2026-09-26 12:00:00,992.0
20260926,120000,71W,44,2026,9,26,12,17.3,151.5,99000.0,2026-09-26 12:00:00,2026-09-26 12:00:00,990.0
20260926,120000,71W,44,2026,9,26,12,17.7,150.8,97600.0,2026-09-26 12:00:00,2026-09-26 12:00:00,976.0
20260926,120000,71W,44,2026,9,26,12,17.900000000000002,149.9,97400.0,2026-09-26 12:00:00,2026-09-26 12:00:00,974.0
20260926,120000,71W,44,2026,9,26,12,18.1,149.20000000000002,96600.0,2026-09-26 12:00:00,2026-09-26 12:00:00,966.0
20260926,120000,71W,44,2026,9,26,12,18.5,148.70000000000002,95800.0,2026-09-26 12:00:00,2026-09-26 12:00:00,958.0
20260926,120000,71W,44,2026,9,26,12,19.0,148.3,96100.0,2026-09-26 12:00:00,2026-09-26 12:00:00,961.0
20260926,120000,71W,44,2026,9,26,12,19.2,148.3,96100.0,2026-09-26 12:00:00,2026-09-26 12:00:00,961.0
20260926,120000,71W,44,2026,9,26,12,19.5,148.3,95700.0,2026-09-26 12:00:00,2026-09-26 12:00:00,957.0
20260926,120000,71W,44,2026,9,26,12,19.7,148.4,95200.0,2026-09-26 12:00:00,2026-09-26 12:00:00,952.0
20260926,120000,71W,44,2026,9,26,12,20.2,148.70000000000002,94500.0,2026-09-26 12:00:00,2026-09-26 12:00:00,945.0
20260926,120000,71W,44,2026,9,26,12,20.6,148.9,94600.0,2026-09-26 12:00:00,2026-09-26 12:00:00,946.0
20260926,120000,71W,44,2026,9,26,12,21.3,149.0,94500.0,2026-09-26 12:00:00,2026-09-26 12:00:00,945.0
20260926,120000,71W,44,2026,9,26,12,22.1,148.70000000000002,94900.0,2026-09-26 12:00:00,2026-09-26 12:00:00,949.0
20260926,120000,71W,44,2026,9,26,12,22.7,148.4,94800.0,2026-09-26 12:00:00,2026-09-26 12:00:00,948.0
20260926,120000,71W,44,2026,9,26,12,23.0,147.70000000000002,94400.0,2026-09-26 12:00:00,2026-09-26 12:00:00,944.0
20260926,120000,71W,44,2026,9,26,12,23.3,147.3,94000.0,2026-09-26 12:00:00,2026-09-26 12:00:00,940.0
20260926,120000,71W,44,2026,9,26,12,23.6,147.0,93800.0,2026-09-26 12:00:00,2026-09-26 12:00:00,938.0
20260926,120000,71W,44,2026,9,26,12,24.2,146.9,93400.0,2026-09-26 12:00:00,2026-09-26 12:00:00,934.0
20260926,120000,71W,44,2026,9,26,12,25.1,146.6,93500.0,2026-09-26 12:00:00,2026-09-26 12:00:00,935.0
20260926,120000,71W,44,2026,9,26,12,26.1,146.20000000000002,93600.0,2026-09-26 12:00:00,2026-09-26 12:00:00,936.0
20260926,120000,71W,44,2026,9,26,12,27.0,146.1,94000.0,2026-09-26 12:00:00,2026-09-26 12:00:00,940.0
20260926,120000,71W,44,2026,9,26,12,28.400000000000002,145.9,94100.0,2026-09-26 12:00:00,2026-09-26 12:00:00,941.0
20260926,120000,71W,44,2026,9,26,12,30.0,145.9,94500.0,2026-09-26 12:00:00,2026-09-26 12:00:00,945.0
20260926,120000,71W,44,2026,9,26,12,32.1,145.8,94500.0,2026-09-26 12:00:00,2026-09-26 12:00:00,945.0
20260926,120000,71W,44,2026,9,26,12,34.5,146.1,94900.0,2026-09-26 12:00:00,2026-09-26 12:00:00,949.0
20260926,120000,71W,44,2026,9,26,12,38.1,146.70000000000002,95100.0,2026-09-26 12:00:00,2026-09-26 12:00:00,951.0
20260926,120000,71W,44,2026,9,26,12,42.0,146.8,95800.0,2026-09-26 12:00:00,2026-09-26 12:00:00,958.0
20260926,120000,71W,44,2026,9,26,12,45.0,147.4,96600.0,2026-09-26 12:00:00,2026-09-26 12:00:00,966.0
20260926,120000,71W,44,2026,9,26,12,47.300000000000004,147.0,97200.0,2026-09-26 12:00:00,2026-09-26 12:00:00,972.0
20260926,120000,71W,44,2026,9,26,12,49.0,147.9,97100.0,2026-09-26 12:00:00,2026-09-26 12:00:00,971.0
20260926,120000,71W,44,2026,9,26,12,50.9,149.9,97200.0,2026-09-26 12:00:00,2026-09-26 12:00:00,972.0
20260926,120000,71W,45,2026,9,26,12,14.3,156.6,101000.0,2026-09-26 12:00:00,2026-09-26 12:00:00,1010.0
20260926,120000,71W,45,2026,9,26,12,13.3,155.4,100800.0,2026-09-26 12:00:00,2026-09-26 12:00:00,1008.0
20260926,120000,71W,45,2026,9,26,12,14.200000000000001,156.8,101000.0,2026-09-26 12:00:00,2026-09-26 12:00:00,1010.0
20260926,120000,71W,45,2026,9,26,12,13.3,156.20000000000002,100700.0,2026-09-26 12:00:00,2026-09-26 12:00:00,1007.0
20260926,120000,71W,45,2026,9,26,12,14.0,156.5,100800.0,2026-09-26 12:00:00,2026-09-26 12:00:00,1008.0
20260926,120000,71W,45,2026,9,26,12,14.5,156.9,100500.0,2026-09-26 12:00:00,2026-09-26 12:00:00,1005.0
20260926,120000,71W,45,2026,9,26,12,15.1,156.5,100700.0,2026-09-26 12:00:00,2026-09-26 12:00:00,1007.0
20260926,120000,71W,45,2026,9,26,12,16.1,155.6,100500.0,2026-09-26 12:00:00,2026-09-26 12:00:00,1005.0
20260926,120000,71W,45,2026,9,26,12,16.6,154.8,100700.0,2026-09-26 12:00:00,2026-09-26 12:00:00,1007.0
20260926,120000,71W,45,2026,9,26,12,17.1,153.9,100500.0,2026-09-26 12:00:00,2026-09-26 12:00:00,1005.0
20260926,120000,71W,45,2026,9,26,12,17.400000000000002,152.8,100700.0,2026-09-26 12:00:00,2026-09-26 12:00:00,1007.0
20260926,120000,71W,45,2026,9,26,12,17.1,151.6,100500.0,2026-09-26 12:00:00,2026-09-26 12:00:00,1005.0
20260926,120000,71W,45,2026,9,26,12,17.6,151.8,100600.0,2026-09-26 12:00:00,2026-09-26 12:00:00,1006.0
20260926,120000,71W,45,2026,9,26,12,18.1,151.20000000000002,100400.0,2026-09-26 12:00:00,2026-09-26 12:00:00,1004.0
20260926,120000,71W,45,2026,9,26,12,18.3,150.5,100600.0,2026-09-26 12:00:00,2026-09-26 12:00:00,1006.0
20260926,120000,71W,45,2026,9,26,12,19.0,149.70000000000002,100400.0,2026-09-26 12:00:00,2026-09-26 12:00:00,1004.0
20260926,120000,71W,45,2026,9,26,12,18.7,148.5,100600.0,2026-09-26 12:00:00,2026-09-26 12:00:00,1006.0
20260926,120000,71W,45,2026,9,26,12,18.7,147.3,100400.0,2026-09-26 12:00:00,2026-09-26 12:00:00,1004.0
20260926,120000,71W,45,2026,9,26,12,19.7,146.70000000000002,100600.0,2026-09-26 12:00:00,2026-09-26 12:00:00,1006.0
20260926,120000,71W,45,2026,9,26,12,20.0,145.8,100300.0,2026-09-26 12:00:00,2026-09-26 12:00:00,1003.0
20260926,120000,71W,45,2026,9,26,12,19.5,144.9,100500.0,2026-09-26 12:00:00,2026-09-26 12:00:00,1005.0
20260926,120000,71W,45,2026,9,26,12,20.6,144.8,100200.0,2026-09-26 12:00:00,2026-09-26 12:00:00,1002.0
20260926,120000,71W,45,2026,9,26,12,20.5,144.0,100400.0,2026-09-26 12:00:00,2026-09-26 12:00:00,1004.0
20260926,120000,71W,45,2026,9,26,12,20.1,143.4,100100.0,2026-09-26 12:00:00,2026-09-26 12:00:00,1001.0
20260926,120000,71W,45,2026,9,26,12,20.400000000000002,143.20000000000002,100200.0,2026-09-26 12:00:00,2026-09-26 12:00:00,1002.0
20260926,120000,71W,45,2026,9,26,12,19.900000000000002,143.20000000000002,100000.0,2026-09-26 12:00:00,2026-09-26 12:00:00,1000.0
20260926,120000,71W,45,2026,9,26,12,19.900000000000002,143.0,100100.0,2026-09-26 12:00:00,2026-09-26 12:00:00,1001.0
20260926,120000,71W,45,2026,9,26,12,19.900000000000002,142.6,99800.0,2026-09-26 12:00:00,2026-09-26 12:00:00,998.0
20260926,120000,71W,45,2026,9,26,12,20.3,142.1,99900.0,2026-09-26 12:00:00,2026-09-26 12:00:00,999.0
20260926,120000,71W,45,2026,9,26,12,20.400000000000002,141.3,99600.0,2026-09-26 12:00:00,2026-09-26 12:00:00,996.0
20260926,120000,71W,45,2026,9,26,12,19.900000000000002,140.1,99700.0,2026-09-26 12:00:00,2026-09-26 12:00:00,997.0
20260926,120000,71W,45,2026,9,26,12,19.5,139.0,99300.0,2026-09-26 12:00:00,2026-09-26 12:00:00,993.0
20260926,120000,71W,45,2026,9,26,12,19.3,138.5,99400.0,2026-09-26 12:00:00,2026-09-26 12:00:00,994.0
20260926,120000,71W,45,2026,9,26,12,19.1,137.6,98500.0,2026-09-26 12:00:00,2026-09-26 12:00:00,985.0
20260926,120000,71W,45,2026,9,26,12,19.0,136.70000000000002,98400.0,2026-09-26 12:00:00,2026-09-26 12:00:00,984.0
20260926,120000,71W,45,2026,9,26,12,19.2,135.6,97900.0,2026-09-26 12:00:00,2026-09-26 12:00:00,979.0
20260926,120000,71W,45,2026,9,26,12,19.1,134.4,97600.0,2026-09-26 12:00:00,2026-09-26 12:00:00,976.0
20260926,120000,71W,45,2026,9,26,12,18.8,133.1,96500.0,2026-09-26 12:00:00,2026-09-26 12:00:00,965.0
20260926,120000,71W,45,2026,9,26,12,18.400000000000002,132.1,95800.0,2026-09-26 12:00:00,2026-09-26 12:00:00,958.0
20260926,120000,71W,45,2026,9,26,12,18.2,131.2,94300.0,2026-09-26 12:00:00,2026-09-26 12:00:00,943.0
20260926,120000,71W,45,2026,9,26,12,18.1,130.5,93800.0,2026-09-26 12:00:00,2026-09-26 12:00:00,938.0
20260926,120000,71W,45,2026,9,26,12,18.1,130.0,92800.0,2026-09-26 12:00:00,2026-09-26 12:00:00,928.0
20260926,120000,71W,45,2026,9,26,12,18.3,129.4,92400.0,2026-09-26 12:00:00,2026-09-26 12:00:00,924.0
20260926,120000,71W,45,2026,9,26,12,18.400000000000002,129.0,92300.0,2026-09-26 12:00:00,2026-09-26 12:00:00,923.0
20260926,120000,71W,45,2026,9,26,12,18.8,129.0,91700.0,2026-09-26 12:00:00,2026-09-26 12:00:00,917.0
20260926,120000,71W,45,2026,9,26,12,19.3,128.8,91500.0,2026-09-26 12:00:00,2026-09-26 12:00:00,915.0
20260926,120000,71W,45,2026,9,26,12,19.7,128.7,91800.0,2026-09-26 12:00:00,2026-09-26 12:00:00,918.0
20260926,120000,71W,45,2026,9,26,12,20.3,128.8,91800.0,2026-09-26 12:00:00,2026-09-26 12:00:00,918.0
20260926,120000,71W,45,2026,9,26,12,20.900000000000002,128.8,92300.0,2026-09-26 12:00:00,2026-09-26 12:00:00,923.0
20260926,120000,71W,45,2026,9,26,12,21.5,129.0,91700.0,2026-09-26 12:00:00,2026-09-26 12:00:00,917.0
20260926,120000,71W,45,2026,9,26,12,21.900000000000002,129.4,91600.0,2026-09-26 12:00:00,2026-09-26 12:00:00,916.0
20260926,120000,71W,45,2026,9,26,12,22.8,129.6,91900.0,2026-09-26 12:00:00,2026-09-26 12:00:00,919.0
20260926,120000,71W,45,2026,9,26,12,23.6,129.6,91800.0,2026-09-26 12:00:00,2026-09-26 12:00:00,918.0
20260926,120000,71W,45,2026,9,26,12,24.400000000000002,129.4,91900.0,2026-09-26 12:00:00,2026-09-26 12:00:00,919.0
20260926,120000,71W,45,2026,9,26,12,24.8,129.1,91800.0,2026-09-26 12:00:00,2026-09-26 12:00:00,918.0
20260926,120000,71W,45,2026,9,26,12,25.2,128.6,92000.0,2026-09-26 12:00:00,2026-09-26 12:00:00,920.0
20260926,120000,71W,45,2026,9,26,12,25.400000000000002,128.2,92500.0,2026-09-26 12:00:00,2026-09-26 12:00:00,925.0
20260926,120000,71W,45,2026,9,26,12,26.1,127.8,92400.0,2026-09-26 12:00:00,2026-09-26 12:00:00,924.0
20260926,120000,71W,45,2026,9,26,12,26.6,127.4,93900.0,2026-09-26 12:00:00,2026-09-26 12:00:00,939.0
20260926,120000,71W,46,2026,9,26,12,14.0,155.6,100800.0,2026-09-26 12:00:00,2026-09-26 12:00:00,1008.0
20260926,120000,71W,46,2026,9,26,12,15.0,154.8,101000.0,2026-09-26 12:00:00,2026-09-26 12:00:00,1010.0
20260926,120000,71W,46,2026,9,26,12,13.6,155.8,100700.0,2026-09-26 12:00:00,2026-09-26 12:00:00,1007.0
20260926,120000,71W,46,2026,9,26,12,15.700000000000001,155.6,100900.0,2026-09-26 12:00:00,2026-09-26 12:00:00,1009.0
20260926,120000,71W,46,2026,9,26,12,15.0,155.1,100600.0,2026-09-26 12:00:00,2026-09-26 12:00:00,1006.0
20260926,120000,71W,46,2026,9,26,12,15.9,155.0,100500.0,2026-09-26 12:00:00,2026-09-26 12:00:00,1005.0
20260926,120000,71W,46,2026,9,26,12,16.7,154.9,100000.0,2026-09-26 12:00:00,2026-09-26 12:00:00,1000.0
20260926,120000,71W,46,2026,9,26,12,17.2,153.70000000000002,99900.0,2026-09-26 12:00:00,2026-09-26 12:00:00,999.0
20260926,120000,71W,46,2026,9,26,12,17.900000000000002,152.9,98900.0,2026-09-26 12:00:00,2026-09-26 12:00:00,989.0
20260926,120000,71W,46,2026,9,26,12,18.400000000000002,151.3,98200.0,2026-09-26 12:00:00,2026-09-26 12:00:00,982.0
20260926,120000,71W,46,2026,9,26,12,18.8,150.1,97200.0,2026-09-26 12:00:00,2026-09-26 12:00:00,972.0
20260926,120000,71W,46,2026,9,26,12,19.2,149.3,96200.0,2026-09-26 12:00:00,2026-09-26 12:00:00,962.0
20260926,120000,71W,46,2026,9,26,12,19.8,148.5,95800.0,2026-09-26 12:00:00,2026-09-26 12:00:00,958.0
20260926,120000,71W,46,2026,9,26,12,20.2,147.70000000000002,96100.0,2026-09-26 12:00:00,2026-09-26 12:00:00,961.0
20260926,120000,71W,46,2026,9,26,12,20.5,147.1,95400.0,2026-09-26 12:00:00,2026-09-26 12:00:00,954.0
20260926,120000,71W,46,2026,9,26,12,20.900000000000002,146.6,95100.0,2026-09-26 12:00:00,2026-09-26 12:00:00,951.0
20260926,120000,71W,46,2026,9,26,12,21.1,146.1,95500.0,2026-09-26 12:00:00,2026-09-26 12:00:00,955.0
20260926,120000,71W,46,2026,9,26,12,21.400000000000002,145.4,95500.0,2026-09-26 12:00:00,2026-09-26 12:00:00,955.0
20260926,120000,71W,46,2026,9,26,12,21.7,144.8,94700.0,2026-09-26 12:00:00,2026-09-26 12:00:00,947.0
20260926,120000,71W,46,2026,9,26,12,21.900000000000002,144.20000000000002,94400.0,2026-09-26 12:00:00,2026-09-26 12:00:00,944.0
20260926,120000,71W,46,2026,9,26,12,22.3,143.8,94200.0,2026-09-26 12:00:00,2026-09-26 12:00:00,942.0
20260926,120000,71W,46,2026,9,26,12,22.6,143.5,94600.0,2026-09-26 12:00:00,2026-09-26 12:00:00,946.0
20260926,120000,71W,46,2026,9,26,12,23.2,143.1,94200.0,2026-09-26 12:00:00,2026-09-26 12:00:00,942.0
20260926,120000,71W,46,2026,9,26,12,23.6,142.8,94600.0,2026-09-26 12:00:00,2026-09-26 12:00:00,946.0
20260926,120000,71W,46,2026,9,26,12,24.1,142.3,95000.0,2026-09-26 12:00:00,2026-09-26 12:00:00,950.0
20260926,120000,71W,46,2026,9,26,12,24.400000000000002,142.1,95400.0,2026-09-26 12:00:00,2026-09-26 12:00:00,954.0
20260926,120000,71W,46,2026,9,26,12,24.900000000000002,142.0,95500.0,2026-09-26 12:00:00,2026-09-26 12:00:00,955.0
20260926,120000,71W,46,2026,9,26,12,25.2,142.0,96200.0,2026-09-26 12:00:00,2026-09-26 12:00:00,962.0
20260926,120000,71W,46,2026,9,26,12,25.400000000000002,142.1,96500.0,2026-09-26 12:00:00,2026-09-26 12:00:00,965.0
20260926,120000,71W,46,2026,9,26,12,25.900000000000002,142.1,96900.0,2026-09-26 12:00:00,2026-09-26 12:00:00,969.0
20260926,120000,71W,46,2026,9,26,12,26.3,142.3,97100.0,2026-09-26 12:00:00,2026-09-26 12:00:00,971.0
20260926,120000,71W,46,2026,9,26,12,26.7,142.4,97600.0,2026-09-26 12:00:00,2026-09-26 12:00:00,976.0
20260926,120000,71W,46,2026,9,26,12,27.1,142.9,97100.0,2026-09-26 12:00:00,2026-09-26 12:00:00,971.0
20260926,120000,71W,46,2026,9,26,12,28.0,143.70000000000002,97200.0,2026-09-26 12:00:00,2026-09-26 12:00:00,972.0
20260926,120000,71W,46,2026,9,26,12,28.1,144.20000000000002,96700.0,2026-09-26 12:00:00,2026-09-26 12:00:00,967.0
20260926,120000,71W,46,2026,9,26,12,28.0,144.3,97100.0,2026-09-26 12:00:00,2026-09-26 12:00:00,971.0
20260926,120000,71W,46,2026,9,26,12,27.5,144.20000000000002,97700.0,2026-09-26 12:00:00,2026-09-26 12:00:00,977.0
20260926,120000,71W,46,2026,9,26,12,26.900000000000002,144.1,98400.0,2026-09-26 12:00:00,2026-09-26 12:00:00,984.0
20260926,120000,71W,46,2026,9,26,12,26.400000000000002,144.20000000000002,98200.0,2026-09-26 12:00:00,2026-09-26 12:00:00,982.0
20260926,120000,71W,46,2026,9,26,12,25.3,143.6,98600.0,2026-09-26 12:00:00,2026-09-26 12:00:00,986.0
20260926,120000,71W,46,2026,9,26,12,24.7,142.9,98800.0,2026-09-26 12:00:00,2026-09-26 12:00:00,988.0
20260926,120000,71W,46,2026,9,26,12,24.2,141.9,99100.0,2026-09-26 12:00:00,2026-09-26 12:00:00,991.0
20260926,120000,71W,46,2026,9,26,12,23.7,141.3,99100.0,2026-09-26 12:00:00,2026-09-26 12:00:00,991.0
20260926,120000,71W,46,2026,9,26,12,23.3,140.8,99300.0,2026-09-26 12:00:00,2026-09-26 12:00:00,993.0
20260926,120000,71W,46,2026,9,26,12,22.900000000000002,140.1,99100.0,2026-09-26 12:00:00,2026-09-26 12:00:00,991.0
20260926,120000,71W,46,2026,9,26,12,23.0,139.8,98900.0,2026-09-26 12:00:00,2026-09-26 12:00:00,989.0
20260926,120000,71W,46,2026,9,26,12,22.6,139.70000000000002,98600.0,2026-09-26 12:00:00,2026-09-26 12:00:00,986.0
20260926,120000,71W,46,2026,9,26,12,22.6,139.8,98600.0,2026-09-26 12:00:00,2026-09-26 12:00:00,986.0
20260926,120000,71W,46,2026,9,26,12,22.1,139.9,98400.0,2026-09-26 12:00:00,2026-09-26 12:00:00,984.0
20260926,120000,71W,46,2026,9,26,12,21.7,140.3,98400.0,2026-09-26 12:00:00,2026-09-26 12:00:00,984.0
20260926,120000,71W,46,2026,9,26,12,21.6,140.5,97800.0,2026-09-26 12:00:00,2026-09-26 12:00:00,978.0
20260926,120000,71W,46,2026,9,26,12,21.400000000000002,140.5,97500.0,2026-09-26 12:00:00,2026-09-26 12:00:00,975.0
20260926,120000,71W,46,2026,9,26,12,21.3,140.20000000000002,97100.0,2026-09-26 12:00:00,2026-09-26 12:00:00,971.0
20260926,120000,71W,46,2026,9,26,12,21.2,139.5,96800.0,2026-09-26 12:00:00,2026-09-26 12:00:00,968.0
20260926,120000,71W,46,2026,9,26,12,20.900000000000002,138.70000000000002,96200.0,2026-09-26 12:00:00,2026-09-26 12:00:00,962.0
20260926,120000,71W,46,2026,9,26,12,20.7,138.0,95500.0,2026-09-26 12:00:00,2026-09-26 12:00:00,955.0
20260926,120000,71W,46,2026,9,26,12,20.7,137.4,94700.0,2026-09-26 12:00:00,2026-09-26 12:00:00,947.0
20260926,120000,71W,46,2026,9,26,12,20.7,136.9,94700.0,2026-09-26 12:00:00,2026-09-26 12:00:00,947.0
20260926,120000,71W,46,2026,9,26,12,20.7,136.4,94100.0,2026-09-26 12:00:00,2026-09-26 12:00:00,941.0
20260926,120000,71W,46,2026,9,26,12,20.400000000000002,135.9,94400.0,2026-09-26 12:00:00,2026-09-26 12:00:00,944.0
20260926,120000,71W,47,2026,9,26,12,13.200000000000001,156.70000000000002,100800.0,2026-09-26 12:00:00,2026-09-26 12:00:00,1008.0
20260926,120000,71W,47,2026,9,26,12,13.8,157.20000000000002,101000.0,2026-09-26 12:00:00,2026-09-26 12:00:00,1010.0
20260926,120000,71W,47,2026,9,26,12,13.700000000000001,156.5,100800.0,2026-09-26 12:00:00,2026-09-26 12:00:00,1008.0
20260926,120000,71W,47,2026,9,26,12,15.0,156.3,100900.0,2026-09-26 12:00:00,2026-09-26 12:00:00,1009.0
20260926,120000,71W,47,2026,9,26,12,14.6,155.4,100800.0,2026-09-26 12:00:00,2026-09-26 12:00:00,1008.0
20260926,120000,71W,47,2026,9,26,12,15.4,154.4,101000.0,2026-09-26 12:00:00,2026-09-26 12:00:00,1010.0
20260926,120000,71W,47,2026,9,26,12,15.700000000000001,154.20000000000002,100700.0,2026-09-26 12:00:00,2026-09-26 12:00:00,1007.0
20260926,120000,71W,47,2026,9,26,12,15.700000000000001,152.6,100900.0,2026-09-26 12:00:00,2026-09-26 12:00:00,1009.0
20260926,120000,71W,47,2026,9,26,12,15.8,153.0,100600.0,2026-09-26 12:00:00,2026-09-26 12:00:00,1006.0
20260926,120000,71W,47,2026,9,26,12,16.6,152.20000000000002,100700.0,2026-09-26 12:00:00,2026-09-26 12:00:00,1007.0
20260926,120000,71W,47,2026,9,26,12,16.6,151.1,100500.0,2026-09-26 12:00:00,2026-09-26 12:00:00,1005.0
20260926,120000,71W,47,2026,9,26,12,15.9,152.1,100600.0,2026-09-26 12:00:00,2026-09-26 12:00:00,1006.0
20260926,120000,71W,47,2026,9,26,12,16.4,151.70000000000002,100400.0,2026-09-26 12:00:00,2026-09-26 12:00:00,1004.0
20260926,120000,71W,47,2026,9,26,12,16.2,151.3,100500.0,2026-09-26 12:00:00,2026-09-26 12:00:00,1005.0
20260926,120000,71W,47,2026,9,26,12,15.9,151.70000000000002,100200.0,2026-09-26 12:00:00,2026-09-26 12:00:00,1002.0
20260926,120000,71W,47,2026,9,26,12,16.5,152.4,100300.0,2026-09-26 12:00:00,2026-09-26 12:00:00,1003.0
20260926,120000,71W,47,2026,9,26,12,16.7,150.6,99900.0,2026-09-26 12:00:00,2026-09-26 12:00:00,999.0
20260926,120000,71W,47,2026,9,26,12,16.6,150.6,99800.0,2026-09-26 12:00:00,2026-09-26 12:00:00,998.0
20260926,120000,71W,47,2026,9,26,12,16.8,150.1,99100.0,2026-09-26 12:00:00,2026-09-26 12:00:00,991.0
20260926,120000,71W,47,2026,9,26,12,17.1,149.9,98900.0,2026-09-26 12:00:00,2026-09-26 12:00:00,989.0
20260926,120000,71W,47,2026,9,26,12,17.400000000000002,150.4,98300.0,2026-09-26 12:00:00,2026-09-26 12:00:00,983.0
20260926,120000,71W,47,2026,9,26,12,17.6,151.1,97500.0,2026-09-26 12:00:00,2026-09-26 12:00:00,975.0
20260926,120000,71W,47,2026,9,26,12,18.2,152.1,97000.0,2026-09-26 12:00:00,2026-09-26 12:00:00,970.0
20260926,120000,71W,47,2026,9,26,12,19.1,153.5,96800.0,2026-09-26 12:00:00,2026-09-26 12:00:00,968.0
20260926,120000,71W,47,2026,9,26,12,20.900000000000002,154.1,96200.0,2026-09-26 12:00:00,2026-09-26 12:00:00,962.0
20260926,120000,71W,47,2026,9,26,12,22.5,154.20000000000002,95900.0,2026-09-26 12:00:00,2026-09-26 12:00:00,959.0
20260926,120000,71W,47,2026,9,26,12,23.900000000000002,153.8,95300.0,2026-09-26 12:00:00,2026-09-26 12:00:00,953.0
20260926,120000,71W,47,2026,9,26,12,24.8,153.3,95100.0,2026-09-26 12:00:00,2026-09-26 12:00:00,951.0
20260926,120000,71W,47,2026,9,26,12,26.2,152.70000000000002,94700.0,2026-09-26 12:00:00,2026-09-26 12:00:00,947.0
20260926,120000,71W,47,2026,9,26,12,26.8,152.20000000000002,94600.0,2026-09-26 12:00:00,2026-09-26 12:00:00,946.0
20260926,120000,71W,47,2026,9,26,12,27.900000000000002,151.8,94500.0,2026-09-26 12:00:00,2026-09-26 12:00:00,945.0
20260926,120000,71W,47,2026,9,26,12,28.5,152.20000000000002,94600.0,2026-09-26 12:00:00,2026-09-26 12:00:00,946.0
20260926,120000,71W,47,2026,9,26,12,30.6,152.20000000000002,94700.0,2026-09-26 12:00:00,2026-09-26 12:00:00,947.0
20260926,120000,71W,47,2026,9,26,12,32.6,153.0,94900.0,2026-09-26 12:00:00,2026-09-26 12:00:00,949.0
20260926,120000,71W,47,2026,9,26,12,35.1,154.4,94900.0,2026-09-26 12:00:00,2026-09-26 12:00:00,949.0
20260926,120000,71W,47,2026,9,26,12,38.4,155.1,95300.0,2026-09-26 12:00:00,2026-09-26 12:00:00,953.0
20260926,120000,71W,47,2026,9,26,12,41.4,156.4,95000.0,2026-09-26 12:00:00,2026-09-26 12:00:00,950.0
20260926,120000,71W,47,2026,9,26,12,44.800000000000004,157.70000000000002,94600.0,2026-09-26 12:00:00,2026-09-26 12:00:00,946.0
20260926,120000,71W,47,2026,9,26,12,46.6,159.20000000000002,93500.0,2026-09-26 12:00:00,2026-09-26 12:00:00,935.0
20260926,120000,71W,47,2026,9,26,12,48.4,163.20000000000002,93400.0,2026-09-26 12:00:00,2026-09-26 12:00:00,934.0
20260926,120000,71W,47,2026,9,26,12,50.300000000000004,166.8,93800.0,2026-09-26 12:00:00,2026-09-26 12:00:00,938.0
20260926,120000,71W,47,2026,9,26,12,51.5,170.0,94200.0,2026-09-26 12:00:00,2026-09-26 12:00:00,942.0
20260926,120000,71W,48,2026,9,26,12,13.0,157.20000000000002,101100.0,2026-09-26 12:00:00,2026-09-26 12:00:00,1011.0
20260926,120000,71W,48,2026,9,26,12,13.9,157.3,100900.0,2026-09-26 12:00:00,2026-09-26 12:00:00,1009.0
20260926,120000,71W,48,2026,9,26,12,14.5,156.3,101100.0,2026-09-26 12:00:00,2026-09-26 12:00:00,1011.0
20260926,120000,71W,48,2026,9,26,12,15.1,157.20000000000002,100900.0,2026-09-26 12:00:00,2026-09-26 12:00:00,1009.0
20260926,120000,71W,48,2026,9,26,12,15.4,154.20000000000002,100900.0,2026-09-26 12:00:00,2026-09-26 12:00:00,1009.0
20260926,120000,71W,48,2026,9,26,12,15.9,153.4,101000.0,2026-09-26 12:00:00,2026-09-26 12:00:00,1010.0
20260926,120000,71W,48,2026,9,26,12,16.3,153.3,101000.0,2026-09-26 12:00:00,2026-09-26 12:00:00,1010.0
20260926,120000,71W,48,2026,9,26,12,15.8,151.1,100700.0,2026-09-26 12:00:00,2026-09-26 12:00:00,1007.0
20260926,120000,71W,48,2026,9,26,12,15.3,150.4,100700.0,2026-09-26 12:00:00,2026-09-26 12:00:00,1007.0
20260926,120000,71W,48,2026,9,26,12,16.0,147.70000000000002,100900.0,2026-09-26 12:00:00,2026-09-26 12:00:00,1009.0
20260926,120000,71W,48,2026,9,26,12,15.700000000000001,145.9,100700.0,2026-09-26 12:00:00,2026-09-26 12:00:00,1007.0
20260926,120000,71W,48,2026,9,26,12,16.8,146.4,100900.0,2026-09-26 12:00:00,2026-09-26 12:00:00,1009.0
20260926,120000,71W,48,2026,9,26,12,15.8,145.4,100700.0,2026-09-26 12:00:00,2026-09-26 12:00:00,1007.0
20260926,120000,71W,48,2026,9,26,12,16.6,145.6,100900.0,2026-09-26 12:00:00,2026-09-26 12:00:00,1009.0
20260926,120000,71W,48,2026,9,26,12,15.0,144.9,100700.0,2026-09-26 12:00:00,2026-09-26 12:00:00,1007.0
20260926,120000,71W,48,2026,9,26,12,16.9,145.0,100900.0,2026-09-26 12:00:00,2026-09-26 12:00:00,1009.0
20260926,120000,71W,48,2026,9,26,12,16.2,144.9,100700.0,2026-09-26 12:00:00,2026-09-26 12:00:00,1007.0
20260926,120000,71W,48,2026,9,26,12,17.6,144.4,100900.0,2026-09-26 12:00:00,2026-09-26 12:00:00,1009.0
20260926,120000,71W,48,2026,9,26,12,16.2,144.9,100600.0,2026-09-26 12:00:00,2026-09-26 12:00:00,1006.0
20260926,120000,71W,48,2026,9,26,12,15.5,146.6,100800.0,2026-09-26 12:00:00,2026-09-26 12:00:00,1008.0
20260926,120000,71W,48,2026,9,26,12,13.6,148.3,100700.0,2026-09-26 12:00:00,2026-09-26 12:00:00,1007.0
20260926,120000,71W,48,2026,9,26,12,15.700000000000001,150.8,100700.0,2026-09-26 12:00:00,2026-09-26 12:00:00,1007.0
20260926,120000,71W,48,2026,9,26,12,15.700000000000001,153.20000000000002,100700.0,2026-09-26 12:00:00,2026-09-26 12:00:00,1007.0
20260926,120000,71W,49,2026,9,26,12,11.0,161.9,100800.0,2026-09-26 12:00:00,2026-09-26 12:00:00,1008.0
20260926,120000,71W,49,2026,9,26,12,11.5,163.4,100900.0,2026-09-26 12:00:00,2026-09-26 12:00:00,1009.0
20260926,120000,71W,49,2026,9,26,12,13.1,164.1,101000.0,2026-09-26 12:00:00,2026-09-26 12:00:00,1010.0
20260926,120000,71W,49,2026,9,26,12,14.1,164.4,101000.0,2026-09-26 12:00:00,2026-09-26 12:00:00,1010.0
20260926,120000,71W,49,2026,9,26,12,15.0,164.9,101000.0,2026-09-26 12:00:00,2026-09-26 12:00:00,1010.0
20260926,120000,71W,49,2026,9,26,12,14.700000000000001,164.1,100800.0,2026-09-26 12:00:00,2026-09-26 12:00:00,1008.0
20260926,120000,71W,49,2026,9,26,12,14.700000000000001,164.6,101000.0,2026-09-26 12:00:00,2026-09-26 12:00:00,1010.0
20260926,120000,71W,49,2026,9,26,12,15.3,164.1,100800.0,2026-09-26 12:00:00,2026-09-26 12:00:00,1008.0
20260926,120000,71W,49,2026,9,26,12,14.200000000000001,165.3,101000.0,2026-09-26 12:00:00,2026-09-26 12:00:00,1010.0
20260926,120000,71W,49,2026,9,26,12,12.0,167.5,101000.0,2026-09-26 12:00:00,2026-09-26 12:00:00,1010.0
20260926,120000,71W,49,2026,9,26,12,12.5,168.1,101000.0,2026-09-26 12:00:00,2026-09-26 12:00:00,1010.0
20260926,120000,71W,49,2026,9,26,12,12.1,167.20000000000002,101100.0,2026-09-26 12:00:00,2026-09-26 12:00:00,1011.0
20260926,120000,71W,49,2026,9,26,12,14.3,166.3,100900.0,2026-09-26 12:00:00,2026-09-26 12:00:00,1009.0
20260926,120000,71W,49,2026,9,26,12,14.3,166.5,101000.0,2026-09-26 12:00:00,2026-09-26 12:00:00,1010.0
20260926,120000,71W,49,2026,9,26,12,14.5,165.1,100800.0,2026-09-26 12:00:00,2026-09-26 12:00:00,1008.0
20260926,120000,71W,49,2026,9,26,12,15.0,164.5,101000.0,2026-09-26 12:00:00,2026-09-26 12:00:00,1010.0
20260926,120000,71W,49,2026,9,26,12,15.0,164.6,100800.0,2026-09-26 12:00:00,2026-09-26 12:00:00,1008.0
20260926,120000,71W,49,2026,9,26,12,14.3,164.6,100800.0,2026-09-26 12:00:00,2026-09-26 12:00:00,1008.0
20260926,120000,71W,49,2026,9,26,12,14.3,165.5,100800.0,2026-09-26 12:00:00,2026-09-26 12:00:00,1008.0
20260926,120000,71W,49,2026,9,26,12,14.0,166.0,100600.0,2026-09-26 12:00:00,2026-09-26 12:00:00,1006.0
20260926,120000,71W,49,2026,9,26,12,14.200000000000001,166.5,100600.0,2026-09-26 12:00:00,2026-09-26 12:00:00,1006.0
20260926,120000,71W,49,2026,9,26,12,14.1,166.9,100400.0,2026-09-26 12:00:00,2026-09-26 12:00:00,1004.0
20260926,120000,71W,49,2026,9,26,12,14.6,167.6,100500.0,2026-09-26 12:00:00,2026-09-26 12:00:00,1005.0
20260926,120000,71W,49,2026,9,26,12,14.9,167.6,100300.0,2026-09-26 12:00:00,2026-09-26 12:00:00,1003.0
20260926,120000,71W,49,2026,9,26,12,15.0,167.8,100300.0,2026-09-26 12:00:00,2026-09-26 12:00:00,1003.0
20260926,120000,71W,49,2026,9,26,12,15.0,167.4,100300.0,2026-09-26 12:00:00,2026-09-26 12:00:00,1003.0
20260926,120000,71W,49,2026,9,26,12,15.700000000000001,167.4,100400.0,2026-09-26 12:00:00,2026-09-26 12:00:00,1004.0
20260926,120000,71W,49,2026,9,26,12,16.4,167.4,100200.0,2026-09-26 12:00:00,2026-09-26 12:00:00,1002.0
20260926,120000,71W,49,2026,9,26,12,17.6,166.5,100200.0,2026-09-26 12:00:00,2026-09-26 12:00:00,1002.0
20260926,120000,71W,49,2026,9,26,12,17.6,165.3,100000.0,2026-09-26 12:00:00,2026-09-26 12:00:00,1000.0
20260926,120000,71W,49,2026,9,26,12,17.7,162.9,99800.0,2026-09-26 12:00:00,2026-09-26 12:00:00,998.0
20260926,120000,71W,49,2026,9,26,12,18.1,162.8,99000.0,2026-09-26 12:00:00,2026-09-26 12:00:00,990.0
20260926,120000,71W,49,2026,9,26,12,18.3,161.20000000000002,99200.0,2026-09-26 12:00:00,2026-09-26 12:00:00,992.0
20260926,120000,71W,49,2026,9,26,12,18.1,160.3,98900.0,2026-09-26 12:00:00,2026-09-26 12:00:00,989.0
20260926,120000,71W,49,2026,9,26,12,17.8,159.4,99000.0,2026-09-26 12:00:00,2026-09-26 12:00:00,990.0
20260926,120000,71W,49,2026,9,26,12,17.400000000000002,158.9,98400.0,2026-09-26 12:00:00,2026-09-26 12:00:00,984.0
20260926,120000,71W,49,2026,9,26,12,17.3,158.5,98100.0,2026-09-26 12:00:00,2026-09-26 12:00:00,981.0
20260926,120000,71W,49,2026,9,26,12,17.3,158.1,97900.0,2026-09-26 12:00:00,2026-09-26 12:00:00,979.0
20260926,120000,71W,49,2026,9,26,12,17.7,157.5,97800.0,2026-09-26 12:00:00,2026-09-26 12:00:00,978.0
20260926,120000,71W,49,2026,9,26,12,18.2,157.0,97400.0,2026-09-26 12:00:00,2026-09-26 12:00:00,974.0
20260926,120000,71W,49,2026,9,26,12,19.0,156.3,97100.0,2026-09-26 12:00:00,2026-09-26 12:00:00,971.0
20260926,120000,71W,49,2026,9,26,12,19.8,155.6,96900.0,2026-09-26 12:00:00,2026-09-26 12:00:00,969.0
20260926,120000,71W,49,2026,9,26,12,20.7,154.70000000000002,96300.0,2026-09-26 12:00:00,2026-09-26 12:00:00,963.0
20260926,120000,71W,49,2026,9,26,12,21.1,154.6,95700.0,2026-09-26 12:00:00,2026-09-26 12:00:00,957.0
20260926,120000,71W,49,2026,9,26,12,21.6,154.4,95400.0,2026-09-26 12:00:00,2026-09-26 12:00:00,954.0
20260926,120000,71W,49,2026,9,26,12,22.400000000000002,153.9,94400.0,2026-09-26 12:00:00,2026-09-26 12:00:00,944.0
20260926,120000,71W,49,2026,9,26,12,23.0,153.20000000000002,93300.0,2026-09-26 12:00:00,2026-09-26 12:00:00,933.0
20260926,120000,71W,49,2026,9,26,12,24.0,152.9,92900.0,2026-09-26 12:00:00,2026-09-26 12:00:00,929.0
20260926,120000,71W,49,2026,9,26,12,25.400000000000002,152.5,92900.0,2026-09-26 12:00:00,2026-09-26 12:00:00,929.0
20260926,120000,71W,49,2026,9,26,12,26.8,152.20000000000002,93000.0,2026-09-26 12:00:00,2026-09-26 12:00:00,930.0
20260926,120000,71W,49,2026,9,26,12,28.3,152.20000000000002,93500.0,2026-09-26 12:00:00,2026-09-26 12:00:00,935.0
20260926,120000,71W,50,2026,9,26,12,13.5,153.8,101000.0,2026-09-26 12:00:00,2026-09-26 12:00:00,1010.0
20260926,120000,71W,50,2026,9,26,12,13.6,153.9,101000.0,2026-09-26 12:00:00,2026-09-26 12:00:00,1010.0
20260926,120000,71W,50,2026,9,26,12,13.3,154.70000000000002,100700.0,2026-09-26 12:00:00,2026-09-26 12:00:00,1007.0
20260926,120000,71W,50,2026,9,26,12,14.0,154.8,100600.0,2026-09-26 12:00:00,2026-09-26 12:00:00,1006.0
20260926,120000,71W,50,2026,9,26,12,14.4,154.70000000000002,100000.0,2026-09-26 12:00:00,2026-09-26 12:00:00,1000.0
20260926,120000,71W,50,2026,9,26,12,15.3,154.0,100000.0,2026-09-26 12:00:00,2026-09-26 12:00:00,1000.0
20260926,120000,71W,50,2026,9,26,12,15.8,153.1,99500.0,2026-09-26 12:00:00,2026-09-26 12:00:00,995.0
20260926,120000,71W,50,2026,9,26,12,16.1,152.20000000000002,99400.0,2026-09-26 12:00:00,2026-09-26 12:00:00,994.0
20260926,120000,71W,50,2026,9,26,12,16.4,151.5,98400.0,2026-09-26 12:00:00,2026-09-26 12:00:00,984.0
20260926,120000,71W,50,2026,9,26,12,16.8,150.8,98400.0,2026-09-26 12:00:00,2026-09-26 12:00:00,984.0
20260926,120000,71W,50,2026,9,26,12,17.3,150.1,97600.0,2026-09-26 12:00:00,2026-09-26 12:00:00,976.0
20260926,120000,71W,50,2026,9,26,12,17.8,149.4,97600.0,2026-09-26 12:00:00,2026-09-26 12:00:00,976.0
20260926,120000,71W,50,2026,9,26,12,18.5,148.8,97100.0,2026-09-26 12:00:00,2026-09-26 12:00:00,971.0
20260926,120000,71W,50,2026,9,26,12,19.1,148.0,96700.0,2026-09-26 12:00:00,2026-09-26 12:00:00,967.0
20260926,120000,71W,50,2026,9,26,12,19.7,147.20000000000002,96400.0,2026-09-26 12:00:00,2026-09-26 12:00:00,964.0
20260926,120000,71W,50,2026,9,26,12,19.900000000000002,146.1,96600.0,2026-09-26 12:00:00,2026-09-26 12:00:00,966.0
20260926,120000,71W,50,2026,9,26,12,20.3,145.4,95700.0,2026-09-26 12:00:00,2026-09-26 12:00:00,957.0
20260926,120000,71W,50,2026,9,26,12,20.7,144.5,95300.0,2026-09-26 12:00:00,2026-09-26 12:00:00,953.0
20260926,120000,71W,50,2026,9,26,12,21.1,143.70000000000002,94800.0,2026-09-26 12:00:00,2026-09-26 12:00:00,948.0
20260926,120000,71W,50,2026,9,26,12,21.5,143.1,94600.0,2026-09-26 12:00:00,2026-09-26 12:00:00,946.0
20260926,120000,71W,50,2026,9,26,12,21.900000000000002,142.9,94000.0,2026-09-26 12:00:00,2026-09-26 12:00:00,940.0
20260926,120000,71W,50,2026,9,26,12,22.3,142.70000000000002,94400.0,2026-09-26 12:00:00,2026-09-26 12:00:00,944.0
20260926,120000,71W,50,2026,9,26,12,22.900000000000002,142.5,94400.0,2026-09-26 12:00:00,2026-09-26 12:00:00,944.0
20260926,120000,71W,50,2026,9,26,12,23.3,142.20000000000002,94600.0,2026-09-26 12:00:00,2026-09-26 12:00:00,946.0
20260926,120000,71W,50,2026,9,26,12,24.0,142.1,94400.0,2026-09-26 12:00:00,2026-09-26 12:00:00,944.0
20260926,120000,71W,50,2026,9,26,12,24.5,141.8,94300.0,2026-09-26 12:00:00,2026-09-26 12:00:00,943.0
20260926,120000,71W,50,2026,9,26,12,24.900000000000002,141.6,94300.0,2026-09-26 12:00:00,2026-09-26 12:00:00,943.0
20260926,120000,71W,50,2026,9,26,12,25.2,141.6,94400.0,2026-09-26 12:00:00,2026-09-26 12:00:00,944.0
20260926,120000,71W,50,2026,9,26,12,25.7,141.6,94100.0,2026-09-26 12:00:00,2026-09-26 12:00:00,941.0
20260926,120000,71W,50,2026,9,26,12,26.1,141.8,94200.0,2026-09-26 12:00:00,2026-09-26 12:00:00,942.0
20260926,120000,71W,50,2026,9,26,12,26.6,142.1,93700.0,2026-09-26 12:00:00,2026-09-26 12:00:00,937.0
20260926,120000,71W,50,2026,9,26,12,26.900000000000002,142.5,94000.0,2026-09-26 12:00:00,2026-09-26 12:00:00,940.0
20260926,120000,71W,50,2026,9,26,12,27.5,143.0,94200.0,2026-09-26 12:00:00,2026-09-26 12:00:00,942.0
20260926,120000,71W,50,2026,9,26,12,27.900000000000002,143.5,94700.0,2026-09-26 12:00:00,2026-09-26 12:00:00,947.0
20260926,120000,71W,50,2026,9,26,12,28.7,144.20000000000002,94700.0,2026-09-26 12:00:00,2026-09-26 12:00:00,947.0
20260926,120000,71W,50,2026,9,26,12,29.900000000000002,145.0,95200.0,2026-09-26 12:00:00,2026-09-26 12:00:00,952.0
20260926,120000,71W,50,2026,9,26,12,31.900000000000002,145.8,95200.0,2026-09-26 12:00:00,2026-09-26 12:00:00,952.0
20260926,120000,71W,50,2026,9,26,12,34.5,146.5,96300.0,2026-09-26 12:00:00,2026-09-26 12:00:00,963.0
20260926,120000,71W,50,2026,9,26,12,37.9,147.0,96700.0,2026-09-26 12:00:00,2026-09-26 12:00:00,967.0
20260926,120000,71W,50,2026,9,26,12,41.800000000000004,148.0,97200.0,2026-09-26 12:00:00,2026-09-26 12:00:00,972.0
20260926,120000,71W,50,2026,9,26,12,46.0,149.8,96900.0,2026-09-26 12:00:00,2026-09-26 12:00:00,969.0
20260926,120000,71W,50,2026,9,26,12,49.1,149.9,96100.0,2026-09-26 12:00:00,2026-09-26 12:00:00,961.0
20260926,120000,71W,50,2026,9,26,12,51.7,151.9,95200.0,2026-09-26 12:00:00,2026-09-26 12:00:00,952.0
20260926,120000,71W,51,2026,9,26,12,13.4,155.5,100900.0,2026-09-26 12:00:00,2026-09-26 12:00:00,1009.0
20260926,120000,71W,51,2026,9,26,12,14.1,156.3,101000.0,2026-09-26 12:00:00,2026-09-26 12:00:00,1010.0
20260926,120000,71W,51,2026,9,26,12,13.9,157.70000000000002,101100.0,2026-09-26 12:00:00,2026-09-26 12:00:00,1011.0
20260926,120000,71W,51,2026,9,26,12,14.5,157.1,100800.0,2026-09-26 12:00:00,2026-09-26 12:00:00,1008.0
20260926,120000,71W,51,2026,9,26,12,14.6,157.0,100900.0,2026-09-26 12:00:00,2026-09-26 12:00:00,1009.0
20260926,120000,71W,51,2026,9,26,12,15.0,155.6,100700.0,2026-09-26 12:00:00,2026-09-26 12:00:00,1007.0
20260926,120000,71W,51,2026,9,26,12,15.700000000000001,154.8,100800.0,2026-09-26 12:00:00,2026-09-26 12:00:00,1008.0
20260926,120000,71W,51,2026,9,26,12,15.5,154.6,100500.0,2026-09-26 12:00:00,2026-09-26 12:00:00,1005.0
20260926,120000,71W,51,2026,9,26,12,16.5,154.20000000000002,100600.0,2026-09-26 12:00:00,2026-09-26 12:00:00,1006.0
20260926,120000,71W,51,2026,9,26,12,16.5,153.20000000000002,100300.0,2026-09-26 12:00:00,2026-09-26 12:00:00,1003.0
20260926,120000,71W,51,2026,9,26,12,16.6,152.3,100500.0,2026-09-26 12:00:00,2026-09-26 12:00:00,1005.0
20260926,120000,71W,51,2026,9,26,12,16.6,151.9,100200.0,2026-09-26 12:00:00,2026-09-26 12:00:00,1002.0
20260926,120000,71W,51,2026,9,26,12,16.7,151.20000000000002,100300.0,2026-09-26 12:00:00,2026-09-26 12:00:00,1003.0
20260926,120000,71W,51,2026,9,26,12,17.1,150.9,100100.0,2026-09-26 12:00:00,2026-09-26 12:00:00,1001.0
20260926,120000,71W,51,2026,9,26,12,17.1,150.20000000000002,100300.0,2026-09-26 12:00:00,2026-09-26 12:00:00,1003.0
20260926,120000,71W,51,2026,9,26,12,17.5,150.1,100100.0,2026-09-26 12:00:00,2026-09-26 12:00:00,1001.0
20260926,120000,71W,51,2026,9,26,12,17.8,149.0,100300.0,2026-09-26 12:00:00,2026-09-26 12:00:00,1003.0
20260926,120000,71W,51,2026,9,26,12,18.0,148.5,100000.0,2026-09-26 12:00:00,2026-09-26 12:00:00,1000.0
20260926,120000,71W,51,2026,9,26,12,17.8,147.0,100100.0,2026-09-26 12:00:00,2026-09-26 12:00:00,1001.0
20260926,120000,71W,51,2026,9,26,12,18.8,146.70000000000002,99700.0,2026-09-26 12:00:00,2026-09-26 12:00:00,997.0
20260926,120000,71W,51,2026,9,26,12,18.400000000000002,145.4,99800.0,2026-09-26 12:00:00,2026-09-26 12:00:00,998.0
20260926,120000,71W,51,2026,9,26,12,18.5,145.0,99300.0,2026-09-26 12:00:00,2026-09-26 12:00:00,993.0
20260926,120000,71W,51,2026,9,26,12,18.5,144.5,99400.0,2026-09-26 12:00:00,2026-09-26 12:00:00,994.0
20260926,120000,71W,51,2026,9,26,12,18.400000000000002,144.4,98900.0,2026-09-26 12:00:00,2026-09-26 12:00:00,989.0
20260926,120000,71W,51,2026,9,26,12,18.3,144.20000000000002,98900.0,2026-09-26 12:00:00,2026-09-26 12:00:00,989.0
20260926,120000,71W,51,2026,9,26,12,18.400000000000002,144.4,98500.0,2026-09-26 12:00:00,2026-09-26 12:00:00,985.0
20260926,120000,71W,51,2026,9,26,12,18.3,144.5,98400.0,2026-09-26 12:00:00,2026-09-26 12:00:00,984.0
20260926,120000,71W,51,2026,9,26,12,18.3,144.6,98000.0,2026-09-26 12:00:00,2026-09-26 12:00:00,980.0
20260926,120000,71W,51,2026,9,26,12,18.400000000000002,144.70000000000002,97900.0,2026-09-26 12:00:00,2026-09-26 12:00:00,979.0
20260926,120000,71W,51,2026,9,26,12,18.6,144.8,97400.0,2026-09-26 12:00:00,2026-09-26 12:00:00,974.0
20260926,120000,71W,51,2026,9,26,12,18.5,144.9,97300.0,2026-09-26 12:00:00,2026-09-26 12:00:00,973.0
20260926,120000,71W,51,2026,9,26,12,18.5,145.0,96600.0,2026-09-26 12:00:00,2026-09-26 12:00:00,966.0
20260926,120000,71W,51,2026,9,26,12,18.3,144.6,96600.0,2026-09-26 12:00:00,2026-09-26 12:00:00,966.0
20260926,120000,71W,51,2026,9,26,12,18.5,144.70000000000002,95900.0,2026-09-26 12:00:00,2026-09-26 12:00:00,959.0
20260926,120000,71W,51,2026,9,26,12,18.7,144.3,95800.0,2026-09-26 12:00:00,2026-09-26 12:00:00,958.0
20260926,120000,71W,51,2026,9,26,12,18.8,144.0,95400.0,2026-09-26 12:00:00,2026-09-26 12:00:00,954.0
20260926,120000,71W,51,2026,9,26,12,19.0,143.6,95200.0,2026-09-26 12:00:00,2026-09-26 12:00:00,952.0
20260926,120000,71W,51,2026,9,26,12,19.3,143.0,94700.0,2026-09-26 12:00:00,2026-09-26 12:00:00,947.0
20260926,120000,71W,51,2026,9,26,12,19.5,142.3,94800.0,2026-09-26 12:00:00,2026-09-26 12:00:00,948.0
20260926,120000,71W,51,2026,9,26,12,19.900000000000002,141.70000000000002,94500.0,2026-09-26 12:00:00,2026-09-26 12:00:00,945.0
20260926,120000,71W,51,2026,9,26,12,20.7,140.9,94500.0,2026-09-26 12:00:00,2026-09-26 12:00:00,945.0
20260926,120000,71W,51,2026,9,26,12,21.3,139.9,94000.0,2026-09-26 12:00:00,2026-09-26 12:00:00,940.0
20260926,120000,71W,51,2026,9,26,12,22.3,139.0,94100.0,2026-09-26 12:00:00,2026-09-26 12:00:00,941.0
20260926,120000,71W,51,2026,9,26,12,23.0,138.3,94000.0,2026-09-26 12:00:00,2026-09-26 12:00:00,940.0
20260926,120000,71W,51,2026,9,26,12,24.0,137.6,94000.0,2026-09-26 12:00:00,2026-09-26 12:00:00,940.0
20260926,120000,71W,51,2026,9,26,12,25.1,137.20000000000002,93700.0,2026-09-26 12:00:00,2026-09-26 12:00:00,937.0
20260926,120000,71W,51,2026,9,26,12,26.5,136.8,94100.0,2026-09-26 12:00:00,2026-09-26 12:00:00,941.0
20260926,120000,71W,51,2026,9,26,12,27.900000000000002,136.8,94200.0,2026-09-26 12:00:00,2026-09-26 12:00:00,942.0
20260926,120000,71W,51,2026,9,26,12,29.2,137.0,94700.0,2026-09-26 12:00:00,2026-09-26 12:00:00,947.0
20260926,120000,71W,51,2026,9,26,12,31.1,137.6,94800.0,2026-09-26 12:00:00,2026-09-26 12:00:00,948.0
20260926,120000,71W,51,2026,9,26,12,33.0,138.4,95300.0,2026-09-26 12:00:00,2026-09-26 12:00:00,953.0
20260926,120000,71W,51,2026,9,26,12,35.6,139.6,95900.0,2026-09-26 12:00:00,2026-09-26 12:00:00,959.0
20260926,120000,71W,51,2026,9,26,12,38.6,140.9,96900.0,2026-09-26 12:00:00,2026-09-26 12:00:00,969.0
20260926,120000,71W,51,2026,9,26,12,41.0,141.9,97100.0,2026-09-26 12:00:00,2026-09-26 12:00:00,971.0
20260926,120000,71W,51,2026,9,26,12,42.4,143.9,97600.0,2026-09-26 12:00:00,2026-09-26 12:00:00,976.0
20260926,120000,71W,51,2026,9,26,12,44.1,145.6,97400.0,2026-09-26 12:00:00,2026-09-26 12:00:00,974.0
20260926,120000,72W,1,2026,9,26,12,10.6,153.20000000000002,101000.0,2026-09-26 12:00:00,2026-09-26 12:00:00,1010.0
20260926,120000,72W,1,2026,9,26,12,10.6,152.70000000000002,100700.0,2026-09-26 12:00:00,2026-09-26 12:00:00,1007.0
20260926,120000,72W,1,2026,9,26,12,10.5,151.70000000000002,100900.0,2026-09-26 12:00:00,2026-09-26 12:00:00,1009.0
20260926,120000,72W,1,2026,9,26,12,10.0,150.5,100700.0,2026-09-26 12:00:00,2026-09-26 12:00:00,1007.0
20260926,120000,72W,1,2026,9,26,12,10.200000000000001,149.5,100900.0,2026-09-26 12:00:00,2026-09-26 12:00:00,1009.0
20260926,120000,72W,1,2026,9,26,12,9.5,147.9,100600.0,2026-09-26 12:00:00,2026-09-26 12:00:00,1006.0
20260926,120000,72W,1,2026,9,26,12,9.700000000000001,146.3,100800.0,2026-09-26 12:00:00,2026-09-26 12:00:00,1008.0
20260926,120000,72W,1,2026,9,26,12,9.700000000000001,144.9,100500.0,2026-09-26 12:00:00,2026-09-26 12:00:00,1005.0
20260926,120000,72W,1,2026,9,26,12,9.8,144.20000000000002,100800.0,2026-09-26 12:00:00,2026-09-26 12:00:00,1008.0
20260926,120000,72W,1,2026,9,26,12,10.200000000000001,143.20000000000002,100500.0,2026-09-26 12:00:00,2026-09-26 12:00:00,1005.0
20260926,120000,72W,1,2026,9,26,12,10.5,142.3,100900.0,2026-09-26 12:00:00,2026-09-26 12:00:00,1009.0
20260926,120000,72W,1,2026,9,26,12,11.200000000000001,141.1,100600.0,2026-09-26 12:00:00,2026-09-26 12:00:00,1006.0
20260926,120000,72W,1,2026,9,26,12,11.0,139.6,100900.0,2026-09-26 12:00:00,2026-09-26 12:00:00,1009.0
20260926,120000,72W,1,2026,9,26,12,11.1,138.8,100600.0,2026-09-26 12:00:00,2026-09-26 12:00:00,1006.0
20260926,120000,72W,1,2026,9,26,12,10.5,137.8,100800.0,2026-09-26 12:00:00,2026-09-26 12:00:00,1008.0
20260926,120000,72W,2,2026,9,26,12,10.6,169.8,101000.0,2026-09-26 12:00:00,2026-09-26 12:00:00,1010.0
20260926,120000,72W,2,2026,9,26,12,9.5,169.3,101000.0,2026-09-26 12:00:00,2026-09-26 12:00:00,1010.0
20260926,120000,72W,2,2026,9,26,12,11.3,168.6,101000.0,2026-09-26 12:00:00,2026-09-26 12:00:00,1010.0
20260926,120000,72W,2,2026,9,26,12,11.3,168.70000000000002,101100.0,2026-09-26 12:00:00,2026-09-26 12:00:00,1011.0
20260926,120000,72W,2,2026,9,26,12,12.200000000000001,167.8,100900.0,2026-09-26 12:00:00,2026-09-26 12:00:00,1009.0
20260926,120000,72W,2,2026,9,26,12,11.9,167.5,101000.0,2026-09-26 12:00:00,2026-09-26 12:00:00,1010.0
20260926,120000,72W,2,2026,9,26,12,12.200000000000001,167.9,100800.0,2026-09-26 12:00:00,2026-09-26 12:00:00,1008.0
20260926,120000,72W,2,2026,9,26,12,12.4,167.9,100900.0,2026-09-26 12:00:00,2026-09-26 12:00:00,1009.0
20260926,120000,72W,2,2026,9,26,12,12.3,167.8,100700.0,2026-09-26 12:00:00,2026-09-26 12:00:00,1007.0
20260926,120000,72W,2,2026,9,26,12,11.5,168.1,100900.0,2026-09-26 12:00:00,2026-09-26 12:00:00,1009.0
20260926,120000,72W,2,2026,9,26,12,11.6,168.8,100700.0,2026-09-26 12:00:00,2026-09-26 12:00:00,1007.0
20260926,120000,72W,2,2026,9,26,12,11.3,168.8,100800.0,2026-09-26 12:00:00,2026-09-26 12:00:00,1008.0
20260926,120000,72W,2,2026,9,26,12,10.700000000000001,169.1,100600.0,2026-09-26 12:00:00,2026-09-26 12:00:00,1006.0
20260926,120000,72W,2,2026,9,26,12,10.3,169.20000000000002,100800.0,2026-09-26 12:00:00,2026-09-26 12:00:00,1008.0
20260926,120000,72W,2,2026,9,26,12,10.200000000000001,170.20000000000002,100700.0,2026-09-26 12:00:00,2026-09-26 12:00:00,1007.0
20260926,120000,72W,2,2026,9,26,12,10.700000000000001,170.0,100700.0,2026-09-26 12:00:00,2026-09-26 12:00:00,1007.0
20260926,120000,72W,2,2026,9,26,12,10.4,170.0,100500.0,2026-09-26 12:00:00,2026-09-26 12:00:00,1005.0
20260926,120000,72W,2,2026,9,26,12,10.3,170.5,100600.0,2026-09-26 12:00:00,2026-09-26 12:00:00,1006.0
20260926,120000,72W,2,2026,9,26,12,11.9,171.1,100400.0,2026-09-26 12:00:00,2026-09-26 12:00:00,1004.0
20260926,120000,72W,2,2026,9,26,12,12.1,171.1,100300.0,2026-09-26 12:00:00,2026-09-26 12:00:00,1003.0
20260926,120000,72W,2,2026,9,26,12,12.5,171.0,100200.0,2026-09-26 12:00:00,2026-09-26 12:00:00,1002.0
20260926,120000,72W,2,2026,9,26,12,13.3,170.4,100200.0,2026-09-26 12:00:00,2026-09-26 12:00:00,1002.0
20260926,120000,72W,2,2026,9,26,12,13.9,169.8,99900.0,2026-09-26 12:00:00,2026-09-26 12:00:00,999.0
20260926,120000,72W,2,2026,9,26,12,14.1,168.9,99900.0,2026-09-26 12:00:00,2026-09-26 12:00:00,999.0
20260926,120000,72W,2,2026,9,26,12,14.3,168.1,99600.0,2026-09-26 12:00:00,2026-09-26 12:00:00,996.0
20260926,120000,72W,2,2026,9,26,12,14.0,167.1,99900.0,2026-09-26 12:00:00,2026-09-26 12:00:00,999.0
20260926,120000,72W,2,2026,9,26,12,13.8,166.1,99600.0,2026-09-26 12:00:00,2026-09-26 12:00:00,996.0
20260926,120000,72W,2,2026,9,26,12,13.3,164.9,99700.0,2026-09-26 12:00:00,2026-09-26 12:00:00,997.0
20260926,120000,72W,2,2026,9,26,12,12.6,163.9,99300.0,2026-09-26 12:00:00,2026-09-26 12:00:00,993.0
20260926,120000,72W,2,2026,9,26,12,11.9,163.0,99200.0,2026-09-26 12:00:00,2026-09-26 12:00:00,992.0
20260926,120000,72W,2,2026,9,26,12,11.5,162.3,98900.0,2026-09-26 12:00:00,2026-09-26 12:00:00,989.0
20260926,120000,72W,2,2026,9,26,12,11.3,161.5,99100.0,2026-09-26 12:00:00,2026-09-26 12:00:00,991.0
20260926,120000,72W,2,2026,9,26,12,11.3,160.70000000000002,98300.0,2026-09-26 12:00:00,2026-09-26 12:00:00,983.0
20260926,120000,72W,2,2026,9,26,12,11.4,159.9,98600.0,2026-09-26 12:00:00,2026-09-26 12:00:00,986.0
20260926,120000,72W,2,2026,9,26,12,11.9,159.20000000000002,98200.0,2026-09-26 12:00:00,2026-09-26 12:00:00,982.0
20260926,120000,72W,2,2026,9,26,12,12.5,158.3,98300.0,2026-09-26 12:00:00,2026-09-26 12:00:00,983.0
20260926,120000,72W,2,2026,9,26,12,13.3,157.20000000000002,98300.0,2026-09-26 12:00:00,2026-09-26 12:00:00,983.0
20260926,120000,72W,2,2026,9,26,12,13.700000000000001,156.0,98400.0,2026-09-26 12:00:00,2026-09-26 12:00:00,984.0
20260926,120000,72W,2,2026,9,26,12,14.5,154.8,98000.0,2026-09-26 12:00:00,2026-09-26 12:00:00,980.0
20260926,120000,72W,2,2026,9,26,12,15.3,153.4,98100.0,2026-09-26 12:00:00,2026-09-26 12:00:00,981.0
20260926,120000,72W,2,2026,9,26,12,16.2,152.0,97500.0,2026-09-26 12:00:00,2026-09-26 12:00:00,975.0
20260926,120000,72W,2,2026,9,26,12,17.3,150.1,97400.0,2026-09-26 12:00:00,2026-09-26 12:00:00,974.0
20260926,120000,72W,2,2026,9,26,12,18.1,148.20000000000002,96800.0,2026-09-26 12:00:00,2026-09-26 12:00:00,968.0
20260926,120000,72W,2,2026,9,26,12,18.400000000000002,146.3,96900.0,2026-09-26 12:00:00,2026-09-26 12:00:00,969.0
20260926,120000,72W,2,2026,9,26,12,19.0,144.9,96400.0,2026-09-26 12:00:00,2026-09-26 12:00:00,964.0
20260926,120000,72W,2,2026,9,26,12,19.7,143.5,96500.0,2026-09-26 12:00:00,2026-09-26 12:00:00,965.0
20260926,120000,72W,3,2026,9,26,12,9.5,162.0,100700.0,2026-09-26 12:00:00,2026-09-26 12:00:00,1007.0
20260926,120000,72W,3,2026,9,26,12,8.4,162.20000000000002,100900.0,2026-09-26 12:00:00,2026-09-26 12:00:00,1009.0
20260926,120000,72W,3,2026,9,26,12,8.9,161.1,100700.0,2026-09-26 12:00:00,2026-09-26 12:00:00,1007.0
20260926,120000,72W,3,2026,9,26,12,11.3,160.20000000000002,100800.0,2026-09-26 12:00:00,2026-09-26 12:00:00,1008.0
20260926,120000,72W,3,2026,9,26,12,11.6,159.8,100900.0,2026-09-26 12:00:00,2026-09-26 12:00:00,1009.0
20260926,120000,72W,3,2026,9,26,12,11.9,159.1,100700.0,2026-09-26 12:00:00,2026-09-26 12:00:00,1007.0
20260926,120000,72W,3,2026,9,26,12,12.700000000000001,158.5,100900.0,2026-09-26 12:00:00,2026-09-26 12:00:00,1009.0
20260926,120000,72W,3,2026,9,26,12,12.9,157.0,100800.0,2026-09-26 12:00:00,2026-09-26 12:00:00,1008.0
20260926,120000,72W,3,2026,9,26,12,13.700000000000001,156.4,101000.0,2026-09-26 12:00:00,2026-09-26 12:00:00,1010.0
20260926,120000,72W,3,2026,9,26,12,14.200000000000001,155.1,100700.0,2026-09-26 12:00:00,2026-09-26 12:00:00,1007.0
20260926,120000,72W,3,2026,9,26,12,15.0,152.8,100700.0,2026-09-26 12:00:00,2026-09-26 12:00:00,1007.0
20260926,120000,72W,3,2026,9,26,12,15.5,149.5,100800.0,2026-09-26 12:00:00,2026-09-26 12:00:00,1008.0
20260926,120000,72W,3,2026,9,26,12,14.4,149.0,100600.0,2026-09-26 12:00:00,2026-09-26 12:00:00,1006.0
20260926,120000,72W,3,2026,9,26,12,13.4,144.8,100600.0,2026-09-26 12:00:00,2026-09-26 12:00:00,1006.0
20260926,120000,72W,3,2026,9,26,12,15.0,141.0,100300.0,2026-09-26 12:00:00,2026-09-26 12:00:00,1003.0
20260926,120000,72W,3,2026,9,26,12,14.8,139.4,100600.0,2026-09-26 12:00:00,2026-09-26 12:00:00,1006.0
20260926,120000,72W,3,2026,9,26,12,14.3,138.9,100300.0,2026-09-26 12:00:00,2026-09-26 12:00:00,1003.0
20260926,120000,72W,3,2026,9,26,12,14.3,137.8,100500.0,2026-09-26 12:00:00,2026-09-26 12:00:00,1005.0
20260926,120000,72W,3,2026,9,26,12,13.6,137.5,100200.0,2026-09-26 12:00:00,2026-09-26 12:00:00,1002.0
20260926,120000,72W,3,2026,9,26,12,14.3,137.3,100500.0,2026-09-26 12:00:00,2026-09-26 12:00:00,1005.0
20260926,120000,72W,4,2026,9,26,12,11.4,171.3,101000.0,2026-09-26 12:00:00,2026-09-26 12:00:00,1010.0
20260926,120000,72W,4,2026,9,26,12,11.700000000000001,171.4,101000.0,2026-09-26 12:00:00,2026-09-26 12:00:00,1010.0
20260926,120000,72W,4,2026,9,26,12,11.4,170.4,101100.0,2026-09-26 12:00:00,2026-09-26 12:00:00,1011.0
20260926,120000,72W,4,2026,9,26,12,9.200000000000001,169.0,100800.0,2026-09-26 12:00:00,2026-09-26 12:00:00,1008.0
20260926,120000,72W,4,2026,9,26,12,7.4,168.1,100600.0,2026-09-26 12:00:00,2026-09-26 12:00:00,1006.0
20260926,120000,72W,4,2026,9,26,12,7.7,169.8,100700.0,2026-09-26 12:00:00,2026-09-26 12:00:00,1007.0
20260926,120000,72W,4,2026,9,26,12,7.2,169.5,100500.0,2026-09-26 12:00:00,2026-09-26 12:00:00,1005.0
20260926,120000,72W,4,2026,9,26,12,8.8,169.4,100700.0,2026-09-26 12:00:00,2026-09-26 12:00:00,1007.0
20260926,120000,72W,4,2026,9,26,12,9.0,170.20000000000002,100500.0,2026-09-26 12:00:00,2026-09-26 12:00:00,1005.0
20260926,120000,72W,4,2026,9,26,12,10.6,170.4,100800.0,2026-09-26 12:00:00,2026-09-26 12:00:00,1008.0
20260926,120000,72W,4,2026,9,26,12,12.5,171.0,100800.0,2026-09-26 12:00:00,2026-09-26 12:00:00,1008.0
20260926,120000,72W,4,2026,9,26,12,13.200000000000001,170.6,100900.0,2026-09-26 12:00:00,2026-09-26 12:00:00,1009.0
20260926,120000,72W,4,2026,9,26,12,14.700000000000001,169.70000000000002,100800.0,2026-09-26 12:00:00,2026-09-26 12:00:00,1008.0
20260926,120000,72W,4,2026,9,26,12,15.5,170.20000000000002,100900.0,2026-09-26 12:00:00,2026-09-26 12:00:00,1009.0
20260926,120000,72W,4,2026,9,26,12,17.0,169.8,100700.0,2026-09-26 12:00:00,2026-09-26 12:00:00,1007.0
20260926,120000,72W,4,2026,9,26,12,17.7,169.5,100800.0,2026-09-26 12:00:00,2026-09-26 12:00:00,1008.0
20260926,120000,72W,4,2026,9,26,12,18.5,168.6,100600.0,2026-09-26 12:00:00,2026-09-26 12:00:00,1006.0
20260926,120000,72W,4,2026,9,26,12,19.0,168.1,100500.0,2026-09-26 12:00:00,2026-09-26 12:00:00,1005.0
20260926,120000,72W,4,2026,9,26,12,19.7,167.9,100300.0,2026-09-26 12:00:00,2026-09-26 12:00:00,1003.0
20260926,120000,72W,4,2026,9,26,12,20.3,167.70000000000002,100400.0,2026-09-26 12:00:00,2026-09-26 12:00:00,1004.0
20260926,120000,72W,4,2026,9,26,12,21.8,167.3,100300.0,2026-09-26 12:00:00,2026-09-26 12:00:00,1003.0
20260926,120000,72W,4,2026,9,26,12,23.1,166.4,100300.0,2026-09-26 12:00:00,2026-09-26 12:00:00,1003.0
20260926,120000,72W,4,2026,9,26,12,24.400000000000002,164.9,100100.0,2026-09-26 12:00:00,2026-09-26 12:00:00,1001.0
20260926,120000,72W,4,2026,9,26,12,25.6,164.1,100300.0,2026-09-26 12:00:00,2026-09-26 12:00:00,1003.0
20260926,120000,72W,4,2026,9,26,12,25.900000000000002,162.4,100200.0,2026-09-26 12:00:00,2026-09-26 12:00:00,1002.0
20260926,120000,72W,4,2026,9,26,12,25.7,161.0,100300.0,2026-09-26 12:00:00,2026-09-26 12:00:00,1003.0
20260926,120000,72W,5,2026,9,26,12,16.3,152.1,100600.0,2026-09-26 12:00:00,2026-09-26 12:00:00,1006.0
20260926,120000,72W,5,2026,9,26,12,16.1,153.20000000000002,100400.0,2026-09-26 12:00:00,2026-09-26 12:00:00,1004.0
20260926,120000,72W,5,2026,9,26,12,17.5,153.6,100600.0,2026-09-26 12:00:00,2026-09-26 12:00:00,1006.0
20260926,120000,72W,5,2026,9,26,12,18.3,154.1,100300.0,2026-09-26 12:00:00,2026-09-26 12:00:00,1003.0
20260926,120000,72W,5,2026,9,26,12,18.0,154.9,100500.0,2026-09-26 12:00:00,2026-09-26 12:00:00,1005.0
20260926,120000,72W,5,2026,9,26,12,17.1,156.0,100100.0,2026-09-26 12:00:00,2026-09-26 12:00:00,1001.0
20260926,120000,72W,5,2026,9,26,12,16.6,155.4,100300.0,2026-09-26 12:00:00,2026-09-26 12:00:00,1003.0
20260926,120000,72W,5,2026,9,26,12,16.6,156.5,100000.0,2026-09-26 12:00:00,2026-09-26 12:00:00,1000.0
20260926,120000,72W,5,2026,9,26,12,17.2,156.0,100100.0,2026-09-26 12:00:00,2026-09-26 12:00:00,1001.0
20260926,120000,72W,5,2026,9,26,12,16.6,157.0,99800.0,2026-09-26 12:00:00,2026-09-26 12:00:00,998.0
20260926,120000,72W,5,2026,9,26,12,16.9,157.6,100000.0,2026-09-26 12:00:00,2026-09-26 12:00:00,1000.0
20260926,120000,72W,5,2026,9,26,12,16.7,158.3,99600.0,2026-09-26 12:00:00,2026-09-26 12:00:00,996.0
20260926,120000,72W,5,2026,9,26,12,16.7,159.1,99700.0,2026-09-26 12:00:00,2026-09-26 12:00:00,997.0
20260926,120000,72W,5,2026,9,26,12,16.8,159.6,99300.0,2026-09-26 12:00:00,2026-09-26 12:00:00,993.0
20260926,120000,72W,5,2026,9,26,12,16.7,160.3,99300.0,2026-09-26 12:00:00,2026-09-26 12:00:00,993.0
20260926,120000,72W,5,2026,9,26,12,16.9,161.1,99000.0,2026-09-26 12:00:00,2026-09-26 12:00:00,990.0
20260926,120000,72W,5,2026,9,26,12,17.3,161.5,99000.0,2026-09-26 12:00:00,2026-09-26 12:00:00,990.0
20260926,120000,72W,5,2026,9,26,12,18.3,161.70000000000002,98600.0,2026-09-26 12:00:00,2026-09-26 12:00:00,986.0
20260926,120000,72W,5,2026,9,26,12,19.5,161.20000000000002,98500.0,2026-09-26 12:00:00,2026-09-26 12:00:00,985.0
20260926,120000,72W,5,2026,9,26,12,20.400000000000002,160.3,98200.0,2026-09-26 12:00:00,2026-09-26 12:00:00,982.0
20260926,120000,72W,5,2026,9,26,12,21.1,158.8,98400.0,2026-09-26 12:00:00,2026-09-26 12:00:00,984.0
20260926,120000,72W,5,2026,9,26,12,22.1,157.5,98200.0,2026-09-26 12:00:00,2026-09-26 12:00:00,982.0
20260926,120000,72W,5,2026,9,26,12,23.2,156.1,98500.0,2026-09-26 12:00:00,2026-09-26 12:00:00,985.0
20260926,120000,72W,5,2026,9,26,12,24.400000000000002,154.6,98400.0,2026-09-26 12:00:00,2026-09-26 12:00:00,984.0
20260926,120000,72W,5,2026,9,26,12,25.8,152.6,98800.0,2026-09-26 12:00:00,2026-09-26 12:00:00,988.0
20260926,120000,72W,5,2026,9,26,12,26.6,150.9,98800.0,2026-09-26 12:00:00,2026-09-26 12:00:00,988.0
20260926,120000,72W,5,2026,9,26,12,27.6,148.9,99200.0,2026-09-26 12:00:00,2026-09-26 12:00:00,992.0
20260926,120000,72W,6,2026,9,26,12,11.6,159.9,101100.0,2026-09-26 12:00:00,2026-09-26 12:00:00,1011.0
20260926,120000,72W,6,2026,9,26,12,10.6,161.70000000000002,100700.0,2026-09-26 12:00:00,2026-09-26 12:00:00,1007.0
20260926,120000,72W,6,2026,9,26,12,9.9,162.4,100700.0,2026-09-26 12:00:00,2026-09-26 12:00:00,1007.0
20260926,120000,72W,6,2026,9,26,12,10.5,162.20000000000002,100800.0,2026-09-26 12:00:00,2026-09-26 12:00:00,1008.0
20260926,120000,72W,6,2026,9,26,12,10.5,162.9,100600.0,2026-09-26 12:00:00,2026-09-26 12:00:00,1006.0
20260926,120000,72W,6,2026,9,26,12,10.5,162.9,100800.0,2026-09-26 12:00:00,2026-09-26 12:00:00,1008.0
20260926,120000,72W,6,2026,9,26,12,13.0,164.8,100800.0,2026-09-26 12:00:00,2026-09-26 12:00:00,1008.0
20260926,120000,72W,6,2026,9,26,12,11.6,163.4,100900.0,2026-09-26 12:00:00,2026-09-26 12:00:00,1009.0
20260926,120000,72W,6,2026,9,26,12,12.0,164.3,100800.0,2026-09-26 12:00:00,2026-09-26 12:00:00,1008.0
20260926,120000,72W,6,2026,9,26,12,12.4,163.4,101000.0,2026-09-26 12:00:00,2026-09-26 12:00:00,1010.0
20260926,120000,72W,6,2026,9,26,12,12.9,162.6,100800.0,2026-09-26 12:00:00,2026-09-26 12:00:00,1008.0
20260926,120000,72W,6,2026,9,26,12,12.9,162.20000000000002,100900.0,2026-09-26 12:00:00,2026-09-26 12:00:00,1009.0
20260926,120000,72W,6,2026,9,26,12,13.0,161.6,100800.0,2026-09-26 12:00:00,2026-09-26 12:00:00,1008.0
20260926,120000,72W,6,2026,9,26,12,13.8,160.3,100800.0,2026-09-26 12:00:00,2026-09-26 12:00:00,1008.0
20260926,120000,72W,6,2026,9,26,12,13.3,159.6,100300.0,2026-09-26 12:00:00,2026-09-26 12:00:00,1003.0
20260926,120000,72W,6,2026,9,26,12,13.3,160.20000000000002,99900.0,2026-09-26 12:00:00,2026-09-26 12:00:00,999.0
20260926,120000,72W,6,2026,9,26,12,13.1,160.0,99400.0,2026-09-26 12:00:00,2026-09-26 12:00:00,994.0
20260926,120000,72W,6,2026,9,26,12,13.3,159.8,99400.0,2026-09-26 12:00:00,2026-09-26 12:00:00,994.0
20260926,120000,72W,6,2026,9,26,12,13.4,160.0,98900.0,2026-09-26 12:00:00,2026-09-26 12:00:00,989.0
20260926,120000,72W,6,2026,9,26,12,13.6,160.1,98700.0,2026-09-26 12:00:00,2026-09-26 12:00:00,987.0
20260926,120000,72W,6,2026,9,26,12,14.0,159.8,98100.0,2026-09-26 12:00:00,2026-09-26 12:00:00,981.0
20260926,120000,72W,6,2026,9,26,12,14.5,159.6,97700.0,2026-09-26 12:00:00,2026-09-26 12:00:00,977.0
20260926,120000,72W,6,2026,9,26,12,15.4,159.6,97500.0,2026-09-26 12:00:00,2026-09-26 12:00:00,975.0
20260926,120000,72W,6,2026,9,26,12,16.2,159.6,97300.0,2026-09-26 12:00:00,2026-09-26 12:00:00,973.0
20260926,120000,72W,6,2026,9,26,12,16.7,158.9,96800.0,2026-09-26 12:00:00,2026-09-26 12:00:00,968.0
20260926,120000,72W,6,2026,9,26,12,17.6,159.0,96800.0,2026-09-26 12:00:00,2026-09-26 12:00:00,968.0
20260926,120000,72W,6,2026,9,26,12,18.3,158.4,96000.0,2026-09-26 12:00:00,2026-09-26 12:00:00,960.0
20260926,120000,72W,6,2026,9,26,12,19.1,158.1,95400.0,2026-09-26 12:00:00,2026-09-26 12:00:00,954.0
20260926,120000,72W,7,2026,9,26,12,18.5,147.20000000000002,100700.0,2026-09-26 12:00:00,2026-09-26 12:00:00,1007.0
20260926,120000,72W,7,2026,9,26,12,18.3,143.5,100500.0,2026-09-26 12:00:00,2026-09-26 12:00:00,1005.0
20260926,120000,72W,7,2026,9,26,12,18.400000000000002,142.1,100400.0,2026-09-26 12:00:00,2026-09-26 12:00:00,1004.0
20260926,120000,72W,7,2026,9,26,12,15.3,142.1,100400.0,2026-09-26 12:00:00,2026-09-26 12:00:00,1004.0
20260926,120000,72W,7,2026,9,26,12,15.700000000000001,144.0,100500.0,2026-09-26 12:00:00,2026-09-26 12:00:00,1005.0
20260926,120000,72W,7,2026,9,26,12,15.8,146.0,99800.0,2026-09-26 12:00:00,2026-09-26 12:00:00,998.0
20260926,120000,72W,7,2026,9,26,12,16.0,147.70000000000002,99800.0,2026-09-26 12:00:00,2026-09-26 12:00:00,998.0
20260926,120000,72W,7,2026,9,26,12,16.1,150.20000000000002,98900.0,2026-09-26 12:00:00,2026-09-26 12:00:00,989.0
20260926,120000,72W,7,2026,9,26,12,16.4,152.5,99100.0,2026-09-26 12:00:00,2026-09-26 12:00:00,991.0
20260926,120000,72W,7,2026,9,26,12,16.2,154.4,97800.0,2026-09-26 12:00:00,2026-09-26 12:00:00,978.0
20260926,120000,72W,7,2026,9,26,12,16.4,155.8,97700.0,2026-09-26 12:00:00,2026-09-26 12:00:00,977.0
20260926,120000,72W,7,2026,9,26,12,17.1,156.70000000000002,97100.0,2026-09-26 12:00:00,2026-09-26 12:00:00,971.0
20260926,120000,72W,7,2026,9,26,12,17.6,156.70000000000002,96900.0,2026-09-26 12:00:00,2026-09-26 12:00:00,969.0
20260926,120000,72W,7,2026,9,26,12,18.0,156.5,97300.0,2026-09-26 12:00:00,2026-09-26 12:00:00,973.0
20260926,120000,72W,7,2026,9,26,12,18.1,156.5,97300.0,2026-09-26 12:00:00,2026-09-26 12:00:00,973.0
20260926,120000,72W,7,2026,9,26,12,18.6,156.20000000000002,97300.0,2026-09-26 12:00:00,2026-09-26 12:00:00,973.0
20260926,120000,72W,7,2026,9,26,12,19.1,155.6,97900.0,2026-09-26 12:00:00,2026-09-26 12:00:00,979.0
20260926,120000,72W,7,2026,9,26,12,19.3,154.70000000000002,97600.0,2026-09-26 12:00:00,2026-09-26 12:00:00,976.0
20260926,120000,72W,7,2026,9,26,12,19.3,153.70000000000002,97900.0,2026-09-26 12:00:00,2026-09-26 12:00:00,979.0
20260926,120000,72W,7,2026,9,26,12,19.400000000000002,152.5,98300.0,2026-09-26 12:00:00,2026-09-26 12:00:00,983.0
20260926,120000,72W,7,2026,9,26,12,19.400000000000002,151.20000000000002,98600.0,2026-09-26 12:00:00,2026-09-26 12:00:00,986.0
20260926,120000,72W,7,2026,9,26,12,19.6,150.0,98100.0,2026-09-26 12:00:00,2026-09-26 12:00:00,981.0
20260926,120000,72W,7,2026,9,26,12,19.900000000000002,148.8,97700.0,2026-09-26 12:00:00,2026-09-26 12:00:00,977.0
20260926,120000,72W,7,2026,9,26,12,20.3,147.8,97000.0,2026-09-26 12:00:00,2026-09-26 12:00:00,970.0
20260926,120000,72W,7,2026,9,26,12,21.0,146.8,96400.0,2026-09-26 12:00:00,2026-09-26 12:00:00,964.0
20260926,120000,72W,7,2026,9,26,12,21.6,145.8,94800.0,2026-09-26 12:00:00,2026-09-26 12:00:00,948.0
20260926,120000,72W,7,2026,9,26,12,21.8,144.9,94500.0,2026-09-26 12:00:00,2026-09-26 12:00:00,945.0
20260926,120000,72W,7,2026,9,26,12,22.1,144.3,93800.0,2026-09-26 12:00:00,2026-09-26 12:00:00,938.0
20260926,120000,72W,7,2026,9,26,12,22.400000000000002,143.70000000000002,94100.0,2026-09-26 12:00:00,2026-09-26 12:00:00,941.0
20260926,120000,72W,7,2026,9,26,12,22.6,143.20000000000002,93600.0,2026-09-26 12:00:00,2026-09-26 12:00:00,936.0
20260926,120000,72W,7,2026,9,26,12,22.6,142.9,94400.0,2026-09-26 12:00:00,2026-09-26 12:00:00,944.0
20260926,120000,72W,7,2026,9,26,12,22.8,142.8,94200.0,2026-09-26 12:00:00,2026-09-26 12:00:00,942.0
20260926,120000,72W,7,2026,9,26,12,23.0,142.70000000000002,94100.0,2026-09-26 12:00:00,2026-09-26 12:00:00,941.0
20260926,120000,72W,7,2026,9,26,12,23.400000000000002,142.8,94400.0,2026-09-26 12:00:00,2026-09-26 12:00:00,944.0
20260926,120000,72W,7,2026,9,26,12,23.7,142.8,94400.0,2026-09-26 12:00:00,2026-09-26 12:00:00,944.0
20260926,120000,72W,7,2026,9,26,12,24.2,143.0,93900.0,2026-09-26 12:00:00,2026-09-26 12:00:00,939.0
20260926,120000,72W,7,2026,9,26,12,24.900000000000002,143.20000000000002,93200.0,2026-09-26 12:00:00,2026-09-26 12:00:00,932.0
20260926,120000,72W,7,2026,9,26,12,25.7,143.5,93200.0,2026-09-26 12:00:00,2026-09-26 12:00:00,932.0
20260926,120000,72W,7,2026,9,26,12,26.6,143.70000000000002,93000.0,2026-09-26 12:00:00,2026-09-26 12:00:00,930.0
20260926,120000,72W,8,2026,9,26,12,13.5,153.5,100800.0,2026-09-26 12:00:00,2026-09-26 12:00:00,1008.0
20260926,120000,72W,8,2026,9,26,12,13.8,153.3,101000.0,2026-09-26 12:00:00,2026-09-26 12:00:00,1010.0
20260926,120000,72W,8,2026,9,26,12,12.6,153.4,100700.0,2026-09-26 12:00:00,2026-09-26 12:00:00,1007.0
20260926,120000,72W,8,2026,9,26,12,12.9,153.8,100500.0,2026-09-26 12:00:00,2026-09-26 12:00:00,1005.0
20260926,120000,72W,8,2026,9,26,12,14.3,154.1,99700.0,2026-09-26 12:00:00,2026-09-26 12:00:00,997.0
20260926,120000,72W,8,2026,9,26,12,15.0,153.9,99500.0,2026-09-26 12:00:00,2026-09-26 12:00:00,995.0
20260926,120000,72W,8,2026,9,26,12,15.700000000000001,153.1,98500.0,2026-09-26 12:00:00,2026-09-26 12:00:00,985.0
20260926,120000,72W,8,2026,9,26,12,16.2,152.3,98100.0,2026-09-26 12:00:00,2026-09-26 12:00:00,981.0
20260926,120000,72W,8,2026,9,26,12,16.8,151.20000000000002,97700.0,2026-09-26 12:00:00,2026-09-26 12:00:00,977.0
20260926,120000,72W,8,2026,9,26,12,17.1,150.3,97400.0,2026-09-26 12:00:00,2026-09-26 12:00:00,974.0
20260926,120000,72W,8,2026,9,26,12,17.8,149.5,96800.0,2026-09-26 12:00:00,2026-09-26 12:00:00,968.0
20260926,120000,72W,8,2026,9,26,12,18.1,148.8,96600.0,2026-09-26 12:00:00,2026-09-26 12:00:00,966.0
20260926,120000,72W,8,2026,9,26,12,18.3,148.1,95800.0,2026-09-26 12:00:00,2026-09-26 12:00:00,958.0
20260926,120000,72W,8,2026,9,26,12,18.6,147.3,94900.0,2026-09-26 12:00:00,2026-09-26 12:00:00,949.0
20260926,120000,72W,8,2026,9,26,12,18.8,146.6,93900.0,2026-09-26 12:00:00,2026-09-26 12:00:00,939.0
20260926,120000,72W,8,2026,9,26,12,19.2,145.8,95100.0,2026-09-26 12:00:00,2026-09-26 12:00:00,951.0
20260926,120000,72W,8,2026,9,26,12,19.5,145.0,93600.0,2026-09-26 12:00:00,2026-09-26 12:00:00,936.0
20260926,120000,72W,8,2026,9,26,12,19.7,144.20000000000002,92300.0,2026-09-26 12:00:00,2026-09-26 12:00:00,923.0
20260926,120000,72W,8,2026,9,26,12,20.0,143.70000000000002,92100.0,2026-09-26 12:00:00,2026-09-26 12:00:00,921.0
20260926,120000,72W,8,2026,9,26,12,20.5,143.20000000000002,92800.0,2026-09-26 12:00:00,2026-09-26 12:00:00,928.0
20260926,120000,72W,8,2026,9,26,12,21.0,143.0,93500.0,2026-09-26 12:00:00,2026-09-26 12:00:00,935.0
20260926,120000,72W,8,2026,9,26,12,21.5,142.70000000000002,94100.0,2026-09-26 12:00:00,2026-09-26 12:00:00,941.0
20260926,120000,72W,8,2026,9,26,12,21.900000000000002,142.5,94400.0,2026-09-26 12:00:00,2026-09-26 12:00:00,944.0
20260926,120000,72W,8,2026,9,26,12,22.400000000000002,142.1,95000.0,2026-09-26 12:00:00,2026-09-26 12:00:00,950.0
20260926,120000,72W,8,2026,9,26,12,22.8,142.1,95000.0,2026-09-26 12:00:00,2026-09-26 12:00:00,950.0
20260926,120000,72W,8,2026,9,26,12,23.400000000000002,141.9,95200.0,2026-09-26 12:00:00,2026-09-26 12:00:00,952.0
20260926,120000,72W,8,2026,9,26,12,23.7,141.6,95200.0,2026-09-26 12:00:00,2026-09-26 12:00:00,952.0
20260926,120000,72W,8,2026,9,26,12,24.0,141.8,95400.0,2026-09-26 12:00:00,2026-09-26 12:00:00,954.0
20260926,120000,72W,8,2026,9,26,12,24.3,141.8,95200.0,2026-09-26 12:00:00,2026-09-26 12:00:00,952.0
20260926,120000,72W,8,2026,9,26,12,24.5,142.20000000000002,95500.0,2026-09-26 12:00:00,2026-09-26 12:00:00,955.0
20260926,120000,72W,8,2026,9,26,12,24.900000000000002,142.5,95500.0,2026-09-26 12:00:00,2026-09-26 12:00:00,955.0
20260926,120000,72W,8,2026,9,26,12,25.2,142.8,95700.0,2026-09-26 12:00:00,2026-09-26 12:00:00,957.0
20260926,120000,72W,8,2026,9,26,12,25.6,143.3,95200.0,2026-09-26 12:00:00,2026-09-26 12:00:00,952.0
20260926,120000,72W,8,2026,9,26,12,25.900000000000002,143.5,94700.0,2026-09-26 12:00:00,2026-09-26 12:00:00,947.0
20260926,120000,72W,8,2026,9,26,12,25.900000000000002,143.5,94400.0,2026-09-26 12:00:00,2026-09-26 12:00:00,944.0
20260926,120000,72W,8,2026,9,26,12,25.3,143.0,94400.0,2026-09-26 12:00:00,2026-09-26 12:00:00,944.0
20260926,120000,72W,8,2026,9,26,12,24.7,142.4,94500.0,2026-09-26 12:00:00,2026-09-26 12:00:00,945.0
20260926,120000,72W,8,2026,9,26,12,24.1,141.8,94900.0,2026-09-26 12:00:00,2026-09-26 12:00:00,949.0
20260926,120000,72W,8,2026,9,26,12,24.0,141.20000000000002,95200.0,2026-09-26 12:00:00,2026-09-26 12:00:00,952.0
20260926,120000,72W,8,2026,9,26,12,23.7,140.6,95900.0,2026-09-26 12:00:00,2026-09-26 12:00:00,959.0
20260926,120000,72W,8,2026,9,26,12,23.8,139.9,96000.0,2026-09-26 12:00:00,2026-09-26 12:00:00,960.0
20260926,120000,72W,8,2026,9,26,12,23.7,139.3,96500.0,2026-09-26 12:00:00,2026-09-26 12:00:00,965.0
20260926,120000,72W,8,2026,9,26,12,23.900000000000002,139.0,96300.0,2026-09-26 12:00:00,2026-09-26 12:00:00,963.0
20260926,120000,72W,8,2026,9,26,12,24.0,138.4,96700.0,2026-09-26 12:00:00,2026-09-26 12:00:00,967.0
20260926,120000,72W,8,2026,9,26,12,23.7,138.20000000000002,96100.0,2026-09-26 12:00:00,2026-09-26 12:00:00,961.0
20260926,120000,72W,8,2026,9,26,12,23.7,138.0,95800.0,2026-09-26 12:00:00,2026-09-26 12:00:00,958.0
20260926,120000,72W,8,2026,9,26,12,23.5,138.3,95500.0,2026-09-26 12:00:00,2026-09-26 12:00:00,955.0
20260926,120000,72W,8,2026,9,26,12,23.5,138.3,95600.0,2026-09-26 12:00:00,2026-09-26 12:00:00,956.0
20260926,120000,72W,8,2026,9,26,12,23.6,138.5,95500.0,2026-09-26 12:00:00,2026-09-26 12:00:00,955.0
20260926,120000,72W,8,2026,9,26,12,23.7,138.6,96000.0,2026-09-26 12:00:00,2026-09-26 12:00:00,960.0
20260926,120000,72W,8,2026,9,26,12,23.7,138.8,96200.0,2026-09-26 12:00:00,2026-09-26 12:00:00,962.0
20260926,120000,72W,8,2026,9,26,12,23.6,139.20000000000002,96600.0,2026-09-26 12:00:00,2026-09-26 12:00:00,966.0
20260926,120000,72W,8,2026,9,26,12,23.7,139.70000000000002,96700.0,2026-09-26 12:00:00,2026-09-26 12:00:00,967.0
20260926,120000,72W,8,2026,9,26,12,23.7,140.0,97100.0,2026-09-26 12:00:00,2026-09-26 12:00:00,971.0
20260926,120000,72W,8,2026,9,26,12,23.8,140.4,97200.0,2026-09-26 12:00:00,2026-09-26 12:00:00,972.0
20260926,120000,72W,8,2026,9,26,12,24.2,140.6,97500.0,2026-09-26 12:00:00,2026-09-26 12:00:00,975.0
20260926,120000,72W,8,2026,9,26,12,24.8,141.0,97500.0,2026-09-26 12:00:00,2026-09-26 12:00:00,975.0
20260926,120000,72W,8,2026,9,26,12,25.2,141.20000000000002,97800.0,2026-09-26 12:00:00,2026-09-26 12:00:00,978.0
20260926,120000,72W,9,2026,9,26,12,12.700000000000001,165.70000000000002,100900.0,2026-09-26 12:00:00,2026-09-26 12:00:00,1009.0
20260926,120000,72W,9,2026,9,26,12,14.0,168.6,100800.0,2026-09-26 12:00:00,2026-09-26 12:00:00,1008.0
20260926,120000,72W,9,2026,9,26,12,12.8,169.0,100800.0,2026-09-26 12:00:00,2026-09-26 12:00:00,1008.0
20260926,120000,72W,9,2026,9,26,12,12.6,167.70000000000002,100600.0,2026-09-26 12:00:00,2026-09-26 12:00:00,1006.0
20260926,120000,72W,9,2026,9,26,12,12.9,170.1,100700.0,2026-09-26 12:00:00,2026-09-26 12:00:00,1007.0
20260926,120000,72W,9,2026,9,26,12,13.3,169.70000000000002,100600.0,2026-09-26 12:00:00,2026-09-26 12:00:00,1006.0
20260926,120000,72W,9,2026,9,26,12,13.8,170.20000000000002,100700.0,2026-09-26 12:00:00,2026-09-26 12:00:00,1007.0
20260926,120000,72W,9,2026,9,26,12,14.200000000000001,169.8,100600.0,2026-09-26 12:00:00,2026-09-26 12:00:00,1006.0
20260926,120000,72W,9,2026,9,26,12,15.200000000000001,169.3,100600.0,2026-09-26 12:00:00,2026-09-26 12:00:00,1006.0
20260926,120000,72W,9,2026,9,26,12,16.2,168.4,100600.0,2026-09-26 12:00:00,2026-09-26 12:00:00,1006.0
20260926,120000,72W,9,2026,9,26,12,16.4,167.70000000000002,100700.0,2026-09-26 12:00:00,2026-09-26 12:00:00,1007.0
20260926,120000,72W,9,2026,9,26,12,16.0,165.9,100500.0,2026-09-26 12:00:00,2026-09-26 12:00:00,1005.0
20260926,120000,72W,9,2026,9,26,12,16.9,165.9,100400.0,2026-09-26 12:00:00,2026-09-26 12:00:00,1004.0
20260926,120000,72W,9,2026,9,26,12,18.0,165.0,100500.0,2026-09-26 12:00:00,2026-09-26 12:00:00,1005.0
20260926,120000,72W,9,2026,9,26,12,18.0,163.70000000000002,100400.0,2026-09-26 12:00:00,2026-09-26 12:00:00,1004.0
20260926,120000,72W,9,2026,9,26,12,17.6,162.4,100600.0,2026-09-26 12:00:00,2026-09-26 12:00:00,1006.0
20260926,120000,72W,9,2026,9,26,12,16.3,161.1,100400.0,2026-09-26 12:00:00,2026-09-26 12:00:00,1004.0
20260926,120000,72W,9,2026,9,26,12,15.200000000000001,161.5,100400.0,2026-09-26 12:00:00,2026-09-26 12:00:00,1004.0
20260926,120000,72W,9,2026,9,26,12,15.1,160.3,100200.0,2026-09-26 12:00:00,2026-09-26 12:00:00,1002.0
20260926,120000,72W,9,2026,9,26,12,14.0,159.0,100400.0,2026-09-26 12:00:00,2026-09-26 12:00:00,1004.0
20260926,120000,72W,9,2026,9,26,12,12.700000000000001,158.1,100000.0,2026-09-26 12:00:00,2026-09-26 12:00:00,1000.0
20260926,120000,72W,9,2026,9,26,12,11.700000000000001,157.5,99800.0,2026-09-26 12:00:00,2026-09-26 12:00:00,998.0
20260926,120000,72W,9,2026,9,26,12,11.200000000000001,157.4,99500.0,2026-09-26 12:00:00,2026-09-26 12:00:00,995.0
20260926,120000,72W,9,2026,9,26,12,10.9,157.3,99600.0,2026-09-26 12:00:00,2026-09-26 12:00:00,996.0
20260926,120000,72W,9,2026,9,26,12,11.1,157.3,99400.0,2026-09-26 12:00:00,2026-09-26 12:00:00,994.0
20260926,120000,72W,9,2026,9,26,12,11.6,157.3,99700.0,2026-09-26 12:00:00,2026-09-26 12:00:00,997.0
20260926,120000,72W,9,2026,9,26,12,12.5,157.4,99400.0,2026-09-26 12:00:00,2026-09-26 12:00:00,994.0
20260926,120000,72W,9,2026,9,26,12,13.9,157.5,99400.0,2026-09-26 12:00:00,2026-09-26 12:00:00,994.0
20260926,120000,72W,10,2026,9,26,12,7.0,172.0,101000.0,2026-09-26 12:00:00,2026-09-26 12:00:00,1010.0
20260926,120000,72W,10,2026,9,26,12,7.0,170.9,100800.0,2026-09-26 12:00:00,2026-09-26 12:00:00,1008.0
20260926,120000,72W,10,2026,9,26,12,6.0,170.5,100900.0,2026-09-26 12:00:00,2026-09-26 12:00:00,1009.0
20260926,120000,72W,10,2026,9,26,12,6.9,170.70000000000002,100800.0,2026-09-26 12:00:00,2026-09-26 12:00:00,1008.0
20260926,120000,72W,10,2026,9,26,12,7.9,172.3,100700.0,2026-09-26 12:00:00,2026-09-26 12:00:00,1007.0
20260926,120000,72W,10,2026,9,26,12,8.6,171.9,100700.0,2026-09-26 12:00:00,2026-09-26 12:00:00,1007.0
20260926,120000,72W,10,2026,9,26,12,8.8,171.5,100400.0,2026-09-26 12:00:00,2026-09-26 12:00:00,1004.0
20260926,120000,72W,10,2026,9,26,12,9.5,171.0,100100.0,2026-09-26 12:00:00,2026-09-26 12:00:00,1001.0
20260926,120000,72W,10,2026,9,26,12,10.4,171.3,99700.0,2026-09-26 12:00:00,2026-09-26 12:00:00,997.0
20260926,120000,72W,10,2026,9,26,12,11.5,171.1,99600.0,2026-09-26 12:00:00,2026-09-26 12:00:00,996.0
20260926,120000,72W,10,2026,9,26,12,12.1,170.70000000000002,99100.0,2026-09-26 12:00:00,2026-09-26 12:00:00,991.0
20260926,120000,72W,10,2026,9,26,12,12.6,170.1,98700.0,2026-09-26 12:00:00,2026-09-26 12:00:00,987.0
20260926,120000,72W,10,2026,9,26,12,12.6,169.5,97900.0,2026-09-26 12:00:00,2026-09-26 12:00:00,979.0
20260926,120000,72W,10,2026,9,26,12,12.5,169.5,98000.0,2026-09-26 12:00:00,2026-09-26 12:00:00,980.0
20260926,120000,72W,10,2026,9,26,12,12.6,169.8,97200.0,2026-09-26 12:00:00,2026-09-26 12:00:00,972.0
20260926,120000,72W,10,2026,9,26,12,12.8,169.9,97500.0,2026-09-26 12:00:00,2026-09-26 12:00:00,975.0
20260926,120000,72W,10,2026,9,26,12,12.9,170.0,97200.0,2026-09-26 12:00:00,2026-09-26 12:00:00,972.0
20260926,120000,72W,10,2026,9,26,12,13.1,170.1,97400.0,2026-09-26 12:00:00,2026-09-26 12:00:00,974.0
20260926,120000,72W,10,2026,9,26,12,13.3,170.3,97100.0,2026-09-26 12:00:00,2026-09-26 12:00:00,971.0
20260926,120000,72W,10,2026,9,26,12,13.5,170.6,96900.0,2026-09-26 12:00:00,2026-09-26 12:00:00,969.0
20260926,120000,72W,10,2026,9,26,12,13.8,170.6,95900.0,2026-09-26 12:00:00,2026-09-26 12:00:00,959.0
20260926,120000,72W,10,2026,9,26,12,14.200000000000001,170.5,96100.0,2026-09-26 12:00:00,2026-09-26 12:00:00,961.0
20260926,120000,72W,10,2026,9,26,12,14.700000000000001,170.4,95800.0,2026-09-26 12:00:00,2026-09-26 12:00:00,958.0
20260926,120000,72W,10,2026,9,26,12,15.0,170.1,96000.0,2026-09-26 12:00:00,2026-09-26 12:00:00,960.0
20260926,120000,72W,10,2026,9,26,12,15.4,169.8,96000.0,2026-09-26 12:00:00,2026-09-26 12:00:00,960.0
20260926,120000,72W,10,2026,9,26,12,15.5,169.6,96100.0,2026-09-26 12:00:00,2026-09-26 12:00:00,961.0
20260926,120000,72W,10,2026,9,26,12,15.6,169.5,95000.0,2026-09-26 12:00:00,2026-09-26 12:00:00,950.0
20260926,120000,72W,10,2026,9,26,12,15.700000000000001,169.20000000000002,94700.0,2026-09-26 12:00:00,2026-09-26 12:00:00,947.0
20260926,120000,72W,10,2026,9,26,12,15.700000000000001,168.8,94600.0,2026-09-26 12:00:00,2026-09-26 12:00:00,946.0
20260926,120000,72W,10,2026,9,26,12,15.5,168.5,94800.0,2026-09-26 12:00:00,2026-09-26 12:00:00,948.0
20260926,120000,72W,10,2026,9,26,12,15.5,168.3,94300.0,2026-09-26 12:00:00,2026-09-26 12:00:00,943.0
20260926,120000,72W,10,2026,9,26,12,15.5,167.9,94100.0,2026-09-26 12:00:00,2026-09-26 12:00:00,941.0
20260926,120000,72W,10,2026,9,26,12,15.8,167.5,93900.0,2026-09-26 12:00:00,2026-09-26 12:00:00,939.0
20260926,120000,72W,10,2026,9,26,12,16.0,167.1,94000.0,2026-09-26 12:00:00,2026-09-26 12:00:00,940.0
20260926,120000,72W,10,2026,9,26,12,16.5,166.70000000000002,95000.0,2026-09-26 12:00:00,2026-09-26 12:00:00,950.0
20260926,120000,72W,10,2026,9,26,12,17.1,166.0,95700.0,2026-09-26 12:00:00,2026-09-26 12:00:00,957.0
20260926,120000,72W,10,2026,9,26,12,17.400000000000002,165.4,95500.0,2026-09-26 12:00:00,2026-09-26 12:00:00,955.0
20260926,120000,72W,10,2026,9,26,12,17.900000000000002,165.0,95900.0,2026-09-26 12:00:00,2026-09-26 12:00:00,959.0
20260926,120000,72W,10,2026,9,26,12,18.3,164.70000000000002,95900.0,2026-09-26 12:00:00,2026-09-26 12:00:00,959.0
20260926,120000,72W,10,2026,9,26,12,18.7,163.8,96200.0,2026-09-26 12:00:00,2026-09-26 12:00:00,962.0
20260926,120000,72W,10,2026,9,26,12,18.900000000000002,163.1,96100.0,2026-09-26 12:00:00,2026-09-26 12:00:00,961.0
20260926,120000,72W,10,2026,9,26,12,19.2,162.3,96500.0,2026-09-26 12:00:00,2026-09-26 12:00:00,965.0
20260926,120000,72W,10,2026,9,26,12,20.2,161.9,96300.0,2026-09-26 12:00:00,2026-09-26 12:00:00,963.0
20260926,120000,72W,10,2026,9,26,12,20.8,161.20000000000002,97100.0,2026-09-26 12:00:00,2026-09-26 12:00:00,971.0
20260926,120000,72W,10,2026,9,26,12,22.3,161.0,97500.0,2026-09-26 12:00:00,2026-09-26 12:00:00,975.0
20260926,120000,72W,10,2026,9,26,12,24.5,161.3,98400.0,2026-09-26 12:00:00,2026-09-26 12:00:00,984.0
20260926,120000,72W,10,2026,9,26,12,27.1,161.9,98900.0,2026-09-26 12:00:00,2026-09-26 12:00:00,989.0
20260926,120000,72W,10,2026,9,26,12,29.2,163.6,99500.0,2026-09-26 12:00:00,2026-09-26 12:00:00,995.0
20260926,120000,72W,11,2026,9,26,12,12.5,165.8,100800.0,2026-09-26 12:00:00,2026-09-26 12:00:00,1008.0
20260926,120000,72W,11,2026,9,26,12,12.6,164.8,100800.0,2026-09-26 12:00:00,2026-09-26 12:00:00,1008.0
20260926,120000,72W,11,2026,9,26,12,13.0,166.1,100900.0,2026-09-26 12:00:00,2026-09-26 12:00:00,1009.0
20260926,120000,72W,11,2026,9,26,12,11.1,166.20000000000002,100700.0,2026-09-26 12:00:00,2026-09-26 12:00:00,1007.0
20260926,120000,72W,11,2026,9,26,12,10.1,165.8,100700.0,2026-09-26 12:00:00,2026-09-26 12:00:00,1007.0
20260926,120000,72W,11,2026,9,26,12,11.3,165.20000000000002,100500.0,2026-09-26 12:00:00,2026-09-26 12:00:00,1005.0
20260926,120000,72W,11,2026,9,26,12,10.700000000000001,165.20000000000002,100600.0,2026-09-26 12:00:00,2026-09-26 12:00:00,1006.0
20260926,120000,72W,11,2026,9,26,12,11.0,166.5,100400.0,2026-09-26 12:00:00,2026-09-26 12:00:00,1004.0
20260926,120000,72W,11,2026,9,26,12,10.5,167.0,100400.0,2026-09-26 12:00:00,2026-09-26 12:00:00,1004.0
20260926,120000,72W,11,2026,9,26,12,11.4,166.1,100200.0,2026-09-26 12:00:00,2026-09-26 12:00:00,1002.0
20260926,120000,72W,11,2026,9,26,12,12.5,167.3,100300.0,2026-09-26 12:00:00,2026-09-26 12:00:00,1003.0
20260926,120000,72W,11,2026,9,26,12,11.700000000000001,167.8,100200.0,2026-09-26 12:00:00,2026-09-26 12:00:00,1002.0
20260926,120000,72W,11,2026,9,26,12,12.1,168.20000000000002,100400.0,2026-09-26 12:00:00,2026-09-26 12:00:00,1004.0
20260926,120000,72W,11,2026,9,26,12,14.0,167.6,100400.0,2026-09-26 12:00:00,2026-09-26 12:00:00,1004.0
20260926,120000,72W,11,2026,9,26,12,14.200000000000001,166.9,100400.0,2026-09-26 12:00:00,2026-09-26 12:00:00,1004.0
20260926,120000,72W,11,2026,9,26,12,14.700000000000001,167.20000000000002,99800.0,2026-09-26 12:00:00,2026-09-26 12:00:00,998.0
20260926,120000,72W,11,2026,9,26,12,15.4,167.1,100000.0,2026-09-26 12:00:00,2026-09-26 12:00:00,1000.0
20260926,120000,72W,11,2026,9,26,12,15.6,166.70000000000002,99400.0,2026-09-26 12:00:00,2026-09-26 12:00:00,994.0
20260926,120000,72W,11,2026,9,26,12,15.9,166.5,100200.0,2026-09-26 12:00:00,2026-09-26 12:00:00,1002.0
20260926,120000,72W,11,2026,9,26,12,16.1,165.70000000000002,100100.0,2026-09-26 12:00:00,2026-09-26 12:00:00,1001.0
20260926,120000,72W,11,2026,9,26,12,16.4,164.70000000000002,99900.0,2026-09-26 12:00:00,2026-09-26 12:00:00,999.0
20260926,120000,72W,11,2026,9,26,12,17.1,163.5,99700.0,2026-09-26 12:00:00,2026-09-26 12:00:00,997.0
20260926,120000,72W,11,2026,9,26,12,18.1,161.5,99700.0,2026-09-26 12:00:00,2026-09-26 12:00:00,997.0
20260926,120000,72W,11,2026,9,26,12,18.3,158.8,99400.0,2026-09-26 12:00:00,2026-09-26 12:00:00,994.0
20260926,120000,72W,11,2026,9,26,12,18.0,156.4,99300.0,2026-09-26 12:00:00,2026-09-26 12:00:00,993.0
20260926,120000,72W,11,2026,9,26,12,17.8,155.4,99100.0,2026-09-26 12:00:00,2026-09-26 12:00:00,991.0
20260926,120000,72W,11,2026,9,26,12,18.3,155.3,99100.0,2026-09-26 12:00:00,2026-09-26 12:00:00,991.0
20260926,120000,72W,11,2026,9,26,12,19.5,153.8,98700.0,2026-09-26 12:00:00,2026-09-26 12:00:00,987.0
20260926,120000,72W,11,2026,9,26,12,19.5,152.6,98700.0,2026-09-26 12:00:00,2026-09-26 12:00:00,987.0
20260926,120000,72W,11,2026,9,26,12,20.1,150.8,98400.0,2026-09-26 12:00:00,2026-09-26 12:00:00,984.0
20260926,120000,72W,11,2026,9,26,12,19.7,149.20000000000002,97800.0,2026-09-26 12:00:00,2026-09-26 12:00:00,978.0
20260926,120000,72W,11,2026,9,26,12,19.3,148.0,97600.0,2026-09-26 12:00:00,2026-09-26 12:00:00,976.0
20260926,120000,72W,11,2026,9,26,12,18.8,147.5,97700.0,2026-09-26 12:00:00,2026-09-26 12:00:00,977.0
20260926,120000,72W,11,2026,9,26,12,18.8,147.6,97500.0,2026-09-26 12:00:00,2026-09-26 12:00:00,975.0
20260926,120000,72W,11,2026,9,26,12,19.1,147.9,97400.0,2026-09-26 12:00:00,2026-09-26 12:00:00,974.0
20260926,120000,72W,11,2026,9,26,12,19.5,147.8,97200.0,2026-09-26 12:00:00,2026-09-26 12:00:00,972.0
20260926,120000,72W,11,2026,9,26,12,19.900000000000002,148.0,97300.0,2026-09-26 12:00:00,2026-09-26 12:00:00,973.0
20260926,120000,72W,11,2026,9,26,12,20.900000000000002,148.4,97100.0,2026-09-26 12:00:00,2026-09-26 12:00:00,971.0
20260926,120000,72W,11,2026,9,26,12,21.0,148.5,97400.0,2026-09-26 12:00:00,2026-09-26 12:00:00,974.0
20260926,120000,72W,12,2026,9,26,12,13.4,156.9,100900.0,2026-09-26 12:00:00,2026-09-26 12:00:00,1009.0
20260926,120000,72W,12,2026,9,26,12,14.200000000000001,156.8,100900.0,2026-09-26 12:00:00,2026-09-26 12:00:00,1009.0
20260926,120000,72W,12,2026,9,26,12,14.5,156.3,100600.0,2026-09-26 12:00:00,2026-09-26 12:00:00,1006.0
20260926,120000,72W,12,2026,9,26,12,14.700000000000001,155.5,100600.0,2026-09-26 12:00:00,2026-09-26 12:00:00,1006.0
20260926,120000,72W,12,2026,9,26,12,15.6,155.8,100600.0,2026-09-26 12:00:00,2026-09-26 12:00:00,1006.0
20260926,120000,72W,13,2026,9,26,12,14.0,156.3,101000.0,2026-09-26 12:00:00,2026-09-26 12:00:00,1010.0
20260926,120000,72W,13,2026,9,26,12,13.4,156.0,100700.0,2026-09-26 12:00:00,2026-09-26 12:00:00,1007.0
20260926,120000,72W,13,2026,9,26,12,13.8,155.3,100900.0,2026-09-26 12:00:00,2026-09-26 12:00:00,1009.0
20260926,120000,72W,13,2026,9,26,12,13.3,155.0,100600.0,2026-09-26 12:00:00,2026-09-26 12:00:00,1006.0
20260926,120000,72W,13,2026,9,26,12,12.8,156.3,100600.0,2026-09-26 12:00:00,2026-09-26 12:00:00,1006.0
20260926,120000,72W,13,2026,9,26,12,13.6,157.0,100200.0,2026-09-26 12:00:00,2026-09-26 12:00:00,1002.0
20260926,120000,72W,13,2026,9,26,12,14.4,157.0,100400.0,2026-09-26 12:00:00,2026-09-26 12:00:00,1004.0
20260926,120000,72W,13,2026,9,26,12,15.3,156.20000000000002,100100.0,2026-09-26 12:00:00,2026-09-26 12:00:00,1001.0
20260926,120000,72W,13,2026,9,26,12,15.200000000000001,155.3,100200.0,2026-09-26 12:00:00,2026-09-26 12:00:00,1002.0
20260926,120000,72W,13,2026,9,26,12,15.700000000000001,154.9,99900.0,2026-09-26 12:00:00,2026-09-26 12:00:00,999.0
20260926,120000,72W,13,2026,9,26,12,15.700000000000001,154.20000000000002,100100.0,2026-09-26 12:00:00,2026-09-26 12:00:00,1001.0
20260926,120000,72W,13,2026,9,26,12,16.2,153.8,99800.0,2026-09-26 12:00:00,2026-09-26 12:00:00,998.0
20260926,120000,72W,13,2026,9,26,12,16.6,153.5,99800.0,2026-09-26 12:00:00,2026-09-26 12:00:00,998.0
20260926,120000,72W,13,2026,9,26,12,16.7,153.4,99300.0,2026-09-26 12:00:00,2026-09-26 12:00:00,993.0
20260926,120000,72W,13,2026,9,26,12,17.1,152.0,99200.0,2026-09-26 12:00:00,2026-09-26 12:00:00,992.0
20260926,120000,72W,13,2026,9,26,12,17.6,151.70000000000002,98800.0,2026-09-26 12:00:00,2026-09-26 12:00:00,988.0
20260926,120000,72W,13,2026,9,26,12,17.8,151.4,98100.0,2026-09-26 12:00:00,2026-09-26 12:00:00,981.0
20260926,120000,72W,13,2026,9,26,12,17.6,150.4,97800.0,2026-09-26 12:00:00,2026-09-26 12:00:00,978.0
20260926,120000,72W,13,2026,9,26,12,18.3,149.6,96800.0,2026-09-26 12:00:00,2026-09-26 12:00:00,968.0
20260926,120000,72W,13,2026,9,26,12,18.3,149.1,95600.0,2026-09-26 12:00:00,2026-09-26 12:00:00,956.0
20260926,120000,72W,13,2026,9,26,12,18.5,148.5,94100.0,2026-09-26 12:00:00,2026-09-26 12:00:00,941.0
20260926,120000,72W,13,2026,9,26,12,19.0,148.20000000000002,93600.0,2026-09-26 12:00:00,2026-09-26 12:00:00,936.0
20260926,120000,72W,13,2026,9,26,12,19.2,148.0,93700.0,2026-09-26 12:00:00,2026-09-26 12:00:00,937.0
20260926,120000,72W,13,2026,9,26,12,19.6,147.9,93900.0,2026-09-26 12:00:00,2026-09-26 12:00:00,939.0
20260926,120000,72W,13,2026,9,26,12,19.7,147.6,94300.0,2026-09-26 12:00:00,2026-09-26 12:00:00,943.0
20260926,120000,72W,13,2026,9,26,12,20.1,147.4,94000.0,2026-09-26 12:00:00,2026-09-26 12:00:00,940.0
20260926,120000,72W,13,2026,9,26,12,20.2,147.6,94300.0,2026-09-26 12:00:00,2026-09-26 12:00:00,943.0
20260926,120000,72W,13,2026,9,26,12,20.5,147.6,94400.0,2026-09-26 12:00:00,2026-09-26 12:00:00,944.0
20260926,120000,72W,13,2026,9,26,12,20.8,147.70000000000002,94600.0,2026-09-26 12:00:00,2026-09-26 12:00:00,946.0
20260926,120000,72W,13,2026,9,26,12,21.3,147.8,94500.0,2026-09-26 12:00:00,2026-09-26 12:00:00,945.0
20260926,120000,72W,13,2026,9,26,12,21.7,147.8,94700.0,2026-09-26 12:00:00,2026-09-26 12:00:00,947.0
20260926,120000,72W,13,2026,9,26,12,22.1,147.9,94700.0,2026-09-26 12:00:00,2026-09-26 12:00:00,947.0
20260926,120000,72W,13,2026,9,26,12,22.3,147.8,95100.0,2026-09-26 12:00:00,2026-09-26 12:00:00,951.0
20260926,120000,72W,13,2026,9,26,12,22.8,148.0,95000.0,2026-09-26 12:00:00,2026-09-26 12:00:00,950.0
20260926,120000,72W,13,2026,9,26,12,23.400000000000002,148.4,95300.0,2026-09-26 12:00:00,2026-09-26 12:00:00,953.0
20260926,120000,72W,13,2026,9,26,12,23.7,148.70000000000002,95100.0,2026-09-26 12:00:00,2026-09-26 12:00:00,951.0
20260926,120000,72W,13,2026,9,26,12,24.3,149.0,95500.0,2026-09-26 12:00:00,2026-09-26 12:00:00,955.0
20260926,120000,72W,13,2026,9,26,12,24.6,149.1,95200.0,2026-09-26 12:00:00,2026-09-26 12:00:00,952.0
20260926,120000,72W,13,2026,9,26,12,24.7,149.0,95600.0,2026-09-26 12:00:00,2026-09-26 12:00:00,956.0
20260926,120000,72W,13,2026,9,26,12,25.0,148.8,95700.0,2026-09-26 12:00:00,2026-09-26 12:00:00,957.0
20260926,120000,72W,13,2026,9,26,12,25.3,148.0,95800.0,2026-09-26 12:00:00,2026-09-26 12:00:00,958.0
20260926,120000,72W,13,2026,9,26,12,25.6,147.9,95500.0,2026-09-26 12:00:00,2026-09-26 12:00:00,955.0
20260926,120000,72W,13,2026,9,26,12,25.8,147.8,95900.0,2026-09-26 12:00:00,2026-09-26 12:00:00,959.0
20260926,120000,72W,13,2026,9,26,12,25.900000000000002,147.8,95900.0,2026-09-26 12:00:00,2026-09-26 12:00:00,959.0
20260926,120000,72W,13,2026,9,26,12,26.5,147.9,96300.0,2026-09-26 12:00:00,2026-09-26 12:00:00,963.0
20260926,120000,72W,13,2026,9,26,12,27.6,147.70000000000002,96200.0,2026-09-26 12:00:00,2026-09-26 12:00:00,962.0
20260926,120000,72W,13,2026,9,26,12,28.400000000000002,147.8,96400.0,2026-09-26 12:00:00,2026-09-26 12:00:00,964.0
20260926,120000,72W,13,2026,9,26,12,29.1,147.8,96300.0,2026-09-26 12:00:00,2026-09-26 12:00:00,963.0
20260926,120000,72W,13,2026,9,26,12,31.1,147.8,96500.0,2026-09-26 12:00:00,2026-09-26 12:00:00,965.0
20260926,120000,72W,13,2026,9,26,12,32.3,147.6,96300.0,2026-09-26 12:00:00,2026-09-26 12:00:00,963.0
20260926,120000,72W,13,2026,9,26,12,33.8,147.9,96600.0,2026-09-26 12:00:00,2026-09-26 12:00:00,966.0
20260926,120000,72W,13,2026,9,26,12,35.800000000000004,148.70000000000002,96600.0,2026-09-26 12:00:00,2026-09-26 12:00:00,966.0
20260926,120000,72W,13,2026,9,26,12,37.5,150.4,96700.0,2026-09-26 12:00:00,2026-09-26 12:00:00,967.0
20260926,120000,72W,13,2026,9,26,12,39.5,153.5,96400.0,2026-09-26 12:00:00,2026-09-26 12:00:00,964.0
20260926,120000,72W,13,2026,9,26,12,42.5,157.8,96200.0,2026-09-26 12:00:00,2026-09-26 12:00:00,962.0
20260926,120000,72W,13,2026,9,26,12,45.0,162.5,95600.0,2026-09-26 12:00:00,2026-09-26 12:00:00,956.0
20260926,120000,72W,13,2026,9,26,12,47.6,167.4,94700.0,2026-09-26 12:00:00,2026-09-26 12:00:00,947.0
20260926,120000,72W,13,2026,9,26,12,49.300000000000004,172.4,93500.0,2026-09-26 12:00:00,2026-09-26 12:00:00,935.0
20260926,120000,72W,13,2026,9,26,12,50.800000000000004,178.1,92800.0,2026-09-26 12:00:00,2026-09-26 12:00:00,928.0
20260926,120000,72W,14,2026,9,26,12,13.4,167.5,100900.0,2026-09-26 12:00:00,2026-09-26 12:00:00,1009.0
20260926,120000,72W,14,2026,9,26,12,13.6,166.0,100700.0,2026-09-26 12:00:00,2026-09-26 12:00:00,1007.0
20260926,120000,72W,14,2026,9,26,12,15.0,167.1,100700.0,2026-09-26 12:00:00,2026-09-26 12:00:00,1007.0
20260926,120000,72W,14,2026,9,26,12,15.3,167.70000000000002,100400.0,2026-09-26 12:00:00,2026-09-26 12:00:00,1004.0
20260926,120000,72W,14,2026,9,26,12,16.4,167.4,100200.0,2026-09-26 12:00:00,2026-09-26 12:00:00,1002.0
20260926,120000,72W,14,2026,9,26,12,17.0,166.9,99800.0,2026-09-26 12:00:00,2026-09-26 12:00:00,998.0
20260926,120000,72W,14,2026,9,26,12,17.400000000000002,166.3,99500.0,2026-09-26 12:00:00,2026-09-26 12:00:00,995.0
20260926,120000,72W,14,2026,9,26,12,17.8,165.9,98300.0,2026-09-26 12:00:00,2026-09-26 12:00:00,983.0
20260926,120000,72W,14,2026,9,26,12,18.8,165.3,98900.0,2026-09-26 12:00:00,2026-09-26 12:00:00,989.0
20260926,120000,72W,14,2026,9,26,12,19.7,164.1,98700.0,2026-09-26 12:00:00,2026-09-26 12:00:00,987.0
20260926,120000,72W,14,2026,9,26,12,20.900000000000002,162.4,99300.0,2026-09-26 12:00:00,2026-09-26 12:00:00,993.0
20260926,120000,72W,14,2026,9,26,12,21.5,160.70000000000002,99300.0,2026-09-26 12:00:00,2026-09-26 12:00:00,993.0
20260926,120000,72W,14,2026,9,26,12,22.1,159.1,99500.0,2026-09-26 12:00:00,2026-09-26 12:00:00,995.0
20260926,120000,72W,14,2026,9,26,12,22.2,157.0,99400.0,2026-09-26 12:00:00,2026-09-26 12:00:00,994.0
20260926,120000,72W,15,2026,9,26,12,11.9,153.0,100900.0,2026-09-26 12:00:00,2026-09-26 12:00:00,1009.0
20260926,120000,72W,15,2026,9,26,12,11.0,152.5,101100.0,2026-09-26 12:00:00,2026-09-26 12:00:00,1011.0
20260926,120000,72W,15,2026,9,26,12,9.9,152.3,100800.0,2026-09-26 12:00:00,2026-09-26 12:00:00,1008.0
20260926,120000,72W,15,2026,9,26,12,8.8,152.0,101000.0,2026-09-26 12:00:00,2026-09-26 12:00:00,1010.0
20260926,120000,72W,15,2026,9,26,12,8.3,151.4,100800.0,2026-09-26 12:00:00,2026-09-26 12:00:00,1008.0
20260926,120000,72W,15,2026,9,26,12,7.9,151.1,101000.0,2026-09-26 12:00:00,2026-09-26 12:00:00,1010.0
20260926,120000,72W,15,2026,9,26,12,8.1,150.8,100600.0,2026-09-26 12:00:00,2026-09-26 12:00:00,1006.0
20260926,120000,72W,15,2026,9,26,12,8.4,150.4,100900.0,2026-09-26 12:00:00,2026-09-26 12:00:00,1009.0
20260926,120000,72W,15,2026,9,26,12,8.8,149.9,100700.0,2026-09-26 12:00:00,2026-09-26 12:00:00,1007.0
20260926,120000,72W,15,2026,9,26,12,9.3,149.3,100900.0,2026-09-26 12:00:00,2026-09-26 12:00:00,1009.0
20260926,120000,72W,15,2026,9,26,12,9.9,148.9,100600.0,2026-09-26 12:00:00,2026-09-26 12:00:00,1006.0
20260926,120000,72W,15,2026,9,26,12,11.0,147.5,100800.0,2026-09-26 12:00:00,2026-09-26 12:00:00,1008.0
20260926,120000,72W,15,2026,9,26,12,12.3,146.1,100500.0,2026-09-26 12:00:00,2026-09-26 12:00:00,1005.0
20260926,120000,72W,15,2026,9,26,12,12.3,145.8,100500.0,2026-09-26 12:00:00,2026-09-26 12:00:00,1005.0
20260926,120000,72W,15,2026,9,26,12,12.4,146.0,100300.0,2026-09-26 12:00:00,2026-09-26 12:00:00,1003.0
20260926,120000,72W,15,2026,9,26,12,12.700000000000001,145.8,100700.0,2026-09-26 12:00:00,2026-09-26 12:00:00,1007.0
20260926,120000,72W,15,2026,9,26,12,13.1,144.6,100500.0,2026-09-26 12:00:00,2026-09-26 12:00:00,1005.0
20260926,120000,72W,15,2026,9,26,12,13.1,143.5,100300.0,2026-09-26 12:00:00,2026-09-26 12:00:00,1003.0
20260926,120000,72W,15,2026,9,26,12,13.3,143.1,100000.0,2026-09-26 12:00:00,2026-09-26 12:00:00,1000.0
20260926,120000,72W,15,2026,9,26,12,13.3,142.70000000000002,99800.0,2026-09-26 12:00:00,2026-09-26 12:00:00,998.0
20260926,120000,72W,15,2026,9,26,12,13.5,142.1,99500.0,2026-09-26 12:00:00,2026-09-26 12:00:00,995.0
20260926,120000,72W,15,2026,9,26,12,13.6,141.3,99100.0,2026-09-26 12:00:00,2026-09-26 12:00:00,991.0
20260926,120000,72W,15,2026,9,26,12,13.8,140.70000000000002,98800.0,2026-09-26 12:00:00,2026-09-26 12:00:00,988.0
20260926,120000,72W,15,2026,9,26,12,13.8,140.20000000000002,99200.0,2026-09-26 12:00:00,2026-09-26 12:00:00,992.0
20260926,120000,72W,16,2026,9,26,12,12.6,168.8,101000.0,2026-09-26 12:00:00,2026-09-26 12:00:00,1010.0
20260926,120000,72W,16,2026,9,26,12,12.9,170.0,101100.0,2026-09-26 12:00:00,2026-09-26 12:00:00,1011.0
20260926,120000,72W,16,2026,9,26,12,12.200000000000001,169.1,100900.0,2026-09-26 12:00:00,2026-09-26 12:00:00,1009.0
20260926,120000,72W,16,2026,9,26,12,11.8,170.6,100900.0,2026-09-26 12:00:00,2026-09-26 12:00:00,1009.0
20260926,120000,72W,16,2026,9,26,12,10.8,170.4,100900.0,2026-09-26 12:00:00,2026-09-26 12:00:00,1009.0
20260926,120000,72W,16,2026,9,26,12,10.0,171.1,100900.0,2026-09-26 12:00:00,2026-09-26 12:00:00,1009.0
20260926,120000,72W,16,2026,9,26,12,8.2,173.5,101000.0,2026-09-26 12:00:00,2026-09-26 12:00:00,1010.0
20260926,120000,72W,16,2026,9,26,12,7.3,172.6,100900.0,2026-09-26 12:00:00,2026-09-26 12:00:00,1009.0
20260926,120000,72W,16,2026,9,26,12,7.7,173.1,100900.0,2026-09-26 12:00:00,2026-09-26 12:00:00,1009.0
20260926,120000,72W,16,2026,9,26,12,7.1000000000000005,174.1,100800.0,2026-09-26 12:00:00,2026-09-26 12:00:00,1008.0
20260926,120000,72W,16,2026,9,26,12,7.6000000000000005,176.0,100800.0,2026-09-26 12:00:00,2026-09-26 12:00:00,1008.0
20260926,120000,72W,16,2026,9,26,12,9.5,176.5,100800.0,2026-09-26 12:00:00,2026-09-26 12:00:00,1008.0
20260926,120000,72W,16,2026,9,26,12,8.8,178.6,100700.0,2026-09-26 12:00:00,2026-09-26 12:00:00,1007.0
20260926,120000,72W,16,2026,9,26,12,8.9,179.1,100600.0,2026-09-26 12:00:00,2026-09-26 12:00:00,1006.0
20260926,120000,72W,16,2026,9,26,12,9.700000000000001,179.0,100700.0,2026-09-26 12:00:00,2026-09-26 12:00:00,1007.0
20260926,120000,72W,16,2026,9,26,12,10.3,179.20000000000002,100600.0,2026-09-26 12:00:00,2026-09-26 12:00:00,1006.0
20260926,120000,72W,16,2026,9,26,12,11.3,178.5,100400.0,2026-09-26 12:00:00,2026-09-26 12:00:00,1004.0
20260926,120000,72W,16,2026,9,26,12,11.8,177.3,99700.0,2026-09-26 12:00:00,2026-09-26 12:00:00,997.0
20260926,120000,72W,16,2026,9,26,12,12.1,175.9,99000.0,2026-09-26 12:00:00,2026-09-26 12:00:00,990.0
20260926,120000,72W,16,2026,9,26,12,12.1,174.5,97800.0,2026-09-26 12:00:00,2026-09-26 12:00:00,978.0
20260926,120000,72W,16,2026,9,26,12,12.1,173.1,98400.0,2026-09-26 12:00:00,2026-09-26 12:00:00,984.0
20260926,120000,72W,16,2026,9,26,12,11.700000000000001,171.70000000000002,98300.0,2026-09-26 12:00:00,2026-09-26 12:00:00,983.0
20260926,120000,72W,16,2026,9,26,12,11.700000000000001,170.5,98400.0,2026-09-26 12:00:00,2026-09-26 12:00:00,984.0
20260926,120000,72W,16,2026,9,26,12,11.6,169.3,97300.0,2026-09-26 12:00:00,2026-09-26 12:00:00,973.0
20260926,120000,72W,16,2026,9,26,12,11.9,168.4,97100.0,2026-09-26 12:00:00,2026-09-26 12:00:00,971.0
20260926,120000,72W,16,2026,9,26,12,12.4,167.4,96500.0,2026-09-26 12:00:00,2026-09-26 12:00:00,965.0
20260926,120000,72W,16,2026,9,26,12,12.9,166.20000000000002,95800.0,2026-09-26 12:00:00,2026-09-26 12:00:00,958.0
20260926,120000,72W,16,2026,9,26,12,13.4,165.0,94500.0,2026-09-26 12:00:00,2026-09-26 12:00:00,945.0
20260926,120000,72W,16,2026,9,26,12,14.1,163.5,94300.0,2026-09-26 12:00:00,2026-09-26 12:00:00,943.0
20260926,120000,72W,16,2026,9,26,12,15.0,162.0,93300.0,2026-09-26 12:00:00,2026-09-26 12:00:00,933.0
20260926,120000,72W,16,2026,9,26,12,15.700000000000001,160.1,94100.0,2026-09-26 12:00:00,2026-09-26 12:00:00,941.0
20260926,120000,72W,16,2026,9,26,12,16.3,158.20000000000002,93800.0,2026-09-26 12:00:00,2026-09-26 12:00:00,938.0
20260926,120000,72W,16,2026,9,26,12,16.8,156.3,94700.0,2026-09-26 12:00:00,2026-09-26 12:00:00,947.0
20260926,120000,72W,16,2026,9,26,12,17.1,154.5,94300.0,2026-09-26 12:00:00,2026-09-26 12:00:00,943.0
20260926,120000,72W,16,2026,9,26,12,17.5,152.9,94500.0,2026-09-26 12:00:00,2026-09-26 12:00:00,945.0
20260926,120000,72W,16,2026,9,26,12,17.900000000000002,151.20000000000002,94600.0,2026-09-26 12:00:00,2026-09-26 12:00:00,946.0
20260926,120000,72W,16,2026,9,26,12,18.3,149.6,95000.0,2026-09-26 12:00:00,2026-09-26 12:00:00,950.0
20260926,120000,72W,16,2026,9,26,12,18.5,148.20000000000002,93900.0,2026-09-26 12:00:00,2026-09-26 12:00:00,939.0
20260926,120000,72W,16,2026,9,26,12,18.6,146.8,93300.0,2026-09-26 12:00:00,2026-09-26 12:00:00,933.0
20260926,120000,72W,16,2026,9,26,12,19.0,145.70000000000002,92800.0,2026-09-26 12:00:00,2026-09-26 12:00:00,928.0
20260926,120000,72W,16,2026,9,26,12,19.400000000000002,144.70000000000002,92200.0,2026-09-26 12:00:00,2026-09-26 12:00:00,922.0
20260926,120000,72W,16,2026,9,26,12,19.900000000000002,143.70000000000002,91600.0,2026-09-26 12:00:00,2026-09-26 12:00:00,916.0
20260926,120000,72W,16,2026,9,26,12,20.5,142.9,91800.0,2026-09-26 12:00:00,2026-09-26 12:00:00,918.0
20260926,120000,72W,17,2026,9,26,12,13.0,154.6,101000.0,2026-09-26 12:00:00,2026-09-26 12:00:00,1010.0
20260926,120000,72W,17,2026,9,26,12,13.8,154.8,100800.0,2026-09-26 12:00:00,2026-09-26 12:00:00,1008.0
20260926,120000,72W,17,2026,9,26,12,12.6,154.1,100400.0,2026-09-26 12:00:00,2026-09-26 12:00:00,1004.0
20260926,120000,72W,17,2026,9,26,12,13.3,155.3,99800.0,2026-09-26 12:00:00,2026-09-26 12:00:00,998.0
20260926,120000,72W,17,2026,9,26,12,14.700000000000001,155.6,99700.0,2026-09-26 12:00:00,2026-09-26 12:00:00,997.0
20260926,120000,72W,17,2026,9,26,12,15.5,155.1,99000.0,2026-09-26 12:00:00,2026-09-26 12:00:00,990.0
20260926,120000,72W,17,2026,9,26,12,16.2,154.0,98600.0,2026-09-26 12:00:00,2026-09-26 12:00:00,986.0
20260926,120000,72W,17,2026,9,26,12,16.6,152.9,97700.0,2026-09-26 12:00:00,2026-09-26 12:00:00,977.0
20260926,120000,72W,17,2026,9,26,12,16.6,151.8,97500.0,2026-09-26 12:00:00,2026-09-26 12:00:00,975.0
20260926,120000,72W,17,2026,9,26,12,16.6,151.70000000000002,96800.0,2026-09-26 12:00:00,2026-09-26 12:00:00,968.0
20260926,120000,72W,17,2026,9,26,12,17.3,151.3,97000.0,2026-09-26 12:00:00,2026-09-26 12:00:00,970.0
20260926,120000,72W,17,2026,9,26,12,17.8,150.3,97300.0,2026-09-26 12:00:00,2026-09-26 12:00:00,973.0
20260926,120000,72W,17,2026,9,26,12,18.1,150.1,96600.0,2026-09-26 12:00:00,2026-09-26 12:00:00,966.0
20260926,120000,72W,17,2026,9,26,12,18.6,149.4,96200.0,2026-09-26 12:00:00,2026-09-26 12:00:00,962.0
20260926,120000,72W,17,2026,9,26,12,19.1,148.70000000000002,95500.0,2026-09-26 12:00:00,2026-09-26 12:00:00,955.0
20260926,120000,72W,17,2026,9,26,12,19.5,147.70000000000002,94400.0,2026-09-26 12:00:00,2026-09-26 12:00:00,944.0
20260926,120000,72W,17,2026,9,26,12,19.7,146.8,94500.0,2026-09-26 12:00:00,2026-09-26 12:00:00,945.0
20260926,120000,72W,17,2026,9,26,12,19.900000000000002,146.1,93100.0,2026-09-26 12:00:00,2026-09-26 12:00:00,931.0
20260926,120000,72W,17,2026,9,26,12,20.1,145.8,93500.0,2026-09-26 12:00:00,2026-09-26 12:00:00,935.0
20260926,120000,72W,17,2026,9,26,12,20.5,145.4,92400.0,2026-09-26 12:00:00,2026-09-26 12:00:00,924.0
20260926,120000,72W,17,2026,9,26,12,21.0,145.1,92800.0,2026-09-26 12:00:00,2026-09-26 12:00:00,928.0
20260926,120000,72W,17,2026,9,26,12,21.5,144.4,92200.0,2026-09-26 12:00:00,2026-09-26 12:00:00,922.0
20260926,120000,72W,17,2026,9,26,12,22.0,143.70000000000002,92000.0,2026-09-26 12:00:00,2026-09-26 12:00:00,920.0
20260926,120000,72W,17,2026,9,26,12,22.400000000000002,143.1,91900.0,2026-09-26 12:00:00,2026-09-26 12:00:00,919.0
20260926,120000,72W,17,2026,9,26,12,22.6,142.8,91700.0,2026-09-26 12:00:00,2026-09-26 12:00:00,917.0
20260926,120000,72W,17,2026,9,26,12,23.0,142.3,92100.0,2026-09-26 12:00:00,2026-09-26 12:00:00,921.0
20260926,120000,72W,17,2026,9,26,12,23.5,142.1,92300.0,2026-09-26 12:00:00,2026-09-26 12:00:00,923.0
20260926,120000,72W,17,2026,9,26,12,23.7,141.6,91900.0,2026-09-26 12:00:00,2026-09-26 12:00:00,919.0
20260926,120000,72W,17,2026,9,26,12,23.900000000000002,141.3,91800.0,2026-09-26 12:00:00,2026-09-26 12:00:00,918.0
20260926,120000,72W,17,2026,9,26,12,24.2,141.0,91800.0,2026-09-26 12:00:00,2026-09-26 12:00:00,918.0
20260926,120000,72W,17,2026,9,26,12,24.7,140.5,91800.0,2026-09-26 12:00:00,2026-09-26 12:00:00,918.0
20260926,120000,72W,17,2026,9,26,12,25.2,140.20000000000002,91500.0,2026-09-26 12:00:00,2026-09-26 12:00:00,915.0
20260926,120000,72W,17,2026,9,26,12,25.6,139.3,92000.0,2026-09-26 12:00:00,2026-09-26 12:00:00,920.0
20260926,120000,72W,17,2026,9,26,12,25.8,138.9,92300.0,2026-09-26 12:00:00,2026-09-26 12:00:00,923.0
20260926,120000,72W,17,2026,9,26,12,26.3,138.4,93000.0,2026-09-26 12:00:00,2026-09-26 12:00:00,930.0
20260926,120000,72W,17,2026,9,26,12,26.7,137.6,93200.0,2026-09-26 12:00:00,2026-09-26 12:00:00,932.0
20260926,120000,72W,17,2026,9,26,12,27.0,137.6,93700.0,2026-09-26 12:00:00,2026-09-26 12:00:00,937.0
20260926,120000,72W,17,2026,9,26,12,27.7,137.70000000000002,93900.0,2026-09-26 12:00:00,2026-09-26 12:00:00,939.0
20260926,120000,72W,17,2026,9,26,12,28.400000000000002,138.20000000000002,94500.0,2026-09-26 12:00:00,2026-09-26 12:00:00,945.0
20260926,120000,72W,17,2026,9,26,12,29.400000000000002,138.8,94500.0,2026-09-26 12:00:00,2026-09-26 12:00:00,945.0
20260926,120000,72W,17,2026,9,26,12,30.6,139.3,94900.0,2026-09-26 12:00:00,2026-09-26 12:00:00,949.0
20260926,120000,72W,17,2026,9,26,12,32.1,139.9,94900.0,2026-09-26 12:00:00,2026-09-26 12:00:00,949.0
20260926,120000,72W,17,2026,9,26,12,33.5,140.6,95300.0,2026-09-26 12:00:00,2026-09-26 12:00:00,953.0
20260926,120000,72W,17,2026,9,26,12,35.4,141.6,95600.0,2026-09-26 12:00:00,2026-09-26 12:00:00,956.0
20260926,120000,72W,17,2026,9,26,12,37.5,142.5,96000.0,2026-09-26 12:00:00,2026-09-26 12:00:00,960.0
20260926,120000,72W,17,2026,9,26,12,39.800000000000004,143.5,95900.0,2026-09-26 12:00:00,2026-09-26 12:00:00,959.0
20260926,120000,72W,17,2026,9,26,12,41.5,143.8,95800.0,2026-09-26 12:00:00,2026-09-26 12:00:00,958.0
20260926,120000,72W,17,2026,9,26,12,42.4,144.70000000000002,95800.0,2026-09-26 12:00:00,2026-09-26 12:00:00,958.0
20260926,120000,72W,17,2026,9,26,12,42.5,146.6,96400.0,2026-09-26 12:00:00,2026-09-26 12:00:00,964.0
20260926,120000,72W,17,2026,9,26,12,44.1,150.1,96800.0,2026-09-26 12:00:00,2026-09-26 12:00:00,968.0
20260926,120000,72W,17,2026,9,26,12,46.1,153.70000000000002,97100.0,2026-09-26 12:00:00,2026-09-26 12:00:00,971.0
20260926,120000,72W,18,2026,9,26,12,11.700000000000001,155.0,100800.0,2026-09-26 12:00:00,2026-09-26 12:00:00,1008.0
20260926,120000,72W,18,2026,9,26,12,14.3,154.1,101000.0,2026-09-26 12:00:00,2026-09-26 12:00:00,1010.0
20260926,120000,72W,18,2026,9,26,12,12.8,155.1,100900.0,2026-09-26 12:00:00,2026-09-26 12:00:00,1009.0
20260926,120000,72W,18,2026,9,26,12,13.1,156.20000000000002,100700.0,2026-09-26 12:00:00,2026-09-26 12:00:00,1007.0
20260926,120000,72W,18,2026,9,26,12,12.8,156.70000000000002,100700.0,2026-09-26 12:00:00,2026-09-26 12:00:00,1007.0
20260926,120000,72W,18,2026,9,26,12,13.1,157.8,100100.0,2026-09-26 12:00:00,2026-09-26 12:00:00,1001.0
20260926,120000,72W,18,2026,9,26,12,14.1,158.3,100200.0,2026-09-26 12:00:00,2026-09-26 12:00:00,1002.0
20260926,120000,72W,18,2026,9,26,12,14.3,157.70000000000002,99800.0,2026-09-26 12:00:00,2026-09-26 12:00:00,998.0
20260926,120000,72W,18,2026,9,26,12,14.6,157.8,99600.0,2026-09-26 12:00:00,2026-09-26 12:00:00,996.0
20260926,120000,72W,18,2026,9,26,12,15.0,157.3,99000.0,2026-09-26 12:00:00,2026-09-26 12:00:00,990.0
20260926,120000,72W,18,2026,9,26,12,15.700000000000001,156.70000000000002,98900.0,2026-09-26 12:00:00,2026-09-26 12:00:00,989.0
20260926,120000,72W,18,2026,9,26,12,16.2,156.0,98200.0,2026-09-26 12:00:00,2026-09-26 12:00:00,982.0
20260926,120000,72W,18,2026,9,26,12,16.6,155.1,98300.0,2026-09-26 12:00:00,2026-09-26 12:00:00,983.0
20260926,120000,72W,18,2026,9,26,12,17.0,153.70000000000002,98000.0,2026-09-26 12:00:00,2026-09-26 12:00:00,980.0
20260926,120000,72W,18,2026,9,26,12,17.0,152.70000000000002,97500.0,2026-09-26 12:00:00,2026-09-26 12:00:00,975.0
20260926,120000,72W,18,2026,9,26,12,17.0,151.70000000000002,96400.0,2026-09-26 12:00:00,2026-09-26 12:00:00,964.0
20260926,120000,72W,18,2026,9,26,12,17.1,150.8,95400.0,2026-09-26 12:00:00,2026-09-26 12:00:00,954.0
20260926,120000,72W,18,2026,9,26,12,17.5,150.1,94800.0,2026-09-26 12:00:00,2026-09-26 12:00:00,948.0
20260926,120000,72W,18,2026,9,26,12,17.8,149.20000000000002,94300.0,2026-09-26 12:00:00,2026-09-26 12:00:00,943.0
20260926,120000,72W,18,2026,9,26,12,18.1,148.5,93700.0,2026-09-26 12:00:00,2026-09-26 12:00:00,937.0
20260926,120000,72W,18,2026,9,26,12,18.400000000000002,147.9,93000.0,2026-09-26 12:00:00,2026-09-26 12:00:00,930.0
20260926,120000,72W,18,2026,9,26,12,18.8,147.6,92300.0,2026-09-26 12:00:00,2026-09-26 12:00:00,923.0
20260926,120000,72W,18,2026,9,26,12,19.0,147.4,92400.0,2026-09-26 12:00:00,2026-09-26 12:00:00,924.0
20260926,120000,72W,18,2026,9,26,12,19.5,147.3,91800.0,2026-09-26 12:00:00,2026-09-26 12:00:00,918.0
20260926,120000,72W,18,2026,9,26,12,19.8,147.5,92200.0,2026-09-26 12:00:00,2026-09-26 12:00:00,922.0
20260926,120000,72W,18,2026,9,26,12,20.400000000000002,147.70000000000002,92900.0,2026-09-26 12:00:00,2026-09-26 12:00:00,929.0
20260926,120000,72W,18,2026,9,26,12,21.1,147.8,93500.0,2026-09-26 12:00:00,2026-09-26 12:00:00,935.0
20260926,120000,72W,18,2026,9,26,12,21.8,148.0,93700.0,2026-09-26 12:00:00,2026-09-26 12:00:00,937.0
20260926,120000,72W,18,2026,9,26,12,22.3,148.0,94300.0,2026-09-26 12:00:00,2026-09-26 12:00:00,943.0
20260926,120000,72W,18,2026,9,26,12,23.2,148.3,94200.0,2026-09-26 12:00:00,2026-09-26 12:00:00,942.0
20260926,120000,72W,18,2026,9,26,12,23.900000000000002,148.3,94600.0,2026-09-26 12:00:00,2026-09-26 12:00:00,946.0
20260926,120000,72W,18,2026,9,26,12,24.400000000000002,148.70000000000002,94500.0,2026-09-26 12:00:00,2026-09-26 12:00:00,945.0
20260926,120000,72W,18,2026,9,26,12,24.900000000000002,148.9,94700.0,2026-09-26 12:00:00,2026-09-26 12:00:00,947.0
20260926,120000,72W,18,2026,9,26,12,25.5,149.6,94700.0,2026-09-26 12:00:00,2026-09-26 12:00:00,947.0
20260926,120000,72W,18,2026,9,26,12,25.900000000000002,150.0,95100.0,2026-09-26 12:00:00,2026-09-26 12:00:00,951.0
20260926,120000,72W,18,2026,9,26,12,26.400000000000002,149.9,95200.0,2026-09-26 12:00:00,2026-09-26 12:00:00,952.0
20260926,120000,72W,18,2026,9,26,12,26.900000000000002,149.70000000000002,95300.0,2026-09-26 12:00:00,2026-09-26 12:00:00,953.0
20260926,120000,72W,18,2026,9,26,12,27.900000000000002,149.1,95300.0,2026-09-26 12:00:00,2026-09-26 12:00:00,953.0
20260926,120000,72W,18,2026,9,26,12,28.0,149.3,95700.0,2026-09-26 12:00:00,2026-09-26 12:00:00,957.0
20260926,120000,72W,18,2026,9,26,12,29.2,149.1,96000.0,2026-09-26 12:00:00,2026-09-26 12:00:00,960.0
20260926,120000,72W,18,2026,9,26,12,30.2,149.70000000000002,96400.0,2026-09-26 12:00:00,2026-09-26 12:00:00,964.0
20260926,120000,72W,18,2026,9,26,12,31.3,150.1,96700.0,2026-09-26 12:00:00,2026-09-26 12:00:00,967.0
20260926,120000,72W,18,2026,9,26,12,32.6,149.9,97200.0,2026-09-26 12:00:00,2026-09-26 12:00:00,972.0
20260926,120000,72W,18,2026,9,26,12,34.6,151.20000000000002,97400.0,2026-09-26 12:00:00,2026-09-26 12:00:00,974.0
20260926,120000,72W,18,2026,9,26,12,36.4,151.8,97600.0,2026-09-26 12:00:00,2026-09-26 12:00:00,976.0
20260926,120000,72W,18,2026,9,26,12,38.2,153.5,97700.0,2026-09-26 12:00:00,2026-09-26 12:00:00,977.0
20260926,120000,72W,18,2026,9,26,12,40.2,155.4,97900.0,2026-09-26 12:00:00,2026-09-26 12:00:00,979.0
20260926,120000,72W,18,2026,9,26,12,41.7,158.1,97900.0,2026-09-26 12:00:00,2026-09-26 12:00:00,979.0
20260926,120000,72W,18,2026,9,26,12,42.5,160.9,98100.0,2026-09-26 12:00:00,2026-09-26 12:00:00,981.0
20260926,120000,72W,19,2026,9,26,12,20.8,162.5,100800.0,2026-09-26 12:00:00,2026-09-26 12:00:00,1008.0
20260926,120000,72W,19,2026,9,26,12,20.900000000000002,161.5,100900.0,2026-09-26 12:00:00,2026-09-26 12:00:00,1009.0
20260926,120000,72W,19,2026,9,26,12,21.400000000000002,160.20000000000002,100700.0,2026-09-26 12:00:00,2026-09-26 12:00:00,1007.0
20260926,120000,72W,19,2026,9,26,12,21.900000000000002,158.3,100900.0,2026-09-26 12:00:00,2026-09-26 12:00:00,1009.0
20260926,120000,72W,20,2026,9,26,12,13.200000000000001,152.70000000000002,100800.0,2026-09-26 12:00:00,2026-09-26 12:00:00,1008.0
20260926,120000,72W,20,2026,9,26,12,13.0,153.20000000000002,100700.0,2026-09-26 12:00:00,2026-09-26 12:00:00,1007.0
20260926,120000,72W,20,2026,9,26,12,13.700000000000001,153.4,100900.0,2026-09-26 12:00:00,2026-09-26 12:00:00,1009.0
20260926,120000,72W,20,2026,9,26,12,14.0,155.3,100600.0,2026-09-26 12:00:00,2026-09-26 12:00:00,1006.0
20260926,120000,72W,20,2026,9,26,12,15.4,154.6,100700.0,2026-09-26 12:00:00,2026-09-26 12:00:00,1007.0
20260926,120000,72W,20,2026,9,26,12,15.5,153.20000000000002,100300.0,2026-09-26 12:00:00,2026-09-26 12:00:00,1003.0
20260926,120000,72W,20,2026,9,26,12,15.8,153.4,100400.0,2026-09-26 12:00:00,2026-09-26 12:00:00,1004.0
20260926,120000,72W,20,2026,9,26,12,16.9,152.5,100000.0,2026-09-26 12:00:00,2026-09-26 12:00:00,1000.0
20260926,120000,72W,20,2026,9,26,12,17.3,151.70000000000002,100000.0,2026-09-26 12:00:00,2026-09-26 12:00:00,1000.0
20260926,120000,72W,20,2026,9,26,12,18.3,150.6,99500.0,2026-09-26 12:00:00,2026-09-26 12:00:00,995.0
20260926,120000,72W,20,2026,9,26,12,18.7,149.70000000000002,99200.0,2026-09-26 12:00:00,2026-09-26 12:00:00,992.0
20260926,120000,72W,20,2026,9,26,12,19.5,148.70000000000002,98200.0,2026-09-26 12:00:00,2026-09-26 12:00:00,982.0
20260926,120000,72W,20,2026,9,26,12,20.1,147.70000000000002,97500.0,2026-09-26 12:00:00,2026-09-26 12:00:00,975.0
20260926,120000,72W,20,2026,9,26,12,20.5,146.8,97200.0,2026-09-26 12:00:00,2026-09-26 12:00:00,972.0
20260926,120000,72W,20,2026,9,26,12,20.8,146.0,97100.0,2026-09-26 12:00:00,2026-09-26 12:00:00,971.0
20260926,120000,72W,20,2026,9,26,12,21.1,145.1,96800.0,2026-09-26 12:00:00,2026-09-26 12:00:00,968.0
20260926,120000,72W,20,2026,9,26,12,21.1,143.8,96700.0,2026-09-26 12:00:00,2026-09-26 12:00:00,967.0
20260926,120000,72W,20,2026,9,26,12,20.900000000000002,143.0,96600.0,2026-09-26 12:00:00,2026-09-26 12:00:00,966.0
20260926,120000,72W,20,2026,9,26,12,20.7,142.1,95400.0,2026-09-26 12:00:00,2026-09-26 12:00:00,954.0
20260926,120000,72W,20,2026,9,26,12,20.7,140.9,94400.0,2026-09-26 12:00:00,2026-09-26 12:00:00,944.0
20260926,120000,72W,20,2026,9,26,12,20.8,139.9,93500.0,2026-09-26 12:00:00,2026-09-26 12:00:00,935.0
20260926,120000,72W,20,2026,9,26,12,21.1,139.0,92700.0,2026-09-26 12:00:00,2026-09-26 12:00:00,927.0
20260926,120000,72W,20,2026,9,26,12,21.3,138.0,93300.0,2026-09-26 12:00:00,2026-09-26 12:00:00,933.0
20260926,120000,72W,20,2026,9,26,12,21.5,137.3,93100.0,2026-09-26 12:00:00,2026-09-26 12:00:00,931.0
20260926,120000,72W,20,2026,9,26,12,21.7,136.6,93400.0,2026-09-26 12:00:00,2026-09-26 12:00:00,934.0
20260926,120000,72W,20,2026,9,26,12,22.0,136.3,94200.0,2026-09-26 12:00:00,2026-09-26 12:00:00,942.0
20260926,120000,72W,20,2026,9,26,12,22.1,135.8,95000.0,2026-09-26 12:00:00,2026-09-26 12:00:00,950.0
20260926,120000,72W,20,2026,9,26,12,22.1,135.7,95300.0,2026-09-26 12:00:00,2026-09-26 12:00:00,953.0
20260926,120000,72W,20,2026,9,26,12,22.2,135.6,95800.0,2026-09-26 12:00:00,2026-09-26 12:00:00,958.0
20260926,120000,72W,20,2026,9,26,12,22.3,135.7,95700.0,2026-09-26 12:00:00,2026-09-26 12:00:00,957.0
20260926,120000,72W,20,2026,9,26,12,22.3,135.8,96100.0,2026-09-26 12:00:00,2026-09-26 12:00:00,961.0
20260926,120000,72W,20,2026,9,26,12,22.1,136.1,96300.0,2026-09-26 12:00:00,2026-09-26 12:00:00,963.0
20260926,120000,72W,20,2026,9,26,12,21.8,136.4,96800.0,2026-09-26 12:00:00,2026-09-26 12:00:00,968.0
20260926,120000,72W,20,2026,9,26,12,21.400000000000002,136.6,96700.0,2026-09-26 12:00:00,2026-09-26 12:00:00,967.0
20260926,120000,72W,20,2026,9,26,12,20.5,136.8,96800.0,2026-09-26 12:00:00,2026-09-26 12:00:00,968.0
20260926,120000,72W,20,2026,9,26,12,19.8,137.20000000000002,96600.0,2026-09-26 12:00:00,2026-09-26 12:00:00,966.0
20260926,120000,72W,20,2026,9,26,12,19.1,137.4,96500.0,2026-09-26 12:00:00,2026-09-26 12:00:00,965.0
20260926,120000,72W,20,2026,9,26,12,18.400000000000002,137.70000000000002,95500.0,2026-09-26 12:00:00,2026-09-26 12:00:00,955.0
20260926,120000,72W,20,2026,9,26,12,18.1,138.3,94300.0,2026-09-26 12:00:00,2026-09-26 12:00:00,943.0
20260926,120000,72W,20,2026,9,26,12,18.2,139.0,93700.0,2026-09-26 12:00:00,2026-09-26 12:00:00,937.0
20260926,120000,72W,20,2026,9,26,12,18.5,139.20000000000002,94000.0,2026-09-26 12:00:00,2026-09-26 12:00:00,940.0
20260926,120000,72W,20,2026,9,26,12,18.7,139.6,94000.0,2026-09-26 12:00:00,2026-09-26 12:00:00,940.0
20260926,120000,72W,20,2026,9,26,12,19.0,139.8,94800.0,2026-09-26 12:00:00,2026-09-26 12:00:00,948.0
20260926,120000,72W,20,2026,9,26,12,19.5,139.70000000000002,93900.0,2026-09-26 12:00:00,2026-09-26 12:00:00,939.0
20260926,120000,72W,20,2026,9,26,12,19.900000000000002,139.5,94500.0,2026-09-26 12:00:00,2026-09-26 12:00:00,945.0
20260926,120000,72W,20,2026,9,26,12,20.400000000000002,139.20000000000002,93500.0,2026-09-26 12:00:00,2026-09-26 12:00:00,935.0
20260926,120000,72W,20,2026,9,26,12,20.5,139.0,93700.0,2026-09-26 12:00:00,2026-09-26 12:00:00,937.0
20260926,120000,72W,20,2026,9,26,12,21.0,138.6,93300.0,2026-09-26 12:00:00,2026-09-26 12:00:00,933.0
20260926,120000,72W,20,2026,9,26,12,21.2,138.3,92900.0,2026-09-26 12:00:00,2026-09-26 12:00:00,929.0
20260926,120000,72W,20,2026,9,26,12,21.6,137.8,93200.0,2026-09-26 12:00:00,2026-09-26 12:00:00,932.0
20260926,120000,72W,20,2026,9,26,12,22.1,137.6,93500.0,2026-09-26 12:00:00,2026-09-26 12:00:00,935.0
20260926,120000,72W,20,2026,9,26,12,22.400000000000002,137.20000000000002,92900.0,2026-09-26 12:00:00,2026-09-26 12:00:00,929.0
20260926,120000,72W,20,2026,9,26,12,22.6,136.9,93500.0,2026-09-26 12:00:00,2026-09-26 12:00:00,935.0
20260926,120000,72W,20,2026,9,26,12,23.1,137.0,93100.0,2026-09-26 12:00:00,2026-09-26 12:00:00,931.0
20260926,120000,72W,20,2026,9,26,12,23.7,136.9,93800.0,2026-09-26 12:00:00,2026-09-26 12:00:00,938.0
20260926,120000,72W,20,2026,9,26,12,23.900000000000002,137.0,93300.0,2026-09-26 12:00:00,2026-09-26 12:00:00,933.0
20260926,120000,72W,20,2026,9,26,12,24.3,137.3,93300.0,2026-09-26 12:00:00,2026-09-26 12:00:00,933.0
20260926,120000,72W,20,2026,9,26,12,24.900000000000002,138.0,92400.0,2026-09-26 12:00:00,2026-09-26 12:00:00,924.0
20260926,120000,72W,20,2026,9,26,12,25.400000000000002,138.4,92300.0,2026-09-26 12:00:00,2026-09-26 12:00:00,923.0
20260926,120000,72W,21,2026,9,26,12,11.4,160.3,101000.0,2026-09-26 12:00:00,2026-09-26 12:00:00,1010.0
20260926,120000,72W,21,2026,9,26,12,11.6,162.20000000000002,101100.0,2026-09-26 12:00:00,2026-09-26 12:00:00,1011.0
20260926,120000,72W,21,2026,9,26,12,13.8,162.1,100900.0,2026-09-26 12:00:00,2026-09-26 12:00:00,1009.0
20260926,120000,72W,21,2026,9,26,12,13.8,162.1,100900.0,2026-09-26 12:00:00,2026-09-26 12:00:00,1009.0
20260926,120000,72W,21,2026,9,26,12,14.0,161.20000000000002,100600.0,2026-09-26 12:00:00,2026-09-26 12:00:00,1006.0
20260926,120000,72W,22,2026,9,26,12,16.6,158.9,100800.0,2026-09-26 12:00:00,2026-09-26 12:00:00,1008.0
20260926,120000,72W,22,2026,9,26,12,17.5,158.70000000000002,100600.0,2026-09-26 12:00:00,2026-09-26 12:00:00,1006.0
20260926,120000,72W,22,2026,9,26,12,16.2,156.70000000000002,100800.0,2026-09-26 12:00:00,2026-09-26 12:00:00,1008.0
20260926,120000,72W,22,2026,9,26,12,16.7,156.5,100600.0,2026-09-26 12:00:00,2026-09-26 12:00:00,1006.0
20260926,120000,72W,22,2026,9,26,12,16.8,155.1,100900.0,2026-09-26 12:00:00,2026-09-26 12:00:00,1009.0
20260926,120000,72W,22,2026,9,26,12,16.1,155.5,100700.0,2026-09-26 12:00:00,2026-09-26 12:00:00,1007.0
20260926,120000,72W,22,2026,9,26,12,16.6,153.6,100600.0,2026-09-26 12:00:00,2026-09-26 12:00:00,1006.0
20260926,120000,72W,22,2026,9,26,12,17.1,149.6,100800.0,2026-09-26 12:00:00,2026-09-26 12:00:00,1008.0
20260926,120000,72W,22,2026,9,26,12,16.1,148.3,100500.0,2026-09-26 12:00:00,2026-09-26 12:00:00,1005.0
20260926,120000,72W,22,2026,9,26,12,16.2,148.3,100600.0,2026-09-26 12:00:00,2026-09-26 12:00:00,1006.0
20260926,120000,72W,22,2026,9,26,12,16.2,147.6,100300.0,2026-09-26 12:00:00,2026-09-26 12:00:00,1003.0
20260926,120000,72W,22,2026,9,26,12,15.9,146.8,100500.0,2026-09-26 12:00:00,2026-09-26 12:00:00,1005.0
20260926,120000,72W,22,2026,9,26,12,15.700000000000001,146.4,100200.0,2026-09-26 12:00:00,2026-09-26 12:00:00,1002.0
20260926,120000,72W,22,2026,9,26,12,16.6,147.0,100400.0,2026-09-26 12:00:00,2026-09-26 12:00:00,1004.0
20260926,120000,72W,22,2026,9,26,12,16.4,145.8,100100.0,2026-09-26 12:00:00,2026-09-26 12:00:00,1001.0
20260926,120000,72W,22,2026,9,26,12,15.8,144.6,100200.0,2026-09-26 12:00:00,2026-09-26 12:00:00,1002.0
20260926,120000,72W,22,2026,9,26,12,15.5,145.5,100000.0,2026-09-26 12:00:00,2026-09-26 12:00:00,1000.0
20260926,120000,72W,22,2026,9,26,12,15.200000000000001,144.20000000000002,99900.0,2026-09-26 12:00:00,2026-09-26 12:00:00,999.0
20260926,120000,72W,22,2026,9,26,12,15.1,142.8,99600.0,2026-09-26 12:00:00,2026-09-26 12:00:00,996.0
20260926,120000,72W,22,2026,9,26,12,15.0,142.70000000000002,99700.0,2026-09-26 12:00:00,2026-09-26 12:00:00,997.0
20260926,120000,72W,22,2026,9,26,12,16.3,143.4,99300.0,2026-09-26 12:00:00,2026-09-26 12:00:00,993.0
20260926,120000,72W,22,2026,9,26,12,16.2,142.6,99400.0,2026-09-26 12:00:00,2026-09-26 12:00:00,994.0
20260926,120000,72W,22,2026,9,26,12,17.1,142.0,99100.0,2026-09-26 12:00:00,2026-09-26 12:00:00,991.0
20260926,120000,72W,22,2026,9,26,12,16.9,141.1,99200.0,2026-09-26 12:00:00,2026-09-26 12:00:00,992.0
20260926,120000,72W,22,2026,9,26,12,17.400000000000002,140.5,99000.0,2026-09-26 12:00:00,2026-09-26 12:00:00,990.0
20260926,120000,72W,22,2026,9,26,12,18.2,140.0,99200.0,2026-09-26 12:00:00,2026-09-26 12:00:00,992.0
20260926,120000,72W,22,2026,9,26,12,19.0,139.4,98900.0,2026-09-26 12:00:00,2026-09-26 12:00:00,989.0
20260926,120000,72W,22,2026,9,26,12,19.6,138.5,99000.0,2026-09-26 12:00:00,2026-09-26 12:00:00,990.0
20260926,120000,72W,22,2026,9,26,12,20.1,137.6,98700.0,2026-09-26 12:00:00,2026-09-26 12:00:00,987.0
20260926,120000,72W,22,2026,9,26,12,20.2,136.6,98800.0,2026-09-26 12:00:00,2026-09-26 12:00:00,988.0
20260926,120000,72W,22,2026,9,26,12,20.400000000000002,136.1,98500.0,2026-09-26 12:00:00,2026-09-26 12:00:00,985.0
20260926,120000,72W,22,2026,9,26,12,20.400000000000002,135.6,98700.0,2026-09-26 12:00:00,2026-09-26 12:00:00,987.0
20260926,120000,72W,22,2026,9,26,12,20.1,135.4,98500.0,2026-09-26 12:00:00,2026-09-26 12:00:00,985.0
20260926,120000,72W,22,2026,9,26,12,20.6,135.7,98700.0,2026-09-26 12:00:00,2026-09-26 12:00:00,987.0
20260926,120000,72W,22,2026,9,26,12,21.1,135.7,98400.0,2026-09-26 12:00:00,2026-09-26 12:00:00,984.0
20260926,120000,72W,22,2026,9,26,12,21.8,135.7,98600.0,2026-09-26 12:00:00,2026-09-26 12:00:00,986.0
20260926,120000,72W,22,2026,9,26,12,22.8,135.2,98400.0,2026-09-26 12:00:00,2026-09-26 12:00:00,984.0
20260926,120000,72W,22,2026,9,26,12,23.3,135.0,98600.0,2026-09-26 12:00:00,2026-09-26 12:00:00,986.0
20260926,120000,72W,22,2026,9,26,12,23.900000000000002,134.7,98400.0,2026-09-26 12:00:00,2026-09-26 12:00:00,984.0
20260926,120000,72W,22,2026,9,26,12,24.0,134.7,98300.0,2026-09-26 12:00:00,2026-09-26 12:00:00,983.0
20260926,120000,72W,22,2026,9,26,12,24.6,134.9,97900.0,2026-09-26 12:00:00,2026-09-26 12:00:00,979.0
20260926,120000,72W,22,2026,9,26,12,25.5,135.1,97800.0,2026-09-26 12:00:00,2026-09-26 12:00:00,978.0
20260926,120000,72W,22,2026,9,26,12,26.6,134.9,97400.0,2026-09-26 12:00:00,2026-09-26 12:00:00,974.0
20260926,120000,72W,22,2026,9,26,12,27.5,134.5,97000.0,2026-09-26 12:00:00,2026-09-26 12:00:00,970.0
20260926,120000,72W,23,2026,9,26,12,37.6,150.1,99600.0,2026-09-26 12:00:00,2026-09-26 12:00:00,996.0
20260926,120000,72W,23,2026,9,26,12,39.2,152.6,98700.0,2026-09-26 12:00:00,2026-09-26 12:00:00,987.0
20260926,120000,72W,23,2026,9,26,12,40.5,156.20000000000002,98700.0,2026-09-26 12:00:00,2026-09-26 12:00:00,987.0
20260926,120000,72W,24,2026,9,26,12,13.6,158.20000000000002,101200.0,2026-09-26 12:00:00,2026-09-26 12:00:00,1012.0
20260926,120000,72W,24,2026,9,26,12,13.6,154.20000000000002,100700.0,2026-09-26 12:00:00,2026-09-26 12:00:00,1007.0
20260926,120000,72W,24,2026,9,26,12,14.9,155.1,100300.0,2026-09-26 12:00:00,2026-09-26 12:00:00,1003.0
20260926,120000,72W,24,2026,9,26,12,14.6,154.6,100300.0,2026-09-26 12:00:00,2026-09-26 12:00:00,1003.0
20260926,120000,72W,24,2026,9,26,12,15.200000000000001,154.8,99800.0,2026-09-26 12:00:00,2026-09-26 12:00:00,998.0
20260926,120000,72W,24,2026,9,26,12,15.200000000000001,155.1,99800.0,2026-09-26 12:00:00,2026-09-26 12:00:00,998.0
20260926,120000,72W,24,2026,9,26,12,15.5,154.8,99300.0,2026-09-26 12:00:00,2026-09-26 12:00:00,993.0
20260926,120000,72W,24,2026,9,26,12,16.4,154.6,99200.0,2026-09-26 12:00:00,2026-09-26 12:00:00,992.0
20260926,120000,72W,24,2026,9,26,12,16.9,153.9,98600.0,2026-09-26 12:00:00,2026-09-26 12:00:00,986.0
20260926,120000,72W,24,2026,9,26,12,17.0,153.3,97900.0,2026-09-26 12:00:00,2026-09-26 12:00:00,979.0
20260926,120000,72W,24,2026,9,26,12,17.6,152.70000000000002,97000.0,2026-09-26 12:00:00,2026-09-26 12:00:00,970.0
20260926,120000,72W,24,2026,9,26,12,17.900000000000002,151.8,96200.0,2026-09-26 12:00:00,2026-09-26 12:00:00,962.0
20260926,120000,72W,24,2026,9,26,12,18.3,151.3,95500.0,2026-09-26 12:00:00,2026-09-26 12:00:00,955.0
20260926,120000,72W,24,2026,9,26,12,18.6,151.0,95900.0,2026-09-26 12:00:00,2026-09-26 12:00:00,959.0
20260926,120000,72W,24,2026,9,26,12,19.5,150.9,95400.0,2026-09-26 12:00:00,2026-09-26 12:00:00,954.0
20260926,120000,72W,24,2026,9,26,12,20.2,150.8,95100.0,2026-09-26 12:00:00,2026-09-26 12:00:00,951.0
20260926,120000,72W,24,2026,9,26,12,20.900000000000002,151.0,94800.0,2026-09-26 12:00:00,2026-09-26 12:00:00,948.0
20260926,120000,72W,24,2026,9,26,12,21.8,151.1,94800.0,2026-09-26 12:00:00,2026-09-26 12:00:00,948.0
20260926,120000,72W,24,2026,9,26,12,22.7,151.1,94900.0,2026-09-26 12:00:00,2026-09-26 12:00:00,949.0
20260926,120000,72W,24,2026,9,26,12,23.5,151.1,95000.0,2026-09-26 12:00:00,2026-09-26 12:00:00,950.0
20260926,120000,72W,24,2026,9,26,12,24.3,151.3,95100.0,2026-09-26 12:00:00,2026-09-26 12:00:00,951.0
20260926,120000,72W,24,2026,9,26,12,25.2,151.4,95600.0,2026-09-26 12:00:00,2026-09-26 12:00:00,956.0
20260926,120000,72W,24,2026,9,26,12,25.6,151.5,95900.0,2026-09-26 12:00:00,2026-09-26 12:00:00,959.0
20260926,120000,72W,24,2026,9,26,12,26.1,151.5,96300.0,2026-09-26 12:00:00,2026-09-26 12:00:00,963.0
20260926,120000,72W,24,2026,9,26,12,26.400000000000002,152.1,96200.0,2026-09-26 12:00:00,2026-09-26 12:00:00,962.0
20260926,120000,72W,24,2026,9,26,12,27.400000000000002,151.5,96400.0,2026-09-26 12:00:00,2026-09-26 12:00:00,964.0
20260926,120000,72W,24,2026,9,26,12,27.8,151.20000000000002,96200.0,2026-09-26 12:00:00,2026-09-26 12:00:00,962.0
20260926,120000,72W,24,2026,9,26,12,28.5,151.3,96500.0,2026-09-26 12:00:00,2026-09-26 12:00:00,965.0
20260926,120000,72W,24,2026,9,26,12,30.0,151.3,96400.0,2026-09-26 12:00:00,2026-09-26 12:00:00,964.0
20260926,120000,72W,24,2026,9,26,12,31.6,151.5,96200.0,2026-09-26 12:00:00,2026-09-26 12:00:00,962.0
20260926,120000,72W,24,2026,9,26,12,33.0,152.20000000000002,95600.0,2026-09-26 12:00:00,2026-09-26 12:00:00,956.0
20260926,120000,72W,24,2026,9,26,12,35.4,151.3,95400.0,2026-09-26 12:00:00,2026-09-26 12:00:00,954.0
20260926,120000,72W,24,2026,9,26,12,37.0,150.4,95000.0,2026-09-26 12:00:00,2026-09-26 12:00:00,950.0
20260926,120000,72W,24,2026,9,26,12,39.300000000000004,152.70000000000002,95400.0,2026-09-26 12:00:00,2026-09-26 12:00:00,954.0
20260926,120000,72W,24,2026,9,26,12,42.4,153.4,95800.0,2026-09-26 12:00:00,2026-09-26 12:00:00,958.0
20260926,120000,72W,24,2026,9,26,12,45.0,153.70000000000002,95800.0,2026-09-26 12:00:00,2026-09-26 12:00:00,958.0
20260926,120000,72W,24,2026,9,26,12,46.9,154.8,96000.0,2026-09-26 12:00:00,2026-09-26 12:00:00,960.0
20260926,120000,72W,24,2026,9,26,12,48.4,155.6,96000.0,2026-09-26 12:00:00,2026-09-26 12:00:00,960.0
20260926,120000,72W,24,2026,9,26,12,49.300000000000004,157.6,96200.0,2026-09-26 12:00:00,2026-09-26 12:00:00,962.0
20260926,120000,72W,24,2026,9,26,12,50.7,160.3,96400.0,2026-09-26 12:00:00,2026-09-26 12:00:00,964.0
20260926,120000,72W,25,2026,9,26,12,12.4,165.3,101200.0,2026-09-26 12:00:00,2026-09-26 12:00:00,1012.0
20260926,120000,72W,25,2026,9,26,12,11.0,164.1,100900.0,2026-09-26 12:00:00,2026-09-26 12:00:00,1009.0
20260926,120000,72W,25,2026,9,26,12,9.5,166.8,101000.0,2026-09-26 12:00:00,2026-09-26 12:00:00,1010.0
20260926,120000,72W,25,2026,9,26,12,9.5,170.1,101000.0,2026-09-26 12:00:00,2026-09-26 12:00:00,1010.0
20260926,120000,72W,25,2026,9,26,12,8.2,168.4,101100.0,2026-09-26 12:00:00,2026-09-26 12:00:00,1011.0
20260926,120000,72W,25,2026,9,26,12,9.4,169.70000000000002,101000.0,2026-09-26 12:00:00,2026-09-26 12:00:00,1010.0
20260926,120000,72W,25,2026,9,26,12,9.3,169.9,100900.0,2026-09-26 12:00:00,2026-09-26 12:00:00,1009.0
20260926,120000,72W,25,2026,9,26,12,9.3,168.4,101000.0,2026-09-26 12:00:00,2026-09-26 12:00:00,1010.0
20260926,120000,72W,25,2026,9,26,12,9.1,168.70000000000002,100900.0,2026-09-26 12:00:00,2026-09-26 12:00:00,1009.0
20260926,120000,72W,25,2026,9,26,12,9.5,167.70000000000002,101000.0,2026-09-26 12:00:00,2026-09-26 12:00:00,1010.0
20260926,120000,72W,25,2026,9,26,12,10.5,167.6,100800.0,2026-09-26 12:00:00,2026-09-26 12:00:00,1008.0
20260926,120000,72W,25,2026,9,26,12,10.700000000000001,167.20000000000002,100800.0,2026-09-26 12:00:00,2026-09-26 12:00:00,1008.0
20260926,120000,72W,25,2026,9,26,12,10.5,165.4,100600.0,2026-09-26 12:00:00,2026-09-26 12:00:00,1006.0
20260926,120000,72W,25,2026,9,26,12,9.9,165.5,100600.0,2026-09-26 12:00:00,2026-09-26 12:00:00,1006.0
20260926,120000,72W,25,2026,9,26,12,10.200000000000001,166.3,100400.0,2026-09-26 12:00:00,2026-09-26 12:00:00,1004.0
20260926,120000,72W,25,2026,9,26,12,11.3,166.0,100200.0,2026-09-26 12:00:00,2026-09-26 12:00:00,1002.0
20260926,120000,72W,25,2026,9,26,12,11.4,164.8,99900.0,2026-09-26 12:00:00,2026-09-26 12:00:00,999.0
20260926,120000,72W,25,2026,9,26,12,11.0,164.4,99900.0,2026-09-26 12:00:00,2026-09-26 12:00:00,999.0
20260926,120000,72W,25,2026,9,26,12,11.3,164.3,99500.0,2026-09-26 12:00:00,2026-09-26 12:00:00,995.0
20260926,120000,72W,25,2026,9,26,12,11.0,163.9,99400.0,2026-09-26 12:00:00,2026-09-26 12:00:00,994.0
20260926,120000,72W,25,2026,9,26,12,11.200000000000001,164.8,99100.0,2026-09-26 12:00:00,2026-09-26 12:00:00,991.0
20260926,120000,72W,25,2026,9,26,12,12.1,164.4,99000.0,2026-09-26 12:00:00,2026-09-26 12:00:00,990.0
20260926,120000,72W,25,2026,9,26,12,12.700000000000001,164.3,98600.0,2026-09-26 12:00:00,2026-09-26 12:00:00,986.0
20260926,120000,72W,25,2026,9,26,12,13.6,163.9,98400.0,2026-09-26 12:00:00,2026-09-26 12:00:00,984.0
20260926,120000,72W,25,2026,9,26,12,14.0,163.4,97800.0,2026-09-26 12:00:00,2026-09-26 12:00:00,978.0
20260926,120000,72W,25,2026,9,26,12,14.4,163.0,97300.0,2026-09-26 12:00:00,2026-09-26 12:00:00,973.0
20260926,120000,72W,25,2026,9,26,12,14.6,162.4,96900.0,2026-09-26 12:00:00,2026-09-26 12:00:00,969.0
20260926,120000,72W,25,2026,9,26,12,15.4,161.6,96700.0,2026-09-26 12:00:00,2026-09-26 12:00:00,967.0
20260926,120000,72W,25,2026,9,26,12,16.1,160.3,95700.0,2026-09-26 12:00:00,2026-09-26 12:00:00,957.0
20260926,120000,72W,25,2026,9,26,12,17.0,159.1,95600.0,2026-09-26 12:00:00,2026-09-26 12:00:00,956.0
20260926,120000,72W,25,2026,9,26,12,17.8,157.70000000000002,94900.0,2026-09-26 12:00:00,2026-09-26 12:00:00,949.0
20260926,120000,72W,25,2026,9,26,12,19.0,156.20000000000002,94700.0,2026-09-26 12:00:00,2026-09-26 12:00:00,947.0
20260926,120000,72W,25,2026,9,26,12,19.900000000000002,154.9,94000.0,2026-09-26 12:00:00,2026-09-26 12:00:00,940.0
20260926,120000,72W,25,2026,9,26,12,20.900000000000002,153.5,93300.0,2026-09-26 12:00:00,2026-09-26 12:00:00,933.0
20260926,120000,72W,25,2026,9,26,12,21.7,152.3,92900.0,2026-09-26 12:00:00,2026-09-26 12:00:00,929.0
20260926,120000,72W,25,2026,9,26,12,23.1,151.4,93000.0,2026-09-26 12:00:00,2026-09-26 12:00:00,930.0
20260926,120000,72W,25,2026,9,26,12,24.400000000000002,150.5,93100.0,2026-09-26 12:00:00,2026-09-26 12:00:00,931.0
20260926,120000,72W,25,2026,9,26,12,25.900000000000002,149.9,93500.0,2026-09-26 12:00:00,2026-09-26 12:00:00,935.0
20260926,120000,72W,25,2026,9,26,12,27.5,149.6,93100.0,2026-09-26 12:00:00,2026-09-26 12:00:00,931.0
20260926,120000,72W,25,2026,9,26,12,29.3,149.6,93200.0,2026-09-26 12:00:00,2026-09-26 12:00:00,932.0
20260926,120000,72W,25,2026,9,26,12,31.5,149.9,93500.0,2026-09-26 12:00:00,2026-09-26 12:00:00,935.0
20260926,120000,72W,25,2026,9,26,12,33.4,150.9,93800.0,2026-09-26 12:00:00,2026-09-26 12:00:00,938.0
20260926,120000,72W,25,2026,9,26,12,35.5,152.70000000000002,94200.0,2026-09-26 12:00:00,2026-09-26 12:00:00,942.0
20260926,120000,72W,25,2026,9,26,12,37.6,154.8,95000.0,2026-09-26 12:00:00,2026-09-26 12:00:00,950.0
20260926,120000,72W,25,2026,9,26,12,39.6,158.20000000000002,95500.0,2026-09-26 12:00:00,2026-09-26 12:00:00,955.0
20260926,120000,72W,25,2026,9,26,12,41.4,162.6,96000.0,2026-09-26 12:00:00,2026-09-26 12:00:00,960.0
20260926,120000,72W,26,2026,9,26,12,13.0,157.9,101100.0,2026-09-26 12:00:00,2026-09-26 12:00:00,1011.0
20260926,120000,72W,26,2026,9,26,12,12.4,158.1,100800.0,2026-09-26 12:00:00,2026-09-26 12:00:00,1008.0
20260926,120000,72W,26,2026,9,26,12,12.6,157.9,101000.0,2026-09-26 12:00:00,2026-09-26 12:00:00,1010.0
20260926,120000,72W,26,2026,9,26,12,13.5,157.9,100800.0,2026-09-26 12:00:00,2026-09-26 12:00:00,1008.0
20260926,120000,72W,26,2026,9,26,12,14.200000000000001,157.70000000000002,101000.0,2026-09-26 12:00:00,2026-09-26 12:00:00,1010.0
20260926,120000,72W,26,2026,9,26,12,14.5,156.8,100700.0,2026-09-26 12:00:00,2026-09-26 12:00:00,1007.0
20260926,120000,72W,26,2026,9,26,12,14.8,156.0,100900.0,2026-09-26 12:00:00,2026-09-26 12:00:00,1009.0
20260926,120000,72W,26,2026,9,26,12,15.3,155.3,100600.0,2026-09-26 12:00:00,2026-09-26 12:00:00,1006.0
20260926,120000,72W,26,2026,9,26,12,15.200000000000001,154.1,100700.0,2026-09-26 12:00:00,2026-09-26 12:00:00,1007.0
20260926,120000,72W,26,2026,9,26,12,15.700000000000001,153.20000000000002,100400.0,2026-09-26 12:00:00,2026-09-26 12:00:00,1004.0
20260926,120000,72W,26,2026,9,26,12,15.8,152.20000000000002,100500.0,2026-09-26 12:00:00,2026-09-26 12:00:00,1005.0
20260926,120000,72W,26,2026,9,26,12,15.5,151.3,100300.0,2026-09-26 12:00:00,2026-09-26 12:00:00,1003.0
20260926,120000,72W,26,2026,9,26,12,16.3,150.6,100400.0,2026-09-26 12:00:00,2026-09-26 12:00:00,1004.0
20260926,120000,72W,26,2026,9,26,12,16.5,149.9,100100.0,2026-09-26 12:00:00,2026-09-26 12:00:00,1001.0
20260926,120000,72W,26,2026,9,26,12,16.9,148.8,100200.0,2026-09-26 12:00:00,2026-09-26 12:00:00,1002.0
20260926,120000,72W,26,2026,9,26,12,17.400000000000002,147.8,99700.0,2026-09-26 12:00:00,2026-09-26 12:00:00,997.0
20260926,120000,72W,26,2026,9,26,12,17.400000000000002,146.9,99200.0,2026-09-26 12:00:00,2026-09-26 12:00:00,992.0
20260926,120000,72W,26,2026,9,26,12,17.900000000000002,145.6,98800.0,2026-09-26 12:00:00,2026-09-26 12:00:00,988.0
20260926,120000,72W,26,2026,9,26,12,18.2,144.70000000000002,98100.0,2026-09-26 12:00:00,2026-09-26 12:00:00,981.0
20260926,120000,72W,26,2026,9,26,12,18.5,143.70000000000002,96800.0,2026-09-26 12:00:00,2026-09-26 12:00:00,968.0
20260926,120000,72W,26,2026,9,26,12,18.400000000000002,142.70000000000002,95500.0,2026-09-26 12:00:00,2026-09-26 12:00:00,955.0
20260926,120000,72W,26,2026,9,26,12,18.3,142.1,95000.0,2026-09-26 12:00:00,2026-09-26 12:00:00,950.0
20260926,120000,72W,26,2026,9,26,12,18.3,141.8,94400.0,2026-09-26 12:00:00,2026-09-26 12:00:00,944.0
20260926,120000,72W,26,2026,9,26,12,18.5,141.6,93700.0,2026-09-26 12:00:00,2026-09-26 12:00:00,937.0
20260926,120000,72W,26,2026,9,26,12,18.8,141.1,93000.0,2026-09-26 12:00:00,2026-09-26 12:00:00,930.0
20260926,120000,72W,26,2026,9,26,12,19.2,140.8,93400.0,2026-09-26 12:00:00,2026-09-26 12:00:00,934.0
20260926,120000,72W,26,2026,9,26,12,19.3,140.4,92700.0,2026-09-26 12:00:00,2026-09-26 12:00:00,927.0
20260926,120000,72W,26,2026,9,26,12,19.5,139.9,93800.0,2026-09-26 12:00:00,2026-09-26 12:00:00,938.0
20260926,120000,72W,26,2026,9,26,12,19.7,139.5,94300.0,2026-09-26 12:00:00,2026-09-26 12:00:00,943.0
20260926,120000,72W,26,2026,9,26,12,20.2,139.0,94300.0,2026-09-26 12:00:00,2026-09-26 12:00:00,943.0
20260926,120000,72W,26,2026,9,26,12,20.7,138.5,94300.0,2026-09-26 12:00:00,2026-09-26 12:00:00,943.0
20260926,120000,72W,26,2026,9,26,12,21.1,137.70000000000002,94600.0,2026-09-26 12:00:00,2026-09-26 12:00:00,946.0
20260926,120000,72W,26,2026,9,26,12,21.1,136.8,95000.0,2026-09-26 12:00:00,2026-09-26 12:00:00,950.0
20260926,120000,72W,26,2026,9,26,12,21.2,136.0,94700.0,2026-09-26 12:00:00,2026-09-26 12:00:00,947.0
20260926,120000,72W,26,2026,9,26,12,21.1,135.1,94800.0,2026-09-26 12:00:00,2026-09-26 12:00:00,948.0
20260926,120000,72W,26,2026,9,26,12,21.2,134.1,94500.0,2026-09-26 12:00:00,2026-09-26 12:00:00,945.0
20260926,120000,72W,26,2026,9,26,12,21.2,133.0,94700.0,2026-09-26 12:00:00,2026-09-26 12:00:00,947.0
20260926,120000,72W,26,2026,9,26,12,21.1,132.0,94400.0,2026-09-26 12:00:00,2026-09-26 12:00:00,944.0
20260926,120000,72W,26,2026,9,26,12,21.1,131.3,94600.0,2026-09-26 12:00:00,2026-09-26 12:00:00,946.0
20260926,120000,72W,26,2026,9,26,12,21.2,130.6,94700.0,2026-09-26 12:00:00,2026-09-26 12:00:00,947.0
20260926,120000,72W,26,2026,9,26,12,21.1,129.8,95300.0,2026-09-26 12:00:00,2026-09-26 12:00:00,953.0
20260926,120000,72W,26,2026,9,26,12,21.3,129.1,95200.0,2026-09-26 12:00:00,2026-09-26 12:00:00,952.0
20260926,120000,72W,26,2026,9,26,12,21.400000000000002,128.3,95400.0,2026-09-26 12:00:00,2026-09-26 12:00:00,954.0
20260926,120000,72W,26,2026,9,26,12,21.6,127.4,95400.0,2026-09-26 12:00:00,2026-09-26 12:00:00,954.0
20260926,120000,72W,26,2026,9,26,12,21.7,126.4,95400.0,2026-09-26 12:00:00,2026-09-26 12:00:00,954.0
20260926,120000,72W,26,2026,9,26,12,22.0,125.7,95100.0,2026-09-26 12:00:00,2026-09-26 12:00:00,951.0
20260926,120000,72W,26,2026,9,26,12,22.5,125.0,94900.0,2026-09-26 12:00:00,2026-09-26 12:00:00,949.0
20260926,120000,72W,26,2026,9,26,12,23.0,124.10000000000001,94900.0,2026-09-26 12:00:00,2026-09-26 12:00:00,949.0
20260926,120000,72W,26,2026,9,26,12,23.7,123.10000000000001,95200.0,2026-09-26 12:00:00,2026-09-26 12:00:00,952.0
20260926,120000,72W,26,2026,9,26,12,24.2,120.4,96300.0,2026-09-26 12:00:00,2026-09-26 12:00:00,963.0
20260926,120000,72W,26,2026,9,26,12,24.3,119.9,97400.0,2026-09-26 12:00:00,2026-09-26 12:00:00,974.0
20260926,120000,72W,26,2026,9,26,12,24.900000000000002,118.7,98700.0,2026-09-26 12:00:00,2026-09-26 12:00:00,987.0
20260926,120000,72W,26,2026,9,26,12,24.5,117.7,100200.0,2026-09-26 12:00:00,2026-09-26 12:00:00,1002.0
20260926,120000,72W,26,2026,9,26,12,27.1,116.5,100900.0,2026-09-26 12:00:00,2026-09-26 12:00:00,1009.0
20260926,120000,72W,27,2026,9,26,12,10.700000000000001,169.70000000000002,100800.0,2026-09-26 12:00:00,2026-09-26 12:00:00,1008.0
20260926,120000,72W,27,2026,9,26,12,11.3,170.4,100800.0,2026-09-26 12:00:00,2026-09-26 12:00:00,1008.0
20260926,120000,72W,27,2026,9,26,12,12.1,169.8,101000.0,2026-09-26 12:00:00,2026-09-26 12:00:00,1010.0
20260926,120000,72W,27,2026,9,26,12,12.200000000000001,170.20000000000002,101000.0,2026-09-26 12:00:00,2026-09-26 12:00:00,1010.0
20260926,120000,72W,27,2026,9,26,12,13.8,168.1,100900.0,2026-09-26 12:00:00,2026-09-26 12:00:00,1009.0
20260926,120000,72W,27,2026,9,26,12,14.3,167.20000000000002,101000.0,2026-09-26 12:00:00,2026-09-26 12:00:00,1010.0
20260926,120000,72W,27,2026,9,26,12,14.5,165.0,101000.0,2026-09-26 12:00:00,2026-09-26 12:00:00,1010.0
20260926,120000,72W,27,2026,9,26,12,14.4,164.20000000000002,100800.0,2026-09-26 12:00:00,2026-09-26 12:00:00,1008.0
20260926,120000,72W,27,2026,9,26,12,15.3,163.4,101100.0,2026-09-26 12:00:00,2026-09-26 12:00:00,1011.0
20260926,120000,72W,28,2026,9,26,12,9.4,113.4,101000.0,2026-09-26 12:00:00,2026-09-26 12:00:00,1010.0
20260926,120000,72W,28,2026,9,26,12,11.4,113.9,101000.0,2026-09-26 12:00:00,2026-09-26 12:00:00,1010.0
20260926,120000,72W,28,2026,9,26,12,9.6,113.60000000000001,101000.0,2026-09-26 12:00:00,2026-09-26 12:00:00,1010.0
20260926,120000,72W,28,2026,9,26,12,10.5,114.8,100900.0,2026-09-26 12:00:00,2026-09-26 12:00:00,1009.0
20260926,120000,72W,28,2026,9,26,12,11.1,114.8,100300.0,2026-09-26 12:00:00,2026-09-26 12:00:00,1003.0
20260926,120000,72W,28,2026,9,26,12,11.6,115.2,100300.0,2026-09-26 12:00:00,2026-09-26 12:00:00,1003.0
20260926,120000,72W,28,2026,9,26,12,12.0,115.5,100300.0,2026-09-26 12:00:00,2026-09-26 12:00:00,1003.0
20260926,120000,72W,28,2026,9,26,12,12.6,115.8,100200.0,2026-09-26 12:00:00,2026-09-26 12:00:00,1002.0
20260926,120000,72W,28,2026,9,26,12,13.0,116.0,99900.0,2026-09-26 12:00:00,2026-09-26 12:00:00,999.0
20260926,120000,72W,28,2026,9,26,12,13.3,115.9,100200.0,2026-09-26 12:00:00,2026-09-26 12:00:00,1002.0
20260926,120000,72W,28,2026,9,26,12,13.5,115.60000000000001,99900.0,2026-09-26 12:00:00,2026-09-26 12:00:00,999.0
20260926,120000,72W,28,2026,9,26,12,13.8,115.7,100000.0,2026-09-26 12:00:00,2026-09-26 12:00:00,1000.0
20260926,120000,72W,28,2026,9,26,12,14.0,115.5,99900.0,2026-09-26 12:00:00,2026-09-26 12:00:00,999.0
20260926,120000,72W,28,2026,9,26,12,14.1,115.2,100000.0,2026-09-26 12:00:00,2026-09-26 12:00:00,1000.0
20260926,120000,72W,28,2026,9,26,12,14.3,114.7,100000.0,2026-09-26 12:00:00,2026-09-26 12:00:00,1000.0
20260926,120000,72W,28,2026,9,26,12,14.5,114.3,100200.0,2026-09-26 12:00:00,2026-09-26 12:00:00,1002.0
20260926,120000,72W,28,2026,9,26,12,14.6,113.8,99900.0,2026-09-26 12:00:00,2026-09-26 12:00:00,999.0
20260926,120000,72W,28,2026,9,26,12,14.700000000000001,113.5,100000.0,2026-09-26 12:00:00,2026-09-26 12:00:00,1000.0
20260926,120000,72W,28,2026,9,26,12,14.700000000000001,112.9,99800.0,2026-09-26 12:00:00,2026-09-26 12:00:00,998.0
20260926,120000,72W,28,2026,9,26,12,14.8,112.0,99500.0,2026-09-26 12:00:00,2026-09-26 12:00:00,995.0
20260926,120000,72W,28,2026,9,26,12,14.700000000000001,111.3,98700.0,2026-09-26 12:00:00,2026-09-26 12:00:00,987.0
20260926,120000,72W,28,2026,9,26,12,14.700000000000001,110.7,98600.0,2026-09-26 12:00:00,2026-09-26 12:00:00,986.0
20260926,120000,72W,28,2026,9,26,12,14.5,109.7,98500.0,2026-09-26 12:00:00,2026-09-26 12:00:00,985.0
20260926,120000,72W,28,2026,9,26,12,14.3,107.9,100000.0,2026-09-26 12:00:00,2026-09-26 12:00:00,1000.0
20260926,120000,72W,28,2026,9,26,12,14.0,106.5,100000.0,2026-09-26 12:00:00,2026-09-26 12:00:00,1000.0
20260926,120000,72W,28,2026,9,26,12,13.3,105.4,100200.0,2026-09-26 12:00:00,2026-09-26 12:00:00,1002.0
20260926,120000,72W,28,2026,9,26,12,13.1,103.7,100200.0,2026-09-26 12:00:00,2026-09-26 12:00:00,1002.0
20260926,120000,72W,28,2026,9,26,12,12.4,102.10000000000001,100300.0,2026-09-26 12:00:00,2026-09-26 12:00:00,1003.0
20260926,120000,72W,28,2026,9,26,12,12.200000000000001,101.4,100100.0,2026-09-26 12:00:00,2026-09-26 12:00:00,1001.0
20260926,120000,72W,28,2026,9,26,12,12.4,101.0,100000.0,2026-09-26 12:00:00,2026-09-26 12:00:00,1000.0
20260926,120000,72W,28,2026,9,26,12,12.4,100.3,99700.0,2026-09-26 12:00:00,2026-09-26 12:00:00,997.0
20260926,120000,72W,28,2026,9,26,12,12.6,99.9,99400.0,2026-09-26 12:00:00,2026-09-26 12:00:00,994.0
20260926,120000,72W,28,2026,9,26,12,12.8,99.60000000000001,99700.0,2026-09-26 12:00:00,2026-09-26 12:00:00,997.0
20260926,120000,72W,28,2026,9,26,12,12.8,99.5,100000.0,2026-09-26 12:00:00,2026-09-26 12:00:00,1000.0
20260926,120000,72W,28,2026,9,26,12,13.0,99.4,100000.0,2026-09-26 12:00:00,2026-09-26 12:00:00,1000.0
20260926,120000,72W,28,2026,9,26,12,13.200000000000001,99.2,99800.0,2026-09-26 12:00:00,2026-09-26 12:00:00,998.0
20260926,120000,72W,28,2026,9,26,12,13.200000000000001,98.7,99800.0,2026-09-26 12:00:00,2026-09-26 12:00:00,998.0
20260926,120000,72W,28,2026,9,26,12,13.200000000000001,98.4,99500.0,2026-09-26 12:00:00,2026-09-26 12:00:00,995.0
20260926,120000,72W,29,2026,9,26,12,13.3,163.3,100900.0,2026-09-26 12:00:00,2026-09-26 12:00:00,1009.0
20260926,120000,72W,29,2026,9,26,12,14.5,165.1,101100.0,2026-09-26 12:00:00,2026-09-26 12:00:00,1011.0
20260926,120000,72W,29,2026,9,26,12,12.700000000000001,163.8,101000.0,2026-09-26 12:00:00,2026-09-26 12:00:00,1010.0
20260926,120000,72W,29,2026,9,26,12,14.0,163.0,100800.0,2026-09-26 12:00:00,2026-09-26 12:00:00,1008.0
20260926,120000,72W,29,2026,9,26,12,14.9,162.0,100600.0,2026-09-26 12:00:00,2026-09-26 12:00:00,1006.0
20260926,120000,72W,29,2026,9,26,12,15.0,163.6,100700.0,2026-09-26 12:00:00,2026-09-26 12:00:00,1007.0
20260926,120000,72W,29,2026,9,26,12,15.700000000000001,163.1,100400.0,2026-09-26 12:00:00,2026-09-26 12:00:00,1004.0
20260926,120000,72W,29,2026,9,26,12,16.4,162.5,100300.0,2026-09-26 12:00:00,2026-09-26 12:00:00,1003.0
20260926,120000,72W,29,2026,9,26,12,16.8,161.70000000000002,99600.0,2026-09-26 12:00:00,2026-09-26 12:00:00,996.0
20260926,120000,72W,29,2026,9,26,12,17.0,161.0,99300.0,2026-09-26 12:00:00,2026-09-26 12:00:00,993.0
20260926,120000,72W,29,2026,9,26,12,17.7,160.0,98700.0,2026-09-26 12:00:00,2026-09-26 12:00:00,987.0
20260926,120000,72W,29,2026,9,26,12,18.1,158.3,98800.0,2026-09-26 12:00:00,2026-09-26 12:00:00,988.0
20260926,120000,72W,29,2026,9,26,12,18.0,156.70000000000002,98200.0,2026-09-26 12:00:00,2026-09-26 12:00:00,982.0
20260926,120000,72W,30,2026,9,26,12,20.8,165.20000000000002,101000.0,2026-09-26 12:00:00,2026-09-26 12:00:00,1010.0
20260926,120000,72W,30,2026,9,26,12,19.7,163.70000000000002,101100.0,2026-09-26 12:00:00,2026-09-26 12:00:00,1011.0
20260926,120000,72W,30,2026,9,26,12,21.8,160.5,100900.0,2026-09-26 12:00:00,2026-09-26 12:00:00,1009.0
20260926,120000,72W,30,2026,9,26,12,21.400000000000002,158.9,100700.0,2026-09-26 12:00:00,2026-09-26 12:00:00,1007.0
20260926,120000,72W,30,2026,9,26,12,20.2,157.0,100800.0,2026-09-26 12:00:00,2026-09-26 12:00:00,1008.0
20260926,120000,72W,30,2026,9,26,12,21.6,153.70000000000002,100700.0,2026-09-26 12:00:00,2026-09-26 12:00:00,1007.0
20260926,120000,72W,30,2026,9,26,12,21.900000000000002,151.20000000000002,100600.0,2026-09-26 12:00:00,2026-09-26 12:00:00,1006.0
20260926,120000,72W,30,2026,9,26,12,21.400000000000002,149.70000000000002,100700.0,2026-09-26 12:00:00,2026-09-26 12:00:00,1007.0
20260926,120000,72W,30,2026,9,26,12,21.2,148.4,100600.0,2026-09-26 12:00:00,2026-09-26 12:00:00,1006.0
20260926,120000,72W,30,2026,9,26,12,20.2,147.70000000000002,100700.0,2026-09-26 12:00:00,2026-09-26 12:00:00,1007.0
20260926,120000,72W,30,2026,9,26,12,21.0,146.70000000000002,100600.0,2026-09-26 12:00:00,2026-09-26 12:00:00,1006.0
20260926,120000,72W,30,2026,9,26,12,21.2,145.1,100700.0,2026-09-26 12:00:00,2026-09-26 12:00:00,1007.0
20260926,120000,72W,30,2026,9,26,12,20.8,144.20000000000002,100500.0,2026-09-26 12:00:00,2026-09-26 12:00:00,1005.0
20260926,120000,72W,30,2026,9,26,12,20.900000000000002,143.6,100700.0,2026-09-26 12:00:00,2026-09-26 12:00:00,1007.0
20260926,120000,72W,30,2026,9,26,12,20.8,142.4,100400.0,2026-09-26 12:00:00,2026-09-26 12:00:00,1004.0
20260926,120000,72W,30,2026,9,26,12,21.2,141.5,100600.0,2026-09-26 12:00:00,2026-09-26 12:00:00,1006.0
20260926,120000,72W,30,2026,9,26,12,20.400000000000002,140.9,100400.0,2026-09-26 12:00:00,2026-09-26 12:00:00,1004.0
20260926,120000,72W,30,2026,9,26,12,19.900000000000002,140.3,100600.0,2026-09-26 12:00:00,2026-09-26 12:00:00,1006.0
20260926,120000,72W,30,2026,9,26,12,19.8,139.9,100400.0,2026-09-26 12:00:00,2026-09-26 12:00:00,1004.0
20260926,120000,72W,30,2026,9,26,12,19.7,139.5,100600.0,2026-09-26 12:00:00,2026-09-26 12:00:00,1006.0
20260926,120000,72W,30,2026,9,26,12,19.7,139.4,100300.0,2026-09-26 12:00:00,2026-09-26 12:00:00,1003.0
20260926,120000,72W,30,2026,9,26,12,19.5,139.0,100500.0,2026-09-26 12:00:00,2026-09-26 12:00:00,1005.0
20260926,120000,72W,30,2026,9,26,12,19.2,138.70000000000002,100400.0,2026-09-26 12:00:00,2026-09-26 12:00:00,1004.0
20260926,120000,72W,30,2026,9,26,12,18.8,138.6,100600.0,2026-09-26 12:00:00,2026-09-26 12:00:00,1006.0
20260926,120000,72W,30,2026,9,26,12,18.7,138.4,100300.0,2026-09-26 12:00:00,2026-09-26 12:00:00,1003.0
20260926,120000,72W,30,2026,9,26,12,18.1,138.5,100400.0,2026-09-26 12:00:00,2026-09-26 12:00:00,1004.0
20260926,120000,72W,30,2026,9,26,12,17.8,138.70000000000002,100100.0,2026-09-26 12:00:00,2026-09-26 12:00:00,1001.0
20260926,120000,72W,30,2026,9,26,12,17.2,138.5,100300.0,2026-09-26 12:00:00,2026-09-26 12:00:00,1003.0
20260926,120000,72W,30,2026,9,26,12,16.9,138.70000000000002,100100.0,2026-09-26 12:00:00,2026-09-26 12:00:00,1001.0
20260926,120000,72W,30,2026,9,26,12,16.6,138.5,100300.0,2026-09-26 12:00:00,2026-09-26 12:00:00,1003.0
20260926,120000,72W,30,2026,9,26,12,16.4,137.8,100000.0,2026-09-26 12:00:00,2026-09-26 12:00:00,1000.0
20260926,120000,72W,30,2026,9,26,12,16.1,137.6,99900.0,2026-09-26 12:00:00,2026-09-26 12:00:00,999.0
20260926,120000,72W,30,2026,9,26,12,15.9,137.0,99300.0,2026-09-26 12:00:00,2026-09-26 12:00:00,993.0
20260926,120000,72W,30,2026,9,26,12,15.9,136.2,99200.0,2026-09-26 12:00:00,2026-09-26 12:00:00,992.0
20260926,120000,72W,30,2026,9,26,12,15.6,134.9,98900.0,2026-09-26 12:00:00,2026-09-26 12:00:00,989.0
20260926,120000,72W,30,2026,9,26,12,15.200000000000001,133.7,99000.0,2026-09-26 12:00:00,2026-09-26 12:00:00,990.0
20260926,120000,72W,30,2026,9,26,12,14.9,132.3,98200.0,2026-09-26 12:00:00,2026-09-26 12:00:00,982.0
20260926,120000,72W,30,2026,9,26,12,14.5,131.3,98300.0,2026-09-26 12:00:00,2026-09-26 12:00:00,983.0
20260926,120000,72W,30,2026,9,26,12,14.700000000000001,130.3,97600.0,2026-09-26 12:00:00,2026-09-26 12:00:00,976.0
20260926,120000,72W,30,2026,9,26,12,14.200000000000001,129.3,97900.0,2026-09-26 12:00:00,2026-09-26 12:00:00,979.0
20260926,120000,72W,30,2026,9,26,12,14.3,128.4,97100.0,2026-09-26 12:00:00,2026-09-26 12:00:00,971.0
20260926,120000,72W,30,2026,9,26,12,14.200000000000001,127.60000000000001,96400.0,2026-09-26 12:00:00,2026-09-26 12:00:00,964.0
20260926,120000,72W,30,2026,9,26,12,14.5,126.9,95500.0,2026-09-26 12:00:00,2026-09-26 12:00:00,955.0
20260926,120000,72W,30,2026,9,26,12,14.700000000000001,126.0,95300.0,2026-09-26 12:00:00,2026-09-26 12:00:00,953.0
20260926,120000,72W,30,2026,9,26,12,14.8,125.10000000000001,94600.0,2026-09-26 12:00:00,2026-09-26 12:00:00,946.0
20260926,120000,72W,30,2026,9,26,12,15.0,124.3,94600.0,2026-09-26 12:00:00,2026-09-26 12:00:00,946.0
20260926,120000,72W,30,2026,9,26,12,15.5,123.60000000000001,93900.0,2026-09-26 12:00:00,2026-09-26 12:00:00,939.0
20260926,120000,72W,30,2026,9,26,12,15.8,122.4,93700.0,2026-09-26 12:00:00,2026-09-26 12:00:00,937.0
20260926,120000,72W,30,2026,9,26,12,15.9,121.10000000000001,96500.0,2026-09-26 12:00:00,2026-09-26 12:00:00,965.0
20260926,120000,72W,30,2026,9,26,12,16.3,119.9,97200.0,2026-09-26 12:00:00,2026-09-26 12:00:00,972.0
20260926,120000,72W,30,2026,9,26,12,16.3,118.8,96900.0,2026-09-26 12:00:00,2026-09-26 12:00:00,969.0
20260926,120000,72W,30,2026,9,26,12,16.4,118.3,97000.0,2026-09-26 12:00:00,2026-09-26 12:00:00,970.0
20260926,120000,72W,30,2026,9,26,12,16.9,117.7,96600.0,2026-09-26 12:00:00,2026-09-26 12:00:00,966.0
20260926,120000,72W,30,2026,9,26,12,17.0,117.2,96600.0,2026-09-26 12:00:00,2026-09-26 12:00:00,966.0
20260926,120000,72W,31,2026,9,26,12,15.700000000000001,156.3,101000.0,2026-09-26 12:00:00,2026-09-26 12:00:00,1010.0
20260926,120000,72W,31,2026,9,26,12,13.5,154.6,100800.0,2026-09-26 12:00:00,2026-09-26 12:00:00,1008.0
20260926,120000,72W,31,2026,9,26,12,13.0,155.8,100800.0,2026-09-26 12:00:00,2026-09-26 12:00:00,1008.0
20260926,120000,72W,31,2026,9,26,12,15.6,156.0,100900.0,2026-09-26 12:00:00,2026-09-26 12:00:00,1009.0
20260926,120000,72W,31,2026,9,26,12,14.5,154.6,100600.0,2026-09-26 12:00:00,2026-09-26 12:00:00,1006.0
20260926,120000,72W,31,2026,9,26,12,15.4,154.4,100700.0,2026-09-26 12:00:00,2026-09-26 12:00:00,1007.0
20260926,120000,72W,31,2026,9,26,12,16.0,154.1,100400.0,2026-09-26 12:00:00,2026-09-26 12:00:00,1004.0
20260926,120000,72W,31,2026,9,26,12,16.4,153.70000000000002,100500.0,2026-09-26 12:00:00,2026-09-26 12:00:00,1005.0
20260926,120000,72W,31,2026,9,26,12,17.0,153.0,100200.0,2026-09-26 12:00:00,2026-09-26 12:00:00,1002.0
20260926,120000,72W,31,2026,9,26,12,16.9,152.5,100200.0,2026-09-26 12:00:00,2026-09-26 12:00:00,1002.0
20260926,120000,72W,31,2026,9,26,12,17.1,151.70000000000002,99900.0,2026-09-26 12:00:00,2026-09-26 12:00:00,999.0
20260926,120000,72W,31,2026,9,26,12,17.3,151.20000000000002,100000.0,2026-09-26 12:00:00,2026-09-26 12:00:00,1000.0
20260926,120000,72W,31,2026,9,26,12,17.400000000000002,150.6,99500.0,2026-09-26 12:00:00,2026-09-26 12:00:00,995.0
20260926,120000,72W,31,2026,9,26,12,18.1,150.3,99400.0,2026-09-26 12:00:00,2026-09-26 12:00:00,994.0
20260926,120000,72W,31,2026,9,26,12,18.6,149.5,99300.0,2026-09-26 12:00:00,2026-09-26 12:00:00,993.0
20260926,120000,72W,31,2026,9,26,12,19.0,148.5,99400.0,2026-09-26 12:00:00,2026-09-26 12:00:00,994.0
20260926,120000,72W,31,2026,9,26,12,19.8,147.0,99300.0,2026-09-26 12:00:00,2026-09-26 12:00:00,993.0
20260926,120000,72W,31,2026,9,26,12,19.8,146.20000000000002,99500.0,2026-09-26 12:00:00,2026-09-26 12:00:00,995.0
20260926,120000,72W,31,2026,9,26,12,19.5,145.4,99100.0,2026-09-26 12:00:00,2026-09-26 12:00:00,991.0
20260926,120000,72W,31,2026,9,26,12,19.7,147.8,99000.0,2026-09-26 12:00:00,2026-09-26 12:00:00,990.0
20260926,120000,72W,31,2026,9,26,12,18.8,146.0,98000.0,2026-09-26 12:00:00,2026-09-26 12:00:00,980.0
20260926,120000,72W,31,2026,9,26,12,20.1,147.0,97900.0,2026-09-26 12:00:00,2026-09-26 12:00:00,979.0
20260926,120000,72W,31,2026,9,26,12,22.0,146.70000000000002,98100.0,2026-09-26 12:00:00,2026-09-26 12:00:00,981.0
20260926,120000,72W,31,2026,9,26,12,22.1,146.0,97500.0,2026-09-26 12:00:00,2026-09-26 12:00:00,975.0
20260926,120000,72W,31,2026,9,26,12,22.8,147.6,96600.0,2026-09-26 12:00:00,2026-09-26 12:00:00,966.0
20260926,120000,72W,31,2026,9,26,12,23.8,147.3,95300.0,2026-09-26 12:00:00,2026-09-26 12:00:00,953.0
20260926,120000,72W,31,2026,9,26,12,24.6,147.3,93600.0,2026-09-26 12:00:00,2026-09-26 12:00:00,936.0
20260926,120000,72W,31,2026,9,26,12,25.8,147.5,93200.0,2026-09-26 12:00:00,2026-09-26 12:00:00,932.0
20260926,120000,72W,31,2026,9,26,12,26.8,147.5,94000.0,2026-09-26 12:00:00,2026-09-26 12:00:00,940.0
20260926,120000,72W,31,2026,9,26,12,28.0,147.3,93700.0,2026-09-26 12:00:00,2026-09-26 12:00:00,937.0
20260926,120000,72W,31,2026,9,26,12,29.2,146.8,93700.0,2026-09-26 12:00:00,2026-09-26 12:00:00,937.0
20260926,120000,72W,31,2026,9,26,12,30.6,146.6,94400.0,2026-09-26 12:00:00,2026-09-26 12:00:00,944.0
20260926,120000,72W,31,2026,9,26,12,31.5,146.9,94400.0,2026-09-26 12:00:00,2026-09-26 12:00:00,944.0
20260926,120000,72W,31,2026,9,26,12,34.5,148.0,95100.0,2026-09-26 12:00:00,2026-09-26 12:00:00,951.0
20260926,120000,72W,31,2026,9,26,12,36.800000000000004,148.5,95300.0,2026-09-26 12:00:00,2026-09-26 12:00:00,953.0
20260926,120000,72W,31,2026,9,26,12,41.7,150.1,94700.0,2026-09-26 12:00:00,2026-09-26 12:00:00,947.0
20260926,120000,72W,31,2026,9,26,12,46.0,148.70000000000002,93700.0,2026-09-26 12:00:00,2026-09-26 12:00:00,937.0
20260926,120000,72W,31,2026,9,26,12,48.1,149.9,92800.0,2026-09-26 12:00:00,2026-09-26 12:00:00,928.0
20260926,120000,72W,31,2026,9,26,12,50.7,152.0,92700.0,2026-09-26 12:00:00,2026-09-26 12:00:00,927.0
20260926,120000,72W,32,2026,9,26,12,11.1,166.20000000000002,101200.0,2026-09-26 12:00:00,2026-09-26 12:00:00,1012.0
20260926,120000,72W,32,2026,9,26,12,12.0,167.20000000000002,100900.0,2026-09-26 12:00:00,2026-09-26 12:00:00,1009.0
20260926,120000,72W,32,2026,9,26,12,11.9,170.20000000000002,100900.0,2026-09-26 12:00:00,2026-09-26 12:00:00,1009.0
20260926,120000,72W,32,2026,9,26,12,12.700000000000001,170.20000000000002,101000.0,2026-09-26 12:00:00,2026-09-26 12:00:00,1010.0
20260926,120000,72W,32,2026,9,26,12,11.700000000000001,169.3,101000.0,2026-09-26 12:00:00,2026-09-26 12:00:00,1010.0
20260926,120000,72W,32,2026,9,26,12,11.700000000000001,167.8,100900.0,2026-09-26 12:00:00,2026-09-26 12:00:00,1009.0
20260926,120000,72W,32,2026,9,26,12,13.1,169.3,101000.0,2026-09-26 12:00:00,2026-09-26 12:00:00,1010.0
20260926,120000,72W,32,2026,9,26,12,13.1,168.1,100900.0,2026-09-26 12:00:00,2026-09-26 12:00:00,1009.0
20260926,120000,72W,32,2026,9,26,12,13.1,168.6,101000.0,2026-09-26 12:00:00,2026-09-26 12:00:00,1010.0
20260926,120000,72W,32,2026,9,26,12,12.9,167.9,101000.0,2026-09-26 12:00:00,2026-09-26 12:00:00,1010.0
20260926,120000,72W,32,2026,9,26,12,13.6,168.6,100800.0,2026-09-26 12:00:00,2026-09-26 12:00:00,1008.0
20260926,120000,72W,32,2026,9,26,12,12.8,169.5,100800.0,2026-09-26 12:00:00,2026-09-26 12:00:00,1008.0
20260926,120000,72W,32,2026,9,26,12,12.3,170.1,100900.0,2026-09-26 12:00:00,2026-09-26 12:00:00,1009.0
20260926,120000,72W,32,2026,9,26,12,12.9,170.3,100700.0,2026-09-26 12:00:00,2026-09-26 12:00:00,1007.0
20260926,120000,72W,32,2026,9,26,12,12.6,171.3,100700.0,2026-09-26 12:00:00,2026-09-26 12:00:00,1007.0
20260926,120000,72W,32,2026,9,26,12,12.6,171.20000000000002,100300.0,2026-09-26 12:00:00,2026-09-26 12:00:00,1003.0
20260926,120000,72W,32,2026,9,26,12,11.8,171.9,100300.0,2026-09-26 12:00:00,2026-09-26 12:00:00,1003.0
20260926,120000,72W,32,2026,9,26,12,11.6,172.8,99900.0,2026-09-26 12:00:00,2026-09-26 12:00:00,999.0
20260926,120000,72W,32,2026,9,26,12,11.700000000000001,173.6,99100.0,2026-09-26 12:00:00,2026-09-26 12:00:00,991.0
20260926,120000,72W,32,2026,9,26,12,11.700000000000001,174.20000000000002,98800.0,2026-09-26 12:00:00,2026-09-26 12:00:00,988.0
20260926,120000,72W,32,2026,9,26,12,12.0,174.4,97400.0,2026-09-26 12:00:00,2026-09-26 12:00:00,974.0
20260926,120000,72W,32,2026,9,26,12,12.200000000000001,174.3,96500.0,2026-09-26 12:00:00,2026-09-26 12:00:00,965.0
20260926,120000,72W,32,2026,9,26,12,12.200000000000001,174.20000000000002,96100.0,2026-09-26 12:00:00,2026-09-26 12:00:00,961.0
20260926,120000,72W,32,2026,9,26,12,12.1,174.0,95600.0,2026-09-26 12:00:00,2026-09-26 12:00:00,956.0
20260926,120000,72W,32,2026,9,26,12,12.1,173.6,95300.0,2026-09-26 12:00:00,2026-09-26 12:00:00,953.0
20260926,120000,72W,32,2026,9,26,12,12.1,173.3,95200.0,2026-09-26 12:00:00,2026-09-26 12:00:00,952.0
20260926,120000,72W,32,2026,9,26,12,11.9,172.70000000000002,95100.0,2026-09-26 12:00:00,2026-09-26 12:00:00,951.0
20260926,120000,72W,32,2026,9,26,12,11.9,172.1,94400.0,2026-09-26 12:00:00,2026-09-26 12:00:00,944.0
20260926,120000,72W,32,2026,9,26,12,12.1,171.5,93600.0,2026-09-26 12:00:00,2026-09-26 12:00:00,936.0
20260926,120000,72W,32,2026,9,26,12,12.3,170.9,93400.0,2026-09-26 12:00:00,2026-09-26 12:00:00,934.0
20260926,120000,72W,32,2026,9,26,12,13.0,169.9,94200.0,2026-09-26 12:00:00,2026-09-26 12:00:00,942.0
20260926,120000,72W,32,2026,9,26,12,13.6,168.9,94000.0,2026-09-26 12:00:00,2026-09-26 12:00:00,940.0
20260926,120000,72W,32,2026,9,26,12,14.3,167.70000000000002,93700.0,2026-09-26 12:00:00,2026-09-26 12:00:00,937.0
20260926,120000,72W,32,2026,9,26,12,15.0,166.70000000000002,93500.0,2026-09-26 12:00:00,2026-09-26 12:00:00,935.0
20260926,120000,72W,32,2026,9,26,12,15.8,165.8,92900.0,2026-09-26 12:00:00,2026-09-26 12:00:00,929.0
20260926,120000,72W,32,2026,9,26,12,16.9,165.0,93500.0,2026-09-26 12:00:00,2026-09-26 12:00:00,935.0
20260926,120000,72W,32,2026,9,26,12,17.8,164.3,93700.0,2026-09-26 12:00:00,2026-09-26 12:00:00,937.0
20260926,120000,72W,32,2026,9,26,12,19.0,163.6,93600.0,2026-09-26 12:00:00,2026-09-26 12:00:00,936.0
20260926,120000,72W,32,2026,9,26,12,20.2,162.6,93800.0,2026-09-26 12:00:00,2026-09-26 12:00:00,938.0
20260926,120000,72W,32,2026,9,26,12,21.3,162.0,93000.0,2026-09-26 12:00:00,2026-09-26 12:00:00,930.0
20260926,120000,72W,32,2026,9,26,12,22.5,161.0,92900.0,2026-09-26 12:00:00,2026-09-26 12:00:00,929.0
20260926,120000,72W,32,2026,9,26,12,23.5,160.4,92700.0,2026-09-26 12:00:00,2026-09-26 12:00:00,927.0
20260926,120000,72W,32,2026,9,26,12,24.6,159.8,93300.0,2026-09-26 12:00:00,2026-09-26 12:00:00,933.0
20260926,120000,72W,32,2026,9,26,12,26.0,159.20000000000002,93800.0,2026-09-26 12:00:00,2026-09-26 12:00:00,938.0
20260926,120000,72W,32,2026,9,26,12,27.3,158.6,94600.0,2026-09-26 12:00:00,2026-09-26 12:00:00,946.0
20260926,120000,72W,32,2026,9,26,12,28.7,158.4,95300.0,2026-09-26 12:00:00,2026-09-26 12:00:00,953.0
20260926,120000,72W,32,2026,9,26,12,30.900000000000002,157.70000000000002,95800.0,2026-09-26 12:00:00,2026-09-26 12:00:00,958.0
20260926,120000,72W,32,2026,9,26,12,32.6,157.20000000000002,96000.0,2026-09-26 12:00:00,2026-09-26 12:00:00,960.0
20260926,120000,72W,32,2026,9,26,12,34.5,157.70000000000002,96300.0,2026-09-26 12:00:00,2026-09-26 12:00:00,963.0
20260926,120000,72W,33,2026,9,26,12,13.1,151.9,100900.0,2026-09-26 12:00:00,2026-09-26 12:00:00,1009.0
20260926,120000,72W,33,2026,9,26,12,13.0,154.1,101100.0,2026-09-26 12:00:00,2026-09-26 12:00:00,1011.0
20260926,120000,72W,33,2026,9,26,12,14.5,154.20000000000002,100900.0,2026-09-26 12:00:00,2026-09-26 12:00:00,1009.0
20260926,120000,72W,33,2026,9,26,12,12.3,153.70000000000002,101100.0,2026-09-26 12:00:00,2026-09-26 12:00:00,1011.0
20260926,120000,72W,33,2026,9,26,12,13.6,155.6,101000.0,2026-09-26 12:00:00,2026-09-26 12:00:00,1010.0
20260926,120000,72W,33,2026,9,26,12,13.700000000000001,155.6,100700.0,2026-09-26 12:00:00,2026-09-26 12:00:00,1007.0
20260926,120000,72W,33,2026,9,26,12,13.700000000000001,155.9,100900.0,2026-09-26 12:00:00,2026-09-26 12:00:00,1009.0
20260926,120000,72W,33,2026,9,26,12,13.6,155.70000000000002,100600.0,2026-09-26 12:00:00,2026-09-26 12:00:00,1006.0
20260926,120000,72W,33,2026,9,26,12,13.8,155.70000000000002,100800.0,2026-09-26 12:00:00,2026-09-26 12:00:00,1008.0
20260926,120000,72W,33,2026,9,26,12,13.5,155.3,100600.0,2026-09-26 12:00:00,2026-09-26 12:00:00,1006.0
20260926,120000,72W,33,2026,9,26,12,14.0,155.3,100800.0,2026-09-26 12:00:00,2026-09-26 12:00:00,1008.0
20260926,120000,72W,33,2026,9,26,12,14.0,154.8,100500.0,2026-09-26 12:00:00,2026-09-26 12:00:00,1005.0
20260926,120000,72W,33,2026,9,26,12,14.1,154.4,100600.0,2026-09-26 12:00:00,2026-09-26 12:00:00,1006.0
20260926,120000,72W,33,2026,9,26,12,13.8,153.8,100200.0,2026-09-26 12:00:00,2026-09-26 12:00:00,1002.0
20260926,120000,72W,33,2026,9,26,12,14.200000000000001,153.70000000000002,100500.0,2026-09-26 12:00:00,2026-09-26 12:00:00,1005.0
20260926,120000,72W,33,2026,9,26,12,14.1,153.4,99900.0,2026-09-26 12:00:00,2026-09-26 12:00:00,999.0
20260926,120000,72W,33,2026,9,26,12,14.3,155.1,100300.0,2026-09-26 12:00:00,2026-09-26 12:00:00,1003.0
20260926,120000,72W,33,2026,9,26,12,14.9,155.20000000000002,100000.0,2026-09-26 12:00:00,2026-09-26 12:00:00,1000.0
20260926,120000,72W,33,2026,9,26,12,15.200000000000001,154.9,100100.0,2026-09-26 12:00:00,2026-09-26 12:00:00,1001.0
20260926,120000,72W,33,2026,9,26,12,16.1,155.3,99800.0,2026-09-26 12:00:00,2026-09-26 12:00:00,998.0
20260926,120000,72W,33,2026,9,26,12,16.1,154.4,99900.0,2026-09-26 12:00:00,2026-09-26 12:00:00,999.0
20260926,120000,72W,33,2026,9,26,12,16.4,154.6,98900.0,2026-09-26 12:00:00,2026-09-26 12:00:00,989.0
20260926,120000,72W,33,2026,9,26,12,16.7,154.5,98600.0,2026-09-26 12:00:00,2026-09-26 12:00:00,986.0
20260926,120000,72W,33,2026,9,26,12,17.0,154.6,97500.0,2026-09-26 12:00:00,2026-09-26 12:00:00,975.0
20260926,120000,72W,33,2026,9,26,12,17.3,155.3,97200.0,2026-09-26 12:00:00,2026-09-26 12:00:00,972.0
20260926,120000,72W,33,2026,9,26,12,17.400000000000002,156.0,96000.0,2026-09-26 12:00:00,2026-09-26 12:00:00,960.0
20260926,120000,72W,33,2026,9,26,12,17.8,156.0,95300.0,2026-09-26 12:00:00,2026-09-26 12:00:00,953.0
20260926,120000,72W,33,2026,9,26,12,18.2,156.3,94500.0,2026-09-26 12:00:00,2026-09-26 12:00:00,945.0
20260926,120000,72W,33,2026,9,26,12,18.5,156.20000000000002,93700.0,2026-09-26 12:00:00,2026-09-26 12:00:00,937.0
20260926,120000,72W,33,2026,9,26,12,18.8,156.0,93300.0,2026-09-26 12:00:00,2026-09-26 12:00:00,933.0
20260926,120000,72W,33,2026,9,26,12,18.8,156.0,93600.0,2026-09-26 12:00:00,2026-09-26 12:00:00,936.0
20260926,120000,72W,33,2026,9,26,12,19.2,156.0,94100.0,2026-09-26 12:00:00,2026-09-26 12:00:00,941.0
20260926,120000,72W,33,2026,9,26,12,19.7,155.6,95000.0,2026-09-26 12:00:00,2026-09-26 12:00:00,950.0
20260926,120000,72W,33,2026,9,26,12,20.3,154.8,95000.0,2026-09-26 12:00:00,2026-09-26 12:00:00,950.0
20260926,120000,72W,33,2026,9,26,12,20.7,153.9,95000.0,2026-09-26 12:00:00,2026-09-26 12:00:00,950.0
20260926,120000,72W,33,2026,9,26,12,21.1,152.8,94600.0,2026-09-26 12:00:00,2026-09-26 12:00:00,946.0
20260926,120000,72W,33,2026,9,26,12,21.400000000000002,151.5,94400.0,2026-09-26 12:00:00,2026-09-26 12:00:00,944.0
20260926,120000,72W,33,2026,9,26,12,21.8,150.0,94400.0,2026-09-26 12:00:00,2026-09-26 12:00:00,944.0
20260926,120000,72W,33,2026,9,26,12,22.1,148.5,94600.0,2026-09-26 12:00:00,2026-09-26 12:00:00,946.0
20260926,120000,72W,33,2026,9,26,12,22.6,147.1,94400.0,2026-09-26 12:00:00,2026-09-26 12:00:00,944.0
20260926,120000,72W,33,2026,9,26,12,23.2,145.6,94300.0,2026-09-26 12:00:00,2026-09-26 12:00:00,943.0
20260926,120000,72W,33,2026,9,26,12,23.7,144.5,93900.0,2026-09-26 12:00:00,2026-09-26 12:00:00,939.0
20260926,120000,72W,33,2026,9,26,12,24.5,143.70000000000002,94300.0,2026-09-26 12:00:00,2026-09-26 12:00:00,943.0
20260926,120000,72W,33,2026,9,26,12,25.6,143.20000000000002,94500.0,2026-09-26 12:00:00,2026-09-26 12:00:00,945.0
20260926,120000,72W,33,2026,9,26,12,26.6,142.5,94800.0,2026-09-26 12:00:00,2026-09-26 12:00:00,948.0
20260926,120000,72W,33,2026,9,26,12,27.6,142.4,94900.0,2026-09-26 12:00:00,2026-09-26 12:00:00,949.0
20260926,120000,72W,33,2026,9,26,12,28.5,142.8,95100.0,2026-09-26 12:00:00,2026-09-26 12:00:00,951.0
20260926,120000,72W,33,2026,9,26,12,29.7,143.8,95000.0,2026-09-26 12:00:00,2026-09-26 12:00:00,950.0
20260926,120000,72W,33,2026,9,26,12,31.1,145.4,95100.0,2026-09-26 12:00:00,2026-09-26 12:00:00,951.0
20260926,120000,72W,33,2026,9,26,12,33.0,147.3,95100.0,2026-09-26 12:00:00,2026-09-26 12:00:00,951.0
20260926,120000,72W,33,2026,9,26,12,34.6,149.5,95400.0,2026-09-26 12:00:00,2026-09-26 12:00:00,954.0
20260926,120000,72W,33,2026,9,26,12,37.0,152.1,95400.0,2026-09-26 12:00:00,2026-09-26 12:00:00,954.0
20260926,120000,72W,33,2026,9,26,12,38.800000000000004,154.9,95400.0,2026-09-26 12:00:00,2026-09-26 12:00:00,954.0
20260926,120000,72W,33,2026,9,26,12,41.1,157.70000000000002,95000.0,2026-09-26 12:00:00,2026-09-26 12:00:00,950.0
20260926,120000,72W,33,2026,9,26,12,42.300000000000004,160.70000000000002,94600.0,2026-09-26 12:00:00,2026-09-26 12:00:00,946.0
20260926,120000,72W,33,2026,9,26,12,44.300000000000004,164.0,94400.0,2026-09-26 12:00:00,2026-09-26 12:00:00,944.0
20260926,120000,72W,33,2026,9,26,12,46.2,167.0,94700.0,2026-09-26 12:00:00,2026-09-26 12:00:00,947.0
20260926,120000,72W,34,2026,9,26,12,10.9,172.0,101100.0,2026-09-26 12:00:00,2026-09-26 12:00:00,1011.0
20260926,120000,72W,34,2026,9,26,12,11.5,170.3,100800.0,2026-09-26 12:00:00,2026-09-26 12:00:00,1008.0
20260926,120000,72W,34,2026,9,26,12,11.6,167.70000000000002,100900.0,2026-09-26 12:00:00,2026-09-26 12:00:00,1009.0
20260926,120000,72W,34,2026,9,26,12,12.3,169.0,100900.0,2026-09-26 12:00:00,2026-09-26 12:00:00,1009.0
20260926,120000,72W,34,2026,9,26,12,13.9,169.4,101000.0,2026-09-26 12:00:00,2026-09-26 12:00:00,1010.0
20260926,120000,72W,34,2026,9,26,12,12.6,169.70000000000002,100900.0,2026-09-26 12:00:00,2026-09-26 12:00:00,1009.0
20260926,120000,72W,34,2026,9,26,12,11.200000000000001,170.8,101000.0,2026-09-26 12:00:00,2026-09-26 12:00:00,1010.0
20260926,120000,72W,34,2026,9,26,12,9.8,172.4,100900.0,2026-09-26 12:00:00,2026-09-26 12:00:00,1009.0
20260926,120000,72W,34,2026,9,26,12,9.6,173.8,101000.0,2026-09-26 12:00:00,2026-09-26 12:00:00,1010.0
20260926,120000,72W,34,2026,9,26,12,12.0,173.8,100900.0,2026-09-26 12:00:00,2026-09-26 12:00:00,1009.0
20260926,120000,72W,34,2026,9,26,12,9.5,176.3,100900.0,2026-09-26 12:00:00,2026-09-26 12:00:00,1009.0
20260926,120000,72W,34,2026,9,26,12,9.6,176.3,100800.0,2026-09-26 12:00:00,2026-09-26 12:00:00,1008.0
20260926,120000,72W,34,2026,9,26,12,8.8,177.4,100700.0,2026-09-26 12:00:00,2026-09-26 12:00:00,1007.0
20260926,120000,72W,34,2026,9,26,12,9.3,176.9,100700.0,2026-09-26 12:00:00,2026-09-26 12:00:00,1007.0
20260926,120000,72W,34,2026,9,26,12,9.5,178.1,100500.0,2026-09-26 12:00:00,2026-09-26 12:00:00,1005.0
20260926,120000,72W,34,2026,9,26,12,9.5,178.4,100300.0,2026-09-26 12:00:00,2026-09-26 12:00:00,1003.0
20260926,120000,72W,34,2026,9,26,12,10.0,178.6,99500.0,2026-09-26 12:00:00,2026-09-26 12:00:00,995.0
20260926,120000,72W,34,2026,9,26,12,10.5,178.1,99000.0,2026-09-26 12:00:00,2026-09-26 12:00:00,990.0
20260926,120000,72W,34,2026,9,26,12,11.0,177.6,98600.0,2026-09-26 12:00:00,2026-09-26 12:00:00,986.0
20260926,120000,72W,34,2026,9,26,12,11.3,177.0,99000.0,2026-09-26 12:00:00,2026-09-26 12:00:00,990.0
20260926,120000,72W,34,2026,9,26,12,11.6,176.20000000000002,98200.0,2026-09-26 12:00:00,2026-09-26 12:00:00,982.0
20260926,120000,72W,34,2026,9,26,12,11.5,175.3,98300.0,2026-09-26 12:00:00,2026-09-26 12:00:00,983.0
20260926,120000,72W,34,2026,9,26,12,10.9,174.70000000000002,97800.0,2026-09-26 12:00:00,2026-09-26 12:00:00,978.0
20260926,120000,72W,34,2026,9,26,12,10.5,174.3,97900.0,2026-09-26 12:00:00,2026-09-26 12:00:00,979.0
20260926,120000,72W,34,2026,9,26,12,10.200000000000001,173.8,97700.0,2026-09-26 12:00:00,2026-09-26 12:00:00,977.0
20260926,120000,72W,34,2026,9,26,12,10.0,173.3,98300.0,2026-09-26 12:00:00,2026-09-26 12:00:00,983.0
20260926,120000,72W,34,2026,9,26,12,9.1,172.8,97200.0,2026-09-26 12:00:00,2026-09-26 12:00:00,972.0
20260926,120000,72W,34,2026,9,26,12,8.9,172.6,96800.0,2026-09-26 12:00:00,2026-09-26 12:00:00,968.0
20260926,120000,72W,34,2026,9,26,12,8.9,172.4,95700.0,2026-09-26 12:00:00,2026-09-26 12:00:00,957.0
20260926,120000,72W,34,2026,9,26,12,9.200000000000001,171.70000000000002,96400.0,2026-09-26 12:00:00,2026-09-26 12:00:00,964.0
20260926,120000,72W,34,2026,9,26,12,9.200000000000001,171.20000000000002,95300.0,2026-09-26 12:00:00,2026-09-26 12:00:00,953.0
20260926,120000,72W,34,2026,9,26,12,9.4,170.5,95900.0,2026-09-26 12:00:00,2026-09-26 12:00:00,959.0
20260926,120000,72W,34,2026,9,26,12,9.8,170.0,95600.0,2026-09-26 12:00:00,2026-09-26 12:00:00,956.0
20260926,120000,72W,34,2026,9,26,12,10.200000000000001,169.4,95700.0,2026-09-26 12:00:00,2026-09-26 12:00:00,957.0
20260926,120000,72W,34,2026,9,26,12,10.9,169.1,95400.0,2026-09-26 12:00:00,2026-09-26 12:00:00,954.0
20260926,120000,72W,34,2026,9,26,12,11.8,168.4,95200.0,2026-09-26 12:00:00,2026-09-26 12:00:00,952.0
20260926,120000,72W,34,2026,9,26,12,12.6,167.70000000000002,94300.0,2026-09-26 12:00:00,2026-09-26 12:00:00,943.0
20260926,120000,72W,34,2026,9,26,12,13.6,166.70000000000002,93300.0,2026-09-26 12:00:00,2026-09-26 12:00:00,933.0
20260926,120000,72W,34,2026,9,26,12,14.3,166.0,92300.0,2026-09-26 12:00:00,2026-09-26 12:00:00,923.0
20260926,120000,72W,34,2026,9,26,12,15.3,165.4,92000.0,2026-09-26 12:00:00,2026-09-26 12:00:00,920.0
20260926,120000,72W,34,2026,9,26,12,16.4,164.8,92100.0,2026-09-26 12:00:00,2026-09-26 12:00:00,921.0
20260926,120000,72W,34,2026,9,26,12,17.8,163.6,92400.0,2026-09-26 12:00:00,2026-09-26 12:00:00,924.0
20260926,120000,72W,34,2026,9,26,12,19.0,162.0,93000.0,2026-09-26 12:00:00,2026-09-26 12:00:00,930.0
20260926,120000,72W,34,2026,9,26,12,19.8,160.5,93800.0,2026-09-26 12:00:00,2026-09-26 12:00:00,938.0
20260926,120000,72W,34,2026,9,26,12,20.7,159.8,93900.0,2026-09-26 12:00:00,2026-09-26 12:00:00,939.0
20260926,120000,72W,34,2026,9,26,12,21.6,159.1,94300.0,2026-09-26 12:00:00,2026-09-26 12:00:00,943.0
20260926,120000,72W,35,2026,9,26,12,11.3,145.4,100500.0,2026-09-26 12:00:00,2026-09-26 12:00:00,1005.0
20260926,120000,72W,35,2026,9,26,12,11.4,146.1,100700.0,2026-09-26 12:00:00,2026-09-26 12:00:00,1007.0
20260926,120000,72W,35,2026,9,26,12,11.6,146.8,100400.0,2026-09-26 12:00:00,2026-09-26 12:00:00,1004.0
20260926,120000,72W,35,2026,9,26,12,11.9,147.70000000000002,100700.0,2026-09-26 12:00:00,2026-09-26 12:00:00,1007.0
20260926,120000,72W,35,2026,9,26,12,12.0,148.70000000000002,100300.0,2026-09-26 12:00:00,2026-09-26 12:00:00,1003.0
20260926,120000,72W,36,2026,9,26,12,10.0,171.70000000000002,100900.0,2026-09-26 12:00:00,2026-09-26 12:00:00,1009.0
20260926,120000,72W,36,2026,9,26,12,7.9,173.1,100700.0,2026-09-26 12:00:00,2026-09-26 12:00:00,1007.0
20260926,120000,72W,36,2026,9,26,12,9.9,174.20000000000002,100700.0,2026-09-26 12:00:00,2026-09-26 12:00:00,1007.0
20260926,120000,72W,36,2026,9,26,12,9.6,173.70000000000002,100700.0,2026-09-26 12:00:00,2026-09-26 12:00:00,1007.0
20260926,120000,72W,36,2026,9,26,12,11.1,173.1,100700.0,2026-09-26 12:00:00,2026-09-26 12:00:00,1007.0
20260926,120000,72W,36,2026,9,26,12,11.3,174.0,100800.0,2026-09-26 12:00:00,2026-09-26 12:00:00,1008.0
20260926,120000,72W,36,2026,9,26,12,11.5,174.0,100700.0,2026-09-26 12:00:00,2026-09-26 12:00:00,1007.0
20260926,120000,72W,36,2026,9,26,12,12.1,173.4,100800.0,2026-09-26 12:00:00,2026-09-26 12:00:00,1008.0
20260926,120000,72W,36,2026,9,26,12,12.8,172.6,100800.0,2026-09-26 12:00:00,2026-09-26 12:00:00,1008.0
20260926,120000,72W,36,2026,9,26,12,13.1,171.8,100900.0,2026-09-26 12:00:00,2026-09-26 12:00:00,1009.0
20260926,120000,72W,36,2026,9,26,12,12.6,171.70000000000002,100800.0,2026-09-26 12:00:00,2026-09-26 12:00:00,1008.0
20260926,120000,72W,36,2026,9,26,12,12.9,171.0,100900.0,2026-09-26 12:00:00,2026-09-26 12:00:00,1009.0
20260926,120000,72W,36,2026,9,26,12,12.1,170.8,100400.0,2026-09-26 12:00:00,2026-09-26 12:00:00,1004.0
20260926,120000,72W,36,2026,9,26,12,11.700000000000001,169.9,99600.0,2026-09-26 12:00:00,2026-09-26 12:00:00,996.0
20260926,120000,72W,36,2026,9,26,12,11.200000000000001,169.3,99300.0,2026-09-26 12:00:00,2026-09-26 12:00:00,993.0
20260926,120000,72W,36,2026,9,26,12,11.200000000000001,168.8,99000.0,2026-09-26 12:00:00,2026-09-26 12:00:00,990.0
20260926,120000,72W,36,2026,9,26,12,11.1,168.6,98900.0,2026-09-26 12:00:00,2026-09-26 12:00:00,989.0
20260926,120000,72W,36,2026,9,26,12,11.3,168.3,98700.0,2026-09-26 12:00:00,2026-09-26 12:00:00,987.0
20260926,120000,72W,36,2026,9,26,12,11.700000000000001,168.20000000000002,98800.0,2026-09-26 12:00:00,2026-09-26 12:00:00,988.0
20260926,120000,72W,36,2026,9,26,12,12.4,168.20000000000002,99500.0,2026-09-26 12:00:00,2026-09-26 12:00:00,995.0
20260926,120000,72W,36,2026,9,26,12,14.5,166.5,100000.0,2026-09-26 12:00:00,2026-09-26 12:00:00,1000.0
20260926,120000,72W,37,2026,9,26,12,12.8,165.3,101000.0,2026-09-26 12:00:00,2026-09-26 12:00:00,1010.0
20260926,120000,72W,37,2026,9,26,12,15.5,164.4,101000.0,2026-09-26 12:00:00,2026-09-26 12:00:00,1010.0
20260926,120000,72W,37,2026,9,26,12,14.700000000000001,166.0,101000.0,2026-09-26 12:00:00,2026-09-26 12:00:00,1010.0
20260926,120000,72W,37,2026,9,26,12,14.5,168.4,100900.0,2026-09-26 12:00:00,2026-09-26 12:00:00,1009.0
20260926,120000,72W,37,2026,9,26,12,13.0,168.0,100800.0,2026-09-26 12:00:00,2026-09-26 12:00:00,1008.0
20260926,120000,72W,37,2026,9,26,12,13.3,169.6,100800.0,2026-09-26 12:00:00,2026-09-26 12:00:00,1008.0
20260926,120000,72W,37,2026,9,26,12,13.3,169.4,100800.0,2026-09-26 12:00:00,2026-09-26 12:00:00,1008.0
20260926,120000,72W,37,2026,9,26,12,15.0,168.3,100800.0,2026-09-26 12:00:00,2026-09-26 12:00:00,1008.0
20260926,120000,72W,37,2026,9,26,12,14.700000000000001,168.20000000000002,100800.0,2026-09-26 12:00:00,2026-09-26 12:00:00,1008.0
20260926,120000,72W,37,2026,9,26,12,14.9,167.9,100700.0,2026-09-26 12:00:00,2026-09-26 12:00:00,1007.0
20260926,120000,72W,37,2026,9,26,12,14.700000000000001,167.5,100900.0,2026-09-26 12:00:00,2026-09-26 12:00:00,1009.0
20260926,120000,72W,37,2026,9,26,12,14.700000000000001,167.5,100700.0,2026-09-26 12:00:00,2026-09-26 12:00:00,1007.0
20260926,120000,72W,37,2026,9,26,12,15.0,166.70000000000002,100800.0,2026-09-26 12:00:00,2026-09-26 12:00:00,1008.0
20260926,120000,72W,37,2026,9,26,12,14.700000000000001,166.1,100600.0,2026-09-26 12:00:00,2026-09-26 12:00:00,1006.0
20260926,120000,72W,37,2026,9,26,12,14.4,165.8,100800.0,2026-09-26 12:00:00,2026-09-26 12:00:00,1008.0
20260926,120000,72W,37,2026,9,26,12,14.4,165.6,100600.0,2026-09-26 12:00:00,2026-09-26 12:00:00,1006.0
20260926,120000,72W,37,2026,9,26,12,14.0,165.4,100700.0,2026-09-26 12:00:00,2026-09-26 12:00:00,1007.0
20260926,120000,72W,37,2026,9,26,12,13.4,165.1,100500.0,2026-09-26 12:00:00,2026-09-26 12:00:00,1005.0
20260926,120000,72W,37,2026,9,26,12,13.8,165.3,100600.0,2026-09-26 12:00:00,2026-09-26 12:00:00,1006.0
20260926,120000,72W,37,2026,9,26,12,13.3,165.1,100300.0,2026-09-26 12:00:00,2026-09-26 12:00:00,1003.0
20260926,120000,72W,37,2026,9,26,12,13.1,165.5,100400.0,2026-09-26 12:00:00,2026-09-26 12:00:00,1004.0
20260926,120000,72W,37,2026,9,26,12,13.6,165.3,100300.0,2026-09-26 12:00:00,2026-09-26 12:00:00,1003.0
20260926,120000,72W,37,2026,9,26,12,14.1,165.1,100400.0,2026-09-26 12:00:00,2026-09-26 12:00:00,1004.0
20260926,120000,72W,37,2026,9,26,12,15.0,165.5,100300.0,2026-09-26 12:00:00,2026-09-26 12:00:00,1003.0
20260926,120000,72W,37,2026,9,26,12,15.5,164.6,100400.0,2026-09-26 12:00:00,2026-09-26 12:00:00,1004.0
20260926,120000,72W,37,2026,9,26,12,16.4,163.5,100200.0,2026-09-26 12:00:00,2026-09-26 12:00:00,1002.0
20260926,120000,72W,37,2026,9,26,12,16.9,162.0,100400.0,2026-09-26 12:00:00,2026-09-26 12:00:00,1004.0
20260926,120000,72W,37,2026,9,26,12,16.3,160.6,100200.0,2026-09-26 12:00:00,2026-09-26 12:00:00,1002.0
20260926,120000,72W,37,2026,9,26,12,16.9,160.1,100400.0,2026-09-26 12:00:00,2026-09-26 12:00:00,1004.0
20260926,120000,72W,37,2026,9,26,12,17.400000000000002,158.6,100100.0,2026-09-26 12:00:00,2026-09-26 12:00:00,1001.0
20260926,120000,72W,37,2026,9,26,12,17.1,156.8,100300.0,2026-09-26 12:00:00,2026-09-26 12:00:00,1003.0
20260926,120000,72W,37,2026,9,26,12,17.2,156.1,100000.0,2026-09-26 12:00:00,2026-09-26 12:00:00,1000.0
20260926,120000,72W,37,2026,9,26,12,17.3,154.4,100100.0,2026-09-26 12:00:00,2026-09-26 12:00:00,1001.0
20260926,120000,72W,37,2026,9,26,12,16.7,153.4,99800.0,2026-09-26 12:00:00,2026-09-26 12:00:00,998.0
20260926,120000,72W,37,2026,9,26,12,16.6,152.4,100000.0,2026-09-26 12:00:00,2026-09-26 12:00:00,1000.0
20260926,120000,72W,37,2026,9,26,12,16.4,152.1,99600.0,2026-09-26 12:00:00,2026-09-26 12:00:00,996.0
20260926,120000,72W,37,2026,9,26,12,16.7,152.5,99700.0,2026-09-26 12:00:00,2026-09-26 12:00:00,997.0
20260926,120000,72W,37,2026,9,26,12,17.8,153.20000000000002,99300.0,2026-09-26 12:00:00,2026-09-26 12:00:00,993.0
20260926,120000,72W,37,2026,9,26,12,19.2,153.3,99400.0,2026-09-26 12:00:00,2026-09-26 12:00:00,994.0
20260926,120000,72W,37,2026,9,26,12,20.6,152.8,99100.0,2026-09-26 12:00:00,2026-09-26 12:00:00,991.0
20260926,120000,72W,37,2026,9,26,12,21.8,151.70000000000002,99200.0,2026-09-26 12:00:00,2026-09-26 12:00:00,992.0
20260926,120000,72W,37,2026,9,26,12,22.5,151.1,98900.0,2026-09-26 12:00:00,2026-09-26 12:00:00,989.0
20260926,120000,72W,37,2026,9,26,12,23.3,150.9,99100.0,2026-09-26 12:00:00,2026-09-26 12:00:00,991.0
20260926,120000,72W,37,2026,9,26,12,24.3,150.5,98900.0,2026-09-26 12:00:00,2026-09-26 12:00:00,989.0
20260926,120000,72W,37,2026,9,26,12,25.2,150.6,99000.0,2026-09-26 12:00:00,2026-09-26 12:00:00,990.0
20260926,120000,72W,37,2026,9,26,12,26.0,151.20000000000002,98700.0,2026-09-26 12:00:00,2026-09-26 12:00:00,987.0
20260926,120000,72W,37,2026,9,26,12,26.7,152.1,98900.0,2026-09-26 12:00:00,2026-09-26 12:00:00,989.0
20260926,120000,72W,37,2026,9,26,12,27.8,153.0,98900.0,2026-09-26 12:00:00,2026-09-26 12:00:00,989.0
20260926,120000,72W,37,2026,9,26,12,28.900000000000002,153.8,99200.0,2026-09-26 12:00:00,2026-09-26 12:00:00,992.0
20260926,120000,72W,37,2026,9,26,12,30.400000000000002,154.8,99300.0,2026-09-26 12:00:00,2026-09-26 12:00:00,993.0
20260926,120000,72W,37,2026,9,26,12,32.3,156.3,99500.0,2026-09-26 12:00:00,2026-09-26 12:00:00,995.0
20260926,120000,72W,38,2026,9,26,12,11.4,164.9,101000.0,2026-09-26 12:00:00,2026-09-26 12:00:00,1010.0
20260926,120000,72W,38,2026,9,26,12,12.1,165.20000000000002,101000.0,2026-09-26 12:00:00,2026-09-26 12:00:00,1010.0
20260926,120000,72W,38,2026,9,26,12,12.8,164.0,100900.0,2026-09-26 12:00:00,2026-09-26 12:00:00,1009.0
20260926,120000,72W,38,2026,9,26,12,12.1,164.70000000000002,101000.0,2026-09-26 12:00:00,2026-09-26 12:00:00,1010.0
20260926,120000,72W,38,2026,9,26,12,12.9,164.5,100800.0,2026-09-26 12:00:00,2026-09-26 12:00:00,1008.0
20260926,120000,72W,38,2026,9,26,12,13.3,165.20000000000002,101000.0,2026-09-26 12:00:00,2026-09-26 12:00:00,1010.0
20260926,120000,72W,38,2026,9,26,12,13.700000000000001,164.6,100900.0,2026-09-26 12:00:00,2026-09-26 12:00:00,1009.0
20260926,120000,72W,38,2026,9,26,12,13.200000000000001,163.9,101000.0,2026-09-26 12:00:00,2026-09-26 12:00:00,1010.0
20260926,120000,72W,38,2026,9,26,12,14.1,162.6,100800.0,2026-09-26 12:00:00,2026-09-26 12:00:00,1008.0
20260926,120000,72W,38,2026,9,26,12,14.3,163.20000000000002,100900.0,2026-09-26 12:00:00,2026-09-26 12:00:00,1009.0
20260926,120000,72W,38,2026,9,26,12,13.8,162.0,100700.0,2026-09-26 12:00:00,2026-09-26 12:00:00,1007.0
20260926,120000,72W,38,2026,9,26,12,13.9,161.4,100800.0,2026-09-26 12:00:00,2026-09-26 12:00:00,1008.0
20260926,120000,72W,38,2026,9,26,12,13.4,161.70000000000002,100600.0,2026-09-26 12:00:00,2026-09-26 12:00:00,1006.0
20260926,120000,72W,38,2026,9,26,12,12.4,161.8,100700.0,2026-09-26 12:00:00,2026-09-26 12:00:00,1007.0
20260926,120000,72W,38,2026,9,26,12,12.0,162.3,100400.0,2026-09-26 12:00:00,2026-09-26 12:00:00,1004.0
20260926,120000,72W,38,2026,9,26,12,11.700000000000001,162.4,100500.0,2026-09-26 12:00:00,2026-09-26 12:00:00,1005.0
20260926,120000,72W,38,2026,9,26,12,11.3,163.20000000000002,100300.0,2026-09-26 12:00:00,2026-09-26 12:00:00,1003.0
20260926,120000,72W,38,2026,9,26,12,11.0,164.1,100400.0,2026-09-26 12:00:00,2026-09-26 12:00:00,1004.0
20260926,120000,72W,38,2026,9,26,12,12.0,164.8,100100.0,2026-09-26 12:00:00,2026-09-26 12:00:00,1001.0
20260926,120000,72W,38,2026,9,26,12,13.3,165.20000000000002,100300.0,2026-09-26 12:00:00,2026-09-26 12:00:00,1003.0
20260926,120000,72W,38,2026,9,26,12,14.3,164.8,100000.0,2026-09-26 12:00:00,2026-09-26 12:00:00,1000.0
20260926,120000,72W,38,2026,9,26,12,14.9,164.1,99900.0,2026-09-26 12:00:00,2026-09-26 12:00:00,999.0
20260926,120000,72W,38,2026,9,26,12,15.700000000000001,163.3,99700.0,2026-09-26 12:00:00,2026-09-26 12:00:00,997.0
20260926,120000,72W,38,2026,9,26,12,16.4,162.4,99900.0,2026-09-26 12:00:00,2026-09-26 12:00:00,999.0
20260926,120000,72W,38,2026,9,26,12,16.9,161.20000000000002,99700.0,2026-09-26 12:00:00,2026-09-26 12:00:00,997.0
20260926,120000,72W,38,2026,9,26,12,17.5,160.1,99700.0,2026-09-26 12:00:00,2026-09-26 12:00:00,997.0
20260926,120000,72W,38,2026,9,26,12,18.1,158.6,99600.0,2026-09-26 12:00:00,2026-09-26 12:00:00,996.0
20260926,120000,72W,38,2026,9,26,12,18.3,157.20000000000002,99700.0,2026-09-26 12:00:00,2026-09-26 12:00:00,997.0
20260926,120000,72W,38,2026,9,26,12,18.5,155.6,99400.0,2026-09-26 12:00:00,2026-09-26 12:00:00,994.0
20260926,120000,72W,38,2026,9,26,12,18.5,153.4,99600.0,2026-09-26 12:00:00,2026-09-26 12:00:00,996.0
20260926,120000,72W,38,2026,9,26,12,17.900000000000002,151.70000000000002,99400.0,2026-09-26 12:00:00,2026-09-26 12:00:00,994.0
20260926,120000,72W,38,2026,9,26,12,17.5,150.6,99600.0,2026-09-26 12:00:00,2026-09-26 12:00:00,996.0
20260926,120000,72W,38,2026,9,26,12,16.7,149.5,99200.0,2026-09-26 12:00:00,2026-09-26 12:00:00,992.0
20260926,120000,72W,38,2026,9,26,12,16.4,149.20000000000002,99400.0,2026-09-26 12:00:00,2026-09-26 12:00:00,994.0
20260926,120000,72W,38,2026,9,26,12,16.3,149.6,99200.0,2026-09-26 12:00:00,2026-09-26 12:00:00,992.0
20260926,120000,72W,38,2026,9,26,12,17.1,149.9,99600.0,2026-09-26 12:00:00,2026-09-26 12:00:00,996.0
20260926,120000,72W,38,2026,9,26,12,18.5,148.5,99600.0,2026-09-26 12:00:00,2026-09-26 12:00:00,996.0
20260926,120000,72W,38,2026,9,26,12,18.400000000000002,147.0,99900.0,2026-09-26 12:00:00,2026-09-26 12:00:00,999.0
20260926,120000,72W,38,2026,9,26,12,18.0,145.5,99700.0,2026-09-26 12:00:00,2026-09-26 12:00:00,997.0
20260926,120000,72W,38,2026,9,26,12,18.0,145.6,99800.0,2026-09-26 12:00:00,2026-09-26 12:00:00,998.0
20260926,120000,72W,38,2026,9,26,12,18.7,145.3,99600.0,2026-09-26 12:00:00,2026-09-26 12:00:00,996.0
20260926,120000,72W,38,2026,9,26,12,18.400000000000002,144.4,99800.0,2026-09-26 12:00:00,2026-09-26 12:00:00,998.0
20260926,120000,72W,38,2026,9,26,12,18.3,144.4,99600.0,2026-09-26 12:00:00,2026-09-26 12:00:00,996.0
20260926,120000,72W,38,2026,9,26,12,18.6,144.0,99900.0,2026-09-26 12:00:00,2026-09-26 12:00:00,999.0
20260926,120000,72W,39,2026,9,26,12,8.1,163.1,100900.0,2026-09-26 12:00:00,2026-09-26 12:00:00,1009.0
20260926,120000,72W,39,2026,9,26,12,10.700000000000001,164.1,101000.0,2026-09-26 12:00:00,2026-09-26 12:00:00,1010.0
20260926,120000,72W,39,2026,9,26,12,10.0,165.8,100800.0,2026-09-26 12:00:00,2026-09-26 12:00:00,1008.0
20260926,120000,72W,40,2026,9,26,12,11.9,163.70000000000002,100800.0,2026-09-26 12:00:00,2026-09-26 12:00:00,1008.0
20260926,120000,72W,40,2026,9,26,12,11.200000000000001,163.5,101000.0,2026-09-26 12:00:00,2026-09-26 12:00:00,1010.0
20260926,120000,72W,40,2026,9,26,12,12.0,163.0,100900.0,2026-09-26 12:00:00,2026-09-26 12:00:00,1009.0
20260926,120000,72W,40,2026,9,26,12,12.4,163.4,101000.0,2026-09-26 12:00:00,2026-09-26 12:00:00,1010.0
20260926,120000,72W,40,2026,9,26,12,13.1,163.5,100700.0,2026-09-26 12:00:00,2026-09-26 12:00:00,1007.0
20260926,120000,72W,40,2026,9,26,12,13.5,163.1,100800.0,2026-09-26 12:00:00,2026-09-26 12:00:00,1008.0
20260926,120000,72W,40,2026,9,26,12,13.8,162.5,100600.0,2026-09-26 12:00:00,2026-09-26 12:00:00,1006.0
20260926,120000,72W,40,2026,9,26,12,14.0,161.4,100700.0,2026-09-26 12:00:00,2026-09-26 12:00:00,1007.0
20260926,120000,72W,40,2026,9,26,12,14.5,161.8,100500.0,2026-09-26 12:00:00,2026-09-26 12:00:00,1005.0
20260926,120000,72W,40,2026,9,26,12,15.200000000000001,161.3,100500.0,2026-09-26 12:00:00,2026-09-26 12:00:00,1005.0
20260926,120000,72W,40,2026,9,26,12,15.700000000000001,160.0,100100.0,2026-09-26 12:00:00,2026-09-26 12:00:00,1001.0
20260926,120000,72W,40,2026,9,26,12,15.9,158.5,100200.0,2026-09-26 12:00:00,2026-09-26 12:00:00,1002.0
20260926,120000,72W,41,2026,9,26,12,13.700000000000001,156.70000000000002,100900.0,2026-09-26 12:00:00,2026-09-26 12:00:00,1009.0
20260926,120000,72W,41,2026,9,26,12,14.1,156.3,100900.0,2026-09-26 12:00:00,2026-09-26 12:00:00,1009.0
20260926,120000,72W,41,2026,9,26,12,14.5,155.3,101100.0,2026-09-26 12:00:00,2026-09-26 12:00:00,1011.0
20260926,120000,72W,41,2026,9,26,12,14.5,156.4,100800.0,2026-09-26 12:00:00,2026-09-26 12:00:00,1008.0
20260926,120000,72W,41,2026,9,26,12,17.8,157.5,101000.0,2026-09-26 12:00:00,2026-09-26 12:00:00,1010.0
20260926,120000,72W,41,2026,9,26,12,17.400000000000002,157.9,100800.0,2026-09-26 12:00:00,2026-09-26 12:00:00,1008.0
20260926,120000,72W,42,2026,9,26,12,18.400000000000002,166.0,101100.0,2026-09-26 12:00:00,2026-09-26 12:00:00,1011.0
20260926,120000,72W,42,2026,9,26,12,15.8,165.0,101100.0,2026-09-26 12:00:00,2026-09-26 12:00:00,1011.0
20260926,120000,72W,42,2026,9,26,12,14.0,166.70000000000002,100900.0,2026-09-26 12:00:00,2026-09-26 12:00:00,1009.0
20260926,120000,72W,42,2026,9,26,12,12.1,166.70000000000002,100800.0,2026-09-26 12:00:00,2026-09-26 12:00:00,1008.0
20260926,120000,72W,42,2026,9,26,12,10.700000000000001,167.6,100800.0,2026-09-26 12:00:00,2026-09-26 12:00:00,1008.0
20260926,120000,72W,42,2026,9,26,12,11.4,168.0,100900.0,2026-09-26 12:00:00,2026-09-26 12:00:00,1009.0
20260926,120000,72W,42,2026,9,26,12,11.9,168.4,100900.0,2026-09-26 12:00:00,2026-09-26 12:00:00,1009.0
20260926,120000,72W,42,2026,9,26,12,13.1,166.5,100800.0,2026-09-26 12:00:00,2026-09-26 12:00:00,1008.0
20260926,120000,72W,42,2026,9,26,12,12.200000000000001,165.70000000000002,100700.0,2026-09-26 12:00:00,2026-09-26 12:00:00,1007.0
20260926,120000,72W,42,2026,9,26,12,14.200000000000001,166.6,100900.0,2026-09-26 12:00:00,2026-09-26 12:00:00,1009.0
20260926,120000,72W,42,2026,9,26,12,16.4,164.1,100800.0,2026-09-26 12:00:00,2026-09-26 12:00:00,1008.0
20260926,120000,72W,42,2026,9,26,12,15.1,164.4,100900.0,2026-09-26 12:00:00,2026-09-26 12:00:00,1009.0
20260926,120000,72W,42,2026,9,26,12,15.700000000000001,160.0,100800.0,2026-09-26 12:00:00,2026-09-26 12:00:00,1008.0
20260926,120000,72W,42,2026,9,26,12,13.9,160.8,100500.0,2026-09-26 12:00:00,2026-09-26 12:00:00,1005.0
20260926,120000,72W,42,2026,9,26,12,15.5,161.4,100700.0,2026-09-26 12:00:00,2026-09-26 12:00:00,1007.0
20260926,120000,72W,42,2026,9,26,12,16.0,160.8,100400.0,2026-09-26 12:00:00,2026-09-26 12:00:00,1004.0
20260926,120000,72W,42,2026,9,26,12,16.2,160.3,100400.0,2026-09-26 12:00:00,2026-09-26 12:00:00,1004.0
20260926,120000,72W,42,2026,9,26,12,16.5,159.3,100100.0,2026-09-26 12:00:00,2026-09-26 12:00:00,1001.0
20260926,120000,72W,42,2026,9,26,12,16.6,157.70000000000002,100100.0,2026-09-26 12:00:00,2026-09-26 12:00:00,1001.0
20260926,120000,72W,42,2026,9,26,12,16.8,156.20000000000002,99500.0,2026-09-26 12:00:00,2026-09-26 12:00:00,995.0
20260926,120000,72W,42,2026,9,26,12,16.1,154.70000000000002,99500.0,2026-09-26 12:00:00,2026-09-26 12:00:00,995.0
20260926,120000,72W,42,2026,9,26,12,15.5,154.1,99700.0,2026-09-26 12:00:00,2026-09-26 12:00:00,997.0
20260926,120000,72W,42,2026,9,26,12,14.9,154.4,100000.0,2026-09-26 12:00:00,2026-09-26 12:00:00,1000.0
20260926,120000,72W,42,2026,9,26,12,14.700000000000001,154.8,99800.0,2026-09-26 12:00:00,2026-09-26 12:00:00,998.0
20260926,120000,72W,42,2026,9,26,12,15.0,155.5,100000.0,2026-09-26 12:00:00,2026-09-26 12:00:00,1000.0
20260926,120000,72W,43,2026,9,26,12,12.5,138.8,100900.0,2026-09-26 12:00:00,2026-09-26 12:00:00,1009.0
20260926,120000,72W,43,2026,9,26,12,11.3,136.4,100900.0,2026-09-26 12:00:00,2026-09-26 12:00:00,1009.0
20260926,120000,72W,43,2026,9,26,12,11.8,136.1,100800.0,2026-09-26 12:00:00,2026-09-26 12:00:00,1008.0
20260926,120000,72W,43,2026,9,26,12,11.8,135.9,101000.0,2026-09-26 12:00:00,2026-09-26 12:00:00,1010.0
20260926,120000,72W,43,2026,9,26,12,11.9,137.5,100700.0,2026-09-26 12:00:00,2026-09-26 12:00:00,1007.0
20260926,120000,72W,43,2026,9,26,12,11.0,139.20000000000002,100400.0,2026-09-26 12:00:00,2026-09-26 12:00:00,1004.0
20260926,120000,72W,43,2026,9,26,12,11.700000000000001,140.20000000000002,100700.0,2026-09-26 12:00:00,2026-09-26 12:00:00,1007.0
20260926,120000,72W,43,2026,9,26,12,12.1,141.6,100100.0,2026-09-26 12:00:00,2026-09-26 12:00:00,1001.0
20260926,120000,72W,43,2026,9,26,12,12.4,143.1,100100.0,2026-09-26 12:00:00,2026-09-26 12:00:00,1001.0
20260926,120000,72W,43,2026,9,26,12,13.4,145.20000000000002,99600.0,2026-09-26 12:00:00,2026-09-26 12:00:00,996.0
20260926,120000,72W,43,2026,9,26,12,15.200000000000001,147.3,99500.0,2026-09-26 12:00:00,2026-09-26 12:00:00,995.0
20260926,120000,72W,44,2026,9,26,12,11.5,167.8,101100.0,2026-09-26 12:00:00,2026-09-26 12:00:00,1011.0
20260926,120000,72W,44,2026,9,26,12,11.0,168.4,100900.0,2026-09-26 12:00:00,2026-09-26 12:00:00,1009.0
20260926,120000,72W,44,2026,9,26,12,11.200000000000001,170.70000000000002,101000.0,2026-09-26 12:00:00,2026-09-26 12:00:00,1010.0
20260926,120000,72W,44,2026,9,26,12,11.700000000000001,169.5,100900.0,2026-09-26 12:00:00,2026-09-26 12:00:00,1009.0
20260926,120000,72W,44,2026,9,26,12,12.4,169.9,101000.0,2026-09-26 12:00:00,2026-09-26 12:00:00,1010.0
20260926,120000,72W,44,2026,9,26,12,12.4,169.1,100900.0,2026-09-26 12:00:00,2026-09-26 12:00:00,1009.0
20260926,120000,72W,44,2026,9,26,12,12.4,168.8,101000.0,2026-09-26 12:00:00,2026-09-26 12:00:00,1010.0
20260926,120000,72W,44,2026,9,26,12,12.200000000000001,168.8,100800.0,2026-09-26 12:00:00,2026-09-26 12:00:00,1008.0
20260926,120000,72W,44,2026,9,26,12,12.1,167.4,100800.0,2026-09-26 12:00:00,2026-09-26 12:00:00,1008.0
20260926,120000,72W,44,2026,9,26,12,12.1,168.1,100700.0,2026-09-26 12:00:00,2026-09-26 12:00:00,1007.0
20260926,120000,72W,44,2026,9,26,12,11.0,167.4,100800.0,2026-09-26 12:00:00,2026-09-26 12:00:00,1008.0
20260926,120000,72W,44,2026,9,26,12,11.200000000000001,167.9,100400.0,2026-09-26 12:00:00,2026-09-26 12:00:00,1004.0
20260926,120000,72W,44,2026,9,26,12,11.1,167.20000000000002,99800.0,2026-09-26 12:00:00,2026-09-26 12:00:00,998.0
20260926,120000,72W,44,2026,9,26,12,11.1,167.20000000000002,99000.0,2026-09-26 12:00:00,2026-09-26 12:00:00,990.0
20260926,120000,72W,44,2026,9,26,12,11.0,166.9,98100.0,2026-09-26 12:00:00,2026-09-26 12:00:00,981.0
20260926,120000,72W,44,2026,9,26,12,11.200000000000001,166.1,96400.0,2026-09-26 12:00:00,2026-09-26 12:00:00,964.0
20260926,120000,72W,44,2026,9,26,12,10.8,165.4,95200.0,2026-09-26 12:00:00,2026-09-26 12:00:00,952.0
20260926,120000,72W,44,2026,9,26,12,10.700000000000001,165.20000000000002,95900.0,2026-09-26 12:00:00,2026-09-26 12:00:00,959.0
20260926,120000,72W,44,2026,9,26,12,10.8,164.9,96000.0,2026-09-26 12:00:00,2026-09-26 12:00:00,960.0
20260926,120000,72W,44,2026,9,26,12,11.200000000000001,164.70000000000002,95500.0,2026-09-26 12:00:00,2026-09-26 12:00:00,955.0
20260926,120000,72W,44,2026,9,26,12,11.8,164.6,96200.0,2026-09-26 12:00:00,2026-09-26 12:00:00,962.0
20260926,120000,72W,44,2026,9,26,12,12.3,164.4,96700.0,2026-09-26 12:00:00,2026-09-26 12:00:00,967.0
20260926,120000,72W,44,2026,9,26,12,13.0,164.3,97300.0,2026-09-26 12:00:00,2026-09-26 12:00:00,973.0
20260926,120000,72W,44,2026,9,26,12,13.700000000000001,164.5,97300.0,2026-09-26 12:00:00,2026-09-26 12:00:00,973.0
20260926,120000,72W,44,2026,9,26,12,14.5,164.3,97400.0,2026-09-26 12:00:00,2026-09-26 12:00:00,974.0
20260926,120000,72W,44,2026,9,26,12,15.3,164.3,97300.0,2026-09-26 12:00:00,2026-09-26 12:00:00,973.0
20260926,120000,72W,44,2026,9,26,12,16.2,164.0,97300.0,2026-09-26 12:00:00,2026-09-26 12:00:00,973.0
20260926,120000,72W,44,2026,9,26,12,17.1,163.20000000000002,97000.0,2026-09-26 12:00:00,2026-09-26 12:00:00,970.0
20260926,120000,72W,44,2026,9,26,12,17.8,162.1,96900.0,2026-09-26 12:00:00,2026-09-26 12:00:00,969.0
20260926,120000,72W,44,2026,9,26,12,18.7,161.0,96800.0,2026-09-26 12:00:00,2026-09-26 12:00:00,968.0
20260926,120000,72W,44,2026,9,26,12,18.900000000000002,160.1,97000.0,2026-09-26 12:00:00,2026-09-26 12:00:00,970.0
20260926,120000,72W,44,2026,9,26,12,19.5,158.70000000000002,97200.0,2026-09-26 12:00:00,2026-09-26 12:00:00,972.0
20260926,120000,72W,44,2026,9,26,12,19.8,157.4,97500.0,2026-09-26 12:00:00,2026-09-26 12:00:00,975.0
20260926,120000,72W,44,2026,9,26,12,20.2,156.3,97400.0,2026-09-26 12:00:00,2026-09-26 12:00:00,974.0
20260926,120000,72W,44,2026,9,26,12,20.900000000000002,154.8,97500.0,2026-09-26 12:00:00,2026-09-26 12:00:00,975.0
20260926,120000,72W,44,2026,9,26,12,21.2,153.5,97100.0,2026-09-26 12:00:00,2026-09-26 12:00:00,971.0
20260926,120000,72W,44,2026,9,26,12,21.5,152.5,97100.0,2026-09-26 12:00:00,2026-09-26 12:00:00,971.0
20260926,120000,72W,44,2026,9,26,12,22.1,151.5,96600.0,2026-09-26 12:00:00,2026-09-26 12:00:00,966.0
20260926,120000,72W,44,2026,9,26,12,22.1,151.3,96300.0,2026-09-26 12:00:00,2026-09-26 12:00:00,963.0
20260926,120000,72W,44,2026,9,26,12,22.7,150.6,96100.0,2026-09-26 12:00:00,2026-09-26 12:00:00,961.0
20260926,120000,72W,44,2026,9,26,12,23.3,150.0,96300.0,2026-09-26 12:00:00,2026-09-26 12:00:00,963.0
20260926,120000,72W,44,2026,9,26,12,24.1,149.20000000000002,96100.0,2026-09-26 12:00:00,2026-09-26 12:00:00,961.0
20260926,120000,72W,44,2026,9,26,12,24.900000000000002,149.0,96200.0,2026-09-26 12:00:00,2026-09-26 12:00:00,962.0
20260926,120000,72W,44,2026,9,26,12,25.8,148.8,96300.0,2026-09-26 12:00:00,2026-09-26 12:00:00,963.0
20260926,120000,72W,44,2026,9,26,12,26.5,148.6,96600.0,2026-09-26 12:00:00,2026-09-26 12:00:00,966.0
20260926,120000,72W,44,2026,9,26,12,26.900000000000002,148.8,96500.0,2026-09-26 12:00:00,2026-09-26 12:00:00,965.0
20260926,120000,72W,44,2026,9,26,12,28.2,148.4,96500.0,2026-09-26 12:00:00,2026-09-26 12:00:00,965.0
20260926,120000,72W,45,2026,9,26,12,13.3,167.6,101000.0,2026-09-26 12:00:00,2026-09-26 12:00:00,1010.0
20260926,120000,72W,45,2026,9,26,12,13.200000000000001,166.70000000000002,100900.0,2026-09-26 12:00:00,2026-09-26 12:00:00,1009.0
20260926,120000,72W,45,2026,9,26,12,13.3,167.8,100700.0,2026-09-26 12:00:00,2026-09-26 12:00:00,1007.0
20260926,120000,72W,45,2026,9,26,12,13.1,168.0,100800.0,2026-09-26 12:00:00,2026-09-26 12:00:00,1008.0
20260926,120000,72W,45,2026,9,26,12,12.4,168.1,100700.0,2026-09-26 12:00:00,2026-09-26 12:00:00,1007.0
20260926,120000,72W,45,2026,9,26,12,11.4,169.6,100800.0,2026-09-26 12:00:00,2026-09-26 12:00:00,1008.0
20260926,120000,72W,45,2026,9,26,12,11.4,169.3,100600.0,2026-09-26 12:00:00,2026-09-26 12:00:00,1006.0
20260926,120000,72W,45,2026,9,26,12,11.9,169.20000000000002,100800.0,2026-09-26 12:00:00,2026-09-26 12:00:00,1008.0
20260926,120000,72W,45,2026,9,26,12,11.4,169.4,100600.0,2026-09-26 12:00:00,2026-09-26 12:00:00,1006.0
20260926,120000,72W,45,2026,9,26,12,12.0,169.1,100400.0,2026-09-26 12:00:00,2026-09-26 12:00:00,1004.0
20260926,120000,72W,45,2026,9,26,12,11.700000000000001,169.8,99700.0,2026-09-26 12:00:00,2026-09-26 12:00:00,997.0
20260926,120000,72W,45,2026,9,26,12,12.200000000000001,169.3,99200.0,2026-09-26 12:00:00,2026-09-26 12:00:00,992.0
20260926,120000,72W,45,2026,9,26,12,12.4,169.1,98500.0,2026-09-26 12:00:00,2026-09-26 12:00:00,985.0
20260926,120000,72W,45,2026,9,26,12,12.700000000000001,168.8,98100.0,2026-09-26 12:00:00,2026-09-26 12:00:00,981.0
20260926,120000,72W,45,2026,9,26,12,12.8,168.70000000000002,97400.0,2026-09-26 12:00:00,2026-09-26 12:00:00,974.0
20260926,120000,72W,45,2026,9,26,12,13.0,168.6,96900.0,2026-09-26 12:00:00,2026-09-26 12:00:00,969.0
20260926,120000,72W,45,2026,9,26,12,13.1,168.8,95900.0,2026-09-26 12:00:00,2026-09-26 12:00:00,959.0
20260926,120000,72W,45,2026,9,26,12,13.3,168.9,95600.0,2026-09-26 12:00:00,2026-09-26 12:00:00,956.0
20260926,120000,72W,45,2026,9,26,12,13.8,169.0,94700.0,2026-09-26 12:00:00,2026-09-26 12:00:00,947.0
20260926,120000,72W,45,2026,9,26,12,14.0,169.0,94300.0,2026-09-26 12:00:00,2026-09-26 12:00:00,943.0
20260926,120000,72W,45,2026,9,26,12,14.3,169.20000000000002,93900.0,2026-09-26 12:00:00,2026-09-26 12:00:00,939.0
20260926,120000,72W,45,2026,9,26,12,14.700000000000001,169.3,93600.0,2026-09-26 12:00:00,2026-09-26 12:00:00,936.0
20260926,120000,72W,45,2026,9,26,12,15.200000000000001,169.8,93700.0,2026-09-26 12:00:00,2026-09-26 12:00:00,937.0
20260926,120000,72W,45,2026,9,26,12,15.8,170.20000000000002,93900.0,2026-09-26 12:00:00,2026-09-26 12:00:00,939.0
20260926,120000,72W,45,2026,9,26,12,16.9,170.70000000000002,94100.0,2026-09-26 12:00:00,2026-09-26 12:00:00,941.0
20260926,120000,72W,45,2026,9,26,12,18.5,170.6,94500.0,2026-09-26 12:00:00,2026-09-26 12:00:00,945.0
20260926,120000,72W,45,2026,9,26,12,20.0,169.5,95100.0,2026-09-26 12:00:00,2026-09-26 12:00:00,951.0
20260926,120000,72W,45,2026,9,26,12,21.5,168.5,95400.0,2026-09-26 12:00:00,2026-09-26 12:00:00,954.0
20260926,120000,72W,45,2026,9,26,12,23.2,167.20000000000002,95800.0,2026-09-26 12:00:00,2026-09-26 12:00:00,958.0
20260926,120000,72W,45,2026,9,26,12,25.2,165.6,96400.0,2026-09-26 12:00:00,2026-09-26 12:00:00,964.0
20260926,120000,72W,45,2026,9,26,12,27.3,163.6,96700.0,2026-09-26 12:00:00,2026-09-26 12:00:00,967.0
20260926,120000,72W,45,2026,9,26,12,29.3,160.8,97500.0,2026-09-26 12:00:00,2026-09-26 12:00:00,975.0
20260926,120000,72W,45,2026,9,26,12,30.400000000000002,158.1,97900.0,2026-09-26 12:00:00,2026-09-26 12:00:00,979.0
20260926,120000,72W,45,2026,9,26,12,31.1,155.6,98300.0,2026-09-26 12:00:00,2026-09-26 12:00:00,983.0
20260926,120000,72W,45,2026,9,26,12,31.5,153.8,98200.0,2026-09-26 12:00:00,2026-09-26 12:00:00,982.0
20260926,120000,72W,45,2026,9,26,12,30.8,153.1,98500.0,2026-09-26 12:00:00,2026-09-26 12:00:00,985.0
20260926,120000,72W,45,2026,9,26,12,33.4,152.9,98700.0,2026-09-26 12:00:00,2026-09-26 12:00:00,987.0
20260926,120000,72W,45,2026,9,26,12,33.5,153.9,98800.0,2026-09-26 12:00:00,2026-09-26 12:00:00,988.0
20260926,120000,72W,45,2026,9,26,12,34.9,154.3,98900.0,2026-09-26 12:00:00,2026-09-26 12:00:00,989.0
20260926,120000,72W,45,2026,9,26,12,36.2,155.70000000000002,99200.0,2026-09-26 12:00:00,2026-09-26 12:00:00,992.0
20260926,120000,72W,45,2026,9,26,12,37.0,157.0,99000.0,2026-09-26 12:00:00,2026-09-26 12:00:00,990.0
20260926,120000,72W,45,2026,9,26,12,38.1,160.0,99100.0,2026-09-26 12:00:00,2026-09-26 12:00:00,991.0
20260926,120000,72W,45,2026,9,26,12,38.300000000000004,163.0,99400.0,2026-09-26 12:00:00,2026-09-26 12:00:00,994.0
20260926,120000,72W,45,2026,9,26,12,38.2,165.5,99800.0,2026-09-26 12:00:00,2026-09-26 12:00:00,998.0
20260926,120000,72W,45,2026,9,26,12,38.4,167.9,99900.0,2026-09-26 12:00:00,2026-09-26 12:00:00,999.0
20260926,120000,72W,45,2026,9,26,12,38.6,170.0,100000.0,2026-09-26 12:00:00,2026-09-26 12:00:00,1000.0
20260926,120000,72W,45,2026,9,26,12,38.6,173.0,100100.0,2026-09-26 12:00:00,2026-09-26 12:00:00,1001.0
20260926,120000,72W,46,2026,9,26,12,11.4,168.1,100900.0,2026-09-26 12:00:00,2026-09-26 12:00:00,1009.0
20260926,120000,72W,46,2026,9,26,12,11.8,168.1,101000.0,2026-09-26 12:00:00,2026-09-26 12:00:00,1010.0
20260926,120000,72W,46,2026,9,26,12,10.5,168.70000000000002,100800.0,2026-09-26 12:00:00,2026-09-26 12:00:00,1008.0
20260926,120000,72W,46,2026,9,26,12,10.200000000000001,169.1,100900.0,2026-09-26 12:00:00,2026-09-26 12:00:00,1009.0
20260926,120000,72W,46,2026,9,26,12,10.0,168.8,100800.0,2026-09-26 12:00:00,2026-09-26 12:00:00,1008.0
20260926,120000,72W,46,2026,9,26,12,10.700000000000001,169.1,100900.0,2026-09-26 12:00:00,2026-09-26 12:00:00,1009.0
20260926,120000,72W,46,2026,9,26,12,11.4,168.6,100700.0,2026-09-26 12:00:00,2026-09-26 12:00:00,1007.0
20260926,120000,72W,46,2026,9,26,12,11.8,168.0,100800.0,2026-09-26 12:00:00,2026-09-26 12:00:00,1008.0
20260926,120000,72W,46,2026,9,26,12,12.1,167.5,100600.0,2026-09-26 12:00:00,2026-09-26 12:00:00,1006.0
20260926,120000,72W,46,2026,9,26,12,12.9,166.8,100700.0,2026-09-26 12:00:00,2026-09-26 12:00:00,1007.0
20260926,120000,72W,46,2026,9,26,12,13.3,165.5,100400.0,2026-09-26 12:00:00,2026-09-26 12:00:00,1004.0
20260926,120000,72W,46,2026,9,26,12,13.5,165.1,100500.0,2026-09-26 12:00:00,2026-09-26 12:00:00,1005.0
20260926,120000,72W,46,2026,9,26,12,13.9,164.8,100200.0,2026-09-26 12:00:00,2026-09-26 12:00:00,1002.0
20260926,120000,72W,46,2026,9,26,12,14.3,164.4,100200.0,2026-09-26 12:00:00,2026-09-26 12:00:00,1002.0
20260926,120000,72W,46,2026,9,26,12,15.3,164.6,99900.0,2026-09-26 12:00:00,2026-09-26 12:00:00,999.0
20260926,120000,72W,46,2026,9,26,12,16.1,163.4,100000.0,2026-09-26 12:00:00,2026-09-26 12:00:00,1000.0
20260926,120000,72W,46,2026,9,26,12,16.4,162.4,99600.0,2026-09-26 12:00:00,2026-09-26 12:00:00,996.0
20260926,120000,72W,46,2026,9,26,12,16.4,160.70000000000002,99600.0,2026-09-26 12:00:00,2026-09-26 12:00:00,996.0
20260926,120000,72W,46,2026,9,26,12,16.4,159.9,98900.0,2026-09-26 12:00:00,2026-09-26 12:00:00,989.0
20260926,120000,72W,46,2026,9,26,12,16.4,159.0,98800.0,2026-09-26 12:00:00,2026-09-26 12:00:00,988.0
20260926,120000,72W,46,2026,9,26,12,16.5,158.3,98300.0,2026-09-26 12:00:00,2026-09-26 12:00:00,983.0
20260926,120000,72W,46,2026,9,26,12,16.1,157.6,98000.0,2026-09-26 12:00:00,2026-09-26 12:00:00,980.0
20260926,120000,72W,46,2026,9,26,12,15.9,157.20000000000002,97700.0,2026-09-26 12:00:00,2026-09-26 12:00:00,977.0
20260926,120000,72W,46,2026,9,26,12,15.6,157.0,97400.0,2026-09-26 12:00:00,2026-09-26 12:00:00,974.0
20260926,120000,72W,46,2026,9,26,12,15.700000000000001,157.0,97100.0,2026-09-26 12:00:00,2026-09-26 12:00:00,971.0
20260926,120000,72W,46,2026,9,26,12,16.0,157.20000000000002,97000.0,2026-09-26 12:00:00,2026-09-26 12:00:00,970.0
20260926,120000,72W,46,2026,9,26,12,16.4,157.3,96500.0,2026-09-26 12:00:00,2026-09-26 12:00:00,965.0
20260926,120000,72W,46,2026,9,26,12,17.0,157.70000000000002,96500.0,2026-09-26 12:00:00,2026-09-26 12:00:00,965.0
20260926,120000,72W,46,2026,9,26,12,17.7,158.4,96000.0,2026-09-26 12:00:00,2026-09-26 12:00:00,960.0
20260926,120000,72W,46,2026,9,26,12,18.5,158.9,95800.0,2026-09-26 12:00:00,2026-09-26 12:00:00,958.0
20260926,120000,72W,46,2026,9,26,12,19.7,158.9,94600.0,2026-09-26 12:00:00,2026-09-26 12:00:00,946.0
20260926,120000,72W,46,2026,9,26,12,20.6,158.8,93700.0,2026-09-26 12:00:00,2026-09-26 12:00:00,937.0
20260926,120000,72W,46,2026,9,26,12,21.6,158.6,93500.0,2026-09-26 12:00:00,2026-09-26 12:00:00,935.0
20260926,120000,72W,46,2026,9,26,12,22.7,158.0,94700.0,2026-09-26 12:00:00,2026-09-26 12:00:00,947.0
20260926,120000,72W,46,2026,9,26,12,23.7,157.3,95200.0,2026-09-26 12:00:00,2026-09-26 12:00:00,952.0
20260926,120000,72W,46,2026,9,26,12,24.8,156.5,95300.0,2026-09-26 12:00:00,2026-09-26 12:00:00,953.0
20260926,120000,72W,46,2026,9,26,12,25.900000000000002,155.8,94900.0,2026-09-26 12:00:00,2026-09-26 12:00:00,949.0
20260926,120000,72W,46,2026,9,26,12,27.1,155.1,95300.0,2026-09-26 12:00:00,2026-09-26 12:00:00,953.0
20260926,120000,72W,46,2026,9,26,12,28.6,154.9,95500.0,2026-09-26 12:00:00,2026-09-26 12:00:00,955.0
20260926,120000,72W,46,2026,9,26,12,30.400000000000002,155.0,96100.0,2026-09-26 12:00:00,2026-09-26 12:00:00,961.0
20260926,120000,72W,46,2026,9,26,12,33.0,155.6,96100.0,2026-09-26 12:00:00,2026-09-26 12:00:00,961.0
20260926,120000,72W,46,2026,9,26,12,35.4,156.5,96300.0,2026-09-26 12:00:00,2026-09-26 12:00:00,963.0
20260926,120000,72W,46,2026,9,26,12,38.2,158.9,96300.0,2026-09-26 12:00:00,2026-09-26 12:00:00,963.0
20260926,120000,72W,46,2026,9,26,12,40.7,162.70000000000002,96700.0,2026-09-26 12:00:00,2026-09-26 12:00:00,967.0
20260926,120000,72W,46,2026,9,26,12,43.1,167.9,97000.0,2026-09-26 12:00:00,2026-09-26 12:00:00,970.0
20260926,120000,72W,46,2026,9,26,12,45.300000000000004,172.8,97400.0,2026-09-26 12:00:00,2026-09-26 12:00:00,974.0
20260926,120000,72W,46,2026,9,26,12,47.0,176.70000000000002,97700.0,2026-09-26 12:00:00,2026-09-26 12:00:00,977.0
20260926,120000,72W,46,2026,9,26,12,48.4,179.0,97300.0,2026-09-26 12:00:00,2026-09-26 12:00:00,973.0
20260926,120000,72W,47,2026,9,26,12,10.0,168.3,101100.0,2026-09-26 12:00:00,2026-09-26 12:00:00,1011.0
20260926,120000,72W,47,2026,9,26,12,9.6,168.9,100900.0,2026-09-26 12:00:00,2026-09-26 12:00:00,1009.0
20260926,120000,72W,47,2026,9,26,12,7.9,169.20000000000002,100800.0,2026-09-26 12:00:00,2026-09-26 12:00:00,1008.0
20260926,120000,72W,47,2026,9,26,12,8.2,170.20000000000002,100900.0,2026-09-26 12:00:00,2026-09-26 12:00:00,1009.0
20260926,120000,72W,47,2026,9,26,12,8.700000000000001,170.5,100700.0,2026-09-26 12:00:00,2026-09-26 12:00:00,1007.0
20260926,120000,72W,47,2026,9,26,12,10.0,170.9,100900.0,2026-09-26 12:00:00,2026-09-26 12:00:00,1009.0
20260926,120000,72W,47,2026,9,26,12,10.1,171.20000000000002,100800.0,2026-09-26 12:00:00,2026-09-26 12:00:00,1008.0
20260926,120000,72W,47,2026,9,26,12,10.8,171.0,101000.0,2026-09-26 12:00:00,2026-09-26 12:00:00,1010.0
20260926,120000,72W,47,2026,9,26,12,11.200000000000001,170.5,100900.0,2026-09-26 12:00:00,2026-09-26 12:00:00,1009.0
20260926,120000,72W,47,2026,9,26,12,11.3,170.0,101000.0,2026-09-26 12:00:00,2026-09-26 12:00:00,1010.0
20260926,120000,72W,47,2026,9,26,12,11.700000000000001,169.4,100800.0,2026-09-26 12:00:00,2026-09-26 12:00:00,1008.0
20260926,120000,72W,47,2026,9,26,12,11.9,168.6,100900.0,2026-09-26 12:00:00,2026-09-26 12:00:00,1009.0
20260926,120000,72W,47,2026,9,26,12,12.4,167.9,100600.0,2026-09-26 12:00:00,2026-09-26 12:00:00,1006.0
20260926,120000,72W,47,2026,9,26,12,12.3,167.20000000000002,100800.0,2026-09-26 12:00:00,2026-09-26 12:00:00,1008.0
20260926,120000,72W,47,2026,9,26,12,12.4,166.9,100600.0,2026-09-26 12:00:00,2026-09-26 12:00:00,1006.0
20260926,120000,72W,47,2026,9,26,12,12.6,166.5,100700.0,2026-09-26 12:00:00,2026-09-26 12:00:00,1007.0
20260926,120000,72W,47,2026,9,26,12,12.8,166.20000000000002,100600.0,2026-09-26 12:00:00,2026-09-26 12:00:00,1006.0
20260926,120000,72W,47,2026,9,26,12,12.6,166.0,100700.0,2026-09-26 12:00:00,2026-09-26 12:00:00,1007.0
20260926,120000,72W,47,2026,9,26,12,12.5,166.1,100500.0,2026-09-26 12:00:00,2026-09-26 12:00:00,1005.0
20260926,120000,72W,47,2026,9,26,12,12.700000000000001,166.20000000000002,100500.0,2026-09-26 12:00:00,2026-09-26 12:00:00,1005.0
20260926,120000,72W,47,2026,9,26,12,12.200000000000001,166.70000000000002,100400.0,2026-09-26 12:00:00,2026-09-26 12:00:00,1004.0
20260926,120000,72W,47,2026,9,26,12,12.1,166.9,100300.0,2026-09-26 12:00:00,2026-09-26 12:00:00,1003.0
20260926,120000,72W,47,2026,9,26,12,11.8,167.20000000000002,99500.0,2026-09-26 12:00:00,2026-09-26 12:00:00,995.0
20260926,120000,72W,47,2026,9,26,12,11.200000000000001,167.4,98200.0,2026-09-26 12:00:00,2026-09-26 12:00:00,982.0
20260926,120000,72W,47,2026,9,26,12,10.8,167.6,98300.0,2026-09-26 12:00:00,2026-09-26 12:00:00,983.0
20260926,120000,72W,47,2026,9,26,12,10.6,168.1,98700.0,2026-09-26 12:00:00,2026-09-26 12:00:00,987.0
20260926,120000,72W,47,2026,9,26,12,10.4,168.5,99200.0,2026-09-26 12:00:00,2026-09-26 12:00:00,992.0
20260926,120000,72W,47,2026,9,26,12,10.4,169.0,99900.0,2026-09-26 12:00:00,2026-09-26 12:00:00,999.0
20260926,120000,72W,47,2026,9,26,12,10.8,169.6,99700.0,2026-09-26 12:00:00,2026-09-26 12:00:00,997.0
20260926,120000,72W,47,2026,9,26,12,11.3,170.0,100300.0,2026-09-26 12:00:00,2026-09-26 12:00:00,1003.0
20260926,120000,72W,48,2026,9,26,12,17.2,162.1,101100.0,2026-09-26 12:00:00,2026-09-26 12:00:00,1011.0
20260926,120000,72W,48,2026,9,26,12,16.9,159.6,101200.0,2026-09-26 12:00:00,2026-09-26 12:00:00,1012.0
20260926,120000,72W,48,2026,9,26,12,17.1,158.70000000000002,101000.0,2026-09-26 12:00:00,2026-09-26 12:00:00,1010.0
20260926,120000,72W,48,2026,9,26,12,15.1,156.5,100800.0,2026-09-26 12:00:00,2026-09-26 12:00:00,1008.0
20260926,120000,72W,48,2026,9,26,12,14.200000000000001,155.20000000000002,101000.0,2026-09-26 12:00:00,2026-09-26 12:00:00,1010.0
20260926,120000,72W,48,2026,9,26,12,12.1,152.6,100900.0,2026-09-26 12:00:00,2026-09-26 12:00:00,1009.0
20260926,120000,72W,49,2026,9,26,12,13.1,156.70000000000002,101100.0,2026-09-26 12:00:00,2026-09-26 12:00:00,1011.0
20260926,120000,72W,49,2026,9,26,12,14.0,157.3,100900.0,2026-09-26 12:00:00,2026-09-26 12:00:00,1009.0
20260926,120000,72W,49,2026,9,26,12,13.6,156.5,100700.0,2026-09-26 12:00:00,2026-09-26 12:00:00,1007.0
20260926,120000,72W,49,2026,9,26,12,14.5,155.70000000000002,100900.0,2026-09-26 12:00:00,2026-09-26 12:00:00,1009.0
20260926,120000,72W,49,2026,9,26,12,13.9,155.70000000000002,100600.0,2026-09-26 12:00:00,2026-09-26 12:00:00,1006.0
20260926,120000,72W,49,2026,9,26,12,14.3,155.8,100700.0,2026-09-26 12:00:00,2026-09-26 12:00:00,1007.0
20260926,120000,72W,49,2026,9,26,12,15.1,155.5,100300.0,2026-09-26 12:00:00,2026-09-26 12:00:00,1003.0
20260926,120000,72W,49,2026,9,26,12,14.8,154.4,100500.0,2026-09-26 12:00:00,2026-09-26 12:00:00,1005.0
20260926,120000,72W,49,2026,9,26,12,15.4,154.6,100300.0,2026-09-26 12:00:00,2026-09-26 12:00:00,1003.0
20260926,120000,72W,49,2026,9,26,12,15.9,153.6,100400.0,2026-09-26 12:00:00,2026-09-26 12:00:00,1004.0
20260926,120000,72W,49,2026,9,26,12,15.6,153.3,100100.0,2026-09-26 12:00:00,2026-09-26 12:00:00,1001.0
20260926,120000,72W,49,2026,9,26,12,16.3,153.0,100300.0,2026-09-26 12:00:00,2026-09-26 12:00:00,1003.0
20260926,120000,72W,49,2026,9,26,12,15.9,151.5,100000.0,2026-09-26 12:00:00,2026-09-26 12:00:00,1000.0
20260926,120000,72W,49,2026,9,26,12,16.9,151.20000000000002,100000.0,2026-09-26 12:00:00,2026-09-26 12:00:00,1000.0
20260926,120000,72W,49,2026,9,26,12,16.4,150.4,99700.0,2026-09-26 12:00:00,2026-09-26 12:00:00,997.0
20260926,120000,72W,49,2026,9,26,12,16.5,149.1,99600.0,2026-09-26 12:00:00,2026-09-26 12:00:00,996.0
20260926,120000,72W,49,2026,9,26,12,16.7,148.4,99000.0,2026-09-26 12:00:00,2026-09-26 12:00:00,990.0
20260926,120000,72W,49,2026,9,26,12,16.9,147.5,98700.0,2026-09-26 12:00:00,2026-09-26 12:00:00,987.0
20260926,120000,72W,49,2026,9,26,12,17.1,146.8,98000.0,2026-09-26 12:00:00,2026-09-26 12:00:00,980.0
20260926,120000,72W,49,2026,9,26,12,17.400000000000002,146.4,97900.0,2026-09-26 12:00:00,2026-09-26 12:00:00,979.0
20260926,120000,72W,49,2026,9,26,12,17.900000000000002,146.1,97500.0,2026-09-26 12:00:00,2026-09-26 12:00:00,975.0
20260926,120000,72W,49,2026,9,26,12,18.2,145.6,97600.0,2026-09-26 12:00:00,2026-09-26 12:00:00,976.0
20260926,120000,72W,49,2026,9,26,12,18.6,145.3,97300.0,2026-09-26 12:00:00,2026-09-26 12:00:00,973.0
20260926,120000,72W,49,2026,9,26,12,18.8,145.0,97300.0,2026-09-26 12:00:00,2026-09-26 12:00:00,973.0
20260926,120000,72W,49,2026,9,26,12,19.1,144.70000000000002,97100.0,2026-09-26 12:00:00,2026-09-26 12:00:00,971.0
20260926,120000,72W,49,2026,9,26,12,19.1,144.4,97100.0,2026-09-26 12:00:00,2026-09-26 12:00:00,971.0
20260926,120000,72W,49,2026,9,26,12,19.2,144.3,96700.0,2026-09-26 12:00:00,2026-09-26 12:00:00,967.0
20260926,120000,72W,49,2026,9,26,12,19.5,144.1,96700.0,2026-09-26 12:00:00,2026-09-26 12:00:00,967.0
20260926,120000,72W,49,2026,9,26,12,19.6,143.9,96400.0,2026-09-26 12:00:00,2026-09-26 12:00:00,964.0
20260926,120000,72W,49,2026,9,26,12,19.7,143.8,96300.0,2026-09-26 12:00:00,2026-09-26 12:00:00,963.0
20260926,120000,72W,49,2026,9,26,12,19.900000000000002,143.70000000000002,96000.0,2026-09-26 12:00:00,2026-09-26 12:00:00,960.0
20260926,120000,72W,49,2026,9,26,12,20.2,143.70000000000002,95700.0,2026-09-26 12:00:00,2026-09-26 12:00:00,957.0
20260926,120000,72W,49,2026,9,26,12,20.3,143.6,95200.0,2026-09-26 12:00:00,2026-09-26 12:00:00,952.0
20260926,120000,72W,49,2026,9,26,12,20.8,143.5,95300.0,2026-09-26 12:00:00,2026-09-26 12:00:00,953.0
20260926,120000,72W,49,2026,9,26,12,21.6,143.20000000000002,95000.0,2026-09-26 12:00:00,2026-09-26 12:00:00,950.0
20260926,120000,72W,49,2026,9,26,12,22.2,142.3,94900.0,2026-09-26 12:00:00,2026-09-26 12:00:00,949.0
20260926,120000,72W,49,2026,9,26,12,22.900000000000002,141.6,94800.0,2026-09-26 12:00:00,2026-09-26 12:00:00,948.0
20260926,120000,72W,49,2026,9,26,12,23.5,141.3,95000.0,2026-09-26 12:00:00,2026-09-26 12:00:00,950.0
20260926,120000,72W,49,2026,9,26,12,24.400000000000002,141.0,94800.0,2026-09-26 12:00:00,2026-09-26 12:00:00,948.0
20260926,120000,72W,49,2026,9,26,12,25.400000000000002,140.8,95100.0,2026-09-26 12:00:00,2026-09-26 12:00:00,951.0
20260926,120000,72W,49,2026,9,26,12,26.3,140.9,95000.0,2026-09-26 12:00:00,2026-09-26 12:00:00,950.0
20260926,120000,72W,49,2026,9,26,12,27.5,141.4,95400.0,2026-09-26 12:00:00,2026-09-26 12:00:00,954.0
20260926,120000,72W,49,2026,9,26,12,29.1,142.1,95500.0,2026-09-26 12:00:00,2026-09-26 12:00:00,955.0
20260926,120000,72W,49,2026,9,26,12,30.8,143.0,95700.0,2026-09-26 12:00:00,2026-09-26 12:00:00,957.0
20260926,120000,72W,49,2026,9,26,12,33.0,144.4,95400.0,2026-09-26 12:00:00,2026-09-26 12:00:00,954.0
20260926,120000,72W,49,2026,9,26,12,35.5,146.70000000000002,95500.0,2026-09-26 12:00:00,2026-09-26 12:00:00,955.0
20260926,120000,72W,49,2026,9,26,12,38.9,150.1,96000.0,2026-09-26 12:00:00,2026-09-26 12:00:00,960.0
20260926,120000,72W,49,2026,9,26,12,43.0,153.6,96500.0,2026-09-26 12:00:00,2026-09-26 12:00:00,965.0
20260926,120000,72W,49,2026,9,26,12,47.4,158.20000000000002,95900.0,2026-09-26 12:00:00,2026-09-26 12:00:00,959.0
20260926,120000,72W,49,2026,9,26,12,50.5,162.8,95000.0,2026-09-26 12:00:00,2026-09-26 12:00:00,950.0
20260926,120000,72W,50,2026,9,26,12,16.6,162.1,101100.0,2026-09-26 12:00:00,2026-09-26 12:00:00,1011.0
20260926,120000,72W,50,2026,9,26,12,13.9,162.5,101000.0,2026-09-26 12:00:00,2026-09-26 12:00:00,1010.0
20260926,120000,72W,50,2026,9,26,12,12.1,162.0,100800.0,2026-09-26 12:00:00,2026-09-26 12:00:00,1008.0
20260926,120000,72W,50,2026,9,26,12,11.9,162.70000000000002,101000.0,2026-09-26 12:00:00,2026-09-26 12:00:00,1010.0
20260926,120000,72W,50,2026,9,26,12,11.4,163.6,100800.0,2026-09-26 12:00:00,2026-09-26 12:00:00,1008.0
20260926,120000,72W,50,2026,9,26,12,11.700000000000001,161.70000000000002,100900.0,2026-09-26 12:00:00,2026-09-26 12:00:00,1009.0
20260926,120000,72W,50,2026,9,26,12,10.5,162.4,100800.0,2026-09-26 12:00:00,2026-09-26 12:00:00,1008.0
20260926,120000,72W,50,2026,9,26,12,11.200000000000001,163.9,101000.0,2026-09-26 12:00:00,2026-09-26 12:00:00,1010.0
20260926,120000,72W,50,2026,9,26,12,11.1,164.70000000000002,100800.0,2026-09-26 12:00:00,2026-09-26 12:00:00,1008.0
20260926,120000,72W,50,2026,9,26,12,10.6,162.9,100900.0,2026-09-26 12:00:00,2026-09-26 12:00:00,1009.0
20260926,120000,72W,50,2026,9,26,12,10.8,164.4,100900.0,2026-09-26 12:00:00,2026-09-26 12:00:00,1009.0
20260926,120000,72W,50,2026,9,26,12,10.9,164.70000000000002,100500.0,2026-09-26 12:00:00,2026-09-26 12:00:00,1005.0
20260926,120000,72W,50,2026,9,26,12,12.8,165.5,100700.0,2026-09-26 12:00:00,2026-09-26 12:00:00,1007.0
20260926,120000,72W,50,2026,9,26,12,12.3,163.9,100600.0,2026-09-26 12:00:00,2026-09-26 12:00:00,1006.0
20260926,120000,72W,51,2026,9,26,12,17.8,159.4,100800.0,2026-09-26 12:00:00,2026-09-26 12:00:00,1008.0
20260926,120000,72W,51,2026,9,26,12,17.1,159.70000000000002,100600.0,2026-09-26 12:00:00,2026-09-26 12:00:00,1006.0
20260926,120000,72W,51,2026,9,26,12,18.3,159.20000000000002,100700.0,2026-09-26 12:00:00,2026-09-26 12:00:00,1007.0
20260926,120000,72W,51,2026,9,26,12,16.9,160.8,100300.0,2026-09-26 12:00:00,2026-09-26 12:00:00,1003.0
20260926,120000,72W,51,2026,9,26,12,16.9,160.5,100000.0,2026-09-26 12:00:00,2026-09-26 12:00:00,1000.0
20260926,120000,72W,51,2026,9,26,12,16.8,161.5,99900.0,2026-09-26 12:00:00,2026-09-26 12:00:00,999.0
20260926,120000,72W,51,2026,9,26,12,17.1,161.20000000000002,99500.0,2026-09-26 12:00:00,2026-09-26 12:00:00,995.0
20260926,120000,72W,51,2026,9,26,12,17.0,161.4,99600.0,2026-09-26 12:00:00,2026-09-26 12:00:00,996.0
20260926,120000,72W,51,2026,9,26,12,16.5,161.8,99200.0,2026-09-26 12:00:00,2026-09-26 12:00:00,992.0
20260926,120000,72W,51,2026,9,26,12,16.2,162.70000000000002,99100.0,2026-09-26 12:00:00,2026-09-26 12:00:00,991.0
20260926,120000,72W,51,2026,9,26,12,15.9,163.3,98800.0,2026-09-26 12:00:00,2026-09-26 12:00:00,988.0
20260926,120000,72W,51,2026,9,26,12,16.2,163.8,98700.0,2026-09-26 12:00:00,2026-09-26 12:00:00,987.0
20260926,120000,72W,51,2026,9,26,12,16.6,164.1,98400.0,2026-09-26 12:00:00,2026-09-26 12:00:00,984.0
20260926,120000,72W,51,2026,9,26,12,16.8,164.1,98100.0,2026-09-26 12:00:00,2026-09-26 12:00:00,981.0
20260926,120000,72W,51,2026,9,26,12,17.1,163.6,97700.0,2026-09-26 12:00:00,2026-09-26 12:00:00,977.0
20260926,120000,72W,51,2026,9,26,12,17.1,162.9,97400.0,2026-09-26 12:00:00,2026-09-26 12:00:00,974.0
20260926,120000,72W,51,2026,9,26,12,16.9,162.20000000000002,96900.0,2026-09-26 12:00:00,2026-09-26 12:00:00,969.0
20260926,120000,72W,51,2026,9,26,12,16.8,160.9,96700.0,2026-09-26 12:00:00,2026-09-26 12:00:00,967.0
20260926,120000,72W,51,2026,9,26,12,16.4,160.5,95900.0,2026-09-26 12:00:00,2026-09-26 12:00:00,959.0
20260926,120000,72W,51,2026,9,26,12,16.6,159.8,95700.0,2026-09-26 12:00:00,2026-09-26 12:00:00,957.0
20260926,120000,72W,51,2026,9,26,12,16.7,158.8,94900.0,2026-09-26 12:00:00,2026-09-26 12:00:00,949.0
20260926,120000,72W,51,2026,9,26,12,16.8,157.4,94400.0,2026-09-26 12:00:00,2026-09-26 12:00:00,944.0
20260926,120000,72W,51,2026,9,26,12,17.3,156.5,93800.0,2026-09-26 12:00:00,2026-09-26 12:00:00,938.0
20260926,120000,72W,51,2026,9,26,12,17.400000000000002,155.3,93700.0,2026-09-26 12:00:00,2026-09-26 12:00:00,937.0
20260926,120000,72W,51,2026,9,26,12,18.1,154.20000000000002,93400.0,2026-09-26 12:00:00,2026-09-26 12:00:00,934.0
20260926,120000,72W,51,2026,9,26,12,18.5,153.0,93500.0,2026-09-26 12:00:00,2026-09-26 12:00:00,935.0
20260926,120000,72W,51,2026,9,26,12,19.5,152.0,93500.0,2026-09-26 12:00:00,2026-09-26 12:00:00,935.0
20260926,120000,72W,51,2026,9,26,12,20.5,150.8,93900.0,2026-09-26 12:00:00,2026-09-26 12:00:00,939.0
20260926,120000,72W,51,2026,9,26,12,21.6,149.70000000000002,93700.0,2026-09-26 12:00:00,2026-09-26 12:00:00,937.0
20260926,120000,72W,51,2026,9,26,12,22.7,148.8,93800.0,2026-09-26 12:00:00,2026-09-26 12:00:00,938.0
20260926,120000,72W,51,2026,9,26,12,24.0,148.0,93700.0,2026-09-26 12:00:00,2026-09-26 12:00:00,937.0
20260926,120000,72W,51,2026,9,26,12,25.400000000000002,148.0,94100.0,2026-09-26 12:00:00,2026-09-26 12:00:00,941.0
20260926,120000,72W,51,2026,9,26,12,27.0,148.0,94200.0,2026-09-26 12:00:00,2026-09-26 12:00:00,942.0
20260926,120000,72W,51,2026,9,26,12,28.6,148.20000000000002,94100.0,2026-09-26 12:00:00,2026-09-26 12:00:00,941.0
20260926,120000,73W,2,2026,9,26,12,13.700000000000001,159.4,100900.0,2026-09-26 12:00:00,2026-09-26 12:00:00,1009.0
20260926,120000,73W,2,2026,9,26,12,13.4,159.6,100600.0,2026-09-26 12:00:00,2026-09-26 12:00:00,1006.0
20260926,120000,73W,2,2026,9,26,12,15.4,159.6,100500.0,2026-09-26 12:00:00,2026-09-26 12:00:00,1005.0
20260926,120000,73W,2,2026,9,26,12,15.9,159.1,100700.0,2026-09-26 12:00:00,2026-09-26 12:00:00,1007.0
20260926,120000,73W,2,2026,9,26,12,15.3,159.70000000000002,100400.0,2026-09-26 12:00:00,2026-09-26 12:00:00,1004.0
20260926,120000,73W,2,2026,9,26,12,17.1,158.8,100200.0,2026-09-26 12:00:00,2026-09-26 12:00:00,1002.0
20260926,120000,73W,2,2026,9,26,12,18.3,157.70000000000002,99700.0,2026-09-26 12:00:00,2026-09-26 12:00:00,997.0
20260926,120000,73W,2,2026,9,26,12,19.5,156.3,99800.0,2026-09-26 12:00:00,2026-09-26 12:00:00,998.0
20260926,120000,73W,2,2026,9,26,12,20.5,155.20000000000002,99300.0,2026-09-26 12:00:00,2026-09-26 12:00:00,993.0
20260926,120000,73W,2,2026,9,26,12,21.900000000000002,154.20000000000002,99200.0,2026-09-26 12:00:00,2026-09-26 12:00:00,992.0
20260926,120000,73W,2,2026,9,26,12,23.3,152.8,99000.0,2026-09-26 12:00:00,2026-09-26 12:00:00,990.0
20260926,120000,73W,2,2026,9,26,12,24.2,150.8,99300.0,2026-09-26 12:00:00,2026-09-26 12:00:00,993.0
20260926,120000,73W,2,2026,9,26,12,24.2,148.8,99000.0,2026-09-26 12:00:00,2026-09-26 12:00:00,990.0
20260926,120000,73W,3,2026,9,26,12,12.200000000000001,147.3,100200.0,2026-09-26 12:00:00,2026-09-26 12:00:00,1002.0
20260926,120000,73W,3,2026,9,26,12,14.5,146.3,100500.0,2026-09-26 12:00:00,2026-09-26 12:00:00,1005.0
20260926,120000,73W,3,2026,9,26,12,14.8,147.4,100200.0,2026-09-26 12:00:00,2026-09-26 12:00:00,1002.0
20260926,120000,73W,3,2026,9,26,12,15.700000000000001,146.9,100300.0,2026-09-26 12:00:00,2026-09-26 12:00:00,1003.0
20260926,120000,73W,3,2026,9,26,12,16.4,145.9,100000.0,2026-09-26 12:00:00,2026-09-26 12:00:00,1000.0
20260926,120000,73W,3,2026,9,26,12,16.8,144.70000000000002,100200.0,2026-09-26 12:00:00,2026-09-26 12:00:00,1002.0
20260926,120000,73W,4,2026,9,26,12,16.4,147.3,100300.0,2026-09-26 12:00:00,2026-09-26 12:00:00,1003.0
20260926,120000,73W,4,2026,9,26,12,15.200000000000001,148.70000000000002,100500.0,2026-09-26 12:00:00,2026-09-26 12:00:00,1005.0
20260926,120000,73W,4,2026,9,26,12,15.5,150.8,100000.0,2026-09-26 12:00:00,2026-09-26 12:00:00,1000.0
20260926,120000,73W,4,2026,9,26,12,15.9,152.1,100100.0,2026-09-26 12:00:00,2026-09-26 12:00:00,1001.0
20260926,120000,73W,4,2026,9,26,12,17.1,153.70000000000002,99500.0,2026-09-26 12:00:00,2026-09-26 12:00:00,995.0
20260926,120000,73W,4,2026,9,26,12,17.8,154.6,99900.0,2026-09-26 12:00:00,2026-09-26 12:00:00,999.0
20260926,120000,73W,4,2026,9,26,12,18.0,156.0,99700.0,2026-09-26 12:00:00,2026-09-26 12:00:00,997.0
20260926,120000,73W,4,2026,9,26,12,19.0,157.70000000000002,99700.0,2026-09-26 12:00:00,2026-09-26 12:00:00,997.0
20260926,120000,73W,4,2026,9,26,12,20.2,158.6,99500.0,2026-09-26 12:00:00,2026-09-26 12:00:00,995.0
20260926,120000,73W,4,2026,9,26,12,21.400000000000002,159.0,99300.0,2026-09-26 12:00:00,2026-09-26 12:00:00,993.0
20260926,120000,73W,4,2026,9,26,12,22.2,159.3,99000.0,2026-09-26 12:00:00,2026-09-26 12:00:00,990.0
20260926,120000,73W,4,2026,9,26,12,22.8,159.5,99000.0,2026-09-26 12:00:00,2026-09-26 12:00:00,990.0
20260926,120000,73W,4,2026,9,26,12,23.1,159.8,99000.0,2026-09-26 12:00:00,2026-09-26 12:00:00,990.0
20260926,120000,73W,4,2026,9,26,12,22.6,160.1,99300.0,2026-09-26 12:00:00,2026-09-26 12:00:00,993.0
20260926,120000,73W,4,2026,9,26,12,21.900000000000002,160.3,99400.0,2026-09-26 12:00:00,2026-09-26 12:00:00,994.0
20260926,120000,73W,4,2026,9,26,12,21.3,160.70000000000002,99600.0,2026-09-26 12:00:00,2026-09-26 12:00:00,996.0
20260926,120000,73W,4,2026,9,26,12,21.1,161.3,99500.0,2026-09-26 12:00:00,2026-09-26 12:00:00,995.0
20260926,120000,73W,4,2026,9,26,12,21.0,161.70000000000002,99600.0,2026-09-26 12:00:00,2026-09-26 12:00:00,996.0
20260926,120000,73W,4,2026,9,26,12,21.1,161.9,99500.0,2026-09-26 12:00:00,2026-09-26 12:00:00,995.0
20260926,120000,73W,4,2026,9,26,12,21.8,162.20000000000002,99600.0,2026-09-26 12:00:00,2026-09-26 12:00:00,996.0
20260926,120000,73W,4,2026,9,26,12,22.5,162.1,99500.0,2026-09-26 12:00:00,2026-09-26 12:00:00,995.0
20260926,120000,73W,4,2026,9,26,12,23.5,161.70000000000002,99600.0,2026-09-26 12:00:00,2026-09-26 12:00:00,996.0
20260926,120000,73W,4,2026,9,26,12,24.400000000000002,160.8,99500.0,2026-09-26 12:00:00,2026-09-26 12:00:00,995.0
20260926,120000,73W,4,2026,9,26,12,25.2,159.9,99500.0,2026-09-26 12:00:00,2026-09-26 12:00:00,995.0
20260926,120000,73W,4,2026,9,26,12,26.1,159.20000000000002,98700.0,2026-09-26 12:00:00,2026-09-26 12:00:00,987.0
20260926,120000,73W,4,2026,9,26,12,26.7,158.20000000000002,98800.0,2026-09-26 12:00:00,2026-09-26 12:00:00,988.0
20260926,120000,73W,5,2026,9,26,12,13.4,163.5,100700.0,2026-09-26 12:00:00,2026-09-26 12:00:00,1007.0
20260926,120000,73W,5,2026,9,26,12,11.0,164.5,100800.0,2026-09-26 12:00:00,2026-09-26 12:00:00,1008.0
20260926,120000,73W,5,2026,9,26,12,12.0,166.20000000000002,100500.0,2026-09-26 12:00:00,2026-09-26 12:00:00,1005.0
20260926,120000,73W,5,2026,9,26,12,12.1,166.1,100600.0,2026-09-26 12:00:00,2026-09-26 12:00:00,1006.0
20260926,120000,73W,5,2026,9,26,12,12.4,166.70000000000002,100500.0,2026-09-26 12:00:00,2026-09-26 12:00:00,1005.0
20260926,120000,73W,5,2026,9,26,12,13.9,167.1,100500.0,2026-09-26 12:00:00,2026-09-26 12:00:00,1005.0
20260926,120000,73W,5,2026,9,26,12,15.0,167.70000000000002,100300.0,2026-09-26 12:00:00,2026-09-26 12:00:00,1003.0
20260926,120000,73W,5,2026,9,26,12,15.4,167.9,100500.0,2026-09-26 12:00:00,2026-09-26 12:00:00,1005.0
20260926,120000,73W,5,2026,9,26,12,18.2,168.6,100400.0,2026-09-26 12:00:00,2026-09-26 12:00:00,1004.0
20260926,120000,73W,5,2026,9,26,12,19.0,167.8,100200.0,2026-09-26 12:00:00,2026-09-26 12:00:00,1002.0
20260926,120000,73W,5,2026,9,26,12,21.1,166.20000000000002,100100.0,2026-09-26 12:00:00,2026-09-26 12:00:00,1001.0
20260926,120000,73W,5,2026,9,26,12,22.900000000000002,164.0,99900.0,2026-09-26 12:00:00,2026-09-26 12:00:00,999.0
20260926,120000,73W,6,2026,9,26,12,19.0,106.4,101000.0,2026-09-26 12:00:00,2026-09-26 12:00:00,1010.0
20260926,120000,73W,6,2026,9,26,12,18.5,106.60000000000001,100900.0,2026-09-26 12:00:00,2026-09-26 12:00:00,1009.0
20260926,120000,73W,6,2026,9,26,12,18.0,107.0,101100.0,2026-09-26 12:00:00,2026-09-26 12:00:00,1011.0
20260926,120000,73W,6,2026,9,26,12,17.6,107.0,101100.0,2026-09-26 12:00:00,2026-09-26 12:00:00,1011.0
20260926,120000,73W,6,2026,9,26,12,18.5,108.7,101300.0,2026-09-26 12:00:00,2026-09-26 12:00:00,1013.0
20260926,120000,73W,6,2026,9,26,12,17.8,107.0,101300.0,2026-09-26 12:00:00,2026-09-26 12:00:00,1013.0
20260926,120000,73W,7,2026,9,26,12,8.8,169.1,101100.0,2026-09-26 12:00:00,2026-09-26 12:00:00,1011.0
20260926,120000,73W,7,2026,9,26,12,7.8,169.20000000000002,101100.0,2026-09-26 12:00:00,2026-09-26 12:00:00,1011.0
20260926,120000,73W,7,2026,9,26,12,6.6000000000000005,169.5,101000.0,2026-09-26 12:00:00,2026-09-26 12:00:00,1010.0
20260926,120000,73W,7,2026,9,26,12,5.3,168.0,100800.0,2026-09-26 12:00:00,2026-09-26 12:00:00,1008.0
20260926,120000,73W,7,2026,9,26,12,5.6000000000000005,169.3,100900.0,2026-09-26 12:00:00,2026-09-26 12:00:00,1009.0
20260926,120000,73W,7,2026,9,26,12,6.0,168.9,100700.0,2026-09-26 12:00:00,2026-09-26 12:00:00,1007.0
20260926,120000,73W,7,2026,9,26,12,6.5,169.20000000000002,100800.0,2026-09-26 12:00:00,2026-09-26 12:00:00,1008.0
20260926,120000,73W,7,2026,9,26,12,7.2,169.5,100600.0,2026-09-26 12:00:00,2026-09-26 12:00:00,1006.0
20260926,120000,73W,8,2026,9,26,12,13.200000000000001,164.1,101000.0,2026-09-26 12:00:00,2026-09-26 12:00:00,1010.0
20260926,120000,73W,8,2026,9,26,12,12.6,162.3,100900.0,2026-09-26 12:00:00,2026-09-26 12:00:00,1009.0
20260926,120000,73W,8,2026,9,26,12,10.200000000000001,162.8,101000.0,2026-09-26 12:00:00,2026-09-26 12:00:00,1010.0
20260926,120000,73W,8,2026,9,26,12,10.5,164.6,100900.0,2026-09-26 12:00:00,2026-09-26 12:00:00,1009.0
20260926,120000,73W,8,2026,9,26,12,11.200000000000001,164.1,100900.0,2026-09-26 12:00:00,2026-09-26 12:00:00,1009.0
20260926,120000,73W,8,2026,9,26,12,10.9,163.8,100700.0,2026-09-26 12:00:00,2026-09-26 12:00:00,1007.0
20260926,120000,73W,8,2026,9,26,12,11.0,162.4,100700.0,2026-09-26 12:00:00,2026-09-26 12:00:00,1007.0
20260926,120000,73W,8,2026,9,26,12,10.4,162.5,100300.0,2026-09-26 12:00:00,2026-09-26 12:00:00,1003.0
20260926,120000,73W,8,2026,9,26,12,10.6,162.6,100300.0,2026-09-26 12:00:00,2026-09-26 12:00:00,1003.0
20260926,120000,73W,8,2026,9,26,12,10.5,162.4,99900.0,2026-09-26 12:00:00,2026-09-26 12:00:00,999.0
20260926,120000,73W,8,2026,9,26,12,11.200000000000001,162.3,99800.0,2026-09-26 12:00:00,2026-09-26 12:00:00,998.0
20260926,120000,73W,8,2026,9,26,12,11.5,162.1,99200.0,2026-09-26 12:00:00,2026-09-26 12:00:00,992.0
20260926,120000,73W,8,2026,9,26,12,11.9,161.8,99100.0,2026-09-26 12:00:00,2026-09-26 12:00:00,991.0
20260926,120000,73W,8,2026,9,26,12,12.4,161.5,98100.0,2026-09-26 12:00:00,2026-09-26 12:00:00,981.0
20260926,120000,73W,8,2026,9,26,12,12.8,161.3,97700.0,2026-09-26 12:00:00,2026-09-26 12:00:00,977.0
20260926,120000,73W,8,2026,9,26,12,13.0,161.20000000000002,96900.0,2026-09-26 12:00:00,2026-09-26 12:00:00,969.0
20260926,120000,73W,8,2026,9,26,12,13.5,161.0,96900.0,2026-09-26 12:00:00,2026-09-26 12:00:00,969.0
20260926,120000,73W,8,2026,9,26,12,14.3,160.9,96000.0,2026-09-26 12:00:00,2026-09-26 12:00:00,960.0
20260926,120000,73W,8,2026,9,26,12,15.6,160.1,95800.0,2026-09-26 12:00:00,2026-09-26 12:00:00,958.0
20260926,120000,73W,8,2026,9,26,12,16.7,159.3,95700.0,2026-09-26 12:00:00,2026-09-26 12:00:00,957.0
20260926,120000,73W,8,2026,9,26,12,17.8,158.6,96000.0,2026-09-26 12:00:00,2026-09-26 12:00:00,960.0
20260926,120000,73W,8,2026,9,26,12,19.0,157.9,95400.0,2026-09-26 12:00:00,2026-09-26 12:00:00,954.0
20260926,120000,73W,8,2026,9,26,12,20.2,157.20000000000002,95000.0,2026-09-26 12:00:00,2026-09-26 12:00:00,950.0
20260926,120000,73W,8,2026,9,26,12,20.900000000000002,155.70000000000002,94600.0,2026-09-26 12:00:00,2026-09-26 12:00:00,946.0
20260926,120000,73W,8,2026,9,26,12,21.6,155.0,94700.0,2026-09-26 12:00:00,2026-09-26 12:00:00,947.0
20260926,120000,73W,8,2026,9,26,12,22.400000000000002,154.4,94500.0,2026-09-26 12:00:00,2026-09-26 12:00:00,945.0
20260926,120000,73W,8,2026,9,26,12,23.0,153.5,94600.0,2026-09-26 12:00:00,2026-09-26 12:00:00,946.0
20260926,120000,73W,8,2026,9,26,12,24.1,153.1,94600.0,2026-09-26 12:00:00,2026-09-26 12:00:00,946.0
20260926,120000,73W,8,2026,9,26,12,25.0,152.9,95000.0,2026-09-26 12:00:00,2026-09-26 12:00:00,950.0
20260926,120000,73W,8,2026,9,26,12,26.3,152.8,95200.0,2026-09-26 12:00:00,2026-09-26 12:00:00,952.0
20260926,120000,73W,8,2026,9,26,12,27.5,152.5,95600.0,2026-09-26 12:00:00,2026-09-26 12:00:00,956.0
20260926,120000,73W,8,2026,9,26,12,29.1,152.9,95800.0,2026-09-26 12:00:00,2026-09-26 12:00:00,958.0
20260926,120000,73W,8,2026,9,26,12,31.0,153.3,96100.0,2026-09-26 12:00:00,2026-09-26 12:00:00,961.0
20260926,120000,73W,8,2026,9,26,12,33.0,154.6,96300.0,2026-09-26 12:00:00,2026-09-26 12:00:00,963.0
20260926,120000,73W,8,2026,9,26,12,35.800000000000004,156.3,96500.0,2026-09-26 12:00:00,2026-09-26 12:00:00,965.0
20260926,120000,73W,8,2026,9,26,12,38.2,159.20000000000002,96500.0,2026-09-26 12:00:00,2026-09-26 12:00:00,965.0
20260926,120000,73W,8,2026,9,26,12,41.9,164.5,96100.0,2026-09-26 12:00:00,2026-09-26 12:00:00,961.0
20260926,120000,73W,8,2026,9,26,12,46.2,170.1,95100.0,2026-09-26 12:00:00,2026-09-26 12:00:00,951.0
20260926,120000,73W,8,2026,9,26,12,49.4,175.9,94300.0,2026-09-26 12:00:00,2026-09-26 12:00:00,943.0
20260926,120000,73W,8,2026,9,26,12,51.7,181.7,93400.0,2026-09-26 12:00:00,2026-09-26 12:00:00,934.0
20260926,120000,73W,9,2026,9,26,12,17.7,154.1,100400.0,2026-09-26 12:00:00,2026-09-26 12:00:00,1004.0
20260926,120000,73W,9,2026,9,26,12,18.3,154.3,100400.0,2026-09-26 12:00:00,2026-09-26 12:00:00,1004.0
20260926,120000,73W,9,2026,9,26,12,18.1,154.20000000000002,100300.0,2026-09-26 12:00:00,2026-09-26 12:00:00,1003.0
20260926,120000,73W,9,2026,9,26,12,19.3,153.4,100400.0,2026-09-26 12:00:00,2026-09-26 12:00:00,1004.0
20260926,120000,73W,9,2026,9,26,12,18.900000000000002,152.0,100100.0,2026-09-26 12:00:00,2026-09-26 12:00:00,1001.0
20260926,120000,73W,9,2026,9,26,12,18.5,150.8,100300.0,2026-09-26 12:00:00,2026-09-26 12:00:00,1003.0
20260926,120000,73W,9,2026,9,26,12,17.8,151.70000000000002,100000.0,2026-09-26 12:00:00,2026-09-26 12:00:00,1000.0
20260926,120000,73W,9,2026,9,26,12,18.1,152.0,100000.0,2026-09-26 12:00:00,2026-09-26 12:00:00,1000.0
20260926,120000,73W,9,2026,9,26,12,16.6,149.3,99600.0,2026-09-26 12:00:00,2026-09-26 12:00:00,996.0
20260926,120000,73W,9,2026,9,26,12,17.5,149.70000000000002,99000.0,2026-09-26 12:00:00,2026-09-26 12:00:00,990.0
20260926,120000,73W,9,2026,9,26,12,16.9,148.20000000000002,99000.0,2026-09-26 12:00:00,2026-09-26 12:00:00,990.0
20260926,120000,73W,9,2026,9,26,12,17.2,148.5,98400.0,2026-09-26 12:00:00,2026-09-26 12:00:00,984.0
20260926,120000,73W,9,2026,9,26,12,18.7,148.1,98500.0,2026-09-26 12:00:00,2026-09-26 12:00:00,985.0
20260926,120000,73W,9,2026,9,26,12,18.6,147.4,98300.0,2026-09-26 12:00:00,2026-09-26 12:00:00,983.0
20260926,120000,73W,9,2026,9,26,12,20.1,148.0,98200.0,2026-09-26 12:00:00,2026-09-26 12:00:00,982.0
20260926,120000,73W,9,2026,9,26,12,20.3,146.8,97600.0,2026-09-26 12:00:00,2026-09-26 12:00:00,976.0
20260926,120000,73W,9,2026,9,26,12,20.7,145.70000000000002,97900.0,2026-09-26 12:00:00,2026-09-26 12:00:00,979.0
20260926,120000,73W,9,2026,9,26,12,22.3,144.70000000000002,97600.0,2026-09-26 12:00:00,2026-09-26 12:00:00,976.0
20260926,120000,73W,9,2026,9,26,12,22.7,143.5,97500.0,2026-09-26 12:00:00,2026-09-26 12:00:00,975.0
20260926,120000,73W,9,2026,9,26,12,22.900000000000002,142.0,97200.0,2026-09-26 12:00:00,2026-09-26 12:00:00,972.0
20260926,120000,73W,9,2026,9,26,12,23.5,140.4,97000.0,2026-09-26 12:00:00,2026-09-26 12:00:00,970.0
20260926,120000,73W,9,2026,9,26,12,23.5,139.8,96700.0,2026-09-26 12:00:00,2026-09-26 12:00:00,967.0
20260926,120000,73W,9,2026,9,26,12,23.900000000000002,139.20000000000002,96800.0,2026-09-26 12:00:00,2026-09-26 12:00:00,968.0
20260926,120000,73W,9,2026,9,26,12,24.0,138.1,96400.0,2026-09-26 12:00:00,2026-09-26 12:00:00,964.0
20260926,120000,73W,9,2026,9,26,12,23.900000000000002,137.5,96100.0,2026-09-26 12:00:00,2026-09-26 12:00:00,961.0
20260926,120000,73W,9,2026,9,26,12,23.900000000000002,137.0,95500.0,2026-09-26 12:00:00,2026-09-26 12:00:00,955.0
20260926,120000,73W,9,2026,9,26,12,23.8,136.5,95200.0,2026-09-26 12:00:00,2026-09-26 12:00:00,952.0
20260926,120000,73W,9,2026,9,26,12,24.0,135.7,94600.0,2026-09-26 12:00:00,2026-09-26 12:00:00,946.0
20260926,120000,73W,9,2026,9,26,12,24.1,135.5,94600.0,2026-09-26 12:00:00,2026-09-26 12:00:00,946.0
20260926,120000,73W,10,2026,9,26,12,13.0,157.9,100700.0,2026-09-26 12:00:00,2026-09-26 12:00:00,1007.0
20260926,120000,73W,10,2026,9,26,12,13.8,158.4,100700.0,2026-09-26 12:00:00,2026-09-26 12:00:00,1007.0
20260926,120000,73W,10,2026,9,26,12,13.700000000000001,158.20000000000002,100300.0,2026-09-26 12:00:00,2026-09-26 12:00:00,1003.0
20260926,120000,73W,10,2026,9,26,12,13.6,158.20000000000002,100400.0,2026-09-26 12:00:00,2026-09-26 12:00:00,1004.0
20260926,120000,73W,10,2026,9,26,12,13.6,158.8,100000.0,2026-09-26 12:00:00,2026-09-26 12:00:00,1000.0
20260926,120000,73W,10,2026,9,26,12,14.1,158.9,100100.0,2026-09-26 12:00:00,2026-09-26 12:00:00,1001.0
20260926,120000,73W,10,2026,9,26,12,14.1,158.70000000000002,99900.0,2026-09-26 12:00:00,2026-09-26 12:00:00,999.0
20260926,120000,73W,10,2026,9,26,12,13.9,158.3,100000.0,2026-09-26 12:00:00,2026-09-26 12:00:00,1000.0
20260926,120000,73W,10,2026,9,26,12,13.5,158.4,99700.0,2026-09-26 12:00:00,2026-09-26 12:00:00,997.0
20260926,120000,73W,10,2026,9,26,12,13.200000000000001,158.8,99700.0,2026-09-26 12:00:00,2026-09-26 12:00:00,997.0
20260926,120000,73W,10,2026,9,26,12,13.1,158.8,99300.0,2026-09-26 12:00:00,2026-09-26 12:00:00,993.0
20260926,120000,73W,10,2026,9,26,12,13.1,158.4,99300.0,2026-09-26 12:00:00,2026-09-26 12:00:00,993.0
20260926,120000,73W,10,2026,9,26,12,13.3,158.4,99000.0,2026-09-26 12:00:00,2026-09-26 12:00:00,990.0
20260926,120000,73W,10,2026,9,26,12,13.5,157.9,99000.0,2026-09-26 12:00:00,2026-09-26 12:00:00,990.0
20260926,120000,73W,10,2026,9,26,12,13.700000000000001,157.3,98600.0,2026-09-26 12:00:00,2026-09-26 12:00:00,986.0
20260926,120000,73W,10,2026,9,26,12,13.8,156.5,98600.0,2026-09-26 12:00:00,2026-09-26 12:00:00,986.0
20260926,120000,73W,10,2026,9,26,12,14.3,156.0,98200.0,2026-09-26 12:00:00,2026-09-26 12:00:00,982.0
20260926,120000,73W,10,2026,9,26,12,14.700000000000001,155.1,98200.0,2026-09-26 12:00:00,2026-09-26 12:00:00,982.0
20260926,120000,73W,10,2026,9,26,12,15.3,154.1,97700.0,2026-09-26 12:00:00,2026-09-26 12:00:00,977.0
20260926,120000,73W,10,2026,9,26,12,15.6,153.0,97600.0,2026-09-26 12:00:00,2026-09-26 12:00:00,976.0
20260926,120000,73W,10,2026,9,26,12,16.2,152.5,97100.0,2026-09-26 12:00:00,2026-09-26 12:00:00,971.0
20260926,120000,73W,10,2026,9,26,12,16.5,151.8,96700.0,2026-09-26 12:00:00,2026-09-26 12:00:00,967.0
20260926,120000,73W,10,2026,9,26,12,17.3,151.8,96000.0,2026-09-26 12:00:00,2026-09-26 12:00:00,960.0
20260926,120000,73W,10,2026,9,26,12,18.1,150.8,95700.0,2026-09-26 12:00:00,2026-09-26 12:00:00,957.0
20260926,120000,73W,10,2026,9,26,12,19.2,150.3,95100.0,2026-09-26 12:00:00,2026-09-26 12:00:00,951.0
20260926,120000,73W,10,2026,9,26,12,19.7,149.20000000000002,94800.0,2026-09-26 12:00:00,2026-09-26 12:00:00,948.0
20260926,120000,73W,10,2026,9,26,12,20.5,148.9,94000.0,2026-09-26 12:00:00,2026-09-26 12:00:00,940.0
20260926,120000,73W,10,2026,9,26,12,21.400000000000002,148.0,94300.0,2026-09-26 12:00:00,2026-09-26 12:00:00,943.0
20260926,120000,73W,10,2026,9,26,12,21.400000000000002,148.0,94100.0,2026-09-26 12:00:00,2026-09-26 12:00:00,941.0
20260926,120000,73W,10,2026,9,26,12,22.5,147.5,94300.0,2026-09-26 12:00:00,2026-09-26 12:00:00,943.0
20260926,120000,73W,10,2026,9,26,12,23.3,147.3,94300.0,2026-09-26 12:00:00,2026-09-26 12:00:00,943.0
20260926,120000,73W,10,2026,9,26,12,24.2,146.3,94700.0,2026-09-26 12:00:00,2026-09-26 12:00:00,947.0
20260926,120000,73W,10,2026,9,26,12,24.900000000000002,145.8,94900.0,2026-09-26 12:00:00,2026-09-26 12:00:00,949.0
20260926,120000,73W,10,2026,9,26,12,25.6,145.8,95300.0,2026-09-26 12:00:00,2026-09-26 12:00:00,953.0
20260926,120000,73W,10,2026,9,26,12,26.7,146.20000000000002,95300.0,2026-09-26 12:00:00,2026-09-26 12:00:00,953.0
20260926,120000,73W,10,2026,9,26,12,28.0,146.6,95700.0,2026-09-26 12:00:00,2026-09-26 12:00:00,957.0
20260926,120000,73W,10,2026,9,26,12,29.1,147.70000000000002,95900.0,2026-09-26 12:00:00,2026-09-26 12:00:00,959.0
20260926,120000,73W,10,2026,9,26,12,31.0,148.9,96300.0,2026-09-26 12:00:00,2026-09-26 12:00:00,963.0
20260926,120000,73W,10,2026,9,26,12,32.0,150.6,96300.0,2026-09-26 12:00:00,2026-09-26 12:00:00,963.0
20260926,120000,73W,11,2026,9,26,12,19.8,157.70000000000002,100300.0,2026-09-26 12:00:00,2026-09-26 12:00:00,1003.0
20260926,120000,73W,11,2026,9,26,12,18.5,157.9,100600.0,2026-09-26 12:00:00,2026-09-26 12:00:00,1006.0
20260926,120000,73W,11,2026,9,26,12,18.7,158.9,100100.0,2026-09-26 12:00:00,2026-09-26 12:00:00,1001.0
20260926,120000,73W,11,2026,9,26,12,17.5,157.3,100200.0,2026-09-26 12:00:00,2026-09-26 12:00:00,1002.0
20260926,120000,73W,11,2026,9,26,12,18.1,159.5,99800.0,2026-09-26 12:00:00,2026-09-26 12:00:00,998.0
20260926,120000,73W,11,2026,9,26,12,19.6,160.70000000000002,99800.0,2026-09-26 12:00:00,2026-09-26 12:00:00,998.0
20260926,120000,73W,11,2026,9,26,12,21.2,160.3,99600.0,2026-09-26 12:00:00,2026-09-26 12:00:00,996.0
20260926,120000,73W,11,2026,9,26,12,22.1,159.9,99700.0,2026-09-26 12:00:00,2026-09-26 12:00:00,997.0
20260926,120000,73W,11,2026,9,26,12,26.0,158.9,100000.0,2026-09-26 12:00:00,2026-09-26 12:00:00,1000.0
20260926,120000,73W,11,2026,9,26,12,27.3,158.3,100000.0,2026-09-26 12:00:00,2026-09-26 12:00:00,1000.0
20260926,120000,73W,11,2026,9,26,12,29.5,158.1,100300.0,2026-09-26 12:00:00,2026-09-26 12:00:00,1003.0
20260926,120000,73W,11,2026,9,26,12,31.7,158.70000000000002,100800.0,2026-09-26 12:00:00,2026-09-26 12:00:00,1008.0
20260926,120000,73W,12,2026,9,26,12,13.8,169.0,101100.0,2026-09-26 12:00:00,2026-09-26 12:00:00,1011.0
20260926,120000,73W,12,2026,9,26,12,13.6,167.0,101000.0,2026-09-26 12:00:00,2026-09-26 12:00:00,1010.0
20260926,120000,73W,12,2026,9,26,12,13.6,166.20000000000002,100800.0,2026-09-26 12:00:00,2026-09-26 12:00:00,1008.0
20260926,120000,73W,12,2026,9,26,12,12.8,167.4,100900.0,2026-09-26 12:00:00,2026-09-26 12:00:00,1009.0
20260926,120000,73W,12,2026,9,26,12,12.6,166.6,100800.0,2026-09-26 12:00:00,2026-09-26 12:00:00,1008.0
20260926,120000,73W,12,2026,9,26,12,11.8,165.6,100900.0,2026-09-26 12:00:00,2026-09-26 12:00:00,1009.0
20260926,120000,73W,12,2026,9,26,12,11.200000000000001,165.9,100600.0,2026-09-26 12:00:00,2026-09-26 12:00:00,1006.0
20260926,120000,73W,12,2026,9,26,12,10.700000000000001,165.70000000000002,100700.0,2026-09-26 12:00:00,2026-09-26 12:00:00,1007.0
20260926,120000,73W,12,2026,9,26,12,9.5,165.70000000000002,100100.0,2026-09-26 12:00:00,2026-09-26 12:00:00,1001.0
20260926,120000,73W,12,2026,9,26,12,9.8,166.0,99800.0,2026-09-26 12:00:00,2026-09-26 12:00:00,998.0
20260926,120000,73W,12,2026,9,26,12,9.8,166.3,98700.0,2026-09-26 12:00:00,2026-09-26 12:00:00,987.0
20260926,120000,73W,12,2026,9,26,12,10.3,166.5,98500.0,2026-09-26 12:00:00,2026-09-26 12:00:00,985.0
20260926,120000,73W,12,2026,9,26,12,11.1,166.3,98200.0,2026-09-26 12:00:00,2026-09-26 12:00:00,982.0
20260926,120000,73W,12,2026,9,26,12,11.700000000000001,165.9,97000.0,2026-09-26 12:00:00,2026-09-26 12:00:00,970.0
20260926,120000,73W,12,2026,9,26,12,11.9,165.5,95700.0,2026-09-26 12:00:00,2026-09-26 12:00:00,957.0
20260926,120000,73W,12,2026,9,26,12,12.3,165.20000000000002,95500.0,2026-09-26 12:00:00,2026-09-26 12:00:00,955.0
20260926,120000,73W,12,2026,9,26,12,12.700000000000001,165.0,95100.0,2026-09-26 12:00:00,2026-09-26 12:00:00,951.0
20260926,120000,73W,12,2026,9,26,12,13.5,165.0,95700.0,2026-09-26 12:00:00,2026-09-26 12:00:00,957.0
20260926,120000,73W,12,2026,9,26,12,14.8,164.0,96700.0,2026-09-26 12:00:00,2026-09-26 12:00:00,967.0
20260926,120000,73W,12,2026,9,26,12,14.8,163.1,97100.0,2026-09-26 12:00:00,2026-09-26 12:00:00,971.0
20260926,120000,73W,12,2026,9,26,12,15.0,162.8,95800.0,2026-09-26 12:00:00,2026-09-26 12:00:00,958.0
20260926,120000,73W,12,2026,9,26,12,15.4,162.1,94600.0,2026-09-26 12:00:00,2026-09-26 12:00:00,946.0
20260926,120000,73W,12,2026,9,26,12,15.200000000000001,161.5,93200.0,2026-09-26 12:00:00,2026-09-26 12:00:00,932.0
20260926,120000,73W,12,2026,9,26,12,15.8,161.3,93000.0,2026-09-26 12:00:00,2026-09-26 12:00:00,930.0
20260926,120000,73W,12,2026,9,26,12,16.3,160.9,92700.0,2026-09-26 12:00:00,2026-09-26 12:00:00,927.0
20260926,120000,73W,12,2026,9,26,12,16.9,160.6,93600.0,2026-09-26 12:00:00,2026-09-26 12:00:00,936.0
20260926,120000,73W,12,2026,9,26,12,17.8,160.1,93800.0,2026-09-26 12:00:00,2026-09-26 12:00:00,938.0
20260926,120000,73W,12,2026,9,26,12,18.6,159.6,94100.0,2026-09-26 12:00:00,2026-09-26 12:00:00,941.0
20260926,120000,73W,12,2026,9,26,12,19.7,159.3,94300.0,2026-09-26 12:00:00,2026-09-26 12:00:00,943.0
20260926,120000,73W,12,2026,9,26,12,21.0,159.1,94900.0,2026-09-26 12:00:00,2026-09-26 12:00:00,949.0
20260926,120000,73W,12,2026,9,26,12,22.8,158.3,94800.0,2026-09-26 12:00:00,2026-09-26 12:00:00,948.0
20260926,120000,73W,12,2026,9,26,12,24.2,157.5,95200.0,2026-09-26 12:00:00,2026-09-26 12:00:00,952.0
20260926,120000,73W,12,2026,9,26,12,25.7,156.6,95400.0,2026-09-26 12:00:00,2026-09-26 12:00:00,954.0
20260926,120000,73W,12,2026,9,26,12,27.1,155.5,95600.0,2026-09-26 12:00:00,2026-09-26 12:00:00,956.0
20260926,120000,73W,12,2026,9,26,12,29.1,154.9,95700.0,2026-09-26 12:00:00,2026-09-26 12:00:00,957.0
20260926,120000,73W,12,2026,9,26,12,31.3,154.1,96100.0,2026-09-26 12:00:00,2026-09-26 12:00:00,961.0
20260926,120000,73W,12,2026,9,26,12,33.7,153.4,96100.0,2026-09-26 12:00:00,2026-09-26 12:00:00,961.0
20260926,120000,73W,12,2026,9,26,12,35.800000000000004,153.4,96200.0,2026-09-26 12:00:00,2026-09-26 12:00:00,962.0
20260926,120000,73W,12,2026,9,26,12,38.9,154.6,96100.0,2026-09-26 12:00:00,2026-09-26 12:00:00,961.0
20260926,120000,73W,12,2026,9,26,12,40.6,155.5,96000.0,2026-09-26 12:00:00,2026-09-26 12:00:00,960.0
20260926,120000,73W,12,2026,9,26,12,42.800000000000004,158.5,96100.0,2026-09-26 12:00:00,2026-09-26 12:00:00,961.0
20260926,120000,73W,12,2026,9,26,12,44.1,161.5,96600.0,2026-09-26 12:00:00,2026-09-26 12:00:00,966.0
20260926,120000,73W,12,2026,9,26,12,44.4,165.6,97600.0,2026-09-26 12:00:00,2026-09-26 12:00:00,976.0
20260926,120000,73W,13,2026,9,26,12,13.6,165.20000000000002,101100.0,2026-09-26 12:00:00,2026-09-26 12:00:00,1011.0
20260926,120000,73W,13,2026,9,26,12,10.5,167.4,101100.0,2026-09-26 12:00:00,2026-09-26 12:00:00,1011.0
20260926,120000,73W,13,2026,9,26,12,9.8,165.6,101000.0,2026-09-26 12:00:00,2026-09-26 12:00:00,1010.0
20260926,120000,73W,13,2026,9,26,12,9.9,164.6,101100.0,2026-09-26 12:00:00,2026-09-26 12:00:00,1011.0
20260926,120000,73W,13,2026,9,26,12,9.700000000000001,164.3,101000.0,2026-09-26 12:00:00,2026-09-26 12:00:00,1010.0
20260926,120000,73W,13,2026,9,26,12,8.4,162.4,101000.0,2026-09-26 12:00:00,2026-09-26 12:00:00,1010.0
20260926,120000,73W,13,2026,9,26,12,9.3,161.5,100800.0,2026-09-26 12:00:00,2026-09-26 12:00:00,1008.0
20260926,120000,73W,13,2026,9,26,12,9.1,161.5,100800.0,2026-09-26 12:00:00,2026-09-26 12:00:00,1008.0
20260926,120000,73W,13,2026,9,26,12,8.0,161.3,100600.0,2026-09-26 12:00:00,2026-09-26 12:00:00,1006.0
20260926,120000,73W,13,2026,9,26,12,7.3,159.4,100600.0,2026-09-26 12:00:00,2026-09-26 12:00:00,1006.0
20260926,120000,73W,13,2026,9,26,12,6.4,160.6,100200.0,2026-09-26 12:00:00,2026-09-26 12:00:00,1002.0
20260926,120000,73W,13,2026,9,26,12,6.7,161.1,100200.0,2026-09-26 12:00:00,2026-09-26 12:00:00,1002.0
20260926,120000,73W,13,2026,9,26,12,6.9,161.1,99800.0,2026-09-26 12:00:00,2026-09-26 12:00:00,998.0
20260926,120000,73W,13,2026,9,26,12,7.2,161.70000000000002,99700.0,2026-09-26 12:00:00,2026-09-26 12:00:00,997.0
20260926,120000,73W,13,2026,9,26,12,7.6000000000000005,162.0,98900.0,2026-09-26 12:00:00,2026-09-26 12:00:00,989.0
20260926,120000,73W,13,2026,9,26,12,8.4,162.5,99000.0,2026-09-26 12:00:00,2026-09-26 12:00:00,990.0
20260926,120000,73W,13,2026,9,26,12,9.200000000000001,162.4,98600.0,2026-09-26 12:00:00,2026-09-26 12:00:00,986.0
20260926,120000,73W,13,2026,9,26,12,10.200000000000001,162.5,98400.0,2026-09-26 12:00:00,2026-09-26 12:00:00,984.0
20260926,120000,73W,13,2026,9,26,12,10.700000000000001,162.4,97900.0,2026-09-26 12:00:00,2026-09-26 12:00:00,979.0
20260926,120000,73W,13,2026,9,26,12,12.4,162.4,97400.0,2026-09-26 12:00:00,2026-09-26 12:00:00,974.0
20260926,120000,73W,13,2026,9,26,12,13.1,161.8,96700.0,2026-09-26 12:00:00,2026-09-26 12:00:00,967.0
20260926,120000,73W,13,2026,9,26,12,14.0,161.1,96400.0,2026-09-26 12:00:00,2026-09-26 12:00:00,964.0
20260926,120000,73W,14,2026,9,26,12,8.9,164.4,101200.0,2026-09-26 12:00:00,2026-09-26 12:00:00,1012.0
20260926,120000,73W,14,2026,9,26,12,9.0,164.9,101000.0,2026-09-26 12:00:00,2026-09-26 12:00:00,1010.0
20260926,120000,73W,14,2026,9,26,12,9.1,164.3,101100.0,2026-09-26 12:00:00,2026-09-26 12:00:00,1011.0
20260926,120000,73W,14,2026,9,26,12,8.6,163.3,101100.0,2026-09-26 12:00:00,2026-09-26 12:00:00,1011.0
20260926,120000,73W,14,2026,9,26,12,10.3,162.1,100600.0,2026-09-26 12:00:00,2026-09-26 12:00:00,1006.0
20260926,120000,73W,14,2026,9,26,12,10.6,164.0,100400.0,2026-09-26 12:00:00,2026-09-26 12:00:00,1004.0
20260926,120000,73W,14,2026,9,26,12,12.6,167.6,100800.0,2026-09-26 12:00:00,2026-09-26 12:00:00,1008.0
20260926,120000,73W,16,2026,9,26,12,18.0,113.9,101100.0,2026-09-26 12:00:00,2026-09-26 12:00:00,1011.0
20260926,120000,73W,16,2026,9,26,12,17.900000000000002,112.0,101100.0,2026-09-26 12:00:00,2026-09-26 12:00:00,1011.0
20260926,120000,73W,16,2026,9,26,12,16.5,110.8,100900.0,2026-09-26 12:00:00,2026-09-26 12:00:00,1009.0
20260926,120000,73W,16,2026,9,26,12,15.9,110.10000000000001,100800.0,2026-09-26 12:00:00,2026-09-26 12:00:00,1008.0
20260926,120000,73W,16,2026,9,26,12,15.5,109.60000000000001,100700.0,2026-09-26 12:00:00,2026-09-26 12:00:00,1007.0
20260926,120000,73W,16,2026,9,26,12,15.3,109.3,100900.0,2026-09-26 12:00:00,2026-09-26 12:00:00,1009.0
20260926,120000,73W,16,2026,9,26,12,15.1,105.7,101300.0,2026-09-26 12:00:00,2026-09-26 12:00:00,1013.0
20260926,120000,73W,16,2026,9,26,12,16.6,105.3,101300.0,2026-09-26 12:00:00,2026-09-26 12:00:00,1013.0
20260926,120000,73W,17,2026,9,26,12,11.200000000000001,138.5,101000.0,2026-09-26 12:00:00,2026-09-26 12:00:00,1010.0
20260926,120000,73W,17,2026,9,26,12,11.6,140.4,101000.0,2026-09-26 12:00:00,2026-09-26 12:00:00,1010.0
20260926,120000,73W,17,2026,9,26,12,12.0,140.9,100600.0,2026-09-26 12:00:00,2026-09-26 12:00:00,1006.0
20260926,120000,73W,17,2026,9,26,12,12.6,141.5,100700.0,2026-09-26 12:00:00,2026-09-26 12:00:00,1007.0
20260926,120000,73W,17,2026,9,26,12,13.3,141.9,100200.0,2026-09-26 12:00:00,2026-09-26 12:00:00,1002.0
20260926,120000,73W,17,2026,9,26,12,13.4,142.1,100200.0,2026-09-26 12:00:00,2026-09-26 12:00:00,1002.0
20260926,120000,73W,17,2026,9,26,12,13.700000000000001,142.3,100000.0,2026-09-26 12:00:00,2026-09-26 12:00:00,1000.0
20260926,120000,73W,17,2026,9,26,12,13.8,142.3,100300.0,2026-09-26 12:00:00,2026-09-26 12:00:00,1003.0
20260926,120000,73W,17,2026,9,26,12,13.8,142.70000000000002,100100.0,2026-09-26 12:00:00,2026-09-26 12:00:00,1001.0
20260926,120000,73W,17,2026,9,26,12,13.700000000000001,143.3,100400.0,2026-09-26 12:00:00,2026-09-26 12:00:00,1004.0
20260926,120000,73W,17,2026,9,26,12,13.8,144.3,100200.0,2026-09-26 12:00:00,2026-09-26 12:00:00,1002.0
20260926,120000,73W,18,2026,9,26,12,12.8,159.3,101000.0,2026-09-26 12:00:00,2026-09-26 12:00:00,1010.0
20260926,120000,73W,18,2026,9,26,12,14.8,161.20000000000002,101100.0,2026-09-26 12:00:00,2026-09-26 12:00:00,1011.0
20260926,120000,73W,18,2026,9,26,12,15.6,163.6,100800.0,2026-09-26 12:00:00,2026-09-26 12:00:00,1008.0
20260926,120000,73W,18,2026,9,26,12,14.0,165.0,101000.0,2026-09-26 12:00:00,2026-09-26 12:00:00,1010.0
20260926,120000,73W,18,2026,9,26,12,14.6,166.9,101000.0,2026-09-26 12:00:00,2026-09-26 12:00:00,1010.0
20260926,120000,73W,18,2026,9,26,12,14.700000000000001,167.20000000000002,100800.0,2026-09-26 12:00:00,2026-09-26 12:00:00,1008.0
20260926,120000,73W,18,2026,9,26,12,14.3,167.5,100900.0,2026-09-26 12:00:00,2026-09-26 12:00:00,1009.0
20260926,120000,73W,18,2026,9,26,12,13.8,167.9,101000.0,2026-09-26 12:00:00,2026-09-26 12:00:00,1010.0
20260926,120000,73W,18,2026,9,26,12,14.0,167.70000000000002,101200.0,2026-09-26 12:00:00,2026-09-26 12:00:00,1012.0
20260926,120000,73W,18,2026,9,26,12,13.8,167.0,101100.0,2026-09-26 12:00:00,2026-09-26 12:00:00,1011.0
20260926,120000,73W,18,2026,9,26,12,14.3,167.8,101200.0,2026-09-26 12:00:00,2026-09-26 12:00:00,1012.0
20260926,120000,73W,18,2026,9,26,12,13.6,167.20000000000002,101100.0,2026-09-26 12:00:00,2026-09-26 12:00:00,1011.0
20260926,120000,73W,18,2026,9,26,12,13.200000000000001,167.3,101100.0,2026-09-26 12:00:00,2026-09-26 12:00:00,1011.0
20260926,120000,73W,18,2026,9,26,12,12.8,165.8,100900.0,2026-09-26 12:00:00,2026-09-26 12:00:00,1009.0
20260926,120000,73W,18,2026,9,26,12,11.9,164.8,101000.0,2026-09-26 12:00:00,2026-09-26 12:00:00,1010.0
20260926,120000,73W,18,2026,9,26,12,10.8,165.20000000000002,100800.0,2026-09-26 12:00:00,2026-09-26 12:00:00,1008.0
20260926,120000,73W,18,2026,9,26,12,10.0,165.8,100900.0,2026-09-26 12:00:00,2026-09-26 12:00:00,1009.0
20260926,120000,73W,18,2026,9,26,12,9.6,165.8,100700.0,2026-09-26 12:00:00,2026-09-26 12:00:00,1007.0
20260926,120000,73W,18,2026,9,26,12,10.0,166.0,100800.0,2026-09-26 12:00:00,2026-09-26 12:00:00,1008.0
20260926,120000,73W,18,2026,9,26,12,9.6,166.1,100700.0,2026-09-26 12:00:00,2026-09-26 12:00:00,1007.0
20260926,120000,73W,18,2026,9,26,12,9.8,165.9,100900.0,2026-09-26 12:00:00,2026-09-26 12:00:00,1009.0
20260926,120000,73W,18,2026,9,26,12,8.8,166.5,100700.0,2026-09-26 12:00:00,2026-09-26 12:00:00,1007.0
20260926,120000,73W,18,2026,9,26,12,8.8,167.5,100900.0,2026-09-26 12:00:00,2026-09-26 12:00:00,1009.0
20260926,120000,73W,18,2026,9,26,12,9.5,166.9,100700.0,2026-09-26 12:00:00,2026-09-26 12:00:00,1007.0
20260926,120000,73W,18,2026,9,26,12,10.0,167.1,100900.0,2026-09-26 12:00:00,2026-09-26 12:00:00,1009.0
20260926,120000,73W,18,2026,9,26,12,9.700000000000001,166.8,100700.0,2026-09-26 12:00:00,2026-09-26 12:00:00,1007.0
20260926,120000,73W,18,2026,9,26,12,10.0,167.4,100900.0,2026-09-26 12:00:00,2026-09-26 12:00:00,1009.0
20260926,120000,73W,18,2026,9,26,12,10.9,166.5,101000.0,2026-09-26 12:00:00,2026-09-26 12:00:00,1010.0
20260926,120000,73W,18,2026,9,26,12,12.700000000000001,164.20000000000002,100900.0,2026-09-26 12:00:00,2026-09-26 12:00:00,1009.0
20260926,120000,73W,18,2026,9,26,12,13.0,163.20000000000002,100600.0,2026-09-26 12:00:00,2026-09-26 12:00:00,1006.0
20260926,120000,73W,18,2026,9,26,12,12.3,162.9,100800.0,2026-09-26 12:00:00,2026-09-26 12:00:00,1008.0
20260926,120000,73W,19,2026,9,26,12,13.200000000000001,170.5,100800.0,2026-09-26 12:00:00,2026-09-26 12:00:00,1008.0
20260926,120000,73W,19,2026,9,26,12,10.8,171.5,100900.0,2026-09-26 12:00:00,2026-09-26 12:00:00,1009.0
20260926,120000,73W,19,2026,9,26,12,11.0,171.70000000000002,100800.0,2026-09-26 12:00:00,2026-09-26 12:00:00,1008.0
20260926,120000,73W,19,2026,9,26,12,11.200000000000001,170.70000000000002,100900.0,2026-09-26 12:00:00,2026-09-26 12:00:00,1009.0
20260926,120000,73W,19,2026,9,26,12,10.700000000000001,172.1,100700.0,2026-09-26 12:00:00,2026-09-26 12:00:00,1007.0
20260926,120000,73W,19,2026,9,26,12,9.5,173.5,100800.0,2026-09-26 12:00:00,2026-09-26 12:00:00,1008.0
20260926,120000,73W,19,2026,9,26,12,9.4,172.5,100700.0,2026-09-26 12:00:00,2026-09-26 12:00:00,1007.0
20260926,120000,73W,19,2026,9,26,12,10.8,173.8,100900.0,2026-09-26 12:00:00,2026-09-26 12:00:00,1009.0
20260926,120000,73W,19,2026,9,26,12,10.5,173.6,100800.0,2026-09-26 12:00:00,2026-09-26 12:00:00,1008.0
20260926,120000,73W,19,2026,9,26,12,10.6,173.9,101000.0,2026-09-26 12:00:00,2026-09-26 12:00:00,1010.0
20260926,120000,73W,19,2026,9,26,12,11.200000000000001,173.6,100900.0,2026-09-26 12:00:00,2026-09-26 12:00:00,1009.0
20260926,120000,73W,19,2026,9,26,12,10.9,173.0,100900.0,2026-09-26 12:00:00,2026-09-26 12:00:00,1009.0
20260926,120000,73W,19,2026,9,26,12,11.200000000000001,173.1,100700.0,2026-09-26 12:00:00,2026-09-26 12:00:00,1007.0
20260926,120000,73W,19,2026,9,26,12,8.8,174.1,100900.0,2026-09-26 12:00:00,2026-09-26 12:00:00,1009.0
20260926,120000,73W,19,2026,9,26,12,9.4,174.9,100600.0,2026-09-26 12:00:00,2026-09-26 12:00:00,1006.0
20260926,120000,73W,19,2026,9,26,12,9.8,173.5,100400.0,2026-09-26 12:00:00,2026-09-26 12:00:00,1004.0
20260926,120000,73W,19,2026,9,26,12,10.200000000000001,173.5,100200.0,2026-09-26 12:00:00,2026-09-26 12:00:00,1002.0
20260926,120000,73W,19,2026,9,26,12,10.4,173.8,99900.0,2026-09-26 12:00:00,2026-09-26 12:00:00,999.0
20260926,120000,73W,19,2026,9,26,12,10.200000000000001,173.9,99400.0,2026-09-26 12:00:00,2026-09-26 12:00:00,994.0
20260926,120000,73W,19,2026,9,26,12,10.3,173.8,99100.0,2026-09-26 12:00:00,2026-09-26 12:00:00,991.0
20260926,120000,73W,19,2026,9,26,12,10.5,173.5,98500.0,2026-09-26 12:00:00,2026-09-26 12:00:00,985.0
20260926,120000,73W,19,2026,9,26,12,10.3,173.1,98300.0,2026-09-26 12:00:00,2026-09-26 12:00:00,983.0
20260926,120000,73W,19,2026,9,26,12,10.200000000000001,172.8,97900.0,2026-09-26 12:00:00,2026-09-26 12:00:00,979.0
20260926,120000,73W,19,2026,9,26,12,10.200000000000001,172.8,97800.0,2026-09-26 12:00:00,2026-09-26 12:00:00,978.0
20260926,120000,73W,19,2026,9,26,12,10.5,172.6,97600.0,2026-09-26 12:00:00,2026-09-26 12:00:00,976.0
20260926,120000,73W,19,2026,9,26,12,10.9,172.4,97800.0,2026-09-26 12:00:00,2026-09-26 12:00:00,978.0
20260926,120000,73W,19,2026,9,26,12,11.700000000000001,171.9,97500.0,2026-09-26 12:00:00,2026-09-26 12:00:00,975.0
20260926,120000,73W,19,2026,9,26,12,12.4,171.0,97500.0,2026-09-26 12:00:00,2026-09-26 12:00:00,975.0
20260926,120000,73W,19,2026,9,26,12,13.0,170.4,97000.0,2026-09-26 12:00:00,2026-09-26 12:00:00,970.0
20260926,120000,73W,19,2026,9,26,12,13.9,169.3,96500.0,2026-09-26 12:00:00,2026-09-26 12:00:00,965.0
20260926,120000,73W,19,2026,9,26,12,14.5,167.9,96000.0,2026-09-26 12:00:00,2026-09-26 12:00:00,960.0
20260926,120000,73W,19,2026,9,26,12,14.9,166.5,95900.0,2026-09-26 12:00:00,2026-09-26 12:00:00,959.0
20260926,120000,73W,19,2026,9,26,12,15.200000000000001,165.70000000000002,95600.0,2026-09-26 12:00:00,2026-09-26 12:00:00,956.0
20260926,120000,73W,19,2026,9,26,12,15.4,164.6,95500.0,2026-09-26 12:00:00,2026-09-26 12:00:00,955.0
20260926,120000,73W,19,2026,9,26,12,15.4,163.6,95100.0,2026-09-26 12:00:00,2026-09-26 12:00:00,951.0
20260926,120000,73W,19,2026,9,26,12,15.700000000000001,162.70000000000002,94500.0,2026-09-26 12:00:00,2026-09-26 12:00:00,945.0
20260926,120000,73W,19,2026,9,26,12,15.9,161.70000000000002,92900.0,2026-09-26 12:00:00,2026-09-26 12:00:00,929.0
20260926,120000,73W,19,2026,9,26,12,16.0,160.9,91300.0,2026-09-26 12:00:00,2026-09-26 12:00:00,913.0
20260926,120000,73W,19,2026,9,26,12,16.4,160.20000000000002,91000.0,2026-09-26 12:00:00,2026-09-26 12:00:00,910.0
20260926,120000,73W,19,2026,9,26,12,16.9,159.4,89800.0,2026-09-26 12:00:00,2026-09-26 12:00:00,898.0
20260926,120000,73W,19,2026,9,26,12,17.3,158.8,89100.0,2026-09-26 12:00:00,2026-09-26 12:00:00,891.0
20260926,120000,73W,19,2026,9,26,12,18.1,157.9,88800.0,2026-09-26 12:00:00,2026-09-26 12:00:00,888.0
20260926,120000,73W,19,2026,9,26,12,18.900000000000002,156.70000000000002,88500.0,2026-09-26 12:00:00,2026-09-26 12:00:00,885.0
20260926,120000,73W,19,2026,9,26,12,19.5,155.5,90300.0,2026-09-26 12:00:00,2026-09-26 12:00:00,903.0
20260926,120000,73W,19,2026,9,26,12,20.3,154.1,91100.0,2026-09-26 12:00:00,2026-09-26 12:00:00,911.0
20260926,120000,73W,19,2026,9,26,12,20.900000000000002,152.9,92200.0,2026-09-26 12:00:00,2026-09-26 12:00:00,922.0
20260926,120000,73W,19,2026,9,26,12,21.8,151.8,92700.0,2026-09-26 12:00:00,2026-09-26 12:00:00,927.0
20260926,120000,73W,19,2026,9,26,12,22.6,150.6,93500.0,2026-09-26 12:00:00,2026-09-26 12:00:00,935.0
20260926,120000,73W,19,2026,9,26,12,23.5,149.9,93600.0,2026-09-26 12:00:00,2026-09-26 12:00:00,936.0
20260926,120000,73W,19,2026,9,26,12,24.7,149.1,94100.0,2026-09-26 12:00:00,2026-09-26 12:00:00,941.0
20260926,120000,73W,19,2026,9,26,12,26.1,148.20000000000002,94200.0,2026-09-26 12:00:00,2026-09-26 12:00:00,942.0
20260926,120000,73W,19,2026,9,26,12,27.3,147.5,94100.0,2026-09-26 12:00:00,2026-09-26 12:00:00,941.0
20260926,120000,73W,19,2026,9,26,12,29.1,146.9,94100.0,2026-09-26 12:00:00,2026-09-26 12:00:00,941.0
20260926,120000,73W,19,2026,9,26,12,30.8,146.3,94800.0,2026-09-26 12:00:00,2026-09-26 12:00:00,948.0
20260926,120000,73W,20,2026,9,26,12,17.0,153.1,100600.0,2026-09-26 12:00:00,2026-09-26 12:00:00,1006.0
20260926,120000,73W,20,2026,9,26,12,17.8,153.0,100700.0,2026-09-26 12:00:00,2026-09-26 12:00:00,1007.0
20260926,120000,73W,20,2026,9,26,12,17.2,153.70000000000002,100600.0,2026-09-26 12:00:00,2026-09-26 12:00:00,1006.0
20260926,120000,73W,20,2026,9,26,12,17.7,153.4,100200.0,2026-09-26 12:00:00,2026-09-26 12:00:00,1002.0
20260926,120000,73W,20,2026,9,26,12,17.8,153.70000000000002,100300.0,2026-09-26 12:00:00,2026-09-26 12:00:00,1003.0
20260926,120000,73W,20,2026,9,26,12,17.400000000000002,155.4,99800.0,2026-09-26 12:00:00,2026-09-26 12:00:00,998.0
20260926,120000,73W,20,2026,9,26,12,18.900000000000002,155.5,99100.0,2026-09-26 12:00:00,2026-09-26 12:00:00,991.0
20260926,120000,73W,20,2026,9,26,12,19.7,153.70000000000002,98900.0,2026-09-26 12:00:00,2026-09-26 12:00:00,989.0
20260926,120000,73W,20,2026,9,26,12,21.400000000000002,153.5,98200.0,2026-09-26 12:00:00,2026-09-26 12:00:00,982.0
20260926,120000,73W,20,2026,9,26,12,20.3,153.0,97900.0,2026-09-26 12:00:00,2026-09-26 12:00:00,979.0
20260926,120000,73W,20,2026,9,26,12,20.900000000000002,152.20000000000002,97800.0,2026-09-26 12:00:00,2026-09-26 12:00:00,978.0
20260926,120000,73W,20,2026,9,26,12,21.0,151.3,97800.0,2026-09-26 12:00:00,2026-09-26 12:00:00,978.0
20260926,120000,73W,20,2026,9,26,12,21.2,150.70000000000002,97500.0,2026-09-26 12:00:00,2026-09-26 12:00:00,975.0
20260926,120000,73W,20,2026,9,26,12,22.5,150.0,97600.0,2026-09-26 12:00:00,2026-09-26 12:00:00,976.0
20260926,120000,73W,20,2026,9,26,12,23.2,149.6,97400.0,2026-09-26 12:00:00,2026-09-26 12:00:00,974.0
20260926,120000,73W,20,2026,9,26,12,23.7,148.70000000000002,97500.0,2026-09-26 12:00:00,2026-09-26 12:00:00,975.0
20260926,120000,73W,20,2026,9,26,12,25.1,147.8,97300.0,2026-09-26 12:00:00,2026-09-26 12:00:00,973.0
20260926,120000,73W,20,2026,9,26,12,26.5,147.4,97500.0,2026-09-26 12:00:00,2026-09-26 12:00:00,975.0
20260926,120000,73W,20,2026,9,26,12,27.6,146.9,97100.0,2026-09-26 12:00:00,2026-09-26 12:00:00,971.0
20260926,120000,73W,20,2026,9,26,12,29.0,145.70000000000002,97200.0,2026-09-26 12:00:00,2026-09-26 12:00:00,972.0
20260926,120000,73W,20,2026,9,26,12,30.0,144.9,97000.0,2026-09-26 12:00:00,2026-09-26 12:00:00,970.0
20260926,120000,73W,20,2026,9,26,12,31.1,144.5,97000.0,2026-09-26 12:00:00,2026-09-26 12:00:00,970.0
20260926,120000,73W,20,2026,9,26,12,32.1,144.5,96700.0,2026-09-26 12:00:00,2026-09-26 12:00:00,967.0
20260926,120000,73W,20,2026,9,26,12,33.3,144.70000000000002,96900.0,2026-09-26 12:00:00,2026-09-26 12:00:00,969.0
20260926,120000,73W,20,2026,9,26,12,34.7,146.20000000000002,96700.0,2026-09-26 12:00:00,2026-09-26 12:00:00,967.0
20260926,120000,73W,20,2026,9,26,12,36.300000000000004,147.70000000000002,96700.0,2026-09-26 12:00:00,2026-09-26 12:00:00,967.0
20260926,120000,73W,20,2026,9,26,12,38.300000000000004,150.20000000000002,96400.0,2026-09-26 12:00:00,2026-09-26 12:00:00,964.0
20260926,120000,73W,20,2026,9,26,12,41.300000000000004,152.9,95900.0,2026-09-26 12:00:00,2026-09-26 12:00:00,959.0
20260926,120000,73W,20,2026,9,26,12,42.9,156.6,95400.0,2026-09-26 12:00:00,2026-09-26 12:00:00,954.0
20260926,120000,73W,20,2026,9,26,12,45.5,161.6,95300.0,2026-09-26 12:00:00,2026-09-26 12:00:00,953.0
20260926,120000,73W,20,2026,9,26,12,48.1,165.4,94500.0,2026-09-26 12:00:00,2026-09-26 12:00:00,945.0
20260926,120000,73W,20,2026,9,26,12,49.2,168.70000000000002,93500.0,2026-09-26 12:00:00,2026-09-26 12:00:00,935.0
20260926,120000,73W,20,2026,9,26,12,49.300000000000004,173.6,93500.0,2026-09-26 12:00:00,2026-09-26 12:00:00,935.0
20260926,120000,73W,21,2026,9,26,12,19.2,146.3,100600.0,2026-09-26 12:00:00,2026-09-26 12:00:00,1006.0
20260926,120000,73W,21,2026,9,26,12,19.8,144.70000000000002,100400.0,2026-09-26 12:00:00,2026-09-26 12:00:00,1004.0
20260926,120000,73W,21,2026,9,26,12,19.3,144.4,100500.0,2026-09-26 12:00:00,2026-09-26 12:00:00,1005.0
20260926,120000,73W,21,2026,9,26,12,19.5,143.70000000000002,100200.0,2026-09-26 12:00:00,2026-09-26 12:00:00,1002.0
20260926,120000,73W,21,2026,9,26,12,18.900000000000002,142.6,100500.0,2026-09-26 12:00:00,2026-09-26 12:00:00,1005.0
20260926,120000,73W,21,2026,9,26,12,19.0,141.3,100300.0,2026-09-26 12:00:00,2026-09-26 12:00:00,1003.0
20260926,120000,73W,21,2026,9,26,12,18.0,140.70000000000002,100600.0,2026-09-26 12:00:00,2026-09-26 12:00:00,1006.0
20260926,120000,73W,22,2026,9,26,12,34.800000000000004,148.6,100700.0,2026-09-26 12:00:00,2026-09-26 12:00:00,1007.0
20260926,120000,73W,22,2026,9,26,12,36.1,151.20000000000002,100300.0,2026-09-26 12:00:00,2026-09-26 12:00:00,1003.0
20260926,120000,73W,22,2026,9,26,12,37.5,153.4,100500.0,2026-09-26 12:00:00,2026-09-26 12:00:00,1005.0
20260926,120000,73W,23,2026,9,26,12,35.6,161.5,100300.0,2026-09-26 12:00:00,2026-09-26 12:00:00,1003.0
20260926,120000,73W,23,2026,9,26,12,38.6,165.3,100100.0,2026-09-26 12:00:00,2026-09-26 12:00:00,1001.0
20260926,120000,73W,23,2026,9,26,12,41.7,169.1,100100.0,2026-09-26 12:00:00,2026-09-26 12:00:00,1001.0
20260926,120000,73W,24,2026,9,26,12,28.1,169.1,101100.0,2026-09-26 12:00:00,2026-09-26 12:00:00,1011.0
20260926,120000,73W,25,2026,9,26,12,7.6000000000000005,114.10000000000001,101000.0,2026-09-26 12:00:00,2026-09-26 12:00:00,1010.0
20260926,120000,73W,25,2026,9,26,12,6.2,113.3,101100.0,2026-09-26 12:00:00,2026-09-26 12:00:00,1011.0
20260926,120000,73W,25,2026,9,26,12,7.4,113.60000000000001,101000.0,2026-09-26 12:00:00,2026-09-26 12:00:00,1010.0
20260926,120000,73W,25,2026,9,26,12,9.200000000000001,113.60000000000001,101100.0,2026-09-26 12:00:00,2026-09-26 12:00:00,1011.0
20260926,120000,73W,25,2026,9,26,12,9.1,113.0,101000.0,2026-09-26 12:00:00,2026-09-26 12:00:00,1010.0
20260926,120000,73W,25,2026,9,26,12,9.6,114.7,101100.0,2026-09-26 12:00:00,2026-09-26 12:00:00,1011.0
20260926,120000,73W,25,2026,9,26,12,11.4,116.3,101000.0,2026-09-26 12:00:00,2026-09-26 12:00:00,1010.0
20260926,120000,73W,25,2026,9,26,12,10.6,116.7,100800.0,2026-09-26 12:00:00,2026-09-26 12:00:00,1008.0
20260926,120000,73W,25,2026,9,26,12,9.9,116.9,100800.0,2026-09-26 12:00:00,2026-09-26 12:00:00,1008.0
20260926,120000,73W,25,2026,9,26,12,10.200000000000001,117.4,100800.0,2026-09-26 12:00:00,2026-09-26 12:00:00,1008.0
20260926,120000,73W,25,2026,9,26,12,10.1,117.3,100500.0,2026-09-26 12:00:00,2026-09-26 12:00:00,1005.0
20260926,120000,73W,25,2026,9,26,12,10.200000000000001,117.7,100400.0,2026-09-26 12:00:00,2026-09-26 12:00:00,1004.0
20260926,120000,73W,25,2026,9,26,12,10.1,118.0,100000.0,2026-09-26 12:00:00,2026-09-26 12:00:00,1000.0
20260926,120000,73W,25,2026,9,26,12,11.0,118.9,100300.0,2026-09-26 12:00:00,2026-09-26 12:00:00,1003.0
20260926,120000,73W,25,2026,9,26,12,11.8,119.10000000000001,100500.0,2026-09-26 12:00:00,2026-09-26 12:00:00,1005.0
20260926,120000,73W,25,2026,9,26,12,12.4,118.7,99800.0,2026-09-26 12:00:00,2026-09-26 12:00:00,998.0
20260926,120000,73W,25,2026,9,26,12,12.6,118.2,99800.0,2026-09-26 12:00:00,2026-09-26 12:00:00,998.0
20260926,120000,73W,25,2026,9,26,12,12.6,118.0,99800.0,2026-09-26 12:00:00,2026-09-26 12:00:00,998.0
20260926,120000,73W,25,2026,9,26,12,12.6,117.9,99600.0,2026-09-26 12:00:00,2026-09-26 12:00:00,996.0
20260926,120000,73W,25,2026,9,26,12,12.8,117.8,99500.0,2026-09-26 12:00:00,2026-09-26 12:00:00,995.0
20260926,120000,73W,25,2026,9,26,12,13.1,117.4,99300.0,2026-09-26 12:00:00,2026-09-26 12:00:00,993.0
20260926,120000,73W,25,2026,9,26,12,13.1,117.0,99400.0,2026-09-26 12:00:00,2026-09-26 12:00:00,994.0
20260926,120000,73W,25,2026,9,26,12,13.1,116.7,99300.0,2026-09-26 12:00:00,2026-09-26 12:00:00,993.0
20260926,120000,73W,25,2026,9,26,12,13.1,116.5,98600.0,2026-09-26 12:00:00,2026-09-26 12:00:00,986.0
20260926,120000,73W,25,2026,9,26,12,12.9,116.7,99300.0,2026-09-26 12:00:00,2026-09-26 12:00:00,993.0
20260926,120000,73W,25,2026,9,26,12,13.200000000000001,117.60000000000001,99100.0,2026-09-26 12:00:00,2026-09-26 12:00:00,991.0
20260926,120000,73W,25,2026,9,26,12,13.6,118.7,99100.0,2026-09-26 12:00:00,2026-09-26 12:00:00,991.0
20260926,120000,73W,25,2026,9,26,12,13.6,119.10000000000001,99000.0,2026-09-26 12:00:00,2026-09-26 12:00:00,990.0
20260926,120000,73W,25,2026,9,26,12,13.9,120.2,99300.0,2026-09-26 12:00:00,2026-09-26 12:00:00,993.0
20260926,120000,73W,25,2026,9,26,12,13.8,120.60000000000001,99600.0,2026-09-26 12:00:00,2026-09-26 12:00:00,996.0
20260926,120000,73W,25,2026,9,26,12,13.6,121.60000000000001,100000.0,2026-09-26 12:00:00,2026-09-26 12:00:00,1000.0
20260926,120000,73W,25,2026,9,26,12,13.3,122.9,100000.0,2026-09-26 12:00:00,2026-09-26 12:00:00,1000.0
20260926,120000,73W,25,2026,9,26,12,13.200000000000001,124.5,100300.0,2026-09-26 12:00:00,2026-09-26 12:00:00,1003.0
20260926,120000,73W,25,2026,9,26,12,13.8,126.5,99600.0,2026-09-26 12:00:00,2026-09-26 12:00:00,996.0
20260926,120000,73W,25,2026,9,26,12,14.3,128.6,99400.0,2026-09-26 12:00:00,2026-09-26 12:00:00,994.0
20260926,120000,73W,26,2026,9,26,12,12.9,162.0,100900.0,2026-09-26 12:00:00,2026-09-26 12:00:00,1009.0
20260926,120000,73W,26,2026,9,26,12,12.8,160.6,100700.0,2026-09-26 12:00:00,2026-09-26 12:00:00,1007.0
20260926,120000,73W,26,2026,9,26,12,11.9,159.9,100100.0,2026-09-26 12:00:00,2026-09-26 12:00:00,1001.0
20260926,120000,73W,26,2026,9,26,12,11.6,159.8,100200.0,2026-09-26 12:00:00,2026-09-26 12:00:00,1002.0
20260926,120000,73W,26,2026,9,26,12,11.6,159.8,99900.0,2026-09-26 12:00:00,2026-09-26 12:00:00,999.0
20260926,120000,73W,26,2026,9,26,12,11.700000000000001,159.6,99900.0,2026-09-26 12:00:00,2026-09-26 12:00:00,999.0
20260926,120000,73W,26,2026,9,26,12,11.9,159.6,99500.0,2026-09-26 12:00:00,2026-09-26 12:00:00,995.0
20260926,120000,73W,26,2026,9,26,12,12.200000000000001,159.4,99500.0,2026-09-26 12:00:00,2026-09-26 12:00:00,995.0
20260926,120000,73W,26,2026,9,26,12,12.200000000000001,158.9,99100.0,2026-09-26 12:00:00,2026-09-26 12:00:00,991.0
20260926,120000,73W,26,2026,9,26,12,12.700000000000001,159.1,99200.0,2026-09-26 12:00:00,2026-09-26 12:00:00,992.0
20260926,120000,73W,26,2026,9,26,12,13.3,158.9,98700.0,2026-09-26 12:00:00,2026-09-26 12:00:00,987.0
20260926,120000,73W,26,2026,9,26,12,14.1,158.6,98800.0,2026-09-26 12:00:00,2026-09-26 12:00:00,988.0
20260926,120000,73W,26,2026,9,26,12,14.8,158.20000000000002,98200.0,2026-09-26 12:00:00,2026-09-26 12:00:00,982.0
20260926,120000,73W,26,2026,9,26,12,15.3,157.9,98400.0,2026-09-26 12:00:00,2026-09-26 12:00:00,984.0
20260926,120000,73W,26,2026,9,26,12,15.700000000000001,157.6,98400.0,2026-09-26 12:00:00,2026-09-26 12:00:00,984.0
20260926,120000,73W,26,2026,9,26,12,16.3,157.1,98600.0,2026-09-26 12:00:00,2026-09-26 12:00:00,986.0
20260926,120000,73W,26,2026,9,26,12,16.6,156.6,98300.0,2026-09-26 12:00:00,2026-09-26 12:00:00,983.0
20260926,120000,73W,26,2026,9,26,12,17.400000000000002,156.20000000000002,98400.0,2026-09-26 12:00:00,2026-09-26 12:00:00,984.0
20260926,120000,73W,26,2026,9,26,12,18.0,155.3,97800.0,2026-09-26 12:00:00,2026-09-26 12:00:00,978.0
20260926,120000,73W,26,2026,9,26,12,18.5,154.4,97500.0,2026-09-26 12:00:00,2026-09-26 12:00:00,975.0
20260926,120000,73W,26,2026,9,26,12,19.0,153.20000000000002,96800.0,2026-09-26 12:00:00,2026-09-26 12:00:00,968.0
20260926,120000,73W,26,2026,9,26,12,19.5,151.8,96100.0,2026-09-26 12:00:00,2026-09-26 12:00:00,961.0
20260926,120000,73W,26,2026,9,26,12,19.7,150.0,95200.0,2026-09-26 12:00:00,2026-09-26 12:00:00,952.0
20260926,120000,73W,26,2026,9,26,12,19.5,148.1,95100.0,2026-09-26 12:00:00,2026-09-26 12:00:00,951.0
20260926,120000,73W,26,2026,9,26,12,19.2,146.6,95100.0,2026-09-26 12:00:00,2026-09-26 12:00:00,951.0
20260926,120000,73W,26,2026,9,26,12,19.0,145.1,94800.0,2026-09-26 12:00:00,2026-09-26 12:00:00,948.0
20260926,120000,73W,26,2026,9,26,12,18.900000000000002,143.9,93300.0,2026-09-26 12:00:00,2026-09-26 12:00:00,933.0
20260926,120000,73W,26,2026,9,26,12,18.7,142.5,92100.0,2026-09-26 12:00:00,2026-09-26 12:00:00,921.0
20260926,120000,73W,26,2026,9,26,12,18.6,141.6,91700.0,2026-09-26 12:00:00,2026-09-26 12:00:00,917.0
20260926,120000,73W,26,2026,9,26,12,18.5,140.6,90600.0,2026-09-26 12:00:00,2026-09-26 12:00:00,906.0
20260926,120000,73W,26,2026,9,26,12,18.8,139.5,91200.0,2026-09-26 12:00:00,2026-09-26 12:00:00,912.0
20260926,120000,73W,26,2026,9,26,12,19.0,138.4,92300.0,2026-09-26 12:00:00,2026-09-26 12:00:00,923.0
20260926,120000,73W,27,2026,9,26,12,16.4,151.70000000000002,100800.0,2026-09-26 12:00:00,2026-09-26 12:00:00,1008.0
20260926,120000,73W,27,2026,9,26,12,16.4,151.9,101100.0,2026-09-26 12:00:00,2026-09-26 12:00:00,1011.0
20260926,120000,73W,27,2026,9,26,12,15.200000000000001,153.5,100700.0,2026-09-26 12:00:00,2026-09-26 12:00:00,1007.0
20260926,120000,73W,27,2026,9,26,12,13.8,155.70000000000002,100800.0,2026-09-26 12:00:00,2026-09-26 12:00:00,1008.0
20260926,120000,73W,27,2026,9,26,12,14.1,156.70000000000002,100500.0,2026-09-26 12:00:00,2026-09-26 12:00:00,1005.0
20260926,120000,73W,27,2026,9,26,12,12.8,156.8,100700.0,2026-09-26 12:00:00,2026-09-26 12:00:00,1007.0
20260926,120000,73W,27,2026,9,26,12,13.200000000000001,157.4,100300.0,2026-09-26 12:00:00,2026-09-26 12:00:00,1003.0
20260926,120000,73W,27,2026,9,26,12,12.9,157.9,100300.0,2026-09-26 12:00:00,2026-09-26 12:00:00,1003.0
20260926,120000,73W,27,2026,9,26,12,13.3,158.9,99800.0,2026-09-26 12:00:00,2026-09-26 12:00:00,998.0
20260926,120000,73W,27,2026,9,26,12,13.6,159.1,99200.0,2026-09-26 12:00:00,2026-09-26 12:00:00,992.0
20260926,120000,73W,27,2026,9,26,12,14.0,159.70000000000002,98600.0,2026-09-26 12:00:00,2026-09-26 12:00:00,986.0
20260926,120000,73W,27,2026,9,26,12,14.5,160.1,98400.0,2026-09-26 12:00:00,2026-09-26 12:00:00,984.0
20260926,120000,73W,27,2026,9,26,12,15.1,160.8,98200.0,2026-09-26 12:00:00,2026-09-26 12:00:00,982.0
20260926,120000,73W,27,2026,9,26,12,15.9,161.4,98100.0,2026-09-26 12:00:00,2026-09-26 12:00:00,981.0
20260926,120000,73W,27,2026,9,26,12,17.7,162.20000000000002,98000.0,2026-09-26 12:00:00,2026-09-26 12:00:00,980.0
20260926,120000,73W,27,2026,9,26,12,19.900000000000002,161.5,98400.0,2026-09-26 12:00:00,2026-09-26 12:00:00,984.0
20260926,120000,73W,27,2026,9,26,12,22.1,159.6,98400.0,2026-09-26 12:00:00,2026-09-26 12:00:00,984.0
20260926,120000,73W,27,2026,9,26,12,23.8,157.9,98200.0,2026-09-26 12:00:00,2026-09-26 12:00:00,982.0
20260926,120000,73W,27,2026,9,26,12,26.0,155.6,98500.0,2026-09-26 12:00:00,2026-09-26 12:00:00,985.0
20260926,120000,73W,28,2026,9,26,12,14.700000000000001,118.5,100700.0,2026-09-26 12:00:00,2026-09-26 12:00:00,1007.0
20260926,120000,73W,28,2026,9,26,12,15.0,119.2,100500.0,2026-09-26 12:00:00,2026-09-26 12:00:00,1005.0
20260926,120000,73W,28,2026,9,26,12,14.700000000000001,117.10000000000001,100700.0,2026-09-26 12:00:00,2026-09-26 12:00:00,1007.0
20260926,120000,73W,28,2026,9,26,12,14.9,116.5,100300.0,2026-09-26 12:00:00,2026-09-26 12:00:00,1003.0
20260926,120000,73W,28,2026,9,26,12,13.6,115.9,99900.0,2026-09-26 12:00:00,2026-09-26 12:00:00,999.0
20260926,120000,73W,28,2026,9,26,12,13.5,116.2,99500.0,2026-09-26 12:00:00,2026-09-26 12:00:00,995.0
20260926,120000,73W,28,2026,9,26,12,13.8,116.0,99400.0,2026-09-26 12:00:00,2026-09-26 12:00:00,994.0
20260926,120000,73W,29,2026,9,26,12,8.1,173.4,100900.0,2026-09-26 12:00:00,2026-09-26 12:00:00,1009.0
20260926,120000,73W,29,2026,9,26,12,7.9,174.3,100800.0,2026-09-26 12:00:00,2026-09-26 12:00:00,1008.0
20260926,120000,73W,29,2026,9,26,12,9.200000000000001,173.1,100800.0,2026-09-26 12:00:00,2026-09-26 12:00:00,1008.0
20260926,120000,73W,29,2026,9,26,12,9.200000000000001,173.8,100700.0,2026-09-26 12:00:00,2026-09-26 12:00:00,1007.0
20260926,120000,73W,29,2026,9,26,12,8.6,174.3,100600.0,2026-09-26 12:00:00,2026-09-26 12:00:00,1006.0
20260926,120000,73W,29,2026,9,26,12,8.4,175.20000000000002,100700.0,2026-09-26 12:00:00,2026-09-26 12:00:00,1007.0
20260926,120000,73W,29,2026,9,26,12,8.1,175.4,100800.0,2026-09-26 12:00:00,2026-09-26 12:00:00,1008.0
20260926,120000,73W,29,2026,9,26,12,8.5,175.20000000000002,100900.0,2026-09-26 12:00:00,2026-09-26 12:00:00,1009.0
20260926,120000,73W,29,2026,9,26,12,7.6000000000000005,176.20000000000002,100900.0,2026-09-26 12:00:00,2026-09-26 12:00:00,1009.0
20260926,120000,73W,29,2026,9,26,12,8.2,176.20000000000002,100900.0,2026-09-26 12:00:00,2026-09-26 12:00:00,1009.0
20260926,120000,73W,29,2026,9,26,12,9.8,176.5,100900.0,2026-09-26 12:00:00,2026-09-26 12:00:00,1009.0
20260926,120000,73W,29,2026,9,26,12,10.3,176.4,100900.0,2026-09-26 12:00:00,2026-09-26 12:00:00,1009.0
20260926,120000,73W,29,2026,9,26,12,11.5,176.4,100900.0,2026-09-26 12:00:00,2026-09-26 12:00:00,1009.0
20260926,120000,73W,29,2026,9,26,12,10.200000000000001,176.4,100900.0,2026-09-26 12:00:00,2026-09-26 12:00:00,1009.0
20260926,120000,73W,30,2026,9,26,12,6.9,179.20000000000002,101000.0,2026-09-26 12:00:00,2026-09-26 12:00:00,1010.0
20260926,120000,73W,30,2026,9,26,12,5.5,177.6,101000.0,2026-09-26 12:00:00,2026-09-26 12:00:00,1010.0
20260926,120000,73W,30,2026,9,26,12,6.5,178.3,100900.0,2026-09-26 12:00:00,2026-09-26 12:00:00,1009.0
20260926,120000,73W,30,2026,9,26,12,7.8,176.20000000000002,101000.0,2026-09-26 12:00:00,2026-09-26 12:00:00,1010.0
20260926,120000,73W,30,2026,9,26,12,9.3,173.3,100900.0,2026-09-26 12:00:00,2026-09-26 12:00:00,1009.0
20260926,120000,73W,30,2026,9,26,12,9.200000000000001,172.5,101000.0,2026-09-26 12:00:00,2026-09-26 12:00:00,1010.0
20260926,120000,73W,30,2026,9,26,12,8.4,173.0,100900.0,2026-09-26 12:00:00,2026-09-26 12:00:00,1009.0
20260926,120000,73W,30,2026,9,26,12,8.0,174.9,100900.0,2026-09-26 12:00:00,2026-09-26 12:00:00,1009.0
20260926,120000,73W,30,2026,9,26,12,8.1,175.4,100900.0,2026-09-26 12:00:00,2026-09-26 12:00:00,1009.0
20260926,120000,73W,30,2026,9,26,12,7.7,174.8,100800.0,2026-09-26 12:00:00,2026-09-26 12:00:00,1008.0
20260926,120000,73W,30,2026,9,26,12,8.2,175.20000000000002,100900.0,2026-09-26 12:00:00,2026-09-26 12:00:00,1009.0
20260926,120000,73W,30,2026,9,26,12,8.6,176.0,100900.0,2026-09-26 12:00:00,2026-09-26 12:00:00,1009.0
20260926,120000,73W,30,2026,9,26,12,9.3,178.3,100900.0,2026-09-26 12:00:00,2026-09-26 12:00:00,1009.0
20260926,120000,73W,30,2026,9,26,12,10.4,178.9,100800.0,2026-09-26 12:00:00,2026-09-26 12:00:00,1008.0
20260926,120000,73W,30,2026,9,26,12,10.0,180.4,101000.0,2026-09-26 12:00:00,2026-09-26 12:00:00,1010.0
20260926,120000,73W,30,2026,9,26,12,10.5,178.5,100900.0,2026-09-26 12:00:00,2026-09-26 12:00:00,1009.0
20260926,120000,73W,30,2026,9,26,12,8.8,179.20000000000002,100900.0,2026-09-26 12:00:00,2026-09-26 12:00:00,1009.0
20260926,120000,73W,30,2026,9,26,12,8.1,179.9,100800.0,2026-09-26 12:00:00,2026-09-26 12:00:00,1008.0
20260926,120000,73W,30,2026,9,26,12,7.4,180.9,100900.0,2026-09-26 12:00:00,2026-09-26 12:00:00,1009.0
20260926,120000,73W,30,2026,9,26,12,8.6,181.1,100900.0,2026-09-26 12:00:00,2026-09-26 12:00:00,1009.0
20260926,120000,73W,30,2026,9,26,12,8.1,182.0,100800.0,2026-09-26 12:00:00,2026-09-26 12:00:00,1008.0
20260926,120000,73W,30,2026,9,26,12,9.200000000000001,182.79999999999998,100800.0,2026-09-26 12:00:00,2026-09-26 12:00:00,1008.0
20260926,120000,73W,31,2026,9,26,12,11.5,139.70000000000002,100300.0,2026-09-26 12:00:00,2026-09-26 12:00:00,1003.0
20260926,120000,73W,31,2026,9,26,12,11.700000000000001,140.20000000000002,100500.0,2026-09-26 12:00:00,2026-09-26 12:00:00,1005.0
20260926,120000,73W,31,2026,9,26,12,12.1,140.5,99900.0,2026-09-26 12:00:00,2026-09-26 12:00:00,999.0
20260926,120000,73W,31,2026,9,26,12,12.4,140.70000000000002,100300.0,2026-09-26 12:00:00,2026-09-26 12:00:00,1003.0
20260926,120000,73W,31,2026,9,26,12,12.700000000000001,141.0,100100.0,2026-09-26 12:00:00,2026-09-26 12:00:00,1001.0
20260926,120000,73W,31,2026,9,26,12,13.200000000000001,141.3,100000.0,2026-09-26 12:00:00,2026-09-26 12:00:00,1000.0
20260926,120000,73W,31,2026,9,26,12,13.6,141.3,99400.0,2026-09-26 12:00:00,2026-09-26 12:00:00,994.0
20260926,120000,73W,31,2026,9,26,12,13.700000000000001,141.8,99500.0,2026-09-26 12:00:00,2026-09-26 12:00:00,995.0
20260926,120000,73W,31,2026,9,26,12,14.0,142.1,99600.0,2026-09-26 12:00:00,2026-09-26 12:00:00,996.0
20260926,120000,73W,31,2026,9,26,12,14.0,142.5,99500.0,2026-09-26 12:00:00,2026-09-26 12:00:00,995.0
20260926,120000,73W,31,2026,9,26,12,14.3,143.0,99300.0,2026-09-26 12:00:00,2026-09-26 12:00:00,993.0
20260926,120000,73W,31,2026,9,26,12,14.5,143.3,99000.0,2026-09-26 12:00:00,2026-09-26 12:00:00,990.0
20260926,120000,73W,31,2026,9,26,12,14.4,144.1,99200.0,2026-09-26 12:00:00,2026-09-26 12:00:00,992.0
20260926,120000,73W,31,2026,9,26,12,14.5,144.8,99100.0,2026-09-26 12:00:00,2026-09-26 12:00:00,991.0
20260926,120000,73W,31,2026,9,26,12,15.1,145.8,98900.0,2026-09-26 12:00:00,2026-09-26 12:00:00,989.0
20260926,120000,73W,33,2026,9,26,12,10.0,168.5,101100.0,2026-09-26 12:00:00,2026-09-26 12:00:00,1011.0
20260926,120000,73W,33,2026,9,26,12,9.8,168.20000000000002,101000.0,2026-09-26 12:00:00,2026-09-26 12:00:00,1010.0
20260926,120000,73W,33,2026,9,26,12,10.9,169.5,100900.0,2026-09-26 12:00:00,2026-09-26 12:00:00,1009.0
20260926,120000,73W,33,2026,9,26,12,10.1,169.1,101000.0,2026-09-26 12:00:00,2026-09-26 12:00:00,1010.0
20260926,120000,73W,33,2026,9,26,12,9.700000000000001,171.0,100900.0,2026-09-26 12:00:00,2026-09-26 12:00:00,1009.0
20260926,120000,73W,33,2026,9,26,12,10.6,172.3,100900.0,2026-09-26 12:00:00,2026-09-26 12:00:00,1009.0
20260926,120000,73W,33,2026,9,26,12,10.5,171.3,101000.0,2026-09-26 12:00:00,2026-09-26 12:00:00,1010.0
20260926,120000,73W,33,2026,9,26,12,11.700000000000001,173.0,100900.0,2026-09-26 12:00:00,2026-09-26 12:00:00,1009.0
20260926,120000,73W,33,2026,9,26,12,11.0,172.6,101100.0,2026-09-26 12:00:00,2026-09-26 12:00:00,1011.0
20260926,120000,73W,33,2026,9,26,12,10.200000000000001,174.8,100900.0,2026-09-26 12:00:00,2026-09-26 12:00:00,1009.0
20260926,120000,73W,33,2026,9,26,12,8.5,174.9,100900.0,2026-09-26 12:00:00,2026-09-26 12:00:00,1009.0
20260926,120000,73W,33,2026,9,26,12,9.0,173.8,100800.0,2026-09-26 12:00:00,2026-09-26 12:00:00,1008.0
20260926,120000,73W,33,2026,9,26,12,8.5,175.4,100800.0,2026-09-26 12:00:00,2026-09-26 12:00:00,1008.0
20260926,120000,73W,33,2026,9,26,12,8.2,175.3,100700.0,2026-09-26 12:00:00,2026-09-26 12:00:00,1007.0
20260926,120000,73W,33,2026,9,26,12,9.3,174.3,100900.0,2026-09-26 12:00:00,2026-09-26 12:00:00,1009.0
20260926,120000,73W,33,2026,9,26,12,8.9,174.70000000000002,100900.0,2026-09-26 12:00:00,2026-09-26 12:00:00,1009.0
20260926,120000,73W,33,2026,9,26,12,8.700000000000001,175.20000000000002,101000.0,2026-09-26 12:00:00,2026-09-26 12:00:00,1010.0
20260926,120000,73W,33,2026,9,26,12,11.4,175.9,101100.0,2026-09-26 12:00:00,2026-09-26 12:00:00,1011.0
20260926,120000,73W,33,2026,9,26,12,12.6,174.3,101100.0,2026-09-26 12:00:00,2026-09-26 12:00:00,1011.0
20260926,120000,73W,34,2026,9,26,12,31.1,141.8,101000.0,2026-09-26 12:00:00,2026-09-26 12:00:00,1010.0
20260926,120000,73W,34,2026,9,26,12,30.8,142.5,100900.0,2026-09-26 12:00:00,2026-09-26 12:00:00,1009.0
20260926,120000,73W,34,2026,9,26,12,31.0,143.5,101100.0,2026-09-26 12:00:00,2026-09-26 12:00:00,1011.0
20260926,120000,73W,34,2026,9,26,12,31.3,144.70000000000002,100900.0,2026-09-26 12:00:00,2026-09-26 12:00:00,1009.0
20260926,120000,73W,34,2026,9,26,12,33.9,148.5,101100.0,2026-09-26 12:00:00,2026-09-26 12:00:00,1011.0
20260926,120000,73W,35,2026,9,26,12,12.9,167.9,101100.0,2026-09-26 12:00:00,2026-09-26 12:00:00,1011.0
20260926,120000,73W,35,2026,9,26,12,10.8,169.3,101100.0,2026-09-26 12:00:00,2026-09-26 12:00:00,1011.0
20260926,120000,73W,35,2026,9,26,12,12.0,169.4,101000.0,2026-09-26 12:00:00,2026-09-26 12:00:00,1010.0
20260926,120000,73W,35,2026,9,26,12,9.5,170.20000000000002,101100.0,2026-09-26 12:00:00,2026-09-26 12:00:00,1011.0
20260926,120000,73W,35,2026,9,26,12,9.5,169.8,100900.0,2026-09-26 12:00:00,2026-09-26 12:00:00,1009.0
20260926,120000,73W,35,2026,9,26,12,9.4,169.5,101100.0,2026-09-26 12:00:00,2026-09-26 12:00:00,1011.0
20260926,120000,73W,35,2026,9,26,12,11.1,170.9,100900.0,2026-09-26 12:00:00,2026-09-26 12:00:00,1009.0
20260926,120000,73W,35,2026,9,26,12,11.0,168.0,100900.0,2026-09-26 12:00:00,2026-09-26 12:00:00,1009.0
20260926,120000,73W,35,2026,9,26,12,11.4,165.70000000000002,101100.0,2026-09-26 12:00:00,2026-09-26 12:00:00,1011.0
20260926,120000,73W,35,2026,9,26,12,12.6,167.4,100900.0,2026-09-26 12:00:00,2026-09-26 12:00:00,1009.0
20260926,120000,73W,35,2026,9,26,12,11.1,165.4,101100.0,2026-09-26 12:00:00,2026-09-26 12:00:00,1011.0
20260926,120000,73W,36,2026,9,26,12,10.200000000000001,117.2,101000.0,2026-09-26 12:00:00,2026-09-26 12:00:00,1010.0
20260926,120000,73W,36,2026,9,26,12,11.700000000000001,117.0,100900.0,2026-09-26 12:00:00,2026-09-26 12:00:00,1009.0
20260926,120000,73W,36,2026,9,26,12,11.200000000000001,116.5,100800.0,2026-09-26 12:00:00,2026-09-26 12:00:00,1008.0
20260926,120000,73W,36,2026,9,26,12,10.1,114.3,100900.0,2026-09-26 12:00:00,2026-09-26 12:00:00,1009.0
20260926,120000,73W,36,2026,9,26,12,11.9,115.0,100700.0,2026-09-26 12:00:00,2026-09-26 12:00:00,1007.0
20260926,120000,73W,36,2026,9,26,12,11.9,112.7,100600.0,2026-09-26 12:00:00,2026-09-26 12:00:00,1006.0
20260926,120000,73W,36,2026,9,26,12,13.6,113.4,100700.0,2026-09-26 12:00:00,2026-09-26 12:00:00,1007.0
20260926,120000,73W,36,2026,9,26,12,10.200000000000001,111.8,100800.0,2026-09-26 12:00:00,2026-09-26 12:00:00,1008.0
20260926,120000,73W,36,2026,9,26,12,11.4,112.2,100600.0,2026-09-26 12:00:00,2026-09-26 12:00:00,1006.0
20260926,120000,73W,36,2026,9,26,12,9.8,111.0,100600.0,2026-09-26 12:00:00,2026-09-26 12:00:00,1006.0
20260926,120000,73W,36,2026,9,26,12,10.700000000000001,112.10000000000001,100600.0,2026-09-26 12:00:00,2026-09-26 12:00:00,1006.0
20260926,120000,73W,36,2026,9,26,12,11.200000000000001,111.8,100700.0,2026-09-26 12:00:00,2026-09-26 12:00:00,1007.0
20260926,120000,73W,36,2026,9,26,12,12.1,111.0,100500.0,2026-09-26 12:00:00,2026-09-26 12:00:00,1005.0
20260926,120000,73W,36,2026,9,26,12,12.200000000000001,110.10000000000001,100600.0,2026-09-26 12:00:00,2026-09-26 12:00:00,1006.0
20260926,120000,73W,37,2026,9,26,12,8.6,176.1,100900.0,2026-09-26 12:00:00,2026-09-26 12:00:00,1009.0
20260926,120000,73W,37,2026,9,26,12,9.700000000000001,175.5,100800.0,2026-09-26 12:00:00,2026-09-26 12:00:00,1008.0
20260926,120000,73W,37,2026,9,26,12,9.1,174.20000000000002,100900.0,2026-09-26 12:00:00,2026-09-26 12:00:00,1009.0
20260926,120000,73W,37,2026,9,26,12,7.5,172.1,100800.0,2026-09-26 12:00:00,2026-09-26 12:00:00,1008.0
20260926,120000,73W,37,2026,9,26,12,7.5,173.3,100800.0,2026-09-26 12:00:00,2026-09-26 12:00:00,1008.0
20260926,120000,73W,37,2026,9,26,12,6.9,172.3,100600.0,2026-09-26 12:00:00,2026-09-26 12:00:00,1006.0
20260926,120000,73W,37,2026,9,26,12,8.1,171.4,100800.0,2026-09-26 12:00:00,2026-09-26 12:00:00,1008.0
20260926,120000,73W,37,2026,9,26,12,7.0,170.9,100600.0,2026-09-26 12:00:00,2026-09-26 12:00:00,1006.0
20260926,120000,73W,37,2026,9,26,12,9.4,171.20000000000002,100700.0,2026-09-26 12:00:00,2026-09-26 12:00:00,1007.0
20260926,120000,73W,37,2026,9,26,12,11.0,171.8,100700.0,2026-09-26 12:00:00,2026-09-26 12:00:00,1007.0
20260926,120000,73W,37,2026,9,26,12,12.8,172.70000000000002,100800.0,2026-09-26 12:00:00,2026-09-26 12:00:00,1008.0
20260926,120000,73W,39,2026,9,26,12,20.0,163.6,101200.0,2026-09-26 12:00:00,2026-09-26 12:00:00,1012.0
20260926,120000,73W,39,2026,9,26,12,20.2,161.4,101000.0,2026-09-26 12:00:00,2026-09-26 12:00:00,1010.0
20260926,120000,73W,39,2026,9,26,12,20.3,160.4,100900.0,2026-09-26 12:00:00,2026-09-26 12:00:00,1009.0
20260926,120000,73W,39,2026,9,26,12,20.6,158.20000000000002,101000.0,2026-09-26 12:00:00,2026-09-26 12:00:00,1010.0
20260926,120000,73W,39,2026,9,26,12,19.900000000000002,154.70000000000002,100700.0,2026-09-26 12:00:00,2026-09-26 12:00:00,1007.0
20260926,120000,73W,39,2026,9,26,12,19.3,153.9,100700.0,2026-09-26 12:00:00,2026-09-26 12:00:00,1007.0
20260926,120000,73W,40,2026,9,26,12,19.7,165.1,101200.0,2026-09-26 12:00:00,2026-09-26 12:00:00,1012.0
20260926,120000,73W,40,2026,9,26,12,20.1,162.0,101000.0,2026-09-26 12:00:00,2026-09-26 12:00:00,1010.0
20260926,120000,73W,40,2026,9,26,12,19.2,160.20000000000002,100900.0,2026-09-26 12:00:00,2026-09-26 12:00:00,1009.0
20260926,120000,73W,40,2026,9,26,12,19.7,159.3,101000.0,2026-09-26 12:00:00,2026-09-26 12:00:00,1010.0
20260926,120000,73W,40,2026,9,26,12,21.6,154.70000000000002,100900.0,2026-09-26 12:00:00,2026-09-26 12:00:00,1009.0
20260926,120000,73W,41,2026,9,26,12,12.4,165.4,100800.0,2026-09-26 12:00:00,2026-09-26 12:00:00,1008.0
20260926,120000,73W,41,2026,9,26,12,11.200000000000001,164.6,100700.0,2026-09-26 12:00:00,2026-09-26 12:00:00,1007.0
20260926,120000,73W,41,2026,9,26,12,11.8,167.70000000000002,100800.0,2026-09-26 12:00:00,2026-09-26 12:00:00,1008.0
20260926,120000,73W,41,2026,9,26,12,11.4,167.20000000000002,100600.0,2026-09-26 12:00:00,2026-09-26 12:00:00,1006.0
20260926,120000,73W,41,2026,9,26,12,11.0,166.9,100800.0,2026-09-26 12:00:00,2026-09-26 12:00:00,1008.0
20260926,120000,73W,41,2026,9,26,12,12.3,166.9,100600.0,2026-09-26 12:00:00,2026-09-26 12:00:00,1006.0
20260926,120000,73W,41,2026,9,26,12,12.5,168.20000000000002,100700.0,2026-09-26 12:00:00,2026-09-26 12:00:00,1007.0
20260926,120000,73W,41,2026,9,26,12,13.4,166.4,100500.0,2026-09-26 12:00:00,2026-09-26 12:00:00,1005.0
20260926,120000,73W,41,2026,9,26,12,14.4,166.1,100200.0,2026-09-26 12:00:00,2026-09-26 12:00:00,1002.0
20260926,120000,73W,41,2026,9,26,12,15.0,165.20000000000002,100000.0,2026-09-26 12:00:00,2026-09-26 12:00:00,1000.0
20260926,120000,73W,41,2026,9,26,12,15.1,166.0,99800.0,2026-09-26 12:00:00,2026-09-26 12:00:00,998.0
20260926,120000,73W,41,2026,9,26,12,16.1,165.6,99700.0,2026-09-26 12:00:00,2026-09-26 12:00:00,997.0
20260926,120000,73W,41,2026,9,26,12,16.8,165.3,99400.0,2026-09-26 12:00:00,2026-09-26 12:00:00,994.0
20260926,120000,73W,41,2026,9,26,12,16.9,164.6,99400.0,2026-09-26 12:00:00,2026-09-26 12:00:00,994.0
20260926,120000,73W,41,2026,9,26,12,18.1,163.6,99100.0,2026-09-26 12:00:00,2026-09-26 12:00:00,991.0
20260926,120000,73W,41,2026,9,26,12,18.0,162.4,99100.0,2026-09-26 12:00:00,2026-09-26 12:00:00,991.0
20260926,120000,73W,41,2026,9,26,12,18.400000000000002,161.5,98800.0,2026-09-26 12:00:00,2026-09-26 12:00:00,988.0
20260926,120000,73W,41,2026,9,26,12,18.1,160.6,98700.0,2026-09-26 12:00:00,2026-09-26 12:00:00,987.0
20260926,120000,73W,41,2026,9,26,12,18.3,159.4,98400.0,2026-09-26 12:00:00,2026-09-26 12:00:00,984.0
20260926,120000,73W,41,2026,9,26,12,18.8,158.3,98400.0,2026-09-26 12:00:00,2026-09-26 12:00:00,984.0
20260926,120000,73W,41,2026,9,26,12,19.0,156.8,98100.0,2026-09-26 12:00:00,2026-09-26 12:00:00,981.0
20260926,120000,73W,41,2026,9,26,12,19.6,155.6,98100.0,2026-09-26 12:00:00,2026-09-26 12:00:00,981.0
20260926,120000,73W,41,2026,9,26,12,19.8,154.5,97900.0,2026-09-26 12:00:00,2026-09-26 12:00:00,979.0
20260926,120000,73W,41,2026,9,26,12,20.1,153.20000000000002,98000.0,2026-09-26 12:00:00,2026-09-26 12:00:00,980.0
20260926,120000,73W,41,2026,9,26,12,20.400000000000002,151.70000000000002,97900.0,2026-09-26 12:00:00,2026-09-26 12:00:00,979.0
20260926,120000,73W,41,2026,9,26,12,21.1,150.70000000000002,98100.0,2026-09-26 12:00:00,2026-09-26 12:00:00,981.0
20260926,120000,73W,41,2026,9,26,12,21.400000000000002,149.3,97800.0,2026-09-26 12:00:00,2026-09-26 12:00:00,978.0
20260926,120000,73W,41,2026,9,26,12,22.7,148.20000000000002,97700.0,2026-09-26 12:00:00,2026-09-26 12:00:00,977.0
20260926,120000,73W,41,2026,9,26,12,22.400000000000002,146.3,96900.0,2026-09-26 12:00:00,2026-09-26 12:00:00,969.0
20260926,120000,73W,41,2026,9,26,12,22.6,145.4,95100.0,2026-09-26 12:00:00,2026-09-26 12:00:00,951.0
20260926,120000,73W,41,2026,9,26,12,22.6,144.3,94000.0,2026-09-26 12:00:00,2026-09-26 12:00:00,940.0
20260926,120000,73W,41,2026,9,26,12,22.2,143.1,92300.0,2026-09-26 12:00:00,2026-09-26 12:00:00,923.0
20260926,120000,73W,41,2026,9,26,12,21.6,141.9,91300.0,2026-09-26 12:00:00,2026-09-26 12:00:00,913.0
20260926,120000,73W,41,2026,9,26,12,21.0,141.3,90400.0,2026-09-26 12:00:00,2026-09-26 12:00:00,904.0
20260926,120000,73W,41,2026,9,26,12,20.6,140.9,90000.0,2026-09-26 12:00:00,2026-09-26 12:00:00,900.0
20260926,120000,73W,41,2026,9,26,12,20.6,140.70000000000002,88500.0,2026-09-26 12:00:00,2026-09-26 12:00:00,885.0
20260926,120000,73W,41,2026,9,26,12,20.7,140.70000000000002,89600.0,2026-09-26 12:00:00,2026-09-26 12:00:00,896.0
20260926,120000,73W,41,2026,9,26,12,21.1,140.9,90200.0,2026-09-26 12:00:00,2026-09-26 12:00:00,902.0
20260926,120000,73W,41,2026,9,26,12,21.6,141.20000000000002,91800.0,2026-09-26 12:00:00,2026-09-26 12:00:00,918.0
20260926,120000,73W,41,2026,9,26,12,21.900000000000002,141.70000000000002,92800.0,2026-09-26 12:00:00,2026-09-26 12:00:00,928.0
20260926,120000,73W,41,2026,9,26,12,22.6,142.5,93700.0,2026-09-26 12:00:00,2026-09-26 12:00:00,937.0
20260926,120000,73W,41,2026,9,26,12,23.1,143.20000000000002,94700.0,2026-09-26 12:00:00,2026-09-26 12:00:00,947.0
20260926,120000,73W,41,2026,9,26,12,23.8,144.0,94800.0,2026-09-26 12:00:00,2026-09-26 12:00:00,948.0
20260926,120000,73W,41,2026,9,26,12,24.2,144.8,95100.0,2026-09-26 12:00:00,2026-09-26 12:00:00,951.0
20260926,120000,73W,41,2026,9,26,12,24.8,145.6,95000.0,2026-09-26 12:00:00,2026-09-26 12:00:00,950.0
20260926,120000,73W,41,2026,9,26,12,25.2,146.3,95300.0,2026-09-26 12:00:00,2026-09-26 12:00:00,953.0
20260926,120000,73W,41,2026,9,26,12,25.6,147.0,95000.0,2026-09-26 12:00:00,2026-09-26 12:00:00,950.0
20260926,120000,73W,41,2026,9,26,12,25.900000000000002,147.0,95000.0,2026-09-26 12:00:00,2026-09-26 12:00:00,950.0
20260926,120000,73W,42,2026,9,26,12,18.0,168.4,100200.0,2026-09-26 12:00:00,2026-09-26 12:00:00,1002.0
20260926,120000,73W,42,2026,9,26,12,17.900000000000002,168.70000000000002,100100.0,2026-09-26 12:00:00,2026-09-26 12:00:00,1001.0
20260926,120000,73W,42,2026,9,26,12,18.1,168.3,100300.0,2026-09-26 12:00:00,2026-09-26 12:00:00,1003.0
20260926,120000,73W,42,2026,9,26,12,18.7,167.6,100200.0,2026-09-26 12:00:00,2026-09-26 12:00:00,1002.0
20260926,120000,73W,42,2026,9,26,12,18.6,166.9,100300.0,2026-09-26 12:00:00,2026-09-26 12:00:00,1003.0
20260926,120000,73W,42,2026,9,26,12,19.400000000000002,165.9,100200.0,2026-09-26 12:00:00,2026-09-26 12:00:00,1002.0
20260926,120000,73W,42,2026,9,26,12,19.7,164.6,100300.0,2026-09-26 12:00:00,2026-09-26 12:00:00,1003.0
20260926,120000,73W,43,2026,9,26,12,13.4,159.8,100800.0,2026-09-26 12:00:00,2026-09-26 12:00:00,1008.0
20260926,120000,73W,43,2026,9,26,12,11.5,163.1,100900.0,2026-09-26 12:00:00,2026-09-26 12:00:00,1009.0
20260926,120000,73W,43,2026,9,26,12,12.9,164.1,100600.0,2026-09-26 12:00:00,2026-09-26 12:00:00,1006.0
20260926,120000,73W,43,2026,9,26,12,13.200000000000001,163.1,100500.0,2026-09-26 12:00:00,2026-09-26 12:00:00,1005.0
20260926,120000,73W,43,2026,9,26,12,11.0,163.4,100700.0,2026-09-26 12:00:00,2026-09-26 12:00:00,1007.0
20260926,120000,73W,43,2026,9,26,12,10.700000000000001,165.3,100400.0,2026-09-26 12:00:00,2026-09-26 12:00:00,1004.0
20260926,120000,73W,43,2026,9,26,12,8.3,166.70000000000002,100200.0,2026-09-26 12:00:00,2026-09-26 12:00:00,1002.0
20260926,120000,73W,43,2026,9,26,12,7.7,167.4,100200.0,2026-09-26 12:00:00,2026-09-26 12:00:00,1002.0
20260926,120000,73W,43,2026,9,26,12,8.6,171.20000000000002,100000.0,2026-09-26 12:00:00,2026-09-26 12:00:00,1000.0
20260926,120000,73W,43,2026,9,26,12,11.1,171.70000000000002,100000.0,2026-09-26 12:00:00,2026-09-26 12:00:00,1000.0
20260926,120000,73W,43,2026,9,26,12,12.6,171.20000000000002,99700.0,2026-09-26 12:00:00,2026-09-26 12:00:00,997.0
20260926,120000,73W,43,2026,9,26,12,13.5,168.3,98700.0,2026-09-26 12:00:00,2026-09-26 12:00:00,987.0
20260926,120000,73W,43,2026,9,26,12,14.3,167.8,98900.0,2026-09-26 12:00:00,2026-09-26 12:00:00,989.0
20260926,120000,73W,43,2026,9,26,12,14.6,165.70000000000002,98600.0,2026-09-26 12:00:00,2026-09-26 12:00:00,986.0
20260926,120000,73W,43,2026,9,26,12,14.6,164.5,98100.0,2026-09-26 12:00:00,2026-09-26 12:00:00,981.0
20260926,120000,73W,43,2026,9,26,12,14.700000000000001,162.9,97100.0,2026-09-26 12:00:00,2026-09-26 12:00:00,971.0
20260926,120000,73W,43,2026,9,26,12,14.5,162.0,97000.0,2026-09-26 12:00:00,2026-09-26 12:00:00,970.0
20260926,120000,73W,43,2026,9,26,12,14.5,160.9,96600.0,2026-09-26 12:00:00,2026-09-26 12:00:00,966.0
20260926,120000,73W,43,2026,9,26,12,15.3,159.8,96300.0,2026-09-26 12:00:00,2026-09-26 12:00:00,963.0
20260926,120000,73W,43,2026,9,26,12,15.700000000000001,158.6,95300.0,2026-09-26 12:00:00,2026-09-26 12:00:00,953.0
20260926,120000,73W,43,2026,9,26,12,16.4,157.3,94100.0,2026-09-26 12:00:00,2026-09-26 12:00:00,941.0
20260926,120000,73W,43,2026,9,26,12,17.1,156.20000000000002,93000.0,2026-09-26 12:00:00,2026-09-26 12:00:00,930.0
20260926,120000,73W,43,2026,9,26,12,17.7,154.9,92800.0,2026-09-26 12:00:00,2026-09-26 12:00:00,928.0
20260926,120000,73W,43,2026,9,26,12,18.5,153.8,92100.0,2026-09-26 12:00:00,2026-09-26 12:00:00,921.0
20260926,120000,73W,43,2026,9,26,12,19.400000000000002,152.8,92200.0,2026-09-26 12:00:00,2026-09-26 12:00:00,922.0
20260926,120000,73W,43,2026,9,26,12,20.400000000000002,151.70000000000002,91900.0,2026-09-26 12:00:00,2026-09-26 12:00:00,919.0
20260926,120000,73W,43,2026,9,26,12,21.2,150.70000000000002,92100.0,2026-09-26 12:00:00,2026-09-26 12:00:00,921.0
20260926,120000,73W,43,2026,9,26,12,21.8,149.6,92300.0,2026-09-26 12:00:00,2026-09-26 12:00:00,923.0
20260926,120000,73W,43,2026,9,26,12,22.7,149.1,92600.0,2026-09-26 12:00:00,2026-09-26 12:00:00,926.0
20260926,120000,73W,43,2026,9,26,12,23.2,148.20000000000002,92400.0,2026-09-26 12:00:00,2026-09-26 12:00:00,924.0
20260926,120000,73W,43,2026,9,26,12,24.0,148.0,92800.0,2026-09-26 12:00:00,2026-09-26 12:00:00,928.0
20260926,120000,73W,43,2026,9,26,12,24.900000000000002,147.6,92600.0,2026-09-26 12:00:00,2026-09-26 12:00:00,926.0
20260926,120000,73W,43,2026,9,26,12,25.900000000000002,147.1,93000.0,2026-09-26 12:00:00,2026-09-26 12:00:00,930.0
20260926,120000,73W,43,2026,9,26,12,27.1,147.1,92900.0,2026-09-26 12:00:00,2026-09-26 12:00:00,929.0
20260926,120000,73W,43,2026,9,26,12,28.5,147.1,93200.0,2026-09-26 12:00:00,2026-09-26 12:00:00,932.0
20260926,120000,73W,45,2026,9,26,12,5.5,113.4,101100.0,2026-09-26 12:00:00,2026-09-26 12:00:00,1011.0
20260926,120000,73W,45,2026,9,26,12,6.5,113.2,101000.0,2026-09-26 12:00:00,2026-09-26 12:00:00,1010.0
20260926,120000,73W,45,2026,9,26,12,7.6000000000000005,113.4,101200.0,2026-09-26 12:00:00,2026-09-26 12:00:00,1012.0
20260926,120000,73W,45,2026,9,26,12,8.4,114.2,101200.0,2026-09-26 12:00:00,2026-09-26 12:00:00,1012.0
20260926,120000,73W,45,2026,9,26,12,9.8,115.3,101100.0,2026-09-26 12:00:00,2026-09-26 12:00:00,1011.0
20260926,120000,73W,45,2026,9,26,12,8.3,116.10000000000001,101000.0,2026-09-26 12:00:00,2026-09-26 12:00:00,1010.0
20260926,120000,73W,45,2026,9,26,12,9.700000000000001,115.5,100800.0,2026-09-26 12:00:00,2026-09-26 12:00:00,1008.0
20260926,120000,73W,45,2026,9,26,12,9.6,116.4,100800.0,2026-09-26 12:00:00,2026-09-26 12:00:00,1008.0
20260926,120000,73W,45,2026,9,26,12,10.700000000000001,117.7,100900.0,2026-09-26 12:00:00,2026-09-26 12:00:00,1009.0
20260926,120000,73W,45,2026,9,26,12,8.700000000000001,117.9,100600.0,2026-09-26 12:00:00,2026-09-26 12:00:00,1006.0
20260926,120000,73W,45,2026,9,26,12,8.3,120.10000000000001,100800.0,2026-09-26 12:00:00,2026-09-26 12:00:00,1008.0
20260926,120000,73W,45,2026,9,26,12,7.7,121.7,100400.0,2026-09-26 12:00:00,2026-09-26 12:00:00,1004.0
20260926,120000,73W,45,2026,9,26,12,7.4,123.10000000000001,100600.0,2026-09-26 12:00:00,2026-09-26 12:00:00,1006.0
20260926,120000,73W,47,2026,9,26,12,18.7,159.6,100800.0,2026-09-26 12:00:00,2026-09-26 12:00:00,1008.0
20260926,120000,73W,47,2026,9,26,12,18.7,158.0,100600.0,2026-09-26 12:00:00,2026-09-26 12:00:00,1006.0
20260926,120000,73W,47,2026,9,26,12,19.0,157.9,100800.0,2026-09-26 12:00:00,2026-09-26 12:00:00,1008.0
20260926,120000,73W,47,2026,9,26,12,19.2,157.20000000000002,100600.0,2026-09-26 12:00:00,2026-09-26 12:00:00,1006.0
20260926,120000,73W,47,2026,9,26,12,19.7,156.5,100800.0,2026-09-26 12:00:00,2026-09-26 12:00:00,1008.0
20260926,120000,73W,47,2026,9,26,12,19.1,155.1,100600.0,2026-09-26 12:00:00,2026-09-26 12:00:00,1006.0
20260926,120000,73W,47,2026,9,26,12,19.3,153.4,100600.0,2026-09-26 12:00:00,2026-09-26 12:00:00,1006.0
20260926,120000,73W,47,2026,9,26,12,19.7,153.0,100300.0,2026-09-26 12:00:00,2026-09-26 12:00:00,1003.0
20260926,120000,73W,47,2026,9,26,12,19.5,151.4,100500.0,2026-09-26 12:00:00,2026-09-26 12:00:00,1005.0
20260926,120000,73W,47,2026,9,26,12,19.0,150.4,100200.0,2026-09-26 12:00:00,2026-09-26 12:00:00,1002.0
20260926,120000,73W,47,2026,9,26,12,18.400000000000002,149.8,100400.0,2026-09-26 12:00:00,2026-09-26 12:00:00,1004.0
20260926,120000,73W,47,2026,9,26,12,18.1,149.5,100200.0,2026-09-26 12:00:00,2026-09-26 12:00:00,1002.0
20260926,120000,73W,47,2026,9,26,12,17.5,149.6,100500.0,2026-09-26 12:00:00,2026-09-26 12:00:00,1005.0
20260926,120000,73W,47,2026,9,26,12,17.400000000000002,150.1,100300.0,2026-09-26 12:00:00,2026-09-26 12:00:00,1003.0
20260926,120000,73W,47,2026,9,26,12,19.7,150.20000000000002,99500.0,2026-09-26 12:00:00,2026-09-26 12:00:00,995.0
20260926,120000,73W,47,2026,9,26,12,19.3,149.0,99100.0,2026-09-26 12:00:00,2026-09-26 12:00:00,991.0
20260926,120000,73W,47,2026,9,26,12,19.2,148.70000000000002,99300.0,2026-09-26 12:00:00,2026-09-26 12:00:00,993.0
20260926,120000,73W,47,2026,9,26,12,19.2,148.20000000000002,99100.0,2026-09-26 12:00:00,2026-09-26 12:00:00,991.0
20260926,120000,73W,47,2026,9,26,12,19.3,147.70000000000002,99000.0,2026-09-26 12:00:00,2026-09-26 12:00:00,990.0
20260926,120000,73W,48,2026,9,26,12,10.700000000000001,164.9,101000.0,2026-09-26 12:00:00,2026-09-26 12:00:00,1010.0
20260926,120000,73W,48,2026,9,26,12,11.4,166.4,100800.0,2026-09-26 12:00:00,2026-09-26 12:00:00,1008.0
20260926,120000,73W,48,2026,9,26,12,12.200000000000001,165.9,100700.0,2026-09-26 12:00:00,2026-09-26 12:00:00,1007.0
20260926,120000,73W,48,2026,9,26,12,11.9,166.5,100300.0,2026-09-26 12:00:00,2026-09-26 12:00:00,1003.0
20260926,120000,73W,48,2026,9,26,12,13.1,166.4,100400.0,2026-09-26 12:00:00,2026-09-26 12:00:00,1004.0
20260926,120000,73W,48,2026,9,26,12,13.1,165.5,100100.0,2026-09-26 12:00:00,2026-09-26 12:00:00,1001.0
20260926,120000,73W,48,2026,9,26,12,13.5,165.70000000000002,99800.0,2026-09-26 12:00:00,2026-09-26 12:00:00,998.0
20260926,120000,73W,48,2026,9,26,12,13.6,165.6,99600.0,2026-09-26 12:00:00,2026-09-26 12:00:00,996.0
20260926,120000,73W,48,2026,9,26,12,13.700000000000001,165.5,98600.0,2026-09-26 12:00:00,2026-09-26 12:00:00,986.0
20260926,120000,73W,48,2026,9,26,12,13.9,165.5,98000.0,2026-09-26 12:00:00,2026-09-26 12:00:00,980.0
20260926,120000,73W,48,2026,9,26,12,14.200000000000001,165.5,97900.0,2026-09-26 12:00:00,2026-09-26 12:00:00,979.0
20260926,120000,73W,48,2026,9,26,12,14.5,165.4,97500.0,2026-09-26 12:00:00,2026-09-26 12:00:00,975.0
20260926,120000,73W,48,2026,9,26,12,14.700000000000001,165.20000000000002,97400.0,2026-09-26 12:00:00,2026-09-26 12:00:00,974.0
20260926,120000,73W,48,2026,9,26,12,14.9,165.3,97000.0,2026-09-26 12:00:00,2026-09-26 12:00:00,970.0
20260926,120000,73W,48,2026,9,26,12,15.200000000000001,165.4,97000.0,2026-09-26 12:00:00,2026-09-26 12:00:00,970.0
20260926,120000,73W,48,2026,9,26,12,15.5,165.6,96200.0,2026-09-26 12:00:00,2026-09-26 12:00:00,962.0
20260926,120000,73W,48,2026,9,26,12,16.0,165.70000000000002,95200.0,2026-09-26 12:00:00,2026-09-26 12:00:00,952.0
20260926,120000,73W,48,2026,9,26,12,16.6,165.70000000000002,94700.0,2026-09-26 12:00:00,2026-09-26 12:00:00,947.0
20260926,120000,73W,48,2026,9,26,12,17.3,165.3,94600.0,2026-09-26 12:00:00,2026-09-26 12:00:00,946.0
20260926,120000,73W,48,2026,9,26,12,17.8,164.70000000000002,94400.0,2026-09-26 12:00:00,2026-09-26 12:00:00,944.0
20260926,120000,73W,48,2026,9,26,12,18.3,164.0,93900.0,2026-09-26 12:00:00,2026-09-26 12:00:00,939.0
20260926,120000,73W,48,2026,9,26,12,18.8,163.20000000000002,93400.0,2026-09-26 12:00:00,2026-09-26 12:00:00,934.0
20260926,120000,73W,48,2026,9,26,12,19.5,162.20000000000002,92900.0,2026-09-26 12:00:00,2026-09-26 12:00:00,929.0
20260926,120000,73W,48,2026,9,26,12,20.2,161.20000000000002,93100.0,2026-09-26 12:00:00,2026-09-26 12:00:00,931.0
20260926,120000,73W,48,2026,9,26,12,21.1,160.20000000000002,93000.0,2026-09-26 12:00:00,2026-09-26 12:00:00,930.0
20260926,120000,73W,48,2026,9,26,12,22.1,159.4,92100.0,2026-09-26 12:00:00,2026-09-26 12:00:00,921.0
20260926,120000,73W,48,2026,9,26,12,23.0,158.20000000000002,93200.0,2026-09-26 12:00:00,2026-09-26 12:00:00,932.0
20260926,120000,73W,48,2026,9,26,12,24.0,157.20000000000002,93200.0,2026-09-26 12:00:00,2026-09-26 12:00:00,932.0
20260926,120000,73W,48,2026,9,26,12,24.8,156.0,91200.0,2026-09-26 12:00:00,2026-09-26 12:00:00,912.0
20260926,120000,73W,48,2026,9,26,12,25.400000000000002,154.5,92200.0,2026-09-26 12:00:00,2026-09-26 12:00:00,922.0
20260926,120000,73W,48,2026,9,26,12,26.1,152.8,92500.0,2026-09-26 12:00:00,2026-09-26 12:00:00,925.0
20260926,120000,73W,48,2026,9,26,12,26.8,151.3,92800.0,2026-09-26 12:00:00,2026-09-26 12:00:00,928.0
20260926,120000,73W,48,2026,9,26,12,27.2,149.6,93700.0,2026-09-26 12:00:00,2026-09-26 12:00:00,937.0
20260926,120000,73W,48,2026,9,26,12,27.8,148.5,94600.0,2026-09-26 12:00:00,2026-09-26 12:00:00,946.0
20260926,120000,73W,48,2026,9,26,12,28.2,147.6,95200.0,2026-09-26 12:00:00,2026-09-26 12:00:00,952.0
20260926,120000,73W,48,2026,9,26,12,28.8,147.3,95100.0,2026-09-26 12:00:00,2026-09-26 12:00:00,951.0
20260926,120000,73W,48,2026,9,26,12,29.6,147.4,95500.0,2026-09-26 12:00:00,2026-09-26 12:00:00,955.0
20260926,120000,73W,48,2026,9,26,12,30.5,148.20000000000002,95500.0,2026-09-26 12:00:00,2026-09-26 12:00:00,955.0
20260926,120000,73W,48,2026,9,26,12,32.0,148.9,95700.0,2026-09-26 12:00:00,2026-09-26 12:00:00,957.0
20260926,120000,73W,48,2026,9,26,12,33.8,150.1,95700.0,2026-09-26 12:00:00,2026-09-26 12:00:00,957.0
20260926,120000,73W,48,2026,9,26,12,35.6,152.1,96500.0,2026-09-26 12:00:00,2026-09-26 12:00:00,965.0
20260926,120000,73W,50,2026,9,26,12,19.5,149.4,99900.0,2026-09-26 12:00:00,2026-09-26 12:00:00,999.0
20260926,120000,73W,50,2026,9,26,12,19.7,150.20000000000002,99600.0,2026-09-26 12:00:00,2026-09-26 12:00:00,996.0
20260926,120000,73W,50,2026,9,26,12,20.8,149.9,99600.0,2026-09-26 12:00:00,2026-09-26 12:00:00,996.0
20260926,120000,73W,50,2026,9,26,12,20.7,150.3,99400.0,2026-09-26 12:00:00,2026-09-26 12:00:00,994.0
20260926,120000,73W,50,2026,9,26,12,21.3,151.5,99600.0,2026-09-26 12:00:00,2026-09-26 12:00:00,996.0
20260926,120000,73W,50,2026,9,26,12,22.5,152.20000000000002,99400.0,2026-09-26 12:00:00,2026-09-26 12:00:00,994.0
20260926,120000,73W,50,2026,9,26,12,23.3,152.4,99600.0,2026-09-26 12:00:00,2026-09-26 12:00:00,996.0
20260926,120000,73W,50,2026,9,26,12,24.2,152.8,99500.0,2026-09-26 12:00:00,2026-09-26 12:00:00,995.0
20260926,120000,73W,50,2026,9,26,12,25.6,153.1,99800.0,2026-09-26 12:00:00,2026-09-26 12:00:00,998.0
20260926,120000,73W,50,2026,9,26,12,26.6,153.1,99600.0,2026-09-26 12:00:00,2026-09-26 12:00:00,996.0
20260926,120000,73W,50,2026,9,26,12,28.5,153.5,99800.0,2026-09-26 12:00:00,2026-09-26 12:00:00,998.0
20260926,120000,73W,50,2026,9,26,12,30.8,153.20000000000002,99600.0,2026-09-26 12:00:00,2026-09-26 12:00:00,996.0
20260926,120000,73W,50,2026,9,26,12,32.6,153.70000000000002,99800.0,2026-09-26 12:00:00,2026-09-26 12:00:00,998.0
20260926,120000,73W,50,2026,9,26,12,35.2,155.3,99700.0,2026-09-26 12:00:00,2026-09-26 12:00:00,997.0
20260926,120000,73W,50,2026,9,26,12,37.9,157.1,99800.0,2026-09-26 12:00:00,2026-09-26 12:00:00,998.0
20260926,120000,73W,50,2026,9,26,12,39.6,160.1,99800.0,2026-09-26 12:00:00,2026-09-26 12:00:00,998.0
20260926,120000,73W,50,2026,9,26,12,38.9,161.20000000000002,99800.0,2026-09-26 12:00:00,2026-09-26 12:00:00,998.0
20260926,120000,73W,50,2026,9,26,12,38.9,162.5,99900.0,2026-09-26 12:00:00,2026-09-26 12:00:00,999.0
20260926,120000,73W,50,2026,9,26,12,38.5,163.4,100200.0,2026-09-26 12:00:00,2026-09-26 12:00:00,1002.0
20260926,120000,73W,50,2026,9,26,12,38.2,164.3,100300.0,2026-09-26 12:00:00,2026-09-26 12:00:00,1003.0
20260926,120000,73W,50,2026,9,26,12,38.5,165.5,100400.0,2026-09-26 12:00:00,2026-09-26 12:00:00,1004.0
20260926,120000,73W,50,2026,9,26,12,39.1,166.8,100500.0,2026-09-26 12:00:00,2026-09-26 12:00:00,1005.0
20260926,120000,74W,6,2026,9,26,12,18.6,148.9,100700.0,2026-09-26 12:00:00,2026-09-26 12:00:00,1007.0
20260926,120000,74W,6,2026,9,26,12,19.1,149.20000000000002,100900.0,2026-09-26 12:00:00,2026-09-26 12:00:00,1009.0
20260926,120000,74W,6,2026,9,26,12,17.0,148.70000000000002,100900.0,2026-09-26 12:00:00,2026-09-26 12:00:00,1009.0
20260926,120000,74W,6,2026,9,26,12,18.1,148.0,100700.0,2026-09-26 12:00:00,2026-09-26 12:00:00,1007.0
20260926,120000,74W,6,2026,9,26,12,18.8,146.6,100900.0,2026-09-26 12:00:00,2026-09-26 12:00:00,1009.0
20260926,120000,74W,6,2026,9,26,12,17.3,144.8,100600.0,2026-09-26 12:00:00,2026-09-26 12:00:00,1006.0
20260926,120000,74W,6,2026,9,26,12,17.900000000000002,145.8,100800.0,2026-09-26 12:00:00,2026-09-26 12:00:00,1008.0
20260926,120000,74W,6,2026,9,26,12,17.900000000000002,144.6,100500.0,2026-09-26 12:00:00,2026-09-26 12:00:00,1005.0
20260926,120000,74W,6,2026,9,26,12,18.400000000000002,143.70000000000002,100700.0,2026-09-26 12:00:00,2026-09-26 12:00:00,1007.0
20260926,120000,74W,6,2026,9,26,12,18.8,142.4,100400.0,2026-09-26 12:00:00,2026-09-26 12:00:00,1004.0
20260926,120000,74W,6,2026,9,26,12,18.7,141.5,100600.0,2026-09-26 12:00:00,2026-09-26 12:00:00,1006.0
20260926,120000,74W,6,2026,9,26,12,18.400000000000002,141.3,100300.0,2026-09-26 12:00:00,2026-09-26 12:00:00,1003.0
20260926,120000,74W,6,2026,9,26,12,18.900000000000002,140.70000000000002,100500.0,2026-09-26 12:00:00,2026-09-26 12:00:00,1005.0
20260926,120000,74W,6,2026,9,26,12,18.5,141.3,100200.0,2026-09-26 12:00:00,2026-09-26 12:00:00,1002.0
20260926,120000,74W,6,2026,9,26,12,18.6,140.5,100400.0,2026-09-26 12:00:00,2026-09-26 12:00:00,1004.0
20260926,120000,74W,6,2026,9,26,12,18.5,139.70000000000002,100100.0,2026-09-26 12:00:00,2026-09-26 12:00:00,1001.0
20260926,120000,74W,6,2026,9,26,12,17.6,139.9,100300.0,2026-09-26 12:00:00,2026-09-26 12:00:00,1003.0
20260926,120000,74W,7,2026,9,26,12,11.700000000000001,172.8,100800.0,2026-09-26 12:00:00,2026-09-26 12:00:00,1008.0
20260926,120000,74W,7,2026,9,26,12,12.6,172.8,100800.0,2026-09-26 12:00:00,2026-09-26 12:00:00,1008.0
20260926,120000,74W,7,2026,9,26,12,12.6,173.0,100800.0,2026-09-26 12:00:00,2026-09-26 12:00:00,1008.0
20260926,120000,74W,7,2026,9,26,12,14.3,173.3,100700.0,2026-09-26 12:00:00,2026-09-26 12:00:00,1007.0
20260926,120000,74W,7,2026,9,26,12,13.3,174.0,100800.0,2026-09-26 12:00:00,2026-09-26 12:00:00,1008.0
20260926,120000,74W,7,2026,9,26,12,13.6,174.8,100700.0,2026-09-26 12:00:00,2026-09-26 12:00:00,1007.0
20260926,120000,74W,7,2026,9,26,12,14.700000000000001,174.6,100700.0,2026-09-26 12:00:00,2026-09-26 12:00:00,1007.0
20260926,120000,74W,7,2026,9,26,12,14.5,175.1,100600.0,2026-09-26 12:00:00,2026-09-26 12:00:00,1006.0
20260926,120000,74W,7,2026,9,26,12,15.1,175.0,100700.0,2026-09-26 12:00:00,2026-09-26 12:00:00,1007.0
20260926,120000,74W,7,2026,9,26,12,16.6,176.4,100500.0,2026-09-26 12:00:00,2026-09-26 12:00:00,1005.0
20260926,120000,74W,7,2026,9,26,12,17.5,176.4,100500.0,2026-09-26 12:00:00,2026-09-26 12:00:00,1005.0
20260926,120000,74W,7,2026,9,26,12,18.8,176.8,100400.0,2026-09-26 12:00:00,2026-09-26 12:00:00,1004.0
20260926,120000,74W,7,2026,9,26,12,19.6,177.70000000000002,100200.0,2026-09-26 12:00:00,2026-09-26 12:00:00,1002.0
20260926,120000,74W,7,2026,9,26,12,22.0,177.1,100200.0,2026-09-26 12:00:00,2026-09-26 12:00:00,1002.0
20260926,120000,74W,7,2026,9,26,12,25.0,177.3,99800.0,2026-09-26 12:00:00,2026-09-26 12:00:00,998.0
20260926,120000,74W,7,2026,9,26,12,26.8,177.1,99700.0,2026-09-26 12:00:00,2026-09-26 12:00:00,997.0
20260926,120000,74W,7,2026,9,26,12,29.3,177.1,98800.0,2026-09-26 12:00:00,2026-09-26 12:00:00,988.0
20260926,120000,74W,7,2026,9,26,12,30.8,177.1,98700.0,2026-09-26 12:00:00,2026-09-26 12:00:00,987.0
20260926,120000,74W,7,2026,9,26,12,32.0,177.20000000000002,98200.0,2026-09-26 12:00:00,2026-09-26 12:00:00,982.0
20260926,120000,74W,7,2026,9,26,12,32.3,176.5,98100.0,2026-09-26 12:00:00,2026-09-26 12:00:00,981.0
20260926,120000,74W,8,2026,9,26,12,8.4,171.70000000000002,100900.0,2026-09-26 12:00:00,2026-09-26 12:00:00,1009.0
20260926,120000,74W,8,2026,9,26,12,6.7,171.0,100900.0,2026-09-26 12:00:00,2026-09-26 12:00:00,1009.0
20260926,120000,74W,8,2026,9,26,12,7.4,169.9,100900.0,2026-09-26 12:00:00,2026-09-26 12:00:00,1009.0
20260926,120000,74W,8,2026,9,26,12,8.3,166.9,100900.0,2026-09-26 12:00:00,2026-09-26 12:00:00,1009.0
20260926,120000,74W,8,2026,9,26,12,10.200000000000001,164.5,101100.0,2026-09-26 12:00:00,2026-09-26 12:00:00,1011.0
20260926,120000,74W,10,2026,9,26,12,36.800000000000004,156.9,96300.0,2026-09-26 12:00:00,2026-09-26 12:00:00,963.0
20260926,120000,74W,10,2026,9,26,12,40.300000000000004,160.9,95900.0,2026-09-26 12:00:00,2026-09-26 12:00:00,959.0
20260926,120000,74W,11,2026,9,26,12,18.3,161.5,100300.0,2026-09-26 12:00:00,2026-09-26 12:00:00,1003.0
20260926,120000,74W,11,2026,9,26,12,18.8,161.5,100300.0,2026-09-26 12:00:00,2026-09-26 12:00:00,1003.0
20260926,120000,74W,11,2026,9,26,12,19.5,161.4,100300.0,2026-09-26 12:00:00,2026-09-26 12:00:00,1003.0
20260926,120000,74W,11,2026,9,26,12,20.400000000000002,160.5,100000.0,2026-09-26 12:00:00,2026-09-26 12:00:00,1000.0
20260926,120000,74W,11,2026,9,26,12,21.1,158.5,100300.0,2026-09-26 12:00:00,2026-09-26 12:00:00,1003.0
20260926,120000,74W,11,2026,9,26,12,21.3,156.20000000000002,99900.0,2026-09-26 12:00:00,2026-09-26 12:00:00,999.0
20260926,120000,74W,11,2026,9,26,12,20.900000000000002,153.6,100000.0,2026-09-26 12:00:00,2026-09-26 12:00:00,1000.0
20260926,120000,74W,11,2026,9,26,12,19.7,151.3,99600.0,2026-09-26 12:00:00,2026-09-26 12:00:00,996.0
20260926,120000,74W,11,2026,9,26,12,18.6,149.4,99600.0,2026-09-26 12:00:00,2026-09-26 12:00:00,996.0
20260926,120000,74W,11,2026,9,26,12,17.6,148.1,99500.0,2026-09-26 12:00:00,2026-09-26 12:00:00,995.0
20260926,120000,74W,11,2026,9,26,12,16.8,147.0,99400.0,2026-09-26 12:00:00,2026-09-26 12:00:00,994.0
20260926,120000,74W,11,2026,9,26,12,16.1,146.3,99500.0,2026-09-26 12:00:00,2026-09-26 12:00:00,995.0
20260926,120000,74W,11,2026,9,26,12,15.200000000000001,145.8,99600.0,2026-09-26 12:00:00,2026-09-26 12:00:00,996.0
20260926,120000,74W,11,2026,9,26,12,15.200000000000001,147.0,99700.0,2026-09-26 12:00:00,2026-09-26 12:00:00,997.0
20260926,120000,74W,12,2026,9,26,12,15.3,157.8,100800.0,2026-09-26 12:00:00,2026-09-26 12:00:00,1008.0
20260926,120000,74W,12,2026,9,26,12,14.200000000000001,158.6,101100.0,2026-09-26 12:00:00,2026-09-26 12:00:00,1011.0
20260926,120000,74W,12,2026,9,26,12,14.0,156.70000000000002,100800.0,2026-09-26 12:00:00,2026-09-26 12:00:00,1008.0
20260926,120000,74W,12,2026,9,26,12,13.9,157.5,100700.0,2026-09-26 12:00:00,2026-09-26 12:00:00,1007.0
20260926,120000,74W,12,2026,9,26,12,13.4,158.5,100600.0,2026-09-26 12:00:00,2026-09-26 12:00:00,1006.0
20260926,120000,74W,12,2026,9,26,12,13.4,159.3,100000.0,2026-09-26 12:00:00,2026-09-26 12:00:00,1000.0
20260926,120000,74W,14,2026,9,26,12,13.3,167.8,101200.0,2026-09-26 12:00:00,2026-09-26 12:00:00,1012.0
20260926,120000,74W,14,2026,9,26,12,12.6,165.9,101000.0,2026-09-26 12:00:00,2026-09-26 12:00:00,1010.0
20260926,120000,74W,14,2026,9,26,12,12.0,165.70000000000002,100900.0,2026-09-26 12:00:00,2026-09-26 12:00:00,1009.0
20260926,120000,74W,14,2026,9,26,12,9.8,164.1,100800.0,2026-09-26 12:00:00,2026-09-26 12:00:00,1008.0
20260926,120000,74W,14,2026,9,26,12,10.700000000000001,162.6,100200.0,2026-09-26 12:00:00,2026-09-26 12:00:00,1002.0
20260926,120000,74W,14,2026,9,26,12,10.5,161.70000000000002,99300.0,2026-09-26 12:00:00,2026-09-26 12:00:00,993.0
20260926,120000,74W,14,2026,9,26,12,11.200000000000001,162.0,100300.0,2026-09-26 12:00:00,2026-09-26 12:00:00,1003.0
20260926,120000,74W,17,2026,9,26,12,11.8,166.3,101100.0,2026-09-26 12:00:00,2026-09-26 12:00:00,1011.0
20260926,120000,74W,17,2026,9,26,12,12.0,166.9,101100.0,2026-09-26 12:00:00,2026-09-26 12:00:00,1011.0
20260926,120000,74W,17,2026,9,26,12,10.200000000000001,167.8,101000.0,2026-09-26 12:00:00,2026-09-26 12:00:00,1010.0
20260926,120000,74W,17,2026,9,26,12,9.0,167.70000000000002,100900.0,2026-09-26 12:00:00,2026-09-26 12:00:00,1009.0
20260926,120000,74W,17,2026,9,26,12,8.9,165.70000000000002,101000.0,2026-09-26 12:00:00,2026-09-26 12:00:00,1010.0
20260926,120000,74W,17,2026,9,26,12,8.3,167.3,101000.0,2026-09-26 12:00:00,2026-09-26 12:00:00,1010.0
20260926,120000,74W,17,2026,9,26,12,9.0,167.20000000000002,100700.0,2026-09-26 12:00:00,2026-09-26 12:00:00,1007.0
20260926,120000,74W,17,2026,9,26,12,9.5,167.0,100900.0,2026-09-26 12:00:00,2026-09-26 12:00:00,1009.0
20260926,120000,74W,17,2026,9,26,12,10.200000000000001,166.8,100700.0,2026-09-26 12:00:00,2026-09-26 12:00:00,1007.0
20260926,120000,74W,17,2026,9,26,12,10.700000000000001,166.1,100800.0,2026-09-26 12:00:00,2026-09-26 12:00:00,1008.0
20260926,120000,74W,17,2026,9,26,12,10.5,165.5,100600.0,2026-09-26 12:00:00,2026-09-26 12:00:00,1006.0
20260926,120000,74W,17,2026,9,26,12,11.1,165.0,100800.0,2026-09-26 12:00:00,2026-09-26 12:00:00,1008.0
20260926,120000,74W,17,2026,9,26,12,11.200000000000001,164.8,100500.0,2026-09-26 12:00:00,2026-09-26 12:00:00,1005.0
20260926,120000,74W,17,2026,9,26,12,11.0,164.1,100600.0,2026-09-26 12:00:00,2026-09-26 12:00:00,1006.0
20260926,120000,74W,17,2026,9,26,12,10.8,164.0,100500.0,2026-09-26 12:00:00,2026-09-26 12:00:00,1005.0
20260926,120000,74W,17,2026,9,26,12,12.1,163.8,100600.0,2026-09-26 12:00:00,2026-09-26 12:00:00,1006.0
20260926,120000,74W,17,2026,9,26,12,11.4,164.6,100300.0,2026-09-26 12:00:00,2026-09-26 12:00:00,1003.0
20260926,120000,74W,17,2026,9,26,12,11.700000000000001,164.6,100400.0,2026-09-26 12:00:00,2026-09-26 12:00:00,1004.0
20260926,120000,74W,17,2026,9,26,12,11.8,164.6,100200.0,2026-09-26 12:00:00,2026-09-26 12:00:00,1002.0
20260926,120000,74W,17,2026,9,26,12,12.1,164.5,100200.0,2026-09-26 12:00:00,2026-09-26 12:00:00,1002.0
20260926,120000,74W,17,2026,9,26,12,12.4,164.6,99900.0,2026-09-26 12:00:00,2026-09-26 12:00:00,999.0
20260926,120000,74W,17,2026,9,26,12,13.5,164.9,100100.0,2026-09-26 12:00:00,2026-09-26 12:00:00,1001.0
20260926,120000,74W,17,2026,9,26,12,14.5,164.8,99800.0,2026-09-26 12:00:00,2026-09-26 12:00:00,998.0
20260926,120000,74W,17,2026,9,26,12,15.0,165.4,100000.0,2026-09-26 12:00:00,2026-09-26 12:00:00,1000.0
20260926,120000,74W,17,2026,9,26,12,16.5,164.9,99700.0,2026-09-26 12:00:00,2026-09-26 12:00:00,997.0
20260926,120000,74W,17,2026,9,26,12,17.5,165.20000000000002,99900.0,2026-09-26 12:00:00,2026-09-26 12:00:00,999.0
20260926,120000,74W,17,2026,9,26,12,18.7,165.6,99800.0,2026-09-26 12:00:00,2026-09-26 12:00:00,998.0
20260926,120000,74W,17,2026,9,26,12,19.900000000000002,165.3,100000.0,2026-09-26 12:00:00,2026-09-26 12:00:00,1000.0
20260926,120000,74W,17,2026,9,26,12,20.7,164.8,100000.0,2026-09-26 12:00:00,2026-09-26 12:00:00,1000.0
20260926,120000,74W,17,2026,9,26,12,22.1,164.9,100200.0,2026-09-26 12:00:00,2026-09-26 12:00:00,1002.0
20260926,120000,74W,17,2026,9,26,12,23.1,164.3,100200.0,2026-09-26 12:00:00,2026-09-26 12:00:00,1002.0
20260926,120000,74W,17,2026,9,26,12,24.900000000000002,163.8,100400.0,2026-09-26 12:00:00,2026-09-26 12:00:00,1004.0
20260926,120000,74W,17,2026,9,26,12,27.1,162.6,100500.0,2026-09-26 12:00:00,2026-09-26 12:00:00,1005.0
20260926,120000,74W,18,2026,9,26,12,15.700000000000001,157.1,100800.0,2026-09-26 12:00:00,2026-09-26 12:00:00,1008.0
20260926,120000,74W,18,2026,9,26,12,16.2,158.4,101000.0,2026-09-26 12:00:00,2026-09-26 12:00:00,1010.0
20260926,120000,74W,18,2026,9,26,12,14.8,157.9,100800.0,2026-09-26 12:00:00,2026-09-26 12:00:00,1008.0
20260926,120000,74W,18,2026,9,26,12,15.8,157.9,100700.0,2026-09-26 12:00:00,2026-09-26 12:00:00,1007.0
20260926,120000,74W,18,2026,9,26,12,16.0,157.5,100100.0,2026-09-26 12:00:00,2026-09-26 12:00:00,1001.0
20260926,120000,74W,18,2026,9,26,12,16.0,156.70000000000002,100200.0,2026-09-26 12:00:00,2026-09-26 12:00:00,1002.0
20260926,120000,74W,18,2026,9,26,12,15.700000000000001,154.20000000000002,100100.0,2026-09-26 12:00:00,2026-09-26 12:00:00,1001.0
20260926,120000,74W,18,2026,9,26,12,17.1,154.5,100100.0,2026-09-26 12:00:00,2026-09-26 12:00:00,1001.0
20260926,120000,74W,18,2026,9,26,12,16.5,151.8,99800.0,2026-09-26 12:00:00,2026-09-26 12:00:00,998.0
20260926,120000,74W,18,2026,9,26,12,16.8,151.0,99600.0,2026-09-26 12:00:00,2026-09-26 12:00:00,996.0
20260926,120000,74W,18,2026,9,26,12,16.5,149.3,99000.0,2026-09-26 12:00:00,2026-09-26 12:00:00,990.0
20260926,120000,74W,18,2026,9,26,12,15.9,148.0,99100.0,2026-09-26 12:00:00,2026-09-26 12:00:00,991.0
20260926,120000,74W,18,2026,9,26,12,15.5,147.3,98100.0,2026-09-26 12:00:00,2026-09-26 12:00:00,981.0
20260926,120000,74W,18,2026,9,26,12,15.3,146.70000000000002,98000.0,2026-09-26 12:00:00,2026-09-26 12:00:00,980.0
20260926,120000,74W,18,2026,9,26,12,15.1,146.1,97400.0,2026-09-26 12:00:00,2026-09-26 12:00:00,974.0
20260926,120000,74W,18,2026,9,26,12,14.700000000000001,145.6,97000.0,2026-09-26 12:00:00,2026-09-26 12:00:00,970.0
20260926,120000,74W,18,2026,9,26,12,14.700000000000001,145.4,95900.0,2026-09-26 12:00:00,2026-09-26 12:00:00,959.0
20260926,120000,74W,18,2026,9,26,12,14.6,145.3,96000.0,2026-09-26 12:00:00,2026-09-26 12:00:00,960.0
20260926,120000,74W,19,2026,9,26,12,23.2,151.3,100600.0,2026-09-26 12:00:00,2026-09-26 12:00:00,1006.0
20260926,120000,74W,19,2026,9,26,12,23.3,149.6,100700.0,2026-09-26 12:00:00,2026-09-26 12:00:00,1007.0
20260926,120000,74W,19,2026,9,26,12,23.0,148.6,100500.0,2026-09-26 12:00:00,2026-09-26 12:00:00,1005.0
20260926,120000,74W,19,2026,9,26,12,23.1,147.8,100700.0,2026-09-26 12:00:00,2026-09-26 12:00:00,1007.0
20260926,120000,74W,19,2026,9,26,12,23.2,147.0,100500.0,2026-09-26 12:00:00,2026-09-26 12:00:00,1005.0
20260926,120000,74W,19,2026,9,26,12,23.2,146.0,100700.0,2026-09-26 12:00:00,2026-09-26 12:00:00,1007.0
20260926,120000,74W,19,2026,9,26,12,23.1,145.0,100600.0,2026-09-26 12:00:00,2026-09-26 12:00:00,1006.0
20260926,120000,74W,19,2026,9,26,12,23.0,144.1,100800.0,2026-09-26 12:00:00,2026-09-26 12:00:00,1008.0
20260926,120000,74W,19,2026,9,26,12,22.8,143.5,100600.0,2026-09-26 12:00:00,2026-09-26 12:00:00,1006.0
20260926,120000,74W,19,2026,9,26,12,22.7,142.4,100700.0,2026-09-26 12:00:00,2026-09-26 12:00:00,1007.0
20260926,120000,74W,19,2026,9,26,12,22.0,141.70000000000002,100400.0,2026-09-26 12:00:00,2026-09-26 12:00:00,1004.0
20260926,120000,74W,19,2026,9,26,12,21.6,141.3,100400.0,2026-09-26 12:00:00,2026-09-26 12:00:00,1004.0
20260926,120000,74W,19,2026,9,26,12,21.2,141.0,100100.0,2026-09-26 12:00:00,2026-09-26 12:00:00,1001.0
20260926,120000,74W,19,2026,9,26,12,20.400000000000002,140.70000000000002,100300.0,2026-09-26 12:00:00,2026-09-26 12:00:00,1003.0
20260926,120000,74W,19,2026,9,26,12,19.7,140.8,100100.0,2026-09-26 12:00:00,2026-09-26 12:00:00,1001.0
20260926,120000,74W,19,2026,9,26,12,18.8,141.1,100300.0,2026-09-26 12:00:00,2026-09-26 12:00:00,1003.0
20260926,120000,74W,20,2026,9,26,12,7.5,116.3,100800.0,2026-09-26 12:00:00,2026-09-26 12:00:00,1008.0
20260926,120000,74W,20,2026,9,26,12,9.8,116.10000000000001,100900.0,2026-09-26 12:00:00,2026-09-26 12:00:00,1009.0
20260926,120000,74W,20,2026,9,26,12,10.3,115.5,100900.0,2026-09-26 12:00:00,2026-09-26 12:00:00,1009.0
20260926,120000,74W,20,2026,9,26,12,10.6,114.8,100500.0,2026-09-26 12:00:00,2026-09-26 12:00:00,1005.0
20260926,120000,74W,20,2026,9,26,12,10.700000000000001,114.2,100300.0,2026-09-26 12:00:00,2026-09-26 12:00:00,1003.0
20260926,120000,74W,20,2026,9,26,12,10.700000000000001,113.9,99900.0,2026-09-26 12:00:00,2026-09-26 12:00:00,999.0
20260926,120000,74W,20,2026,9,26,12,10.700000000000001,113.8,100100.0,2026-09-26 12:00:00,2026-09-26 12:00:00,1001.0
20260926,120000,74W,21,2026,9,26,12,13.6,163.9,100700.0,2026-09-26 12:00:00,2026-09-26 12:00:00,1007.0
20260926,120000,74W,21,2026,9,26,12,15.5,162.6,100700.0,2026-09-26 12:00:00,2026-09-26 12:00:00,1007.0
20260926,120000,74W,21,2026,9,26,12,14.5,162.0,100500.0,2026-09-26 12:00:00,2026-09-26 12:00:00,1005.0
20260926,120000,74W,21,2026,9,26,12,14.8,160.5,100700.0,2026-09-26 12:00:00,2026-09-26 12:00:00,1007.0
20260926,120000,74W,21,2026,9,26,12,14.9,161.20000000000002,100500.0,2026-09-26 12:00:00,2026-09-26 12:00:00,1005.0
20260926,120000,74W,21,2026,9,26,12,15.8,160.9,100600.0,2026-09-26 12:00:00,2026-09-26 12:00:00,1006.0
20260926,120000,74W,21,2026,9,26,12,17.3,159.20000000000002,100700.0,2026-09-26 12:00:00,2026-09-26 12:00:00,1007.0
20260926,120000,74W,21,2026,9,26,12,16.3,157.1,100600.0,2026-09-26 12:00:00,2026-09-26 12:00:00,1006.0
20260926,120000,74W,22,2026,9,26,12,16.5,155.70000000000002,100600.0,2026-09-26 12:00:00,2026-09-26 12:00:00,1006.0
20260926,120000,74W,22,2026,9,26,12,16.2,155.9,100800.0,2026-09-26 12:00:00,2026-09-26 12:00:00,1008.0
20260926,120000,74W,22,2026,9,26,12,16.7,157.0,100600.0,2026-09-26 12:00:00,2026-09-26 12:00:00,1006.0
20260926,120000,74W,22,2026,9,26,12,15.8,156.70000000000002,100800.0,2026-09-26 12:00:00,2026-09-26 12:00:00,1008.0
20260926,120000,74W,22,2026,9,26,12,15.0,156.70000000000002,100600.0,2026-09-26 12:00:00,2026-09-26 12:00:00,1006.0
20260926,120000,74W,22,2026,9,26,12,15.0,155.9,100800.0,2026-09-26 12:00:00,2026-09-26 12:00:00,1008.0
20260926,120000,74W,22,2026,9,26,12,14.700000000000001,155.9,100500.0,2026-09-26 12:00:00,2026-09-26 12:00:00,1005.0
20260926,120000,74W,22,2026,9,26,12,13.9,156.0,100700.0,2026-09-26 12:00:00,2026-09-26 12:00:00,1007.0
20260926,120000,74W,22,2026,9,26,12,14.0,156.0,100100.0,2026-09-26 12:00:00,2026-09-26 12:00:00,1001.0
20260926,120000,74W,22,2026,9,26,12,13.6,155.6,99900.0,2026-09-26 12:00:00,2026-09-26 12:00:00,999.0
20260926,120000,74W,22,2026,9,26,12,13.1,155.1,99500.0,2026-09-26 12:00:00,2026-09-26 12:00:00,995.0
20260926,120000,74W,22,2026,9,26,12,12.9,154.9,99300.0,2026-09-26 12:00:00,2026-09-26 12:00:00,993.0
20260926,120000,74W,22,2026,9,26,12,12.5,154.6,98000.0,2026-09-26 12:00:00,2026-09-26 12:00:00,980.0
20260926,120000,74W,22,2026,9,26,12,12.4,154.20000000000002,97300.0,2026-09-26 12:00:00,2026-09-26 12:00:00,973.0
20260926,120000,74W,22,2026,9,26,12,12.5,153.6,96500.0,2026-09-26 12:00:00,2026-09-26 12:00:00,965.0
20260926,120000,74W,22,2026,9,26,12,12.5,153.20000000000002,95800.0,2026-09-26 12:00:00,2026-09-26 12:00:00,958.0
20260926,120000,74W,22,2026,9,26,12,12.700000000000001,152.5,95200.0,2026-09-26 12:00:00,2026-09-26 12:00:00,952.0
20260926,120000,74W,22,2026,9,26,12,12.9,151.5,94900.0,2026-09-26 12:00:00,2026-09-26 12:00:00,949.0
20260926,120000,74W,22,2026,9,26,12,13.3,150.8,93800.0,2026-09-26 12:00:00,2026-09-26 12:00:00,938.0
20260926,120000,74W,22,2026,9,26,12,13.5,149.8,93800.0,2026-09-26 12:00:00,2026-09-26 12:00:00,938.0
20260926,120000,74W,22,2026,9,26,12,13.6,148.9,92300.0,2026-09-26 12:00:00,2026-09-26 12:00:00,923.0
20260926,120000,74W,22,2026,9,26,12,13.9,148.0,92500.0,2026-09-26 12:00:00,2026-09-26 12:00:00,925.0
20260926,120000,74W,22,2026,9,26,12,14.4,147.3,91500.0,2026-09-26 12:00:00,2026-09-26 12:00:00,915.0
20260926,120000,74W,22,2026,9,26,12,14.9,146.4,92000.0,2026-09-26 12:00:00,2026-09-26 12:00:00,920.0
20260926,120000,74W,24,2026,9,26,12,12.3,149.6,100800.0,2026-09-26 12:00:00,2026-09-26 12:00:00,1008.0
20260926,120000,74W,24,2026,9,26,12,12.4,150.8,100800.0,2026-09-26 12:00:00,2026-09-26 12:00:00,1008.0
20260926,120000,74W,24,2026,9,26,12,13.200000000000001,151.70000000000002,101100.0,2026-09-26 12:00:00,2026-09-26 12:00:00,1011.0
20260926,120000,74W,24,2026,9,26,12,13.4,152.5,100800.0,2026-09-26 12:00:00,2026-09-26 12:00:00,1008.0
20260926,120000,74W,24,2026,9,26,12,13.8,153.5,101000.0,2026-09-26 12:00:00,2026-09-26 12:00:00,1010.0
20260926,120000,74W,24,2026,9,26,12,13.8,155.20000000000002,100600.0,2026-09-26 12:00:00,2026-09-26 12:00:00,1006.0
20260926,120000,74W,24,2026,9,26,12,16.2,158.9,100900.0,2026-09-26 12:00:00,2026-09-26 12:00:00,1009.0
20260926,120000,74W,25,2026,9,26,12,14.5,122.4,100600.0,2026-09-26 12:00:00,2026-09-26 12:00:00,1006.0
20260926,120000,74W,25,2026,9,26,12,14.9,123.2,100300.0,2026-09-26 12:00:00,2026-09-26 12:00:00,1003.0
20260926,120000,74W,25,2026,9,26,12,15.3,123.60000000000001,100500.0,2026-09-26 12:00:00,2026-09-26 12:00:00,1005.0
20260926,120000,74W,25,2026,9,26,12,15.9,124.4,100200.0,2026-09-26 12:00:00,2026-09-26 12:00:00,1002.0
20260926,120000,74W,25,2026,9,26,12,15.700000000000001,124.9,100700.0,2026-09-26 12:00:00,2026-09-26 12:00:00,1007.0
20260926,120000,74W,25,2026,9,26,12,16.2,126.10000000000001,100100.0,2026-09-26 12:00:00,2026-09-26 12:00:00,1001.0
20260926,120000,74W,25,2026,9,26,12,16.0,126.3,100200.0,2026-09-26 12:00:00,2026-09-26 12:00:00,1002.0
20260926,120000,74W,25,2026,9,26,12,16.2,127.4,99800.0,2026-09-26 12:00:00,2026-09-26 12:00:00,998.0
20260926,120000,74W,25,2026,9,26,12,17.5,129.8,99200.0,2026-09-26 12:00:00,2026-09-26 12:00:00,992.0
20260926,120000,74W,25,2026,9,26,12,17.3,130.2,98200.0,2026-09-26 12:00:00,2026-09-26 12:00:00,982.0
20260926,120000,74W,25,2026,9,26,12,17.8,131.8,98400.0,2026-09-26 12:00:00,2026-09-26 12:00:00,984.0
20260926,120000,74W,25,2026,9,26,12,18.3,133.3,97800.0,2026-09-26 12:00:00,2026-09-26 12:00:00,978.0
20260926,120000,74W,25,2026,9,26,12,19.5,134.5,97400.0,2026-09-26 12:00:00,2026-09-26 12:00:00,974.0
20260926,120000,74W,25,2026,9,26,12,20.5,135.2,97600.0,2026-09-26 12:00:00,2026-09-26 12:00:00,976.0
20260926,120000,74W,25,2026,9,26,12,21.6,136.0,96600.0,2026-09-26 12:00:00,2026-09-26 12:00:00,966.0
20260926,120000,74W,26,2026,9,26,12,17.5,141.5,100700.0,2026-09-26 12:00:00,2026-09-26 12:00:00,1007.0
20260926,120000,74W,26,2026,9,26,12,16.1,143.20000000000002,100500.0,2026-09-26 12:00:00,2026-09-26 12:00:00,1005.0
20260926,120000,74W,27,2026,9,26,12,13.3,173.70000000000002,100700.0,2026-09-26 12:00:00,2026-09-26 12:00:00,1007.0
20260926,120000,74W,27,2026,9,26,12,14.3,173.6,100900.0,2026-09-26 12:00:00,2026-09-26 12:00:00,1009.0
20260926,120000,74W,27,2026,9,26,12,15.1,173.0,100900.0,2026-09-26 12:00:00,2026-09-26 12:00:00,1009.0
20260926,120000,74W,27,2026,9,26,12,15.200000000000001,172.4,101100.0,2026-09-26 12:00:00,2026-09-26 12:00:00,1011.0
20260926,120000,74W,27,2026,9,26,12,14.9,172.1,101000.0,2026-09-26 12:00:00,2026-09-26 12:00:00,1010.0
20260926,120000,74W,27,2026,9,26,12,14.5,171.6,101100.0,2026-09-26 12:00:00,2026-09-26 12:00:00,1011.0
20260926,120000,74W,27,2026,9,26,12,13.5,171.4,101000.0,2026-09-26 12:00:00,2026-09-26 12:00:00,1010.0
20260926,120000,74W,27,2026,9,26,12,12.3,171.70000000000002,101100.0,2026-09-26 12:00:00,2026-09-26 12:00:00,1011.0
20260926,120000,74W,27,2026,9,26,12,10.9,171.6,100900.0,2026-09-26 12:00:00,2026-09-26 12:00:00,1009.0
20260926,120000,74W,27,2026,9,26,12,9.700000000000001,171.9,100900.0,2026-09-26 12:00:00,2026-09-26 12:00:00,1009.0
20260926,120000,74W,27,2026,9,26,12,9.200000000000001,171.4,100800.0,2026-09-26 12:00:00,2026-09-26 12:00:00,1008.0
20260926,120000,74W,27,2026,9,26,12,8.700000000000001,171.4,100900.0,2026-09-26 12:00:00,2026-09-26 12:00:00,1009.0
20260926,120000,74W,27,2026,9,26,12,8.6,171.4,100800.0,2026-09-26 12:00:00,2026-09-26 12:00:00,1008.0
20260926,120000,74W,27,2026,9,26,12,8.9,171.20000000000002,100800.0,2026-09-26 12:00:00,2026-09-26 12:00:00,1008.0
20260926,120000,74W,27,2026,9,26,12,8.9,170.5,100700.0,2026-09-26 12:00:00,2026-09-26 12:00:00,1007.0
20260926,120000,74W,27,2026,9,26,12,8.5,170.1,100900.0,2026-09-26 12:00:00,2026-09-26 12:00:00,1009.0
20260926,120000,74W,27,2026,9,26,12,8.5,169.8,100800.0,2026-09-26 12:00:00,2026-09-26 12:00:00,1008.0
20260926,120000,74W,27,2026,9,26,12,8.1,169.5,100800.0,2026-09-26 12:00:00,2026-09-26 12:00:00,1008.0
20260926,120000,74W,27,2026,9,26,12,7.7,169.0,100700.0,2026-09-26 12:00:00,2026-09-26 12:00:00,1007.0
20260926,120000,74W,27,2026,9,26,12,7.5,169.20000000000002,100900.0,2026-09-26 12:00:00,2026-09-26 12:00:00,1009.0
20260926,120000,74W,27,2026,9,26,12,7.6000000000000005,169.0,100700.0,2026-09-26 12:00:00,2026-09-26 12:00:00,1007.0
20260926,120000,74W,27,2026,9,26,12,7.1000000000000005,169.4,100800.0,2026-09-26 12:00:00,2026-09-26 12:00:00,1008.0
20260926,120000,74W,27,2026,9,26,12,8.1,167.5,100700.0,2026-09-26 12:00:00,2026-09-26 12:00:00,1007.0
20260926,120000,74W,29,2026,9,26,12,17.2,153.20000000000002,100700.0,2026-09-26 12:00:00,2026-09-26 12:00:00,1007.0
20260926,120000,74W,29,2026,9,26,12,17.3,153.6,100400.0,2026-09-26 12:00:00,2026-09-26 12:00:00,1004.0
20260926,120000,74W,29,2026,9,26,12,15.200000000000001,152.5,100600.0,2026-09-26 12:00:00,2026-09-26 12:00:00,1006.0
20260926,120000,74W,30,2026,9,26,12,14.9,163.5,100800.0,2026-09-26 12:00:00,2026-09-26 12:00:00,1008.0
20260926,120000,74W,30,2026,9,26,12,15.3,164.6,100400.0,2026-09-26 12:00:00,2026-09-26 12:00:00,1004.0
20260926,120000,74W,30,2026,9,26,12,15.9,164.9,100500.0,2026-09-26 12:00:00,2026-09-26 12:00:00,1005.0
20260926,120000,74W,30,2026,9,26,12,16.4,164.8,100100.0,2026-09-26 12:00:00,2026-09-26 12:00:00,1001.0
20260926,120000,74W,30,2026,9,26,12,16.8,163.9,99600.0,2026-09-26 12:00:00,2026-09-26 12:00:00,996.0
20260926,120000,74W,30,2026,9,26,12,16.4,163.5,99400.0,2026-09-26 12:00:00,2026-09-26 12:00:00,994.0
20260926,120000,74W,30,2026,9,26,12,16.2,163.3,99400.0,2026-09-26 12:00:00,2026-09-26 12:00:00,994.0
20260926,120000,74W,30,2026,9,26,12,16.1,163.1,99100.0,2026-09-26 12:00:00,2026-09-26 12:00:00,991.0
20260926,120000,74W,30,2026,9,26,12,16.1,163.20000000000002,99200.0,2026-09-26 12:00:00,2026-09-26 12:00:00,992.0
20260926,120000,74W,30,2026,9,26,12,16.2,162.70000000000002,99200.0,2026-09-26 12:00:00,2026-09-26 12:00:00,992.0
20260926,120000,74W,30,2026,9,26,12,15.5,162.20000000000002,98600.0,2026-09-26 12:00:00,2026-09-26 12:00:00,986.0
20260926,120000,74W,30,2026,9,26,12,15.700000000000001,161.6,98300.0,2026-09-26 12:00:00,2026-09-26 12:00:00,983.0
20260926,120000,74W,30,2026,9,26,12,15.700000000000001,161.70000000000002,97700.0,2026-09-26 12:00:00,2026-09-26 12:00:00,977.0
20260926,120000,74W,30,2026,9,26,12,16.2,161.9,97700.0,2026-09-26 12:00:00,2026-09-26 12:00:00,977.0
20260926,120000,74W,30,2026,9,26,12,16.9,162.3,97100.0,2026-09-26 12:00:00,2026-09-26 12:00:00,971.0
20260926,120000,74W,30,2026,9,26,12,18.900000000000002,162.5,96300.0,2026-09-26 12:00:00,2026-09-26 12:00:00,963.0
20260926,120000,74W,30,2026,9,26,12,19.400000000000002,161.8,96300.0,2026-09-26 12:00:00,2026-09-26 12:00:00,963.0
20260926,120000,74W,30,2026,9,26,12,20.900000000000002,161.5,96200.0,2026-09-26 12:00:00,2026-09-26 12:00:00,962.0
20260926,120000,74W,30,2026,9,26,12,22.6,160.1,96200.0,2026-09-26 12:00:00,2026-09-26 12:00:00,962.0
20260926,120000,74W,30,2026,9,26,12,23.3,158.9,95600.0,2026-09-26 12:00:00,2026-09-26 12:00:00,956.0
20260926,120000,74W,30,2026,9,26,12,23.900000000000002,157.9,96200.0,2026-09-26 12:00:00,2026-09-26 12:00:00,962.0
20260926,120000,74W,30,2026,9,26,12,24.0,157.5,96500.0,2026-09-26 12:00:00,2026-09-26 12:00:00,965.0
20260926,120000,74W,30,2026,9,26,12,24.400000000000002,157.0,96800.0,2026-09-26 12:00:00,2026-09-26 12:00:00,968.0
20260926,120000,74W,30,2026,9,26,12,24.900000000000002,156.70000000000002,96900.0,2026-09-26 12:00:00,2026-09-26 12:00:00,969.0
20260926,120000,74W,30,2026,9,26,12,25.7,155.6,96800.0,2026-09-26 12:00:00,2026-09-26 12:00:00,968.0
20260926,120000,74W,30,2026,9,26,12,26.400000000000002,154.6,96500.0,2026-09-26 12:00:00,2026-09-26 12:00:00,965.0
20260926,120000,74W,30,2026,9,26,12,26.900000000000002,153.5,96300.0,2026-09-26 12:00:00,2026-09-26 12:00:00,963.0
20260926,120000,74W,30,2026,9,26,12,26.8,152.4,96100.0,2026-09-26 12:00:00,2026-09-26 12:00:00,961.0
20260926,120000,74W,30,2026,9,26,12,27.7,151.8,96100.0,2026-09-26 12:00:00,2026-09-26 12:00:00,961.0
20260926,120000,74W,30,2026,9,26,12,28.6,151.5,95900.0,2026-09-26 12:00:00,2026-09-26 12:00:00,959.0
20260926,120000,74W,30,2026,9,26,12,30.1,151.3,96000.0,2026-09-26 12:00:00,2026-09-26 12:00:00,960.0
20260926,120000,74W,30,2026,9,26,12,31.7,151.8,96200.0,2026-09-26 12:00:00,2026-09-26 12:00:00,962.0
20260926,120000,74W,30,2026,9,26,12,34.2,152.3,96200.0,2026-09-26 12:00:00,2026-09-26 12:00:00,962.0
20260926,120000,74W,30,2026,9,26,12,37.300000000000004,153.70000000000002,96200.0,2026-09-26 12:00:00,2026-09-26 12:00:00,962.0
20260926,120000,74W,30,2026,9,26,12,41.2,155.8,95900.0,2026-09-26 12:00:00,2026-09-26 12:00:00,959.0
20260926,120000,74W,30,2026,9,26,12,45.800000000000004,157.0,95700.0,2026-09-26 12:00:00,2026-09-26 12:00:00,957.0
20260926,120000,74W,30,2026,9,26,12,49.6,157.0,95200.0,2026-09-26 12:00:00,2026-09-26 12:00:00,952.0
20260926,120000,74W,31,2026,9,26,12,13.4,161.3,100800.0,2026-09-26 12:00:00,2026-09-26 12:00:00,1008.0
20260926,120000,74W,31,2026,9,26,12,15.200000000000001,161.5,101000.0,2026-09-26 12:00:00,2026-09-26 12:00:00,1010.0
20260926,120000,74W,33,2026,9,26,12,20.2,110.9,101000.0,2026-09-26 12:00:00,2026-09-26 12:00:00,1010.0
20260926,120000,74W,33,2026,9,26,12,18.0,112.10000000000001,100900.0,2026-09-26 12:00:00,2026-09-26 12:00:00,1009.0
20260926,120000,74W,33,2026,9,26,12,16.8,112.60000000000001,101000.0,2026-09-26 12:00:00,2026-09-26 12:00:00,1010.0
20260926,120000,74W,33,2026,9,26,12,19.400000000000002,111.7,100900.0,2026-09-26 12:00:00,2026-09-26 12:00:00,1009.0
20260926,120000,74W,33,2026,9,26,12,18.7,111.5,100900.0,2026-09-26 12:00:00,2026-09-26 12:00:00,1009.0
20260926,120000,74W,33,2026,9,26,12,18.3,111.10000000000001,100800.0,2026-09-26 12:00:00,2026-09-26 12:00:00,1008.0
20260926,120000,74W,33,2026,9,26,12,18.3,110.9,101000.0,2026-09-26 12:00:00,2026-09-26 12:00:00,1010.0
20260926,120000,74W,33,2026,9,26,12,18.7,110.3,100900.0,2026-09-26 12:00:00,2026-09-26 12:00:00,1009.0
20260926,120000,74W,33,2026,9,26,12,17.6,108.5,100900.0,2026-09-26 12:00:00,2026-09-26 12:00:00,1009.0
20260926,120000,74W,33,2026,9,26,12,16.8,108.8,101000.0,2026-09-26 12:00:00,2026-09-26 12:00:00,1010.0
20260926,120000,74W,33,2026,9,26,12,16.9,108.5,101100.0,2026-09-26 12:00:00,2026-09-26 12:00:00,1011.0
20260926,120000,74W,33,2026,9,26,12,16.9,108.5,101100.0,2026-09-26 12:00:00,2026-09-26 12:00:00,1011.0
20260926,120000,74W,34,2026,9,26,12,21.900000000000002,165.1,100100.0,2026-09-26 12:00:00,2026-09-26 12:00:00,1001.0
20260926,120000,74W,34,2026,9,26,12,24.1,163.9,100300.0,2026-09-26 12:00:00,2026-09-26 12:00:00,1003.0
20260926,120000,74W,34,2026,9,26,12,26.1,162.8,100200.0,2026-09-26 12:00:00,2026-09-26 12:00:00,1002.0
20260926,120000,74W,34,2026,9,26,12,27.3,161.0,100300.0,2026-09-26 12:00:00,2026-09-26 12:00:00,1003.0
20260926,120000,74W,34,2026,9,26,12,28.3,159.6,100000.0,2026-09-26 12:00:00,2026-09-26 12:00:00,1000.0
20260926,120000,74W,34,2026,9,26,12,29.2,157.6,100200.0,2026-09-26 12:00:00,2026-09-26 12:00:00,1002.0
20260926,120000,74W,34,2026,9,26,12,30.2,155.8,99900.0,2026-09-26 12:00:00,2026-09-26 12:00:00,999.0
20260926,120000,74W,34,2026,9,26,12,32.2,153.70000000000002,100200.0,2026-09-26 12:00:00,2026-09-26 12:00:00,1002.0
20260926,120000,74W,35,2026,9,26,12,30.400000000000002,123.0,100800.0,2026-09-26 12:00:00,2026-09-26 12:00:00,1008.0
20260926,120000,74W,35,2026,9,26,12,30.6,124.60000000000001,100800.0,2026-09-26 12:00:00,2026-09-26 12:00:00,1008.0
20260926,120000,74W,35,2026,9,26,12,30.1,126.4,100700.0,2026-09-26 12:00:00,2026-09-26 12:00:00,1007.0
20260926,120000,74W,35,2026,9,26,12,29.6,127.10000000000001,100700.0,2026-09-26 12:00:00,2026-09-26 12:00:00,1007.0
20260926,120000,74W,35,2026,9,26,12,28.3,128.9,100800.0,2026-09-26 12:00:00,2026-09-26 12:00:00,1008.0
20260926,120000,74W,36,2026,9,26,12,36.9,155.5,96700.0,2026-09-26 12:00:00,2026-09-26 12:00:00,967.0
20260926,120000,74W,36,2026,9,26,12,43.6,161.3,97100.0,2026-09-26 12:00:00,2026-09-26 12:00:00,971.0
20260926,120000,74W,37,2026,9,26,12,9.6,120.0,101000.0,2026-09-26 12:00:00,2026-09-26 12:00:00,1010.0
20260926,120000,74W,37,2026,9,26,12,10.700000000000001,117.7,100800.0,2026-09-26 12:00:00,2026-09-26 12:00:00,1008.0
20260926,120000,74W,37,2026,9,26,12,10.200000000000001,117.2,100700.0,2026-09-26 12:00:00,2026-09-26 12:00:00,1007.0
20260926,120000,74W,37,2026,9,26,12,9.8,114.60000000000001,100900.0,2026-09-26 12:00:00,2026-09-26 12:00:00,1009.0
20260926,120000,74W,37,2026,9,26,12,10.4,116.0,100900.0,2026-09-26 12:00:00,2026-09-26 12:00:00,1009.0
20260926,120000,74W,37,2026,9,26,12,10.200000000000001,115.3,100900.0,2026-09-26 12:00:00,2026-09-26 12:00:00,1009.0
20260926,120000,74W,39,2026,9,26,12,11.4,170.20000000000002,101000.0,2026-09-26 12:00:00,2026-09-26 12:00:00,1010.0
20260926,120000,74W,39,2026,9,26,12,11.8,170.6,100900.0,2026-09-26 12:00:00,2026-09-26 12:00:00,1009.0
20260926,120000,74W,39,2026,9,26,12,12.4,169.5,101000.0,2026-09-26 12:00:00,2026-09-26 12:00:00,1010.0
20260926,120000,74W,39,2026,9,26,12,11.200000000000001,170.4,101000.0,2026-09-26 12:00:00,2026-09-26 12:00:00,1010.0
20260926,120000,74W,39,2026,9,26,12,10.6,170.4,100800.0,2026-09-26 12:00:00,2026-09-26 12:00:00,1008.0
20260926,120000,74W,39,2026,9,26,12,10.6,170.4,100900.0,2026-09-26 12:00:00,2026-09-26 12:00:00,1009.0
20260926,120000,74W,39,2026,9,26,12,9.1,169.8,100700.0,2026-09-26 12:00:00,2026-09-26 12:00:00,1007.0
20260926,120000,74W,39,2026,9,26,12,9.1,170.1,100700.0,2026-09-26 12:00:00,2026-09-26 12:00:00,1007.0
20260926,120000,74W,39,2026,9,26,12,8.6,170.20000000000002,100600.0,2026-09-26 12:00:00,2026-09-26 12:00:00,1006.0
20260926,120000,74W,39,2026,9,26,12,8.1,169.8,100700.0,2026-09-26 12:00:00,2026-09-26 12:00:00,1007.0
20260926,120000,74W,39,2026,9,26,12,7.3,170.0,100500.0,2026-09-26 12:00:00,2026-09-26 12:00:00,1005.0
20260926,120000,74W,39,2026,9,26,12,7.7,170.5,100700.0,2026-09-26 12:00:00,2026-09-26 12:00:00,1007.0
20260926,120000,74W,39,2026,9,26,12,8.2,170.8,100600.0,2026-09-26 12:00:00,2026-09-26 12:00:00,1006.0
20260926,120000,74W,39,2026,9,26,12,8.0,170.20000000000002,100800.0,2026-09-26 12:00:00,2026-09-26 12:00:00,1008.0
20260926,120000,74W,39,2026,9,26,12,8.700000000000001,170.20000000000002,100700.0,2026-09-26 12:00:00,2026-09-26 12:00:00,1007.0
20260926,120000,74W,39,2026,9,26,12,9.1,170.0,100900.0,2026-09-26 12:00:00,2026-09-26 12:00:00,1009.0
20260926,120000,74W,40,2026,9,26,12,17.8,155.8,100500.0,2026-09-26 12:00:00,2026-09-26 12:00:00,1005.0
20260926,120000,74W,40,2026,9,26,12,18.8,156.70000000000002,100700.0,2026-09-26 12:00:00,2026-09-26 12:00:00,1007.0
20260926,120000,74W,40,2026,9,26,12,19.2,156.8,100500.0,2026-09-26 12:00:00,2026-09-26 12:00:00,1005.0
20260926,120000,74W,40,2026,9,26,12,20.1,155.70000000000002,100200.0,2026-09-26 12:00:00,2026-09-26 12:00:00,1002.0
20260926,120000,74W,40,2026,9,26,12,20.5,156.8,100100.0,2026-09-26 12:00:00,2026-09-26 12:00:00,1001.0
20260926,120000,74W,40,2026,9,26,12,20.900000000000002,155.8,99900.0,2026-09-26 12:00:00,2026-09-26 12:00:00,999.0
20260926,120000,74W,40,2026,9,26,12,20.7,154.8,100100.0,2026-09-26 12:00:00,2026-09-26 12:00:00,1001.0
20260926,120000,74W,40,2026,9,26,12,17.8,154.70000000000002,100100.0,2026-09-26 12:00:00,2026-09-26 12:00:00,1001.0
20260926,120000,74W,40,2026,9,26,12,18.1,153.8,100000.0,2026-09-26 12:00:00,2026-09-26 12:00:00,1000.0
20260926,120000,74W,40,2026,9,26,12,18.7,154.6,100200.0,2026-09-26 12:00:00,2026-09-26 12:00:00,1002.0
20260926,120000,74W,40,2026,9,26,12,19.900000000000002,154.4,100100.0,2026-09-26 12:00:00,2026-09-26 12:00:00,1001.0
20260926,120000,74W,40,2026,9,26,12,20.8,153.4,100300.0,2026-09-26 12:00:00,2026-09-26 12:00:00,1003.0
20260926,120000,74W,40,2026,9,26,12,21.0,152.0,100100.0,2026-09-26 12:00:00,2026-09-26 12:00:00,1001.0
20260926,120000,74W,40,2026,9,26,12,20.7,150.3,100300.0,2026-09-26 12:00:00,2026-09-26 12:00:00,1003.0
20260926,120000,74W,40,2026,9,26,12,20.400000000000002,149.1,99700.0,2026-09-26 12:00:00,2026-09-26 12:00:00,997.0
20260926,120000,74W,40,2026,9,26,12,20.3,147.70000000000002,99600.0,2026-09-26 12:00:00,2026-09-26 12:00:00,996.0
20260926,120000,74W,40,2026,9,26,12,20.0,146.0,99000.0,2026-09-26 12:00:00,2026-09-26 12:00:00,990.0
20260926,120000,74W,40,2026,9,26,12,19.5,144.5,98600.0,2026-09-26 12:00:00,2026-09-26 12:00:00,986.0
20260926,120000,74W,40,2026,9,26,12,19.2,143.5,98500.0,2026-09-26 12:00:00,2026-09-26 12:00:00,985.0
20260926,120000,74W,40,2026,9,26,12,19.2,142.5,98300.0,2026-09-26 12:00:00,2026-09-26 12:00:00,983.0
20260926,120000,74W,41,2026,9,26,12,18.3,145.5,101000.0,2026-09-26 12:00:00,2026-09-26 12:00:00,1010.0
20260926,120000,74W,41,2026,9,26,12,18.5,144.70000000000002,101000.0,2026-09-26 12:00:00,2026-09-26 12:00:00,1010.0
20260926,120000,74W,41,2026,9,26,12,18.8,144.5,100800.0,2026-09-26 12:00:00,2026-09-26 12:00:00,1008.0
20260926,120000,74W,41,2026,9,26,12,18.1,142.1,101000.0,2026-09-26 12:00:00,2026-09-26 12:00:00,1010.0
20260926,120000,74W,41,2026,9,26,12,17.3,142.5,100700.0,2026-09-26 12:00:00,2026-09-26 12:00:00,1007.0
20260926,120000,74W,41,2026,9,26,12,16.4,140.0,100900.0,2026-09-26 12:00:00,2026-09-26 12:00:00,1009.0
20260926,120000,74W,41,2026,9,26,12,16.2,140.8,100600.0,2026-09-26 12:00:00,2026-09-26 12:00:00,1006.0
20260926,120000,74W,41,2026,9,26,12,17.3,140.3,100800.0,2026-09-26 12:00:00,2026-09-26 12:00:00,1008.0
20260926,120000,74W,41,2026,9,26,12,16.7,139.8,100500.0,2026-09-26 12:00:00,2026-09-26 12:00:00,1005.0
20260926,120000,74W,41,2026,9,26,12,16.4,140.20000000000002,100600.0,2026-09-26 12:00:00,2026-09-26 12:00:00,1006.0
20260926,120000,74W,41,2026,9,26,12,16.3,140.9,100300.0,2026-09-26 12:00:00,2026-09-26 12:00:00,1003.0
20260926,120000,74W,41,2026,9,26,12,16.2,139.5,100400.0,2026-09-26 12:00:00,2026-09-26 12:00:00,1004.0
20260926,120000,74W,41,2026,9,26,12,16.1,139.5,100000.0,2026-09-26 12:00:00,2026-09-26 12:00:00,1000.0
20260926,120000,74W,41,2026,9,26,12,15.8,139.20000000000002,100100.0,2026-09-26 12:00:00,2026-09-26 12:00:00,1001.0
20260926,120000,74W,41,2026,9,26,12,15.6,138.70000000000002,99600.0,2026-09-26 12:00:00,2026-09-26 12:00:00,996.0
20260926,120000,74W,41,2026,9,26,12,15.200000000000001,138.4,99700.0,2026-09-26 12:00:00,2026-09-26 12:00:00,997.0
20260926,120000,74W,41,2026,9,26,12,14.9,138.70000000000002,99300.0,2026-09-26 12:00:00,2026-09-26 12:00:00,993.0
20260926,120000,74W,41,2026,9,26,12,14.6,139.1,99100.0,2026-09-26 12:00:00,2026-09-26 12:00:00,991.0
20260926,120000,74W,41,2026,9,26,12,14.4,139.70000000000002,98600.0,2026-09-26 12:00:00,2026-09-26 12:00:00,986.0
20260926,120000,74W,41,2026,9,26,12,14.5,140.5,99200.0,2026-09-26 12:00:00,2026-09-26 12:00:00,992.0
20260926,120000,74W,41,2026,9,26,12,14.8,141.8,98900.0,2026-09-26 12:00:00,2026-09-26 12:00:00,989.0
20260926,120000,74W,43,2026,9,26,12,14.0,172.1,100600.0,2026-09-26 12:00:00,2026-09-26 12:00:00,1006.0
20260926,120000,74W,43,2026,9,26,12,15.6,171.4,100800.0,2026-09-26 12:00:00,2026-09-26 12:00:00,1008.0
20260926,120000,74W,43,2026,9,26,12,13.8,170.8,101000.0,2026-09-26 12:00:00,2026-09-26 12:00:00,1010.0
20260926,120000,74W,43,2026,9,26,12,15.5,171.5,100900.0,2026-09-26 12:00:00,2026-09-26 12:00:00,1009.0
20260926,120000,74W,43,2026,9,26,12,12.8,171.9,100900.0,2026-09-26 12:00:00,2026-09-26 12:00:00,1009.0
20260926,120000,74W,43,2026,9,26,12,10.0,171.8,100800.0,2026-09-26 12:00:00,2026-09-26 12:00:00,1008.0
20260926,120000,74W,43,2026,9,26,12,7.9,171.4,100900.0,2026-09-26 12:00:00,2026-09-26 12:00:00,1009.0
20260926,120000,74W,43,2026,9,26,12,6.8,171.70000000000002,100700.0,2026-09-26 12:00:00,2026-09-26 12:00:00,1007.0
20260926,120000,74W,43,2026,9,26,12,7.1000000000000005,172.70000000000002,100900.0,2026-09-26 12:00:00,2026-09-26 12:00:00,1009.0
20260926,120000,74W,43,2026,9,26,12,8.2,173.20000000000002,100700.0,2026-09-26 12:00:00,2026-09-26 12:00:00,1007.0
20260926,120000,74W,43,2026,9,26,12,9.700000000000001,173.8,100400.0,2026-09-26 12:00:00,2026-09-26 12:00:00,1004.0
20260926,120000,74W,45,2026,9,26,12,9.700000000000001,119.5,100300.0,2026-09-26 12:00:00,2026-09-26 12:00:00,1003.0
20260926,120000,74W,45,2026,9,26,12,11.200000000000001,121.2,99800.0,2026-09-26 12:00:00,2026-09-26 12:00:00,998.0
20260926,120000,74W,47,2026,9,26,12,14.700000000000001,155.6,100300.0,2026-09-26 12:00:00,2026-09-26 12:00:00,1003.0
20260926,120000,74W,47,2026,9,26,12,15.5,156.3,100000.0,2026-09-26 12:00:00,2026-09-26 12:00:00,1000.0
20260926,120000,74W,47,2026,9,26,12,17.0,156.6,100000.0,2026-09-26 12:00:00,2026-09-26 12:00:00,1000.0
20260926,120000,74W,47,2026,9,26,12,17.8,156.6,99400.0,2026-09-26 12:00:00,2026-09-26 12:00:00,994.0
20260926,120000,74W,47,2026,9,26,12,18.5,155.9,99200.0,2026-09-26 12:00:00,2026-09-26 12:00:00,992.0
20260926,120000,74W,47,2026,9,26,12,19.1,155.1,99000.0,2026-09-26 12:00:00,2026-09-26 12:00:00,990.0
20260926,120000,74W,47,2026,9,26,12,19.5,153.8,99400.0,2026-09-26 12:00:00,2026-09-26 12:00:00,994.0
20260926,120000,74W,47,2026,9,26,12,19.900000000000002,152.1,99200.0,2026-09-26 12:00:00,2026-09-26 12:00:00,992.0
20260926,120000,74W,48,2026,9,26,12,16.3,148.20000000000002,100800.0,2026-09-26 12:00:00,2026-09-26 12:00:00,1008.0
20260926,120000,74W,48,2026,9,26,12,16.8,144.6,100400.0,2026-09-26 12:00:00,2026-09-26 12:00:00,1004.0
20260926,120000,74W,48,2026,9,26,12,15.9,145.6,100400.0,2026-09-26 12:00:00,2026-09-26 12:00:00,1004.0
20260926,120000,74W,48,2026,9,26,12,15.700000000000001,145.5,100600.0,2026-09-26 12:00:00,2026-09-26 12:00:00,1006.0
20260926,120000,74W,48,2026,9,26,12,16.9,147.5,100400.0,2026-09-26 12:00:00,2026-09-26 12:00:00,1004.0
20260926,120000,74W,48,2026,9,26,12,17.0,146.6,100700.0,2026-09-26 12:00:00,2026-09-26 12:00:00,1007.0
20260926,120000,74W,50,2026,9,26,12,10.5,165.3,100800.0,2026-09-26 12:00:00,2026-09-26 12:00:00,1008.0
20260926,120000,74W,50,2026,9,26,12,11.200000000000001,164.70000000000002,100900.0,2026-09-26 12:00:00,2026-09-26 12:00:00,1009.0
20260926,120000,74W,50,2026,9,26,12,11.6,162.9,100700.0,2026-09-26 12:00:00,2026-09-26 12:00:00,1007.0
20260926,120000,74W,50,2026,9,26,12,10.9,161.4,100400.0,2026-09-26 12:00:00,2026-09-26 12:00:00,1004.0
20260926,120000,74W,50,2026,9,26,12,10.4,163.1,100500.0,2026-09-26 12:00:00,2026-09-26 12:00:00,1005.0
20260926,120000,74W,50,2026,9,26,12,11.1,161.20000000000002,100200.0,2026-09-26 12:00:00,2026-09-26 12:00:00,1002.0
20260926,120000,74W,50,2026,9,26,12,9.9,161.0,100100.0,2026-09-26 12:00:00,2026-09-26 12:00:00,1001.0
20260926,120000,74W,50,2026,9,26,12,10.4,160.9,99600.0,2026-09-26 12:00:00,2026-09-26 12:00:00,996.0
20260926,120000,74W,50,2026,9,26,12,10.700000000000001,160.6,99400.0,2026-09-26 12:00:00,2026-09-26 12:00:00,994.0
20260926,120000,74W,50,2026,9,26,12,10.8,160.1,98900.0,2026-09-26 12:00:00,2026-09-26 12:00:00,989.0
20260926,120000,74W,50,2026,9,26,12,10.8,160.0,98800.0,2026-09-26 12:00:00,2026-09-26 12:00:00,988.0
20260926,120000,74W,50,2026,9,26,12,11.200000000000001,160.1,98200.0,2026-09-26 12:00:00,2026-09-26 12:00:00,982.0
20260926,120000,74W,50,2026,9,26,12,11.9,159.6,97800.0,2026-09-26 12:00:00,2026-09-26 12:00:00,978.0
20260926,120000,74W,50,2026,9,26,12,12.700000000000001,159.3,96700.0,2026-09-26 12:00:00,2026-09-26 12:00:00,967.0
20260926,120000,74W,50,2026,9,26,12,13.6,159.0,95700.0,2026-09-26 12:00:00,2026-09-26 12:00:00,957.0
20260926,120000,74W,50,2026,9,26,12,14.9,158.20000000000002,94800.0,2026-09-26 12:00:00,2026-09-26 12:00:00,948.0
20260926,120000,74W,50,2026,9,26,12,15.9,157.1,94100.0,2026-09-26 12:00:00,2026-09-26 12:00:00,941.0
20260926,120000,74W,50,2026,9,26,12,17.1,156.20000000000002,94400.0,2026-09-26 12:00:00,2026-09-26 12:00:00,944.0
20260926,120000,74W,50,2026,9,26,12,18.1,155.1,94600.0,2026-09-26 12:00:00,2026-09-26 12:00:00,946.0
20260926,120000,75W,7,2026,9,26,12,16.6,120.10000000000001,100800.0,2026-09-26 12:00:00,2026-09-26 12:00:00,1008.0
20260926,120000,75W,7,2026,9,26,12,16.8,120.10000000000001,101000.0,2026-09-26 12:00:00,2026-09-26 12:00:00,1010.0
20260926,120000,75W,7,2026,9,26,12,16.7,120.10000000000001,101100.0,2026-09-26 12:00:00,2026-09-26 12:00:00,1011.0
20260926,120000,75W,7,2026,9,26,12,16.6,120.2,100800.0,2026-09-26 12:00:00,2026-09-26 12:00:00,1008.0
20260926,120000,75W,7,2026,9,26,12,16.6,119.9,100900.0,2026-09-26 12:00:00,2026-09-26 12:00:00,1009.0
20260926,120000,75W,7,2026,9,26,12,16.3,119.8,100900.0,2026-09-26 12:00:00,2026-09-26 12:00:00,1009.0
20260926,120000,75W,11,2026,9,26,12,12.1,119.3,100900.0,2026-09-26 12:00:00,2026-09-26 12:00:00,1009.0
20260926,120000,75W,11,2026,9,26,12,11.9,117.10000000000001,100900.0,2026-09-26 12:00:00,2026-09-26 12:00:00,1009.0
20260926,120000,75W,11,2026,9,26,12,11.4,115.8,100900.0,2026-09-26 12:00:00,2026-09-26 12:00:00,1009.0
20260926,120000,75W,11,2026,9,26,12,11.4,113.9,100800.0,2026-09-26 12:00:00,2026-09-26 12:00:00,1008.0
20260926,120000,75W,11,2026,9,26,12,11.4,112.2,100800.0,2026-09-26 12:00:00,2026-09-26 12:00:00,1008.0
20260926,120000,75W,11,2026,9,26,12,11.3,111.4,100900.0,2026-09-26 12:00:00,2026-09-26 12:00:00,1009.0
20260926,120000,75W,11,2026,9,26,12,11.1,110.3,100900.0,2026-09-26 12:00:00,2026-09-26 12:00:00,1009.0
20260926,120000,75W,11,2026,9,26,12,10.9,109.3,101000.0,2026-09-26 12:00:00,2026-09-26 12:00:00,1010.0
20260926,120000,75W,12,2026,9,26,12,19.2,105.9,100900.0,2026-09-26 12:00:00,2026-09-26 12:00:00,1009.0
20260926,120000,75W,12,2026,9,26,12,21.0,108.0,100900.0,2026-09-26 12:00:00,2026-09-26 12:00:00,1009.0
20260926,120000,75W,12,2026,9,26,12,20.400000000000002,109.4,100800.0,2026-09-26 12:00:00,2026-09-26 12:00:00,1008.0
20260926,120000,75W,12,2026,9,26,12,20.6,109.3,100800.0,2026-09-26 12:00:00,2026-09-26 12:00:00,1008.0
20260926,120000,75W,12,2026,9,26,12,20.400000000000002,108.7,100800.0,2026-09-26 12:00:00,2026-09-26 12:00:00,1008.0
20260926,120000,75W,12,2026,9,26,12,19.8,108.2,100900.0,2026-09-26 12:00:00,2026-09-26 12:00:00,1009.0
20260926,120000,75W,12,2026,9,26,12,19.900000000000002,107.3,101000.0,2026-09-26 12:00:00,2026-09-26 12:00:00,1010.0
20260926,120000,75W,12,2026,9,26,12,19.5,107.0,101100.0,2026-09-26 12:00:00,2026-09-26 12:00:00,1011.0
20260926,120000,75W,12,2026,9,26,12,19.2,106.7,100900.0,2026-09-26 12:00:00,2026-09-26 12:00:00,1009.0
20260926,120000,75W,12,2026,9,26,12,18.8,106.3,101000.0,2026-09-26 12:00:00,2026-09-26 12:00:00,1010.0
20260926,120000,75W,12,2026,9,26,12,18.7,106.2,101100.0,2026-09-26 12:00:00,2026-09-26 12:00:00,1011.0
20260926,120000,75W,14,2026,9,26,12,30.0,157.8,101600.0,2026-09-26 12:00:00,2026-09-26 12:00:00,1016.0
20260926,120000,75W,14,2026,9,26,12,30.8,157.9,101200.0,2026-09-26 12:00:00,2026-09-26 12:00:00,1012.0
20260926,120000,75W,14,2026,9,26,12,31.400000000000002,157.5,101300.0,2026-09-26 12:00:00,2026-09-26 12:00:00,1013.0
20260926,120000,75W,17,2026,9,26,12,16.4,153.4,100800.0,2026-09-26 12:00:00,2026-09-26 12:00:00,1008.0
20260926,120000,75W,17,2026,9,26,12,17.7,154.1,100500.0,2026-09-26 12:00:00,2026-09-26 12:00:00,1005.0
20260926,120000,75W,17,2026,9,26,12,16.0,154.0,100800.0,2026-09-26 12:00:00,2026-09-26 12:00:00,1008.0
20260926,120000,75W,17,2026,9,26,12,17.6,152.70000000000002,100700.0,2026-09-26 12:00:00,2026-09-26 12:00:00,1007.0
20260926,120000,75W,17,2026,9,26,12,15.6,153.0,100500.0,2026-09-26 12:00:00,2026-09-26 12:00:00,1005.0
20260926,120000,75W,17,2026,9,26,12,15.5,153.9,100700.0,2026-09-26 12:00:00,2026-09-26 12:00:00,1007.0
20260926,120000,75W,17,2026,9,26,12,15.700000000000001,153.70000000000002,100700.0,2026-09-26 12:00:00,2026-09-26 12:00:00,1007.0
20260926,120000,75W,17,2026,9,26,12,18.5,153.9,100500.0,2026-09-26 12:00:00,2026-09-26 12:00:00,1005.0
20260926,120000,75W,18,2026,9,26,12,14.200000000000001,160.0,100700.0,2026-09-26 12:00:00,2026-09-26 12:00:00,1007.0
20260926,120000,75W,18,2026,9,26,12,15.0,159.0,100400.0,2026-09-26 12:00:00,2026-09-26 12:00:00,1004.0
20260926,120000,75W,18,2026,9,26,12,13.3,160.1,100300.0,2026-09-26 12:00:00,2026-09-26 12:00:00,1003.0
20260926,120000,75W,18,2026,9,26,12,14.5,160.0,100000.0,2026-09-26 12:00:00,2026-09-26 12:00:00,1000.0
20260926,120000,75W,18,2026,9,26,12,15.4,159.5,99800.0,2026-09-26 12:00:00,2026-09-26 12:00:00,998.0
20260926,120000,75W,18,2026,9,26,12,16.4,159.20000000000002,99500.0,2026-09-26 12:00:00,2026-09-26 12:00:00,995.0
20260926,120000,75W,18,2026,9,26,12,15.8,158.3,99400.0,2026-09-26 12:00:00,2026-09-26 12:00:00,994.0
20260926,120000,75W,18,2026,9,26,12,17.1,158.4,99200.0,2026-09-26 12:00:00,2026-09-26 12:00:00,992.0
20260926,120000,75W,18,2026,9,26,12,17.900000000000002,159.20000000000002,98700.0,2026-09-26 12:00:00,2026-09-26 12:00:00,987.0
20260926,120000,75W,18,2026,9,26,12,18.400000000000002,159.3,98500.0,2026-09-26 12:00:00,2026-09-26 12:00:00,985.0
20260926,120000,75W,18,2026,9,26,12,19.400000000000002,158.8,98300.0,2026-09-26 12:00:00,2026-09-26 12:00:00,983.0
20260926,120000,75W,19,2026,9,26,12,35.9,155.5,99100.0,2026-09-26 12:00:00,2026-09-26 12:00:00,991.0
20260926,120000,75W,19,2026,9,26,12,38.6,159.0,97900.0,2026-09-26 12:00:00,2026-09-26 12:00:00,979.0
20260926,120000,75W,21,2026,9,26,12,16.6,132.9,100400.0,2026-09-26 12:00:00,2026-09-26 12:00:00,1004.0
20260926,120000,75W,21,2026,9,26,12,16.0,130.5,100600.0,2026-09-26 12:00:00,2026-09-26 12:00:00,1006.0
20260926,120000,75W,21,2026,9,26,12,15.9,130.3,100300.0,2026-09-26 12:00:00,2026-09-26 12:00:00,1003.0
20260926,120000,75W,21,2026,9,26,12,15.700000000000001,128.1,100500.0,2026-09-26 12:00:00,2026-09-26 12:00:00,1005.0
20260926,120000,75W,21,2026,9,26,12,15.700000000000001,126.8,100300.0,2026-09-26 12:00:00,2026-09-26 12:00:00,1003.0
20260926,120000,75W,21,2026,9,26,12,15.9,126.2,100100.0,2026-09-26 12:00:00,2026-09-26 12:00:00,1001.0
20260926,120000,75W,21,2026,9,26,12,15.6,125.5,100200.0,2026-09-26 12:00:00,2026-09-26 12:00:00,1002.0
20260926,120000,75W,21,2026,9,26,12,16.5,125.0,99900.0,2026-09-26 12:00:00,2026-09-26 12:00:00,999.0
20260926,120000,75W,21,2026,9,26,12,17.3,124.2,100000.0,2026-09-26 12:00:00,2026-09-26 12:00:00,1000.0
20260926,120000,75W,21,2026,9,26,12,17.1,123.4,99800.0,2026-09-26 12:00:00,2026-09-26 12:00:00,998.0
20260926,120000,75W,21,2026,9,26,12,17.8,122.9,99900.0,2026-09-26 12:00:00,2026-09-26 12:00:00,999.0
20260926,120000,75W,21,2026,9,26,12,18.7,122.4,99700.0,2026-09-26 12:00:00,2026-09-26 12:00:00,997.0
20260926,120000,75W,21,2026,9,26,12,18.6,119.9,99600.0,2026-09-26 12:00:00,2026-09-26 12:00:00,996.0
20260926,120000,75W,21,2026,9,26,12,18.3,119.0,99700.0,2026-09-26 12:00:00,2026-09-26 12:00:00,997.0
20260926,120000,75W,21,2026,9,26,12,18.2,120.3,99400.0,2026-09-26 12:00:00,2026-09-26 12:00:00,994.0
20260926,120000,75W,21,2026,9,26,12,18.8,119.4,99600.0,2026-09-26 12:00:00,2026-09-26 12:00:00,996.0
20260926,120000,75W,24,2026,9,26,12,17.1,157.20000000000002,100900.0,2026-09-26 12:00:00,2026-09-26 12:00:00,1009.0
20260926,120000,75W,24,2026,9,26,12,18.8,158.9,100800.0,2026-09-26 12:00:00,2026-09-26 12:00:00,1008.0
20260926,120000,75W,24,2026,9,26,12,18.8,157.3,100400.0,2026-09-26 12:00:00,2026-09-26 12:00:00,1004.0
20260926,120000,75W,24,2026,9,26,12,18.0,157.0,100200.0,2026-09-26 12:00:00,2026-09-26 12:00:00,1002.0
20260926,120000,75W,24,2026,9,26,12,18.5,155.4,99800.0,2026-09-26 12:00:00,2026-09-26 12:00:00,998.0
20260926,120000,75W,24,2026,9,26,12,18.6,152.70000000000002,100200.0,2026-09-26 12:00:00,2026-09-26 12:00:00,1002.0
20260926,120000,75W,24,2026,9,26,12,16.9,151.4,99400.0,2026-09-26 12:00:00,2026-09-26 12:00:00,994.0
20260926,120000,75W,24,2026,9,26,12,16.2,150.20000000000002,99500.0,2026-09-26 12:00:00,2026-09-26 12:00:00,995.0
20260926,120000,75W,24,2026,9,26,12,16.2,149.20000000000002,99200.0,2026-09-26 12:00:00,2026-09-26 12:00:00,992.0
20260926,120000,75W,24,2026,9,26,12,16.4,148.3,99200.0,2026-09-26 12:00:00,2026-09-26 12:00:00,992.0
20260926,120000,75W,24,2026,9,26,12,16.9,147.4,98900.0,2026-09-26 12:00:00,2026-09-26 12:00:00,989.0
20260926,120000,75W,24,2026,9,26,12,17.0,146.3,99000.0,2026-09-26 12:00:00,2026-09-26 12:00:00,990.0
20260926,120000,75W,24,2026,9,26,12,17.3,145.5,98600.0,2026-09-26 12:00:00,2026-09-26 12:00:00,986.0
20260926,120000,75W,24,2026,9,26,12,18.0,144.9,98800.0,2026-09-26 12:00:00,2026-09-26 12:00:00,988.0
20260926,120000,75W,24,2026,9,26,12,18.400000000000002,144.20000000000002,98100.0,2026-09-26 12:00:00,2026-09-26 12:00:00,981.0
20260926,120000,75W,24,2026,9,26,12,18.900000000000002,143.20000000000002,97600.0,2026-09-26 12:00:00,2026-09-26 12:00:00,976.0
20260926,120000,75W,24,2026,9,26,12,19.2,142.5,97200.0,2026-09-26 12:00:00,2026-09-26 12:00:00,972.0
20260926,120000,75W,24,2026,9,26,12,19.6,142.3,97100.0,2026-09-26 12:00:00,2026-09-26 12:00:00,971.0
20260926,120000,75W,24,2026,9,26,12,20.1,142.3,96700.0,2026-09-26 12:00:00,2026-09-26 12:00:00,967.0
20260926,120000,75W,24,2026,9,26,12,20.7,142.5,96900.0,2026-09-26 12:00:00,2026-09-26 12:00:00,969.0
20260926,120000,75W,25,2026,9,26,12,14.5,109.8,100500.0,2026-09-26 12:00:00,2026-09-26 12:00:00,1005.0
20260926,120000,75W,25,2026,9,26,12,14.1,109.10000000000001,100700.0,2026-09-26 12:00:00,2026-09-26 12:00:00,1007.0
20260926,120000,75W,25,2026,9,26,12,13.1,106.10000000000001,100700.0,2026-09-26 12:00:00,2026-09-26 12:00:00,1007.0
20260926,120000,75W,25,2026,9,26,12,10.0,104.4,100600.0,2026-09-26 12:00:00,2026-09-26 12:00:00,1006.0
20260926,120000,75W,25,2026,9,26,12,10.4,103.0,100500.0,2026-09-26 12:00:00,2026-09-26 12:00:00,1005.0
20260926,120000,75W,25,2026,9,26,12,9.1,102.7,100500.0,2026-09-26 12:00:00,2026-09-26 12:00:00,1005.0
20260926,120000,75W,25,2026,9,26,12,9.3,103.3,100300.0,2026-09-26 12:00:00,2026-09-26 12:00:00,1003.0
20260926,120000,75W,25,2026,9,26,12,10.1,103.3,100300.0,2026-09-26 12:00:00,2026-09-26 12:00:00,1003.0
20260926,120000,75W,25,2026,9,26,12,10.1,102.8,100300.0,2026-09-26 12:00:00,2026-09-26 12:00:00,1003.0
20260926,120000,75W,25,2026,9,26,12,10.8,102.3,100200.0,2026-09-26 12:00:00,2026-09-26 12:00:00,1002.0
20260926,120000,75W,25,2026,9,26,12,11.3,102.5,100100.0,2026-09-26 12:00:00,2026-09-26 12:00:00,1001.0
20260926,120000,75W,25,2026,9,26,12,11.700000000000001,102.3,99900.0,2026-09-26 12:00:00,2026-09-26 12:00:00,999.0
20260926,120000,75W,27,2026,9,26,12,17.1,154.20000000000002,100600.0,2026-09-26 12:00:00,2026-09-26 12:00:00,1006.0
20260926,120000,75W,27,2026,9,26,12,17.5,156.6,100700.0,2026-09-26 12:00:00,2026-09-26 12:00:00,1007.0
20260926,120000,75W,27,2026,9,26,12,18.0,158.1,100500.0,2026-09-26 12:00:00,2026-09-26 12:00:00,1005.0
20260926,120000,75W,27,2026,9,26,12,19.3,161.9,100600.0,2026-09-26 12:00:00,2026-09-26 12:00:00,1006.0
20260926,120000,75W,27,2026,9,26,12,20.1,161.70000000000002,100600.0,2026-09-26 12:00:00,2026-09-26 12:00:00,1006.0
20260926,120000,75W,27,2026,9,26,12,20.7,161.20000000000002,100500.0,2026-09-26 12:00:00,2026-09-26 12:00:00,1005.0
20260926,120000,75W,27,2026,9,26,12,21.5,160.70000000000002,100700.0,2026-09-26 12:00:00,2026-09-26 12:00:00,1007.0
20260926,120000,75W,27,2026,9,26,12,23.3,158.3,100800.0,2026-09-26 12:00:00,2026-09-26 12:00:00,1008.0
20260926,120000,75W,29,2026,9,26,12,11.0,118.10000000000001,100800.0,2026-09-26 12:00:00,2026-09-26 12:00:00,1008.0
20260926,120000,75W,29,2026,9,26,12,11.0,115.10000000000001,100600.0,2026-09-26 12:00:00,2026-09-26 12:00:00,1006.0
20260926,120000,75W,29,2026,9,26,12,10.200000000000001,116.2,100400.0,2026-09-26 12:00:00,2026-09-26 12:00:00,1004.0
20260926,120000,75W,29,2026,9,26,12,13.1,114.9,100400.0,2026-09-26 12:00:00,2026-09-26 12:00:00,1004.0
20260926,120000,75W,29,2026,9,26,12,12.0,113.0,100500.0,2026-09-26 12:00:00,2026-09-26 12:00:00,1005.0
20260926,120000,75W,29,2026,9,26,12,13.3,112.0,100300.0,2026-09-26 12:00:00,2026-09-26 12:00:00,1003.0
20260926,120000,75W,29,2026,9,26,12,13.6,110.9,100500.0,2026-09-26 12:00:00,2026-09-26 12:00:00,1005.0
20260926,120000,75W,29,2026,9,26,12,13.8,110.2,100600.0,2026-09-26 12:00:00,2026-09-26 12:00:00,1006.0
20260926,120000,75W,29,2026,9,26,12,14.9,109.7,100600.0,2026-09-26 12:00:00,2026-09-26 12:00:00,1006.0
20260926,120000,75W,30,2026,9,26,12,12.700000000000001,167.3,99900.0,2026-09-26 12:00:00,2026-09-26 12:00:00,999.0
20260926,120000,75W,30,2026,9,26,12,13.5,167.4,100300.0,2026-09-26 12:00:00,2026-09-26 12:00:00,1003.0
20260926,120000,75W,30,2026,9,26,12,14.0,167.6,100100.0,2026-09-26 12:00:00,2026-09-26 12:00:00,1001.0
20260926,120000,75W,30,2026,9,26,12,15.8,167.8,100200.0,2026-09-26 12:00:00,2026-09-26 12:00:00,1002.0
20260926,120000,75W,31,2026,9,26,12,13.8,165.3,100800.0,2026-09-26 12:00:00,2026-09-26 12:00:00,1008.0
20260926,120000,75W,31,2026,9,26,12,12.1,165.5,101000.0,2026-09-26 12:00:00,2026-09-26 12:00:00,1010.0
20260926,120000,75W,31,2026,9,26,12,11.9,165.3,101000.0,2026-09-26 12:00:00,2026-09-26 12:00:00,1010.0
20260926,120000,75W,31,2026,9,26,12,12.5,165.20000000000002,100600.0,2026-09-26 12:00:00,2026-09-26 12:00:00,1006.0
20260926,120000,75W,31,2026,9,26,12,13.700000000000001,165.1,100600.0,2026-09-26 12:00:00,2026-09-26 12:00:00,1006.0
20260926,120000,75W,31,2026,9,26,12,13.8,163.8,100100.0,2026-09-26 12:00:00,2026-09-26 12:00:00,1001.0
20260926,120000,75W,31,2026,9,26,12,12.6,163.5,100100.0,2026-09-26 12:00:00,2026-09-26 12:00:00,1001.0
20260926,120000,75W,31,2026,9,26,12,12.1,164.0,99300.0,2026-09-26 12:00:00,2026-09-26 12:00:00,993.0
20260926,120000,75W,31,2026,9,26,12,12.1,163.8,98300.0,2026-09-26 12:00:00,2026-09-26 12:00:00,983.0
20260926,120000,75W,31,2026,9,26,12,12.1,163.8,97400.0,2026-09-26 12:00:00,2026-09-26 12:00:00,974.0
20260926,120000,75W,31,2026,9,26,12,12.1,163.6,96900.0,2026-09-26 12:00:00,2026-09-26 12:00:00,969.0
20260926,120000,75W,31,2026,9,26,12,12.1,163.5,95400.0,2026-09-26 12:00:00,2026-09-26 12:00:00,954.0
20260926,120000,75W,31,2026,9,26,12,12.6,163.6,94600.0,2026-09-26 12:00:00,2026-09-26 12:00:00,946.0
20260926,120000,75W,31,2026,9,26,12,13.1,163.5,94500.0,2026-09-26 12:00:00,2026-09-26 12:00:00,945.0
20260926,120000,75W,31,2026,9,26,12,13.700000000000001,163.5,94700.0,2026-09-26 12:00:00,2026-09-26 12:00:00,947.0
20260926,120000,75W,31,2026,9,26,12,14.5,163.5,94700.0,2026-09-26 12:00:00,2026-09-26 12:00:00,947.0
20260926,120000,75W,31,2026,9,26,12,15.700000000000001,163.4,94700.0,2026-09-26 12:00:00,2026-09-26 12:00:00,947.0
20260926,120000,75W,31,2026,9,26,12,17.2,163.1,94100.0,2026-09-26 12:00:00,2026-09-26 12:00:00,941.0
20260926,120000,75W,31,2026,9,26,12,18.6,162.20000000000002,93400.0,2026-09-26 12:00:00,2026-09-26 12:00:00,934.0
20260926,120000,75W,31,2026,9,26,12,20.8,161.20000000000002,92900.0,2026-09-26 12:00:00,2026-09-26 12:00:00,929.0
20260926,120000,75W,31,2026,9,26,12,22.0,159.9,92700.0,2026-09-26 12:00:00,2026-09-26 12:00:00,927.0
20260926,120000,75W,31,2026,9,26,12,23.6,158.6,92600.0,2026-09-26 12:00:00,2026-09-26 12:00:00,926.0
20260926,120000,75W,31,2026,9,26,12,24.900000000000002,157.4,93500.0,2026-09-26 12:00:00,2026-09-26 12:00:00,935.0
20260926,120000,75W,31,2026,9,26,12,26.1,156.1,93800.0,2026-09-26 12:00:00,2026-09-26 12:00:00,938.0
20260926,120000,75W,31,2026,9,26,12,26.900000000000002,155.0,94200.0,2026-09-26 12:00:00,2026-09-26 12:00:00,942.0
20260926,120000,75W,31,2026,9,26,12,27.7,154.1,94200.0,2026-09-26 12:00:00,2026-09-26 12:00:00,942.0
20260926,120000,75W,31,2026,9,26,12,28.6,153.5,94500.0,2026-09-26 12:00:00,2026-09-26 12:00:00,945.0
20260926,120000,75W,31,2026,9,26,12,29.400000000000002,153.3,94600.0,2026-09-26 12:00:00,2026-09-26 12:00:00,946.0
20260926,120000,75W,31,2026,9,26,12,29.8,153.6,95000.0,2026-09-26 12:00:00,2026-09-26 12:00:00,950.0
20260926,120000,75W,31,2026,9,26,12,30.3,154.3,95500.0,2026-09-26 12:00:00,2026-09-26 12:00:00,955.0
20260926,120000,75W,31,2026,9,26,12,30.8,155.0,96200.0,2026-09-26 12:00:00,2026-09-26 12:00:00,962.0
20260926,120000,75W,31,2026,9,26,12,31.5,155.70000000000002,96500.0,2026-09-26 12:00:00,2026-09-26 12:00:00,965.0
20260926,120000,75W,31,2026,9,26,12,31.900000000000002,156.4,97100.0,2026-09-26 12:00:00,2026-09-26 12:00:00,971.0
20260926,120000,75W,31,2026,9,26,12,32.6,157.4,97300.0,2026-09-26 12:00:00,2026-09-26 12:00:00,973.0
20260926,120000,75W,31,2026,9,26,12,32.8,158.8,97500.0,2026-09-26 12:00:00,2026-09-26 12:00:00,975.0
20260926,120000,75W,31,2026,9,26,12,33.5,160.1,97300.0,2026-09-26 12:00:00,2026-09-26 12:00:00,973.0
20260926,120000,75W,31,2026,9,26,12,34.2,162.3,97400.0,2026-09-26 12:00:00,2026-09-26 12:00:00,974.0
20260926,120000,75W,31,2026,9,26,12,35.1,164.70000000000002,96800.0,2026-09-26 12:00:00,2026-09-26 12:00:00,968.0
20260926,120000,75W,31,2026,9,26,12,36.5,168.20000000000002,96300.0,2026-09-26 12:00:00,2026-09-26 12:00:00,963.0
20260926,120000,75W,34,2026,9,26,12,7.2,125.7,100600.0,2026-09-26 12:00:00,2026-09-26 12:00:00,1006.0
20260926,120000,75W,34,2026,9,26,12,6.5,126.4,100800.0,2026-09-26 12:00:00,2026-09-26 12:00:00,1008.0
20260926,120000,75W,34,2026,9,26,12,7.4,127.60000000000001,100600.0,2026-09-26 12:00:00,2026-09-26 12:00:00,1006.0
20260926,120000,75W,34,2026,9,26,12,8.8,127.10000000000001,100900.0,2026-09-26 12:00:00,2026-09-26 12:00:00,1009.0
20260926,120000,75W,34,2026,9,26,12,8.4,129.9,100600.0,2026-09-26 12:00:00,2026-09-26 12:00:00,1006.0
20260926,120000,75W,34,2026,9,26,12,9.5,130.5,100900.0,2026-09-26 12:00:00,2026-09-26 12:00:00,1009.0
20260926,120000,75W,34,2026,9,26,12,10.0,131.8,100600.0,2026-09-26 12:00:00,2026-09-26 12:00:00,1006.0
20260926,120000,75W,34,2026,9,26,12,11.200000000000001,132.8,100800.0,2026-09-26 12:00:00,2026-09-26 12:00:00,1008.0
20260926,120000,75W,34,2026,9,26,12,11.9,134.5,100400.0,2026-09-26 12:00:00,2026-09-26 12:00:00,1004.0
20260926,120000,75W,34,2026,9,26,12,12.4,136.0,100000.0,2026-09-26 12:00:00,2026-09-26 12:00:00,1000.0
20260926,120000,75W,34,2026,9,26,12,12.8,138.0,99300.0,2026-09-26 12:00:00,2026-09-26 12:00:00,993.0
20260926,120000,75W,34,2026,9,26,12,13.6,140.4,99600.0,2026-09-26 12:00:00,2026-09-26 12:00:00,996.0
20260926,120000,75W,34,2026,9,26,12,14.3,142.5,99100.0,2026-09-26 12:00:00,2026-09-26 12:00:00,991.0
20260926,120000,75W,34,2026,9,26,12,14.6,145.1,99300.0,2026-09-26 12:00:00,2026-09-26 12:00:00,993.0
20260926,120000,75W,35,2026,9,26,12,12.0,162.5,101100.0,2026-09-26 12:00:00,2026-09-26 12:00:00,1011.0
20260926,120000,75W,35,2026,9,26,12,11.4,160.8,100900.0,2026-09-26 12:00:00,2026-09-26 12:00:00,1009.0
20260926,120000,75W,35,2026,9,26,12,10.0,160.8,100900.0,2026-09-26 12:00:00,2026-09-26 12:00:00,1009.0
20260926,120000,75W,35,2026,9,26,12,8.9,161.5,100700.0,2026-09-26 12:00:00,2026-09-26 12:00:00,1007.0
20260926,120000,75W,35,2026,9,26,12,8.6,162.8,100600.0,2026-09-26 12:00:00,2026-09-26 12:00:00,1006.0
20260926,120000,75W,35,2026,9,26,12,10.200000000000001,162.9,100800.0,2026-09-26 12:00:00,2026-09-26 12:00:00,1008.0
20260926,120000,75W,35,2026,9,26,12,10.5,163.5,100600.0,2026-09-26 12:00:00,2026-09-26 12:00:00,1006.0
20260926,120000,75W,35,2026,9,26,12,11.0,164.6,100800.0,2026-09-26 12:00:00,2026-09-26 12:00:00,1008.0
20260926,120000,75W,35,2026,9,26,12,11.9,164.1,100700.0,2026-09-26 12:00:00,2026-09-26 12:00:00,1007.0
20260926,120000,75W,35,2026,9,26,12,12.200000000000001,164.6,100900.0,2026-09-26 12:00:00,2026-09-26 12:00:00,1009.0
20260926,120000,75W,35,2026,9,26,12,13.0,164.6,100800.0,2026-09-26 12:00:00,2026-09-26 12:00:00,1008.0
20260926,120000,75W,35,2026,9,26,12,13.6,163.8,101000.0,2026-09-26 12:00:00,2026-09-26 12:00:00,1010.0
20260926,120000,75W,35,2026,9,26,12,14.0,163.0,100800.0,2026-09-26 12:00:00,2026-09-26 12:00:00,1008.0
20260926,120000,75W,35,2026,9,26,12,14.700000000000001,162.9,101000.0,2026-09-26 12:00:00,2026-09-26 12:00:00,1010.0
20260926,120000,75W,35,2026,9,26,12,15.0,161.70000000000002,100800.0,2026-09-26 12:00:00,2026-09-26 12:00:00,1008.0
20260926,120000,75W,35,2026,9,26,12,15.1,161.20000000000002,101000.0,2026-09-26 12:00:00,2026-09-26 12:00:00,1010.0
20260926,120000,75W,35,2026,9,26,12,15.3,159.3,100600.0,2026-09-26 12:00:00,2026-09-26 12:00:00,1006.0
20260926,120000,75W,35,2026,9,26,12,15.200000000000001,158.5,100300.0,2026-09-26 12:00:00,2026-09-26 12:00:00,1003.0
20260926,120000,75W,35,2026,9,26,12,15.200000000000001,157.8,99400.0,2026-09-26 12:00:00,2026-09-26 12:00:00,994.0
20260926,120000,75W,35,2026,9,26,12,15.0,156.8,99300.0,2026-09-26 12:00:00,2026-09-26 12:00:00,993.0
20260926,120000,75W,35,2026,9,26,12,14.700000000000001,156.0,98900.0,2026-09-26 12:00:00,2026-09-26 12:00:00,989.0
20260926,120000,75W,35,2026,9,26,12,14.5,155.1,98400.0,2026-09-26 12:00:00,2026-09-26 12:00:00,984.0
20260926,120000,75W,35,2026,9,26,12,14.4,154.4,97300.0,2026-09-26 12:00:00,2026-09-26 12:00:00,973.0
20260926,120000,75W,35,2026,9,26,12,14.200000000000001,153.8,96800.0,2026-09-26 12:00:00,2026-09-26 12:00:00,968.0
20260926,120000,75W,35,2026,9,26,12,14.0,153.3,96600.0,2026-09-26 12:00:00,2026-09-26 12:00:00,966.0
20260926,120000,75W,35,2026,9,26,12,14.3,152.8,97200.0,2026-09-26 12:00:00,2026-09-26 12:00:00,972.0
20260926,120000,75W,35,2026,9,26,12,14.4,152.3,96800.0,2026-09-26 12:00:00,2026-09-26 12:00:00,968.0
20260926,120000,75W,35,2026,9,26,12,14.700000000000001,152.0,96700.0,2026-09-26 12:00:00,2026-09-26 12:00:00,967.0
20260926,120000,75W,35,2026,9,26,12,15.200000000000001,151.4,95900.0,2026-09-26 12:00:00,2026-09-26 12:00:00,959.0
20260926,120000,75W,35,2026,9,26,12,15.8,150.70000000000002,96100.0,2026-09-26 12:00:00,2026-09-26 12:00:00,961.0
20260926,120000,75W,35,2026,9,26,12,16.3,149.8,95400.0,2026-09-26 12:00:00,2026-09-26 12:00:00,954.0
20260926,120000,75W,35,2026,9,26,12,16.6,148.70000000000002,94700.0,2026-09-26 12:00:00,2026-09-26 12:00:00,947.0
20260926,120000,75W,36,2026,9,26,12,17.6,161.8,100900.0,2026-09-26 12:00:00,2026-09-26 12:00:00,1009.0
20260926,120000,75W,36,2026,9,26,12,15.4,162.20000000000002,100600.0,2026-09-26 12:00:00,2026-09-26 12:00:00,1006.0
20260926,120000,75W,36,2026,9,26,12,14.0,163.5,100800.0,2026-09-26 12:00:00,2026-09-26 12:00:00,1008.0
20260926,120000,75W,36,2026,9,26,12,13.0,162.3,100500.0,2026-09-26 12:00:00,2026-09-26 12:00:00,1005.0
20260926,120000,75W,36,2026,9,26,12,11.9,162.20000000000002,100400.0,2026-09-26 12:00:00,2026-09-26 12:00:00,1004.0
20260926,120000,75W,36,2026,9,26,12,13.3,162.0,100100.0,2026-09-26 12:00:00,2026-09-26 12:00:00,1001.0
20260926,120000,75W,36,2026,9,26,12,12.200000000000001,161.20000000000002,100100.0,2026-09-26 12:00:00,2026-09-26 12:00:00,1001.0
20260926,120000,75W,36,2026,9,26,12,14.200000000000001,161.20000000000002,99900.0,2026-09-26 12:00:00,2026-09-26 12:00:00,999.0
20260926,120000,75W,36,2026,9,26,12,14.700000000000001,160.1,99900.0,2026-09-26 12:00:00,2026-09-26 12:00:00,999.0
20260926,120000,75W,36,2026,9,26,12,15.8,159.8,99700.0,2026-09-26 12:00:00,2026-09-26 12:00:00,997.0
20260926,120000,75W,36,2026,9,26,12,16.2,158.20000000000002,99800.0,2026-09-26 12:00:00,2026-09-26 12:00:00,998.0
20260926,120000,75W,36,2026,9,26,12,16.7,157.5,99700.0,2026-09-26 12:00:00,2026-09-26 12:00:00,997.0
20260926,120000,75W,36,2026,9,26,12,17.5,156.8,99800.0,2026-09-26 12:00:00,2026-09-26 12:00:00,998.0
20260926,120000,75W,39,2026,9,26,12,19.900000000000002,164.8,100400.0,2026-09-26 12:00:00,2026-09-26 12:00:00,1004.0
20260926,120000,75W,39,2026,9,26,12,20.7,165.8,100100.0,2026-09-26 12:00:00,2026-09-26 12:00:00,1001.0
20260926,120000,75W,40,2026,9,26,12,26.400000000000002,156.5,100800.0,2026-09-26 12:00:00,2026-09-26 12:00:00,1008.0
20260926,120000,75W,40,2026,9,26,12,28.3,157.0,100700.0,2026-09-26 12:00:00,2026-09-26 12:00:00,1007.0
20260926,120000,75W,40,2026,9,26,12,29.2,157.70000000000002,100900.0,2026-09-26 12:00:00,2026-09-26 12:00:00,1009.0
20260926,120000,75W,40,2026,9,26,12,30.900000000000002,159.3,100300.0,2026-09-26 12:00:00,2026-09-26 12:00:00,1003.0
20260926,120000,75W,40,2026,9,26,12,31.8,160.9,100300.0,2026-09-26 12:00:00,2026-09-26 12:00:00,1003.0
20260926,120000,75W,40,2026,9,26,12,32.6,162.70000000000002,100700.0,2026-09-26 12:00:00,2026-09-26 12:00:00,1007.0
20260926,120000,75W,40,2026,9,26,12,33.0,164.3,101100.0,2026-09-26 12:00:00,2026-09-26 12:00:00,1011.0
20260926,120000,75W,41,2026,9,26,12,17.3,171.4,100200.0,2026-09-26 12:00:00,2026-09-26 12:00:00,1002.0
20260926,120000,75W,41,2026,9,26,12,17.3,170.6,100200.0,2026-09-26 12:00:00,2026-09-26 12:00:00,1002.0
20260926,120000,75W,41,2026,9,26,12,16.9,171.0,99700.0,2026-09-26 12:00:00,2026-09-26 12:00:00,997.0
20260926,120000,75W,41,2026,9,26,12,17.3,172.20000000000002,99500.0,2026-09-26 12:00:00,2026-09-26 12:00:00,995.0
20260926,120000,75W,41,2026,9,26,12,19.2,171.0,98800.0,2026-09-26 12:00:00,2026-09-26 12:00:00,988.0
20260926,120000,75W,41,2026,9,26,12,20.0,169.8,98600.0,2026-09-26 12:00:00,2026-09-26 12:00:00,986.0
20260926,120000,75W,41,2026,9,26,12,21.400000000000002,168.3,98300.0,2026-09-26 12:00:00,2026-09-26 12:00:00,983.0
20260926,120000,75W,41,2026,9,26,12,22.5,166.9,98200.0,2026-09-26 12:00:00,2026-09-26 12:00:00,982.0
20260926,120000,75W,41,2026,9,26,12,23.900000000000002,165.3,98100.0,2026-09-26 12:00:00,2026-09-26 12:00:00,981.0
20260926,120000,75W,41,2026,9,26,12,25.400000000000002,163.4,98400.0,2026-09-26 12:00:00,2026-09-26 12:00:00,984.0
20260926,120000,75W,41,2026,9,26,12,26.8,161.70000000000002,98300.0,2026-09-26 12:00:00,2026-09-26 12:00:00,983.0
20260926,120000,75W,41,2026,9,26,12,28.6,160.3,98400.0,2026-09-26 12:00:00,2026-09-26 12:00:00,984.0
20260926,120000,75W,41,2026,9,26,12,31.1,159.4,98400.0,2026-09-26 12:00:00,2026-09-26 12:00:00,984.0
20260926,120000,75W,41,2026,9,26,12,33.0,158.8,98500.0,2026-09-26 12:00:00,2026-09-26 12:00:00,985.0
20260926,120000,75W,41,2026,9,26,12,34.4,159.70000000000002,98000.0,2026-09-26 12:00:00,2026-09-26 12:00:00,980.0
20260926,120000,75W,41,2026,9,26,12,35.6,161.0,98000.0,2026-09-26 12:00:00,2026-09-26 12:00:00,980.0
20260926,120000,75W,41,2026,9,26,12,36.5,163.3,98300.0,2026-09-26 12:00:00,2026-09-26 12:00:00,983.0
20260926,120000,75W,41,2026,9,26,12,37.9,166.70000000000002,98400.0,2026-09-26 12:00:00,2026-09-26 12:00:00,984.0
20260926,120000,75W,41,2026,9,26,12,38.2,170.3,98700.0,2026-09-26 12:00:00,2026-09-26 12:00:00,987.0
20260926,120000,75W,41,2026,9,26,12,39.800000000000004,176.3,99100.0,2026-09-26 12:00:00,2026-09-26 12:00:00,991.0
20260926,120000,75W,41,2026,9,26,12,40.300000000000004,181.4,98900.0,2026-09-26 12:00:00,2026-09-26 12:00:00,989.0
20260926,120000,75W,48,2026,9,26,12,17.2,120.3,100500.0,2026-09-26 12:00:00,2026-09-26 12:00:00,1005.0
20260926,120000,75W,48,2026,9,26,12,16.5,120.0,100400.0,2026-09-26 12:00:00,2026-09-26 12:00:00,1004.0
20260926,120000,75W,48,2026,9,26,12,15.200000000000001,118.8,100500.0,2026-09-26 12:00:00,2026-09-26 12:00:00,1005.0
20260926,120000,75W,48,2026,9,26,12,14.9,117.5,100200.0,2026-09-26 12:00:00,2026-09-26 12:00:00,1002.0
20260926,120000,75W,48,2026,9,26,12,14.9,117.5,100400.0,2026-09-26 12:00:00,2026-09-26 12:00:00,1004.0
20260926,120000,75W,48,2026,9,26,12,14.3,116.10000000000001,100200.0,2026-09-26 12:00:00,2026-09-26 12:00:00,1002.0
20260926,120000,75W,48,2026,9,26,12,13.8,115.3,100400.0,2026-09-26 12:00:00,2026-09-26 12:00:00,1004.0
20260926,120000,75W,48,2026,9,26,12,13.8,115.3,100200.0,2026-09-26 12:00:00,2026-09-26 12:00:00,1002.0
20260926,120000,75W,48,2026,9,26,12,14.3,114.7,100300.0,2026-09-26 12:00:00,2026-09-26 12:00:00,1003.0
20260926,120000,75W,48,2026,9,26,12,13.6,114.10000000000001,100100.0,2026-09-26 12:00:00,2026-09-26 12:00:00,1001.0
20260926,120000,75W,48,2026,9,26,12,14.1,114.3,100200.0,2026-09-26 12:00:00,2026-09-26 12:00:00,1002.0
20260926,120000,75W,50,2026,9,26,12,14.8,143.0,100800.0,2026-09-26 12:00:00,2026-09-26 12:00:00,1008.0
20260926,120000,75W,50,2026,9,26,12,14.8,145.4,100500.0,2026-09-26 12:00:00,2026-09-26 12:00:00,1005.0
20260926,120000,75W,50,2026,9,26,12,15.0,145.9,100500.0,2026-09-26 12:00:00,2026-09-26 12:00:00,1005.0
20260926,120000,75W,50,2026,9,26,12,16.1,145.6,100400.0,2026-09-26 12:00:00,2026-09-26 12:00:00,1004.0
20260926,120000,75W,50,2026,9,26,12,15.700000000000001,145.6,100600.0,2026-09-26 12:00:00,2026-09-26 12:00:00,1006.0
20260926,120000,75W,50,2026,9,26,12,16.2,144.8,100300.0,2026-09-26 12:00:00,2026-09-26 12:00:00,1003.0
20260926,120000,75W,50,2026,9,26,12,16.9,144.20000000000002,100400.0,2026-09-26 12:00:00,2026-09-26 12:00:00,1004.0
20260926,120000,75W,50,2026,9,26,12,17.400000000000002,143.0,100100.0,2026-09-26 12:00:00,2026-09-26 12:00:00,1001.0
20260926,120000,75W,50,2026,9,26,12,17.5,141.5,100200.0,2026-09-26 12:00:00,2026-09-26 12:00:00,1002.0
20260926,120000,75W,50,2026,9,26,12,17.6,140.20000000000002,100000.0,2026-09-26 12:00:00,2026-09-26 12:00:00,1000.0
20260926,120000,75W,50,2026,9,26,12,18.1,138.70000000000002,100300.0,2026-09-26 12:00:00,2026-09-26 12:00:00,1003.0
20260926,120000,75W,50,2026,9,26,12,18.3,137.1,100200.0,2026-09-26 12:00:00,2026-09-26 12:00:00,1002.0
20260926,120000,75W,50,2026,9,26,12,18.8,135.4,100500.0,2026-09-26 12:00:00,2026-09-26 12:00:00,1005.0
20260926,120000,76W,7,2026,9,26,12,6.0,126.2,100900.0,2026-09-26 12:00:00,2026-09-26 12:00:00,1009.0
20260926,120000,76W,7,2026,9,26,12,5.9,126.4,100800.0,2026-09-26 12:00:00,2026-09-26 12:00:00,1008.0
20260926,120000,76W,7,2026,9,26,12,5.9,126.3,101000.0,2026-09-26 12:00:00,2026-09-26 12:00:00,1010.0
20260926,120000,76W,7,2026,9,26,12,7.2,125.7,100800.0,2026-09-26 12:00:00,2026-09-26 12:00:00,1008.0
20260926,120000,76W,7,2026,9,26,12,10.5,125.60000000000001,100800.0,2026-09-26 12:00:00,2026-09-26 12:00:00,1008.0
20260926,120000,76W,12,2026,9,26,12,18.900000000000002,149.20000000000002,100500.0,2026-09-26 12:00:00,2026-09-26 12:00:00,1005.0
20260926,120000,76W,12,2026,9,26,12,20.5,150.3,100200.0,2026-09-26 12:00:00,2026-09-26 12:00:00,1002.0
20260926,120000,76W,12,2026,9,26,12,21.1,150.3,100300.0,2026-09-26 12:00:00,2026-09-26 12:00:00,1003.0
20260926,120000,76W,12,2026,9,26,12,22.3,150.6,99900.0,2026-09-26 12:00:00,2026-09-26 12:00:00,999.0
20260926,120000,76W,12,2026,9,26,12,23.400000000000002,150.3,100000.0,2026-09-26 12:00:00,2026-09-26 12:00:00,1000.0
20260926,120000,76W,12,2026,9,26,12,24.5,149.9,99500.0,2026-09-26 12:00:00,2026-09-26 12:00:00,995.0
20260926,120000,76W,12,2026,9,26,12,25.900000000000002,149.5,98700.0,2026-09-26 12:00:00,2026-09-26 12:00:00,987.0
20260926,120000,76W,12,2026,9,26,12,27.0,148.9,98400.0,2026-09-26 12:00:00,2026-09-26 12:00:00,984.0
20260926,120000,76W,12,2026,9,26,12,27.6,149.20000000000002,98100.0,2026-09-26 12:00:00,2026-09-26 12:00:00,981.0
20260926,120000,76W,12,2026,9,26,12,29.0,150.4,98500.0,2026-09-26 12:00:00,2026-09-26 12:00:00,985.0
20260926,120000,76W,12,2026,9,26,12,30.2,151.4,98500.0,2026-09-26 12:00:00,2026-09-26 12:00:00,985.0
20260926,120000,76W,21,2026,9,26,12,19.0,149.9,100400.0,2026-09-26 12:00:00,2026-09-26 12:00:00,1004.0
20260926,120000,76W,21,2026,9,26,12,18.1,149.0,100000.0,2026-09-26 12:00:00,2026-09-26 12:00:00,1000.0
20260926,120000,76W,21,2026,9,26,12,17.8,147.9,100100.0,2026-09-26 12:00:00,2026-09-26 12:00:00,1001.0
20260926,120000,76W,21,2026,9,26,12,19.1,147.6,99900.0,2026-09-26 12:00:00,2026-09-26 12:00:00,999.0
20260926,120000,76W,21,2026,9,26,12,20.5,145.3,100100.0,2026-09-26 12:00:00,2026-09-26 12:00:00,1001.0
20260926,120000,76W,21,2026,9,26,12,21.2,142.8,99800.0,2026-09-26 12:00:00,2026-09-26 12:00:00,998.0
20260926,120000,76W,21,2026,9,26,12,20.400000000000002,141.1,99900.0,2026-09-26 12:00:00,2026-09-26 12:00:00,999.0
20260926,120000,76W,21,2026,9,26,12,20.3,140.8,99600.0,2026-09-26 12:00:00,2026-09-26 12:00:00,996.0
20260926,120000,76W,21,2026,9,26,12,21.8,140.20000000000002,99700.0,2026-09-26 12:00:00,2026-09-26 12:00:00,997.0
20260926,120000,76W,21,2026,9,26,12,22.8,137.3,99400.0,2026-09-26 12:00:00,2026-09-26 12:00:00,994.0
20260926,120000,76W,25,2026,9,26,12,11.9,109.10000000000001,100600.0,2026-09-26 12:00:00,2026-09-26 12:00:00,1006.0
20260926,120000,76W,25,2026,9,26,12,12.4,109.60000000000001,100800.0,2026-09-26 12:00:00,2026-09-26 12:00:00,1008.0
20260926,120000,76W,25,2026,9,26,12,13.5,110.0,100700.0,2026-09-26 12:00:00,2026-09-26 12:00:00,1007.0
20260926,120000,76W,25,2026,9,26,12,12.9,110.10000000000001,100900.0,2026-09-26 12:00:00,2026-09-26 12:00:00,1009.0
20260926,120000,76W,25,2026,9,26,12,12.9,109.8,100800.0,2026-09-26 12:00:00,2026-09-26 12:00:00,1008.0
20260926,120000,76W,27,2026,9,26,12,16.0,156.6,100800.0,2026-09-26 12:00:00,2026-09-26 12:00:00,1008.0
20260926,120000,76W,27,2026,9,26,12,17.7,159.3,100400.0,2026-09-26 12:00:00,2026-09-26 12:00:00,1004.0
20260926,120000,76W,27,2026,9,26,12,18.1,160.1,100000.0,2026-09-26 12:00:00,2026-09-26 12:00:00,1000.0
20260926,120000,76W,27,2026,9,26,12,18.900000000000002,160.1,100400.0,2026-09-26 12:00:00,2026-09-26 12:00:00,1004.0
20260926,120000,76W,27,2026,9,26,12,19.7,159.9,100300.0,2026-09-26 12:00:00,2026-09-26 12:00:00,1003.0
20260926,120000,76W,29,2026,9,26,12,18.3,148.4,100600.0,2026-09-26 12:00:00,2026-09-26 12:00:00,1006.0
20260926,120000,76W,29,2026,9,26,12,18.2,146.70000000000002,100300.0,2026-09-26 12:00:00,2026-09-26 12:00:00,1003.0
20260926,120000,76W,29,2026,9,26,12,18.3,144.8,100400.0,2026-09-26 12:00:00,2026-09-26 12:00:00,1004.0
20260926,120000,76W,29,2026,9,26,12,18.7,142.8,100100.0,2026-09-26 12:00:00,2026-09-26 12:00:00,1001.0
20260926,120000,76W,29,2026,9,26,12,18.5,140.4,100200.0,2026-09-26 12:00:00,2026-09-26 12:00:00,1002.0
20260926,120000,76W,29,2026,9,26,12,17.900000000000002,138.1,99800.0,2026-09-26 12:00:00,2026-09-26 12:00:00,998.0
20260926,120000,76W,29,2026,9,26,12,17.8,137.1,100000.0,2026-09-26 12:00:00,2026-09-26 12:00:00,1000.0
20260926,120000,76W,29,2026,9,26,12,17.6,135.4,99600.0,2026-09-26 12:00:00,2026-09-26 12:00:00,996.0
20260926,120000,76W,29,2026,9,26,12,17.400000000000002,134.7,99700.0,2026-09-26 12:00:00,2026-09-26 12:00:00,997.0
20260926,120000,76W,29,2026,9,26,12,17.5,134.0,99400.0,2026-09-26 12:00:00,2026-09-26 12:00:00,994.0
20260926,120000,76W,29,2026,9,26,12,17.900000000000002,133.4,99600.0,2026-09-26 12:00:00,2026-09-26 12:00:00,996.0
20260926,120000,76W,29,2026,9,26,12,18.1,132.4,99300.0,2026-09-26 12:00:00,2026-09-26 12:00:00,993.0
20260926,120000,76W,29,2026,9,26,12,18.400000000000002,132.1,99500.0,2026-09-26 12:00:00,2026-09-26 12:00:00,995.0
20260926,120000,76W,29,2026,9,26,12,18.6,132.0,99200.0,2026-09-26 12:00:00,2026-09-26 12:00:00,992.0
20260926,120000,76W,29,2026,9,26,12,19.0,132.7,99400.0,2026-09-26 12:00:00,2026-09-26 12:00:00,994.0
20260926,120000,76W,29,2026,9,26,12,19.2,133.0,99000.0,2026-09-26 12:00:00,2026-09-26 12:00:00,990.0
20260926,120000,76W,29,2026,9,26,12,19.900000000000002,133.3,99200.0,2026-09-26 12:00:00,2026-09-26 12:00:00,992.0
20260926,120000,76W,29,2026,9,26,12,20.5,134.0,99000.0,2026-09-26 12:00:00,2026-09-26 12:00:00,990.0
20260926,120000,76W,29,2026,9,26,12,21.1,135.1,99000.0,2026-09-26 12:00:00,2026-09-26 12:00:00,990.0
20260926,120000,76W,29,2026,9,26,12,21.400000000000002,135.7,98800.0,2026-09-26 12:00:00,2026-09-26 12:00:00,988.0
20260926,120000,76W,29,2026,9,26,12,22.2,136.4,98900.0,2026-09-26 12:00:00,2026-09-26 12:00:00,989.0
20260926,120000,76W,29,2026,9,26,12,22.6,136.9,98600.0,2026-09-26 12:00:00,2026-09-26 12:00:00,986.0
20260926,120000,76W,29,2026,9,26,12,23.0,137.1,98800.0,2026-09-26 12:00:00,2026-09-26 12:00:00,988.0
20260926,120000,76W,30,2026,9,26,12,25.8,110.9,101100.0,2026-09-26 12:00:00,2026-09-26 12:00:00,1011.0
20260926,120000,76W,30,2026,9,26,12,25.0,116.4,101200.0,2026-09-26 12:00:00,2026-09-26 12:00:00,1012.0
20260926,120000,76W,30,2026,9,26,12,23.8,120.0,101000.0,2026-09-26 12:00:00,2026-09-26 12:00:00,1010.0
20260926,120000,76W,30,2026,9,26,12,23.8,120.0,100900.0,2026-09-26 12:00:00,2026-09-26 12:00:00,1009.0
20260926,120000,76W,30,2026,9,26,12,24.0,120.5,100900.0,2026-09-26 12:00:00,2026-09-26 12:00:00,1009.0
20260926,120000,76W,30,2026,9,26,12,23.8,120.10000000000001,100900.0,2026-09-26 12:00:00,2026-09-26 12:00:00,1009.0
20260926,120000,76W,34,2026,9,26,12,16.2,159.3,100300.0,2026-09-26 12:00:00,2026-09-26 12:00:00,1003.0
20260926,120000,76W,34,2026,9,26,12,16.4,159.3,100200.0,2026-09-26 12:00:00,2026-09-26 12:00:00,1002.0
20260926,120000,76W,34,2026,9,26,12,16.9,159.20000000000002,99900.0,2026-09-26 12:00:00,2026-09-26 12:00:00,999.0
20260926,120000,76W,34,2026,9,26,12,17.1,158.20000000000002,99800.0,2026-09-26 12:00:00,2026-09-26 12:00:00,998.0
20260926,120000,76W,34,2026,9,26,12,17.0,157.5,99400.0,2026-09-26 12:00:00,2026-09-26 12:00:00,994.0
20260926,120000,76W,34,2026,9,26,12,16.3,157.0,99500.0,2026-09-26 12:00:00,2026-09-26 12:00:00,995.0
20260926,120000,76W,34,2026,9,26,12,15.9,157.20000000000002,99000.0,2026-09-26 12:00:00,2026-09-26 12:00:00,990.0
20260926,120000,76W,34,2026,9,26,12,15.5,157.0,98500.0,2026-09-26 12:00:00,2026-09-26 12:00:00,985.0
20260926,120000,76W,34,2026,9,26,12,14.8,157.20000000000002,98000.0,2026-09-26 12:00:00,2026-09-26 12:00:00,980.0
20260926,120000,76W,34,2026,9,26,12,13.8,157.9,97800.0,2026-09-26 12:00:00,2026-09-26 12:00:00,978.0
20260926,120000,76W,34,2026,9,26,12,13.3,160.1,97200.0,2026-09-26 12:00:00,2026-09-26 12:00:00,972.0
20260926,120000,76W,34,2026,9,26,12,14.6,162.8,98000.0,2026-09-26 12:00:00,2026-09-26 12:00:00,980.0
20260926,120000,76W,35,2026,9,26,12,16.5,132.3,100700.0,2026-09-26 12:00:00,2026-09-26 12:00:00,1007.0
20260926,120000,76W,35,2026,9,26,12,18.6,129.3,100700.0,2026-09-26 12:00:00,2026-09-26 12:00:00,1007.0
20260926,120000,76W,35,2026,9,26,12,18.0,128.2,100400.0,2026-09-26 12:00:00,2026-09-26 12:00:00,1004.0
20260926,120000,76W,35,2026,9,26,12,17.3,127.7,100500.0,2026-09-26 12:00:00,2026-09-26 12:00:00,1005.0
20260926,120000,76W,35,2026,9,26,12,17.400000000000002,127.5,100300.0,2026-09-26 12:00:00,2026-09-26 12:00:00,1003.0
20260926,120000,76W,35,2026,9,26,12,17.8,126.9,100500.0,2026-09-26 12:00:00,2026-09-26 12:00:00,1005.0
20260926,120000,76W,35,2026,9,26,12,18.2,126.0,100200.0,2026-09-26 12:00:00,2026-09-26 12:00:00,1002.0
20260926,120000,76W,35,2026,9,26,12,18.6,124.8,100400.0,2026-09-26 12:00:00,2026-09-26 12:00:00,1004.0
20260926,120000,76W,35,2026,9,26,12,18.5,123.5,100100.0,2026-09-26 12:00:00,2026-09-26 12:00:00,1001.0
20260926,120000,76W,35,2026,9,26,12,18.3,122.8,100200.0,2026-09-26 12:00:00,2026-09-26 12:00:00,1002.0
20260926,120000,76W,35,2026,9,26,12,18.6,121.9,100000.0,2026-09-26 12:00:00,2026-09-26 12:00:00,1000.0
20260926,120000,76W,35,2026,9,26,12,18.5,120.3,100100.0,2026-09-26 12:00:00,2026-09-26 12:00:00,1001.0
20260926,120000,76W,35,2026,9,26,12,17.6,119.10000000000001,99800.0,2026-09-26 12:00:00,2026-09-26 12:00:00,998.0
20260926,120000,76W,35,2026,9,26,12,17.3,118.60000000000001,99900.0,2026-09-26 12:00:00,2026-09-26 12:00:00,999.0
20260926,120000,76W,35,2026,9,26,12,17.6,118.4,99600.0,2026-09-26 12:00:00,2026-09-26 12:00:00,996.0
20260926,120000,76W,35,2026,9,26,12,17.6,116.7,99500.0,2026-09-26 12:00:00,2026-09-26 12:00:00,995.0
20260926,120000,76W,35,2026,9,26,12,17.1,115.8,99200.0,2026-09-26 12:00:00,2026-09-26 12:00:00,992.0
20260926,120000,76W,35,2026,9,26,12,17.5,114.2,99200.0,2026-09-26 12:00:00,2026-09-26 12:00:00,992.0
20260926,120000,76W,35,2026,9,26,12,17.2,113.5,98400.0,2026-09-26 12:00:00,2026-09-26 12:00:00,984.0
20260926,120000,76W,35,2026,9,26,12,17.8,112.2,98300.0,2026-09-26 12:00:00,2026-09-26 12:00:00,983.0
20260926,120000,76W,39,2026,9,26,12,20.900000000000002,161.9,100900.0,2026-09-26 12:00:00,2026-09-26 12:00:00,1009.0
20260926,120000,76W,39,2026,9,26,12,20.0,159.8,100700.0,2026-09-26 12:00:00,2026-09-26 12:00:00,1007.0
20260926,120000,76W,39,2026,9,26,12,21.3,159.5,100800.0,2026-09-26 12:00:00,2026-09-26 12:00:00,1008.0
20260926,120000,76W,39,2026,9,26,12,21.6,158.20000000000002,100600.0,2026-09-26 12:00:00,2026-09-26 12:00:00,1006.0
20260926,120000,76W,39,2026,9,26,12,21.5,157.20000000000002,100800.0,2026-09-26 12:00:00,2026-09-26 12:00:00,1008.0
20260926,120000,76W,41,2026,9,26,12,13.700000000000001,165.20000000000002,100400.0,2026-09-26 12:00:00,2026-09-26 12:00:00,1004.0
20260926,120000,76W,41,2026,9,26,12,15.5,167.0,100600.0,2026-09-26 12:00:00,2026-09-26 12:00:00,1006.0
20260926,120000,76W,41,2026,9,26,12,16.2,167.20000000000002,99900.0,2026-09-26 12:00:00,2026-09-26 12:00:00,999.0
20260926,120000,76W,41,2026,9,26,12,17.1,167.20000000000002,99800.0,2026-09-26 12:00:00,2026-09-26 12:00:00,998.0
20260926,120000,76W,41,2026,9,26,12,18.1,167.20000000000002,99800.0,2026-09-26 12:00:00,2026-09-26 12:00:00,998.0
20260926,120000,76W,41,2026,9,26,12,19.0,167.0,99600.0,2026-09-26 12:00:00,2026-09-26 12:00:00,996.0
20260926,120000,76W,41,2026,9,26,12,19.8,167.0,99300.0,2026-09-26 12:00:00,2026-09-26 12:00:00,993.0
20260926,120000,76W,50,2026,9,26,12,11.8,121.4,100900.0,2026-09-26 12:00:00,2026-09-26 12:00:00,1009.0
20260926,120000,76W,50,2026,9,26,12,12.1,121.0,100500.0,2026-09-26 12:00:00,2026-09-26 12:00:00,1005.0
20260926,120000,76W,50,2026,9,26,12,11.0,120.3,100800.0,2026-09-26 12:00:00,2026-09-26 12:00:00,1008.0
20260926,120000,76W,50,2026,9,26,12,9.700000000000001,120.5,100800.0,2026-09-26 12:00:00,2026-09-26 12:00:00,1008.0
20260926,120000,76W,50,2026,9,26,12,9.5,123.10000000000001,100500.0,2026-09-26 12:00:00,2026-09-26 12:00:00,1005.0
20260926,120000,76W,50,2026,9,26,12,9.8,123.2,100600.0,2026-09-26 12:00:00,2026-09-26 12:00:00,1006.0
20260926,120000,76W,50,2026,9,26,12,9.4,123.60000000000001,100700.0,2026-09-26 12:00:00,2026-09-26 12:00:00,1007.0
20260926,120000,76W,50,2026,9,26,12,9.6,125.7,100400.0,2026-09-26 12:00:00,2026-09-26 12:00:00,1004.0
20260926,120000,76W,50,2026,9,26,12,9.700000000000001,125.2,100600.0,2026-09-26 12:00:00,2026-09-26 12:00:00,1006.0
20260926,120000,76W,50,2026,9,26,12,9.5,126.0,100300.0,2026-09-26 12:00:00,2026-09-26 12:00:00,1003.0
20260926,120000,77W,12,2026,9,26,12,11.0,105.5,100700.0,2026-09-26 12:00:00,2026-09-26 12:00:00,1007.0
20260926,120000,77W,12,2026,9,26,12,13.6,105.9,100900.0,2026-09-26 12:00:00,2026-09-26 12:00:00,1009.0
20260926,120000,77W,12,2026,9,26,12,12.4,104.9,100800.0,2026-09-26 12:00:00,2026-09-26 12:00:00,1008.0
20260926,120000,77W,12,2026,9,26,12,12.1,102.5,101000.0,2026-09-26 12:00:00,2026-09-26 12:00:00,1010.0
20260926,120000,77W,12,2026,9,26,12,13.1,100.8,100900.0,2026-09-26 12:00:00,2026-09-26 12:00:00,1009.0
20260926,120000,77W,12,2026,9,26,12,11.3,101.3,100800.0,2026-09-26 12:00:00,2026-09-26 12:00:00,1008.0
20260926,120000,77W,29,2026,9,26,12,26.3,141.1,100200.0,2026-09-26 12:00:00,2026-09-26 12:00:00,1002.0
20260926,120000,77W,29,2026,9,26,12,29.1,141.70000000000002,100000.0,2026-09-26 12:00:00,2026-09-26 12:00:00,1000.0
20260926,120000,77W,29,2026,9,26,12,30.2,143.5,99600.0,2026-09-26 12:00:00,2026-09-26 12:00:00,996.0
20260926,120000,77W,29,2026,9,26,12,29.900000000000002,143.20000000000002,99600.0,2026-09-26 12:00:00,2026-09-26 12:00:00,996.0
20260926,120000,77W,29,2026,9,26,12,30.8,144.70000000000002,99200.0,2026-09-26 12:00:00,2026-09-26 12:00:00,992.0
20260926,120000,77W,29,2026,9,26,12,31.6,146.20000000000002,99100.0,2026-09-26 12:00:00,2026-09-26 12:00:00,991.0
20260926,120000,77W,29,2026,9,26,12,32.4,147.9,99100.0,2026-09-26 12:00:00,2026-09-26 12:00:00,991.0
20260926,120000,77W,29,2026,9,26,12,32.9,150.20000000000002,99400.0,2026-09-26 12:00:00,2026-09-26 12:00:00,994.0
20260926,120000,77W,30,2026,9,26,12,13.1,158.8,100700.0,2026-09-26 12:00:00,2026-09-26 12:00:00,1007.0
20260926,120000,77W,30,2026,9,26,12,12.4,165.6,100500.0,2026-09-26 12:00:00,2026-09-26 12:00:00,1005.0
20260926,120000,77W,30,2026,9,26,12,13.6,166.0,100400.0,2026-09-26 12:00:00,2026-09-26 12:00:00,1004.0
20260926,120000,77W,41,2026,9,26,12,19.7,148.1,99500.0,2026-09-26 12:00:00,2026-09-26 12:00:00,995.0
20260926,120000,77W,41,2026,9,26,12,21.6,149.9,99600.0,2026-09-26 12:00:00,2026-09-26 12:00:00,996.0
20260926,120000,77W,41,2026,9,26,12,22.6,150.8,99800.0,2026-09-26 12:00:00,2026-09-26 12:00:00,998.0
20260926,120000,77W,41,2026,9,26,12,23.5,152.0,99500.0,2026-09-26 12:00:00,2026-09-26 12:00:00,995.0
20260926,120000,77W,41,2026,9,26,12,23.900000000000002,153.20000000000002,99600.0,2026-09-26 12:00:00,2026-09-26 12:00:00,996.0
20260926,120000,77W,41,2026,9,26,12,24.2,154.9,99400.0,2026-09-26 12:00:00,2026-09-26 12:00:00,994.0
20260926,120000,77W,41,2026,9,26,12,24.400000000000002,156.6,99600.0,2026-09-26 12:00:00,2026-09-26 12:00:00,996.0
20260926,120000,77W,41,2026,9,26,12,24.3,158.1,99400.0,2026-09-26 12:00:00,2026-09-26 12:00:00,994.0
20260926,120000,77W,41,2026,9,26,12,23.0,161.4,99700.0,2026-09-26 12:00:00,2026-09-26 12:00:00,997.0
20260926,120000,77W,41,2026,9,26,12,22.6,161.8,99500.0,2026-09-26 12:00:00,2026-09-26 12:00:00,995.0
20260926,120000,77W,41,2026,9,26,12,21.900000000000002,161.9,99600.0,2026-09-26 12:00:00,2026-09-26 12:00:00,996.0
20260926,120000,77W,50,2026,9,26,12,12.3,146.1,100400.0,2026-09-26 12:00:00,2026-09-26 12:00:00,1004.0
20260926,120000,77W,50,2026,9,26,12,13.6,146.5,100500.0,2026-09-26 12:00:00,2026-09-26 12:00:00,1005.0
20260926,120000,77W,50,2026,9,26,12,14.200000000000001,146.1,100300.0,2026-09-26 12:00:00,2026-09-26 12:00:00,1003.0
20260926,120000,77W,50,2026,9,26,12,14.5,145.8,100600.0,2026-09-26 12:00:00,2026-09-26 12:00:00,1006.0
20260926,120000,78W,30,2026,9,26,12,15.6,117.4,100500.0,2026-09-26 12:00:00,2026-09-26 12:00:00,1005.0
20260926,120000,78W,30,2026,9,26,12,14.700000000000001,114.8,100400.0,2026-09-26 12:00:00,2026-09-26 12:00:00,1004.0
20260926,120000,78W,30,2026,9,26,12,13.0,112.9,100500.0,2026-09-26 12:00:00,2026-09-26 12:00:00,1005.0
20260926,120000,78W,41,2026,9,26,12,22.8,163.9,99500.0,2026-09-26 12:00:00,2026-09-26 12:00:00,995.0
20260926,120000,78W,41,2026,9,26,12,23.2,164.1,99300.0,2026-09-26 12:00:00,2026-09-26 12:00:00,993.0
20260926,120000,78W,41,2026,9,26,12,24.400000000000002,165.0,99500.0,2026-09-26 12:00:00,2026-09-26 12:00:00,995.0
20260926,120000,78W,41,2026,9,26,12,26.8,163.5,99500.0,2026-09-26 12:00:00,2026-09-26 12:00:00,995.0
20260926,120000,78W,41,2026,9,26,12,28.6,162.70000000000002,99600.0,2026-09-26 12:00:00,2026-09-26 12:00:00,996.0
