typicalDate,typicalTime,track,sample,year,month,day,hour,lat,lon,pressureReducedToMeanSeaLevel,base_dt,valid_dt,pressure
20260930,000000,26W,1,2026,9,30,0,16.4,151.0,99800.0,2026-09-30,2026-09-30,998.0
20260930,000000,26W,1,2026,9,30,0,16.7,150.1,100200.0,2026-09-30,2026-09-30,1002.0
20260930,000000,26W,1,2026,9,30,0,16.5,149.6,100100.0,2026-09-30,2026-09-30,1001.0
20260930,000000,26W,1,2026,9,30,0,17.0,148.70000000000002,100300.0,2026-09-30,2026-09-30,1003.0
20260930,000000,26W,1,2026,9,30,0,16.1,148.20000000000002,99800.0,2026-09-30,2026-09-30,998.0
20260930,000000,26W,1,2026,9,30,0,17.3,148.0,99900.0,2026-09-30,2026-09-30,999.0
20260930,000000,26W,1,2026,9,30,0,17.3,147.9,99500.0,2026-09-30,2026-09-30,995.0
20260930,000000,26W,1,2026,9,30,0,17.3,146.6,99500.0,2026-09-30,2026-09-30,995.0
20260930,000000,26W,1,2026,9,30,0,17.8,147.3,98900.0,2026-09-30,2026-09-30,989.0
20260930,000000,26W,1,2026,9,30,0,17.6,147.0,98700.0,2026-09-30,2026-09-30,987.0
20260930,000000,26W,1,2026,9,30,0,18.400000000000002,148.20000000000002,98200.0,2026-09-30,2026-09-30,982.0
20260930,000000,26W,1,2026,9,30,0,19.2,147.9,98200.0,2026-09-30,2026-09-30,982.0
20260930,000000,26W,1,2026,9,30,0,20.1,148.70000000000002,97500.0,2026-09-30,2026-09-30,975.0
20260930,000000,26W,1,2026,9,30,0,20.900000000000002,148.6,97300.0,2026-09-30,2026-09-30,973.0
20260930,000000,26W,1,2026,9,30,0,22.1,149.0,96300.0,2026-09-30,2026-09-30,963.0
20260930,000000,26W,1,2026,9,30,0,23.2,149.0,96200.0,2026-09-30,2026-09-30,962.0
20260930,000000,26W,1,2026,9,30,0,24.0,148.5,96100.0,2026-09-30,2026-09-30,961.0
20260930,000000,26W,1,2026,9,30,0,24.6,148.5,95700.0,2026-09-30,2026-09-30,957.0
20260930,000000,26W,1,2026,9,30,0,25.2,147.9,95200.0,2026-09-30,2026-09-30,952.0
20260930,000000,26W,1,2026,9,30,0,26.3,147.3,95700.0,2026-09-30,2026-09-30,957.0
20260930,000000,26W,1,2026,9,30,0,27.400000000000002,147.0,95600.0,2026-09-30,2026-09-30,956.0
20260930,000000,26W,1,2026,9,30,0,28.8,147.0,95700.0,2026-09-30,2026-09-30,957.0
20260930,000000,26W,1,2026,9,30,0,30.5,147.0,96100.0,2026-09-30,2026-09-30,961.0
20260930,000000,26W,1,2026,9,30,0,32.5,147.3,96000.0,2026-09-30,2026-09-30,960.0
20260930,000000,26W,1,2026,9,30,0,35.1,148.9,96800.0,2026-09-30,2026-09-30,968.0
20260930,000000,26W,1,2026,9,30,0,38.1,151.3,97100.0,2026-09-30,2026-09-30,971.0
20260930,000000,26W,1,2026,9,30,0,41.2,154.20000000000002,97300.0,2026-09-30,2026-09-30,973.0
20260930,000000,26W,1,2026,9,30,0,44.9,158.9,97500.0,2026-09-30,2026-09-30,975.0
20260930,000000,26W,2,2026,9,30,0,16.1,150.70000000000002,99800.0,2026-09-30,2026-09-30,998.0
20260930,000000,26W,2,2026,9,30,0,16.1,150.1,100100.0,2026-09-30,2026-09-30,1001.0
20260930,000000,26W,2,2026,9,30,0,15.9,148.5,99600.0,2026-09-30,2026-09-30,996.0
20260930,000000,26W,2,2026,9,30,0,15.9,148.20000000000002,99600.0,2026-09-30,2026-09-30,996.0
20260930,000000,26W,2,2026,9,30,0,15.9,147.3,98700.0,2026-09-30,2026-09-30,987.0
20260930,000000,26W,2,2026,9,30,0,15.9,147.0,98600.0,2026-09-30,2026-09-30,986.0
20260930,000000,26W,2,2026,9,30,0,15.9,146.20000000000002,97600.0,2026-09-30,2026-09-30,976.0
20260930,000000,26W,2,2026,9,30,0,15.9,146.20000000000002,97600.0,2026-09-30,2026-09-30,976.0
20260930,000000,26W,2,2026,9,30,0,16.1,145.9,96900.0,2026-09-30,2026-09-30,969.0
20260930,000000,26W,2,2026,9,30,0,16.4,146.5,97100.0,2026-09-30,2026-09-30,971.0
20260930,000000,26W,2,2026,9,30,0,17.3,146.8,96700.0,2026-09-30,2026-09-30,967.0
20260930,000000,26W,2,2026,9,30,0,18.1,147.0,96900.0,2026-09-30,2026-09-30,969.0
20260930,000000,26W,2,2026,9,30,0,19.0,147.3,96200.0,2026-09-30,2026-09-30,962.0
20260930,000000,26W,2,2026,9,30,0,19.8,147.6,96300.0,2026-09-30,2026-09-30,963.0
20260930,000000,26W,2,2026,9,30,0,20.900000000000002,147.6,95600.0,2026-09-30,2026-09-30,956.0
20260930,000000,26W,2,2026,9,30,0,21.8,147.3,96000.0,2026-09-30,2026-09-30,960.0
20260930,000000,26W,2,2026,9,30,0,22.900000000000002,147.3,95800.0,2026-09-30,2026-09-30,958.0
20260930,000000,26W,2,2026,9,30,0,24.0,146.8,96000.0,2026-09-30,2026-09-30,960.0
20260930,000000,26W,2,2026,9,30,0,24.900000000000002,146.20000000000002,96100.0,2026-09-30,2026-09-30,961.0
20260930,000000,26W,2,2026,9,30,0,26.3,145.6,96200.0,2026-09-30,2026-09-30,962.0
20260930,000000,26W,2,2026,9,30,0,28.0,146.20000000000002,96300.0,2026-09-30,2026-09-30,963.0
20260930,000000,26W,2,2026,9,30,0,30.2,145.9,96100.0,2026-09-30,2026-09-30,961.0
20260930,000000,26W,2,2026,9,30,0,32.8,146.9,96600.0,2026-09-30,2026-09-30,966.0
20260930,000000,26W,2,2026,9,30,0,35.300000000000004,148.20000000000002,96400.0,2026-09-30,2026-09-30,964.0
20260930,000000,26W,2,2026,9,30,0,37.800000000000004,149.3,97000.0,2026-09-30,2026-09-30,970.0
20260930,000000,26W,3,2026,9,30,0,15.9,151.3,100100.0,2026-09-30,2026-09-30,1001.0
20260930,000000,26W,3,2026,9,30,0,16.4,150.4,100400.0,2026-09-30,2026-09-30,1004.0
20260930,000000,26W,3,2026,9,30,0,16.1,148.5,99900.0,2026-09-30,2026-09-30,999.0
20260930,000000,26W,3,2026,9,30,0,16.3,148.20000000000002,99900.0,2026-09-30,2026-09-30,999.0
20260930,000000,26W,3,2026,9,30,0,16.1,146.8,99200.0,2026-09-30,2026-09-30,992.0
20260930,000000,26W,3,2026,9,30,0,16.1,146.5,99000.0,2026-09-30,2026-09-30,990.0
20260930,000000,26W,3,2026,9,30,0,16.7,145.4,98100.0,2026-09-30,2026-09-30,981.0
20260930,000000,26W,3,2026,9,30,0,16.7,144.8,97600.0,2026-09-30,2026-09-30,976.0
20260930,000000,26W,3,2026,9,30,0,17.0,144.5,96400.0,2026-09-30,2026-09-30,964.0
20260930,000000,26W,3,2026,9,30,0,17.3,144.20000000000002,96100.0,2026-09-30,2026-09-30,961.0
20260930,000000,26W,3,2026,9,30,0,17.6,144.0,96200.0,2026-09-30,2026-09-30,962.0
20260930,000000,26W,3,2026,9,30,0,18.1,143.70000000000002,96100.0,2026-09-30,2026-09-30,961.0
20260930,000000,26W,3,2026,9,30,0,18.400000000000002,144.0,95700.0,2026-09-30,2026-09-30,957.0
20260930,000000,26W,3,2026,9,30,0,19.2,144.20000000000002,95300.0,2026-09-30,2026-09-30,953.0
20260930,000000,26W,3,2026,9,30,0,19.5,144.5,94500.0,2026-09-30,2026-09-30,945.0
20260930,000000,26W,3,2026,9,30,0,20.1,144.20000000000002,94400.0,2026-09-30,2026-09-30,944.0
20260930,000000,26W,3,2026,9,30,0,20.7,144.20000000000002,94900.0,2026-09-30,2026-09-30,949.0
20260930,000000,26W,3,2026,9,30,0,21.2,144.0,94300.0,2026-09-30,2026-09-30,943.0
20260930,000000,26W,3,2026,9,30,0,21.8,144.0,94300.0,2026-09-30,2026-09-30,943.0
20260930,000000,26W,3,2026,9,30,0,22.900000000000002,143.4,94600.0,2026-09-30,2026-09-30,946.0
20260930,000000,26W,3,2026,9,30,0,24.0,142.8,95000.0,2026-09-30,2026-09-30,950.0
20260930,000000,26W,3,2026,9,30,0,24.6,142.3,94200.0,2026-09-30,2026-09-30,942.0
20260930,000000,26W,3,2026,9,30,0,25.7,142.3,94900.0,2026-09-30,2026-09-30,949.0
20260930,000000,26W,3,2026,9,30,0,26.900000000000002,141.70000000000002,95000.0,2026-09-30,2026-09-30,950.0
20260930,000000,26W,3,2026,9,30,0,27.6,141.70000000000002,94900.0,2026-09-30,2026-09-30,949.0
20260930,000000,26W,3,2026,9,30,0,29.3,141.70000000000002,95200.0,2026-09-30,2026-09-30,952.0
20260930,000000,26W,3,2026,9,30,0,30.8,142.0,95800.0,2026-09-30,2026-09-30,958.0
20260930,000000,26W,3,2026,9,30,0,33.0,142.8,96200.0,2026-09-30,2026-09-30,962.0
20260930,000000,26W,3,2026,9,30,0,35.4,143.5,96500.0,2026-09-30,2026-09-30,965.0
20260930,000000,26W,3,2026,9,30,0,37.800000000000004,145.4,96800.0,2026-09-30,2026-09-30,968.0
20260930,000000,26W,3,2026,9,30,0,40.300000000000004,147.6,97200.0,2026-09-30,2026-09-30,972.0
20260930,000000,26W,3,2026,9,30,0,42.300000000000004,150.1,97600.0,2026-09-30,2026-09-30,976.0
20260930,000000,26W,3,2026,9,30,0,43.6,154.4,97400.0,2026-09-30,2026-09-30,974.0
20260930,000000,26W,3,2026,9,30,0,46.9,160.8,97600.0,2026-09-30,2026-09-30,976.0
20260930,000000,26W,4,2026,9,30,0,16.4,151.3,100000.0,2026-09-30,2026-09-30,1000.0
20260930,000000,26W,4,2026,9,30,0,16.7,150.5,100100.0,2026-09-30,2026-09-30,1001.0
20260930,000000,26W,4,2026,9,30,0,17.0,149.6,99800.0,2026-09-30,2026-09-30,998.0
20260930,000000,26W,4,2026,9,30,0,17.3,148.5,99900.0,2026-09-30,2026-09-30,999.0
20260930,000000,26W,4,2026,9,30,0,17.6,147.3,99500.0,2026-09-30,2026-09-30,995.0
20260930,000000,26W,4,2026,9,30,0,17.3,146.20000000000002,99500.0,2026-09-30,2026-09-30,995.0
20260930,000000,26W,4,2026,9,30,0,17.6,145.6,99200.0,2026-09-30,2026-09-30,992.0
20260930,000000,26W,4,2026,9,30,0,17.6,145.1,99000.0,2026-09-30,2026-09-30,990.0
20260930,000000,26W,4,2026,9,30,0,17.8,145.1,98500.0,2026-09-30,2026-09-30,985.0
20260930,000000,26W,4,2026,9,30,0,17.8,144.20000000000002,98600.0,2026-09-30,2026-09-30,986.0
20260930,000000,26W,4,2026,9,30,0,18.1,144.5,98000.0,2026-09-30,2026-09-30,980.0
20260930,000000,26W,4,2026,9,30,0,18.7,144.8,97800.0,2026-09-30,2026-09-30,978.0
20260930,000000,26W,4,2026,9,30,0,19.2,144.8,97100.0,2026-09-30,2026-09-30,971.0
20260930,000000,26W,4,2026,9,30,0,19.2,145.1,96900.0,2026-09-30,2026-09-30,969.0
20260930,000000,26W,4,2026,9,30,0,19.8,145.4,96700.0,2026-09-30,2026-09-30,967.0
20260930,000000,26W,4,2026,9,30,0,20.400000000000002,145.6,96700.0,2026-09-30,2026-09-30,967.0
20260930,000000,26W,4,2026,9,30,0,20.900000000000002,145.9,96100.0,2026-09-30,2026-09-30,961.0
20260930,000000,26W,4,2026,9,30,0,21.5,146.5,96400.0,2026-09-30,2026-09-30,964.0
20260930,000000,26W,4,2026,9,30,0,22.6,146.8,96200.0,2026-09-30,2026-09-30,962.0
20260930,000000,26W,4,2026,9,30,0,24.0,146.8,95900.0,2026-09-30,2026-09-30,959.0
20260930,000000,26W,4,2026,9,30,0,25.2,146.8,96000.0,2026-09-30,2026-09-30,960.0
20260930,000000,26W,4,2026,9,30,0,26.3,146.5,95800.0,2026-09-30,2026-09-30,958.0
20260930,000000,26W,4,2026,9,30,0,27.400000000000002,146.8,95200.0,2026-09-30,2026-09-30,952.0
20260930,000000,26W,4,2026,9,30,0,29.1,147.3,95800.0,2026-09-30,2026-09-30,958.0
20260930,000000,26W,4,2026,9,30,0,30.8,147.6,96200.0,2026-09-30,2026-09-30,962.0
20260930,000000,26W,4,2026,9,30,0,32.2,148.70000000000002,96900.0,2026-09-30,2026-09-30,969.0
20260930,000000,26W,4,2026,9,30,0,34.2,149.9,97000.0,2026-09-30,2026-09-30,970.0
20260930,000000,26W,4,2026,9,30,0,37.0,151.3,97300.0,2026-09-30,2026-09-30,973.0
20260930,000000,26W,4,2026,9,30,0,39.9,153.8,97500.0,2026-09-30,2026-09-30,975.0
20260930,000000,26W,4,2026,9,30,0,44.0,157.20000000000002,98000.0,2026-09-30,2026-09-30,980.0
20260930,000000,26W,5,2026,9,30,0,15.3,150.4,100100.0,2026-09-30,2026-09-30,1001.0
20260930,000000,26W,5,2026,9,30,0,16.4,150.70000000000002,100200.0,2026-09-30,2026-09-30,1002.0
20260930,000000,26W,5,2026,9,30,0,17.0,149.3,99800.0,2026-09-30,2026-09-30,998.0
20260930,000000,26W,5,2026,9,30,0,16.7,148.20000000000002,99800.0,2026-09-30,2026-09-30,998.0
20260930,000000,26W,5,2026,9,30,0,17.0,147.9,99500.0,2026-09-30,2026-09-30,995.0
20260930,000000,26W,5,2026,9,30,0,17.3,147.3,99600.0,2026-09-30,2026-09-30,996.0
20260930,000000,26W,5,2026,9,30,0,17.8,146.5,99200.0,2026-09-30,2026-09-30,992.0
20260930,000000,26W,5,2026,9,30,0,17.8,145.9,99100.0,2026-09-30,2026-09-30,991.0
20260930,000000,26W,5,2026,9,30,0,19.0,145.9,98500.0,2026-09-30,2026-09-30,985.0
20260930,000000,26W,5,2026,9,30,0,19.0,145.9,98600.0,2026-09-30,2026-09-30,986.0
20260930,000000,26W,5,2026,9,30,0,20.1,146.5,98200.0,2026-09-30,2026-09-30,982.0
20260930,000000,26W,5,2026,9,30,0,20.7,147.0,98300.0,2026-09-30,2026-09-30,983.0
20260930,000000,26W,5,2026,9,30,0,21.900000000000002,148.1,97900.0,2026-09-30,2026-09-30,979.0
20260930,000000,26W,5,2026,9,30,0,23.5,148.5,97800.0,2026-09-30,2026-09-30,978.0
20260930,000000,26W,5,2026,9,30,0,24.900000000000002,148.5,97600.0,2026-09-30,2026-09-30,976.0
20260930,000000,26W,5,2026,9,30,0,26.0,148.20000000000002,97700.0,2026-09-30,2026-09-30,977.0
20260930,000000,26W,5,2026,9,30,0,26.400000000000002,148.1,97100.0,2026-09-30,2026-09-30,971.0
20260930,000000,26W,5,2026,9,30,0,27.400000000000002,148.1,97100.0,2026-09-30,2026-09-30,971.0
20260930,000000,26W,5,2026,9,30,0,28.0,147.6,96900.0,2026-09-30,2026-09-30,969.0
20260930,000000,26W,5,2026,9,30,0,28.900000000000002,147.9,96800.0,2026-09-30,2026-09-30,968.0
20260930,000000,26W,5,2026,9,30,0,30.5,147.9,96600.0,2026-09-30,2026-09-30,966.0
20260930,000000,26W,5,2026,9,30,0,32.2,148.8,96800.0,2026-09-30,2026-09-30,968.0
20260930,000000,26W,5,2026,9,30,0,34.5,149.0,96800.0,2026-09-30,2026-09-30,968.0
20260930,000000,26W,5,2026,9,30,0,36.7,151.6,97200.0,2026-09-30,2026-09-30,972.0
20260930,000000,26W,5,2026,9,30,0,39.5,154.1,97500.0,2026-09-30,2026-09-30,975.0
20260930,000000,26W,5,2026,9,30,0,43.2,156.6,97500.0,2026-09-30,2026-09-30,975.0
20260930,000000,26W,5,2026,9,30,0,46.0,159.70000000000002,96900.0,2026-09-30,2026-09-30,969.0
20260930,000000,26W,6,2026,9,30,0,17.0,150.70000000000002,100200.0,2026-09-30,2026-09-30,1002.0
20260930,000000,26W,6,2026,9,30,0,16.7,151.0,100400.0,2026-09-30,2026-09-30,1004.0
20260930,000000,26W,6,2026,9,30,0,17.3,150.1,100300.0,2026-09-30,2026-09-30,1003.0
20260930,000000,26W,6,2026,9,30,0,17.0,148.20000000000002,100000.0,2026-09-30,2026-09-30,1000.0
20260930,000000,26W,6,2026,9,30,0,16.1,145.9,99900.0,2026-09-30,2026-09-30,999.0
20260930,000000,26W,6,2026,9,30,0,15.3,146.5,99500.0,2026-09-30,2026-09-30,995.0
20260930,000000,26W,6,2026,9,30,0,16.7,146.8,99400.0,2026-09-30,2026-09-30,994.0
20260930,000000,26W,6,2026,9,30,0,16.4,145.9,98900.0,2026-09-30,2026-09-30,989.0
20260930,000000,26W,6,2026,9,30,0,16.4,147.0,98800.0,2026-09-30,2026-09-30,988.0
20260930,000000,26W,6,2026,9,30,0,17.3,147.6,98400.0,2026-09-30,2026-09-30,984.0
20260930,000000,26W,6,2026,9,30,0,18.7,149.0,98200.0,2026-09-30,2026-09-30,982.0
20260930,000000,26W,6,2026,9,30,0,19.8,149.9,97600.0,2026-09-30,2026-09-30,976.0
20260930,000000,26W,6,2026,9,30,0,21.2,150.1,97300.0,2026-09-30,2026-09-30,973.0
20260930,000000,26W,6,2026,9,30,0,22.6,150.1,96900.0,2026-09-30,2026-09-30,969.0
20260930,000000,26W,6,2026,9,30,0,23.5,149.9,96900.0,2026-09-30,2026-09-30,969.0
20260930,000000,26W,6,2026,9,30,0,24.3,149.9,96700.0,2026-09-30,2026-09-30,967.0
20260930,000000,26W,6,2026,9,30,0,25.2,149.6,96700.0,2026-09-30,2026-09-30,967.0
20260930,000000,26W,6,2026,9,30,0,26.3,149.0,96400.0,2026-09-30,2026-09-30,964.0
20260930,000000,26W,6,2026,9,30,0,27.400000000000002,148.5,96900.0,2026-09-30,2026-09-30,969.0
20260930,000000,26W,6,2026,9,30,0,28.8,148.20000000000002,96900.0,2026-09-30,2026-09-30,969.0
20260930,000000,26W,6,2026,9,30,0,30.0,148.70000000000002,97200.0,2026-09-30,2026-09-30,972.0
20260930,000000,26W,6,2026,9,30,0,32.5,149.3,97200.0,2026-09-30,2026-09-30,972.0
20260930,000000,26W,6,2026,9,30,0,34.7,151.3,97500.0,2026-09-30,2026-09-30,975.0
20260930,000000,26W,6,2026,9,30,0,37.6,153.5,97500.0,2026-09-30,2026-09-30,975.0
20260930,000000,26W,6,2026,9,30,0,40.9,156.9,97700.0,2026-09-30,2026-09-30,977.0
20260930,000000,26W,6,2026,9,30,0,43.2,162.6,97800.0,2026-09-30,2026-09-30,978.0
20260930,000000,26W,6,2026,9,30,0,44.9,167.3,97700.0,2026-09-30,2026-09-30,977.0
20260930,000000,26W,6,2026,9,30,0,46.0,170.1,97500.0,2026-09-30,2026-09-30,975.0
20260930,000000,26W,7,2026,9,30,0,16.7,149.6,100100.0,2026-09-30,2026-09-30,1001.0
20260930,000000,26W,7,2026,9,30,0,16.7,149.3,100200.0,2026-09-30,2026-09-30,1002.0
20260930,000000,26W,7,2026,9,30,0,16.7,147.9,99700.0,2026-09-30,2026-09-30,997.0
20260930,000000,26W,7,2026,9,30,0,16.7,147.3,100000.0,2026-09-30,2026-09-30,1000.0
20260930,000000,26W,7,2026,9,30,0,17.8,146.8,99400.0,2026-09-30,2026-09-30,994.0
20260930,000000,26W,7,2026,9,30,0,17.6,145.1,99500.0,2026-09-30,2026-09-30,995.0
20260930,000000,26W,7,2026,9,30,0,17.6,144.20000000000002,98900.0,2026-09-30,2026-09-30,989.0
20260930,000000,26W,7,2026,9,30,0,18.1,143.1,99000.0,2026-09-30,2026-09-30,990.0
20260930,000000,26W,7,2026,9,30,0,18.400000000000002,142.3,98400.0,2026-09-30,2026-09-30,984.0
20260930,000000,26W,7,2026,9,30,0,18.400000000000002,142.0,98300.0,2026-09-30,2026-09-30,983.0
20260930,000000,26W,7,2026,9,30,0,18.7,141.1,97800.0,2026-09-30,2026-09-30,978.0
20260930,000000,26W,7,2026,9,30,0,18.7,141.4,97500.0,2026-09-30,2026-09-30,975.0
20260930,000000,26W,7,2026,9,30,0,19.0,141.1,96800.0,2026-09-30,2026-09-30,968.0
20260930,000000,26W,7,2026,9,30,0,19.0,141.1,96600.0,2026-09-30,2026-09-30,966.0
20260930,000000,26W,7,2026,9,30,0,19.2,141.1,96000.0,2026-09-30,2026-09-30,960.0
20260930,000000,26W,7,2026,9,30,0,19.8,141.1,95800.0,2026-09-30,2026-09-30,958.0
20260930,000000,26W,7,2026,9,30,0,20.400000000000002,140.9,95900.0,2026-09-30,2026-09-30,959.0
20260930,000000,26W,7,2026,9,30,0,20.7,141.1,96000.0,2026-09-30,2026-09-30,960.0
20260930,000000,26W,7,2026,9,30,0,21.5,141.1,95400.0,2026-09-30,2026-09-30,954.0
20260930,000000,26W,7,2026,9,30,0,22.3,140.6,95300.0,2026-09-30,2026-09-30,953.0
20260930,000000,26W,7,2026,9,30,0,23.5,140.9,95400.0,2026-09-30,2026-09-30,954.0
20260930,000000,26W,7,2026,9,30,0,24.3,140.6,95500.0,2026-09-30,2026-09-30,955.0
20260930,000000,26W,7,2026,9,30,0,25.7,140.6,95400.0,2026-09-30,2026-09-30,954.0
20260930,000000,26W,7,2026,9,30,0,27.1,140.6,95600.0,2026-09-30,2026-09-30,956.0
20260930,000000,26W,7,2026,9,30,0,28.8,140.9,95900.0,2026-09-30,2026-09-30,959.0
20260930,000000,26W,7,2026,9,30,0,30.7,141.6,96200.0,2026-09-30,2026-09-30,962.0
20260930,000000,26W,7,2026,9,30,0,32.8,143.1,96700.0,2026-09-30,2026-09-30,967.0
20260930,000000,26W,7,2026,9,30,0,35.6,144.5,97300.0,2026-09-30,2026-09-30,973.0
20260930,000000,26W,7,2026,9,30,0,37.800000000000004,147.3,97400.0,2026-09-30,2026-09-30,974.0
20260930,000000,26W,7,2026,9,30,0,41.2,151.0,98100.0,2026-09-30,2026-09-30,981.0
20260930,000000,26W,8,2026,9,30,0,16.1,151.5,99800.0,2026-09-30,2026-09-30,998.0
20260930,000000,26W,8,2026,9,30,0,16.7,150.4,100100.0,2026-09-30,2026-09-30,1001.0
20260930,000000,26W,8,2026,9,30,0,17.0,149.3,99600.0,2026-09-30,2026-09-30,996.0
20260930,000000,26W,8,2026,9,30,0,17.0,148.20000000000002,99600.0,2026-09-30,2026-09-30,996.0
20260930,000000,26W,8,2026,9,30,0,17.6,147.3,99200.0,2026-09-30,2026-09-30,992.0
20260930,000000,26W,8,2026,9,30,0,17.0,146.20000000000002,99100.0,2026-09-30,2026-09-30,991.0
20260930,000000,26W,8,2026,9,30,0,17.8,146.20000000000002,98800.0,2026-09-30,2026-09-30,988.0
20260930,000000,26W,8,2026,9,30,0,17.8,145.6,98600.0,2026-09-30,2026-09-30,986.0
20260930,000000,26W,8,2026,9,30,0,18.400000000000002,145.1,98100.0,2026-09-30,2026-09-30,981.0
20260930,000000,26W,8,2026,9,30,0,19.0,145.1,97800.0,2026-09-30,2026-09-30,978.0
20260930,000000,26W,8,2026,9,30,0,19.2,145.4,97100.0,2026-09-30,2026-09-30,971.0
20260930,000000,26W,8,2026,9,30,0,19.8,145.6,97100.0,2026-09-30,2026-09-30,971.0
20260930,000000,26W,8,2026,9,30,0,20.900000000000002,145.6,96300.0,2026-09-30,2026-09-30,963.0
20260930,000000,26W,8,2026,9,30,0,21.2,145.4,96800.0,2026-09-30,2026-09-30,968.0
20260930,000000,26W,8,2026,9,30,0,21.8,145.6,96700.0,2026-09-30,2026-09-30,967.0
20260930,000000,26W,8,2026,9,30,0,22.6,145.9,96900.0,2026-09-30,2026-09-30,969.0
20260930,000000,26W,8,2026,9,30,0,23.2,146.20000000000002,96700.0,2026-09-30,2026-09-30,967.0
20260930,000000,26W,8,2026,9,30,0,24.3,145.9,97000.0,2026-09-30,2026-09-30,970.0
20260930,000000,26W,8,2026,9,30,0,25.2,145.6,96800.0,2026-09-30,2026-09-30,968.0
20260930,000000,26W,8,2026,9,30,0,26.6,145.6,97000.0,2026-09-30,2026-09-30,970.0
20260930,000000,26W,8,2026,9,30,0,28.3,145.4,97000.0,2026-09-30,2026-09-30,970.0
20260930,000000,26W,8,2026,9,30,0,30.0,145.6,97000.0,2026-09-30,2026-09-30,970.0
20260930,000000,26W,8,2026,9,30,0,32.5,146.8,97000.0,2026-09-30,2026-09-30,970.0
20260930,000000,26W,8,2026,9,30,0,35.0,148.70000000000002,97700.0,2026-09-30,2026-09-30,977.0
20260930,000000,26W,8,2026,9,30,0,38.7,152.1,98000.0,2026-09-30,2026-09-30,980.0
20260930,000000,26W,8,2026,9,30,0,44.0,156.9,98500.0,2026-09-30,2026-09-30,985.0
20260930,000000,26W,9,2026,9,30,0,17.3,149.6,100300.0,2026-09-30,2026-09-30,1003.0
20260930,000000,26W,9,2026,9,30,0,17.0,148.70000000000002,100600.0,2026-09-30,2026-09-30,1006.0
20260930,000000,26W,9,2026,9,30,0,17.3,146.5,100000.0,2026-09-30,2026-09-30,1000.0
20260930,000000,26W,9,2026,9,30,0,17.3,145.9,100100.0,2026-09-30,2026-09-30,1001.0
20260930,000000,26W,9,2026,9,30,0,18.1,145.6,99700.0,2026-09-30,2026-09-30,997.0
20260930,000000,26W,9,2026,9,30,0,18.7,144.0,99900.0,2026-09-30,2026-09-30,999.0
20260930,000000,26W,9,2026,9,30,0,18.6,142.3,99400.0,2026-09-30,2026-09-30,994.0
20260930,000000,26W,9,2026,9,30,0,18.7,141.6,99300.0,2026-09-30,2026-09-30,993.0
20260930,000000,26W,9,2026,9,30,0,19.2,140.5,98700.0,2026-09-30,2026-09-30,987.0
20260930,000000,26W,9,2026,9,30,0,19.2,139.70000000000002,98600.0,2026-09-30,2026-09-30,986.0
20260930,000000,26W,9,2026,9,30,0,19.2,139.5,97600.0,2026-09-30,2026-09-30,976.0
20260930,000000,26W,9,2026,9,30,0,19.5,138.9,97000.0,2026-09-30,2026-09-30,970.0
20260930,000000,26W,9,2026,9,30,0,19.8,138.6,96400.0,2026-09-30,2026-09-30,964.0
20260930,000000,26W,9,2026,9,30,0,19.8,137.5,96300.0,2026-09-30,2026-09-30,963.0
20260930,000000,26W,9,2026,9,30,0,19.5,137.20000000000002,95300.0,2026-09-30,2026-09-30,953.0
20260930,000000,26W,9,2026,9,30,0,19.5,136.6,95500.0,2026-09-30,2026-09-30,955.0
20260930,000000,26W,9,2026,9,30,0,19.5,135.8,95100.0,2026-09-30,2026-09-30,951.0
20260930,000000,26W,9,2026,9,30,0,19.8,135.8,95300.0,2026-09-30,2026-09-30,953.0
20260930,000000,26W,9,2026,9,30,0,19.8,135.5,94500.0,2026-09-30,2026-09-30,945.0
20260930,000000,26W,9,2026,9,30,0,20.1,135.2,94200.0,2026-09-30,2026-09-30,942.0
20260930,000000,26W,9,2026,9,30,0,20.400000000000002,135.0,94600.0,2026-09-30,2026-09-30,946.0
20260930,000000,26W,9,2026,9,30,0,20.400000000000002,134.7,94700.0,2026-09-30,2026-09-30,947.0
20260930,000000,26W,9,2026,9,30,0,20.7,134.4,94800.0,2026-09-30,2026-09-30,948.0
20260930,000000,26W,9,2026,9,30,0,21.2,133.8,95300.0,2026-09-30,2026-09-30,953.0
20260930,000000,26W,9,2026,9,30,0,21.5,133.5,94900.0,2026-09-30,2026-09-30,949.0
20260930,000000,26W,9,2026,9,30,0,21.8,133.5,94900.0,2026-09-30,2026-09-30,949.0
20260930,000000,26W,9,2026,9,30,0,22.1,133.3,95500.0,2026-09-30,2026-09-30,955.0
20260930,000000,26W,9,2026,9,30,0,22.6,132.7,95800.0,2026-09-30,2026-09-30,958.0
20260930,000000,26W,9,2026,9,30,0,23.2,132.4,95400.0,2026-09-30,2026-09-30,954.0
20260930,000000,26W,9,2026,9,30,0,23.2,132.4,95500.0,2026-09-30,2026-09-30,955.0
20260930,000000,26W,9,2026,9,30,0,23.2,132.1,95400.0,2026-09-30,2026-09-30,954.0
20260930,000000,26W,9,2026,9,30,0,23.8,132.4,95700.0,2026-09-30,2026-09-30,957.0
20260930,000000,26W,9,2026,9,30,0,24.3,132.4,95600.0,2026-09-30,2026-09-30,956.0
20260930,000000,26W,9,2026,9,30,0,24.6,132.4,96200.0,2026-09-30,2026-09-30,962.0
20260930,000000,26W,9,2026,9,30,0,26.0,132.4,96200.0,2026-09-30,2026-09-30,962.0
20260930,000000,26W,9,2026,9,30,0,26.6,132.1,96500.0,2026-09-30,2026-09-30,965.0
20260930,000000,26W,9,2026,9,30,0,27.7,131.9,96500.0,2026-09-30,2026-09-30,965.0
20260930,000000,26W,9,2026,9,30,0,28.400000000000002,131.4,96500.0,2026-09-30,2026-09-30,965.0
20260930,000000,26W,9,2026,9,30,0,28.5,131.0,96700.0,2026-09-30,2026-09-30,967.0
20260930,000000,26W,9,2026,9,30,0,28.6,131.1,97100.0,2026-09-30,2026-09-30,971.0
20260930,000000,26W,9,2026,9,30,0,28.8,131.3,97100.0,2026-09-30,2026-09-30,971.0
20260930,000000,26W,9,2026,9,30,0,28.5,131.6,97800.0,2026-09-30,2026-09-30,978.0
20260930,000000,26W,9,2026,9,30,0,28.5,131.9,98000.0,2026-09-30,2026-09-30,980.0
20260930,000000,26W,9,2026,9,30,0,28.5,132.1,98500.0,2026-09-30,2026-09-30,985.0
20260930,000000,26W,9,2026,9,30,0,28.5,132.4,98500.0,2026-09-30,2026-09-30,985.0
20260930,000000,26W,9,2026,9,30,0,28.3,132.4,99000.0,2026-09-30,2026-09-30,990.0
20260930,000000,26W,9,2026,9,30,0,28.3,132.7,99000.0,2026-09-30,2026-09-30,990.0
20260930,000000,26W,9,2026,9,30,0,28.5,133.0,99300.0,2026-09-30,2026-09-30,993.0
20260930,000000,26W,9,2026,9,30,0,28.5,133.0,99200.0,2026-09-30,2026-09-30,992.0
20260930,000000,26W,9,2026,9,30,0,28.3,132.7,99400.0,2026-09-30,2026-09-30,994.0
20260930,000000,26W,9,2026,9,30,0,28.5,132.7,99300.0,2026-09-30,2026-09-30,993.0
20260930,000000,26W,9,2026,9,30,0,28.3,133.0,99400.0,2026-09-30,2026-09-30,994.0
20260930,000000,26W,9,2026,9,30,0,28.3,133.5,99300.0,2026-09-30,2026-09-30,993.0
20260930,000000,26W,9,2026,9,30,0,28.5,134.4,99700.0,2026-09-30,2026-09-30,997.0
20260930,000000,26W,9,2026,9,30,0,28.8,134.7,99600.0,2026-09-30,2026-09-30,996.0
20260930,000000,26W,9,2026,9,30,0,29.400000000000002,135.0,99900.0,2026-09-30,2026-09-30,999.0
20260930,000000,26W,9,2026,9,30,0,29.400000000000002,135.5,99700.0,2026-09-30,2026-09-30,997.0
20260930,000000,26W,9,2026,9,30,0,30.5,136.1,99900.0,2026-09-30,2026-09-30,999.0
20260930,000000,26W,9,2026,9,30,0,31.6,136.6,99600.0,2026-09-30,2026-09-30,996.0
20260930,000000,26W,9,2026,9,30,0,32.5,137.8,99700.0,2026-09-30,2026-09-30,997.0
20260930,000000,26W,10,2026,9,30,0,15.6,151.3,99700.0,2026-09-30,2026-09-30,997.0
20260930,000000,26W,10,2026,9,30,0,16.1,151.0,100100.0,2026-09-30,2026-09-30,1001.0
20260930,000000,26W,10,2026,9,30,0,16.5,149.0,99800.0,2026-09-30,2026-09-30,998.0
20260930,000000,26W,10,2026,9,30,0,16.7,147.9,99900.0,2026-09-30,2026-09-30,999.0
20260930,000000,26W,10,2026,9,30,0,16.7,147.6,99400.0,2026-09-30,2026-09-30,994.0
20260930,000000,26W,10,2026,9,30,0,16.7,146.5,99500.0,2026-09-30,2026-09-30,995.0
20260930,000000,26W,10,2026,9,30,0,16.7,145.9,99100.0,2026-09-30,2026-09-30,991.0
20260930,000000,26W,10,2026,9,30,0,17.3,145.6,99000.0,2026-09-30,2026-09-30,990.0
20260930,000000,26W,10,2026,9,30,0,17.7,145.70000000000002,98400.0,2026-09-30,2026-09-30,984.0
20260930,000000,26W,10,2026,9,30,0,18.2,146.0,98200.0,2026-09-30,2026-09-30,982.0
20260930,000000,26W,10,2026,9,30,0,18.7,145.9,97700.0,2026-09-30,2026-09-30,977.0
20260930,000000,26W,10,2026,9,30,0,19.5,146.5,97500.0,2026-09-30,2026-09-30,975.0
20260930,000000,26W,10,2026,9,30,0,20.400000000000002,147.3,96900.0,2026-09-30,2026-09-30,969.0
20260930,000000,26W,10,2026,9,30,0,21.5,147.9,96300.0,2026-09-30,2026-09-30,963.0
20260930,000000,26W,10,2026,9,30,0,21.8,147.9,96100.0,2026-09-30,2026-09-30,961.0
20260930,000000,26W,10,2026,9,30,0,22.6,148.70000000000002,96400.0,2026-09-30,2026-09-30,964.0
20260930,000000,26W,10,2026,9,30,0,23.8,148.70000000000002,96300.0,2026-09-30,2026-09-30,963.0
20260930,000000,26W,10,2026,9,30,0,24.3,148.5,96300.0,2026-09-30,2026-09-30,963.0
20260930,000000,26W,10,2026,9,30,0,25.2,148.70000000000002,96100.0,2026-09-30,2026-09-30,961.0
20260930,000000,26W,10,2026,9,30,0,26.0,148.5,96200.0,2026-09-30,2026-09-30,962.0
20260930,000000,26W,10,2026,9,30,0,27.1,148.5,96300.0,2026-09-30,2026-09-30,963.0
20260930,000000,26W,10,2026,9,30,0,28.3,148.5,96600.0,2026-09-30,2026-09-30,966.0
20260930,000000,26W,10,2026,9,30,0,29.7,148.5,96500.0,2026-09-30,2026-09-30,965.0
20260930,000000,26W,10,2026,9,30,0,31.6,149.6,97100.0,2026-09-30,2026-09-30,971.0
20260930,000000,26W,10,2026,9,30,0,33.9,149.9,97300.0,2026-09-30,2026-09-30,973.0
20260930,000000,26W,10,2026,9,30,0,35.300000000000004,151.8,97800.0,2026-09-30,2026-09-30,978.0
20260930,000000,26W,10,2026,9,30,0,37.800000000000004,154.6,97800.0,2026-09-30,2026-09-30,978.0
20260930,000000,26W,10,2026,9,30,0,40.7,158.70000000000002,97800.0,2026-09-30,2026-09-30,978.0
20260930,000000,26W,10,2026,9,30,0,43.5,162.20000000000002,98200.0,2026-09-30,2026-09-30,982.0
20260930,000000,26W,11,2026,9,30,0,15.6,151.3,99500.0,2026-09-30,2026-09-30,995.0
20260930,000000,26W,11,2026,9,30,0,15.6,151.0,99500.0,2026-09-30,2026-09-30,995.0
20260930,000000,26W,11,2026,9,30,0,15.9,150.70000000000002,99100.0,2026-09-30,2026-09-30,991.0
20260930,000000,26W,11,2026,9,30,0,15.9,149.6,99100.0,2026-09-30,2026-09-30,991.0
20260930,000000,26W,11,2026,9,30,0,15.9,149.3,98500.0,2026-09-30,2026-09-30,985.0
20260930,000000,26W,11,2026,9,30,0,15.9,148.70000000000002,98400.0,2026-09-30,2026-09-30,984.0
20260930,000000,26W,11,2026,9,30,0,15.9,148.70000000000002,98100.0,2026-09-30,2026-09-30,981.0
20260930,000000,26W,11,2026,9,30,0,16.7,148.70000000000002,97700.0,2026-09-30,2026-09-30,977.0
20260930,000000,26W,11,2026,9,30,0,17.0,148.70000000000002,97400.0,2026-09-30,2026-09-30,974.0
20260930,000000,26W,11,2026,9,30,0,17.6,149.6,97100.0,2026-09-30,2026-09-30,971.0
20260930,000000,26W,11,2026,9,30,0,18.400000000000002,150.1,96900.0,2026-09-30,2026-09-30,969.0
20260930,000000,26W,11,2026,9,30,0,19.8,150.70000000000002,96700.0,2026-09-30,2026-09-30,967.0
20260930,000000,26W,11,2026,9,30,0,20.900000000000002,151.0,96500.0,2026-09-30,2026-09-30,965.0
20260930,000000,26W,11,2026,9,30,0,22.1,151.5,96700.0,2026-09-30,2026-09-30,967.0
20260930,000000,26W,11,2026,9,30,0,23.2,151.0,96200.0,2026-09-30,2026-09-30,962.0
20260930,000000,26W,11,2026,9,30,0,24.3,150.70000000000002,96200.0,2026-09-30,2026-09-30,962.0
20260930,000000,26W,11,2026,9,30,0,25.2,150.4,96000.0,2026-09-30,2026-09-30,960.0
20260930,000000,26W,11,2026,9,30,0,25.7,149.9,96100.0,2026-09-30,2026-09-30,961.0
20260930,000000,26W,11,2026,9,30,0,26.900000000000002,149.0,96300.0,2026-09-30,2026-09-30,963.0
20260930,000000,26W,11,2026,9,30,0,28.0,148.5,96200.0,2026-09-30,2026-09-30,962.0
20260930,000000,26W,11,2026,9,30,0,29.400000000000002,148.5,95700.0,2026-09-30,2026-09-30,957.0
20260930,000000,26W,11,2026,9,30,0,31.400000000000002,148.70000000000002,95800.0,2026-09-30,2026-09-30,958.0
20260930,000000,26W,11,2026,9,30,0,34.2,149.6,96400.0,2026-09-30,2026-09-30,964.0
20260930,000000,26W,11,2026,9,30,0,38.1,151.8,97500.0,2026-09-30,2026-09-30,975.0
20260930,000000,26W,11,2026,9,30,0,42.300000000000004,154.4,97300.0,2026-09-30,2026-09-30,973.0
20260930,000000,26W,11,2026,9,30,0,46.6,156.9,96900.0,2026-09-30,2026-09-30,969.0
20260930,000000,26W,11,2026,9,30,0,51.2,161.20000000000002,95600.0,2026-09-30,2026-09-30,956.0
20260930,000000,26W,12,2026,9,30,0,16.7,150.4,100200.0,2026-09-30,2026-09-30,1002.0
20260930,000000,26W,12,2026,9,30,0,17.3,149.3,100400.0,2026-09-30,2026-09-30,1004.0
20260930,000000,26W,12,2026,9,30,0,17.3,148.70000000000002,100100.0,2026-09-30,2026-09-30,1001.0
20260930,000000,26W,12,2026,9,30,0,17.0,146.5,100100.0,2026-09-30,2026-09-30,1001.0
20260930,000000,26W,12,2026,9,30,0,17.6,145.9,99800.0,2026-09-30,2026-09-30,998.0
20260930,000000,26W,12,2026,9,30,0,17.3,143.70000000000002,99700.0,2026-09-30,2026-09-30,997.0
20260930,000000,26W,12,2026,9,30,0,17.2,142.8,99200.0,2026-09-30,2026-09-30,992.0
20260930,000000,26W,12,2026,9,30,0,17.6,142.3,99100.0,2026-09-30,2026-09-30,991.0
20260930,000000,26W,12,2026,9,30,0,17.8,141.1,98600.0,2026-09-30,2026-09-30,986.0
20260930,000000,26W,12,2026,9,30,0,18.1,141.1,98400.0,2026-09-30,2026-09-30,984.0
20260930,000000,26W,12,2026,9,30,0,17.8,140.0,97800.0,2026-09-30,2026-09-30,978.0
20260930,000000,26W,12,2026,9,30,0,18.400000000000002,140.3,97900.0,2026-09-30,2026-09-30,979.0
20260930,000000,26W,12,2026,9,30,0,19.2,140.0,97500.0,2026-09-30,2026-09-30,975.0
20260930,000000,26W,12,2026,9,30,0,19.2,139.70000000000002,97500.0,2026-09-30,2026-09-30,975.0
20260930,000000,26W,12,2026,9,30,0,19.8,139.70000000000002,97000.0,2026-09-30,2026-09-30,970.0
20260930,000000,26W,12,2026,9,30,0,20.1,139.5,97400.0,2026-09-30,2026-09-30,974.0
20260930,000000,26W,12,2026,9,30,0,20.7,139.5,97000.0,2026-09-30,2026-09-30,970.0
20260930,000000,26W,12,2026,9,30,0,21.2,139.5,96900.0,2026-09-30,2026-09-30,969.0
20260930,000000,26W,12,2026,9,30,0,22.1,139.20000000000002,96400.0,2026-09-30,2026-09-30,964.0
20260930,000000,26W,12,2026,9,30,0,22.3,139.20000000000002,96400.0,2026-09-30,2026-09-30,964.0
20260930,000000,26W,12,2026,9,30,0,23.5,139.20000000000002,95700.0,2026-09-30,2026-09-30,957.0
20260930,000000,26W,12,2026,9,30,0,24.6,139.20000000000002,95500.0,2026-09-30,2026-09-30,955.0
20260930,000000,26W,12,2026,9,30,0,25.2,139.5,95000.0,2026-09-30,2026-09-30,950.0
20260930,000000,26W,12,2026,9,30,0,26.3,139.70000000000002,95400.0,2026-09-30,2026-09-30,954.0
20260930,000000,26W,12,2026,9,30,0,27.400000000000002,139.5,94800.0,2026-09-30,2026-09-30,948.0
20260930,000000,26W,12,2026,9,30,0,28.8,139.70000000000002,94600.0,2026-09-30,2026-09-30,946.0
20260930,000000,26W,12,2026,9,30,0,30.2,140.3,95900.0,2026-09-30,2026-09-30,959.0
20260930,000000,26W,12,2026,9,30,0,31.900000000000002,140.9,95900.0,2026-09-30,2026-09-30,959.0
20260930,000000,26W,12,2026,9,30,0,33.6,142.0,96300.0,2026-09-30,2026-09-30,963.0
20260930,000000,26W,12,2026,9,30,0,35.6,143.1,96400.0,2026-09-30,2026-09-30,964.0
20260930,000000,26W,12,2026,9,30,0,38.1,144.70000000000002,96900.0,2026-09-30,2026-09-30,969.0
20260930,000000,26W,12,2026,9,30,0,40.7,147.0,97100.0,2026-09-30,2026-09-30,971.0
20260930,000000,26W,12,2026,9,30,0,42.6,150.1,97400.0,2026-09-30,2026-09-30,974.0
20260930,000000,26W,12,2026,9,30,0,44.0,154.1,97900.0,2026-09-30,2026-09-30,979.0
20260930,000000,26W,12,2026,9,30,0,46.0,159.70000000000002,98100.0,2026-09-30,2026-09-30,981.0
20260930,000000,26W,12,2026,9,30,0,47.4,168.1,97800.0,2026-09-30,2026-09-30,978.0
20260930,000000,26W,13,2026,9,30,0,16.7,151.3,99900.0,2026-09-30,2026-09-30,999.0
20260930,000000,26W,13,2026,9,30,0,16.7,150.1,100100.0,2026-09-30,2026-09-30,1001.0
20260930,000000,26W,13,2026,9,30,0,16.4,149.6,99700.0,2026-09-30,2026-09-30,997.0
20260930,000000,26W,13,2026,9,30,0,16.4,148.70000000000002,99900.0,2026-09-30,2026-09-30,999.0
20260930,000000,26W,13,2026,9,30,0,15.6,147.6,99200.0,2026-09-30,2026-09-30,992.0
20260930,000000,26W,13,2026,9,30,0,15.9,147.3,99500.0,2026-09-30,2026-09-30,995.0
20260930,000000,26W,13,2026,9,30,0,16.1,147.3,98800.0,2026-09-30,2026-09-30,988.0
20260930,000000,26W,13,2026,9,30,0,15.9,147.3,98700.0,2026-09-30,2026-09-30,987.0
20260930,000000,26W,13,2026,9,30,0,16.4,147.6,98100.0,2026-09-30,2026-09-30,981.0
20260930,000000,26W,13,2026,9,30,0,16.7,147.9,97800.0,2026-09-30,2026-09-30,978.0
20260930,000000,26W,13,2026,9,30,0,17.6,148.20000000000002,97100.0,2026-09-30,2026-09-30,971.0
20260930,000000,26W,13,2026,9,30,0,18.400000000000002,148.5,96500.0,2026-09-30,2026-09-30,965.0
20260930,000000,26W,13,2026,9,30,0,19.2,148.70000000000002,96200.0,2026-09-30,2026-09-30,962.0
20260930,000000,26W,13,2026,9,30,0,20.400000000000002,149.3,95600.0,2026-09-30,2026-09-30,956.0
20260930,000000,26W,13,2026,9,30,0,21.2,149.6,95600.0,2026-09-30,2026-09-30,956.0
20260930,000000,26W,13,2026,9,30,0,22.3,149.6,95400.0,2026-09-30,2026-09-30,954.0
20260930,000000,26W,13,2026,9,30,0,23.5,149.6,95500.0,2026-09-30,2026-09-30,955.0
20260930,000000,26W,13,2026,9,30,0,24.6,149.3,95600.0,2026-09-30,2026-09-30,956.0
20260930,000000,26W,13,2026,9,30,0,25.400000000000002,149.0,94900.0,2026-09-30,2026-09-30,949.0
20260930,000000,26W,13,2026,9,30,0,26.6,148.70000000000002,95400.0,2026-09-30,2026-09-30,954.0
20260930,000000,26W,13,2026,9,30,0,27.400000000000002,148.20000000000002,95400.0,2026-09-30,2026-09-30,954.0
20260930,000000,26W,13,2026,9,30,0,29.1,147.6,95800.0,2026-09-30,2026-09-30,958.0
20260930,000000,26W,13,2026,9,30,0,30.2,147.6,95300.0,2026-09-30,2026-09-30,953.0
20260930,000000,26W,13,2026,9,30,0,31.6,148.20000000000002,95900.0,2026-09-30,2026-09-30,959.0
20260930,000000,26W,13,2026,9,30,0,33.6,148.70000000000002,96200.0,2026-09-30,2026-09-30,962.0
20260930,000000,26W,13,2026,9,30,0,36.1,150.70000000000002,96600.0,2026-09-30,2026-09-30,966.0
20260930,000000,26W,13,2026,9,30,0,39.5,153.20000000000002,97300.0,2026-09-30,2026-09-30,973.0
20260930,000000,26W,13,2026,9,30,0,42.300000000000004,156.6,97400.0,2026-09-30,2026-09-30,974.0
20260930,000000,26W,13,2026,9,30,0,45.2,161.70000000000002,97500.0,2026-09-30,2026-09-30,975.0
20260930,000000,26W,13,2026,9,30,0,47.1,165.9,97300.0,2026-09-30,2026-09-30,973.0
20260930,000000,26W,13,2026,9,30,0,48.2,170.5,97000.0,2026-09-30,2026-09-30,970.0
20260930,000000,26W,13,2026,9,30,0,48.0,178.0,96400.0,2026-09-30,2026-09-30,964.0
20260930,000000,26W,14,2026,9,30,0,16.1,151.8,99700.0,2026-09-30,2026-09-30,997.0
20260930,000000,26W,14,2026,9,30,0,15.9,150.4,100000.0,2026-09-30,2026-09-30,1000.0
20260930,000000,26W,14,2026,9,30,0,15.3,150.1,99300.0,2026-09-30,2026-09-30,993.0
20260930,000000,26W,14,2026,9,30,0,15.6,150.1,99500.0,2026-09-30,2026-09-30,995.0
20260930,000000,26W,14,2026,9,30,0,16.1,150.1,99100.0,2026-09-30,2026-09-30,991.0
20260930,000000,26W,14,2026,9,30,0,15.9,149.3,99100.0,2026-09-30,2026-09-30,991.0
20260930,000000,26W,14,2026,9,30,0,15.9,149.6,98800.0,2026-09-30,2026-09-30,988.0
20260930,000000,26W,14,2026,9,30,0,15.9,149.0,98700.0,2026-09-30,2026-09-30,987.0
20260930,000000,26W,14,2026,9,30,0,17.3,149.0,97900.0,2026-09-30,2026-09-30,979.0
20260930,000000,26W,14,2026,9,30,0,18.400000000000002,149.6,97600.0,2026-09-30,2026-09-30,976.0
20260930,000000,26W,14,2026,9,30,0,19.0,149.3,97300.0,2026-09-30,2026-09-30,973.0
20260930,000000,26W,14,2026,9,30,0,19.8,150.1,97100.0,2026-09-30,2026-09-30,971.0
20260930,000000,26W,14,2026,9,30,0,21.2,150.1,96800.0,2026-09-30,2026-09-30,968.0
20260930,000000,26W,14,2026,9,30,0,21.8,150.4,96600.0,2026-09-30,2026-09-30,966.0
20260930,000000,26W,14,2026,9,30,0,22.900000000000002,150.70000000000002,96300.0,2026-09-30,2026-09-30,963.0
20260930,000000,26W,14,2026,9,30,0,23.8,150.4,96300.0,2026-09-30,2026-09-30,963.0
20260930,000000,26W,14,2026,9,30,0,24.6,150.4,96300.0,2026-09-30,2026-09-30,963.0
20260930,000000,26W,14,2026,9,30,0,25.2,150.1,96400.0,2026-09-30,2026-09-30,964.0
20260930,000000,26W,14,2026,9,30,0,26.3,149.3,96300.0,2026-09-30,2026-09-30,963.0
20260930,000000,26W,14,2026,9,30,0,27.1,149.0,96300.0,2026-09-30,2026-09-30,963.0
20260930,000000,26W,14,2026,9,30,0,28.3,148.70000000000002,96000.0,2026-09-30,2026-09-30,960.0
20260930,000000,26W,14,2026,9,30,0,29.7,148.4,96300.0,2026-09-30,2026-09-30,963.0
20260930,000000,26W,14,2026,9,30,0,31.400000000000002,148.5,96500.0,2026-09-30,2026-09-30,965.0
20260930,000000,26W,14,2026,9,30,0,33.0,149.6,97200.0,2026-09-30,2026-09-30,972.0
20260930,000000,26W,14,2026,9,30,0,34.7,151.5,97400.0,2026-09-30,2026-09-30,974.0
20260930,000000,26W,14,2026,9,30,0,37.0,153.8,97900.0,2026-09-30,2026-09-30,979.0
20260930,000000,26W,14,2026,9,30,0,39.0,156.9,97900.0,2026-09-30,2026-09-30,979.0
20260930,000000,26W,14,2026,9,30,0,40.9,162.0,98200.0,2026-09-30,2026-09-30,982.0
20260930,000000,26W,14,2026,9,30,0,42.1,167.6,98400.0,2026-09-30,2026-09-30,984.0
20260930,000000,26W,15,2026,9,30,0,15.9,149.9,99500.0,2026-09-30,2026-09-30,995.0
20260930,000000,26W,15,2026,9,30,0,16.1,149.0,99600.0,2026-09-30,2026-09-30,996.0
20260930,000000,26W,15,2026,9,30,0,16.4,148.20000000000002,99500.0,2026-09-30,2026-09-30,995.0
20260930,000000,26W,15,2026,9,30,0,17.0,146.8,99600.0,2026-09-30,2026-09-30,996.0
20260930,000000,26W,15,2026,9,30,0,17.0,145.6,98700.0,2026-09-30,2026-09-30,987.0
20260930,000000,26W,15,2026,9,30,0,16.7,145.1,98800.0,2026-09-30,2026-09-30,988.0
20260930,000000,26W,15,2026,9,30,0,17.0,144.0,98100.0,2026-09-30,2026-09-30,981.0
20260930,000000,26W,15,2026,9,30,0,17.0,144.0,98400.0,2026-09-30,2026-09-30,984.0
20260930,000000,26W,15,2026,9,30,0,17.8,143.1,97800.0,2026-09-30,2026-09-30,978.0
20260930,000000,26W,15,2026,9,30,0,17.8,143.1,97500.0,2026-09-30,2026-09-30,975.0
20260930,000000,26W,15,2026,9,30,0,18.7,143.1,97100.0,2026-09-30,2026-09-30,971.0
20260930,000000,26W,15,2026,9,30,0,19.2,143.4,97300.0,2026-09-30,2026-09-30,973.0
20260930,000000,26W,15,2026,9,30,0,20.1,143.70000000000002,96600.0,2026-09-30,2026-09-30,966.0
20260930,000000,26W,15,2026,9,30,0,21.2,144.0,96600.0,2026-09-30,2026-09-30,966.0
20260930,000000,26W,15,2026,9,30,0,21.8,144.20000000000002,96200.0,2026-09-30,2026-09-30,962.0
20260930,000000,26W,15,2026,9,30,0,22.6,144.0,96500.0,2026-09-30,2026-09-30,965.0
20260930,000000,26W,15,2026,9,30,0,23.5,144.5,96300.0,2026-09-30,2026-09-30,963.0
20260930,000000,26W,15,2026,9,30,0,24.3,144.0,96400.0,2026-09-30,2026-09-30,964.0
20260930,000000,26W,15,2026,9,30,0,24.900000000000002,144.5,96300.0,2026-09-30,2026-09-30,963.0
20260930,000000,26W,15,2026,9,30,0,26.0,144.5,96300.0,2026-09-30,2026-09-30,963.0
20260930,000000,26W,15,2026,9,30,0,27.1,144.70000000000002,96200.0,2026-09-30,2026-09-30,962.0
20260930,000000,26W,15,2026,9,30,0,28.8,145.4,96600.0,2026-09-30,2026-09-30,966.0
20260930,000000,26W,15,2026,9,30,0,30.8,145.6,96200.0,2026-09-30,2026-09-30,962.0
20260930,000000,26W,15,2026,9,30,0,32.2,147.0,96700.0,2026-09-30,2026-09-30,967.0
20260930,000000,26W,15,2026,9,30,0,34.6,148.70000000000002,96500.0,2026-09-30,2026-09-30,965.0
20260930,000000,26W,15,2026,9,30,0,37.300000000000004,151.3,96900.0,2026-09-30,2026-09-30,969.0
20260930,000000,26W,15,2026,9,30,0,40.7,154.9,97100.0,2026-09-30,2026-09-30,971.0
20260930,000000,26W,15,2026,9,30,0,43.800000000000004,159.70000000000002,97200.0,2026-09-30,2026-09-30,972.0
20260930,000000,26W,15,2026,9,30,0,46.4,163.6,97100.0,2026-09-30,2026-09-30,971.0
20260930,000000,26W,16,2026,9,30,0,16.7,151.5,100300.0,2026-09-30,2026-09-30,1003.0
20260930,000000,26W,16,2026,9,30,0,17.6,150.1,100500.0,2026-09-30,2026-09-30,1005.0
20260930,000000,26W,16,2026,9,30,0,17.3,148.5,100200.0,2026-09-30,2026-09-30,1002.0
20260930,000000,26W,16,2026,9,30,0,17.3,147.0,100400.0,2026-09-30,2026-09-30,1004.0
20260930,000000,26W,16,2026,9,30,0,17.7,145.6,100000.0,2026-09-30,2026-09-30,1000.0
20260930,000000,26W,16,2026,9,30,0,17.5,144.9,100000.0,2026-09-30,2026-09-30,1000.0
20260930,000000,26W,16,2026,9,30,0,17.0,143.4,99400.0,2026-09-30,2026-09-30,994.0
20260930,000000,26W,16,2026,9,30,0,17.6,142.8,99300.0,2026-09-30,2026-09-30,993.0
20260930,000000,26W,16,2026,9,30,0,17.6,142.0,98800.0,2026-09-30,2026-09-30,988.0
20260930,000000,26W,16,2026,9,30,0,17.6,141.70000000000002,98700.0,2026-09-30,2026-09-30,987.0
20260930,000000,26W,16,2026,9,30,0,18.1,141.1,98000.0,2026-09-30,2026-09-30,980.0
20260930,000000,26W,16,2026,9,30,0,18.1,140.6,98100.0,2026-09-30,2026-09-30,981.0
20260930,000000,26W,16,2026,9,30,0,18.7,140.3,97400.0,2026-09-30,2026-09-30,974.0
20260930,000000,26W,16,2026,9,30,0,18.7,139.70000000000002,97200.0,2026-09-30,2026-09-30,972.0
20260930,000000,26W,16,2026,9,30,0,19.0,139.5,96300.0,2026-09-30,2026-09-30,963.0
20260930,000000,26W,16,2026,9,30,0,19.0,138.9,96300.0,2026-09-30,2026-09-30,963.0
20260930,000000,26W,16,2026,9,30,0,19.2,138.9,95300.0,2026-09-30,2026-09-30,953.0
20260930,000000,26W,16,2026,9,30,0,19.5,138.9,95200.0,2026-09-30,2026-09-30,952.0
20260930,000000,26W,16,2026,9,30,0,19.8,138.6,94800.0,2026-09-30,2026-09-30,948.0
20260930,000000,26W,16,2026,9,30,0,20.400000000000002,138.6,94300.0,2026-09-30,2026-09-30,943.0
20260930,000000,26W,16,2026,9,30,0,20.7,138.6,94500.0,2026-09-30,2026-09-30,945.0
20260930,000000,26W,16,2026,9,30,0,21.2,138.6,95200.0,2026-09-30,2026-09-30,952.0
20260930,000000,26W,16,2026,9,30,0,22.1,138.6,95500.0,2026-09-30,2026-09-30,955.0
20260930,000000,26W,16,2026,9,30,0,22.900000000000002,138.3,95700.0,2026-09-30,2026-09-30,957.0
20260930,000000,26W,16,2026,9,30,0,23.5,138.0,95700.0,2026-09-30,2026-09-30,957.0
20260930,000000,26W,16,2026,9,30,0,23.8,137.8,96100.0,2026-09-30,2026-09-30,961.0
20260930,000000,26W,16,2026,9,30,0,24.3,137.20000000000002,95600.0,2026-09-30,2026-09-30,956.0
20260930,000000,26W,16,2026,9,30,0,24.6,136.9,95900.0,2026-09-30,2026-09-30,959.0
20260930,000000,26W,16,2026,9,30,0,25.2,136.9,96000.0,2026-09-30,2026-09-30,960.0
20260930,000000,26W,16,2026,9,30,0,26.0,137.20000000000002,96100.0,2026-09-30,2026-09-30,961.0
20260930,000000,26W,16,2026,9,30,0,26.5,137.1,96600.0,2026-09-30,2026-09-30,966.0
20260930,000000,26W,16,2026,9,30,0,27.7,137.5,97000.0,2026-09-30,2026-09-30,970.0
20260930,000000,26W,16,2026,9,30,0,29.1,137.8,96900.0,2026-09-30,2026-09-30,969.0
20260930,000000,26W,16,2026,9,30,0,31.1,138.0,97400.0,2026-09-30,2026-09-30,974.0
20260930,000000,26W,16,2026,9,30,0,34.2,136.9,97200.0,2026-09-30,2026-09-30,972.0
20260930,000000,26W,16,2026,9,30,0,37.300000000000004,136.6,97800.0,2026-09-30,2026-09-30,978.0
20260930,000000,26W,17,2026,9,30,0,15.6,151.8,99700.0,2026-09-30,2026-09-30,997.0
20260930,000000,26W,17,2026,9,30,0,16.1,151.8,100000.0,2026-09-30,2026-09-30,1000.0
20260930,000000,26W,17,2026,9,30,0,16.4,151.8,99700.0,2026-09-30,2026-09-30,997.0
20260930,000000,26W,17,2026,9,30,0,17.0,150.4,99700.0,2026-09-30,2026-09-30,997.0
20260930,000000,26W,17,2026,9,30,0,17.6,149.0,99200.0,2026-09-30,2026-09-30,992.0
20260930,000000,26W,17,2026,9,30,0,17.6,149.0,99100.0,2026-09-30,2026-09-30,991.0
20260930,000000,26W,17,2026,9,30,0,18.400000000000002,148.20000000000002,98800.0,2026-09-30,2026-09-30,988.0
20260930,000000,26W,17,2026,9,30,0,18.400000000000002,147.9,98800.0,2026-09-30,2026-09-30,988.0
20260930,000000,26W,17,2026,9,30,0,19.5,147.6,98300.0,2026-09-30,2026-09-30,983.0
20260930,000000,26W,17,2026,9,30,0,20.400000000000002,147.6,98000.0,2026-09-30,2026-09-30,980.0
20260930,000000,26W,17,2026,9,30,0,21.8,147.6,97300.0,2026-09-30,2026-09-30,973.0
20260930,000000,26W,17,2026,9,30,0,22.900000000000002,147.3,97000.0,2026-09-30,2026-09-30,970.0
20260930,000000,26W,17,2026,9,30,0,23.8,147.6,96700.0,2026-09-30,2026-09-30,967.0
20260930,000000,26W,17,2026,9,30,0,25.400000000000002,147.6,96500.0,2026-09-30,2026-09-30,965.0
20260930,000000,26W,17,2026,9,30,0,26.6,147.6,96200.0,2026-09-30,2026-09-30,962.0
20260930,000000,26W,17,2026,9,30,0,26.900000000000002,147.3,96400.0,2026-09-30,2026-09-30,964.0
20260930,000000,26W,17,2026,9,30,0,27.400000000000002,147.6,96300.0,2026-09-30,2026-09-30,963.0
20260930,000000,26W,17,2026,9,30,0,28.5,148.1,96800.0,2026-09-30,2026-09-30,968.0
20260930,000000,26W,17,2026,9,30,0,29.400000000000002,148.20000000000002,96500.0,2026-09-30,2026-09-30,965.0
20260930,000000,26W,17,2026,9,30,0,30.5,148.5,96500.0,2026-09-30,2026-09-30,965.0
20260930,000000,26W,17,2026,9,30,0,32.2,149.6,96600.0,2026-09-30,2026-09-30,966.0
20260930,000000,26W,17,2026,9,30,0,34.7,150.4,97300.0,2026-09-30,2026-09-30,973.0
20260930,000000,26W,17,2026,9,30,0,36.800000000000004,152.20000000000002,97400.0,2026-09-30,2026-09-30,974.0
20260930,000000,26W,17,2026,9,30,0,39.9,154.70000000000002,97400.0,2026-09-30,2026-09-30,974.0
20260930,000000,26W,17,2026,9,30,0,42.9,158.0,97400.0,2026-09-30,2026-09-30,974.0
20260930,000000,26W,17,2026,9,30,0,46.0,163.4,97900.0,2026-09-30,2026-09-30,979.0
20260930,000000,26W,18,2026,9,30,0,15.9,151.5,99800.0,2026-09-30,2026-09-30,998.0
20260930,000000,26W,18,2026,9,30,0,16.1,150.70000000000002,99800.0,2026-09-30,2026-09-30,998.0
20260930,000000,26W,18,2026,9,30,0,15.9,149.9,99100.0,2026-09-30,2026-09-30,991.0
20260930,000000,26W,18,2026,9,30,0,16.1,148.70000000000002,99300.0,2026-09-30,2026-09-30,993.0
20260930,000000,26W,18,2026,9,30,0,16.1,148.20000000000002,98700.0,2026-09-30,2026-09-30,987.0
20260930,000000,26W,18,2026,9,30,0,16.1,147.9,98400.0,2026-09-30,2026-09-30,984.0
20260930,000000,26W,18,2026,9,30,0,16.4,147.3,97900.0,2026-09-30,2026-09-30,979.0
20260930,000000,26W,18,2026,9,30,0,16.7,146.8,97600.0,2026-09-30,2026-09-30,976.0
20260930,000000,26W,18,2026,9,30,0,17.0,146.5,96900.0,2026-09-30,2026-09-30,969.0
20260930,000000,26W,18,2026,9,30,0,17.6,147.0,96900.0,2026-09-30,2026-09-30,969.0
20260930,000000,26W,18,2026,9,30,0,18.400000000000002,147.3,96900.0,2026-09-30,2026-09-30,969.0
20260930,000000,26W,18,2026,9,30,0,19.5,147.6,96800.0,2026-09-30,2026-09-30,968.0
20260930,000000,26W,18,2026,9,30,0,20.400000000000002,147.9,96500.0,2026-09-30,2026-09-30,965.0
20260930,000000,26W,18,2026,9,30,0,21.5,148.20000000000002,96300.0,2026-09-30,2026-09-30,963.0
20260930,000000,26W,18,2026,9,30,0,22.6,148.5,95900.0,2026-09-30,2026-09-30,959.0
20260930,000000,26W,18,2026,9,30,0,23.5,148.5,95900.0,2026-09-30,2026-09-30,959.0
20260930,000000,26W,18,2026,9,30,0,24.6,148.5,95800.0,2026-09-30,2026-09-30,958.0
20260930,000000,26W,18,2026,9,30,0,25.7,148.5,96000.0,2026-09-30,2026-09-30,960.0
20260930,000000,26W,18,2026,9,30,0,26.900000000000002,147.6,95900.0,2026-09-30,2026-09-30,959.0
20260930,000000,26W,18,2026,9,30,0,28.3,147.9,95700.0,2026-09-30,2026-09-30,957.0
20260930,000000,26W,18,2026,9,30,0,29.6,147.9,96000.0,2026-09-30,2026-09-30,960.0
20260930,000000,26W,18,2026,9,30,0,31.1,148.70000000000002,96500.0,2026-09-30,2026-09-30,965.0
20260930,000000,26W,18,2026,9,30,0,33.3,149.3,96400.0,2026-09-30,2026-09-30,964.0
20260930,000000,26W,18,2026,9,30,0,35.6,151.0,96800.0,2026-09-30,2026-09-30,968.0
20260930,000000,26W,18,2026,9,30,0,38.4,153.0,97200.0,2026-09-30,2026-09-30,972.0
20260930,000000,26W,18,2026,9,30,0,41.2,156.9,98200.0,2026-09-30,2026-09-30,982.0
20260930,000000,26W,18,2026,9,30,0,44.300000000000004,160.3,98100.0,2026-09-30,2026-09-30,981.0
20260930,000000,26W,19,2026,9,30,0,16.1,150.1,100300.0,2026-09-30,2026-09-30,1003.0
20260930,000000,26W,19,2026,9,30,0,17.0,150.4,100400.0,2026-09-30,2026-09-30,1004.0
20260930,000000,26W,19,2026,9,30,0,17.6,147.6,99900.0,2026-09-30,2026-09-30,999.0
20260930,000000,26W,19,2026,9,30,0,17.3,146.8,100100.0,2026-09-30,2026-09-30,1001.0
20260930,000000,26W,19,2026,9,30,0,17.0,145.1,99500.0,2026-09-30,2026-09-30,995.0
20260930,000000,26W,19,2026,9,30,0,17.3,144.5,99200.0,2026-09-30,2026-09-30,992.0
20260930,000000,26W,19,2026,9,30,0,17.6,143.4,99100.0,2026-09-30,2026-09-30,991.0
20260930,000000,26W,19,2026,9,30,0,17.8,143.1,99000.0,2026-09-30,2026-09-30,990.0
20260930,000000,26W,19,2026,9,30,0,18.400000000000002,142.3,98500.0,2026-09-30,2026-09-30,985.0
20260930,000000,26W,19,2026,9,30,0,18.400000000000002,142.0,98400.0,2026-09-30,2026-09-30,984.0
20260930,000000,26W,19,2026,9,30,0,18.7,141.4,97900.0,2026-09-30,2026-09-30,979.0
20260930,000000,26W,19,2026,9,30,0,18.7,141.1,98100.0,2026-09-30,2026-09-30,981.0
20260930,000000,26W,19,2026,9,30,0,19.0,141.4,97200.0,2026-09-30,2026-09-30,972.0
20260930,000000,26W,19,2026,9,30,0,19.2,141.1,96900.0,2026-09-30,2026-09-30,969.0
20260930,000000,26W,19,2026,9,30,0,19.8,141.4,96400.0,2026-09-30,2026-09-30,964.0
20260930,000000,26W,19,2026,9,30,0,20.1,141.1,96200.0,2026-09-30,2026-09-30,962.0
20260930,000000,26W,19,2026,9,30,0,20.7,140.9,95500.0,2026-09-30,2026-09-30,955.0
20260930,000000,26W,19,2026,9,30,0,21.5,141.1,95600.0,2026-09-30,2026-09-30,956.0
20260930,000000,26W,19,2026,9,30,0,22.3,141.1,95700.0,2026-09-30,2026-09-30,957.0
20260930,000000,26W,19,2026,9,30,0,23.5,141.1,95300.0,2026-09-30,2026-09-30,953.0
20260930,000000,26W,19,2026,9,30,0,24.3,141.1,95400.0,2026-09-30,2026-09-30,954.0
20260930,000000,26W,19,2026,9,30,0,25.7,141.70000000000002,95800.0,2026-09-30,2026-09-30,958.0
20260930,000000,26W,19,2026,9,30,0,27.1,142.3,96000.0,2026-09-30,2026-09-30,960.0
20260930,000000,26W,19,2026,9,30,0,28.5,142.70000000000002,96300.0,2026-09-30,2026-09-30,963.0
20260930,000000,26W,19,2026,9,30,0,30.2,143.70000000000002,96400.0,2026-09-30,2026-09-30,964.0
20260930,000000,26W,19,2026,9,30,0,32.8,144.8,96600.0,2026-09-30,2026-09-30,966.0
20260930,000000,26W,19,2026,9,30,0,34.7,146.5,96900.0,2026-09-30,2026-09-30,969.0
20260930,000000,26W,19,2026,9,30,0,37.800000000000004,149.9,97300.0,2026-09-30,2026-09-30,973.0
20260930,000000,26W,19,2026,9,30,0,40.7,153.0,97700.0,2026-09-30,2026-09-30,977.0
20260930,000000,26W,19,2026,9,30,0,43.6,158.70000000000002,97900.0,2026-09-30,2026-09-30,979.0
20260930,000000,26W,19,2026,9,30,0,46.1,164.8,97800.0,2026-09-30,2026-09-30,978.0
20260930,000000,26W,19,2026,9,30,0,47.4,173.20000000000002,98000.0,2026-09-30,2026-09-30,980.0
20260930,000000,26W,20,2026,9,30,0,16.3,149.70000000000002,100000.0,2026-09-30,2026-09-30,1000.0
20260930,000000,26W,20,2026,9,30,0,17.0,149.3,100300.0,2026-09-30,2026-09-30,1003.0
20260930,000000,26W,20,2026,9,30,0,17.3,147.6,99700.0,2026-09-30,2026-09-30,997.0
20260930,000000,26W,20,2026,9,30,0,17.0,146.5,99900.0,2026-09-30,2026-09-30,999.0
20260930,000000,26W,20,2026,9,30,0,17.8,145.9,99500.0,2026-09-30,2026-09-30,995.0
20260930,000000,26W,20,2026,9,30,0,17.8,144.5,99600.0,2026-09-30,2026-09-30,996.0
20260930,000000,26W,20,2026,9,30,0,17.8,144.0,99100.0,2026-09-30,2026-09-30,991.0
20260930,000000,26W,20,2026,9,30,0,17.8,143.1,99100.0,2026-09-30,2026-09-30,991.0
20260930,000000,26W,20,2026,9,30,0,18.1,142.5,98700.0,2026-09-30,2026-09-30,987.0
20260930,000000,26W,20,2026,9,30,0,18.1,142.0,98500.0,2026-09-30,2026-09-30,985.0
20260930,000000,26W,20,2026,9,30,0,18.1,141.4,97600.0,2026-09-30,2026-09-30,976.0
20260930,000000,26W,20,2026,9,30,0,18.7,141.4,97700.0,2026-09-30,2026-09-30,977.0
20260930,000000,26W,20,2026,9,30,0,18.7,140.9,97200.0,2026-09-30,2026-09-30,972.0
20260930,000000,26W,20,2026,9,30,0,18.7,140.9,97000.0,2026-09-30,2026-09-30,970.0
20260930,000000,26W,20,2026,9,30,0,19.0,140.9,96100.0,2026-09-30,2026-09-30,961.0
20260930,000000,26W,20,2026,9,30,0,19.5,140.9,96000.0,2026-09-30,2026-09-30,960.0
20260930,000000,26W,20,2026,9,30,0,20.1,140.9,95400.0,2026-09-30,2026-09-30,954.0
20260930,000000,26W,20,2026,9,30,0,20.400000000000002,140.6,95100.0,2026-09-30,2026-09-30,951.0
20260930,000000,26W,20,2026,9,30,0,20.900000000000002,140.9,95100.0,2026-09-30,2026-09-30,951.0
20260930,000000,26W,20,2026,9,30,0,22.1,140.6,95000.0,2026-09-30,2026-09-30,950.0
20260930,000000,26W,20,2026,9,30,0,22.8,140.6,95400.0,2026-09-30,2026-09-30,954.0
20260930,000000,26W,20,2026,9,30,0,24.0,140.6,95600.0,2026-09-30,2026-09-30,956.0
20260930,000000,26W,20,2026,9,30,0,25.2,140.6,95300.0,2026-09-30,2026-09-30,953.0
20260930,000000,26W,20,2026,9,30,0,26.3,140.3,95800.0,2026-09-30,2026-09-30,958.0
20260930,000000,26W,20,2026,9,30,0,27.400000000000002,140.6,96000.0,2026-09-30,2026-09-30,960.0
20260930,000000,26W,20,2026,9,30,0,28.6,140.4,96700.0,2026-09-30,2026-09-30,967.0
20260930,000000,26W,20,2026,9,30,0,29.7,140.9,96600.0,2026-09-30,2026-09-30,966.0
20260930,000000,26W,20,2026,9,30,0,31.400000000000002,141.4,96900.0,2026-09-30,2026-09-30,969.0
20260930,000000,26W,20,2026,9,30,0,33.0,142.0,96800.0,2026-09-30,2026-09-30,968.0
20260930,000000,26W,20,2026,9,30,0,35.300000000000004,142.8,97300.0,2026-09-30,2026-09-30,973.0
20260930,000000,26W,20,2026,9,30,0,38.4,144.0,97300.0,2026-09-30,2026-09-30,973.0
20260930,000000,26W,20,2026,9,30,0,41.800000000000004,145.1,97400.0,2026-09-30,2026-09-30,974.0
20260930,000000,26W,20,2026,9,30,0,44.300000000000004,146.8,97800.0,2026-09-30,2026-09-30,978.0
20260930,000000,26W,20,2026,9,30,0,46.9,148.20000000000002,97900.0,2026-09-30,2026-09-30,979.0
20260930,000000,26W,20,2026,9,30,0,47.4,149.3,97600.0,2026-09-30,2026-09-30,976.0
20260930,000000,26W,20,2026,9,30,0,48.1,152.3,98000.0,2026-09-30,2026-09-30,980.0
20260930,000000,26W,21,2026,9,30,0,16.7,150.1,99800.0,2026-09-30,2026-09-30,998.0
20260930,000000,26W,21,2026,9,30,0,16.7,149.3,100000.0,2026-09-30,2026-09-30,1000.0
20260930,000000,26W,21,2026,9,30,0,16.4,148.70000000000002,99100.0,2026-09-30,2026-09-30,991.0
20260930,000000,26W,21,2026,9,30,0,17.0,147.9,99800.0,2026-09-30,2026-09-30,998.0
20260930,000000,26W,21,2026,9,30,0,17.0,147.0,99500.0,2026-09-30,2026-09-30,995.0
20260930,000000,26W,21,2026,9,30,0,17.3,146.20000000000002,99900.0,2026-09-30,2026-09-30,999.0
20260930,000000,26W,21,2026,9,30,0,17.400000000000002,145.8,99500.0,2026-09-30,2026-09-30,995.0
20260930,000000,26W,21,2026,9,30,0,18.1,144.8,99400.0,2026-09-30,2026-09-30,994.0
20260930,000000,26W,21,2026,9,30,0,17.8,144.8,98700.0,2026-09-30,2026-09-30,987.0
20260930,000000,26W,21,2026,9,30,0,18.3,144.3,98600.0,2026-09-30,2026-09-30,986.0
20260930,000000,26W,21,2026,9,30,0,18.5,144.6,98000.0,2026-09-30,2026-09-30,980.0
20260930,000000,26W,21,2026,9,30,0,18.7,144.8,97700.0,2026-09-30,2026-09-30,977.0
20260930,000000,26W,21,2026,9,30,0,19.2,145.1,97200.0,2026-09-30,2026-09-30,972.0
20260930,000000,26W,21,2026,9,30,0,19.8,145.1,96900.0,2026-09-30,2026-09-30,969.0
20260930,000000,26W,21,2026,9,30,0,20.400000000000002,145.1,96400.0,2026-09-30,2026-09-30,964.0
20260930,000000,26W,21,2026,9,30,0,20.900000000000002,145.1,96200.0,2026-09-30,2026-09-30,962.0
20260930,000000,26W,21,2026,9,30,0,21.5,145.1,95900.0,2026-09-30,2026-09-30,959.0
20260930,000000,26W,21,2026,9,30,0,22.3,145.1,95500.0,2026-09-30,2026-09-30,955.0
20260930,000000,26W,21,2026,9,30,0,23.2,144.8,95600.0,2026-09-30,2026-09-30,956.0
20260930,000000,26W,21,2026,9,30,0,24.0,144.5,95500.0,2026-09-30,2026-09-30,955.0
20260930,000000,26W,21,2026,9,30,0,25.400000000000002,144.20000000000002,95300.0,2026-09-30,2026-09-30,953.0
20260930,000000,26W,21,2026,9,30,0,26.6,144.0,95100.0,2026-09-30,2026-09-30,951.0
20260930,000000,26W,21,2026,9,30,0,28.7,144.0,96000.0,2026-09-30,2026-09-30,960.0
20260930,000000,26W,21,2026,9,30,0,30.5,144.0,96000.0,2026-09-30,2026-09-30,960.0
20260930,000000,26W,21,2026,9,30,0,32.7,145.5,96400.0,2026-09-30,2026-09-30,964.0
20260930,000000,26W,21,2026,9,30,0,35.0,146.8,96700.0,2026-09-30,2026-09-30,967.0
20260930,000000,26W,21,2026,9,30,0,37.800000000000004,149.3,97200.0,2026-09-30,2026-09-30,972.0
20260930,000000,26W,21,2026,9,30,0,41.5,153.5,97700.0,2026-09-30,2026-09-30,977.0
20260930,000000,26W,21,2026,9,30,0,43.6,159.5,97800.0,2026-09-30,2026-09-30,978.0
20260930,000000,26W,21,2026,9,30,0,46.0,166.70000000000002,98000.0,2026-09-30,2026-09-30,980.0
20260930,000000,26W,21,2026,9,30,0,46.6,171.5,97600.0,2026-09-30,2026-09-30,976.0
20260930,000000,26W,22,2026,9,30,0,17.6,151.3,100500.0,2026-09-30,2026-09-30,1005.0
20260930,000000,26W,22,2026,9,30,0,17.3,147.3,100300.0,2026-09-30,2026-09-30,1003.0
20260930,000000,26W,22,2026,9,30,0,17.8,144.8,99900.0,2026-09-30,2026-09-30,999.0
20260930,000000,26W,22,2026,9,30,0,17.0,143.70000000000002,100000.0,2026-09-30,2026-09-30,1000.0
20260930,000000,26W,22,2026,9,30,0,17.0,143.1,99700.0,2026-09-30,2026-09-30,997.0
20260930,000000,26W,22,2026,9,30,0,17.3,142.3,99700.0,2026-09-30,2026-09-30,997.0
20260930,000000,26W,22,2026,9,30,0,16.7,141.70000000000002,99100.0,2026-09-30,2026-09-30,991.0
20260930,000000,26W,22,2026,9,30,0,16.7,141.4,99000.0,2026-09-30,2026-09-30,990.0
20260930,000000,26W,22,2026,9,30,0,16.7,141.1,98400.0,2026-09-30,2026-09-30,984.0
20260930,000000,26W,22,2026,9,30,0,17.0,140.9,98300.0,2026-09-30,2026-09-30,983.0
20260930,000000,26W,22,2026,9,30,0,17.3,140.9,97800.0,2026-09-30,2026-09-30,978.0
20260930,000000,26W,22,2026,9,30,0,17.3,140.6,97800.0,2026-09-30,2026-09-30,978.0
20260930,000000,26W,22,2026,9,30,0,17.6,140.3,96700.0,2026-09-30,2026-09-30,967.0
20260930,000000,26W,22,2026,9,30,0,17.6,140.3,96400.0,2026-09-30,2026-09-30,964.0
20260930,000000,26W,22,2026,9,30,0,18.1,140.9,96000.0,2026-09-30,2026-09-30,960.0
20260930,000000,26W,22,2026,9,30,0,18.7,140.9,95800.0,2026-09-30,2026-09-30,958.0
20260930,000000,26W,22,2026,9,30,0,19.2,140.9,95000.0,2026-09-30,2026-09-30,950.0
20260930,000000,26W,22,2026,9,30,0,19.8,140.9,95100.0,2026-09-30,2026-09-30,951.0
20260930,000000,26W,22,2026,9,30,0,20.400000000000002,140.3,95200.0,2026-09-30,2026-09-30,952.0
20260930,000000,26W,22,2026,9,30,0,21.5,140.0,95500.0,2026-09-30,2026-09-30,955.0
20260930,000000,26W,22,2026,9,30,0,22.3,139.5,95600.0,2026-09-30,2026-09-30,956.0
20260930,000000,26W,22,2026,9,30,0,22.900000000000002,138.6,95500.0,2026-09-30,2026-09-30,955.0
20260930,000000,26W,22,2026,9,30,0,23.8,138.3,95500.0,2026-09-30,2026-09-30,955.0
20260930,000000,26W,22,2026,9,30,0,24.3,137.8,95200.0,2026-09-30,2026-09-30,952.0
20260930,000000,26W,22,2026,9,30,0,24.900000000000002,137.8,95200.0,2026-09-30,2026-09-30,952.0
20260930,000000,26W,22,2026,9,30,0,25.7,137.5,95600.0,2026-09-30,2026-09-30,956.0
20260930,000000,26W,22,2026,9,30,0,26.6,137.20000000000002,95600.0,2026-09-30,2026-09-30,956.0
20260930,000000,26W,22,2026,9,30,0,27.7,137.5,95600.0,2026-09-30,2026-09-30,956.0
20260930,000000,26W,22,2026,9,30,0,28.8,137.20000000000002,95800.0,2026-09-30,2026-09-30,958.0
20260930,000000,26W,22,2026,9,30,0,29.7,137.20000000000002,95700.0,2026-09-30,2026-09-30,957.0
20260930,000000,26W,22,2026,9,30,0,31.400000000000002,136.9,95900.0,2026-09-30,2026-09-30,959.0
20260930,000000,26W,22,2026,9,30,0,33.3,137.20000000000002,96900.0,2026-09-30,2026-09-30,969.0
20260930,000000,26W,22,2026,9,30,0,35.300000000000004,136.6,98300.0,2026-09-30,2026-09-30,983.0
20260930,000000,26W,22,2026,9,30,0,38.7,137.8,99000.0,2026-09-30,2026-09-30,990.0
20260930,000000,26W,22,2026,9,30,0,39.6,137.6,98800.0,2026-09-30,2026-09-30,988.0
20260930,000000,26W,22,2026,9,30,0,40.1,138.6,99300.0,2026-09-30,2026-09-30,993.0
20260930,000000,26W,23,2026,9,30,0,15.9,150.4,99600.0,2026-09-30,2026-09-30,996.0
20260930,000000,26W,23,2026,9,30,0,15.9,150.1,99700.0,2026-09-30,2026-09-30,997.0
20260930,000000,26W,23,2026,9,30,0,16.1,149.0,99300.0,2026-09-30,2026-09-30,993.0
20260930,000000,26W,23,2026,9,30,0,16.1,148.20000000000002,99400.0,2026-09-30,2026-09-30,994.0
20260930,000000,26W,23,2026,9,30,0,16.1,147.6,98600.0,2026-09-30,2026-09-30,986.0
20260930,000000,26W,23,2026,9,30,0,16.4,147.0,98800.0,2026-09-30,2026-09-30,988.0
20260930,000000,26W,23,2026,9,30,0,17.0,146.5,98400.0,2026-09-30,2026-09-30,984.0
20260930,000000,26W,23,2026,9,30,0,17.8,145.9,97900.0,2026-09-30,2026-09-30,979.0
20260930,000000,26W,23,2026,9,30,0,17.8,145.6,96900.0,2026-09-30,2026-09-30,969.0
20260930,000000,26W,23,2026,9,30,0,19.0,145.6,96300.0,2026-09-30,2026-09-30,963.0
20260930,000000,26W,23,2026,9,30,0,20.1,145.6,96200.0,2026-09-30,2026-09-30,962.0
20260930,000000,26W,23,2026,9,30,0,20.7,145.9,95900.0,2026-09-30,2026-09-30,959.0
20260930,000000,26W,23,2026,9,30,0,21.5,145.9,95600.0,2026-09-30,2026-09-30,956.0
20260930,000000,26W,23,2026,9,30,0,22.3,146.20000000000002,95300.0,2026-09-30,2026-09-30,953.0
20260930,000000,26W,23,2026,9,30,0,23.5,146.8,95600.0,2026-09-30,2026-09-30,956.0
20260930,000000,26W,23,2026,9,30,0,24.0,146.8,95800.0,2026-09-30,2026-09-30,958.0
20260930,000000,26W,23,2026,9,30,0,25.2,147.3,95300.0,2026-09-30,2026-09-30,953.0
20260930,000000,26W,23,2026,9,30,0,26.0,147.0,95100.0,2026-09-30,2026-09-30,951.0
20260930,000000,26W,23,2026,9,30,0,26.6,146.5,94800.0,2026-09-30,2026-09-30,948.0
20260930,000000,26W,23,2026,9,30,0,27.7,146.5,95300.0,2026-09-30,2026-09-30,953.0
20260930,000000,26W,23,2026,9,30,0,28.8,146.5,95300.0,2026-09-30,2026-09-30,953.0
20260930,000000,26W,23,2026,9,30,0,30.0,147.0,95400.0,2026-09-30,2026-09-30,954.0
20260930,000000,26W,23,2026,9,30,0,31.400000000000002,147.6,95900.0,2026-09-30,2026-09-30,959.0
20260930,000000,26W,23,2026,9,30,0,34.5,149.3,96600.0,2026-09-30,2026-09-30,966.0
20260930,000000,26W,23,2026,9,30,0,36.7,151.8,97200.0,2026-09-30,2026-09-30,972.0
20260930,000000,26W,23,2026,9,30,0,39.800000000000004,156.0,97600.0,2026-09-30,2026-09-30,976.0
20260930,000000,26W,23,2026,9,30,0,44.0,161.1,97600.0,2026-09-30,2026-09-30,976.0
20260930,000000,26W,24,2026,9,30,0,16.4,152.1,100100.0,2026-09-30,2026-09-30,1001.0
20260930,000000,26W,24,2026,9,30,0,16.1,151.0,100400.0,2026-09-30,2026-09-30,1004.0
20260930,000000,26W,24,2026,9,30,0,16.1,150.1,100000.0,2026-09-30,2026-09-30,1000.0
20260930,000000,26W,24,2026,9,30,0,16.7,149.3,100200.0,2026-09-30,2026-09-30,1002.0
20260930,000000,26W,24,2026,9,30,0,16.4,147.3,99900.0,2026-09-30,2026-09-30,999.0
20260930,000000,26W,24,2026,9,30,0,15.6,145.9,100000.0,2026-09-30,2026-09-30,1000.0
20260930,000000,26W,24,2026,9,30,0,15.9,145.4,99400.0,2026-09-30,2026-09-30,994.0
20260930,000000,26W,24,2026,9,30,0,16.1,144.5,99300.0,2026-09-30,2026-09-30,993.0
20260930,000000,26W,24,2026,9,30,0,15.6,144.20000000000002,98500.0,2026-09-30,2026-09-30,985.0
20260930,000000,26W,24,2026,9,30,0,16.1,144.0,98400.0,2026-09-30,2026-09-30,984.0
20260930,000000,26W,24,2026,9,30,0,16.4,144.0,97900.0,2026-09-30,2026-09-30,979.0
20260930,000000,26W,24,2026,9,30,0,16.7,144.20000000000002,97300.0,2026-09-30,2026-09-30,973.0
20260930,000000,26W,24,2026,9,30,0,17.3,144.5,96700.0,2026-09-30,2026-09-30,967.0
20260930,000000,26W,24,2026,9,30,0,17.3,145.1,96600.0,2026-09-30,2026-09-30,966.0
20260930,000000,26W,24,2026,9,30,0,18.1,145.6,96600.0,2026-09-30,2026-09-30,966.0
20260930,000000,26W,24,2026,9,30,0,19.0,145.9,95900.0,2026-09-30,2026-09-30,959.0
20260930,000000,26W,24,2026,9,30,0,19.2,146.20000000000002,95500.0,2026-09-30,2026-09-30,955.0
20260930,000000,26W,24,2026,9,30,0,19.5,146.5,95500.0,2026-09-30,2026-09-30,955.0
20260930,000000,26W,24,2026,9,30,0,19.8,146.5,94900.0,2026-09-30,2026-09-30,949.0
20260930,000000,26W,24,2026,9,30,0,19.6,146.20000000000002,95000.0,2026-09-30,2026-09-30,950.0
20260930,000000,26W,24,2026,9,30,0,20.1,146.5,94400.0,2026-09-30,2026-09-30,944.0
20260930,000000,26W,24,2026,9,30,0,20.400000000000002,146.5,94200.0,2026-09-30,2026-09-30,942.0
20260930,000000,26W,24,2026,9,30,0,20.7,146.5,94300.0,2026-09-30,2026-09-30,943.0
20260930,000000,26W,24,2026,9,30,0,21.5,146.20000000000002,95200.0,2026-09-30,2026-09-30,952.0
20260930,000000,26W,24,2026,9,30,0,22.3,145.6,96200.0,2026-09-30,2026-09-30,962.0
20260930,000000,26W,24,2026,9,30,0,22.900000000000002,145.4,96400.0,2026-09-30,2026-09-30,964.0
20260930,000000,26W,24,2026,9,30,0,23.5,144.8,96500.0,2026-09-30,2026-09-30,965.0
20260930,000000,26W,24,2026,9,30,0,24.3,144.5,96500.0,2026-09-30,2026-09-30,965.0
20260930,000000,26W,24,2026,9,30,0,25.2,144.5,96500.0,2026-09-30,2026-09-30,965.0
20260930,000000,26W,24,2026,9,30,0,26.0,144.5,96400.0,2026-09-30,2026-09-30,964.0
20260930,000000,26W,24,2026,9,30,0,26.900000000000002,144.5,96200.0,2026-09-30,2026-09-30,962.0
20260930,000000,26W,24,2026,9,30,0,28.3,144.8,96500.0,2026-09-30,2026-09-30,965.0
20260930,000000,26W,24,2026,9,30,0,29.7,144.8,96500.0,2026-09-30,2026-09-30,965.0
20260930,000000,26W,24,2026,9,30,0,31.900000000000002,145.6,96500.0,2026-09-30,2026-09-30,965.0
20260930,000000,26W,24,2026,9,30,0,34.5,145.4,96900.0,2026-09-30,2026-09-30,969.0
20260930,000000,26W,24,2026,9,30,0,37.0,146.20000000000002,96700.0,2026-09-30,2026-09-30,967.0
20260930,000000,26W,24,2026,9,30,0,39.0,147.3,96500.0,2026-09-30,2026-09-30,965.0
20260930,000000,26W,24,2026,9,30,0,40.1,148.5,96400.0,2026-09-30,2026-09-30,964.0
20260930,000000,26W,24,2026,9,30,0,40.9,149.8,97200.0,2026-09-30,2026-09-30,972.0
20260930,000000,26W,24,2026,9,30,0,41.5,150.70000000000002,97800.0,2026-09-30,2026-09-30,978.0
20260930,000000,26W,24,2026,9,30,0,41.5,152.1,98000.0,2026-09-30,2026-09-30,980.0
20260930,000000,26W,24,2026,9,30,0,41.2,153.8,98500.0,2026-09-30,2026-09-30,985.0
20260930,000000,26W,24,2026,9,30,0,41.5,156.6,98800.0,2026-09-30,2026-09-30,988.0
20260930,000000,26W,25,2026,9,30,0,15.9,153.20000000000002,100200.0,2026-09-30,2026-09-30,1002.0
20260930,000000,26W,25,2026,9,30,0,16.1,152.70000000000002,100300.0,2026-09-30,2026-09-30,1003.0
20260930,000000,26W,25,2026,9,30,0,16.7,152.1,99800.0,2026-09-30,2026-09-30,998.0
20260930,000000,26W,25,2026,9,30,0,16.7,151.0,99800.0,2026-09-30,2026-09-30,998.0
20260930,000000,26W,25,2026,9,30,0,17.0,150.1,99500.0,2026-09-30,2026-09-30,995.0
20260930,000000,26W,25,2026,9,30,0,16.7,149.3,99300.0,2026-09-30,2026-09-30,993.0
20260930,000000,26W,25,2026,9,30,0,17.0,149.3,98800.0,2026-09-30,2026-09-30,988.0
20260930,000000,26W,25,2026,9,30,0,17.8,148.70000000000002,98600.0,2026-09-30,2026-09-30,986.0
20260930,000000,26W,25,2026,9,30,0,18.400000000000002,148.5,98000.0,2026-09-30,2026-09-30,980.0
20260930,000000,26W,25,2026,9,30,0,18.7,147.9,97700.0,2026-09-30,2026-09-30,977.0
20260930,000000,26W,25,2026,9,30,0,19.2,148.20000000000002,97300.0,2026-09-30,2026-09-30,973.0
20260930,000000,26W,25,2026,9,30,0,20.1,148.20000000000002,97200.0,2026-09-30,2026-09-30,972.0
20260930,000000,26W,25,2026,9,30,0,20.7,148.5,96400.0,2026-09-30,2026-09-30,964.0
20260930,000000,26W,25,2026,9,30,0,21.5,147.9,96200.0,2026-09-30,2026-09-30,962.0
20260930,000000,26W,25,2026,9,30,0,22.3,147.6,95900.0,2026-09-30,2026-09-30,959.0
20260930,000000,26W,25,2026,9,30,0,22.6,147.3,95800.0,2026-09-30,2026-09-30,958.0
20260930,000000,26W,25,2026,9,30,0,23.2,147.0,95300.0,2026-09-30,2026-09-30,953.0
20260930,000000,26W,25,2026,9,30,0,24.0,146.5,95500.0,2026-09-30,2026-09-30,955.0
20260930,000000,26W,25,2026,9,30,0,25.2,146.20000000000002,95500.0,2026-09-30,2026-09-30,955.0
20260930,000000,26W,25,2026,9,30,0,26.6,145.9,95500.0,2026-09-30,2026-09-30,955.0
20260930,000000,26W,25,2026,9,30,0,28.0,146.5,95700.0,2026-09-30,2026-09-30,957.0
20260930,000000,26W,25,2026,9,30,0,30.0,146.8,96400.0,2026-09-30,2026-09-30,964.0
20260930,000000,26W,25,2026,9,30,0,32.8,147.9,96600.0,2026-09-30,2026-09-30,966.0
20260930,000000,26W,25,2026,9,30,0,35.300000000000004,149.70000000000002,96800.0,2026-09-30,2026-09-30,968.0
20260930,000000,26W,25,2026,9,30,0,39.2,152.4,97100.0,2026-09-30,2026-09-30,971.0
20260930,000000,26W,25,2026,9,30,0,43.800000000000004,156.6,97200.0,2026-09-30,2026-09-30,972.0
20260930,000000,26W,26,2026,9,30,0,16.5,152.1,100400.0,2026-09-30,2026-09-30,1004.0
20260930,000000,26W,26,2026,9,30,0,17.3,150.70000000000002,100600.0,2026-09-30,2026-09-30,1006.0
20260930,000000,26W,26,2026,9,30,0,17.3,147.6,100400.0,2026-09-30,2026-09-30,1004.0
20260930,000000,26W,26,2026,9,30,0,17.8,145.1,100500.0,2026-09-30,2026-09-30,1005.0
20260930,000000,26W,26,2026,9,30,0,17.8,144.8,100100.0,2026-09-30,2026-09-30,1001.0
20260930,000000,26W,26,2026,9,30,0,18.1,144.20000000000002,100100.0,2026-09-30,2026-09-30,1001.0
20260930,000000,26W,26,2026,9,30,0,18.1,142.3,99700.0,2026-09-30,2026-09-30,997.0
20260930,000000,26W,26,2026,9,30,0,18.1,141.4,99600.0,2026-09-30,2026-09-30,996.0
20260930,000000,26W,26,2026,9,30,0,18.1,140.9,99200.0,2026-09-30,2026-09-30,992.0
20260930,000000,26W,26,2026,9,30,0,17.8,140.0,99000.0,2026-09-30,2026-09-30,990.0
20260930,000000,26W,26,2026,9,30,0,17.8,139.70000000000002,98600.0,2026-09-30,2026-09-30,986.0
20260930,000000,26W,26,2026,9,30,0,17.8,139.5,98500.0,2026-09-30,2026-09-30,985.0
20260930,000000,26W,26,2026,9,30,0,17.6,138.9,97900.0,2026-09-30,2026-09-30,979.0
20260930,000000,26W,26,2026,9,30,0,17.3,138.6,97300.0,2026-09-30,2026-09-30,973.0
20260930,000000,26W,26,2026,9,30,0,17.6,137.8,96500.0,2026-09-30,2026-09-30,965.0
20260930,000000,26W,26,2026,9,30,0,17.6,137.5,96000.0,2026-09-30,2026-09-30,960.0
20260930,000000,26W,26,2026,9,30,0,17.3,136.9,95500.0,2026-09-30,2026-09-30,955.0
20260930,000000,26W,26,2026,9,30,0,17.3,136.6,95800.0,2026-09-30,2026-09-30,958.0
20260930,000000,26W,26,2026,9,30,0,17.3,136.6,94700.0,2026-09-30,2026-09-30,947.0
20260930,000000,26W,26,2026,9,30,0,17.8,136.4,95500.0,2026-09-30,2026-09-30,955.0
20260930,000000,26W,26,2026,9,30,0,18.1,136.1,95400.0,2026-09-30,2026-09-30,954.0
20260930,000000,26W,26,2026,9,30,0,17.8,135.8,95900.0,2026-09-30,2026-09-30,959.0
20260930,000000,26W,26,2026,9,30,0,18.1,135.5,95000.0,2026-09-30,2026-09-30,950.0
20260930,000000,26W,26,2026,9,30,0,18.400000000000002,135.2,94800.0,2026-09-30,2026-09-30,948.0
20260930,000000,26W,26,2026,9,30,0,19.0,134.4,95200.0,2026-09-30,2026-09-30,952.0
20260930,000000,26W,26,2026,9,30,0,19.0,133.8,94800.0,2026-09-30,2026-09-30,948.0
20260930,000000,26W,26,2026,9,30,0,19.5,133.5,94900.0,2026-09-30,2026-09-30,949.0
20260930,000000,26W,26,2026,9,30,0,19.5,133.3,94900.0,2026-09-30,2026-09-30,949.0
20260930,000000,26W,26,2026,9,30,0,19.5,133.3,93600.0,2026-09-30,2026-09-30,936.0
20260930,000000,26W,26,2026,9,30,0,19.8,133.5,94100.0,2026-09-30,2026-09-30,941.0
20260930,000000,26W,26,2026,9,30,0,19.8,134.1,94200.0,2026-09-30,2026-09-30,942.0
20260930,000000,26W,26,2026,9,30,0,19.8,134.1,95100.0,2026-09-30,2026-09-30,951.0
20260930,000000,26W,26,2026,9,30,0,20.1,134.4,95100.0,2026-09-30,2026-09-30,951.0
20260930,000000,26W,26,2026,9,30,0,20.1,134.4,95200.0,2026-09-30,2026-09-30,952.0
20260930,000000,26W,26,2026,9,30,0,20.400000000000002,135.0,95700.0,2026-09-30,2026-09-30,957.0
20260930,000000,26W,26,2026,9,30,0,20.900000000000002,135.5,96300.0,2026-09-30,2026-09-30,963.0
20260930,000000,26W,26,2026,9,30,0,21.8,136.4,96300.0,2026-09-30,2026-09-30,963.0
20260930,000000,26W,26,2026,9,30,0,22.900000000000002,136.4,96400.0,2026-09-30,2026-09-30,964.0
20260930,000000,26W,26,2026,9,30,0,23.8,137.20000000000002,96500.0,2026-09-30,2026-09-30,965.0
20260930,000000,26W,26,2026,9,30,0,25.1,138.0,96700.0,2026-09-30,2026-09-30,967.0
20260930,000000,26W,26,2026,9,30,0,26.3,138.3,96200.0,2026-09-30,2026-09-30,962.0
20260930,000000,26W,26,2026,9,30,0,27.400000000000002,139.20000000000002,96300.0,2026-09-30,2026-09-30,963.0
20260930,000000,26W,26,2026,9,30,0,28.5,139.70000000000002,96200.0,2026-09-30,2026-09-30,962.0
20260930,000000,26W,26,2026,9,30,0,29.7,140.9,96600.0,2026-09-30,2026-09-30,966.0
20260930,000000,26W,26,2026,9,30,0,30.7,141.9,96600.0,2026-09-30,2026-09-30,966.0
20260930,000000,26W,26,2026,9,30,0,31.8,143.8,96800.0,2026-09-30,2026-09-30,968.0
20260930,000000,26W,26,2026,9,30,0,33.0,145.4,97100.0,2026-09-30,2026-09-30,971.0
20260930,000000,26W,26,2026,9,30,0,34.300000000000004,147.9,97800.0,2026-09-30,2026-09-30,978.0
20260930,000000,26W,26,2026,9,30,0,35.0,150.4,97800.0,2026-09-30,2026-09-30,978.0
20260930,000000,26W,26,2026,9,30,0,37.300000000000004,153.5,98000.0,2026-09-30,2026-09-30,980.0
20260930,000000,26W,26,2026,9,30,0,38.2,157.9,98100.0,2026-09-30,2026-09-30,981.0
20260930,000000,26W,26,2026,9,30,0,40.5,163.9,98100.0,2026-09-30,2026-09-30,981.0
20260930,000000,26W,27,2026,9,30,0,17.0,150.70000000000002,100200.0,2026-09-30,2026-09-30,1002.0
20260930,000000,26W,27,2026,9,30,0,17.0,150.70000000000002,100500.0,2026-09-30,2026-09-30,1005.0
20260930,000000,26W,27,2026,9,30,0,17.0,148.5,100200.0,2026-09-30,2026-09-30,1002.0
20260930,000000,26W,27,2026,9,30,0,17.6,148.20000000000002,100400.0,2026-09-30,2026-09-30,1004.0
20260930,000000,26W,27,2026,9,30,0,17.6,145.9,100100.0,2026-09-30,2026-09-30,1001.0
20260930,000000,26W,27,2026,9,30,0,16.1,145.6,100200.0,2026-09-30,2026-09-30,1002.0
20260930,000000,26W,27,2026,9,30,0,16.7,146.8,99900.0,2026-09-30,2026-09-30,999.0
20260930,000000,26W,27,2026,9,30,0,17.8,147.0,100000.0,2026-09-30,2026-09-30,1000.0
20260930,000000,26W,27,2026,9,30,0,17.6,145.9,99600.0,2026-09-30,2026-09-30,996.0
20260930,000000,26W,27,2026,9,30,0,18.1,144.8,99700.0,2026-09-30,2026-09-30,997.0
20260930,000000,26W,27,2026,9,30,0,15.9,143.70000000000002,98900.0,2026-09-30,2026-09-30,989.0
20260930,000000,26W,27,2026,9,30,0,19.1,145.20000000000002,98500.0,2026-09-30,2026-09-30,985.0
20260930,000000,26W,27,2026,9,30,0,19.5,145.8,98700.0,2026-09-30,2026-09-30,987.0
20260930,000000,26W,27,2026,9,30,0,20.7,145.6,98200.0,2026-09-30,2026-09-30,982.0
20260930,000000,26W,27,2026,9,30,0,20.900000000000002,145.6,97800.0,2026-09-30,2026-09-30,978.0
20260930,000000,26W,27,2026,9,30,0,22.3,146.20000000000002,97200.0,2026-09-30,2026-09-30,972.0
20260930,000000,26W,27,2026,9,30,0,22.6,145.6,97200.0,2026-09-30,2026-09-30,972.0
20260930,000000,26W,27,2026,9,30,0,23.8,145.6,96800.0,2026-09-30,2026-09-30,968.0
20260930,000000,26W,27,2026,9,30,0,24.900000000000002,145.9,96800.0,2026-09-30,2026-09-30,968.0
20260930,000000,26W,27,2026,9,30,0,26.3,146.20000000000002,96700.0,2026-09-30,2026-09-30,967.0
20260930,000000,26W,27,2026,9,30,0,28.0,146.5,96700.0,2026-09-30,2026-09-30,967.0
20260930,000000,26W,27,2026,9,30,0,30.2,147.0,96500.0,2026-09-30,2026-09-30,965.0
20260930,000000,26W,27,2026,9,30,0,33.3,148.5,97200.0,2026-09-30,2026-09-30,972.0
20260930,000000,26W,27,2026,9,30,0,35.0,150.1,97700.0,2026-09-30,2026-09-30,977.0
20260930,000000,26W,27,2026,9,30,0,38.4,153.20000000000002,97500.0,2026-09-30,2026-09-30,975.0
20260930,000000,26W,27,2026,9,30,0,41.1,156.70000000000002,97900.0,2026-09-30,2026-09-30,979.0
20260930,000000,26W,27,2026,9,30,0,43.9,161.0,98000.0,2026-09-30,2026-09-30,980.0
20260930,000000,26W,28,2026,9,30,0,16.4,151.0,99800.0,2026-09-30,2026-09-30,998.0
20260930,000000,26W,28,2026,9,30,0,16.4,149.9,100100.0,2026-09-30,2026-09-30,1001.0
20260930,000000,26W,28,2026,9,30,0,16.1,149.6,99700.0,2026-09-30,2026-09-30,997.0
20260930,000000,26W,28,2026,9,30,0,16.7,149.0,99800.0,2026-09-30,2026-09-30,998.0
20260930,000000,26W,28,2026,9,30,0,16.1,148.20000000000002,99500.0,2026-09-30,2026-09-30,995.0
20260930,000000,26W,28,2026,9,30,0,16.4,147.9,99300.0,2026-09-30,2026-09-30,993.0
20260930,000000,26W,28,2026,9,30,0,17.3,147.0,99200.0,2026-09-30,2026-09-30,992.0
20260930,000000,26W,28,2026,9,30,0,17.3,146.5,99000.0,2026-09-30,2026-09-30,990.0
20260930,000000,26W,28,2026,9,30,0,17.5,146.8,98600.0,2026-09-30,2026-09-30,986.0
20260930,000000,26W,28,2026,9,30,0,18.1,147.0,98700.0,2026-09-30,2026-09-30,987.0
20260930,000000,26W,28,2026,9,30,0,19.0,147.0,98200.0,2026-09-30,2026-09-30,982.0
20260930,000000,26W,28,2026,9,30,0,19.8,147.6,98000.0,2026-09-30,2026-09-30,980.0
20260930,000000,26W,28,2026,9,30,0,20.7,148.20000000000002,97400.0,2026-09-30,2026-09-30,974.0
20260930,000000,26W,28,2026,9,30,0,21.0,148.20000000000002,97200.0,2026-09-30,2026-09-30,972.0
20260930,000000,26W,28,2026,9,30,0,22.1,148.20000000000002,96700.0,2026-09-30,2026-09-30,967.0
20260930,000000,26W,28,2026,9,30,0,22.8,148.1,96700.0,2026-09-30,2026-09-30,967.0
20260930,000000,26W,28,2026,9,30,0,23.5,147.9,96100.0,2026-09-30,2026-09-30,961.0
20260930,000000,26W,28,2026,9,30,0,24.3,147.3,96100.0,2026-09-30,2026-09-30,961.0
20260930,000000,26W,28,2026,9,30,0,25.2,146.6,96300.0,2026-09-30,2026-09-30,963.0
20260930,000000,26W,28,2026,9,30,0,26.2,146.20000000000002,96000.0,2026-09-30,2026-09-30,960.0
20260930,000000,26W,28,2026,9,30,0,27.5,146.0,95900.0,2026-09-30,2026-09-30,959.0
20260930,000000,26W,28,2026,9,30,0,29.1,146.20000000000002,96100.0,2026-09-30,2026-09-30,961.0
20260930,000000,26W,28,2026,9,30,0,31.1,147.3,96500.0,2026-09-30,2026-09-30,965.0
20260930,000000,26W,28,2026,9,30,0,34.5,148.5,97100.0,2026-09-30,2026-09-30,971.0
20260930,000000,26W,28,2026,9,30,0,37.6,151.3,97400.0,2026-09-30,2026-09-30,974.0
20260930,000000,26W,28,2026,9,30,0,41.2,155.8,97800.0,2026-09-30,2026-09-30,978.0
20260930,000000,26W,29,2026,9,30,0,17.0,151.3,100400.0,2026-09-30,2026-09-30,1004.0
20260930,000000,26W,29,2026,9,30,0,17.3,148.70000000000002,100600.0,2026-09-30,2026-09-30,1006.0
20260930,000000,26W,29,2026,9,30,0,17.3,147.6,100300.0,2026-09-30,2026-09-30,1003.0
20260930,000000,26W,29,2026,9,30,0,16.4,146.20000000000002,100300.0,2026-09-30,2026-09-30,1003.0
20260930,000000,26W,29,2026,9,30,0,17.0,146.8,99900.0,2026-09-30,2026-09-30,999.0
20260930,000000,26W,29,2026,9,30,0,17.6,146.5,100100.0,2026-09-30,2026-09-30,1001.0
20260930,000000,26W,29,2026,9,30,0,17.400000000000002,143.20000000000002,99900.0,2026-09-30,2026-09-30,999.0
20260930,000000,26W,29,2026,9,30,0,17.0,143.70000000000002,99800.0,2026-09-30,2026-09-30,998.0
20260930,000000,26W,29,2026,9,30,0,18.2,143.20000000000002,99400.0,2026-09-30,2026-09-30,994.0
20260930,000000,26W,29,2026,9,30,0,17.7,142.70000000000002,99400.0,2026-09-30,2026-09-30,994.0
20260930,000000,26W,29,2026,9,30,0,18.2,142.4,99000.0,2026-09-30,2026-09-30,990.0
20260930,000000,26W,29,2026,9,30,0,18.400000000000002,141.4,99200.0,2026-09-30,2026-09-30,992.0
20260930,000000,26W,29,2026,9,30,0,18.7,143.1,98600.0,2026-09-30,2026-09-30,986.0
20260930,000000,26W,29,2026,9,30,0,18.7,142.0,98600.0,2026-09-30,2026-09-30,986.0
20260930,000000,26W,29,2026,9,30,0,18.7,142.0,98000.0,2026-09-30,2026-09-30,980.0
20260930,000000,26W,29,2026,9,30,0,19.0,142.3,98200.0,2026-09-30,2026-09-30,982.0
20260930,000000,26W,29,2026,9,30,0,19.5,141.1,97400.0,2026-09-30,2026-09-30,974.0
20260930,000000,26W,29,2026,9,30,0,19.8,142.0,96900.0,2026-09-30,2026-09-30,969.0
20260930,000000,26W,29,2026,9,30,0,20.1,141.70000000000002,96400.0,2026-09-30,2026-09-30,964.0
20260930,000000,26W,29,2026,9,30,0,20.900000000000002,142.0,96600.0,2026-09-30,2026-09-30,966.0
20260930,000000,26W,29,2026,9,30,0,21.8,142.0,96400.0,2026-09-30,2026-09-30,964.0
20260930,000000,26W,29,2026,9,30,0,22.6,142.3,96200.0,2026-09-30,2026-09-30,962.0
20260930,000000,26W,29,2026,9,30,0,24.0,142.0,96100.0,2026-09-30,2026-09-30,961.0
20260930,000000,26W,29,2026,9,30,0,24.900000000000002,141.70000000000002,95800.0,2026-09-30,2026-09-30,958.0
20260930,000000,26W,29,2026,9,30,0,26.0,142.0,96000.0,2026-09-30,2026-09-30,960.0
20260930,000000,26W,29,2026,9,30,0,27.1,142.0,95600.0,2026-09-30,2026-09-30,956.0
20260930,000000,26W,29,2026,9,30,0,27.7,141.70000000000002,95300.0,2026-09-30,2026-09-30,953.0
20260930,000000,26W,29,2026,9,30,0,28.8,142.0,95700.0,2026-09-30,2026-09-30,957.0
20260930,000000,26W,29,2026,9,30,0,30.2,142.0,95700.0,2026-09-30,2026-09-30,957.0
20260930,000000,26W,29,2026,9,30,0,31.900000000000002,142.3,95900.0,2026-09-30,2026-09-30,959.0
20260930,000000,26W,29,2026,9,30,0,33.6,142.5,96100.0,2026-09-30,2026-09-30,961.0
20260930,000000,26W,29,2026,9,30,0,36.1,142.8,96700.0,2026-09-30,2026-09-30,967.0
20260930,000000,26W,29,2026,9,30,0,39.2,144.0,97200.0,2026-09-30,2026-09-30,972.0
20260930,000000,26W,29,2026,9,30,0,42.6,145.9,97800.0,2026-09-30,2026-09-30,978.0
20260930,000000,26W,29,2026,9,30,0,46.300000000000004,149.6,97800.0,2026-09-30,2026-09-30,978.0
20260930,000000,26W,29,2026,9,30,0,48.300000000000004,152.4,97700.0,2026-09-30,2026-09-30,977.0
20260930,000000,26W,29,2026,9,30,0,49.1,156.3,97900.0,2026-09-30,2026-09-30,979.0
20260930,000000,26W,30,2026,9,30,0,16.4,152.1,99700.0,2026-09-30,2026-09-30,997.0
20260930,000000,26W,30,2026,9,30,0,16.1,151.0,99700.0,2026-09-30,2026-09-30,997.0
20260930,000000,26W,30,2026,9,30,0,15.9,150.1,99200.0,2026-09-30,2026-09-30,992.0
20260930,000000,26W,30,2026,9,30,0,15.3,149.6,99200.0,2026-09-30,2026-09-30,992.0
20260930,000000,26W,30,2026,9,30,0,15.3,149.3,98700.0,2026-09-30,2026-09-30,987.0
20260930,000000,26W,30,2026,9,30,0,15.9,149.0,98500.0,2026-09-30,2026-09-30,985.0
20260930,000000,26W,30,2026,9,30,0,16.4,148.5,98000.0,2026-09-30,2026-09-30,980.0
20260930,000000,26W,30,2026,9,30,0,16.7,148.5,97900.0,2026-09-30,2026-09-30,979.0
20260930,000000,26W,30,2026,9,30,0,17.8,148.20000000000002,97300.0,2026-09-30,2026-09-30,973.0
20260930,000000,26W,30,2026,9,30,0,18.7,148.5,97100.0,2026-09-30,2026-09-30,971.0
20260930,000000,26W,30,2026,9,30,0,19.5,148.20000000000002,96700.0,2026-09-30,2026-09-30,967.0
20260930,000000,26W,30,2026,9,30,0,20.400000000000002,148.20000000000002,96300.0,2026-09-30,2026-09-30,963.0
20260930,000000,26W,30,2026,9,30,0,21.2,148.20000000000002,96200.0,2026-09-30,2026-09-30,962.0
20260930,000000,26W,30,2026,9,30,0,22.3,148.20000000000002,96100.0,2026-09-30,2026-09-30,961.0
20260930,000000,26W,30,2026,9,30,0,23.5,147.6,96000.0,2026-09-30,2026-09-30,960.0
20260930,000000,26W,30,2026,9,30,0,24.3,147.6,96100.0,2026-09-30,2026-09-30,961.0
20260930,000000,26W,30,2026,9,30,0,25.2,146.8,95900.0,2026-09-30,2026-09-30,959.0
20260930,000000,26W,30,2026,9,30,0,26.0,146.20000000000002,95900.0,2026-09-30,2026-09-30,959.0
20260930,000000,26W,30,2026,9,30,0,27.1,145.6,96000.0,2026-09-30,2026-09-30,960.0
20260930,000000,26W,30,2026,9,30,0,28.0,145.1,96500.0,2026-09-30,2026-09-30,965.0
20260930,000000,26W,30,2026,9,30,0,29.400000000000002,145.6,96700.0,2026-09-30,2026-09-30,967.0
20260930,000000,26W,30,2026,9,30,0,31.400000000000002,145.6,97200.0,2026-09-30,2026-09-30,972.0
20260930,000000,26W,30,2026,9,30,0,33.6,146.8,97100.0,2026-09-30,2026-09-30,971.0
20260930,000000,26W,30,2026,9,30,0,37.0,148.5,97500.0,2026-09-30,2026-09-30,975.0
20260930,000000,26W,30,2026,9,30,0,39.800000000000004,152.1,97500.0,2026-09-30,2026-09-30,975.0
20260930,000000,26W,31,2026,9,30,0,16.7,151.3,100300.0,2026-09-30,2026-09-30,1003.0
20260930,000000,26W,31,2026,9,30,0,17.3,150.4,100600.0,2026-09-30,2026-09-30,1006.0
20260930,000000,26W,31,2026,9,30,0,17.6,148.20000000000002,100500.0,2026-09-30,2026-09-30,1005.0
20260930,000000,26W,31,2026,9,30,0,18.400000000000002,147.0,100300.0,2026-09-30,2026-09-30,1003.0
20260930,000000,26W,31,2026,9,30,0,18.7,145.9,100500.0,2026-09-30,2026-09-30,1005.0
20260930,000000,26W,31,2026,9,30,0,18.1,143.70000000000002,100100.0,2026-09-30,2026-09-30,1001.0
20260930,000000,26W,31,2026,9,30,0,18.1,142.5,100100.0,2026-09-30,2026-09-30,1001.0
20260930,000000,26W,31,2026,9,30,0,18.1,141.1,99400.0,2026-09-30,2026-09-30,994.0
20260930,000000,26W,31,2026,9,30,0,18.7,140.9,99500.0,2026-09-30,2026-09-30,995.0
20260930,000000,26W,31,2026,9,30,0,18.400000000000002,140.0,99200.0,2026-09-30,2026-09-30,992.0
20260930,000000,26W,31,2026,9,30,0,17.8,139.5,99300.0,2026-09-30,2026-09-30,993.0
20260930,000000,26W,31,2026,9,30,0,17.3,139.5,98900.0,2026-09-30,2026-09-30,989.0
20260930,000000,26W,31,2026,9,30,0,17.0,139.20000000000002,98800.0,2026-09-30,2026-09-30,988.0
20260930,000000,26W,31,2026,9,30,0,17.0,138.9,97900.0,2026-09-30,2026-09-30,979.0
20260930,000000,26W,31,2026,9,30,0,16.7,138.9,97300.0,2026-09-30,2026-09-30,973.0
20260930,000000,26W,31,2026,9,30,0,17.0,138.9,96900.0,2026-09-30,2026-09-30,969.0
20260930,000000,26W,31,2026,9,30,0,17.0,138.9,96700.0,2026-09-30,2026-09-30,967.0
20260930,000000,26W,31,2026,9,30,0,17.6,138.9,95700.0,2026-09-30,2026-09-30,957.0
20260930,000000,26W,31,2026,9,30,0,17.8,138.6,95700.0,2026-09-30,2026-09-30,957.0
20260930,000000,26W,31,2026,9,30,0,18.400000000000002,138.6,95300.0,2026-09-30,2026-09-30,953.0
20260930,000000,26W,31,2026,9,30,0,19.0,138.0,95700.0,2026-09-30,2026-09-30,957.0
20260930,000000,26W,31,2026,9,30,0,19.2,137.8,94600.0,2026-09-30,2026-09-30,946.0
20260930,000000,26W,31,2026,9,30,0,19.5,137.20000000000002,95000.0,2026-09-30,2026-09-30,950.0
20260930,000000,26W,31,2026,9,30,0,19.8,137.20000000000002,95200.0,2026-09-30,2026-09-30,952.0
20260930,000000,26W,31,2026,9,30,0,20.7,137.20000000000002,95100.0,2026-09-30,2026-09-30,951.0
20260930,000000,26W,31,2026,9,30,0,20.900000000000002,137.20000000000002,95600.0,2026-09-30,2026-09-30,956.0
20260930,000000,26W,31,2026,9,30,0,21.8,136.9,95300.0,2026-09-30,2026-09-30,953.0
20260930,000000,26W,31,2026,9,30,0,22.1,137.5,95000.0,2026-09-30,2026-09-30,950.0
20260930,000000,26W,31,2026,9,30,0,22.3,137.5,95600.0,2026-09-30,2026-09-30,956.0
20260930,000000,26W,31,2026,9,30,0,22.900000000000002,137.20000000000002,95200.0,2026-09-30,2026-09-30,952.0
20260930,000000,26W,31,2026,9,30,0,23.5,137.20000000000002,95100.0,2026-09-30,2026-09-30,951.0
20260930,000000,26W,31,2026,9,30,0,24.0,136.9,95000.0,2026-09-30,2026-09-30,950.0
20260930,000000,26W,31,2026,9,30,0,24.900000000000002,136.6,94800.0,2026-09-30,2026-09-30,948.0
20260930,000000,26W,31,2026,9,30,0,25.7,136.4,95300.0,2026-09-30,2026-09-30,953.0
20260930,000000,26W,31,2026,9,30,0,26.6,135.5,94900.0,2026-09-30,2026-09-30,949.0
20260930,000000,26W,31,2026,9,30,0,27.7,134.7,94700.0,2026-09-30,2026-09-30,947.0
20260930,000000,26W,31,2026,9,30,0,28.3,133.5,95200.0,2026-09-30,2026-09-30,952.0
20260930,000000,26W,31,2026,9,30,0,29.400000000000002,132.1,96100.0,2026-09-30,2026-09-30,961.0
20260930,000000,26W,31,2026,9,30,0,29.7,131.0,96500.0,2026-09-30,2026-09-30,965.0
20260930,000000,26W,31,2026,9,30,0,30.5,129.3,97400.0,2026-09-30,2026-09-30,974.0
20260930,000000,26W,31,2026,9,30,0,30.8,127.9,97600.0,2026-09-30,2026-09-30,976.0
20260930,000000,26W,31,2026,9,30,0,31.1,127.4,98300.0,2026-09-30,2026-09-30,983.0
20260930,000000,26W,31,2026,9,30,0,31.900000000000002,126.8,99300.0,2026-09-30,2026-09-30,993.0
20260930,000000,26W,31,2026,9,30,0,32.2,126.8,99400.0,2026-09-30,2026-09-30,994.0
20260930,000000,26W,31,2026,9,30,0,32.8,127.4,99900.0,2026-09-30,2026-09-30,999.0
20260930,000000,26W,31,2026,9,30,0,33.1,128.2,100000.0,2026-09-30,2026-09-30,1000.0
20260930,000000,26W,31,2026,9,30,0,33.6,129.0,100300.0,2026-09-30,2026-09-30,1003.0
20260930,000000,26W,31,2026,9,30,0,33.6,131.3,100500.0,2026-09-30,2026-09-30,1005.0
20260930,000000,26W,32,2026,9,30,0,16.7,152.1,99800.0,2026-09-30,2026-09-30,998.0
20260930,000000,26W,32,2026,9,30,0,17.3,150.1,100000.0,2026-09-30,2026-09-30,1000.0
20260930,000000,26W,32,2026,9,30,0,17.0,149.3,99200.0,2026-09-30,2026-09-30,992.0
20260930,000000,26W,32,2026,9,30,0,17.3,147.9,99400.0,2026-09-30,2026-09-30,994.0
20260930,000000,26W,32,2026,9,30,0,16.7,147.0,98900.0,2026-09-30,2026-09-30,989.0
20260930,000000,26W,32,2026,9,30,0,17.400000000000002,146.3,98900.0,2026-09-30,2026-09-30,989.0
20260930,000000,26W,32,2026,9,30,0,17.6,145.6,98400.0,2026-09-30,2026-09-30,984.0
20260930,000000,26W,32,2026,9,30,0,17.8,145.4,98300.0,2026-09-30,2026-09-30,983.0
20260930,000000,26W,32,2026,9,30,0,18.400000000000002,145.1,97600.0,2026-09-30,2026-09-30,976.0
20260930,000000,26W,32,2026,9,30,0,19.5,144.8,97400.0,2026-09-30,2026-09-30,974.0
20260930,000000,26W,32,2026,9,30,0,20.1,144.5,97000.0,2026-09-30,2026-09-30,970.0
20260930,000000,26W,32,2026,9,30,0,20.400000000000002,144.8,97000.0,2026-09-30,2026-09-30,970.0
20260930,000000,26W,32,2026,9,30,0,21.8,144.8,96400.0,2026-09-30,2026-09-30,964.0
20260930,000000,26W,32,2026,9,30,0,22.3,144.8,96600.0,2026-09-30,2026-09-30,966.0
20260930,000000,26W,32,2026,9,30,0,23.5,144.8,96200.0,2026-09-30,2026-09-30,962.0
20260930,000000,26W,32,2026,9,30,0,24.3,144.20000000000002,96300.0,2026-09-30,2026-09-30,963.0
20260930,000000,26W,32,2026,9,30,0,25.3,144.1,96400.0,2026-09-30,2026-09-30,964.0
20260930,000000,26W,32,2026,9,30,0,26.400000000000002,143.9,96200.0,2026-09-30,2026-09-30,962.0
20260930,000000,26W,32,2026,9,30,0,27.5,143.8,96100.0,2026-09-30,2026-09-30,961.0
20260930,000000,26W,32,2026,9,30,0,28.8,144.0,96300.0,2026-09-30,2026-09-30,963.0
20260930,000000,26W,32,2026,9,30,0,31.1,144.8,96300.0,2026-09-30,2026-09-30,963.0
20260930,000000,26W,32,2026,9,30,0,34.300000000000004,146.3,96200.0,2026-09-30,2026-09-30,962.0
20260930,000000,26W,32,2026,9,30,0,41.5,149.0,96200.0,2026-09-30,2026-09-30,962.0
20260930,000000,26W,32,2026,9,30,0,46.6,151.9,95400.0,2026-09-30,2026-09-30,954.0
20260930,000000,26W,33,2026,9,30,0,16.4,151.8,100300.0,2026-09-30,2026-09-30,1003.0
20260930,000000,26W,33,2026,9,30,0,16.7,149.6,100500.0,2026-09-30,2026-09-30,1005.0
20260930,000000,26W,33,2026,9,30,0,16.4,148.9,100200.0,2026-09-30,2026-09-30,1002.0
20260930,000000,26W,33,2026,9,30,0,16.7,146.5,100300.0,2026-09-30,2026-09-30,1003.0
20260930,000000,26W,33,2026,9,30,0,16.7,145.1,100000.0,2026-09-30,2026-09-30,1000.0
20260930,000000,26W,33,2026,9,30,0,16.4,144.8,100200.0,2026-09-30,2026-09-30,1002.0
20260930,000000,26W,33,2026,9,30,0,17.0,145.4,99600.0,2026-09-30,2026-09-30,996.0
20260930,000000,26W,33,2026,9,30,0,16.4,144.20000000000002,99800.0,2026-09-30,2026-09-30,998.0
20260930,000000,26W,33,2026,9,30,0,16.1,144.0,99400.0,2026-09-30,2026-09-30,994.0
20260930,000000,26W,33,2026,9,30,0,16.4,144.0,99300.0,2026-09-30,2026-09-30,993.0
20260930,000000,26W,33,2026,9,30,0,16.4,143.70000000000002,98800.0,2026-09-30,2026-09-30,988.0
20260930,000000,26W,33,2026,9,30,0,16.4,144.20000000000002,98600.0,2026-09-30,2026-09-30,986.0
20260930,000000,26W,33,2026,9,30,0,16.7,144.5,98100.0,2026-09-30,2026-09-30,981.0
20260930,000000,26W,33,2026,9,30,0,17.3,145.1,98000.0,2026-09-30,2026-09-30,980.0
20260930,000000,26W,33,2026,9,30,0,18.1,145.6,97700.0,2026-09-30,2026-09-30,977.0
20260930,000000,26W,33,2026,9,30,0,19.2,146.8,97600.0,2026-09-30,2026-09-30,976.0
20260930,000000,26W,33,2026,9,30,0,19.8,146.8,97300.0,2026-09-30,2026-09-30,973.0
20260930,000000,26W,33,2026,9,30,0,20.7,146.8,97200.0,2026-09-30,2026-09-30,972.0
20260930,000000,26W,33,2026,9,30,0,21.5,146.8,96800.0,2026-09-30,2026-09-30,968.0
20260930,000000,26W,33,2026,9,30,0,22.3,146.8,96800.0,2026-09-30,2026-09-30,968.0
20260930,000000,26W,33,2026,9,30,0,23.5,146.8,96900.0,2026-09-30,2026-09-30,969.0
20260930,000000,26W,33,2026,9,30,0,24.6,146.20000000000002,96600.0,2026-09-30,2026-09-30,966.0
20260930,000000,26W,33,2026,9,30,0,25.7,146.20000000000002,96500.0,2026-09-30,2026-09-30,965.0
20260930,000000,26W,33,2026,9,30,0,27.1,145.9,96800.0,2026-09-30,2026-09-30,968.0
20260930,000000,26W,33,2026,9,30,0,28.0,145.9,96400.0,2026-09-30,2026-09-30,964.0
20260930,000000,26W,33,2026,9,30,0,29.400000000000002,146.20000000000002,97000.0,2026-09-30,2026-09-30,970.0
20260930,000000,26W,33,2026,9,30,0,30.8,146.5,97100.0,2026-09-30,2026-09-30,971.0
20260930,000000,26W,33,2026,9,30,0,32.8,147.0,97500.0,2026-09-30,2026-09-30,975.0
20260930,000000,26W,33,2026,9,30,0,34.7,148.5,97600.0,2026-09-30,2026-09-30,976.0
20260930,000000,26W,33,2026,9,30,0,36.4,150.70000000000002,97700.0,2026-09-30,2026-09-30,977.0
20260930,000000,26W,33,2026,9,30,0,39.0,153.20000000000002,97800.0,2026-09-30,2026-09-30,978.0
20260930,000000,26W,33,2026,9,30,0,41.2,156.0,98100.0,2026-09-30,2026-09-30,981.0
20260930,000000,26W,34,2026,9,30,0,17.0,150.4,99500.0,2026-09-30,2026-09-30,995.0
20260930,000000,26W,34,2026,9,30,0,17.0,149.0,99200.0,2026-09-30,2026-09-30,992.0
20260930,000000,26W,34,2026,9,30,0,17.3,148.20000000000002,98600.0,2026-09-30,2026-09-30,986.0
20260930,000000,26W,34,2026,9,30,0,16.7,147.3,98300.0,2026-09-30,2026-09-30,983.0
20260930,000000,26W,34,2026,9,30,0,17.3,146.5,97900.0,2026-09-30,2026-09-30,979.0
20260930,000000,26W,34,2026,9,30,0,17.3,145.9,97800.0,2026-09-30,2026-09-30,978.0
20260930,000000,26W,34,2026,9,30,0,17.6,145.6,97200.0,2026-09-30,2026-09-30,972.0
20260930,000000,26W,34,2026,9,30,0,17.8,145.6,96700.0,2026-09-30,2026-09-30,967.0
20260930,000000,26W,34,2026,9,30,0,18.1,145.4,96500.0,2026-09-30,2026-09-30,965.0
20260930,000000,26W,34,2026,9,30,0,18.7,145.9,96200.0,2026-09-30,2026-09-30,962.0
20260930,000000,26W,34,2026,9,30,0,19.5,145.9,96000.0,2026-09-30,2026-09-30,960.0
20260930,000000,26W,34,2026,9,30,0,20.1,145.9,95700.0,2026-09-30,2026-09-30,957.0
20260930,000000,26W,34,2026,9,30,0,20.900000000000002,146.20000000000002,95200.0,2026-09-30,2026-09-30,952.0
20260930,000000,26W,34,2026,9,30,0,21.8,146.20000000000002,94700.0,2026-09-30,2026-09-30,947.0
20260930,000000,26W,34,2026,9,30,0,22.1,146.20000000000002,94800.0,2026-09-30,2026-09-30,948.0
20260930,000000,26W,34,2026,9,30,0,22.6,146.20000000000002,94600.0,2026-09-30,2026-09-30,946.0
20260930,000000,26W,34,2026,9,30,0,23.5,145.9,94700.0,2026-09-30,2026-09-30,947.0
20260930,000000,26W,34,2026,9,30,0,24.6,145.9,94500.0,2026-09-30,2026-09-30,945.0
20260930,000000,26W,34,2026,9,30,0,25.2,145.6,94700.0,2026-09-30,2026-09-30,947.0
20260930,000000,26W,34,2026,9,30,0,26.3,145.4,95500.0,2026-09-30,2026-09-30,955.0
20260930,000000,26W,34,2026,9,30,0,27.7,144.8,95600.0,2026-09-30,2026-09-30,956.0
20260930,000000,26W,34,2026,9,30,0,29.1,144.5,96100.0,2026-09-30,2026-09-30,961.0
20260930,000000,26W,34,2026,9,30,0,30.5,144.8,96200.0,2026-09-30,2026-09-30,962.0
20260930,000000,26W,34,2026,9,30,0,32.8,145.9,96500.0,2026-09-30,2026-09-30,965.0
20260930,000000,26W,34,2026,9,30,0,35.9,148.20000000000002,97100.0,2026-09-30,2026-09-30,971.0
20260930,000000,26W,34,2026,9,30,0,39.2,151.3,97100.0,2026-09-30,2026-09-30,971.0
20260930,000000,26W,34,2026,9,30,0,44.0,154.9,97200.0,2026-09-30,2026-09-30,972.0
20260930,000000,26W,35,2026,9,30,0,16.4,150.70000000000002,98700.0,2026-09-30,2026-09-30,987.0
20260930,000000,26W,35,2026,9,30,0,16.4,149.9,98800.0,2026-09-30,2026-09-30,988.0
20260930,000000,26W,35,2026,9,30,0,16.4,148.70000000000002,98200.0,2026-09-30,2026-09-30,982.0
20260930,000000,26W,35,2026,9,30,0,16.7,148.70000000000002,98400.0,2026-09-30,2026-09-30,984.0
20260930,000000,26W,35,2026,9,30,0,17.3,148.20000000000002,97500.0,2026-09-30,2026-09-30,975.0
20260930,000000,26W,35,2026,9,30,0,17.6,147.3,97400.0,2026-09-30,2026-09-30,974.0
20260930,000000,26W,35,2026,9,30,0,17.8,146.8,96800.0,2026-09-30,2026-09-30,968.0
20260930,000000,26W,35,2026,9,30,0,18.7,146.8,96900.0,2026-09-30,2026-09-30,969.0
20260930,000000,26W,35,2026,9,30,0,19.5,147.0,96500.0,2026-09-30,2026-09-30,965.0
20260930,000000,26W,35,2026,9,30,0,20.1,147.0,96100.0,2026-09-30,2026-09-30,961.0
20260930,000000,26W,35,2026,9,30,0,21.2,147.6,96300.0,2026-09-30,2026-09-30,963.0
20260930,000000,26W,35,2026,9,30,0,22.3,147.6,95800.0,2026-09-30,2026-09-30,958.0
20260930,000000,26W,35,2026,9,30,0,23.5,147.9,95800.0,2026-09-30,2026-09-30,958.0
20260930,000000,26W,35,2026,9,30,0,24.0,147.9,95700.0,2026-09-30,2026-09-30,957.0
20260930,000000,26W,35,2026,9,30,0,25.2,147.3,95100.0,2026-09-30,2026-09-30,951.0
20260930,000000,26W,35,2026,9,30,0,25.7,147.0,95500.0,2026-09-30,2026-09-30,955.0
20260930,000000,26W,35,2026,9,30,0,26.6,146.8,95300.0,2026-09-30,2026-09-30,953.0
20260930,000000,26W,35,2026,9,30,0,26.900000000000002,146.8,95400.0,2026-09-30,2026-09-30,954.0
20260930,000000,26W,35,2026,9,30,0,27.7,146.8,95400.0,2026-09-30,2026-09-30,954.0
20260930,000000,26W,35,2026,9,30,0,29.1,146.8,95600.0,2026-09-30,2026-09-30,956.0
20260930,000000,26W,35,2026,9,30,0,31.1,147.0,96000.0,2026-09-30,2026-09-30,960.0
20260930,000000,26W,35,2026,9,30,0,32.8,147.6,96100.0,2026-09-30,2026-09-30,961.0
20260930,000000,26W,35,2026,9,30,0,35.300000000000004,149.0,96400.0,2026-09-30,2026-09-30,964.0
20260930,000000,26W,35,2026,9,30,0,37.800000000000004,150.70000000000002,96800.0,2026-09-30,2026-09-30,968.0
20260930,000000,26W,35,2026,9,30,0,41.2,153.20000000000002,97400.0,2026-09-30,2026-09-30,974.0
20260930,000000,26W,35,2026,9,30,0,44.300000000000004,156.0,97200.0,2026-09-30,2026-09-30,972.0
20260930,000000,26W,35,2026,9,30,0,46.0,160.3,97100.0,2026-09-30,2026-09-30,971.0
20260930,000000,26W,35,2026,9,30,0,48.5,166.20000000000002,97100.0,2026-09-30,2026-09-30,971.0
20260930,000000,26W,36,2026,9,30,0,15.9,150.1,100100.0,2026-09-30,2026-09-30,1001.0
20260930,000000,26W,36,2026,9,30,0,16.4,149.6,100300.0,2026-09-30,2026-09-30,1003.0
20260930,000000,26W,36,2026,9,30,0,16.1,147.3,100000.0,2026-09-30,2026-09-30,1000.0
20260930,000000,26W,36,2026,9,30,0,16.3,147.1,100100.0,2026-09-30,2026-09-30,1001.0
20260930,000000,26W,36,2026,9,30,0,15.6,145.9,99600.0,2026-09-30,2026-09-30,996.0
20260930,000000,26W,36,2026,9,30,0,15.9,145.4,99800.0,2026-09-30,2026-09-30,998.0
20260930,000000,26W,36,2026,9,30,0,15.6,144.0,99200.0,2026-09-30,2026-09-30,992.0
20260930,000000,26W,36,2026,9,30,0,15.6,143.4,99000.0,2026-09-30,2026-09-30,990.0
20260930,000000,26W,36,2026,9,30,0,16.1,142.8,98300.0,2026-09-30,2026-09-30,983.0
20260930,000000,26W,36,2026,9,30,0,16.4,142.3,98100.0,2026-09-30,2026-09-30,981.0
20260930,000000,26W,36,2026,9,30,0,16.4,142.0,97300.0,2026-09-30,2026-09-30,973.0
20260930,000000,26W,36,2026,9,30,0,17.0,141.4,97000.0,2026-09-30,2026-09-30,970.0
20260930,000000,26W,36,2026,9,30,0,17.6,141.1,96500.0,2026-09-30,2026-09-30,965.0
20260930,000000,26W,36,2026,9,30,0,18.1,141.4,95600.0,2026-09-30,2026-09-30,956.0
20260930,000000,26W,36,2026,9,30,0,18.400000000000002,141.4,95000.0,2026-09-30,2026-09-30,950.0
20260930,000000,26W,36,2026,9,30,0,19.2,141.4,94900.0,2026-09-30,2026-09-30,949.0
20260930,000000,26W,36,2026,9,30,0,19.7,141.70000000000002,95100.0,2026-09-30,2026-09-30,951.0
20260930,000000,26W,36,2026,9,30,0,20.7,141.4,95200.0,2026-09-30,2026-09-30,952.0
20260930,000000,26W,36,2026,9,30,0,20.900000000000002,141.1,95000.0,2026-09-30,2026-09-30,950.0
20260930,000000,26W,36,2026,9,30,0,22.1,140.6,95200.0,2026-09-30,2026-09-30,952.0
20260930,000000,26W,36,2026,9,30,0,23.1,140.5,95400.0,2026-09-30,2026-09-30,954.0
20260930,000000,26W,36,2026,9,30,0,24.0,140.3,94800.0,2026-09-30,2026-09-30,948.0
20260930,000000,26W,36,2026,9,30,0,25.400000000000002,140.0,95200.0,2026-09-30,2026-09-30,952.0
20260930,000000,26W,36,2026,9,30,0,26.6,140.0,94800.0,2026-09-30,2026-09-30,948.0
20260930,000000,26W,36,2026,9,30,0,27.1,140.3,95100.0,2026-09-30,2026-09-30,951.0
20260930,000000,26W,36,2026,9,30,0,28.8,141.1,95300.0,2026-09-30,2026-09-30,953.0
20260930,000000,26W,36,2026,9,30,0,30.2,141.70000000000002,95800.0,2026-09-30,2026-09-30,958.0
20260930,000000,26W,36,2026,9,30,0,32.5,142.5,96200.0,2026-09-30,2026-09-30,962.0
20260930,000000,26W,36,2026,9,30,0,34.1,143.1,96800.0,2026-09-30,2026-09-30,968.0
20260930,000000,26W,36,2026,9,30,0,37.0,144.8,97400.0,2026-09-30,2026-09-30,974.0
20260930,000000,26W,36,2026,9,30,0,39.2,146.20000000000002,97200.0,2026-09-30,2026-09-30,972.0
20260930,000000,26W,36,2026,9,30,0,41.4,149.3,97800.0,2026-09-30,2026-09-30,978.0
20260930,000000,26W,36,2026,9,30,0,42.300000000000004,151.8,98100.0,2026-09-30,2026-09-30,981.0
20260930,000000,26W,36,2026,9,30,0,44.300000000000004,156.0,98500.0,2026-09-30,2026-09-30,985.0
20260930,000000,26W,36,2026,9,30,0,44.9,163.5,98300.0,2026-09-30,2026-09-30,983.0
20260930,000000,26W,37,2026,9,30,0,16.4,150.1,99800.0,2026-09-30,2026-09-30,998.0
20260930,000000,26W,37,2026,9,30,0,16.4,149.6,99900.0,2026-09-30,2026-09-30,999.0
20260930,000000,26W,37,2026,9,30,0,16.4,149.5,99800.0,2026-09-30,2026-09-30,998.0
20260930,000000,26W,37,2026,9,30,0,16.1,148.5,99900.0,2026-09-30,2026-09-30,999.0
20260930,000000,26W,37,2026,9,30,0,16.4,147.9,99400.0,2026-09-30,2026-09-30,994.0
20260930,000000,26W,37,2026,9,30,0,17.0,147.6,99400.0,2026-09-30,2026-09-30,994.0
20260930,000000,26W,37,2026,9,30,0,17.2,147.20000000000002,98900.0,2026-09-30,2026-09-30,989.0
20260930,000000,26W,37,2026,9,30,0,17.6,146.5,98800.0,2026-09-30,2026-09-30,988.0
20260930,000000,26W,37,2026,9,30,0,17.8,146.5,98100.0,2026-09-30,2026-09-30,981.0
20260930,000000,26W,37,2026,9,30,0,18.1,146.5,98000.0,2026-09-30,2026-09-30,980.0
20260930,000000,26W,37,2026,9,30,0,19.2,146.5,97100.0,2026-09-30,2026-09-30,971.0
20260930,000000,26W,37,2026,9,30,0,19.8,146.8,97100.0,2026-09-30,2026-09-30,971.0
20260930,000000,26W,37,2026,9,30,0,20.7,147.0,96700.0,2026-09-30,2026-09-30,967.0
20260930,000000,26W,37,2026,9,30,0,21.5,147.3,96100.0,2026-09-30,2026-09-30,961.0
20260930,000000,26W,37,2026,9,30,0,22.900000000000002,146.8,95800.0,2026-09-30,2026-09-30,958.0
20260930,000000,26W,37,2026,9,30,0,23.2,146.8,95600.0,2026-09-30,2026-09-30,956.0
20260930,000000,26W,37,2026,9,30,0,24.0,146.5,95300.0,2026-09-30,2026-09-30,953.0
20260930,000000,26W,37,2026,9,30,0,24.900000000000002,146.20000000000002,95300.0,2026-09-30,2026-09-30,953.0
20260930,000000,26W,37,2026,9,30,0,26.0,146.20000000000002,95200.0,2026-09-30,2026-09-30,952.0
20260930,000000,26W,37,2026,9,30,0,27.400000000000002,146.5,95400.0,2026-09-30,2026-09-30,954.0
20260930,000000,26W,37,2026,9,30,0,28.8,146.5,95600.0,2026-09-30,2026-09-30,956.0
20260930,000000,26W,37,2026,9,30,0,30.5,147.3,96000.0,2026-09-30,2026-09-30,960.0
20260930,000000,26W,37,2026,9,30,0,33.0,148.5,96100.0,2026-09-30,2026-09-30,961.0
20260930,000000,26W,37,2026,9,30,0,36.1,151.3,96900.0,2026-09-30,2026-09-30,969.0
20260930,000000,26W,37,2026,9,30,0,46.6,160.8,98300.0,2026-09-30,2026-09-30,983.0
20260930,000000,26W,38,2026,9,30,0,15.6,150.4,99600.0,2026-09-30,2026-09-30,996.0
20260930,000000,26W,38,2026,9,30,0,17.0,150.70000000000002,99900.0,2026-09-30,2026-09-30,999.0
20260930,000000,26W,38,2026,9,30,0,17.6,149.3,99500.0,2026-09-30,2026-09-30,995.0
20260930,000000,26W,38,2026,9,30,0,17.3,147.6,99500.0,2026-09-30,2026-09-30,995.0
20260930,000000,26W,38,2026,9,30,0,17.8,147.0,99200.0,2026-09-30,2026-09-30,992.0
20260930,000000,26W,38,2026,9,30,0,18.1,146.5,99100.0,2026-09-30,2026-09-30,991.0
20260930,000000,26W,38,2026,9,30,0,18.400000000000002,145.4,98700.0,2026-09-30,2026-09-30,987.0
20260930,000000,26W,38,2026,9,30,0,19.0,145.4,98600.0,2026-09-30,2026-09-30,986.0
20260930,000000,26W,38,2026,9,30,0,19.8,145.4,97900.0,2026-09-30,2026-09-30,979.0
20260930,000000,26W,38,2026,9,30,0,19.8,145.4,98000.0,2026-09-30,2026-09-30,980.0
20260930,000000,26W,38,2026,9,30,0,20.8,145.1,97700.0,2026-09-30,2026-09-30,977.0
20260930,000000,26W,38,2026,9,30,0,21.2,145.4,97900.0,2026-09-30,2026-09-30,979.0
20260930,000000,26W,38,2026,9,30,0,22.3,145.9,97500.0,2026-09-30,2026-09-30,975.0
20260930,000000,26W,38,2026,9,30,0,23.2,146.20000000000002,97500.0,2026-09-30,2026-09-30,975.0
20260930,000000,26W,38,2026,9,30,0,24.0,146.8,97000.0,2026-09-30,2026-09-30,970.0
20260930,000000,26W,38,2026,9,30,0,24.6,146.8,96900.0,2026-09-30,2026-09-30,969.0
20260930,000000,26W,38,2026,9,30,0,25.400000000000002,146.8,96500.0,2026-09-30,2026-09-30,965.0
20260930,000000,26W,38,2026,9,30,0,26.0,146.5,96700.0,2026-09-30,2026-09-30,967.0
20260930,000000,26W,38,2026,9,30,0,26.6,146.5,96500.0,2026-09-30,2026-09-30,965.0
20260930,000000,26W,38,2026,9,30,0,27.7,146.8,96600.0,2026-09-30,2026-09-30,966.0
20260930,000000,26W,38,2026,9,30,0,28.8,145.9,96200.0,2026-09-30,2026-09-30,962.0
20260930,000000,26W,38,2026,9,30,0,29.7,146.20000000000002,96500.0,2026-09-30,2026-09-30,965.0
20260930,000000,26W,38,2026,9,30,0,31.1,146.5,96700.0,2026-09-30,2026-09-30,967.0
20260930,000000,26W,38,2026,9,30,0,33.3,147.9,97000.0,2026-09-30,2026-09-30,970.0
20260930,000000,26W,38,2026,9,30,0,35.300000000000004,149.9,97200.0,2026-09-30,2026-09-30,972.0
20260930,000000,26W,38,2026,9,30,0,38.7,152.70000000000002,97500.0,2026-09-30,2026-09-30,975.0
20260930,000000,26W,39,2026,9,30,0,15.6,153.0,100200.0,2026-09-30,2026-09-30,1002.0
20260930,000000,26W,39,2026,9,30,0,15.9,153.20000000000002,100400.0,2026-09-30,2026-09-30,1004.0
20260930,000000,26W,39,2026,9,30,0,16.4,152.4,100200.0,2026-09-30,2026-09-30,1002.0
20260930,000000,26W,39,2026,9,30,0,16.7,150.8,100300.0,2026-09-30,2026-09-30,1003.0
20260930,000000,26W,39,2026,9,30,0,17.0,150.4,99900.0,2026-09-30,2026-09-30,999.0
20260930,000000,26W,39,2026,9,30,0,16.7,149.0,100100.0,2026-09-30,2026-09-30,1001.0
20260930,000000,26W,39,2026,9,30,0,17.400000000000002,148.6,99800.0,2026-09-30,2026-09-30,998.0
20260930,000000,26W,39,2026,9,30,0,17.8,148.20000000000002,99800.0,2026-09-30,2026-09-30,998.0
20260930,000000,26W,39,2026,9,30,0,17.6,147.6,99100.0,2026-09-30,2026-09-30,991.0
20260930,000000,26W,39,2026,9,30,0,17.8,148.5,98800.0,2026-09-30,2026-09-30,988.0
20260930,000000,26W,39,2026,9,30,0,18.1,149.0,98400.0,2026-09-30,2026-09-30,984.0
20260930,000000,26W,39,2026,9,30,0,19.5,149.9,97900.0,2026-09-30,2026-09-30,979.0
20260930,000000,26W,39,2026,9,30,0,20.7,150.4,97300.0,2026-09-30,2026-09-30,973.0
20260930,000000,26W,39,2026,9,30,0,22.1,150.70000000000002,97100.0,2026-09-30,2026-09-30,971.0
20260930,000000,26W,39,2026,9,30,0,23.2,150.4,96900.0,2026-09-30,2026-09-30,969.0
20260930,000000,26W,39,2026,9,30,0,23.8,149.6,97000.0,2026-09-30,2026-09-30,970.0
20260930,000000,26W,39,2026,9,30,0,24.3,149.6,96500.0,2026-09-30,2026-09-30,965.0
20260930,000000,26W,39,2026,9,30,0,24.900000000000002,149.3,96700.0,2026-09-30,2026-09-30,967.0
20260930,000000,26W,39,2026,9,30,0,25.400000000000002,148.5,96400.0,2026-09-30,2026-09-30,964.0
20260930,000000,26W,39,2026,9,30,0,26.3,148.70000000000002,96600.0,2026-09-30,2026-09-30,966.0
20260930,000000,26W,39,2026,9,30,0,28.0,148.5,96500.0,2026-09-30,2026-09-30,965.0
20260930,000000,26W,39,2026,9,30,0,29.400000000000002,148.20000000000002,97100.0,2026-09-30,2026-09-30,971.0
20260930,000000,26W,39,2026,9,30,0,31.1,148.5,97000.0,2026-09-30,2026-09-30,970.0
20260930,000000,26W,39,2026,9,30,0,33.6,149.6,97400.0,2026-09-30,2026-09-30,974.0
20260930,000000,26W,39,2026,9,30,0,36.1,151.3,97800.0,2026-09-30,2026-09-30,978.0
20260930,000000,26W,39,2026,9,30,0,39.5,153.5,98300.0,2026-09-30,2026-09-30,983.0
20260930,000000,26W,39,2026,9,30,0,42.6,157.70000000000002,98100.0,2026-09-30,2026-09-30,981.0
20260930,000000,26W,39,2026,9,30,0,48.0,165.0,97600.0,2026-09-30,2026-09-30,976.0
20260930,000000,26W,39,2026,9,30,0,50.2,169.0,97200.0,2026-09-30,2026-09-30,972.0
20260930,000000,26W,40,2026,9,30,0,15.3,150.70000000000002,100000.0,2026-09-30,2026-09-30,1000.0
20260930,000000,26W,40,2026,9,30,0,15.9,150.4,100100.0,2026-09-30,2026-09-30,1001.0
20260930,000000,26W,40,2026,9,30,0,16.4,150.1,99900.0,2026-09-30,2026-09-30,999.0
20260930,000000,26W,40,2026,9,30,0,15.6,148.20000000000002,100100.0,2026-09-30,2026-09-30,1001.0
20260930,000000,26W,40,2026,9,30,0,15.9,147.3,99300.0,2026-09-30,2026-09-30,993.0
20260930,000000,26W,40,2026,9,30,0,16.4,148.20000000000002,98900.0,2026-09-30,2026-09-30,989.0
20260930,000000,26W,40,2026,9,30,0,17.6,146.8,99000.0,2026-09-30,2026-09-30,990.0
20260930,000000,26W,40,2026,9,30,0,17.2,146.20000000000002,99000.0,2026-09-30,2026-09-30,990.0
20260930,000000,26W,40,2026,9,30,0,17.3,146.8,98200.0,2026-09-30,2026-09-30,982.0
20260930,000000,26W,40,2026,9,30,0,17.8,146.5,98100.0,2026-09-30,2026-09-30,981.0
20260930,000000,26W,40,2026,9,30,0,18.400000000000002,147.3,97600.0,2026-09-30,2026-09-30,976.0
20260930,000000,26W,40,2026,9,30,0,19.2,147.6,97700.0,2026-09-30,2026-09-30,977.0
20260930,000000,26W,40,2026,9,30,0,20.7,147.9,97400.0,2026-09-30,2026-09-30,974.0
20260930,000000,26W,40,2026,9,30,0,21.2,147.9,97400.0,2026-09-30,2026-09-30,974.0
20260930,000000,26W,40,2026,9,30,0,22.3,147.6,97200.0,2026-09-30,2026-09-30,972.0
20260930,000000,26W,40,2026,9,30,0,22.900000000000002,147.3,97000.0,2026-09-30,2026-09-30,970.0
20260930,000000,26W,40,2026,9,30,0,24.3,147.3,96600.0,2026-09-30,2026-09-30,966.0
20260930,000000,26W,40,2026,9,30,0,25.400000000000002,146.8,96300.0,2026-09-30,2026-09-30,963.0
20260930,000000,26W,40,2026,9,30,0,26.900000000000002,146.8,96200.0,2026-09-30,2026-09-30,962.0
20260930,000000,26W,40,2026,9,30,0,28.5,146.3,96200.0,2026-09-30,2026-09-30,962.0
20260930,000000,26W,40,2026,9,30,0,30.0,146.5,96600.0,2026-09-30,2026-09-30,966.0
20260930,000000,26W,40,2026,9,30,0,32.2,146.8,96500.0,2026-09-30,2026-09-30,965.0
20260930,000000,26W,40,2026,9,30,0,34.2,148.5,96700.0,2026-09-30,2026-09-30,967.0
20260930,000000,26W,40,2026,9,30,0,37.0,149.9,97100.0,2026-09-30,2026-09-30,971.0
20260930,000000,26W,40,2026,9,30,0,39.5,151.8,97300.0,2026-09-30,2026-09-30,973.0
20260930,000000,26W,40,2026,9,30,0,41.2,155.20000000000002,97100.0,2026-09-30,2026-09-30,971.0
20260930,000000,26W,40,2026,9,30,0,44.300000000000004,159.1,97600.0,2026-09-30,2026-09-30,976.0
20260930,000000,26W,40,2026,9,30,0,46.6,163.4,97500.0,2026-09-30,2026-09-30,975.0
20260930,000000,26W,41,2026,9,30,0,15.6,151.3,100200.0,2026-09-30,2026-09-30,1002.0
20260930,000000,26W,41,2026,9,30,0,16.4,150.1,100300.0,2026-09-30,2026-09-30,1003.0
20260930,000000,26W,41,2026,9,30,0,16.1,149.0,99900.0,2026-09-30,2026-09-30,999.0
20260930,000000,26W,41,2026,9,30,0,16.1,148.70000000000002,99800.0,2026-09-30,2026-09-30,998.0
20260930,000000,26W,41,2026,9,30,0,16.7,148.5,99500.0,2026-09-30,2026-09-30,995.0
20260930,000000,26W,41,2026,9,30,0,16.7,147.6,99100.0,2026-09-30,2026-09-30,991.0
20260930,000000,26W,41,2026,9,30,0,16.7,146.8,98500.0,2026-09-30,2026-09-30,985.0
20260930,000000,26W,41,2026,9,30,0,17.0,146.5,98400.0,2026-09-30,2026-09-30,984.0
20260930,000000,26W,41,2026,9,30,0,17.0,146.20000000000002,97500.0,2026-09-30,2026-09-30,975.0
20260930,000000,26W,41,2026,9,30,0,17.0,145.9,97200.0,2026-09-30,2026-09-30,972.0
20260930,000000,26W,41,2026,9,30,0,17.3,145.9,96500.0,2026-09-30,2026-09-30,965.0
20260930,000000,26W,41,2026,9,30,0,17.8,145.9,96100.0,2026-09-30,2026-09-30,961.0
20260930,000000,26W,41,2026,9,30,0,18.400000000000002,146.20000000000002,95800.0,2026-09-30,2026-09-30,958.0
20260930,000000,26W,41,2026,9,30,0,18.7,146.5,96100.0,2026-09-30,2026-09-30,961.0
20260930,000000,26W,41,2026,9,30,0,19.2,146.8,95900.0,2026-09-30,2026-09-30,959.0
20260930,000000,26W,41,2026,9,30,0,20.1,147.0,95900.0,2026-09-30,2026-09-30,959.0
20260930,000000,26W,41,2026,9,30,0,20.900000000000002,147.0,96000.0,2026-09-30,2026-09-30,960.0
20260930,000000,26W,41,2026,9,30,0,21.8,147.0,96000.0,2026-09-30,2026-09-30,960.0
20260930,000000,26W,41,2026,9,30,0,22.900000000000002,146.8,95600.0,2026-09-30,2026-09-30,956.0
20260930,000000,26W,41,2026,9,30,0,24.0,146.5,95000.0,2026-09-30,2026-09-30,950.0
20260930,000000,26W,41,2026,9,30,0,24.900000000000002,146.20000000000002,95100.0,2026-09-30,2026-09-30,951.0
20260930,000000,26W,41,2026,9,30,0,26.3,145.4,94700.0,2026-09-30,2026-09-30,947.0
20260930,000000,26W,41,2026,9,30,0,27.5,145.9,95100.0,2026-09-30,2026-09-30,951.0
20260930,000000,26W,41,2026,9,30,0,28.900000000000002,146.3,95400.0,2026-09-30,2026-09-30,954.0
20260930,000000,26W,41,2026,9,30,0,31.1,146.8,95600.0,2026-09-30,2026-09-30,956.0
20260930,000000,26W,41,2026,9,30,0,33.0,147.9,96000.0,2026-09-30,2026-09-30,960.0
20260930,000000,26W,41,2026,9,30,0,34.7,149.3,96500.0,2026-09-30,2026-09-30,965.0
20260930,000000,26W,41,2026,9,30,0,37.800000000000004,152.70000000000002,97200.0,2026-09-30,2026-09-30,972.0
20260930,000000,26W,41,2026,9,30,0,40.5,156.20000000000002,97600.0,2026-09-30,2026-09-30,976.0
20260930,000000,26W,41,2026,9,30,0,43.2,160.3,97400.0,2026-09-30,2026-09-30,974.0
20260930,000000,26W,42,2026,9,30,0,16.4,150.70000000000002,99200.0,2026-09-30,2026-09-30,992.0
20260930,000000,26W,42,2026,9,30,0,16.4,149.9,99900.0,2026-09-30,2026-09-30,999.0
20260930,000000,26W,42,2026,9,30,0,16.1,149.3,99500.0,2026-09-30,2026-09-30,995.0
20260930,000000,26W,42,2026,9,30,0,16.1,148.70000000000002,99400.0,2026-09-30,2026-09-30,994.0
20260930,000000,26W,42,2026,9,30,0,16.7,147.9,99200.0,2026-09-30,2026-09-30,992.0
20260930,000000,26W,42,2026,9,30,0,17.0,147.6,99100.0,2026-09-30,2026-09-30,991.0
20260930,000000,26W,42,2026,9,30,0,17.6,147.3,98900.0,2026-09-30,2026-09-30,989.0
20260930,000000,26W,42,2026,9,30,0,17.6,146.20000000000002,98800.0,2026-09-30,2026-09-30,988.0
20260930,000000,26W,42,2026,9,30,0,18.1,146.20000000000002,98200.0,2026-09-30,2026-09-30,982.0
20260930,000000,26W,42,2026,9,30,0,18.7,145.6,98200.0,2026-09-30,2026-09-30,982.0
20260930,000000,26W,42,2026,9,30,0,19.5,146.0,97600.0,2026-09-30,2026-09-30,976.0
20260930,000000,26W,42,2026,9,30,0,20.400000000000002,145.9,97600.0,2026-09-30,2026-09-30,976.0
20260930,000000,26W,42,2026,9,30,0,21.2,146.20000000000002,97300.0,2026-09-30,2026-09-30,973.0
20260930,000000,26W,42,2026,9,30,0,21.5,146.5,97300.0,2026-09-30,2026-09-30,973.0
20260930,000000,26W,42,2026,9,30,0,22.3,146.5,97000.0,2026-09-30,2026-09-30,970.0
20260930,000000,26W,42,2026,9,30,0,23.2,146.8,96700.0,2026-09-30,2026-09-30,967.0
20260930,000000,26W,42,2026,9,30,0,24.0,147.0,96300.0,2026-09-30,2026-09-30,963.0
20260930,000000,26W,42,2026,9,30,0,24.900000000000002,147.0,96700.0,2026-09-30,2026-09-30,967.0
20260930,000000,26W,42,2026,9,30,0,25.400000000000002,146.8,96400.0,2026-09-30,2026-09-30,964.0
20260930,000000,26W,42,2026,9,30,0,26.3,146.5,96500.0,2026-09-30,2026-09-30,965.0
20260930,000000,26W,42,2026,9,30,0,27.1,146.5,96100.0,2026-09-30,2026-09-30,961.0
20260930,000000,26W,42,2026,9,30,0,27.900000000000002,146.20000000000002,96500.0,2026-09-30,2026-09-30,965.0
20260930,000000,26W,42,2026,9,30,0,29.1,145.9,96300.0,2026-09-30,2026-09-30,963.0
20260930,000000,26W,42,2026,9,30,0,30.2,146.20000000000002,96500.0,2026-09-30,2026-09-30,965.0
20260930,000000,26W,42,2026,9,30,0,32.2,146.5,96500.0,2026-09-30,2026-09-30,965.0
20260930,000000,26W,42,2026,9,30,0,33.9,147.6,97000.0,2026-09-30,2026-09-30,970.0
20260930,000000,26W,42,2026,9,30,0,35.9,148.70000000000002,97300.0,2026-09-30,2026-09-30,973.0
20260930,000000,26W,42,2026,9,30,0,39.2,150.70000000000002,97300.0,2026-09-30,2026-09-30,973.0
20260930,000000,26W,42,2026,9,30,0,42.300000000000004,153.0,97100.0,2026-09-30,2026-09-30,971.0
20260930,000000,26W,43,2026,9,30,0,17.0,151.3,100000.0,2026-09-30,2026-09-30,1000.0
20260930,000000,26W,43,2026,9,30,0,17.0,149.6,100000.0,2026-09-30,2026-09-30,1000.0
20260930,000000,26W,43,2026,9,30,0,16.7,147.6,99400.0,2026-09-30,2026-09-30,994.0
20260930,000000,26W,43,2026,9,30,0,17.0,147.3,99500.0,2026-09-30,2026-09-30,995.0
20260930,000000,26W,43,2026,9,30,0,17.3,146.20000000000002,99100.0,2026-09-30,2026-09-30,991.0
20260930,000000,26W,43,2026,9,30,0,17.3,145.9,99100.0,2026-09-30,2026-09-30,991.0
20260930,000000,26W,43,2026,9,30,0,17.6,145.4,98600.0,2026-09-30,2026-09-30,986.0
20260930,000000,26W,43,2026,9,30,0,17.8,144.8,98700.0,2026-09-30,2026-09-30,987.0
20260930,000000,26W,43,2026,9,30,0,18.1,144.5,98000.0,2026-09-30,2026-09-30,980.0
20260930,000000,26W,43,2026,9,30,0,19.0,144.8,97700.0,2026-09-30,2026-09-30,977.0
20260930,000000,26W,43,2026,9,30,0,19.2,144.8,97200.0,2026-09-30,2026-09-30,972.0
20260930,000000,26W,43,2026,9,30,0,19.8,144.8,97000.0,2026-09-30,2026-09-30,970.0
20260930,000000,26W,43,2026,9,30,0,20.7,145.6,96700.0,2026-09-30,2026-09-30,967.0
20260930,000000,26W,43,2026,9,30,0,21.2,145.6,95800.0,2026-09-30,2026-09-30,958.0
20260930,000000,26W,43,2026,9,30,0,22.3,145.6,95900.0,2026-09-30,2026-09-30,959.0
20260930,000000,26W,43,2026,9,30,0,22.900000000000002,145.6,95900.0,2026-09-30,2026-09-30,959.0
20260930,000000,26W,43,2026,9,30,0,23.8,145.9,95600.0,2026-09-30,2026-09-30,956.0
20260930,000000,26W,43,2026,9,30,0,24.6,145.4,96000.0,2026-09-30,2026-09-30,960.0
20260930,000000,26W,43,2026,9,30,0,25.400000000000002,145.1,95600.0,2026-09-30,2026-09-30,956.0
20260930,000000,26W,43,2026,9,30,0,26.0,144.8,95500.0,2026-09-30,2026-09-30,955.0
20260930,000000,26W,43,2026,9,30,0,27.400000000000002,144.8,95700.0,2026-09-30,2026-09-30,957.0
20260930,000000,26W,43,2026,9,30,0,28.5,144.5,96300.0,2026-09-30,2026-09-30,963.0
20260930,000000,26W,43,2026,9,30,0,30.2,144.8,96400.0,2026-09-30,2026-09-30,964.0
20260930,000000,26W,43,2026,9,30,0,32.2,145.6,96700.0,2026-09-30,2026-09-30,967.0
20260930,000000,26W,43,2026,9,30,0,34.300000000000004,147.4,97200.0,2026-09-30,2026-09-30,972.0
20260930,000000,26W,43,2026,9,30,0,37.800000000000004,149.6,97500.0,2026-09-30,2026-09-30,975.0
20260930,000000,26W,43,2026,9,30,0,40.9,153.20000000000002,97700.0,2026-09-30,2026-09-30,977.0
20260930,000000,26W,44,2026,9,30,0,16.4,151.5,100300.0,2026-09-30,2026-09-30,1003.0
20260930,000000,26W,44,2026,9,30,0,15.9,149.6,100500.0,2026-09-30,2026-09-30,1005.0
20260930,000000,26W,44,2026,9,30,0,15.9,150.70000000000002,100300.0,2026-09-30,2026-09-30,1003.0
20260930,000000,26W,44,2026,9,30,0,16.4,148.5,100400.0,2026-09-30,2026-09-30,1004.0
20260930,000000,26W,44,2026,9,30,0,16.4,147.3,100100.0,2026-09-30,2026-09-30,1001.0
20260930,000000,26W,44,2026,9,30,0,17.6,147.6,100200.0,2026-09-30,2026-09-30,1002.0
20260930,000000,26W,44,2026,9,30,0,17.3,145.9,99900.0,2026-09-30,2026-09-30,999.0
20260930,000000,26W,44,2026,9,30,0,16.1,145.1,99800.0,2026-09-30,2026-09-30,998.0
20260930,000000,26W,44,2026,9,30,0,16.4,144.8,99400.0,2026-09-30,2026-09-30,994.0
20260930,000000,26W,44,2026,9,30,0,16.1,144.5,99500.0,2026-09-30,2026-09-30,995.0
20260930,000000,26W,44,2026,9,30,0,16.1,144.8,99000.0,2026-09-30,2026-09-30,990.0
20260930,000000,26W,44,2026,9,30,0,16.4,145.1,98600.0,2026-09-30,2026-09-30,986.0
20260930,000000,26W,44,2026,9,30,0,16.7,146.20000000000002,98500.0,2026-09-30,2026-09-30,985.0
20260930,000000,26W,44,2026,9,30,0,17.8,146.8,97900.0,2026-09-30,2026-09-30,979.0
20260930,000000,26W,44,2026,9,30,0,19.0,147.3,97200.0,2026-09-30,2026-09-30,972.0
20260930,000000,26W,44,2026,9,30,0,19.2,147.6,96600.0,2026-09-30,2026-09-30,966.0
20260930,000000,26W,44,2026,9,30,0,20.400000000000002,148.20000000000002,96600.0,2026-09-30,2026-09-30,966.0
20260930,000000,26W,44,2026,9,30,0,20.7,148.5,96200.0,2026-09-30,2026-09-30,962.0
20260930,000000,26W,44,2026,9,30,0,21.5,148.5,96100.0,2026-09-30,2026-09-30,961.0
20260930,000000,26W,44,2026,9,30,0,22.6,148.5,96000.0,2026-09-30,2026-09-30,960.0
20260930,000000,26W,44,2026,9,30,0,23.5,148.20000000000002,95800.0,2026-09-30,2026-09-30,958.0
20260930,000000,26W,44,2026,9,30,0,24.6,148.20000000000002,95700.0,2026-09-30,2026-09-30,957.0
20260930,000000,26W,44,2026,9,30,0,25.7,148.20000000000002,96000.0,2026-09-30,2026-09-30,960.0
20260930,000000,26W,44,2026,9,30,0,26.900000000000002,147.9,96100.0,2026-09-30,2026-09-30,961.0
20260930,000000,26W,44,2026,9,30,0,28.5,148.20000000000002,96500.0,2026-09-30,2026-09-30,965.0
20260930,000000,26W,44,2026,9,30,0,30.8,148.70000000000002,96900.0,2026-09-30,2026-09-30,969.0
20260930,000000,26W,44,2026,9,30,0,32.8,149.6,97300.0,2026-09-30,2026-09-30,973.0
20260930,000000,26W,44,2026,9,30,0,34.7,151.5,97500.0,2026-09-30,2026-09-30,975.0
20260930,000000,26W,44,2026,9,30,0,36.4,154.4,97800.0,2026-09-30,2026-09-30,978.0
20260930,000000,26W,44,2026,9,30,0,38.1,158.9,98100.0,2026-09-30,2026-09-30,981.0
20260930,000000,26W,44,2026,9,30,0,40.300000000000004,163.6,98100.0,2026-09-30,2026-09-30,981.0
20260930,000000,26W,44,2026,9,30,0,41.800000000000004,169.3,98600.0,2026-09-30,2026-09-30,986.0
20260930,000000,26W,44,2026,9,30,0,43.5,176.6,98400.0,2026-09-30,2026-09-30,984.0
20260930,000000,26W,45,2026,9,30,0,16.1,151.3,100200.0,2026-09-30,2026-09-30,1002.0
20260930,000000,26W,45,2026,9,30,0,16.1,150.1,100400.0,2026-09-30,2026-09-30,1004.0
20260930,000000,26W,45,2026,9,30,0,15.9,149.0,99800.0,2026-09-30,2026-09-30,998.0
20260930,000000,26W,45,2026,9,30,0,16.5,148.70000000000002,100000.0,2026-09-30,2026-09-30,1000.0
20260930,000000,26W,45,2026,9,30,0,16.7,148.70000000000002,99700.0,2026-09-30,2026-09-30,997.0
20260930,000000,26W,45,2026,9,30,0,17.3,147.6,99600.0,2026-09-30,2026-09-30,996.0
20260930,000000,26W,45,2026,9,30,0,17.8,146.5,99000.0,2026-09-30,2026-09-30,990.0
20260930,000000,26W,45,2026,9,30,0,16.4,145.6,99100.0,2026-09-30,2026-09-30,991.0
20260930,000000,26W,45,2026,9,30,0,17.7,145.20000000000002,98500.0,2026-09-30,2026-09-30,985.0
20260930,000000,26W,45,2026,9,30,0,17.8,145.6,98400.0,2026-09-30,2026-09-30,984.0
20260930,000000,26W,45,2026,9,30,0,18.400000000000002,145.6,97700.0,2026-09-30,2026-09-30,977.0
20260930,000000,26W,45,2026,9,30,0,19.1,146.0,97600.0,2026-09-30,2026-09-30,976.0
20260930,000000,26W,45,2026,9,30,0,20.3,146.4,96700.0,2026-09-30,2026-09-30,967.0
20260930,000000,26W,45,2026,9,30,0,21.7,146.4,96200.0,2026-09-30,2026-09-30,962.0
20260930,000000,26W,45,2026,9,30,0,22.3,146.20000000000002,95400.0,2026-09-30,2026-09-30,954.0
20260930,000000,26W,45,2026,9,30,0,23.2,146.20000000000002,95200.0,2026-09-30,2026-09-30,952.0
20260930,000000,26W,45,2026,9,30,0,24.0,146.20000000000002,95200.0,2026-09-30,2026-09-30,952.0
20260930,000000,26W,45,2026,9,30,0,24.900000000000002,146.20000000000002,95100.0,2026-09-30,2026-09-30,951.0
20260930,000000,26W,45,2026,9,30,0,26.0,146.20000000000002,94800.0,2026-09-30,2026-09-30,948.0
20260930,000000,26W,45,2026,9,30,0,27.400000000000002,146.20000000000002,94900.0,2026-09-30,2026-09-30,949.0
20260930,000000,26W,45,2026,9,30,0,28.5,146.5,95300.0,2026-09-30,2026-09-30,953.0
20260930,000000,26W,45,2026,9,30,0,29.7,147.0,96000.0,2026-09-30,2026-09-30,960.0
20260930,000000,26W,45,2026,9,30,0,31.400000000000002,147.6,96400.0,2026-09-30,2026-09-30,964.0
20260930,000000,26W,45,2026,9,30,0,33.0,148.70000000000002,97100.0,2026-09-30,2026-09-30,971.0
20260930,000000,26W,45,2026,9,30,0,34.7,150.70000000000002,97300.0,2026-09-30,2026-09-30,973.0
20260930,000000,26W,45,2026,9,30,0,37.6,152.70000000000002,98100.0,2026-09-30,2026-09-30,981.0
20260930,000000,26W,45,2026,9,30,0,40.7,155.8,98200.0,2026-09-30,2026-09-30,982.0
20260930,000000,26W,45,2026,9,30,0,43.6,160.8,98400.0,2026-09-30,2026-09-30,984.0
20260930,000000,26W,46,2026,9,30,0,16.4,150.4,99900.0,2026-09-30,2026-09-30,999.0
20260930,000000,26W,46,2026,9,30,0,16.7,149.3,99800.0,2026-09-30,2026-09-30,998.0
20260930,000000,26W,46,2026,9,30,0,16.4,148.5,99100.0,2026-09-30,2026-09-30,991.0
20260930,000000,26W,46,2026,9,30,0,16.4,147.6,99100.0,2026-09-30,2026-09-30,991.0
20260930,000000,26W,46,2026,9,30,0,16.7,146.8,98300.0,2026-09-30,2026-09-30,983.0
20260930,000000,26W,46,2026,9,30,0,17.0,146.5,98000.0,2026-09-30,2026-09-30,980.0
20260930,000000,26W,46,2026,9,30,0,17.3,145.9,97300.0,2026-09-30,2026-09-30,973.0
20260930,000000,26W,46,2026,9,30,0,17.6,145.4,97400.0,2026-09-30,2026-09-30,974.0
20260930,000000,26W,46,2026,9,30,0,17.8,145.4,96800.0,2026-09-30,2026-09-30,968.0
20260930,000000,26W,46,2026,9,30,0,18.400000000000002,145.1,96100.0,2026-09-30,2026-09-30,961.0
20260930,000000,26W,46,2026,9,30,0,19.0,144.8,95400.0,2026-09-30,2026-09-30,954.0
20260930,000000,26W,46,2026,9,30,0,19.2,144.8,95300.0,2026-09-30,2026-09-30,953.0
20260930,000000,26W,46,2026,9,30,0,20.1,144.8,95500.0,2026-09-30,2026-09-30,955.0
20260930,000000,26W,46,2026,9,30,0,20.7,144.8,95000.0,2026-09-30,2026-09-30,950.0
20260930,000000,26W,46,2026,9,30,0,20.900000000000002,145.1,95000.0,2026-09-30,2026-09-30,950.0
20260930,000000,26W,46,2026,9,30,0,21.8,145.1,95400.0,2026-09-30,2026-09-30,954.0
20260930,000000,26W,46,2026,9,30,0,22.6,145.1,95200.0,2026-09-30,2026-09-30,952.0
20260930,000000,26W,46,2026,9,30,0,23.8,144.5,95200.0,2026-09-30,2026-09-30,952.0
20260930,000000,26W,46,2026,9,30,0,24.3,144.20000000000002,95400.0,2026-09-30,2026-09-30,954.0
20260930,000000,26W,46,2026,9,30,0,25.7,144.0,95500.0,2026-09-30,2026-09-30,955.0
20260930,000000,26W,46,2026,9,30,0,26.900000000000002,144.0,95700.0,2026-09-30,2026-09-30,957.0
20260930,000000,26W,46,2026,9,30,0,28.5,144.0,95800.0,2026-09-30,2026-09-30,958.0
20260930,000000,26W,46,2026,9,30,0,30.5,144.20000000000002,96100.0,2026-09-30,2026-09-30,961.0
20260930,000000,26W,46,2026,9,30,0,31.900000000000002,145.6,96500.0,2026-09-30,2026-09-30,965.0
20260930,000000,26W,46,2026,9,30,0,34.5,147.0,97000.0,2026-09-30,2026-09-30,970.0
20260930,000000,26W,46,2026,9,30,0,37.0,149.6,97800.0,2026-09-30,2026-09-30,978.0
20260930,000000,26W,46,2026,9,30,0,40.1,153.0,98000.0,2026-09-30,2026-09-30,980.0
20260930,000000,26W,46,2026,9,30,0,43.2,156.9,98100.0,2026-09-30,2026-09-30,981.0
20260930,000000,26W,47,2026,9,30,0,16.1,150.70000000000002,100000.0,2026-09-30,2026-09-30,1000.0
20260930,000000,26W,47,2026,9,30,0,16.1,150.4,100000.0,2026-09-30,2026-09-30,1000.0
20260930,000000,26W,47,2026,9,30,0,17.0,148.70000000000002,99800.0,2026-09-30,2026-09-30,998.0
20260930,000000,26W,47,2026,9,30,0,16.7,148.20000000000002,99900.0,2026-09-30,2026-09-30,999.0
20260930,000000,26W,47,2026,9,30,0,16.7,147.3,99600.0,2026-09-30,2026-09-30,996.0
20260930,000000,26W,47,2026,9,30,0,17.3,146.8,99800.0,2026-09-30,2026-09-30,998.0
20260930,000000,26W,47,2026,9,30,0,17.400000000000002,147.0,99300.0,2026-09-30,2026-09-30,993.0
20260930,000000,26W,47,2026,9,30,0,18.400000000000002,145.9,99300.0,2026-09-30,2026-09-30,993.0
20260930,000000,26W,47,2026,9,30,0,18.3,145.6,98700.0,2026-09-30,2026-09-30,987.0
20260930,000000,26W,47,2026,9,30,0,18.5,146.0,98500.0,2026-09-30,2026-09-30,985.0
20260930,000000,26W,47,2026,9,30,0,19.5,146.20000000000002,98000.0,2026-09-30,2026-09-30,980.0
20260930,000000,26W,47,2026,9,30,0,20.1,145.9,97700.0,2026-09-30,2026-09-30,977.0
20260930,000000,26W,47,2026,9,30,0,20.7,145.4,96900.0,2026-09-30,2026-09-30,969.0
20260930,000000,26W,47,2026,9,30,0,21.2,145.6,96700.0,2026-09-30,2026-09-30,967.0
20260930,000000,26W,47,2026,9,30,0,22.1,145.6,96200.0,2026-09-30,2026-09-30,962.0
20260930,000000,26W,47,2026,9,30,0,22.6,145.4,96200.0,2026-09-30,2026-09-30,962.0
20260930,000000,26W,47,2026,9,30,0,23.5,145.4,95900.0,2026-09-30,2026-09-30,959.0
20260930,000000,26W,47,2026,9,30,0,24.3,145.1,95800.0,2026-09-30,2026-09-30,958.0
20260930,000000,26W,47,2026,9,30,0,25.400000000000002,145.1,95200.0,2026-09-30,2026-09-30,952.0
20260930,000000,26W,47,2026,9,30,0,26.6,144.8,95100.0,2026-09-30,2026-09-30,951.0
20260930,000000,26W,47,2026,9,30,0,28.0,144.5,95300.0,2026-09-30,2026-09-30,953.0
20260930,000000,26W,47,2026,9,30,0,29.400000000000002,144.8,95300.0,2026-09-30,2026-09-30,953.0
20260930,000000,26W,47,2026,9,30,0,30.8,145.1,95700.0,2026-09-30,2026-09-30,957.0
20260930,000000,26W,47,2026,9,30,0,33.0,146.5,96100.0,2026-09-30,2026-09-30,961.0
20260930,000000,26W,47,2026,9,30,0,35.9,148.6,96500.0,2026-09-30,2026-09-30,965.0
20260930,000000,26W,47,2026,9,30,0,39.5,151.5,96900.0,2026-09-30,2026-09-30,969.0
20260930,000000,26W,47,2026,9,30,0,44.300000000000004,156.0,96900.0,2026-09-30,2026-09-30,969.0
20260930,000000,26W,48,2026,9,30,0,17.0,150.70000000000002,100200.0,2026-09-30,2026-09-30,1002.0
20260930,000000,26W,48,2026,9,30,0,17.0,149.6,100400.0,2026-09-30,2026-09-30,1004.0
20260930,000000,26W,48,2026,9,30,0,16.4,147.3,100200.0,2026-09-30,2026-09-30,1002.0
20260930,000000,26W,48,2026,9,30,0,16.4,147.0,100200.0,2026-09-30,2026-09-30,1002.0
20260930,000000,26W,48,2026,9,30,0,16.1,145.9,99700.0,2026-09-30,2026-09-30,997.0
20260930,000000,26W,48,2026,9,30,0,16.1,145.9,99600.0,2026-09-30,2026-09-30,996.0
20260930,000000,26W,48,2026,9,30,0,16.7,145.1,99400.0,2026-09-30,2026-09-30,994.0
20260930,000000,26W,48,2026,9,30,0,16.4,144.6,99400.0,2026-09-30,2026-09-30,994.0
20260930,000000,26W,48,2026,9,30,0,16.4,144.0,98700.0,2026-09-30,2026-09-30,987.0
20260930,000000,26W,48,2026,9,30,0,17.0,144.0,98800.0,2026-09-30,2026-09-30,988.0
20260930,000000,26W,48,2026,9,30,0,17.3,144.0,97900.0,2026-09-30,2026-09-30,979.0
20260930,000000,26W,48,2026,9,30,0,17.6,144.0,97800.0,2026-09-30,2026-09-30,978.0
20260930,000000,26W,48,2026,9,30,0,17.8,144.20000000000002,97000.0,2026-09-30,2026-09-30,970.0
20260930,000000,26W,48,2026,9,30,0,18.1,144.20000000000002,96600.0,2026-09-30,2026-09-30,966.0
20260930,000000,26W,48,2026,9,30,0,18.7,144.20000000000002,96100.0,2026-09-30,2026-09-30,961.0
20260930,000000,26W,48,2026,9,30,0,19.5,144.5,95700.0,2026-09-30,2026-09-30,957.0
20260930,000000,26W,48,2026,9,30,0,19.8,144.20000000000002,95300.0,2026-09-30,2026-09-30,953.0
20260930,000000,26W,48,2026,9,30,0,20.400000000000002,144.20000000000002,94700.0,2026-09-30,2026-09-30,947.0
20260930,000000,26W,48,2026,9,30,0,20.900000000000002,143.70000000000002,95200.0,2026-09-30,2026-09-30,952.0
20260930,000000,26W,48,2026,9,30,0,21.5,143.4,94500.0,2026-09-30,2026-09-30,945.0
20260930,000000,26W,48,2026,9,30,0,22.3,142.8,95300.0,2026-09-30,2026-09-30,953.0
20260930,000000,26W,48,2026,9,30,0,23.5,142.5,95500.0,2026-09-30,2026-09-30,955.0
20260930,000000,26W,48,2026,9,30,0,24.3,142.3,95000.0,2026-09-30,2026-09-30,950.0
20260930,000000,26W,48,2026,9,30,0,25.2,142.0,94800.0,2026-09-30,2026-09-30,948.0
20260930,000000,26W,48,2026,9,30,0,26.3,141.70000000000002,94800.0,2026-09-30,2026-09-30,948.0
20260930,000000,26W,48,2026,9,30,0,27.400000000000002,141.4,94400.0,2026-09-30,2026-09-30,944.0
20260930,000000,26W,48,2026,9,30,0,28.3,141.70000000000002,94300.0,2026-09-30,2026-09-30,943.0
20260930,000000,26W,48,2026,9,30,0,29.1,141.4,94700.0,2026-09-30,2026-09-30,947.0
20260930,000000,26W,48,2026,9,30,0,30.2,141.70000000000002,95200.0,2026-09-30,2026-09-30,952.0
20260930,000000,26W,48,2026,9,30,0,31.1,141.4,95400.0,2026-09-30,2026-09-30,954.0
20260930,000000,26W,48,2026,9,30,0,32.8,142.0,95800.0,2026-09-30,2026-09-30,958.0
20260930,000000,26W,48,2026,9,30,0,34.5,142.5,96700.0,2026-09-30,2026-09-30,967.0
20260930,000000,26W,48,2026,9,30,0,36.1,143.70000000000002,97000.0,2026-09-30,2026-09-30,970.0
20260930,000000,26W,48,2026,9,30,0,38.4,144.5,97100.0,2026-09-30,2026-09-30,971.0
20260930,000000,26W,48,2026,9,30,0,40.9,146.8,97400.0,2026-09-30,2026-09-30,974.0
20260930,000000,26W,48,2026,9,30,0,43.7,148.70000000000002,97600.0,2026-09-30,2026-09-30,976.0
20260930,000000,26W,49,2026,9,30,0,16.4,151.3,100200.0,2026-09-30,2026-09-30,1002.0
20260930,000000,26W,49,2026,9,30,0,16.4,149.9,100400.0,2026-09-30,2026-09-30,1004.0
20260930,000000,26W,49,2026,9,30,0,16.4,146.5,100100.0,2026-09-30,2026-09-30,1001.0
20260930,000000,26W,49,2026,9,30,0,16.5,146.9,100200.0,2026-09-30,2026-09-30,1002.0
20260930,000000,26W,49,2026,9,30,0,16.4,146.20000000000002,99700.0,2026-09-30,2026-09-30,997.0
20260930,000000,26W,49,2026,9,30,0,16.7,145.9,99900.0,2026-09-30,2026-09-30,999.0
20260930,000000,26W,49,2026,9,30,0,17.6,144.8,99400.0,2026-09-30,2026-09-30,994.0
20260930,000000,26W,49,2026,9,30,0,17.0,144.20000000000002,99500.0,2026-09-30,2026-09-30,995.0
20260930,000000,26W,49,2026,9,30,0,17.8,143.6,99000.0,2026-09-30,2026-09-30,990.0
20260930,000000,26W,49,2026,9,30,0,17.900000000000002,143.20000000000002,99000.0,2026-09-30,2026-09-30,990.0
20260930,000000,26W,49,2026,9,30,0,17.8,143.1,98300.0,2026-09-30,2026-09-30,983.0
20260930,000000,26W,49,2026,9,30,0,18.400000000000002,142.8,98100.0,2026-09-30,2026-09-30,981.0
20260930,000000,26W,49,2026,9,30,0,18.400000000000002,143.1,97300.0,2026-09-30,2026-09-30,973.0
20260930,000000,26W,49,2026,9,30,0,19.0,143.4,97300.0,2026-09-30,2026-09-30,973.0
20260930,000000,26W,49,2026,9,30,0,19.5,143.1,96500.0,2026-09-30,2026-09-30,965.0
20260930,000000,26W,49,2026,9,30,0,19.8,143.4,96200.0,2026-09-30,2026-09-30,962.0
20260930,000000,26W,49,2026,9,30,0,20.7,143.1,96000.0,2026-09-30,2026-09-30,960.0
20260930,000000,26W,49,2026,9,30,0,21.2,143.1,95900.0,2026-09-30,2026-09-30,959.0
20260930,000000,26W,49,2026,9,30,0,21.8,143.1,95600.0,2026-09-30,2026-09-30,956.0
20260930,000000,26W,49,2026,9,30,0,22.900000000000002,143.1,95600.0,2026-09-30,2026-09-30,956.0
20260930,000000,26W,49,2026,9,30,0,24.0,143.1,95600.0,2026-09-30,2026-09-30,956.0
20260930,000000,26W,49,2026,9,30,0,25.400000000000002,143.1,95500.0,2026-09-30,2026-09-30,955.0
20260930,000000,26W,49,2026,9,30,0,26.3,143.1,94900.0,2026-09-30,2026-09-30,949.0
20260930,000000,26W,49,2026,9,30,0,28.0,143.4,95400.0,2026-09-30,2026-09-30,954.0
20260930,000000,26W,49,2026,9,30,0,29.1,143.70000000000002,95500.0,2026-09-30,2026-09-30,955.0
20260930,000000,26W,49,2026,9,30,0,31.1,144.8,96200.0,2026-09-30,2026-09-30,962.0
20260930,000000,26W,49,2026,9,30,0,33.3,145.4,96500.0,2026-09-30,2026-09-30,965.0
20260930,000000,26W,49,2026,9,30,0,36.4,146.8,96600.0,2026-09-30,2026-09-30,966.0
20260930,000000,26W,49,2026,9,30,0,40.0,149.3,96900.0,2026-09-30,2026-09-30,969.0
20260930,000000,26W,49,2026,9,30,0,44.0,152.70000000000002,97000.0,2026-09-30,2026-09-30,970.0
20260930,000000,26W,49,2026,9,30,0,49.1,158.3,96800.0,2026-09-30,2026-09-30,968.0
20260930,000000,26W,49,2026,9,30,0,48.9,161.20000000000002,96800.0,2026-09-30,2026-09-30,968.0
20260930,000000,26W,50,2026,9,30,0,16.7,150.1,100300.0,2026-09-30,2026-09-30,1003.0
20260930,000000,26W,50,2026,9,30,0,16.7,149.9,100400.0,2026-09-30,2026-09-30,1004.0
20260930,000000,26W,50,2026,9,30,0,17.0,147.3,100100.0,2026-09-30,2026-09-30,1001.0
20260930,000000,26W,50,2026,9,30,0,17.3,147.0,100200.0,2026-09-30,2026-09-30,1002.0
20260930,000000,26W,50,2026,9,30,0,18.1,145.9,99900.0,2026-09-30,2026-09-30,999.0
20260930,000000,26W,50,2026,9,30,0,17.6,144.8,100200.0,2026-09-30,2026-09-30,1002.0
20260930,000000,26W,50,2026,9,30,0,17.0,144.20000000000002,99700.0,2026-09-30,2026-09-30,997.0
20260930,000000,26W,50,2026,9,30,0,17.3,143.8,99800.0,2026-09-30,2026-09-30,998.0
20260930,000000,26W,50,2026,9,30,0,17.3,143.70000000000002,99300.0,2026-09-30,2026-09-30,993.0
20260930,000000,26W,50,2026,9,30,0,17.6,143.1,99400.0,2026-09-30,2026-09-30,994.0
20260930,000000,26W,50,2026,9,30,0,17.3,143.20000000000002,98900.0,2026-09-30,2026-09-30,989.0
20260930,000000,26W,50,2026,9,30,0,17.6,143.70000000000002,98800.0,2026-09-30,2026-09-30,988.0
20260930,000000,26W,50,2026,9,30,0,18.3,144.4,98400.0,2026-09-30,2026-09-30,984.0
20260930,000000,26W,50,2026,9,30,0,19.3,145.6,98200.0,2026-09-30,2026-09-30,982.0
20260930,000000,26W,50,2026,9,30,0,20.1,145.9,97700.0,2026-09-30,2026-09-30,977.0
20260930,000000,26W,50,2026,9,30,0,21.5,146.5,97500.0,2026-09-30,2026-09-30,975.0
20260930,000000,26W,50,2026,9,30,0,22.3,146.5,97000.0,2026-09-30,2026-09-30,970.0
20260930,000000,26W,50,2026,9,30,0,23.8,146.20000000000002,97100.0,2026-09-30,2026-09-30,971.0
20260930,000000,26W,50,2026,9,30,0,24.6,145.6,96700.0,2026-09-30,2026-09-30,967.0
20260930,000000,26W,50,2026,9,30,0,25.2,145.1,96700.0,2026-09-30,2026-09-30,967.0
20260930,000000,26W,50,2026,9,30,0,26.3,145.1,96700.0,2026-09-30,2026-09-30,967.0
20260930,000000,26W,50,2026,9,30,0,27.1,145.1,97000.0,2026-09-30,2026-09-30,970.0
20260930,000000,26W,50,2026,9,30,0,28.5,145.4,97000.0,2026-09-30,2026-09-30,970.0
20260930,000000,26W,50,2026,9,30,0,30.2,146.20000000000002,97600.0,2026-09-30,2026-09-30,976.0
20260930,000000,26W,50,2026,9,30,0,32.8,147.0,97800.0,2026-09-30,2026-09-30,978.0
20260930,000000,26W,50,2026,9,30,0,34.5,148.5,98500.0,2026-09-30,2026-09-30,985.0
20260930,000000,26W,50,2026,9,30,0,37.300000000000004,150.4,98800.0,2026-09-30,2026-09-30,988.0
20260930,000000,26W,50,2026,9,30,0,39.2,153.5,98900.0,2026-09-30,2026-09-30,989.0
20260930,000000,26W,50,2026,9,30,0,41.800000000000004,158.9,99200.0,2026-09-30,2026-09-30,992.0
20260930,000000,26W,51,2026,9,30,0,16.1,151.3,100100.0,2026-09-30,2026-09-30,1001.0
20260930,000000,26W,51,2026,9,30,0,16.7,149.9,100200.0,2026-09-30,2026-09-30,1002.0
20260930,000000,26W,51,2026,9,30,0,17.0,148.70000000000002,99800.0,2026-09-30,2026-09-30,998.0
20260930,000000,26W,51,2026,9,30,0,16.4,147.9,99800.0,2026-09-30,2026-09-30,998.0
20260930,000000,26W,51,2026,9,30,0,16.7,147.3,99400.0,2026-09-30,2026-09-30,994.0
20260930,000000,26W,51,2026,9,30,0,17.0,146.20000000000002,99700.0,2026-09-30,2026-09-30,997.0
20260930,000000,26W,51,2026,9,30,0,17.0,145.6,99200.0,2026-09-30,2026-09-30,992.0
20260930,000000,26W,51,2026,9,30,0,17.0,145.1,99100.0,2026-09-30,2026-09-30,991.0
20260930,000000,26W,51,2026,9,30,0,17.0,144.8,98500.0,2026-09-30,2026-09-30,985.0
20260930,000000,26W,51,2026,9,30,0,17.6,144.5,98100.0,2026-09-30,2026-09-30,981.0
20260930,000000,26W,51,2026,9,30,0,18.1,144.8,97400.0,2026-09-30,2026-09-30,974.0
20260930,000000,26W,51,2026,9,30,0,18.400000000000002,145.1,96900.0,2026-09-30,2026-09-30,969.0
20260930,000000,26W,51,2026,9,30,0,19.0,145.6,96600.0,2026-09-30,2026-09-30,966.0
20260930,000000,26W,51,2026,9,30,0,19.8,146.20000000000002,96200.0,2026-09-30,2026-09-30,962.0
20260930,000000,26W,51,2026,9,30,0,20.1,146.5,95400.0,2026-09-30,2026-09-30,954.0
20260930,000000,26W,51,2026,9,30,0,20.7,146.8,95400.0,2026-09-30,2026-09-30,954.0
20260930,000000,26W,51,2026,9,30,0,21.5,147.0,95700.0,2026-09-30,2026-09-30,957.0
20260930,000000,26W,51,2026,9,30,0,22.1,147.3,95600.0,2026-09-30,2026-09-30,956.0
20260930,000000,26W,51,2026,9,30,0,23.5,147.0,95600.0,2026-09-30,2026-09-30,956.0
20260930,000000,26W,51,2026,9,30,0,24.6,147.0,95400.0,2026-09-30,2026-09-30,954.0
20260930,000000,26W,51,2026,9,30,0,26.3,146.8,95700.0,2026-09-30,2026-09-30,957.0
20260930,000000,26W,51,2026,9,30,0,27.1,146.8,95600.0,2026-09-30,2026-09-30,956.0
20260930,000000,26W,51,2026,9,30,0,29.1,146.8,96000.0,2026-09-30,2026-09-30,960.0
20260930,000000,26W,51,2026,9,30,0,30.8,147.0,96100.0,2026-09-30,2026-09-30,961.0
20260930,000000,26W,51,2026,9,30,0,33.3,147.9,96400.0,2026-09-30,2026-09-30,964.0
20260930,000000,26W,51,2026,9,30,0,36.1,149.6,97100.0,2026-09-30,2026-09-30,971.0
20260930,000000,26W,51,2026,9,30,0,39.5,152.70000000000002,97600.0,2026-09-30,2026-09-30,976.0
20260930,000000,26W,51,2026,9,30,0,43.5,156.5,97400.0,2026-09-30,2026-09-30,974.0
20260930,000000,26W,51,2026,9,30,0,48.300000000000004,161.70000000000002,97700.0,2026-09-30,2026-09-30,977.0
20260930,000000,26W,52,2026,9,30,0,16.7,151.3,100100.0,2026-09-30,2026-09-30,1001.0
20260930,000000,26W,52,2026,9,30,0,17.0,150.4,100300.0,2026-09-30,2026-09-30,1003.0
20260930,000000,26W,52,2026,9,30,0,16.7,148.5,100000.0,2026-09-30,2026-09-30,1000.0
20260930,000000,26W,52,2026,9,30,0,16.7,147.3,100100.0,2026-09-30,2026-09-30,1001.0
20260930,000000,26W,52,2026,9,30,0,16.7,146.5,99700.0,2026-09-30,2026-09-30,997.0
20260930,000000,26W,52,2026,9,30,0,17.0,145.6,99800.0,2026-09-30,2026-09-30,998.0
20260930,000000,26W,52,2026,9,30,0,16.7,144.8,99400.0,2026-09-30,2026-09-30,994.0
20260930,000000,26W,52,2026,9,30,0,17.0,144.20000000000002,99400.0,2026-09-30,2026-09-30,994.0
20260930,000000,26W,52,2026,9,30,0,17.3,144.0,98900.0,2026-09-30,2026-09-30,989.0
20260930,000000,26W,52,2026,9,30,0,17.6,144.0,98900.0,2026-09-30,2026-09-30,989.0
20260930,000000,26W,52,2026,9,30,0,17.8,144.20000000000002,98400.0,2026-09-30,2026-09-30,984.0
20260930,000000,26W,52,2026,9,30,0,18.1,144.5,98300.0,2026-09-30,2026-09-30,983.0
20260930,000000,26W,52,2026,9,30,0,18.7,144.8,97700.0,2026-09-30,2026-09-30,977.0
20260930,000000,26W,52,2026,9,30,0,19.5,145.4,97500.0,2026-09-30,2026-09-30,975.0
20260930,000000,26W,52,2026,9,30,0,20.400000000000002,145.9,97100.0,2026-09-30,2026-09-30,971.0
20260930,000000,26W,52,2026,9,30,0,20.900000000000002,146.20000000000002,97100.0,2026-09-30,2026-09-30,971.0
20260930,000000,26W,52,2026,9,30,0,21.8,146.20000000000002,96600.0,2026-09-30,2026-09-30,966.0
20260930,000000,26W,52,2026,9,30,0,22.3,146.20000000000002,96400.0,2026-09-30,2026-09-30,964.0
20260930,000000,26W,52,2026,9,30,0,23.2,145.9,96100.0,2026-09-30,2026-09-30,961.0
20260930,000000,26W,52,2026,9,30,0,24.3,145.6,96200.0,2026-09-30,2026-09-30,962.0
20260930,000000,26W,52,2026,9,30,0,25.400000000000002,145.4,96000.0,2026-09-30,2026-09-30,960.0
20260930,000000,26W,52,2026,9,30,0,26.6,145.1,96200.0,2026-09-30,2026-09-30,962.0
20260930,000000,26W,52,2026,9,30,0,28.0,145.1,96200.0,2026-09-30,2026-09-30,962.0
20260930,000000,26W,52,2026,9,30,0,29.7,145.4,96700.0,2026-09-30,2026-09-30,967.0
20260930,000000,26W,52,2026,9,30,0,31.6,145.9,96800.0,2026-09-30,2026-09-30,968.0
20260930,000000,26W,52,2026,9,30,0,33.6,147.0,97200.0,2026-09-30,2026-09-30,972.0
20260930,000000,26W,52,2026,9,30,0,35.9,148.70000000000002,97300.0,2026-09-30,2026-09-30,973.0
20260930,000000,26W,52,2026,9,30,0,38.5,151.1,97600.0,2026-09-30,2026-09-30,976.0
20260930,000000,26W,52,2026,9,30,0,41.2,154.9,97600.0,2026-09-30,2026-09-30,976.0
20260930,000000,26W,52,2026,9,30,0,44.0,159.70000000000002,97800.0,2026-09-30,2026-09-30,978.0
20260930,000000,26W,52,2026,9,30,0,46.2,166.0,98000.0,2026-09-30,2026-09-30,980.0
20260930,000000,32W,1,2026,9,30,0,30.8,138.1,100200.0,2026-09-30,2026-09-30,1002.0
20260930,000000,32W,1,2026,9,30,0,32.2,138.9,100300.0,2026-09-30,2026-09-30,1003.0
20260930,000000,32W,2,2026,9,30,0,31.400000000000002,138.3,100400.0,2026-09-30,2026-09-30,1004.0
20260930,000000,32W,2,2026,9,30,0,31.900000000000002,139.20000000000002,100500.0,2026-09-30,2026-09-30,1005.0
20260930,000000,32W,2,2026,9,30,0,32.0,139.5,100500.0,2026-09-30,2026-09-30,1005.0
20260930,000000,32W,2,2026,9,30,0,32.2,140.6,100700.0,2026-09-30,2026-09-30,1007.0
20260930,000000,32W,3,2026,9,30,0,31.6,138.0,100100.0,2026-09-30,2026-09-30,1001.0
20260930,000000,32W,3,2026,9,30,0,31.6,138.9,100300.0,2026-09-30,2026-09-30,1003.0
20260930,000000,32W,3,2026,9,30,0,32.1,139.5,100400.0,2026-09-30,2026-09-30,1004.0
20260930,000000,32W,3,2026,9,30,0,32.8,140.6,100700.0,2026-09-30,2026-09-30,1007.0
20260930,000000,32W,4,2026,9,30,0,30.8,139.20000000000002,100100.0,2026-09-30,2026-09-30,1001.0
20260930,000000,32W,4,2026,9,30,0,32.5,140.6,100300.0,2026-09-30,2026-09-30,1003.0
20260930,000000,32W,4,2026,9,30,0,33.6,141.70000000000002,100400.0,2026-09-30,2026-09-30,1004.0
20260930,000000,32W,4,2026,9,30,0,34.5,143.1,100300.0,2026-09-30,2026-09-30,1003.0
20260930,000000,32W,5,2026,9,30,0,31.1,137.8,100100.0,2026-09-30,2026-09-30,1001.0
20260930,000000,32W,5,2026,9,30,0,31.900000000000002,138.6,100400.0,2026-09-30,2026-09-30,1004.0
20260930,000000,32W,5,2026,9,30,0,32.5,139.5,100400.0,2026-09-30,2026-09-30,1004.0
20260930,000000,32W,5,2026,9,30,0,33.0,140.9,100600.0,2026-09-30,2026-09-30,1006.0
20260930,000000,32W,6,2026,9,30,0,31.6,138.9,100100.0,2026-09-30,2026-09-30,1001.0
20260930,000000,32W,6,2026,9,30,0,32.5,139.5,100300.0,2026-09-30,2026-09-30,1003.0
20260930,000000,32W,6,2026,9,30,0,33.3,140.0,100200.0,2026-09-30,2026-09-30,1002.0
20260930,000000,32W,7,2026,9,30,0,30.8,138.0,100000.0,2026-09-30,2026-09-30,1000.0
20260930,000000,32W,7,2026,9,30,0,31.400000000000002,138.0,100300.0,2026-09-30,2026-09-30,1003.0
20260930,000000,32W,7,2026,9,30,0,32.8,139.20000000000002,100200.0,2026-09-30,2026-09-30,1002.0
20260930,000000,32W,7,2026,9,30,0,32.8,140.0,100400.0,2026-09-30,2026-09-30,1004.0
20260930,000000,32W,7,2026,9,30,0,33.9,141.1,100300.0,2026-09-30,2026-09-30,1003.0
20260930,000000,32W,8,2026,9,30,0,31.1,138.6,100300.0,2026-09-30,2026-09-30,1003.0
20260930,000000,32W,8,2026,9,30,0,32.8,139.5,100300.0,2026-09-30,2026-09-30,1003.0
20260930,000000,32W,8,2026,9,30,0,33.6,139.70000000000002,100300.0,2026-09-30,2026-09-30,1003.0
20260930,000000,32W,10,2026,9,30,0,31.1,137.8,100200.0,2026-09-30,2026-09-30,1002.0
20260930,000000,32W,10,2026,9,30,0,32.2,139.20000000000002,100400.0,2026-09-30,2026-09-30,1004.0
20260930,000000,32W,10,2026,9,30,0,32.8,140.0,100400.0,2026-09-30,2026-09-30,1004.0
20260930,000000,32W,10,2026,9,30,0,34.2,141.70000000000002,100400.0,2026-09-30,2026-09-30,1004.0
20260930,000000,32W,10,2026,9,30,0,35.300000000000004,143.70000000000002,100300.0,2026-09-30,2026-09-30,1003.0
20260930,000000,32W,10,2026,9,30,0,37.0,146.8,100100.0,2026-09-30,2026-09-30,1001.0
20260930,000000,32W,11,2026,9,30,0,31.1,137.8,100100.0,2026-09-30,2026-09-30,1001.0
20260930,000000,32W,11,2026,9,30,0,31.900000000000002,138.6,100100.0,2026-09-30,2026-09-30,1001.0
20260930,000000,32W,11,2026,9,30,0,31.900000000000002,138.6,100100.0,2026-09-30,2026-09-30,1001.0
20260930,000000,32W,12,2026,9,30,0,31.1,138.3,100300.0,2026-09-30,2026-09-30,1003.0
20260930,000000,32W,12,2026,9,30,0,32.2,139.5,100300.0,2026-09-30,2026-09-30,1003.0
20260930,000000,32W,12,2026,9,30,0,32.8,139.70000000000002,100200.0,2026-09-30,2026-09-30,1002.0
20260930,000000,32W,12,2026,9,30,0,33.6,141.4,100500.0,2026-09-30,2026-09-30,1005.0
20260930,000000,32W,12,2026,9,30,0,34.7,143.4,100200.0,2026-09-30,2026-09-30,1002.0
20260930,000000,32W,12,2026,9,30,0,36.4,146.5,100100.0,2026-09-30,2026-09-30,1001.0
20260930,000000,32W,12,2026,9,30,0,38.7,150.1,99700.0,2026-09-30,2026-09-30,997.0
20260930,000000,32W,12,2026,9,30,0,40.7,154.1,99400.0,2026-09-30,2026-09-30,994.0
20260930,000000,32W,13,2026,9,30,0,31.6,138.0,99900.0,2026-09-30,2026-09-30,999.0
20260930,000000,32W,13,2026,9,30,0,31.900000000000002,138.9,100400.0,2026-09-30,2026-09-30,1004.0
20260930,000000,32W,13,2026,9,30,0,32.5,140.0,100400.0,2026-09-30,2026-09-30,1004.0
20260930,000000,32W,13,2026,9,30,0,35.300000000000004,142.0,100500.0,2026-09-30,2026-09-30,1005.0
20260930,000000,32W,13,2026,9,30,0,36.1,143.1,100300.0,2026-09-30,2026-09-30,1003.0
20260930,000000,32W,13,2026,9,30,0,36.4,145.4,100500.0,2026-09-30,2026-09-30,1005.0
20260930,000000,32W,14,2026,9,30,0,30.8,138.3,100200.0,2026-09-30,2026-09-30,1002.0
20260930,000000,32W,14,2026,9,30,0,31.6,138.6,100400.0,2026-09-30,2026-09-30,1004.0
20260930,000000,32W,14,2026,9,30,0,32.2,138.9,100300.0,2026-09-30,2026-09-30,1003.0
20260930,000000,32W,14,2026,9,30,0,33.9,140.9,100300.0,2026-09-30,2026-09-30,1003.0
20260930,000000,32W,15,2026,9,30,0,31.900000000000002,138.0,100100.0,2026-09-30,2026-09-30,1001.0
20260930,000000,32W,15,2026,9,30,0,31.900000000000002,138.6,100400.0,2026-09-30,2026-09-30,1004.0
20260930,000000,32W,15,2026,9,30,0,32.5,139.70000000000002,100400.0,2026-09-30,2026-09-30,1004.0
20260930,000000,32W,15,2026,9,30,0,33.6,140.9,100500.0,2026-09-30,2026-09-30,1005.0
20260930,000000,32W,15,2026,9,30,0,34.5,142.0,100400.0,2026-09-30,2026-09-30,1004.0
20260930,000000,32W,16,2026,9,30,0,31.1,138.3,100200.0,2026-09-30,2026-09-30,1002.0
20260930,000000,32W,16,2026,9,30,0,31.900000000000002,139.20000000000002,100400.0,2026-09-30,2026-09-30,1004.0
20260930,000000,32W,16,2026,9,30,0,32.8,140.0,100300.0,2026-09-30,2026-09-30,1003.0
20260930,000000,32W,16,2026,9,30,0,35.6,143.1,100000.0,2026-09-30,2026-09-30,1000.0
20260930,000000,32W,17,2026,9,30,0,30.8,138.0,100100.0,2026-09-30,2026-09-30,1001.0
20260930,000000,32W,17,2026,9,30,0,31.6,138.6,100500.0,2026-09-30,2026-09-30,1005.0
20260930,000000,32W,17,2026,9,30,0,32.5,139.5,100300.0,2026-09-30,2026-09-30,1003.0
20260930,000000,32W,17,2026,9,30,0,33.9,140.6,100400.0,2026-09-30,2026-09-30,1004.0
20260930,000000,32W,17,2026,9,30,0,37.0,145.1,100400.0,2026-09-30,2026-09-30,1004.0
20260930,000000,32W,18,2026,9,30,0,31.1,138.0,100100.0,2026-09-30,2026-09-30,1001.0
20260930,000000,32W,18,2026,9,30,0,31.6,138.9,100300.0,2026-09-30,2026-09-30,1003.0
20260930,000000,32W,18,2026,9,30,0,32.2,139.5,100300.0,2026-09-30,2026-09-30,1003.0
20260930,000000,32W,19,2026,9,30,0,31.400000000000002,138.3,100200.0,2026-09-30,2026-09-30,1002.0
20260930,000000,32W,19,2026,9,30,0,32.2,139.20000000000002,100300.0,2026-09-30,2026-09-30,1003.0
20260930,000000,32W,19,2026,9,30,0,33.0,140.3,100400.0,2026-09-30,2026-09-30,1004.0
20260930,000000,32W,19,2026,9,30,0,34.2,141.1,100500.0,2026-09-30,2026-09-30,1005.0
20260930,000000,32W,20,2026,9,30,0,31.6,138.3,100100.0,2026-09-30,2026-09-30,1001.0
20260930,000000,32W,20,2026,9,30,0,32.2,138.9,100400.0,2026-09-30,2026-09-30,1004.0
20260930,000000,32W,21,2026,9,30,0,30.8,138.0,100300.0,2026-09-30,2026-09-30,1003.0
20260930,000000,32W,21,2026,9,30,0,31.400000000000002,138.6,100500.0,2026-09-30,2026-09-30,1005.0
20260930,000000,32W,21,2026,9,30,0,31.900000000000002,139.20000000000002,100400.0,2026-09-30,2026-09-30,1004.0
20260930,000000,32W,21,2026,9,30,0,32.8,140.3,100700.0,2026-09-30,2026-09-30,1007.0
20260930,000000,32W,22,2026,9,30,0,32.5,139.20000000000002,100500.0,2026-09-30,2026-09-30,1005.0
20260930,000000,32W,22,2026,9,30,0,32.8,139.8,100500.0,2026-09-30,2026-09-30,1005.0
20260930,000000,32W,23,2026,9,30,0,31.1,137.8,100200.0,2026-09-30,2026-09-30,1002.0
20260930,000000,32W,23,2026,9,30,0,31.6,138.6,100500.0,2026-09-30,2026-09-30,1005.0
20260930,000000,32W,23,2026,9,30,0,33.3,140.3,100500.0,2026-09-30,2026-09-30,1005.0
20260930,000000,32W,23,2026,9,30,0,34.5,141.8,100200.0,2026-09-30,2026-09-30,1002.0
20260930,000000,32W,23,2026,9,30,0,35.300000000000004,143.70000000000002,100500.0,2026-09-30,2026-09-30,1005.0
20260930,000000,32W,24,2026,9,30,0,31.1,138.0,100000.0,2026-09-30,2026-09-30,1000.0
20260930,000000,32W,24,2026,9,30,0,31.400000000000002,138.9,100500.0,2026-09-30,2026-09-30,1005.0
20260930,000000,32W,24,2026,9,30,0,31.900000000000002,139.5,100500.0,2026-09-30,2026-09-30,1005.0
20260930,000000,32W,25,2026,9,30,0,30.8,138.3,100200.0,2026-09-30,2026-09-30,1002.0
20260930,000000,32W,25,2026,9,30,0,31.900000000000002,138.9,100400.0,2026-09-30,2026-09-30,1004.0
20260930,000000,32W,25,2026,9,30,0,32.5,139.5,100300.0,2026-09-30,2026-09-30,1003.0
20260930,000000,32W,25,2026,9,30,0,33.6,140.6,100600.0,2026-09-30,2026-09-30,1006.0
20260930,000000,32W,25,2026,9,30,0,34.7,142.0,100300.0,2026-09-30,2026-09-30,1003.0
20260930,000000,32W,25,2026,9,30,0,37.6,145.9,100400.0,2026-09-30,2026-09-30,1004.0
20260930,000000,32W,25,2026,9,30,0,38.7,149.3,100000.0,2026-09-30,2026-09-30,1000.0
20260930,000000,32W,26,2026,9,30,0,31.0,138.3,100200.0,2026-09-30,2026-09-30,1002.0
20260930,000000,32W,26,2026,9,30,0,31.900000000000002,139.20000000000002,100400.0,2026-09-30,2026-09-30,1004.0
20260930,000000,32W,26,2026,9,30,0,33.3,140.3,100400.0,2026-09-30,2026-09-30,1004.0
20260930,000000,32W,26,2026,9,30,0,34.7,142.3,100200.0,2026-09-30,2026-09-30,1002.0
20260930,000000,32W,26,2026,9,30,0,36.1,144.5,100400.0,2026-09-30,2026-09-30,1004.0
20260930,000000,32W,26,2026,9,30,0,38.7,148.70000000000002,100000.0,2026-09-30,2026-09-30,1000.0
20260930,000000,32W,26,2026,9,30,0,40.7,154.1,99900.0,2026-09-30,2026-09-30,999.0
20260930,000000,32W,26,2026,9,30,0,42.1,158.3,99500.0,2026-09-30,2026-09-30,995.0
20260930,000000,32W,27,2026,9,30,0,30.8,137.8,100000.0,2026-09-30,2026-09-30,1000.0
20260930,000000,32W,27,2026,9,30,0,31.900000000000002,138.6,100400.0,2026-09-30,2026-09-30,1004.0
20260930,000000,32W,28,2026,9,30,0,31.1,138.0,100400.0,2026-09-30,2026-09-30,1004.0
20260930,000000,32W,28,2026,9,30,0,32.2,138.6,100300.0,2026-09-30,2026-09-30,1003.0
20260930,000000,32W,28,2026,9,30,0,32.5,139.5,100400.0,2026-09-30,2026-09-30,1004.0
20260930,000000,32W,28,2026,9,30,0,33.9,141.1,100400.0,2026-09-30,2026-09-30,1004.0
20260930,000000,32W,29,2026,9,30,0,30.5,138.3,100200.0,2026-09-30,2026-09-30,1002.0
20260930,000000,32W,29,2026,9,30,0,31.6,139.5,100400.0,2026-09-30,2026-09-30,1004.0
20260930,000000,32W,29,2026,9,30,0,32.5,139.5,100500.0,2026-09-30,2026-09-30,1005.0
20260930,000000,32W,30,2026,9,30,0,31.400000000000002,138.3,100100.0,2026-09-30,2026-09-30,1001.0
20260930,000000,32W,30,2026,9,30,0,31.8,138.8,100400.0,2026-09-30,2026-09-30,1004.0
20260930,000000,32W,30,2026,9,30,0,32.2,139.5,100300.0,2026-09-30,2026-09-30,1003.0
20260930,000000,32W,30,2026,9,30,0,32.8,140.3,100500.0,2026-09-30,2026-09-30,1005.0
20260930,000000,32W,31,2026,9,30,0,31.6,138.0,100100.0,2026-09-30,2026-09-30,1001.0
20260930,000000,32W,31,2026,9,30,0,31.900000000000002,138.9,100400.0,2026-09-30,2026-09-30,1004.0
20260930,000000,32W,31,2026,9,30,0,32.3,139.70000000000002,100400.0,2026-09-30,2026-09-30,1004.0
20260930,000000,32W,31,2026,9,30,0,34.5,141.4,100300.0,2026-09-30,2026-09-30,1003.0
20260930,000000,32W,31,2026,9,30,0,35.9,142.8,100000.0,2026-09-30,2026-09-30,1000.0
20260930,000000,32W,31,2026,9,30,0,37.0,145.4,100000.0,2026-09-30,2026-09-30,1000.0
20260930,000000,32W,31,2026,9,30,0,38.1,149.0,99800.0,2026-09-30,2026-09-30,998.0
20260930,000000,32W,31,2026,9,30,0,39.800000000000004,153.5,99700.0,2026-09-30,2026-09-30,997.0
20260930,000000,32W,32,2026,9,30,0,31.400000000000002,138.3,99800.0,2026-09-30,2026-09-30,998.0
20260930,000000,32W,32,2026,9,30,0,31.6,138.6,100100.0,2026-09-30,2026-09-30,1001.0
20260930,000000,32W,32,2026,9,30,0,32.5,139.5,100200.0,2026-09-30,2026-09-30,1002.0
20260930,000000,32W,32,2026,9,30,0,33.6,140.6,100300.0,2026-09-30,2026-09-30,1003.0
20260930,000000,32W,32,2026,9,30,0,34.5,142.3,100100.0,2026-09-30,2026-09-30,1001.0
20260930,000000,32W,32,2026,9,30,0,35.9,144.8,100300.0,2026-09-30,2026-09-30,1003.0
20260930,000000,32W,32,2026,9,30,0,38.7,149.9,100200.0,2026-09-30,2026-09-30,1002.0
20260930,000000,32W,33,2026,9,30,0,31.5,138.4,100300.0,2026-09-30,2026-09-30,1003.0
20260930,000000,32W,33,2026,9,30,0,32.5,139.70000000000002,100400.0,2026-09-30,2026-09-30,1004.0
20260930,000000,32W,33,2026,9,30,0,33.9,141.4,100000.0,2026-09-30,2026-09-30,1000.0
20260930,000000,32W,33,2026,9,30,0,34.7,142.5,100000.0,2026-09-30,2026-09-30,1000.0
20260930,000000,32W,33,2026,9,30,0,35.0,144.0,100000.0,2026-09-30,2026-09-30,1000.0
20260930,000000,32W,33,2026,9,30,0,36.4,146.5,100200.0,2026-09-30,2026-09-30,1002.0
20260930,000000,32W,33,2026,9,30,0,38.7,150.4,99800.0,2026-09-30,2026-09-30,998.0
20260930,000000,32W,33,2026,9,30,0,40.7,154.9,99600.0,2026-09-30,2026-09-30,996.0
20260930,000000,32W,34,2026,9,30,0,30.8,137.8,100000.0,2026-09-30,2026-09-30,1000.0
20260930,000000,32W,34,2026,9,30,0,31.400000000000002,138.3,100300.0,2026-09-30,2026-09-30,1003.0
20260930,000000,32W,34,2026,9,30,0,32.2,138.9,100300.0,2026-09-30,2026-09-30,1003.0
20260930,000000,32W,35,2026,9,30,0,31.1,138.0,100100.0,2026-09-30,2026-09-30,1001.0
20260930,000000,32W,35,2026,9,30,0,31.400000000000002,138.9,100400.0,2026-09-30,2026-09-30,1004.0
20260930,000000,32W,35,2026,9,30,0,32.2,139.5,100300.0,2026-09-30,2026-09-30,1003.0
20260930,000000,32W,35,2026,9,30,0,32.5,140.3,100700.0,2026-09-30,2026-09-30,1007.0
20260930,000000,32W,36,2026,9,30,0,31.400000000000002,138.3,100000.0,2026-09-30,2026-09-30,1000.0
20260930,000000,32W,36,2026,9,30,0,31.6,139.20000000000002,100400.0,2026-09-30,2026-09-30,1004.0
20260930,000000,32W,36,2026,9,30,0,32.5,140.0,100500.0,2026-09-30,2026-09-30,1005.0
20260930,000000,32W,37,2026,9,30,0,30.2,138.0,100000.0,2026-09-30,2026-09-30,1000.0
20260930,000000,32W,37,2026,9,30,0,30.8,138.6,100400.0,2026-09-30,2026-09-30,1004.0
20260930,000000,32W,37,2026,9,30,0,31.400000000000002,138.6,100400.0,2026-09-30,2026-09-30,1004.0
20260930,000000,32W,37,2026,9,30,0,31.900000000000002,139.20000000000002,100500.0,2026-09-30,2026-09-30,1005.0
20260930,000000,32W,37,2026,9,30,0,31.900000000000002,140.0,100400.0,2026-09-30,2026-09-30,1004.0
20260930,000000,32W,37,2026,9,30,0,33.6,142.8,100500.0,2026-09-30,2026-09-30,1005.0
20260930,000000,32W,37,2026,9,30,0,34.2,145.1,100700.0,2026-09-30,2026-09-30,1007.0
20260930,000000,32W,38,2026,9,30,0,30.5,137.8,99900.0,2026-09-30,2026-09-30,999.0
20260930,000000,32W,38,2026,9,30,0,31.1,138.6,100200.0,2026-09-30,2026-09-30,1002.0
20260930,000000,32W,38,2026,9,30,0,31.900000000000002,138.6,100000.0,2026-09-30,2026-09-30,1000.0
20260930,000000,32W,39,2026,9,30,0,31.400000000000002,138.6,99700.0,2026-09-30,2026-09-30,997.0
20260930,000000,32W,39,2026,9,30,0,31.6,139.5,100200.0,2026-09-30,2026-09-30,1002.0
20260930,000000,32W,39,2026,9,30,0,32.5,140.6,100200.0,2026-09-30,2026-09-30,1002.0
20260930,000000,32W,39,2026,9,30,0,33.9,142.0,100000.0,2026-09-30,2026-09-30,1000.0
20260930,000000,32W,39,2026,9,30,0,35.0,143.1,100000.0,2026-09-30,2026-09-30,1000.0
20260930,000000,32W,39,2026,9,30,0,36.7,145.4,100300.0,2026-09-30,2026-09-30,1003.0
20260930,000000,32W,39,2026,9,30,0,38.4,149.0,100000.0,2026-09-30,2026-09-30,1000.0
20260930,000000,32W,40,2026,9,30,0,31.1,137.8,99900.0,2026-09-30,2026-09-30,999.0
20260930,000000,32W,40,2026,9,30,0,31.6,138.3,100100.0,2026-09-30,2026-09-30,1001.0
20260930,000000,32W,40,2026,9,30,0,32.5,139.20000000000002,100200.0,2026-09-30,2026-09-30,1002.0
20260930,000000,32W,40,2026,9,30,0,33.9,140.6,100100.0,2026-09-30,2026-09-30,1001.0
20260930,000000,32W,40,2026,9,30,0,35.0,142.0,99900.0,2026-09-30,2026-09-30,999.0
20260930,000000,32W,40,2026,9,30,0,36.1,144.0,100300.0,2026-09-30,2026-09-30,1003.0
20260930,000000,32W,40,2026,9,30,0,38.7,148.5,99900.0,2026-09-30,2026-09-30,999.0
20260930,000000,32W,41,2026,9,30,0,31.400000000000002,138.3,100100.0,2026-09-30,2026-09-30,1001.0
20260930,000000,32W,41,2026,9,30,0,32.5,140.0,100400.0,2026-09-30,2026-09-30,1004.0
20260930,000000,32W,41,2026,9,30,0,33.6,141.4,100000.0,2026-09-30,2026-09-30,1000.0
20260930,000000,32W,41,2026,9,30,0,34.1,141.9,100200.0,2026-09-30,2026-09-30,1002.0
20260930,000000,32W,41,2026,9,30,0,34.7,143.4,100100.0,2026-09-30,2026-09-30,1001.0
20260930,000000,32W,42,2026,9,30,0,31.1,138.0,100200.0,2026-09-30,2026-09-30,1002.0
20260930,000000,32W,42,2026,9,30,0,31.400000000000002,138.6,100400.0,2026-09-30,2026-09-30,1004.0
20260930,000000,32W,42,2026,9,30,0,32.2,138.9,100300.0,2026-09-30,2026-09-30,1003.0
20260930,000000,32W,42,2026,9,30,0,32.8,139.70000000000002,100500.0,2026-09-30,2026-09-30,1005.0
20260930,000000,32W,43,2026,9,30,0,31.400000000000002,137.20000000000002,100200.0,2026-09-30,2026-09-30,1002.0
20260930,000000,32W,43,2026,9,30,0,31.900000000000002,137.8,100400.0,2026-09-30,2026-09-30,1004.0
20260930,000000,32W,43,2026,9,30,0,31.900000000000002,138.0,100400.0,2026-09-30,2026-09-30,1004.0
20260930,000000,32W,43,2026,9,30,0,32.5,139.20000000000002,100600.0,2026-09-30,2026-09-30,1006.0
20260930,000000,32W,44,2026,9,30,0,31.400000000000002,137.8,100200.0,2026-09-30,2026-09-30,1002.0
20260930,000000,32W,44,2026,9,30,0,31.6,138.3,100400.0,2026-09-30,2026-09-30,1004.0
20260930,000000,32W,44,2026,9,30,0,32.2,139.20000000000002,100400.0,2026-09-30,2026-09-30,1004.0
20260930,000000,32W,44,2026,9,30,0,33.8,141.1,100600.0,2026-09-30,2026-09-30,1006.0
20260930,000000,32W,45,2026,9,30,0,32.8,140.0,100500.0,2026-09-30,2026-09-30,1005.0
20260930,000000,32W,46,2026,9,30,0,30.6,137.6,100100.0,2026-09-30,2026-09-30,1001.0
20260930,000000,32W,46,2026,9,30,0,31.6,138.6,100600.0,2026-09-30,2026-09-30,1006.0
20260930,000000,32W,46,2026,9,30,0,31.900000000000002,138.6,100500.0,2026-09-30,2026-09-30,1005.0
20260930,000000,32W,47,2026,9,30,0,32.2,139.20000000000002,100500.0,2026-09-30,2026-09-30,1005.0
20260930,000000,32W,47,2026,9,30,0,32.8,139.5,100400.0,2026-09-30,2026-09-30,1004.0
20260930,000000,32W,47,2026,9,30,0,33.6,140.9,100500.0,2026-09-30,2026-09-30,1005.0
20260930,000000,32W,48,2026,9,30,0,31.6,138.0,100300.0,2026-09-30,2026-09-30,1003.0
20260930,000000,32W,48,2026,9,30,0,31.900000000000002,138.6,100600.0,2026-09-30,2026-09-30,1006.0
20260930,000000,32W,48,2026,9,30,0,34.5,140.9,100400.0,2026-09-30,2026-09-30,1004.0
20260930,000000,32W,49,2026,9,30,0,31.1,138.0,100100.0,2026-09-30,2026-09-30,1001.0
20260930,000000,32W,49,2026,9,30,0,31.6,138.6,100400.0,2026-09-30,2026-09-30,1004.0
20260930,000000,32W,50,2026,9,30,0,31.1,138.0,100200.0,2026-09-30,2026-09-30,1002.0
20260930,000000,32W,50,2026,9,30,0,31.400000000000002,138.6,100400.0,2026-09-30,2026-09-30,1004.0
20260930,000000,32W,50,2026,9,30,0,31.6,139.5,100400.0,2026-09-30,2026-09-30,1004.0
20260930,000000,32W,51,2026,9,30,0,30.8,138.0,100200.0,2026-09-30,2026-09-30,1002.0
20260930,000000,32W,51,2026,9,30,0,32.5,139.70000000000002,100500.0,2026-09-30,2026-09-30,1005.0
20260930,000000,32W,51,2026,9,30,0,33.0,139.20000000000002,100200.0,2026-09-30,2026-09-30,1002.0
20260930,000000,32W,51,2026,9,30,0,34.800000000000004,141.8,100400.0,2026-09-30,2026-09-30,1004.0
20260930,000000,32W,51,2026,9,30,0,36.4,144.8,100500.0,2026-09-30,2026-09-30,1005.0
20260930,000000,32W,52,2026,9,30,0,31.1,138.3,100200.0,2026-09-30,2026-09-30,1002.0
20260930,000000,32W,52,2026,9,30,0,31.900000000000002,138.9,100400.0,2026-09-30,2026-09-30,1004.0
20260930,000000,32W,52,2026,9,30,0,32.8,139.5,100400.0,2026-09-30,2026-09-30,1004.0
20260930,000000,70W,1,2026,9,30,0,30.8,138.1,100200.0,2026-09-30,2026-09-30,1002.0
20260930,000000,70W,1,2026,9,30,0,32.2,138.9,100300.0,2026-09-30,2026-09-30,1003.0
20260930,000000,70W,2,2026,9,30,0,31.400000000000002,138.3,100400.0,2026-09-30,2026-09-30,1004.0
20260930,000000,70W,2,2026,9,30,0,31.900000000000002,139.20000000000002,100500.0,2026-09-30,2026-09-30,1005.0
20260930,000000,70W,2,2026,9,30,0,32.0,139.5,100500.0,2026-09-30,2026-09-30,1005.0
20260930,000000,70W,2,2026,9,30,0,32.2,140.6,100700.0,2026-09-30,2026-09-30,1007.0
20260930,000000,70W,3,2026,9,30,0,31.6,138.0,100100.0,2026-09-30,2026-09-30,1001.0
20260930,000000,70W,3,2026,9,30,0,31.6,138.9,100300.0,2026-09-30,2026-09-30,1003.0
20260930,000000,70W,3,2026,9,30,0,32.1,139.5,100400.0,2026-09-30,2026-09-30,1004.0
20260930,000000,70W,3,2026,9,30,0,32.8,140.6,100700.0,2026-09-30,2026-09-30,1007.0
20260930,000000,70W,4,2026,9,30,0,30.8,139.20000000000002,100100.0,2026-09-30,2026-09-30,1001.0
20260930,000000,70W,4,2026,9,30,0,32.5,140.6,100300.0,2026-09-30,2026-09-30,1003.0
20260930,000000,70W,4,2026,9,30,0,33.6,141.70000000000002,100400.0,2026-09-30,2026-09-30,1004.0
20260930,000000,70W,4,2026,9,30,0,34.5,143.1,100300.0,2026-09-30,2026-09-30,1003.0
20260930,000000,70W,5,2026,9,30,0,31.1,137.8,100100.0,2026-09-30,2026-09-30,1001.0
20260930,000000,70W,5,2026,9,30,0,31.900000000000002,138.6,100400.0,2026-09-30,2026-09-30,1004.0
20260930,000000,70W,5,2026,9,30,0,32.5,139.5,100400.0,2026-09-30,2026-09-30,1004.0
20260930,000000,70W,5,2026,9,30,0,33.0,140.9,100600.0,2026-09-30,2026-09-30,1006.0
20260930,000000,70W,6,2026,9,30,0,31.6,138.9,100100.0,2026-09-30,2026-09-30,1001.0
20260930,000000,70W,6,2026,9,30,0,32.5,139.5,100300.0,2026-09-30,2026-09-30,1003.0
20260930,000000,70W,6,2026,9,30,0,33.3,140.0,100200.0,2026-09-30,2026-09-30,1002.0
20260930,000000,70W,7,2026,9,30,0,30.8,138.0,100000.0,2026-09-30,2026-09-30,1000.0
20260930,000000,70W,7,2026,9,30,0,31.400000000000002,138.0,100300.0,2026-09-30,2026-09-30,1003.0
20260930,000000,70W,7,2026,9,30,0,32.8,139.20000000000002,100200.0,2026-09-30,2026-09-30,1002.0
20260930,000000,70W,7,2026,9,30,0,32.8,140.0,100400.0,2026-09-30,2026-09-30,1004.0
20260930,000000,70W,7,2026,9,30,0,33.9,141.1,100300.0,2026-09-30,2026-09-30,1003.0
20260930,000000,70W,8,2026,9,30,0,31.1,138.6,100300.0,2026-09-30,2026-09-30,1003.0
20260930,000000,70W,8,2026,9,30,0,32.8,139.5,100300.0,2026-09-30,2026-09-30,1003.0
20260930,000000,70W,8,2026,9,30,0,33.6,139.70000000000002,100300.0,2026-09-30,2026-09-30,1003.0
20260930,000000,70W,9,2026,9,30,0,17.3,149.6,100300.0,2026-09-30,2026-09-30,1003.0
20260930,000000,70W,9,2026,9,30,0,17.0,148.70000000000002,100600.0,2026-09-30,2026-09-30,1006.0
20260930,000000,70W,9,2026,9,30,0,17.3,146.5,100000.0,2026-09-30,2026-09-30,1000.0
20260930,000000,70W,9,2026,9,30,0,17.3,145.9,100100.0,2026-09-30,2026-09-30,1001.0
20260930,000000,70W,9,2026,9,30,0,18.1,145.6,99700.0,2026-09-30,2026-09-30,997.0
20260930,000000,70W,9,2026,9,30,0,18.7,144.0,99900.0,2026-09-30,2026-09-30,999.0
20260930,000000,70W,9,2026,9,30,0,18.6,142.3,99400.0,2026-09-30,2026-09-30,994.0
20260930,000000,70W,9,2026,9,30,0,18.7,141.6,99300.0,2026-09-30,2026-09-30,993.0
20260930,000000,70W,9,2026,9,30,0,19.2,140.5,98700.0,2026-09-30,2026-09-30,987.0
20260930,000000,70W,9,2026,9,30,0,19.2,139.70000000000002,98600.0,2026-09-30,2026-09-30,986.0
20260930,000000,70W,9,2026,9,30,0,19.2,139.5,97600.0,2026-09-30,2026-09-30,976.0
20260930,000000,70W,9,2026,9,30,0,19.5,138.9,97000.0,2026-09-30,2026-09-30,970.0
20260930,000000,70W,9,2026,9,30,0,19.8,138.6,96400.0,2026-09-30,2026-09-30,964.0
20260930,000000,70W,9,2026,9,30,0,19.8,137.5,96300.0,2026-09-30,2026-09-30,963.0
20260930,000000,70W,9,2026,9,30,0,19.5,137.20000000000002,95300.0,2026-09-30,2026-09-30,953.0
20260930,000000,70W,9,2026,9,30,0,19.5,136.6,95500.0,2026-09-30,2026-09-30,955.0
20260930,000000,70W,9,2026,9,30,0,19.5,135.8,95100.0,2026-09-30,2026-09-30,951.0
20260930,000000,70W,9,2026,9,30,0,19.8,135.8,95300.0,2026-09-30,2026-09-30,953.0
20260930,000000,70W,9,2026,9,30,0,19.8,135.5,94500.0,2026-09-30,2026-09-30,945.0
20260930,000000,70W,9,2026,9,30,0,20.1,135.2,94200.0,2026-09-30,2026-09-30,942.0
20260930,000000,70W,9,2026,9,30,0,20.400000000000002,135.0,94600.0,2026-09-30,2026-09-30,946.0
20260930,000000,70W,9,2026,9,30,0,20.400000000000002,134.7,94700.0,2026-09-30,2026-09-30,947.0
20260930,000000,70W,9,2026,9,30,0,20.7,134.4,94800.0,2026-09-30,2026-09-30,948.0
20260930,000000,70W,9,2026,9,30,0,21.2,133.8,95300.0,2026-09-30,2026-09-30,953.0
20260930,000000,70W,9,2026,9,30,0,21.5,133.5,94900.0,2026-09-30,2026-09-30,949.0
20260930,000000,70W,9,2026,9,30,0,21.8,133.5,94900.0,2026-09-30,2026-09-30,949.0
20260930,000000,70W,9,2026,9,30,0,22.1,133.3,95500.0,2026-09-30,2026-09-30,955.0
20260930,000000,70W,9,2026,9,30,0,22.6,132.7,95800.0,2026-09-30,2026-09-30,958.0
20260930,000000,70W,9,2026,9,30,0,23.2,132.4,95400.0,2026-09-30,2026-09-30,954.0
20260930,000000,70W,9,2026,9,30,0,23.2,132.4,95500.0,2026-09-30,2026-09-30,955.0
20260930,000000,70W,9,2026,9,30,0,23.2,132.1,95400.0,2026-09-30,2026-09-30,954.0
20260930,000000,70W,9,2026,9,30,0,23.8,132.4,95700.0,2026-09-30,2026-09-30,957.0
20260930,000000,70W,9,2026,9,30,0,24.3,132.4,95600.0,2026-09-30,2026-09-30,956.0
20260930,000000,70W,9,2026,9,30,0,24.6,132.4,96200.0,2026-09-30,2026-09-30,962.0
20260930,000000,70W,9,2026,9,30,0,26.0,132.4,96200.0,2026-09-30,2026-09-30,962.0
20260930,000000,70W,9,2026,9,30,0,26.6,132.1,96500.0,2026-09-30,2026-09-30,965.0
20260930,000000,70W,9,2026,9,30,0,27.7,131.9,96500.0,2026-09-30,2026-09-30,965.0
20260930,000000,70W,9,2026,9,30,0,28.400000000000002,131.4,96500.0,2026-09-30,2026-09-30,965.0
20260930,000000,70W,9,2026,9,30,0,28.5,131.0,96700.0,2026-09-30,2026-09-30,967.0
20260930,000000,70W,9,2026,9,30,0,28.6,131.1,97100.0,2026-09-30,2026-09-30,971.0
20260930,000000,70W,9,2026,9,30,0,28.8,131.3,97100.0,2026-09-30,2026-09-30,971.0
20260930,000000,70W,9,2026,9,30,0,28.5,131.6,97800.0,2026-09-30,2026-09-30,978.0
20260930,000000,70W,9,2026,9,30,0,28.5,131.9,98000.0,2026-09-30,2026-09-30,980.0
20260930,000000,70W,9,2026,9,30,0,28.5,132.1,98500.0,2026-09-30,2026-09-30,985.0
20260930,000000,70W,9,2026,9,30,0,28.5,132.4,98500.0,2026-09-30,2026-09-30,985.0
20260930,000000,70W,9,2026,9,30,0,28.3,132.4,99000.0,2026-09-30,2026-09-30,990.0
20260930,000000,70W,9,2026,9,30,0,28.3,132.7,99000.0,2026-09-30,2026-09-30,990.0
20260930,000000,70W,9,2026,9,30,0,28.5,133.0,99300.0,2026-09-30,2026-09-30,993.0
20260930,000000,70W,9,2026,9,30,0,28.5,133.0,99200.0,2026-09-30,2026-09-30,992.0
20260930,000000,70W,9,2026,9,30,0,28.3,132.7,99400.0,2026-09-30,2026-09-30,994.0
20260930,000000,70W,9,2026,9,30,0,28.5,132.7,99300.0,2026-09-30,2026-09-30,993.0
20260930,000000,70W,9,2026,9,30,0,28.3,133.0,99400.0,2026-09-30,2026-09-30,994.0
20260930,000000,70W,9,2026,9,30,0,28.3,133.5,99300.0,2026-09-30,2026-09-30,993.0
20260930,000000,70W,9,2026,9,30,0,28.5,134.4,99700.0,2026-09-30,2026-09-30,997.0
20260930,000000,70W,9,2026,9,30,0,28.8,134.7,99600.0,2026-09-30,2026-09-30,996.0
20260930,000000,70W,9,2026,9,30,0,29.400000000000002,135.0,99900.0,2026-09-30,2026-09-30,999.0
20260930,000000,70W,9,2026,9,30,0,29.400000000000002,135.5,99700.0,2026-09-30,2026-09-30,997.0
20260930,000000,70W,9,2026,9,30,0,30.5,136.1,99900.0,2026-09-30,2026-09-30,999.0
20260930,000000,70W,9,2026,9,30,0,31.6,136.6,99600.0,2026-09-30,2026-09-30,996.0
20260930,000000,70W,9,2026,9,30,0,32.5,137.8,99700.0,2026-09-30,2026-09-30,997.0
20260930,000000,70W,10,2026,9,30,0,31.1,137.8,100200.0,2026-09-30,2026-09-30,1002.0
20260930,000000,70W,10,2026,9,30,0,32.2,139.20000000000002,100400.0,2026-09-30,2026-09-30,1004.0
20260930,000000,70W,10,2026,9,30,0,32.8,140.0,100400.0,2026-09-30,2026-09-30,1004.0
20260930,000000,70W,10,2026,9,30,0,34.2,141.70000000000002,100400.0,2026-09-30,2026-09-30,1004.0
20260930,000000,70W,10,2026,9,30,0,35.300000000000004,143.70000000000002,100300.0,2026-09-30,2026-09-30,1003.0
20260930,000000,70W,10,2026,9,30,0,37.0,146.8,100100.0,2026-09-30,2026-09-30,1001.0
20260930,000000,70W,11,2026,9,30,0,31.1,137.8,100100.0,2026-09-30,2026-09-30,1001.0
20260930,000000,70W,11,2026,9,30,0,31.900000000000002,138.6,100100.0,2026-09-30,2026-09-30,1001.0
20260930,000000,70W,11,2026,9,30,0,31.900000000000002,138.6,100100.0,2026-09-30,2026-09-30,1001.0
20260930,000000,70W,12,2026,9,30,0,31.1,138.3,100300.0,2026-09-30,2026-09-30,1003.0
20260930,000000,70W,12,2026,9,30,0,32.2,139.5,100300.0,2026-09-30,2026-09-30,1003.0
20260930,000000,70W,12,2026,9,30,0,32.8,139.70000000000002,100200.0,2026-09-30,2026-09-30,1002.0
20260930,000000,70W,12,2026,9,30,0,33.6,141.4,100500.0,2026-09-30,2026-09-30,1005.0
20260930,000000,70W,12,2026,9,30,0,34.7,143.4,100200.0,2026-09-30,2026-09-30,1002.0
20260930,000000,70W,12,2026,9,30,0,36.4,146.5,100100.0,2026-09-30,2026-09-30,1001.0
20260930,000000,70W,12,2026,9,30,0,38.7,150.1,99700.0,2026-09-30,2026-09-30,997.0
20260930,000000,70W,12,2026,9,30,0,40.7,154.1,99400.0,2026-09-30,2026-09-30,994.0
20260930,000000,70W,13,2026,9,30,0,31.6,138.0,99900.0,2026-09-30,2026-09-30,999.0
20260930,000000,70W,13,2026,9,30,0,31.900000000000002,138.9,100400.0,2026-09-30,2026-09-30,1004.0
20260930,000000,70W,13,2026,9,30,0,32.5,140.0,100400.0,2026-09-30,2026-09-30,1004.0
20260930,000000,70W,13,2026,9,30,0,35.300000000000004,142.0,100500.0,2026-09-30,2026-09-30,1005.0
20260930,000000,70W,13,2026,9,30,0,36.1,143.1,100300.0,2026-09-30,2026-09-30,1003.0
20260930,000000,70W,13,2026,9,30,0,36.4,145.4,100500.0,2026-09-30,2026-09-30,1005.0
20260930,000000,70W,14,2026,9,30,0,30.8,138.3,100200.0,2026-09-30,2026-09-30,1002.0
20260930,000000,70W,14,2026,9,30,0,31.6,138.6,100400.0,2026-09-30,2026-09-30,1004.0
20260930,000000,70W,14,2026,9,30,0,32.2,138.9,100300.0,2026-09-30,2026-09-30,1003.0
20260930,000000,70W,14,2026,9,30,0,33.9,140.9,100300.0,2026-09-30,2026-09-30,1003.0
20260930,000000,70W,15,2026,9,30,0,31.900000000000002,138.0,100100.0,2026-09-30,2026-09-30,1001.0
20260930,000000,70W,15,2026,9,30,0,31.900000000000002,138.6,100400.0,2026-09-30,2026-09-30,1004.0
20260930,000000,70W,15,2026,9,30,0,32.5,139.70000000000002,100400.0,2026-09-30,2026-09-30,1004.0
20260930,000000,70W,15,2026,9,30,0,33.6,140.9,100500.0,2026-09-30,2026-09-30,1005.0
20260930,000000,70W,15,2026,9,30,0,34.5,142.0,100400.0,2026-09-30,2026-09-30,1004.0
20260930,000000,70W,16,2026,9,30,0,31.1,138.3,100200.0,2026-09-30,2026-09-30,1002.0
20260930,000000,70W,16,2026,9,30,0,31.900000000000002,139.20000000000002,100400.0,2026-09-30,2026-09-30,1004.0
20260930,000000,70W,16,2026,9,30,0,32.8,140.0,100300.0,2026-09-30,2026-09-30,1003.0
20260930,000000,70W,16,2026,9,30,0,35.6,143.1,100000.0,2026-09-30,2026-09-30,1000.0
20260930,000000,70W,17,2026,9,30,0,30.8,138.0,100100.0,2026-09-30,2026-09-30,1001.0
20260930,000000,70W,17,2026,9,30,0,31.6,138.6,100500.0,2026-09-30,2026-09-30,1005.0
20260930,000000,70W,17,2026,9,30,0,32.5,139.5,100300.0,2026-09-30,2026-09-30,1003.0
20260930,000000,70W,17,2026,9,30,0,33.9,140.6,100400.0,2026-09-30,2026-09-30,1004.0
20260930,000000,70W,17,2026,9,30,0,37.0,145.1,100400.0,2026-09-30,2026-09-30,1004.0
20260930,000000,70W,18,2026,9,30,0,31.1,138.0,100100.0,2026-09-30,2026-09-30,1001.0
20260930,000000,70W,18,2026,9,30,0,31.6,138.9,100300.0,2026-09-30,2026-09-30,1003.0
20260930,000000,70W,18,2026,9,30,0,32.2,139.5,100300.0,2026-09-30,2026-09-30,1003.0
20260930,000000,70W,19,2026,9,30,0,31.400000000000002,138.3,100200.0,2026-09-30,2026-09-30,1002.0
20260930,000000,70W,19,2026,9,30,0,32.2,139.20000000000002,100300.0,2026-09-30,2026-09-30,1003.0
20260930,000000,70W,19,2026,9,30,0,33.0,140.3,100400.0,2026-09-30,2026-09-30,1004.0
20260930,000000,70W,19,2026,9,30,0,34.2,141.1,100500.0,2026-09-30,2026-09-30,1005.0
20260930,000000,70W,20,2026,9,30,0,31.6,138.3,100100.0,2026-09-30,2026-09-30,1001.0
20260930,000000,70W,20,2026,9,30,0,32.2,138.9,100400.0,2026-09-30,2026-09-30,1004.0
20260930,000000,70W,21,2026,9,30,0,30.8,138.0,100300.0,2026-09-30,2026-09-30,1003.0
20260930,000000,70W,21,2026,9,30,0,31.400000000000002,138.6,100500.0,2026-09-30,2026-09-30,1005.0
20260930,000000,70W,21,2026,9,30,0,31.900000000000002,139.20000000000002,100400.0,2026-09-30,2026-09-30,1004.0
20260930,000000,70W,21,2026,9,30,0,32.8,140.3,100700.0,2026-09-30,2026-09-30,1007.0
20260930,000000,70W,22,2026,9,30,0,32.5,139.20000000000002,100500.0,2026-09-30,2026-09-30,1005.0
20260930,000000,70W,22,2026,9,30,0,32.8,139.8,100500.0,2026-09-30,2026-09-30,1005.0
20260930,000000,70W,23,2026,9,30,0,31.1,137.8,100200.0,2026-09-30,2026-09-30,1002.0
20260930,000000,70W,23,2026,9,30,0,31.6,138.6,100500.0,2026-09-30,2026-09-30,1005.0
20260930,000000,70W,23,2026,9,30,0,33.3,140.3,100500.0,2026-09-30,2026-09-30,1005.0
20260930,000000,70W,23,2026,9,30,0,34.5,141.8,100200.0,2026-09-30,2026-09-30,1002.0
20260930,000000,70W,23,2026,9,30,0,35.300000000000004,143.70000000000002,100500.0,2026-09-30,2026-09-30,1005.0
20260930,000000,70W,24,2026,9,30,0,31.1,138.0,100000.0,2026-09-30,2026-09-30,1000.0
20260930,000000,70W,24,2026,9,30,0,31.400000000000002,138.9,100500.0,2026-09-30,2026-09-30,1005.0
20260930,000000,70W,24,2026,9,30,0,31.900000000000002,139.5,100500.0,2026-09-30,2026-09-30,1005.0
20260930,000000,70W,25,2026,9,30,0,30.8,138.3,100200.0,2026-09-30,2026-09-30,1002.0
20260930,000000,70W,25,2026,9,30,0,31.900000000000002,138.9,100400.0,2026-09-30,2026-09-30,1004.0
20260930,000000,70W,25,2026,9,30,0,32.5,139.5,100300.0,2026-09-30,2026-09-30,1003.0
20260930,000000,70W,25,2026,9,30,0,33.6,140.6,100600.0,2026-09-30,2026-09-30,1006.0
20260930,000000,70W,25,2026,9,30,0,34.7,142.0,100300.0,2026-09-30,2026-09-30,1003.0
20260930,000000,70W,25,2026,9,30,0,37.6,145.9,100400.0,2026-09-30,2026-09-30,1004.0
20260930,000000,70W,25,2026,9,30,0,38.7,149.3,100000.0,2026-09-30,2026-09-30,1000.0
20260930,000000,70W,26,2026,9,30,0,31.0,138.3,100200.0,2026-09-30,2026-09-30,1002.0
20260930,000000,70W,26,2026,9,30,0,31.900000000000002,139.20000000000002,100400.0,2026-09-30,2026-09-30,1004.0
20260930,000000,70W,26,2026,9,30,0,33.3,140.3,100400.0,2026-09-30,2026-09-30,1004.0
20260930,000000,70W,26,2026,9,30,0,34.7,142.3,100200.0,2026-09-30,2026-09-30,1002.0
20260930,000000,70W,26,2026,9,30,0,36.1,144.5,100400.0,2026-09-30,2026-09-30,1004.0
20260930,000000,70W,26,2026,9,30,0,38.7,148.70000000000002,100000.0,2026-09-30,2026-09-30,1000.0
20260930,000000,70W,26,2026,9,30,0,40.7,154.1,99900.0,2026-09-30,2026-09-30,999.0
20260930,000000,70W,26,2026,9,30,0,42.1,158.3,99500.0,2026-09-30,2026-09-30,995.0
20260930,000000,70W,27,2026,9,30,0,30.8,137.8,100000.0,2026-09-30,2026-09-30,1000.0
20260930,000000,70W,27,2026,9,30,0,31.900000000000002,138.6,100400.0,2026-09-30,2026-09-30,1004.0
20260930,000000,70W,28,2026,9,30,0,31.1,138.0,100400.0,2026-09-30,2026-09-30,1004.0
20260930,000000,70W,28,2026,9,30,0,32.2,138.6,100300.0,2026-09-30,2026-09-30,1003.0
20260930,000000,70W,28,2026,9,30,0,32.5,139.5,100400.0,2026-09-30,2026-09-30,1004.0
20260930,000000,70W,28,2026,9,30,0,33.9,141.1,100400.0,2026-09-30,2026-09-30,1004.0
20260930,000000,70W,29,2026,9,30,0,30.5,138.3,100200.0,2026-09-30,2026-09-30,1002.0
20260930,000000,70W,29,2026,9,30,0,31.6,139.5,100400.0,2026-09-30,2026-09-30,1004.0
20260930,000000,70W,29,2026,9,30,0,32.5,139.5,100500.0,2026-09-30,2026-09-30,1005.0
20260930,000000,70W,30,2026,9,30,0,31.400000000000002,138.3,100100.0,2026-09-30,2026-09-30,1001.0
20260930,000000,70W,30,2026,9,30,0,31.8,138.8,100400.0,2026-09-30,2026-09-30,1004.0
20260930,000000,70W,30,2026,9,30,0,32.2,139.5,100300.0,2026-09-30,2026-09-30,1003.0
20260930,000000,70W,30,2026,9,30,0,32.8,140.3,100500.0,2026-09-30,2026-09-30,1005.0
20260930,000000,70W,31,2026,9,30,0,31.6,138.0,100100.0,2026-09-30,2026-09-30,1001.0
20260930,000000,70W,31,2026,9,30,0,31.900000000000002,138.9,100400.0,2026-09-30,2026-09-30,1004.0
20260930,000000,70W,31,2026,9,30,0,32.3,139.70000000000002,100400.0,2026-09-30,2026-09-30,1004.0
20260930,000000,70W,31,2026,9,30,0,34.5,141.4,100300.0,2026-09-30,2026-09-30,1003.0
20260930,000000,70W,31,2026,9,30,0,35.9,142.8,100000.0,2026-09-30,2026-09-30,1000.0
20260930,000000,70W,31,2026,9,30,0,37.0,145.4,100000.0,2026-09-30,2026-09-30,1000.0
20260930,000000,70W,31,2026,9,30,0,38.1,149.0,99800.0,2026-09-30,2026-09-30,998.0
20260930,000000,70W,31,2026,9,30,0,39.800000000000004,153.5,99700.0,2026-09-30,2026-09-30,997.0
20260930,000000,70W,32,2026,9,30,0,31.400000000000002,138.3,99800.0,2026-09-30,2026-09-30,998.0
20260930,000000,70W,32,2026,9,30,0,31.6,138.6,100100.0,2026-09-30,2026-09-30,1001.0
20260930,000000,70W,32,2026,9,30,0,32.5,139.5,100200.0,2026-09-30,2026-09-30,1002.0
20260930,000000,70W,32,2026,9,30,0,33.6,140.6,100300.0,2026-09-30,2026-09-30,1003.0
20260930,000000,70W,32,2026,9,30,0,34.5,142.3,100100.0,2026-09-30,2026-09-30,1001.0
20260930,000000,70W,32,2026,9,30,0,35.9,144.8,100300.0,2026-09-30,2026-09-30,1003.0
20260930,000000,70W,32,2026,9,30,0,38.7,149.9,100200.0,2026-09-30,2026-09-30,1002.0
20260930,000000,70W,33,2026,9,30,0,31.5,138.4,100300.0,2026-09-30,2026-09-30,1003.0
20260930,000000,70W,33,2026,9,30,0,32.5,139.70000000000002,100400.0,2026-09-30,2026-09-30,1004.0
20260930,000000,70W,33,2026,9,30,0,33.9,141.4,100000.0,2026-09-30,2026-09-30,1000.0
20260930,000000,70W,33,2026,9,30,0,34.7,142.5,100000.0,2026-09-30,2026-09-30,1000.0
20260930,000000,70W,33,2026,9,30,0,35.0,144.0,100000.0,2026-09-30,2026-09-30,1000.0
20260930,000000,70W,33,2026,9,30,0,36.4,146.5,100200.0,2026-09-30,2026-09-30,1002.0
20260930,000000,70W,33,2026,9,30,0,38.7,150.4,99800.0,2026-09-30,2026-09-30,998.0
20260930,000000,70W,33,2026,9,30,0,40.7,154.9,99600.0,2026-09-30,2026-09-30,996.0
20260930,000000,70W,34,2026,9,30,0,30.8,137.8,100000.0,2026-09-30,2026-09-30,1000.0
20260930,000000,70W,34,2026,9,30,0,31.400000000000002,138.3,100300.0,2026-09-30,2026-09-30,1003.0
20260930,000000,70W,34,2026,9,30,0,32.2,138.9,100300.0,2026-09-30,2026-09-30,1003.0
20260930,000000,70W,35,2026,9,30,0,31.1,138.0,100100.0,2026-09-30,2026-09-30,1001.0
20260930,000000,70W,35,2026,9,30,0,31.400000000000002,138.9,100400.0,2026-09-30,2026-09-30,1004.0
20260930,000000,70W,35,2026,9,30,0,32.2,139.5,100300.0,2026-09-30,2026-09-30,1003.0
20260930,000000,70W,35,2026,9,30,0,32.5,140.3,100700.0,2026-09-30,2026-09-30,1007.0
20260930,000000,70W,36,2026,9,30,0,31.400000000000002,138.3,100000.0,2026-09-30,2026-09-30,1000.0
20260930,000000,70W,36,2026,9,30,0,31.6,139.20000000000002,100400.0,2026-09-30,2026-09-30,1004.0
20260930,000000,70W,36,2026,9,30,0,32.5,140.0,100500.0,2026-09-30,2026-09-30,1005.0
20260930,000000,70W,37,2026,9,30,0,30.2,138.0,100000.0,2026-09-30,2026-09-30,1000.0
20260930,000000,70W,37,2026,9,30,0,30.8,138.6,100400.0,2026-09-30,2026-09-30,1004.0
20260930,000000,70W,37,2026,9,30,0,31.400000000000002,138.6,100400.0,2026-09-30,2026-09-30,1004.0
20260930,000000,70W,37,2026,9,30,0,31.900000000000002,139.20000000000002,100500.0,2026-09-30,2026-09-30,1005.0
20260930,000000,70W,37,2026,9,30,0,31.900000000000002,140.0,100400.0,2026-09-30,2026-09-30,1004.0
20260930,000000,70W,37,2026,9,30,0,33.6,142.8,100500.0,2026-09-30,2026-09-30,1005.0
20260930,000000,70W,37,2026,9,30,0,34.2,145.1,100700.0,2026-09-30,2026-09-30,1007.0
20260930,000000,70W,38,2026,9,30,0,30.5,137.8,99900.0,2026-09-30,2026-09-30,999.0
20260930,000000,70W,38,2026,9,30,0,31.1,138.6,100200.0,2026-09-30,2026-09-30,1002.0
20260930,000000,70W,38,2026,9,30,0,31.900000000000002,138.6,100000.0,2026-09-30,2026-09-30,1000.0
20260930,000000,70W,39,2026,9,30,0,31.400000000000002,138.6,99700.0,2026-09-30,2026-09-30,997.0
20260930,000000,70W,39,2026,9,30,0,31.6,139.5,100200.0,2026-09-30,2026-09-30,1002.0
20260930,000000,70W,39,2026,9,30,0,32.5,140.6,100200.0,2026-09-30,2026-09-30,1002.0
20260930,000000,70W,39,2026,9,30,0,33.9,142.0,100000.0,2026-09-30,2026-09-30,1000.0
20260930,000000,70W,39,2026,9,30,0,35.0,143.1,100000.0,2026-09-30,2026-09-30,1000.0
20260930,000000,70W,39,2026,9,30,0,36.7,145.4,100300.0,2026-09-30,2026-09-30,1003.0
20260930,000000,70W,39,2026,9,30,0,38.4,149.0,100000.0,2026-09-30,2026-09-30,1000.0
20260930,000000,70W,40,2026,9,30,0,31.1,137.8,99900.0,2026-09-30,2026-09-30,999.0
20260930,000000,70W,40,2026,9,30,0,31.6,138.3,100100.0,2026-09-30,2026-09-30,1001.0
20260930,000000,70W,40,2026,9,30,0,32.5,139.20000000000002,100200.0,2026-09-30,2026-09-30,1002.0
20260930,000000,70W,40,2026,9,30,0,33.9,140.6,100100.0,2026-09-30,2026-09-30,1001.0
20260930,000000,70W,40,2026,9,30,0,35.0,142.0,99900.0,2026-09-30,2026-09-30,999.0
20260930,000000,70W,40,2026,9,30,0,36.1,144.0,100300.0,2026-09-30,2026-09-30,1003.0
20260930,000000,70W,40,2026,9,30,0,38.7,148.5,99900.0,2026-09-30,2026-09-30,999.0
20260930,000000,70W,41,2026,9,30,0,31.400000000000002,138.3,100100.0,2026-09-30,2026-09-30,1001.0
20260930,000000,70W,41,2026,9,30,0,32.5,140.0,100400.0,2026-09-30,2026-09-30,1004.0
20260930,000000,70W,41,2026,9,30,0,33.6,141.4,100000.0,2026-09-30,2026-09-30,1000.0
20260930,000000,70W,41,2026,9,30,0,34.1,141.9,100200.0,2026-09-30,2026-09-30,1002.0
20260930,000000,70W,41,2026,9,30,0,34.7,143.4,100100.0,2026-09-30,2026-09-30,1001.0
20260930,000000,70W,42,2026,9,30,0,31.1,138.0,100200.0,2026-09-30,2026-09-30,1002.0
20260930,000000,70W,42,2026,9,30,0,31.400000000000002,138.6,100400.0,2026-09-30,2026-09-30,1004.0
20260930,000000,70W,42,2026,9,30,0,32.2,138.9,100300.0,2026-09-30,2026-09-30,1003.0
20260930,000000,70W,42,2026,9,30,0,32.8,139.70000000000002,100500.0,2026-09-30,2026-09-30,1005.0
20260930,000000,70W,43,2026,9,30,0,31.400000000000002,137.20000000000002,100200.0,2026-09-30,2026-09-30,1002.0
20260930,000000,70W,43,2026,9,30,0,31.900000000000002,137.8,100400.0,2026-09-30,2026-09-30,1004.0
20260930,000000,70W,43,2026,9,30,0,31.900000000000002,138.0,100400.0,2026-09-30,2026-09-30,1004.0
20260930,000000,70W,43,2026,9,30,0,32.5,139.20000000000002,100600.0,2026-09-30,2026-09-30,1006.0
20260930,000000,70W,44,2026,9,30,0,31.400000000000002,137.8,100200.0,2026-09-30,2026-09-30,1002.0
20260930,000000,70W,44,2026,9,30,0,31.6,138.3,100400.0,2026-09-30,2026-09-30,1004.0
20260930,000000,70W,44,2026,9,30,0,32.2,139.20000000000002,100400.0,2026-09-30,2026-09-30,1004.0
20260930,000000,70W,44,2026,9,30,0,33.8,141.1,100600.0,2026-09-30,2026-09-30,1006.0
20260930,000000,70W,45,2026,9,30,0,32.8,140.0,100500.0,2026-09-30,2026-09-30,1005.0
20260930,000000,70W,46,2026,9,30,0,30.6,137.6,100100.0,2026-09-30,2026-09-30,1001.0
20260930,000000,70W,46,2026,9,30,0,31.6,138.6,100600.0,2026-09-30,2026-09-30,1006.0
20260930,000000,70W,46,2026,9,30,0,31.900000000000002,138.6,100500.0,2026-09-30,2026-09-30,1005.0
20260930,000000,70W,47,2026,9,30,0,32.2,139.20000000000002,100500.0,2026-09-30,2026-09-30,1005.0
20260930,000000,70W,47,2026,9,30,0,32.8,139.5,100400.0,2026-09-30,2026-09-30,1004.0
20260930,000000,70W,47,2026,9,30,0,33.6,140.9,100500.0,2026-09-30,2026-09-30,1005.0
20260930,000000,70W,48,2026,9,30,0,31.6,138.0,100300.0,2026-09-30,2026-09-30,1003.0
20260930,000000,70W,48,2026,9,30,0,31.900000000000002,138.6,100600.0,2026-09-30,2026-09-30,1006.0
20260930,000000,70W,48,2026,9,30,0,34.5,140.9,100400.0,2026-09-30,2026-09-30,1004.0
20260930,000000,70W,49,2026,9,30,0,31.1,138.0,100100.0,2026-09-30,2026-09-30,1001.0
20260930,000000,70W,49,2026,9,30,0,31.6,138.6,100400.0,2026-09-30,2026-09-30,1004.0
20260930,000000,70W,50,2026,9,30,0,31.1,138.0,100200.0,2026-09-30,2026-09-30,1002.0
20260930,000000,70W,50,2026,9,30,0,31.400000000000002,138.6,100400.0,2026-09-30,2026-09-30,1004.0
20260930,000000,70W,50,2026,9,30,0,31.6,139.5,100400.0,2026-09-30,2026-09-30,1004.0
20260930,000000,70W,51,2026,9,30,0,30.8,138.0,100200.0,2026-09-30,2026-09-30,1002.0
20260930,000000,70W,51,2026,9,30,0,32.5,139.70000000000002,100500.0,2026-09-30,2026-09-30,1005.0
20260930,000000,70W,51,2026,9,30,0,33.0,139.20000000000002,100200.0,2026-09-30,2026-09-30,1002.0
20260930,000000,70W,51,2026,9,30,0,34.800000000000004,141.8,100400.0,2026-09-30,2026-09-30,1004.0
20260930,000000,70W,51,2026,9,30,0,36.4,144.8,100500.0,2026-09-30,2026-09-30,1005.0
20260930,000000,70W,52,2026,9,30,0,31.1,138.3,100200.0,2026-09-30,2026-09-30,1002.0
20260930,000000,70W,52,2026,9,30,0,31.900000000000002,138.9,100400.0,2026-09-30,2026-09-30,1004.0
20260930,000000,70W,52,2026,9,30,0,32.8,139.5,100400.0,2026-09-30,2026-09-30,1004.0
20260930,000000,71W,1,2026,9,30,0,16.4,151.0,99800.0,2026-09-30,2026-09-30,998.0
20260930,000000,71W,1,2026,9,30,0,16.7,150.1,100200.0,2026-09-30,2026-09-30,1002.0
20260930,000000,71W,1,2026,9,30,0,16.5,149.6,100100.0,2026-09-30,2026-09-30,1001.0
20260930,000000,71W,1,2026,9,30,0,17.0,148.70000000000002,100300.0,2026-09-30,2026-09-30,1003.0
20260930,000000,71W,1,2026,9,30,0,16.1,148.20000000000002,99800.0,2026-09-30,2026-09-30,998.0
20260930,000000,71W,1,2026,9,30,0,17.3,148.0,99900.0,2026-09-30,2026-09-30,999.0
20260930,000000,71W,1,2026,9,30,0,17.3,147.9,99500.0,2026-09-30,2026-09-30,995.0
20260930,000000,71W,1,2026,9,30,0,17.3,146.6,99500.0,2026-09-30,2026-09-30,995.0
20260930,000000,71W,1,2026,9,30,0,17.8,147.3,98900.0,2026-09-30,2026-09-30,989.0
20260930,000000,71W,1,2026,9,30,0,17.6,147.0,98700.0,2026-09-30,2026-09-30,987.0
20260930,000000,71W,1,2026,9,30,0,18.400000000000002,148.20000000000002,98200.0,2026-09-30,2026-09-30,982.0
20260930,000000,71W,1,2026,9,30,0,19.2,147.9,98200.0,2026-09-30,2026-09-30,982.0
20260930,000000,71W,1,2026,9,30,0,20.1,148.70000000000002,97500.0,2026-09-30,2026-09-30,975.0
20260930,000000,71W,1,2026,9,30,0,20.900000000000002,148.6,97300.0,2026-09-30,2026-09-30,973.0
20260930,000000,71W,1,2026,9,30,0,22.1,149.0,96300.0,2026-09-30,2026-09-30,963.0
20260930,000000,71W,1,2026,9,30,0,23.2,149.0,96200.0,2026-09-30,2026-09-30,962.0
20260930,000000,71W,1,2026,9,30,0,24.0,148.5,96100.0,2026-09-30,2026-09-30,961.0
20260930,000000,71W,1,2026,9,30,0,24.6,148.5,95700.0,2026-09-30,2026-09-30,957.0
20260930,000000,71W,1,2026,9,30,0,25.2,147.9,95200.0,2026-09-30,2026-09-30,952.0
20260930,000000,71W,1,2026,9,30,0,26.3,147.3,95700.0,2026-09-30,2026-09-30,957.0
20260930,000000,71W,1,2026,9,30,0,27.400000000000002,147.0,95600.0,2026-09-30,2026-09-30,956.0
20260930,000000,71W,1,2026,9,30,0,28.8,147.0,95700.0,2026-09-30,2026-09-30,957.0
20260930,000000,71W,1,2026,9,30,0,30.5,147.0,96100.0,2026-09-30,2026-09-30,961.0
20260930,000000,71W,1,2026,9,30,0,32.5,147.3,96000.0,2026-09-30,2026-09-30,960.0
20260930,000000,71W,1,2026,9,30,0,35.1,148.9,96800.0,2026-09-30,2026-09-30,968.0
20260930,000000,71W,1,2026,9,30,0,38.1,151.3,97100.0,2026-09-30,2026-09-30,971.0
20260930,000000,71W,1,2026,9,30,0,41.2,154.20000000000002,97300.0,2026-09-30,2026-09-30,973.0
20260930,000000,71W,1,2026,9,30,0,44.9,158.9,97500.0,2026-09-30,2026-09-30,975.0
20260930,000000,71W,2,2026,9,30,0,16.1,150.70000000000002,99800.0,2026-09-30,2026-09-30,998.0
20260930,000000,71W,2,2026,9,30,0,16.1,150.1,100100.0,2026-09-30,2026-09-30,1001.0
20260930,000000,71W,2,2026,9,30,0,15.9,148.5,99600.0,2026-09-30,2026-09-30,996.0
20260930,000000,71W,2,2026,9,30,0,15.9,148.20000000000002,99600.0,2026-09-30,2026-09-30,996.0
20260930,000000,71W,2,2026,9,30,0,15.9,147.3,98700.0,2026-09-30,2026-09-30,987.0
20260930,000000,71W,2,2026,9,30,0,15.9,147.0,98600.0,2026-09-30,2026-09-30,986.0
20260930,000000,71W,2,2026,9,30,0,15.9,146.20000000000002,97600.0,2026-09-30,2026-09-30,976.0
20260930,000000,71W,2,2026,9,30,0,15.9,146.20000000000002,97600.0,2026-09-30,2026-09-30,976.0
20260930,000000,71W,2,2026,9,30,0,16.1,145.9,96900.0,2026-09-30,2026-09-30,969.0
20260930,000000,71W,2,2026,9,30,0,16.4,146.5,97100.0,2026-09-30,2026-09-30,971.0
20260930,000000,71W,2,2026,9,30,0,17.3,146.8,96700.0,2026-09-30,2026-09-30,967.0
20260930,000000,71W,2,2026,9,30,0,18.1,147.0,96900.0,2026-09-30,2026-09-30,969.0
20260930,000000,71W,2,2026,9,30,0,19.0,147.3,96200.0,2026-09-30,2026-09-30,962.0
20260930,000000,71W,2,2026,9,30,0,19.8,147.6,96300.0,2026-09-30,2026-09-30,963.0
20260930,000000,71W,2,2026,9,30,0,20.900000000000002,147.6,95600.0,2026-09-30,2026-09-30,956.0
20260930,000000,71W,2,2026,9,30,0,21.8,147.3,96000.0,2026-09-30,2026-09-30,960.0
20260930,000000,71W,2,2026,9,30,0,22.900000000000002,147.3,95800.0,2026-09-30,2026-09-30,958.0
20260930,000000,71W,2,2026,9,30,0,24.0,146.8,96000.0,2026-09-30,2026-09-30,960.0
20260930,000000,71W,2,2026,9,30,0,24.900000000000002,146.20000000000002,96100.0,2026-09-30,2026-09-30,961.0
20260930,000000,71W,2,2026,9,30,0,26.3,145.6,96200.0,2026-09-30,2026-09-30,962.0
20260930,000000,71W,2,2026,9,30,0,28.0,146.20000000000002,96300.0,2026-09-30,2026-09-30,963.0
20260930,000000,71W,2,2026,9,30,0,30.2,145.9,96100.0,2026-09-30,2026-09-30,961.0
20260930,000000,71W,2,2026,9,30,0,32.8,146.9,96600.0,2026-09-30,2026-09-30,966.0
20260930,000000,71W,2,2026,9,30,0,35.300000000000004,148.20000000000002,96400.0,2026-09-30,2026-09-30,964.0
20260930,000000,71W,2,2026,9,30,0,37.800000000000004,149.3,97000.0,2026-09-30,2026-09-30,970.0
20260930,000000,71W,3,2026,9,30,0,15.9,151.3,100100.0,2026-09-30,2026-09-30,1001.0
20260930,000000,71W,3,2026,9,30,0,16.4,150.4,100400.0,2026-09-30,2026-09-30,1004.0
20260930,000000,71W,3,2026,9,30,0,16.1,148.5,99900.0,2026-09-30,2026-09-30,999.0
20260930,000000,71W,3,2026,9,30,0,16.3,148.20000000000002,99900.0,2026-09-30,2026-09-30,999.0
20260930,000000,71W,3,2026,9,30,0,16.1,146.8,99200.0,2026-09-30,2026-09-30,992.0
20260930,000000,71W,3,2026,9,30,0,16.1,146.5,99000.0,2026-09-30,2026-09-30,990.0
20260930,000000,71W,3,2026,9,30,0,16.7,145.4,98100.0,2026-09-30,2026-09-30,981.0
20260930,000000,71W,3,2026,9,30,0,16.7,144.8,97600.0,2026-09-30,2026-09-30,976.0
20260930,000000,71W,3,2026,9,30,0,17.0,144.5,96400.0,2026-09-30,2026-09-30,964.0
20260930,000000,71W,3,2026,9,30,0,17.3,144.20000000000002,96100.0,2026-09-30,2026-09-30,961.0
20260930,000000,71W,3,2026,9,30,0,17.6,144.0,96200.0,2026-09-30,2026-09-30,962.0
20260930,000000,71W,3,2026,9,30,0,18.1,143.70000000000002,96100.0,2026-09-30,2026-09-30,961.0
20260930,000000,71W,3,2026,9,30,0,18.400000000000002,144.0,95700.0,2026-09-30,2026-09-30,957.0
20260930,000000,71W,3,2026,9,30,0,19.2,144.20000000000002,95300.0,2026-09-30,2026-09-30,953.0
20260930,000000,71W,3,2026,9,30,0,19.5,144.5,94500.0,2026-09-30,2026-09-30,945.0
20260930,000000,71W,3,2026,9,30,0,20.1,144.20000000000002,94400.0,2026-09-30,2026-09-30,944.0
20260930,000000,71W,3,2026,9,30,0,20.7,144.20000000000002,94900.0,2026-09-30,2026-09-30,949.0
20260930,000000,71W,3,2026,9,30,0,21.2,144.0,94300.0,2026-09-30,2026-09-30,943.0
20260930,000000,71W,3,2026,9,30,0,21.8,144.0,94300.0,2026-09-30,2026-09-30,943.0
20260930,000000,71W,3,2026,9,30,0,22.900000000000002,143.4,94600.0,2026-09-30,2026-09-30,946.0
20260930,000000,71W,3,2026,9,30,0,24.0,142.8,95000.0,2026-09-30,2026-09-30,950.0
20260930,000000,71W,3,2026,9,30,0,24.6,142.3,94200.0,2026-09-30,2026-09-30,942.0
20260930,000000,71W,3,2026,9,30,0,25.7,142.3,94900.0,2026-09-30,2026-09-30,949.0
20260930,000000,71W,3,2026,9,30,0,26.900000000000002,141.70000000000002,95000.0,2026-09-30,2026-09-30,950.0
20260930,000000,71W,3,2026,9,30,0,27.6,141.70000000000002,94900.0,2026-09-30,2026-09-30,949.0
20260930,000000,71W,3,2026,9,30,0,29.3,141.70000000000002,95200.0,2026-09-30,2026-09-30,952.0
20260930,000000,71W,3,2026,9,30,0,30.8,142.0,95800.0,2026-09-30,2026-09-30,958.0
20260930,000000,71W,3,2026,9,30,0,33.0,142.8,96200.0,2026-09-30,2026-09-30,962.0
20260930,000000,71W,3,2026,9,30,0,35.4,143.5,96500.0,2026-09-30,2026-09-30,965.0
20260930,000000,71W,3,2026,9,30,0,37.800000000000004,145.4,96800.0,2026-09-30,2026-09-30,968.0
20260930,000000,71W,3,2026,9,30,0,40.300000000000004,147.6,97200.0,2026-09-30,2026-09-30,972.0
20260930,000000,71W,3,2026,9,30,0,42.300000000000004,150.1,97600.0,2026-09-30,2026-09-30,976.0
20260930,000000,71W,3,2026,9,30,0,43.6,154.4,97400.0,2026-09-30,2026-09-30,974.0
20260930,000000,71W,3,2026,9,30,0,46.9,160.8,97600.0,2026-09-30,2026-09-30,976.0
20260930,000000,71W,4,2026,9,30,0,16.4,151.3,100000.0,2026-09-30,2026-09-30,1000.0
20260930,000000,71W,4,2026,9,30,0,16.7,150.5,100100.0,2026-09-30,2026-09-30,1001.0
20260930,000000,71W,4,2026,9,30,0,17.0,149.6,99800.0,2026-09-30,2026-09-30,998.0
20260930,000000,71W,4,2026,9,30,0,17.3,148.5,99900.0,2026-09-30,2026-09-30,999.0
20260930,000000,71W,4,2026,9,30,0,17.6,147.3,99500.0,2026-09-30,2026-09-30,995.0
20260930,000000,71W,4,2026,9,30,0,17.3,146.20000000000002,99500.0,2026-09-30,2026-09-30,995.0
20260930,000000,71W,4,2026,9,30,0,17.6,145.6,99200.0,2026-09-30,2026-09-30,992.0
20260930,000000,71W,4,2026,9,30,0,17.6,145.1,99000.0,2026-09-30,2026-09-30,990.0
20260930,000000,71W,4,2026,9,30,0,17.8,145.1,98500.0,2026-09-30,2026-09-30,985.0
20260930,000000,71W,4,2026,9,30,0,17.8,144.20000000000002,98600.0,2026-09-30,2026-09-30,986.0
20260930,000000,71W,4,2026,9,30,0,18.1,144.5,98000.0,2026-09-30,2026-09-30,980.0
20260930,000000,71W,4,2026,9,30,0,18.7,144.8,97800.0,2026-09-30,2026-09-30,978.0
20260930,000000,71W,4,2026,9,30,0,19.2,144.8,97100.0,2026-09-30,2026-09-30,971.0
20260930,000000,71W,4,2026,9,30,0,19.2,145.1,96900.0,2026-09-30,2026-09-30,969.0
20260930,000000,71W,4,2026,9,30,0,19.8,145.4,96700.0,2026-09-30,2026-09-30,967.0
20260930,000000,71W,4,2026,9,30,0,20.400000000000002,145.6,96700.0,2026-09-30,2026-09-30,967.0
20260930,000000,71W,4,2026,9,30,0,20.900000000000002,145.9,96100.0,2026-09-30,2026-09-30,961.0
20260930,000000,71W,4,2026,9,30,0,21.5,146.5,96400.0,2026-09-30,2026-09-30,964.0
20260930,000000,71W,4,2026,9,30,0,22.6,146.8,96200.0,2026-09-30,2026-09-30,962.0
20260930,000000,71W,4,2026,9,30,0,24.0,146.8,95900.0,2026-09-30,2026-09-30,959.0
20260930,000000,71W,4,2026,9,30,0,25.2,146.8,96000.0,2026-09-30,2026-09-30,960.0
20260930,000000,71W,4,2026,9,30,0,26.3,146.5,95800.0,2026-09-30,2026-09-30,958.0
20260930,000000,71W,4,2026,9,30,0,27.400000000000002,146.8,95200.0,2026-09-30,2026-09-30,952.0
20260930,000000,71W,4,2026,9,30,0,29.1,147.3,95800.0,2026-09-30,2026-09-30,958.0
20260930,000000,71W,4,2026,9,30,0,30.8,147.6,96200.0,2026-09-30,2026-09-30,962.0
20260930,000000,71W,4,2026,9,30,0,32.2,148.70000000000002,96900.0,2026-09-30,2026-09-30,969.0
20260930,000000,71W,4,2026,9,30,0,34.2,149.9,97000.0,2026-09-30,2026-09-30,970.0
20260930,000000,71W,4,2026,9,30,0,37.0,151.3,97300.0,2026-09-30,2026-09-30,973.0
20260930,000000,71W,4,2026,9,30,0,39.9,153.8,97500.0,2026-09-30,2026-09-30,975.0
20260930,000000,71W,4,2026,9,30,0,44.0,157.20000000000002,98000.0,2026-09-30,2026-09-30,980.0
20260930,000000,71W,5,2026,9,30,0,15.3,150.4,100100.0,2026-09-30,2026-09-30,1001.0
20260930,000000,71W,5,2026,9,30,0,16.4,150.70000000000002,100200.0,2026-09-30,2026-09-30,1002.0
20260930,000000,71W,5,2026,9,30,0,17.0,149.3,99800.0,2026-09-30,2026-09-30,998.0
20260930,000000,71W,5,2026,9,30,0,16.7,148.20000000000002,99800.0,2026-09-30,2026-09-30,998.0
20260930,000000,71W,5,2026,9,30,0,17.0,147.9,99500.0,2026-09-30,2026-09-30,995.0
20260930,000000,71W,5,2026,9,30,0,17.3,147.3,99600.0,2026-09-30,2026-09-30,996.0
20260930,000000,71W,5,2026,9,30,0,17.8,146.5,99200.0,2026-09-30,2026-09-30,992.0
20260930,000000,71W,5,2026,9,30,0,17.8,145.9,99100.0,2026-09-30,2026-09-30,991.0
20260930,000000,71W,5,2026,9,30,0,19.0,145.9,98500.0,2026-09-30,2026-09-30,985.0
20260930,000000,71W,5,2026,9,30,0,19.0,145.9,98600.0,2026-09-30,2026-09-30,986.0
20260930,000000,71W,5,2026,9,30,0,20.1,146.5,98200.0,2026-09-30,2026-09-30,982.0
20260930,000000,71W,5,2026,9,30,0,20.7,147.0,98300.0,2026-09-30,2026-09-30,983.0
20260930,000000,71W,5,2026,9,30,0,21.900000000000002,148.1,97900.0,2026-09-30,2026-09-30,979.0
20260930,000000,71W,5,2026,9,30,0,23.5,148.5,97800.0,2026-09-30,2026-09-30,978.0
20260930,000000,71W,5,2026,9,30,0,24.900000000000002,148.5,97600.0,2026-09-30,2026-09-30,976.0
20260930,000000,71W,5,2026,9,30,0,26.0,148.20000000000002,97700.0,2026-09-30,2026-09-30,977.0
20260930,000000,71W,5,2026,9,30,0,26.400000000000002,148.1,97100.0,2026-09-30,2026-09-30,971.0
20260930,000000,71W,5,2026,9,30,0,27.400000000000002,148.1,97100.0,2026-09-30,2026-09-30,971.0
20260930,000000,71W,5,2026,9,30,0,28.0,147.6,96900.0,2026-09-30,2026-09-30,969.0
20260930,000000,71W,5,2026,9,30,0,28.900000000000002,147.9,96800.0,2026-09-30,2026-09-30,968.0
20260930,000000,71W,5,2026,9,30,0,30.5,147.9,96600.0,2026-09-30,2026-09-30,966.0
20260930,000000,71W,5,2026,9,30,0,32.2,148.8,96800.0,2026-09-30,2026-09-30,968.0
20260930,000000,71W,5,2026,9,30,0,34.5,149.0,96800.0,2026-09-30,2026-09-30,968.0
20260930,000000,71W,5,2026,9,30,0,36.7,151.6,97200.0,2026-09-30,2026-09-30,972.0
20260930,000000,71W,5,2026,9,30,0,39.5,154.1,97500.0,2026-09-30,2026-09-30,975.0
20260930,000000,71W,5,2026,9,30,0,43.2,156.6,97500.0,2026-09-30,2026-09-30,975.0
20260930,000000,71W,5,2026,9,30,0,46.0,159.70000000000002,96900.0,2026-09-30,2026-09-30,969.0
20260930,000000,71W,6,2026,9,30,0,17.0,150.70000000000002,100200.0,2026-09-30,2026-09-30,1002.0
20260930,000000,71W,6,2026,9,30,0,16.7,151.0,100400.0,2026-09-30,2026-09-30,1004.0
20260930,000000,71W,6,2026,9,30,0,17.3,150.1,100300.0,2026-09-30,2026-09-30,1003.0
20260930,000000,71W,6,2026,9,30,0,17.0,148.20000000000002,100000.0,2026-09-30,2026-09-30,1000.0
20260930,000000,71W,6,2026,9,30,0,16.1,145.9,99900.0,2026-09-30,2026-09-30,999.0
20260930,000000,71W,6,2026,9,30,0,15.3,146.5,99500.0,2026-09-30,2026-09-30,995.0
20260930,000000,71W,6,2026,9,30,0,16.7,146.8,99400.0,2026-09-30,2026-09-30,994.0
20260930,000000,71W,6,2026,9,30,0,16.4,145.9,98900.0,2026-09-30,2026-09-30,989.0
20260930,000000,71W,6,2026,9,30,0,16.4,147.0,98800.0,2026-09-30,2026-09-30,988.0
20260930,000000,71W,6,2026,9,30,0,17.3,147.6,98400.0,2026-09-30,2026-09-30,984.0
20260930,000000,71W,6,2026,9,30,0,18.7,149.0,98200.0,2026-09-30,2026-09-30,982.0
20260930,000000,71W,6,2026,9,30,0,19.8,149.9,97600.0,2026-09-30,2026-09-30,976.0
20260930,000000,71W,6,2026,9,30,0,21.2,150.1,97300.0,2026-09-30,2026-09-30,973.0
20260930,000000,71W,6,2026,9,30,0,22.6,150.1,96900.0,2026-09-30,2026-09-30,969.0
20260930,000000,71W,6,2026,9,30,0,23.5,149.9,96900.0,2026-09-30,2026-09-30,969.0
20260930,000000,71W,6,2026,9,30,0,24.3,149.9,96700.0,2026-09-30,2026-09-30,967.0
20260930,000000,71W,6,2026,9,30,0,25.2,149.6,96700.0,2026-09-30,2026-09-30,967.0
20260930,000000,71W,6,2026,9,30,0,26.3,149.0,96400.0,2026-09-30,2026-09-30,964.0
20260930,000000,71W,6,2026,9,30,0,27.400000000000002,148.5,96900.0,2026-09-30,2026-09-30,969.0
20260930,000000,71W,6,2026,9,30,0,28.8,148.20000000000002,96900.0,2026-09-30,2026-09-30,969.0
20260930,000000,71W,6,2026,9,30,0,30.0,148.70000000000002,97200.0,2026-09-30,2026-09-30,972.0
20260930,000000,71W,6,2026,9,30,0,32.5,149.3,97200.0,2026-09-30,2026-09-30,972.0
20260930,000000,71W,6,2026,9,30,0,34.7,151.3,97500.0,2026-09-30,2026-09-30,975.0
20260930,000000,71W,6,2026,9,30,0,37.6,153.5,97500.0,2026-09-30,2026-09-30,975.0
20260930,000000,71W,6,2026,9,30,0,40.9,156.9,97700.0,2026-09-30,2026-09-30,977.0
20260930,000000,71W,6,2026,9,30,0,43.2,162.6,97800.0,2026-09-30,2026-09-30,978.0
20260930,000000,71W,6,2026,9,30,0,44.9,167.3,97700.0,2026-09-30,2026-09-30,977.0
20260930,000000,71W,6,2026,9,30,0,46.0,170.1,97500.0,2026-09-30,2026-09-30,975.0
20260930,000000,71W,7,2026,9,30,0,16.7,149.6,100100.0,2026-09-30,2026-09-30,1001.0
20260930,000000,71W,7,2026,9,30,0,16.7,149.3,100200.0,2026-09-30,2026-09-30,1002.0
20260930,000000,71W,7,2026,9,30,0,16.7,147.9,99700.0,2026-09-30,2026-09-30,997.0
20260930,000000,71W,7,2026,9,30,0,16.7,147.3,100000.0,2026-09-30,2026-09-30,1000.0
20260930,000000,71W,7,2026,9,30,0,17.8,146.8,99400.0,2026-09-30,2026-09-30,994.0
20260930,000000,71W,7,2026,9,30,0,17.6,145.1,99500.0,2026-09-30,2026-09-30,995.0
20260930,000000,71W,7,2026,9,30,0,17.6,144.20000000000002,98900.0,2026-09-30,2026-09-30,989.0
20260930,000000,71W,7,2026,9,30,0,18.1,143.1,99000.0,2026-09-30,2026-09-30,990.0
20260930,000000,71W,7,2026,9,30,0,18.400000000000002,142.3,98400.0,2026-09-30,2026-09-30,984.0
20260930,000000,71W,7,2026,9,30,0,18.400000000000002,142.0,98300.0,2026-09-30,2026-09-30,983.0
20260930,000000,71W,7,2026,9,30,0,18.7,141.1,97800.0,2026-09-30,2026-09-30,978.0
20260930,000000,71W,7,2026,9,30,0,18.7,141.4,97500.0,2026-09-30,2026-09-30,975.0
20260930,000000,71W,7,2026,9,30,0,19.0,141.1,96800.0,2026-09-30,2026-09-30,968.0
20260930,000000,71W,7,2026,9,30,0,19.0,141.1,96600.0,2026-09-30,2026-09-30,966.0
20260930,000000,71W,7,2026,9,30,0,19.2,141.1,96000.0,2026-09-30,2026-09-30,960.0
20260930,000000,71W,7,2026,9,30,0,19.8,141.1,95800.0,2026-09-30,2026-09-30,958.0
20260930,000000,71W,7,2026,9,30,0,20.400000000000002,140.9,95900.0,2026-09-30,2026-09-30,959.0
20260930,000000,71W,7,2026,9,30,0,20.7,141.1,96000.0,2026-09-30,2026-09-30,960.0
20260930,000000,71W,7,2026,9,30,0,21.5,141.1,95400.0,2026-09-30,2026-09-30,954.0
20260930,000000,71W,7,2026,9,30,0,22.3,140.6,95300.0,2026-09-30,2026-09-30,953.0
20260930,000000,71W,7,2026,9,30,0,23.5,140.9,95400.0,2026-09-30,2026-09-30,954.0
20260930,000000,71W,7,2026,9,30,0,24.3,140.6,95500.0,2026-09-30,2026-09-30,955.0
20260930,000000,71W,7,2026,9,30,0,25.7,140.6,95400.0,2026-09-30,2026-09-30,954.0
20260930,000000,71W,7,2026,9,30,0,27.1,140.6,95600.0,2026-09-30,2026-09-30,956.0
20260930,000000,71W,7,2026,9,30,0,28.8,140.9,95900.0,2026-09-30,2026-09-30,959.0
20260930,000000,71W,7,2026,9,30,0,30.7,141.6,96200.0,2026-09-30,2026-09-30,962.0
20260930,000000,71W,7,2026,9,30,0,32.8,143.1,96700.0,2026-09-30,2026-09-30,967.0
20260930,000000,71W,7,2026,9,30,0,35.6,144.5,97300.0,2026-09-30,2026-09-30,973.0
20260930,000000,71W,7,2026,9,30,0,37.800000000000004,147.3,97400.0,2026-09-30,2026-09-30,974.0
20260930,000000,71W,7,2026,9,30,0,41.2,151.0,98100.0,2026-09-30,2026-09-30,981.0
20260930,000000,71W,8,2026,9,30,0,16.1,151.5,99800.0,2026-09-30,2026-09-30,998.0
20260930,000000,71W,8,2026,9,30,0,16.7,150.4,100100.0,2026-09-30,2026-09-30,1001.0
20260930,000000,71W,8,2026,9,30,0,17.0,149.3,99600.0,2026-09-30,2026-09-30,996.0
20260930,000000,71W,8,2026,9,30,0,17.0,148.20000000000002,99600.0,2026-09-30,2026-09-30,996.0
20260930,000000,71W,8,2026,9,30,0,17.6,147.3,99200.0,2026-09-30,2026-09-30,992.0
20260930,000000,71W,8,2026,9,30,0,17.0,146.20000000000002,99100.0,2026-09-30,2026-09-30,991.0
20260930,000000,71W,8,2026,9,30,0,17.8,146.20000000000002,98800.0,2026-09-30,2026-09-30,988.0
20260930,000000,71W,8,2026,9,30,0,17.8,145.6,98600.0,2026-09-30,2026-09-30,986.0
20260930,000000,71W,8,2026,9,30,0,18.400000000000002,145.1,98100.0,2026-09-30,2026-09-30,981.0
20260930,000000,71W,8,2026,9,30,0,19.0,145.1,97800.0,2026-09-30,2026-09-30,978.0
20260930,000000,71W,8,2026,9,30,0,19.2,145.4,97100.0,2026-09-30,2026-09-30,971.0
20260930,000000,71W,8,2026,9,30,0,19.8,145.6,97100.0,2026-09-30,2026-09-30,971.0
20260930,000000,71W,8,2026,9,30,0,20.900000000000002,145.6,96300.0,2026-09-30,2026-09-30,963.0
20260930,000000,71W,8,2026,9,30,0,21.2,145.4,96800.0,2026-09-30,2026-09-30,968.0
20260930,000000,71W,8,2026,9,30,0,21.8,145.6,96700.0,2026-09-30,2026-09-30,967.0
20260930,000000,71W,8,2026,9,30,0,22.6,145.9,96900.0,2026-09-30,2026-09-30,969.0
20260930,000000,71W,8,2026,9,30,0,23.2,146.20000000000002,96700.0,2026-09-30,2026-09-30,967.0
20260930,000000,71W,8,2026,9,30,0,24.3,145.9,97000.0,2026-09-30,2026-09-30,970.0
20260930,000000,71W,8,2026,9,30,0,25.2,145.6,96800.0,2026-09-30,2026-09-30,968.0
20260930,000000,71W,8,2026,9,30,0,26.6,145.6,97000.0,2026-09-30,2026-09-30,970.0
20260930,000000,71W,8,2026,9,30,0,28.3,145.4,97000.0,2026-09-30,2026-09-30,970.0
20260930,000000,71W,8,2026,9,30,0,30.0,145.6,97000.0,2026-09-30,2026-09-30,970.0
20260930,000000,71W,8,2026,9,30,0,32.5,146.8,97000.0,2026-09-30,2026-09-30,970.0
20260930,000000,71W,8,2026,9,30,0,35.0,148.70000000000002,97700.0,2026-09-30,2026-09-30,977.0
20260930,000000,71W,8,2026,9,30,0,38.7,152.1,98000.0,2026-09-30,2026-09-30,980.0
20260930,000000,71W,8,2026,9,30,0,44.0,156.9,98500.0,2026-09-30,2026-09-30,985.0
20260930,000000,71W,9,2026,9,30,0,13.0,163.6,101100.0,2026-09-30,2026-09-30,1011.0
20260930,000000,71W,9,2026,9,30,0,12.5,163.6,100800.0,2026-09-30,2026-09-30,1008.0
20260930,000000,71W,9,2026,9,30,0,13.6,164.5,100700.0,2026-09-30,2026-09-30,1007.0
20260930,000000,71W,9,2026,9,30,0,14.200000000000001,163.6,100900.0,2026-09-30,2026-09-30,1009.0
20260930,000000,71W,9,2026,9,30,0,13.9,162.5,100700.0,2026-09-30,2026-09-30,1007.0
20260930,000000,71W,9,2026,9,30,0,14.700000000000001,162.20000000000002,100800.0,2026-09-30,2026-09-30,1008.0
20260930,000000,71W,9,2026,9,30,0,13.6,163.4,100600.0,2026-09-30,2026-09-30,1006.0
20260930,000000,71W,9,2026,9,30,0,14.200000000000001,162.4,100800.0,2026-09-30,2026-09-30,1008.0
20260930,000000,71W,9,2026,9,30,0,14.6,162.70000000000002,100400.0,2026-09-30,2026-09-30,1004.0
20260930,000000,71W,9,2026,9,30,0,14.700000000000001,162.20000000000002,100300.0,2026-09-30,2026-09-30,1003.0
20260930,000000,71W,9,2026,9,30,0,14.700000000000001,162.5,100100.0,2026-09-30,2026-09-30,1001.0
20260930,000000,71W,9,2026,9,30,0,15.3,162.20000000000002,100000.0,2026-09-30,2026-09-30,1000.0
20260930,000000,71W,9,2026,9,30,0,15.6,161.70000000000002,99700.0,2026-09-30,2026-09-30,997.0
20260930,000000,71W,9,2026,9,30,0,16.1,161.4,99500.0,2026-09-30,2026-09-30,995.0
20260930,000000,71W,9,2026,9,30,0,16.1,161.1,99100.0,2026-09-30,2026-09-30,991.0
20260930,000000,71W,9,2026,9,30,0,16.1,161.1,99100.0,2026-09-30,2026-09-30,991.0
20260930,000000,71W,9,2026,9,30,0,16.7,160.5,98400.0,2026-09-30,2026-09-30,984.0
20260930,000000,71W,9,2026,9,30,0,17.0,159.70000000000002,98400.0,2026-09-30,2026-09-30,984.0
20260930,000000,71W,9,2026,9,30,0,17.0,159.70000000000002,97500.0,2026-09-30,2026-09-30,975.0
20260930,000000,71W,9,2026,9,30,0,17.8,159.1,97500.0,2026-09-30,2026-09-30,975.0
20260930,000000,71W,9,2026,9,30,0,18.1,158.6,96700.0,2026-09-30,2026-09-30,967.0
20260930,000000,71W,9,2026,9,30,0,18.400000000000002,157.70000000000002,96200.0,2026-09-30,2026-09-30,962.0
20260930,000000,71W,9,2026,9,30,0,19.2,156.6,96200.0,2026-09-30,2026-09-30,962.0
20260930,000000,71W,9,2026,9,30,0,19.8,155.5,95600.0,2026-09-30,2026-09-30,956.0
20260930,000000,71W,9,2026,9,30,0,20.1,154.9,95000.0,2026-09-30,2026-09-30,950.0
20260930,000000,71W,9,2026,9,30,0,20.7,153.8,95400.0,2026-09-30,2026-09-30,954.0
20260930,000000,71W,9,2026,9,30,0,20.900000000000002,153.5,94600.0,2026-09-30,2026-09-30,946.0
20260930,000000,71W,9,2026,9,30,0,21.2,153.0,94800.0,2026-09-30,2026-09-30,948.0
20260930,000000,71W,9,2026,9,30,0,21.8,152.8,94700.0,2026-09-30,2026-09-30,947.0
20260930,000000,71W,9,2026,9,30,0,22.900000000000002,152.4,95000.0,2026-09-30,2026-09-30,950.0
20260930,000000,71W,9,2026,9,30,0,23.5,152.4,94300.0,2026-09-30,2026-09-30,943.0
20260930,000000,71W,9,2026,9,30,0,24.6,152.70000000000002,94900.0,2026-09-30,2026-09-30,949.0
20260930,000000,71W,9,2026,9,30,0,25.7,152.70000000000002,95200.0,2026-09-30,2026-09-30,952.0
20260930,000000,71W,9,2026,9,30,0,27.1,152.70000000000002,95300.0,2026-09-30,2026-09-30,953.0
20260930,000000,71W,9,2026,9,30,0,28.3,152.4,96000.0,2026-09-30,2026-09-30,960.0
20260930,000000,71W,9,2026,9,30,0,29.400000000000002,152.4,96500.0,2026-09-30,2026-09-30,965.0
20260930,000000,71W,9,2026,9,30,0,31.1,151.8,96600.0,2026-09-30,2026-09-30,966.0
20260930,000000,71W,9,2026,9,30,0,32.2,152.4,96700.0,2026-09-30,2026-09-30,967.0
20260930,000000,71W,9,2026,9,30,0,33.6,152.4,96800.0,2026-09-30,2026-09-30,968.0
20260930,000000,71W,9,2026,9,30,0,34.5,153.5,97100.0,2026-09-30,2026-09-30,971.0
20260930,000000,71W,9,2026,9,30,0,35.9,154.6,97300.0,2026-09-30,2026-09-30,973.0
20260930,000000,71W,9,2026,9,30,0,36.4,155.8,97600.0,2026-09-30,2026-09-30,976.0
20260930,000000,71W,9,2026,9,30,0,37.300000000000004,158.0,97900.0,2026-09-30,2026-09-30,979.0
20260930,000000,71W,9,2026,9,30,0,38.4,160.3,97900.0,2026-09-30,2026-09-30,979.0
20260930,000000,71W,10,2026,9,30,0,15.6,151.3,99700.0,2026-09-30,2026-09-30,997.0
20260930,000000,71W,10,2026,9,30,0,16.1,151.0,100100.0,2026-09-30,2026-09-30,1001.0
20260930,000000,71W,10,2026,9,30,0,16.5,149.0,99800.0,2026-09-30,2026-09-30,998.0
20260930,000000,71W,10,2026,9,30,0,16.7,147.9,99900.0,2026-09-30,2026-09-30,999.0
20260930,000000,71W,10,2026,9,30,0,16.7,147.6,99400.0,2026-09-30,2026-09-30,994.0
20260930,000000,71W,10,2026,9,30,0,16.7,146.5,99500.0,2026-09-30,2026-09-30,995.0
20260930,000000,71W,10,2026,9,30,0,16.7,145.9,99100.0,2026-09-30,2026-09-30,991.0
20260930,000000,71W,10,2026,9,30,0,17.3,145.6,99000.0,2026-09-30,2026-09-30,990.0
20260930,000000,71W,10,2026,9,30,0,17.7,145.70000000000002,98400.0,2026-09-30,2026-09-30,984.0
20260930,000000,71W,10,2026,9,30,0,18.2,146.0,98200.0,2026-09-30,2026-09-30,982.0
20260930,000000,71W,10,2026,9,30,0,18.7,145.9,97700.0,2026-09-30,2026-09-30,977.0
20260930,000000,71W,10,2026,9,30,0,19.5,146.5,97500.0,2026-09-30,2026-09-30,975.0
20260930,000000,71W,10,2026,9,30,0,20.400000000000002,147.3,96900.0,2026-09-30,2026-09-30,969.0
20260930,000000,71W,10,2026,9,30,0,21.5,147.9,96300.0,2026-09-30,2026-09-30,963.0
20260930,000000,71W,10,2026,9,30,0,21.8,147.9,96100.0,2026-09-30,2026-09-30,961.0
20260930,000000,71W,10,2026,9,30,0,22.6,148.70000000000002,96400.0,2026-09-30,2026-09-30,964.0
20260930,000000,71W,10,2026,9,30,0,23.8,148.70000000000002,96300.0,2026-09-30,2026-09-30,963.0
20260930,000000,71W,10,2026,9,30,0,24.3,148.5,96300.0,2026-09-30,2026-09-30,963.0
20260930,000000,71W,10,2026,9,30,0,25.2,148.70000000000002,96100.0,2026-09-30,2026-09-30,961.0
20260930,000000,71W,10,2026,9,30,0,26.0,148.5,96200.0,2026-09-30,2026-09-30,962.0
20260930,000000,71W,10,2026,9,30,0,27.1,148.5,96300.0,2026-09-30,2026-09-30,963.0
20260930,000000,71W,10,2026,9,30,0,28.3,148.5,96600.0,2026-09-30,2026-09-30,966.0
20260930,000000,71W,10,2026,9,30,0,29.7,148.5,96500.0,2026-09-30,2026-09-30,965.0
20260930,000000,71W,10,2026,9,30,0,31.6,149.6,97100.0,2026-09-30,2026-09-30,971.0
20260930,000000,71W,10,2026,9,30,0,33.9,149.9,97300.0,2026-09-30,2026-09-30,973.0
20260930,000000,71W,10,2026,9,30,0,35.300000000000004,151.8,97800.0,2026-09-30,2026-09-30,978.0
20260930,000000,71W,10,2026,9,30,0,37.800000000000004,154.6,97800.0,2026-09-30,2026-09-30,978.0
20260930,000000,71W,10,2026,9,30,0,40.7,158.70000000000002,97800.0,2026-09-30,2026-09-30,978.0
20260930,000000,71W,10,2026,9,30,0,43.5,162.20000000000002,98200.0,2026-09-30,2026-09-30,982.0
20260930,000000,71W,11,2026,9,30,0,15.6,151.3,99500.0,2026-09-30,2026-09-30,995.0
20260930,000000,71W,11,2026,9,30,0,15.6,151.0,99500.0,2026-09-30,2026-09-30,995.0
20260930,000000,71W,11,2026,9,30,0,15.9,150.70000000000002,99100.0,2026-09-30,2026-09-30,991.0
20260930,000000,71W,11,2026,9,30,0,15.9,149.6,99100.0,2026-09-30,2026-09-30,991.0
20260930,000000,71W,11,2026,9,30,0,15.9,149.3,98500.0,2026-09-30,2026-09-30,985.0
20260930,000000,71W,11,2026,9,30,0,15.9,148.70000000000002,98400.0,2026-09-30,2026-09-30,984.0
20260930,000000,71W,11,2026,9,30,0,15.9,148.70000000000002,98100.0,2026-09-30,2026-09-30,981.0
20260930,000000,71W,11,2026,9,30,0,16.7,148.70000000000002,97700.0,2026-09-30,2026-09-30,977.0
20260930,000000,71W,11,2026,9,30,0,17.0,148.70000000000002,97400.0,2026-09-30,2026-09-30,974.0
20260930,000000,71W,11,2026,9,30,0,17.6,149.6,97100.0,2026-09-30,2026-09-30,971.0
20260930,000000,71W,11,2026,9,30,0,18.400000000000002,150.1,96900.0,2026-09-30,2026-09-30,969.0
20260930,000000,71W,11,2026,9,30,0,19.8,150.70000000000002,96700.0,2026-09-30,2026-09-30,967.0
20260930,000000,71W,11,2026,9,30,0,20.900000000000002,151.0,96500.0,2026-09-30,2026-09-30,965.0
20260930,000000,71W,11,2026,9,30,0,22.1,151.5,96700.0,2026-09-30,2026-09-30,967.0
20260930,000000,71W,11,2026,9,30,0,23.2,151.0,96200.0,2026-09-30,2026-09-30,962.0
20260930,000000,71W,11,2026,9,30,0,24.3,150.70000000000002,96200.0,2026-09-30,2026-09-30,962.0
20260930,000000,71W,11,2026,9,30,0,25.2,150.4,96000.0,2026-09-30,2026-09-30,960.0
20260930,000000,71W,11,2026,9,30,0,25.7,149.9,96100.0,2026-09-30,2026-09-30,961.0
20260930,000000,71W,11,2026,9,30,0,26.900000000000002,149.0,96300.0,2026-09-30,2026-09-30,963.0
20260930,000000,71W,11,2026,9,30,0,28.0,148.5,96200.0,2026-09-30,2026-09-30,962.0
20260930,000000,71W,11,2026,9,30,0,29.400000000000002,148.5,95700.0,2026-09-30,2026-09-30,957.0
20260930,000000,71W,11,2026,9,30,0,31.400000000000002,148.70000000000002,95800.0,2026-09-30,2026-09-30,958.0
20260930,000000,71W,11,2026,9,30,0,34.2,149.6,96400.0,2026-09-30,2026-09-30,964.0
20260930,000000,71W,11,2026,9,30,0,38.1,151.8,97500.0,2026-09-30,2026-09-30,975.0
20260930,000000,71W,11,2026,9,30,0,42.300000000000004,154.4,97300.0,2026-09-30,2026-09-30,973.0
20260930,000000,71W,11,2026,9,30,0,46.6,156.9,96900.0,2026-09-30,2026-09-30,969.0
20260930,000000,71W,11,2026,9,30,0,51.2,161.20000000000002,95600.0,2026-09-30,2026-09-30,956.0
20260930,000000,71W,12,2026,9,30,0,16.7,150.4,100200.0,2026-09-30,2026-09-30,1002.0
20260930,000000,71W,12,2026,9,30,0,17.3,149.3,100400.0,2026-09-30,2026-09-30,1004.0
20260930,000000,71W,12,2026,9,30,0,17.3,148.70000000000002,100100.0,2026-09-30,2026-09-30,1001.0
20260930,000000,71W,12,2026,9,30,0,17.0,146.5,100100.0,2026-09-30,2026-09-30,1001.0
20260930,000000,71W,12,2026,9,30,0,17.6,145.9,99800.0,2026-09-30,2026-09-30,998.0
20260930,000000,71W,12,2026,9,30,0,17.3,143.70000000000002,99700.0,2026-09-30,2026-09-30,997.0
20260930,000000,71W,12,2026,9,30,0,17.2,142.8,99200.0,2026-09-30,2026-09-30,992.0
20260930,000000,71W,12,2026,9,30,0,17.6,142.3,99100.0,2026-09-30,2026-09-30,991.0
20260930,000000,71W,12,2026,9,30,0,17.8,141.1,98600.0,2026-09-30,2026-09-30,986.0
20260930,000000,71W,12,2026,9,30,0,18.1,141.1,98400.0,2026-09-30,2026-09-30,984.0
20260930,000000,71W,12,2026,9,30,0,17.8,140.0,97800.0,2026-09-30,2026-09-30,978.0
20260930,000000,71W,12,2026,9,30,0,18.400000000000002,140.3,97900.0,2026-09-30,2026-09-30,979.0
20260930,000000,71W,12,2026,9,30,0,19.2,140.0,97500.0,2026-09-30,2026-09-30,975.0
20260930,000000,71W,12,2026,9,30,0,19.2,139.70000000000002,97500.0,2026-09-30,2026-09-30,975.0
20260930,000000,71W,12,2026,9,30,0,19.8,139.70000000000002,97000.0,2026-09-30,2026-09-30,970.0
20260930,000000,71W,12,2026,9,30,0,20.1,139.5,97400.0,2026-09-30,2026-09-30,974.0
20260930,000000,71W,12,2026,9,30,0,20.7,139.5,97000.0,2026-09-30,2026-09-30,970.0
20260930,000000,71W,12,2026,9,30,0,21.2,139.5,96900.0,2026-09-30,2026-09-30,969.0
20260930,000000,71W,12,2026,9,30,0,22.1,139.20000000000002,96400.0,2026-09-30,2026-09-30,964.0
20260930,000000,71W,12,2026,9,30,0,22.3,139.20000000000002,96400.0,2026-09-30,2026-09-30,964.0
20260930,000000,71W,12,2026,9,30,0,23.5,139.20000000000002,95700.0,2026-09-30,2026-09-30,957.0
20260930,000000,71W,12,2026,9,30,0,24.6,139.20000000000002,95500.0,2026-09-30,2026-09-30,955.0
20260930,000000,71W,12,2026,9,30,0,25.2,139.5,95000.0,2026-09-30,2026-09-30,950.0
20260930,000000,71W,12,2026,9,30,0,26.3,139.70000000000002,95400.0,2026-09-30,2026-09-30,954.0
20260930,000000,71W,12,2026,9,30,0,27.400000000000002,139.5,94800.0,2026-09-30,2026-09-30,948.0
20260930,000000,71W,12,2026,9,30,0,28.8,139.70000000000002,94600.0,2026-09-30,2026-09-30,946.0
20260930,000000,71W,12,2026,9,30,0,30.2,140.3,95900.0,2026-09-30,2026-09-30,959.0
20260930,000000,71W,12,2026,9,30,0,31.900000000000002,140.9,95900.0,2026-09-30,2026-09-30,959.0
20260930,000000,71W,12,2026,9,30,0,33.6,142.0,96300.0,2026-09-30,2026-09-30,963.0
20260930,000000,71W,12,2026,9,30,0,35.6,143.1,96400.0,2026-09-30,2026-09-30,964.0
20260930,000000,71W,12,2026,9,30,0,38.1,144.70000000000002,96900.0,2026-09-30,2026-09-30,969.0
20260930,000000,71W,12,2026,9,30,0,40.7,147.0,97100.0,2026-09-30,2026-09-30,971.0
20260930,000000,71W,12,2026,9,30,0,42.6,150.1,97400.0,2026-09-30,2026-09-30,974.0
20260930,000000,71W,12,2026,9,30,0,44.0,154.1,97900.0,2026-09-30,2026-09-30,979.0
20260930,000000,71W,12,2026,9,30,0,46.0,159.70000000000002,98100.0,2026-09-30,2026-09-30,981.0
20260930,000000,71W,12,2026,9,30,0,47.4,168.1,97800.0,2026-09-30,2026-09-30,978.0
20260930,000000,71W,13,2026,9,30,0,16.7,151.3,99900.0,2026-09-30,2026-09-30,999.0
20260930,000000,71W,13,2026,9,30,0,16.7,150.1,100100.0,2026-09-30,2026-09-30,1001.0
20260930,000000,71W,13,2026,9,30,0,16.4,149.6,99700.0,2026-09-30,2026-09-30,997.0
20260930,000000,71W,13,2026,9,30,0,16.4,148.70000000000002,99900.0,2026-09-30,2026-09-30,999.0
20260930,000000,71W,13,2026,9,30,0,15.6,147.6,99200.0,2026-09-30,2026-09-30,992.0
20260930,000000,71W,13,2026,9,30,0,15.9,147.3,99500.0,2026-09-30,2026-09-30,995.0
20260930,000000,71W,13,2026,9,30,0,16.1,147.3,98800.0,2026-09-30,2026-09-30,988.0
20260930,000000,71W,13,2026,9,30,0,15.9,147.3,98700.0,2026-09-30,2026-09-30,987.0
20260930,000000,71W,13,2026,9,30,0,16.4,147.6,98100.0,2026-09-30,2026-09-30,981.0
20260930,000000,71W,13,2026,9,30,0,16.7,147.9,97800.0,2026-09-30,2026-09-30,978.0
20260930,000000,71W,13,2026,9,30,0,17.6,148.20000000000002,97100.0,2026-09-30,2026-09-30,971.0
20260930,000000,71W,13,2026,9,30,0,18.400000000000002,148.5,96500.0,2026-09-30,2026-09-30,965.0
20260930,000000,71W,13,2026,9,30,0,19.2,148.70000000000002,96200.0,2026-09-30,2026-09-30,962.0
20260930,000000,71W,13,2026,9,30,0,20.400000000000002,149.3,95600.0,2026-09-30,2026-09-30,956.0
20260930,000000,71W,13,2026,9,30,0,21.2,149.6,95600.0,2026-09-30,2026-09-30,956.0
20260930,000000,71W,13,2026,9,30,0,22.3,149.6,95400.0,2026-09-30,2026-09-30,954.0
20260930,000000,71W,13,2026,9,30,0,23.5,149.6,95500.0,2026-09-30,2026-09-30,955.0
20260930,000000,71W,13,2026,9,30,0,24.6,149.3,95600.0,2026-09-30,2026-09-30,956.0
20260930,000000,71W,13,2026,9,30,0,25.400000000000002,149.0,94900.0,2026-09-30,2026-09-30,949.0
20260930,000000,71W,13,2026,9,30,0,26.6,148.70000000000002,95400.0,2026-09-30,2026-09-30,954.0
20260930,000000,71W,13,2026,9,30,0,27.400000000000002,148.20000000000002,95400.0,2026-09-30,2026-09-30,954.0
20260930,000000,71W,13,2026,9,30,0,29.1,147.6,95800.0,2026-09-30,2026-09-30,958.0
20260930,000000,71W,13,2026,9,30,0,30.2,147.6,95300.0,2026-09-30,2026-09-30,953.0
20260930,000000,71W,13,2026,9,30,0,31.6,148.20000000000002,95900.0,2026-09-30,2026-09-30,959.0
20260930,000000,71W,13,2026,9,30,0,33.6,148.70000000000002,96200.0,2026-09-30,2026-09-30,962.0
20260930,000000,71W,13,2026,9,30,0,36.1,150.70000000000002,96600.0,2026-09-30,2026-09-30,966.0
20260930,000000,71W,13,2026,9,30,0,39.5,153.20000000000002,97300.0,2026-09-30,2026-09-30,973.0
20260930,000000,71W,13,2026,9,30,0,42.300000000000004,156.6,97400.0,2026-09-30,2026-09-30,974.0
20260930,000000,71W,13,2026,9,30,0,45.2,161.70000000000002,97500.0,2026-09-30,2026-09-30,975.0
20260930,000000,71W,13,2026,9,30,0,47.1,165.9,97300.0,2026-09-30,2026-09-30,973.0
20260930,000000,71W,13,2026,9,30,0,48.2,170.5,97000.0,2026-09-30,2026-09-30,970.0
20260930,000000,71W,13,2026,9,30,0,48.0,178.0,96400.0,2026-09-30,2026-09-30,964.0
20260930,000000,71W,14,2026,9,30,0,16.1,151.8,99700.0,2026-09-30,2026-09-30,997.0
20260930,000000,71W,14,2026,9,30,0,15.9,150.4,100000.0,2026-09-30,2026-09-30,1000.0
20260930,000000,71W,14,2026,9,30,0,15.3,150.1,99300.0,2026-09-30,2026-09-30,993.0
20260930,000000,71W,14,2026,9,30,0,15.6,150.1,99500.0,2026-09-30,2026-09-30,995.0
20260930,000000,71W,14,2026,9,30,0,16.1,150.1,99100.0,2026-09-30,2026-09-30,991.0
20260930,000000,71W,14,2026,9,30,0,15.9,149.3,99100.0,2026-09-30,2026-09-30,991.0
20260930,000000,71W,14,2026,9,30,0,15.9,149.6,98800.0,2026-09-30,2026-09-30,988.0
20260930,000000,71W,14,2026,9,30,0,15.9,149.0,98700.0,2026-09-30,2026-09-30,987.0
20260930,000000,71W,14,2026,9,30,0,17.3,149.0,97900.0,2026-09-30,2026-09-30,979.0
20260930,000000,71W,14,2026,9,30,0,18.400000000000002,149.6,97600.0,2026-09-30,2026-09-30,976.0
20260930,000000,71W,14,2026,9,30,0,19.0,149.3,97300.0,2026-09-30,2026-09-30,973.0
20260930,000000,71W,14,2026,9,30,0,19.8,150.1,97100.0,2026-09-30,2026-09-30,971.0
20260930,000000,71W,14,2026,9,30,0,21.2,150.1,96800.0,2026-09-30,2026-09-30,968.0
20260930,000000,71W,14,2026,9,30,0,21.8,150.4,96600.0,2026-09-30,2026-09-30,966.0
20260930,000000,71W,14,2026,9,30,0,22.900000000000002,150.70000000000002,96300.0,2026-09-30,2026-09-30,963.0
20260930,000000,71W,14,2026,9,30,0,23.8,150.4,96300.0,2026-09-30,2026-09-30,963.0
20260930,000000,71W,14,2026,9,30,0,24.6,150.4,96300.0,2026-09-30,2026-09-30,963.0
20260930,000000,71W,14,2026,9,30,0,25.2,150.1,96400.0,2026-09-30,2026-09-30,964.0
20260930,000000,71W,14,2026,9,30,0,26.3,149.3,96300.0,2026-09-30,2026-09-30,963.0
20260930,000000,71W,14,2026,9,30,0,27.1,149.0,96300.0,2026-09-30,2026-09-30,963.0
20260930,000000,71W,14,2026,9,30,0,28.3,148.70000000000002,96000.0,2026-09-30,2026-09-30,960.0
20260930,000000,71W,14,2026,9,30,0,29.7,148.4,96300.0,2026-09-30,2026-09-30,963.0
20260930,000000,71W,14,2026,9,30,0,31.400000000000002,148.5,96500.0,2026-09-30,2026-09-30,965.0
20260930,000000,71W,14,2026,9,30,0,33.0,149.6,97200.0,2026-09-30,2026-09-30,972.0
20260930,000000,71W,14,2026,9,30,0,34.7,151.5,97400.0,2026-09-30,2026-09-30,974.0
20260930,000000,71W,14,2026,9,30,0,37.0,153.8,97900.0,2026-09-30,2026-09-30,979.0
20260930,000000,71W,14,2026,9,30,0,39.0,156.9,97900.0,2026-09-30,2026-09-30,979.0
20260930,000000,71W,14,2026,9,30,0,40.9,162.0,98200.0,2026-09-30,2026-09-30,982.0
20260930,000000,71W,14,2026,9,30,0,42.1,167.6,98400.0,2026-09-30,2026-09-30,984.0
20260930,000000,71W,15,2026,9,30,0,15.9,149.9,99500.0,2026-09-30,2026-09-30,995.0
20260930,000000,71W,15,2026,9,30,0,16.1,149.0,99600.0,2026-09-30,2026-09-30,996.0
20260930,000000,71W,15,2026,9,30,0,16.4,148.20000000000002,99500.0,2026-09-30,2026-09-30,995.0
20260930,000000,71W,15,2026,9,30,0,17.0,146.8,99600.0,2026-09-30,2026-09-30,996.0
20260930,000000,71W,15,2026,9,30,0,17.0,145.6,98700.0,2026-09-30,2026-09-30,987.0
20260930,000000,71W,15,2026,9,30,0,16.7,145.1,98800.0,2026-09-30,2026-09-30,988.0
20260930,000000,71W,15,2026,9,30,0,17.0,144.0,98100.0,2026-09-30,2026-09-30,981.0
20260930,000000,71W,15,2026,9,30,0,17.0,144.0,98400.0,2026-09-30,2026-09-30,984.0
20260930,000000,71W,15,2026,9,30,0,17.8,143.1,97800.0,2026-09-30,2026-09-30,978.0
20260930,000000,71W,15,2026,9,30,0,17.8,143.1,97500.0,2026-09-30,2026-09-30,975.0
20260930,000000,71W,15,2026,9,30,0,18.7,143.1,97100.0,2026-09-30,2026-09-30,971.0
20260930,000000,71W,15,2026,9,30,0,19.2,143.4,97300.0,2026-09-30,2026-09-30,973.0
20260930,000000,71W,15,2026,9,30,0,20.1,143.70000000000002,96600.0,2026-09-30,2026-09-30,966.0
20260930,000000,71W,15,2026,9,30,0,21.2,144.0,96600.0,2026-09-30,2026-09-30,966.0
20260930,000000,71W,15,2026,9,30,0,21.8,144.20000000000002,96200.0,2026-09-30,2026-09-30,962.0
20260930,000000,71W,15,2026,9,30,0,22.6,144.0,96500.0,2026-09-30,2026-09-30,965.0
20260930,000000,71W,15,2026,9,30,0,23.5,144.5,96300.0,2026-09-30,2026-09-30,963.0
20260930,000000,71W,15,2026,9,30,0,24.3,144.0,96400.0,2026-09-30,2026-09-30,964.0
20260930,000000,71W,15,2026,9,30,0,24.900000000000002,144.5,96300.0,2026-09-30,2026-09-30,963.0
20260930,000000,71W,15,2026,9,30,0,26.0,144.5,96300.0,2026-09-30,2026-09-30,963.0
20260930,000000,71W,15,2026,9,30,0,27.1,144.70000000000002,96200.0,2026-09-30,2026-09-30,962.0
20260930,000000,71W,15,2026,9,30,0,28.8,145.4,96600.0,2026-09-30,2026-09-30,966.0
20260930,000000,71W,15,2026,9,30,0,30.8,145.6,96200.0,2026-09-30,2026-09-30,962.0
20260930,000000,71W,15,2026,9,30,0,32.2,147.0,96700.0,2026-09-30,2026-09-30,967.0
20260930,000000,71W,15,2026,9,30,0,34.6,148.70000000000002,96500.0,2026-09-30,2026-09-30,965.0
20260930,000000,71W,15,2026,9,30,0,37.300000000000004,151.3,96900.0,2026-09-30,2026-09-30,969.0
20260930,000000,71W,15,2026,9,30,0,40.7,154.9,97100.0,2026-09-30,2026-09-30,971.0
20260930,000000,71W,15,2026,9,30,0,43.800000000000004,159.70000000000002,97200.0,2026-09-30,2026-09-30,972.0
20260930,000000,71W,15,2026,9,30,0,46.4,163.6,97100.0,2026-09-30,2026-09-30,971.0
20260930,000000,71W,16,2026,9,30,0,16.7,151.5,100300.0,2026-09-30,2026-09-30,1003.0
20260930,000000,71W,16,2026,9,30,0,17.6,150.1,100500.0,2026-09-30,2026-09-30,1005.0
20260930,000000,71W,16,2026,9,30,0,17.3,148.5,100200.0,2026-09-30,2026-09-30,1002.0
20260930,000000,71W,16,2026,9,30,0,17.3,147.0,100400.0,2026-09-30,2026-09-30,1004.0
20260930,000000,71W,16,2026,9,30,0,17.7,145.6,100000.0,2026-09-30,2026-09-30,1000.0
20260930,000000,71W,16,2026,9,30,0,17.5,144.9,100000.0,2026-09-30,2026-09-30,1000.0
20260930,000000,71W,16,2026,9,30,0,17.0,143.4,99400.0,2026-09-30,2026-09-30,994.0
20260930,000000,71W,16,2026,9,30,0,17.6,142.8,99300.0,2026-09-30,2026-09-30,993.0
20260930,000000,71W,16,2026,9,30,0,17.6,142.0,98800.0,2026-09-30,2026-09-30,988.0
20260930,000000,71W,16,2026,9,30,0,17.6,141.70000000000002,98700.0,2026-09-30,2026-09-30,987.0
20260930,000000,71W,16,2026,9,30,0,18.1,141.1,98000.0,2026-09-30,2026-09-30,980.0
20260930,000000,71W,16,2026,9,30,0,18.1,140.6,98100.0,2026-09-30,2026-09-30,981.0
20260930,000000,71W,16,2026,9,30,0,18.7,140.3,97400.0,2026-09-30,2026-09-30,974.0
20260930,000000,71W,16,2026,9,30,0,18.7,139.70000000000002,97200.0,2026-09-30,2026-09-30,972.0
20260930,000000,71W,16,2026,9,30,0,19.0,139.5,96300.0,2026-09-30,2026-09-30,963.0
20260930,000000,71W,16,2026,9,30,0,19.0,138.9,96300.0,2026-09-30,2026-09-30,963.0
20260930,000000,71W,16,2026,9,30,0,19.2,138.9,95300.0,2026-09-30,2026-09-30,953.0
20260930,000000,71W,16,2026,9,30,0,19.5,138.9,95200.0,2026-09-30,2026-09-30,952.0
20260930,000000,71W,16,2026,9,30,0,19.8,138.6,94800.0,2026-09-30,2026-09-30,948.0
20260930,000000,71W,16,2026,9,30,0,20.400000000000002,138.6,94300.0,2026-09-30,2026-09-30,943.0
20260930,000000,71W,16,2026,9,30,0,20.7,138.6,94500.0,2026-09-30,2026-09-30,945.0
20260930,000000,71W,16,2026,9,30,0,21.2,138.6,95200.0,2026-09-30,2026-09-30,952.0
20260930,000000,71W,16,2026,9,30,0,22.1,138.6,95500.0,2026-09-30,2026-09-30,955.0
20260930,000000,71W,16,2026,9,30,0,22.900000000000002,138.3,95700.0,2026-09-30,2026-09-30,957.0
20260930,000000,71W,16,2026,9,30,0,23.5,138.0,95700.0,2026-09-30,2026-09-30,957.0
20260930,000000,71W,16,2026,9,30,0,23.8,137.8,96100.0,2026-09-30,2026-09-30,961.0
20260930,000000,71W,16,2026,9,30,0,24.3,137.20000000000002,95600.0,2026-09-30,2026-09-30,956.0
20260930,000000,71W,16,2026,9,30,0,24.6,136.9,95900.0,2026-09-30,2026-09-30,959.0
20260930,000000,71W,16,2026,9,30,0,25.2,136.9,96000.0,2026-09-30,2026-09-30,960.0
20260930,000000,71W,16,2026,9,30,0,26.0,137.20000000000002,96100.0,2026-09-30,2026-09-30,961.0
20260930,000000,71W,16,2026,9,30,0,26.5,137.1,96600.0,2026-09-30,2026-09-30,966.0
20260930,000000,71W,16,2026,9,30,0,27.7,137.5,97000.0,2026-09-30,2026-09-30,970.0
20260930,000000,71W,16,2026,9,30,0,29.1,137.8,96900.0,2026-09-30,2026-09-30,969.0
20260930,000000,71W,16,2026,9,30,0,31.1,138.0,97400.0,2026-09-30,2026-09-30,974.0
20260930,000000,71W,16,2026,9,30,0,34.2,136.9,97200.0,2026-09-30,2026-09-30,972.0
20260930,000000,71W,16,2026,9,30,0,37.300000000000004,136.6,97800.0,2026-09-30,2026-09-30,978.0
20260930,000000,71W,17,2026,9,30,0,15.6,151.8,99700.0,2026-09-30,2026-09-30,997.0
20260930,000000,71W,17,2026,9,30,0,16.1,151.8,100000.0,2026-09-30,2026-09-30,1000.0
20260930,000000,71W,17,2026,9,30,0,16.4,151.8,99700.0,2026-09-30,2026-09-30,997.0
20260930,000000,71W,17,2026,9,30,0,17.0,150.4,99700.0,2026-09-30,2026-09-30,997.0
20260930,000000,71W,17,2026,9,30,0,17.6,149.0,99200.0,2026-09-30,2026-09-30,992.0
20260930,000000,71W,17,2026,9,30,0,17.6,149.0,99100.0,2026-09-30,2026-09-30,991.0
20260930,000000,71W,17,2026,9,30,0,18.400000000000002,148.20000000000002,98800.0,2026-09-30,2026-09-30,988.0
20260930,000000,71W,17,2026,9,30,0,18.400000000000002,147.9,98800.0,2026-09-30,2026-09-30,988.0
20260930,000000,71W,17,2026,9,30,0,19.5,147.6,98300.0,2026-09-30,2026-09-30,983.0
20260930,000000,71W,17,2026,9,30,0,20.400000000000002,147.6,98000.0,2026-09-30,2026-09-30,980.0
20260930,000000,71W,17,2026,9,30,0,21.8,147.6,97300.0,2026-09-30,2026-09-30,973.0
20260930,000000,71W,17,2026,9,30,0,22.900000000000002,147.3,97000.0,2026-09-30,2026-09-30,970.0
20260930,000000,71W,17,2026,9,30,0,23.8,147.6,96700.0,2026-09-30,2026-09-30,967.0
20260930,000000,71W,17,2026,9,30,0,25.400000000000002,147.6,96500.0,2026-09-30,2026-09-30,965.0
20260930,000000,71W,17,2026,9,30,0,26.6,147.6,96200.0,2026-09-30,2026-09-30,962.0
20260930,000000,71W,17,2026,9,30,0,26.900000000000002,147.3,96400.0,2026-09-30,2026-09-30,964.0
20260930,000000,71W,17,2026,9,30,0,27.400000000000002,147.6,96300.0,2026-09-30,2026-09-30,963.0
20260930,000000,71W,17,2026,9,30,0,28.5,148.1,96800.0,2026-09-30,2026-09-30,968.0
20260930,000000,71W,17,2026,9,30,0,29.400000000000002,148.20000000000002,96500.0,2026-09-30,2026-09-30,965.0
20260930,000000,71W,17,2026,9,30,0,30.5,148.5,96500.0,2026-09-30,2026-09-30,965.0
20260930,000000,71W,17,2026,9,30,0,32.2,149.6,96600.0,2026-09-30,2026-09-30,966.0
20260930,000000,71W,17,2026,9,30,0,34.7,150.4,97300.0,2026-09-30,2026-09-30,973.0
20260930,000000,71W,17,2026,9,30,0,36.800000000000004,152.20000000000002,97400.0,2026-09-30,2026-09-30,974.0
20260930,000000,71W,17,2026,9,30,0,39.9,154.70000000000002,97400.0,2026-09-30,2026-09-30,974.0
20260930,000000,71W,17,2026,9,30,0,42.9,158.0,97400.0,2026-09-30,2026-09-30,974.0
20260930,000000,71W,17,2026,9,30,0,46.0,163.4,97900.0,2026-09-30,2026-09-30,979.0
20260930,000000,71W,18,2026,9,30,0,15.9,151.5,99800.0,2026-09-30,2026-09-30,998.0
20260930,000000,71W,18,2026,9,30,0,16.1,150.70000000000002,99800.0,2026-09-30,2026-09-30,998.0
20260930,000000,71W,18,2026,9,30,0,15.9,149.9,99100.0,2026-09-30,2026-09-30,991.0
20260930,000000,71W,18,2026,9,30,0,16.1,148.70000000000002,99300.0,2026-09-30,2026-09-30,993.0
20260930,000000,71W,18,2026,9,30,0,16.1,148.20000000000002,98700.0,2026-09-30,2026-09-30,987.0
20260930,000000,71W,18,2026,9,30,0,16.1,147.9,98400.0,2026-09-30,2026-09-30,984.0
20260930,000000,71W,18,2026,9,30,0,16.4,147.3,97900.0,2026-09-30,2026-09-30,979.0
20260930,000000,71W,18,2026,9,30,0,16.7,146.8,97600.0,2026-09-30,2026-09-30,976.0
20260930,000000,71W,18,2026,9,30,0,17.0,146.5,96900.0,2026-09-30,2026-09-30,969.0
20260930,000000,71W,18,2026,9,30,0,17.6,147.0,96900.0,2026-09-30,2026-09-30,969.0
20260930,000000,71W,18,2026,9,30,0,18.400000000000002,147.3,96900.0,2026-09-30,2026-09-30,969.0
20260930,000000,71W,18,2026,9,30,0,19.5,147.6,96800.0,2026-09-30,2026-09-30,968.0
20260930,000000,71W,18,2026,9,30,0,20.400000000000002,147.9,96500.0,2026-09-30,2026-09-30,965.0
20260930,000000,71W,18,2026,9,30,0,21.5,148.20000000000002,96300.0,2026-09-30,2026-09-30,963.0
20260930,000000,71W,18,2026,9,30,0,22.6,148.5,95900.0,2026-09-30,2026-09-30,959.0
20260930,000000,71W,18,2026,9,30,0,23.5,148.5,95900.0,2026-09-30,2026-09-30,959.0
20260930,000000,71W,18,2026,9,30,0,24.6,148.5,95800.0,2026-09-30,2026-09-30,958.0
20260930,000000,71W,18,2026,9,30,0,25.7,148.5,96000.0,2026-09-30,2026-09-30,960.0
20260930,000000,71W,18,2026,9,30,0,26.900000000000002,147.6,95900.0,2026-09-30,2026-09-30,959.0
20260930,000000,71W,18,2026,9,30,0,28.3,147.9,95700.0,2026-09-30,2026-09-30,957.0
20260930,000000,71W,18,2026,9,30,0,29.6,147.9,96000.0,2026-09-30,2026-09-30,960.0
20260930,000000,71W,18,2026,9,30,0,31.1,148.70000000000002,96500.0,2026-09-30,2026-09-30,965.0
20260930,000000,71W,18,2026,9,30,0,33.3,149.3,96400.0,2026-09-30,2026-09-30,964.0
20260930,000000,71W,18,2026,9,30,0,35.6,151.0,96800.0,2026-09-30,2026-09-30,968.0
20260930,000000,71W,18,2026,9,30,0,38.4,153.0,97200.0,2026-09-30,2026-09-30,972.0
20260930,000000,71W,18,2026,9,30,0,41.2,156.9,98200.0,2026-09-30,2026-09-30,982.0
20260930,000000,71W,18,2026,9,30,0,44.300000000000004,160.3,98100.0,2026-09-30,2026-09-30,981.0
20260930,000000,71W,19,2026,9,30,0,16.1,150.1,100300.0,2026-09-30,2026-09-30,1003.0
20260930,000000,71W,19,2026,9,30,0,17.0,150.4,100400.0,2026-09-30,2026-09-30,1004.0
20260930,000000,71W,19,2026,9,30,0,17.6,147.6,99900.0,2026-09-30,2026-09-30,999.0
20260930,000000,71W,19,2026,9,30,0,17.3,146.8,100100.0,2026-09-30,2026-09-30,1001.0
20260930,000000,71W,19,2026,9,30,0,17.0,145.1,99500.0,2026-09-30,2026-09-30,995.0
20260930,000000,71W,19,2026,9,30,0,17.3,144.5,99200.0,2026-09-30,2026-09-30,992.0
20260930,000000,71W,19,2026,9,30,0,17.6,143.4,99100.0,2026-09-30,2026-09-30,991.0
20260930,000000,71W,19,2026,9,30,0,17.8,143.1,99000.0,2026-09-30,2026-09-30,990.0
20260930,000000,71W,19,2026,9,30,0,18.400000000000002,142.3,98500.0,2026-09-30,2026-09-30,985.0
20260930,000000,71W,19,2026,9,30,0,18.400000000000002,142.0,98400.0,2026-09-30,2026-09-30,984.0
20260930,000000,71W,19,2026,9,30,0,18.7,141.4,97900.0,2026-09-30,2026-09-30,979.0
20260930,000000,71W,19,2026,9,30,0,18.7,141.1,98100.0,2026-09-30,2026-09-30,981.0
20260930,000000,71W,19,2026,9,30,0,19.0,141.4,97200.0,2026-09-30,2026-09-30,972.0
20260930,000000,71W,19,2026,9,30,0,19.2,141.1,96900.0,2026-09-30,2026-09-30,969.0
20260930,000000,71W,19,2026,9,30,0,19.8,141.4,96400.0,2026-09-30,2026-09-30,964.0
20260930,000000,71W,19,2026,9,30,0,20.1,141.1,96200.0,2026-09-30,2026-09-30,962.0
20260930,000000,71W,19,2026,9,30,0,20.7,140.9,95500.0,2026-09-30,2026-09-30,955.0
20260930,000000,71W,19,2026,9,30,0,21.5,141.1,95600.0,2026-09-30,2026-09-30,956.0
20260930,000000,71W,19,2026,9,30,0,22.3,141.1,95700.0,2026-09-30,2026-09-30,957.0
20260930,000000,71W,19,2026,9,30,0,23.5,141.1,95300.0,2026-09-30,2026-09-30,953.0
20260930,000000,71W,19,2026,9,30,0,24.3,141.1,95400.0,2026-09-30,2026-09-30,954.0
20260930,000000,71W,19,2026,9,30,0,25.7,141.70000000000002,95800.0,2026-09-30,2026-09-30,958.0
20260930,000000,71W,19,2026,9,30,0,27.1,142.3,96000.0,2026-09-30,2026-09-30,960.0
20260930,000000,71W,19,2026,9,30,0,28.5,142.70000000000002,96300.0,2026-09-30,2026-09-30,963.0
20260930,000000,71W,19,2026,9,30,0,30.2,143.70000000000002,96400.0,2026-09-30,2026-09-30,964.0
20260930,000000,71W,19,2026,9,30,0,32.8,144.8,96600.0,2026-09-30,2026-09-30,966.0
20260930,000000,71W,19,2026,9,30,0,34.7,146.5,96900.0,2026-09-30,2026-09-30,969.0
20260930,000000,71W,19,2026,9,30,0,37.800000000000004,149.9,97300.0,2026-09-30,2026-09-30,973.0
20260930,000000,71W,19,2026,9,30,0,40.7,153.0,97700.0,2026-09-30,2026-09-30,977.0
20260930,000000,71W,19,2026,9,30,0,43.6,158.70000000000002,97900.0,2026-09-30,2026-09-30,979.0
20260930,000000,71W,19,2026,9,30,0,46.1,164.8,97800.0,2026-09-30,2026-09-30,978.0
20260930,000000,71W,19,2026,9,30,0,47.4,173.20000000000002,98000.0,2026-09-30,2026-09-30,980.0
20260930,000000,71W,20,2026,9,30,0,16.3,149.70000000000002,100000.0,2026-09-30,2026-09-30,1000.0
20260930,000000,71W,20,2026,9,30,0,17.0,149.3,100300.0,2026-09-30,2026-09-30,1003.0
20260930,000000,71W,20,2026,9,30,0,17.3,147.6,99700.0,2026-09-30,2026-09-30,997.0
20260930,000000,71W,20,2026,9,30,0,17.0,146.5,99900.0,2026-09-30,2026-09-30,999.0
20260930,000000,71W,20,2026,9,30,0,17.8,145.9,99500.0,2026-09-30,2026-09-30,995.0
20260930,000000,71W,20,2026,9,30,0,17.8,144.5,99600.0,2026-09-30,2026-09-30,996.0
20260930,000000,71W,20,2026,9,30,0,17.8,144.0,99100.0,2026-09-30,2026-09-30,991.0
20260930,000000,71W,20,2026,9,30,0,17.8,143.1,99100.0,2026-09-30,2026-09-30,991.0
20260930,000000,71W,20,2026,9,30,0,18.1,142.5,98700.0,2026-09-30,2026-09-30,987.0
20260930,000000,71W,20,2026,9,30,0,18.1,142.0,98500.0,2026-09-30,2026-09-30,985.0
20260930,000000,71W,20,2026,9,30,0,18.1,141.4,97600.0,2026-09-30,2026-09-30,976.0
20260930,000000,71W,20,2026,9,30,0,18.7,141.4,97700.0,2026-09-30,2026-09-30,977.0
20260930,000000,71W,20,2026,9,30,0,18.7,140.9,97200.0,2026-09-30,2026-09-30,972.0
20260930,000000,71W,20,2026,9,30,0,18.7,140.9,97000.0,2026-09-30,2026-09-30,970.0
20260930,000000,71W,20,2026,9,30,0,19.0,140.9,96100.0,2026-09-30,2026-09-30,961.0
20260930,000000,71W,20,2026,9,30,0,19.5,140.9,96000.0,2026-09-30,2026-09-30,960.0
20260930,000000,71W,20,2026,9,30,0,20.1,140.9,95400.0,2026-09-30,2026-09-30,954.0
20260930,000000,71W,20,2026,9,30,0,20.400000000000002,140.6,95100.0,2026-09-30,2026-09-30,951.0
20260930,000000,71W,20,2026,9,30,0,20.900000000000002,140.9,95100.0,2026-09-30,2026-09-30,951.0
20260930,000000,71W,20,2026,9,30,0,22.1,140.6,95000.0,2026-09-30,2026-09-30,950.0
20260930,000000,71W,20,2026,9,30,0,22.8,140.6,95400.0,2026-09-30,2026-09-30,954.0
20260930,000000,71W,20,2026,9,30,0,24.0,140.6,95600.0,2026-09-30,2026-09-30,956.0
20260930,000000,71W,20,2026,9,30,0,25.2,140.6,95300.0,2026-09-30,2026-09-30,953.0
20260930,000000,71W,20,2026,9,30,0,26.3,140.3,95800.0,2026-09-30,2026-09-30,958.0
20260930,000000,71W,20,2026,9,30,0,27.400000000000002,140.6,96000.0,2026-09-30,2026-09-30,960.0
20260930,000000,71W,20,2026,9,30,0,28.6,140.4,96700.0,2026-09-30,2026-09-30,967.0
20260930,000000,71W,20,2026,9,30,0,29.7,140.9,96600.0,2026-09-30,2026-09-30,966.0
20260930,000000,71W,20,2026,9,30,0,31.400000000000002,141.4,96900.0,2026-09-30,2026-09-30,969.0
20260930,000000,71W,20,2026,9,30,0,33.0,142.0,96800.0,2026-09-30,2026-09-30,968.0
20260930,000000,71W,20,2026,9,30,0,35.300000000000004,142.8,97300.0,2026-09-30,2026-09-30,973.0
20260930,000000,71W,20,2026,9,30,0,38.4,144.0,97300.0,2026-09-30,2026-09-30,973.0
20260930,000000,71W,20,2026,9,30,0,41.800000000000004,145.1,97400.0,2026-09-30,2026-09-30,974.0
20260930,000000,71W,20,2026,9,30,0,44.300000000000004,146.8,97800.0,2026-09-30,2026-09-30,978.0
20260930,000000,71W,20,2026,9,30,0,46.9,148.20000000000002,97900.0,2026-09-30,2026-09-30,979.0
20260930,000000,71W,20,2026,9,30,0,47.4,149.3,97600.0,2026-09-30,2026-09-30,976.0
20260930,000000,71W,20,2026,9,30,0,48.1,152.3,98000.0,2026-09-30,2026-09-30,980.0
20260930,000000,71W,21,2026,9,30,0,16.7,150.1,99800.0,2026-09-30,2026-09-30,998.0
20260930,000000,71W,21,2026,9,30,0,16.7,149.3,100000.0,2026-09-30,2026-09-30,1000.0
20260930,000000,71W,21,2026,9,30,0,16.4,148.70000000000002,99100.0,2026-09-30,2026-09-30,991.0
20260930,000000,71W,21,2026,9,30,0,17.0,147.9,99800.0,2026-09-30,2026-09-30,998.0
20260930,000000,71W,21,2026,9,30,0,17.0,147.0,99500.0,2026-09-30,2026-09-30,995.0
20260930,000000,71W,21,2026,9,30,0,17.3,146.20000000000002,99900.0,2026-09-30,2026-09-30,999.0
20260930,000000,71W,21,2026,9,30,0,17.400000000000002,145.8,99500.0,2026-09-30,2026-09-30,995.0
20260930,000000,71W,21,2026,9,30,0,18.1,144.8,99400.0,2026-09-30,2026-09-30,994.0
20260930,000000,71W,21,2026,9,30,0,17.8,144.8,98700.0,2026-09-30,2026-09-30,987.0
20260930,000000,71W,21,2026,9,30,0,18.3,144.3,98600.0,2026-09-30,2026-09-30,986.0
20260930,000000,71W,21,2026,9,30,0,18.5,144.6,98000.0,2026-09-30,2026-09-30,980.0
20260930,000000,71W,21,2026,9,30,0,18.7,144.8,97700.0,2026-09-30,2026-09-30,977.0
20260930,000000,71W,21,2026,9,30,0,19.2,145.1,97200.0,2026-09-30,2026-09-30,972.0
20260930,000000,71W,21,2026,9,30,0,19.8,145.1,96900.0,2026-09-30,2026-09-30,969.0
20260930,000000,71W,21,2026,9,30,0,20.400000000000002,145.1,96400.0,2026-09-30,2026-09-30,964.0
20260930,000000,71W,21,2026,9,30,0,20.900000000000002,145.1,96200.0,2026-09-30,2026-09-30,962.0
20260930,000000,71W,21,2026,9,30,0,21.5,145.1,95900.0,2026-09-30,2026-09-30,959.0
20260930,000000,71W,21,2026,9,30,0,22.3,145.1,95500.0,2026-09-30,2026-09-30,955.0
20260930,000000,71W,21,2026,9,30,0,23.2,144.8,95600.0,2026-09-30,2026-09-30,956.0
20260930,000000,71W,21,2026,9,30,0,24.0,144.5,95500.0,2026-09-30,2026-09-30,955.0
20260930,000000,71W,21,2026,9,30,0,25.400000000000002,144.20000000000002,95300.0,2026-09-30,2026-09-30,953.0
20260930,000000,71W,21,2026,9,30,0,26.6,144.0,95100.0,2026-09-30,2026-09-30,951.0
20260930,000000,71W,21,2026,9,30,0,28.7,144.0,96000.0,2026-09-30,2026-09-30,960.0
20260930,000000,71W,21,2026,9,30,0,30.5,144.0,96000.0,2026-09-30,2026-09-30,960.0
20260930,000000,71W,21,2026,9,30,0,32.7,145.5,96400.0,2026-09-30,2026-09-30,964.0
20260930,000000,71W,21,2026,9,30,0,35.0,146.8,96700.0,2026-09-30,2026-09-30,967.0
20260930,000000,71W,21,2026,9,30,0,37.800000000000004,149.3,97200.0,2026-09-30,2026-09-30,972.0
20260930,000000,71W,21,2026,9,30,0,41.5,153.5,97700.0,2026-09-30,2026-09-30,977.0
20260930,000000,71W,21,2026,9,30,0,43.6,159.5,97800.0,2026-09-30,2026-09-30,978.0
20260930,000000,71W,21,2026,9,30,0,46.0,166.70000000000002,98000.0,2026-09-30,2026-09-30,980.0
20260930,000000,71W,21,2026,9,30,0,46.6,171.5,97600.0,2026-09-30,2026-09-30,976.0
20260930,000000,71W,22,2026,9,30,0,17.6,151.3,100500.0,2026-09-30,2026-09-30,1005.0
20260930,000000,71W,22,2026,9,30,0,17.3,147.3,100300.0,2026-09-30,2026-09-30,1003.0
20260930,000000,71W,22,2026,9,30,0,17.8,144.8,99900.0,2026-09-30,2026-09-30,999.0
20260930,000000,71W,22,2026,9,30,0,17.0,143.70000000000002,100000.0,2026-09-30,2026-09-30,1000.0
20260930,000000,71W,22,2026,9,30,0,17.0,143.1,99700.0,2026-09-30,2026-09-30,997.0
20260930,000000,71W,22,2026,9,30,0,17.3,142.3,99700.0,2026-09-30,2026-09-30,997.0
20260930,000000,71W,22,2026,9,30,0,16.7,141.70000000000002,99100.0,2026-09-30,2026-09-30,991.0
20260930,000000,71W,22,2026,9,30,0,16.7,141.4,99000.0,2026-09-30,2026-09-30,990.0
20260930,000000,71W,22,2026,9,30,0,16.7,141.1,98400.0,2026-09-30,2026-09-30,984.0
20260930,000000,71W,22,2026,9,30,0,17.0,140.9,98300.0,2026-09-30,2026-09-30,983.0
20260930,000000,71W,22,2026,9,30,0,17.3,140.9,97800.0,2026-09-30,2026-09-30,978.0
20260930,000000,71W,22,2026,9,30,0,17.3,140.6,97800.0,2026-09-30,2026-09-30,978.0
20260930,000000,71W,22,2026,9,30,0,17.6,140.3,96700.0,2026-09-30,2026-09-30,967.0
20260930,000000,71W,22,2026,9,30,0,17.6,140.3,96400.0,2026-09-30,2026-09-30,964.0
20260930,000000,71W,22,2026,9,30,0,18.1,140.9,96000.0,2026-09-30,2026-09-30,960.0
20260930,000000,71W,22,2026,9,30,0,18.7,140.9,95800.0,2026-09-30,2026-09-30,958.0
20260930,000000,71W,22,2026,9,30,0,19.2,140.9,95000.0,2026-09-30,2026-09-30,950.0
20260930,000000,71W,22,2026,9,30,0,19.8,140.9,95100.0,2026-09-30,2026-09-30,951.0
20260930,000000,71W,22,2026,9,30,0,20.400000000000002,140.3,95200.0,2026-09-30,2026-09-30,952.0
20260930,000000,71W,22,2026,9,30,0,21.5,140.0,95500.0,2026-09-30,2026-09-30,955.0
20260930,000000,71W,22,2026,9,30,0,22.3,139.5,95600.0,2026-09-30,2026-09-30,956.0
20260930,000000,71W,22,2026,9,30,0,22.900000000000002,138.6,95500.0,2026-09-30,2026-09-30,955.0
20260930,000000,71W,22,2026,9,30,0,23.8,138.3,95500.0,2026-09-30,2026-09-30,955.0
20260930,000000,71W,22,2026,9,30,0,24.3,137.8,95200.0,2026-09-30,2026-09-30,952.0
20260930,000000,71W,22,2026,9,30,0,24.900000000000002,137.8,95200.0,2026-09-30,2026-09-30,952.0
20260930,000000,71W,22,2026,9,30,0,25.7,137.5,95600.0,2026-09-30,2026-09-30,956.0
20260930,000000,71W,22,2026,9,30,0,26.6,137.20000000000002,95600.0,2026-09-30,2026-09-30,956.0
20260930,000000,71W,22,2026,9,30,0,27.7,137.5,95600.0,2026-09-30,2026-09-30,956.0
20260930,000000,71W,22,2026,9,30,0,28.8,137.20000000000002,95800.0,2026-09-30,2026-09-30,958.0
20260930,000000,71W,22,2026,9,30,0,29.7,137.20000000000002,95700.0,2026-09-30,2026-09-30,957.0
20260930,000000,71W,22,2026,9,30,0,31.400000000000002,136.9,95900.0,2026-09-30,2026-09-30,959.0
20260930,000000,71W,22,2026,9,30,0,33.3,137.20000000000002,96900.0,2026-09-30,2026-09-30,969.0
20260930,000000,71W,22,2026,9,30,0,35.300000000000004,136.6,98300.0,2026-09-30,2026-09-30,983.0
20260930,000000,71W,22,2026,9,30,0,38.7,137.8,99000.0,2026-09-30,2026-09-30,990.0
20260930,000000,71W,22,2026,9,30,0,39.6,137.6,98800.0,2026-09-30,2026-09-30,988.0
20260930,000000,71W,22,2026,9,30,0,40.1,138.6,99300.0,2026-09-30,2026-09-30,993.0
20260930,000000,71W,23,2026,9,30,0,15.9,150.4,99600.0,2026-09-30,2026-09-30,996.0
20260930,000000,71W,23,2026,9,30,0,15.9,150.1,99700.0,2026-09-30,2026-09-30,997.0
20260930,000000,71W,23,2026,9,30,0,16.1,149.0,99300.0,2026-09-30,2026-09-30,993.0
20260930,000000,71W,23,2026,9,30,0,16.1,148.20000000000002,99400.0,2026-09-30,2026-09-30,994.0
20260930,000000,71W,23,2026,9,30,0,16.1,147.6,98600.0,2026-09-30,2026-09-30,986.0
20260930,000000,71W,23,2026,9,30,0,16.4,147.0,98800.0,2026-09-30,2026-09-30,988.0
20260930,000000,71W,23,2026,9,30,0,17.0,146.5,98400.0,2026-09-30,2026-09-30,984.0
20260930,000000,71W,23,2026,9,30,0,17.8,145.9,97900.0,2026-09-30,2026-09-30,979.0
20260930,000000,71W,23,2026,9,30,0,17.8,145.6,96900.0,2026-09-30,2026-09-30,969.0
20260930,000000,71W,23,2026,9,30,0,19.0,145.6,96300.0,2026-09-30,2026-09-30,963.0
20260930,000000,71W,23,2026,9,30,0,20.1,145.6,96200.0,2026-09-30,2026-09-30,962.0
20260930,000000,71W,23,2026,9,30,0,20.7,145.9,95900.0,2026-09-30,2026-09-30,959.0
20260930,000000,71W,23,2026,9,30,0,21.5,145.9,95600.0,2026-09-30,2026-09-30,956.0
20260930,000000,71W,23,2026,9,30,0,22.3,146.20000000000002,95300.0,2026-09-30,2026-09-30,953.0
20260930,000000,71W,23,2026,9,30,0,23.5,146.8,95600.0,2026-09-30,2026-09-30,956.0
20260930,000000,71W,23,2026,9,30,0,24.0,146.8,95800.0,2026-09-30,2026-09-30,958.0
20260930,000000,71W,23,2026,9,30,0,25.2,147.3,95300.0,2026-09-30,2026-09-30,953.0
20260930,000000,71W,23,2026,9,30,0,26.0,147.0,95100.0,2026-09-30,2026-09-30,951.0
20260930,000000,71W,23,2026,9,30,0,26.6,146.5,94800.0,2026-09-30,2026-09-30,948.0
20260930,000000,71W,23,2026,9,30,0,27.7,146.5,95300.0,2026-09-30,2026-09-30,953.0
20260930,000000,71W,23,2026,9,30,0,28.8,146.5,95300.0,2026-09-30,2026-09-30,953.0
20260930,000000,71W,23,2026,9,30,0,30.0,147.0,95400.0,2026-09-30,2026-09-30,954.0
20260930,000000,71W,23,2026,9,30,0,31.400000000000002,147.6,95900.0,2026-09-30,2026-09-30,959.0
20260930,000000,71W,23,2026,9,30,0,34.5,149.3,96600.0,2026-09-30,2026-09-30,966.0
20260930,000000,71W,23,2026,9,30,0,36.7,151.8,97200.0,2026-09-30,2026-09-30,972.0
20260930,000000,71W,23,2026,9,30,0,39.800000000000004,156.0,97600.0,2026-09-30,2026-09-30,976.0
20260930,000000,71W,23,2026,9,30,0,44.0,161.1,97600.0,2026-09-30,2026-09-30,976.0
20260930,000000,71W,24,2026,9,30,0,16.4,152.1,100100.0,2026-09-30,2026-09-30,1001.0
20260930,000000,71W,24,2026,9,30,0,16.1,151.0,100400.0,2026-09-30,2026-09-30,1004.0
20260930,000000,71W,24,2026,9,30,0,16.1,150.1,100000.0,2026-09-30,2026-09-30,1000.0
20260930,000000,71W,24,2026,9,30,0,16.7,149.3,100200.0,2026-09-30,2026-09-30,1002.0
20260930,000000,71W,24,2026,9,30,0,16.4,147.3,99900.0,2026-09-30,2026-09-30,999.0
20260930,000000,71W,24,2026,9,30,0,15.6,145.9,100000.0,2026-09-30,2026-09-30,1000.0
20260930,000000,71W,24,2026,9,30,0,15.9,145.4,99400.0,2026-09-30,2026-09-30,994.0
20260930,000000,71W,24,2026,9,30,0,16.1,144.5,99300.0,2026-09-30,2026-09-30,993.0
20260930,000000,71W,24,2026,9,30,0,15.6,144.20000000000002,98500.0,2026-09-30,2026-09-30,985.0
20260930,000000,71W,24,2026,9,30,0,16.1,144.0,98400.0,2026-09-30,2026-09-30,984.0
20260930,000000,71W,24,2026,9,30,0,16.4,144.0,97900.0,2026-09-30,2026-09-30,979.0
20260930,000000,71W,24,2026,9,30,0,16.7,144.20000000000002,97300.0,2026-09-30,2026-09-30,973.0
20260930,000000,71W,24,2026,9,30,0,17.3,144.5,96700.0,2026-09-30,2026-09-30,967.0
20260930,000000,71W,24,2026,9,30,0,17.3,145.1,96600.0,2026-09-30,2026-09-30,966.0
20260930,000000,71W,24,2026,9,30,0,18.1,145.6,96600.0,2026-09-30,2026-09-30,966.0
20260930,000000,71W,24,2026,9,30,0,19.0,145.9,95900.0,2026-09-30,2026-09-30,959.0
20260930,000000,71W,24,2026,9,30,0,19.2,146.20000000000002,95500.0,2026-09-30,2026-09-30,955.0
20260930,000000,71W,24,2026,9,30,0,19.5,146.5,95500.0,2026-09-30,2026-09-30,955.0
20260930,000000,71W,24,2026,9,30,0,19.8,146.5,94900.0,2026-09-30,2026-09-30,949.0
20260930,000000,71W,24,2026,9,30,0,19.6,146.20000000000002,95000.0,2026-09-30,2026-09-30,950.0
20260930,000000,71W,24,2026,9,30,0,20.1,146.5,94400.0,2026-09-30,2026-09-30,944.0
20260930,000000,71W,24,2026,9,30,0,20.400000000000002,146.5,94200.0,2026-09-30,2026-09-30,942.0
20260930,000000,71W,24,2026,9,30,0,20.7,146.5,94300.0,2026-09-30,2026-09-30,943.0
20260930,000000,71W,24,2026,9,30,0,21.5,146.20000000000002,95200.0,2026-09-30,2026-09-30,952.0
20260930,000000,71W,24,2026,9,30,0,22.3,145.6,96200.0,2026-09-30,2026-09-30,962.0
20260930,000000,71W,24,2026,9,30,0,22.900000000000002,145.4,96400.0,2026-09-30,2026-09-30,964.0
20260930,000000,71W,24,2026,9,30,0,23.5,144.8,96500.0,2026-09-30,2026-09-30,965.0
20260930,000000,71W,24,2026,9,30,0,24.3,144.5,96500.0,2026-09-30,2026-09-30,965.0
20260930,000000,71W,24,2026,9,30,0,25.2,144.5,96500.0,2026-09-30,2026-09-30,965.0
20260930,000000,71W,24,2026,9,30,0,26.0,144.5,96400.0,2026-09-30,2026-09-30,964.0
20260930,000000,71W,24,2026,9,30,0,26.900000000000002,144.5,96200.0,2026-09-30,2026-09-30,962.0
20260930,000000,71W,24,2026,9,30,0,28.3,144.8,96500.0,2026-09-30,2026-09-30,965.0
20260930,000000,71W,24,2026,9,30,0,29.7,144.8,96500.0,2026-09-30,2026-09-30,965.0
20260930,000000,71W,24,2026,9,30,0,31.900000000000002,145.6,96500.0,2026-09-30,2026-09-30,965.0
20260930,000000,71W,24,2026,9,30,0,34.5,145.4,96900.0,2026-09-30,2026-09-30,969.0
20260930,000000,71W,24,2026,9,30,0,37.0,146.20000000000002,96700.0,2026-09-30,2026-09-30,967.0
20260930,000000,71W,24,2026,9,30,0,39.0,147.3,96500.0,2026-09-30,2026-09-30,965.0
20260930,000000,71W,24,2026,9,30,0,40.1,148.5,96400.0,2026-09-30,2026-09-30,964.0
20260930,000000,71W,24,2026,9,30,0,40.9,149.8,97200.0,2026-09-30,2026-09-30,972.0
20260930,000000,71W,24,2026,9,30,0,41.5,150.70000000000002,97800.0,2026-09-30,2026-09-30,978.0
20260930,000000,71W,24,2026,9,30,0,41.5,152.1,98000.0,2026-09-30,2026-09-30,980.0
20260930,000000,71W,24,2026,9,30,0,41.2,153.8,98500.0,2026-09-30,2026-09-30,985.0
20260930,000000,71W,24,2026,9,30,0,41.5,156.6,98800.0,2026-09-30,2026-09-30,988.0
20260930,000000,71W,25,2026,9,30,0,15.9,153.20000000000002,100200.0,2026-09-30,2026-09-30,1002.0
20260930,000000,71W,25,2026,9,30,0,16.1,152.70000000000002,100300.0,2026-09-30,2026-09-30,1003.0
20260930,000000,71W,25,2026,9,30,0,16.7,152.1,99800.0,2026-09-30,2026-09-30,998.0
20260930,000000,71W,25,2026,9,30,0,16.7,151.0,99800.0,2026-09-30,2026-09-30,998.0
20260930,000000,71W,25,2026,9,30,0,17.0,150.1,99500.0,2026-09-30,2026-09-30,995.0
20260930,000000,71W,25,2026,9,30,0,16.7,149.3,99300.0,2026-09-30,2026-09-30,993.0
20260930,000000,71W,25,2026,9,30,0,17.0,149.3,98800.0,2026-09-30,2026-09-30,988.0
20260930,000000,71W,25,2026,9,30,0,17.8,148.70000000000002,98600.0,2026-09-30,2026-09-30,986.0
20260930,000000,71W,25,2026,9,30,0,18.400000000000002,148.5,98000.0,2026-09-30,2026-09-30,980.0
20260930,000000,71W,25,2026,9,30,0,18.7,147.9,97700.0,2026-09-30,2026-09-30,977.0
20260930,000000,71W,25,2026,9,30,0,19.2,148.20000000000002,97300.0,2026-09-30,2026-09-30,973.0
20260930,000000,71W,25,2026,9,30,0,20.1,148.20000000000002,97200.0,2026-09-30,2026-09-30,972.0
20260930,000000,71W,25,2026,9,30,0,20.7,148.5,96400.0,2026-09-30,2026-09-30,964.0
20260930,000000,71W,25,2026,9,30,0,21.5,147.9,96200.0,2026-09-30,2026-09-30,962.0
20260930,000000,71W,25,2026,9,30,0,22.3,147.6,95900.0,2026-09-30,2026-09-30,959.0
20260930,000000,71W,25,2026,9,30,0,22.6,147.3,95800.0,2026-09-30,2026-09-30,958.0
20260930,000000,71W,25,2026,9,30,0,23.2,147.0,95300.0,2026-09-30,2026-09-30,953.0
20260930,000000,71W,25,2026,9,30,0,24.0,146.5,95500.0,2026-09-30,2026-09-30,955.0
20260930,000000,71W,25,2026,9,30,0,25.2,146.20000000000002,95500.0,2026-09-30,2026-09-30,955.0
20260930,000000,71W,25,2026,9,30,0,26.6,145.9,95500.0,2026-09-30,2026-09-30,955.0
20260930,000000,71W,25,2026,9,30,0,28.0,146.5,95700.0,2026-09-30,2026-09-30,957.0
20260930,000000,71W,25,2026,9,30,0,30.0,146.8,96400.0,2026-09-30,2026-09-30,964.0
20260930,000000,71W,25,2026,9,30,0,32.8,147.9,96600.0,2026-09-30,2026-09-30,966.0
20260930,000000,71W,25,2026,9,30,0,35.300000000000004,149.70000000000002,96800.0,2026-09-30,2026-09-30,968.0
20260930,000000,71W,25,2026,9,30,0,39.2,152.4,97100.0,2026-09-30,2026-09-30,971.0
20260930,000000,71W,25,2026,9,30,0,43.800000000000004,156.6,97200.0,2026-09-30,2026-09-30,972.0
20260930,000000,71W,26,2026,9,30,0,16.5,152.1,100400.0,2026-09-30,2026-09-30,1004.0
20260930,000000,71W,26,2026,9,30,0,17.3,150.70000000000002,100600.0,2026-09-30,2026-09-30,1006.0
20260930,000000,71W,26,2026,9,30,0,17.3,147.6,100400.0,2026-09-30,2026-09-30,1004.0
20260930,000000,71W,26,2026,9,30,0,17.8,145.1,100500.0,2026-09-30,2026-09-30,1005.0
20260930,000000,71W,26,2026,9,30,0,17.8,144.8,100100.0,2026-09-30,2026-09-30,1001.0
20260930,000000,71W,26,2026,9,30,0,18.1,144.20000000000002,100100.0,2026-09-30,2026-09-30,1001.0
20260930,000000,71W,26,2026,9,30,0,18.1,142.3,99700.0,2026-09-30,2026-09-30,997.0
20260930,000000,71W,26,2026,9,30,0,18.1,141.4,99600.0,2026-09-30,2026-09-30,996.0
20260930,000000,71W,26,2026,9,30,0,18.1,140.9,99200.0,2026-09-30,2026-09-30,992.0
20260930,000000,71W,26,2026,9,30,0,17.8,140.0,99000.0,2026-09-30,2026-09-30,990.0
20260930,000000,71W,26,2026,9,30,0,17.8,139.70000000000002,98600.0,2026-09-30,2026-09-30,986.0
20260930,000000,71W,26,2026,9,30,0,17.8,139.5,98500.0,2026-09-30,2026-09-30,985.0
20260930,000000,71W,26,2026,9,30,0,17.6,138.9,97900.0,2026-09-30,2026-09-30,979.0
20260930,000000,71W,26,2026,9,30,0,17.3,138.6,97300.0,2026-09-30,2026-09-30,973.0
20260930,000000,71W,26,2026,9,30,0,17.6,137.8,96500.0,2026-09-30,2026-09-30,965.0
20260930,000000,71W,26,2026,9,30,0,17.6,137.5,96000.0,2026-09-30,2026-09-30,960.0
20260930,000000,71W,26,2026,9,30,0,17.3,136.9,95500.0,2026-09-30,2026-09-30,955.0
20260930,000000,71W,26,2026,9,30,0,17.3,136.6,95800.0,2026-09-30,2026-09-30,958.0
20260930,000000,71W,26,2026,9,30,0,17.3,136.6,94700.0,2026-09-30,2026-09-30,947.0
20260930,000000,71W,26,2026,9,30,0,17.8,136.4,95500.0,2026-09-30,2026-09-30,955.0
20260930,000000,71W,26,2026,9,30,0,18.1,136.1,95400.0,2026-09-30,2026-09-30,954.0
20260930,000000,71W,26,2026,9,30,0,17.8,135.8,95900.0,2026-09-30,2026-09-30,959.0
20260930,000000,71W,26,2026,9,30,0,18.1,135.5,95000.0,2026-09-30,2026-09-30,950.0
20260930,000000,71W,26,2026,9,30,0,18.400000000000002,135.2,94800.0,2026-09-30,2026-09-30,948.0
20260930,000000,71W,26,2026,9,30,0,19.0,134.4,95200.0,2026-09-30,2026-09-30,952.0
20260930,000000,71W,26,2026,9,30,0,19.0,133.8,94800.0,2026-09-30,2026-09-30,948.0
20260930,000000,71W,26,2026,9,30,0,19.5,133.5,94900.0,2026-09-30,2026-09-30,949.0
20260930,000000,71W,26,2026,9,30,0,19.5,133.3,94900.0,2026-09-30,2026-09-30,949.0
20260930,000000,71W,26,2026,9,30,0,19.5,133.3,93600.0,2026-09-30,2026-09-30,936.0
20260930,000000,71W,26,2026,9,30,0,19.8,133.5,94100.0,2026-09-30,2026-09-30,941.0
20260930,000000,71W,26,2026,9,30,0,19.8,134.1,94200.0,2026-09-30,2026-09-30,942.0
20260930,000000,71W,26,2026,9,30,0,19.8,134.1,95100.0,2026-09-30,2026-09-30,951.0
20260930,000000,71W,26,2026,9,30,0,20.1,134.4,95100.0,2026-09-30,2026-09-30,951.0
20260930,000000,71W,26,2026,9,30,0,20.1,134.4,95200.0,2026-09-30,2026-09-30,952.0
20260930,000000,71W,26,2026,9,30,0,20.400000000000002,135.0,95700.0,2026-09-30,2026-09-30,957.0
20260930,000000,71W,26,2026,9,30,0,20.900000000000002,135.5,96300.0,2026-09-30,2026-09-30,963.0
20260930,000000,71W,26,2026,9,30,0,21.8,136.4,96300.0,2026-09-30,2026-09-30,963.0
20260930,000000,71W,26,2026,9,30,0,22.900000000000002,136.4,96400.0,2026-09-30,2026-09-30,964.0
20260930,000000,71W,26,2026,9,30,0,23.8,137.20000000000002,96500.0,2026-09-30,2026-09-30,965.0
20260930,000000,71W,26,2026,9,30,0,25.1,138.0,96700.0,2026-09-30,2026-09-30,967.0
20260930,000000,71W,26,2026,9,30,0,26.3,138.3,96200.0,2026-09-30,2026-09-30,962.0
20260930,000000,71W,26,2026,9,30,0,27.400000000000002,139.20000000000002,96300.0,2026-09-30,2026-09-30,963.0
20260930,000000,71W,26,2026,9,30,0,28.5,139.70000000000002,96200.0,2026-09-30,2026-09-30,962.0
20260930,000000,71W,26,2026,9,30,0,29.7,140.9,96600.0,2026-09-30,2026-09-30,966.0
20260930,000000,71W,26,2026,9,30,0,30.7,141.9,96600.0,2026-09-30,2026-09-30,966.0
20260930,000000,71W,26,2026,9,30,0,31.8,143.8,96800.0,2026-09-30,2026-09-30,968.0
20260930,000000,71W,26,2026,9,30,0,33.0,145.4,97100.0,2026-09-30,2026-09-30,971.0
20260930,000000,71W,26,2026,9,30,0,34.300000000000004,147.9,97800.0,2026-09-30,2026-09-30,978.0
20260930,000000,71W,26,2026,9,30,0,35.0,150.4,97800.0,2026-09-30,2026-09-30,978.0
20260930,000000,71W,26,2026,9,30,0,37.300000000000004,153.5,98000.0,2026-09-30,2026-09-30,980.0
20260930,000000,71W,26,2026,9,30,0,38.2,157.9,98100.0,2026-09-30,2026-09-30,981.0
20260930,000000,71W,26,2026,9,30,0,40.5,163.9,98100.0,2026-09-30,2026-09-30,981.0
20260930,000000,71W,27,2026,9,30,0,17.0,150.70000000000002,100200.0,2026-09-30,2026-09-30,1002.0
20260930,000000,71W,27,2026,9,30,0,17.0,150.70000000000002,100500.0,2026-09-30,2026-09-30,1005.0
20260930,000000,71W,27,2026,9,30,0,17.0,148.5,100200.0,2026-09-30,2026-09-30,1002.0
20260930,000000,71W,27,2026,9,30,0,17.6,148.20000000000002,100400.0,2026-09-30,2026-09-30,1004.0
20260930,000000,71W,27,2026,9,30,0,17.6,145.9,100100.0,2026-09-30,2026-09-30,1001.0
20260930,000000,71W,27,2026,9,30,0,16.1,145.6,100200.0,2026-09-30,2026-09-30,1002.0
20260930,000000,71W,27,2026,9,30,0,16.7,146.8,99900.0,2026-09-30,2026-09-30,999.0
20260930,000000,71W,27,2026,9,30,0,17.8,147.0,100000.0,2026-09-30,2026-09-30,1000.0
20260930,000000,71W,27,2026,9,30,0,17.6,145.9,99600.0,2026-09-30,2026-09-30,996.0
20260930,000000,71W,27,2026,9,30,0,18.1,144.8,99700.0,2026-09-30,2026-09-30,997.0
20260930,000000,71W,27,2026,9,30,0,15.9,143.70000000000002,98900.0,2026-09-30,2026-09-30,989.0
20260930,000000,71W,27,2026,9,30,0,19.1,145.20000000000002,98500.0,2026-09-30,2026-09-30,985.0
20260930,000000,71W,27,2026,9,30,0,19.5,145.8,98700.0,2026-09-30,2026-09-30,987.0
20260930,000000,71W,27,2026,9,30,0,20.7,145.6,98200.0,2026-09-30,2026-09-30,982.0
20260930,000000,71W,27,2026,9,30,0,20.900000000000002,145.6,97800.0,2026-09-30,2026-09-30,978.0
20260930,000000,71W,27,2026,9,30,0,22.3,146.20000000000002,97200.0,2026-09-30,2026-09-30,972.0
20260930,000000,71W,27,2026,9,30,0,22.6,145.6,97200.0,2026-09-30,2026-09-30,972.0
20260930,000000,71W,27,2026,9,30,0,23.8,145.6,96800.0,2026-09-30,2026-09-30,968.0
20260930,000000,71W,27,2026,9,30,0,24.900000000000002,145.9,96800.0,2026-09-30,2026-09-30,968.0
20260930,000000,71W,27,2026,9,30,0,26.3,146.20000000000002,96700.0,2026-09-30,2026-09-30,967.0
20260930,000000,71W,27,2026,9,30,0,28.0,146.5,96700.0,2026-09-30,2026-09-30,967.0
20260930,000000,71W,27,2026,9,30,0,30.2,147.0,96500.0,2026-09-30,2026-09-30,965.0
20260930,000000,71W,27,2026,9,30,0,33.3,148.5,97200.0,2026-09-30,2026-09-30,972.0
20260930,000000,71W,27,2026,9,30,0,35.0,150.1,97700.0,2026-09-30,2026-09-30,977.0
20260930,000000,71W,27,2026,9,30,0,38.4,153.20000000000002,97500.0,2026-09-30,2026-09-30,975.0
20260930,000000,71W,27,2026,9,30,0,41.1,156.70000000000002,97900.0,2026-09-30,2026-09-30,979.0
20260930,000000,71W,27,2026,9,30,0,43.9,161.0,98000.0,2026-09-30,2026-09-30,980.0
20260930,000000,71W,28,2026,9,30,0,16.4,151.0,99800.0,2026-09-30,2026-09-30,998.0
20260930,000000,71W,28,2026,9,30,0,16.4,149.9,100100.0,2026-09-30,2026-09-30,1001.0
20260930,000000,71W,28,2026,9,30,0,16.1,149.6,99700.0,2026-09-30,2026-09-30,997.0
20260930,000000,71W,28,2026,9,30,0,16.7,149.0,99800.0,2026-09-30,2026-09-30,998.0
20260930,000000,71W,28,2026,9,30,0,16.1,148.20000000000002,99500.0,2026-09-30,2026-09-30,995.0
20260930,000000,71W,28,2026,9,30,0,16.4,147.9,99300.0,2026-09-30,2026-09-30,993.0
20260930,000000,71W,28,2026,9,30,0,17.3,147.0,99200.0,2026-09-30,2026-09-30,992.0
20260930,000000,71W,28,2026,9,30,0,17.3,146.5,99000.0,2026-09-30,2026-09-30,990.0
20260930,000000,71W,28,2026,9,30,0,17.5,146.8,98600.0,2026-09-30,2026-09-30,986.0
20260930,000000,71W,28,2026,9,30,0,18.1,147.0,98700.0,2026-09-30,2026-09-30,987.0
20260930,000000,71W,28,2026,9,30,0,19.0,147.0,98200.0,2026-09-30,2026-09-30,982.0
20260930,000000,71W,28,2026,9,30,0,19.8,147.6,98000.0,2026-09-30,2026-09-30,980.0
20260930,000000,71W,28,2026,9,30,0,20.7,148.20000000000002,97400.0,2026-09-30,2026-09-30,974.0
20260930,000000,71W,28,2026,9,30,0,21.0,148.20000000000002,97200.0,2026-09-30,2026-09-30,972.0
20260930,000000,71W,28,2026,9,30,0,22.1,148.20000000000002,96700.0,2026-09-30,2026-09-30,967.0
20260930,000000,71W,28,2026,9,30,0,22.8,148.1,96700.0,2026-09-30,2026-09-30,967.0
20260930,000000,71W,28,2026,9,30,0,23.5,147.9,96100.0,2026-09-30,2026-09-30,961.0
20260930,000000,71W,28,2026,9,30,0,24.3,147.3,96100.0,2026-09-30,2026-09-30,961.0
20260930,000000,71W,28,2026,9,30,0,25.2,146.6,96300.0,2026-09-30,2026-09-30,963.0
20260930,000000,71W,28,2026,9,30,0,26.2,146.20000000000002,96000.0,2026-09-30,2026-09-30,960.0
20260930,000000,71W,28,2026,9,30,0,27.5,146.0,95900.0,2026-09-30,2026-09-30,959.0
20260930,000000,71W,28,2026,9,30,0,29.1,146.20000000000002,96100.0,2026-09-30,2026-09-30,961.0
20260930,000000,71W,28,2026,9,30,0,31.1,147.3,96500.0,2026-09-30,2026-09-30,965.0
20260930,000000,71W,28,2026,9,30,0,34.5,148.5,97100.0,2026-09-30,2026-09-30,971.0
20260930,000000,71W,28,2026,9,30,0,37.6,151.3,97400.0,2026-09-30,2026-09-30,974.0
20260930,000000,71W,28,2026,9,30,0,41.2,155.8,97800.0,2026-09-30,2026-09-30,978.0
20260930,000000,71W,29,2026,9,30,0,17.0,151.3,100400.0,2026-09-30,2026-09-30,1004.0
20260930,000000,71W,29,2026,9,30,0,17.3,148.70000000000002,100600.0,2026-09-30,2026-09-30,1006.0
20260930,000000,71W,29,2026,9,30,0,17.3,147.6,100300.0,2026-09-30,2026-09-30,1003.0
20260930,000000,71W,29,2026,9,30,0,16.4,146.20000000000002,100300.0,2026-09-30,2026-09-30,1003.0
20260930,000000,71W,29,2026,9,30,0,17.0,146.8,99900.0,2026-09-30,2026-09-30,999.0
20260930,000000,71W,29,2026,9,30,0,17.6,146.5,100100.0,2026-09-30,2026-09-30,1001.0
20260930,000000,71W,29,2026,9,30,0,17.400000000000002,143.20000000000002,99900.0,2026-09-30,2026-09-30,999.0
20260930,000000,71W,29,2026,9,30,0,17.0,143.70000000000002,99800.0,2026-09-30,2026-09-30,998.0
20260930,000000,71W,29,2026,9,30,0,18.2,143.20000000000002,99400.0,2026-09-30,2026-09-30,994.0
20260930,000000,71W,29,2026,9,30,0,17.7,142.70000000000002,99400.0,2026-09-30,2026-09-30,994.0
20260930,000000,71W,29,2026,9,30,0,18.2,142.4,99000.0,2026-09-30,2026-09-30,990.0
20260930,000000,71W,29,2026,9,30,0,18.400000000000002,141.4,99200.0,2026-09-30,2026-09-30,992.0
20260930,000000,71W,29,2026,9,30,0,18.7,143.1,98600.0,2026-09-30,2026-09-30,986.0
20260930,000000,71W,29,2026,9,30,0,18.7,142.0,98600.0,2026-09-30,2026-09-30,986.0
20260930,000000,71W,29,2026,9,30,0,18.7,142.0,98000.0,2026-09-30,2026-09-30,980.0
20260930,000000,71W,29,2026,9,30,0,19.0,142.3,98200.0,2026-09-30,2026-09-30,982.0
20260930,000000,71W,29,2026,9,30,0,19.5,141.1,97400.0,2026-09-30,2026-09-30,974.0
20260930,000000,71W,29,2026,9,30,0,19.8,142.0,96900.0,2026-09-30,2026-09-30,969.0
20260930,000000,71W,29,2026,9,30,0,20.1,141.70000000000002,96400.0,2026-09-30,2026-09-30,964.0
20260930,000000,71W,29,2026,9,30,0,20.900000000000002,142.0,96600.0,2026-09-30,2026-09-30,966.0
20260930,000000,71W,29,2026,9,30,0,21.8,142.0,96400.0,2026-09-30,2026-09-30,964.0
20260930,000000,71W,29,2026,9,30,0,22.6,142.3,96200.0,2026-09-30,2026-09-30,962.0
20260930,000000,71W,29,2026,9,30,0,24.0,142.0,96100.0,2026-09-30,2026-09-30,961.0
20260930,000000,71W,29,2026,9,30,0,24.900000000000002,141.70000000000002,95800.0,2026-09-30,2026-09-30,958.0
20260930,000000,71W,29,2026,9,30,0,26.0,142.0,96000.0,2026-09-30,2026-09-30,960.0
20260930,000000,71W,29,2026,9,30,0,27.1,142.0,95600.0,2026-09-30,2026-09-30,956.0
20260930,000000,71W,29,2026,9,30,0,27.7,141.70000000000002,95300.0,2026-09-30,2026-09-30,953.0
20260930,000000,71W,29,2026,9,30,0,28.8,142.0,95700.0,2026-09-30,2026-09-30,957.0
20260930,000000,71W,29,2026,9,30,0,30.2,142.0,95700.0,2026-09-30,2026-09-30,957.0
20260930,000000,71W,29,2026,9,30,0,31.900000000000002,142.3,95900.0,2026-09-30,2026-09-30,959.0
20260930,000000,71W,29,2026,9,30,0,33.6,142.5,96100.0,2026-09-30,2026-09-30,961.0
20260930,000000,71W,29,2026,9,30,0,36.1,142.8,96700.0,2026-09-30,2026-09-30,967.0
20260930,000000,71W,29,2026,9,30,0,39.2,144.0,97200.0,2026-09-30,2026-09-30,972.0
20260930,000000,71W,29,2026,9,30,0,42.6,145.9,97800.0,2026-09-30,2026-09-30,978.0
20260930,000000,71W,29,2026,9,30,0,46.300000000000004,149.6,97800.0,2026-09-30,2026-09-30,978.0
20260930,000000,71W,29,2026,9,30,0,48.300000000000004,152.4,97700.0,2026-09-30,2026-09-30,977.0
20260930,000000,71W,29,2026,9,30,0,49.1,156.3,97900.0,2026-09-30,2026-09-30,979.0
20260930,000000,71W,30,2026,9,30,0,16.4,152.1,99700.0,2026-09-30,2026-09-30,997.0
20260930,000000,71W,30,2026,9,30,0,16.1,151.0,99700.0,2026-09-30,2026-09-30,997.0
20260930,000000,71W,30,2026,9,30,0,15.9,150.1,99200.0,2026-09-30,2026-09-30,992.0
20260930,000000,71W,30,2026,9,30,0,15.3,149.6,99200.0,2026-09-30,2026-09-30,992.0
20260930,000000,71W,30,2026,9,30,0,15.3,149.3,98700.0,2026-09-30,2026-09-30,987.0
20260930,000000,71W,30,2026,9,30,0,15.9,149.0,98500.0,2026-09-30,2026-09-30,985.0
20260930,000000,71W,30,2026,9,30,0,16.4,148.5,98000.0,2026-09-30,2026-09-30,980.0
20260930,000000,71W,30,2026,9,30,0,16.7,148.5,97900.0,2026-09-30,2026-09-30,979.0
20260930,000000,71W,30,2026,9,30,0,17.8,148.20000000000002,97300.0,2026-09-30,2026-09-30,973.0
20260930,000000,71W,30,2026,9,30,0,18.7,148.5,97100.0,2026-09-30,2026-09-30,971.0
20260930,000000,71W,30,2026,9,30,0,19.5,148.20000000000002,96700.0,2026-09-30,2026-09-30,967.0
20260930,000000,71W,30,2026,9,30,0,20.400000000000002,148.20000000000002,96300.0,2026-09-30,2026-09-30,963.0
20260930,000000,71W,30,2026,9,30,0,21.2,148.20000000000002,96200.0,2026-09-30,2026-09-30,962.0
20260930,000000,71W,30,2026,9,30,0,22.3,148.20000000000002,96100.0,2026-09-30,2026-09-30,961.0
20260930,000000,71W,30,2026,9,30,0,23.5,147.6,96000.0,2026-09-30,2026-09-30,960.0
20260930,000000,71W,30,2026,9,30,0,24.3,147.6,96100.0,2026-09-30,2026-09-30,961.0
20260930,000000,71W,30,2026,9,30,0,25.2,146.8,95900.0,2026-09-30,2026-09-30,959.0
20260930,000000,71W,30,2026,9,30,0,26.0,146.20000000000002,95900.0,2026-09-30,2026-09-30,959.0
20260930,000000,71W,30,2026,9,30,0,27.1,145.6,96000.0,2026-09-30,2026-09-30,960.0
20260930,000000,71W,30,2026,9,30,0,28.0,145.1,96500.0,2026-09-30,2026-09-30,965.0
20260930,000000,71W,30,2026,9,30,0,29.400000000000002,145.6,96700.0,2026-09-30,2026-09-30,967.0
20260930,000000,71W,30,2026,9,30,0,31.400000000000002,145.6,97200.0,2026-09-30,2026-09-30,972.0
20260930,000000,71W,30,2026,9,30,0,33.6,146.8,97100.0,2026-09-30,2026-09-30,971.0
20260930,000000,71W,30,2026,9,30,0,37.0,148.5,97500.0,2026-09-30,2026-09-30,975.0
20260930,000000,71W,30,2026,9,30,0,39.800000000000004,152.1,97500.0,2026-09-30,2026-09-30,975.0
20260930,000000,71W,31,2026,9,30,0,16.7,151.3,100300.0,2026-09-30,2026-09-30,1003.0
20260930,000000,71W,31,2026,9,30,0,17.3,150.4,100600.0,2026-09-30,2026-09-30,1006.0
20260930,000000,71W,31,2026,9,30,0,17.6,148.20000000000002,100500.0,2026-09-30,2026-09-30,1005.0
20260930,000000,71W,31,2026,9,30,0,18.400000000000002,147.0,100300.0,2026-09-30,2026-09-30,1003.0
20260930,000000,71W,31,2026,9,30,0,18.7,145.9,100500.0,2026-09-30,2026-09-30,1005.0
20260930,000000,71W,31,2026,9,30,0,18.1,143.70000000000002,100100.0,2026-09-30,2026-09-30,1001.0
20260930,000000,71W,31,2026,9,30,0,18.1,142.5,100100.0,2026-09-30,2026-09-30,1001.0
20260930,000000,71W,31,2026,9,30,0,18.1,141.1,99400.0,2026-09-30,2026-09-30,994.0
20260930,000000,71W,31,2026,9,30,0,18.7,140.9,99500.0,2026-09-30,2026-09-30,995.0
20260930,000000,71W,31,2026,9,30,0,18.400000000000002,140.0,99200.0,2026-09-30,2026-09-30,992.0
20260930,000000,71W,31,2026,9,30,0,17.8,139.5,99300.0,2026-09-30,2026-09-30,993.0
20260930,000000,71W,31,2026,9,30,0,17.3,139.5,98900.0,2026-09-30,2026-09-30,989.0
20260930,000000,71W,31,2026,9,30,0,17.0,139.20000000000002,98800.0,2026-09-30,2026-09-30,988.0
20260930,000000,71W,31,2026,9,30,0,17.0,138.9,97900.0,2026-09-30,2026-09-30,979.0
20260930,000000,71W,31,2026,9,30,0,16.7,138.9,97300.0,2026-09-30,2026-09-30,973.0
20260930,000000,71W,31,2026,9,30,0,17.0,138.9,96900.0,2026-09-30,2026-09-30,969.0
20260930,000000,71W,31,2026,9,30,0,17.0,138.9,96700.0,2026-09-30,2026-09-30,967.0
20260930,000000,71W,31,2026,9,30,0,17.6,138.9,95700.0,2026-09-30,2026-09-30,957.0
20260930,000000,71W,31,2026,9,30,0,17.8,138.6,95700.0,2026-09-30,2026-09-30,957.0
20260930,000000,71W,31,2026,9,30,0,18.400000000000002,138.6,95300.0,2026-09-30,2026-09-30,953.0
20260930,000000,71W,31,2026,9,30,0,19.0,138.0,95700.0,2026-09-30,2026-09-30,957.0
20260930,000000,71W,31,2026,9,30,0,19.2,137.8,94600.0,2026-09-30,2026-09-30,946.0
20260930,000000,71W,31,2026,9,30,0,19.5,137.20000000000002,95000.0,2026-09-30,2026-09-30,950.0
20260930,000000,71W,31,2026,9,30,0,19.8,137.20000000000002,95200.0,2026-09-30,2026-09-30,952.0
20260930,000000,71W,31,2026,9,30,0,20.7,137.20000000000002,95100.0,2026-09-30,2026-09-30,951.0
20260930,000000,71W,31,2026,9,30,0,20.900000000000002,137.20000000000002,95600.0,2026-09-30,2026-09-30,956.0
20260930,000000,71W,31,2026,9,30,0,21.8,136.9,95300.0,2026-09-30,2026-09-30,953.0
20260930,000000,71W,31,2026,9,30,0,22.1,137.5,95000.0,2026-09-30,2026-09-30,950.0
20260930,000000,71W,31,2026,9,30,0,22.3,137.5,95600.0,2026-09-30,2026-09-30,956.0
20260930,000000,71W,31,2026,9,30,0,22.900000000000002,137.20000000000002,95200.0,2026-09-30,2026-09-30,952.0
20260930,000000,71W,31,2026,9,30,0,23.5,137.20000000000002,95100.0,2026-09-30,2026-09-30,951.0
20260930,000000,71W,31,2026,9,30,0,24.0,136.9,95000.0,2026-09-30,2026-09-30,950.0
20260930,000000,71W,31,2026,9,30,0,24.900000000000002,136.6,94800.0,2026-09-30,2026-09-30,948.0
20260930,000000,71W,31,2026,9,30,0,25.7,136.4,95300.0,2026-09-30,2026-09-30,953.0
20260930,000000,71W,31,2026,9,30,0,26.6,135.5,94900.0,2026-09-30,2026-09-30,949.0
20260930,000000,71W,31,2026,9,30,0,27.7,134.7,94700.0,2026-09-30,2026-09-30,947.0
20260930,000000,71W,31,2026,9,30,0,28.3,133.5,95200.0,2026-09-30,2026-09-30,952.0
20260930,000000,71W,31,2026,9,30,0,29.400000000000002,132.1,96100.0,2026-09-30,2026-09-30,961.0
20260930,000000,71W,31,2026,9,30,0,29.7,131.0,96500.0,2026-09-30,2026-09-30,965.0
20260930,000000,71W,31,2026,9,30,0,30.5,129.3,97400.0,2026-09-30,2026-09-30,974.0
20260930,000000,71W,31,2026,9,30,0,30.8,127.9,97600.0,2026-09-30,2026-09-30,976.0
20260930,000000,71W,31,2026,9,30,0,31.1,127.4,98300.0,2026-09-30,2026-09-30,983.0
20260930,000000,71W,31,2026,9,30,0,31.900000000000002,126.8,99300.0,2026-09-30,2026-09-30,993.0
20260930,000000,71W,31,2026,9,30,0,32.2,126.8,99400.0,2026-09-30,2026-09-30,994.0
20260930,000000,71W,31,2026,9,30,0,32.8,127.4,99900.0,2026-09-30,2026-09-30,999.0
20260930,000000,71W,31,2026,9,30,0,33.1,128.2,100000.0,2026-09-30,2026-09-30,1000.0
20260930,000000,71W,31,2026,9,30,0,33.6,129.0,100300.0,2026-09-30,2026-09-30,1003.0
20260930,000000,71W,31,2026,9,30,0,33.6,131.3,100500.0,2026-09-30,2026-09-30,1005.0
20260930,000000,71W,32,2026,9,30,0,16.7,152.1,99800.0,2026-09-30,2026-09-30,998.0
20260930,000000,71W,32,2026,9,30,0,17.3,150.1,100000.0,2026-09-30,2026-09-30,1000.0
20260930,000000,71W,32,2026,9,30,0,17.0,149.3,99200.0,2026-09-30,2026-09-30,992.0
20260930,000000,71W,32,2026,9,30,0,17.3,147.9,99400.0,2026-09-30,2026-09-30,994.0
20260930,000000,71W,32,2026,9,30,0,16.7,147.0,98900.0,2026-09-30,2026-09-30,989.0
20260930,000000,71W,32,2026,9,30,0,17.400000000000002,146.3,98900.0,2026-09-30,2026-09-30,989.0
20260930,000000,71W,32,2026,9,30,0,17.6,145.6,98400.0,2026-09-30,2026-09-30,984.0
20260930,000000,71W,32,2026,9,30,0,17.8,145.4,98300.0,2026-09-30,2026-09-30,983.0
20260930,000000,71W,32,2026,9,30,0,18.400000000000002,145.1,97600.0,2026-09-30,2026-09-30,976.0
20260930,000000,71W,32,2026,9,30,0,19.5,144.8,97400.0,2026-09-30,2026-09-30,974.0
20260930,000000,71W,32,2026,9,30,0,20.1,144.5,97000.0,2026-09-30,2026-09-30,970.0
20260930,000000,71W,32,2026,9,30,0,20.400000000000002,144.8,97000.0,2026-09-30,2026-09-30,970.0
20260930,000000,71W,32,2026,9,30,0,21.8,144.8,96400.0,2026-09-30,2026-09-30,964.0
20260930,000000,71W,32,2026,9,30,0,22.3,144.8,96600.0,2026-09-30,2026-09-30,966.0
20260930,000000,71W,32,2026,9,30,0,23.5,144.8,96200.0,2026-09-30,2026-09-30,962.0
20260930,000000,71W,32,2026,9,30,0,24.3,144.20000000000002,96300.0,2026-09-30,2026-09-30,963.0
20260930,000000,71W,32,2026,9,30,0,25.3,144.1,96400.0,2026-09-30,2026-09-30,964.0
20260930,000000,71W,32,2026,9,30,0,26.400000000000002,143.9,96200.0,2026-09-30,2026-09-30,962.0
20260930,000000,71W,32,2026,9,30,0,27.5,143.8,96100.0,2026-09-30,2026-09-30,961.0
20260930,000000,71W,32,2026,9,30,0,28.8,144.0,96300.0,2026-09-30,2026-09-30,963.0
20260930,000000,71W,32,2026,9,30,0,31.1,144.8,96300.0,2026-09-30,2026-09-30,963.0
20260930,000000,71W,32,2026,9,30,0,34.300000000000004,146.3,96200.0,2026-09-30,2026-09-30,962.0
20260930,000000,71W,32,2026,9,30,0,41.5,149.0,96200.0,2026-09-30,2026-09-30,962.0
20260930,000000,71W,32,2026,9,30,0,46.6,151.9,95400.0,2026-09-30,2026-09-30,954.0
20260930,000000,71W,33,2026,9,30,0,16.4,151.8,100300.0,2026-09-30,2026-09-30,1003.0
20260930,000000,71W,33,2026,9,30,0,16.7,149.6,100500.0,2026-09-30,2026-09-30,1005.0
20260930,000000,71W,33,2026,9,30,0,16.4,148.9,100200.0,2026-09-30,2026-09-30,1002.0
20260930,000000,71W,33,2026,9,30,0,16.7,146.5,100300.0,2026-09-30,2026-09-30,1003.0
20260930,000000,71W,33,2026,9,30,0,16.7,145.1,100000.0,2026-09-30,2026-09-30,1000.0
20260930,000000,71W,33,2026,9,30,0,16.4,144.8,100200.0,2026-09-30,2026-09-30,1002.0
20260930,000000,71W,33,2026,9,30,0,17.0,145.4,99600.0,2026-09-30,2026-09-30,996.0
20260930,000000,71W,33,2026,9,30,0,16.4,144.20000000000002,99800.0,2026-09-30,2026-09-30,998.0
20260930,000000,71W,33,2026,9,30,0,16.1,144.0,99400.0,2026-09-30,2026-09-30,994.0
20260930,000000,71W,33,2026,9,30,0,16.4,144.0,99300.0,2026-09-30,2026-09-30,993.0
20260930,000000,71W,33,2026,9,30,0,16.4,143.70000000000002,98800.0,2026-09-30,2026-09-30,988.0
20260930,000000,71W,33,2026,9,30,0,16.4,144.20000000000002,98600.0,2026-09-30,2026-09-30,986.0
20260930,000000,71W,33,2026,9,30,0,16.7,144.5,98100.0,2026-09-30,2026-09-30,981.0
20260930,000000,71W,33,2026,9,30,0,17.3,145.1,98000.0,2026-09-30,2026-09-30,980.0
20260930,000000,71W,33,2026,9,30,0,18.1,145.6,97700.0,2026-09-30,2026-09-30,977.0
20260930,000000,71W,33,2026,9,30,0,19.2,146.8,97600.0,2026-09-30,2026-09-30,976.0
20260930,000000,71W,33,2026,9,30,0,19.8,146.8,97300.0,2026-09-30,2026-09-30,973.0
20260930,000000,71W,33,2026,9,30,0,20.7,146.8,97200.0,2026-09-30,2026-09-30,972.0
20260930,000000,71W,33,2026,9,30,0,21.5,146.8,96800.0,2026-09-30,2026-09-30,968.0
20260930,000000,71W,33,2026,9,30,0,22.3,146.8,96800.0,2026-09-30,2026-09-30,968.0
20260930,000000,71W,33,2026,9,30,0,23.5,146.8,96900.0,2026-09-30,2026-09-30,969.0
20260930,000000,71W,33,2026,9,30,0,24.6,146.20000000000002,96600.0,2026-09-30,2026-09-30,966.0
20260930,000000,71W,33,2026,9,30,0,25.7,146.20000000000002,96500.0,2026-09-30,2026-09-30,965.0
20260930,000000,71W,33,2026,9,30,0,27.1,145.9,96800.0,2026-09-30,2026-09-30,968.0
20260930,000000,71W,33,2026,9,30,0,28.0,145.9,96400.0,2026-09-30,2026-09-30,964.0
20260930,000000,71W,33,2026,9,30,0,29.400000000000002,146.20000000000002,97000.0,2026-09-30,2026-09-30,970.0
20260930,000000,71W,33,2026,9,30,0,30.8,146.5,97100.0,2026-09-30,2026-09-30,971.0
20260930,000000,71W,33,2026,9,30,0,32.8,147.0,97500.0,2026-09-30,2026-09-30,975.0
20260930,000000,71W,33,2026,9,30,0,34.7,148.5,97600.0,2026-09-30,2026-09-30,976.0
20260930,000000,71W,33,2026,9,30,0,36.4,150.70000000000002,97700.0,2026-09-30,2026-09-30,977.0
20260930,000000,71W,33,2026,9,30,0,39.0,153.20000000000002,97800.0,2026-09-30,2026-09-30,978.0
20260930,000000,71W,33,2026,9,30,0,41.2,156.0,98100.0,2026-09-30,2026-09-30,981.0
20260930,000000,71W,34,2026,9,30,0,17.0,150.4,99500.0,2026-09-30,2026-09-30,995.0
20260930,000000,71W,34,2026,9,30,0,17.0,149.0,99200.0,2026-09-30,2026-09-30,992.0
20260930,000000,71W,34,2026,9,30,0,17.3,148.20000000000002,98600.0,2026-09-30,2026-09-30,986.0
20260930,000000,71W,34,2026,9,30,0,16.7,147.3,98300.0,2026-09-30,2026-09-30,983.0
20260930,000000,71W,34,2026,9,30,0,17.3,146.5,97900.0,2026-09-30,2026-09-30,979.0
20260930,000000,71W,34,2026,9,30,0,17.3,145.9,97800.0,2026-09-30,2026-09-30,978.0
20260930,000000,71W,34,2026,9,30,0,17.6,145.6,97200.0,2026-09-30,2026-09-30,972.0
20260930,000000,71W,34,2026,9,30,0,17.8,145.6,96700.0,2026-09-30,2026-09-30,967.0
20260930,000000,71W,34,2026,9,30,0,18.1,145.4,96500.0,2026-09-30,2026-09-30,965.0
20260930,000000,71W,34,2026,9,30,0,18.7,145.9,96200.0,2026-09-30,2026-09-30,962.0
20260930,000000,71W,34,2026,9,30,0,19.5,145.9,96000.0,2026-09-30,2026-09-30,960.0
20260930,000000,71W,34,2026,9,30,0,20.1,145.9,95700.0,2026-09-30,2026-09-30,957.0
20260930,000000,71W,34,2026,9,30,0,20.900000000000002,146.20000000000002,95200.0,2026-09-30,2026-09-30,952.0
20260930,000000,71W,34,2026,9,30,0,21.8,146.20000000000002,94700.0,2026-09-30,2026-09-30,947.0
20260930,000000,71W,34,2026,9,30,0,22.1,146.20000000000002,94800.0,2026-09-30,2026-09-30,948.0
20260930,000000,71W,34,2026,9,30,0,22.6,146.20000000000002,94600.0,2026-09-30,2026-09-30,946.0
20260930,000000,71W,34,2026,9,30,0,23.5,145.9,94700.0,2026-09-30,2026-09-30,947.0
20260930,000000,71W,34,2026,9,30,0,24.6,145.9,94500.0,2026-09-30,2026-09-30,945.0
20260930,000000,71W,34,2026,9,30,0,25.2,145.6,94700.0,2026-09-30,2026-09-30,947.0
20260930,000000,71W,34,2026,9,30,0,26.3,145.4,95500.0,2026-09-30,2026-09-30,955.0
20260930,000000,71W,34,2026,9,30,0,27.7,144.8,95600.0,2026-09-30,2026-09-30,956.0
20260930,000000,71W,34,2026,9,30,0,29.1,144.5,96100.0,2026-09-30,2026-09-30,961.0
20260930,000000,71W,34,2026,9,30,0,30.5,144.8,96200.0,2026-09-30,2026-09-30,962.0
20260930,000000,71W,34,2026,9,30,0,32.8,145.9,96500.0,2026-09-30,2026-09-30,965.0
20260930,000000,71W,34,2026,9,30,0,35.9,148.20000000000002,97100.0,2026-09-30,2026-09-30,971.0
20260930,000000,71W,34,2026,9,30,0,39.2,151.3,97100.0,2026-09-30,2026-09-30,971.0
20260930,000000,71W,34,2026,9,30,0,44.0,154.9,97200.0,2026-09-30,2026-09-30,972.0
20260930,000000,71W,35,2026,9,30,0,16.4,150.70000000000002,98700.0,2026-09-30,2026-09-30,987.0
20260930,000000,71W,35,2026,9,30,0,16.4,149.9,98800.0,2026-09-30,2026-09-30,988.0
20260930,000000,71W,35,2026,9,30,0,16.4,148.70000000000002,98200.0,2026-09-30,2026-09-30,982.0
20260930,000000,71W,35,2026,9,30,0,16.7,148.70000000000002,98400.0,2026-09-30,2026-09-30,984.0
20260930,000000,71W,35,2026,9,30,0,17.3,148.20000000000002,97500.0,2026-09-30,2026-09-30,975.0
20260930,000000,71W,35,2026,9,30,0,17.6,147.3,97400.0,2026-09-30,2026-09-30,974.0
20260930,000000,71W,35,2026,9,30,0,17.8,146.8,96800.0,2026-09-30,2026-09-30,968.0
20260930,000000,71W,35,2026,9,30,0,18.7,146.8,96900.0,2026-09-30,2026-09-30,969.0
20260930,000000,71W,35,2026,9,30,0,19.5,147.0,96500.0,2026-09-30,2026-09-30,965.0
20260930,000000,71W,35,2026,9,30,0,20.1,147.0,96100.0,2026-09-30,2026-09-30,961.0
20260930,000000,71W,35,2026,9,30,0,21.2,147.6,96300.0,2026-09-30,2026-09-30,963.0
20260930,000000,71W,35,2026,9,30,0,22.3,147.6,95800.0,2026-09-30,2026-09-30,958.0
20260930,000000,71W,35,2026,9,30,0,23.5,147.9,95800.0,2026-09-30,2026-09-30,958.0
20260930,000000,71W,35,2026,9,30,0,24.0,147.9,95700.0,2026-09-30,2026-09-30,957.0
20260930,000000,71W,35,2026,9,30,0,25.2,147.3,95100.0,2026-09-30,2026-09-30,951.0
20260930,000000,71W,35,2026,9,30,0,25.7,147.0,95500.0,2026-09-30,2026-09-30,955.0
20260930,000000,71W,35,2026,9,30,0,26.6,146.8,95300.0,2026-09-30,2026-09-30,953.0
20260930,000000,71W,35,2026,9,30,0,26.900000000000002,146.8,95400.0,2026-09-30,2026-09-30,954.0
20260930,000000,71W,35,2026,9,30,0,27.7,146.8,95400.0,2026-09-30,2026-09-30,954.0
20260930,000000,71W,35,2026,9,30,0,29.1,146.8,95600.0,2026-09-30,2026-09-30,956.0
20260930,000000,71W,35,2026,9,30,0,31.1,147.0,96000.0,2026-09-30,2026-09-30,960.0
20260930,000000,71W,35,2026,9,30,0,32.8,147.6,96100.0,2026-09-30,2026-09-30,961.0
20260930,000000,71W,35,2026,9,30,0,35.300000000000004,149.0,96400.0,2026-09-30,2026-09-30,964.0
20260930,000000,71W,35,2026,9,30,0,37.800000000000004,150.70000000000002,96800.0,2026-09-30,2026-09-30,968.0
20260930,000000,71W,35,2026,9,30,0,41.2,153.20000000000002,97400.0,2026-09-30,2026-09-30,974.0
20260930,000000,71W,35,2026,9,30,0,44.300000000000004,156.0,97200.0,2026-09-30,2026-09-30,972.0
20260930,000000,71W,35,2026,9,30,0,46.0,160.3,97100.0,2026-09-30,2026-09-30,971.0
20260930,000000,71W,35,2026,9,30,0,48.5,166.20000000000002,97100.0,2026-09-30,2026-09-30,971.0
20260930,000000,71W,36,2026,9,30,0,15.9,150.1,100100.0,2026-09-30,2026-09-30,1001.0
20260930,000000,71W,36,2026,9,30,0,16.4,149.6,100300.0,2026-09-30,2026-09-30,1003.0
20260930,000000,71W,36,2026,9,30,0,16.1,147.3,100000.0,2026-09-30,2026-09-30,1000.0
20260930,000000,71W,36,2026,9,30,0,16.3,147.1,100100.0,2026-09-30,2026-09-30,1001.0
20260930,000000,71W,36,2026,9,30,0,15.6,145.9,99600.0,2026-09-30,2026-09-30,996.0
20260930,000000,71W,36,2026,9,30,0,15.9,145.4,99800.0,2026-09-30,2026-09-30,998.0
20260930,000000,71W,36,2026,9,30,0,15.6,144.0,99200.0,2026-09-30,2026-09-30,992.0
20260930,000000,71W,36,2026,9,30,0,15.6,143.4,99000.0,2026-09-30,2026-09-30,990.0
20260930,000000,71W,36,2026,9,30,0,16.1,142.8,98300.0,2026-09-30,2026-09-30,983.0
20260930,000000,71W,36,2026,9,30,0,16.4,142.3,98100.0,2026-09-30,2026-09-30,981.0
20260930,000000,71W,36,2026,9,30,0,16.4,142.0,97300.0,2026-09-30,2026-09-30,973.0
20260930,000000,71W,36,2026,9,30,0,17.0,141.4,97000.0,2026-09-30,2026-09-30,970.0
20260930,000000,71W,36,2026,9,30,0,17.6,141.1,96500.0,2026-09-30,2026-09-30,965.0
20260930,000000,71W,36,2026,9,30,0,18.1,141.4,95600.0,2026-09-30,2026-09-30,956.0
20260930,000000,71W,36,2026,9,30,0,18.400000000000002,141.4,95000.0,2026-09-30,2026-09-30,950.0
20260930,000000,71W,36,2026,9,30,0,19.2,141.4,94900.0,2026-09-30,2026-09-30,949.0
20260930,000000,71W,36,2026,9,30,0,19.7,141.70000000000002,95100.0,2026-09-30,2026-09-30,951.0
20260930,000000,71W,36,2026,9,30,0,20.7,141.4,95200.0,2026-09-30,2026-09-30,952.0
20260930,000000,71W,36,2026,9,30,0,20.900000000000002,141.1,95000.0,2026-09-30,2026-09-30,950.0
20260930,000000,71W,36,2026,9,30,0,22.1,140.6,95200.0,2026-09-30,2026-09-30,952.0
20260930,000000,71W,36,2026,9,30,0,23.1,140.5,95400.0,2026-09-30,2026-09-30,954.0
20260930,000000,71W,36,2026,9,30,0,24.0,140.3,94800.0,2026-09-30,2026-09-30,948.0
20260930,000000,71W,36,2026,9,30,0,25.400000000000002,140.0,95200.0,2026-09-30,2026-09-30,952.0
20260930,000000,71W,36,2026,9,30,0,26.6,140.0,94800.0,2026-09-30,2026-09-30,948.0
20260930,000000,71W,36,2026,9,30,0,27.1,140.3,95100.0,2026-09-30,2026-09-30,951.0
20260930,000000,71W,36,2026,9,30,0,28.8,141.1,95300.0,2026-09-30,2026-09-30,953.0
20260930,000000,71W,36,2026,9,30,0,30.2,141.70000000000002,95800.0,2026-09-30,2026-09-30,958.0
20260930,000000,71W,36,2026,9,30,0,32.5,142.5,96200.0,2026-09-30,2026-09-30,962.0
20260930,000000,71W,36,2026,9,30,0,34.1,143.1,96800.0,2026-09-30,2026-09-30,968.0
20260930,000000,71W,36,2026,9,30,0,37.0,144.8,97400.0,2026-09-30,2026-09-30,974.0
20260930,000000,71W,36,2026,9,30,0,39.2,146.20000000000002,97200.0,2026-09-30,2026-09-30,972.0
20260930,000000,71W,36,2026,9,30,0,41.4,149.3,97800.0,2026-09-30,2026-09-30,978.0
20260930,000000,71W,36,2026,9,30,0,42.300000000000004,151.8,98100.0,2026-09-30,2026-09-30,981.0
20260930,000000,71W,36,2026,9,30,0,44.300000000000004,156.0,98500.0,2026-09-30,2026-09-30,985.0
20260930,000000,71W,36,2026,9,30,0,44.9,163.5,98300.0,2026-09-30,2026-09-30,983.0
20260930,000000,71W,37,2026,9,30,0,16.4,150.1,99800.0,2026-09-30,2026-09-30,998.0
20260930,000000,71W,37,2026,9,30,0,16.4,149.6,99900.0,2026-09-30,2026-09-30,999.0
20260930,000000,71W,37,2026,9,30,0,16.4,149.5,99800.0,2026-09-30,2026-09-30,998.0
20260930,000000,71W,37,2026,9,30,0,16.1,148.5,99900.0,2026-09-30,2026-09-30,999.0
20260930,000000,71W,37,2026,9,30,0,16.4,147.9,99400.0,2026-09-30,2026-09-30,994.0
20260930,000000,71W,37,2026,9,30,0,17.0,147.6,99400.0,2026-09-30,2026-09-30,994.0
20260930,000000,71W,37,2026,9,30,0,17.2,147.20000000000002,98900.0,2026-09-30,2026-09-30,989.0
20260930,000000,71W,37,2026,9,30,0,17.6,146.5,98800.0,2026-09-30,2026-09-30,988.0
20260930,000000,71W,37,2026,9,30,0,17.8,146.5,98100.0,2026-09-30,2026-09-30,981.0
20260930,000000,71W,37,2026,9,30,0,18.1,146.5,98000.0,2026-09-30,2026-09-30,980.0
20260930,000000,71W,37,2026,9,30,0,19.2,146.5,97100.0,2026-09-30,2026-09-30,971.0
20260930,000000,71W,37,2026,9,30,0,19.8,146.8,97100.0,2026-09-30,2026-09-30,971.0
20260930,000000,71W,37,2026,9,30,0,20.7,147.0,96700.0,2026-09-30,2026-09-30,967.0
20260930,000000,71W,37,2026,9,30,0,21.5,147.3,96100.0,2026-09-30,2026-09-30,961.0
20260930,000000,71W,37,2026,9,30,0,22.900000000000002,146.8,95800.0,2026-09-30,2026-09-30,958.0
20260930,000000,71W,37,2026,9,30,0,23.2,146.8,95600.0,2026-09-30,2026-09-30,956.0
20260930,000000,71W,37,2026,9,30,0,24.0,146.5,95300.0,2026-09-30,2026-09-30,953.0
20260930,000000,71W,37,2026,9,30,0,24.900000000000002,146.20000000000002,95300.0,2026-09-30,2026-09-30,953.0
20260930,000000,71W,37,2026,9,30,0,26.0,146.20000000000002,95200.0,2026-09-30,2026-09-30,952.0
20260930,000000,71W,37,2026,9,30,0,27.400000000000002,146.5,95400.0,2026-09-30,2026-09-30,954.0
20260930,000000,71W,37,2026,9,30,0,28.8,146.5,95600.0,2026-09-30,2026-09-30,956.0
20260930,000000,71W,37,2026,9,30,0,30.5,147.3,96000.0,2026-09-30,2026-09-30,960.0
20260930,000000,71W,37,2026,9,30,0,33.0,148.5,96100.0,2026-09-30,2026-09-30,961.0
20260930,000000,71W,37,2026,9,30,0,36.1,151.3,96900.0,2026-09-30,2026-09-30,969.0
20260930,000000,71W,37,2026,9,30,0,46.6,160.8,98300.0,2026-09-30,2026-09-30,983.0
20260930,000000,71W,38,2026,9,30,0,15.6,150.4,99600.0,2026-09-30,2026-09-30,996.0
20260930,000000,71W,38,2026,9,30,0,17.0,150.70000000000002,99900.0,2026-09-30,2026-09-30,999.0
20260930,000000,71W,38,2026,9,30,0,17.6,149.3,99500.0,2026-09-30,2026-09-30,995.0
20260930,000000,71W,38,2026,9,30,0,17.3,147.6,99500.0,2026-09-30,2026-09-30,995.0
20260930,000000,71W,38,2026,9,30,0,17.8,147.0,99200.0,2026-09-30,2026-09-30,992.0
20260930,000000,71W,38,2026,9,30,0,18.1,146.5,99100.0,2026-09-30,2026-09-30,991.0
20260930,000000,71W,38,2026,9,30,0,18.400000000000002,145.4,98700.0,2026-09-30,2026-09-30,987.0
20260930,000000,71W,38,2026,9,30,0,19.0,145.4,98600.0,2026-09-30,2026-09-30,986.0
20260930,000000,71W,38,2026,9,30,0,19.8,145.4,97900.0,2026-09-30,2026-09-30,979.0
20260930,000000,71W,38,2026,9,30,0,19.8,145.4,98000.0,2026-09-30,2026-09-30,980.0
20260930,000000,71W,38,2026,9,30,0,20.8,145.1,97700.0,2026-09-30,2026-09-30,977.0
20260930,000000,71W,38,2026,9,30,0,21.2,145.4,97900.0,2026-09-30,2026-09-30,979.0
20260930,000000,71W,38,2026,9,30,0,22.3,145.9,97500.0,2026-09-30,2026-09-30,975.0
20260930,000000,71W,38,2026,9,30,0,23.2,146.20000000000002,97500.0,2026-09-30,2026-09-30,975.0
20260930,000000,71W,38,2026,9,30,0,24.0,146.8,97000.0,2026-09-30,2026-09-30,970.0
20260930,000000,71W,38,2026,9,30,0,24.6,146.8,96900.0,2026-09-30,2026-09-30,969.0
20260930,000000,71W,38,2026,9,30,0,25.400000000000002,146.8,96500.0,2026-09-30,2026-09-30,965.0
20260930,000000,71W,38,2026,9,30,0,26.0,146.5,96700.0,2026-09-30,2026-09-30,967.0
20260930,000000,71W,38,2026,9,30,0,26.6,146.5,96500.0,2026-09-30,2026-09-30,965.0
20260930,000000,71W,38,2026,9,30,0,27.7,146.8,96600.0,2026-09-30,2026-09-30,966.0
20260930,000000,71W,38,2026,9,30,0,28.8,145.9,96200.0,2026-09-30,2026-09-30,962.0
20260930,000000,71W,38,2026,9,30,0,29.7,146.20000000000002,96500.0,2026-09-30,2026-09-30,965.0
20260930,000000,71W,38,2026,9,30,0,31.1,146.5,96700.0,2026-09-30,2026-09-30,967.0
20260930,000000,71W,38,2026,9,30,0,33.3,147.9,97000.0,2026-09-30,2026-09-30,970.0
20260930,000000,71W,38,2026,9,30,0,35.300000000000004,149.9,97200.0,2026-09-30,2026-09-30,972.0
20260930,000000,71W,38,2026,9,30,0,38.7,152.70000000000002,97500.0,2026-09-30,2026-09-30,975.0
20260930,000000,71W,39,2026,9,30,0,15.6,153.0,100200.0,2026-09-30,2026-09-30,1002.0
20260930,000000,71W,39,2026,9,30,0,15.9,153.20000000000002,100400.0,2026-09-30,2026-09-30,1004.0
20260930,000000,71W,39,2026,9,30,0,16.4,152.4,100200.0,2026-09-30,2026-09-30,1002.0
20260930,000000,71W,39,2026,9,30,0,16.7,150.8,100300.0,2026-09-30,2026-09-30,1003.0
20260930,000000,71W,39,2026,9,30,0,17.0,150.4,99900.0,2026-09-30,2026-09-30,999.0
20260930,000000,71W,39,2026,9,30,0,16.7,149.0,100100.0,2026-09-30,2026-09-30,1001.0
20260930,000000,71W,39,2026,9,30,0,17.400000000000002,148.6,99800.0,2026-09-30,2026-09-30,998.0
20260930,000000,71W,39,2026,9,30,0,17.8,148.20000000000002,99800.0,2026-09-30,2026-09-30,998.0
20260930,000000,71W,39,2026,9,30,0,17.6,147.6,99100.0,2026-09-30,2026-09-30,991.0
20260930,000000,71W,39,2026,9,30,0,17.8,148.5,98800.0,2026-09-30,2026-09-30,988.0
20260930,000000,71W,39,2026,9,30,0,18.1,149.0,98400.0,2026-09-30,2026-09-30,984.0
20260930,000000,71W,39,2026,9,30,0,19.5,149.9,97900.0,2026-09-30,2026-09-30,979.0
20260930,000000,71W,39,2026,9,30,0,20.7,150.4,97300.0,2026-09-30,2026-09-30,973.0
20260930,000000,71W,39,2026,9,30,0,22.1,150.70000000000002,97100.0,2026-09-30,2026-09-30,971.0
20260930,000000,71W,39,2026,9,30,0,23.2,150.4,96900.0,2026-09-30,2026-09-30,969.0
20260930,000000,71W,39,2026,9,30,0,23.8,149.6,97000.0,2026-09-30,2026-09-30,970.0
20260930,000000,71W,39,2026,9,30,0,24.3,149.6,96500.0,2026-09-30,2026-09-30,965.0
20260930,000000,71W,39,2026,9,30,0,24.900000000000002,149.3,96700.0,2026-09-30,2026-09-30,967.0
20260930,000000,71W,39,2026,9,30,0,25.400000000000002,148.5,96400.0,2026-09-30,2026-09-30,964.0
20260930,000000,71W,39,2026,9,30,0,26.3,148.70000000000002,96600.0,2026-09-30,2026-09-30,966.0
20260930,000000,71W,39,2026,9,30,0,28.0,148.5,96500.0,2026-09-30,2026-09-30,965.0
20260930,000000,71W,39,2026,9,30,0,29.400000000000002,148.20000000000002,97100.0,2026-09-30,2026-09-30,971.0
20260930,000000,71W,39,2026,9,30,0,31.1,148.5,97000.0,2026-09-30,2026-09-30,970.0
20260930,000000,71W,39,2026,9,30,0,33.6,149.6,97400.0,2026-09-30,2026-09-30,974.0
20260930,000000,71W,39,2026,9,30,0,36.1,151.3,97800.0,2026-09-30,2026-09-30,978.0
20260930,000000,71W,39,2026,9,30,0,39.5,153.5,98300.0,2026-09-30,2026-09-30,983.0
20260930,000000,71W,39,2026,9,30,0,42.6,157.70000000000002,98100.0,2026-09-30,2026-09-30,981.0
20260930,000000,71W,39,2026,9,30,0,48.0,165.0,97600.0,2026-09-30,2026-09-30,976.0
20260930,000000,71W,39,2026,9,30,0,50.2,169.0,97200.0,2026-09-30,2026-09-30,972.0
20260930,000000,71W,40,2026,9,30,0,15.3,150.70000000000002,100000.0,2026-09-30,2026-09-30,1000.0
20260930,000000,71W,40,2026,9,30,0,15.9,150.4,100100.0,2026-09-30,2026-09-30,1001.0
20260930,000000,71W,40,2026,9,30,0,16.4,150.1,99900.0,2026-09-30,2026-09-30,999.0
20260930,000000,71W,40,2026,9,30,0,15.6,148.20000000000002,100100.0,2026-09-30,2026-09-30,1001.0
20260930,000000,71W,40,2026,9,30,0,15.9,147.3,99300.0,2026-09-30,2026-09-30,993.0
20260930,000000,71W,40,2026,9,30,0,16.4,148.20000000000002,98900.0,2026-09-30,2026-09-30,989.0
20260930,000000,71W,40,2026,9,30,0,17.6,146.8,99000.0,2026-09-30,2026-09-30,990.0
20260930,000000,71W,40,2026,9,30,0,17.2,146.20000000000002,99000.0,2026-09-30,2026-09-30,990.0
20260930,000000,71W,40,2026,9,30,0,17.3,146.8,98200.0,2026-09-30,2026-09-30,982.0
20260930,000000,71W,40,2026,9,30,0,17.8,146.5,98100.0,2026-09-30,2026-09-30,981.0
20260930,000000,71W,40,2026,9,30,0,18.400000000000002,147.3,97600.0,2026-09-30,2026-09-30,976.0
20260930,000000,71W,40,2026,9,30,0,19.2,147.6,97700.0,2026-09-30,2026-09-30,977.0
20260930,000000,71W,40,2026,9,30,0,20.7,147.9,97400.0,2026-09-30,2026-09-30,974.0
20260930,000000,71W,40,2026,9,30,0,21.2,147.9,97400.0,2026-09-30,2026-09-30,974.0
20260930,000000,71W,40,2026,9,30,0,22.3,147.6,97200.0,2026-09-30,2026-09-30,972.0
20260930,000000,71W,40,2026,9,30,0,22.900000000000002,147.3,97000.0,2026-09-30,2026-09-30,970.0
20260930,000000,71W,40,2026,9,30,0,24.3,147.3,96600.0,2026-09-30,2026-09-30,966.0
20260930,000000,71W,40,2026,9,30,0,25.400000000000002,146.8,96300.0,2026-09-30,2026-09-30,963.0
20260930,000000,71W,40,2026,9,30,0,26.900000000000002,146.8,96200.0,2026-09-30,2026-09-30,962.0
20260930,000000,71W,40,2026,9,30,0,28.5,146.3,96200.0,2026-09-30,2026-09-30,962.0
20260930,000000,71W,40,2026,9,30,0,30.0,146.5,96600.0,2026-09-30,2026-09-30,966.0
20260930,000000,71W,40,2026,9,30,0,32.2,146.8,96500.0,2026-09-30,2026-09-30,965.0
20260930,000000,71W,40,2026,9,30,0,34.2,148.5,96700.0,2026-09-30,2026-09-30,967.0
20260930,000000,71W,40,2026,9,30,0,37.0,149.9,97100.0,2026-09-30,2026-09-30,971.0
20260930,000000,71W,40,2026,9,30,0,39.5,151.8,97300.0,2026-09-30,2026-09-30,973.0
20260930,000000,71W,40,2026,9,30,0,41.2,155.20000000000002,97100.0,2026-09-30,2026-09-30,971.0
20260930,000000,71W,40,2026,9,30,0,44.300000000000004,159.1,97600.0,2026-09-30,2026-09-30,976.0
20260930,000000,71W,40,2026,9,30,0,46.6,163.4,97500.0,2026-09-30,2026-09-30,975.0
20260930,000000,71W,41,2026,9,30,0,15.6,151.3,100200.0,2026-09-30,2026-09-30,1002.0
20260930,000000,71W,41,2026,9,30,0,16.4,150.1,100300.0,2026-09-30,2026-09-30,1003.0
20260930,000000,71W,41,2026,9,30,0,16.1,149.0,99900.0,2026-09-30,2026-09-30,999.0
20260930,000000,71W,41,2026,9,30,0,16.1,148.70000000000002,99800.0,2026-09-30,2026-09-30,998.0
20260930,000000,71W,41,2026,9,30,0,16.7,148.5,99500.0,2026-09-30,2026-09-30,995.0
20260930,000000,71W,41,2026,9,30,0,16.7,147.6,99100.0,2026-09-30,2026-09-30,991.0
20260930,000000,71W,41,2026,9,30,0,16.7,146.8,98500.0,2026-09-30,2026-09-30,985.0
20260930,000000,71W,41,2026,9,30,0,17.0,146.5,98400.0,2026-09-30,2026-09-30,984.0
20260930,000000,71W,41,2026,9,30,0,17.0,146.20000000000002,97500.0,2026-09-30,2026-09-30,975.0
20260930,000000,71W,41,2026,9,30,0,17.0,145.9,97200.0,2026-09-30,2026-09-30,972.0
20260930,000000,71W,41,2026,9,30,0,17.3,145.9,96500.0,2026-09-30,2026-09-30,965.0
20260930,000000,71W,41,2026,9,30,0,17.8,145.9,96100.0,2026-09-30,2026-09-30,961.0
20260930,000000,71W,41,2026,9,30,0,18.400000000000002,146.20000000000002,95800.0,2026-09-30,2026-09-30,958.0
20260930,000000,71W,41,2026,9,30,0,18.7,146.5,96100.0,2026-09-30,2026-09-30,961.0
20260930,000000,71W,41,2026,9,30,0,19.2,146.8,95900.0,2026-09-30,2026-09-30,959.0
20260930,000000,71W,41,2026,9,30,0,20.1,147.0,95900.0,2026-09-30,2026-09-30,959.0
20260930,000000,71W,41,2026,9,30,0,20.900000000000002,147.0,96000.0,2026-09-30,2026-09-30,960.0
20260930,000000,71W,41,2026,9,30,0,21.8,147.0,96000.0,2026-09-30,2026-09-30,960.0
20260930,000000,71W,41,2026,9,30,0,22.900000000000002,146.8,95600.0,2026-09-30,2026-09-30,956.0
20260930,000000,71W,41,2026,9,30,0,24.0,146.5,95000.0,2026-09-30,2026-09-30,950.0
20260930,000000,71W,41,2026,9,30,0,24.900000000000002,146.20000000000002,95100.0,2026-09-30,2026-09-30,951.0
20260930,000000,71W,41,2026,9,30,0,26.3,145.4,94700.0,2026-09-30,2026-09-30,947.0
20260930,000000,71W,41,2026,9,30,0,27.5,145.9,95100.0,2026-09-30,2026-09-30,951.0
20260930,000000,71W,41,2026,9,30,0,28.900000000000002,146.3,95400.0,2026-09-30,2026-09-30,954.0
20260930,000000,71W,41,2026,9,30,0,31.1,146.8,95600.0,2026-09-30,2026-09-30,956.0
20260930,000000,71W,41,2026,9,30,0,33.0,147.9,96000.0,2026-09-30,2026-09-30,960.0
20260930,000000,71W,41,2026,9,30,0,34.7,149.3,96500.0,2026-09-30,2026-09-30,965.0
20260930,000000,71W,41,2026,9,30,0,37.800000000000004,152.70000000000002,97200.0,2026-09-30,2026-09-30,972.0
20260930,000000,71W,41,2026,9,30,0,40.5,156.20000000000002,97600.0,2026-09-30,2026-09-30,976.0
20260930,000000,71W,41,2026,9,30,0,43.2,160.3,97400.0,2026-09-30,2026-09-30,974.0
20260930,000000,71W,42,2026,9,30,0,16.4,150.70000000000002,99200.0,2026-09-30,2026-09-30,992.0
20260930,000000,71W,42,2026,9,30,0,16.4,149.9,99900.0,2026-09-30,2026-09-30,999.0
20260930,000000,71W,42,2026,9,30,0,16.1,149.3,99500.0,2026-09-30,2026-09-30,995.0
20260930,000000,71W,42,2026,9,30,0,16.1,148.70000000000002,99400.0,2026-09-30,2026-09-30,994.0
20260930,000000,71W,42,2026,9,30,0,16.7,147.9,99200.0,2026-09-30,2026-09-30,992.0
20260930,000000,71W,42,2026,9,30,0,17.0,147.6,99100.0,2026-09-30,2026-09-30,991.0
20260930,000000,71W,42,2026,9,30,0,17.6,147.3,98900.0,2026-09-30,2026-09-30,989.0
20260930,000000,71W,42,2026,9,30,0,17.6,146.20000000000002,98800.0,2026-09-30,2026-09-30,988.0
20260930,000000,71W,42,2026,9,30,0,18.1,146.20000000000002,98200.0,2026-09-30,2026-09-30,982.0
20260930,000000,71W,42,2026,9,30,0,18.7,145.6,98200.0,2026-09-30,2026-09-30,982.0
20260930,000000,71W,42,2026,9,30,0,19.5,146.0,97600.0,2026-09-30,2026-09-30,976.0
20260930,000000,71W,42,2026,9,30,0,20.400000000000002,145.9,97600.0,2026-09-30,2026-09-30,976.0
20260930,000000,71W,42,2026,9,30,0,21.2,146.20000000000002,97300.0,2026-09-30,2026-09-30,973.0
20260930,000000,71W,42,2026,9,30,0,21.5,146.5,97300.0,2026-09-30,2026-09-30,973.0
20260930,000000,71W,42,2026,9,30,0,22.3,146.5,97000.0,2026-09-30,2026-09-30,970.0
20260930,000000,71W,42,2026,9,30,0,23.2,146.8,96700.0,2026-09-30,2026-09-30,967.0
20260930,000000,71W,42,2026,9,30,0,24.0,147.0,96300.0,2026-09-30,2026-09-30,963.0
20260930,000000,71W,42,2026,9,30,0,24.900000000000002,147.0,96700.0,2026-09-30,2026-09-30,967.0
20260930,000000,71W,42,2026,9,30,0,25.400000000000002,146.8,96400.0,2026-09-30,2026-09-30,964.0
20260930,000000,71W,42,2026,9,30,0,26.3,146.5,96500.0,2026-09-30,2026-09-30,965.0
20260930,000000,71W,42,2026,9,30,0,27.1,146.5,96100.0,2026-09-30,2026-09-30,961.0
20260930,000000,71W,42,2026,9,30,0,27.900000000000002,146.20000000000002,96500.0,2026-09-30,2026-09-30,965.0
20260930,000000,71W,42,2026,9,30,0,29.1,145.9,96300.0,2026-09-30,2026-09-30,963.0
20260930,000000,71W,42,2026,9,30,0,30.2,146.20000000000002,96500.0,2026-09-30,2026-09-30,965.0
20260930,000000,71W,42,2026,9,30,0,32.2,146.5,96500.0,2026-09-30,2026-09-30,965.0
20260930,000000,71W,42,2026,9,30,0,33.9,147.6,97000.0,2026-09-30,2026-09-30,970.0
20260930,000000,71W,42,2026,9,30,0,35.9,148.70000000000002,97300.0,2026-09-30,2026-09-30,973.0
20260930,000000,71W,42,2026,9,30,0,39.2,150.70000000000002,97300.0,2026-09-30,2026-09-30,973.0
20260930,000000,71W,42,2026,9,30,0,42.300000000000004,153.0,97100.0,2026-09-30,2026-09-30,971.0
20260930,000000,71W,43,2026,9,30,0,17.0,151.3,100000.0,2026-09-30,2026-09-30,1000.0
20260930,000000,71W,43,2026,9,30,0,17.0,149.6,100000.0,2026-09-30,2026-09-30,1000.0
20260930,000000,71W,43,2026,9,30,0,16.7,147.6,99400.0,2026-09-30,2026-09-30,994.0
20260930,000000,71W,43,2026,9,30,0,17.0,147.3,99500.0,2026-09-30,2026-09-30,995.0
20260930,000000,71W,43,2026,9,30,0,17.3,146.20000000000002,99100.0,2026-09-30,2026-09-30,991.0
20260930,000000,71W,43,2026,9,30,0,17.3,145.9,99100.0,2026-09-30,2026-09-30,991.0
20260930,000000,71W,43,2026,9,30,0,17.6,145.4,98600.0,2026-09-30,2026-09-30,986.0
20260930,000000,71W,43,2026,9,30,0,17.8,144.8,98700.0,2026-09-30,2026-09-30,987.0
20260930,000000,71W,43,2026,9,30,0,18.1,144.5,98000.0,2026-09-30,2026-09-30,980.0
20260930,000000,71W,43,2026,9,30,0,19.0,144.8,97700.0,2026-09-30,2026-09-30,977.0
20260930,000000,71W,43,2026,9,30,0,19.2,144.8,97200.0,2026-09-30,2026-09-30,972.0
20260930,000000,71W,43,2026,9,30,0,19.8,144.8,97000.0,2026-09-30,2026-09-30,970.0
20260930,000000,71W,43,2026,9,30,0,20.7,145.6,96700.0,2026-09-30,2026-09-30,967.0
20260930,000000,71W,43,2026,9,30,0,21.2,145.6,95800.0,2026-09-30,2026-09-30,958.0
20260930,000000,71W,43,2026,9,30,0,22.3,145.6,95900.0,2026-09-30,2026-09-30,959.0
20260930,000000,71W,43,2026,9,30,0,22.900000000000002,145.6,95900.0,2026-09-30,2026-09-30,959.0
20260930,000000,71W,43,2026,9,30,0,23.8,145.9,95600.0,2026-09-30,2026-09-30,956.0
20260930,000000,71W,43,2026,9,30,0,24.6,145.4,96000.0,2026-09-30,2026-09-30,960.0
20260930,000000,71W,43,2026,9,30,0,25.400000000000002,145.1,95600.0,2026-09-30,2026-09-30,956.0
20260930,000000,71W,43,2026,9,30,0,26.0,144.8,95500.0,2026-09-30,2026-09-30,955.0
20260930,000000,71W,43,2026,9,30,0,27.400000000000002,144.8,95700.0,2026-09-30,2026-09-30,957.0
20260930,000000,71W,43,2026,9,30,0,28.5,144.5,96300.0,2026-09-30,2026-09-30,963.0
20260930,000000,71W,43,2026,9,30,0,30.2,144.8,96400.0,2026-09-30,2026-09-30,964.0
20260930,000000,71W,43,2026,9,30,0,32.2,145.6,96700.0,2026-09-30,2026-09-30,967.0
20260930,000000,71W,43,2026,9,30,0,34.300000000000004,147.4,97200.0,2026-09-30,2026-09-30,972.0
20260930,000000,71W,43,2026,9,30,0,37.800000000000004,149.6,97500.0,2026-09-30,2026-09-30,975.0
20260930,000000,71W,43,2026,9,30,0,40.9,153.20000000000002,97700.0,2026-09-30,2026-09-30,977.0
20260930,000000,71W,44,2026,9,30,0,16.4,151.5,100300.0,2026-09-30,2026-09-30,1003.0
20260930,000000,71W,44,2026,9,30,0,15.9,149.6,100500.0,2026-09-30,2026-09-30,1005.0
20260930,000000,71W,44,2026,9,30,0,15.9,150.70000000000002,100300.0,2026-09-30,2026-09-30,1003.0
20260930,000000,71W,44,2026,9,30,0,16.4,148.5,100400.0,2026-09-30,2026-09-30,1004.0
20260930,000000,71W,44,2026,9,30,0,16.4,147.3,100100.0,2026-09-30,2026-09-30,1001.0
20260930,000000,71W,44,2026,9,30,0,17.6,147.6,100200.0,2026-09-30,2026-09-30,1002.0
20260930,000000,71W,44,2026,9,30,0,17.3,145.9,99900.0,2026-09-30,2026-09-30,999.0
20260930,000000,71W,44,2026,9,30,0,16.1,145.1,99800.0,2026-09-30,2026-09-30,998.0
20260930,000000,71W,44,2026,9,30,0,16.4,144.8,99400.0,2026-09-30,2026-09-30,994.0
20260930,000000,71W,44,2026,9,30,0,16.1,144.5,99500.0,2026-09-30,2026-09-30,995.0
20260930,000000,71W,44,2026,9,30,0,16.1,144.8,99000.0,2026-09-30,2026-09-30,990.0
20260930,000000,71W,44,2026,9,30,0,16.4,145.1,98600.0,2026-09-30,2026-09-30,986.0
20260930,000000,71W,44,2026,9,30,0,16.7,146.20000000000002,98500.0,2026-09-30,2026-09-30,985.0
20260930,000000,71W,44,2026,9,30,0,17.8,146.8,97900.0,2026-09-30,2026-09-30,979.0
20260930,000000,71W,44,2026,9,30,0,19.0,147.3,97200.0,2026-09-30,2026-09-30,972.0
20260930,000000,71W,44,2026,9,30,0,19.2,147.6,96600.0,2026-09-30,2026-09-30,966.0
20260930,000000,71W,44,2026,9,30,0,20.400000000000002,148.20000000000002,96600.0,2026-09-30,2026-09-30,966.0
20260930,000000,71W,44,2026,9,30,0,20.7,148.5,96200.0,2026-09-30,2026-09-30,962.0
20260930,000000,71W,44,2026,9,30,0,21.5,148.5,96100.0,2026-09-30,2026-09-30,961.0
20260930,000000,71W,44,2026,9,30,0,22.6,148.5,96000.0,2026-09-30,2026-09-30,960.0
20260930,000000,71W,44,2026,9,30,0,23.5,148.20000000000002,95800.0,2026-09-30,2026-09-30,958.0
20260930,000000,71W,44,2026,9,30,0,24.6,148.20000000000002,95700.0,2026-09-30,2026-09-30,957.0
20260930,000000,71W,44,2026,9,30,0,25.7,148.20000000000002,96000.0,2026-09-30,2026-09-30,960.0
20260930,000000,71W,44,2026,9,30,0,26.900000000000002,147.9,96100.0,2026-09-30,2026-09-30,961.0
20260930,000000,71W,44,2026,9,30,0,28.5,148.20000000000002,96500.0,2026-09-30,2026-09-30,965.0
20260930,000000,71W,44,2026,9,30,0,30.8,148.70000000000002,96900.0,2026-09-30,2026-09-30,969.0
20260930,000000,71W,44,2026,9,30,0,32.8,149.6,97300.0,2026-09-30,2026-09-30,973.0
20260930,000000,71W,44,2026,9,30,0,34.7,151.5,97500.0,2026-09-30,2026-09-30,975.0
20260930,000000,71W,44,2026,9,30,0,36.4,154.4,97800.0,2026-09-30,2026-09-30,978.0
20260930,000000,71W,44,2026,9,30,0,38.1,158.9,98100.0,2026-09-30,2026-09-30,981.0
20260930,000000,71W,44,2026,9,30,0,40.300000000000004,163.6,98100.0,2026-09-30,2026-09-30,981.0
20260930,000000,71W,44,2026,9,30,0,41.800000000000004,169.3,98600.0,2026-09-30,2026-09-30,986.0
20260930,000000,71W,44,2026,9,30,0,43.5,176.6,98400.0,2026-09-30,2026-09-30,984.0
20260930,000000,71W,45,2026,9,30,0,16.1,151.3,100200.0,2026-09-30,2026-09-30,1002.0
20260930,000000,71W,45,2026,9,30,0,16.1,150.1,100400.0,2026-09-30,2026-09-30,1004.0
20260930,000000,71W,45,2026,9,30,0,15.9,149.0,99800.0,2026-09-30,2026-09-30,998.0
20260930,000000,71W,45,2026,9,30,0,16.5,148.70000000000002,100000.0,2026-09-30,2026-09-30,1000.0
20260930,000000,71W,45,2026,9,30,0,16.7,148.70000000000002,99700.0,2026-09-30,2026-09-30,997.0
20260930,000000,71W,45,2026,9,30,0,17.3,147.6,99600.0,2026-09-30,2026-09-30,996.0
20260930,000000,71W,45,2026,9,30,0,17.8,146.5,99000.0,2026-09-30,2026-09-30,990.0
20260930,000000,71W,45,2026,9,30,0,16.4,145.6,99100.0,2026-09-30,2026-09-30,991.0
20260930,000000,71W,45,2026,9,30,0,17.7,145.20000000000002,98500.0,2026-09-30,2026-09-30,985.0
20260930,000000,71W,45,2026,9,30,0,17.8,145.6,98400.0,2026-09-30,2026-09-30,984.0
20260930,000000,71W,45,2026,9,30,0,18.400000000000002,145.6,97700.0,2026-09-30,2026-09-30,977.0
20260930,000000,71W,45,2026,9,30,0,19.1,146.0,97600.0,2026-09-30,2026-09-30,976.0
20260930,000000,71W,45,2026,9,30,0,20.3,146.4,96700.0,2026-09-30,2026-09-30,967.0
20260930,000000,71W,45,2026,9,30,0,21.7,146.4,96200.0,2026-09-30,2026-09-30,962.0
20260930,000000,71W,45,2026,9,30,0,22.3,146.20000000000002,95400.0,2026-09-30,2026-09-30,954.0
20260930,000000,71W,45,2026,9,30,0,23.2,146.20000000000002,95200.0,2026-09-30,2026-09-30,952.0
20260930,000000,71W,45,2026,9,30,0,24.0,146.20000000000002,95200.0,2026-09-30,2026-09-30,952.0
20260930,000000,71W,45,2026,9,30,0,24.900000000000002,146.20000000000002,95100.0,2026-09-30,2026-09-30,951.0
20260930,000000,71W,45,2026,9,30,0,26.0,146.20000000000002,94800.0,2026-09-30,2026-09-30,948.0
20260930,000000,71W,45,2026,9,30,0,27.400000000000002,146.20000000000002,94900.0,2026-09-30,2026-09-30,949.0
20260930,000000,71W,45,2026,9,30,0,28.5,146.5,95300.0,2026-09-30,2026-09-30,953.0
20260930,000000,71W,45,2026,9,30,0,29.7,147.0,96000.0,2026-09-30,2026-09-30,960.0
20260930,000000,71W,45,2026,9,30,0,31.400000000000002,147.6,96400.0,2026-09-30,2026-09-30,964.0
20260930,000000,71W,45,2026,9,30,0,33.0,148.70000000000002,97100.0,2026-09-30,2026-09-30,971.0
20260930,000000,71W,45,2026,9,30,0,34.7,150.70000000000002,97300.0,2026-09-30,2026-09-30,973.0
20260930,000000,71W,45,2026,9,30,0,37.6,152.70000000000002,98100.0,2026-09-30,2026-09-30,981.0
20260930,000000,71W,45,2026,9,30,0,40.7,155.8,98200.0,2026-09-30,2026-09-30,982.0
20260930,000000,71W,45,2026,9,30,0,43.6,160.8,98400.0,2026-09-30,2026-09-30,984.0
20260930,000000,71W,46,2026,9,30,0,16.4,150.4,99900.0,2026-09-30,2026-09-30,999.0
20260930,000000,71W,46,2026,9,30,0,16.7,149.3,99800.0,2026-09-30,2026-09-30,998.0
20260930,000000,71W,46,2026,9,30,0,16.4,148.5,99100.0,2026-09-30,2026-09-30,991.0
20260930,000000,71W,46,2026,9,30,0,16.4,147.6,99100.0,2026-09-30,2026-09-30,991.0
20260930,000000,71W,46,2026,9,30,0,16.7,146.8,98300.0,2026-09-30,2026-09-30,983.0
20260930,000000,71W,46,2026,9,30,0,17.0,146.5,98000.0,2026-09-30,2026-09-30,980.0
20260930,000000,71W,46,2026,9,30,0,17.3,145.9,97300.0,2026-09-30,2026-09-30,973.0
20260930,000000,71W,46,2026,9,30,0,17.6,145.4,97400.0,2026-09-30,2026-09-30,974.0
20260930,000000,71W,46,2026,9,30,0,17.8,145.4,96800.0,2026-09-30,2026-09-30,968.0
20260930,000000,71W,46,2026,9,30,0,18.400000000000002,145.1,96100.0,2026-09-30,2026-09-30,961.0
20260930,000000,71W,46,2026,9,30,0,19.0,144.8,95400.0,2026-09-30,2026-09-30,954.0
20260930,000000,71W,46,2026,9,30,0,19.2,144.8,95300.0,2026-09-30,2026-09-30,953.0
20260930,000000,71W,46,2026,9,30,0,20.1,144.8,95500.0,2026-09-30,2026-09-30,955.0
20260930,000000,71W,46,2026,9,30,0,20.7,144.8,95000.0,2026-09-30,2026-09-30,950.0
20260930,000000,71W,46,2026,9,30,0,20.900000000000002,145.1,95000.0,2026-09-30,2026-09-30,950.0
20260930,000000,71W,46,2026,9,30,0,21.8,145.1,95400.0,2026-09-30,2026-09-30,954.0
20260930,000000,71W,46,2026,9,30,0,22.6,145.1,95200.0,2026-09-30,2026-09-30,952.0
20260930,000000,71W,46,2026,9,30,0,23.8,144.5,95200.0,2026-09-30,2026-09-30,952.0
20260930,000000,71W,46,2026,9,30,0,24.3,144.20000000000002,95400.0,2026-09-30,2026-09-30,954.0
20260930,000000,71W,46,2026,9,30,0,25.7,144.0,95500.0,2026-09-30,2026-09-30,955.0
20260930,000000,71W,46,2026,9,30,0,26.900000000000002,144.0,95700.0,2026-09-30,2026-09-30,957.0
20260930,000000,71W,46,2026,9,30,0,28.5,144.0,95800.0,2026-09-30,2026-09-30,958.0
20260930,000000,71W,46,2026,9,30,0,30.5,144.20000000000002,96100.0,2026-09-30,2026-09-30,961.0
20260930,000000,71W,46,2026,9,30,0,31.900000000000002,145.6,96500.0,2026-09-30,2026-09-30,965.0
20260930,000000,71W,46,2026,9,30,0,34.5,147.0,97000.0,2026-09-30,2026-09-30,970.0
20260930,000000,71W,46,2026,9,30,0,37.0,149.6,97800.0,2026-09-30,2026-09-30,978.0
20260930,000000,71W,46,2026,9,30,0,40.1,153.0,98000.0,2026-09-30,2026-09-30,980.0
20260930,000000,71W,46,2026,9,30,0,43.2,156.9,98100.0,2026-09-30,2026-09-30,981.0
20260930,000000,71W,47,2026,9,30,0,16.1,150.70000000000002,100000.0,2026-09-30,2026-09-30,1000.0
20260930,000000,71W,47,2026,9,30,0,16.1,150.4,100000.0,2026-09-30,2026-09-30,1000.0
20260930,000000,71W,47,2026,9,30,0,17.0,148.70000000000002,99800.0,2026-09-30,2026-09-30,998.0
20260930,000000,71W,47,2026,9,30,0,16.7,148.20000000000002,99900.0,2026-09-30,2026-09-30,999.0
20260930,000000,71W,47,2026,9,30,0,16.7,147.3,99600.0,2026-09-30,2026-09-30,996.0
20260930,000000,71W,47,2026,9,30,0,17.3,146.8,99800.0,2026-09-30,2026-09-30,998.0
20260930,000000,71W,47,2026,9,30,0,17.400000000000002,147.0,99300.0,2026-09-30,2026-09-30,993.0
20260930,000000,71W,47,2026,9,30,0,18.400000000000002,145.9,99300.0,2026-09-30,2026-09-30,993.0
20260930,000000,71W,47,2026,9,30,0,18.3,145.6,98700.0,2026-09-30,2026-09-30,987.0
20260930,000000,71W,47,2026,9,30,0,18.5,146.0,98500.0,2026-09-30,2026-09-30,985.0
20260930,000000,71W,47,2026,9,30,0,19.5,146.20000000000002,98000.0,2026-09-30,2026-09-30,980.0
20260930,000000,71W,47,2026,9,30,0,20.1,145.9,97700.0,2026-09-30,2026-09-30,977.0
20260930,000000,71W,47,2026,9,30,0,20.7,145.4,96900.0,2026-09-30,2026-09-30,969.0
20260930,000000,71W,47,2026,9,30,0,21.2,145.6,96700.0,2026-09-30,2026-09-30,967.0
20260930,000000,71W,47,2026,9,30,0,22.1,145.6,96200.0,2026-09-30,2026-09-30,962.0
20260930,000000,71W,47,2026,9,30,0,22.6,145.4,96200.0,2026-09-30,2026-09-30,962.0
20260930,000000,71W,47,2026,9,30,0,23.5,145.4,95900.0,2026-09-30,2026-09-30,959.0
20260930,000000,71W,47,2026,9,30,0,24.3,145.1,95800.0,2026-09-30,2026-09-30,958.0
20260930,000000,71W,47,2026,9,30,0,25.400000000000002,145.1,95200.0,2026-09-30,2026-09-30,952.0
20260930,000000,71W,47,2026,9,30,0,26.6,144.8,95100.0,2026-09-30,2026-09-30,951.0
20260930,000000,71W,47,2026,9,30,0,28.0,144.5,95300.0,2026-09-30,2026-09-30,953.0
20260930,000000,71W,47,2026,9,30,0,29.400000000000002,144.8,95300.0,2026-09-30,2026-09-30,953.0
20260930,000000,71W,47,2026,9,30,0,30.8,145.1,95700.0,2026-09-30,2026-09-30,957.0
20260930,000000,71W,47,2026,9,30,0,33.0,146.5,96100.0,2026-09-30,2026-09-30,961.0
20260930,000000,71W,47,2026,9,30,0,35.9,148.6,96500.0,2026-09-30,2026-09-30,965.0
20260930,000000,71W,47,2026,9,30,0,39.5,151.5,96900.0,2026-09-30,2026-09-30,969.0
20260930,000000,71W,47,2026,9,30,0,44.300000000000004,156.0,96900.0,2026-09-30,2026-09-30,969.0
20260930,000000,71W,48,2026,9,30,0,17.0,150.70000000000002,100200.0,2026-09-30,2026-09-30,1002.0
20260930,000000,71W,48,2026,9,30,0,17.0,149.6,100400.0,2026-09-30,2026-09-30,1004.0
20260930,000000,71W,48,2026,9,30,0,16.4,147.3,100200.0,2026-09-30,2026-09-30,1002.0
20260930,000000,71W,48,2026,9,30,0,16.4,147.0,100200.0,2026-09-30,2026-09-30,1002.0
20260930,000000,71W,48,2026,9,30,0,16.1,145.9,99700.0,2026-09-30,2026-09-30,997.0
20260930,000000,71W,48,2026,9,30,0,16.1,145.9,99600.0,2026-09-30,2026-09-30,996.0
20260930,000000,71W,48,2026,9,30,0,16.7,145.1,99400.0,2026-09-30,2026-09-30,994.0
20260930,000000,71W,48,2026,9,30,0,16.4,144.6,99400.0,2026-09-30,2026-09-30,994.0
20260930,000000,71W,48,2026,9,30,0,16.4,144.0,98700.0,2026-09-30,2026-09-30,987.0
20260930,000000,71W,48,2026,9,30,0,17.0,144.0,98800.0,2026-09-30,2026-09-30,988.0
20260930,000000,71W,48,2026,9,30,0,17.3,144.0,97900.0,2026-09-30,2026-09-30,979.0
20260930,000000,71W,48,2026,9,30,0,17.6,144.0,97800.0,2026-09-30,2026-09-30,978.0
20260930,000000,71W,48,2026,9,30,0,17.8,144.20000000000002,97000.0,2026-09-30,2026-09-30,970.0
20260930,000000,71W,48,2026,9,30,0,18.1,144.20000000000002,96600.0,2026-09-30,2026-09-30,966.0
20260930,000000,71W,48,2026,9,30,0,18.7,144.20000000000002,96100.0,2026-09-30,2026-09-30,961.0
20260930,000000,71W,48,2026,9,30,0,19.5,144.5,95700.0,2026-09-30,2026-09-30,957.0
20260930,000000,71W,48,2026,9,30,0,19.8,144.20000000000002,95300.0,2026-09-30,2026-09-30,953.0
20260930,000000,71W,48,2026,9,30,0,20.400000000000002,144.20000000000002,94700.0,2026-09-30,2026-09-30,947.0
20260930,000000,71W,48,2026,9,30,0,20.900000000000002,143.70000000000002,95200.0,2026-09-30,2026-09-30,952.0
20260930,000000,71W,48,2026,9,30,0,21.5,143.4,94500.0,2026-09-30,2026-09-30,945.0
20260930,000000,71W,48,2026,9,30,0,22.3,142.8,95300.0,2026-09-30,2026-09-30,953.0
20260930,000000,71W,48,2026,9,30,0,23.5,142.5,95500.0,2026-09-30,2026-09-30,955.0
20260930,000000,71W,48,2026,9,30,0,24.3,142.3,95000.0,2026-09-30,2026-09-30,950.0
20260930,000000,71W,48,2026,9,30,0,25.2,142.0,94800.0,2026-09-30,2026-09-30,948.0
20260930,000000,71W,48,2026,9,30,0,26.3,141.70000000000002,94800.0,2026-09-30,2026-09-30,948.0
20260930,000000,71W,48,2026,9,30,0,27.400000000000002,141.4,94400.0,2026-09-30,2026-09-30,944.0
20260930,000000,71W,48,2026,9,30,0,28.3,141.70000000000002,94300.0,2026-09-30,2026-09-30,943.0
20260930,000000,71W,48,2026,9,30,0,29.1,141.4,94700.0,2026-09-30,2026-09-30,947.0
20260930,000000,71W,48,2026,9,30,0,30.2,141.70000000000002,95200.0,2026-09-30,2026-09-30,952.0
20260930,000000,71W,48,2026,9,30,0,31.1,141.4,95400.0,2026-09-30,2026-09-30,954.0
20260930,000000,71W,48,2026,9,30,0,32.8,142.0,95800.0,2026-09-30,2026-09-30,958.0
20260930,000000,71W,48,2026,9,30,0,34.5,142.5,96700.0,2026-09-30,2026-09-30,967.0
20260930,000000,71W,48,2026,9,30,0,36.1,143.70000000000002,97000.0,2026-09-30,2026-09-30,970.0
20260930,000000,71W,48,2026,9,30,0,38.4,144.5,97100.0,2026-09-30,2026-09-30,971.0
20260930,000000,71W,48,2026,9,30,0,40.9,146.8,97400.0,2026-09-30,2026-09-30,974.0
20260930,000000,71W,48,2026,9,30,0,43.7,148.70000000000002,97600.0,2026-09-30,2026-09-30,976.0
20260930,000000,71W,49,2026,9,30,0,16.4,151.3,100200.0,2026-09-30,2026-09-30,1002.0
20260930,000000,71W,49,2026,9,30,0,16.4,149.9,100400.0,2026-09-30,2026-09-30,1004.0
20260930,000000,71W,49,2026,9,30,0,16.4,146.5,100100.0,2026-09-30,2026-09-30,1001.0
20260930,000000,71W,49,2026,9,30,0,16.5,146.9,100200.0,2026-09-30,2026-09-30,1002.0
20260930,000000,71W,49,2026,9,30,0,16.4,146.20000000000002,99700.0,2026-09-30,2026-09-30,997.0
20260930,000000,71W,49,2026,9,30,0,16.7,145.9,99900.0,2026-09-30,2026-09-30,999.0
20260930,000000,71W,49,2026,9,30,0,17.6,144.8,99400.0,2026-09-30,2026-09-30,994.0
20260930,000000,71W,49,2026,9,30,0,17.0,144.20000000000002,99500.0,2026-09-30,2026-09-30,995.0
20260930,000000,71W,49,2026,9,30,0,17.8,143.6,99000.0,2026-09-30,2026-09-30,990.0
20260930,000000,71W,49,2026,9,30,0,17.900000000000002,143.20000000000002,99000.0,2026-09-30,2026-09-30,990.0
20260930,000000,71W,49,2026,9,30,0,17.8,143.1,98300.0,2026-09-30,2026-09-30,983.0
20260930,000000,71W,49,2026,9,30,0,18.400000000000002,142.8,98100.0,2026-09-30,2026-09-30,981.0
20260930,000000,71W,49,2026,9,30,0,18.400000000000002,143.1,97300.0,2026-09-30,2026-09-30,973.0
20260930,000000,71W,49,2026,9,30,0,19.0,143.4,97300.0,2026-09-30,2026-09-30,973.0
20260930,000000,71W,49,2026,9,30,0,19.5,143.1,96500.0,2026-09-30,2026-09-30,965.0
20260930,000000,71W,49,2026,9,30,0,19.8,143.4,96200.0,2026-09-30,2026-09-30,962.0
20260930,000000,71W,49,2026,9,30,0,20.7,143.1,96000.0,2026-09-30,2026-09-30,960.0
20260930,000000,71W,49,2026,9,30,0,21.2,143.1,95900.0,2026-09-30,2026-09-30,959.0
20260930,000000,71W,49,2026,9,30,0,21.8,143.1,95600.0,2026-09-30,2026-09-30,956.0
20260930,000000,71W,49,2026,9,30,0,22.900000000000002,143.1,95600.0,2026-09-30,2026-09-30,956.0
20260930,000000,71W,49,2026,9,30,0,24.0,143.1,95600.0,2026-09-30,2026-09-30,956.0
20260930,000000,71W,49,2026,9,30,0,25.400000000000002,143.1,95500.0,2026-09-30,2026-09-30,955.0
20260930,000000,71W,49,2026,9,30,0,26.3,143.1,94900.0,2026-09-30,2026-09-30,949.0
20260930,000000,71W,49,2026,9,30,0,28.0,143.4,95400.0,2026-09-30,2026-09-30,954.0
20260930,000000,71W,49,2026,9,30,0,29.1,143.70000000000002,95500.0,2026-09-30,2026-09-30,955.0
20260930,000000,71W,49,2026,9,30,0,31.1,144.8,96200.0,2026-09-30,2026-09-30,962.0
20260930,000000,71W,49,2026,9,30,0,33.3,145.4,96500.0,2026-09-30,2026-09-30,965.0
20260930,000000,71W,49,2026,9,30,0,36.4,146.8,96600.0,2026-09-30,2026-09-30,966.0
20260930,000000,71W,49,2026,9,30,0,40.0,149.3,96900.0,2026-09-30,2026-09-30,969.0
20260930,000000,71W,49,2026,9,30,0,44.0,152.70000000000002,97000.0,2026-09-30,2026-09-30,970.0
20260930,000000,71W,49,2026,9,30,0,49.1,158.3,96800.0,2026-09-30,2026-09-30,968.0
20260930,000000,71W,49,2026,9,30,0,48.9,161.20000000000002,96800.0,2026-09-30,2026-09-30,968.0
20260930,000000,71W,50,2026,9,30,0,16.7,150.1,100300.0,2026-09-30,2026-09-30,1003.0
20260930,000000,71W,50,2026,9,30,0,16.7,149.9,100400.0,2026-09-30,2026-09-30,1004.0
20260930,000000,71W,50,2026,9,30,0,17.0,147.3,100100.0,2026-09-30,2026-09-30,1001.0
20260930,000000,71W,50,2026,9,30,0,17.3,147.0,100200.0,2026-09-30,2026-09-30,1002.0
20260930,000000,71W,50,2026,9,30,0,18.1,145.9,99900.0,2026-09-30,2026-09-30,999.0
20260930,000000,71W,50,2026,9,30,0,17.6,144.8,100200.0,2026-09-30,2026-09-30,1002.0
20260930,000000,71W,50,2026,9,30,0,17.0,144.20000000000002,99700.0,2026-09-30,2026-09-30,997.0
20260930,000000,71W,50,2026,9,30,0,17.3,143.8,99800.0,2026-09-30,2026-09-30,998.0
20260930,000000,71W,50,2026,9,30,0,17.3,143.70000000000002,99300.0,2026-09-30,2026-09-30,993.0
20260930,000000,71W,50,2026,9,30,0,17.6,143.1,99400.0,2026-09-30,2026-09-30,994.0
20260930,000000,71W,50,2026,9,30,0,17.3,143.20000000000002,98900.0,2026-09-30,2026-09-30,989.0
20260930,000000,71W,50,2026,9,30,0,17.6,143.70000000000002,98800.0,2026-09-30,2026-09-30,988.0
20260930,000000,71W,50,2026,9,30,0,18.3,144.4,98400.0,2026-09-30,2026-09-30,984.0
20260930,000000,71W,50,2026,9,30,0,19.3,145.6,98200.0,2026-09-30,2026-09-30,982.0
20260930,000000,71W,50,2026,9,30,0,20.1,145.9,97700.0,2026-09-30,2026-09-30,977.0
20260930,000000,71W,50,2026,9,30,0,21.5,146.5,97500.0,2026-09-30,2026-09-30,975.0
20260930,000000,71W,50,2026,9,30,0,22.3,146.5,97000.0,2026-09-30,2026-09-30,970.0
20260930,000000,71W,50,2026,9,30,0,23.8,146.20000000000002,97100.0,2026-09-30,2026-09-30,971.0
20260930,000000,71W,50,2026,9,30,0,24.6,145.6,96700.0,2026-09-30,2026-09-30,967.0
20260930,000000,71W,50,2026,9,30,0,25.2,145.1,96700.0,2026-09-30,2026-09-30,967.0
20260930,000000,71W,50,2026,9,30,0,26.3,145.1,96700.0,2026-09-30,2026-09-30,967.0
20260930,000000,71W,50,2026,9,30,0,27.1,145.1,97000.0,2026-09-30,2026-09-30,970.0
20260930,000000,71W,50,2026,9,30,0,28.5,145.4,97000.0,2026-09-30,2026-09-30,970.0
20260930,000000,71W,50,2026,9,30,0,30.2,146.20000000000002,97600.0,2026-09-30,2026-09-30,976.0
20260930,000000,71W,50,2026,9,30,0,32.8,147.0,97800.0,2026-09-30,2026-09-30,978.0
20260930,000000,71W,50,2026,9,30,0,34.5,148.5,98500.0,2026-09-30,2026-09-30,985.0
20260930,000000,71W,50,2026,9,30,0,37.300000000000004,150.4,98800.0,2026-09-30,2026-09-30,988.0
20260930,000000,71W,50,2026,9,30,0,39.2,153.5,98900.0,2026-09-30,2026-09-30,989.0
20260930,000000,71W,50,2026,9,30,0,41.800000000000004,158.9,99200.0,2026-09-30,2026-09-30,992.0
20260930,000000,71W,51,2026,9,30,0,16.1,151.3,100100.0,2026-09-30,2026-09-30,1001.0
20260930,000000,71W,51,2026,9,30,0,16.7,149.9,100200.0,2026-09-30,2026-09-30,1002.0
20260930,000000,71W,51,2026,9,30,0,17.0,148.70000000000002,99800.0,2026-09-30,2026-09-30,998.0
20260930,000000,71W,51,2026,9,30,0,16.4,147.9,99800.0,2026-09-30,2026-09-30,998.0
20260930,000000,71W,51,2026,9,30,0,16.7,147.3,99400.0,2026-09-30,2026-09-30,994.0
20260930,000000,71W,51,2026,9,30,0,17.0,146.20000000000002,99700.0,2026-09-30,2026-09-30,997.0
20260930,000000,71W,51,2026,9,30,0,17.0,145.6,99200.0,2026-09-30,2026-09-30,992.0
20260930,000000,71W,51,2026,9,30,0,17.0,145.1,99100.0,2026-09-30,2026-09-30,991.0
20260930,000000,71W,51,2026,9,30,0,17.0,144.8,98500.0,2026-09-30,2026-09-30,985.0
20260930,000000,71W,51,2026,9,30,0,17.6,144.5,98100.0,2026-09-30,2026-09-30,981.0
20260930,000000,71W,51,2026,9,30,0,18.1,144.8,97400.0,2026-09-30,2026-09-30,974.0
20260930,000000,71W,51,2026,9,30,0,18.400000000000002,145.1,96900.0,2026-09-30,2026-09-30,969.0
20260930,000000,71W,51,2026,9,30,0,19.0,145.6,96600.0,2026-09-30,2026-09-30,966.0
20260930,000000,71W,51,2026,9,30,0,19.8,146.20000000000002,96200.0,2026-09-30,2026-09-30,962.0
20260930,000000,71W,51,2026,9,30,0,20.1,146.5,95400.0,2026-09-30,2026-09-30,954.0
20260930,000000,71W,51,2026,9,30,0,20.7,146.8,95400.0,2026-09-30,2026-09-30,954.0
20260930,000000,71W,51,2026,9,30,0,21.5,147.0,95700.0,2026-09-30,2026-09-30,957.0
20260930,000000,71W,51,2026,9,30,0,22.1,147.3,95600.0,2026-09-30,2026-09-30,956.0
20260930,000000,71W,51,2026,9,30,0,23.5,147.0,95600.0,2026-09-30,2026-09-30,956.0
20260930,000000,71W,51,2026,9,30,0,24.6,147.0,95400.0,2026-09-30,2026-09-30,954.0
20260930,000000,71W,51,2026,9,30,0,26.3,146.8,95700.0,2026-09-30,2026-09-30,957.0
20260930,000000,71W,51,2026,9,30,0,27.1,146.8,95600.0,2026-09-30,2026-09-30,956.0
20260930,000000,71W,51,2026,9,30,0,29.1,146.8,96000.0,2026-09-30,2026-09-30,960.0
20260930,000000,71W,51,2026,9,30,0,30.8,147.0,96100.0,2026-09-30,2026-09-30,961.0
20260930,000000,71W,51,2026,9,30,0,33.3,147.9,96400.0,2026-09-30,2026-09-30,964.0
20260930,000000,71W,51,2026,9,30,0,36.1,149.6,97100.0,2026-09-30,2026-09-30,971.0
20260930,000000,71W,51,2026,9,30,0,39.5,152.70000000000002,97600.0,2026-09-30,2026-09-30,976.0
20260930,000000,71W,51,2026,9,30,0,43.5,156.5,97400.0,2026-09-30,2026-09-30,974.0
20260930,000000,71W,51,2026,9,30,0,48.300000000000004,161.70000000000002,97700.0,2026-09-30,2026-09-30,977.0
20260930,000000,71W,52,2026,9,30,0,16.7,151.3,100100.0,2026-09-30,2026-09-30,1001.0
20260930,000000,71W,52,2026,9,30,0,17.0,150.4,100300.0,2026-09-30,2026-09-30,1003.0
20260930,000000,71W,52,2026,9,30,0,16.7,148.5,100000.0,2026-09-30,2026-09-30,1000.0
20260930,000000,71W,52,2026,9,30,0,16.7,147.3,100100.0,2026-09-30,2026-09-30,1001.0
20260930,000000,71W,52,2026,9,30,0,16.7,146.5,99700.0,2026-09-30,2026-09-30,997.0
20260930,000000,71W,52,2026,9,30,0,17.0,145.6,99800.0,2026-09-30,2026-09-30,998.0
20260930,000000,71W,52,2026,9,30,0,16.7,144.8,99400.0,2026-09-30,2026-09-30,994.0
20260930,000000,71W,52,2026,9,30,0,17.0,144.20000000000002,99400.0,2026-09-30,2026-09-30,994.0
20260930,000000,71W,52,2026,9,30,0,17.3,144.0,98900.0,2026-09-30,2026-09-30,989.0
20260930,000000,71W,52,2026,9,30,0,17.6,144.0,98900.0,2026-09-30,2026-09-30,989.0
20260930,000000,71W,52,2026,9,30,0,17.8,144.20000000000002,98400.0,2026-09-30,2026-09-30,984.0
20260930,000000,71W,52,2026,9,30,0,18.1,144.5,98300.0,2026-09-30,2026-09-30,983.0
20260930,000000,71W,52,2026,9,30,0,18.7,144.8,97700.0,2026-09-30,2026-09-30,977.0
20260930,000000,71W,52,2026,9,30,0,19.5,145.4,97500.0,2026-09-30,2026-09-30,975.0
20260930,000000,71W,52,2026,9,30,0,20.400000000000002,145.9,97100.0,2026-09-30,2026-09-30,971.0
20260930,000000,71W,52,2026,9,30,0,20.900000000000002,146.20000000000002,97100.0,2026-09-30,2026-09-30,971.0
20260930,000000,71W,52,2026,9,30,0,21.8,146.20000000000002,96600.0,2026-09-30,2026-09-30,966.0
20260930,000000,71W,52,2026,9,30,0,22.3,146.20000000000002,96400.0,2026-09-30,2026-09-30,964.0
20260930,000000,71W,52,2026,9,30,0,23.2,145.9,96100.0,2026-09-30,2026-09-30,961.0
20260930,000000,71W,52,2026,9,30,0,24.3,145.6,96200.0,2026-09-30,2026-09-30,962.0
20260930,000000,71W,52,2026,9,30,0,25.400000000000002,145.4,96000.0,2026-09-30,2026-09-30,960.0
20260930,000000,71W,52,2026,9,30,0,26.6,145.1,96200.0,2026-09-30,2026-09-30,962.0
20260930,000000,71W,52,2026,9,30,0,28.0,145.1,96200.0,2026-09-30,2026-09-30,962.0
20260930,000000,71W,52,2026,9,30,0,29.7,145.4,96700.0,2026-09-30,2026-09-30,967.0
20260930,000000,71W,52,2026,9,30,0,31.6,145.9,96800.0,2026-09-30,2026-09-30,968.0
20260930,000000,71W,52,2026,9,30,0,33.6,147.0,97200.0,2026-09-30,2026-09-30,972.0
20260930,000000,71W,52,2026,9,30,0,35.9,148.70000000000002,97300.0,2026-09-30,2026-09-30,973.0
20260930,000000,71W,52,2026,9,30,0,38.5,151.1,97600.0,2026-09-30,2026-09-30,976.0
20260930,000000,71W,52,2026,9,30,0,41.2,154.9,97600.0,2026-09-30,2026-09-30,976.0
20260930,000000,71W,52,2026,9,30,0,44.0,159.70000000000002,97800.0,2026-09-30,2026-09-30,978.0
20260930,000000,71W,52,2026,9,30,0,46.2,166.0,98000.0,2026-09-30,2026-09-30,980.0
20260930,000000,72W,1,2026,9,30,0,11.1,165.9,100900.0,2026-09-30,2026-09-30,1009.0
20260930,000000,72W,1,2026,9,30,0,10.0,166.5,101100.0,2026-09-30,2026-09-30,1011.0
20260930,000000,72W,1,2026,9,30,0,10.0,169.0,101100.0,2026-09-30,2026-09-30,1011.0
20260930,000000,72W,1,2026,9,30,0,8.5,169.3,100900.0,2026-09-30,2026-09-30,1009.0
20260930,000000,72W,1,2026,9,30,0,10.0,168.4,101000.0,2026-09-30,2026-09-30,1010.0
20260930,000000,72W,1,2026,9,30,0,8.8,168.70000000000002,100900.0,2026-09-30,2026-09-30,1009.0
20260930,000000,72W,1,2026,9,30,0,9.1,167.9,100800.0,2026-09-30,2026-09-30,1008.0
20260930,000000,72W,1,2026,9,30,0,7.7,165.9,100700.0,2026-09-30,2026-09-30,1007.0
20260930,000000,72W,1,2026,9,30,0,8.5,167.0,100700.0,2026-09-30,2026-09-30,1007.0
20260930,000000,72W,1,2026,9,30,0,9.4,166.20000000000002,100800.0,2026-09-30,2026-09-30,1008.0
20260930,000000,72W,1,2026,9,30,0,10.200000000000001,165.0,100600.0,2026-09-30,2026-09-30,1006.0
20260930,000000,72W,1,2026,9,30,0,9.1,165.3,100800.0,2026-09-30,2026-09-30,1008.0
20260930,000000,72W,1,2026,9,30,0,9.1,165.6,100700.0,2026-09-30,2026-09-30,1007.0
20260930,000000,72W,1,2026,9,30,0,9.4,165.6,100700.0,2026-09-30,2026-09-30,1007.0
20260930,000000,72W,1,2026,9,30,0,10.200000000000001,163.1,100500.0,2026-09-30,2026-09-30,1005.0
20260930,000000,72W,1,2026,9,30,0,10.200000000000001,163.4,100700.0,2026-09-30,2026-09-30,1007.0
20260930,000000,72W,1,2026,9,30,0,11.1,162.20000000000002,100400.0,2026-09-30,2026-09-30,1004.0
20260930,000000,72W,2,2026,9,30,0,14.200000000000001,163.6,100900.0,2026-09-30,2026-09-30,1009.0
20260930,000000,72W,2,2026,9,30,0,14.200000000000001,164.8,101100.0,2026-09-30,2026-09-30,1011.0
20260930,000000,72W,2,2026,9,30,0,12.8,165.3,100800.0,2026-09-30,2026-09-30,1008.0
20260930,000000,72W,2,2026,9,30,0,12.8,165.3,100900.0,2026-09-30,2026-09-30,1009.0
20260930,000000,72W,2,2026,9,30,0,12.8,165.4,100600.0,2026-09-30,2026-09-30,1006.0
20260930,000000,72W,2,2026,9,30,0,12.200000000000001,165.9,100800.0,2026-09-30,2026-09-30,1008.0
20260930,000000,72W,2,2026,9,30,0,11.6,166.20000000000002,100600.0,2026-09-30,2026-09-30,1006.0
20260930,000000,72W,2,2026,9,30,0,11.6,166.5,100800.0,2026-09-30,2026-09-30,1008.0
20260930,000000,72W,2,2026,9,30,0,11.4,166.5,100600.0,2026-09-30,2026-09-30,1006.0
20260930,000000,72W,2,2026,9,30,0,10.5,166.20000000000002,100700.0,2026-09-30,2026-09-30,1007.0
20260930,000000,72W,2,2026,9,30,0,10.200000000000001,166.20000000000002,100500.0,2026-09-30,2026-09-30,1005.0
20260930,000000,72W,2,2026,9,30,0,10.0,165.9,100600.0,2026-09-30,2026-09-30,1006.0
20260930,000000,72W,2,2026,9,30,0,9.4,165.9,100400.0,2026-09-30,2026-09-30,1004.0
20260930,000000,72W,2,2026,9,30,0,8.8,165.9,100500.0,2026-09-30,2026-09-30,1005.0
20260930,000000,72W,2,2026,9,30,0,9.1,165.6,100300.0,2026-09-30,2026-09-30,1003.0
20260930,000000,72W,2,2026,9,30,0,8.8,165.0,100200.0,2026-09-30,2026-09-30,1002.0
20260930,000000,72W,2,2026,9,30,0,8.5,165.3,100300.0,2026-09-30,2026-09-30,1003.0
20260930,000000,72W,2,2026,9,30,0,8.5,165.3,100200.0,2026-09-30,2026-09-30,1002.0
20260930,000000,72W,2,2026,9,30,0,8.5,165.3,99800.0,2026-09-30,2026-09-30,998.0
20260930,000000,72W,2,2026,9,30,0,8.3,165.3,99900.0,2026-09-30,2026-09-30,999.0
20260930,000000,72W,2,2026,9,30,0,8.5,165.6,99700.0,2026-09-30,2026-09-30,997.0
20260930,000000,72W,2,2026,9,30,0,8.8,165.3,99800.0,2026-09-30,2026-09-30,998.0
20260930,000000,72W,2,2026,9,30,0,9.4,165.3,98900.0,2026-09-30,2026-09-30,989.0
20260930,000000,72W,2,2026,9,30,0,10.0,165.0,99400.0,2026-09-30,2026-09-30,994.0
20260930,000000,72W,2,2026,9,30,0,10.8,165.0,99500.0,2026-09-30,2026-09-30,995.0
20260930,000000,72W,2,2026,9,30,0,11.6,164.8,100100.0,2026-09-30,2026-09-30,1001.0
20260930,000000,72W,2,2026,9,30,0,12.5,164.20000000000002,100000.0,2026-09-30,2026-09-30,1000.0
20260930,000000,72W,2,2026,9,30,0,13.6,162.8,100100.0,2026-09-30,2026-09-30,1001.0
20260930,000000,72W,2,2026,9,30,0,14.200000000000001,162.8,99900.0,2026-09-30,2026-09-30,999.0
20260930,000000,72W,2,2026,9,30,0,15.0,162.20000000000002,100300.0,2026-09-30,2026-09-30,1003.0
20260930,000000,72W,2,2026,9,30,0,15.6,161.4,100100.0,2026-09-30,2026-09-30,1001.0
20260930,000000,72W,3,2026,9,30,0,15.9,161.70000000000002,100900.0,2026-09-30,2026-09-30,1009.0
20260930,000000,72W,3,2026,9,30,0,15.9,157.70000000000002,100800.0,2026-09-30,2026-09-30,1008.0
20260930,000000,72W,3,2026,9,30,0,17.0,158.0,101000.0,2026-09-30,2026-09-30,1010.0
20260930,000000,72W,3,2026,9,30,0,17.6,155.8,100900.0,2026-09-30,2026-09-30,1009.0
20260930,000000,72W,3,2026,9,30,0,16.7,154.1,100800.0,2026-09-30,2026-09-30,1008.0
20260930,000000,72W,3,2026,9,30,0,17.3,156.9,100800.0,2026-09-30,2026-09-30,1008.0
20260930,000000,72W,3,2026,9,30,0,17.0,156.9,100900.0,2026-09-30,2026-09-30,1009.0
20260930,000000,72W,3,2026,9,30,0,16.4,157.5,100600.0,2026-09-30,2026-09-30,1006.0
20260930,000000,72W,3,2026,9,30,0,15.9,159.1,100700.0,2026-09-30,2026-09-30,1007.0
20260930,000000,72W,3,2026,9,30,0,15.9,160.5,100300.0,2026-09-30,2026-09-30,1003.0
20260930,000000,72W,3,2026,9,30,0,15.9,161.1,100300.0,2026-09-30,2026-09-30,1003.0
20260930,000000,72W,3,2026,9,30,0,15.3,161.1,99900.0,2026-09-30,2026-09-30,999.0
20260930,000000,72W,3,2026,9,30,0,14.700000000000001,161.70000000000002,99900.0,2026-09-30,2026-09-30,999.0
20260930,000000,72W,3,2026,9,30,0,13.9,162.20000000000002,99400.0,2026-09-30,2026-09-30,994.0
20260930,000000,72W,3,2026,9,30,0,13.9,162.0,99400.0,2026-09-30,2026-09-30,994.0
20260930,000000,72W,3,2026,9,30,0,13.3,162.8,98700.0,2026-09-30,2026-09-30,987.0
20260930,000000,72W,3,2026,9,30,0,13.3,163.1,99200.0,2026-09-30,2026-09-30,992.0
20260930,000000,72W,3,2026,9,30,0,13.3,163.4,99100.0,2026-09-30,2026-09-30,991.0
20260930,000000,72W,3,2026,9,30,0,13.6,163.4,99100.0,2026-09-30,2026-09-30,991.0
20260930,000000,72W,3,2026,9,30,0,14.200000000000001,163.4,99000.0,2026-09-30,2026-09-30,990.0
20260930,000000,72W,3,2026,9,30,0,14.700000000000001,162.8,99100.0,2026-09-30,2026-09-30,991.0
20260930,000000,72W,3,2026,9,30,0,15.3,162.5,98700.0,2026-09-30,2026-09-30,987.0
20260930,000000,72W,3,2026,9,30,0,16.1,161.70000000000002,98000.0,2026-09-30,2026-09-30,980.0
20260930,000000,72W,3,2026,9,30,0,17.0,160.5,97800.0,2026-09-30,2026-09-30,978.0
20260930,000000,72W,3,2026,9,30,0,17.6,159.70000000000002,97600.0,2026-09-30,2026-09-30,976.0
20260930,000000,72W,3,2026,9,30,0,18.400000000000002,158.3,97500.0,2026-09-30,2026-09-30,975.0
20260930,000000,72W,3,2026,9,30,0,18.400000000000002,157.5,97400.0,2026-09-30,2026-09-30,974.0
20260930,000000,72W,3,2026,9,30,0,19.0,156.3,97400.0,2026-09-30,2026-09-30,974.0
20260930,000000,72W,3,2026,9,30,0,19.8,154.9,96900.0,2026-09-30,2026-09-30,969.0
20260930,000000,72W,3,2026,9,30,0,20.400000000000002,153.5,97300.0,2026-09-30,2026-09-30,973.0
20260930,000000,72W,3,2026,9,30,0,20.7,152.4,97100.0,2026-09-30,2026-09-30,971.0
20260930,000000,72W,3,2026,9,30,0,21.5,151.5,97000.0,2026-09-30,2026-09-30,970.0
20260930,000000,72W,3,2026,9,30,0,22.1,150.4,97000.0,2026-09-30,2026-09-30,970.0
20260930,000000,72W,3,2026,9,30,0,22.900000000000002,149.3,97100.0,2026-09-30,2026-09-30,971.0
20260930,000000,72W,3,2026,9,30,0,23.8,148.20000000000002,97200.0,2026-09-30,2026-09-30,972.0
20260930,000000,72W,3,2026,9,30,0,24.6,147.0,97300.0,2026-09-30,2026-09-30,973.0
20260930,000000,72W,3,2026,9,30,0,25.400000000000002,145.9,97000.0,2026-09-30,2026-09-30,970.0
20260930,000000,72W,3,2026,9,30,0,26.6,145.1,97300.0,2026-09-30,2026-09-30,973.0
20260930,000000,72W,3,2026,9,30,0,28.3,144.8,97400.0,2026-09-30,2026-09-30,974.0
20260930,000000,72W,3,2026,9,30,0,30.0,144.8,97700.0,2026-09-30,2026-09-30,977.0
20260930,000000,72W,3,2026,9,30,0,31.900000000000002,145.6,97500.0,2026-09-30,2026-09-30,975.0
20260930,000000,72W,3,2026,9,30,0,34.5,145.9,97700.0,2026-09-30,2026-09-30,977.0
20260930,000000,72W,3,2026,9,30,0,37.0,147.6,97500.0,2026-09-30,2026-09-30,975.0
20260930,000000,72W,3,2026,9,30,0,39.5,150.1,97300.0,2026-09-30,2026-09-30,973.0
20260930,000000,72W,3,2026,9,30,0,41.6,154.1,97400.0,2026-09-30,2026-09-30,974.0
20260930,000000,72W,3,2026,9,30,0,43.800000000000004,158.6,97500.0,2026-09-30,2026-09-30,975.0
20260930,000000,72W,3,2026,9,30,0,46.300000000000004,164.20000000000002,97800.0,2026-09-30,2026-09-30,978.0
20260930,000000,72W,3,2026,9,30,0,47.7,169.8,98100.0,2026-09-30,2026-09-30,981.0
20260930,000000,72W,4,2026,9,30,0,13.9,163.9,101000.0,2026-09-30,2026-09-30,1010.0
20260930,000000,72W,4,2026,9,30,0,12.200000000000001,165.6,100900.0,2026-09-30,2026-09-30,1009.0
20260930,000000,72W,4,2026,9,30,0,10.5,167.0,100900.0,2026-09-30,2026-09-30,1009.0
20260930,000000,72W,4,2026,9,30,0,10.200000000000001,168.1,100800.0,2026-09-30,2026-09-30,1008.0
20260930,000000,72W,4,2026,9,30,0,10.0,169.3,100800.0,2026-09-30,2026-09-30,1008.0
20260930,000000,72W,4,2026,9,30,0,10.0,170.1,100700.0,2026-09-30,2026-09-30,1007.0
20260930,000000,72W,4,2026,9,30,0,10.700000000000001,168.9,100500.0,2026-09-30,2026-09-30,1005.0
20260930,000000,72W,4,2026,9,30,0,11.1,168.70000000000002,100600.0,2026-09-30,2026-09-30,1006.0
20260930,000000,72W,4,2026,9,30,0,11.1,169.3,100500.0,2026-09-30,2026-09-30,1005.0
20260930,000000,72W,4,2026,9,30,0,11.1,169.8,100500.0,2026-09-30,2026-09-30,1005.0
20260930,000000,72W,4,2026,9,30,0,10.700000000000001,169.3,100300.0,2026-09-30,2026-09-30,1003.0
20260930,000000,72W,4,2026,9,30,0,11.1,169.3,100500.0,2026-09-30,2026-09-30,1005.0
20260930,000000,72W,4,2026,9,30,0,11.9,168.70000000000002,100300.0,2026-09-30,2026-09-30,1003.0
20260930,000000,72W,4,2026,9,30,0,11.1,169.3,100400.0,2026-09-30,2026-09-30,1004.0
20260930,000000,72W,4,2026,9,30,0,11.8,169.8,100200.0,2026-09-30,2026-09-30,1002.0
20260930,000000,72W,4,2026,9,30,0,13.3,170.4,100300.0,2026-09-30,2026-09-30,1003.0
20260930,000000,72W,4,2026,9,30,0,15.3,167.9,100100.0,2026-09-30,2026-09-30,1001.0
20260930,000000,72W,4,2026,9,30,0,17.0,166.70000000000002,100200.0,2026-09-30,2026-09-30,1002.0
20260930,000000,72W,4,2026,9,30,0,17.8,165.9,100000.0,2026-09-30,2026-09-30,1000.0
20260930,000000,72W,4,2026,9,30,0,18.7,163.1,100100.0,2026-09-30,2026-09-30,1001.0
20260930,000000,72W,4,2026,9,30,0,20.1,162.0,100000.0,2026-09-30,2026-09-30,1000.0
20260930,000000,72W,4,2026,9,30,0,20.900000000000002,159.70000000000002,100200.0,2026-09-30,2026-09-30,1002.0
20260930,000000,72W,4,2026,9,30,0,22.3,157.20000000000002,100100.0,2026-09-30,2026-09-30,1001.0
20260930,000000,72W,4,2026,9,30,0,22.3,154.6,99700.0,2026-09-30,2026-09-30,997.0
20260930,000000,72W,4,2026,9,30,0,22.900000000000002,152.70000000000002,99800.0,2026-09-30,2026-09-30,998.0
20260930,000000,72W,4,2026,9,30,0,23.2,150.4,99700.0,2026-09-30,2026-09-30,997.0
20260930,000000,72W,4,2026,9,30,0,23.8,148.70000000000002,99300.0,2026-09-30,2026-09-30,993.0
20260930,000000,72W,4,2026,9,30,0,24.6,147.0,99400.0,2026-09-30,2026-09-30,994.0
20260930,000000,72W,4,2026,9,30,0,25.2,144.8,99400.0,2026-09-30,2026-09-30,994.0
20260930,000000,72W,4,2026,9,30,0,25.7,144.0,99400.0,2026-09-30,2026-09-30,994.0
20260930,000000,72W,4,2026,9,30,0,27.400000000000002,142.8,99200.0,2026-09-30,2026-09-30,992.0
20260930,000000,72W,4,2026,9,30,0,28.8,142.3,99000.0,2026-09-30,2026-09-30,990.0
20260930,000000,72W,4,2026,9,30,0,31.1,142.3,99400.0,2026-09-30,2026-09-30,994.0
20260930,000000,72W,4,2026,9,30,0,33.6,143.4,99300.0,2026-09-30,2026-09-30,993.0
20260930,000000,72W,4,2026,9,30,0,36.5,146.20000000000002,98900.0,2026-09-30,2026-09-30,989.0
20260930,000000,72W,4,2026,9,30,0,39.5,149.6,98300.0,2026-09-30,2026-09-30,983.0
20260930,000000,72W,4,2026,9,30,0,42.300000000000004,154.6,98400.0,2026-09-30,2026-09-30,984.0
20260930,000000,72W,4,2026,9,30,0,46.0,160.8,98600.0,2026-09-30,2026-09-30,986.0
20260930,000000,72W,5,2026,9,30,0,12.200000000000001,165.6,100900.0,2026-09-30,2026-09-30,1009.0
20260930,000000,72W,5,2026,9,30,0,12.200000000000001,165.6,101100.0,2026-09-30,2026-09-30,1011.0
20260930,000000,72W,5,2026,9,30,0,11.4,165.9,100900.0,2026-09-30,2026-09-30,1009.0
20260930,000000,72W,5,2026,9,30,0,10.5,166.5,101000.0,2026-09-30,2026-09-30,1010.0
20260930,000000,72W,5,2026,9,30,0,10.5,166.5,100800.0,2026-09-30,2026-09-30,1008.0
20260930,000000,72W,5,2026,9,30,0,9.700000000000001,166.5,100800.0,2026-09-30,2026-09-30,1008.0
20260930,000000,72W,5,2026,9,30,0,9.4,166.70000000000002,100700.0,2026-09-30,2026-09-30,1007.0
20260930,000000,72W,5,2026,9,30,0,9.1,166.5,101000.0,2026-09-30,2026-09-30,1010.0
20260930,000000,72W,5,2026,9,30,0,8.8,166.70000000000002,100900.0,2026-09-30,2026-09-30,1009.0
20260930,000000,72W,5,2026,9,30,0,8.5,167.0,100900.0,2026-09-30,2026-09-30,1009.0
20260930,000000,72W,5,2026,9,30,0,8.3,167.3,100800.0,2026-09-30,2026-09-30,1008.0
20260930,000000,72W,5,2026,9,30,0,8.3,167.6,100900.0,2026-09-30,2026-09-30,1009.0
20260930,000000,72W,5,2026,9,30,0,8.3,167.9,100800.0,2026-09-30,2026-09-30,1008.0
20260930,000000,72W,5,2026,9,30,0,9.1,167.6,100900.0,2026-09-30,2026-09-30,1009.0
20260930,000000,72W,5,2026,9,30,0,9.700000000000001,167.9,100600.0,2026-09-30,2026-09-30,1006.0
20260930,000000,72W,5,2026,9,30,0,10.200000000000001,167.6,100600.0,2026-09-30,2026-09-30,1006.0
20260930,000000,72W,5,2026,9,30,0,10.8,167.0,100400.0,2026-09-30,2026-09-30,1004.0
20260930,000000,72W,5,2026,9,30,0,10.8,167.3,100600.0,2026-09-30,2026-09-30,1006.0
20260930,000000,72W,5,2026,9,30,0,11.6,166.70000000000002,100600.0,2026-09-30,2026-09-30,1006.0
20260930,000000,72W,5,2026,9,30,0,11.4,166.70000000000002,100700.0,2026-09-30,2026-09-30,1007.0
20260930,000000,72W,5,2026,9,30,0,12.200000000000001,167.0,100600.0,2026-09-30,2026-09-30,1006.0
20260930,000000,72W,5,2026,9,30,0,13.0,167.3,100800.0,2026-09-30,2026-09-30,1008.0
20260930,000000,72W,5,2026,9,30,0,13.3,166.70000000000002,100600.0,2026-09-30,2026-09-30,1006.0
20260930,000000,72W,5,2026,9,30,0,13.200000000000001,166.6,100800.0,2026-09-30,2026-09-30,1008.0
20260930,000000,72W,5,2026,9,30,0,13.0,166.5,100600.0,2026-09-30,2026-09-30,1006.0
20260930,000000,72W,5,2026,9,30,0,13.3,166.5,100800.0,2026-09-30,2026-09-30,1008.0
20260930,000000,72W,5,2026,9,30,0,13.6,165.6,100600.0,2026-09-30,2026-09-30,1006.0
20260930,000000,72W,5,2026,9,30,0,13.3,165.3,100800.0,2026-09-30,2026-09-30,1008.0
20260930,000000,72W,5,2026,9,30,0,12.5,164.8,100500.0,2026-09-30,2026-09-30,1005.0
20260930,000000,72W,5,2026,9,30,0,12.8,164.5,100700.0,2026-09-30,2026-09-30,1007.0
20260930,000000,72W,5,2026,9,30,0,13.0,163.1,100500.0,2026-09-30,2026-09-30,1005.0
20260930,000000,72W,5,2026,9,30,0,12.5,162.0,100600.0,2026-09-30,2026-09-30,1006.0
20260930,000000,72W,5,2026,9,30,0,12.5,160.8,100300.0,2026-09-30,2026-09-30,1003.0
20260930,000000,72W,5,2026,9,30,0,12.5,160.8,100500.0,2026-09-30,2026-09-30,1005.0
20260930,000000,72W,5,2026,9,30,0,12.5,160.3,100300.0,2026-09-30,2026-09-30,1003.0
20260930,000000,72W,5,2026,9,30,0,12.5,160.3,100500.0,2026-09-30,2026-09-30,1005.0
20260930,000000,72W,5,2026,9,30,0,12.8,158.3,100100.0,2026-09-30,2026-09-30,1001.0
20260930,000000,72W,5,2026,9,30,0,13.0,158.0,100000.0,2026-09-30,2026-09-30,1000.0
20260930,000000,72W,5,2026,9,30,0,13.3,157.70000000000002,100000.0,2026-09-30,2026-09-30,1000.0
20260930,000000,72W,5,2026,9,30,0,13.9,157.20000000000002,99900.0,2026-09-30,2026-09-30,999.0
20260930,000000,72W,5,2026,9,30,0,14.1,156.3,99900.0,2026-09-30,2026-09-30,999.0
20260930,000000,72W,5,2026,9,30,0,14.5,156.3,99600.0,2026-09-30,2026-09-30,996.0
20260930,000000,72W,5,2026,9,30,0,14.700000000000001,156.3,99700.0,2026-09-30,2026-09-30,997.0
20260930,000000,72W,5,2026,9,30,0,15.6,156.6,99400.0,2026-09-30,2026-09-30,994.0
20260930,000000,72W,5,2026,9,30,0,16.4,156.0,99400.0,2026-09-30,2026-09-30,994.0
20260930,000000,72W,5,2026,9,30,0,17.0,155.8,98800.0,2026-09-30,2026-09-30,988.0
20260930,000000,72W,5,2026,9,30,0,17.8,155.5,99000.0,2026-09-30,2026-09-30,990.0
20260930,000000,72W,5,2026,9,30,0,19.0,155.20000000000002,98700.0,2026-09-30,2026-09-30,987.0
20260930,000000,72W,5,2026,9,30,0,20.1,154.1,98600.0,2026-09-30,2026-09-30,986.0
20260930,000000,72W,5,2026,9,30,0,20.900000000000002,153.5,98100.0,2026-09-30,2026-09-30,981.0
20260930,000000,72W,5,2026,9,30,0,21.8,153.0,97900.0,2026-09-30,2026-09-30,979.0
20260930,000000,72W,5,2026,9,30,0,22.3,152.1,97900.0,2026-09-30,2026-09-30,979.0
20260930,000000,72W,5,2026,9,30,0,22.900000000000002,151.3,98100.0,2026-09-30,2026-09-30,981.0
20260930,000000,72W,5,2026,9,30,0,23.2,151.0,98000.0,2026-09-30,2026-09-30,980.0
20260930,000000,72W,5,2026,9,30,0,23.8,150.4,97800.0,2026-09-30,2026-09-30,978.0
20260930,000000,72W,5,2026,9,30,0,24.3,149.9,97800.0,2026-09-30,2026-09-30,978.0
20260930,000000,72W,5,2026,9,30,0,25.2,149.3,97400.0,2026-09-30,2026-09-30,974.0
20260930,000000,72W,6,2026,9,30,0,9.1,170.1,100900.0,2026-09-30,2026-09-30,1009.0
20260930,000000,72W,6,2026,9,30,0,9.700000000000001,170.4,101000.0,2026-09-30,2026-09-30,1010.0
20260930,000000,72W,6,2026,9,30,0,9.4,169.8,100900.0,2026-09-30,2026-09-30,1009.0
20260930,000000,72W,6,2026,9,30,0,8.5,172.4,101000.0,2026-09-30,2026-09-30,1010.0
20260930,000000,72W,6,2026,9,30,0,9.700000000000001,172.9,100900.0,2026-09-30,2026-09-30,1009.0
20260930,000000,72W,6,2026,9,30,0,8.3,172.4,100900.0,2026-09-30,2026-09-30,1009.0
20260930,000000,72W,6,2026,9,30,0,8.8,172.4,100900.0,2026-09-30,2026-09-30,1009.0
20260930,000000,72W,6,2026,9,30,0,8.8,172.4,100900.0,2026-09-30,2026-09-30,1009.0
20260930,000000,72W,6,2026,9,30,0,7.7,170.70000000000002,100800.0,2026-09-30,2026-09-30,1008.0
20260930,000000,72W,6,2026,9,30,0,9.4,172.1,100700.0,2026-09-30,2026-09-30,1007.0
20260930,000000,72W,6,2026,9,30,0,10.0,170.4,100800.0,2026-09-30,2026-09-30,1008.0
20260930,000000,72W,6,2026,9,30,0,8.5,168.1,100800.0,2026-09-30,2026-09-30,1008.0
20260930,000000,72W,6,2026,9,30,0,8.3,168.4,100900.0,2026-09-30,2026-09-30,1009.0
20260930,000000,72W,6,2026,9,30,0,6.3,168.70000000000002,101000.0,2026-09-30,2026-09-30,1010.0
20260930,000000,72W,7,2026,9,30,0,10.0,171.0,100900.0,2026-09-30,2026-09-30,1009.0
20260930,000000,72W,7,2026,9,30,0,6.9,172.1,101100.0,2026-09-30,2026-09-30,1011.0
20260930,000000,72W,8,2026,9,30,0,10.0,167.3,100900.0,2026-09-30,2026-09-30,1009.0
20260930,000000,72W,8,2026,9,30,0,9.700000000000001,166.20000000000002,100700.0,2026-09-30,2026-09-30,1007.0
20260930,000000,72W,8,2026,9,30,0,9.1,165.9,100900.0,2026-09-30,2026-09-30,1009.0
20260930,000000,72W,8,2026,9,30,0,8.8,165.6,100700.0,2026-09-30,2026-09-30,1007.0
20260930,000000,72W,8,2026,9,30,0,9.1,166.5,100800.0,2026-09-30,2026-09-30,1008.0
20260930,000000,72W,8,2026,9,30,0,10.200000000000001,166.5,100600.0,2026-09-30,2026-09-30,1006.0
20260930,000000,72W,8,2026,9,30,0,10.5,167.0,100700.0,2026-09-30,2026-09-30,1007.0
20260930,000000,72W,8,2026,9,30,0,11.1,166.5,100500.0,2026-09-30,2026-09-30,1005.0
20260930,000000,72W,8,2026,9,30,0,11.4,166.5,100800.0,2026-09-30,2026-09-30,1008.0
20260930,000000,72W,8,2026,9,30,0,11.9,166.20000000000002,100600.0,2026-09-30,2026-09-30,1006.0
20260930,000000,72W,8,2026,9,30,0,12.5,165.6,100700.0,2026-09-30,2026-09-30,1007.0
20260930,000000,72W,8,2026,9,30,0,12.8,165.3,100500.0,2026-09-30,2026-09-30,1005.0
20260930,000000,72W,8,2026,9,30,0,13.3,164.8,100600.0,2026-09-30,2026-09-30,1006.0
20260930,000000,72W,8,2026,9,30,0,13.9,163.9,100400.0,2026-09-30,2026-09-30,1004.0
20260930,000000,72W,8,2026,9,30,0,14.5,163.1,100400.0,2026-09-30,2026-09-30,1004.0
20260930,000000,72W,8,2026,9,30,0,15.0,162.0,100300.0,2026-09-30,2026-09-30,1003.0
20260930,000000,72W,8,2026,9,30,0,15.6,161.1,100600.0,2026-09-30,2026-09-30,1006.0
20260930,000000,72W,8,2026,9,30,0,15.3,160.0,100300.0,2026-09-30,2026-09-30,1003.0
20260930,000000,72W,8,2026,9,30,0,16.7,159.4,100500.0,2026-09-30,2026-09-30,1005.0
20260930,000000,72W,8,2026,9,30,0,17.6,157.70000000000002,100200.0,2026-09-30,2026-09-30,1002.0
20260930,000000,72W,8,2026,9,30,0,17.6,156.9,100400.0,2026-09-30,2026-09-30,1004.0
20260930,000000,72W,8,2026,9,30,0,17.8,155.5,100200.0,2026-09-30,2026-09-30,1002.0
20260930,000000,72W,8,2026,9,30,0,19.0,155.20000000000002,100400.0,2026-09-30,2026-09-30,1004.0
20260930,000000,72W,8,2026,9,30,0,19.8,154.1,100100.0,2026-09-30,2026-09-30,1001.0
20260930,000000,72W,8,2026,9,30,0,20.7,153.0,100100.0,2026-09-30,2026-09-30,1001.0
20260930,000000,72W,8,2026,9,30,0,21.2,152.1,99700.0,2026-09-30,2026-09-30,997.0
20260930,000000,72W,8,2026,9,30,0,21.900000000000002,150.70000000000002,100000.0,2026-09-30,2026-09-30,1000.0
20260930,000000,72W,8,2026,9,30,0,22.6,149.9,99800.0,2026-09-30,2026-09-30,998.0
20260930,000000,72W,8,2026,9,30,0,23.2,150.1,99900.0,2026-09-30,2026-09-30,999.0
20260930,000000,72W,8,2026,9,30,0,23.8,149.6,99600.0,2026-09-30,2026-09-30,996.0
20260930,000000,72W,8,2026,9,30,0,24.900000000000002,150.1,99900.0,2026-09-30,2026-09-30,999.0
20260930,000000,72W,8,2026,9,30,0,25.400000000000002,149.6,99700.0,2026-09-30,2026-09-30,997.0
20260930,000000,72W,8,2026,9,30,0,26.3,149.6,100000.0,2026-09-30,2026-09-30,1000.0
20260930,000000,72W,8,2026,9,30,0,26.900000000000002,149.3,99900.0,2026-09-30,2026-09-30,999.0
20260930,000000,72W,8,2026,9,30,0,27.400000000000002,149.5,100000.0,2026-09-30,2026-09-30,1000.0
20260930,000000,72W,8,2026,9,30,0,28.0,149.3,99900.0,2026-09-30,2026-09-30,999.0
20260930,000000,72W,8,2026,9,30,0,29.1,149.0,100200.0,2026-09-30,2026-09-30,1002.0
20260930,000000,72W,8,2026,9,30,0,30.0,148.6,100300.0,2026-09-30,2026-09-30,1003.0
20260930,000000,72W,8,2026,9,30,0,31.6,149.6,100300.0,2026-09-30,2026-09-30,1003.0
20260930,000000,72W,8,2026,9,30,0,33.3,150.1,100100.0,2026-09-30,2026-09-30,1001.0
20260930,000000,72W,8,2026,9,30,0,35.0,151.8,100100.0,2026-09-30,2026-09-30,1001.0
20260930,000000,72W,8,2026,9,30,0,37.6,154.9,99900.0,2026-09-30,2026-09-30,999.0
20260930,000000,72W,8,2026,9,30,0,41.800000000000004,160.5,100500.0,2026-09-30,2026-09-30,1005.0
20260930,000000,72W,8,2026,9,30,0,44.6,167.6,99900.0,2026-09-30,2026-09-30,999.0
20260930,000000,72W,9,2026,9,30,0,15.6,153.5,101000.0,2026-09-30,2026-09-30,1010.0
20260930,000000,72W,9,2026,9,30,0,15.6,154.4,100800.0,2026-09-30,2026-09-30,1008.0
20260930,000000,72W,9,2026,9,30,0,14.700000000000001,156.0,100700.0,2026-09-30,2026-09-30,1007.0
20260930,000000,72W,10,2026,9,30,0,8.8,167.9,100900.0,2026-09-30,2026-09-30,1009.0
20260930,000000,72W,10,2026,9,30,0,8.3,168.1,101000.0,2026-09-30,2026-09-30,1010.0
20260930,000000,72W,10,2026,9,30,0,7.7,168.4,100800.0,2026-09-30,2026-09-30,1008.0
20260930,000000,72W,10,2026,9,30,0,8.0,169.3,100800.0,2026-09-30,2026-09-30,1008.0
20260930,000000,72W,11,2026,9,30,0,8.8,173.8,101100.0,2026-09-30,2026-09-30,1011.0
20260930,000000,72W,11,2026,9,30,0,7.4,174.9,101000.0,2026-09-30,2026-09-30,1010.0
20260930,000000,72W,11,2026,9,30,0,8.3,175.70000000000002,101000.0,2026-09-30,2026-09-30,1010.0
20260930,000000,72W,11,2026,9,30,0,8.8,177.4,101000.0,2026-09-30,2026-09-30,1010.0
20260930,000000,72W,12,2026,9,30,0,12.8,163.9,101000.0,2026-09-30,2026-09-30,1010.0
20260930,000000,72W,12,2026,9,30,0,13.3,164.8,100800.0,2026-09-30,2026-09-30,1008.0
20260930,000000,72W,12,2026,9,30,0,13.3,164.5,100900.0,2026-09-30,2026-09-30,1009.0
20260930,000000,72W,12,2026,9,30,0,13.6,164.20000000000002,100700.0,2026-09-30,2026-09-30,1007.0
20260930,000000,72W,12,2026,9,30,0,13.6,164.20000000000002,100900.0,2026-09-30,2026-09-30,1009.0
20260930,000000,72W,12,2026,9,30,0,13.3,165.0,100600.0,2026-09-30,2026-09-30,1006.0
20260930,000000,72W,12,2026,9,30,0,13.3,164.5,100700.0,2026-09-30,2026-09-30,1007.0
20260930,000000,72W,12,2026,9,30,0,13.3,164.8,100400.0,2026-09-30,2026-09-30,1004.0
20260930,000000,72W,12,2026,9,30,0,13.3,164.5,100600.0,2026-09-30,2026-09-30,1006.0
20260930,000000,72W,12,2026,9,30,0,13.3,164.5,100200.0,2026-09-30,2026-09-30,1002.0
20260930,000000,72W,12,2026,9,30,0,13.0,163.9,100400.0,2026-09-30,2026-09-30,1004.0
20260930,000000,72W,12,2026,9,30,0,13.6,163.6,100200.0,2026-09-30,2026-09-30,1002.0
20260930,000000,72W,12,2026,9,30,0,13.3,163.1,100500.0,2026-09-30,2026-09-30,1005.0
20260930,000000,72W,12,2026,9,30,0,13.6,162.5,100300.0,2026-09-30,2026-09-30,1003.0
20260930,000000,72W,12,2026,9,30,0,13.3,162.20000000000002,100300.0,2026-09-30,2026-09-30,1003.0
20260930,000000,72W,12,2026,9,30,0,13.3,161.4,100000.0,2026-09-30,2026-09-30,1000.0
20260930,000000,72W,12,2026,9,30,0,12.5,161.4,100100.0,2026-09-30,2026-09-30,1001.0
20260930,000000,72W,12,2026,9,30,0,12.200000000000001,161.4,99900.0,2026-09-30,2026-09-30,999.0
20260930,000000,72W,12,2026,9,30,0,12.200000000000001,161.70000000000002,99800.0,2026-09-30,2026-09-30,998.0
20260930,000000,72W,12,2026,9,30,0,13.0,161.1,99500.0,2026-09-30,2026-09-30,995.0
20260930,000000,72W,12,2026,9,30,0,13.6,160.5,99400.0,2026-09-30,2026-09-30,994.0
20260930,000000,72W,12,2026,9,30,0,13.9,159.4,98800.0,2026-09-30,2026-09-30,988.0
20260930,000000,72W,12,2026,9,30,0,14.5,159.1,98700.0,2026-09-30,2026-09-30,987.0
20260930,000000,72W,12,2026,9,30,0,15.6,157.70000000000002,98500.0,2026-09-30,2026-09-30,985.0
20260930,000000,72W,12,2026,9,30,0,16.1,157.5,98500.0,2026-09-30,2026-09-30,985.0
20260930,000000,72W,12,2026,9,30,0,16.7,156.6,98100.0,2026-09-30,2026-09-30,981.0
20260930,000000,72W,12,2026,9,30,0,17.3,155.8,97600.0,2026-09-30,2026-09-30,976.0
20260930,000000,72W,12,2026,9,30,0,18.1,154.6,97000.0,2026-09-30,2026-09-30,970.0
20260930,000000,72W,12,2026,9,30,0,18.7,154.1,96800.0,2026-09-30,2026-09-30,968.0
20260930,000000,72W,12,2026,9,30,0,19.2,153.5,96800.0,2026-09-30,2026-09-30,968.0
20260930,000000,72W,12,2026,9,30,0,19.8,152.70000000000002,96300.0,2026-09-30,2026-09-30,963.0
20260930,000000,72W,12,2026,9,30,0,20.7,152.1,96100.0,2026-09-30,2026-09-30,961.0
20260930,000000,72W,12,2026,9,30,0,21.8,151.3,96200.0,2026-09-30,2026-09-30,962.0
20260930,000000,72W,12,2026,9,30,0,22.900000000000002,150.70000000000002,96500.0,2026-09-30,2026-09-30,965.0
20260930,000000,72W,12,2026,9,30,0,24.0,149.9,95900.0,2026-09-30,2026-09-30,959.0
20260930,000000,72W,12,2026,9,30,0,25.7,149.3,96600.0,2026-09-30,2026-09-30,966.0
20260930,000000,72W,12,2026,9,30,0,27.6,149.20000000000002,96500.0,2026-09-30,2026-09-30,965.0
20260930,000000,72W,12,2026,9,30,0,29.400000000000002,149.3,96800.0,2026-09-30,2026-09-30,968.0
20260930,000000,72W,12,2026,9,30,0,32.2,149.6,96900.0,2026-09-30,2026-09-30,969.0
20260930,000000,72W,12,2026,9,30,0,34.7,151.3,97100.0,2026-09-30,2026-09-30,971.0
20260930,000000,72W,12,2026,9,30,0,37.7,153.1,97200.0,2026-09-30,2026-09-30,972.0
20260930,000000,72W,12,2026,9,30,0,40.4,156.6,97600.0,2026-09-30,2026-09-30,976.0
20260930,000000,72W,12,2026,9,30,0,42.2,160.20000000000002,97100.0,2026-09-30,2026-09-30,971.0
20260930,000000,72W,12,2026,9,30,0,44.0,164.20000000000002,97300.0,2026-09-30,2026-09-30,973.0
20260930,000000,72W,12,2026,9,30,0,44.9,168.6,97600.0,2026-09-30,2026-09-30,976.0
20260930,000000,72W,12,2026,9,30,0,45.0,172.9,97900.0,2026-09-30,2026-09-30,979.0
20260930,000000,72W,13,2026,9,30,0,7.7,171.20000000000002,100700.0,2026-09-30,2026-09-30,1007.0
20260930,000000,72W,13,2026,9,30,0,8.5,169.8,100900.0,2026-09-30,2026-09-30,1009.0
20260930,000000,72W,13,2026,9,30,0,8.0,171.5,100700.0,2026-09-30,2026-09-30,1007.0
20260930,000000,72W,13,2026,9,30,0,7.7,172.4,100500.0,2026-09-30,2026-09-30,1005.0
20260930,000000,72W,13,2026,9,30,0,8.8,172.1,100400.0,2026-09-30,2026-09-30,1004.0
20260930,000000,72W,13,2026,9,30,0,9.1,173.20000000000002,100600.0,2026-09-30,2026-09-30,1006.0
20260930,000000,72W,13,2026,9,30,0,10.200000000000001,172.9,100300.0,2026-09-30,2026-09-30,1003.0
20260930,000000,72W,13,2026,9,30,0,11.9,173.20000000000002,100500.0,2026-09-30,2026-09-30,1005.0
20260930,000000,72W,13,2026,9,30,0,13.0,171.0,100100.0,2026-09-30,2026-09-30,1001.0
20260930,000000,72W,13,2026,9,30,0,14.1,169.8,100300.0,2026-09-30,2026-09-30,1003.0
20260930,000000,72W,13,2026,9,30,0,15.0,168.4,99800.0,2026-09-30,2026-09-30,998.0
20260930,000000,72W,13,2026,9,30,0,15.6,167.6,99900.0,2026-09-30,2026-09-30,999.0
20260930,000000,72W,13,2026,9,30,0,16.7,165.6,99700.0,2026-09-30,2026-09-30,997.0
20260930,000000,72W,13,2026,9,30,0,17.0,163.9,100000.0,2026-09-30,2026-09-30,1000.0
20260930,000000,72W,13,2026,9,30,0,17.3,162.0,99800.0,2026-09-30,2026-09-30,998.0
20260930,000000,72W,13,2026,9,30,0,17.6,160.0,100000.0,2026-09-30,2026-09-30,1000.0
20260930,000000,72W,13,2026,9,30,0,18.1,157.5,99500.0,2026-09-30,2026-09-30,995.0
20260930,000000,72W,13,2026,9,30,0,18.7,156.3,99900.0,2026-09-30,2026-09-30,999.0
20260930,000000,72W,13,2026,9,30,0,18.7,153.8,99800.0,2026-09-30,2026-09-30,998.0
20260930,000000,72W,13,2026,9,30,0,18.6,151.9,100000.0,2026-09-30,2026-09-30,1000.0
20260930,000000,72W,13,2026,9,30,0,18.5,149.9,99500.0,2026-09-30,2026-09-30,995.0
20260930,000000,72W,13,2026,9,30,0,18.400000000000002,148.70000000000002,99700.0,2026-09-30,2026-09-30,997.0
20260930,000000,72W,13,2026,9,30,0,18.400000000000002,146.20000000000002,98900.0,2026-09-30,2026-09-30,989.0
20260930,000000,72W,13,2026,9,30,0,18.1,145.1,99300.0,2026-09-30,2026-09-30,993.0
20260930,000000,72W,13,2026,9,30,0,17.8,144.0,98500.0,2026-09-30,2026-09-30,985.0
20260930,000000,72W,13,2026,9,30,0,18.1,142.8,98300.0,2026-09-30,2026-09-30,983.0
20260930,000000,72W,13,2026,9,30,0,18.1,142.0,97500.0,2026-09-30,2026-09-30,975.0
20260930,000000,72W,13,2026,9,30,0,18.400000000000002,140.9,97300.0,2026-09-30,2026-09-30,973.0
20260930,000000,72W,13,2026,9,30,0,18.7,140.0,96800.0,2026-09-30,2026-09-30,968.0
20260930,000000,72W,13,2026,9,30,0,19.2,139.5,96500.0,2026-09-30,2026-09-30,965.0
20260930,000000,72W,13,2026,9,30,0,19.5,138.6,96600.0,2026-09-30,2026-09-30,966.0
20260930,000000,72W,13,2026,9,30,0,20.400000000000002,138.0,96400.0,2026-09-30,2026-09-30,964.0
20260930,000000,72W,13,2026,9,30,0,21.2,137.20000000000002,96800.0,2026-09-30,2026-09-30,968.0
20260930,000000,72W,13,2026,9,30,0,22.1,136.6,96300.0,2026-09-30,2026-09-30,963.0
20260930,000000,72W,13,2026,9,30,0,23.2,136.1,96300.0,2026-09-30,2026-09-30,963.0
20260930,000000,72W,13,2026,9,30,0,24.3,135.8,96100.0,2026-09-30,2026-09-30,961.0
20260930,000000,72W,13,2026,9,30,0,25.400000000000002,135.5,95800.0,2026-09-30,2026-09-30,958.0
20260930,000000,72W,13,2026,9,30,0,27.1,136.4,95700.0,2026-09-30,2026-09-30,957.0
20260930,000000,72W,13,2026,9,30,0,29.5,137.20000000000002,96600.0,2026-09-30,2026-09-30,966.0
20260930,000000,72W,13,2026,9,30,0,32.1,138.6,96600.0,2026-09-30,2026-09-30,966.0
20260930,000000,72W,13,2026,9,30,0,35.9,140.3,96900.0,2026-09-30,2026-09-30,969.0
20260930,000000,72W,13,2026,9,30,0,39.7,143.1,96900.0,2026-09-30,2026-09-30,969.0
20260930,000000,72W,13,2026,9,30,0,42.6,145.6,97900.0,2026-09-30,2026-09-30,979.0
20260930,000000,72W,13,2026,9,30,0,45.2,147.9,97800.0,2026-09-30,2026-09-30,978.0
20260930,000000,72W,14,2026,9,30,0,18.400000000000002,124.5,101200.0,2026-09-30,2026-09-30,1012.0
20260930,000000,72W,14,2026,9,30,0,18.7,123.4,101100.0,2026-09-30,2026-09-30,1011.0
20260930,000000,72W,14,2026,9,30,0,18.400000000000002,123.10000000000001,100900.0,2026-09-30,2026-09-30,1009.0
20260930,000000,72W,14,2026,9,30,0,15.9,122.60000000000001,101100.0,2026-09-30,2026-09-30,1011.0
20260930,000000,72W,15,2026,9,30,0,11.1,165.3,101000.0,2026-09-30,2026-09-30,1010.0
20260930,000000,72W,15,2026,9,30,0,10.5,165.9,101000.0,2026-09-30,2026-09-30,1010.0
20260930,000000,72W,15,2026,9,30,0,10.0,166.70000000000002,100900.0,2026-09-30,2026-09-30,1009.0
20260930,000000,72W,15,2026,9,30,0,10.0,167.3,101000.0,2026-09-30,2026-09-30,1010.0
20260930,000000,72W,15,2026,9,30,0,10.0,167.9,100900.0,2026-09-30,2026-09-30,1009.0
20260930,000000,72W,15,2026,9,30,0,8.3,168.70000000000002,100800.0,2026-09-30,2026-09-30,1008.0
20260930,000000,72W,15,2026,9,30,0,7.4,169.0,100800.0,2026-09-30,2026-09-30,1008.0
20260930,000000,72W,15,2026,9,30,0,8.0,169.5,100900.0,2026-09-30,2026-09-30,1009.0
20260930,000000,72W,15,2026,9,30,0,8.3,168.70000000000002,100700.0,2026-09-30,2026-09-30,1007.0
20260930,000000,72W,15,2026,9,30,0,8.0,169.0,100900.0,2026-09-30,2026-09-30,1009.0
20260930,000000,72W,15,2026,9,30,0,9.700000000000001,167.3,100800.0,2026-09-30,2026-09-30,1008.0
20260930,000000,72W,15,2026,9,30,0,9.4,166.70000000000002,100800.0,2026-09-30,2026-09-30,1008.0
20260930,000000,72W,15,2026,9,30,0,8.8,166.5,100700.0,2026-09-30,2026-09-30,1007.0
20260930,000000,72W,15,2026,9,30,0,10.0,167.3,100800.0,2026-09-30,2026-09-30,1008.0
20260930,000000,72W,15,2026,9,30,0,9.700000000000001,167.3,100700.0,2026-09-30,2026-09-30,1007.0
20260930,000000,72W,15,2026,9,30,0,10.0,167.0,100800.0,2026-09-30,2026-09-30,1008.0
20260930,000000,72W,15,2026,9,30,0,10.200000000000001,166.20000000000002,100700.0,2026-09-30,2026-09-30,1007.0
20260930,000000,72W,15,2026,9,30,0,11.1,166.70000000000002,100900.0,2026-09-30,2026-09-30,1009.0
20260930,000000,72W,15,2026,9,30,0,11.6,166.70000000000002,100800.0,2026-09-30,2026-09-30,1008.0
20260930,000000,72W,15,2026,9,30,0,13.9,163.4,100900.0,2026-09-30,2026-09-30,1009.0
20260930,000000,72W,15,2026,9,30,0,15.3,162.20000000000002,100600.0,2026-09-30,2026-09-30,1006.0
20260930,000000,72W,15,2026,9,30,0,14.5,162.5,100600.0,2026-09-30,2026-09-30,1006.0
20260930,000000,72W,15,2026,9,30,0,16.1,160.3,100100.0,2026-09-30,2026-09-30,1001.0
20260930,000000,72W,15,2026,9,30,0,16.7,159.4,100100.0,2026-09-30,2026-09-30,1001.0
20260930,000000,72W,15,2026,9,30,0,17.3,159.1,99700.0,2026-09-30,2026-09-30,997.0
20260930,000000,72W,15,2026,9,30,0,17.8,158.0,99600.0,2026-09-30,2026-09-30,996.0
20260930,000000,72W,15,2026,9,30,0,18.7,157.20000000000002,99100.0,2026-09-30,2026-09-30,991.0
20260930,000000,72W,15,2026,9,30,0,19.2,156.3,99300.0,2026-09-30,2026-09-30,993.0
20260930,000000,72W,15,2026,9,30,0,19.8,156.0,99000.0,2026-09-30,2026-09-30,990.0
20260930,000000,72W,15,2026,9,30,0,20.400000000000002,154.9,99100.0,2026-09-30,2026-09-30,991.0
20260930,000000,72W,15,2026,9,30,0,20.7,154.1,98800.0,2026-09-30,2026-09-30,988.0
20260930,000000,72W,15,2026,9,30,0,20.900000000000002,153.20000000000002,98600.0,2026-09-30,2026-09-30,986.0
20260930,000000,72W,15,2026,9,30,0,21.5,152.70000000000002,98300.0,2026-09-30,2026-09-30,983.0
20260930,000000,72W,15,2026,9,30,0,21.8,151.8,98400.0,2026-09-30,2026-09-30,984.0
20260930,000000,72W,15,2026,9,30,0,22.1,150.70000000000002,98000.0,2026-09-30,2026-09-30,980.0
20260930,000000,72W,15,2026,9,30,0,22.1,149.9,98600.0,2026-09-30,2026-09-30,986.0
20260930,000000,72W,15,2026,9,30,0,22.6,149.3,98400.0,2026-09-30,2026-09-30,984.0
20260930,000000,72W,15,2026,9,30,0,23.2,148.5,98100.0,2026-09-30,2026-09-30,981.0
20260930,000000,72W,15,2026,9,30,0,23.8,147.6,97500.0,2026-09-30,2026-09-30,975.0
20260930,000000,72W,15,2026,9,30,0,24.3,147.0,97400.0,2026-09-30,2026-09-30,974.0
20260930,000000,72W,15,2026,9,30,0,25.400000000000002,146.5,97200.0,2026-09-30,2026-09-30,972.0
20260930,000000,72W,15,2026,9,30,0,26.3,146.20000000000002,96800.0,2026-09-30,2026-09-30,968.0
20260930,000000,72W,15,2026,9,30,0,27.7,145.9,97100.0,2026-09-30,2026-09-30,971.0
20260930,000000,72W,15,2026,9,30,0,29.400000000000002,146.20000000000002,97000.0,2026-09-30,2026-09-30,970.0
20260930,000000,72W,15,2026,9,30,0,31.400000000000002,147.0,97500.0,2026-09-30,2026-09-30,975.0
20260930,000000,72W,15,2026,9,30,0,33.2,148.8,97600.0,2026-09-30,2026-09-30,976.0
20260930,000000,72W,15,2026,9,30,0,35.4,151.8,98100.0,2026-09-30,2026-09-30,981.0
20260930,000000,72W,15,2026,9,30,0,38.1,154.9,98400.0,2026-09-30,2026-09-30,984.0
20260930,000000,72W,15,2026,9,30,0,40.1,159.4,98900.0,2026-09-30,2026-09-30,989.0
20260930,000000,72W,15,2026,9,30,0,42.300000000000004,165.9,99500.0,2026-09-30,2026-09-30,995.0
20260930,000000,72W,15,2026,9,30,0,44.1,172.20000000000002,99400.0,2026-09-30,2026-09-30,994.0
20260930,000000,72W,15,2026,9,30,0,46.0,179.1,99100.0,2026-09-30,2026-09-30,991.0
20260930,000000,72W,16,2026,9,30,0,14.200000000000001,161.70000000000002,100800.0,2026-09-30,2026-09-30,1008.0
20260930,000000,72W,16,2026,9,30,0,14.700000000000001,163.1,101000.0,2026-09-30,2026-09-30,1010.0
20260930,000000,72W,16,2026,9,30,0,14.200000000000001,161.70000000000002,100700.0,2026-09-30,2026-09-30,1007.0
20260930,000000,72W,16,2026,9,30,0,14.200000000000001,161.4,100900.0,2026-09-30,2026-09-30,1009.0
20260930,000000,72W,16,2026,9,30,0,15.3,162.0,100500.0,2026-09-30,2026-09-30,1005.0
20260930,000000,72W,16,2026,9,30,0,15.3,161.70000000000002,100700.0,2026-09-30,2026-09-30,1007.0
20260930,000000,72W,16,2026,9,30,0,15.6,161.4,100500.0,2026-09-30,2026-09-30,1005.0
20260930,000000,72W,16,2026,9,30,0,14.700000000000001,161.1,100700.0,2026-09-30,2026-09-30,1007.0
20260930,000000,72W,16,2026,9,30,0,15.0,160.8,100300.0,2026-09-30,2026-09-30,1003.0
20260930,000000,72W,16,2026,9,30,0,14.700000000000001,161.1,100600.0,2026-09-30,2026-09-30,1006.0
20260930,000000,72W,16,2026,9,30,0,14.200000000000001,162.0,100500.0,2026-09-30,2026-09-30,1005.0
20260930,000000,72W,16,2026,9,30,0,14.200000000000001,162.8,100600.0,2026-09-30,2026-09-30,1006.0
20260930,000000,72W,16,2026,9,30,0,14.3,163.1,100300.0,2026-09-30,2026-09-30,1003.0
20260930,000000,72W,16,2026,9,30,0,14.700000000000001,163.1,100400.0,2026-09-30,2026-09-30,1004.0
20260930,000000,72W,16,2026,9,30,0,15.3,163.4,99800.0,2026-09-30,2026-09-30,998.0
20260930,000000,72W,16,2026,9,30,0,15.0,163.4,100000.0,2026-09-30,2026-09-30,1000.0
20260930,000000,72W,16,2026,9,30,0,15.6,162.8,99400.0,2026-09-30,2026-09-30,994.0
20260930,000000,72W,16,2026,9,30,0,15.0,163.1,99500.0,2026-09-30,2026-09-30,995.0
20260930,000000,72W,16,2026,9,30,0,15.0,163.6,99200.0,2026-09-30,2026-09-30,992.0
20260930,000000,72W,16,2026,9,30,0,16.1,163.6,99000.0,2026-09-30,2026-09-30,990.0
20260930,000000,72W,16,2026,9,30,0,17.0,163.1,98400.0,2026-09-30,2026-09-30,984.0
20260930,000000,72W,16,2026,9,30,0,17.6,162.20000000000002,98500.0,2026-09-30,2026-09-30,985.0
20260930,000000,72W,16,2026,9,30,0,18.400000000000002,161.70000000000002,98400.0,2026-09-30,2026-09-30,984.0
20260930,000000,72W,16,2026,9,30,0,19.2,160.5,98100.0,2026-09-30,2026-09-30,981.0
20260930,000000,72W,16,2026,9,30,0,20.1,159.1,97600.0,2026-09-30,2026-09-30,976.0
20260930,000000,72W,16,2026,9,30,0,20.1,158.0,97600.0,2026-09-30,2026-09-30,976.0
20260930,000000,72W,16,2026,9,30,0,21.2,156.6,97400.0,2026-09-30,2026-09-30,974.0
20260930,000000,72W,16,2026,9,30,0,21.5,155.20000000000002,97500.0,2026-09-30,2026-09-30,975.0
20260930,000000,72W,16,2026,9,30,0,22.1,154.4,96600.0,2026-09-30,2026-09-30,966.0
20260930,000000,72W,16,2026,9,30,0,22.6,153.5,96800.0,2026-09-30,2026-09-30,968.0
20260930,000000,72W,16,2026,9,30,0,23.2,152.4,96400.0,2026-09-30,2026-09-30,964.0
20260930,000000,72W,16,2026,9,30,0,23.5,151.3,96300.0,2026-09-30,2026-09-30,963.0
20260930,000000,72W,16,2026,9,30,0,24.3,150.4,96500.0,2026-09-30,2026-09-30,965.0
20260930,000000,72W,16,2026,9,30,0,24.900000000000002,149.9,96600.0,2026-09-30,2026-09-30,966.0
20260930,000000,72W,16,2026,9,30,0,25.400000000000002,149.6,96200.0,2026-09-30,2026-09-30,962.0
20260930,000000,72W,16,2026,9,30,0,26.6,149.3,96100.0,2026-09-30,2026-09-30,961.0
20260930,000000,72W,16,2026,9,30,0,27.400000000000002,149.1,96100.0,2026-09-30,2026-09-30,961.0
20260930,000000,72W,16,2026,9,30,0,29.1,149.0,96300.0,2026-09-30,2026-09-30,963.0
20260930,000000,72W,16,2026,9,30,0,30.7,149.0,96500.0,2026-09-30,2026-09-30,965.0
20260930,000000,72W,16,2026,9,30,0,33.0,149.0,96700.0,2026-09-30,2026-09-30,967.0
20260930,000000,72W,16,2026,9,30,0,35.9,149.6,97000.0,2026-09-30,2026-09-30,970.0
20260930,000000,72W,16,2026,9,30,0,39.2,151.0,97300.0,2026-09-30,2026-09-30,973.0
20260930,000000,72W,16,2026,9,30,0,40.9,152.1,97700.0,2026-09-30,2026-09-30,977.0
20260930,000000,72W,16,2026,9,30,0,42.800000000000004,156.3,98100.0,2026-09-30,2026-09-30,981.0
20260930,000000,72W,16,2026,9,30,0,42.9,159.0,98500.0,2026-09-30,2026-09-30,985.0
20260930,000000,72W,16,2026,9,30,0,43.5,163.9,98900.0,2026-09-30,2026-09-30,989.0
20260930,000000,72W,17,2026,9,30,0,11.4,166.20000000000002,101000.0,2026-09-30,2026-09-30,1010.0
20260930,000000,72W,17,2026,9,30,0,11.1,165.9,101000.0,2026-09-30,2026-09-30,1010.0
20260930,000000,72W,17,2026,9,30,0,9.700000000000001,166.20000000000002,101100.0,2026-09-30,2026-09-30,1011.0
20260930,000000,72W,17,2026,9,30,0,9.700000000000001,165.9,101000.0,2026-09-30,2026-09-30,1010.0
20260930,000000,72W,17,2026,9,30,0,8.5,167.6,101100.0,2026-09-30,2026-09-30,1011.0
20260930,000000,72W,17,2026,9,30,0,8.3,165.6,100900.0,2026-09-30,2026-09-30,1009.0
20260930,000000,72W,17,2026,9,30,0,8.0,167.9,100900.0,2026-09-30,2026-09-30,1009.0
20260930,000000,72W,17,2026,9,30,0,7.4,167.9,100800.0,2026-09-30,2026-09-30,1008.0
20260930,000000,72W,17,2026,9,30,0,7.4,167.9,101000.0,2026-09-30,2026-09-30,1010.0
20260930,000000,72W,17,2026,9,30,0,10.0,166.20000000000002,100800.0,2026-09-30,2026-09-30,1008.0
20260930,000000,72W,17,2026,9,30,0,9.4,167.3,100800.0,2026-09-30,2026-09-30,1008.0
20260930,000000,72W,17,2026,9,30,0,10.0,165.0,100800.0,2026-09-30,2026-09-30,1008.0
20260930,000000,72W,17,2026,9,30,0,9.700000000000001,165.3,100700.0,2026-09-30,2026-09-30,1007.0
20260930,000000,72W,18,2026,9,30,0,12.8,164.8,100700.0,2026-09-30,2026-09-30,1007.0
20260930,000000,72W,18,2026,9,30,0,12.200000000000001,165.0,100900.0,2026-09-30,2026-09-30,1009.0
20260930,000000,72W,18,2026,9,30,0,11.4,165.9,100600.0,2026-09-30,2026-09-30,1006.0
20260930,000000,72W,18,2026,9,30,0,10.8,165.9,100800.0,2026-09-30,2026-09-30,1008.0
20260930,000000,72W,18,2026,9,30,0,10.5,166.70000000000002,100700.0,2026-09-30,2026-09-30,1007.0
20260930,000000,72W,18,2026,9,30,0,10.200000000000001,168.1,101100.0,2026-09-30,2026-09-30,1011.0
20260930,000000,72W,18,2026,9,30,0,10.5,168.1,100900.0,2026-09-30,2026-09-30,1009.0
20260930,000000,72W,18,2026,9,30,0,10.200000000000001,168.70000000000002,100900.0,2026-09-30,2026-09-30,1009.0
20260930,000000,72W,18,2026,9,30,0,9.4,169.3,100900.0,2026-09-30,2026-09-30,1009.0
20260930,000000,72W,18,2026,9,30,0,9.4,170.1,100900.0,2026-09-30,2026-09-30,1009.0
20260930,000000,72W,18,2026,9,30,0,8.3,170.1,100700.0,2026-09-30,2026-09-30,1007.0
20260930,000000,72W,18,2026,9,30,0,8.3,169.8,100800.0,2026-09-30,2026-09-30,1008.0
20260930,000000,72W,18,2026,9,30,0,8.0,169.8,100700.0,2026-09-30,2026-09-30,1007.0
20260930,000000,72W,18,2026,9,30,0,8.0,169.8,100700.0,2026-09-30,2026-09-30,1007.0
20260930,000000,72W,18,2026,9,30,0,8.3,170.1,100600.0,2026-09-30,2026-09-30,1006.0
20260930,000000,72W,18,2026,9,30,0,8.0,170.1,100700.0,2026-09-30,2026-09-30,1007.0
20260930,000000,72W,18,2026,9,30,0,8.5,170.1,100600.0,2026-09-30,2026-09-30,1006.0
20260930,000000,72W,18,2026,9,30,0,8.5,169.8,100600.0,2026-09-30,2026-09-30,1006.0
20260930,000000,72W,18,2026,9,30,0,9.1,169.0,100500.0,2026-09-30,2026-09-30,1005.0
20260930,000000,72W,18,2026,9,30,0,9.4,168.70000000000002,100500.0,2026-09-30,2026-09-30,1005.0
20260930,000000,72W,18,2026,9,30,0,9.700000000000001,168.4,100300.0,2026-09-30,2026-09-30,1003.0
20260930,000000,72W,18,2026,9,30,0,10.5,168.70000000000002,100400.0,2026-09-30,2026-09-30,1004.0
20260930,000000,72W,18,2026,9,30,0,11.6,168.4,100200.0,2026-09-30,2026-09-30,1002.0
20260930,000000,72W,18,2026,9,30,0,12.8,167.9,100400.0,2026-09-30,2026-09-30,1004.0
20260930,000000,72W,18,2026,9,30,0,15.0,165.9,100300.0,2026-09-30,2026-09-30,1003.0
20260930,000000,72W,18,2026,9,30,0,15.0,164.8,100000.0,2026-09-30,2026-09-30,1000.0
20260930,000000,72W,18,2026,9,30,0,15.6,163.9,100200.0,2026-09-30,2026-09-30,1002.0
20260930,000000,72W,18,2026,9,30,0,16.1,162.5,99900.0,2026-09-30,2026-09-30,999.0
20260930,000000,72W,18,2026,9,30,0,17.0,161.1,100100.0,2026-09-30,2026-09-30,1001.0
20260930,000000,72W,18,2026,9,30,0,17.8,159.70000000000002,99900.0,2026-09-30,2026-09-30,999.0
20260930,000000,72W,18,2026,9,30,0,18.400000000000002,158.0,99900.0,2026-09-30,2026-09-30,999.0
20260930,000000,72W,18,2026,9,30,0,19.0,155.5,99200.0,2026-09-30,2026-09-30,992.0
20260930,000000,72W,18,2026,9,30,0,19.2,153.8,98900.0,2026-09-30,2026-09-30,989.0
20260930,000000,72W,18,2026,9,30,0,20.1,152.1,98500.0,2026-09-30,2026-09-30,985.0
20260930,000000,72W,18,2026,9,30,0,20.7,150.70000000000002,97900.0,2026-09-30,2026-09-30,979.0
20260930,000000,72W,18,2026,9,30,0,21.2,149.0,98100.0,2026-09-30,2026-09-30,981.0
20260930,000000,72W,18,2026,9,30,0,21.5,147.9,98600.0,2026-09-30,2026-09-30,986.0
20260930,000000,72W,18,2026,9,30,0,22.1,146.8,98200.0,2026-09-30,2026-09-30,982.0
20260930,000000,72W,18,2026,9,30,0,22.3,145.6,98000.0,2026-09-30,2026-09-30,980.0
20260930,000000,72W,18,2026,9,30,0,22.900000000000002,144.5,97600.0,2026-09-30,2026-09-30,976.0
20260930,000000,72W,18,2026,9,30,0,23.5,143.70000000000002,97800.0,2026-09-30,2026-09-30,978.0
20260930,000000,72W,18,2026,9,30,0,24.0,142.8,97700.0,2026-09-30,2026-09-30,977.0
20260930,000000,72W,18,2026,9,30,0,24.900000000000002,142.3,97300.0,2026-09-30,2026-09-30,973.0
20260930,000000,72W,18,2026,9,30,0,25.7,141.70000000000002,97800.0,2026-09-30,2026-09-30,978.0
20260930,000000,72W,18,2026,9,30,0,27.1,141.4,97800.0,2026-09-30,2026-09-30,978.0
20260930,000000,72W,18,2026,9,30,0,28.5,141.4,97500.0,2026-09-30,2026-09-30,975.0
20260930,000000,72W,18,2026,9,30,0,30.0,141.1,97600.0,2026-09-30,2026-09-30,976.0
20260930,000000,72W,18,2026,9,30,0,31.400000000000002,141.4,97500.0,2026-09-30,2026-09-30,975.0
20260930,000000,72W,18,2026,9,30,0,32.5,142.5,97300.0,2026-09-30,2026-09-30,973.0
20260930,000000,72W,18,2026,9,30,0,33.9,144.5,97500.0,2026-09-30,2026-09-30,975.0
20260930,000000,72W,18,2026,9,30,0,35.6,146.5,97600.0,2026-09-30,2026-09-30,976.0
20260930,000000,72W,18,2026,9,30,0,37.300000000000004,149.0,97400.0,2026-09-30,2026-09-30,974.0
20260930,000000,72W,18,2026,9,30,0,38.1,152.1,97300.0,2026-09-30,2026-09-30,973.0
20260930,000000,72W,18,2026,9,30,0,39.2,155.8,97300.0,2026-09-30,2026-09-30,973.0
20260930,000000,72W,18,2026,9,30,0,39.2,160.0,97700.0,2026-09-30,2026-09-30,977.0
20260930,000000,72W,18,2026,9,30,0,38.4,163.1,98100.0,2026-09-30,2026-09-30,981.0
20260930,000000,72W,19,2026,9,30,0,7.7,171.0,101000.0,2026-09-30,2026-09-30,1010.0
20260930,000000,72W,19,2026,9,30,0,5.2,170.4,100900.0,2026-09-30,2026-09-30,1009.0
20260930,000000,72W,20,2026,9,30,0,11.4,165.9,100800.0,2026-09-30,2026-09-30,1008.0
20260930,000000,72W,20,2026,9,30,0,10.5,166.5,100900.0,2026-09-30,2026-09-30,1009.0
20260930,000000,72W,20,2026,9,30,0,9.4,167.0,101100.0,2026-09-30,2026-09-30,1011.0
20260930,000000,72W,20,2026,9,30,0,10.8,166.70000000000002,101100.0,2026-09-30,2026-09-30,1011.0
20260930,000000,72W,20,2026,9,30,0,11.1,166.70000000000002,100900.0,2026-09-30,2026-09-30,1009.0
20260930,000000,72W,20,2026,9,30,0,11.9,167.3,101000.0,2026-09-30,2026-09-30,1010.0
20260930,000000,72W,20,2026,9,30,0,10.3,168.70000000000002,100700.0,2026-09-30,2026-09-30,1007.0
20260930,000000,72W,20,2026,9,30,0,9.700000000000001,168.4,100900.0,2026-09-30,2026-09-30,1009.0
20260930,000000,72W,20,2026,9,30,0,9.700000000000001,168.1,100700.0,2026-09-30,2026-09-30,1007.0
20260930,000000,72W,20,2026,9,30,0,10.5,170.1,100800.0,2026-09-30,2026-09-30,1008.0
20260930,000000,72W,20,2026,9,30,0,10.5,171.0,100700.0,2026-09-30,2026-09-30,1007.0
20260930,000000,72W,20,2026,9,30,0,11.4,170.4,100800.0,2026-09-30,2026-09-30,1008.0
20260930,000000,72W,20,2026,9,30,0,11.1,171.8,100600.0,2026-09-30,2026-09-30,1006.0
20260930,000000,72W,20,2026,9,30,0,11.4,170.4,100700.0,2026-09-30,2026-09-30,1007.0
20260930,000000,72W,20,2026,9,30,0,11.6,171.0,100600.0,2026-09-30,2026-09-30,1006.0
20260930,000000,72W,20,2026,9,30,0,12.1,172.6,100800.0,2026-09-30,2026-09-30,1008.0
20260930,000000,72W,20,2026,9,30,0,11.9,172.4,100600.0,2026-09-30,2026-09-30,1006.0
20260930,000000,72W,20,2026,9,30,0,12.200000000000001,173.8,100400.0,2026-09-30,2026-09-30,1004.0
20260930,000000,72W,20,2026,9,30,0,13.0,173.8,100400.0,2026-09-30,2026-09-30,1004.0
20260930,000000,72W,20,2026,9,30,0,13.3,174.0,100400.0,2026-09-30,2026-09-30,1004.0
20260930,000000,72W,20,2026,9,30,0,14.200000000000001,173.8,100000.0,2026-09-30,2026-09-30,1000.0
20260930,000000,72W,20,2026,9,30,0,14.700000000000001,173.20000000000002,99700.0,2026-09-30,2026-09-30,997.0
20260930,000000,72W,20,2026,9,30,0,15.3,172.4,99700.0,2026-09-30,2026-09-30,997.0
20260930,000000,72W,20,2026,9,30,0,15.6,171.5,99900.0,2026-09-30,2026-09-30,999.0
20260930,000000,72W,20,2026,9,30,0,15.6,171.5,99700.0,2026-09-30,2026-09-30,997.0
20260930,000000,72W,20,2026,9,30,0,15.3,170.70000000000002,99700.0,2026-09-30,2026-09-30,997.0
20260930,000000,72W,20,2026,9,30,0,15.3,170.70000000000002,99000.0,2026-09-30,2026-09-30,990.0
20260930,000000,72W,20,2026,9,30,0,15.0,170.1,99100.0,2026-09-30,2026-09-30,991.0
20260930,000000,72W,20,2026,9,30,0,14.700000000000001,169.3,98700.0,2026-09-30,2026-09-30,987.0
20260930,000000,72W,20,2026,9,30,0,14.5,169.0,98900.0,2026-09-30,2026-09-30,989.0
20260930,000000,72W,20,2026,9,30,0,14.5,168.1,99300.0,2026-09-30,2026-09-30,993.0
20260930,000000,72W,20,2026,9,30,0,14.200000000000001,167.6,99300.0,2026-09-30,2026-09-30,993.0
20260930,000000,72W,20,2026,9,30,0,14.200000000000001,166.70000000000002,99300.0,2026-09-30,2026-09-30,993.0
20260930,000000,72W,20,2026,9,30,0,13.9,165.9,99300.0,2026-09-30,2026-09-30,993.0
20260930,000000,72W,20,2026,9,30,0,13.6,165.6,99300.0,2026-09-30,2026-09-30,993.0
20260930,000000,72W,20,2026,9,30,0,13.3,164.8,99400.0,2026-09-30,2026-09-30,994.0
20260930,000000,72W,20,2026,9,30,0,13.0,163.9,99300.0,2026-09-30,2026-09-30,993.0
20260930,000000,72W,20,2026,9,30,0,12.5,163.4,99400.0,2026-09-30,2026-09-30,994.0
20260930,000000,72W,20,2026,9,30,0,12.5,163.1,99400.0,2026-09-30,2026-09-30,994.0
20260930,000000,72W,20,2026,9,30,0,11.9,162.8,99600.0,2026-09-30,2026-09-30,996.0
20260930,000000,72W,20,2026,9,30,0,11.6,162.5,99200.0,2026-09-30,2026-09-30,992.0
20260930,000000,72W,20,2026,9,30,0,11.9,162.20000000000002,99200.0,2026-09-30,2026-09-30,992.0
20260930,000000,72W,20,2026,9,30,0,12.5,162.0,99100.0,2026-09-30,2026-09-30,991.0
20260930,000000,72W,20,2026,9,30,0,13.0,162.20000000000002,99400.0,2026-09-30,2026-09-30,994.0
20260930,000000,72W,20,2026,9,30,0,13.3,162.20000000000002,98800.0,2026-09-30,2026-09-30,988.0
20260930,000000,72W,20,2026,9,30,0,14.200000000000001,162.0,98700.0,2026-09-30,2026-09-30,987.0
20260930,000000,72W,20,2026,9,30,0,14.700000000000001,162.20000000000002,98500.0,2026-09-30,2026-09-30,985.0
20260930,000000,72W,20,2026,9,30,0,15.9,162.20000000000002,97900.0,2026-09-30,2026-09-30,979.0
20260930,000000,72W,20,2026,9,30,0,17.3,162.20000000000002,97700.0,2026-09-30,2026-09-30,977.0
20260930,000000,72W,20,2026,9,30,0,18.1,162.20000000000002,97000.0,2026-09-30,2026-09-30,970.0
20260930,000000,72W,20,2026,9,30,0,19.2,161.70000000000002,96800.0,2026-09-30,2026-09-30,968.0
20260930,000000,72W,20,2026,9,30,0,20.400000000000002,161.70000000000002,96600.0,2026-09-30,2026-09-30,966.0
20260930,000000,72W,20,2026,9,30,0,21.8,161.4,96800.0,2026-09-30,2026-09-30,968.0
20260930,000000,72W,20,2026,9,30,0,23.2,161.4,97000.0,2026-09-30,2026-09-30,970.0
20260930,000000,72W,21,2026,9,30,0,12.9,166.9,101000.0,2026-09-30,2026-09-30,1010.0
20260930,000000,72W,21,2026,9,30,0,12.0,167.70000000000002,101000.0,2026-09-30,2026-09-30,1010.0
20260930,000000,72W,21,2026,9,30,0,10.8,167.9,100900.0,2026-09-30,2026-09-30,1009.0
20260930,000000,72W,21,2026,9,30,0,9.1,170.4,100900.0,2026-09-30,2026-09-30,1009.0
20260930,000000,72W,21,2026,9,30,0,8.8,173.20000000000002,101000.0,2026-09-30,2026-09-30,1010.0
20260930,000000,72W,21,2026,9,30,0,10.200000000000001,175.20000000000002,100900.0,2026-09-30,2026-09-30,1009.0
20260930,000000,72W,22,2026,9,30,0,14.200000000000001,164.5,100900.0,2026-09-30,2026-09-30,1009.0
20260930,000000,72W,23,2026,9,30,0,12.8,164.20000000000002,101100.0,2026-09-30,2026-09-30,1011.0
20260930,000000,72W,23,2026,9,30,0,14.700000000000001,162.8,100900.0,2026-09-30,2026-09-30,1009.0
20260930,000000,72W,24,2026,9,30,0,17.8,155.5,100400.0,2026-09-30,2026-09-30,1004.0
20260930,000000,72W,24,2026,9,30,0,17.6,155.20000000000002,100600.0,2026-09-30,2026-09-30,1006.0
20260930,000000,72W,24,2026,9,30,0,18.400000000000002,156.0,100300.0,2026-09-30,2026-09-30,1003.0
20260930,000000,72W,24,2026,9,30,0,18.7,155.6,100300.0,2026-09-30,2026-09-30,1003.0
20260930,000000,72W,24,2026,9,30,0,19.0,156.6,100300.0,2026-09-30,2026-09-30,1003.0
20260930,000000,72W,24,2026,9,30,0,19.5,157.70000000000002,99600.0,2026-09-30,2026-09-30,996.0
20260930,000000,72W,24,2026,9,30,0,20.5,157.4,99500.0,2026-09-30,2026-09-30,995.0
20260930,000000,72W,24,2026,9,30,0,21.2,156.9,99200.0,2026-09-30,2026-09-30,992.0
20260930,000000,72W,24,2026,9,30,0,21.8,157.70000000000002,99600.0,2026-09-30,2026-09-30,996.0
20260930,000000,72W,24,2026,9,30,0,22.900000000000002,157.5,99100.0,2026-09-30,2026-09-30,991.0
20260930,000000,72W,24,2026,9,30,0,23.8,156.9,99200.0,2026-09-30,2026-09-30,992.0
20260930,000000,72W,24,2026,9,30,0,24.6,157.20000000000002,98800.0,2026-09-30,2026-09-30,988.0
20260930,000000,72W,24,2026,9,30,0,25.7,156.3,98700.0,2026-09-30,2026-09-30,987.0
20260930,000000,72W,24,2026,9,30,0,26.900000000000002,156.0,98600.0,2026-09-30,2026-09-30,986.0
20260930,000000,72W,24,2026,9,30,0,27.1,154.9,98800.0,2026-09-30,2026-09-30,988.0
20260930,000000,72W,24,2026,9,30,0,28.5,154.6,98800.0,2026-09-30,2026-09-30,988.0
20260930,000000,72W,24,2026,9,30,0,29.7,154.1,99000.0,2026-09-30,2026-09-30,990.0
20260930,000000,72W,24,2026,9,30,0,30.5,154.1,99000.0,2026-09-30,2026-09-30,990.0
20260930,000000,72W,24,2026,9,30,0,32.2,154.4,99100.0,2026-09-30,2026-09-30,991.0
20260930,000000,72W,24,2026,9,30,0,33.9,155.20000000000002,98900.0,2026-09-30,2026-09-30,989.0
20260930,000000,72W,24,2026,9,30,0,35.300000000000004,156.9,99000.0,2026-09-30,2026-09-30,990.0
20260930,000000,72W,24,2026,9,30,0,36.7,158.9,98900.0,2026-09-30,2026-09-30,989.0
20260930,000000,72W,24,2026,9,30,0,37.800000000000004,160.3,99200.0,2026-09-30,2026-09-30,992.0
20260930,000000,72W,24,2026,9,30,0,39.0,163.9,99200.0,2026-09-30,2026-09-30,992.0
20260930,000000,72W,24,2026,9,30,0,40.1,167.3,99100.0,2026-09-30,2026-09-30,991.0
20260930,000000,72W,24,2026,9,30,0,40.9,171.0,99200.0,2026-09-30,2026-09-30,992.0
20260930,000000,72W,24,2026,9,30,0,41.5,176.20000000000002,99500.0,2026-09-30,2026-09-30,995.0
20260930,000000,72W,24,2026,9,30,0,42.1,182.5,99400.0,2026-09-30,2026-09-30,994.0
20260930,000000,72W,25,2026,9,30,0,10.200000000000001,169.0,100900.0,2026-09-30,2026-09-30,1009.0
20260930,000000,72W,25,2026,9,30,0,8.8,168.1,101000.0,2026-09-30,2026-09-30,1010.0
20260930,000000,72W,25,2026,9,30,0,7.7,169.8,100800.0,2026-09-30,2026-09-30,1008.0
20260930,000000,72W,25,2026,9,30,0,8.3,168.4,100800.0,2026-09-30,2026-09-30,1008.0
20260930,000000,72W,25,2026,9,30,0,8.0,169.5,100800.0,2026-09-30,2026-09-30,1008.0
20260930,000000,72W,25,2026,9,30,0,10.3,169.1,100600.0,2026-09-30,2026-09-30,1006.0
20260930,000000,72W,25,2026,9,30,0,10.0,170.70000000000002,100700.0,2026-09-30,2026-09-30,1007.0
20260930,000000,72W,25,2026,9,30,0,11.9,169.5,100600.0,2026-09-30,2026-09-30,1006.0
20260930,000000,72W,25,2026,9,30,0,11.4,169.0,100700.0,2026-09-30,2026-09-30,1007.0
20260930,000000,72W,25,2026,9,30,0,12.5,169.3,100500.0,2026-09-30,2026-09-30,1005.0
20260930,000000,72W,25,2026,9,30,0,12.8,168.70000000000002,100700.0,2026-09-30,2026-09-30,1007.0
20260930,000000,72W,25,2026,9,30,0,13.0,167.0,100600.0,2026-09-30,2026-09-30,1006.0
20260930,000000,72W,25,2026,9,30,0,13.0,167.0,100700.0,2026-09-30,2026-09-30,1007.0
20260930,000000,72W,25,2026,9,30,0,12.5,165.9,100500.0,2026-09-30,2026-09-30,1005.0
20260930,000000,72W,25,2026,9,30,0,11.9,165.3,100600.0,2026-09-30,2026-09-30,1006.0
20260930,000000,72W,25,2026,9,30,0,12.8,165.0,100500.0,2026-09-30,2026-09-30,1005.0
20260930,000000,72W,25,2026,9,30,0,12.8,164.5,100500.0,2026-09-30,2026-09-30,1005.0
20260930,000000,72W,25,2026,9,30,0,13.3,163.6,100200.0,2026-09-30,2026-09-30,1002.0
20260930,000000,72W,25,2026,9,30,0,13.9,163.4,100300.0,2026-09-30,2026-09-30,1003.0
20260930,000000,72W,25,2026,9,30,0,14.5,163.1,99900.0,2026-09-30,2026-09-30,999.0
20260930,000000,72W,25,2026,9,30,0,14.700000000000001,162.0,99800.0,2026-09-30,2026-09-30,998.0
20260930,000000,72W,25,2026,9,30,0,15.3,162.0,99300.0,2026-09-30,2026-09-30,993.0
20260930,000000,72W,25,2026,9,30,0,15.9,161.1,99200.0,2026-09-30,2026-09-30,992.0
20260930,000000,72W,25,2026,9,30,0,16.4,160.8,99100.0,2026-09-30,2026-09-30,991.0
20260930,000000,72W,25,2026,9,30,0,17.0,160.3,99200.0,2026-09-30,2026-09-30,992.0
20260930,000000,72W,25,2026,9,30,0,17.8,160.3,99100.0,2026-09-30,2026-09-30,991.0
20260930,000000,72W,25,2026,9,30,0,18.400000000000002,159.4,99100.0,2026-09-30,2026-09-30,991.0
20260930,000000,72W,25,2026,9,30,0,19.2,158.9,98800.0,2026-09-30,2026-09-30,988.0
20260930,000000,72W,25,2026,9,30,0,19.8,158.3,99000.0,2026-09-30,2026-09-30,990.0
20260930,000000,72W,25,2026,9,30,0,20.400000000000002,158.0,98700.0,2026-09-30,2026-09-30,987.0
20260930,000000,72W,25,2026,9,30,0,21.2,157.20000000000002,98800.0,2026-09-30,2026-09-30,988.0
20260930,000000,72W,25,2026,9,30,0,21.8,156.0,98100.0,2026-09-30,2026-09-30,981.0
20260930,000000,72W,25,2026,9,30,0,22.3,154.9,98200.0,2026-09-30,2026-09-30,982.0
20260930,000000,72W,25,2026,9,30,0,22.900000000000002,154.4,98800.0,2026-09-30,2026-09-30,988.0
20260930,000000,72W,25,2026,9,30,0,23.2,153.20000000000002,99000.0,2026-09-30,2026-09-30,990.0
20260930,000000,72W,25,2026,9,30,0,23.2,153.0,98900.0,2026-09-30,2026-09-30,989.0
20260930,000000,72W,25,2026,9,30,0,23.2,152.1,98500.0,2026-09-30,2026-09-30,985.0
20260930,000000,72W,25,2026,9,30,0,23.2,151.3,97900.0,2026-09-30,2026-09-30,979.0
20260930,000000,72W,25,2026,9,30,0,23.2,150.4,97800.0,2026-09-30,2026-09-30,978.0
20260930,000000,72W,25,2026,9,30,0,23.5,149.6,97400.0,2026-09-30,2026-09-30,974.0
20260930,000000,72W,25,2026,9,30,0,23.8,148.70000000000002,97400.0,2026-09-30,2026-09-30,974.0
20260930,000000,72W,25,2026,9,30,0,24.6,147.9,97100.0,2026-09-30,2026-09-30,971.0
20260930,000000,72W,25,2026,9,30,0,24.900000000000002,147.3,97000.0,2026-09-30,2026-09-30,970.0
20260930,000000,72W,25,2026,9,30,0,25.7,147.0,96800.0,2026-09-30,2026-09-30,968.0
20260930,000000,72W,25,2026,9,30,0,26.900000000000002,146.5,97100.0,2026-09-30,2026-09-30,971.0
20260930,000000,72W,25,2026,9,30,0,28.5,146.20000000000002,97300.0,2026-09-30,2026-09-30,973.0
20260930,000000,72W,25,2026,9,30,0,30.2,146.5,97700.0,2026-09-30,2026-09-30,977.0
20260930,000000,72W,25,2026,9,30,0,32.5,146.20000000000002,97800.0,2026-09-30,2026-09-30,978.0
20260930,000000,72W,25,2026,9,30,0,34.5,147.0,97800.0,2026-09-30,2026-09-30,978.0
20260930,000000,72W,26,2026,9,30,0,16.4,157.70000000000002,100900.0,2026-09-30,2026-09-30,1009.0
20260930,000000,72W,26,2026,9,30,0,17.3,157.70000000000002,100700.0,2026-09-30,2026-09-30,1007.0
20260930,000000,72W,26,2026,9,30,0,15.9,158.0,100800.0,2026-09-30,2026-09-30,1008.0
20260930,000000,72W,26,2026,9,30,0,16.7,158.6,100600.0,2026-09-30,2026-09-30,1006.0
20260930,000000,72W,26,2026,9,30,0,17.3,158.3,100500.0,2026-09-30,2026-09-30,1005.0
20260930,000000,72W,26,2026,9,30,0,17.3,157.70000000000002,100100.0,2026-09-30,2026-09-30,1001.0
20260930,000000,72W,26,2026,9,30,0,17.0,158.0,100000.0,2026-09-30,2026-09-30,1000.0
20260930,000000,72W,26,2026,9,30,0,17.3,158.9,99700.0,2026-09-30,2026-09-30,997.0
20260930,000000,72W,26,2026,9,30,0,17.6,158.9,99700.0,2026-09-30,2026-09-30,997.0
20260930,000000,72W,26,2026,9,30,0,17.6,158.9,99100.0,2026-09-30,2026-09-30,991.0
20260930,000000,72W,26,2026,9,30,0,17.8,158.3,99100.0,2026-09-30,2026-09-30,991.0
20260930,000000,72W,26,2026,9,30,0,18.1,158.3,98500.0,2026-09-30,2026-09-30,985.0
20260930,000000,72W,26,2026,9,30,0,18.7,158.0,98300.0,2026-09-30,2026-09-30,983.0
20260930,000000,72W,26,2026,9,30,0,19.2,157.20000000000002,98000.0,2026-09-30,2026-09-30,980.0
20260930,000000,72W,26,2026,9,30,0,19.5,156.0,97800.0,2026-09-30,2026-09-30,978.0
20260930,000000,72W,26,2026,9,30,0,19.7,155.3,97400.0,2026-09-30,2026-09-30,974.0
20260930,000000,72W,26,2026,9,30,0,20.1,154.9,97500.0,2026-09-30,2026-09-30,975.0
20260930,000000,72W,26,2026,9,30,0,20.7,154.20000000000002,97300.0,2026-09-30,2026-09-30,973.0
20260930,000000,72W,26,2026,9,30,0,20.900000000000002,153.20000000000002,97400.0,2026-09-30,2026-09-30,974.0
20260930,000000,72W,26,2026,9,30,0,21.8,152.4,97200.0,2026-09-30,2026-09-30,972.0
20260930,000000,72W,26,2026,9,30,0,22.3,151.3,97200.0,2026-09-30,2026-09-30,972.0
20260930,000000,72W,26,2026,9,30,0,22.3,150.4,96700.0,2026-09-30,2026-09-30,967.0
20260930,000000,72W,26,2026,9,30,0,22.900000000000002,149.3,96500.0,2026-09-30,2026-09-30,965.0
20260930,000000,72W,26,2026,9,30,0,23.5,148.70000000000002,96100.0,2026-09-30,2026-09-30,961.0
20260930,000000,72W,26,2026,9,30,0,24.3,147.6,96300.0,2026-09-30,2026-09-30,963.0
20260930,000000,72W,26,2026,9,30,0,25.400000000000002,146.8,96000.0,2026-09-30,2026-09-30,960.0
20260930,000000,72W,26,2026,9,30,0,26.6,146.20000000000002,96400.0,2026-09-30,2026-09-30,964.0
20260930,000000,72W,26,2026,9,30,0,28.0,145.9,96500.0,2026-09-30,2026-09-30,965.0
20260930,000000,72W,26,2026,9,30,0,30.0,145.9,96700.0,2026-09-30,2026-09-30,967.0
20260930,000000,72W,26,2026,9,30,0,31.6,146.20000000000002,96500.0,2026-09-30,2026-09-30,965.0
20260930,000000,72W,26,2026,9,30,0,33.3,147.0,96800.0,2026-09-30,2026-09-30,968.0
20260930,000000,72W,26,2026,9,30,0,34.7,148.70000000000002,97000.0,2026-09-30,2026-09-30,970.0
20260930,000000,72W,26,2026,9,30,0,36.4,151.8,97500.0,2026-09-30,2026-09-30,975.0
20260930,000000,72W,26,2026,9,30,0,38.7,154.6,97300.0,2026-09-30,2026-09-30,973.0
20260930,000000,72W,26,2026,9,30,0,39.2,159.70000000000002,97500.0,2026-09-30,2026-09-30,975.0
20260930,000000,72W,26,2026,9,30,0,41.5,164.8,97400.0,2026-09-30,2026-09-30,974.0
20260930,000000,72W,26,2026,9,30,0,43.2,169.0,97300.0,2026-09-30,2026-09-30,973.0
20260930,000000,72W,27,2026,9,30,0,11.4,172.9,100900.0,2026-09-30,2026-09-30,1009.0
20260930,000000,72W,27,2026,9,30,0,10.5,171.5,100900.0,2026-09-30,2026-09-30,1009.0
20260930,000000,72W,27,2026,9,30,0,10.8,171.8,101100.0,2026-09-30,2026-09-30,1011.0
20260930,000000,72W,27,2026,9,30,0,10.200000000000001,169.8,100900.0,2026-09-30,2026-09-30,1009.0
20260930,000000,72W,27,2026,9,30,0,10.8,167.0,100900.0,2026-09-30,2026-09-30,1009.0
20260930,000000,72W,27,2026,9,30,0,8.8,168.1,100700.0,2026-09-30,2026-09-30,1007.0
20260930,000000,72W,27,2026,9,30,0,7.7,169.0,100700.0,2026-09-30,2026-09-30,1007.0
20260930,000000,72W,27,2026,9,30,0,8.5,167.9,100500.0,2026-09-30,2026-09-30,1005.0
20260930,000000,72W,27,2026,9,30,0,10.0,167.9,100600.0,2026-09-30,2026-09-30,1006.0
20260930,000000,72W,27,2026,9,30,0,9.4,166.70000000000002,100400.0,2026-09-30,2026-09-30,1004.0
20260930,000000,72W,27,2026,9,30,0,9.4,167.0,100400.0,2026-09-30,2026-09-30,1004.0
20260930,000000,72W,27,2026,9,30,0,9.700000000000001,167.3,100300.0,2026-09-30,2026-09-30,1003.0
20260930,000000,72W,27,2026,9,30,0,9.700000000000001,167.6,100500.0,2026-09-30,2026-09-30,1005.0
20260930,000000,72W,27,2026,9,30,0,11.4,167.3,100400.0,2026-09-30,2026-09-30,1004.0
20260930,000000,72W,27,2026,9,30,0,12.1,167.6,100500.0,2026-09-30,2026-09-30,1005.0
20260930,000000,72W,27,2026,9,30,0,12.8,165.6,100500.0,2026-09-30,2026-09-30,1005.0
20260930,000000,72W,27,2026,9,30,0,13.6,166.20000000000002,100700.0,2026-09-30,2026-09-30,1007.0
20260930,000000,72W,27,2026,9,30,0,15.0,165.6,100500.0,2026-09-30,2026-09-30,1005.0
20260930,000000,72W,27,2026,9,30,0,15.6,163.4,100600.0,2026-09-30,2026-09-30,1006.0
20260930,000000,72W,27,2026,9,30,0,15.3,163.1,100500.0,2026-09-30,2026-09-30,1005.0
20260930,000000,72W,27,2026,9,30,0,16.1,162.20000000000002,100600.0,2026-09-30,2026-09-30,1006.0
20260930,000000,72W,27,2026,9,30,0,17.8,160.5,100500.0,2026-09-30,2026-09-30,1005.0
20260930,000000,72W,27,2026,9,30,0,17.6,159.4,100400.0,2026-09-30,2026-09-30,1004.0
20260930,000000,72W,27,2026,9,30,0,18.7,157.70000000000002,100200.0,2026-09-30,2026-09-30,1002.0
20260930,000000,72W,27,2026,9,30,0,19.0,156.3,100100.0,2026-09-30,2026-09-30,1001.0
20260930,000000,72W,27,2026,9,30,0,19.2,155.5,100100.0,2026-09-30,2026-09-30,1001.0
20260930,000000,72W,27,2026,9,30,0,20.1,153.8,100000.0,2026-09-30,2026-09-30,1000.0
20260930,000000,72W,27,2026,9,30,0,20.400000000000002,152.4,99500.0,2026-09-30,2026-09-30,995.0
20260930,000000,72W,27,2026,9,30,0,20.400000000000002,150.70000000000002,99500.0,2026-09-30,2026-09-30,995.0
20260930,000000,72W,27,2026,9,30,0,20.900000000000002,149.6,99200.0,2026-09-30,2026-09-30,992.0
20260930,000000,72W,27,2026,9,30,0,21.5,148.5,99300.0,2026-09-30,2026-09-30,993.0
20260930,000000,72W,27,2026,9,30,0,22.3,147.3,99100.0,2026-09-30,2026-09-30,991.0
20260930,000000,72W,27,2026,9,30,0,22.900000000000002,146.5,99100.0,2026-09-30,2026-09-30,991.0
20260930,000000,72W,27,2026,9,30,0,23.5,145.4,98500.0,2026-09-30,2026-09-30,985.0
20260930,000000,72W,27,2026,9,30,0,24.3,144.5,98100.0,2026-09-30,2026-09-30,981.0
20260930,000000,72W,27,2026,9,30,0,24.6,144.0,98200.0,2026-09-30,2026-09-30,982.0
20260930,000000,72W,27,2026,9,30,0,25.400000000000002,143.1,98600.0,2026-09-30,2026-09-30,986.0
20260930,000000,72W,27,2026,9,30,0,26.0,142.5,98400.0,2026-09-30,2026-09-30,984.0
20260930,000000,72W,27,2026,9,30,0,26.6,142.3,98500.0,2026-09-30,2026-09-30,985.0
20260930,000000,72W,27,2026,9,30,0,27.400000000000002,142.5,98600.0,2026-09-30,2026-09-30,986.0
20260930,000000,72W,27,2026,9,30,0,29.400000000000002,143.4,98400.0,2026-09-30,2026-09-30,984.0
20260930,000000,72W,27,2026,9,30,0,31.400000000000002,144.5,98100.0,2026-09-30,2026-09-30,981.0
20260930,000000,72W,27,2026,9,30,0,33.6,146.8,98200.0,2026-09-30,2026-09-30,982.0
20260930,000000,72W,27,2026,9,30,0,36.4,149.8,98100.0,2026-09-30,2026-09-30,981.0
20260930,000000,72W,27,2026,9,30,0,39.5,153.8,98400.0,2026-09-30,2026-09-30,984.0
20260930,000000,72W,27,2026,9,30,0,43.5,158.6,98400.0,2026-09-30,2026-09-30,984.0
20260930,000000,72W,27,2026,9,30,0,46.300000000000004,163.4,98900.0,2026-09-30,2026-09-30,989.0
20260930,000000,72W,28,2026,9,30,0,10.200000000000001,171.8,100900.0,2026-09-30,2026-09-30,1009.0
20260930,000000,72W,28,2026,9,30,0,9.1,173.20000000000002,101100.0,2026-09-30,2026-09-30,1011.0
20260930,000000,72W,28,2026,9,30,0,8.8,175.20000000000002,100900.0,2026-09-30,2026-09-30,1009.0
20260930,000000,72W,28,2026,9,30,0,8.5,175.70000000000002,101000.0,2026-09-30,2026-09-30,1010.0
20260930,000000,72W,28,2026,9,30,0,9.4,177.1,101000.0,2026-09-30,2026-09-30,1010.0
20260930,000000,72W,28,2026,9,30,0,9.700000000000001,179.1,100900.0,2026-09-30,2026-09-30,1009.0
20260930,000000,72W,28,2026,9,30,0,10.8,179.4,100800.0,2026-09-30,2026-09-30,1008.0
20260930,000000,72W,28,2026,9,30,0,9.4,179.1,100800.0,2026-09-30,2026-09-30,1008.0
20260930,000000,72W,28,2026,9,30,0,9.4,180.5,100800.0,2026-09-30,2026-09-30,1008.0
20260930,000000,72W,28,2026,9,30,0,12.5,181.1,100900.0,2026-09-30,2026-09-30,1009.0
20260930,000000,72W,29,2026,9,30,0,8.8,172.9,101000.0,2026-09-30,2026-09-30,1010.0
20260930,000000,72W,29,2026,9,30,0,7.1000000000000005,172.9,100800.0,2026-09-30,2026-09-30,1008.0
20260930,000000,72W,29,2026,9,30,0,7.4,172.9,101000.0,2026-09-30,2026-09-30,1010.0
20260930,000000,72W,29,2026,9,30,0,9.4,170.70000000000002,100900.0,2026-09-30,2026-09-30,1009.0
20260930,000000,72W,29,2026,9,30,0,9.700000000000001,166.20000000000002,100900.0,2026-09-30,2026-09-30,1009.0
20260930,000000,72W,30,2026,9,30,0,11.1,169.5,100900.0,2026-09-30,2026-09-30,1009.0
20260930,000000,72W,30,2026,9,30,0,8.8,172.1,100900.0,2026-09-30,2026-09-30,1009.0
20260930,000000,72W,30,2026,9,30,0,9.4,175.20000000000002,100900.0,2026-09-30,2026-09-30,1009.0
20260930,000000,72W,30,2026,9,30,0,8.8,177.8,100800.0,2026-09-30,2026-09-30,1008.0
20260930,000000,72W,31,2026,9,30,0,13.3,165.3,101000.0,2026-09-30,2026-09-30,1010.0
20260930,000000,72W,31,2026,9,30,0,12.1,166.3,101000.0,2026-09-30,2026-09-30,1010.0
20260930,000000,72W,31,2026,9,30,0,12.8,166.5,100800.0,2026-09-30,2026-09-30,1008.0
20260930,000000,72W,31,2026,9,30,0,12.5,165.6,101000.0,2026-09-30,2026-09-30,1010.0
20260930,000000,72W,31,2026,9,30,0,12.0,166.1,100900.0,2026-09-30,2026-09-30,1009.0
20260930,000000,72W,31,2026,9,30,0,12.5,166.20000000000002,100900.0,2026-09-30,2026-09-30,1009.0
20260930,000000,72W,31,2026,9,30,0,12.200000000000001,166.5,100700.0,2026-09-30,2026-09-30,1007.0
20260930,000000,72W,31,2026,9,30,0,12.5,166.20000000000002,100800.0,2026-09-30,2026-09-30,1008.0
20260930,000000,72W,31,2026,9,30,0,12.5,165.3,100500.0,2026-09-30,2026-09-30,1005.0
20260930,000000,72W,31,2026,9,30,0,12.5,165.9,100700.0,2026-09-30,2026-09-30,1007.0
20260930,000000,72W,31,2026,9,30,0,12.5,165.0,100400.0,2026-09-30,2026-09-30,1004.0
20260930,000000,72W,31,2026,9,30,0,11.9,165.3,100500.0,2026-09-30,2026-09-30,1005.0
20260930,000000,72W,31,2026,9,30,0,11.6,165.6,99800.0,2026-09-30,2026-09-30,998.0
20260930,000000,72W,31,2026,9,30,0,11.6,165.6,99900.0,2026-09-30,2026-09-30,999.0
20260930,000000,72W,31,2026,9,30,0,11.6,165.6,99900.0,2026-09-30,2026-09-30,999.0
20260930,000000,72W,31,2026,9,30,0,11.1,165.9,100000.0,2026-09-30,2026-09-30,1000.0
20260930,000000,72W,31,2026,9,30,0,11.1,166.5,99800.0,2026-09-30,2026-09-30,998.0
20260930,000000,72W,31,2026,9,30,0,11.4,166.20000000000002,100000.0,2026-09-30,2026-09-30,1000.0
20260930,000000,72W,31,2026,9,30,0,11.4,166.20000000000002,99800.0,2026-09-30,2026-09-30,998.0
20260930,000000,72W,31,2026,9,30,0,11.4,166.5,100300.0,2026-09-30,2026-09-30,1003.0
20260930,000000,72W,31,2026,9,30,0,11.6,165.6,100300.0,2026-09-30,2026-09-30,1003.0
20260930,000000,72W,31,2026,9,30,0,11.1,166.5,100500.0,2026-09-30,2026-09-30,1005.0
20260930,000000,72W,31,2026,9,30,0,11.4,165.9,100400.0,2026-09-30,2026-09-30,1004.0
20260930,000000,72W,31,2026,9,30,0,11.6,165.0,100500.0,2026-09-30,2026-09-30,1005.0
20260930,000000,72W,31,2026,9,30,0,11.1,163.9,100300.0,2026-09-30,2026-09-30,1003.0
20260930,000000,72W,31,2026,9,30,0,11.1,163.9,100300.0,2026-09-30,2026-09-30,1003.0
20260930,000000,72W,31,2026,9,30,0,11.1,163.1,100000.0,2026-09-30,2026-09-30,1000.0
20260930,000000,72W,31,2026,9,30,0,11.1,161.1,100000.0,2026-09-30,2026-09-30,1000.0
20260930,000000,72W,31,2026,9,30,0,11.4,160.3,99700.0,2026-09-30,2026-09-30,997.0
20260930,000000,72W,31,2026,9,30,0,11.4,159.70000000000002,100000.0,2026-09-30,2026-09-30,1000.0
20260930,000000,72W,31,2026,9,30,0,11.4,159.1,99500.0,2026-09-30,2026-09-30,995.0
20260930,000000,72W,31,2026,9,30,0,11.9,158.3,100000.0,2026-09-30,2026-09-30,1000.0
20260930,000000,72W,31,2026,9,30,0,11.9,157.20000000000002,99700.0,2026-09-30,2026-09-30,997.0
20260930,000000,72W,31,2026,9,30,0,12.8,156.6,100300.0,2026-09-30,2026-09-30,1003.0
20260930,000000,72W,31,2026,9,30,0,13.6,154.9,100600.0,2026-09-30,2026-09-30,1006.0
20260930,000000,72W,31,2026,9,30,0,13.6,154.1,100500.0,2026-09-30,2026-09-30,1005.0
20260930,000000,72W,31,2026,9,30,0,13.6,153.20000000000002,100500.0,2026-09-30,2026-09-30,1005.0
20260930,000000,72W,31,2026,9,30,0,13.9,153.20000000000002,100500.0,2026-09-30,2026-09-30,1005.0
20260930,000000,72W,31,2026,9,30,0,14.200000000000001,152.70000000000002,100800.0,2026-09-30,2026-09-30,1008.0
20260930,000000,72W,31,2026,9,30,0,14.5,151.8,100800.0,2026-09-30,2026-09-30,1008.0
20260930,000000,72W,31,2026,9,30,0,13.9,150.70000000000002,101000.0,2026-09-30,2026-09-30,1010.0
20260930,000000,72W,31,2026,9,30,0,13.9,149.9,100600.0,2026-09-30,2026-09-30,1006.0
20260930,000000,72W,31,2026,9,30,0,13.3,149.9,100400.0,2026-09-30,2026-09-30,1004.0
20260930,000000,72W,31,2026,9,30,0,13.0,149.3,100000.0,2026-09-30,2026-09-30,1000.0
20260930,000000,72W,31,2026,9,30,0,13.0,149.3,100100.0,2026-09-30,2026-09-30,1001.0
20260930,000000,72W,31,2026,9,30,0,13.3,149.0,100100.0,2026-09-30,2026-09-30,1001.0
20260930,000000,72W,31,2026,9,30,0,13.6,148.70000000000002,100200.0,2026-09-30,2026-09-30,1002.0
20260930,000000,72W,31,2026,9,30,0,14.5,148.70000000000002,100100.0,2026-09-30,2026-09-30,1001.0
20260930,000000,72W,31,2026,9,30,0,15.3,148.20000000000002,100200.0,2026-09-30,2026-09-30,1002.0
20260930,000000,72W,31,2026,9,30,0,15.9,147.6,99900.0,2026-09-30,2026-09-30,999.0
20260930,000000,72W,31,2026,9,30,0,16.7,146.8,100100.0,2026-09-30,2026-09-30,1001.0
20260930,000000,72W,31,2026,9,30,0,17.3,145.9,100000.0,2026-09-30,2026-09-30,1000.0
20260930,000000,72W,31,2026,9,30,0,17.6,145.1,100100.0,2026-09-30,2026-09-30,1001.0
20260930,000000,72W,31,2026,9,30,0,18.400000000000002,144.5,99600.0,2026-09-30,2026-09-30,996.0
20260930,000000,72W,31,2026,9,30,0,18.7,144.20000000000002,99900.0,2026-09-30,2026-09-30,999.0
20260930,000000,72W,31,2026,9,30,0,19.5,143.70000000000002,99600.0,2026-09-30,2026-09-30,996.0
20260930,000000,72W,31,2026,9,30,0,20.7,142.5,99500.0,2026-09-30,2026-09-30,995.0
20260930,000000,72W,32,2026,9,30,0,14.200000000000001,163.6,100900.0,2026-09-30,2026-09-30,1009.0
20260930,000000,72W,32,2026,9,30,0,13.3,164.8,101200.0,2026-09-30,2026-09-30,1012.0
20260930,000000,72W,32,2026,9,30,0,11.9,163.1,100900.0,2026-09-30,2026-09-30,1009.0
20260930,000000,72W,33,2026,9,30,0,14.200000000000001,165.0,100800.0,2026-09-30,2026-09-30,1008.0
20260930,000000,72W,33,2026,9,30,0,14.700000000000001,164.8,100900.0,2026-09-30,2026-09-30,1009.0
20260930,000000,72W,33,2026,9,30,0,15.3,163.6,100900.0,2026-09-30,2026-09-30,1009.0
20260930,000000,72W,33,2026,9,30,0,16.1,163.4,100700.0,2026-09-30,2026-09-30,1007.0
20260930,000000,72W,33,2026,9,30,0,16.7,162.5,100900.0,2026-09-30,2026-09-30,1009.0
20260930,000000,72W,33,2026,9,30,0,15.9,162.20000000000002,100700.0,2026-09-30,2026-09-30,1007.0
20260930,000000,72W,33,2026,9,30,0,16.1,163.1,100900.0,2026-09-30,2026-09-30,1009.0
20260930,000000,72W,33,2026,9,30,0,17.0,162.5,100800.0,2026-09-30,2026-09-30,1008.0
20260930,000000,72W,33,2026,9,30,0,17.0,162.20000000000002,100900.0,2026-09-30,2026-09-30,1009.0
20260930,000000,72W,33,2026,9,30,0,16.1,162.5,100800.0,2026-09-30,2026-09-30,1008.0
20260930,000000,72W,33,2026,9,30,0,15.6,163.1,100900.0,2026-09-30,2026-09-30,1009.0
20260930,000000,72W,33,2026,9,30,0,14.700000000000001,163.4,100600.0,2026-09-30,2026-09-30,1006.0
20260930,000000,72W,33,2026,9,30,0,13.3,164.20000000000002,100500.0,2026-09-30,2026-09-30,1005.0
20260930,000000,72W,33,2026,9,30,0,11.9,165.0,100400.0,2026-09-30,2026-09-30,1004.0
20260930,000000,72W,33,2026,9,30,0,10.8,166.5,100400.0,2026-09-30,2026-09-30,1004.0
20260930,000000,72W,33,2026,9,30,0,10.200000000000001,167.3,99900.0,2026-09-30,2026-09-30,999.0
20260930,000000,72W,33,2026,9,30,0,10.0,168.1,99900.0,2026-09-30,2026-09-30,999.0
20260930,000000,72W,33,2026,9,30,0,9.700000000000001,168.1,100000.0,2026-09-30,2026-09-30,1000.0
20260930,000000,72W,33,2026,9,30,0,10.0,168.4,100200.0,2026-09-30,2026-09-30,1002.0
20260930,000000,72W,33,2026,9,30,0,10.8,168.70000000000002,99900.0,2026-09-30,2026-09-30,999.0
20260930,000000,72W,33,2026,9,30,0,11.4,168.4,99800.0,2026-09-30,2026-09-30,998.0
20260930,000000,72W,33,2026,9,30,0,12.200000000000001,167.6,99700.0,2026-09-30,2026-09-30,997.0
20260930,000000,72W,33,2026,9,30,0,13.3,166.5,99800.0,2026-09-30,2026-09-30,998.0
20260930,000000,72W,33,2026,9,30,0,14.200000000000001,165.0,99200.0,2026-09-30,2026-09-30,992.0
20260930,000000,72W,33,2026,9,30,0,14.5,163.9,99000.0,2026-09-30,2026-09-30,990.0
20260930,000000,72W,33,2026,9,30,0,15.0,162.20000000000002,98700.0,2026-09-30,2026-09-30,987.0
20260930,000000,72W,33,2026,9,30,0,15.6,161.4,98900.0,2026-09-30,2026-09-30,989.0
20260930,000000,72W,33,2026,9,30,0,16.1,159.70000000000002,98500.0,2026-09-30,2026-09-30,985.0
20260930,000000,72W,33,2026,9,30,0,16.4,158.3,98500.0,2026-09-30,2026-09-30,985.0
20260930,000000,72W,33,2026,9,30,0,16.4,157.20000000000002,98500.0,2026-09-30,2026-09-30,985.0
20260930,000000,72W,33,2026,9,30,0,16.4,156.3,98700.0,2026-09-30,2026-09-30,987.0
20260930,000000,72W,33,2026,9,30,0,16.7,155.5,98300.0,2026-09-30,2026-09-30,983.0
20260930,000000,72W,33,2026,9,30,0,16.4,154.6,98400.0,2026-09-30,2026-09-30,984.0
20260930,000000,72W,33,2026,9,30,0,17.0,154.1,97500.0,2026-09-30,2026-09-30,975.0
20260930,000000,72W,33,2026,9,30,0,17.3,153.5,97700.0,2026-09-30,2026-09-30,977.0
20260930,000000,72W,33,2026,9,30,0,17.6,152.70000000000002,97500.0,2026-09-30,2026-09-30,975.0
20260930,000000,72W,33,2026,9,30,0,17.6,151.8,96900.0,2026-09-30,2026-09-30,969.0
20260930,000000,72W,33,2026,9,30,0,18.400000000000002,151.3,96800.0,2026-09-30,2026-09-30,968.0
20260930,000000,72W,33,2026,9,30,0,18.7,150.70000000000002,96100.0,2026-09-30,2026-09-30,961.0
20260930,000000,72W,33,2026,9,30,0,19.2,150.4,95900.0,2026-09-30,2026-09-30,959.0
20260930,000000,72W,33,2026,9,30,0,19.8,150.4,95900.0,2026-09-30,2026-09-30,959.0
20260930,000000,72W,33,2026,9,30,0,20.400000000000002,150.4,96000.0,2026-09-30,2026-09-30,960.0
20260930,000000,72W,33,2026,9,30,0,20.900000000000002,150.70000000000002,96300.0,2026-09-30,2026-09-30,963.0
20260930,000000,72W,33,2026,9,30,0,21.8,151.0,96100.0,2026-09-30,2026-09-30,961.0
20260930,000000,72W,33,2026,9,30,0,22.900000000000002,151.0,96500.0,2026-09-30,2026-09-30,965.0
20260930,000000,72W,33,2026,9,30,0,23.8,151.0,96300.0,2026-09-30,2026-09-30,963.0
20260930,000000,72W,33,2026,9,30,0,24.6,151.0,96300.0,2026-09-30,2026-09-30,963.0
20260930,000000,72W,33,2026,9,30,0,25.7,151.3,96000.0,2026-09-30,2026-09-30,960.0
20260930,000000,72W,33,2026,9,30,0,27.400000000000002,151.3,96200.0,2026-09-30,2026-09-30,962.0
20260930,000000,72W,33,2026,9,30,0,29.1,151.5,96400.0,2026-09-30,2026-09-30,964.0
20260930,000000,72W,33,2026,9,30,0,31.1,152.1,96400.0,2026-09-30,2026-09-30,964.0
20260930,000000,72W,33,2026,9,30,0,33.6,152.70000000000002,96400.0,2026-09-30,2026-09-30,964.0
20260930,000000,72W,33,2026,9,30,0,35.9,154.4,96500.0,2026-09-30,2026-09-30,965.0
20260930,000000,72W,33,2026,9,30,0,39.5,157.20000000000002,97200.0,2026-09-30,2026-09-30,972.0
20260930,000000,72W,33,2026,9,30,0,42.6,160.3,97100.0,2026-09-30,2026-09-30,971.0
20260930,000000,72W,33,2026,9,30,0,44.9,164.20000000000002,96800.0,2026-09-30,2026-09-30,968.0
20260930,000000,72W,33,2026,9,30,0,49.1,169.5,96300.0,2026-09-30,2026-09-30,963.0
20260930,000000,72W,34,2026,9,30,0,13.0,168.4,101000.0,2026-09-30,2026-09-30,1010.0
20260930,000000,72W,34,2026,9,30,0,11.4,167.3,100900.0,2026-09-30,2026-09-30,1009.0
20260930,000000,72W,34,2026,9,30,0,11.4,167.3,101100.0,2026-09-30,2026-09-30,1011.0
20260930,000000,72W,34,2026,9,30,0,12.8,168.1,101000.0,2026-09-30,2026-09-30,1010.0
20260930,000000,72W,34,2026,9,30,0,10.200000000000001,167.3,101000.0,2026-09-30,2026-09-30,1010.0
20260930,000000,72W,34,2026,9,30,0,10.5,167.3,100800.0,2026-09-30,2026-09-30,1008.0
20260930,000000,72W,34,2026,9,30,0,9.700000000000001,169.0,100800.0,2026-09-30,2026-09-30,1008.0
20260930,000000,72W,34,2026,9,30,0,9.700000000000001,167.9,100900.0,2026-09-30,2026-09-30,1009.0
20260930,000000,72W,34,2026,9,30,0,10.0,167.9,100600.0,2026-09-30,2026-09-30,1006.0
20260930,000000,72W,34,2026,9,30,0,9.4,168.1,100600.0,2026-09-30,2026-09-30,1006.0
20260930,000000,72W,34,2026,9,30,0,9.4,169.5,100400.0,2026-09-30,2026-09-30,1004.0
20260930,000000,72W,34,2026,9,30,0,10.0,169.5,100400.0,2026-09-30,2026-09-30,1004.0
20260930,000000,72W,34,2026,9,30,0,11.1,169.8,100400.0,2026-09-30,2026-09-30,1004.0
20260930,000000,72W,34,2026,9,30,0,11.4,167.6,100200.0,2026-09-30,2026-09-30,1002.0
20260930,000000,72W,34,2026,9,30,0,10.5,166.5,100000.0,2026-09-30,2026-09-30,1000.0
20260930,000000,72W,34,2026,9,30,0,10.8,166.20000000000002,99800.0,2026-09-30,2026-09-30,998.0
20260930,000000,72W,34,2026,9,30,0,11.1,165.9,99800.0,2026-09-30,2026-09-30,998.0
20260930,000000,72W,34,2026,9,30,0,11.9,165.3,99500.0,2026-09-30,2026-09-30,995.0
20260930,000000,72W,34,2026,9,30,0,11.9,165.0,99500.0,2026-09-30,2026-09-30,995.0
20260930,000000,72W,34,2026,9,30,0,11.9,164.5,99400.0,2026-09-30,2026-09-30,994.0
20260930,000000,72W,34,2026,9,30,0,12.8,164.5,99600.0,2026-09-30,2026-09-30,996.0
20260930,000000,72W,34,2026,9,30,0,13.0,163.9,99300.0,2026-09-30,2026-09-30,993.0
20260930,000000,72W,34,2026,9,30,0,13.3,163.9,98900.0,2026-09-30,2026-09-30,989.0
20260930,000000,72W,34,2026,9,30,0,13.6,163.4,98300.0,2026-09-30,2026-09-30,983.0
20260930,000000,72W,34,2026,9,30,0,13.9,162.8,97500.0,2026-09-30,2026-09-30,975.0
20260930,000000,72W,34,2026,9,30,0,14.5,162.20000000000002,97000.0,2026-09-30,2026-09-30,970.0
20260930,000000,72W,34,2026,9,30,0,14.700000000000001,162.0,97000.0,2026-09-30,2026-09-30,970.0
20260930,000000,72W,34,2026,9,30,0,15.0,160.8,97200.0,2026-09-30,2026-09-30,972.0
20260930,000000,72W,34,2026,9,30,0,15.3,160.5,96800.0,2026-09-30,2026-09-30,968.0
20260930,000000,72W,34,2026,9,30,0,16.1,159.70000000000002,96700.0,2026-09-30,2026-09-30,967.0
20260930,000000,72W,34,2026,9,30,0,16.7,158.6,96400.0,2026-09-30,2026-09-30,964.0
20260930,000000,72W,34,2026,9,30,0,17.6,157.5,97100.0,2026-09-30,2026-09-30,971.0
20260930,000000,72W,34,2026,9,30,0,18.1,156.6,97000.0,2026-09-30,2026-09-30,970.0
20260930,000000,72W,34,2026,9,30,0,19.2,155.8,97000.0,2026-09-30,2026-09-30,970.0
20260930,000000,72W,34,2026,9,30,0,20.400000000000002,154.6,97200.0,2026-09-30,2026-09-30,972.0
20260930,000000,72W,34,2026,9,30,0,21.5,153.5,97400.0,2026-09-30,2026-09-30,974.0
20260930,000000,72W,34,2026,9,30,0,22.3,152.4,97500.0,2026-09-30,2026-09-30,975.0
20260930,000000,72W,34,2026,9,30,0,23.5,151.8,97200.0,2026-09-30,2026-09-30,972.0
20260930,000000,72W,34,2026,9,30,0,24.900000000000002,150.70000000000002,97400.0,2026-09-30,2026-09-30,974.0
20260930,000000,72W,34,2026,9,30,0,26.0,150.1,97500.0,2026-09-30,2026-09-30,975.0
20260930,000000,72W,34,2026,9,30,0,27.400000000000002,149.6,97400.0,2026-09-30,2026-09-30,974.0
20260930,000000,72W,34,2026,9,30,0,29.400000000000002,149.9,97500.0,2026-09-30,2026-09-30,975.0
20260930,000000,72W,34,2026,9,30,0,31.6,150.1,97600.0,2026-09-30,2026-09-30,976.0
20260930,000000,72W,34,2026,9,30,0,34.5,151.5,97900.0,2026-09-30,2026-09-30,979.0
20260930,000000,72W,34,2026,9,30,0,37.300000000000004,154.1,97900.0,2026-09-30,2026-09-30,979.0
20260930,000000,72W,34,2026,9,30,0,40.4,157.5,98500.0,2026-09-30,2026-09-30,985.0
20260930,000000,72W,34,2026,9,30,0,42.9,161.70000000000002,98300.0,2026-09-30,2026-09-30,983.0
20260930,000000,72W,35,2026,9,30,0,10.5,166.70000000000002,100900.0,2026-09-30,2026-09-30,1009.0
20260930,000000,72W,35,2026,9,30,0,9.700000000000001,167.0,100900.0,2026-09-30,2026-09-30,1009.0
20260930,000000,72W,35,2026,9,30,0,9.4,167.0,101100.0,2026-09-30,2026-09-30,1011.0
20260930,000000,72W,35,2026,9,30,0,9.4,167.0,100800.0,2026-09-30,2026-09-30,1008.0
20260930,000000,72W,35,2026,9,30,0,9.700000000000001,167.3,100900.0,2026-09-30,2026-09-30,1009.0
20260930,000000,72W,35,2026,9,30,0,9.4,165.9,100800.0,2026-09-30,2026-09-30,1008.0
20260930,000000,72W,35,2026,9,30,0,9.1,166.20000000000002,100600.0,2026-09-30,2026-09-30,1006.0
20260930,000000,72W,35,2026,9,30,0,9.4,165.9,100700.0,2026-09-30,2026-09-30,1007.0
20260930,000000,72W,35,2026,9,30,0,10.0,165.3,100500.0,2026-09-30,2026-09-30,1005.0
20260930,000000,72W,35,2026,9,30,0,10.5,165.3,100600.0,2026-09-30,2026-09-30,1006.0
20260930,000000,72W,35,2026,9,30,0,10.8,164.5,100200.0,2026-09-30,2026-09-30,1002.0
20260930,000000,72W,35,2026,9,30,0,11.1,164.20000000000002,100400.0,2026-09-30,2026-09-30,1004.0
20260930,000000,72W,35,2026,9,30,0,11.4,163.9,100300.0,2026-09-30,2026-09-30,1003.0
20260930,000000,72W,35,2026,9,30,0,11.6,163.4,100400.0,2026-09-30,2026-09-30,1004.0
20260930,000000,72W,35,2026,9,30,0,11.8,162.70000000000002,100300.0,2026-09-30,2026-09-30,1003.0
20260930,000000,72W,35,2026,9,30,0,11.9,162.0,100400.0,2026-09-30,2026-09-30,1004.0
20260930,000000,72W,35,2026,9,30,0,11.6,161.9,100000.0,2026-09-30,2026-09-30,1000.0
20260930,000000,72W,35,2026,9,30,0,11.6,160.5,99900.0,2026-09-30,2026-09-30,999.0
20260930,000000,72W,35,2026,9,30,0,11.4,160.5,99400.0,2026-09-30,2026-09-30,994.0
20260930,000000,72W,35,2026,9,30,0,11.6,160.0,99800.0,2026-09-30,2026-09-30,998.0
20260930,000000,72W,35,2026,9,30,0,11.6,160.0,99400.0,2026-09-30,2026-09-30,994.0
20260930,000000,72W,35,2026,9,30,0,12.200000000000001,159.4,99500.0,2026-09-30,2026-09-30,995.0
20260930,000000,72W,35,2026,9,30,0,12.8,158.6,98700.0,2026-09-30,2026-09-30,987.0
20260930,000000,72W,35,2026,9,30,0,12.8,157.70000000000002,98500.0,2026-09-30,2026-09-30,985.0
20260930,000000,72W,35,2026,9,30,0,13.3,157.20000000000002,98400.0,2026-09-30,2026-09-30,984.0
20260930,000000,72W,35,2026,9,30,0,13.6,156.9,98400.0,2026-09-30,2026-09-30,984.0
20260930,000000,72W,35,2026,9,30,0,14.200000000000001,156.0,97400.0,2026-09-30,2026-09-30,974.0
20260930,000000,72W,35,2026,9,30,0,15.0,155.5,97400.0,2026-09-30,2026-09-30,974.0
20260930,000000,72W,35,2026,9,30,0,16.1,154.9,97500.0,2026-09-30,2026-09-30,975.0
20260930,000000,72W,35,2026,9,30,0,16.7,154.1,97500.0,2026-09-30,2026-09-30,975.0
20260930,000000,72W,35,2026,9,30,0,17.3,153.8,97200.0,2026-09-30,2026-09-30,972.0
20260930,000000,72W,35,2026,9,30,0,18.400000000000002,152.70000000000002,97200.0,2026-09-30,2026-09-30,972.0
20260930,000000,72W,35,2026,9,30,0,19.5,152.4,97600.0,2026-09-30,2026-09-30,976.0
20260930,000000,72W,35,2026,9,30,0,20.1,151.5,97500.0,2026-09-30,2026-09-30,975.0
20260930,000000,72W,35,2026,9,30,0,21.2,150.70000000000002,97300.0,2026-09-30,2026-09-30,973.0
20260930,000000,72W,35,2026,9,30,0,22.1,150.4,97300.0,2026-09-30,2026-09-30,973.0
20260930,000000,72W,35,2026,9,30,0,22.900000000000002,149.6,97300.0,2026-09-30,2026-09-30,973.0
20260930,000000,72W,35,2026,9,30,0,23.5,148.70000000000002,97000.0,2026-09-30,2026-09-30,970.0
20260930,000000,72W,35,2026,9,30,0,24.3,147.9,97100.0,2026-09-30,2026-09-30,971.0
20260930,000000,72W,35,2026,9,30,0,25.2,147.0,97100.0,2026-09-30,2026-09-30,971.0
20260930,000000,72W,35,2026,9,30,0,26.0,146.20000000000002,97100.0,2026-09-30,2026-09-30,971.0
20260930,000000,72W,35,2026,9,30,0,28.0,145.6,97000.0,2026-09-30,2026-09-30,970.0
20260930,000000,72W,35,2026,9,30,0,29.400000000000002,145.1,97200.0,2026-09-30,2026-09-30,972.0
20260930,000000,72W,35,2026,9,30,0,32.2,144.8,97600.0,2026-09-30,2026-09-30,976.0
20260930,000000,72W,35,2026,9,30,0,34.5,144.8,97900.0,2026-09-30,2026-09-30,979.0
20260930,000000,72W,35,2026,9,30,0,36.7,145.6,97500.0,2026-09-30,2026-09-30,975.0
20260930,000000,72W,35,2026,9,30,0,39.0,147.3,97400.0,2026-09-30,2026-09-30,974.0
20260930,000000,72W,35,2026,9,30,0,41.800000000000004,150.70000000000002,97800.0,2026-09-30,2026-09-30,978.0
20260930,000000,72W,35,2026,9,30,0,44.0,154.6,97800.0,2026-09-30,2026-09-30,978.0
20260930,000000,72W,35,2026,9,30,0,47.1,159.1,97100.0,2026-09-30,2026-09-30,971.0
20260930,000000,72W,36,2026,9,30,0,13.6,164.20000000000002,101000.0,2026-09-30,2026-09-30,1010.0
20260930,000000,72W,36,2026,9,30,0,12.200000000000001,164.8,100900.0,2026-09-30,2026-09-30,1009.0
20260930,000000,72W,36,2026,9,30,0,12.5,166.20000000000002,100900.0,2026-09-30,2026-09-30,1009.0
20260930,000000,72W,36,2026,9,30,0,11.6,167.6,100900.0,2026-09-30,2026-09-30,1009.0
20260930,000000,72W,36,2026,9,30,0,10.8,167.6,100900.0,2026-09-30,2026-09-30,1009.0
20260930,000000,72W,36,2026,9,30,0,10.5,168.70000000000002,101000.0,2026-09-30,2026-09-30,1010.0
20260930,000000,72W,36,2026,9,30,0,9.4,169.8,100900.0,2026-09-30,2026-09-30,1009.0
20260930,000000,72W,36,2026,9,30,0,10.200000000000001,170.70000000000002,100700.0,2026-09-30,2026-09-30,1007.0
20260930,000000,72W,36,2026,9,30,0,8.0,171.0,100900.0,2026-09-30,2026-09-30,1009.0
20260930,000000,72W,36,2026,9,30,0,8.5,171.0,100800.0,2026-09-30,2026-09-30,1008.0
20260930,000000,72W,36,2026,9,30,0,9.4,173.20000000000002,100700.0,2026-09-30,2026-09-30,1007.0
20260930,000000,72W,36,2026,9,30,0,10.200000000000001,174.0,100800.0,2026-09-30,2026-09-30,1008.0
20260930,000000,72W,36,2026,9,30,0,11.4,174.0,101000.0,2026-09-30,2026-09-30,1010.0
20260930,000000,72W,36,2026,9,30,0,11.4,174.6,100900.0,2026-09-30,2026-09-30,1009.0
20260930,000000,72W,36,2026,9,30,0,12.5,172.6,101000.0,2026-09-30,2026-09-30,1010.0
20260930,000000,72W,37,2026,9,30,0,14.200000000000001,162.0,100900.0,2026-09-30,2026-09-30,1009.0
20260930,000000,72W,37,2026,9,30,0,14.700000000000001,163.1,101100.0,2026-09-30,2026-09-30,1011.0
20260930,000000,72W,37,2026,9,30,0,14.200000000000001,163.1,100900.0,2026-09-30,2026-09-30,1009.0
20260930,000000,72W,37,2026,9,30,0,13.9,163.4,101000.0,2026-09-30,2026-09-30,1010.0
20260930,000000,72W,37,2026,9,30,0,12.8,163.6,100800.0,2026-09-30,2026-09-30,1008.0
20260930,000000,72W,37,2026,9,30,0,12.200000000000001,163.6,101000.0,2026-09-30,2026-09-30,1010.0
20260930,000000,72W,37,2026,9,30,0,10.8,164.20000000000002,100800.0,2026-09-30,2026-09-30,1008.0
20260930,000000,72W,37,2026,9,30,0,10.5,164.5,100900.0,2026-09-30,2026-09-30,1009.0
20260930,000000,72W,37,2026,9,30,0,9.700000000000001,164.5,100500.0,2026-09-30,2026-09-30,1005.0
20260930,000000,72W,37,2026,9,30,0,9.4,164.8,100700.0,2026-09-30,2026-09-30,1007.0
20260930,000000,72W,37,2026,9,30,0,8.8,165.0,100400.0,2026-09-30,2026-09-30,1004.0
20260930,000000,72W,37,2026,9,30,0,8.5,165.9,100400.0,2026-09-30,2026-09-30,1004.0
20260930,000000,72W,37,2026,9,30,0,8.8,166.5,100300.0,2026-09-30,2026-09-30,1003.0
20260930,000000,72W,37,2026,9,30,0,9.1,166.70000000000002,100400.0,2026-09-30,2026-09-30,1004.0
20260930,000000,72W,37,2026,9,30,0,10.0,166.70000000000002,99900.0,2026-09-30,2026-09-30,999.0
20260930,000000,72W,37,2026,9,30,0,10.200000000000001,167.3,100000.0,2026-09-30,2026-09-30,1000.0
20260930,000000,72W,37,2026,9,30,0,11.4,167.3,99700.0,2026-09-30,2026-09-30,997.0
20260930,000000,72W,37,2026,9,30,0,11.9,166.20000000000002,99900.0,2026-09-30,2026-09-30,999.0
20260930,000000,72W,37,2026,9,30,0,12.200000000000001,166.20000000000002,99900.0,2026-09-30,2026-09-30,999.0
20260930,000000,72W,37,2026,9,30,0,13.6,165.3,100000.0,2026-09-30,2026-09-30,1000.0
20260930,000000,72W,37,2026,9,30,0,13.6,164.5,99600.0,2026-09-30,2026-09-30,996.0
20260930,000000,72W,37,2026,9,30,0,14.5,164.20000000000002,100000.0,2026-09-30,2026-09-30,1000.0
20260930,000000,72W,37,2026,9,30,0,14.700000000000001,163.1,99400.0,2026-09-30,2026-09-30,994.0
20260930,000000,72W,37,2026,9,30,0,15.3,162.8,99800.0,2026-09-30,2026-09-30,998.0
20260930,000000,72W,37,2026,9,30,0,15.6,161.70000000000002,99500.0,2026-09-30,2026-09-30,995.0
20260930,000000,72W,37,2026,9,30,0,16.1,160.8,99800.0,2026-09-30,2026-09-30,998.0
20260930,000000,72W,37,2026,9,30,0,17.0,160.0,99300.0,2026-09-30,2026-09-30,993.0
20260930,000000,72W,37,2026,9,30,0,17.6,159.1,98700.0,2026-09-30,2026-09-30,987.0
20260930,000000,72W,37,2026,9,30,0,18.1,158.3,98100.0,2026-09-30,2026-09-30,981.0
20260930,000000,72W,37,2026,9,30,0,19.0,157.5,97900.0,2026-09-30,2026-09-30,979.0
20260930,000000,72W,37,2026,9,30,0,19.8,156.3,97600.0,2026-09-30,2026-09-30,976.0
20260930,000000,72W,37,2026,9,30,0,20.7,154.9,97700.0,2026-09-30,2026-09-30,977.0
20260930,000000,72W,37,2026,9,30,0,21.5,153.8,97400.0,2026-09-30,2026-09-30,974.0
20260930,000000,72W,37,2026,9,30,0,22.3,152.4,97600.0,2026-09-30,2026-09-30,976.0
20260930,000000,72W,37,2026,9,30,0,23.2,151.5,97500.0,2026-09-30,2026-09-30,975.0
20260930,000000,72W,37,2026,9,30,0,24.0,150.4,97500.0,2026-09-30,2026-09-30,975.0
20260930,000000,72W,37,2026,9,30,0,24.900000000000002,149.6,97200.0,2026-09-30,2026-09-30,972.0
20260930,000000,72W,37,2026,9,30,0,26.0,148.70000000000002,97100.0,2026-09-30,2026-09-30,971.0
20260930,000000,72W,37,2026,9,30,0,27.1,148.5,97000.0,2026-09-30,2026-09-30,970.0
20260930,000000,72W,37,2026,9,30,0,28.3,148.20000000000002,97200.0,2026-09-30,2026-09-30,972.0
20260930,000000,72W,37,2026,9,30,0,30.0,148.70000000000002,97000.0,2026-09-30,2026-09-30,970.0
20260930,000000,72W,37,2026,9,30,0,31.400000000000002,149.3,96900.0,2026-09-30,2026-09-30,969.0
20260930,000000,72W,37,2026,9,30,0,33.6,150.4,97400.0,2026-09-30,2026-09-30,974.0
20260930,000000,72W,37,2026,9,30,0,35.9,152.1,97400.0,2026-09-30,2026-09-30,974.0
20260930,000000,72W,37,2026,9,30,0,38.9,154.9,97800.0,2026-09-30,2026-09-30,978.0
20260930,000000,72W,37,2026,9,30,0,41.2,159.5,98300.0,2026-09-30,2026-09-30,983.0
20260930,000000,72W,37,2026,9,30,0,43.2,164.8,98600.0,2026-09-30,2026-09-30,986.0
20260930,000000,72W,37,2026,9,30,0,45.2,172.6,99200.0,2026-09-30,2026-09-30,992.0
20260930,000000,72W,38,2026,9,30,0,12.5,164.20000000000002,101000.0,2026-09-30,2026-09-30,1010.0
20260930,000000,72W,38,2026,9,30,0,10.8,165.3,101100.0,2026-09-30,2026-09-30,1011.0
20260930,000000,72W,38,2026,9,30,0,11.1,165.6,100900.0,2026-09-30,2026-09-30,1009.0
20260930,000000,72W,38,2026,9,30,0,9.4,166.5,101100.0,2026-09-30,2026-09-30,1011.0
20260930,000000,72W,38,2026,9,30,0,10.8,167.9,100900.0,2026-09-30,2026-09-30,1009.0
20260930,000000,72W,38,2026,9,30,0,9.4,168.70000000000002,101000.0,2026-09-30,2026-09-30,1010.0
20260930,000000,72W,38,2026,9,30,0,10.200000000000001,167.9,101000.0,2026-09-30,2026-09-30,1010.0
20260930,000000,72W,38,2026,9,30,0,10.0,167.6,100900.0,2026-09-30,2026-09-30,1009.0
20260930,000000,72W,38,2026,9,30,0,10.200000000000001,167.0,100800.0,2026-09-30,2026-09-30,1008.0
20260930,000000,72W,38,2026,9,30,0,10.5,166.6,100900.0,2026-09-30,2026-09-30,1009.0
20260930,000000,72W,38,2026,9,30,0,9.1,165.3,100800.0,2026-09-30,2026-09-30,1008.0
20260930,000000,72W,38,2026,9,30,0,10.0,164.20000000000002,100800.0,2026-09-30,2026-09-30,1008.0
20260930,000000,72W,38,2026,9,30,0,9.700000000000001,163.9,100600.0,2026-09-30,2026-09-30,1006.0
20260930,000000,72W,38,2026,9,30,0,9.700000000000001,163.4,100700.0,2026-09-30,2026-09-30,1007.0
20260930,000000,72W,38,2026,9,30,0,9.700000000000001,162.8,100500.0,2026-09-30,2026-09-30,1005.0
20260930,000000,72W,38,2026,9,30,0,9.700000000000001,163.6,100700.0,2026-09-30,2026-09-30,1007.0
20260930,000000,72W,38,2026,9,30,0,10.6,163.9,100500.0,2026-09-30,2026-09-30,1005.0
20260930,000000,72W,38,2026,9,30,0,11.8,163.70000000000002,100600.0,2026-09-30,2026-09-30,1006.0
20260930,000000,72W,38,2026,9,30,0,12.5,162.8,100300.0,2026-09-30,2026-09-30,1003.0
20260930,000000,72W,38,2026,9,30,0,12.8,162.5,100400.0,2026-09-30,2026-09-30,1004.0
20260930,000000,72W,38,2026,9,30,0,13.6,162.8,99900.0,2026-09-30,2026-09-30,999.0
20260930,000000,72W,38,2026,9,30,0,14.5,162.8,100100.0,2026-09-30,2026-09-30,1001.0
20260930,000000,72W,38,2026,9,30,0,15.0,162.20000000000002,100000.0,2026-09-30,2026-09-30,1000.0
20260930,000000,72W,38,2026,9,30,0,15.3,162.0,100000.0,2026-09-30,2026-09-30,1000.0
20260930,000000,72W,38,2026,9,30,0,15.6,161.70000000000002,99800.0,2026-09-30,2026-09-30,998.0
20260930,000000,72W,38,2026,9,30,0,16.1,161.4,99800.0,2026-09-30,2026-09-30,998.0
20260930,000000,72W,38,2026,9,30,0,16.1,160.8,99200.0,2026-09-30,2026-09-30,992.0
20260930,000000,72W,38,2026,9,30,0,17.0,160.5,99000.0,2026-09-30,2026-09-30,990.0
20260930,000000,72W,38,2026,9,30,0,17.3,160.0,98800.0,2026-09-30,2026-09-30,988.0
20260930,000000,72W,38,2026,9,30,0,17.3,159.70000000000002,98300.0,2026-09-30,2026-09-30,983.0
20260930,000000,72W,38,2026,9,30,0,17.6,159.1,97600.0,2026-09-30,2026-09-30,976.0
20260930,000000,72W,38,2026,9,30,0,17.6,158.6,97900.0,2026-09-30,2026-09-30,979.0
20260930,000000,72W,38,2026,9,30,0,17.6,158.6,97600.0,2026-09-30,2026-09-30,976.0
20260930,000000,72W,38,2026,9,30,0,17.8,158.3,97800.0,2026-09-30,2026-09-30,978.0
20260930,000000,72W,38,2026,9,30,0,18.1,158.9,97400.0,2026-09-30,2026-09-30,974.0
20260930,000000,72W,38,2026,9,30,0,19.0,158.9,97600.0,2026-09-30,2026-09-30,976.0
20260930,000000,72W,38,2026,9,30,0,19.2,158.6,97100.0,2026-09-30,2026-09-30,971.0
20260930,000000,72W,38,2026,9,30,0,19.5,158.6,97100.0,2026-09-30,2026-09-30,971.0
20260930,000000,72W,38,2026,9,30,0,19.8,158.3,96400.0,2026-09-30,2026-09-30,964.0
20260930,000000,72W,38,2026,9,30,0,20.7,157.70000000000002,96200.0,2026-09-30,2026-09-30,962.0
20260930,000000,72W,38,2026,9,30,0,20.900000000000002,157.70000000000002,96100.0,2026-09-30,2026-09-30,961.0
20260930,000000,72W,38,2026,9,30,0,21.5,157.70000000000002,96100.0,2026-09-30,2026-09-30,961.0
20260930,000000,72W,38,2026,9,30,0,22.3,157.70000000000002,95500.0,2026-09-30,2026-09-30,955.0
20260930,000000,72W,38,2026,9,30,0,22.900000000000002,157.5,95400.0,2026-09-30,2026-09-30,954.0
20260930,000000,72W,38,2026,9,30,0,24.0,157.5,95800.0,2026-09-30,2026-09-30,958.0
20260930,000000,72W,38,2026,9,30,0,25.2,157.5,96300.0,2026-09-30,2026-09-30,963.0
20260930,000000,72W,38,2026,9,30,0,26.3,157.70000000000002,96100.0,2026-09-30,2026-09-30,961.0
20260930,000000,72W,38,2026,9,30,0,27.400000000000002,157.5,96200.0,2026-09-30,2026-09-30,962.0
20260930,000000,72W,38,2026,9,30,0,28.8,157.70000000000002,96200.0,2026-09-30,2026-09-30,962.0
20260930,000000,72W,38,2026,9,30,0,30.2,158.0,96600.0,2026-09-30,2026-09-30,966.0
20260930,000000,72W,38,2026,9,30,0,32.2,159.4,97000.0,2026-09-30,2026-09-30,970.0
20260930,000000,72W,38,2026,9,30,0,33.8,160.9,97200.0,2026-09-30,2026-09-30,972.0
20260930,000000,72W,38,2026,9,30,0,35.9,162.8,97600.0,2026-09-30,2026-09-30,976.0
20260930,000000,72W,38,2026,9,30,0,38.1,165.6,98000.0,2026-09-30,2026-09-30,980.0
20260930,000000,72W,39,2026,9,30,0,7.7,175.5,101000.0,2026-09-30,2026-09-30,1010.0
20260930,000000,72W,39,2026,9,30,0,6.6000000000000005,175.5,101000.0,2026-09-30,2026-09-30,1010.0
20260930,000000,72W,39,2026,9,30,0,7.1000000000000005,176.0,101000.0,2026-09-30,2026-09-30,1010.0
20260930,000000,72W,39,2026,9,30,0,7.7,176.6,100900.0,2026-09-30,2026-09-30,1009.0
20260930,000000,72W,39,2026,9,30,0,9.4,178.3,100900.0,2026-09-30,2026-09-30,1009.0
20260930,000000,72W,40,2026,9,30,0,14.5,163.6,100800.0,2026-09-30,2026-09-30,1008.0
20260930,000000,72W,40,2026,9,30,0,12.6,165.5,100900.0,2026-09-30,2026-09-30,1009.0
20260930,000000,72W,40,2026,9,30,0,11.4,166.20000000000002,101100.0,2026-09-30,2026-09-30,1011.0
20260930,000000,72W,40,2026,9,30,0,10.5,166.70000000000002,100900.0,2026-09-30,2026-09-30,1009.0
20260930,000000,72W,40,2026,9,30,0,10.0,167.3,101000.0,2026-09-30,2026-09-30,1010.0
20260930,000000,72W,40,2026,9,30,0,9.4,168.1,100900.0,2026-09-30,2026-09-30,1009.0
20260930,000000,72W,40,2026,9,30,0,8.3,169.0,100700.0,2026-09-30,2026-09-30,1007.0
20260930,000000,72W,40,2026,9,30,0,8.0,168.4,100800.0,2026-09-30,2026-09-30,1008.0
20260930,000000,72W,40,2026,9,30,0,8.0,168.1,100600.0,2026-09-30,2026-09-30,1006.0
20260930,000000,72W,40,2026,9,30,0,8.3,168.70000000000002,100700.0,2026-09-30,2026-09-30,1007.0
20260930,000000,72W,40,2026,9,30,0,8.0,168.1,100500.0,2026-09-30,2026-09-30,1005.0
20260930,000000,72W,40,2026,9,30,0,8.0,168.70000000000002,100500.0,2026-09-30,2026-09-30,1005.0
20260930,000000,72W,40,2026,9,30,0,8.5,168.1,100400.0,2026-09-30,2026-09-30,1004.0
20260930,000000,72W,40,2026,9,30,0,9.1,168.4,100300.0,2026-09-30,2026-09-30,1003.0
20260930,000000,72W,40,2026,9,30,0,9.4,168.1,99900.0,2026-09-30,2026-09-30,999.0
20260930,000000,72W,40,2026,9,30,0,9.700000000000001,167.6,99800.0,2026-09-30,2026-09-30,998.0
20260930,000000,72W,40,2026,9,30,0,10.0,167.3,99200.0,2026-09-30,2026-09-30,992.0
20260930,000000,72W,40,2026,9,30,0,10.5,167.3,99000.0,2026-09-30,2026-09-30,990.0
20260930,000000,72W,40,2026,9,30,0,11.4,167.0,98500.0,2026-09-30,2026-09-30,985.0
20260930,000000,72W,40,2026,9,30,0,12.200000000000001,166.5,98600.0,2026-09-30,2026-09-30,986.0
20260930,000000,72W,40,2026,9,30,0,13.3,165.6,98100.0,2026-09-30,2026-09-30,981.0
20260930,000000,72W,40,2026,9,30,0,14.200000000000001,165.0,98300.0,2026-09-30,2026-09-30,983.0
20260930,000000,72W,40,2026,9,30,0,14.5,163.9,98700.0,2026-09-30,2026-09-30,987.0
20260930,000000,72W,40,2026,9,30,0,14.700000000000001,163.1,98500.0,2026-09-30,2026-09-30,985.0
20260930,000000,72W,40,2026,9,30,0,15.0,162.20000000000002,97700.0,2026-09-30,2026-09-30,977.0
20260930,000000,72W,40,2026,9,30,0,15.3,161.1,97700.0,2026-09-30,2026-09-30,977.0
20260930,000000,72W,40,2026,9,30,0,15.9,160.3,98300.0,2026-09-30,2026-09-30,983.0
20260930,000000,72W,40,2026,9,30,0,16.1,159.4,98000.0,2026-09-30,2026-09-30,980.0
20260930,000000,72W,40,2026,9,30,0,16.7,158.6,97700.0,2026-09-30,2026-09-30,977.0
20260930,000000,72W,40,2026,9,30,0,17.0,157.5,97900.0,2026-09-30,2026-09-30,979.0
20260930,000000,72W,40,2026,9,30,0,17.6,156.3,97900.0,2026-09-30,2026-09-30,979.0
20260930,000000,72W,40,2026,9,30,0,18.1,155.20000000000002,97700.0,2026-09-30,2026-09-30,977.0
20260930,000000,72W,40,2026,9,30,0,19.2,154.6,97300.0,2026-09-30,2026-09-30,973.0
20260930,000000,72W,40,2026,9,30,0,20.400000000000002,153.8,97300.0,2026-09-30,2026-09-30,973.0
20260930,000000,72W,40,2026,9,30,0,21.2,153.20000000000002,97100.0,2026-09-30,2026-09-30,971.0
20260930,000000,72W,40,2026,9,30,0,22.3,152.70000000000002,97100.0,2026-09-30,2026-09-30,971.0
20260930,000000,72W,40,2026,9,30,0,23.5,152.4,97100.0,2026-09-30,2026-09-30,971.0
20260930,000000,72W,40,2026,9,30,0,24.6,152.4,96600.0,2026-09-30,2026-09-30,966.0
20260930,000000,72W,40,2026,9,30,0,26.0,152.4,96800.0,2026-09-30,2026-09-30,968.0
20260930,000000,72W,40,2026,9,30,0,27.400000000000002,152.4,96900.0,2026-09-30,2026-09-30,969.0
20260930,000000,72W,40,2026,9,30,0,28.8,152.4,97200.0,2026-09-30,2026-09-30,972.0
20260930,000000,72W,40,2026,9,30,0,30.900000000000002,152.3,97200.0,2026-09-30,2026-09-30,972.0
20260930,000000,72W,40,2026,9,30,0,33.0,152.4,97600.0,2026-09-30,2026-09-30,976.0
20260930,000000,72W,40,2026,9,30,0,35.6,153.20000000000002,97600.0,2026-09-30,2026-09-30,976.0
20260930,000000,72W,40,2026,9,30,0,37.300000000000004,154.6,97500.0,2026-09-30,2026-09-30,975.0
20260930,000000,72W,40,2026,9,30,0,39.5,156.9,97800.0,2026-09-30,2026-09-30,978.0
20260930,000000,72W,40,2026,9,30,0,41.1,160.20000000000002,97600.0,2026-09-30,2026-09-30,976.0
20260930,000000,72W,40,2026,9,30,0,42.300000000000004,164.20000000000002,97900.0,2026-09-30,2026-09-30,979.0
20260930,000000,72W,40,2026,9,30,0,43.6,169.20000000000002,98400.0,2026-09-30,2026-09-30,984.0
20260930,000000,72W,40,2026,9,30,0,44.0,174.0,98700.0,2026-09-30,2026-09-30,987.0
20260930,000000,72W,41,2026,9,30,0,8.5,165.0,100900.0,2026-09-30,2026-09-30,1009.0
20260930,000000,72W,41,2026,9,30,0,5.7,166.20000000000002,100800.0,2026-09-30,2026-09-30,1008.0
20260930,000000,72W,41,2026,9,30,0,5.2,166.5,100800.0,2026-09-30,2026-09-30,1008.0
20260930,000000,72W,41,2026,9,30,0,6.6000000000000005,168.70000000000002,100800.0,2026-09-30,2026-09-30,1008.0
20260930,000000,72W,41,2026,9,30,0,8.3,168.70000000000002,101000.0,2026-09-30,2026-09-30,1010.0
20260930,000000,72W,41,2026,9,30,0,10.5,167.9,100900.0,2026-09-30,2026-09-30,1009.0
20260930,000000,72W,41,2026,9,30,0,10.0,167.0,101000.0,2026-09-30,2026-09-30,1010.0
20260930,000000,72W,41,2026,9,30,0,10.8,165.6,100900.0,2026-09-30,2026-09-30,1009.0
20260930,000000,72W,41,2026,9,30,0,11.1,164.8,100700.0,2026-09-30,2026-09-30,1007.0
20260930,000000,72W,41,2026,9,30,0,11.9,164.20000000000002,100800.0,2026-09-30,2026-09-30,1008.0
20260930,000000,72W,41,2026,9,30,0,12.5,163.4,100600.0,2026-09-30,2026-09-30,1006.0
20260930,000000,72W,41,2026,9,30,0,13.3,162.20000000000002,100800.0,2026-09-30,2026-09-30,1008.0
20260930,000000,72W,41,2026,9,30,0,14.200000000000001,161.4,100600.0,2026-09-30,2026-09-30,1006.0
20260930,000000,72W,41,2026,9,30,0,15.0,159.1,100600.0,2026-09-30,2026-09-30,1006.0
20260930,000000,72W,41,2026,9,30,0,15.9,159.4,100900.0,2026-09-30,2026-09-30,1009.0
20260930,000000,72W,41,2026,9,30,0,16.4,157.70000000000002,100600.0,2026-09-30,2026-09-30,1006.0
20260930,000000,72W,41,2026,9,30,0,17.0,156.0,100800.0,2026-09-30,2026-09-30,1008.0
20260930,000000,72W,41,2026,9,30,0,16.7,156.0,100600.0,2026-09-30,2026-09-30,1006.0
20260930,000000,72W,41,2026,9,30,0,17.3,155.5,100800.0,2026-09-30,2026-09-30,1008.0
20260930,000000,72W,41,2026,9,30,0,16.7,154.6,100500.0,2026-09-30,2026-09-30,1005.0
20260930,000000,72W,41,2026,9,30,0,16.7,154.1,100600.0,2026-09-30,2026-09-30,1006.0
20260930,000000,72W,41,2026,9,30,0,17.0,154.1,100200.0,2026-09-30,2026-09-30,1002.0
20260930,000000,72W,41,2026,9,30,0,17.0,153.8,100200.0,2026-09-30,2026-09-30,1002.0
20260930,000000,72W,41,2026,9,30,0,17.3,153.20000000000002,99900.0,2026-09-30,2026-09-30,999.0
20260930,000000,72W,41,2026,9,30,0,17.3,153.20000000000002,99600.0,2026-09-30,2026-09-30,996.0
20260930,000000,72W,41,2026,9,30,0,17.6,152.70000000000002,99400.0,2026-09-30,2026-09-30,994.0
20260930,000000,72W,41,2026,9,30,0,17.6,152.4,99200.0,2026-09-30,2026-09-30,992.0
20260930,000000,72W,41,2026,9,30,0,17.6,152.1,98000.0,2026-09-30,2026-09-30,980.0
20260930,000000,72W,41,2026,9,30,0,17.6,152.1,98700.0,2026-09-30,2026-09-30,987.0
20260930,000000,72W,41,2026,9,30,0,17.8,151.5,98000.0,2026-09-30,2026-09-30,980.0
20260930,000000,72W,41,2026,9,30,0,18.1,151.5,97500.0,2026-09-30,2026-09-30,975.0
20260930,000000,72W,41,2026,9,30,0,18.7,151.3,97600.0,2026-09-30,2026-09-30,976.0
20260930,000000,72W,41,2026,9,30,0,19.2,150.4,97800.0,2026-09-30,2026-09-30,978.0
20260930,000000,72W,41,2026,9,30,0,19.8,149.6,98000.0,2026-09-30,2026-09-30,980.0
20260930,000000,72W,41,2026,9,30,0,20.900000000000002,149.0,98000.0,2026-09-30,2026-09-30,980.0
20260930,000000,72W,41,2026,9,30,0,21.8,148.20000000000002,98200.0,2026-09-30,2026-09-30,982.0
20260930,000000,72W,41,2026,9,30,0,22.900000000000002,147.9,98000.0,2026-09-30,2026-09-30,980.0
20260930,000000,72W,41,2026,9,30,0,24.0,147.9,97900.0,2026-09-30,2026-09-30,979.0
20260930,000000,72W,41,2026,9,30,0,25.400000000000002,147.9,97600.0,2026-09-30,2026-09-30,976.0
20260930,000000,72W,41,2026,9,30,0,26.6,147.6,97700.0,2026-09-30,2026-09-30,977.0
20260930,000000,72W,41,2026,9,30,0,28.0,147.3,97700.0,2026-09-30,2026-09-30,977.0
20260930,000000,72W,42,2026,9,30,0,11.6,164.20000000000002,100900.0,2026-09-30,2026-09-30,1009.0
20260930,000000,72W,42,2026,9,30,0,12.8,164.5,101100.0,2026-09-30,2026-09-30,1011.0
20260930,000000,72W,42,2026,9,30,0,11.9,166.5,101000.0,2026-09-30,2026-09-30,1010.0
20260930,000000,72W,42,2026,9,30,0,10.0,165.3,100900.0,2026-09-30,2026-09-30,1009.0
20260930,000000,72W,42,2026,9,30,0,9.700000000000001,167.0,101000.0,2026-09-30,2026-09-30,1010.0
20260930,000000,72W,42,2026,9,30,0,9.4,169.3,100700.0,2026-09-30,2026-09-30,1007.0
20260930,000000,72W,42,2026,9,30,0,9.700000000000001,167.0,100600.0,2026-09-30,2026-09-30,1006.0
20260930,000000,72W,42,2026,9,30,0,10.0,166.20000000000002,100800.0,2026-09-30,2026-09-30,1008.0
20260930,000000,72W,42,2026,9,30,0,11.4,166.70000000000002,100500.0,2026-09-30,2026-09-30,1005.0
20260930,000000,72W,42,2026,9,30,0,11.4,167.0,100700.0,2026-09-30,2026-09-30,1007.0
20260930,000000,72W,42,2026,9,30,0,13.9,166.20000000000002,100500.0,2026-09-30,2026-09-30,1005.0
20260930,000000,72W,42,2026,9,30,0,13.6,166.70000000000002,100700.0,2026-09-30,2026-09-30,1007.0
20260930,000000,72W,42,2026,9,30,0,15.9,165.3,100600.0,2026-09-30,2026-09-30,1006.0
20260930,000000,72W,42,2026,9,30,0,15.3,164.5,100700.0,2026-09-30,2026-09-30,1007.0
20260930,000000,72W,42,2026,9,30,0,15.3,164.8,100400.0,2026-09-30,2026-09-30,1004.0
20260930,000000,72W,42,2026,9,30,0,15.6,164.20000000000002,100500.0,2026-09-30,2026-09-30,1005.0
20260930,000000,72W,42,2026,9,30,0,15.6,161.4,100300.0,2026-09-30,2026-09-30,1003.0
20260930,000000,72W,42,2026,9,30,0,15.6,161.1,100500.0,2026-09-30,2026-09-30,1005.0
20260930,000000,72W,42,2026,9,30,0,15.1,160.20000000000002,100200.0,2026-09-30,2026-09-30,1002.0
20260930,000000,72W,42,2026,9,30,0,14.9,159.8,100400.0,2026-09-30,2026-09-30,1004.0
20260930,000000,72W,42,2026,9,30,0,14.3,159.70000000000002,100100.0,2026-09-30,2026-09-30,1001.0
20260930,000000,72W,42,2026,9,30,0,14.4,158.9,100200.0,2026-09-30,2026-09-30,1002.0
20260930,000000,72W,42,2026,9,30,0,15.6,156.0,100000.0,2026-09-30,2026-09-30,1000.0
20260930,000000,72W,42,2026,9,30,0,14.700000000000001,154.4,100100.0,2026-09-30,2026-09-30,1001.0
20260930,000000,72W,42,2026,9,30,0,14.5,153.8,99700.0,2026-09-30,2026-09-30,997.0
20260930,000000,72W,42,2026,9,30,0,14.700000000000001,151.5,99800.0,2026-09-30,2026-09-30,998.0
20260930,000000,72W,42,2026,9,30,0,15.5,151.6,99500.0,2026-09-30,2026-09-30,995.0
20260930,000000,72W,42,2026,9,30,0,16.4,150.4,99700.0,2026-09-30,2026-09-30,997.0
20260930,000000,72W,42,2026,9,30,0,17.3,149.0,99400.0,2026-09-30,2026-09-30,994.0
20260930,000000,72W,42,2026,9,30,0,17.3,147.3,99500.0,2026-09-30,2026-09-30,995.0
20260930,000000,72W,42,2026,9,30,0,17.3,145.9,98900.0,2026-09-30,2026-09-30,989.0
20260930,000000,72W,42,2026,9,30,0,17.3,145.1,98900.0,2026-09-30,2026-09-30,989.0
20260930,000000,72W,42,2026,9,30,0,18.400000000000002,144.8,98500.0,2026-09-30,2026-09-30,985.0
20260930,000000,72W,42,2026,9,30,0,18.7,143.9,98500.0,2026-09-30,2026-09-30,985.0
20260930,000000,72W,42,2026,9,30,0,19.8,143.4,98200.0,2026-09-30,2026-09-30,982.0
20260930,000000,72W,42,2026,9,30,0,19.8,143.1,98100.0,2026-09-30,2026-09-30,981.0
20260930,000000,72W,42,2026,9,30,0,20.7,142.8,97700.0,2026-09-30,2026-09-30,977.0
20260930,000000,72W,42,2026,9,30,0,21.2,142.5,97600.0,2026-09-30,2026-09-30,976.0
20260930,000000,72W,42,2026,9,30,0,21.2,142.3,97400.0,2026-09-30,2026-09-30,974.0
20260930,000000,72W,42,2026,9,30,0,21.8,142.5,96900.0,2026-09-30,2026-09-30,969.0
20260930,000000,72W,42,2026,9,30,0,22.1,142.5,96600.0,2026-09-30,2026-09-30,966.0
20260930,000000,72W,42,2026,9,30,0,22.3,142.5,96500.0,2026-09-30,2026-09-30,965.0
20260930,000000,72W,42,2026,9,30,0,22.900000000000002,142.3,95900.0,2026-09-30,2026-09-30,959.0
20260930,000000,72W,42,2026,9,30,0,23.5,142.0,95800.0,2026-09-30,2026-09-30,958.0
20260930,000000,72W,42,2026,9,30,0,23.8,141.70000000000002,95300.0,2026-09-30,2026-09-30,953.0
20260930,000000,72W,42,2026,9,30,0,24.3,141.1,95400.0,2026-09-30,2026-09-30,954.0
20260930,000000,72W,43,2026,9,30,0,9.700000000000001,168.1,100800.0,2026-09-30,2026-09-30,1008.0
20260930,000000,72W,43,2026,9,30,0,9.1,167.3,100600.0,2026-09-30,2026-09-30,1006.0
20260930,000000,72W,43,2026,9,30,0,9.700000000000001,169.0,100500.0,2026-09-30,2026-09-30,1005.0
20260930,000000,72W,43,2026,9,30,0,11.4,168.6,100600.0,2026-09-30,2026-09-30,1006.0
20260930,000000,72W,43,2026,9,30,0,12.200000000000001,165.6,100200.0,2026-09-30,2026-09-30,1002.0
20260930,000000,72W,43,2026,9,30,0,12.8,164.5,100300.0,2026-09-30,2026-09-30,1003.0
20260930,000000,72W,43,2026,9,30,0,12.8,164.8,100200.0,2026-09-30,2026-09-30,1002.0
20260930,000000,72W,43,2026,9,30,0,13.9,164.9,100300.0,2026-09-30,2026-09-30,1003.0
20260930,000000,72W,43,2026,9,30,0,14.9,164.4,100100.0,2026-09-30,2026-09-30,1001.0
20260930,000000,72W,43,2026,9,30,0,15.9,163.4,100100.0,2026-09-30,2026-09-30,1001.0
20260930,000000,72W,43,2026,9,30,0,16.6,162.8,99800.0,2026-09-30,2026-09-30,998.0
20260930,000000,72W,43,2026,9,30,0,18.1,162.8,99900.0,2026-09-30,2026-09-30,999.0
20260930,000000,72W,43,2026,9,30,0,18.5,161.6,99400.0,2026-09-30,2026-09-30,994.0
20260930,000000,72W,43,2026,9,30,0,19.0,161.1,99400.0,2026-09-30,2026-09-30,994.0
20260930,000000,72W,43,2026,9,30,0,19.5,160.0,99100.0,2026-09-30,2026-09-30,991.0
20260930,000000,72W,43,2026,9,30,0,19.8,158.9,98900.0,2026-09-30,2026-09-30,989.0
20260930,000000,72W,43,2026,9,30,0,20.6,158.5,98400.0,2026-09-30,2026-09-30,984.0
20260930,000000,72W,43,2026,9,30,0,21.2,157.5,98500.0,2026-09-30,2026-09-30,985.0
20260930,000000,72W,43,2026,9,30,0,21.5,156.3,98100.0,2026-09-30,2026-09-30,981.0
20260930,000000,72W,43,2026,9,30,0,21.8,155.5,98100.0,2026-09-30,2026-09-30,981.0
20260930,000000,72W,43,2026,9,30,0,22.3,154.6,97400.0,2026-09-30,2026-09-30,974.0
20260930,000000,72W,43,2026,9,30,0,22.6,153.8,97400.0,2026-09-30,2026-09-30,974.0
20260930,000000,72W,43,2026,9,30,0,22.6,153.20000000000002,97200.0,2026-09-30,2026-09-30,972.0
20260930,000000,72W,43,2026,9,30,0,22.3,152.70000000000002,97700.0,2026-09-30,2026-09-30,977.0
20260930,000000,72W,43,2026,9,30,0,22.6,152.4,97000.0,2026-09-30,2026-09-30,970.0
20260930,000000,72W,43,2026,9,30,0,22.900000000000002,152.1,96400.0,2026-09-30,2026-09-30,964.0
20260930,000000,72W,43,2026,9,30,0,23.2,152.1,95900.0,2026-09-30,2026-09-30,959.0
20260930,000000,72W,43,2026,9,30,0,23.5,151.8,96200.0,2026-09-30,2026-09-30,962.0
20260930,000000,72W,43,2026,9,30,0,24.0,152.1,96400.0,2026-09-30,2026-09-30,964.0
20260930,000000,72W,43,2026,9,30,0,24.3,152.4,96600.0,2026-09-30,2026-09-30,966.0
20260930,000000,72W,43,2026,9,30,0,25.400000000000002,153.0,96600.0,2026-09-30,2026-09-30,966.0
20260930,000000,72W,43,2026,9,30,0,26.3,153.5,96900.0,2026-09-30,2026-09-30,969.0
20260930,000000,72W,43,2026,9,30,0,27.400000000000002,153.8,96900.0,2026-09-30,2026-09-30,969.0
20260930,000000,72W,43,2026,9,30,0,29.1,154.6,97200.0,2026-09-30,2026-09-30,972.0
20260930,000000,72W,43,2026,9,30,0,31.1,155.5,97300.0,2026-09-30,2026-09-30,973.0
20260930,000000,72W,43,2026,9,30,0,33.6,156.3,97800.0,2026-09-30,2026-09-30,978.0
20260930,000000,72W,43,2026,9,30,0,36.4,158.0,98100.0,2026-09-30,2026-09-30,981.0
20260930,000000,72W,43,2026,9,30,0,39.800000000000004,160.0,98100.0,2026-09-30,2026-09-30,981.0
20260930,000000,72W,43,2026,9,30,0,43.2,162.9,98300.0,2026-09-30,2026-09-30,983.0
20260930,000000,72W,43,2026,9,30,0,45.7,165.9,98800.0,2026-09-30,2026-09-30,988.0
20260930,000000,72W,44,2026,9,30,0,15.6,161.70000000000002,100800.0,2026-09-30,2026-09-30,1008.0
20260930,000000,72W,44,2026,9,30,0,15.0,158.6,100800.0,2026-09-30,2026-09-30,1008.0
20260930,000000,72W,45,2026,9,30,0,11.1,167.6,101000.0,2026-09-30,2026-09-30,1010.0
20260930,000000,72W,45,2026,9,30,0,9.4,167.6,100800.0,2026-09-30,2026-09-30,1008.0
20260930,000000,72W,45,2026,9,30,0,9.3,169.1,100900.0,2026-09-30,2026-09-30,1009.0
20260930,000000,72W,45,2026,9,30,0,8.8,169.0,100800.0,2026-09-30,2026-09-30,1008.0
20260930,000000,72W,45,2026,9,30,0,8.3,169.3,100800.0,2026-09-30,2026-09-30,1008.0
20260930,000000,72W,45,2026,9,30,0,8.0,169.0,100700.0,2026-09-30,2026-09-30,1007.0
20260930,000000,72W,45,2026,9,30,0,7.1000000000000005,169.8,100800.0,2026-09-30,2026-09-30,1008.0
20260930,000000,72W,45,2026,9,30,0,7.7,168.70000000000002,100500.0,2026-09-30,2026-09-30,1005.0
20260930,000000,72W,45,2026,9,30,0,7.7,169.8,100700.0,2026-09-30,2026-09-30,1007.0
20260930,000000,72W,45,2026,9,30,0,8.0,170.4,100400.0,2026-09-30,2026-09-30,1004.0
20260930,000000,72W,45,2026,9,30,0,8.5,170.1,100500.0,2026-09-30,2026-09-30,1005.0
20260930,000000,72W,45,2026,9,30,0,9.4,170.1,100500.0,2026-09-30,2026-09-30,1005.0
20260930,000000,72W,45,2026,9,30,0,10.200000000000001,169.5,100700.0,2026-09-30,2026-09-30,1007.0
20260930,000000,72W,45,2026,9,30,0,10.8,169.3,100600.0,2026-09-30,2026-09-30,1006.0
20260930,000000,72W,45,2026,9,30,0,11.6,168.70000000000002,100800.0,2026-09-30,2026-09-30,1008.0
20260930,000000,72W,45,2026,9,30,0,12.200000000000001,168.1,100700.0,2026-09-30,2026-09-30,1007.0
20260930,000000,72W,45,2026,9,30,0,12.8,167.9,100800.0,2026-09-30,2026-09-30,1008.0
20260930,000000,72W,45,2026,9,30,0,13.3,167.0,101000.0,2026-09-30,2026-09-30,1010.0
20260930,000000,72W,45,2026,9,30,0,13.4,166.3,100800.0,2026-09-30,2026-09-30,1008.0
20260930,000000,72W,45,2026,9,30,0,14.200000000000001,165.9,100800.0,2026-09-30,2026-09-30,1008.0
20260930,000000,72W,45,2026,9,30,0,13.6,165.9,100700.0,2026-09-30,2026-09-30,1007.0
20260930,000000,72W,45,2026,9,30,0,14.700000000000001,164.20000000000002,100900.0,2026-09-30,2026-09-30,1009.0
20260930,000000,72W,45,2026,9,30,0,15.0,163.9,100600.0,2026-09-30,2026-09-30,1006.0
20260930,000000,72W,45,2026,9,30,0,15.0,163.4,100700.0,2026-09-30,2026-09-30,1007.0
20260930,000000,72W,45,2026,9,30,0,15.9,162.20000000000002,100400.0,2026-09-30,2026-09-30,1004.0
20260930,000000,72W,45,2026,9,30,0,15.9,160.3,100100.0,2026-09-30,2026-09-30,1001.0
20260930,000000,72W,45,2026,9,30,0,16.1,159.1,99800.0,2026-09-30,2026-09-30,998.0
20260930,000000,72W,45,2026,9,30,0,16.1,157.20000000000002,99900.0,2026-09-30,2026-09-30,999.0
20260930,000000,72W,45,2026,9,30,0,16.4,155.8,99400.0,2026-09-30,2026-09-30,994.0
20260930,000000,72W,45,2026,9,30,0,15.9,154.4,99500.0,2026-09-30,2026-09-30,995.0
20260930,000000,72W,45,2026,9,30,0,15.3,153.8,98900.0,2026-09-30,2026-09-30,989.0
20260930,000000,72W,45,2026,9,30,0,15.3,153.0,98800.0,2026-09-30,2026-09-30,988.0
20260930,000000,72W,45,2026,9,30,0,15.3,152.4,99000.0,2026-09-30,2026-09-30,990.0
20260930,000000,72W,45,2026,9,30,0,15.0,152.1,99300.0,2026-09-30,2026-09-30,993.0
20260930,000000,72W,45,2026,9,30,0,14.700000000000001,151.5,98600.0,2026-09-30,2026-09-30,986.0
20260930,000000,72W,45,2026,9,30,0,14.5,151.5,98500.0,2026-09-30,2026-09-30,985.0
20260930,000000,72W,45,2026,9,30,0,14.700000000000001,151.8,97600.0,2026-09-30,2026-09-30,976.0
20260930,000000,72W,45,2026,9,30,0,14.700000000000001,151.5,97700.0,2026-09-30,2026-09-30,977.0
20260930,000000,72W,45,2026,9,30,0,15.3,152.4,97400.0,2026-09-30,2026-09-30,974.0
20260930,000000,72W,45,2026,9,30,0,15.6,152.1,97100.0,2026-09-30,2026-09-30,971.0
20260930,000000,72W,45,2026,9,30,0,16.1,152.1,96900.0,2026-09-30,2026-09-30,969.0
20260930,000000,72W,45,2026,9,30,0,17.0,151.8,96600.0,2026-09-30,2026-09-30,966.0
20260930,000000,72W,45,2026,9,30,0,17.8,151.8,96400.0,2026-09-30,2026-09-30,964.0
20260930,000000,72W,45,2026,9,30,0,19.0,151.3,96500.0,2026-09-30,2026-09-30,965.0
20260930,000000,72W,45,2026,9,30,0,19.5,151.0,96100.0,2026-09-30,2026-09-30,961.0
20260930,000000,72W,45,2026,9,30,0,20.900000000000002,150.4,96300.0,2026-09-30,2026-09-30,963.0
20260930,000000,72W,45,2026,9,30,0,21.8,150.1,96400.0,2026-09-30,2026-09-30,964.0
20260930,000000,72W,45,2026,9,30,0,23.5,150.1,96500.0,2026-09-30,2026-09-30,965.0
20260930,000000,72W,45,2026,9,30,0,24.900000000000002,149.9,96600.0,2026-09-30,2026-09-30,966.0
20260930,000000,72W,45,2026,9,30,0,26.0,150.4,96300.0,2026-09-30,2026-09-30,963.0
20260930,000000,72W,45,2026,9,30,0,28.0,151.3,97000.0,2026-09-30,2026-09-30,970.0
20260930,000000,72W,45,2026,9,30,0,30.5,152.70000000000002,97100.0,2026-09-30,2026-09-30,971.0
20260930,000000,72W,46,2026,9,30,0,9.4,170.1,100900.0,2026-09-30,2026-09-30,1009.0
20260930,000000,72W,46,2026,9,30,0,10.8,170.1,100700.0,2026-09-30,2026-09-30,1007.0
20260930,000000,72W,46,2026,9,30,0,11.1,168.70000000000002,100600.0,2026-09-30,2026-09-30,1006.0
20260930,000000,72W,46,2026,9,30,0,15.0,170.4,100300.0,2026-09-30,2026-09-30,1003.0
20260930,000000,72W,46,2026,9,30,0,15.3,169.5,100100.0,2026-09-30,2026-09-30,1001.0
20260930,000000,72W,46,2026,9,30,0,15.9,169.0,100500.0,2026-09-30,2026-09-30,1005.0
20260930,000000,72W,46,2026,9,30,0,17.0,167.6,100200.0,2026-09-30,2026-09-30,1002.0
20260930,000000,72W,46,2026,9,30,0,17.3,167.0,100200.0,2026-09-30,2026-09-30,1002.0
20260930,000000,72W,46,2026,9,30,0,17.8,165.9,100100.0,2026-09-30,2026-09-30,1001.0
20260930,000000,72W,46,2026,9,30,0,17.8,164.8,100200.0,2026-09-30,2026-09-30,1002.0
20260930,000000,72W,46,2026,9,30,0,18.7,163.9,99900.0,2026-09-30,2026-09-30,999.0
20260930,000000,72W,46,2026,9,30,0,19.2,161.4,99800.0,2026-09-30,2026-09-30,998.0
20260930,000000,72W,46,2026,9,30,0,19.2,160.5,99400.0,2026-09-30,2026-09-30,994.0
20260930,000000,72W,46,2026,9,30,0,19.5,158.6,99500.0,2026-09-30,2026-09-30,995.0
20260930,000000,72W,46,2026,9,30,0,19.2,157.20000000000002,99200.0,2026-09-30,2026-09-30,992.0
20260930,000000,72W,46,2026,9,30,0,19.2,156.3,99000.0,2026-09-30,2026-09-30,990.0
20260930,000000,72W,46,2026,9,30,0,20.1,154.9,98600.0,2026-09-30,2026-09-30,986.0
20260930,000000,72W,46,2026,9,30,0,20.7,153.20000000000002,98400.0,2026-09-30,2026-09-30,984.0
20260930,000000,72W,46,2026,9,30,0,20.900000000000002,151.8,97800.0,2026-09-30,2026-09-30,978.0
20260930,000000,72W,46,2026,9,30,0,21.2,150.4,98100.0,2026-09-30,2026-09-30,981.0
20260930,000000,72W,46,2026,9,30,0,21.8,149.3,97700.0,2026-09-30,2026-09-30,977.0
20260930,000000,72W,46,2026,9,30,0,22.3,148.20000000000002,97300.0,2026-09-30,2026-09-30,973.0
20260930,000000,72W,46,2026,9,30,0,22.900000000000002,147.0,97600.0,2026-09-30,2026-09-30,976.0
20260930,000000,72W,46,2026,9,30,0,23.5,146.20000000000002,97300.0,2026-09-30,2026-09-30,973.0
20260930,000000,72W,46,2026,9,30,0,24.6,145.6,97400.0,2026-09-30,2026-09-30,974.0
20260930,000000,72W,46,2026,9,30,0,24.900000000000002,145.4,97500.0,2026-09-30,2026-09-30,975.0
20260930,000000,72W,46,2026,9,30,0,25.7,144.8,97300.0,2026-09-30,2026-09-30,973.0
20260930,000000,72W,46,2026,9,30,0,26.900000000000002,145.1,97600.0,2026-09-30,2026-09-30,976.0
20260930,000000,72W,46,2026,9,30,0,28.0,144.8,97500.0,2026-09-30,2026-09-30,975.0
20260930,000000,72W,46,2026,9,30,0,29.7,145.9,97500.0,2026-09-30,2026-09-30,975.0
20260930,000000,72W,46,2026,9,30,0,31.6,146.8,97600.0,2026-09-30,2026-09-30,976.0
20260930,000000,72W,46,2026,9,30,0,34.2,148.70000000000002,97700.0,2026-09-30,2026-09-30,977.0
20260930,000000,72W,46,2026,9,30,0,37.300000000000004,150.70000000000002,97500.0,2026-09-30,2026-09-30,975.0
20260930,000000,72W,46,2026,9,30,0,40.7,152.70000000000002,97300.0,2026-09-30,2026-09-30,973.0
20260930,000000,72W,46,2026,9,30,0,42.9,154.1,97500.0,2026-09-30,2026-09-30,975.0
20260930,000000,72W,46,2026,9,30,0,44.6,156.3,97200.0,2026-09-30,2026-09-30,972.0
20260930,000000,72W,46,2026,9,30,0,45.7,160.0,97300.0,2026-09-30,2026-09-30,973.0
20260930,000000,72W,46,2026,9,30,0,46.0,164.8,97800.0,2026-09-30,2026-09-30,978.0
20260930,000000,72W,47,2026,9,30,0,17.8,141.1,101100.0,2026-09-30,2026-09-30,1011.0
20260930,000000,72W,47,2026,9,30,0,17.0,142.0,100800.0,2026-09-30,2026-09-30,1008.0
20260930,000000,72W,47,2026,9,30,0,18.7,140.9,101000.0,2026-09-30,2026-09-30,1010.0
20260930,000000,72W,47,2026,9,30,0,19.0,140.9,100700.0,2026-09-30,2026-09-30,1007.0
20260930,000000,72W,47,2026,9,30,0,19.2,140.0,100800.0,2026-09-30,2026-09-30,1008.0
20260930,000000,72W,47,2026,9,30,0,19.2,138.6,100400.0,2026-09-30,2026-09-30,1004.0
20260930,000000,72W,47,2026,9,30,0,19.0,137.8,100500.0,2026-09-30,2026-09-30,1005.0
20260930,000000,72W,47,2026,9,30,0,18.7,136.6,100300.0,2026-09-30,2026-09-30,1003.0
20260930,000000,72W,47,2026,9,30,0,18.1,136.1,100400.0,2026-09-30,2026-09-30,1004.0
20260930,000000,72W,47,2026,9,30,0,18.1,135.5,100200.0,2026-09-30,2026-09-30,1002.0
20260930,000000,72W,47,2026,9,30,0,17.6,134.4,100400.0,2026-09-30,2026-09-30,1004.0
20260930,000000,72W,47,2026,9,30,0,17.0,134.4,100200.0,2026-09-30,2026-09-30,1002.0
20260930,000000,72W,47,2026,9,30,0,16.1,134.1,100400.0,2026-09-30,2026-09-30,1004.0
20260930,000000,72W,47,2026,9,30,0,15.6,135.8,100100.0,2026-09-30,2026-09-30,1001.0
20260930,000000,72W,47,2026,9,30,0,17.0,137.20000000000002,100400.0,2026-09-30,2026-09-30,1004.0
20260930,000000,72W,47,2026,9,30,0,17.8,136.9,100000.0,2026-09-30,2026-09-30,1000.0
20260930,000000,72W,47,2026,9,30,0,17.8,136.9,100200.0,2026-09-30,2026-09-30,1002.0
20260930,000000,72W,47,2026,9,30,0,19.0,137.20000000000002,99700.0,2026-09-30,2026-09-30,997.0
20260930,000000,72W,47,2026,9,30,0,19.2,137.5,99800.0,2026-09-30,2026-09-30,998.0
20260930,000000,72W,47,2026,9,30,0,20.400000000000002,137.5,99400.0,2026-09-30,2026-09-30,994.0
20260930,000000,72W,47,2026,9,30,0,20.400000000000002,137.5,99700.0,2026-09-30,2026-09-30,997.0
20260930,000000,72W,47,2026,9,30,0,22.1,138.0,99200.0,2026-09-30,2026-09-30,992.0
20260930,000000,72W,47,2026,9,30,0,22.3,138.0,99200.0,2026-09-30,2026-09-30,992.0
20260930,000000,72W,47,2026,9,30,0,23.2,138.6,98800.0,2026-09-30,2026-09-30,988.0
20260930,000000,72W,47,2026,9,30,0,24.0,139.5,98600.0,2026-09-30,2026-09-30,986.0
20260930,000000,72W,47,2026,9,30,0,25.2,139.70000000000002,98400.0,2026-09-30,2026-09-30,984.0
20260930,000000,72W,47,2026,9,30,0,26.3,139.70000000000002,98100.0,2026-09-30,2026-09-30,981.0
20260930,000000,72W,47,2026,9,30,0,26.3,139.5,97700.0,2026-09-30,2026-09-30,977.0
20260930,000000,72W,47,2026,9,30,0,26.6,139.5,98200.0,2026-09-30,2026-09-30,982.0
20260930,000000,72W,47,2026,9,30,0,27.1,139.5,98100.0,2026-09-30,2026-09-30,981.0
20260930,000000,72W,47,2026,9,30,0,27.400000000000002,139.5,98200.0,2026-09-30,2026-09-30,982.0
20260930,000000,72W,47,2026,9,30,0,28.3,139.5,98100.0,2026-09-30,2026-09-30,981.0
20260930,000000,72W,47,2026,9,30,0,29.1,139.5,98200.0,2026-09-30,2026-09-30,982.0
20260930,000000,72W,48,2026,9,30,0,12.200000000000001,166.20000000000002,100900.0,2026-09-30,2026-09-30,1009.0
20260930,000000,72W,48,2026,9,30,0,10.0,166.5,101000.0,2026-09-30,2026-09-30,1010.0
20260930,000000,72W,48,2026,9,30,0,10.5,166.5,100900.0,2026-09-30,2026-09-30,1009.0
20260930,000000,72W,48,2026,9,30,0,9.700000000000001,167.9,101000.0,2026-09-30,2026-09-30,1010.0
20260930,000000,72W,48,2026,9,30,0,9.4,168.70000000000002,100800.0,2026-09-30,2026-09-30,1008.0
20260930,000000,72W,48,2026,9,30,0,9.1,168.4,100900.0,2026-09-30,2026-09-30,1009.0
20260930,000000,72W,48,2026,9,30,0,9.700000000000001,170.1,100700.0,2026-09-30,2026-09-30,1007.0
20260930,000000,72W,48,2026,9,30,0,11.1,169.8,100900.0,2026-09-30,2026-09-30,1009.0
20260930,000000,72W,48,2026,9,30,0,11.1,168.70000000000002,100800.0,2026-09-30,2026-09-30,1008.0
20260930,000000,72W,48,2026,9,30,0,11.4,168.4,100700.0,2026-09-30,2026-09-30,1007.0
20260930,000000,72W,48,2026,9,30,0,12.5,168.1,100900.0,2026-09-30,2026-09-30,1009.0
20260930,000000,72W,48,2026,9,30,0,12.5,167.9,100700.0,2026-09-30,2026-09-30,1007.0
20260930,000000,72W,48,2026,9,30,0,13.0,167.9,100900.0,2026-09-30,2026-09-30,1009.0
20260930,000000,72W,48,2026,9,30,0,13.6,167.3,100700.0,2026-09-30,2026-09-30,1007.0
20260930,000000,72W,48,2026,9,30,0,15.3,166.20000000000002,100700.0,2026-09-30,2026-09-30,1007.0
20260930,000000,72W,48,2026,9,30,0,16.1,165.3,100600.0,2026-09-30,2026-09-30,1006.0
20260930,000000,72W,48,2026,9,30,0,17.3,163.9,100600.0,2026-09-30,2026-09-30,1006.0
20260930,000000,72W,48,2026,9,30,0,17.8,162.20000000000002,100300.0,2026-09-30,2026-09-30,1003.0
20260930,000000,72W,48,2026,9,30,0,18.400000000000002,161.4,100400.0,2026-09-30,2026-09-30,1004.0
20260930,000000,72W,48,2026,9,30,0,19.5,160.0,100000.0,2026-09-30,2026-09-30,1000.0
20260930,000000,72W,48,2026,9,30,0,20.7,158.3,100100.0,2026-09-30,2026-09-30,1001.0
20260930,000000,72W,48,2026,9,30,0,21.2,156.0,99900.0,2026-09-30,2026-09-30,999.0
20260930,000000,72W,48,2026,9,30,0,21.2,154.1,100000.0,2026-09-30,2026-09-30,1000.0
20260930,000000,72W,48,2026,9,30,0,20.900000000000002,153.20000000000002,99800.0,2026-09-30,2026-09-30,998.0
20260930,000000,72W,48,2026,9,30,0,20.400000000000002,152.70000000000002,99900.0,2026-09-30,2026-09-30,999.0
20260930,000000,72W,48,2026,9,30,0,19.8,153.20000000000002,99700.0,2026-09-30,2026-09-30,997.0
20260930,000000,72W,48,2026,9,30,0,19.5,154.4,99700.0,2026-09-30,2026-09-30,997.0
20260930,000000,72W,48,2026,9,30,0,20.7,154.4,99600.0,2026-09-30,2026-09-30,996.0
20260930,000000,72W,48,2026,9,30,0,20.7,154.1,99800.0,2026-09-30,2026-09-30,998.0
20260930,000000,72W,48,2026,9,30,0,20.400000000000002,153.5,99400.0,2026-09-30,2026-09-30,994.0
20260930,000000,72W,48,2026,9,30,0,20.400000000000002,153.8,99500.0,2026-09-30,2026-09-30,995.0
20260930,000000,72W,48,2026,9,30,0,20.900000000000002,153.5,99100.0,2026-09-30,2026-09-30,991.0
20260930,000000,72W,48,2026,9,30,0,20.900000000000002,153.20000000000002,99200.0,2026-09-30,2026-09-30,992.0
20260930,000000,72W,48,2026,9,30,0,21.5,152.1,98900.0,2026-09-30,2026-09-30,989.0
20260930,000000,72W,48,2026,9,30,0,21.8,151.8,98900.0,2026-09-30,2026-09-30,989.0
20260930,000000,72W,48,2026,9,30,0,22.3,151.0,98500.0,2026-09-30,2026-09-30,985.0
20260930,000000,72W,48,2026,9,30,0,22.6,150.4,98600.0,2026-09-30,2026-09-30,986.0
20260930,000000,72W,48,2026,9,30,0,22.900000000000002,150.1,98100.0,2026-09-30,2026-09-30,981.0
20260930,000000,72W,48,2026,9,30,0,24.0,149.6,97800.0,2026-09-30,2026-09-30,978.0
20260930,000000,72W,48,2026,9,30,0,24.900000000000002,149.0,97300.0,2026-09-30,2026-09-30,973.0
20260930,000000,72W,48,2026,9,30,0,25.400000000000002,148.70000000000002,97600.0,2026-09-30,2026-09-30,976.0
20260930,000000,72W,48,2026,9,30,0,26.0,149.0,97200.0,2026-09-30,2026-09-30,972.0
20260930,000000,72W,48,2026,9,30,0,27.1,149.6,97300.0,2026-09-30,2026-09-30,973.0
20260930,000000,72W,48,2026,9,30,0,28.0,150.1,97100.0,2026-09-30,2026-09-30,971.0
20260930,000000,72W,48,2026,9,30,0,28.8,150.4,97400.0,2026-09-30,2026-09-30,974.0
20260930,000000,72W,48,2026,9,30,0,29.400000000000002,151.6,97300.0,2026-09-30,2026-09-30,973.0
20260930,000000,72W,48,2026,9,30,0,31.400000000000002,152.70000000000002,97400.0,2026-09-30,2026-09-30,974.0
20260930,000000,72W,49,2026,9,30,0,11.4,167.3,100800.0,2026-09-30,2026-09-30,1008.0
20260930,000000,72W,49,2026,9,30,0,8.8,167.0,100800.0,2026-09-30,2026-09-30,1008.0
20260930,000000,72W,49,2026,9,30,0,9.1,167.6,100700.0,2026-09-30,2026-09-30,1007.0
20260930,000000,72W,49,2026,9,30,0,10.0,167.6,100800.0,2026-09-30,2026-09-30,1008.0
20260930,000000,72W,49,2026,9,30,0,9.0,166.9,100600.0,2026-09-30,2026-09-30,1006.0
20260930,000000,72W,49,2026,9,30,0,9.0,166.70000000000002,100600.0,2026-09-30,2026-09-30,1006.0
20260930,000000,72W,49,2026,9,30,0,8.8,166.20000000000002,100400.0,2026-09-30,2026-09-30,1004.0
20260930,000000,72W,49,2026,9,30,0,8.8,166.5,100700.0,2026-09-30,2026-09-30,1007.0
20260930,000000,72W,49,2026,9,30,0,8.8,165.9,100500.0,2026-09-30,2026-09-30,1005.0
20260930,000000,72W,49,2026,9,30,0,9.1,166.5,100600.0,2026-09-30,2026-09-30,1006.0
20260930,000000,72W,49,2026,9,30,0,9.4,166.1,100400.0,2026-09-30,2026-09-30,1004.0
20260930,000000,72W,49,2026,9,30,0,9.4,165.3,100400.0,2026-09-30,2026-09-30,1004.0
20260930,000000,72W,49,2026,9,30,0,9.700000000000001,165.0,100000.0,2026-09-30,2026-09-30,1000.0
20260930,000000,72W,49,2026,9,30,0,9.700000000000001,164.8,100000.0,2026-09-30,2026-09-30,1000.0
20260930,000000,72W,49,2026,9,30,0,10.0,165.0,100000.0,2026-09-30,2026-09-30,1000.0
20260930,000000,72W,49,2026,9,30,0,10.200000000000001,164.20000000000002,100100.0,2026-09-30,2026-09-30,1001.0
20260930,000000,72W,49,2026,9,30,0,10.200000000000001,163.6,99600.0,2026-09-30,2026-09-30,996.0
20260930,000000,72W,49,2026,9,30,0,10.5,163.4,99700.0,2026-09-30,2026-09-30,997.0
20260930,000000,72W,49,2026,9,30,0,10.8,163.1,99000.0,2026-09-30,2026-09-30,990.0
20260930,000000,72W,49,2026,9,30,0,11.4,162.5,98900.0,2026-09-30,2026-09-30,989.0
20260930,000000,72W,49,2026,9,30,0,11.6,162.20000000000002,98900.0,2026-09-30,2026-09-30,989.0
20260930,000000,72W,49,2026,9,30,0,12.200000000000001,161.70000000000002,99600.0,2026-09-30,2026-09-30,996.0
20260930,000000,72W,49,2026,9,30,0,12.5,161.1,99500.0,2026-09-30,2026-09-30,995.0
20260930,000000,72W,49,2026,9,30,0,12.5,160.8,99900.0,2026-09-30,2026-09-30,999.0
20260930,000000,72W,49,2026,9,30,0,12.8,160.5,99900.0,2026-09-30,2026-09-30,999.0
20260930,000000,72W,49,2026,9,30,0,13.0,160.0,100300.0,2026-09-30,2026-09-30,1003.0
20260930,000000,72W,49,2026,9,30,0,13.0,159.4,100200.0,2026-09-30,2026-09-30,1002.0
20260930,000000,72W,49,2026,9,30,0,12.5,158.3,100300.0,2026-09-30,2026-09-30,1003.0
20260930,000000,72W,49,2026,9,30,0,12.5,158.0,100300.0,2026-09-30,2026-09-30,1003.0
20260930,000000,72W,49,2026,9,30,0,12.200000000000001,156.6,100300.0,2026-09-30,2026-09-30,1003.0
20260930,000000,72W,49,2026,9,30,0,11.4,153.8,100400.0,2026-09-30,2026-09-30,1004.0
20260930,000000,72W,49,2026,9,30,0,10.200000000000001,153.5,100600.0,2026-09-30,2026-09-30,1006.0
20260930,000000,72W,49,2026,9,30,0,10.200000000000001,153.5,100400.0,2026-09-30,2026-09-30,1004.0
20260930,000000,72W,49,2026,9,30,0,11.1,153.5,100700.0,2026-09-30,2026-09-30,1007.0
20260930,000000,72W,49,2026,9,30,0,11.6,153.0,100300.0,2026-09-30,2026-09-30,1003.0
20260930,000000,72W,49,2026,9,30,0,11.6,153.0,100400.0,2026-09-30,2026-09-30,1004.0
20260930,000000,72W,49,2026,9,30,0,11.9,153.0,100200.0,2026-09-30,2026-09-30,1002.0
20260930,000000,72W,49,2026,9,30,0,12.8,153.0,100200.0,2026-09-30,2026-09-30,1002.0
20260930,000000,72W,49,2026,9,30,0,13.0,153.20000000000002,100000.0,2026-09-30,2026-09-30,1000.0
20260930,000000,72W,49,2026,9,30,0,13.3,152.70000000000002,100000.0,2026-09-30,2026-09-30,1000.0
20260930,000000,72W,49,2026,9,30,0,14.200000000000001,152.4,99800.0,2026-09-30,2026-09-30,998.0
20260930,000000,72W,49,2026,9,30,0,14.700000000000001,151.5,99600.0,2026-09-30,2026-09-30,996.0
20260930,000000,72W,49,2026,9,30,0,15.0,150.70000000000002,99400.0,2026-09-30,2026-09-30,994.0
20260930,000000,72W,49,2026,9,30,0,15.6,149.9,99400.0,2026-09-30,2026-09-30,994.0
20260930,000000,72W,49,2026,9,30,0,16.1,148.70000000000002,98700.0,2026-09-30,2026-09-30,987.0
20260930,000000,72W,49,2026,9,30,0,16.4,147.9,99500.0,2026-09-30,2026-09-30,995.0
20260930,000000,72W,49,2026,9,30,0,16.4,146.8,99800.0,2026-09-30,2026-09-30,998.0
20260930,000000,72W,49,2026,9,30,0,16.7,146.5,100000.0,2026-09-30,2026-09-30,1000.0
20260930,000000,72W,50,2026,9,30,0,13.3,164.20000000000002,101100.0,2026-09-30,2026-09-30,1011.0
20260930,000000,72W,50,2026,9,30,0,12.200000000000001,164.20000000000002,100900.0,2026-09-30,2026-09-30,1009.0
20260930,000000,72W,50,2026,9,30,0,12.200000000000001,165.9,101000.0,2026-09-30,2026-09-30,1010.0
20260930,000000,72W,50,2026,9,30,0,11.4,163.9,101100.0,2026-09-30,2026-09-30,1011.0
20260930,000000,72W,50,2026,9,30,0,11.4,165.0,100900.0,2026-09-30,2026-09-30,1009.0
20260930,000000,72W,50,2026,9,30,0,11.6,165.6,101000.0,2026-09-30,2026-09-30,1010.0
20260930,000000,72W,50,2026,9,30,0,11.4,164.8,100800.0,2026-09-30,2026-09-30,1008.0
20260930,000000,72W,50,2026,9,30,0,10.200000000000001,165.0,101000.0,2026-09-30,2026-09-30,1010.0
20260930,000000,72W,50,2026,9,30,0,9.700000000000001,164.5,100800.0,2026-09-30,2026-09-30,1008.0
20260930,000000,72W,50,2026,9,30,0,8.3,166.5,100900.0,2026-09-30,2026-09-30,1009.0
20260930,000000,72W,50,2026,9,30,0,9.700000000000001,166.20000000000002,100700.0,2026-09-30,2026-09-30,1007.0
20260930,000000,72W,50,2026,9,30,0,10.200000000000001,166.70000000000002,100500.0,2026-09-30,2026-09-30,1005.0
20260930,000000,72W,50,2026,9,30,0,9.4,166.70000000000002,100500.0,2026-09-30,2026-09-30,1005.0
20260930,000000,72W,50,2026,9,30,0,11.4,165.6,100300.0,2026-09-30,2026-09-30,1003.0
20260930,000000,72W,50,2026,9,30,0,10.8,165.6,100200.0,2026-09-30,2026-09-30,1002.0
20260930,000000,72W,50,2026,9,30,0,11.1,164.8,99700.0,2026-09-30,2026-09-30,997.0
20260930,000000,72W,50,2026,9,30,0,10.8,164.8,99600.0,2026-09-30,2026-09-30,996.0
20260930,000000,72W,50,2026,9,30,0,10.8,164.5,99000.0,2026-09-30,2026-09-30,990.0
20260930,000000,72W,50,2026,9,30,0,10.8,164.5,98900.0,2026-09-30,2026-09-30,989.0
20260930,000000,72W,50,2026,9,30,0,11.4,164.5,98300.0,2026-09-30,2026-09-30,983.0
20260930,000000,72W,50,2026,9,30,0,11.6,163.9,98100.0,2026-09-30,2026-09-30,981.0
20260930,000000,72W,50,2026,9,30,0,12.200000000000001,163.6,98100.0,2026-09-30,2026-09-30,981.0
20260930,000000,72W,50,2026,9,30,0,12.8,162.5,97900.0,2026-09-30,2026-09-30,979.0
20260930,000000,72W,50,2026,9,30,0,13.3,162.0,97700.0,2026-09-30,2026-09-30,977.0
20260930,000000,72W,50,2026,9,30,0,13.6,161.1,98500.0,2026-09-30,2026-09-30,985.0
20260930,000000,72W,50,2026,9,30,0,14.200000000000001,160.8,98400.0,2026-09-30,2026-09-30,984.0
20260930,000000,72W,50,2026,9,30,0,15.0,160.3,98400.0,2026-09-30,2026-09-30,984.0
20260930,000000,72W,50,2026,9,30,0,15.9,159.4,98100.0,2026-09-30,2026-09-30,981.0
20260930,000000,72W,50,2026,9,30,0,16.4,158.3,98600.0,2026-09-30,2026-09-30,986.0
20260930,000000,72W,50,2026,9,30,0,17.3,157.20000000000002,98500.0,2026-09-30,2026-09-30,985.0
20260930,000000,72W,50,2026,9,30,0,17.6,156.3,98500.0,2026-09-30,2026-09-30,985.0
20260930,000000,72W,50,2026,9,30,0,17.8,155.20000000000002,97700.0,2026-09-30,2026-09-30,977.0
20260930,000000,72W,50,2026,9,30,0,18.1,154.4,97800.0,2026-09-30,2026-09-30,978.0
20260930,000000,72W,50,2026,9,30,0,18.7,153.5,97600.0,2026-09-30,2026-09-30,976.0
20260930,000000,72W,50,2026,9,30,0,19.0,152.70000000000002,98100.0,2026-09-30,2026-09-30,981.0
20260930,000000,72W,50,2026,9,30,0,19.8,151.3,97100.0,2026-09-30,2026-09-30,971.0
20260930,000000,72W,50,2026,9,30,0,20.7,150.1,97000.0,2026-09-30,2026-09-30,970.0
20260930,000000,72W,50,2026,9,30,0,21.2,149.3,96900.0,2026-09-30,2026-09-30,969.0
20260930,000000,72W,50,2026,9,30,0,21.5,148.20000000000002,96900.0,2026-09-30,2026-09-30,969.0
20260930,000000,72W,50,2026,9,30,0,22.1,147.3,96900.0,2026-09-30,2026-09-30,969.0
20260930,000000,72W,50,2026,9,30,0,22.3,146.5,96700.0,2026-09-30,2026-09-30,967.0
20260930,000000,72W,50,2026,9,30,0,22.6,145.9,96400.0,2026-09-30,2026-09-30,964.0
20260930,000000,72W,50,2026,9,30,0,22.6,145.4,96400.0,2026-09-30,2026-09-30,964.0
20260930,000000,72W,50,2026,9,30,0,23.2,145.1,95800.0,2026-09-30,2026-09-30,958.0
20260930,000000,72W,50,2026,9,30,0,23.5,144.8,95600.0,2026-09-30,2026-09-30,956.0
20260930,000000,72W,50,2026,9,30,0,24.0,144.5,95900.0,2026-09-30,2026-09-30,959.0
20260930,000000,72W,50,2026,9,30,0,24.6,144.0,95800.0,2026-09-30,2026-09-30,958.0
20260930,000000,72W,50,2026,9,30,0,25.400000000000002,143.70000000000002,95700.0,2026-09-30,2026-09-30,957.0
20260930,000000,72W,50,2026,9,30,0,26.0,143.70000000000002,95600.0,2026-09-30,2026-09-30,956.0
20260930,000000,72W,50,2026,9,30,0,26.900000000000002,144.20000000000002,96000.0,2026-09-30,2026-09-30,960.0
20260930,000000,72W,50,2026,9,30,0,28.3,145.1,96300.0,2026-09-30,2026-09-30,963.0
20260930,000000,72W,50,2026,9,30,0,30.2,146.20000000000002,96700.0,2026-09-30,2026-09-30,967.0
20260930,000000,72W,50,2026,9,30,0,32.2,148.5,97200.0,2026-09-30,2026-09-30,972.0
20260930,000000,72W,50,2026,9,30,0,35.2,152.1,97700.0,2026-09-30,2026-09-30,977.0
20260930,000000,72W,50,2026,9,30,0,39.2,157.20000000000002,98200.0,2026-09-30,2026-09-30,982.0
20260930,000000,72W,50,2026,9,30,0,42.1,163.6,98100.0,2026-09-30,2026-09-30,981.0
20260930,000000,72W,51,2026,9,30,0,13.3,165.0,101100.0,2026-09-30,2026-09-30,1011.0
20260930,000000,72W,51,2026,9,30,0,12.5,164.5,100900.0,2026-09-30,2026-09-30,1009.0
20260930,000000,72W,51,2026,9,30,0,11.9,165.3,101000.0,2026-09-30,2026-09-30,1010.0
20260930,000000,72W,51,2026,9,30,0,10.8,166.20000000000002,101000.0,2026-09-30,2026-09-30,1010.0
20260930,000000,72W,51,2026,9,30,0,10.0,166.70000000000002,100800.0,2026-09-30,2026-09-30,1008.0
20260930,000000,72W,51,2026,9,30,0,9.1,167.3,101000.0,2026-09-30,2026-09-30,1010.0
20260930,000000,72W,51,2026,9,30,0,9.1,167.3,100900.0,2026-09-30,2026-09-30,1009.0
20260930,000000,72W,51,2026,9,30,0,8.8,168.1,101000.0,2026-09-30,2026-09-30,1010.0
20260930,000000,72W,51,2026,9,30,0,8.5,166.20000000000002,100900.0,2026-09-30,2026-09-30,1009.0
20260930,000000,72W,51,2026,9,30,0,8.5,167.3,100800.0,2026-09-30,2026-09-30,1008.0
20260930,000000,72W,51,2026,9,30,0,8.5,166.5,100700.0,2026-09-30,2026-09-30,1007.0
20260930,000000,72W,51,2026,9,30,0,8.0,165.9,100800.0,2026-09-30,2026-09-30,1008.0
20260930,000000,72W,51,2026,9,30,0,7.4,165.9,100600.0,2026-09-30,2026-09-30,1006.0
20260930,000000,72W,51,2026,9,30,0,8.3,166.70000000000002,100700.0,2026-09-30,2026-09-30,1007.0
20260930,000000,72W,51,2026,9,30,0,8.0,165.6,100600.0,2026-09-30,2026-09-30,1006.0
20260930,000000,72W,51,2026,9,30,0,7.4,167.0,100600.0,2026-09-30,2026-09-30,1006.0
20260930,000000,72W,51,2026,9,30,0,7.7,167.6,100600.0,2026-09-30,2026-09-30,1006.0
20260930,000000,72W,51,2026,9,30,0,8.5,168.4,100700.0,2026-09-30,2026-09-30,1007.0
20260930,000000,72W,51,2026,9,30,0,9.700000000000001,167.3,100500.0,2026-09-30,2026-09-30,1005.0
20260930,000000,72W,51,2026,9,30,0,10.5,167.0,100600.0,2026-09-30,2026-09-30,1006.0
20260930,000000,72W,51,2026,9,30,0,11.4,167.6,100500.0,2026-09-30,2026-09-30,1005.0
20260930,000000,72W,51,2026,9,30,0,12.0,167.1,100600.0,2026-09-30,2026-09-30,1006.0
20260930,000000,72W,51,2026,9,30,0,13.3,165.0,100400.0,2026-09-30,2026-09-30,1004.0
20260930,000000,72W,51,2026,9,30,0,12.5,164.5,100700.0,2026-09-30,2026-09-30,1007.0
20260930,000000,72W,51,2026,9,30,0,12.8,164.3,100500.0,2026-09-30,2026-09-30,1005.0
20260930,000000,72W,51,2026,9,30,0,13.6,163.1,100600.0,2026-09-30,2026-09-30,1006.0
20260930,000000,72W,51,2026,9,30,0,14.200000000000001,162.20000000000002,100500.0,2026-09-30,2026-09-30,1005.0
20260930,000000,72W,51,2026,9,30,0,14.700000000000001,161.1,100700.0,2026-09-30,2026-09-30,1007.0
20260930,000000,72W,51,2026,9,30,0,14.700000000000001,159.70000000000002,100500.0,2026-09-30,2026-09-30,1005.0
20260930,000000,72W,51,2026,9,30,0,15.3,158.6,100500.0,2026-09-30,2026-09-30,1005.0
20260930,000000,72W,51,2026,9,30,0,15.3,157.20000000000002,100000.0,2026-09-30,2026-09-30,1000.0
20260930,000000,72W,51,2026,9,30,0,15.6,156.0,100300.0,2026-09-30,2026-09-30,1003.0
20260930,000000,72W,51,2026,9,30,0,16.1,154.1,99900.0,2026-09-30,2026-09-30,999.0
20260930,000000,72W,51,2026,9,30,0,15.6,153.8,100100.0,2026-09-30,2026-09-30,1001.0
20260930,000000,72W,51,2026,9,30,0,15.6,154.1,99800.0,2026-09-30,2026-09-30,998.0
20260930,000000,72W,51,2026,9,30,0,15.9,153.5,100100.0,2026-09-30,2026-09-30,1001.0
20260930,000000,72W,51,2026,9,30,0,16.1,152.70000000000002,99900.0,2026-09-30,2026-09-30,999.0
20260930,000000,72W,51,2026,9,30,0,16.4,152.70000000000002,100100.0,2026-09-30,2026-09-30,1001.0
20260930,000000,72W,51,2026,9,30,0,16.7,153.0,99900.0,2026-09-30,2026-09-30,999.0
20260930,000000,72W,51,2026,9,30,0,17.0,153.0,100000.0,2026-09-30,2026-09-30,1000.0
20260930,000000,72W,51,2026,9,30,0,17.3,152.6,99600.0,2026-09-30,2026-09-30,996.0
20260930,000000,72W,51,2026,9,30,0,17.0,153.20000000000002,99400.0,2026-09-30,2026-09-30,994.0
20260930,000000,72W,51,2026,9,30,0,17.1,153.1,99000.0,2026-09-30,2026-09-30,990.0
20260930,000000,72W,51,2026,9,30,0,17.2,153.0,99100.0,2026-09-30,2026-09-30,991.0
20260930,000000,72W,51,2026,9,30,0,17.3,153.5,98600.0,2026-09-30,2026-09-30,986.0
20260930,000000,72W,51,2026,9,30,0,17.6,152.70000000000002,98700.0,2026-09-30,2026-09-30,987.0
20260930,000000,72W,51,2026,9,30,0,17.3,152.70000000000002,98500.0,2026-09-30,2026-09-30,985.0
20260930,000000,72W,51,2026,9,30,0,17.6,152.4,98200.0,2026-09-30,2026-09-30,982.0
20260930,000000,72W,51,2026,9,30,0,17.8,151.8,97500.0,2026-09-30,2026-09-30,975.0
20260930,000000,72W,51,2026,9,30,0,18.7,151.5,97400.0,2026-09-30,2026-09-30,974.0
20260930,000000,72W,51,2026,9,30,0,19.5,151.0,97100.0,2026-09-30,2026-09-30,971.0
20260930,000000,72W,51,2026,9,30,0,21.2,149.9,97300.0,2026-09-30,2026-09-30,973.0
20260930,000000,72W,51,2026,9,30,0,22.1,149.6,96900.0,2026-09-30,2026-09-30,969.0
20260930,000000,72W,51,2026,9,30,0,23.2,149.3,97300.0,2026-09-30,2026-09-30,973.0
20260930,000000,72W,51,2026,9,30,0,24.6,149.0,97200.0,2026-09-30,2026-09-30,972.0
20260930,000000,72W,51,2026,9,30,0,25.7,149.3,97600.0,2026-09-30,2026-09-30,976.0
20260930,000000,72W,52,2026,9,30,0,12.5,166.70000000000002,100900.0,2026-09-30,2026-09-30,1009.0
20260930,000000,72W,52,2026,9,30,0,12.200000000000001,169.3,101000.0,2026-09-30,2026-09-30,1010.0
20260930,000000,72W,52,2026,9,30,0,9.1,170.1,100900.0,2026-09-30,2026-09-30,1009.0
20260930,000000,72W,52,2026,9,30,0,8.0,169.8,100700.0,2026-09-30,2026-09-30,1007.0
20260930,000000,72W,52,2026,9,30,0,8.8,170.1,100700.0,2026-09-30,2026-09-30,1007.0
20260930,000000,72W,52,2026,9,30,0,8.5,169.5,100600.0,2026-09-30,2026-09-30,1006.0
20260930,000000,72W,52,2026,9,30,0,9.1,170.1,100700.0,2026-09-30,2026-09-30,1007.0
20260930,000000,72W,52,2026,9,30,0,9.700000000000001,170.1,100600.0,2026-09-30,2026-09-30,1006.0
20260930,000000,72W,52,2026,9,30,0,10.0,170.1,100600.0,2026-09-30,2026-09-30,1006.0
20260930,000000,72W,52,2026,9,30,0,10.8,169.5,100600.0,2026-09-30,2026-09-30,1006.0
20260930,000000,72W,52,2026,9,30,0,11.1,169.5,100600.0,2026-09-30,2026-09-30,1006.0
20260930,000000,72W,52,2026,9,30,0,11.6,168.70000000000002,100500.0,2026-09-30,2026-09-30,1005.0
20260930,000000,72W,52,2026,9,30,0,12.5,168.4,100500.0,2026-09-30,2026-09-30,1005.0
20260930,000000,72W,52,2026,9,30,0,13.0,167.9,100400.0,2026-09-30,2026-09-30,1004.0
20260930,000000,72W,52,2026,9,30,0,13.9,167.3,100500.0,2026-09-30,2026-09-30,1005.0
20260930,000000,72W,52,2026,9,30,0,15.0,166.20000000000002,100300.0,2026-09-30,2026-09-30,1003.0
20260930,000000,72W,52,2026,9,30,0,15.9,165.3,100300.0,2026-09-30,2026-09-30,1003.0
20260930,000000,72W,52,2026,9,30,0,16.7,163.9,100100.0,2026-09-30,2026-09-30,1001.0
20260930,000000,72W,52,2026,9,30,0,17.8,162.5,100300.0,2026-09-30,2026-09-30,1003.0
20260930,000000,72W,52,2026,9,30,0,18.7,160.8,100000.0,2026-09-30,2026-09-30,1000.0
20260930,000000,72W,52,2026,9,30,0,19.2,159.1,100100.0,2026-09-30,2026-09-30,1001.0
20260930,000000,72W,52,2026,9,30,0,20.1,157.5,99800.0,2026-09-30,2026-09-30,998.0
20260930,000000,72W,52,2026,9,30,0,20.400000000000002,155.5,99800.0,2026-09-30,2026-09-30,998.0
20260930,000000,72W,52,2026,9,30,0,20.900000000000002,153.5,99500.0,2026-09-30,2026-09-30,995.0
20260930,000000,72W,52,2026,9,30,0,21.2,151.5,99400.0,2026-09-30,2026-09-30,994.0
20260930,000000,72W,52,2026,9,30,0,21.8,149.6,99100.0,2026-09-30,2026-09-30,991.0
20260930,000000,72W,52,2026,9,30,0,21.8,147.9,99100.0,2026-09-30,2026-09-30,991.0
20260930,000000,72W,52,2026,9,30,0,22.3,146.20000000000002,98900.0,2026-09-30,2026-09-30,989.0
20260930,000000,72W,52,2026,9,30,0,22.6,145.1,99000.0,2026-09-30,2026-09-30,990.0
20260930,000000,72W,52,2026,9,30,0,22.900000000000002,144.0,98700.0,2026-09-30,2026-09-30,987.0
20260930,000000,72W,52,2026,9,30,0,23.2,143.1,98700.0,2026-09-30,2026-09-30,987.0
20260930,000000,72W,52,2026,9,30,0,23.8,142.5,98300.0,2026-09-30,2026-09-30,983.0
20260930,000000,72W,52,2026,9,30,0,24.3,142.3,98300.0,2026-09-30,2026-09-30,983.0
20260930,000000,72W,52,2026,9,30,0,24.900000000000002,142.5,98000.0,2026-09-30,2026-09-30,980.0
20260930,000000,72W,52,2026,9,30,0,25.7,142.8,98100.0,2026-09-30,2026-09-30,981.0
20260930,000000,72W,52,2026,9,30,0,26.900000000000002,143.4,97800.0,2026-09-30,2026-09-30,978.0
20260930,000000,72W,52,2026,9,30,0,28.0,143.70000000000002,97800.0,2026-09-30,2026-09-30,978.0
20260930,000000,72W,52,2026,9,30,0,29.7,144.5,97300.0,2026-09-30,2026-09-30,973.0
20260930,000000,72W,52,2026,9,30,0,31.400000000000002,145.1,97300.0,2026-09-30,2026-09-30,973.0
20260930,000000,72W,52,2026,9,30,0,33.6,146.20000000000002,97100.0,2026-09-30,2026-09-30,971.0
20260930,000000,72W,52,2026,9,30,0,35.6,147.6,97300.0,2026-09-30,2026-09-30,973.0
20260930,000000,72W,52,2026,9,30,0,37.800000000000004,150.1,97400.0,2026-09-30,2026-09-30,974.0
20260930,000000,72W,52,2026,9,30,0,40.6,152.9,97400.0,2026-09-30,2026-09-30,974.0
20260930,000000,72W,52,2026,9,30,0,44.1,155.5,96700.0,2026-09-30,2026-09-30,967.0
20260930,000000,72W,52,2026,9,30,0,46.5,158.3,95800.0,2026-09-30,2026-09-30,958.0
20260930,000000,72W,52,2026,9,30,0,48.5,162.0,95200.0,2026-09-30,2026-09-30,952.0
20260930,000000,72W,52,2026,9,30,0,49.4,165.6,95200.0,2026-09-30,2026-09-30,952.0
20260930,000000,72W,52,2026,9,30,0,49.7,171.0,95900.0,2026-09-30,2026-09-30,959.0
20260930,000000,73W,1,2026,9,30,0,16.4,150.1,100900.0,2026-09-30,2026-09-30,1009.0
20260930,000000,73W,1,2026,9,30,0,17.0,149.6,101000.0,2026-09-30,2026-09-30,1010.0
20260930,000000,73W,1,2026,9,30,0,17.2,148.9,100700.0,2026-09-30,2026-09-30,1007.0
20260930,000000,73W,1,2026,9,30,0,17.3,148.20000000000002,100900.0,2026-09-30,2026-09-30,1009.0
20260930,000000,73W,1,2026,9,30,0,17.8,147.6,100700.0,2026-09-30,2026-09-30,1007.0
20260930,000000,73W,1,2026,9,30,0,18.1,146.8,100800.0,2026-09-30,2026-09-30,1008.0
20260930,000000,73W,1,2026,9,30,0,19.0,145.6,100600.0,2026-09-30,2026-09-30,1006.0
20260930,000000,73W,1,2026,9,30,0,19.2,144.8,100700.0,2026-09-30,2026-09-30,1007.0
20260930,000000,73W,1,2026,9,30,0,19.5,143.70000000000002,100500.0,2026-09-30,2026-09-30,1005.0
20260930,000000,73W,1,2026,9,30,0,19.8,142.5,100700.0,2026-09-30,2026-09-30,1007.0
20260930,000000,73W,1,2026,9,30,0,20.400000000000002,142.0,100500.0,2026-09-30,2026-09-30,1005.0
20260930,000000,73W,1,2026,9,30,0,20.900000000000002,141.1,100600.0,2026-09-30,2026-09-30,1006.0
20260930,000000,73W,1,2026,9,30,0,20.8,140.0,100500.0,2026-09-30,2026-09-30,1005.0
20260930,000000,73W,1,2026,9,30,0,21.5,139.6,100700.0,2026-09-30,2026-09-30,1007.0
20260930,000000,73W,1,2026,9,30,0,21.8,139.3,100700.0,2026-09-30,2026-09-30,1007.0
20260930,000000,73W,1,2026,9,30,0,22.0,139.0,100600.0,2026-09-30,2026-09-30,1006.0
20260930,000000,73W,1,2026,9,30,0,23.2,138.9,100500.0,2026-09-30,2026-09-30,1005.0
20260930,000000,73W,1,2026,9,30,0,21.400000000000002,139.4,100700.0,2026-09-30,2026-09-30,1007.0
20260930,000000,73W,1,2026,9,30,0,20.7,138.9,100800.0,2026-09-30,2026-09-30,1008.0
20260930,000000,73W,1,2026,9,30,0,20.400000000000002,139.5,100500.0,2026-09-30,2026-09-30,1005.0
20260930,000000,73W,1,2026,9,30,0,19.5,139.70000000000002,100800.0,2026-09-30,2026-09-30,1008.0
20260930,000000,73W,1,2026,9,30,0,18.7,138.9,100600.0,2026-09-30,2026-09-30,1006.0
20260930,000000,73W,1,2026,9,30,0,18.2,139.6,100800.0,2026-09-30,2026-09-30,1008.0
20260930,000000,73W,1,2026,9,30,0,17.6,138.6,100500.0,2026-09-30,2026-09-30,1005.0
20260930,000000,73W,1,2026,9,30,0,18.1,138.3,100800.0,2026-09-30,2026-09-30,1008.0
20260930,000000,73W,1,2026,9,30,0,16.4,138.0,100800.0,2026-09-30,2026-09-30,1008.0
20260930,000000,73W,1,2026,9,30,0,17.0,137.8,100900.0,2026-09-30,2026-09-30,1009.0
20260930,000000,73W,2,2026,9,30,0,15.0,113.60000000000001,100800.0,2026-09-30,2026-09-30,1008.0
20260930,000000,73W,2,2026,9,30,0,14.700000000000001,111.9,100900.0,2026-09-30,2026-09-30,1009.0
20260930,000000,73W,2,2026,9,30,0,15.3,111.3,100900.0,2026-09-30,2026-09-30,1009.0
20260930,000000,73W,2,2026,9,30,0,15.6,110.2,100700.0,2026-09-30,2026-09-30,1007.0
20260930,000000,73W,2,2026,9,30,0,15.6,109.4,100800.0,2026-09-30,2026-09-30,1008.0
20260930,000000,73W,2,2026,9,30,0,15.0,109.7,100800.0,2026-09-30,2026-09-30,1008.0
20260930,000000,73W,3,2026,9,30,0,12.200000000000001,165.9,100800.0,2026-09-30,2026-09-30,1008.0
20260930,000000,73W,3,2026,9,30,0,10.0,165.9,100900.0,2026-09-30,2026-09-30,1009.0
20260930,000000,73W,3,2026,9,30,0,9.4,169.0,101000.0,2026-09-30,2026-09-30,1010.0
20260930,000000,73W,3,2026,9,30,0,9.1,170.4,100900.0,2026-09-30,2026-09-30,1009.0
20260930,000000,73W,3,2026,9,30,0,9.3,171.4,100900.0,2026-09-30,2026-09-30,1009.0
20260930,000000,73W,3,2026,9,30,0,9.4,171.0,100800.0,2026-09-30,2026-09-30,1008.0
20260930,000000,73W,3,2026,9,30,0,8.8,172.1,100900.0,2026-09-30,2026-09-30,1009.0
20260930,000000,73W,3,2026,9,30,0,10.0,171.8,100900.0,2026-09-30,2026-09-30,1009.0
20260930,000000,73W,3,2026,9,30,0,8.0,172.4,100700.0,2026-09-30,2026-09-30,1007.0
20260930,000000,73W,3,2026,9,30,0,9.1,172.6,100900.0,2026-09-30,2026-09-30,1009.0
20260930,000000,73W,3,2026,9,30,0,9.4,174.9,100900.0,2026-09-30,2026-09-30,1009.0
20260930,000000,73W,3,2026,9,30,0,9.1,174.0,100800.0,2026-09-30,2026-09-30,1008.0
20260930,000000,73W,3,2026,9,30,0,11.1,172.6,100900.0,2026-09-30,2026-09-30,1009.0
20260930,000000,73W,3,2026,9,30,0,13.9,171.8,100900.0,2026-09-30,2026-09-30,1009.0
20260930,000000,73W,4,2026,9,30,0,16.7,121.7,100700.0,2026-09-30,2026-09-30,1007.0
20260930,000000,73W,4,2026,9,30,0,16.6,119.9,101000.0,2026-09-30,2026-09-30,1010.0
20260930,000000,73W,4,2026,9,30,0,16.8,120.2,100900.0,2026-09-30,2026-09-30,1009.0
20260930,000000,73W,4,2026,9,30,0,17.6,119.8,101100.0,2026-09-30,2026-09-30,1011.0
20260930,000000,73W,4,2026,9,30,0,15.3,117.0,100900.0,2026-09-30,2026-09-30,1009.0
20260930,000000,73W,4,2026,9,30,0,12.8,114.4,100900.0,2026-09-30,2026-09-30,1009.0
20260930,000000,73W,4,2026,9,30,0,13.3,111.60000000000001,100700.0,2026-09-30,2026-09-30,1007.0
20260930,000000,73W,4,2026,9,30,0,12.5,109.9,100700.0,2026-09-30,2026-09-30,1007.0
20260930,000000,73W,4,2026,9,30,0,11.9,109.9,100600.0,2026-09-30,2026-09-30,1006.0
20260930,000000,73W,4,2026,9,30,0,12.200000000000001,109.9,100600.0,2026-09-30,2026-09-30,1006.0
20260930,000000,73W,4,2026,9,30,0,14.200000000000001,109.60000000000001,100500.0,2026-09-30,2026-09-30,1005.0
20260930,000000,73W,4,2026,9,30,0,15.3,109.4,100800.0,2026-09-30,2026-09-30,1008.0
20260930,000000,73W,4,2026,9,30,0,15.3,109.4,100900.0,2026-09-30,2026-09-30,1009.0
20260930,000000,73W,4,2026,9,30,0,15.3,108.8,100800.0,2026-09-30,2026-09-30,1008.0
20260930,000000,73W,4,2026,9,30,0,16.7,108.2,100900.0,2026-09-30,2026-09-30,1009.0
20260930,000000,73W,4,2026,9,30,0,16.9,104.8,101000.0,2026-09-30,2026-09-30,1010.0
20260930,000000,73W,5,2026,9,30,0,18.400000000000002,149.3,101100.0,2026-09-30,2026-09-30,1011.0
20260930,000000,73W,5,2026,9,30,0,16.4,149.6,100900.0,2026-09-30,2026-09-30,1009.0
20260930,000000,73W,5,2026,9,30,0,16.1,151.8,101100.0,2026-09-30,2026-09-30,1011.0
20260930,000000,73W,5,2026,9,30,0,16.4,151.8,100800.0,2026-09-30,2026-09-30,1008.0
20260930,000000,73W,5,2026,9,30,0,16.7,150.70000000000002,101000.0,2026-09-30,2026-09-30,1010.0
20260930,000000,73W,5,2026,9,30,0,16.4,149.6,100600.0,2026-09-30,2026-09-30,1006.0
20260930,000000,73W,5,2026,9,30,0,17.0,148.5,100700.0,2026-09-30,2026-09-30,1007.0
20260930,000000,73W,5,2026,9,30,0,17.0,147.3,100400.0,2026-09-30,2026-09-30,1004.0
20260930,000000,73W,5,2026,9,30,0,17.3,146.5,100400.0,2026-09-30,2026-09-30,1004.0
20260930,000000,73W,5,2026,9,30,0,17.3,145.6,100100.0,2026-09-30,2026-09-30,1001.0
20260930,000000,73W,5,2026,9,30,0,17.6,144.8,100300.0,2026-09-30,2026-09-30,1003.0
20260930,000000,73W,5,2026,9,30,0,17.6,144.5,100100.0,2026-09-30,2026-09-30,1001.0
20260930,000000,73W,5,2026,9,30,0,17.6,144.0,100200.0,2026-09-30,2026-09-30,1002.0
20260930,000000,73W,5,2026,9,30,0,18.1,144.20000000000002,100000.0,2026-09-30,2026-09-30,1000.0
20260930,000000,73W,5,2026,9,30,0,18.7,144.20000000000002,100300.0,2026-09-30,2026-09-30,1003.0
20260930,000000,73W,5,2026,9,30,0,19.2,144.5,100100.0,2026-09-30,2026-09-30,1001.0
20260930,000000,73W,5,2026,9,30,0,20.400000000000002,143.9,100200.0,2026-09-30,2026-09-30,1002.0
20260930,000000,73W,5,2026,9,30,0,21.2,144.20000000000002,99800.0,2026-09-30,2026-09-30,998.0
20260930,000000,73W,5,2026,9,30,0,22.6,144.8,99700.0,2026-09-30,2026-09-30,997.0
20260930,000000,73W,5,2026,9,30,0,23.8,144.5,99100.0,2026-09-30,2026-09-30,991.0
20260930,000000,73W,5,2026,9,30,0,24.6,145.1,99500.0,2026-09-30,2026-09-30,995.0
20260930,000000,73W,5,2026,9,30,0,26.6,145.6,99000.0,2026-09-30,2026-09-30,990.0
20260930,000000,73W,5,2026,9,30,0,27.7,145.9,98700.0,2026-09-30,2026-09-30,987.0
20260930,000000,73W,5,2026,9,30,0,29.1,145.6,98200.0,2026-09-30,2026-09-30,982.0
20260930,000000,73W,5,2026,9,30,0,30.0,146.5,98100.0,2026-09-30,2026-09-30,981.0
20260930,000000,73W,5,2026,9,30,0,31.400000000000002,147.0,98100.0,2026-09-30,2026-09-30,981.0
20260930,000000,73W,5,2026,9,30,0,32.2,147.6,98600.0,2026-09-30,2026-09-30,986.0
20260930,000000,73W,5,2026,9,30,0,33.9,148.5,98600.0,2026-09-30,2026-09-30,986.0
20260930,000000,73W,5,2026,9,30,0,35.0,149.6,98400.0,2026-09-30,2026-09-30,984.0
20260930,000000,73W,5,2026,9,30,0,35.9,151.5,98500.0,2026-09-30,2026-09-30,985.0
20260930,000000,73W,5,2026,9,30,0,37.0,154.1,98800.0,2026-09-30,2026-09-30,988.0
20260930,000000,73W,5,2026,9,30,0,38.1,156.3,99300.0,2026-09-30,2026-09-30,993.0
20260930,000000,73W,5,2026,9,30,0,39.0,159.1,99800.0,2026-09-30,2026-09-30,998.0
20260930,000000,73W,5,2026,9,30,0,40.7,162.5,99800.0,2026-09-30,2026-09-30,998.0
20260930,000000,73W,5,2026,9,30,0,41.5,163.6,99800.0,2026-09-30,2026-09-30,998.0
20260930,000000,73W,6,2026,9,30,0,10.0,172.9,100700.0,2026-09-30,2026-09-30,1007.0
20260930,000000,73W,6,2026,9,30,0,11.1,172.9,100700.0,2026-09-30,2026-09-30,1007.0
20260930,000000,73W,6,2026,9,30,0,11.6,172.4,100700.0,2026-09-30,2026-09-30,1007.0
20260930,000000,73W,6,2026,9,30,0,12.200000000000001,172.1,100700.0,2026-09-30,2026-09-30,1007.0
20260930,000000,73W,6,2026,9,30,0,12.8,171.5,100600.0,2026-09-30,2026-09-30,1006.0
20260930,000000,73W,6,2026,9,30,0,13.9,169.3,100800.0,2026-09-30,2026-09-30,1008.0
20260930,000000,73W,6,2026,9,30,0,14.700000000000001,168.1,100500.0,2026-09-30,2026-09-30,1005.0
20260930,000000,73W,6,2026,9,30,0,14.9,166.6,100600.0,2026-09-30,2026-09-30,1006.0
20260930,000000,73W,6,2026,9,30,0,15.0,165.6,100100.0,2026-09-30,2026-09-30,1001.0
20260930,000000,73W,6,2026,9,30,0,15.3,164.5,100000.0,2026-09-30,2026-09-30,1000.0
20260930,000000,73W,6,2026,9,30,0,15.6,163.9,99500.0,2026-09-30,2026-09-30,995.0
20260930,000000,73W,6,2026,9,30,0,16.4,163.4,99900.0,2026-09-30,2026-09-30,999.0
20260930,000000,73W,6,2026,9,30,0,17.0,163.1,99400.0,2026-09-30,2026-09-30,994.0
20260930,000000,73W,6,2026,9,30,0,17.8,163.1,99600.0,2026-09-30,2026-09-30,996.0
20260930,000000,73W,6,2026,9,30,0,18.7,162.20000000000002,99600.0,2026-09-30,2026-09-30,996.0
20260930,000000,73W,6,2026,9,30,0,19.5,162.0,99500.0,2026-09-30,2026-09-30,995.0
20260930,000000,73W,6,2026,9,30,0,20.7,161.4,99100.0,2026-09-30,2026-09-30,991.0
20260930,000000,73W,6,2026,9,30,0,21.5,160.3,99100.0,2026-09-30,2026-09-30,991.0
20260930,000000,73W,6,2026,9,30,0,22.3,159.70000000000002,98600.0,2026-09-30,2026-09-30,986.0
20260930,000000,73W,6,2026,9,30,0,23.5,159.1,98200.0,2026-09-30,2026-09-30,982.0
20260930,000000,73W,6,2026,9,30,0,24.3,158.9,97700.0,2026-09-30,2026-09-30,977.0
20260930,000000,73W,6,2026,9,30,0,25.7,158.6,97800.0,2026-09-30,2026-09-30,978.0
20260930,000000,73W,7,2026,9,30,0,11.6,165.3,100900.0,2026-09-30,2026-09-30,1009.0
20260930,000000,73W,7,2026,9,30,0,11.4,164.8,100800.0,2026-09-30,2026-09-30,1008.0
20260930,000000,73W,7,2026,9,30,0,10.8,165.3,100900.0,2026-09-30,2026-09-30,1009.0
20260930,000000,73W,7,2026,9,30,0,11.1,165.9,100700.0,2026-09-30,2026-09-30,1007.0
20260930,000000,73W,7,2026,9,30,0,10.5,166.20000000000002,100900.0,2026-09-30,2026-09-30,1009.0
20260930,000000,73W,7,2026,9,30,0,10.8,167.0,100800.0,2026-09-30,2026-09-30,1008.0
20260930,000000,73W,7,2026,9,30,0,11.1,167.3,100900.0,2026-09-30,2026-09-30,1009.0
20260930,000000,73W,7,2026,9,30,0,11.1,167.6,100700.0,2026-09-30,2026-09-30,1007.0
20260930,000000,73W,7,2026,9,30,0,11.9,167.9,100700.0,2026-09-30,2026-09-30,1007.0
20260930,000000,73W,7,2026,9,30,0,12.200000000000001,167.6,100400.0,2026-09-30,2026-09-30,1004.0
20260930,000000,73W,7,2026,9,30,0,12.8,167.3,100200.0,2026-09-30,2026-09-30,1002.0
20260930,000000,73W,7,2026,9,30,0,13.3,167.6,99800.0,2026-09-30,2026-09-30,998.0
20260930,000000,73W,7,2026,9,30,0,13.6,167.0,99600.0,2026-09-30,2026-09-30,996.0
20260930,000000,73W,7,2026,9,30,0,13.9,167.0,99200.0,2026-09-30,2026-09-30,992.0
20260930,000000,73W,7,2026,9,30,0,14.5,166.70000000000002,99200.0,2026-09-30,2026-09-30,992.0
20260930,000000,73W,7,2026,9,30,0,14.700000000000001,166.5,98800.0,2026-09-30,2026-09-30,988.0
20260930,000000,73W,7,2026,9,30,0,15.9,166.20000000000002,98700.0,2026-09-30,2026-09-30,987.0
20260930,000000,73W,7,2026,9,30,0,16.4,164.8,98700.0,2026-09-30,2026-09-30,987.0
20260930,000000,73W,7,2026,9,30,0,16.1,162.5,98800.0,2026-09-30,2026-09-30,988.0
20260930,000000,73W,7,2026,9,30,0,15.9,163.1,98300.0,2026-09-30,2026-09-30,983.0
20260930,000000,73W,7,2026,9,30,0,17.0,162.20000000000002,98300.0,2026-09-30,2026-09-30,983.0
20260930,000000,73W,7,2026,9,30,0,17.8,161.4,98000.0,2026-09-30,2026-09-30,980.0
20260930,000000,73W,7,2026,9,30,0,18.7,160.3,97900.0,2026-09-30,2026-09-30,979.0
20260930,000000,73W,7,2026,9,30,0,19.8,159.4,97600.0,2026-09-30,2026-09-30,976.0
20260930,000000,73W,7,2026,9,30,0,21.2,158.0,97400.0,2026-09-30,2026-09-30,974.0
20260930,000000,73W,7,2026,9,30,0,22.1,156.3,97200.0,2026-09-30,2026-09-30,972.0
20260930,000000,73W,7,2026,9,30,0,22.6,154.1,97200.0,2026-09-30,2026-09-30,972.0
20260930,000000,73W,7,2026,9,30,0,23.5,152.4,97200.0,2026-09-30,2026-09-30,972.0
20260930,000000,73W,7,2026,9,30,0,24.0,150.70000000000002,97000.0,2026-09-30,2026-09-30,970.0
20260930,000000,73W,7,2026,9,30,0,24.6,149.0,97200.0,2026-09-30,2026-09-30,972.0
20260930,000000,73W,7,2026,9,30,0,25.2,147.6,97300.0,2026-09-30,2026-09-30,973.0
20260930,000000,73W,7,2026,9,30,0,26.6,146.20000000000002,97400.0,2026-09-30,2026-09-30,974.0
20260930,000000,73W,7,2026,9,30,0,27.400000000000002,145.4,97400.0,2026-09-30,2026-09-30,974.0
20260930,000000,73W,7,2026,9,30,0,28.8,144.20000000000002,97600.0,2026-09-30,2026-09-30,976.0
20260930,000000,73W,7,2026,9,30,0,30.0,144.20000000000002,97600.0,2026-09-30,2026-09-30,976.0
20260930,000000,73W,7,2026,9,30,0,31.900000000000002,144.5,97400.0,2026-09-30,2026-09-30,974.0
20260930,000000,73W,7,2026,9,30,0,33.3,145.6,97600.0,2026-09-30,2026-09-30,976.0
20260930,000000,73W,7,2026,9,30,0,34.5,148.20000000000002,97800.0,2026-09-30,2026-09-30,978.0
20260930,000000,73W,7,2026,9,30,0,36.4,151.0,98100.0,2026-09-30,2026-09-30,981.0
20260930,000000,73W,7,2026,9,30,0,37.800000000000004,154.9,98300.0,2026-09-30,2026-09-30,983.0
20260930,000000,73W,7,2026,9,30,0,39.5,160.0,98900.0,2026-09-30,2026-09-30,989.0
20260930,000000,73W,7,2026,9,30,0,42.1,166.70000000000002,98800.0,2026-09-30,2026-09-30,988.0
20260930,000000,73W,8,2026,9,30,0,17.0,140.3,100900.0,2026-09-30,2026-09-30,1009.0
20260930,000000,73W,8,2026,9,30,0,17.3,140.9,101100.0,2026-09-30,2026-09-30,1011.0
20260930,000000,73W,8,2026,9,30,0,17.8,140.6,100800.0,2026-09-30,2026-09-30,1008.0
20260930,000000,73W,8,2026,9,30,0,17.6,139.70000000000002,100800.0,2026-09-30,2026-09-30,1008.0
20260930,000000,73W,8,2026,9,30,0,17.6,138.9,100400.0,2026-09-30,2026-09-30,1004.0
20260930,000000,73W,8,2026,9,30,0,17.8,138.0,100500.0,2026-09-30,2026-09-30,1005.0
20260930,000000,73W,8,2026,9,30,0,18.1,137.20000000000002,100100.0,2026-09-30,2026-09-30,1001.0
20260930,000000,73W,8,2026,9,30,0,18.1,136.6,100200.0,2026-09-30,2026-09-30,1002.0
20260930,000000,73W,8,2026,9,30,0,18.1,136.1,100100.0,2026-09-30,2026-09-30,1001.0
20260930,000000,73W,8,2026,9,30,0,18.7,135.8,100100.0,2026-09-30,2026-09-30,1001.0
20260930,000000,73W,8,2026,9,30,0,19.0,135.5,99900.0,2026-09-30,2026-09-30,999.0
20260930,000000,73W,8,2026,9,30,0,19.2,135.5,100000.0,2026-09-30,2026-09-30,1000.0
20260930,000000,73W,8,2026,9,30,0,19.5,134.7,99700.0,2026-09-30,2026-09-30,997.0
20260930,000000,73W,8,2026,9,30,0,19.5,135.0,99700.0,2026-09-30,2026-09-30,997.0
20260930,000000,73W,8,2026,9,30,0,19.8,135.2,99500.0,2026-09-30,2026-09-30,995.0
20260930,000000,73W,8,2026,9,30,0,20.1,135.2,99600.0,2026-09-30,2026-09-30,996.0
20260930,000000,73W,8,2026,9,30,0,20.400000000000002,135.0,99500.0,2026-09-30,2026-09-30,995.0
20260930,000000,73W,8,2026,9,30,0,20.400000000000002,135.5,99700.0,2026-09-30,2026-09-30,997.0
20260930,000000,73W,8,2026,9,30,0,20.400000000000002,135.5,99800.0,2026-09-30,2026-09-30,998.0
20260930,000000,73W,8,2026,9,30,0,20.400000000000002,135.8,100000.0,2026-09-30,2026-09-30,1000.0
20260930,000000,73W,8,2026,9,30,0,20.400000000000002,135.8,99900.0,2026-09-30,2026-09-30,999.0
20260930,000000,73W,8,2026,9,30,0,20.400000000000002,136.1,100100.0,2026-09-30,2026-09-30,1001.0
20260930,000000,73W,8,2026,9,30,0,20.1,136.6,99900.0,2026-09-30,2026-09-30,999.0
20260930,000000,73W,8,2026,9,30,0,20.1,136.9,100100.0,2026-09-30,2026-09-30,1001.0
20260930,000000,73W,8,2026,9,30,0,20.1,137.20000000000002,99800.0,2026-09-30,2026-09-30,998.0
20260930,000000,73W,8,2026,9,30,0,20.1,137.8,99900.0,2026-09-30,2026-09-30,999.0
20260930,000000,73W,8,2026,9,30,0,20.400000000000002,137.20000000000002,99500.0,2026-09-30,2026-09-30,995.0
20260930,000000,73W,8,2026,9,30,0,20.400000000000002,137.5,100100.0,2026-09-30,2026-09-30,1001.0
20260930,000000,73W,8,2026,9,30,0,20.7,137.20000000000002,100000.0,2026-09-30,2026-09-30,1000.0
20260930,000000,73W,8,2026,9,30,0,20.900000000000002,137.5,100400.0,2026-09-30,2026-09-30,1004.0
20260930,000000,73W,8,2026,9,30,0,21.5,136.6,100100.0,2026-09-30,2026-09-30,1001.0
20260930,000000,73W,8,2026,9,30,0,22.1,136.4,100400.0,2026-09-30,2026-09-30,1004.0
20260930,000000,73W,8,2026,9,30,0,22.3,136.1,100300.0,2026-09-30,2026-09-30,1003.0
20260930,000000,73W,8,2026,9,30,0,23.2,135.5,100300.0,2026-09-30,2026-09-30,1003.0
20260930,000000,73W,9,2026,9,30,0,15.9,151.3,100700.0,2026-09-30,2026-09-30,1007.0
20260930,000000,73W,9,2026,9,30,0,15.6,153.0,100900.0,2026-09-30,2026-09-30,1009.0
20260930,000000,73W,9,2026,9,30,0,15.0,154.4,100800.0,2026-09-30,2026-09-30,1008.0
20260930,000000,73W,10,2026,9,30,0,8.8,171.0,100800.0,2026-09-30,2026-09-30,1008.0
20260930,000000,73W,10,2026,9,30,0,7.4,172.6,100700.0,2026-09-30,2026-09-30,1007.0
20260930,000000,73W,11,2026,9,30,0,5.7,168.70000000000002,100900.0,2026-09-30,2026-09-30,1009.0
20260930,000000,73W,11,2026,9,30,0,6.0,169.8,100800.0,2026-09-30,2026-09-30,1008.0
20260930,000000,73W,11,2026,9,30,0,8.0,172.1,100800.0,2026-09-30,2026-09-30,1008.0
20260930,000000,73W,11,2026,9,30,0,8.8,172.1,100800.0,2026-09-30,2026-09-30,1008.0
20260930,000000,73W,11,2026,9,30,0,9.4,171.8,100700.0,2026-09-30,2026-09-30,1007.0
20260930,000000,73W,11,2026,9,30,0,9.700000000000001,171.8,100800.0,2026-09-30,2026-09-30,1008.0
20260930,000000,73W,11,2026,9,30,0,9.700000000000001,171.0,100800.0,2026-09-30,2026-09-30,1008.0
20260930,000000,73W,12,2026,9,30,0,17.0,120.0,101000.0,2026-09-30,2026-09-30,1010.0
20260930,000000,73W,12,2026,9,30,0,16.2,119.60000000000001,100900.0,2026-09-30,2026-09-30,1009.0
20260930,000000,73W,12,2026,9,30,0,16.6,119.9,101000.0,2026-09-30,2026-09-30,1010.0
20260930,000000,73W,12,2026,9,30,0,15.9,117.5,100900.0,2026-09-30,2026-09-30,1009.0
20260930,000000,73W,12,2026,9,30,0,14.700000000000001,117.2,100800.0,2026-09-30,2026-09-30,1008.0
20260930,000000,73W,12,2026,9,30,0,14.700000000000001,116.7,100900.0,2026-09-30,2026-09-30,1009.0
20260930,000000,73W,12,2026,9,30,0,13.9,114.7,100700.0,2026-09-30,2026-09-30,1007.0
20260930,000000,73W,12,2026,9,30,0,12.5,114.4,100600.0,2026-09-30,2026-09-30,1006.0
20260930,000000,73W,12,2026,9,30,0,12.5,114.7,100700.0,2026-09-30,2026-09-30,1007.0
20260930,000000,73W,12,2026,9,30,0,12.8,116.7,100700.0,2026-09-30,2026-09-30,1007.0
20260930,000000,73W,12,2026,9,30,0,11.9,113.0,100500.0,2026-09-30,2026-09-30,1005.0
20260930,000000,73W,12,2026,9,30,0,11.9,112.7,100700.0,2026-09-30,2026-09-30,1007.0
20260930,000000,73W,12,2026,9,30,0,13.0,111.9,100600.0,2026-09-30,2026-09-30,1006.0
20260930,000000,73W,12,2026,9,30,0,13.3,111.9,100600.0,2026-09-30,2026-09-30,1006.0
20260930,000000,73W,12,2026,9,30,0,13.3,112.5,100500.0,2026-09-30,2026-09-30,1005.0
20260930,000000,73W,12,2026,9,30,0,14.200000000000001,111.0,100500.0,2026-09-30,2026-09-30,1005.0
20260930,000000,73W,12,2026,9,30,0,15.6,109.9,100300.0,2026-09-30,2026-09-30,1003.0
20260930,000000,73W,12,2026,9,30,0,15.9,109.10000000000001,100300.0,2026-09-30,2026-09-30,1003.0
20260930,000000,73W,12,2026,9,30,0,16.1,108.8,99900.0,2026-09-30,2026-09-30,999.0
20260930,000000,73W,12,2026,9,30,0,16.4,108.5,100000.0,2026-09-30,2026-09-30,1000.0
20260930,000000,73W,12,2026,9,30,0,16.7,107.4,100100.0,2026-09-30,2026-09-30,1001.0
20260930,000000,73W,12,2026,9,30,0,16.1,108.8,100800.0,2026-09-30,2026-09-30,1008.0
20260930,000000,73W,12,2026,9,30,0,16.1,108.8,100700.0,2026-09-30,2026-09-30,1007.0
20260930,000000,73W,12,2026,9,30,0,17.0,107.4,100900.0,2026-09-30,2026-09-30,1009.0
20260930,000000,73W,12,2026,9,30,0,17.0,107.4,101000.0,2026-09-30,2026-09-30,1010.0
20260930,000000,73W,13,2026,9,30,0,17.3,108.2,101300.0,2026-09-30,2026-09-30,1013.0
20260930,000000,73W,13,2026,9,30,0,16.1,110.5,101100.0,2026-09-30,2026-09-30,1011.0
20260930,000000,73W,13,2026,9,30,0,14.700000000000001,110.2,100900.0,2026-09-30,2026-09-30,1009.0
20260930,000000,73W,13,2026,9,30,0,13.9,110.5,101000.0,2026-09-30,2026-09-30,1010.0
20260930,000000,73W,13,2026,9,30,0,13.5,112.2,100900.0,2026-09-30,2026-09-30,1009.0
20260930,000000,73W,14,2026,9,30,0,15.0,142.8,100800.0,2026-09-30,2026-09-30,1008.0
20260930,000000,73W,14,2026,9,30,0,15.0,143.4,101100.0,2026-09-30,2026-09-30,1011.0
20260930,000000,73W,14,2026,9,30,0,15.9,143.4,100800.0,2026-09-30,2026-09-30,1008.0
20260930,000000,73W,14,2026,9,30,0,16.7,144.0,101000.0,2026-09-30,2026-09-30,1010.0
20260930,000000,73W,14,2026,9,30,0,16.1,145.4,100800.0,2026-09-30,2026-09-30,1008.0
20260930,000000,73W,14,2026,9,30,0,17.3,144.20000000000002,100900.0,2026-09-30,2026-09-30,1009.0
20260930,000000,73W,14,2026,9,30,0,17.8,145.4,100600.0,2026-09-30,2026-09-30,1006.0
20260930,000000,73W,14,2026,9,30,0,17.8,145.1,100800.0,2026-09-30,2026-09-30,1008.0
20260930,000000,73W,14,2026,9,30,0,17.8,145.9,100400.0,2026-09-30,2026-09-30,1004.0
20260930,000000,73W,14,2026,9,30,0,18.7,146.8,100500.0,2026-09-30,2026-09-30,1005.0
20260930,000000,73W,14,2026,9,30,0,19.2,146.8,100300.0,2026-09-30,2026-09-30,1003.0
20260930,000000,73W,14,2026,9,30,0,19.8,147.3,100400.0,2026-09-30,2026-09-30,1004.0
20260930,000000,73W,14,2026,9,30,0,20.400000000000002,147.6,100000.0,2026-09-30,2026-09-30,1000.0
20260930,000000,73W,14,2026,9,30,0,21.2,147.9,99800.0,2026-09-30,2026-09-30,998.0
20260930,000000,73W,14,2026,9,30,0,21.8,147.6,99500.0,2026-09-30,2026-09-30,995.0
20260930,000000,73W,14,2026,9,30,0,22.1,147.9,99300.0,2026-09-30,2026-09-30,993.0
20260930,000000,73W,14,2026,9,30,0,22.6,147.3,98700.0,2026-09-30,2026-09-30,987.0
20260930,000000,73W,14,2026,9,30,0,23.2,147.0,98900.0,2026-09-30,2026-09-30,989.0
20260930,000000,73W,14,2026,9,30,0,24.0,146.8,98200.0,2026-09-30,2026-09-30,982.0
20260930,000000,73W,14,2026,9,30,0,24.900000000000002,146.8,98200.0,2026-09-30,2026-09-30,982.0
20260930,000000,73W,14,2026,9,30,0,25.7,146.5,98100.0,2026-09-30,2026-09-30,981.0
20260930,000000,73W,14,2026,9,30,0,26.900000000000002,146.5,98300.0,2026-09-30,2026-09-30,983.0
20260930,000000,73W,14,2026,9,30,0,28.0,146.8,97900.0,2026-09-30,2026-09-30,979.0
20260930,000000,73W,14,2026,9,30,0,29.7,147.3,98300.0,2026-09-30,2026-09-30,983.0
20260930,000000,73W,14,2026,9,30,0,31.400000000000002,147.9,98300.0,2026-09-30,2026-09-30,983.0
20260930,000000,73W,14,2026,9,30,0,33.0,148.70000000000002,98200.0,2026-09-30,2026-09-30,982.0
20260930,000000,73W,14,2026,9,30,0,34.7,149.9,98100.0,2026-09-30,2026-09-30,981.0
20260930,000000,73W,14,2026,9,30,0,36.5,151.6,98000.0,2026-09-30,2026-09-30,980.0
20260930,000000,73W,14,2026,9,30,0,38.1,153.5,98100.0,2026-09-30,2026-09-30,981.0
20260930,000000,73W,14,2026,9,30,0,40.1,157.20000000000002,98300.0,2026-09-30,2026-09-30,983.0
20260930,000000,73W,14,2026,9,30,0,42.300000000000004,161.1,98300.0,2026-09-30,2026-09-30,983.0
20260930,000000,73W,14,2026,9,30,0,44.6,166.5,98500.0,2026-09-30,2026-09-30,985.0
20260930,000000,73W,14,2026,9,30,0,48.0,171.5,98100.0,2026-09-30,2026-09-30,981.0
20260930,000000,73W,15,2026,9,30,0,13.9,110.5,101100.0,2026-09-30,2026-09-30,1011.0
20260930,000000,73W,15,2026,9,30,0,13.3,108.5,101100.0,2026-09-30,2026-09-30,1011.0
20260930,000000,73W,15,2026,9,30,0,13.3,110.8,101200.0,2026-09-30,2026-09-30,1012.0
20260930,000000,73W,15,2026,9,30,0,14.5,110.8,101200.0,2026-09-30,2026-09-30,1012.0
20260930,000000,73W,15,2026,9,30,0,15.9,111.60000000000001,101300.0,2026-09-30,2026-09-30,1013.0
20260930,000000,73W,16,2026,9,30,0,16.4,115.8,101000.0,2026-09-30,2026-09-30,1010.0
20260930,000000,73W,16,2026,9,30,0,14.5,115.3,100900.0,2026-09-30,2026-09-30,1009.0
20260930,000000,73W,16,2026,9,30,0,13.6,113.3,100800.0,2026-09-30,2026-09-30,1008.0
20260930,000000,73W,16,2026,9,30,0,12.5,112.5,100700.0,2026-09-30,2026-09-30,1007.0
20260930,000000,73W,16,2026,9,30,0,12.5,112.2,100700.0,2026-09-30,2026-09-30,1007.0
20260930,000000,73W,16,2026,9,30,0,12.8,114.10000000000001,100600.0,2026-09-30,2026-09-30,1006.0
20260930,000000,73W,16,2026,9,30,0,13.9,113.9,100700.0,2026-09-30,2026-09-30,1007.0
20260930,000000,73W,16,2026,9,30,0,14.700000000000001,116.10000000000001,100600.0,2026-09-30,2026-09-30,1006.0
20260930,000000,73W,16,2026,9,30,0,15.0,115.3,100400.0,2026-09-30,2026-09-30,1004.0
20260930,000000,73W,16,2026,9,30,0,15.6,115.5,100500.0,2026-09-30,2026-09-30,1005.0
20260930,000000,73W,16,2026,9,30,0,16.1,115.0,100300.0,2026-09-30,2026-09-30,1003.0
20260930,000000,73W,16,2026,9,30,0,15.9,113.60000000000001,100300.0,2026-09-30,2026-09-30,1003.0
20260930,000000,73W,16,2026,9,30,0,15.9,113.60000000000001,100100.0,2026-09-30,2026-09-30,1001.0
20260930,000000,73W,16,2026,9,30,0,15.9,113.60000000000001,100200.0,2026-09-30,2026-09-30,1002.0
20260930,000000,73W,16,2026,9,30,0,16.3,113.3,100100.0,2026-09-30,2026-09-30,1001.0
20260930,000000,73W,16,2026,9,30,0,16.4,112.5,100200.0,2026-09-30,2026-09-30,1002.0
20260930,000000,73W,16,2026,9,30,0,17.0,111.9,100000.0,2026-09-30,2026-09-30,1000.0
20260930,000000,73W,16,2026,9,30,0,17.0,111.0,100100.0,2026-09-30,2026-09-30,1001.0
20260930,000000,73W,16,2026,9,30,0,17.0,110.8,99800.0,2026-09-30,2026-09-30,998.0
20260930,000000,73W,16,2026,9,30,0,17.0,109.9,99900.0,2026-09-30,2026-09-30,999.0
20260930,000000,73W,16,2026,9,30,0,17.3,109.4,99600.0,2026-09-30,2026-09-30,996.0
20260930,000000,73W,16,2026,9,30,0,17.3,108.8,99700.0,2026-09-30,2026-09-30,997.0
20260930,000000,73W,16,2026,9,30,0,17.3,108.2,99600.0,2026-09-30,2026-09-30,996.0
20260930,000000,73W,16,2026,9,30,0,17.6,107.4,99800.0,2026-09-30,2026-09-30,998.0
20260930,000000,73W,16,2026,9,30,0,17.6,106.8,99800.0,2026-09-30,2026-09-30,998.0
20260930,000000,73W,16,2026,9,30,0,17.8,106.5,100300.0,2026-09-30,2026-09-30,1003.0
20260930,000000,73W,16,2026,9,30,0,18.400000000000002,106.3,100500.0,2026-09-30,2026-09-30,1005.0
20260930,000000,73W,16,2026,9,30,0,18.7,106.3,100800.0,2026-09-30,2026-09-30,1008.0
20260930,000000,73W,17,2026,9,30,0,6.9,176.6,101100.0,2026-09-30,2026-09-30,1011.0
20260930,000000,73W,17,2026,9,30,0,6.9,176.9,101000.0,2026-09-30,2026-09-30,1010.0
20260930,000000,73W,17,2026,9,30,0,8.0,178.0,101000.0,2026-09-30,2026-09-30,1010.0
20260930,000000,73W,18,2026,9,30,0,7.1000000000000005,175.20000000000002,100900.0,2026-09-30,2026-09-30,1009.0
20260930,000000,73W,18,2026,9,30,0,5.2,175.20000000000002,101100.0,2026-09-30,2026-09-30,1011.0
20260930,000000,73W,18,2026,9,30,0,5.4,177.4,101000.0,2026-09-30,2026-09-30,1010.0
20260930,000000,73W,19,2026,9,30,0,16.7,157.20000000000002,101000.0,2026-09-30,2026-09-30,1010.0
20260930,000000,73W,19,2026,9,30,0,15.3,158.0,101000.0,2026-09-30,2026-09-30,1010.0
20260930,000000,73W,19,2026,9,30,0,14.5,159.1,100700.0,2026-09-30,2026-09-30,1007.0
20260930,000000,73W,19,2026,9,30,0,14.5,159.70000000000002,100900.0,2026-09-30,2026-09-30,1009.0
20260930,000000,73W,19,2026,9,30,0,14.5,159.70000000000002,100600.0,2026-09-30,2026-09-30,1006.0
20260930,000000,73W,19,2026,9,30,0,14.200000000000001,159.4,100700.0,2026-09-30,2026-09-30,1007.0
20260930,000000,73W,19,2026,9,30,0,13.0,159.70000000000002,100400.0,2026-09-30,2026-09-30,1004.0
20260930,000000,73W,19,2026,9,30,0,12.200000000000001,160.0,100600.0,2026-09-30,2026-09-30,1006.0
20260930,000000,73W,19,2026,9,30,0,11.4,160.5,100400.0,2026-09-30,2026-09-30,1004.0
20260930,000000,73W,19,2026,9,30,0,11.1,161.1,100500.0,2026-09-30,2026-09-30,1005.0
20260930,000000,73W,19,2026,9,30,0,12.5,164.20000000000002,100400.0,2026-09-30,2026-09-30,1004.0
20260930,000000,73W,19,2026,9,30,0,13.6,164.8,100100.0,2026-09-30,2026-09-30,1001.0
20260930,000000,73W,19,2026,9,30,0,14.5,164.20000000000002,100200.0,2026-09-30,2026-09-30,1002.0
20260930,000000,73W,19,2026,9,30,0,14.5,163.9,100100.0,2026-09-30,2026-09-30,1001.0
20260930,000000,73W,19,2026,9,30,0,15.6,163.3,100100.0,2026-09-30,2026-09-30,1001.0
20260930,000000,73W,19,2026,9,30,0,16.4,162.5,99800.0,2026-09-30,2026-09-30,998.0
20260930,000000,73W,19,2026,9,30,0,17.0,161.70000000000002,99900.0,2026-09-30,2026-09-30,999.0
20260930,000000,73W,19,2026,9,30,0,18.1,162.0,99900.0,2026-09-30,2026-09-30,999.0
20260930,000000,73W,19,2026,9,30,0,19.2,160.8,100100.0,2026-09-30,2026-09-30,1001.0
20260930,000000,73W,19,2026,9,30,0,20.900000000000002,158.9,99900.0,2026-09-30,2026-09-30,999.0
20260930,000000,73W,19,2026,9,30,0,22.1,158.9,100100.0,2026-09-30,2026-09-30,1001.0
20260930,000000,73W,19,2026,9,30,0,22.6,157.6,99900.0,2026-09-30,2026-09-30,999.0
20260930,000000,73W,19,2026,9,30,0,23.5,156.6,100000.0,2026-09-30,2026-09-30,1000.0
20260930,000000,73W,19,2026,9,30,0,23.8,155.20000000000002,99800.0,2026-09-30,2026-09-30,998.0
20260930,000000,73W,19,2026,9,30,0,24.0,153.8,99800.0,2026-09-30,2026-09-30,998.0
20260930,000000,73W,19,2026,9,30,0,24.0,152.1,99600.0,2026-09-30,2026-09-30,996.0
20260930,000000,73W,19,2026,9,30,0,24.0,151.0,99600.0,2026-09-30,2026-09-30,996.0
20260930,000000,73W,19,2026,9,30,0,24.6,149.6,99500.0,2026-09-30,2026-09-30,995.0
20260930,000000,73W,19,2026,9,30,0,24.900000000000002,148.70000000000002,99700.0,2026-09-30,2026-09-30,997.0
20260930,000000,73W,19,2026,9,30,0,25.7,147.6,99600.0,2026-09-30,2026-09-30,996.0
20260930,000000,73W,19,2026,9,30,0,26.6,146.5,99400.0,2026-09-30,2026-09-30,994.0
20260930,000000,73W,19,2026,9,30,0,27.400000000000002,145.6,99000.0,2026-09-30,2026-09-30,990.0
20260930,000000,73W,19,2026,9,30,0,28.5,144.8,99000.0,2026-09-30,2026-09-30,990.0
20260930,000000,73W,19,2026,9,30,0,29.7,144.5,98600.0,2026-09-30,2026-09-30,986.0
20260930,000000,73W,19,2026,9,30,0,31.1,144.5,98600.0,2026-09-30,2026-09-30,986.0
20260930,000000,73W,19,2026,9,30,0,33.0,144.5,97900.0,2026-09-30,2026-09-30,979.0
20260930,000000,73W,19,2026,9,30,0,33.9,145.6,98000.0,2026-09-30,2026-09-30,980.0
20260930,000000,73W,19,2026,9,30,0,35.6,147.3,97900.0,2026-09-30,2026-09-30,979.0
20260930,000000,73W,19,2026,9,30,0,38.1,149.0,98200.0,2026-09-30,2026-09-30,982.0
20260930,000000,73W,19,2026,9,30,0,40.300000000000004,151.20000000000002,98000.0,2026-09-30,2026-09-30,980.0
20260930,000000,73W,19,2026,9,30,0,42.6,154.6,98200.0,2026-09-30,2026-09-30,982.0
20260930,000000,73W,19,2026,9,30,0,45.2,158.9,98400.0,2026-09-30,2026-09-30,984.0
20260930,000000,73W,20,2026,9,30,0,10.8,170.4,101100.0,2026-09-30,2026-09-30,1011.0
20260930,000000,73W,20,2026,9,30,0,9.700000000000001,171.5,100900.0,2026-09-30,2026-09-30,1009.0
20260930,000000,73W,20,2026,9,30,0,8.8,172.6,100900.0,2026-09-30,2026-09-30,1009.0
20260930,000000,73W,20,2026,9,30,0,8.3,174.4,101000.0,2026-09-30,2026-09-30,1010.0
20260930,000000,73W,20,2026,9,30,0,10.0,173.5,100900.0,2026-09-30,2026-09-30,1009.0
20260930,000000,73W,21,2026,9,30,0,6.6000000000000005,177.4,100900.0,2026-09-30,2026-09-30,1009.0
20260930,000000,73W,21,2026,9,30,0,7.7,175.5,100900.0,2026-09-30,2026-09-30,1009.0
20260930,000000,73W,22,2026,9,30,0,8.8,171.8,100800.0,2026-09-30,2026-09-30,1008.0
20260930,000000,73W,22,2026,9,30,0,9.700000000000001,172.6,101000.0,2026-09-30,2026-09-30,1010.0
20260930,000000,73W,22,2026,9,30,0,8.3,172.4,101100.0,2026-09-30,2026-09-30,1011.0
20260930,000000,73W,22,2026,9,30,0,7.7,172.9,100900.0,2026-09-30,2026-09-30,1009.0
20260930,000000,73W,22,2026,9,30,0,8.8,173.8,100900.0,2026-09-30,2026-09-30,1009.0
20260930,000000,73W,22,2026,9,30,0,8.8,174.0,101000.0,2026-09-30,2026-09-30,1010.0
20260930,000000,73W,22,2026,9,30,0,10.200000000000001,173.5,100900.0,2026-09-30,2026-09-30,1009.0
20260930,000000,73W,22,2026,9,30,0,9.700000000000001,172.1,100800.0,2026-09-30,2026-09-30,1008.0
20260930,000000,73W,22,2026,9,30,0,9.700000000000001,173.5,100800.0,2026-09-30,2026-09-30,1008.0
20260930,000000,73W,22,2026,9,30,0,10.5,174.6,100900.0,2026-09-30,2026-09-30,1009.0
20260930,000000,73W,22,2026,9,30,0,11.6,175.20000000000002,100800.0,2026-09-30,2026-09-30,1008.0
20260930,000000,73W,22,2026,9,30,0,9.700000000000001,174.6,101000.0,2026-09-30,2026-09-30,1010.0
20260930,000000,73W,23,2026,9,30,0,8.5,170.1,101100.0,2026-09-30,2026-09-30,1011.0
20260930,000000,73W,23,2026,9,30,0,8.5,172.5,101100.0,2026-09-30,2026-09-30,1011.0
20260930,000000,73W,23,2026,9,30,0,9.4,172.1,101000.0,2026-09-30,2026-09-30,1010.0
20260930,000000,73W,23,2026,9,30,0,7.4,171.8,101000.0,2026-09-30,2026-09-30,1010.0
20260930,000000,73W,23,2026,9,30,0,7.7,173.5,100900.0,2026-09-30,2026-09-30,1009.0
20260930,000000,73W,24,2026,9,30,0,17.8,120.3,101000.0,2026-09-30,2026-09-30,1010.0
20260930,000000,73W,24,2026,9,30,0,16.1,117.0,100900.0,2026-09-30,2026-09-30,1009.0
20260930,000000,73W,24,2026,9,30,0,14.5,115.3,100800.0,2026-09-30,2026-09-30,1008.0
20260930,000000,73W,24,2026,9,30,0,13.0,114.10000000000001,100800.0,2026-09-30,2026-09-30,1008.0
20260930,000000,73W,24,2026,9,30,0,13.6,116.10000000000001,100500.0,2026-09-30,2026-09-30,1005.0
20260930,000000,73W,24,2026,9,30,0,13.6,115.0,100600.0,2026-09-30,2026-09-30,1006.0
20260930,000000,73W,24,2026,9,30,0,15.3,112.7,100700.0,2026-09-30,2026-09-30,1007.0
20260930,000000,73W,24,2026,9,30,0,13.3,111.60000000000001,100600.0,2026-09-30,2026-09-30,1006.0
20260930,000000,73W,24,2026,9,30,0,13.9,111.5,100600.0,2026-09-30,2026-09-30,1006.0
20260930,000000,73W,24,2026,9,30,0,14.200000000000001,109.4,100700.0,2026-09-30,2026-09-30,1007.0
20260930,000000,73W,24,2026,9,30,0,14.8,109.60000000000001,100600.0,2026-09-30,2026-09-30,1006.0
20260930,000000,73W,24,2026,9,30,0,14.700000000000001,109.4,100700.0,2026-09-30,2026-09-30,1007.0
20260930,000000,73W,24,2026,9,30,0,15.3,109.10000000000001,100700.0,2026-09-30,2026-09-30,1007.0
20260930,000000,73W,24,2026,9,30,0,15.9,108.8,100800.0,2026-09-30,2026-09-30,1008.0
20260930,000000,73W,24,2026,9,30,0,15.9,108.2,100700.0,2026-09-30,2026-09-30,1007.0
20260930,000000,73W,24,2026,9,30,0,17.3,107.7,100800.0,2026-09-30,2026-09-30,1008.0
20260930,000000,73W,24,2026,9,30,0,17.8,107.3,100800.0,2026-09-30,2026-09-30,1008.0
20260930,000000,73W,24,2026,9,30,0,19.0,107.4,100600.0,2026-09-30,2026-09-30,1006.0
20260930,000000,73W,24,2026,9,30,0,18.7,108.0,100700.0,2026-09-30,2026-09-30,1007.0
20260930,000000,73W,24,2026,9,30,0,20.1,108.0,100700.0,2026-09-30,2026-09-30,1007.0
20260930,000000,73W,24,2026,9,30,0,20.1,108.5,100800.0,2026-09-30,2026-09-30,1008.0
20260930,000000,73W,24,2026,9,30,0,20.900000000000002,109.4,100600.0,2026-09-30,2026-09-30,1006.0
20260930,000000,73W,24,2026,9,30,0,20.900000000000002,109.4,100700.0,2026-09-30,2026-09-30,1007.0
20260930,000000,73W,24,2026,9,30,0,20.900000000000002,109.60000000000001,100900.0,2026-09-30,2026-09-30,1009.0
20260930,000000,73W,24,2026,9,30,0,21.5,111.3,100900.0,2026-09-30,2026-09-30,1009.0
20260930,000000,73W,24,2026,9,30,0,21.2,111.60000000000001,100800.0,2026-09-30,2026-09-30,1008.0
20260930,000000,73W,24,2026,9,30,0,20.3,111.5,101100.0,2026-09-30,2026-09-30,1011.0
20260930,000000,73W,25,2026,9,30,0,11.1,114.10000000000001,101000.0,2026-09-30,2026-09-30,1010.0
20260930,000000,73W,25,2026,9,30,0,12.8,115.3,100900.0,2026-09-30,2026-09-30,1009.0
20260930,000000,73W,25,2026,9,30,0,13.9,114.10000000000001,101000.0,2026-09-30,2026-09-30,1010.0
20260930,000000,73W,25,2026,9,30,0,11.9,113.3,100900.0,2026-09-30,2026-09-30,1009.0
20260930,000000,73W,25,2026,9,30,0,13.0,111.9,100900.0,2026-09-30,2026-09-30,1009.0
20260930,000000,73W,25,2026,9,30,0,12.8,113.3,100700.0,2026-09-30,2026-09-30,1007.0
20260930,000000,73W,25,2026,9,30,0,12.8,111.60000000000001,100800.0,2026-09-30,2026-09-30,1008.0
20260930,000000,73W,25,2026,9,30,0,12.200000000000001,112.5,100700.0,2026-09-30,2026-09-30,1007.0
20260930,000000,73W,25,2026,9,30,0,13.3,113.0,100800.0,2026-09-30,2026-09-30,1008.0
20260930,000000,73W,25,2026,9,30,0,13.0,110.8,100500.0,2026-09-30,2026-09-30,1005.0
20260930,000000,73W,25,2026,9,30,0,13.0,110.8,100600.0,2026-09-30,2026-09-30,1006.0
20260930,000000,73W,25,2026,9,30,0,13.0,109.9,100600.0,2026-09-30,2026-09-30,1006.0
20260930,000000,73W,25,2026,9,30,0,14.200000000000001,109.4,100800.0,2026-09-30,2026-09-30,1008.0
20260930,000000,73W,25,2026,9,30,0,13.3,108.5,100800.0,2026-09-30,2026-09-30,1008.0
20260930,000000,73W,25,2026,9,30,0,13.0,106.0,101000.0,2026-09-30,2026-09-30,1010.0
20260930,000000,73W,25,2026,9,30,0,13.0,105.10000000000001,101100.0,2026-09-30,2026-09-30,1011.0
20260930,000000,73W,25,2026,9,30,0,13.0,104.3,101200.0,2026-09-30,2026-09-30,1012.0
20260930,000000,73W,25,2026,9,30,0,11.1,102.9,101200.0,2026-09-30,2026-09-30,1012.0
20260930,000000,73W,25,2026,9,30,0,11.1,102.9,101200.0,2026-09-30,2026-09-30,1012.0
20260930,000000,73W,25,2026,9,30,0,11.1,102.60000000000001,100900.0,2026-09-30,2026-09-30,1009.0
20260930,000000,73W,25,2026,9,30,0,10.5,102.3,100900.0,2026-09-30,2026-09-30,1009.0
20260930,000000,73W,25,2026,9,30,0,11.1,101.8,100800.0,2026-09-30,2026-09-30,1008.0
20260930,000000,73W,25,2026,9,30,0,11.1,102.0,100800.0,2026-09-30,2026-09-30,1008.0
20260930,000000,73W,25,2026,9,30,0,11.1,102.0,100900.0,2026-09-30,2026-09-30,1009.0
20260930,000000,73W,25,2026,9,30,0,11.1,101.5,100900.0,2026-09-30,2026-09-30,1009.0
20260930,000000,73W,26,2026,9,30,0,8.3,178.5,100900.0,2026-09-30,2026-09-30,1009.0
20260930,000000,73W,26,2026,9,30,0,9.4,175.20000000000002,100900.0,2026-09-30,2026-09-30,1009.0
20260930,000000,73W,26,2026,9,30,0,8.5,171.8,100900.0,2026-09-30,2026-09-30,1009.0
20260930,000000,73W,26,2026,9,30,0,8.0,169.3,100700.0,2026-09-30,2026-09-30,1007.0
20260930,000000,73W,26,2026,9,30,0,8.3,170.1,100800.0,2026-09-30,2026-09-30,1008.0
20260930,000000,73W,26,2026,9,30,0,6.3,171.8,100800.0,2026-09-30,2026-09-30,1008.0
20260930,000000,73W,27,2026,9,30,0,19.5,135.5,100800.0,2026-09-30,2026-09-30,1008.0
20260930,000000,73W,27,2026,9,30,0,17.8,137.8,101000.0,2026-09-30,2026-09-30,1010.0
20260930,000000,73W,27,2026,9,30,0,16.7,139.20000000000002,100800.0,2026-09-30,2026-09-30,1008.0
20260930,000000,73W,27,2026,9,30,0,16.7,138.6,101000.0,2026-09-30,2026-09-30,1010.0
20260930,000000,73W,27,2026,9,30,0,15.6,138.6,100800.0,2026-09-30,2026-09-30,1008.0
20260930,000000,73W,27,2026,9,30,0,17.8,137.8,100900.0,2026-09-30,2026-09-30,1009.0
20260930,000000,73W,27,2026,9,30,0,17.8,137.8,100600.0,2026-09-30,2026-09-30,1006.0
20260930,000000,73W,27,2026,9,30,0,17.8,136.6,100800.0,2026-09-30,2026-09-30,1008.0
20260930,000000,73W,27,2026,9,30,0,18.400000000000002,135.8,100600.0,2026-09-30,2026-09-30,1006.0
20260930,000000,73W,27,2026,9,30,0,18.7,135.5,100800.0,2026-09-30,2026-09-30,1008.0
20260930,000000,73W,27,2026,9,30,0,18.7,133.5,100500.0,2026-09-30,2026-09-30,1005.0
20260930,000000,73W,27,2026,9,30,0,18.400000000000002,134.4,100500.0,2026-09-30,2026-09-30,1005.0
20260930,000000,73W,27,2026,9,30,0,19.1,133.3,100700.0,2026-09-30,2026-09-30,1007.0
20260930,000000,73W,27,2026,9,30,0,17.8,133.0,100500.0,2026-09-30,2026-09-30,1005.0
20260930,000000,73W,27,2026,9,30,0,19.5,133.8,100600.0,2026-09-30,2026-09-30,1006.0
20260930,000000,73W,27,2026,9,30,0,19.2,133.3,100800.0,2026-09-30,2026-09-30,1008.0
20260930,000000,73W,27,2026,9,30,0,19.0,133.5,100600.0,2026-09-30,2026-09-30,1006.0
20260930,000000,73W,27,2026,9,30,0,18.7,132.4,100800.0,2026-09-30,2026-09-30,1008.0
20260930,000000,73W,27,2026,9,30,0,18.7,133.0,100700.0,2026-09-30,2026-09-30,1007.0
20260930,000000,73W,27,2026,9,30,0,18.400000000000002,136.4,100700.0,2026-09-30,2026-09-30,1007.0
20260930,000000,73W,27,2026,9,30,0,16.1,136.9,100500.0,2026-09-30,2026-09-30,1005.0
20260930,000000,73W,27,2026,9,30,0,16.1,137.20000000000002,100700.0,2026-09-30,2026-09-30,1007.0
20260930,000000,73W,27,2026,9,30,0,14.700000000000001,137.8,100400.0,2026-09-30,2026-09-30,1004.0
20260930,000000,73W,27,2026,9,30,0,15.6,138.0,100500.0,2026-09-30,2026-09-30,1005.0
20260930,000000,73W,27,2026,9,30,0,15.9,138.6,100300.0,2026-09-30,2026-09-30,1003.0
20260930,000000,73W,27,2026,9,30,0,16.7,139.5,100500.0,2026-09-30,2026-09-30,1005.0
20260930,000000,73W,27,2026,9,30,0,17.0,138.6,100100.0,2026-09-30,2026-09-30,1001.0
20260930,000000,73W,27,2026,9,30,0,17.6,138.6,100300.0,2026-09-30,2026-09-30,1003.0
20260930,000000,73W,27,2026,9,30,0,18.1,138.3,99800.0,2026-09-30,2026-09-30,998.0
20260930,000000,73W,27,2026,9,30,0,18.1,137.8,100000.0,2026-09-30,2026-09-30,1000.0
20260930,000000,73W,28,2026,9,30,0,6.9,173.20000000000002,101000.0,2026-09-30,2026-09-30,1010.0
20260930,000000,73W,28,2026,9,30,0,9.1,171.20000000000002,101000.0,2026-09-30,2026-09-30,1010.0
20260930,000000,73W,29,2026,9,30,0,9.700000000000001,169.3,100900.0,2026-09-30,2026-09-30,1009.0
20260930,000000,73W,29,2026,9,30,0,6.9,168.70000000000002,100800.0,2026-09-30,2026-09-30,1008.0
20260930,000000,73W,29,2026,9,30,0,8.3,169.5,100800.0,2026-09-30,2026-09-30,1008.0
20260930,000000,73W,29,2026,9,30,0,7.7,169.8,100900.0,2026-09-30,2026-09-30,1009.0
20260930,000000,73W,29,2026,9,30,0,7.7,171.20000000000002,100800.0,2026-09-30,2026-09-30,1008.0
20260930,000000,73W,29,2026,9,30,0,9.4,172.1,100900.0,2026-09-30,2026-09-30,1009.0
20260930,000000,73W,29,2026,9,30,0,10.0,171.8,100900.0,2026-09-30,2026-09-30,1009.0
20260930,000000,73W,29,2026,9,30,0,10.8,172.1,100700.0,2026-09-30,2026-09-30,1007.0
20260930,000000,73W,29,2026,9,30,0,11.4,171.8,100900.0,2026-09-30,2026-09-30,1009.0
20260930,000000,73W,29,2026,9,30,0,11.9,170.70000000000002,100800.0,2026-09-30,2026-09-30,1008.0
20260930,000000,73W,29,2026,9,30,0,10.200000000000001,167.6,100500.0,2026-09-30,2026-09-30,1005.0
20260930,000000,73W,30,2026,9,30,0,37.800000000000004,146.8,99900.0,2026-09-30,2026-09-30,999.0
20260930,000000,73W,30,2026,9,30,0,39.0,150.1,100000.0,2026-09-30,2026-09-30,1000.0
20260930,000000,73W,31,2026,9,30,0,15.9,157.70000000000002,100700.0,2026-09-30,2026-09-30,1007.0
20260930,000000,73W,31,2026,9,30,0,16.4,157.70000000000002,100900.0,2026-09-30,2026-09-30,1009.0
20260930,000000,73W,31,2026,9,30,0,17.0,157.20000000000002,100800.0,2026-09-30,2026-09-30,1008.0
20260930,000000,73W,31,2026,9,30,0,17.6,157.70000000000002,100900.0,2026-09-30,2026-09-30,1009.0
20260930,000000,73W,31,2026,9,30,0,17.6,157.70000000000002,100700.0,2026-09-30,2026-09-30,1007.0
20260930,000000,73W,31,2026,9,30,0,18.7,155.20000000000002,100800.0,2026-09-30,2026-09-30,1008.0
20260930,000000,73W,31,2026,9,30,0,19.5,154.9,100400.0,2026-09-30,2026-09-30,1004.0
20260930,000000,73W,31,2026,9,30,0,18.7,154.9,100000.0,2026-09-30,2026-09-30,1000.0
20260930,000000,73W,31,2026,9,30,0,19.5,156.0,100000.0,2026-09-30,2026-09-30,1000.0
20260930,000000,73W,31,2026,9,30,0,20.7,156.6,99800.0,2026-09-30,2026-09-30,998.0
20260930,000000,73W,31,2026,9,30,0,21.2,153.8,99800.0,2026-09-30,2026-09-30,998.0
20260930,000000,73W,31,2026,9,30,0,21.2,153.5,99700.0,2026-09-30,2026-09-30,997.0
20260930,000000,73W,31,2026,9,30,0,22.1,153.0,99800.0,2026-09-30,2026-09-30,998.0
20260930,000000,73W,31,2026,9,30,0,22.900000000000002,152.1,99700.0,2026-09-30,2026-09-30,997.0
20260930,000000,73W,31,2026,9,30,0,23.8,151.5,99700.0,2026-09-30,2026-09-30,997.0
20260930,000000,73W,31,2026,9,30,0,25.0,150.20000000000002,99700.0,2026-09-30,2026-09-30,997.0
20260930,000000,73W,31,2026,9,30,0,26.6,149.0,99500.0,2026-09-30,2026-09-30,995.0
20260930,000000,73W,31,2026,9,30,0,27.7,148.5,99300.0,2026-09-30,2026-09-30,993.0
20260930,000000,73W,31,2026,9,30,0,29.400000000000002,147.6,98900.0,2026-09-30,2026-09-30,989.0
20260930,000000,73W,31,2026,9,30,0,30.8,147.6,98500.0,2026-09-30,2026-09-30,985.0
20260930,000000,73W,31,2026,9,30,0,32.5,147.9,98300.0,2026-09-30,2026-09-30,983.0
20260930,000000,73W,31,2026,9,30,0,33.3,148.70000000000002,97900.0,2026-09-30,2026-09-30,979.0
20260930,000000,73W,31,2026,9,30,0,34.7,150.1,98000.0,2026-09-30,2026-09-30,980.0
20260930,000000,73W,31,2026,9,30,0,36.4,152.4,98000.0,2026-09-30,2026-09-30,980.0
20260930,000000,73W,31,2026,9,30,0,37.4,156.20000000000002,98100.0,2026-09-30,2026-09-30,981.0
20260930,000000,73W,31,2026,9,30,0,39.2,160.3,98100.0,2026-09-30,2026-09-30,981.0
20260930,000000,73W,31,2026,9,30,0,40.7,165.9,98300.0,2026-09-30,2026-09-30,983.0
20260930,000000,73W,31,2026,9,30,0,41.5,172.4,98400.0,2026-09-30,2026-09-30,984.0
20260930,000000,73W,32,2026,9,30,0,9.1,167.6,101000.0,2026-09-30,2026-09-30,1010.0
20260930,000000,73W,32,2026,9,30,0,8.5,169.0,101000.0,2026-09-30,2026-09-30,1010.0
20260930,000000,73W,32,2026,9,30,0,6.3,167.9,100900.0,2026-09-30,2026-09-30,1009.0
20260930,000000,73W,32,2026,9,30,0,8.5,168.4,100800.0,2026-09-30,2026-09-30,1008.0
20260930,000000,73W,32,2026,9,30,0,8.8,171.20000000000002,100900.0,2026-09-30,2026-09-30,1009.0
20260930,000000,73W,32,2026,9,30,0,9.4,171.20000000000002,100900.0,2026-09-30,2026-09-30,1009.0
20260930,000000,73W,32,2026,9,30,0,11.9,169.8,101000.0,2026-09-30,2026-09-30,1010.0
20260930,000000,73W,32,2026,9,30,0,11.6,168.1,100900.0,2026-09-30,2026-09-30,1009.0
20260930,000000,73W,32,2026,9,30,0,12.200000000000001,171.0,100900.0,2026-09-30,2026-09-30,1009.0
20260930,000000,73W,32,2026,9,30,0,13.0,171.20000000000002,101000.0,2026-09-30,2026-09-30,1010.0
20260930,000000,73W,32,2026,9,30,0,12.5,172.4,100900.0,2026-09-30,2026-09-30,1009.0
20260930,000000,73W,32,2026,9,30,0,11.9,171.0,100800.0,2026-09-30,2026-09-30,1008.0
20260930,000000,73W,32,2026,9,30,0,13.6,169.5,100900.0,2026-09-30,2026-09-30,1009.0
20260930,000000,73W,32,2026,9,30,0,13.0,170.70000000000002,101000.0,2026-09-30,2026-09-30,1010.0
20260930,000000,73W,32,2026,9,30,0,13.6,167.9,100800.0,2026-09-30,2026-09-30,1008.0
20260930,000000,73W,32,2026,9,30,0,13.6,167.3,100500.0,2026-09-30,2026-09-30,1005.0
20260930,000000,73W,32,2026,9,30,0,13.6,166.5,100600.0,2026-09-30,2026-09-30,1006.0
20260930,000000,73W,32,2026,9,30,0,13.0,166.20000000000002,100300.0,2026-09-30,2026-09-30,1003.0
20260930,000000,73W,32,2026,9,30,0,13.3,165.6,100300.0,2026-09-30,2026-09-30,1003.0
20260930,000000,73W,32,2026,9,30,0,13.3,165.6,100100.0,2026-09-30,2026-09-30,1001.0
20260930,000000,73W,32,2026,9,30,0,13.6,166.5,100300.0,2026-09-30,2026-09-30,1003.0
20260930,000000,73W,32,2026,9,30,0,14.200000000000001,166.70000000000002,99800.0,2026-09-30,2026-09-30,998.0
20260930,000000,73W,32,2026,9,30,0,14.5,167.0,99900.0,2026-09-30,2026-09-30,999.0
20260930,000000,73W,32,2026,9,30,0,15.0,167.9,99400.0,2026-09-30,2026-09-30,994.0
20260930,000000,73W,32,2026,9,30,0,15.6,167.3,99200.0,2026-09-30,2026-09-30,992.0
20260930,000000,73W,32,2026,9,30,0,16.7,167.0,98800.0,2026-09-30,2026-09-30,988.0
20260930,000000,73W,32,2026,9,30,0,17.8,166.5,98900.0,2026-09-30,2026-09-30,989.0
20260930,000000,73W,32,2026,9,30,0,18.7,164.8,98800.0,2026-09-30,2026-09-30,988.0
20260930,000000,73W,32,2026,9,30,0,19.8,162.8,98600.0,2026-09-30,2026-09-30,986.0
20260930,000000,73W,32,2026,9,30,0,20.7,160.8,98000.0,2026-09-30,2026-09-30,980.0
20260930,000000,73W,32,2026,9,30,0,21.5,159.1,98100.0,2026-09-30,2026-09-30,981.0
20260930,000000,73W,32,2026,9,30,0,22.6,157.20000000000002,98000.0,2026-09-30,2026-09-30,980.0
20260930,000000,73W,32,2026,9,30,0,23.8,156.0,97900.0,2026-09-30,2026-09-30,979.0
20260930,000000,73W,32,2026,9,30,0,24.900000000000002,154.6,98200.0,2026-09-30,2026-09-30,982.0
20260930,000000,73W,32,2026,9,30,0,26.3,154.1,98100.0,2026-09-30,2026-09-30,981.0
20260930,000000,73W,32,2026,9,30,0,27.400000000000002,153.5,97900.0,2026-09-30,2026-09-30,979.0
20260930,000000,73W,32,2026,9,30,0,28.8,153.20000000000002,97800.0,2026-09-30,2026-09-30,978.0
20260930,000000,73W,32,2026,9,30,0,30.6,153.1,97800.0,2026-09-30,2026-09-30,978.0
20260930,000000,73W,32,2026,9,30,0,32.2,153.0,97800.0,2026-09-30,2026-09-30,978.0
20260930,000000,73W,32,2026,9,30,0,33.9,153.5,98100.0,2026-09-30,2026-09-30,981.0
20260930,000000,73W,32,2026,9,30,0,35.0,154.4,98000.0,2026-09-30,2026-09-30,980.0
20260930,000000,73W,32,2026,9,30,0,36.7,155.8,98900.0,2026-09-30,2026-09-30,989.0
20260930,000000,73W,32,2026,9,30,0,38.4,157.70000000000002,99100.0,2026-09-30,2026-09-30,991.0
20260930,000000,73W,34,2026,9,30,0,14.200000000000001,162.5,101200.0,2026-09-30,2026-09-30,1012.0
20260930,000000,73W,34,2026,9,30,0,13.0,162.0,101100.0,2026-09-30,2026-09-30,1011.0
20260930,000000,73W,34,2026,9,30,0,12.200000000000001,162.5,100700.0,2026-09-30,2026-09-30,1007.0
20260930,000000,73W,34,2026,9,30,0,11.6,163.1,100600.0,2026-09-30,2026-09-30,1006.0
20260930,000000,73W,34,2026,9,30,0,10.5,163.4,100300.0,2026-09-30,2026-09-30,1003.0
20260930,000000,73W,34,2026,9,30,0,9.1,164.5,100400.0,2026-09-30,2026-09-30,1004.0
20260930,000000,73W,34,2026,9,30,0,8.5,165.6,100300.0,2026-09-30,2026-09-30,1003.0
20260930,000000,73W,34,2026,9,30,0,8.3,167.0,100400.0,2026-09-30,2026-09-30,1004.0
20260930,000000,73W,36,2026,9,30,0,14.700000000000001,160.0,100900.0,2026-09-30,2026-09-30,1009.0
20260930,000000,73W,36,2026,9,30,0,16.4,161.4,101000.0,2026-09-30,2026-09-30,1010.0
20260930,000000,73W,36,2026,9,30,0,15.3,162.5,101000.0,2026-09-30,2026-09-30,1010.0
20260930,000000,73W,36,2026,9,30,0,14.700000000000001,162.8,101100.0,2026-09-30,2026-09-30,1011.0
20260930,000000,73W,36,2026,9,30,0,15.6,161.70000000000002,100900.0,2026-09-30,2026-09-30,1009.0
20260930,000000,73W,36,2026,9,30,0,15.6,161.70000000000002,100600.0,2026-09-30,2026-09-30,1006.0
20260930,000000,73W,36,2026,9,30,0,15.6,161.4,100600.0,2026-09-30,2026-09-30,1006.0
20260930,000000,73W,36,2026,9,30,0,15.200000000000001,161.6,100200.0,2026-09-30,2026-09-30,1002.0
20260930,000000,73W,36,2026,9,30,0,15.0,161.4,100200.0,2026-09-30,2026-09-30,1002.0
20260930,000000,73W,36,2026,9,30,0,14.5,161.0,99800.0,2026-09-30,2026-09-30,998.0
20260930,000000,73W,36,2026,9,30,0,13.700000000000001,161.6,99800.0,2026-09-30,2026-09-30,998.0
20260930,000000,73W,36,2026,9,30,0,14.200000000000001,160.8,99200.0,2026-09-30,2026-09-30,992.0
20260930,000000,73W,36,2026,9,30,0,12.5,161.1,99500.0,2026-09-30,2026-09-30,995.0
20260930,000000,73W,36,2026,9,30,0,13.0,160.5,99400.0,2026-09-30,2026-09-30,994.0
20260930,000000,73W,36,2026,9,30,0,13.1,160.70000000000002,99300.0,2026-09-30,2026-09-30,993.0
20260930,000000,73W,36,2026,9,30,0,13.9,160.3,98700.0,2026-09-30,2026-09-30,987.0
20260930,000000,73W,36,2026,9,30,0,14.200000000000001,160.0,98800.0,2026-09-30,2026-09-30,988.0
20260930,000000,73W,36,2026,9,30,0,15.6,159.70000000000002,98100.0,2026-09-30,2026-09-30,981.0
20260930,000000,73W,36,2026,9,30,0,16.4,159.1,97500.0,2026-09-30,2026-09-30,975.0
20260930,000000,73W,36,2026,9,30,0,17.8,158.3,97200.0,2026-09-30,2026-09-30,972.0
20260930,000000,73W,36,2026,9,30,0,19.0,157.5,96900.0,2026-09-30,2026-09-30,969.0
20260930,000000,73W,36,2026,9,30,0,19.8,156.6,96200.0,2026-09-30,2026-09-30,962.0
20260930,000000,73W,36,2026,9,30,0,20.900000000000002,154.9,96700.0,2026-09-30,2026-09-30,967.0
20260930,000000,73W,36,2026,9,30,0,21.8,153.8,97100.0,2026-09-30,2026-09-30,971.0
20260930,000000,73W,36,2026,9,30,0,22.3,152.70000000000002,96600.0,2026-09-30,2026-09-30,966.0
20260930,000000,73W,36,2026,9,30,0,22.900000000000002,151.8,96600.0,2026-09-30,2026-09-30,966.0
20260930,000000,73W,36,2026,9,30,0,23.2,151.0,96200.0,2026-09-30,2026-09-30,962.0
20260930,000000,73W,36,2026,9,30,0,23.8,151.0,95700.0,2026-09-30,2026-09-30,957.0
20260930,000000,73W,36,2026,9,30,0,24.6,150.70000000000002,96200.0,2026-09-30,2026-09-30,962.0
20260930,000000,73W,36,2026,9,30,0,25.400000000000002,150.1,96400.0,2026-09-30,2026-09-30,964.0
20260930,000000,73W,36,2026,9,30,0,26.3,149.9,96400.0,2026-09-30,2026-09-30,964.0
20260930,000000,73W,36,2026,9,30,0,27.7,150.1,96900.0,2026-09-30,2026-09-30,969.0
20260930,000000,73W,36,2026,9,30,0,28.8,151.0,97000.0,2026-09-30,2026-09-30,970.0
20260930,000000,73W,36,2026,9,30,0,30.2,151.5,97100.0,2026-09-30,2026-09-30,971.0
20260930,000000,73W,36,2026,9,30,0,32.8,152.70000000000002,97200.0,2026-09-30,2026-09-30,972.0
20260930,000000,73W,36,2026,9,30,0,34.7,154.6,97400.0,2026-09-30,2026-09-30,974.0
20260930,000000,73W,36,2026,9,30,0,36.300000000000004,156.6,96900.0,2026-09-30,2026-09-30,969.0
20260930,000000,73W,36,2026,9,30,0,37.800000000000004,160.3,97600.0,2026-09-30,2026-09-30,976.0
20260930,000000,73W,36,2026,9,30,0,39.5,164.4,97800.0,2026-09-30,2026-09-30,978.0
20260930,000000,73W,36,2026,9,30,0,41.2,170.70000000000002,99000.0,2026-09-30,2026-09-30,990.0
20260930,000000,73W,36,2026,9,30,0,43.5,176.3,99200.0,2026-09-30,2026-09-30,992.0
20260930,000000,73W,37,2026,9,30,0,16.4,120.0,101100.0,2026-09-30,2026-09-30,1011.0
20260930,000000,73W,37,2026,9,30,0,16.2,120.0,100800.0,2026-09-30,2026-09-30,1008.0
20260930,000000,73W,37,2026,9,30,0,15.0,118.9,101100.0,2026-09-30,2026-09-30,1011.0
20260930,000000,73W,37,2026,9,30,0,14.200000000000001,116.7,101100.0,2026-09-30,2026-09-30,1011.0
20260930,000000,73W,37,2026,9,30,0,15.9,116.10000000000001,100900.0,2026-09-30,2026-09-30,1009.0
20260930,000000,73W,37,2026,9,30,0,15.6,111.0,100900.0,2026-09-30,2026-09-30,1009.0
20260930,000000,73W,37,2026,9,30,0,16.3,109.3,101000.0,2026-09-30,2026-09-30,1010.0
20260930,000000,73W,38,2026,9,30,0,16.4,151.3,100800.0,2026-09-30,2026-09-30,1008.0
20260930,000000,73W,38,2026,9,30,0,16.7,150.70000000000002,101000.0,2026-09-30,2026-09-30,1010.0
20260930,000000,73W,38,2026,9,30,0,15.3,151.3,100700.0,2026-09-30,2026-09-30,1007.0
20260930,000000,73W,38,2026,9,30,0,14.5,151.3,100900.0,2026-09-30,2026-09-30,1009.0
20260930,000000,73W,38,2026,9,30,0,14.5,151.3,100800.0,2026-09-30,2026-09-30,1008.0
20260930,000000,73W,38,2026,9,30,0,15.0,152.4,100900.0,2026-09-30,2026-09-30,1009.0
20260930,000000,73W,38,2026,9,30,0,13.6,154.1,100700.0,2026-09-30,2026-09-30,1007.0
20260930,000000,73W,38,2026,9,30,0,13.3,155.5,100500.0,2026-09-30,2026-09-30,1005.0
20260930,000000,73W,39,2026,9,30,0,9.4,171.0,100800.0,2026-09-30,2026-09-30,1008.0
20260930,000000,73W,39,2026,9,30,0,10.0,173.8,100800.0,2026-09-30,2026-09-30,1008.0
20260930,000000,73W,39,2026,9,30,0,11.1,173.20000000000002,100900.0,2026-09-30,2026-09-30,1009.0
20260930,000000,73W,39,2026,9,30,0,8.8,171.8,100800.0,2026-09-30,2026-09-30,1008.0
20260930,000000,73W,39,2026,9,30,0,10.0,171.0,100700.0,2026-09-30,2026-09-30,1007.0
20260930,000000,73W,39,2026,9,30,0,11.9,169.8,100700.0,2026-09-30,2026-09-30,1007.0
20260930,000000,73W,39,2026,9,30,0,11.9,169.3,100800.0,2026-09-30,2026-09-30,1008.0
20260930,000000,73W,39,2026,9,30,0,11.9,168.1,100700.0,2026-09-30,2026-09-30,1007.0
20260930,000000,73W,39,2026,9,30,0,14.5,167.3,100600.0,2026-09-30,2026-09-30,1006.0
20260930,000000,73W,39,2026,9,30,0,14.5,167.0,100400.0,2026-09-30,2026-09-30,1004.0
20260930,000000,73W,39,2026,9,30,0,15.9,165.9,100200.0,2026-09-30,2026-09-30,1002.0
20260930,000000,73W,39,2026,9,30,0,15.3,164.8,100100.0,2026-09-30,2026-09-30,1001.0
20260930,000000,73W,39,2026,9,30,0,15.6,164.5,99700.0,2026-09-30,2026-09-30,997.0
20260930,000000,73W,39,2026,9,30,0,16.4,164.20000000000002,99800.0,2026-09-30,2026-09-30,998.0
20260930,000000,73W,39,2026,9,30,0,16.7,163.1,99500.0,2026-09-30,2026-09-30,995.0
20260930,000000,73W,39,2026,9,30,0,17.0,162.20000000000002,99500.0,2026-09-30,2026-09-30,995.0
20260930,000000,73W,39,2026,9,30,0,17.0,161.70000000000002,99300.0,2026-09-30,2026-09-30,993.0
20260930,000000,73W,39,2026,9,30,0,17.6,161.1,99200.0,2026-09-30,2026-09-30,992.0
20260930,000000,73W,39,2026,9,30,0,17.8,160.0,98800.0,2026-09-30,2026-09-30,988.0
20260930,000000,73W,39,2026,9,30,0,18.400000000000002,159.1,98600.0,2026-09-30,2026-09-30,986.0
20260930,000000,73W,39,2026,9,30,0,18.400000000000002,158.0,98100.0,2026-09-30,2026-09-30,981.0
20260930,000000,73W,39,2026,9,30,0,19.2,156.6,98000.0,2026-09-30,2026-09-30,980.0
20260930,000000,73W,39,2026,9,30,0,19.5,155.5,97800.0,2026-09-30,2026-09-30,978.0
20260930,000000,73W,39,2026,9,30,0,20.1,153.5,97600.0,2026-09-30,2026-09-30,976.0
20260930,000000,73W,39,2026,9,30,0,20.1,152.1,97300.0,2026-09-30,2026-09-30,973.0
20260930,000000,73W,39,2026,9,30,0,20.900000000000002,151.5,97200.0,2026-09-30,2026-09-30,972.0
20260930,000000,73W,39,2026,9,30,0,21.5,150.4,97200.0,2026-09-30,2026-09-30,972.0
20260930,000000,73W,39,2026,9,30,0,22.6,150.1,97200.0,2026-09-30,2026-09-30,972.0
20260930,000000,73W,39,2026,9,30,0,23.8,149.3,97600.0,2026-09-30,2026-09-30,976.0
20260930,000000,73W,39,2026,9,30,0,24.6,148.70000000000002,97900.0,2026-09-30,2026-09-30,979.0
20260930,000000,73W,39,2026,9,30,0,25.400000000000002,148.70000000000002,97400.0,2026-09-30,2026-09-30,974.0
20260930,000000,73W,39,2026,9,30,0,27.1,148.70000000000002,97200.0,2026-09-30,2026-09-30,972.0
20260930,000000,73W,39,2026,9,30,0,28.5,148.20000000000002,96800.0,2026-09-30,2026-09-30,968.0
20260930,000000,73W,39,2026,9,30,0,30.2,148.70000000000002,96900.0,2026-09-30,2026-09-30,969.0
20260930,000000,73W,39,2026,9,30,0,32.5,149.0,96900.0,2026-09-30,2026-09-30,969.0
20260930,000000,73W,39,2026,9,30,0,34.7,150.4,97500.0,2026-09-30,2026-09-30,975.0
20260930,000000,73W,39,2026,9,30,0,37.800000000000004,152.70000000000002,97700.0,2026-09-30,2026-09-30,977.0
20260930,000000,73W,39,2026,9,30,0,43.800000000000004,154.6,97600.0,2026-09-30,2026-09-30,976.0
20260930,000000,73W,40,2026,9,30,0,15.3,111.3,100900.0,2026-09-30,2026-09-30,1009.0
20260930,000000,73W,40,2026,9,30,0,17.0,108.8,100900.0,2026-09-30,2026-09-30,1009.0
20260930,000000,73W,41,2026,9,30,0,16.4,113.60000000000001,101100.0,2026-09-30,2026-09-30,1011.0
20260930,000000,73W,41,2026,9,30,0,14.700000000000001,112.2,101000.0,2026-09-30,2026-09-30,1010.0
20260930,000000,73W,41,2026,9,30,0,13.6,111.9,101000.0,2026-09-30,2026-09-30,1010.0
20260930,000000,73W,41,2026,9,30,0,13.6,111.9,100800.0,2026-09-30,2026-09-30,1008.0
20260930,000000,73W,41,2026,9,30,0,12.5,112.7,100800.0,2026-09-30,2026-09-30,1008.0
20260930,000000,73W,41,2026,9,30,0,13.6,110.8,100800.0,2026-09-30,2026-09-30,1008.0
20260930,000000,73W,41,2026,9,30,0,14.4,109.5,100900.0,2026-09-30,2026-09-30,1009.0
20260930,000000,73W,42,2026,9,30,0,16.4,113.9,101000.0,2026-09-30,2026-09-30,1010.0
20260930,000000,73W,42,2026,9,30,0,13.9,111.9,100900.0,2026-09-30,2026-09-30,1009.0
20260930,000000,73W,42,2026,9,30,0,13.6,112.2,100800.0,2026-09-30,2026-09-30,1008.0
20260930,000000,73W,42,2026,9,30,0,12.5,112.2,100700.0,2026-09-30,2026-09-30,1007.0
20260930,000000,73W,42,2026,9,30,0,13.3,110.2,101000.0,2026-09-30,2026-09-30,1010.0
20260930,000000,73W,42,2026,9,30,0,12.5,109.10000000000001,100900.0,2026-09-30,2026-09-30,1009.0
20260930,000000,73W,43,2026,9,30,0,14.200000000000001,105.4,101000.0,2026-09-30,2026-09-30,1010.0
20260930,000000,73W,43,2026,9,30,0,13.3,104.0,101000.0,2026-09-30,2026-09-30,1010.0
20260930,000000,73W,43,2026,9,30,0,11.6,100.60000000000001,101200.0,2026-09-30,2026-09-30,1012.0
20260930,000000,73W,43,2026,9,30,0,13.0,101.5,101100.0,2026-09-30,2026-09-30,1011.0
20260930,000000,73W,43,2026,9,30,0,11.6,100.60000000000001,101100.0,2026-09-30,2026-09-30,1011.0
20260930,000000,73W,43,2026,9,30,0,12.8,98.4,101100.0,2026-09-30,2026-09-30,1011.0
20260930,000000,73W,43,2026,9,30,0,15.3,97.0,101000.0,2026-09-30,2026-09-30,1010.0
20260930,000000,73W,43,2026,9,30,0,13.9,96.10000000000001,101100.0,2026-09-30,2026-09-30,1011.0
20260930,000000,73W,43,2026,9,30,0,13.9,96.10000000000001,101100.0,2026-09-30,2026-09-30,1011.0
20260930,000000,73W,43,2026,9,30,0,15.6,95.9,101100.0,2026-09-30,2026-09-30,1011.0
20260930,000000,73W,43,2026,9,30,0,14.5,95.0,101100.0,2026-09-30,2026-09-30,1011.0
20260930,000000,73W,43,2026,9,30,0,15.0,93.60000000000001,101000.0,2026-09-30,2026-09-30,1010.0
20260930,000000,73W,43,2026,9,30,0,15.1,94.4,101100.0,2026-09-30,2026-09-30,1011.0
20260930,000000,73W,43,2026,9,30,0,15.0,94.5,100900.0,2026-09-30,2026-09-30,1009.0
20260930,000000,73W,43,2026,9,30,0,15.0,93.9,101100.0,2026-09-30,2026-09-30,1011.0
20260930,000000,73W,44,2026,9,30,0,13.3,165.9,100900.0,2026-09-30,2026-09-30,1009.0
20260930,000000,73W,44,2026,9,30,0,13.3,168.70000000000002,100900.0,2026-09-30,2026-09-30,1009.0
20260930,000000,73W,44,2026,9,30,0,11.4,167.9,100900.0,2026-09-30,2026-09-30,1009.0
20260930,000000,73W,44,2026,9,30,0,10.8,168.4,100800.0,2026-09-30,2026-09-30,1008.0
20260930,000000,73W,44,2026,9,30,0,11.4,168.4,101000.0,2026-09-30,2026-09-30,1010.0
20260930,000000,73W,44,2026,9,30,0,11.4,169.3,100800.0,2026-09-30,2026-09-30,1008.0
20260930,000000,73W,44,2026,9,30,0,10.0,169.5,100900.0,2026-09-30,2026-09-30,1009.0
20260930,000000,73W,44,2026,9,30,0,10.0,169.0,100800.0,2026-09-30,2026-09-30,1008.0
20260930,000000,73W,44,2026,9,30,0,9.700000000000001,168.4,100800.0,2026-09-30,2026-09-30,1008.0
20260930,000000,73W,44,2026,9,30,0,9.4,168.70000000000002,100700.0,2026-09-30,2026-09-30,1007.0
20260930,000000,73W,44,2026,9,30,0,9.4,169.3,100600.0,2026-09-30,2026-09-30,1006.0
20260930,000000,73W,44,2026,9,30,0,9.4,169.3,100400.0,2026-09-30,2026-09-30,1004.0
20260930,000000,73W,44,2026,9,30,0,9.1,169.0,100400.0,2026-09-30,2026-09-30,1004.0
20260930,000000,73W,44,2026,9,30,0,8.8,169.0,100200.0,2026-09-30,2026-09-30,1002.0
20260930,000000,73W,44,2026,9,30,0,8.8,169.3,100100.0,2026-09-30,2026-09-30,1001.0
20260930,000000,73W,44,2026,9,30,0,9.4,169.0,100000.0,2026-09-30,2026-09-30,1000.0
20260930,000000,73W,44,2026,9,30,0,10.0,168.70000000000002,99800.0,2026-09-30,2026-09-30,998.0
20260930,000000,73W,44,2026,9,30,0,10.5,168.70000000000002,99500.0,2026-09-30,2026-09-30,995.0
20260930,000000,73W,44,2026,9,30,0,11.1,167.9,99500.0,2026-09-30,2026-09-30,995.0
20260930,000000,73W,44,2026,9,30,0,12.200000000000001,167.0,99300.0,2026-09-30,2026-09-30,993.0
20260930,000000,73W,44,2026,9,30,0,13.0,165.6,98900.0,2026-09-30,2026-09-30,989.0
20260930,000000,73W,44,2026,9,30,0,13.9,164.5,98700.0,2026-09-30,2026-09-30,987.0
20260930,000000,73W,44,2026,9,30,0,14.5,163.1,98600.0,2026-09-30,2026-09-30,986.0
20260930,000000,73W,44,2026,9,30,0,15.0,161.70000000000002,98200.0,2026-09-30,2026-09-30,982.0
20260930,000000,73W,44,2026,9,30,0,15.3,160.8,98200.0,2026-09-30,2026-09-30,982.0
20260930,000000,73W,44,2026,9,30,0,15.6,159.70000000000002,97900.0,2026-09-30,2026-09-30,979.0
20260930,000000,73W,44,2026,9,30,0,16.1,158.3,97800.0,2026-09-30,2026-09-30,978.0
20260930,000000,73W,44,2026,9,30,0,16.7,157.20000000000002,97700.0,2026-09-30,2026-09-30,977.0
20260930,000000,73W,44,2026,9,30,0,17.3,155.8,97700.0,2026-09-30,2026-09-30,977.0
20260930,000000,73W,44,2026,9,30,0,17.8,154.4,97900.0,2026-09-30,2026-09-30,979.0
20260930,000000,73W,44,2026,9,30,0,18.400000000000002,153.20000000000002,98200.0,2026-09-30,2026-09-30,982.0
20260930,000000,73W,44,2026,9,30,0,19.2,151.8,98100.0,2026-09-30,2026-09-30,981.0
20260930,000000,73W,44,2026,9,30,0,19.5,150.4,98000.0,2026-09-30,2026-09-30,980.0
20260930,000000,73W,44,2026,9,30,0,19.8,149.6,97800.0,2026-09-30,2026-09-30,978.0
20260930,000000,73W,44,2026,9,30,0,20.400000000000002,148.5,97700.0,2026-09-30,2026-09-30,977.0
20260930,000000,73W,44,2026,9,30,0,20.900000000000002,147.3,97700.0,2026-09-30,2026-09-30,977.0
20260930,000000,73W,44,2026,9,30,0,21.2,146.5,97400.0,2026-09-30,2026-09-30,974.0
20260930,000000,73W,44,2026,9,30,0,21.8,145.4,97300.0,2026-09-30,2026-09-30,973.0
20260930,000000,73W,44,2026,9,30,0,22.1,144.8,96900.0,2026-09-30,2026-09-30,969.0
20260930,000000,73W,44,2026,9,30,0,22.900000000000002,144.8,96800.0,2026-09-30,2026-09-30,968.0
20260930,000000,73W,44,2026,9,30,0,24.0,144.5,97300.0,2026-09-30,2026-09-30,973.0
20260930,000000,73W,44,2026,9,30,0,25.400000000000002,144.8,97400.0,2026-09-30,2026-09-30,974.0
20260930,000000,73W,44,2026,9,30,0,26.900000000000002,144.8,97300.0,2026-09-30,2026-09-30,973.0
20260930,000000,73W,44,2026,9,30,0,28.400000000000002,145.1,97400.0,2026-09-30,2026-09-30,974.0
20260930,000000,73W,44,2026,9,30,0,29.7,145.6,97000.0,2026-09-30,2026-09-30,970.0
20260930,000000,73W,44,2026,9,30,0,31.900000000000002,146.5,96700.0,2026-09-30,2026-09-30,967.0
20260930,000000,73W,44,2026,9,30,0,33.3,147.9,96700.0,2026-09-30,2026-09-30,967.0
20260930,000000,73W,44,2026,9,30,0,35.300000000000004,149.9,96900.0,2026-09-30,2026-09-30,969.0
20260930,000000,73W,44,2026,9,30,0,37.0,152.4,97700.0,2026-09-30,2026-09-30,977.0
20260930,000000,73W,44,2026,9,30,0,38.5,156.4,98100.0,2026-09-30,2026-09-30,981.0
20260930,000000,73W,44,2026,9,30,0,40.6,161.8,98700.0,2026-09-30,2026-09-30,987.0
20260930,000000,73W,45,2026,9,30,0,23.900000000000002,120.2,101100.0,2026-09-30,2026-09-30,1011.0
20260930,000000,73W,45,2026,9,30,0,23.900000000000002,120.0,101100.0,2026-09-30,2026-09-30,1011.0
20260930,000000,73W,45,2026,9,30,0,24.1,120.10000000000001,101200.0,2026-09-30,2026-09-30,1012.0
20260930,000000,73W,45,2026,9,30,0,24.1,120.0,100900.0,2026-09-30,2026-09-30,1009.0
20260930,000000,73W,45,2026,9,30,0,24.1,120.0,101000.0,2026-09-30,2026-09-30,1010.0
20260930,000000,73W,46,2026,9,30,0,13.3,111.3,101100.0,2026-09-30,2026-09-30,1011.0
20260930,000000,73W,46,2026,9,30,0,13.9,111.0,101000.0,2026-09-30,2026-09-30,1010.0
20260930,000000,73W,48,2026,9,30,0,8.0,175.70000000000002,101000.0,2026-09-30,2026-09-30,1010.0
20260930,000000,73W,48,2026,9,30,0,8.8,178.8,101000.0,2026-09-30,2026-09-30,1010.0
20260930,000000,73W,49,2026,9,30,0,18.400000000000002,145.9,100600.0,2026-09-30,2026-09-30,1006.0
20260930,000000,73W,49,2026,9,30,0,19.0,149.6,100800.0,2026-09-30,2026-09-30,1008.0
20260930,000000,73W,49,2026,9,30,0,19.0,151.0,100600.0,2026-09-30,2026-09-30,1006.0
20260930,000000,73W,49,2026,9,30,0,19.7,150.5,100700.0,2026-09-30,2026-09-30,1007.0
20260930,000000,73W,49,2026,9,30,0,20.7,149.9,100500.0,2026-09-30,2026-09-30,1005.0
20260930,000000,73W,49,2026,9,30,0,21.5,148.20000000000002,100700.0,2026-09-30,2026-09-30,1007.0
20260930,000000,73W,49,2026,9,30,0,22.6,149.0,100600.0,2026-09-30,2026-09-30,1006.0
20260930,000000,73W,49,2026,9,30,0,24.900000000000002,148.70000000000002,100700.0,2026-09-30,2026-09-30,1007.0
20260930,000000,73W,49,2026,9,30,0,28.3,147.9,100500.0,2026-09-30,2026-09-30,1005.0
20260930,000000,73W,49,2026,9,30,0,29.400000000000002,148.70000000000002,100400.0,2026-09-30,2026-09-30,1004.0
20260930,000000,73W,49,2026,9,30,0,31.900000000000002,149.6,100000.0,2026-09-30,2026-09-30,1000.0
20260930,000000,73W,49,2026,9,30,0,37.800000000000004,151.3,100100.0,2026-09-30,2026-09-30,1001.0
20260930,000000,73W,50,2026,9,30,0,12.8,115.3,100800.0,2026-09-30,2026-09-30,1008.0
20260930,000000,73W,50,2026,9,30,0,13.3,112.5,100600.0,2026-09-30,2026-09-30,1006.0
20260930,000000,73W,50,2026,9,30,0,13.5,110.7,100700.0,2026-09-30,2026-09-30,1007.0
20260930,000000,73W,50,2026,9,30,0,13.6,111.9,100700.0,2026-09-30,2026-09-30,1007.0
20260930,000000,73W,50,2026,9,30,0,14.200000000000001,110.5,100700.0,2026-09-30,2026-09-30,1007.0
20260930,000000,73W,50,2026,9,30,0,14.200000000000001,109.60000000000001,100600.0,2026-09-30,2026-09-30,1006.0
20260930,000000,73W,50,2026,9,30,0,14.200000000000001,109.4,100700.0,2026-09-30,2026-09-30,1007.0
20260930,000000,73W,50,2026,9,30,0,14.5,109.60000000000001,100700.0,2026-09-30,2026-09-30,1007.0
20260930,000000,73W,50,2026,9,30,0,15.0,109.60000000000001,100800.0,2026-09-30,2026-09-30,1008.0
20260930,000000,73W,50,2026,9,30,0,15.6,111.3,100700.0,2026-09-30,2026-09-30,1007.0
20260930,000000,73W,50,2026,9,30,0,15.5,109.4,100800.0,2026-09-30,2026-09-30,1008.0
20260930,000000,73W,50,2026,9,30,0,16.1,108.8,100700.0,2026-09-30,2026-09-30,1007.0
20260930,000000,73W,50,2026,9,30,0,15.6,108.8,100900.0,2026-09-30,2026-09-30,1009.0
20260930,000000,73W,50,2026,9,30,0,15.9,109.10000000000001,100700.0,2026-09-30,2026-09-30,1007.0
20260930,000000,73W,50,2026,9,30,0,16.4,109.4,100700.0,2026-09-30,2026-09-30,1007.0
20260930,000000,73W,50,2026,9,30,0,16.9,109.4,100800.0,2026-09-30,2026-09-30,1008.0
20260930,000000,73W,50,2026,9,30,0,16.7,108.5,100600.0,2026-09-30,2026-09-30,1006.0
20260930,000000,73W,50,2026,9,30,0,16.3,109.10000000000001,100700.0,2026-09-30,2026-09-30,1007.0
20260930,000000,73W,50,2026,9,30,0,16.4,108.2,100700.0,2026-09-30,2026-09-30,1007.0
20260930,000000,73W,51,2026,9,30,0,23.900000000000002,120.0,101100.0,2026-09-30,2026-09-30,1011.0
20260930,000000,73W,51,2026,9,30,0,23.900000000000002,120.0,101200.0,2026-09-30,2026-09-30,1012.0
20260930,000000,73W,51,2026,9,30,0,23.8,120.10000000000001,101200.0,2026-09-30,2026-09-30,1012.0
20260930,000000,73W,51,2026,9,30,0,23.8,120.3,101000.0,2026-09-30,2026-09-30,1010.0
20260930,000000,74W,1,2026,9,30,0,12.1,162.6,100700.0,2026-09-30,2026-09-30,1007.0
20260930,000000,74W,1,2026,9,30,0,12.5,162.0,100600.0,2026-09-30,2026-09-30,1006.0
20260930,000000,74W,1,2026,9,30,0,12.8,162.5,100700.0,2026-09-30,2026-09-30,1007.0
20260930,000000,74W,1,2026,9,30,0,13.0,161.70000000000002,100500.0,2026-09-30,2026-09-30,1005.0
20260930,000000,74W,1,2026,9,30,0,12.8,160.8,100700.0,2026-09-30,2026-09-30,1007.0
20260930,000000,74W,1,2026,9,30,0,13.0,159.1,100600.0,2026-09-30,2026-09-30,1006.0
20260930,000000,74W,1,2026,9,30,0,13.0,158.0,100700.0,2026-09-30,2026-09-30,1007.0
20260930,000000,74W,1,2026,9,30,0,13.3,156.3,100600.0,2026-09-30,2026-09-30,1006.0
20260930,000000,74W,1,2026,9,30,0,15.0,156.70000000000002,100700.0,2026-09-30,2026-09-30,1007.0
20260930,000000,74W,1,2026,9,30,0,15.9,154.9,100600.0,2026-09-30,2026-09-30,1006.0
20260930,000000,74W,1,2026,9,30,0,15.9,153.0,100600.0,2026-09-30,2026-09-30,1006.0
20260930,000000,74W,1,2026,9,30,0,15.3,153.0,100300.0,2026-09-30,2026-09-30,1003.0
20260930,000000,74W,1,2026,9,30,0,15.9,152.4,100500.0,2026-09-30,2026-09-30,1005.0
20260930,000000,74W,1,2026,9,30,0,15.0,151.3,99800.0,2026-09-30,2026-09-30,998.0
20260930,000000,74W,1,2026,9,30,0,15.0,151.3,99900.0,2026-09-30,2026-09-30,999.0
20260930,000000,74W,1,2026,9,30,0,15.0,151.5,99600.0,2026-09-30,2026-09-30,996.0
20260930,000000,74W,1,2026,9,30,0,15.0,151.3,99700.0,2026-09-30,2026-09-30,997.0
20260930,000000,74W,1,2026,9,30,0,14.700000000000001,151.0,99100.0,2026-09-30,2026-09-30,991.0
20260930,000000,74W,1,2026,9,30,0,14.700000000000001,151.0,99100.0,2026-09-30,2026-09-30,991.0
20260930,000000,74W,1,2026,9,30,0,15.3,151.0,98700.0,2026-09-30,2026-09-30,987.0
20260930,000000,74W,1,2026,9,30,0,15.6,151.0,98200.0,2026-09-30,2026-09-30,982.0
20260930,000000,74W,1,2026,9,30,0,16.1,151.0,97800.0,2026-09-30,2026-09-30,978.0
20260930,000000,74W,1,2026,9,30,0,16.7,151.0,97200.0,2026-09-30,2026-09-30,972.0
20260930,000000,74W,1,2026,9,30,0,17.6,150.70000000000002,97200.0,2026-09-30,2026-09-30,972.0
20260930,000000,74W,1,2026,9,30,0,18.1,149.9,97400.0,2026-09-30,2026-09-30,974.0
20260930,000000,74W,1,2026,9,30,0,19.2,149.0,97200.0,2026-09-30,2026-09-30,972.0
20260930,000000,74W,1,2026,9,30,0,19.8,148.20000000000002,97000.0,2026-09-30,2026-09-30,970.0
20260930,000000,74W,2,2026,9,30,0,19.8,154.9,100300.0,2026-09-30,2026-09-30,1003.0
20260930,000000,74W,2,2026,9,30,0,20.7,151.0,100200.0,2026-09-30,2026-09-30,1002.0
20260930,000000,74W,2,2026,9,30,0,20.400000000000002,149.6,100300.0,2026-09-30,2026-09-30,1003.0
20260930,000000,74W,2,2026,9,30,0,20.7,148.70000000000002,100000.0,2026-09-30,2026-09-30,1000.0
20260930,000000,74W,2,2026,9,30,0,21.2,148.20000000000002,100200.0,2026-09-30,2026-09-30,1002.0
20260930,000000,74W,2,2026,9,30,0,22.1,146.8,100100.0,2026-09-30,2026-09-30,1001.0
20260930,000000,74W,2,2026,9,30,0,22.3,145.9,100200.0,2026-09-30,2026-09-30,1002.0
20260930,000000,74W,2,2026,9,30,0,22.0,145.1,100100.0,2026-09-30,2026-09-30,1001.0
20260930,000000,74W,2,2026,9,30,0,22.3,144.20000000000002,99900.0,2026-09-30,2026-09-30,999.0
20260930,000000,74W,2,2026,9,30,0,21.8,143.4,99800.0,2026-09-30,2026-09-30,998.0
20260930,000000,74W,2,2026,9,30,0,21.2,143.1,99900.0,2026-09-30,2026-09-30,999.0
20260930,000000,74W,2,2026,9,30,0,21.5,142.8,99400.0,2026-09-30,2026-09-30,994.0
20260930,000000,74W,2,2026,9,30,0,21.2,142.5,99400.0,2026-09-30,2026-09-30,994.0
20260930,000000,74W,2,2026,9,30,0,21.2,142.8,98900.0,2026-09-30,2026-09-30,989.0
20260930,000000,74W,2,2026,9,30,0,21.5,143.1,98700.0,2026-09-30,2026-09-30,987.0
20260930,000000,74W,2,2026,9,30,0,21.5,143.4,98400.0,2026-09-30,2026-09-30,984.0
20260930,000000,74W,2,2026,9,30,0,22.6,144.0,98100.0,2026-09-30,2026-09-30,981.0
20260930,000000,74W,2,2026,9,30,0,22.900000000000002,144.0,97000.0,2026-09-30,2026-09-30,970.0
20260930,000000,74W,2,2026,9,30,0,23.5,144.20000000000002,96400.0,2026-09-30,2026-09-30,964.0
20260930,000000,74W,2,2026,9,30,0,24.3,144.0,96700.0,2026-09-30,2026-09-30,967.0
20260930,000000,74W,2,2026,9,30,0,25.400000000000002,144.0,96600.0,2026-09-30,2026-09-30,966.0
20260930,000000,74W,2,2026,9,30,0,26.3,143.1,97200.0,2026-09-30,2026-09-30,972.0
20260930,000000,74W,2,2026,9,30,0,27.400000000000002,143.1,97000.0,2026-09-30,2026-09-30,970.0
20260930,000000,74W,2,2026,9,30,0,29.1,143.1,97400.0,2026-09-30,2026-09-30,974.0
20260930,000000,74W,2,2026,9,30,0,30.900000000000002,143.9,97300.0,2026-09-30,2026-09-30,973.0
20260930,000000,74W,3,2026,9,30,0,16.4,113.9,101100.0,2026-09-30,2026-09-30,1011.0
20260930,000000,74W,3,2026,9,30,0,14.700000000000001,113.0,101100.0,2026-09-30,2026-09-30,1011.0
20260930,000000,74W,3,2026,9,30,0,13.9,113.0,100900.0,2026-09-30,2026-09-30,1009.0
20260930,000000,74W,3,2026,9,30,0,14.200000000000001,113.9,101000.0,2026-09-30,2026-09-30,1010.0
20260930,000000,74W,3,2026,9,30,0,14.200000000000001,114.10000000000001,100900.0,2026-09-30,2026-09-30,1009.0
20260930,000000,74W,3,2026,9,30,0,12.8,113.3,100600.0,2026-09-30,2026-09-30,1006.0
20260930,000000,74W,3,2026,9,30,0,13.0,111.9,100500.0,2026-09-30,2026-09-30,1005.0
20260930,000000,74W,3,2026,9,30,0,12.8,111.9,100500.0,2026-09-30,2026-09-30,1005.0
20260930,000000,74W,3,2026,9,30,0,11.6,111.60000000000001,100100.0,2026-09-30,2026-09-30,1001.0
20260930,000000,74W,3,2026,9,30,0,11.6,110.8,100100.0,2026-09-30,2026-09-30,1001.0
20260930,000000,74W,3,2026,9,30,0,12.5,111.9,100000.0,2026-09-30,2026-09-30,1000.0
20260930,000000,74W,3,2026,9,30,0,12.5,110.8,99900.0,2026-09-30,2026-09-30,999.0
20260930,000000,74W,3,2026,9,30,0,12.8,110.8,99600.0,2026-09-30,2026-09-30,996.0
20260930,000000,74W,3,2026,9,30,0,13.3,110.5,99800.0,2026-09-30,2026-09-30,998.0
20260930,000000,74W,3,2026,9,30,0,13.9,109.9,99500.0,2026-09-30,2026-09-30,995.0
20260930,000000,74W,3,2026,9,30,0,14.5,109.10000000000001,100100.0,2026-09-30,2026-09-30,1001.0
20260930,000000,74W,3,2026,9,30,0,15.3,109.10000000000001,100400.0,2026-09-30,2026-09-30,1004.0
20260930,000000,74W,3,2026,9,30,0,15.6,108.5,100600.0,2026-09-30,2026-09-30,1006.0
20260930,000000,74W,3,2026,9,30,0,16.4,108.0,100800.0,2026-09-30,2026-09-30,1008.0
20260930,000000,74W,3,2026,9,30,0,17.5,107.10000000000001,100900.0,2026-09-30,2026-09-30,1009.0
20260930,000000,74W,3,2026,9,30,0,17.6,108.2,100900.0,2026-09-30,2026-09-30,1009.0
20260930,000000,74W,3,2026,9,30,0,19.5,107.10000000000001,101200.0,2026-09-30,2026-09-30,1012.0
20260930,000000,74W,3,2026,9,30,0,19.5,107.4,101100.0,2026-09-30,2026-09-30,1011.0
20260930,000000,74W,3,2026,9,30,0,19.8,107.5,101300.0,2026-09-30,2026-09-30,1013.0
20260930,000000,74W,4,2026,9,30,0,15.6,155.5,100800.0,2026-09-30,2026-09-30,1008.0
20260930,000000,74W,4,2026,9,30,0,13.9,155.8,100600.0,2026-09-30,2026-09-30,1006.0
20260930,000000,74W,4,2026,9,30,0,14.700000000000001,155.5,100700.0,2026-09-30,2026-09-30,1007.0
20260930,000000,74W,4,2026,9,30,0,15.0,155.5,100500.0,2026-09-30,2026-09-30,1005.0
20260930,000000,74W,4,2026,9,30,0,15.0,155.8,100800.0,2026-09-30,2026-09-30,1008.0
20260930,000000,74W,4,2026,9,30,0,17.0,154.4,100800.0,2026-09-30,2026-09-30,1008.0
20260930,000000,74W,4,2026,9,30,0,18.1,152.70000000000002,100600.0,2026-09-30,2026-09-30,1006.0
20260930,000000,74W,4,2026,9,30,0,18.7,151.8,100800.0,2026-09-30,2026-09-30,1008.0
20260930,000000,74W,4,2026,9,30,0,19.2,150.70000000000002,100600.0,2026-09-30,2026-09-30,1006.0
20260930,000000,74W,4,2026,9,30,0,19.5,148.70000000000002,100700.0,2026-09-30,2026-09-30,1007.0
20260930,000000,74W,4,2026,9,30,0,18.400000000000002,147.9,100500.0,2026-09-30,2026-09-30,1005.0
20260930,000000,74W,4,2026,9,30,0,19.7,147.5,100700.0,2026-09-30,2026-09-30,1007.0
20260930,000000,74W,4,2026,9,30,0,19.900000000000002,146.70000000000002,100500.0,2026-09-30,2026-09-30,1005.0
20260930,000000,74W,4,2026,9,30,0,19.5,146.8,100600.0,2026-09-30,2026-09-30,1006.0
20260930,000000,74W,4,2026,9,30,0,20.5,146.0,100300.0,2026-09-30,2026-09-30,1003.0
20260930,000000,74W,4,2026,9,30,0,20.7,145.6,100400.0,2026-09-30,2026-09-30,1004.0
20260930,000000,74W,4,2026,9,30,0,20.7,145.6,100300.0,2026-09-30,2026-09-30,1003.0
20260930,000000,74W,4,2026,9,30,0,20.7,145.9,100500.0,2026-09-30,2026-09-30,1005.0
20260930,000000,74W,4,2026,9,30,0,21.2,146.5,100200.0,2026-09-30,2026-09-30,1002.0
20260930,000000,74W,4,2026,9,30,0,21.8,146.8,100500.0,2026-09-30,2026-09-30,1005.0
20260930,000000,74W,4,2026,9,30,0,21.5,147.0,100200.0,2026-09-30,2026-09-30,1002.0
20260930,000000,74W,4,2026,9,30,0,21.8,147.0,100400.0,2026-09-30,2026-09-30,1004.0
20260930,000000,74W,4,2026,9,30,0,22.1,147.0,100100.0,2026-09-30,2026-09-30,1001.0
20260930,000000,74W,4,2026,9,30,0,22.6,146.8,100300.0,2026-09-30,2026-09-30,1003.0
20260930,000000,74W,4,2026,9,30,0,23.2,146.8,100100.0,2026-09-30,2026-09-30,1001.0
20260930,000000,74W,4,2026,9,30,0,24.6,147.0,100300.0,2026-09-30,2026-09-30,1003.0
20260930,000000,74W,5,2026,9,30,0,14.5,139.5,100800.0,2026-09-30,2026-09-30,1008.0
20260930,000000,74W,5,2026,9,30,0,14.5,140.3,101000.0,2026-09-30,2026-09-30,1010.0
20260930,000000,74W,7,2026,9,30,0,15.3,157.70000000000002,101100.0,2026-09-30,2026-09-30,1011.0
20260930,000000,74W,7,2026,9,30,0,15.0,159.70000000000002,100800.0,2026-09-30,2026-09-30,1008.0
20260930,000000,74W,7,2026,9,30,0,15.6,160.5,100900.0,2026-09-30,2026-09-30,1009.0
20260930,000000,74W,7,2026,9,30,0,15.3,160.0,100700.0,2026-09-30,2026-09-30,1007.0
20260930,000000,74W,7,2026,9,30,0,15.1,159.9,100600.0,2026-09-30,2026-09-30,1006.0
20260930,000000,74W,7,2026,9,30,0,15.0,160.8,100300.0,2026-09-30,2026-09-30,1003.0
20260930,000000,74W,7,2026,9,30,0,14.5,160.20000000000002,100200.0,2026-09-30,2026-09-30,1002.0
20260930,000000,74W,7,2026,9,30,0,13.9,160.3,100000.0,2026-09-30,2026-09-30,1000.0
20260930,000000,74W,7,2026,9,30,0,13.3,160.8,100200.0,2026-09-30,2026-09-30,1002.0
20260930,000000,74W,7,2026,9,30,0,12.8,161.4,99900.0,2026-09-30,2026-09-30,999.0
20260930,000000,74W,8,2026,9,30,0,15.9,115.8,101100.0,2026-09-30,2026-09-30,1011.0
20260930,000000,74W,8,2026,9,30,0,13.3,111.0,100900.0,2026-09-30,2026-09-30,1009.0
20260930,000000,74W,8,2026,9,30,0,13.6,111.9,100900.0,2026-09-30,2026-09-30,1009.0
20260930,000000,74W,8,2026,9,30,0,13.6,111.0,100900.0,2026-09-30,2026-09-30,1009.0
20260930,000000,74W,8,2026,9,30,0,13.9,109.60000000000001,100800.0,2026-09-30,2026-09-30,1008.0
20260930,000000,74W,8,2026,9,30,0,13.9,109.4,100800.0,2026-09-30,2026-09-30,1008.0
20260930,000000,74W,8,2026,9,30,0,14.9,109.60000000000001,100900.0,2026-09-30,2026-09-30,1009.0
20260930,000000,74W,8,2026,9,30,0,14.9,109.5,101000.0,2026-09-30,2026-09-30,1010.0
20260930,000000,74W,10,2026,9,30,0,7.1000000000000005,169.8,100700.0,2026-09-30,2026-09-30,1007.0
20260930,000000,74W,10,2026,9,30,0,9.1,170.1,100800.0,2026-09-30,2026-09-30,1008.0
20260930,000000,74W,10,2026,9,30,0,10.0,169.5,100800.0,2026-09-30,2026-09-30,1008.0
20260930,000000,74W,10,2026,9,30,0,8.3,168.1,100800.0,2026-09-30,2026-09-30,1008.0
20260930,000000,74W,10,2026,9,30,0,8.3,168.4,100800.0,2026-09-30,2026-09-30,1008.0
20260930,000000,74W,10,2026,9,30,0,9.5,167.8,100800.0,2026-09-30,2026-09-30,1008.0
20260930,000000,74W,10,2026,9,30,0,9.1,168.1,100600.0,2026-09-30,2026-09-30,1006.0
20260930,000000,74W,10,2026,9,30,0,11.4,168.70000000000002,100700.0,2026-09-30,2026-09-30,1007.0
20260930,000000,74W,10,2026,9,30,0,11.4,168.70000000000002,100600.0,2026-09-30,2026-09-30,1006.0
20260930,000000,74W,10,2026,9,30,0,13.0,166.70000000000002,100700.0,2026-09-30,2026-09-30,1007.0
20260930,000000,74W,10,2026,9,30,0,13.0,167.3,100600.0,2026-09-30,2026-09-30,1006.0
20260930,000000,74W,10,2026,9,30,0,14.5,165.6,100700.0,2026-09-30,2026-09-30,1007.0
20260930,000000,74W,10,2026,9,30,0,15.3,163.9,100300.0,2026-09-30,2026-09-30,1003.0
20260930,000000,74W,10,2026,9,30,0,15.3,163.4,100400.0,2026-09-30,2026-09-30,1004.0
20260930,000000,74W,10,2026,9,30,0,16.7,161.4,100700.0,2026-09-30,2026-09-30,1007.0
20260930,000000,74W,10,2026,9,30,0,17.0,159.1,100400.0,2026-09-30,2026-09-30,1004.0
20260930,000000,74W,10,2026,9,30,0,17.8,158.0,100500.0,2026-09-30,2026-09-30,1005.0
20260930,000000,74W,10,2026,9,30,0,19.0,156.0,100400.0,2026-09-30,2026-09-30,1004.0
20260930,000000,74W,10,2026,9,30,0,20.1,154.1,100700.0,2026-09-30,2026-09-30,1007.0
20260930,000000,74W,10,2026,9,30,0,20.8,151.8,100500.0,2026-09-30,2026-09-30,1005.0
20260930,000000,74W,10,2026,9,30,0,22.1,149.9,100800.0,2026-09-30,2026-09-30,1008.0
20260930,000000,74W,10,2026,9,30,0,22.900000000000002,147.6,100600.0,2026-09-30,2026-09-30,1006.0
20260930,000000,74W,10,2026,9,30,0,23.5,145.9,100800.0,2026-09-30,2026-09-30,1008.0
20260930,000000,74W,10,2026,9,30,0,24.6,144.20000000000002,100800.0,2026-09-30,2026-09-30,1008.0
20260930,000000,74W,10,2026,9,30,0,25.7,144.0,100900.0,2026-09-30,2026-09-30,1009.0
20260930,000000,74W,10,2026,9,30,0,27.1,143.4,100700.0,2026-09-30,2026-09-30,1007.0
20260930,000000,74W,10,2026,9,30,0,28.5,143.70000000000002,100900.0,2026-09-30,2026-09-30,1009.0
20260930,000000,74W,10,2026,9,30,0,30.5,145.6,100600.0,2026-09-30,2026-09-30,1006.0
20260930,000000,74W,10,2026,9,30,0,32.2,147.6,100600.0,2026-09-30,2026-09-30,1006.0
20260930,000000,74W,10,2026,9,30,0,33.0,149.3,100700.0,2026-09-30,2026-09-30,1007.0
20260930,000000,74W,10,2026,9,30,0,33.6,151.3,101100.0,2026-09-30,2026-09-30,1011.0
20260930,000000,74W,11,2026,9,30,0,17.3,153.5,100800.0,2026-09-30,2026-09-30,1008.0
20260930,000000,74W,11,2026,9,30,0,17.3,153.0,100900.0,2026-09-30,2026-09-30,1009.0
20260930,000000,74W,11,2026,9,30,0,17.8,151.8,101000.0,2026-09-30,2026-09-30,1010.0
20260930,000000,74W,11,2026,9,30,0,17.8,151.0,100700.0,2026-09-30,2026-09-30,1007.0
20260930,000000,74W,11,2026,9,30,0,17.8,150.70000000000002,101000.0,2026-09-30,2026-09-30,1010.0
20260930,000000,74W,11,2026,9,30,0,17.3,148.70000000000002,100800.0,2026-09-30,2026-09-30,1008.0
20260930,000000,74W,11,2026,9,30,0,17.6,149.0,100800.0,2026-09-30,2026-09-30,1008.0
20260930,000000,74W,11,2026,9,30,0,18.1,147.9,100500.0,2026-09-30,2026-09-30,1005.0
20260930,000000,74W,11,2026,9,30,0,18.1,146.8,100500.0,2026-09-30,2026-09-30,1005.0
20260930,000000,74W,11,2026,9,30,0,19.2,145.9,100700.0,2026-09-30,2026-09-30,1007.0
20260930,000000,74W,11,2026,9,30,0,19.8,145.1,100500.0,2026-09-30,2026-09-30,1005.0
20260930,000000,74W,11,2026,9,30,0,19.8,144.6,100600.0,2026-09-30,2026-09-30,1006.0
20260930,000000,74W,11,2026,9,30,0,19.5,144.5,100500.0,2026-09-30,2026-09-30,1005.0
20260930,000000,74W,11,2026,9,30,0,20.900000000000002,143.1,100700.0,2026-09-30,2026-09-30,1007.0
20260930,000000,74W,11,2026,9,30,0,21.5,142.8,100800.0,2026-09-30,2026-09-30,1008.0
20260930,000000,74W,12,2026,9,30,0,8.3,179.1,100700.0,2026-09-30,2026-09-30,1007.0
20260930,000000,74W,12,2026,9,30,0,9.4,177.70000000000002,100800.0,2026-09-30,2026-09-30,1008.0
20260930,000000,74W,12,2026,9,30,0,10.0,177.1,100800.0,2026-09-30,2026-09-30,1008.0
20260930,000000,74W,12,2026,9,30,0,10.5,176.9,100900.0,2026-09-30,2026-09-30,1009.0
20260930,000000,74W,12,2026,9,30,0,10.1,177.1,100700.0,2026-09-30,2026-09-30,1007.0
20260930,000000,74W,12,2026,9,30,0,11.1,177.70000000000002,100700.0,2026-09-30,2026-09-30,1007.0
20260930,000000,74W,12,2026,9,30,0,9.1,179.4,100700.0,2026-09-30,2026-09-30,1007.0
20260930,000000,74W,12,2026,9,30,0,10.200000000000001,179.4,100600.0,2026-09-30,2026-09-30,1006.0
20260930,000000,74W,13,2026,9,30,0,13.3,163.1,100700.0,2026-09-30,2026-09-30,1007.0
20260930,000000,74W,13,2026,9,30,0,10.8,163.6,100700.0,2026-09-30,2026-09-30,1007.0
20260930,000000,74W,13,2026,9,30,0,10.8,164.5,100900.0,2026-09-30,2026-09-30,1009.0
20260930,000000,74W,13,2026,9,30,0,10.8,163.6,100700.0,2026-09-30,2026-09-30,1007.0
20260930,000000,74W,13,2026,9,30,0,10.5,163.9,100800.0,2026-09-30,2026-09-30,1008.0
20260930,000000,74W,13,2026,9,30,0,10.0,164.5,100700.0,2026-09-30,2026-09-30,1007.0
20260930,000000,74W,13,2026,9,30,0,10.8,165.9,100800.0,2026-09-30,2026-09-30,1008.0
20260930,000000,74W,13,2026,9,30,0,11.200000000000001,166.3,100700.0,2026-09-30,2026-09-30,1007.0
20260930,000000,74W,13,2026,9,30,0,12.200000000000001,165.9,100800.0,2026-09-30,2026-09-30,1008.0
20260930,000000,74W,13,2026,9,30,0,12.5,164.5,100700.0,2026-09-30,2026-09-30,1007.0
20260930,000000,74W,13,2026,9,30,0,12.5,163.1,100800.0,2026-09-30,2026-09-30,1008.0
20260930,000000,74W,13,2026,9,30,0,13.3,161.4,100700.0,2026-09-30,2026-09-30,1007.0
20260930,000000,74W,13,2026,9,30,0,13.6,159.4,100800.0,2026-09-30,2026-09-30,1008.0
20260930,000000,74W,13,2026,9,30,0,13.3,158.9,100500.0,2026-09-30,2026-09-30,1005.0
20260930,000000,74W,13,2026,9,30,0,13.0,158.3,100700.0,2026-09-30,2026-09-30,1007.0
20260930,000000,74W,13,2026,9,30,0,13.6,156.9,100500.0,2026-09-30,2026-09-30,1005.0
20260930,000000,74W,13,2026,9,30,0,13.9,156.3,100700.0,2026-09-30,2026-09-30,1007.0
20260930,000000,74W,14,2026,9,30,0,15.6,120.9,100800.0,2026-09-30,2026-09-30,1008.0
20260930,000000,74W,14,2026,9,30,0,15.3,118.9,101000.0,2026-09-30,2026-09-30,1010.0
20260930,000000,74W,14,2026,9,30,0,16.8,120.0,100800.0,2026-09-30,2026-09-30,1008.0
20260930,000000,74W,14,2026,9,30,0,16.1,118.10000000000001,100900.0,2026-09-30,2026-09-30,1009.0
20260930,000000,74W,14,2026,9,30,0,17.3,119.2,101200.0,2026-09-30,2026-09-30,1012.0
20260930,000000,74W,14,2026,9,30,0,16.7,119.9,101000.0,2026-09-30,2026-09-30,1010.0
20260930,000000,74W,14,2026,9,30,0,17.3,117.8,101100.0,2026-09-30,2026-09-30,1011.0
20260930,000000,74W,14,2026,9,30,0,16.7,115.8,101200.0,2026-09-30,2026-09-30,1012.0
20260930,000000,74W,14,2026,9,30,0,15.0,114.7,101300.0,2026-09-30,2026-09-30,1013.0
20260930,000000,74W,14,2026,9,30,0,16.7,113.9,101100.0,2026-09-30,2026-09-30,1011.0
20260930,000000,74W,14,2026,9,30,0,16.7,113.0,101200.0,2026-09-30,2026-09-30,1012.0
20260930,000000,74W,14,2026,9,30,0,16.7,112.5,101000.0,2026-09-30,2026-09-30,1010.0
20260930,000000,74W,14,2026,9,30,0,16.4,112.5,101100.0,2026-09-30,2026-09-30,1011.0
20260930,000000,74W,14,2026,9,30,0,17.0,111.9,101000.0,2026-09-30,2026-09-30,1010.0
20260930,000000,74W,14,2026,9,30,0,16.7,111.0,101000.0,2026-09-30,2026-09-30,1010.0
20260930,000000,74W,14,2026,9,30,0,15.9,111.3,100900.0,2026-09-30,2026-09-30,1009.0
20260930,000000,74W,14,2026,9,30,0,15.6,111.60000000000001,100800.0,2026-09-30,2026-09-30,1008.0
20260930,000000,74W,14,2026,9,30,0,16.1,111.3,100800.0,2026-09-30,2026-09-30,1008.0
20260930,000000,74W,14,2026,9,30,0,16.4,110.5,100800.0,2026-09-30,2026-09-30,1008.0
20260930,000000,74W,14,2026,9,30,0,16.1,110.8,100700.0,2026-09-30,2026-09-30,1007.0
20260930,000000,74W,14,2026,9,30,0,17.6,111.3,100700.0,2026-09-30,2026-09-30,1007.0
20260930,000000,74W,14,2026,9,30,0,18.400000000000002,111.0,100800.0,2026-09-30,2026-09-30,1008.0
20260930,000000,74W,14,2026,9,30,0,19.2,111.0,100800.0,2026-09-30,2026-09-30,1008.0
20260930,000000,74W,14,2026,9,30,0,20.1,110.8,101000.0,2026-09-30,2026-09-30,1010.0
20260930,000000,74W,14,2026,9,30,0,20.400000000000002,110.8,101000.0,2026-09-30,2026-09-30,1010.0
20260930,000000,74W,14,2026,9,30,0,21.2,110.8,101200.0,2026-09-30,2026-09-30,1012.0
20260930,000000,74W,15,2026,9,30,0,10.200000000000001,174.6,100500.0,2026-09-30,2026-09-30,1005.0
20260930,000000,74W,15,2026,9,30,0,10.0,175.70000000000002,100600.0,2026-09-30,2026-09-30,1006.0
20260930,000000,74W,15,2026,9,30,0,10.0,176.3,100400.0,2026-09-30,2026-09-30,1004.0
20260930,000000,74W,15,2026,9,30,0,10.8,176.3,100300.0,2026-09-30,2026-09-30,1003.0
20260930,000000,74W,15,2026,9,30,0,10.5,175.20000000000002,100400.0,2026-09-30,2026-09-30,1004.0
20260930,000000,74W,15,2026,9,30,0,11.6,173.8,100300.0,2026-09-30,2026-09-30,1003.0
20260930,000000,74W,15,2026,9,30,0,11.1,175.70000000000002,100400.0,2026-09-30,2026-09-30,1004.0
20260930,000000,74W,15,2026,9,30,0,11.6,176.0,100400.0,2026-09-30,2026-09-30,1004.0
20260930,000000,74W,15,2026,9,30,0,12.5,174.9,100500.0,2026-09-30,2026-09-30,1005.0
20260930,000000,74W,15,2026,9,30,0,12.5,174.6,100300.0,2026-09-30,2026-09-30,1003.0
20260930,000000,74W,15,2026,9,30,0,12.5,173.8,100200.0,2026-09-30,2026-09-30,1002.0
20260930,000000,74W,16,2026,9,30,0,19.8,160.3,100600.0,2026-09-30,2026-09-30,1006.0
20260930,000000,74W,16,2026,9,30,0,19.2,160.5,100600.0,2026-09-30,2026-09-30,1006.0
20260930,000000,74W,16,2026,9,30,0,18.1,161.1,100700.0,2026-09-30,2026-09-30,1007.0
20260930,000000,74W,16,2026,9,30,0,17.8,160.5,100400.0,2026-09-30,2026-09-30,1004.0
20260930,000000,74W,16,2026,9,30,0,17.0,160.5,100400.0,2026-09-30,2026-09-30,1004.0
20260930,000000,74W,16,2026,9,30,0,17.0,160.0,100200.0,2026-09-30,2026-09-30,1002.0
20260930,000000,74W,16,2026,9,30,0,15.6,160.0,100300.0,2026-09-30,2026-09-30,1003.0
20260930,000000,74W,16,2026,9,30,0,15.9,160.0,99800.0,2026-09-30,2026-09-30,998.0
20260930,000000,74W,16,2026,9,30,0,15.9,158.9,100000.0,2026-09-30,2026-09-30,1000.0
20260930,000000,74W,16,2026,9,30,0,16.1,159.1,99700.0,2026-09-30,2026-09-30,997.0
20260930,000000,74W,16,2026,9,30,0,17.1,159.4,99700.0,2026-09-30,2026-09-30,997.0
20260930,000000,74W,16,2026,9,30,0,18.400000000000002,158.3,99400.0,2026-09-30,2026-09-30,994.0
20260930,000000,74W,16,2026,9,30,0,19.0,158.0,99600.0,2026-09-30,2026-09-30,996.0
20260930,000000,74W,16,2026,9,30,0,20.400000000000002,157.20000000000002,99300.0,2026-09-30,2026-09-30,993.0
20260930,000000,74W,16,2026,9,30,0,21.2,156.0,99200.0,2026-09-30,2026-09-30,992.0
20260930,000000,74W,16,2026,9,30,0,22.6,155.8,98900.0,2026-09-30,2026-09-30,989.0
20260930,000000,74W,16,2026,9,30,0,23.5,154.9,98700.0,2026-09-30,2026-09-30,987.0
20260930,000000,74W,16,2026,9,30,0,24.900000000000002,154.6,98100.0,2026-09-30,2026-09-30,981.0
20260930,000000,74W,16,2026,9,30,0,26.0,153.8,98000.0,2026-09-30,2026-09-30,980.0
20260930,000000,74W,16,2026,9,30,0,27.400000000000002,153.8,98200.0,2026-09-30,2026-09-30,982.0
20260930,000000,74W,16,2026,9,30,0,28.8,153.8,98200.0,2026-09-30,2026-09-30,982.0
20260930,000000,74W,16,2026,9,30,0,30.8,154.6,98000.0,2026-09-30,2026-09-30,980.0
20260930,000000,74W,16,2026,9,30,0,32.8,155.4,97900.0,2026-09-30,2026-09-30,979.0
20260930,000000,74W,16,2026,9,30,0,34.5,157.6,97900.0,2026-09-30,2026-09-30,979.0
20260930,000000,74W,16,2026,9,30,0,37.300000000000004,160.3,97900.0,2026-09-30,2026-09-30,979.0
20260930,000000,74W,17,2026,9,30,0,11.6,162.5,100700.0,2026-09-30,2026-09-30,1007.0
20260930,000000,74W,17,2026,9,30,0,11.6,162.5,100800.0,2026-09-30,2026-09-30,1008.0
20260930,000000,74W,17,2026,9,30,0,11.9,163.6,100700.0,2026-09-30,2026-09-30,1007.0
20260930,000000,74W,17,2026,9,30,0,12.200000000000001,162.5,100500.0,2026-09-30,2026-09-30,1005.0
20260930,000000,74W,17,2026,9,30,0,12.8,162.20000000000002,100600.0,2026-09-30,2026-09-30,1006.0
20260930,000000,74W,17,2026,9,30,0,13.6,163.1,100500.0,2026-09-30,2026-09-30,1005.0
20260930,000000,74W,17,2026,9,30,0,15.4,160.5,100500.0,2026-09-30,2026-09-30,1005.0
20260930,000000,74W,17,2026,9,30,0,15.8,160.0,100500.0,2026-09-30,2026-09-30,1005.0
20260930,000000,74W,17,2026,9,30,0,15.6,158.3,100300.0,2026-09-30,2026-09-30,1003.0
20260930,000000,74W,17,2026,9,30,0,15.6,159.4,100400.0,2026-09-30,2026-09-30,1004.0
20260930,000000,74W,17,2026,9,30,0,16.7,160.0,100400.0,2026-09-30,2026-09-30,1004.0
20260930,000000,74W,17,2026,9,30,0,18.1,157.70000000000002,100500.0,2026-09-30,2026-09-30,1005.0
20260930,000000,74W,17,2026,9,30,0,18.400000000000002,156.0,100700.0,2026-09-30,2026-09-30,1007.0
20260930,000000,74W,17,2026,9,30,0,19.0,155.5,100500.0,2026-09-30,2026-09-30,1005.0
20260930,000000,74W,17,2026,9,30,0,18.1,154.4,100500.0,2026-09-30,2026-09-30,1005.0
20260930,000000,74W,17,2026,9,30,0,17.6,153.8,100500.0,2026-09-30,2026-09-30,1005.0
20260930,000000,74W,17,2026,9,30,0,16.4,154.4,100000.0,2026-09-30,2026-09-30,1000.0
20260930,000000,74W,17,2026,9,30,0,16.3,154.9,100100.0,2026-09-30,2026-09-30,1001.0
20260930,000000,74W,17,2026,9,30,0,16.1,155.20000000000002,99400.0,2026-09-30,2026-09-30,994.0
20260930,000000,74W,17,2026,9,30,0,17.3,154.1,99600.0,2026-09-30,2026-09-30,996.0
20260930,000000,74W,17,2026,9,30,0,17.8,153.8,99300.0,2026-09-30,2026-09-30,993.0
20260930,000000,74W,17,2026,9,30,0,18.7,153.5,99500.0,2026-09-30,2026-09-30,995.0
20260930,000000,74W,17,2026,9,30,0,20.400000000000002,151.8,99000.0,2026-09-30,2026-09-30,990.0
20260930,000000,74W,17,2026,9,30,0,21.5,151.0,98800.0,2026-09-30,2026-09-30,988.0
20260930,000000,74W,17,2026,9,30,0,22.3,150.4,98100.0,2026-09-30,2026-09-30,981.0
20260930,000000,74W,17,2026,9,30,0,23.8,149.9,98100.0,2026-09-30,2026-09-30,981.0
20260930,000000,74W,17,2026,9,30,0,25.400000000000002,149.6,97900.0,2026-09-30,2026-09-30,979.0
20260930,000000,74W,17,2026,9,30,0,27.400000000000002,150.1,97900.0,2026-09-30,2026-09-30,979.0
20260930,000000,74W,17,2026,9,30,0,30.0,150.70000000000002,98000.0,2026-09-30,2026-09-30,980.0
20260930,000000,74W,17,2026,9,30,0,32.1,151.9,97400.0,2026-09-30,2026-09-30,974.0
20260930,000000,74W,17,2026,9,30,0,34.2,153.20000000000002,97500.0,2026-09-30,2026-09-30,975.0
20260930,000000,74W,17,2026,9,30,0,36.4,156.3,97400.0,2026-09-30,2026-09-30,974.0
20260930,000000,74W,18,2026,9,30,0,15.0,118.9,101100.0,2026-09-30,2026-09-30,1011.0
20260930,000000,74W,18,2026,9,30,0,15.3,117.0,101100.0,2026-09-30,2026-09-30,1011.0
20260930,000000,74W,18,2026,9,30,0,13.9,116.10000000000001,101100.0,2026-09-30,2026-09-30,1011.0
20260930,000000,74W,18,2026,9,30,0,13.3,117.2,101000.0,2026-09-30,2026-09-30,1010.0
20260930,000000,74W,18,2026,9,30,0,13.6,117.2,101000.0,2026-09-30,2026-09-30,1010.0
20260930,000000,74W,18,2026,9,30,0,12.5,115.5,101100.0,2026-09-30,2026-09-30,1011.0
20260930,000000,74W,18,2026,9,30,0,12.5,116.4,100900.0,2026-09-30,2026-09-30,1009.0
20260930,000000,74W,18,2026,9,30,0,13.0,115.5,100700.0,2026-09-30,2026-09-30,1007.0
20260930,000000,74W,18,2026,9,30,0,11.6,114.10000000000001,100900.0,2026-09-30,2026-09-30,1009.0
20260930,000000,74W,18,2026,9,30,0,13.0,113.60000000000001,100700.0,2026-09-30,2026-09-30,1007.0
20260930,000000,74W,18,2026,9,30,0,13.6,112.2,100700.0,2026-09-30,2026-09-30,1007.0
20260930,000000,74W,18,2026,9,30,0,13.6,112.2,100700.0,2026-09-30,2026-09-30,1007.0
20260930,000000,74W,18,2026,9,30,0,13.6,110.8,100700.0,2026-09-30,2026-09-30,1007.0
20260930,000000,74W,18,2026,9,30,0,13.9,110.2,100600.0,2026-09-30,2026-09-30,1006.0
20260930,000000,74W,18,2026,9,30,0,13.9,109.9,100700.0,2026-09-30,2026-09-30,1007.0
20260930,000000,74W,18,2026,9,30,0,13.9,109.9,100600.0,2026-09-30,2026-09-30,1006.0
20260930,000000,74W,18,2026,9,30,0,14.5,109.8,100800.0,2026-09-30,2026-09-30,1008.0
20260930,000000,74W,18,2026,9,30,0,14.5,109.5,100700.0,2026-09-30,2026-09-30,1007.0
20260930,000000,74W,18,2026,9,30,0,15.6,110.2,100700.0,2026-09-30,2026-09-30,1007.0
20260930,000000,74W,18,2026,9,30,0,16.4,113.0,100700.0,2026-09-30,2026-09-30,1007.0
20260930,000000,74W,18,2026,9,30,0,16.7,111.9,100700.0,2026-09-30,2026-09-30,1007.0
20260930,000000,74W,18,2026,9,30,0,15.6,111.0,100600.0,2026-09-30,2026-09-30,1006.0
20260930,000000,74W,18,2026,9,30,0,15.3,112.5,100400.0,2026-09-30,2026-09-30,1004.0
20260930,000000,74W,18,2026,9,30,0,16.4,110.2,100000.0,2026-09-30,2026-09-30,1000.0
20260930,000000,74W,18,2026,9,30,0,16.7,109.4,100000.0,2026-09-30,2026-09-30,1000.0
20260930,000000,74W,18,2026,9,30,0,17.0,108.8,99900.0,2026-09-30,2026-09-30,999.0
20260930,000000,74W,18,2026,9,30,0,16.7,108.0,100100.0,2026-09-30,2026-09-30,1001.0
20260930,000000,74W,19,2026,9,30,0,10.0,167.9,100800.0,2026-09-30,2026-09-30,1008.0
20260930,000000,74W,19,2026,9,30,0,10.8,166.5,100700.0,2026-09-30,2026-09-30,1007.0
20260930,000000,74W,19,2026,9,30,0,10.0,166.20000000000002,100700.0,2026-09-30,2026-09-30,1007.0
20260930,000000,74W,19,2026,9,30,0,11.9,166.5,100600.0,2026-09-30,2026-09-30,1006.0
20260930,000000,74W,19,2026,9,30,0,12.200000000000001,164.5,100400.0,2026-09-30,2026-09-30,1004.0
20260930,000000,74W,20,2026,9,30,0,15.3,158.9,100900.0,2026-09-30,2026-09-30,1009.0
20260930,000000,74W,20,2026,9,30,0,15.6,158.3,101100.0,2026-09-30,2026-09-30,1011.0
20260930,000000,74W,20,2026,9,30,0,15.0,158.9,100800.0,2026-09-30,2026-09-30,1008.0
20260930,000000,74W,20,2026,9,30,0,15.0,159.1,100800.0,2026-09-30,2026-09-30,1008.0
20260930,000000,74W,20,2026,9,30,0,15.0,159.70000000000002,100600.0,2026-09-30,2026-09-30,1006.0
20260930,000000,74W,20,2026,9,30,0,14.5,160.3,100600.0,2026-09-30,2026-09-30,1006.0
20260930,000000,74W,20,2026,9,30,0,13.9,160.5,100200.0,2026-09-30,2026-09-30,1002.0
20260930,000000,74W,20,2026,9,30,0,13.6,160.5,100200.0,2026-09-30,2026-09-30,1002.0
20260930,000000,74W,20,2026,9,30,0,13.6,160.8,99800.0,2026-09-30,2026-09-30,998.0
20260930,000000,74W,20,2026,9,30,0,12.8,160.5,100100.0,2026-09-30,2026-09-30,1001.0
20260930,000000,74W,20,2026,9,30,0,11.9,161.1,99800.0,2026-09-30,2026-09-30,998.0
20260930,000000,74W,20,2026,9,30,0,12.200000000000001,161.70000000000002,99900.0,2026-09-30,2026-09-30,999.0
20260930,000000,74W,20,2026,9,30,0,11.6,161.70000000000002,99600.0,2026-09-30,2026-09-30,996.0
20260930,000000,74W,20,2026,9,30,0,11.9,161.4,99700.0,2026-09-30,2026-09-30,997.0
20260930,000000,74W,20,2026,9,30,0,11.9,161.70000000000002,99500.0,2026-09-30,2026-09-30,995.0
20260930,000000,74W,20,2026,9,30,0,12.200000000000001,161.70000000000002,99600.0,2026-09-30,2026-09-30,996.0
20260930,000000,74W,20,2026,9,30,0,13.0,161.1,99400.0,2026-09-30,2026-09-30,994.0
20260930,000000,74W,20,2026,9,30,0,13.3,162.0,99200.0,2026-09-30,2026-09-30,992.0
20260930,000000,74W,20,2026,9,30,0,14.5,161.70000000000002,99000.0,2026-09-30,2026-09-30,990.0
20260930,000000,74W,20,2026,9,30,0,15.3,161.4,99100.0,2026-09-30,2026-09-30,991.0
20260930,000000,74W,20,2026,9,30,0,15.9,160.8,98800.0,2026-09-30,2026-09-30,988.0
20260930,000000,74W,20,2026,9,30,0,16.7,160.5,99400.0,2026-09-30,2026-09-30,994.0
20260930,000000,74W,20,2026,9,30,0,17.6,160.0,98900.0,2026-09-30,2026-09-30,989.0
20260930,000000,74W,20,2026,9,30,0,18.400000000000002,159.4,98900.0,2026-09-30,2026-09-30,989.0
20260930,000000,74W,20,2026,9,30,0,19.2,158.3,98800.0,2026-09-30,2026-09-30,988.0
20260930,000000,74W,20,2026,9,30,0,20.400000000000002,156.6,99200.0,2026-09-30,2026-09-30,992.0
20260930,000000,74W,20,2026,9,30,0,21.5,154.6,99200.0,2026-09-30,2026-09-30,992.0
20260930,000000,74W,20,2026,9,30,0,22.1,152.4,99500.0,2026-09-30,2026-09-30,995.0
20260930,000000,74W,20,2026,9,30,0,22.1,150.1,99600.0,2026-09-30,2026-09-30,996.0
20260930,000000,74W,20,2026,9,30,0,22.1,149.6,99800.0,2026-09-30,2026-09-30,998.0
20260930,000000,74W,20,2026,9,30,0,22.3,149.0,99700.0,2026-09-30,2026-09-30,997.0
20260930,000000,74W,20,2026,9,30,0,22.6,148.70000000000002,100000.0,2026-09-30,2026-09-30,1000.0
20260930,000000,74W,20,2026,9,30,0,23.8,148.5,99800.0,2026-09-30,2026-09-30,998.0
20260930,000000,74W,20,2026,9,30,0,24.6,147.9,99900.0,2026-09-30,2026-09-30,999.0
20260930,000000,74W,20,2026,9,30,0,25.2,147.9,99700.0,2026-09-30,2026-09-30,997.0
20260930,000000,74W,20,2026,9,30,0,26.0,148.20000000000002,99800.0,2026-09-30,2026-09-30,998.0
20260930,000000,74W,20,2026,9,30,0,27.400000000000002,148.70000000000002,99200.0,2026-09-30,2026-09-30,992.0
20260930,000000,74W,20,2026,9,30,0,28.3,149.9,99400.0,2026-09-30,2026-09-30,994.0
20260930,000000,74W,20,2026,9,30,0,30.2,151.5,99100.0,2026-09-30,2026-09-30,991.0
20260930,000000,74W,20,2026,9,30,0,32.8,153.5,98800.0,2026-09-30,2026-09-30,988.0
20260930,000000,74W,20,2026,9,30,0,34.7,155.20000000000002,98300.0,2026-09-30,2026-09-30,983.0
20260930,000000,74W,20,2026,9,30,0,35.6,157.20000000000002,98100.0,2026-09-30,2026-09-30,981.0
20260930,000000,74W,20,2026,9,30,0,36.4,159.70000000000002,98100.0,2026-09-30,2026-09-30,981.0
20260930,000000,74W,20,2026,9,30,0,37.800000000000004,162.8,98700.0,2026-09-30,2026-09-30,987.0
20260930,000000,74W,20,2026,9,30,0,40.4,165.9,98600.0,2026-09-30,2026-09-30,986.0
20260930,000000,74W,20,2026,9,30,0,42.1,171.5,99200.0,2026-09-30,2026-09-30,992.0
20260930,000000,74W,21,2026,9,30,0,11.4,166.70000000000002,101000.0,2026-09-30,2026-09-30,1010.0
20260930,000000,74W,21,2026,9,30,0,10.5,166.5,100900.0,2026-09-30,2026-09-30,1009.0
20260930,000000,74W,21,2026,9,30,0,7.7,168.70000000000002,100700.0,2026-09-30,2026-09-30,1007.0
20260930,000000,74W,21,2026,9,30,0,8.5,169.8,100700.0,2026-09-30,2026-09-30,1007.0
20260930,000000,74W,21,2026,9,30,0,8.8,169.0,100800.0,2026-09-30,2026-09-30,1008.0
20260930,000000,74W,21,2026,9,30,0,8.8,167.6,100600.0,2026-09-30,2026-09-30,1006.0
20260930,000000,74W,21,2026,9,30,0,9.4,169.8,100700.0,2026-09-30,2026-09-30,1007.0
20260930,000000,74W,21,2026,9,30,0,11.9,169.5,100600.0,2026-09-30,2026-09-30,1006.0
20260930,000000,74W,21,2026,9,30,0,11.1,169.3,100500.0,2026-09-30,2026-09-30,1005.0
20260930,000000,74W,21,2026,9,30,0,12.8,169.5,100500.0,2026-09-30,2026-09-30,1005.0
20260930,000000,74W,21,2026,9,30,0,13.3,169.3,100400.0,2026-09-30,2026-09-30,1004.0
20260930,000000,74W,21,2026,9,30,0,14.200000000000001,167.9,100600.0,2026-09-30,2026-09-30,1006.0
20260930,000000,74W,21,2026,9,30,0,14.700000000000001,166.70000000000002,100400.0,2026-09-30,2026-09-30,1004.0
20260930,000000,74W,21,2026,9,30,0,15.0,165.6,100500.0,2026-09-30,2026-09-30,1005.0
20260930,000000,74W,21,2026,9,30,0,15.6,164.5,100300.0,2026-09-30,2026-09-30,1003.0
20260930,000000,74W,21,2026,9,30,0,14.200000000000001,163.1,100400.0,2026-09-30,2026-09-30,1004.0
20260930,000000,74W,21,2026,9,30,0,13.6,161.70000000000002,99700.0,2026-09-30,2026-09-30,997.0
20260930,000000,74W,21,2026,9,30,0,13.9,160.8,99700.0,2026-09-30,2026-09-30,997.0
20260930,000000,74W,21,2026,9,30,0,13.0,160.3,99400.0,2026-09-30,2026-09-30,994.0
20260930,000000,74W,21,2026,9,30,0,13.0,160.5,99200.0,2026-09-30,2026-09-30,992.0
20260930,000000,74W,21,2026,9,30,0,12.8,159.4,98300.0,2026-09-30,2026-09-30,983.0
20260930,000000,74W,21,2026,9,30,0,12.8,159.1,98200.0,2026-09-30,2026-09-30,982.0
20260930,000000,74W,21,2026,9,30,0,12.8,158.3,97500.0,2026-09-30,2026-09-30,975.0
20260930,000000,74W,21,2026,9,30,0,12.8,157.70000000000002,97200.0,2026-09-30,2026-09-30,972.0
20260930,000000,74W,21,2026,9,30,0,12.8,157.20000000000002,96300.0,2026-09-30,2026-09-30,963.0
20260930,000000,74W,21,2026,9,30,0,13.3,156.9,96500.0,2026-09-30,2026-09-30,965.0
20260930,000000,74W,21,2026,9,30,0,13.3,156.0,95600.0,2026-09-30,2026-09-30,956.0
20260930,000000,74W,21,2026,9,30,0,13.9,155.5,96100.0,2026-09-30,2026-09-30,961.0
20260930,000000,74W,21,2026,9,30,0,14.5,154.6,96400.0,2026-09-30,2026-09-30,964.0
20260930,000000,74W,21,2026,9,30,0,14.700000000000001,153.8,96500.0,2026-09-30,2026-09-30,965.0
20260930,000000,74W,21,2026,9,30,0,15.3,152.70000000000002,96300.0,2026-09-30,2026-09-30,963.0
20260930,000000,74W,21,2026,9,30,0,15.9,151.8,95500.0,2026-09-30,2026-09-30,955.0
20260930,000000,74W,21,2026,9,30,0,16.4,151.5,96200.0,2026-09-30,2026-09-30,962.0
20260930,000000,74W,21,2026,9,30,0,17.8,150.4,96600.0,2026-09-30,2026-09-30,966.0
20260930,000000,74W,21,2026,9,30,0,18.7,149.9,96500.0,2026-09-30,2026-09-30,965.0
20260930,000000,74W,21,2026,9,30,0,19.8,149.0,96400.0,2026-09-30,2026-09-30,964.0
20260930,000000,74W,21,2026,9,30,0,21.2,148.5,95900.0,2026-09-30,2026-09-30,959.0
20260930,000000,74W,21,2026,9,30,0,22.6,147.9,96300.0,2026-09-30,2026-09-30,963.0
20260930,000000,74W,21,2026,9,30,0,24.6,147.0,97000.0,2026-09-30,2026-09-30,970.0
20260930,000000,74W,21,2026,9,30,0,25.7,145.9,96800.0,2026-09-30,2026-09-30,968.0
20260930,000000,74W,21,2026,9,30,0,27.1,145.6,96200.0,2026-09-30,2026-09-30,962.0
20260930,000000,74W,21,2026,9,30,0,29.400000000000002,146.20000000000002,96600.0,2026-09-30,2026-09-30,966.0
20260930,000000,74W,22,2026,9,30,0,16.4,157.5,100600.0,2026-09-30,2026-09-30,1006.0
20260930,000000,74W,22,2026,9,30,0,16.1,158.6,100500.0,2026-09-30,2026-09-30,1005.0
20260930,000000,74W,22,2026,9,30,0,17.0,158.9,100500.0,2026-09-30,2026-09-30,1005.0
20260930,000000,74W,22,2026,9,30,0,17.6,158.3,100100.0,2026-09-30,2026-09-30,1001.0
20260930,000000,74W,22,2026,9,30,0,17.0,157.70000000000002,100100.0,2026-09-30,2026-09-30,1001.0
20260930,000000,74W,22,2026,9,30,0,16.7,158.0,99700.0,2026-09-30,2026-09-30,997.0
20260930,000000,74W,22,2026,9,30,0,17.6,158.6,99700.0,2026-09-30,2026-09-30,997.0
20260930,000000,74W,22,2026,9,30,0,17.3,158.9,99400.0,2026-09-30,2026-09-30,994.0
20260930,000000,74W,22,2026,9,30,0,17.6,159.4,99300.0,2026-09-30,2026-09-30,993.0
20260930,000000,74W,22,2026,9,30,0,18.1,159.1,98700.0,2026-09-30,2026-09-30,987.0
20260930,000000,74W,22,2026,9,30,0,17.5,159.6,98900.0,2026-09-30,2026-09-30,989.0
20260930,000000,74W,22,2026,9,30,0,18.1,159.4,98200.0,2026-09-30,2026-09-30,982.0
20260930,000000,74W,22,2026,9,30,0,17.8,158.6,98100.0,2026-09-30,2026-09-30,981.0
20260930,000000,74W,22,2026,9,30,0,17.8,158.9,97800.0,2026-09-30,2026-09-30,978.0
20260930,000000,74W,22,2026,9,30,0,17.8,158.6,97900.0,2026-09-30,2026-09-30,979.0
20260930,000000,74W,22,2026,9,30,0,18.1,158.3,97600.0,2026-09-30,2026-09-30,976.0
20260930,000000,74W,22,2026,9,30,0,18.7,157.70000000000002,97100.0,2026-09-30,2026-09-30,971.0
20260930,000000,74W,22,2026,9,30,0,19.0,157.5,97000.0,2026-09-30,2026-09-30,970.0
20260930,000000,74W,22,2026,9,30,0,19.2,156.3,96800.0,2026-09-30,2026-09-30,968.0
20260930,000000,74W,22,2026,9,30,0,19.8,156.0,96400.0,2026-09-30,2026-09-30,964.0
20260930,000000,74W,22,2026,9,30,0,20.7,155.5,96100.0,2026-09-30,2026-09-30,961.0
20260930,000000,74W,22,2026,9,30,0,21.2,154.4,96200.0,2026-09-30,2026-09-30,962.0
20260930,000000,74W,22,2026,9,30,0,21.8,154.1,95900.0,2026-09-30,2026-09-30,959.0
20260930,000000,74W,22,2026,9,30,0,22.900000000000002,153.5,96000.0,2026-09-30,2026-09-30,960.0
20260930,000000,74W,22,2026,9,30,0,23.8,153.0,96100.0,2026-09-30,2026-09-30,961.0
20260930,000000,74W,22,2026,9,30,0,24.6,152.1,96300.0,2026-09-30,2026-09-30,963.0
20260930,000000,74W,22,2026,9,30,0,26.0,151.3,96500.0,2026-09-30,2026-09-30,965.0
20260930,000000,74W,22,2026,9,30,0,27.400000000000002,150.4,96400.0,2026-09-30,2026-09-30,964.0
20260930,000000,74W,22,2026,9,30,0,28.3,149.6,96600.0,2026-09-30,2026-09-30,966.0
20260930,000000,74W,22,2026,9,30,0,29.7,149.6,96900.0,2026-09-30,2026-09-30,969.0
20260930,000000,74W,22,2026,9,30,0,31.6,149.3,97400.0,2026-09-30,2026-09-30,974.0
20260930,000000,74W,22,2026,9,30,0,33.9,150.1,97300.0,2026-09-30,2026-09-30,973.0
20260930,000000,74W,22,2026,9,30,0,35.9,152.4,97500.0,2026-09-30,2026-09-30,975.0
20260930,000000,74W,22,2026,9,30,0,38.4,156.0,97500.0,2026-09-30,2026-09-30,975.0
20260930,000000,74W,22,2026,9,30,0,41.5,160.8,97300.0,2026-09-30,2026-09-30,973.0
20260930,000000,74W,22,2026,9,30,0,43.800000000000004,166.9,97200.0,2026-09-30,2026-09-30,972.0
20260930,000000,74W,22,2026,9,30,0,48.300000000000004,173.8,97000.0,2026-09-30,2026-09-30,970.0
20260930,000000,74W,23,2026,9,30,0,7.7,165.3,101000.0,2026-09-30,2026-09-30,1010.0
20260930,000000,74W,23,2026,9,30,0,6.9,163.6,100800.0,2026-09-30,2026-09-30,1008.0
20260930,000000,74W,23,2026,9,30,0,6.9,164.5,100900.0,2026-09-30,2026-09-30,1009.0
20260930,000000,74W,23,2026,9,30,0,7.7,165.3,100800.0,2026-09-30,2026-09-30,1008.0
20260930,000000,74W,23,2026,9,30,0,10.0,165.3,100900.0,2026-09-30,2026-09-30,1009.0
20260930,000000,74W,23,2026,9,30,0,10.8,165.0,100600.0,2026-09-30,2026-09-30,1006.0
20260930,000000,74W,23,2026,9,30,0,11.9,164.8,100800.0,2026-09-30,2026-09-30,1008.0
20260930,000000,74W,23,2026,9,30,0,13.3,163.6,100800.0,2026-09-30,2026-09-30,1008.0
20260930,000000,74W,23,2026,9,30,0,13.9,163.4,100800.0,2026-09-30,2026-09-30,1008.0
20260930,000000,74W,23,2026,9,30,0,14.3,163.0,100600.0,2026-09-30,2026-09-30,1006.0
20260930,000000,74W,23,2026,9,30,0,15.0,162.0,100700.0,2026-09-30,2026-09-30,1007.0
20260930,000000,74W,23,2026,9,30,0,15.6,159.1,100800.0,2026-09-30,2026-09-30,1008.0
20260930,000000,74W,23,2026,9,30,0,16.4,157.70000000000002,100800.0,2026-09-30,2026-09-30,1008.0
20260930,000000,74W,23,2026,9,30,0,19.0,154.6,100600.0,2026-09-30,2026-09-30,1006.0
20260930,000000,74W,23,2026,9,30,0,19.2,153.0,100600.0,2026-09-30,2026-09-30,1006.0
20260930,000000,74W,23,2026,9,30,0,20.1,152.1,100700.0,2026-09-30,2026-09-30,1007.0
20260930,000000,74W,23,2026,9,30,0,20.900000000000002,151.0,100400.0,2026-09-30,2026-09-30,1004.0
20260930,000000,74W,23,2026,9,30,0,21.8,150.1,100600.0,2026-09-30,2026-09-30,1006.0
20260930,000000,74W,23,2026,9,30,0,22.1,149.6,100400.0,2026-09-30,2026-09-30,1004.0
20260930,000000,74W,23,2026,9,30,0,22.900000000000002,149.3,100800.0,2026-09-30,2026-09-30,1008.0
20260930,000000,74W,23,2026,9,30,0,23.8,149.0,100500.0,2026-09-30,2026-09-30,1005.0
20260930,000000,74W,23,2026,9,30,0,24.3,148.5,100600.0,2026-09-30,2026-09-30,1006.0
20260930,000000,74W,23,2026,9,30,0,25.400000000000002,148.3,100400.0,2026-09-30,2026-09-30,1004.0
20260930,000000,74W,23,2026,9,30,0,26.900000000000002,148.5,100400.0,2026-09-30,2026-09-30,1004.0
20260930,000000,74W,23,2026,9,30,0,28.5,148.5,100200.0,2026-09-30,2026-09-30,1002.0
20260930,000000,74W,23,2026,9,30,0,30.5,149.0,100400.0,2026-09-30,2026-09-30,1004.0
20260930,000000,74W,23,2026,9,30,0,33.9,151.3,100100.0,2026-09-30,2026-09-30,1001.0
20260930,000000,74W,23,2026,9,30,0,35.300000000000004,153.8,100300.0,2026-09-30,2026-09-30,1003.0
20260930,000000,74W,24,2026,9,30,0,15.6,165.0,100600.0,2026-09-30,2026-09-30,1006.0
20260930,000000,74W,24,2026,9,30,0,15.0,162.8,100600.0,2026-09-30,2026-09-30,1006.0
20260930,000000,74W,24,2026,9,30,0,14.700000000000001,162.0,100800.0,2026-09-30,2026-09-30,1008.0
20260930,000000,74W,24,2026,9,30,0,13.9,161.1,100600.0,2026-09-30,2026-09-30,1006.0
20260930,000000,74W,24,2026,9,30,0,13.6,161.1,100800.0,2026-09-30,2026-09-30,1008.0
20260930,000000,74W,24,2026,9,30,0,13.8,159.3,100600.0,2026-09-30,2026-09-30,1006.0
20260930,000000,74W,24,2026,9,30,0,13.3,158.6,100600.0,2026-09-30,2026-09-30,1006.0
20260930,000000,74W,24,2026,9,30,0,13.3,158.6,100400.0,2026-09-30,2026-09-30,1004.0
20260930,000000,74W,24,2026,9,30,0,13.0,158.6,100600.0,2026-09-30,2026-09-30,1006.0
20260930,000000,74W,24,2026,9,30,0,13.0,159.4,100200.0,2026-09-30,2026-09-30,1002.0
20260930,000000,74W,24,2026,9,30,0,13.6,159.4,100400.0,2026-09-30,2026-09-30,1004.0
20260930,000000,74W,24,2026,9,30,0,14.200000000000001,159.4,100100.0,2026-09-30,2026-09-30,1001.0
20260930,000000,74W,24,2026,9,30,0,15.3,160.0,100200.0,2026-09-30,2026-09-30,1002.0
20260930,000000,74W,24,2026,9,30,0,15.9,160.3,99800.0,2026-09-30,2026-09-30,998.0
20260930,000000,74W,24,2026,9,30,0,16.1,160.0,100000.0,2026-09-30,2026-09-30,1000.0
20260930,000000,74W,24,2026,9,30,0,16.7,160.0,99800.0,2026-09-30,2026-09-30,998.0
20260930,000000,74W,24,2026,9,30,0,17.0,159.70000000000002,99800.0,2026-09-30,2026-09-30,998.0
20260930,000000,74W,24,2026,9,30,0,17.8,159.1,99600.0,2026-09-30,2026-09-30,996.0
20260930,000000,74W,24,2026,9,30,0,18.1,157.70000000000002,99700.0,2026-09-30,2026-09-30,997.0
20260930,000000,74W,24,2026,9,30,0,18.1,156.6,99300.0,2026-09-30,2026-09-30,993.0
20260930,000000,74W,24,2026,9,30,0,18.7,155.5,99300.0,2026-09-30,2026-09-30,993.0
20260930,000000,74W,24,2026,9,30,0,19.0,153.8,98600.0,2026-09-30,2026-09-30,986.0
20260930,000000,74W,24,2026,9,30,0,19.0,153.0,98200.0,2026-09-30,2026-09-30,982.0
20260930,000000,74W,24,2026,9,30,0,19.8,152.1,98000.0,2026-09-30,2026-09-30,980.0
20260930,000000,74W,24,2026,9,30,0,20.400000000000002,151.5,97900.0,2026-09-30,2026-09-30,979.0
20260930,000000,74W,24,2026,9,30,0,21.2,150.70000000000002,97800.0,2026-09-30,2026-09-30,978.0
20260930,000000,74W,24,2026,9,30,0,22.1,150.1,97900.0,2026-09-30,2026-09-30,979.0
20260930,000000,74W,25,2026,9,30,0,11.9,169.8,100700.0,2026-09-30,2026-09-30,1007.0
20260930,000000,74W,25,2026,9,30,0,11.9,170.70000000000002,100900.0,2026-09-30,2026-09-30,1009.0
20260930,000000,74W,25,2026,9,30,0,13.6,173.5,100900.0,2026-09-30,2026-09-30,1009.0
20260930,000000,74W,25,2026,9,30,0,11.6,174.9,100900.0,2026-09-30,2026-09-30,1009.0
20260930,000000,74W,25,2026,9,30,0,11.9,174.6,100800.0,2026-09-30,2026-09-30,1008.0
20260930,000000,74W,25,2026,9,30,0,11.9,174.6,101000.0,2026-09-30,2026-09-30,1010.0
20260930,000000,74W,25,2026,9,30,0,11.4,176.3,100900.0,2026-09-30,2026-09-30,1009.0
20260930,000000,74W,25,2026,9,30,0,10.200000000000001,175.5,101000.0,2026-09-30,2026-09-30,1010.0
20260930,000000,74W,25,2026,9,30,0,8.5,175.20000000000002,101000.0,2026-09-30,2026-09-30,1010.0
20260930,000000,74W,25,2026,9,30,0,8.0,174.0,100900.0,2026-09-30,2026-09-30,1009.0
20260930,000000,74W,25,2026,9,30,0,6.6000000000000005,174.3,100800.0,2026-09-30,2026-09-30,1008.0
20260930,000000,74W,25,2026,9,30,0,5.7,175.20000000000002,100700.0,2026-09-30,2026-09-30,1007.0
20260930,000000,74W,25,2026,9,30,0,5.4,175.70000000000002,100800.0,2026-09-30,2026-09-30,1008.0
20260930,000000,74W,25,2026,9,30,0,5.4,176.6,100700.0,2026-09-30,2026-09-30,1007.0
20260930,000000,74W,25,2026,9,30,0,5.7,177.4,100600.0,2026-09-30,2026-09-30,1006.0
20260930,000000,74W,25,2026,9,30,0,6.3,178.3,100600.0,2026-09-30,2026-09-30,1006.0
20260930,000000,74W,25,2026,9,30,0,6.0,178.8,100600.0,2026-09-30,2026-09-30,1006.0
20260930,000000,74W,25,2026,9,30,0,6.3,179.70000000000002,100600.0,2026-09-30,2026-09-30,1006.0
20260930,000000,74W,25,2026,9,30,0,7.5,180.9,100500.0,2026-09-30,2026-09-30,1005.0
20260930,000000,74W,25,2026,9,30,0,7.9,181.6,100400.0,2026-09-30,2026-09-30,1004.0
20260930,000000,74W,25,2026,9,30,0,9.1,182.79999999999998,100400.0,2026-09-30,2026-09-30,1004.0
20260930,000000,74W,25,2026,9,30,0,9.4,183.0,100200.0,2026-09-30,2026-09-30,1002.0
20260930,000000,74W,25,2026,9,30,0,10.0,183.0,100200.0,2026-09-30,2026-09-30,1002.0
20260930,000000,74W,25,2026,9,30,0,10.5,183.0,100200.0,2026-09-30,2026-09-30,1002.0
20260930,000000,74W,25,2026,9,30,0,11.1,183.29999999999998,100100.0,2026-09-30,2026-09-30,1001.0
20260930,000000,74W,25,2026,9,30,0,11.9,181.9,99900.0,2026-09-30,2026-09-30,999.0
20260930,000000,74W,25,2026,9,30,0,11.4,180.5,99800.0,2026-09-30,2026-09-30,998.0
20260930,000000,74W,26,2026,9,30,0,13.0,117.8,101300.0,2026-09-30,2026-09-30,1013.0
20260930,000000,74W,26,2026,9,30,0,15.3,119.5,101400.0,2026-09-30,2026-09-30,1014.0
20260930,000000,74W,26,2026,9,30,0,15.6,118.9,101300.0,2026-09-30,2026-09-30,1013.0
20260930,000000,74W,27,2026,9,30,0,11.1,174.9,100900.0,2026-09-30,2026-09-30,1009.0
20260930,000000,74W,27,2026,9,30,0,9.1,173.20000000000002,100900.0,2026-09-30,2026-09-30,1009.0
20260930,000000,74W,27,2026,9,30,0,9.1,172.6,100900.0,2026-09-30,2026-09-30,1009.0
20260930,000000,74W,27,2026,9,30,0,9.1,172.6,100900.0,2026-09-30,2026-09-30,1009.0
20260930,000000,74W,27,2026,9,30,0,8.5,173.5,101000.0,2026-09-30,2026-09-30,1010.0
20260930,000000,74W,27,2026,9,30,0,8.8,173.8,100800.0,2026-09-30,2026-09-30,1008.0
20260930,000000,74W,27,2026,9,30,0,9.1,174.0,100800.0,2026-09-30,2026-09-30,1008.0
20260930,000000,74W,27,2026,9,30,0,9.4,173.6,100600.0,2026-09-30,2026-09-30,1006.0
20260930,000000,74W,27,2026,9,30,0,9.700000000000001,173.3,100900.0,2026-09-30,2026-09-30,1009.0
20260930,000000,74W,27,2026,9,30,0,10.0,173.20000000000002,100800.0,2026-09-30,2026-09-30,1008.0
20260930,000000,74W,27,2026,9,30,0,10.5,172.6,100800.0,2026-09-30,2026-09-30,1008.0
20260930,000000,74W,27,2026,9,30,0,10.8,172.1,100700.0,2026-09-30,2026-09-30,1007.0
20260930,000000,74W,27,2026,9,30,0,10.8,171.20000000000002,100600.0,2026-09-30,2026-09-30,1006.0
20260930,000000,74W,27,2026,9,30,0,11.4,171.20000000000002,100600.0,2026-09-30,2026-09-30,1006.0
20260930,000000,74W,27,2026,9,30,0,11.1,170.4,100300.0,2026-09-30,2026-09-30,1003.0
20260930,000000,74W,27,2026,9,30,0,11.4,170.4,100400.0,2026-09-30,2026-09-30,1004.0
20260930,000000,74W,27,2026,9,30,0,11.200000000000001,169.6,100100.0,2026-09-30,2026-09-30,1001.0
20260930,000000,74W,27,2026,9,30,0,11.6,169.5,100000.0,2026-09-30,2026-09-30,1000.0
20260930,000000,74W,27,2026,9,30,0,11.8,168.0,99800.0,2026-09-30,2026-09-30,998.0
20260930,000000,74W,27,2026,9,30,0,11.6,167.6,99800.0,2026-09-30,2026-09-30,998.0
20260930,000000,74W,27,2026,9,30,0,12.200000000000001,166.5,99600.0,2026-09-30,2026-09-30,996.0
20260930,000000,74W,27,2026,9,30,0,11.9,165.4,99600.0,2026-09-30,2026-09-30,996.0
20260930,000000,74W,28,2026,9,30,0,13.0,132.7,101100.0,2026-09-30,2026-09-30,1011.0
20260930,000000,74W,28,2026,9,30,0,12.8,131.0,100900.0,2026-09-30,2026-09-30,1009.0
20260930,000000,74W,28,2026,9,30,0,11.1,129.3,101100.0,2026-09-30,2026-09-30,1011.0
20260930,000000,74W,28,2026,9,30,0,11.1,130.7,100800.0,2026-09-30,2026-09-30,1008.0
20260930,000000,74W,28,2026,9,30,0,11.9,130.7,100900.0,2026-09-30,2026-09-30,1009.0
20260930,000000,74W,28,2026,9,30,0,12.5,131.0,100600.0,2026-09-30,2026-09-30,1006.0
20260930,000000,74W,28,2026,9,30,0,13.6,131.0,100800.0,2026-09-30,2026-09-30,1008.0
20260930,000000,74W,28,2026,9,30,0,13.9,131.0,100500.0,2026-09-30,2026-09-30,1005.0
20260930,000000,74W,28,2026,9,30,0,15.0,131.0,100500.0,2026-09-30,2026-09-30,1005.0
20260930,000000,74W,28,2026,9,30,0,15.6,131.3,100100.0,2026-09-30,2026-09-30,1001.0
20260930,000000,74W,28,2026,9,30,0,16.4,131.3,100200.0,2026-09-30,2026-09-30,1002.0
20260930,000000,74W,28,2026,9,30,0,17.6,130.7,100000.0,2026-09-30,2026-09-30,1000.0
20260930,000000,74W,28,2026,9,30,0,17.8,130.5,100200.0,2026-09-30,2026-09-30,1002.0
20260930,000000,74W,28,2026,9,30,0,18.5,130.2,99800.0,2026-09-30,2026-09-30,998.0
20260930,000000,74W,28,2026,9,30,0,19.6,130.6,100000.0,2026-09-30,2026-09-30,1000.0
20260930,000000,74W,28,2026,9,30,0,21.2,130.5,99700.0,2026-09-30,2026-09-30,997.0
20260930,000000,74W,28,2026,9,30,0,21.8,130.2,99900.0,2026-09-30,2026-09-30,999.0
20260930,000000,74W,28,2026,9,30,0,22.1,130.5,99600.0,2026-09-30,2026-09-30,996.0
20260930,000000,74W,28,2026,9,30,0,22.900000000000002,131.3,99700.0,2026-09-30,2026-09-30,997.0
20260930,000000,74W,28,2026,9,30,0,23.2,131.6,99300.0,2026-09-30,2026-09-30,993.0
20260930,000000,74W,28,2026,9,30,0,24.6,131.9,99500.0,2026-09-30,2026-09-30,995.0
20260930,000000,74W,28,2026,9,30,0,25.2,132.1,99200.0,2026-09-30,2026-09-30,992.0
20260930,000000,74W,28,2026,9,30,0,26.3,132.7,98900.0,2026-09-30,2026-09-30,989.0
20260930,000000,74W,28,2026,9,30,0,26.3,133.3,98900.0,2026-09-30,2026-09-30,989.0
20260930,000000,74W,28,2026,9,30,0,26.6,134.4,99200.0,2026-09-30,2026-09-30,992.0
20260930,000000,74W,28,2026,9,30,0,27.400000000000002,135.2,98600.0,2026-09-30,2026-09-30,986.0
20260930,000000,74W,28,2026,9,30,0,27.400000000000002,136.4,99000.0,2026-09-30,2026-09-30,990.0
20260930,000000,74W,28,2026,9,30,0,27.7,137.5,98800.0,2026-09-30,2026-09-30,988.0
20260930,000000,74W,28,2026,9,30,0,27.7,138.3,98900.0,2026-09-30,2026-09-30,989.0
20260930,000000,74W,28,2026,9,30,0,28.5,139.20000000000002,99300.0,2026-09-30,2026-09-30,993.0
20260930,000000,74W,28,2026,9,30,0,29.1,140.0,99400.0,2026-09-30,2026-09-30,994.0
20260930,000000,74W,28,2026,9,30,0,30.0,140.9,99700.0,2026-09-30,2026-09-30,997.0
20260930,000000,74W,28,2026,9,30,0,30.0,142.0,99800.0,2026-09-30,2026-09-30,998.0
20260930,000000,74W,29,2026,9,30,0,15.9,113.9,101100.0,2026-09-30,2026-09-30,1011.0
20260930,000000,74W,29,2026,9,30,0,12.8,113.60000000000001,101100.0,2026-09-30,2026-09-30,1011.0
20260930,000000,74W,29,2026,9,30,0,12.8,115.8,101000.0,2026-09-30,2026-09-30,1010.0
20260930,000000,74W,29,2026,9,30,0,11.9,114.7,100700.0,2026-09-30,2026-09-30,1007.0
20260930,000000,74W,29,2026,9,30,0,13.0,114.4,100800.0,2026-09-30,2026-09-30,1008.0
20260930,000000,74W,29,2026,9,30,0,13.0,115.5,100600.0,2026-09-30,2026-09-30,1006.0
20260930,000000,74W,29,2026,9,30,0,12.8,117.0,100600.0,2026-09-30,2026-09-30,1006.0
20260930,000000,74W,29,2026,9,30,0,12.5,116.10000000000001,100700.0,2026-09-30,2026-09-30,1007.0
20260930,000000,74W,29,2026,9,30,0,12.200000000000001,115.8,100600.0,2026-09-30,2026-09-30,1006.0
20260930,000000,74W,29,2026,9,30,0,12.8,114.4,100700.0,2026-09-30,2026-09-30,1007.0
20260930,000000,74W,29,2026,9,30,0,13.0,114.10000000000001,100500.0,2026-09-30,2026-09-30,1005.0
20260930,000000,74W,29,2026,9,30,0,13.6,113.0,100600.0,2026-09-30,2026-09-30,1006.0
20260930,000000,74W,29,2026,9,30,0,13.3,111.60000000000001,100400.0,2026-09-30,2026-09-30,1004.0
20260930,000000,74W,29,2026,9,30,0,13.0,111.9,100400.0,2026-09-30,2026-09-30,1004.0
20260930,000000,74W,29,2026,9,30,0,13.3,111.2,100100.0,2026-09-30,2026-09-30,1001.0
20260930,000000,74W,29,2026,9,30,0,13.9,110.8,100100.0,2026-09-30,2026-09-30,1001.0
20260930,000000,74W,29,2026,9,30,0,13.3,109.10000000000001,100400.0,2026-09-30,2026-09-30,1004.0
20260930,000000,74W,29,2026,9,30,0,13.6,110.5,100800.0,2026-09-30,2026-09-30,1008.0
20260930,000000,74W,29,2026,9,30,0,14.200000000000001,109.4,100700.0,2026-09-30,2026-09-30,1007.0
20260930,000000,74W,29,2026,9,30,0,15.0,109.4,100900.0,2026-09-30,2026-09-30,1009.0
20260930,000000,74W,29,2026,9,30,0,14.700000000000001,106.3,101000.0,2026-09-30,2026-09-30,1010.0
20260930,000000,74W,29,2026,9,30,0,15.9,105.7,101100.0,2026-09-30,2026-09-30,1011.0
20260930,000000,74W,30,2026,9,30,0,10.200000000000001,167.6,100700.0,2026-09-30,2026-09-30,1007.0
20260930,000000,74W,30,2026,9,30,0,11.4,167.0,100800.0,2026-09-30,2026-09-30,1008.0
20260930,000000,74W,30,2026,9,30,0,12.5,164.20000000000002,100800.0,2026-09-30,2026-09-30,1008.0
20260930,000000,74W,30,2026,9,30,0,13.0,163.1,100800.0,2026-09-30,2026-09-30,1008.0
20260930,000000,74W,30,2026,9,30,0,12.8,165.3,100600.0,2026-09-30,2026-09-30,1006.0
20260930,000000,74W,30,2026,9,30,0,12.200000000000001,167.0,100500.0,2026-09-30,2026-09-30,1005.0
20260930,000000,74W,31,2026,9,30,0,18.7,151.3,100600.0,2026-09-30,2026-09-30,1006.0
20260930,000000,74W,31,2026,9,30,0,18.1,151.0,100600.0,2026-09-30,2026-09-30,1006.0
20260930,000000,74W,31,2026,9,30,0,17.6,152.4,100400.0,2026-09-30,2026-09-30,1004.0
20260930,000000,74W,32,2026,9,30,0,13.9,163.9,100900.0,2026-09-30,2026-09-30,1009.0
20260930,000000,74W,32,2026,9,30,0,13.3,162.8,101000.0,2026-09-30,2026-09-30,1010.0
20260930,000000,74W,32,2026,9,30,0,11.9,160.0,101000.0,2026-09-30,2026-09-30,1010.0
20260930,000000,74W,32,2026,9,30,0,11.1,159.70000000000002,100800.0,2026-09-30,2026-09-30,1008.0
20260930,000000,74W,32,2026,9,30,0,11.4,158.3,101100.0,2026-09-30,2026-09-30,1011.0
20260930,000000,74W,32,2026,9,30,0,10.5,158.0,100900.0,2026-09-30,2026-09-30,1009.0
20260930,000000,74W,32,2026,9,30,0,10.0,159.1,101000.0,2026-09-30,2026-09-30,1010.0
20260930,000000,74W,32,2026,9,30,0,9.4,159.1,100700.0,2026-09-30,2026-09-30,1007.0
20260930,000000,74W,32,2026,9,30,0,9.8,160.1,101000.0,2026-09-30,2026-09-30,1010.0
20260930,000000,74W,32,2026,9,30,0,12.200000000000001,159.1,100600.0,2026-09-30,2026-09-30,1006.0
20260930,000000,74W,32,2026,9,30,0,13.6,160.0,100700.0,2026-09-30,2026-09-30,1007.0
20260930,000000,74W,32,2026,9,30,0,13.6,159.4,100300.0,2026-09-30,2026-09-30,1003.0
20260930,000000,74W,32,2026,9,30,0,12.8,159.70000000000002,100600.0,2026-09-30,2026-09-30,1006.0
20260930,000000,74W,32,2026,9,30,0,12.8,161.1,100500.0,2026-09-30,2026-09-30,1005.0
20260930,000000,74W,32,2026,9,30,0,13.0,159.70000000000002,100400.0,2026-09-30,2026-09-30,1004.0
20260930,000000,74W,32,2026,9,30,0,12.8,160.3,100600.0,2026-09-30,2026-09-30,1006.0
20260930,000000,74W,32,2026,9,30,0,13.0,158.6,100500.0,2026-09-30,2026-09-30,1005.0
20260930,000000,74W,32,2026,9,30,0,11.9,157.70000000000002,100600.0,2026-09-30,2026-09-30,1006.0
20260930,000000,74W,32,2026,9,30,0,11.4,158.0,100300.0,2026-09-30,2026-09-30,1003.0
20260930,000000,74W,32,2026,9,30,0,11.4,159.1,100400.0,2026-09-30,2026-09-30,1004.0
20260930,000000,74W,32,2026,9,30,0,11.4,160.0,100200.0,2026-09-30,2026-09-30,1002.0
20260930,000000,74W,32,2026,9,30,0,11.6,161.1,100200.0,2026-09-30,2026-09-30,1002.0
20260930,000000,74W,32,2026,9,30,0,12.200000000000001,162.0,100100.0,2026-09-30,2026-09-30,1001.0
20260930,000000,74W,32,2026,9,30,0,13.0,163.1,100300.0,2026-09-30,2026-09-30,1003.0
20260930,000000,74W,32,2026,9,30,0,14.5,163.9,100100.0,2026-09-30,2026-09-30,1001.0
20260930,000000,74W,32,2026,9,30,0,15.9,164.20000000000002,100200.0,2026-09-30,2026-09-30,1002.0
20260930,000000,74W,32,2026,9,30,0,18.1,163.1,100500.0,2026-09-30,2026-09-30,1005.0
20260930,000000,74W,32,2026,9,30,0,19.0,162.0,100400.0,2026-09-30,2026-09-30,1004.0
20260930,000000,74W,34,2026,9,30,0,13.9,142.5,100700.0,2026-09-30,2026-09-30,1007.0
20260930,000000,74W,34,2026,9,30,0,14.700000000000001,143.4,100700.0,2026-09-30,2026-09-30,1007.0
20260930,000000,74W,34,2026,9,30,0,14.700000000000001,143.70000000000002,100800.0,2026-09-30,2026-09-30,1008.0
20260930,000000,74W,34,2026,9,30,0,13.9,144.8,100500.0,2026-09-30,2026-09-30,1005.0
20260930,000000,74W,34,2026,9,30,0,16.4,145.1,100700.0,2026-09-30,2026-09-30,1007.0
20260930,000000,74W,34,2026,9,30,0,16.4,144.0,100400.0,2026-09-30,2026-09-30,1004.0
20260930,000000,74W,34,2026,9,30,0,17.3,144.20000000000002,100600.0,2026-09-30,2026-09-30,1006.0
20260930,000000,74W,34,2026,9,30,0,16.1,143.1,100200.0,2026-09-30,2026-09-30,1002.0
20260930,000000,74W,34,2026,9,30,0,15.700000000000001,142.6,100300.0,2026-09-30,2026-09-30,1003.0
20260930,000000,74W,34,2026,9,30,0,15.9,142.3,100000.0,2026-09-30,2026-09-30,1000.0
20260930,000000,74W,34,2026,9,30,0,16.4,143.1,100100.0,2026-09-30,2026-09-30,1001.0
20260930,000000,74W,34,2026,9,30,0,15.0,142.0,99900.0,2026-09-30,2026-09-30,999.0
20260930,000000,74W,34,2026,9,30,0,16.1,143.4,100200.0,2026-09-30,2026-09-30,1002.0
20260930,000000,74W,34,2026,9,30,0,16.7,141.8,99900.0,2026-09-30,2026-09-30,999.0
20260930,000000,74W,34,2026,9,30,0,17.0,141.1,100100.0,2026-09-30,2026-09-30,1001.0
20260930,000000,74W,34,2026,9,30,0,16.4,140.6,99600.0,2026-09-30,2026-09-30,996.0
20260930,000000,74W,34,2026,9,30,0,17.0,140.6,99700.0,2026-09-30,2026-09-30,997.0
20260930,000000,74W,34,2026,9,30,0,17.0,140.6,99300.0,2026-09-30,2026-09-30,993.0
20260930,000000,74W,34,2026,9,30,0,17.0,140.3,99400.0,2026-09-30,2026-09-30,994.0
20260930,000000,74W,34,2026,9,30,0,16.4,140.0,99000.0,2026-09-30,2026-09-30,990.0
20260930,000000,74W,34,2026,9,30,0,16.1,140.3,99200.0,2026-09-30,2026-09-30,992.0
20260930,000000,74W,34,2026,9,30,0,16.4,140.3,98800.0,2026-09-30,2026-09-30,988.0
20260930,000000,74W,34,2026,9,30,0,16.4,140.3,98900.0,2026-09-30,2026-09-30,989.0
20260930,000000,74W,34,2026,9,30,0,16.7,140.3,98200.0,2026-09-30,2026-09-30,982.0
20260930,000000,74W,34,2026,9,30,0,17.0,139.70000000000002,97800.0,2026-09-30,2026-09-30,978.0
20260930,000000,74W,34,2026,9,30,0,17.0,138.9,97200.0,2026-09-30,2026-09-30,972.0
20260930,000000,74W,34,2026,9,30,0,17.0,138.3,97100.0,2026-09-30,2026-09-30,971.0
20260930,000000,74W,34,2026,9,30,0,17.0,137.5,96900.0,2026-09-30,2026-09-30,969.0
20260930,000000,74W,34,2026,9,30,0,17.3,136.6,96700.0,2026-09-30,2026-09-30,967.0
20260930,000000,74W,34,2026,9,30,0,17.6,135.8,96600.0,2026-09-30,2026-09-30,966.0
20260930,000000,74W,34,2026,9,30,0,18.1,134.4,97000.0,2026-09-30,2026-09-30,970.0
20260930,000000,74W,34,2026,9,30,0,18.7,133.5,97200.0,2026-09-30,2026-09-30,972.0
20260930,000000,74W,34,2026,9,30,0,18.7,132.1,96600.0,2026-09-30,2026-09-30,966.0
20260930,000000,74W,36,2026,9,30,0,11.1,175.0,100900.0,2026-09-30,2026-09-30,1009.0
20260930,000000,74W,36,2026,9,30,0,10.200000000000001,175.70000000000002,101100.0,2026-09-30,2026-09-30,1011.0
20260930,000000,74W,36,2026,9,30,0,9.4,176.6,100700.0,2026-09-30,2026-09-30,1007.0
20260930,000000,74W,36,2026,9,30,0,8.3,176.9,100600.0,2026-09-30,2026-09-30,1006.0
20260930,000000,74W,36,2026,9,30,0,8.3,177.70000000000002,100600.0,2026-09-30,2026-09-30,1006.0
20260930,000000,74W,36,2026,9,30,0,10.0,180.2,100700.0,2026-09-30,2026-09-30,1007.0
20260930,000000,74W,36,2026,9,30,0,9.700000000000001,180.5,100700.0,2026-09-30,2026-09-30,1007.0
20260930,000000,74W,36,2026,9,30,0,10.4,182.5,100700.0,2026-09-30,2026-09-30,1007.0
20260930,000000,74W,37,2026,9,30,0,16.7,138.0,100900.0,2026-09-30,2026-09-30,1009.0
20260930,000000,74W,37,2026,9,30,0,15.9,135.8,100600.0,2026-09-30,2026-09-30,1006.0
20260930,000000,74W,37,2026,9,30,0,15.9,135.8,100900.0,2026-09-30,2026-09-30,1009.0
20260930,000000,74W,37,2026,9,30,0,14.700000000000001,135.2,100700.0,2026-09-30,2026-09-30,1007.0
20260930,000000,74W,37,2026,9,30,0,14.200000000000001,136.6,100900.0,2026-09-30,2026-09-30,1009.0
20260930,000000,74W,37,2026,9,30,0,14.700000000000001,137.8,100600.0,2026-09-30,2026-09-30,1006.0
20260930,000000,74W,37,2026,9,30,0,14.700000000000001,137.20000000000002,100800.0,2026-09-30,2026-09-30,1008.0
20260930,000000,74W,37,2026,9,30,0,15.0,137.5,100700.0,2026-09-30,2026-09-30,1007.0
20260930,000000,74W,37,2026,9,30,0,15.0,138.0,100700.0,2026-09-30,2026-09-30,1007.0
20260930,000000,74W,37,2026,9,30,0,16.1,138.9,101000.0,2026-09-30,2026-09-30,1010.0
20260930,000000,74W,37,2026,9,30,0,15.9,139.70000000000002,100800.0,2026-09-30,2026-09-30,1008.0
20260930,000000,74W,37,2026,9,30,0,16.0,140.8,101000.0,2026-09-30,2026-09-30,1010.0
20260930,000000,74W,37,2026,9,30,0,16.1,141.4,100800.0,2026-09-30,2026-09-30,1008.0
20260930,000000,74W,37,2026,9,30,0,16.1,142.8,100900.0,2026-09-30,2026-09-30,1009.0
20260930,000000,74W,37,2026,9,30,0,16.1,142.5,100800.0,2026-09-30,2026-09-30,1008.0
20260930,000000,74W,37,2026,9,30,0,16.1,142.8,101000.0,2026-09-30,2026-09-30,1010.0
20260930,000000,74W,37,2026,9,30,0,15.9,142.8,100700.0,2026-09-30,2026-09-30,1007.0
20260930,000000,74W,37,2026,9,30,0,16.4,143.70000000000002,100900.0,2026-09-30,2026-09-30,1009.0
20260930,000000,74W,37,2026,9,30,0,16.1,142.8,100600.0,2026-09-30,2026-09-30,1006.0
20260930,000000,74W,37,2026,9,30,0,16.7,142.3,100700.0,2026-09-30,2026-09-30,1007.0
20260930,000000,74W,37,2026,9,30,0,16.7,142.3,100400.0,2026-09-30,2026-09-30,1004.0
20260930,000000,74W,37,2026,9,30,0,17.0,142.3,100600.0,2026-09-30,2026-09-30,1006.0
20260930,000000,74W,37,2026,9,30,0,17.6,141.4,100400.0,2026-09-30,2026-09-30,1004.0
20260930,000000,74W,37,2026,9,30,0,18.1,141.70000000000002,100500.0,2026-09-30,2026-09-30,1005.0
20260930,000000,74W,38,2026,9,30,0,15.1,109.8,100800.0,2026-09-30,2026-09-30,1008.0
20260930,000000,74W,38,2026,9,30,0,14.200000000000001,110.2,100700.0,2026-09-30,2026-09-30,1007.0
20260930,000000,74W,39,2026,9,30,0,15.9,113.0,101200.0,2026-09-30,2026-09-30,1012.0
20260930,000000,74W,39,2026,9,30,0,17.8,111.9,101200.0,2026-09-30,2026-09-30,1012.0
20260930,000000,74W,39,2026,9,30,0,16.1,111.60000000000001,101100.0,2026-09-30,2026-09-30,1011.0
20260930,000000,74W,39,2026,9,30,0,16.4,110.3,101200.0,2026-09-30,2026-09-30,1012.0
20260930,000000,74W,39,2026,9,30,0,15.0,108.8,101000.0,2026-09-30,2026-09-30,1010.0
20260930,000000,74W,39,2026,9,30,0,16.4,109.9,101000.0,2026-09-30,2026-09-30,1010.0
20260930,000000,74W,39,2026,9,30,0,16.7,108.0,101100.0,2026-09-30,2026-09-30,1011.0
20260930,000000,74W,40,2026,9,30,0,15.3,113.0,100800.0,2026-09-30,2026-09-30,1008.0
20260930,000000,74W,40,2026,9,30,0,14.5,111.9,100800.0,2026-09-30,2026-09-30,1008.0
20260930,000000,74W,40,2026,9,30,0,14.9,109.5,100900.0,2026-09-30,2026-09-30,1009.0
20260930,000000,74W,40,2026,9,30,0,15.6,109.10000000000001,101000.0,2026-09-30,2026-09-30,1010.0
20260930,000000,74W,40,2026,9,30,0,14.3,109.5,100800.0,2026-09-30,2026-09-30,1008.0
20260930,000000,74W,40,2026,9,30,0,15.6,109.60000000000001,100900.0,2026-09-30,2026-09-30,1009.0
20260930,000000,74W,40,2026,9,30,0,15.6,109.4,100800.0,2026-09-30,2026-09-30,1008.0
20260930,000000,74W,40,2026,9,30,0,16.1,110.2,100900.0,2026-09-30,2026-09-30,1009.0
20260930,000000,74W,40,2026,9,30,0,16.1,109.9,100600.0,2026-09-30,2026-09-30,1006.0
20260930,000000,74W,40,2026,9,30,0,17.3,110.2,100700.0,2026-09-30,2026-09-30,1007.0
20260930,000000,74W,40,2026,9,30,0,18.1,109.4,100700.0,2026-09-30,2026-09-30,1007.0
20260930,000000,74W,40,2026,9,30,0,18.1,108.8,100700.0,2026-09-30,2026-09-30,1007.0
20260930,000000,74W,40,2026,9,30,0,18.1,108.2,100500.0,2026-09-30,2026-09-30,1005.0
20260930,000000,74W,40,2026,9,30,0,18.1,108.0,100600.0,2026-09-30,2026-09-30,1006.0
20260930,000000,74W,40,2026,9,30,0,18.400000000000002,108.2,100600.0,2026-09-30,2026-09-30,1006.0
20260930,000000,74W,40,2026,9,30,0,19.0,107.7,100300.0,2026-09-30,2026-09-30,1003.0
20260930,000000,74W,40,2026,9,30,0,19.0,107.7,100100.0,2026-09-30,2026-09-30,1001.0
20260930,000000,74W,40,2026,9,30,0,19.0,108.0,100000.0,2026-09-30,2026-09-30,1000.0
20260930,000000,74W,40,2026,9,30,0,19.0,108.0,99900.0,2026-09-30,2026-09-30,999.0
20260930,000000,74W,40,2026,9,30,0,18.7,108.5,100100.0,2026-09-30,2026-09-30,1001.0
20260930,000000,74W,42,2026,9,30,0,17.0,107.4,101100.0,2026-09-30,2026-09-30,1011.0
20260930,000000,74W,42,2026,9,30,0,17.0,107.10000000000001,101000.0,2026-09-30,2026-09-30,1010.0
20260930,000000,74W,42,2026,9,30,0,17.0,107.4,101000.0,2026-09-30,2026-09-30,1010.0
20260930,000000,74W,42,2026,9,30,0,17.3,108.8,101000.0,2026-09-30,2026-09-30,1010.0
20260930,000000,74W,42,2026,9,30,0,17.8,108.0,101100.0,2026-09-30,2026-09-30,1011.0
20260930,000000,74W,42,2026,9,30,0,17.8,106.8,101000.0,2026-09-30,2026-09-30,1010.0
20260930,000000,74W,42,2026,9,30,0,17.0,107.7,101000.0,2026-09-30,2026-09-30,1010.0
20260930,000000,74W,44,2026,9,30,0,20.2,154.70000000000002,100200.0,2026-09-30,2026-09-30,1002.0
20260930,000000,74W,44,2026,9,30,0,21.5,156.6,100200.0,2026-09-30,2026-09-30,1002.0
20260930,000000,74W,44,2026,9,30,0,22.3,157.20000000000002,100000.0,2026-09-30,2026-09-30,1000.0
20260930,000000,74W,44,2026,9,30,0,23.8,156.3,100300.0,2026-09-30,2026-09-30,1003.0
20260930,000000,74W,44,2026,9,30,0,25.2,157.20000000000002,100100.0,2026-09-30,2026-09-30,1001.0
20260930,000000,74W,44,2026,9,30,0,27.1,156.0,100200.0,2026-09-30,2026-09-30,1002.0
20260930,000000,74W,44,2026,9,30,0,28.3,154.1,100000.0,2026-09-30,2026-09-30,1000.0
20260930,000000,74W,45,2026,9,30,0,15.9,142.5,101100.0,2026-09-30,2026-09-30,1011.0
20260930,000000,74W,45,2026,9,30,0,15.9,144.5,100900.0,2026-09-30,2026-09-30,1009.0
20260930,000000,74W,45,2026,9,30,0,14.700000000000001,146.20000000000002,101200.0,2026-09-30,2026-09-30,1012.0
20260930,000000,74W,45,2026,9,30,0,16.4,144.5,100800.0,2026-09-30,2026-09-30,1008.0
20260930,000000,74W,45,2026,9,30,0,16.4,144.5,100900.0,2026-09-30,2026-09-30,1009.0
20260930,000000,74W,45,2026,9,30,0,17.0,145.1,100600.0,2026-09-30,2026-09-30,1006.0
20260930,000000,74W,45,2026,9,30,0,17.8,144.5,100800.0,2026-09-30,2026-09-30,1008.0
20260930,000000,74W,45,2026,9,30,0,18.1,143.70000000000002,100600.0,2026-09-30,2026-09-30,1006.0
20260930,000000,74W,45,2026,9,30,0,18.3,142.9,100800.0,2026-09-30,2026-09-30,1008.0
20260930,000000,74W,45,2026,9,30,0,18.7,142.8,100500.0,2026-09-30,2026-09-30,1005.0
20260930,000000,74W,45,2026,9,30,0,19.0,142.5,100700.0,2026-09-30,2026-09-30,1007.0
20260930,000000,74W,45,2026,9,30,0,19.0,142.3,100600.0,2026-09-30,2026-09-30,1006.0
20260930,000000,74W,45,2026,9,30,0,18.7,141.70000000000002,100800.0,2026-09-30,2026-09-30,1008.0
20260930,000000,74W,45,2026,9,30,0,18.1,141.1,100600.0,2026-09-30,2026-09-30,1006.0
20260930,000000,74W,45,2026,9,30,0,17.900000000000002,140.9,100800.0,2026-09-30,2026-09-30,1008.0
20260930,000000,74W,45,2026,9,30,0,17.5,140.0,100600.0,2026-09-30,2026-09-30,1006.0
20260930,000000,74W,45,2026,9,30,0,15.9,141.1,100600.0,2026-09-30,2026-09-30,1006.0
20260930,000000,74W,45,2026,9,30,0,16.1,141.4,100600.0,2026-09-30,2026-09-30,1006.0
20260930,000000,74W,45,2026,9,30,0,16.1,139.70000000000002,100800.0,2026-09-30,2026-09-30,1008.0
20260930,000000,74W,45,2026,9,30,0,15.3,139.70000000000002,100800.0,2026-09-30,2026-09-30,1008.0
20260930,000000,74W,45,2026,9,30,0,14.700000000000001,142.3,100500.0,2026-09-30,2026-09-30,1005.0
20260930,000000,74W,46,2026,9,30,0,15.3,153.5,100900.0,2026-09-30,2026-09-30,1009.0
20260930,000000,74W,46,2026,9,30,0,14.200000000000001,154.9,100700.0,2026-09-30,2026-09-30,1007.0
20260930,000000,74W,46,2026,9,30,0,15.9,154.4,100800.0,2026-09-30,2026-09-30,1008.0
20260930,000000,74W,46,2026,9,30,0,16.7,154.1,100900.0,2026-09-30,2026-09-30,1009.0
20260930,000000,74W,46,2026,9,30,0,17.0,153.0,100600.0,2026-09-30,2026-09-30,1006.0
20260930,000000,74W,46,2026,9,30,0,17.3,150.4,100900.0,2026-09-30,2026-09-30,1009.0
20260930,000000,74W,46,2026,9,30,0,17.900000000000002,150.6,100700.0,2026-09-30,2026-09-30,1007.0
20260930,000000,74W,46,2026,9,30,0,18.400000000000002,148.70000000000002,100800.0,2026-09-30,2026-09-30,1008.0
20260930,000000,74W,46,2026,9,30,0,18.400000000000002,147.6,100600.0,2026-09-30,2026-09-30,1006.0
20260930,000000,74W,46,2026,9,30,0,18.400000000000002,146.5,100900.0,2026-09-30,2026-09-30,1009.0
20260930,000000,74W,46,2026,9,30,0,18.400000000000002,144.8,100700.0,2026-09-30,2026-09-30,1007.0
20260930,000000,74W,46,2026,9,30,0,18.400000000000002,143.70000000000002,101000.0,2026-09-30,2026-09-30,1010.0
20260930,000000,74W,48,2026,9,30,0,20.400000000000002,155.20000000000002,100900.0,2026-09-30,2026-09-30,1009.0
20260930,000000,74W,48,2026,9,30,0,20.400000000000002,156.6,100400.0,2026-09-30,2026-09-30,1004.0
20260930,000000,74W,48,2026,9,30,0,20.900000000000002,154.9,100600.0,2026-09-30,2026-09-30,1006.0
20260930,000000,74W,48,2026,9,30,0,20.900000000000002,155.20000000000002,100400.0,2026-09-30,2026-09-30,1004.0
20260930,000000,74W,48,2026,9,30,0,20.900000000000002,156.0,100400.0,2026-09-30,2026-09-30,1004.0
20260930,000000,74W,48,2026,9,30,0,21.5,155.20000000000002,100300.0,2026-09-30,2026-09-30,1003.0
20260930,000000,74W,48,2026,9,30,0,21.8,154.9,100400.0,2026-09-30,2026-09-30,1004.0
20260930,000000,74W,48,2026,9,30,0,22.6,154.4,100300.0,2026-09-30,2026-09-30,1003.0
20260930,000000,74W,48,2026,9,30,0,23.5,153.5,100600.0,2026-09-30,2026-09-30,1006.0
20260930,000000,74W,49,2026,9,30,0,11.9,114.4,100500.0,2026-09-30,2026-09-30,1005.0
20260930,000000,74W,49,2026,9,30,0,11.3,114.10000000000001,100600.0,2026-09-30,2026-09-30,1006.0
20260930,000000,74W,49,2026,9,30,0,11.9,113.60000000000001,100600.0,2026-09-30,2026-09-30,1006.0
20260930,000000,74W,49,2026,9,30,0,13.0,114.4,100700.0,2026-09-30,2026-09-30,1007.0
20260930,000000,74W,49,2026,9,30,0,13.9,113.9,100500.0,2026-09-30,2026-09-30,1005.0
20260930,000000,74W,49,2026,9,30,0,13.9,113.3,100500.0,2026-09-30,2026-09-30,1005.0
20260930,000000,74W,49,2026,9,30,0,13.9,112.7,100300.0,2026-09-30,2026-09-30,1003.0
20260930,000000,74W,49,2026,9,30,0,14.200000000000001,111.8,100300.0,2026-09-30,2026-09-30,1003.0
20260930,000000,74W,49,2026,9,30,0,15.0,111.60000000000001,100000.0,2026-09-30,2026-09-30,1000.0
20260930,000000,74W,49,2026,9,30,0,15.3,111.3,100100.0,2026-09-30,2026-09-30,1001.0
20260930,000000,74W,49,2026,9,30,0,15.6,110.8,99800.0,2026-09-30,2026-09-30,998.0
20260930,000000,74W,49,2026,9,30,0,15.9,109.60000000000001,99800.0,2026-09-30,2026-09-30,998.0
20260930,000000,74W,49,2026,9,30,0,16.4,108.8,99800.0,2026-09-30,2026-09-30,998.0
20260930,000000,74W,49,2026,9,30,0,16.4,108.0,99800.0,2026-09-30,2026-09-30,998.0
20260930,000000,74W,49,2026,9,30,0,16.7,107.10000000000001,100300.0,2026-09-30,2026-09-30,1003.0
20260930,000000,74W,49,2026,9,30,0,16.7,105.7,100800.0,2026-09-30,2026-09-30,1008.0
20260930,000000,74W,49,2026,9,30,0,16.4,107.7,100700.0,2026-09-30,2026-09-30,1007.0
20260930,000000,74W,49,2026,9,30,0,18.7,106.3,100900.0,2026-09-30,2026-09-30,1009.0
20260930,000000,74W,49,2026,9,30,0,19.5,107.10000000000001,101000.0,2026-09-30,2026-09-30,1010.0
20260930,000000,74W,49,2026,9,30,0,19.0,106.0,101100.0,2026-09-30,2026-09-30,1011.0
20260930,000000,74W,51,2026,9,30,0,14.700000000000001,116.4,100900.0,2026-09-30,2026-09-30,1009.0
20260930,000000,74W,51,2026,9,30,0,15.0,115.0,101000.0,2026-09-30,2026-09-30,1010.0
20260930,000000,74W,51,2026,9,30,0,14.4,113.60000000000001,100800.0,2026-09-30,2026-09-30,1008.0
20260930,000000,74W,51,2026,9,30,0,13.700000000000001,111.8,100800.0,2026-09-30,2026-09-30,1008.0
20260930,000000,74W,51,2026,9,30,0,14.700000000000001,112.2,100700.0,2026-09-30,2026-09-30,1007.0
20260930,000000,74W,51,2026,9,30,0,13.6,110.8,100600.0,2026-09-30,2026-09-30,1006.0
20260930,000000,74W,51,2026,9,30,0,13.9,111.3,100500.0,2026-09-30,2026-09-30,1005.0
20260930,000000,74W,51,2026,9,30,0,14.5,110.2,100400.0,2026-09-30,2026-09-30,1004.0
20260930,000000,74W,51,2026,9,30,0,15.0,110.2,100200.0,2026-09-30,2026-09-30,1002.0
20260930,000000,74W,51,2026,9,30,0,15.6,109.60000000000001,100400.0,2026-09-30,2026-09-30,1004.0
20260930,000000,74W,51,2026,9,30,0,16.1,108.8,100400.0,2026-09-30,2026-09-30,1004.0
20260930,000000,74W,51,2026,9,30,0,16.7,107.7,100600.0,2026-09-30,2026-09-30,1006.0
20260930,000000,74W,51,2026,9,30,0,16.4,108.0,100700.0,2026-09-30,2026-09-30,1007.0
20260930,000000,74W,51,2026,9,30,0,17.400000000000002,107.0,101100.0,2026-09-30,2026-09-30,1011.0
20260930,000000,75W,7,2026,9,30,0,16.9,119.9,101000.0,2026-09-30,2026-09-30,1010.0
20260930,000000,75W,7,2026,9,30,0,16.7,119.5,101000.0,2026-09-30,2026-09-30,1010.0
20260930,000000,75W,7,2026,9,30,0,14.200000000000001,117.2,101000.0,2026-09-30,2026-09-30,1010.0
20260930,000000,75W,7,2026,9,30,0,14.200000000000001,114.4,100900.0,2026-09-30,2026-09-30,1009.0
20260930,000000,75W,7,2026,9,30,0,13.6,113.3,100700.0,2026-09-30,2026-09-30,1007.0
20260930,000000,75W,7,2026,9,30,0,13.0,112.5,100700.0,2026-09-30,2026-09-30,1007.0
20260930,000000,75W,7,2026,9,30,0,11.4,113.60000000000001,100600.0,2026-09-30,2026-09-30,1006.0
20260930,000000,75W,7,2026,9,30,0,11.1,112.2,100700.0,2026-09-30,2026-09-30,1007.0
20260930,000000,75W,7,2026,9,30,0,12.8,111.9,100600.0,2026-09-30,2026-09-30,1006.0
20260930,000000,75W,7,2026,9,30,0,11.6,111.0,100500.0,2026-09-30,2026-09-30,1005.0
20260930,000000,75W,7,2026,9,30,0,11.9,110.5,100600.0,2026-09-30,2026-09-30,1006.0
20260930,000000,75W,7,2026,9,30,0,11.9,109.9,100500.0,2026-09-30,2026-09-30,1005.0
20260930,000000,75W,7,2026,9,30,0,12.200000000000001,109.9,100700.0,2026-09-30,2026-09-30,1007.0
20260930,000000,75W,7,2026,9,30,0,11.9,109.10000000000001,101000.0,2026-09-30,2026-09-30,1010.0
20260930,000000,75W,10,2026,9,30,0,13.0,135.8,100900.0,2026-09-30,2026-09-30,1009.0
20260930,000000,75W,10,2026,9,30,0,14.5,136.9,100800.0,2026-09-30,2026-09-30,1008.0
20260930,000000,75W,10,2026,9,30,0,13.9,137.5,101100.0,2026-09-30,2026-09-30,1011.0
20260930,000000,75W,10,2026,9,30,0,14.200000000000001,137.20000000000002,100700.0,2026-09-30,2026-09-30,1007.0
20260930,000000,75W,10,2026,9,30,0,14.5,138.3,100900.0,2026-09-30,2026-09-30,1009.0
20260930,000000,75W,10,2026,9,30,0,14.700000000000001,138.0,100600.0,2026-09-30,2026-09-30,1006.0
20260930,000000,75W,10,2026,9,30,0,15.3,138.6,100700.0,2026-09-30,2026-09-30,1007.0
20260930,000000,75W,10,2026,9,30,0,15.3,138.9,100500.0,2026-09-30,2026-09-30,1005.0
20260930,000000,75W,10,2026,9,30,0,15.6,139.20000000000002,100600.0,2026-09-30,2026-09-30,1006.0
20260930,000000,75W,10,2026,9,30,0,16.1,139.70000000000002,100400.0,2026-09-30,2026-09-30,1004.0
20260930,000000,75W,10,2026,9,30,0,16.4,140.0,100600.0,2026-09-30,2026-09-30,1006.0
20260930,000000,75W,10,2026,9,30,0,17.0,139.70000000000002,100300.0,2026-09-30,2026-09-30,1003.0
20260930,000000,75W,10,2026,9,30,0,17.6,139.5,100300.0,2026-09-30,2026-09-30,1003.0
20260930,000000,75W,10,2026,9,30,0,17.8,139.20000000000002,100000.0,2026-09-30,2026-09-30,1000.0
20260930,000000,75W,10,2026,9,30,0,18.1,138.9,100500.0,2026-09-30,2026-09-30,1005.0
20260930,000000,75W,10,2026,9,30,0,18.1,138.9,100200.0,2026-09-30,2026-09-30,1002.0
20260930,000000,75W,10,2026,9,30,0,18.1,137.8,100300.0,2026-09-30,2026-09-30,1003.0
20260930,000000,75W,10,2026,9,30,0,18.400000000000002,138.0,100000.0,2026-09-30,2026-09-30,1000.0
20260930,000000,75W,10,2026,9,30,0,18.400000000000002,137.8,100100.0,2026-09-30,2026-09-30,1001.0
20260930,000000,75W,10,2026,9,30,0,18.1,137.20000000000002,99900.0,2026-09-30,2026-09-30,999.0
20260930,000000,75W,10,2026,9,30,0,17.8,137.20000000000002,99800.0,2026-09-30,2026-09-30,998.0
20260930,000000,75W,10,2026,9,30,0,17.8,136.6,99400.0,2026-09-30,2026-09-30,994.0
20260930,000000,75W,10,2026,9,30,0,18.1,136.6,99400.0,2026-09-30,2026-09-30,994.0
20260930,000000,75W,10,2026,9,30,0,18.400000000000002,136.4,99000.0,2026-09-30,2026-09-30,990.0
20260930,000000,75W,10,2026,9,30,0,18.400000000000002,136.1,99200.0,2026-09-30,2026-09-30,992.0
20260930,000000,75W,10,2026,9,30,0,18.7,135.8,98700.0,2026-09-30,2026-09-30,987.0
20260930,000000,75W,10,2026,9,30,0,19.2,135.5,97900.0,2026-09-30,2026-09-30,979.0
20260930,000000,75W,10,2026,9,30,0,20.400000000000002,135.5,97800.0,2026-09-30,2026-09-30,978.0
20260930,000000,75W,10,2026,9,30,0,21.2,135.0,98200.0,2026-09-30,2026-09-30,982.0
20260930,000000,75W,10,2026,9,30,0,22.3,134.7,97800.0,2026-09-30,2026-09-30,978.0
20260930,000000,75W,10,2026,9,30,0,23.2,135.0,98300.0,2026-09-30,2026-09-30,983.0
20260930,000000,75W,10,2026,9,30,0,24.0,135.8,98100.0,2026-09-30,2026-09-30,981.0
20260930,000000,75W,10,2026,9,30,0,25.400000000000002,136.6,98000.0,2026-09-30,2026-09-30,980.0
20260930,000000,75W,11,2026,9,30,0,16.9,113.5,101200.0,2026-09-30,2026-09-30,1012.0
20260930,000000,75W,11,2026,9,30,0,15.9,112.5,101200.0,2026-09-30,2026-09-30,1012.0
20260930,000000,75W,11,2026,9,30,0,15.0,112.5,101000.0,2026-09-30,2026-09-30,1010.0
20260930,000000,75W,11,2026,9,30,0,15.6,110.8,101100.0,2026-09-30,2026-09-30,1011.0
20260930,000000,75W,11,2026,9,30,0,14.5,109.60000000000001,101000.0,2026-09-30,2026-09-30,1010.0
20260930,000000,75W,11,2026,9,30,0,13.9,109.60000000000001,101000.0,2026-09-30,2026-09-30,1010.0
20260930,000000,75W,11,2026,9,30,0,13.3,110.2,100900.0,2026-09-30,2026-09-30,1009.0
20260930,000000,75W,11,2026,9,30,0,15.4,109.7,101000.0,2026-09-30,2026-09-30,1010.0
20260930,000000,75W,11,2026,9,30,0,17.6,104.60000000000001,101200.0,2026-09-30,2026-09-30,1012.0
20260930,000000,75W,11,2026,9,30,0,16.4,105.4,101100.0,2026-09-30,2026-09-30,1011.0
20260930,000000,75W,12,2026,9,30,0,13.0,113.60000000000001,100800.0,2026-09-30,2026-09-30,1008.0
20260930,000000,75W,12,2026,9,30,0,11.9,113.0,100600.0,2026-09-30,2026-09-30,1006.0
20260930,000000,75W,12,2026,9,30,0,11.9,113.3,100700.0,2026-09-30,2026-09-30,1007.0
20260930,000000,75W,13,2026,9,30,0,16.1,150.1,100600.0,2026-09-30,2026-09-30,1006.0
20260930,000000,75W,13,2026,9,30,0,16.1,149.3,100800.0,2026-09-30,2026-09-30,1008.0
20260930,000000,75W,14,2026,9,30,0,11.6,163.9,100900.0,2026-09-30,2026-09-30,1009.0
20260930,000000,75W,14,2026,9,30,0,13.9,164.5,101100.0,2026-09-30,2026-09-30,1011.0
20260930,000000,75W,14,2026,9,30,0,12.700000000000001,163.1,101100.0,2026-09-30,2026-09-30,1011.0
20260930,000000,75W,14,2026,9,30,0,12.8,162.20000000000002,100900.0,2026-09-30,2026-09-30,1009.0
20260930,000000,75W,14,2026,9,30,0,11.6,160.5,101200.0,2026-09-30,2026-09-30,1012.0
20260930,000000,75W,14,2026,9,30,0,11.6,160.5,101000.0,2026-09-30,2026-09-30,1010.0
20260930,000000,75W,14,2026,9,30,0,11.9,160.8,101200.0,2026-09-30,2026-09-30,1012.0
20260930,000000,75W,14,2026,9,30,0,12.200000000000001,160.5,101100.0,2026-09-30,2026-09-30,1011.0
20260930,000000,75W,14,2026,9,30,0,11.9,159.1,101000.0,2026-09-30,2026-09-30,1010.0
20260930,000000,75W,14,2026,9,30,0,11.4,158.6,101200.0,2026-09-30,2026-09-30,1012.0
20260930,000000,75W,14,2026,9,30,0,11.6,158.0,101000.0,2026-09-30,2026-09-30,1010.0
20260930,000000,75W,14,2026,9,30,0,11.9,157.70000000000002,101100.0,2026-09-30,2026-09-30,1011.0
20260930,000000,75W,14,2026,9,30,0,10.5,158.3,101200.0,2026-09-30,2026-09-30,1012.0
20260930,000000,75W,14,2026,9,30,0,11.1,156.6,101000.0,2026-09-30,2026-09-30,1010.0
20260930,000000,75W,14,2026,9,30,0,11.4,156.3,100800.0,2026-09-30,2026-09-30,1008.0
20260930,000000,75W,14,2026,9,30,0,11.4,154.4,101000.0,2026-09-30,2026-09-30,1010.0
20260930,000000,75W,14,2026,9,30,0,10.200000000000001,153.0,100800.0,2026-09-30,2026-09-30,1008.0
20260930,000000,75W,14,2026,9,30,0,10.200000000000001,153.5,100700.0,2026-09-30,2026-09-30,1007.0
20260930,000000,75W,14,2026,9,30,0,10.9,152.4,100900.0,2026-09-30,2026-09-30,1009.0
20260930,000000,75W,14,2026,9,30,0,11.4,152.1,100800.0,2026-09-30,2026-09-30,1008.0
20260930,000000,75W,14,2026,9,30,0,10.5,149.6,100600.0,2026-09-30,2026-09-30,1006.0
20260930,000000,75W,14,2026,9,30,0,11.1,148.70000000000002,101000.0,2026-09-30,2026-09-30,1010.0
20260930,000000,75W,14,2026,9,30,0,10.8,146.5,100800.0,2026-09-30,2026-09-30,1008.0
20260930,000000,75W,14,2026,9,30,0,11.1,145.6,100800.0,2026-09-30,2026-09-30,1008.0
20260930,000000,75W,15,2026,9,30,0,9.1,166.5,100500.0,2026-09-30,2026-09-30,1005.0
20260930,000000,75W,15,2026,9,30,0,9.700000000000001,166.20000000000002,100200.0,2026-09-30,2026-09-30,1002.0
20260930,000000,75W,15,2026,9,30,0,9.700000000000001,165.3,100300.0,2026-09-30,2026-09-30,1003.0
20260930,000000,75W,15,2026,9,30,0,9.4,165.6,100000.0,2026-09-30,2026-09-30,1000.0
20260930,000000,75W,15,2026,9,30,0,9.4,165.6,100300.0,2026-09-30,2026-09-30,1003.0
20260930,000000,75W,15,2026,9,30,0,10.200000000000001,166.5,100100.0,2026-09-30,2026-09-30,1001.0
20260930,000000,75W,15,2026,9,30,0,10.8,166.5,100100.0,2026-09-30,2026-09-30,1001.0
20260930,000000,75W,16,2026,9,30,0,13.0,167.6,100800.0,2026-09-30,2026-09-30,1008.0
20260930,000000,75W,16,2026,9,30,0,12.5,164.20000000000002,101000.0,2026-09-30,2026-09-30,1010.0
20260930,000000,75W,17,2026,9,30,0,17.6,145.9,100700.0,2026-09-30,2026-09-30,1007.0
20260930,000000,75W,17,2026,9,30,0,16.4,146.20000000000002,101000.0,2026-09-30,2026-09-30,1010.0
20260930,000000,75W,17,2026,9,30,0,17.8,147.9,100700.0,2026-09-30,2026-09-30,1007.0
20260930,000000,75W,17,2026,9,30,0,18.6,147.3,100800.0,2026-09-30,2026-09-30,1008.0
20260930,000000,75W,17,2026,9,30,0,18.400000000000002,145.6,100600.0,2026-09-30,2026-09-30,1006.0
20260930,000000,75W,17,2026,9,30,0,20.400000000000002,145.6,100700.0,2026-09-30,2026-09-30,1007.0
20260930,000000,75W,17,2026,9,30,0,20.400000000000002,144.20000000000002,100400.0,2026-09-30,2026-09-30,1004.0
20260930,000000,75W,17,2026,9,30,0,20.7,143.70000000000002,100500.0,2026-09-30,2026-09-30,1005.0
20260930,000000,75W,17,2026,9,30,0,21.2,143.4,100200.0,2026-09-30,2026-09-30,1002.0
20260930,000000,75W,17,2026,9,30,0,21.8,143.1,100300.0,2026-09-30,2026-09-30,1003.0
20260930,000000,75W,17,2026,9,30,0,22.1,143.1,100100.0,2026-09-30,2026-09-30,1001.0
20260930,000000,75W,17,2026,9,30,0,23.5,143.4,100300.0,2026-09-30,2026-09-30,1003.0
20260930,000000,75W,17,2026,9,30,0,24.3,144.20000000000002,100000.0,2026-09-30,2026-09-30,1000.0
20260930,000000,75W,17,2026,9,30,0,24.900000000000002,144.20000000000002,100200.0,2026-09-30,2026-09-30,1002.0
20260930,000000,75W,17,2026,9,30,0,25.7,144.70000000000002,100100.0,2026-09-30,2026-09-30,1001.0
20260930,000000,75W,17,2026,9,30,0,28.0,144.20000000000002,100200.0,2026-09-30,2026-09-30,1002.0
20260930,000000,75W,18,2026,9,30,0,14.8,111.7,101100.0,2026-09-30,2026-09-30,1011.0
20260930,000000,75W,18,2026,9,30,0,16.1,111.0,101000.0,2026-09-30,2026-09-30,1010.0
20260930,000000,75W,19,2026,9,30,0,16.4,117.5,101000.0,2026-09-30,2026-09-30,1010.0
20260930,000000,75W,19,2026,9,30,0,15.9,117.0,100800.0,2026-09-30,2026-09-30,1008.0
20260930,000000,75W,19,2026,9,30,0,15.9,115.0,100800.0,2026-09-30,2026-09-30,1008.0
20260930,000000,75W,19,2026,9,30,0,15.0,114.10000000000001,100800.0,2026-09-30,2026-09-30,1008.0
20260930,000000,75W,19,2026,9,30,0,14.5,114.10000000000001,100800.0,2026-09-30,2026-09-30,1008.0
20260930,000000,75W,19,2026,9,30,0,12.8,113.9,100600.0,2026-09-30,2026-09-30,1006.0
20260930,000000,75W,19,2026,9,30,0,12.8,113.9,100700.0,2026-09-30,2026-09-30,1007.0
20260930,000000,75W,19,2026,9,30,0,13.9,112.7,100500.0,2026-09-30,2026-09-30,1005.0
20260930,000000,75W,19,2026,9,30,0,13.3,112.2,100600.0,2026-09-30,2026-09-30,1006.0
20260930,000000,75W,19,2026,9,30,0,12.5,111.60000000000001,100400.0,2026-09-30,2026-09-30,1004.0
20260930,000000,75W,19,2026,9,30,0,13.3,111.9,100300.0,2026-09-30,2026-09-30,1003.0
20260930,000000,75W,19,2026,9,30,0,13.700000000000001,112.4,100400.0,2026-09-30,2026-09-30,1004.0
20260930,000000,75W,19,2026,9,30,0,13.9,111.0,100200.0,2026-09-30,2026-09-30,1002.0
20260930,000000,75W,19,2026,9,30,0,14.200000000000001,110.2,100200.0,2026-09-30,2026-09-30,1002.0
20260930,000000,75W,19,2026,9,30,0,14.5,109.60000000000001,100400.0,2026-09-30,2026-09-30,1004.0
20260930,000000,75W,19,2026,9,30,0,15.3,109.10000000000001,100800.0,2026-09-30,2026-09-30,1008.0
20260930,000000,75W,19,2026,9,30,0,15.9,106.3,100800.0,2026-09-30,2026-09-30,1008.0
20260930,000000,75W,19,2026,9,30,0,16.7,107.10000000000001,101000.0,2026-09-30,2026-09-30,1010.0
20260930,000000,75W,20,2026,9,30,0,17.8,120.3,100600.0,2026-09-30,2026-09-30,1006.0
20260930,000000,75W,20,2026,9,30,0,17.0,118.60000000000001,101000.0,2026-09-30,2026-09-30,1010.0
20260930,000000,75W,20,2026,9,30,0,15.9,118.10000000000001,100800.0,2026-09-30,2026-09-30,1008.0
20260930,000000,75W,20,2026,9,30,0,14.200000000000001,115.5,101000.0,2026-09-30,2026-09-30,1010.0
20260930,000000,75W,20,2026,9,30,0,15.9,114.7,100800.0,2026-09-30,2026-09-30,1008.0
20260930,000000,75W,20,2026,9,30,0,14.5,115.3,100900.0,2026-09-30,2026-09-30,1009.0
20260930,000000,75W,20,2026,9,30,0,13.6,115.5,100600.0,2026-09-30,2026-09-30,1006.0
20260930,000000,75W,20,2026,9,30,0,14.200000000000001,116.10000000000001,100800.0,2026-09-30,2026-09-30,1008.0
20260930,000000,75W,20,2026,9,30,0,12.8,115.0,100700.0,2026-09-30,2026-09-30,1007.0
20260930,000000,75W,20,2026,9,30,0,12.700000000000001,116.5,100700.0,2026-09-30,2026-09-30,1007.0
20260930,000000,75W,20,2026,9,30,0,13.0,116.10000000000001,100500.0,2026-09-30,2026-09-30,1005.0
20260930,000000,75W,20,2026,9,30,0,12.200000000000001,116.7,100700.0,2026-09-30,2026-09-30,1007.0
20260930,000000,75W,20,2026,9,30,0,11.9,117.5,100500.0,2026-09-30,2026-09-30,1005.0
20260930,000000,75W,20,2026,9,30,0,12.5,117.5,100500.0,2026-09-30,2026-09-30,1005.0
20260930,000000,75W,20,2026,9,30,0,12.5,117.2,100200.0,2026-09-30,2026-09-30,1002.0
20260930,000000,75W,20,2026,9,30,0,12.200000000000001,117.2,100000.0,2026-09-30,2026-09-30,1000.0
20260930,000000,75W,20,2026,9,30,0,12.200000000000001,117.0,99700.0,2026-09-30,2026-09-30,997.0
20260930,000000,75W,20,2026,9,30,0,12.5,116.7,99600.0,2026-09-30,2026-09-30,996.0
20260930,000000,75W,20,2026,9,30,0,12.200000000000001,116.10000000000001,99200.0,2026-09-30,2026-09-30,992.0
20260930,000000,75W,20,2026,9,30,0,12.8,115.8,98900.0,2026-09-30,2026-09-30,989.0
20260930,000000,75W,20,2026,9,30,0,13.0,114.7,98300.0,2026-09-30,2026-09-30,983.0
20260930,000000,75W,20,2026,9,30,0,13.3,113.60000000000001,97900.0,2026-09-30,2026-09-30,979.0
20260930,000000,75W,20,2026,9,30,0,13.6,112.5,98200.0,2026-09-30,2026-09-30,982.0
20260930,000000,75W,20,2026,9,30,0,13.9,111.60000000000001,98000.0,2026-09-30,2026-09-30,980.0
20260930,000000,75W,20,2026,9,30,0,15.0,111.3,98000.0,2026-09-30,2026-09-30,980.0
20260930,000000,75W,20,2026,9,30,0,16.1,110.5,98300.0,2026-09-30,2026-09-30,983.0
20260930,000000,75W,20,2026,9,30,0,17.3,109.60000000000001,98400.0,2026-09-30,2026-09-30,984.0
20260930,000000,75W,20,2026,9,30,0,18.1,109.10000000000001,98500.0,2026-09-30,2026-09-30,985.0
20260930,000000,75W,20,2026,9,30,0,19.2,108.5,98700.0,2026-09-30,2026-09-30,987.0
20260930,000000,75W,20,2026,9,30,0,20.1,108.2,98900.0,2026-09-30,2026-09-30,989.0
20260930,000000,75W,20,2026,9,30,0,21.2,108.8,99000.0,2026-09-30,2026-09-30,990.0
20260930,000000,75W,20,2026,9,30,0,21.8,109.4,99700.0,2026-09-30,2026-09-30,997.0
20260930,000000,75W,20,2026,9,30,0,21.5,109.9,100500.0,2026-09-30,2026-09-30,1005.0
20260930,000000,75W,20,2026,9,30,0,21.2,110.8,100900.0,2026-09-30,2026-09-30,1009.0
20260930,000000,75W,21,2026,9,30,0,14.200000000000001,144.20000000000002,101000.0,2026-09-30,2026-09-30,1010.0
20260930,000000,75W,21,2026,9,30,0,14.700000000000001,142.5,100700.0,2026-09-30,2026-09-30,1007.0
20260930,000000,75W,21,2026,9,30,0,14.5,143.4,100900.0,2026-09-30,2026-09-30,1009.0
20260930,000000,75W,21,2026,9,30,0,15.0,144.0,100600.0,2026-09-30,2026-09-30,1006.0
20260930,000000,75W,21,2026,9,30,0,15.9,143.70000000000002,100800.0,2026-09-30,2026-09-30,1008.0
20260930,000000,75W,21,2026,9,30,0,16.7,144.20000000000002,100600.0,2026-09-30,2026-09-30,1006.0
20260930,000000,75W,21,2026,9,30,0,17.3,143.4,100800.0,2026-09-30,2026-09-30,1008.0
20260930,000000,75W,21,2026,9,30,0,18.400000000000002,143.4,100600.0,2026-09-30,2026-09-30,1006.0
20260930,000000,75W,21,2026,9,30,0,18.400000000000002,142.3,100800.0,2026-09-30,2026-09-30,1008.0
20260930,000000,75W,21,2026,9,30,0,18.7,143.4,100600.0,2026-09-30,2026-09-30,1006.0
20260930,000000,75W,21,2026,9,30,0,19.5,143.70000000000002,100800.0,2026-09-30,2026-09-30,1008.0
20260930,000000,75W,21,2026,9,30,0,20.400000000000002,142.3,100500.0,2026-09-30,2026-09-30,1005.0
20260930,000000,75W,21,2026,9,30,0,20.400000000000002,142.0,100700.0,2026-09-30,2026-09-30,1007.0
20260930,000000,75W,21,2026,9,30,0,20.0,141.9,100500.0,2026-09-30,2026-09-30,1005.0
20260930,000000,75W,21,2026,9,30,0,19.8,141.6,100600.0,2026-09-30,2026-09-30,1006.0
20260930,000000,75W,21,2026,9,30,0,20.400000000000002,140.9,100300.0,2026-09-30,2026-09-30,1003.0
20260930,000000,75W,21,2026,9,30,0,20.1,140.0,100400.0,2026-09-30,2026-09-30,1004.0
20260930,000000,75W,21,2026,9,30,0,20.1,139.70000000000002,100300.0,2026-09-30,2026-09-30,1003.0
20260930,000000,75W,21,2026,9,30,0,20.5,139.5,100300.0,2026-09-30,2026-09-30,1003.0
20260930,000000,75W,21,2026,9,30,0,20.900000000000002,138.9,99800.0,2026-09-30,2026-09-30,998.0
20260930,000000,75W,21,2026,9,30,0,20.900000000000002,138.9,100000.0,2026-09-30,2026-09-30,1000.0
20260930,000000,75W,21,2026,9,30,0,21.2,138.3,99600.0,2026-09-30,2026-09-30,996.0
20260930,000000,75W,21,2026,9,30,0,20.7,137.8,99700.0,2026-09-30,2026-09-30,997.0
20260930,000000,75W,21,2026,9,30,0,20.1,137.5,99200.0,2026-09-30,2026-09-30,992.0
20260930,000000,75W,21,2026,9,30,0,19.5,137.5,99200.0,2026-09-30,2026-09-30,992.0
20260930,000000,75W,21,2026,9,30,0,18.7,137.5,99200.0,2026-09-30,2026-09-30,992.0
20260930,000000,75W,21,2026,9,30,0,18.1,138.0,99200.0,2026-09-30,2026-09-30,992.0
20260930,000000,75W,21,2026,9,30,0,17.6,138.3,99000.0,2026-09-30,2026-09-30,990.0
20260930,000000,75W,21,2026,9,30,0,17.6,139.5,99300.0,2026-09-30,2026-09-30,993.0
20260930,000000,75W,21,2026,9,30,0,18.1,140.0,99300.0,2026-09-30,2026-09-30,993.0
20260930,000000,75W,21,2026,9,30,0,18.7,140.9,99700.0,2026-09-30,2026-09-30,997.0
20260930,000000,75W,22,2026,9,30,0,11.5,174.6,100900.0,2026-09-30,2026-09-30,1009.0
20260930,000000,75W,22,2026,9,30,0,11.4,174.6,100800.0,2026-09-30,2026-09-30,1008.0
20260930,000000,75W,22,2026,9,30,0,11.6,174.3,100900.0,2026-09-30,2026-09-30,1009.0
20260930,000000,75W,22,2026,9,30,0,10.5,173.8,100800.0,2026-09-30,2026-09-30,1008.0
20260930,000000,75W,22,2026,9,30,0,10.5,173.20000000000002,100700.0,2026-09-30,2026-09-30,1007.0
20260930,000000,75W,22,2026,9,30,0,10.5,171.8,100600.0,2026-09-30,2026-09-30,1006.0
20260930,000000,75W,22,2026,9,30,0,10.0,171.20000000000002,100700.0,2026-09-30,2026-09-30,1007.0
20260930,000000,75W,22,2026,9,30,0,9.1,170.70000000000002,100600.0,2026-09-30,2026-09-30,1006.0
20260930,000000,75W,22,2026,9,30,0,9.4,169.3,100700.0,2026-09-30,2026-09-30,1007.0
20260930,000000,75W,22,2026,9,30,0,8.5,170.1,100500.0,2026-09-30,2026-09-30,1005.0
20260930,000000,75W,22,2026,9,30,0,8.8,171.20000000000002,100700.0,2026-09-30,2026-09-30,1007.0
20260930,000000,75W,22,2026,9,30,0,8.8,171.5,100700.0,2026-09-30,2026-09-30,1007.0
20260930,000000,75W,22,2026,9,30,0,8.8,172.1,100700.0,2026-09-30,2026-09-30,1007.0
20260930,000000,75W,22,2026,9,30,0,8.8,172.4,100600.0,2026-09-30,2026-09-30,1006.0
20260930,000000,75W,22,2026,9,30,0,8.8,172.6,100700.0,2026-09-30,2026-09-30,1007.0
20260930,000000,75W,22,2026,9,30,0,9.1,173.20000000000002,100700.0,2026-09-30,2026-09-30,1007.0
20260930,000000,75W,22,2026,9,30,0,8.8,173.20000000000002,100700.0,2026-09-30,2026-09-30,1007.0
20260930,000000,75W,22,2026,9,30,0,8.4,173.9,100900.0,2026-09-30,2026-09-30,1009.0
20260930,000000,75W,22,2026,9,30,0,8.8,176.0,100900.0,2026-09-30,2026-09-30,1009.0
20260930,000000,75W,22,2026,9,30,0,9.1,177.1,100900.0,2026-09-30,2026-09-30,1009.0
20260930,000000,75W,22,2026,9,30,0,9.4,177.1,100800.0,2026-09-30,2026-09-30,1008.0
20260930,000000,75W,23,2026,9,30,0,16.1,141.4,100900.0,2026-09-30,2026-09-30,1009.0
20260930,000000,75W,23,2026,9,30,0,17.8,142.8,101100.0,2026-09-30,2026-09-30,1011.0
20260930,000000,75W,23,2026,9,30,0,17.6,142.3,100800.0,2026-09-30,2026-09-30,1008.0
20260930,000000,75W,23,2026,9,30,0,18.2,142.5,101000.0,2026-09-30,2026-09-30,1010.0
20260930,000000,75W,23,2026,9,30,0,18.7,142.3,100800.0,2026-09-30,2026-09-30,1008.0
20260930,000000,75W,23,2026,9,30,0,20.1,142.5,100800.0,2026-09-30,2026-09-30,1008.0
20260930,000000,75W,23,2026,9,30,0,20.7,141.1,100500.0,2026-09-30,2026-09-30,1005.0
20260930,000000,75W,23,2026,9,30,0,20.900000000000002,140.9,100700.0,2026-09-30,2026-09-30,1007.0
20260930,000000,75W,23,2026,9,30,0,21.2,141.1,100400.0,2026-09-30,2026-09-30,1004.0
20260930,000000,75W,23,2026,9,30,0,21.8,140.0,100500.0,2026-09-30,2026-09-30,1005.0
20260930,000000,75W,23,2026,9,30,0,22.6,140.3,100300.0,2026-09-30,2026-09-30,1003.0
20260930,000000,75W,23,2026,9,30,0,24.0,139.5,100200.0,2026-09-30,2026-09-30,1002.0
20260930,000000,75W,23,2026,9,30,0,24.6,139.5,100000.0,2026-09-30,2026-09-30,1000.0
20260930,000000,75W,23,2026,9,30,0,25.7,139.70000000000002,100200.0,2026-09-30,2026-09-30,1002.0
20260930,000000,75W,23,2026,9,30,0,26.6,140.3,100100.0,2026-09-30,2026-09-30,1001.0
20260930,000000,75W,23,2026,9,30,0,27.7,140.6,100100.0,2026-09-30,2026-09-30,1001.0
20260930,000000,75W,23,2026,9,30,0,28.3,140.9,100100.0,2026-09-30,2026-09-30,1001.0
20260930,000000,75W,27,2026,9,30,0,16.2,119.9,101100.0,2026-09-30,2026-09-30,1011.0
20260930,000000,75W,27,2026,9,30,0,15.3,120.9,101000.0,2026-09-30,2026-09-30,1010.0
20260930,000000,75W,27,2026,9,30,0,16.7,119.9,101200.0,2026-09-30,2026-09-30,1012.0
20260930,000000,75W,27,2026,9,30,0,16.1,119.5,101100.0,2026-09-30,2026-09-30,1011.0
20260930,000000,75W,27,2026,9,30,0,14.9,118.8,101300.0,2026-09-30,2026-09-30,1013.0
20260930,000000,75W,27,2026,9,30,0,14.200000000000001,118.10000000000001,101100.0,2026-09-30,2026-09-30,1011.0
20260930,000000,75W,27,2026,9,30,0,13.9,118.10000000000001,101300.0,2026-09-30,2026-09-30,1013.0
20260930,000000,75W,27,2026,9,30,0,12.200000000000001,118.4,101200.0,2026-09-30,2026-09-30,1012.0
20260930,000000,75W,27,2026,9,30,0,11.1,117.0,101300.0,2026-09-30,2026-09-30,1013.0
20260930,000000,75W,28,2026,9,30,0,12.200000000000001,163.4,100600.0,2026-09-30,2026-09-30,1006.0
20260930,000000,75W,28,2026,9,30,0,13.0,162.5,100800.0,2026-09-30,2026-09-30,1008.0
20260930,000000,75W,28,2026,9,30,0,13.6,162.0,100700.0,2026-09-30,2026-09-30,1007.0
20260930,000000,75W,29,2026,9,30,0,13.6,167.0,100600.0,2026-09-30,2026-09-30,1006.0
20260930,000000,75W,29,2026,9,30,0,13.6,165.9,100200.0,2026-09-30,2026-09-30,1002.0
20260930,000000,75W,29,2026,9,30,0,14.700000000000001,164.8,100100.0,2026-09-30,2026-09-30,1001.0
20260930,000000,75W,29,2026,9,30,0,14.700000000000001,163.4,99800.0,2026-09-30,2026-09-30,998.0
20260930,000000,75W,29,2026,9,30,0,14.700000000000001,161.70000000000002,99600.0,2026-09-30,2026-09-30,996.0
20260930,000000,75W,29,2026,9,30,0,15.3,160.8,99100.0,2026-09-30,2026-09-30,991.0
20260930,000000,75W,29,2026,9,30,0,15.6,159.4,99100.0,2026-09-30,2026-09-30,991.0
20260930,000000,75W,29,2026,9,30,0,15.6,158.6,98500.0,2026-09-30,2026-09-30,985.0
20260930,000000,75W,29,2026,9,30,0,16.1,158.0,98300.0,2026-09-30,2026-09-30,983.0
20260930,000000,75W,29,2026,9,30,0,16.7,156.6,98100.0,2026-09-30,2026-09-30,981.0
20260930,000000,75W,29,2026,9,30,0,16.7,155.5,97700.0,2026-09-30,2026-09-30,977.0
20260930,000000,75W,29,2026,9,30,0,17.3,154.4,97700.0,2026-09-30,2026-09-30,977.0
20260930,000000,75W,29,2026,9,30,0,17.6,153.0,97000.0,2026-09-30,2026-09-30,970.0
20260930,000000,75W,29,2026,9,30,0,18.1,151.8,96900.0,2026-09-30,2026-09-30,969.0
20260930,000000,75W,29,2026,9,30,0,18.400000000000002,150.4,96900.0,2026-09-30,2026-09-30,969.0
20260930,000000,75W,29,2026,9,30,0,19.0,149.0,96700.0,2026-09-30,2026-09-30,967.0
20260930,000000,75W,29,2026,9,30,0,19.2,147.6,96700.0,2026-09-30,2026-09-30,967.0
20260930,000000,75W,29,2026,9,30,0,19.5,146.8,96000.0,2026-09-30,2026-09-30,960.0
20260930,000000,75W,29,2026,9,30,0,20.400000000000002,145.9,95800.0,2026-09-30,2026-09-30,958.0
20260930,000000,75W,29,2026,9,30,0,20.7,145.1,95600.0,2026-09-30,2026-09-30,956.0
20260930,000000,75W,29,2026,9,30,0,21.2,144.20000000000002,95900.0,2026-09-30,2026-09-30,959.0
20260930,000000,75W,29,2026,9,30,0,21.8,143.4,96000.0,2026-09-30,2026-09-30,960.0
20260930,000000,75W,29,2026,9,30,0,22.3,142.8,95400.0,2026-09-30,2026-09-30,954.0
20260930,000000,75W,29,2026,9,30,0,22.900000000000002,142.5,95300.0,2026-09-30,2026-09-30,953.0
20260930,000000,75W,29,2026,9,30,0,23.2,142.0,94900.0,2026-09-30,2026-09-30,949.0
20260930,000000,75W,29,2026,9,30,0,23.2,141.70000000000002,95700.0,2026-09-30,2026-09-30,957.0
20260930,000000,75W,29,2026,9,30,0,24.3,141.4,95900.0,2026-09-30,2026-09-30,959.0
20260930,000000,75W,29,2026,9,30,0,25.2,141.4,95800.0,2026-09-30,2026-09-30,958.0
20260930,000000,75W,29,2026,9,30,0,25.7,141.1,95800.0,2026-09-30,2026-09-30,958.0
20260930,000000,75W,29,2026,9,30,0,26.6,140.9,96000.0,2026-09-30,2026-09-30,960.0
20260930,000000,75W,29,2026,9,30,0,27.1,141.1,96100.0,2026-09-30,2026-09-30,961.0
20260930,000000,75W,30,2026,9,30,0,12.9,137.70000000000002,100900.0,2026-09-30,2026-09-30,1009.0
20260930,000000,75W,30,2026,9,30,0,15.0,136.6,101100.0,2026-09-30,2026-09-30,1011.0
20260930,000000,75W,30,2026,9,30,0,15.3,137.20000000000002,101000.0,2026-09-30,2026-09-30,1010.0
20260930,000000,75W,30,2026,9,30,0,15.9,138.9,100800.0,2026-09-30,2026-09-30,1008.0
20260930,000000,75W,30,2026,9,30,0,17.0,138.0,101000.0,2026-09-30,2026-09-30,1010.0
20260930,000000,75W,30,2026,9,30,0,17.0,136.4,100600.0,2026-09-30,2026-09-30,1006.0
20260930,000000,75W,30,2026,9,30,0,18.2,136.0,100500.0,2026-09-30,2026-09-30,1005.0
20260930,000000,75W,30,2026,9,30,0,18.0,134.9,100700.0,2026-09-30,2026-09-30,1007.0
20260930,000000,75W,30,2026,9,30,0,17.3,134.7,100500.0,2026-09-30,2026-09-30,1005.0
20260930,000000,75W,30,2026,9,30,0,16.6,134.7,100700.0,2026-09-30,2026-09-30,1007.0
20260930,000000,75W,30,2026,9,30,0,16.1,134.7,100500.0,2026-09-30,2026-09-30,1005.0
20260930,000000,75W,30,2026,9,30,0,15.6,135.5,100800.0,2026-09-30,2026-09-30,1008.0
20260930,000000,75W,30,2026,9,30,0,15.0,136.9,100400.0,2026-09-30,2026-09-30,1004.0
20260930,000000,75W,30,2026,9,30,0,14.700000000000001,136.9,100600.0,2026-09-30,2026-09-30,1006.0
20260930,000000,75W,30,2026,9,30,0,15.3,137.8,100300.0,2026-09-30,2026-09-30,1003.0
20260930,000000,75W,30,2026,9,30,0,15.6,139.20000000000002,100400.0,2026-09-30,2026-09-30,1004.0
20260930,000000,75W,30,2026,9,30,0,16.1,140.9,100600.0,2026-09-30,2026-09-30,1006.0
20260930,000000,75W,30,2026,9,30,0,15.6,138.9,100300.0,2026-09-30,2026-09-30,1003.0
20260930,000000,75W,30,2026,9,30,0,15.3,140.3,100300.0,2026-09-30,2026-09-30,1003.0
20260930,000000,75W,30,2026,9,30,0,15.6,140.9,99900.0,2026-09-30,2026-09-30,999.0
20260930,000000,75W,30,2026,9,30,0,15.3,141.70000000000002,100100.0,2026-09-30,2026-09-30,1001.0
20260930,000000,75W,30,2026,9,30,0,15.9,143.1,99800.0,2026-09-30,2026-09-30,998.0
20260930,000000,75W,30,2026,9,30,0,16.7,144.0,100100.0,2026-09-30,2026-09-30,1001.0
20260930,000000,75W,30,2026,9,30,0,17.8,145.4,99900.0,2026-09-30,2026-09-30,999.0
20260930,000000,75W,32,2026,9,30,0,16.7,115.3,101100.0,2026-09-30,2026-09-30,1011.0
20260930,000000,75W,32,2026,9,30,0,13.9,112.7,101000.0,2026-09-30,2026-09-30,1010.0
20260930,000000,75W,32,2026,9,30,0,13.9,113.9,100900.0,2026-09-30,2026-09-30,1009.0
20260930,000000,75W,32,2026,9,30,0,14.5,112.5,100900.0,2026-09-30,2026-09-30,1009.0
20260930,000000,75W,32,2026,9,30,0,13.6,113.3,100700.0,2026-09-30,2026-09-30,1007.0
20260930,000000,75W,32,2026,9,30,0,13.6,112.2,100600.0,2026-09-30,2026-09-30,1006.0
20260930,000000,75W,32,2026,9,30,0,13.6,110.8,100500.0,2026-09-30,2026-09-30,1005.0
20260930,000000,75W,32,2026,9,30,0,13.0,111.9,100500.0,2026-09-30,2026-09-30,1005.0
20260930,000000,75W,32,2026,9,30,0,13.6,110.5,100600.0,2026-09-30,2026-09-30,1006.0
20260930,000000,75W,32,2026,9,30,0,14.5,110.5,100500.0,2026-09-30,2026-09-30,1005.0
20260930,000000,75W,32,2026,9,30,0,14.6,109.4,100600.0,2026-09-30,2026-09-30,1006.0
20260930,000000,75W,32,2026,9,30,0,14.700000000000001,106.8,100700.0,2026-09-30,2026-09-30,1007.0
20260930,000000,75W,32,2026,9,30,0,14.700000000000001,105.7,100800.0,2026-09-30,2026-09-30,1008.0
20260930,000000,75W,32,2026,9,30,0,12.8,105.10000000000001,100800.0,2026-09-30,2026-09-30,1008.0
20260930,000000,75W,32,2026,9,30,0,13.700000000000001,103.8,100900.0,2026-09-30,2026-09-30,1009.0
20260930,000000,75W,32,2026,9,30,0,13.5,103.60000000000001,100900.0,2026-09-30,2026-09-30,1009.0
20260930,000000,75W,32,2026,9,30,0,14.200000000000001,101.2,101100.0,2026-09-30,2026-09-30,1011.0
20260930,000000,75W,32,2026,9,30,0,13.6,100.4,101000.0,2026-09-30,2026-09-30,1010.0
20260930,000000,75W,34,2026,9,30,0,17.0,112.7,100800.0,2026-09-30,2026-09-30,1008.0
20260930,000000,75W,34,2026,9,30,0,15.3,113.0,100900.0,2026-09-30,2026-09-30,1009.0
20260930,000000,75W,34,2026,9,30,0,15.6,113.3,100700.0,2026-09-30,2026-09-30,1007.0
20260930,000000,75W,34,2026,9,30,0,15.6,112.2,100700.0,2026-09-30,2026-09-30,1007.0
20260930,000000,75W,34,2026,9,30,0,16.1,112.2,100700.0,2026-09-30,2026-09-30,1007.0
20260930,000000,75W,34,2026,9,30,0,16.7,111.0,100700.0,2026-09-30,2026-09-30,1007.0
20260930,000000,75W,34,2026,9,30,0,17.0,110.2,100500.0,2026-09-30,2026-09-30,1005.0
20260930,000000,75W,34,2026,9,30,0,17.0,109.60000000000001,100500.0,2026-09-30,2026-09-30,1005.0
20260930,000000,75W,34,2026,9,30,0,17.6,108.5,100500.0,2026-09-30,2026-09-30,1005.0
20260930,000000,75W,34,2026,9,30,0,17.400000000000002,107.9,100500.0,2026-09-30,2026-09-30,1005.0
20260930,000000,75W,34,2026,9,30,0,17.6,106.8,100300.0,2026-09-30,2026-09-30,1003.0
20260930,000000,75W,34,2026,9,30,0,17.6,106.8,100600.0,2026-09-30,2026-09-30,1006.0
20260930,000000,75W,34,2026,9,30,0,17.400000000000002,107.2,100800.0,2026-09-30,2026-09-30,1008.0
20260930,000000,75W,34,2026,9,30,0,18.7,106.0,101000.0,2026-09-30,2026-09-30,1010.0
20260930,000000,75W,36,2026,9,30,0,12.200000000000001,113.0,100900.0,2026-09-30,2026-09-30,1009.0
20260930,000000,75W,36,2026,9,30,0,11.4,113.0,100800.0,2026-09-30,2026-09-30,1008.0
20260930,000000,75W,36,2026,9,30,0,10.5,113.2,100600.0,2026-09-30,2026-09-30,1006.0
20260930,000000,75W,36,2026,9,30,0,10.8,112.9,100700.0,2026-09-30,2026-09-30,1007.0
20260930,000000,75W,36,2026,9,30,0,11.700000000000001,113.0,100500.0,2026-09-30,2026-09-30,1005.0
20260930,000000,75W,36,2026,9,30,0,11.1,112.7,100700.0,2026-09-30,2026-09-30,1007.0
20260930,000000,75W,36,2026,9,30,0,11.4,110.8,100500.0,2026-09-30,2026-09-30,1005.0
20260930,000000,75W,36,2026,9,30,0,12.5,110.8,100600.0,2026-09-30,2026-09-30,1006.0
20260930,000000,75W,36,2026,9,30,0,13.6,110.2,100400.0,2026-09-30,2026-09-30,1004.0
20260930,000000,75W,36,2026,9,30,0,15.0,109.4,100400.0,2026-09-30,2026-09-30,1004.0
20260930,000000,75W,36,2026,9,30,0,15.9,108.5,100400.0,2026-09-30,2026-09-30,1004.0
20260930,000000,75W,36,2026,9,30,0,17.0,107.4,100600.0,2026-09-30,2026-09-30,1006.0
20260930,000000,75W,36,2026,9,30,0,17.6,106.5,100700.0,2026-09-30,2026-09-30,1007.0
20260930,000000,75W,36,2026,9,30,0,18.400000000000002,106.0,100700.0,2026-09-30,2026-09-30,1007.0
20260930,000000,75W,36,2026,9,30,0,19.0,106.0,101000.0,2026-09-30,2026-09-30,1010.0
20260930,000000,75W,36,2026,9,30,0,19.0,106.0,101100.0,2026-09-30,2026-09-30,1011.0
20260930,000000,75W,36,2026,9,30,0,20.400000000000002,106.3,101000.0,2026-09-30,2026-09-30,1010.0
20260930,000000,75W,36,2026,9,30,0,21.8,108.5,101300.0,2026-09-30,2026-09-30,1013.0
20260930,000000,75W,37,2026,9,30,0,11.4,126.0,100900.0,2026-09-30,2026-09-30,1009.0
20260930,000000,75W,37,2026,9,30,0,13.6,125.7,101000.0,2026-09-30,2026-09-30,1010.0
20260930,000000,75W,37,2026,9,30,0,12.8,125.10000000000001,100900.0,2026-09-30,2026-09-30,1009.0
20260930,000000,75W,37,2026,9,30,0,12.5,125.4,101100.0,2026-09-30,2026-09-30,1011.0
20260930,000000,75W,37,2026,9,30,0,11.9,125.4,100900.0,2026-09-30,2026-09-30,1009.0
20260930,000000,75W,37,2026,9,30,0,13.3,125.4,101100.0,2026-09-30,2026-09-30,1011.0
20260930,000000,75W,37,2026,9,30,0,12.200000000000001,126.0,100900.0,2026-09-30,2026-09-30,1009.0
20260930,000000,75W,37,2026,9,30,0,10.8,124.5,101100.0,2026-09-30,2026-09-30,1011.0
20260930,000000,75W,38,2026,9,30,0,13.3,113.3,100700.0,2026-09-30,2026-09-30,1007.0
20260930,000000,75W,38,2026,9,30,0,14.700000000000001,112.0,100700.0,2026-09-30,2026-09-30,1007.0
20260930,000000,75W,38,2026,9,30,0,14.8,109.60000000000001,100900.0,2026-09-30,2026-09-30,1009.0
20260930,000000,75W,38,2026,9,30,0,17.6,109.10000000000001,101000.0,2026-09-30,2026-09-30,1010.0
20260930,000000,75W,38,2026,9,30,0,18.400000000000002,107.7,100900.0,2026-09-30,2026-09-30,1009.0
20260930,000000,75W,38,2026,9,30,0,19.0,107.10000000000001,101000.0,2026-09-30,2026-09-30,1010.0
20260930,000000,75W,38,2026,9,30,0,19.8,107.7,101000.0,2026-09-30,2026-09-30,1010.0
20260930,000000,75W,38,2026,9,30,0,20.1,108.0,100900.0,2026-09-30,2026-09-30,1009.0
20260930,000000,75W,38,2026,9,30,0,20.400000000000002,108.5,101000.0,2026-09-30,2026-09-30,1010.0
20260930,000000,75W,38,2026,9,30,0,21.2,108.5,100900.0,2026-09-30,2026-09-30,1009.0
20260930,000000,75W,38,2026,9,30,0,20.7,108.2,100900.0,2026-09-30,2026-09-30,1009.0
20260930,000000,75W,38,2026,9,30,0,20.1,108.8,100700.0,2026-09-30,2026-09-30,1007.0
20260930,000000,75W,38,2026,9,30,0,19.5,108.5,100700.0,2026-09-30,2026-09-30,1007.0
20260930,000000,75W,38,2026,9,30,0,19.5,108.2,100700.0,2026-09-30,2026-09-30,1007.0
20260930,000000,75W,38,2026,9,30,0,18.7,107.7,100800.0,2026-09-30,2026-09-30,1008.0
20260930,000000,75W,38,2026,9,30,0,18.1,108.2,100700.0,2026-09-30,2026-09-30,1007.0
20260930,000000,75W,38,2026,9,30,0,18.400000000000002,108.2,100700.0,2026-09-30,2026-09-30,1007.0
20260930,000000,75W,38,2026,9,30,0,19.8,108.2,101000.0,2026-09-30,2026-09-30,1010.0
20260930,000000,75W,39,2026,9,30,0,10.8,169.8,100800.0,2026-09-30,2026-09-30,1008.0
20260930,000000,75W,39,2026,9,30,0,9.4,169.3,100700.0,2026-09-30,2026-09-30,1007.0
20260930,000000,75W,39,2026,9,30,0,9.8,168.8,100900.0,2026-09-30,2026-09-30,1009.0
20260930,000000,75W,44,2026,9,30,0,15.6,129.3,100900.0,2026-09-30,2026-09-30,1009.0
20260930,000000,75W,44,2026,9,30,0,16.0,124.9,100900.0,2026-09-30,2026-09-30,1009.0
20260930,000000,75W,44,2026,9,30,0,16.1,123.10000000000001,100700.0,2026-09-30,2026-09-30,1007.0
20260930,000000,75W,44,2026,9,30,0,16.3,122.9,100900.0,2026-09-30,2026-09-30,1009.0
20260930,000000,75W,44,2026,9,30,0,18.1,120.60000000000001,100800.0,2026-09-30,2026-09-30,1008.0
20260930,000000,75W,44,2026,9,30,0,18.1,119.2,101000.0,2026-09-30,2026-09-30,1010.0
20260930,000000,75W,44,2026,9,30,0,17.2,117.5,100900.0,2026-09-30,2026-09-30,1009.0
20260930,000000,75W,44,2026,9,30,0,17.0,116.7,101000.0,2026-09-30,2026-09-30,1010.0
20260930,000000,75W,44,2026,9,30,0,17.6,116.10000000000001,100700.0,2026-09-30,2026-09-30,1007.0
20260930,000000,75W,44,2026,9,30,0,17.3,115.3,100800.0,2026-09-30,2026-09-30,1008.0
20260930,000000,75W,44,2026,9,30,0,17.3,114.7,100600.0,2026-09-30,2026-09-30,1006.0
20260930,000000,75W,44,2026,9,30,0,16.8,113.60000000000001,100600.0,2026-09-30,2026-09-30,1006.0
20260930,000000,75W,44,2026,9,30,0,16.1,113.3,100300.0,2026-09-30,2026-09-30,1003.0
20260930,000000,75W,44,2026,9,30,0,15.6,113.3,100400.0,2026-09-30,2026-09-30,1004.0
20260930,000000,75W,44,2026,9,30,0,15.1,112.7,100200.0,2026-09-30,2026-09-30,1002.0
20260930,000000,75W,44,2026,9,30,0,15.0,112.5,100100.0,2026-09-30,2026-09-30,1001.0
20260930,000000,75W,44,2026,9,30,0,14.700000000000001,112.2,99700.0,2026-09-30,2026-09-30,997.0
20260930,000000,75W,44,2026,9,30,0,14.700000000000001,112.2,99600.0,2026-09-30,2026-09-30,996.0
20260930,000000,75W,44,2026,9,30,0,14.5,111.9,99300.0,2026-09-30,2026-09-30,993.0
20260930,000000,75W,44,2026,9,30,0,14.5,111.3,99200.0,2026-09-30,2026-09-30,992.0
20260930,000000,75W,45,2026,9,30,0,14.700000000000001,142.3,101100.0,2026-09-30,2026-09-30,1011.0
20260930,000000,75W,45,2026,9,30,0,14.700000000000001,143.4,100800.0,2026-09-30,2026-09-30,1008.0
20260930,000000,75W,45,2026,9,30,0,16.4,143.70000000000002,101000.0,2026-09-30,2026-09-30,1010.0
20260930,000000,75W,48,2026,9,30,0,19.8,153.5,100800.0,2026-09-30,2026-09-30,1008.0
20260930,000000,75W,48,2026,9,30,0,19.0,156.0,100600.0,2026-09-30,2026-09-30,1006.0
20260930,000000,75W,48,2026,9,30,0,19.8,155.8,100700.0,2026-09-30,2026-09-30,1007.0
20260930,000000,75W,48,2026,9,30,0,19.0,156.0,100700.0,2026-09-30,2026-09-30,1007.0
20260930,000000,75W,48,2026,9,30,0,19.8,155.20000000000002,100600.0,2026-09-30,2026-09-30,1006.0
20260930,000000,75W,48,2026,9,30,0,19.2,154.6,100700.0,2026-09-30,2026-09-30,1007.0
20260930,000000,75W,49,2026,9,30,0,10.200000000000001,178.8,100400.0,2026-09-30,2026-09-30,1004.0
20260930,000000,75W,49,2026,9,30,0,10.0,179.4,100500.0,2026-09-30,2026-09-30,1005.0
20260930,000000,75W,49,2026,9,30,0,11.4,179.1,100300.0,2026-09-30,2026-09-30,1003.0
20260930,000000,75W,49,2026,9,30,0,11.1,178.3,100200.0,2026-09-30,2026-09-30,1002.0
20260930,000000,75W,49,2026,9,30,0,12.8,178.0,100000.0,2026-09-30,2026-09-30,1000.0
20260930,000000,75W,49,2026,9,30,0,12.8,176.3,99900.0,2026-09-30,2026-09-30,999.0
20260930,000000,75W,49,2026,9,30,0,12.200000000000001,174.6,99800.0,2026-09-30,2026-09-30,998.0
20260930,000000,75W,49,2026,9,30,0,12.5,174.3,99800.0,2026-09-30,2026-09-30,998.0
20260930,000000,75W,49,2026,9,30,0,12.700000000000001,174.0,99700.0,2026-09-30,2026-09-30,997.0
20260930,000000,75W,49,2026,9,30,0,13.200000000000001,172.4,99500.0,2026-09-30,2026-09-30,995.0
20260930,000000,75W,49,2026,9,30,0,14.1,171.5,99300.0,2026-09-30,2026-09-30,993.0
20260930,000000,75W,49,2026,9,30,0,15.0,169.5,99300.0,2026-09-30,2026-09-30,993.0
20260930,000000,75W,51,2026,9,30,0,16.1,139.70000000000002,100800.0,2026-09-30,2026-09-30,1008.0
20260930,000000,75W,51,2026,9,30,0,13.9,139.20000000000002,101000.0,2026-09-30,2026-09-30,1010.0
20260930,000000,75W,51,2026,9,30,0,15.3,140.9,100800.0,2026-09-30,2026-09-30,1008.0
20260930,000000,75W,51,2026,9,30,0,16.4,141.1,100500.0,2026-09-30,2026-09-30,1005.0
20260930,000000,75W,51,2026,9,30,0,16.7,140.9,100600.0,2026-09-30,2026-09-30,1006.0
20260930,000000,75W,51,2026,9,30,0,16.7,140.9,100300.0,2026-09-30,2026-09-30,1003.0
20260930,000000,75W,51,2026,9,30,0,16.7,140.3,100400.0,2026-09-30,2026-09-30,1004.0
20260930,000000,75W,51,2026,9,30,0,17.0,140.0,99900.0,2026-09-30,2026-09-30,999.0
20260930,000000,75W,51,2026,9,30,0,17.0,139.20000000000002,100100.0,2026-09-30,2026-09-30,1001.0
20260930,000000,75W,51,2026,9,30,0,17.3,138.6,99700.0,2026-09-30,2026-09-30,997.0
20260930,000000,75W,51,2026,9,30,0,17.6,138.3,99600.0,2026-09-30,2026-09-30,996.0
20260930,000000,75W,51,2026,9,30,0,18.1,138.0,99000.0,2026-09-30,2026-09-30,990.0
20260930,000000,75W,51,2026,9,30,0,18.7,138.0,99400.0,2026-09-30,2026-09-30,994.0
20260930,000000,75W,51,2026,9,30,0,19.5,137.5,99100.0,2026-09-30,2026-09-30,991.0
20260930,000000,75W,51,2026,9,30,0,20.1,137.5,99400.0,2026-09-30,2026-09-30,994.0
20260930,000000,75W,51,2026,9,30,0,20.7,137.5,99400.0,2026-09-30,2026-09-30,994.0
20260930,000000,75W,51,2026,9,30,0,21.5,137.8,99600.0,2026-09-30,2026-09-30,996.0
20260930,000000,75W,51,2026,9,30,0,22.3,137.8,98700.0,2026-09-30,2026-09-30,987.0
20260930,000000,75W,51,2026,9,30,0,22.6,138.0,99200.0,2026-09-30,2026-09-30,992.0
20260930,000000,75W,51,2026,9,30,0,22.6,138.0,99000.0,2026-09-30,2026-09-30,990.0
20260930,000000,75W,51,2026,9,30,0,22.6,138.6,99300.0,2026-09-30,2026-09-30,993.0
20260930,000000,75W,51,2026,9,30,0,22.3,138.9,99100.0,2026-09-30,2026-09-30,991.0
20260930,000000,75W,51,2026,9,30,0,22.1,139.5,99500.0,2026-09-30,2026-09-30,995.0
20260930,000000,75W,51,2026,9,30,0,21.8,139.20000000000002,99300.0,2026-09-30,2026-09-30,993.0
20260930,000000,75W,51,2026,9,30,0,20.900000000000002,139.5,99700.0,2026-09-30,2026-09-30,997.0
20260930,000000,75W,51,2026,9,30,0,19.8,140.0,99500.0,2026-09-30,2026-09-30,995.0
20260930,000000,75W,51,2026,9,30,0,19.0,140.9,99600.0,2026-09-30,2026-09-30,996.0
20260930,000000,75W,51,2026,9,30,0,17.8,141.4,99400.0,2026-09-30,2026-09-30,994.0
20260930,000000,75W,51,2026,9,30,0,17.3,142.5,99800.0,2026-09-30,2026-09-30,998.0
20260930,000000,75W,51,2026,9,30,0,16.7,144.0,99700.0,2026-09-30,2026-09-30,997.0
20260930,000000,75W,51,2026,9,30,0,17.0,145.1,100100.0,2026-09-30,2026-09-30,1001.0
20260930,000000,76W,7,2026,9,30,0,18.1,149.0,101200.0,2026-09-30,2026-09-30,1012.0
20260930,000000,76W,7,2026,9,30,0,18.400000000000002,148.5,101000.0,2026-09-30,2026-09-30,1010.0
20260930,000000,76W,7,2026,9,30,0,18.400000000000002,149.0,101300.0,2026-09-30,2026-09-30,1013.0
20260930,000000,76W,7,2026,9,30,0,18.7,148.70000000000002,101000.0,2026-09-30,2026-09-30,1010.0
20260930,000000,76W,7,2026,9,30,0,19.0,147.3,101200.0,2026-09-30,2026-09-30,1012.0
20260930,000000,76W,7,2026,9,30,0,17.8,147.3,101000.0,2026-09-30,2026-09-30,1010.0
20260930,000000,76W,7,2026,9,30,0,16.7,147.3,100900.0,2026-09-30,2026-09-30,1009.0
20260930,000000,76W,7,2026,9,30,0,16.1,147.9,101100.0,2026-09-30,2026-09-30,1011.0
20260930,000000,76W,7,2026,9,30,0,16.4,145.1,100800.0,2026-09-30,2026-09-30,1008.0
20260930,000000,76W,7,2026,9,30,0,15.0,146.8,100900.0,2026-09-30,2026-09-30,1009.0
20260930,000000,76W,7,2026,9,30,0,14.700000000000001,147.6,100600.0,2026-09-30,2026-09-30,1006.0
20260930,000000,76W,7,2026,9,30,0,14.5,147.9,100800.0,2026-09-30,2026-09-30,1008.0
20260930,000000,76W,7,2026,9,30,0,14.8,148.20000000000002,100900.0,2026-09-30,2026-09-30,1009.0
20260930,000000,76W,10,2026,9,30,0,15.0,110.2,100900.0,2026-09-30,2026-09-30,1009.0
20260930,000000,76W,10,2026,9,30,0,15.3,110.5,101000.0,2026-09-30,2026-09-30,1010.0
20260930,000000,76W,10,2026,9,30,0,15.6,110.5,101000.0,2026-09-30,2026-09-30,1010.0
20260930,000000,76W,10,2026,9,30,0,13.0,110.5,101000.0,2026-09-30,2026-09-30,1010.0
20260930,000000,76W,10,2026,9,30,0,11.6,113.0,101000.0,2026-09-30,2026-09-30,1010.0
20260930,000000,76W,10,2026,9,30,0,12.8,111.3,101000.0,2026-09-30,2026-09-30,1010.0
20260930,000000,76W,10,2026,9,30,0,10.5,111.9,101000.0,2026-09-30,2026-09-30,1010.0
20260930,000000,76W,10,2026,9,30,0,9.4,111.0,101000.0,2026-09-30,2026-09-30,1010.0
20260930,000000,76W,10,2026,9,30,0,9.4,111.60000000000001,101100.0,2026-09-30,2026-09-30,1011.0
20260930,000000,76W,10,2026,9,30,0,9.1,112.2,101000.0,2026-09-30,2026-09-30,1010.0
20260930,000000,76W,10,2026,9,30,0,9.1,112.2,101000.0,2026-09-30,2026-09-30,1010.0
20260930,000000,76W,11,2026,9,30,0,23.900000000000002,120.10000000000001,101400.0,2026-09-30,2026-09-30,1014.0
20260930,000000,76W,11,2026,9,30,0,23.6,119.9,101500.0,2026-09-30,2026-09-30,1015.0
20260930,000000,76W,11,2026,9,30,0,23.8,120.3,101300.0,2026-09-30,2026-09-30,1013.0
20260930,000000,76W,11,2026,9,30,0,23.7,120.10000000000001,101500.0,2026-09-30,2026-09-30,1015.0
20260930,000000,76W,11,2026,9,30,0,23.8,120.0,101500.0,2026-09-30,2026-09-30,1015.0
20260930,000000,76W,14,2026,9,30,0,13.0,115.3,101000.0,2026-09-30,2026-09-30,1010.0
20260930,000000,76W,14,2026,9,30,0,13.6,113.9,101000.0,2026-09-30,2026-09-30,1010.0
20260930,000000,76W,14,2026,9,30,0,12.5,114.10000000000001,100800.0,2026-09-30,2026-09-30,1008.0
20260930,000000,76W,14,2026,9,30,0,12.5,113.3,101000.0,2026-09-30,2026-09-30,1010.0
20260930,000000,76W,14,2026,9,30,0,11.9,111.60000000000001,101000.0,2026-09-30,2026-09-30,1010.0
20260930,000000,76W,14,2026,9,30,0,12.4,110.60000000000001,101000.0,2026-09-30,2026-09-30,1010.0
20260930,000000,76W,14,2026,9,30,0,12.700000000000001,110.7,101100.0,2026-09-30,2026-09-30,1011.0
20260930,000000,76W,14,2026,9,30,0,15.200000000000001,109.5,101300.0,2026-09-30,2026-09-30,1013.0
20260930,000000,76W,14,2026,9,30,0,18.400000000000002,108.2,101400.0,2026-09-30,2026-09-30,1014.0
20260930,000000,76W,17,2026,9,30,0,14.700000000000001,114.10000000000001,100800.0,2026-09-30,2026-09-30,1008.0
20260930,000000,76W,17,2026,9,30,0,14.700000000000001,111.60000000000001,100900.0,2026-09-30,2026-09-30,1009.0
20260930,000000,76W,17,2026,9,30,0,15.0,111.60000000000001,100700.0,2026-09-30,2026-09-30,1007.0
20260930,000000,76W,17,2026,9,30,0,15.0,109.9,100800.0,2026-09-30,2026-09-30,1008.0
20260930,000000,76W,17,2026,9,30,0,12.5,111.3,100900.0,2026-09-30,2026-09-30,1009.0
20260930,000000,76W,17,2026,9,30,0,13.3,112.7,100800.0,2026-09-30,2026-09-30,1008.0
20260930,000000,76W,17,2026,9,30,0,13.0,109.9,100900.0,2026-09-30,2026-09-30,1009.0
20260930,000000,76W,17,2026,9,30,0,13.9,109.60000000000001,100900.0,2026-09-30,2026-09-30,1009.0
20260930,000000,76W,18,2026,9,30,0,9.700000000000001,174.3,100900.0,2026-09-30,2026-09-30,1009.0
20260930,000000,76W,18,2026,9,30,0,10.200000000000001,174.9,100700.0,2026-09-30,2026-09-30,1007.0
20260930,000000,76W,18,2026,9,30,0,10.0,176.0,100800.0,2026-09-30,2026-09-30,1008.0
20260930,000000,76W,18,2026,9,30,0,8.5,174.9,100700.0,2026-09-30,2026-09-30,1007.0
20260930,000000,76W,20,2026,9,30,0,16.4,148.5,100400.0,2026-09-30,2026-09-30,1004.0
20260930,000000,76W,20,2026,9,30,0,16.1,149.6,100600.0,2026-09-30,2026-09-30,1006.0
20260930,000000,76W,20,2026,9,30,0,16.7,150.4,100200.0,2026-09-30,2026-09-30,1002.0
20260930,000000,76W,20,2026,9,30,0,16.4,150.1,100400.0,2026-09-30,2026-09-30,1004.0
20260930,000000,76W,20,2026,9,30,0,17.0,149.9,100200.0,2026-09-30,2026-09-30,1002.0
20260930,000000,76W,20,2026,9,30,0,17.6,151.0,100300.0,2026-09-30,2026-09-30,1003.0
20260930,000000,76W,20,2026,9,30,0,17.8,151.5,100100.0,2026-09-30,2026-09-30,1001.0
20260930,000000,76W,20,2026,9,30,0,18.400000000000002,152.1,100200.0,2026-09-30,2026-09-30,1002.0
20260930,000000,76W,21,2026,9,30,0,15.6,113.3,101200.0,2026-09-30,2026-09-30,1012.0
20260930,000000,76W,21,2026,9,30,0,17.0,113.60000000000001,101200.0,2026-09-30,2026-09-30,1012.0
20260930,000000,76W,22,2026,9,30,0,8.8,118.10000000000001,100500.0,2026-09-30,2026-09-30,1005.0
20260930,000000,76W,22,2026,9,30,0,10.200000000000001,120.0,100800.0,2026-09-30,2026-09-30,1008.0
20260930,000000,76W,22,2026,9,30,0,10.5,121.5,100500.0,2026-09-30,2026-09-30,1005.0
20260930,000000,76W,22,2026,9,30,0,10.200000000000001,122.60000000000001,100700.0,2026-09-30,2026-09-30,1007.0
20260930,000000,76W,22,2026,9,30,0,10.8,124.3,100500.0,2026-09-30,2026-09-30,1005.0
20260930,000000,76W,22,2026,9,30,0,11.9,124.5,100800.0,2026-09-30,2026-09-30,1008.0
20260930,000000,76W,22,2026,9,30,0,11.6,126.2,100400.0,2026-09-30,2026-09-30,1004.0
20260930,000000,76W,22,2026,9,30,0,12.5,126.2,100600.0,2026-09-30,2026-09-30,1006.0
20260930,000000,76W,22,2026,9,30,0,12.5,127.10000000000001,100300.0,2026-09-30,2026-09-30,1003.0
20260930,000000,76W,22,2026,9,30,0,13.9,127.9,100400.0,2026-09-30,2026-09-30,1004.0
20260930,000000,76W,22,2026,9,30,0,14.700000000000001,127.9,100100.0,2026-09-30,2026-09-30,1001.0
20260930,000000,76W,22,2026,9,30,0,15.6,127.9,100200.0,2026-09-30,2026-09-30,1002.0
20260930,000000,76W,22,2026,9,30,0,16.4,127.9,99900.0,2026-09-30,2026-09-30,999.0
20260930,000000,76W,22,2026,9,30,0,17.6,127.4,99900.0,2026-09-30,2026-09-30,999.0
20260930,000000,76W,22,2026,9,30,0,18.1,127.10000000000001,99900.0,2026-09-30,2026-09-30,999.0
20260930,000000,76W,22,2026,9,30,0,18.400000000000002,126.2,100400.0,2026-09-30,2026-09-30,1004.0
20260930,000000,76W,22,2026,9,30,0,19.0,126.0,100100.0,2026-09-30,2026-09-30,1001.0
20260930,000000,76W,22,2026,9,30,0,19.0,126.0,100200.0,2026-09-30,2026-09-30,1002.0
20260930,000000,76W,22,2026,9,30,0,19.2,125.7,100000.0,2026-09-30,2026-09-30,1000.0
20260930,000000,76W,22,2026,9,30,0,19.0,125.7,100100.0,2026-09-30,2026-09-30,1001.0
20260930,000000,76W,22,2026,9,30,0,19.2,125.4,99600.0,2026-09-30,2026-09-30,996.0
20260930,000000,76W,22,2026,9,30,0,18.7,125.10000000000001,99700.0,2026-09-30,2026-09-30,997.0
20260930,000000,76W,22,2026,9,30,0,18.7,124.8,99300.0,2026-09-30,2026-09-30,993.0
20260930,000000,76W,22,2026,9,30,0,18.400000000000002,124.8,99700.0,2026-09-30,2026-09-30,997.0
20260930,000000,76W,23,2026,9,30,0,14.700000000000001,114.10000000000001,101200.0,2026-09-30,2026-09-30,1012.0
20260930,000000,76W,23,2026,9,30,0,13.9,114.10000000000001,100900.0,2026-09-30,2026-09-30,1009.0
20260930,000000,76W,23,2026,9,30,0,12.8,112.2,100500.0,2026-09-30,2026-09-30,1005.0
20260930,000000,76W,23,2026,9,30,0,12.8,113.0,100600.0,2026-09-30,2026-09-30,1006.0
20260930,000000,76W,23,2026,9,30,0,13.3,113.60000000000001,100500.0,2026-09-30,2026-09-30,1005.0
20260930,000000,76W,23,2026,9,30,0,13.6,113.0,100600.0,2026-09-30,2026-09-30,1006.0
20260930,000000,76W,23,2026,9,30,0,14.5,113.0,100500.0,2026-09-30,2026-09-30,1005.0
20260930,000000,76W,23,2026,9,30,0,14.200000000000001,110.8,100500.0,2026-09-30,2026-09-30,1005.0
20260930,000000,76W,23,2026,9,30,0,14.5,109.60000000000001,100600.0,2026-09-30,2026-09-30,1006.0
20260930,000000,76W,23,2026,9,30,0,15.0,109.9,100500.0,2026-09-30,2026-09-30,1005.0
20260930,000000,76W,23,2026,9,30,0,15.9,108.2,100600.0,2026-09-30,2026-09-30,1006.0
20260930,000000,76W,23,2026,9,30,0,16.7,106.3,100800.0,2026-09-30,2026-09-30,1008.0
20260930,000000,76W,23,2026,9,30,0,14.700000000000001,106.3,101000.0,2026-09-30,2026-09-30,1010.0
20260930,000000,76W,23,2026,9,30,0,13.200000000000001,103.9,101100.0,2026-09-30,2026-09-30,1011.0
20260930,000000,76W,23,2026,9,30,0,13.3,103.7,101100.0,2026-09-30,2026-09-30,1011.0
20260930,000000,76W,28,2026,9,30,0,18.400000000000002,130.5,100600.0,2026-09-30,2026-09-30,1006.0
20260930,000000,76W,28,2026,9,30,0,18.7,129.3,100600.0,2026-09-30,2026-09-30,1006.0
20260930,000000,76W,29,2026,9,30,0,18.6,150.4,100600.0,2026-09-30,2026-09-30,1006.0
20260930,000000,76W,29,2026,9,30,0,21.2,148.5,100800.0,2026-09-30,2026-09-30,1008.0
20260930,000000,76W,29,2026,9,30,0,21.5,148.5,100900.0,2026-09-30,2026-09-30,1009.0
20260930,000000,76W,29,2026,9,30,0,23.2,147.9,100600.0,2026-09-30,2026-09-30,1006.0
20260930,000000,76W,29,2026,9,30,0,24.6,147.0,100800.0,2026-09-30,2026-09-30,1008.0
20260930,000000,76W,29,2026,9,30,0,25.7,146.4,100700.0,2026-09-30,2026-09-30,1007.0
20260930,000000,76W,29,2026,9,30,0,25.400000000000002,145.9,100700.0,2026-09-30,2026-09-30,1007.0
20260930,000000,76W,29,2026,9,30,0,25.400000000000002,145.6,101000.0,2026-09-30,2026-09-30,1010.0
20260930,000000,76W,30,2026,9,30,0,12.6,170.6,100700.0,2026-09-30,2026-09-30,1007.0
20260930,000000,76W,30,2026,9,30,0,14.700000000000001,169.0,100700.0,2026-09-30,2026-09-30,1007.0
20260930,000000,76W,32,2026,9,30,0,16.7,119.9,101100.0,2026-09-30,2026-09-30,1011.0
20260930,000000,76W,32,2026,9,30,0,16.8,120.0,101100.0,2026-09-30,2026-09-30,1011.0
20260930,000000,76W,32,2026,9,30,0,15.9,120.60000000000001,101000.0,2026-09-30,2026-09-30,1010.0
20260930,000000,76W,32,2026,9,30,0,16.1,119.5,101200.0,2026-09-30,2026-09-30,1012.0
20260930,000000,76W,32,2026,9,30,0,15.0,117.0,101100.0,2026-09-30,2026-09-30,1011.0
20260930,000000,76W,32,2026,9,30,0,12.8,115.5,101000.0,2026-09-30,2026-09-30,1010.0
20260930,000000,76W,32,2026,9,30,0,11.4,113.9,100900.0,2026-09-30,2026-09-30,1009.0
20260930,000000,76W,32,2026,9,30,0,11.6,111.0,100900.0,2026-09-30,2026-09-30,1009.0
20260930,000000,76W,32,2026,9,30,0,10.5,110.2,101000.0,2026-09-30,2026-09-30,1010.0
20260930,000000,76W,34,2026,9,30,0,16.4,108.0,101000.0,2026-09-30,2026-09-30,1010.0
20260930,000000,76W,34,2026,9,30,0,16.4,108.0,101100.0,2026-09-30,2026-09-30,1011.0
20260930,000000,76W,34,2026,9,30,0,17.0,110.8,101100.0,2026-09-30,2026-09-30,1011.0
20260930,000000,76W,34,2026,9,30,0,14.9,109.5,100900.0,2026-09-30,2026-09-30,1009.0
20260930,000000,76W,34,2026,9,30,0,14.8,109.4,101000.0,2026-09-30,2026-09-30,1010.0
20260930,000000,76W,34,2026,9,30,0,13.9,109.9,101000.0,2026-09-30,2026-09-30,1010.0
20260930,000000,76W,34,2026,9,30,0,13.6,110.5,100800.0,2026-09-30,2026-09-30,1008.0
20260930,000000,76W,34,2026,9,30,0,13.0,110.8,100900.0,2026-09-30,2026-09-30,1009.0
20260930,000000,76W,34,2026,9,30,0,13.0,110.8,100700.0,2026-09-30,2026-09-30,1007.0
20260930,000000,76W,34,2026,9,30,0,12.8,110.5,100800.0,2026-09-30,2026-09-30,1008.0
20260930,000000,76W,34,2026,9,30,0,11.9,109.9,100700.0,2026-09-30,2026-09-30,1007.0
20260930,000000,76W,34,2026,9,30,0,11.1,109.9,100800.0,2026-09-30,2026-09-30,1008.0
20260930,000000,76W,36,2026,9,30,0,11.9,158.9,100800.0,2026-09-30,2026-09-30,1008.0
20260930,000000,76W,36,2026,9,30,0,9.1,159.70000000000002,101000.0,2026-09-30,2026-09-30,1010.0
20260930,000000,76W,36,2026,9,30,0,10.200000000000001,157.5,100800.0,2026-09-30,2026-09-30,1008.0
20260930,000000,76W,36,2026,9,30,0,10.0,158.0,100500.0,2026-09-30,2026-09-30,1005.0
20260930,000000,76W,36,2026,9,30,0,11.6,158.0,100700.0,2026-09-30,2026-09-30,1007.0
20260930,000000,76W,36,2026,9,30,0,11.1,158.3,100400.0,2026-09-30,2026-09-30,1004.0
20260930,000000,76W,36,2026,9,30,0,12.5,158.6,100500.0,2026-09-30,2026-09-30,1005.0
20260930,000000,76W,36,2026,9,30,0,12.5,157.20000000000002,100400.0,2026-09-30,2026-09-30,1004.0
20260930,000000,76W,36,2026,9,30,0,13.0,156.9,100200.0,2026-09-30,2026-09-30,1002.0
20260930,000000,76W,36,2026,9,30,0,13.4,155.8,100400.0,2026-09-30,2026-09-30,1004.0
20260930,000000,76W,37,2026,9,30,0,9.1,179.1,100900.0,2026-09-30,2026-09-30,1009.0
20260930,000000,76W,37,2026,9,30,0,9.0,177.4,100800.0,2026-09-30,2026-09-30,1008.0
20260930,000000,76W,37,2026,9,30,0,8.8,176.9,100800.0,2026-09-30,2026-09-30,1008.0
20260930,000000,76W,37,2026,9,30,0,9.4,176.3,100700.0,2026-09-30,2026-09-30,1007.0
20260930,000000,76W,37,2026,9,30,0,9.700000000000001,175.70000000000002,100800.0,2026-09-30,2026-09-30,1008.0
20260930,000000,76W,37,2026,9,30,0,10.200000000000001,173.8,100700.0,2026-09-30,2026-09-30,1007.0
20260930,000000,76W,37,2026,9,30,0,10.5,173.8,100700.0,2026-09-30,2026-09-30,1007.0
20260930,000000,76W,45,2026,9,30,0,14.200000000000001,111.3,101100.0,2026-09-30,2026-09-30,1011.0
20260930,000000,76W,45,2026,9,30,0,15.9,109.9,101100.0,2026-09-30,2026-09-30,1011.0
20260930,000000,76W,48,2026,9,30,0,11.1,115.8,101000.0,2026-09-30,2026-09-30,1010.0
20260930,000000,76W,48,2026,9,30,0,12.8,115.3,101000.0,2026-09-30,2026-09-30,1010.0
20260930,000000,76W,48,2026,9,30,0,13.0,115.0,100900.0,2026-09-30,2026-09-30,1009.0
20260930,000000,76W,48,2026,9,30,0,13.6,115.3,101100.0,2026-09-30,2026-09-30,1011.0
20260930,000000,76W,48,2026,9,30,0,13.3,115.0,100800.0,2026-09-30,2026-09-30,1008.0
20260930,000000,76W,48,2026,9,30,0,13.3,115.3,100900.0,2026-09-30,2026-09-30,1009.0
20260930,000000,76W,48,2026,9,30,0,14.200000000000001,114.7,100800.0,2026-09-30,2026-09-30,1008.0
20260930,000000,76W,48,2026,9,30,0,14.200000000000001,114.4,100800.0,2026-09-30,2026-09-30,1008.0
20260930,000000,76W,48,2026,9,30,0,14.700000000000001,113.9,100700.0,2026-09-30,2026-09-30,1007.0
20260930,000000,76W,48,2026,9,30,0,14.700000000000001,113.9,100700.0,2026-09-30,2026-09-30,1007.0
20260930,000000,76W,48,2026,9,30,0,14.8,113.5,100500.0,2026-09-30,2026-09-30,1005.0
20260930,000000,76W,48,2026,9,30,0,15.6,113.3,100600.0,2026-09-30,2026-09-30,1006.0
20260930,000000,76W,48,2026,9,30,0,16.1,112.2,100200.0,2026-09-30,2026-09-30,1002.0
20260930,000000,76W,48,2026,9,30,0,15.6,111.9,100200.0,2026-09-30,2026-09-30,1002.0
20260930,000000,76W,48,2026,9,30,0,15.6,111.60000000000001,99900.0,2026-09-30,2026-09-30,999.0
20260930,000000,76W,48,2026,9,30,0,15.6,111.0,99800.0,2026-09-30,2026-09-30,998.0
20260930,000000,76W,48,2026,9,30,0,15.9,110.5,99000.0,2026-09-30,2026-09-30,990.0
20260930,000000,76W,48,2026,9,30,0,16.1,110.2,99100.0,2026-09-30,2026-09-30,991.0
20260930,000000,76W,48,2026,9,30,0,16.1,109.60000000000001,99300.0,2026-09-30,2026-09-30,993.0
20260930,000000,76W,48,2026,9,30,0,16.4,109.10000000000001,99200.0,2026-09-30,2026-09-30,992.0
20260930,000000,76W,51,2026,9,30,0,14.5,128.8,100800.0,2026-09-30,2026-09-30,1008.0
20260930,000000,76W,51,2026,9,30,0,12.8,127.9,100900.0,2026-09-30,2026-09-30,1009.0
20260930,000000,76W,51,2026,9,30,0,12.5,127.9,100600.0,2026-09-30,2026-09-30,1006.0
20260930,000000,76W,51,2026,9,30,0,12.5,129.9,100800.0,2026-09-30,2026-09-30,1008.0
20260930,000000,77W,10,2026,9,30,0,14.200000000000001,151.0,100800.0,2026-09-30,2026-09-30,1008.0
20260930,000000,77W,10,2026,9,30,0,15.0,152.4,101000.0,2026-09-30,2026-09-30,1010.0
20260930,000000,77W,10,2026,9,30,0,12.8,153.0,100900.0,2026-09-30,2026-09-30,1009.0
20260930,000000,77W,10,2026,9,30,0,13.0,154.4,101000.0,2026-09-30,2026-09-30,1010.0
20260930,000000,77W,10,2026,9,30,0,12.8,154.9,101200.0,2026-09-30,2026-09-30,1012.0
20260930,000000,77W,10,2026,9,30,0,15.0,153.0,101100.0,2026-09-30,2026-09-30,1011.0
20260930,000000,77W,10,2026,9,30,0,13.0,153.20000000000002,101000.0,2026-09-30,2026-09-30,1010.0
20260930,000000,77W,10,2026,9,30,0,13.3,152.70000000000002,100900.0,2026-09-30,2026-09-30,1009.0
20260930,000000,77W,10,2026,9,30,0,12.200000000000001,152.1,101000.0,2026-09-30,2026-09-30,1010.0
20260930,000000,77W,10,2026,9,30,0,9.1,150.4,101000.0,2026-09-30,2026-09-30,1010.0
20260930,000000,77W,10,2026,9,30,0,9.700000000000001,149.3,101100.0,2026-09-30,2026-09-30,1011.0
20260930,000000,77W,10,2026,9,30,0,9.4,149.6,100900.0,2026-09-30,2026-09-30,1009.0
20260930,000000,77W,10,2026,9,30,0,8.8,149.6,101100.0,2026-09-30,2026-09-30,1011.0
20260930,000000,77W,10,2026,9,30,0,8.3,150.4,101100.0,2026-09-30,2026-09-30,1011.0
20260930,000000,77W,11,2026,9,30,0,13.9,145.1,100800.0,2026-09-30,2026-09-30,1008.0
20260930,000000,77W,11,2026,9,30,0,14.200000000000001,147.3,101100.0,2026-09-30,2026-09-30,1011.0
20260930,000000,77W,11,2026,9,30,0,12.8,148.20000000000002,100700.0,2026-09-30,2026-09-30,1007.0
20260930,000000,77W,11,2026,9,30,0,12.200000000000001,146.5,100700.0,2026-09-30,2026-09-30,1007.0
20260930,000000,77W,11,2026,9,30,0,14.200000000000001,144.8,101000.0,2026-09-30,2026-09-30,1010.0
20260930,000000,77W,11,2026,9,30,0,13.6,145.1,100700.0,2026-09-30,2026-09-30,1007.0
20260930,000000,77W,17,2026,9,30,0,14.5,130.7,100700.0,2026-09-30,2026-09-30,1007.0
20260930,000000,77W,17,2026,9,30,0,14.700000000000001,131.3,101000.0,2026-09-30,2026-09-30,1010.0
20260930,000000,77W,17,2026,9,30,0,14.200000000000001,132.7,100900.0,2026-09-30,2026-09-30,1009.0
20260930,000000,77W,17,2026,9,30,0,12.8,132.1,100700.0,2026-09-30,2026-09-30,1007.0
20260930,000000,77W,17,2026,9,30,0,13.9,132.7,100800.0,2026-09-30,2026-09-30,1008.0
20260930,000000,77W,17,2026,9,30,0,13.3,133.3,100600.0,2026-09-30,2026-09-30,1006.0
20260930,000000,77W,17,2026,9,30,0,13.700000000000001,132.7,100900.0,2026-09-30,2026-09-30,1009.0
20260930,000000,77W,17,2026,9,30,0,13.9,134.1,100700.0,2026-09-30,2026-09-30,1007.0
20260930,000000,77W,17,2026,9,30,0,12.8,134.1,100700.0,2026-09-30,2026-09-30,1007.0
20260930,000000,77W,18,2026,9,30,0,9.4,170.70000000000002,100800.0,2026-09-30,2026-09-30,1008.0
20260930,000000,77W,18,2026,9,30,0,8.3,172.9,100800.0,2026-09-30,2026-09-30,1008.0
20260930,000000,77W,18,2026,9,30,0,8.5,172.9,100800.0,2026-09-30,2026-09-30,1008.0
20260930,000000,77W,18,2026,9,30,0,9.1,173.20000000000002,100900.0,2026-09-30,2026-09-30,1009.0
20260930,000000,77W,18,2026,9,30,0,10.200000000000001,171.8,100800.0,2026-09-30,2026-09-30,1008.0
20260930,000000,77W,18,2026,9,30,0,10.8,169.0,101000.0,2026-09-30,2026-09-30,1010.0
20260930,000000,77W,18,2026,9,30,0,10.8,168.1,100900.0,2026-09-30,2026-09-30,1009.0
20260930,000000,77W,18,2026,9,30,0,11.1,169.0,101000.0,2026-09-30,2026-09-30,1010.0
20260930,000000,77W,18,2026,9,30,0,12.200000000000001,165.3,101100.0,2026-09-30,2026-09-30,1011.0
20260930,000000,77W,22,2026,9,30,0,7.1000000000000005,166.70000000000002,101000.0,2026-09-30,2026-09-30,1010.0
20260930,000000,77W,22,2026,9,30,0,6.0,167.3,100800.0,2026-09-30,2026-09-30,1008.0
20260930,000000,77W,22,2026,9,30,0,8.0,168.4,100900.0,2026-09-30,2026-09-30,1009.0
20260930,000000,77W,22,2026,9,30,0,9.700000000000001,166.20000000000002,100800.0,2026-09-30,2026-09-30,1008.0
20260930,000000,77W,22,2026,9,30,0,7.7,162.5,100900.0,2026-09-30,2026-09-30,1009.0
20260930,000000,77W,22,2026,9,30,0,7.4,163.4,100300.0,2026-09-30,2026-09-30,1003.0
20260930,000000,77W,22,2026,9,30,0,7.1000000000000005,164.20000000000002,100500.0,2026-09-30,2026-09-30,1005.0
20260930,000000,77W,22,2026,9,30,0,7.7,165.0,100200.0,2026-09-30,2026-09-30,1002.0
20260930,000000,77W,22,2026,9,30,0,8.3,165.9,100400.0,2026-09-30,2026-09-30,1004.0
20260930,000000,77W,22,2026,9,30,0,9.4,166.70000000000002,100200.0,2026-09-30,2026-09-30,1002.0
20260930,000000,77W,22,2026,9,30,0,10.8,166.70000000000002,100300.0,2026-09-30,2026-09-30,1003.0
20260930,000000,77W,23,2026,9,30,0,16.1,109.60000000000001,101100.0,2026-09-30,2026-09-30,1011.0
20260930,000000,77W,23,2026,9,30,0,14.700000000000001,109.8,101100.0,2026-09-30,2026-09-30,1011.0
20260930,000000,77W,23,2026,9,30,0,17.3,108.8,101000.0,2026-09-30,2026-09-30,1010.0
20260930,000000,77W,23,2026,9,30,0,17.3,108.8,101000.0,2026-09-30,2026-09-30,1010.0
20260930,000000,77W,23,2026,9,30,0,17.1,108.5,101100.0,2026-09-30,2026-09-30,1011.0
20260930,000000,77W,23,2026,9,30,0,17.3,108.8,101100.0,2026-09-30,2026-09-30,1011.0
20260930,000000,77W,23,2026,9,30,0,17.3,108.8,101100.0,2026-09-30,2026-09-30,1011.0
20260930,000000,77W,23,2026,9,30,0,16.7,109.60000000000001,101200.0,2026-09-30,2026-09-30,1012.0
20260930,000000,77W,23,2026,9,30,0,16.7,110.2,101000.0,2026-09-30,2026-09-30,1010.0
20260930,000000,77W,23,2026,9,30,0,15.9,110.8,101100.0,2026-09-30,2026-09-30,1011.0
20260930,000000,77W,23,2026,9,30,0,15.6,110.8,101000.0,2026-09-30,2026-09-30,1010.0
20260930,000000,77W,28,2026,9,30,0,14.5,113.60000000000001,100900.0,2026-09-30,2026-09-30,1009.0
20260930,000000,77W,28,2026,9,30,0,15.6,115.4,100800.0,2026-09-30,2026-09-30,1008.0
20260930,000000,77W,28,2026,9,30,0,15.9,115.5,100700.0,2026-09-30,2026-09-30,1007.0
20260930,000000,77W,28,2026,9,30,0,15.5,115.0,100500.0,2026-09-30,2026-09-30,1005.0
20260930,000000,77W,28,2026,9,30,0,15.700000000000001,114.60000000000001,100500.0,2026-09-30,2026-09-30,1005.0
20260930,000000,77W,28,2026,9,30,0,16.0,114.2,100400.0,2026-09-30,2026-09-30,1004.0
20260930,000000,77W,28,2026,9,30,0,16.7,113.5,100300.0,2026-09-30,2026-09-30,1003.0
20260930,000000,77W,30,2026,9,30,0,15.9,110.8,101000.0,2026-09-30,2026-09-30,1010.0
20260930,000000,77W,30,2026,9,30,0,17.8,110.2,101000.0,2026-09-30,2026-09-30,1010.0
20260930,000000,77W,30,2026,9,30,0,17.7,107.0,101000.0,2026-09-30,2026-09-30,1010.0
20260930,000000,77W,30,2026,9,30,0,19.5,106.0,101100.0,2026-09-30,2026-09-30,1011.0
20260930,000000,77W,37,2026,9,30,0,12.5,111.0,101000.0,2026-09-30,2026-09-30,1010.0
20260930,000000,77W,37,2026,9,30,0,13.3,109.60000000000001,101100.0,2026-09-30,2026-09-30,1011.0
20260930,000000,77W,37,2026,9,30,0,12.200000000000001,109.60000000000001,101000.0,2026-09-30,2026-09-30,1010.0
20260930,000000,77W,37,2026,9,30,0,13.3,111.60000000000001,101000.0,2026-09-30,2026-09-30,1010.0
20260930,000000,77W,37,2026,9,30,0,15.0,109.5,101000.0,2026-09-30,2026-09-30,1010.0
20260930,000000,77W,37,2026,9,30,0,14.700000000000001,109.5,101100.0,2026-09-30,2026-09-30,1011.0
20260930,000000,77W,45,2026,9,30,0,8.3,173.8,100600.0,2026-09-30,2026-09-30,1006.0
20260930,000000,77W,45,2026,9,30,0,8.0,171.5,100600.0,2026-09-30,2026-09-30,1006.0
20260930,000000,77W,45,2026,9,30,0,8.5,170.1,100500.0,2026-09-30,2026-09-30,1005.0
20260930,000000,77W,51,2026,9,30,0,16.7,108.8,101400.0,2026-09-30,2026-09-30,1014.0
20260930,000000,77W,51,2026,9,30,0,16.4,108.2,101200.0,2026-09-30,2026-09-30,1012.0
20260930,000000,77W,51,2026,9,30,0,15.6,109.10000000000001,101300.0,2026-09-30,2026-09-30,1013.0
20260930,000000,77W,51,2026,9,30,0,15.6,109.4,101300.0,2026-09-30,2026-09-30,1013.0
20260930,000000,78W,11,2026,9,30,0,20.1,141.4,100800.0,2026-09-30,2026-09-30,1008.0
20260930,000000,78W,11,2026,9,30,0,22.3,140.9,101000.0,2026-09-30,2026-09-30,1010.0
20260930,000000,78W,18,2026,9,30,0,11.4,160.3,100800.0,2026-09-30,2026-09-30,1008.0
20260930,000000,78W,18,2026,9,30,0,11.4,157.5,101000.0,2026-09-30,2026-09-30,1010.0
20260930,000000,78W,18,2026,9,30,0,11.4,156.6,100700.0,2026-09-30,2026-09-30,1007.0
20260930,000000,78W,18,2026,9,30,0,11.1,154.6,100900.0,2026-09-30,2026-09-30,1009.0
20260930,000000,78W,18,2026,9,30,0,10.8,152.70000000000002,100700.0,2026-09-30,2026-09-30,1007.0
20260930,000000,78W,18,2026,9,30,0,10.8,152.1,100800.0,2026-09-30,2026-09-30,1008.0
20260930,000000,78W,23,2026,9,30,0,37.800000000000004,157.70000000000002,100200.0,2026-09-30,2026-09-30,1002.0
20260930,000000,78W,23,2026,9,30,0,39.800000000000004,160.5,100000.0,2026-09-30,2026-09-30,1000.0
20260930,000000,78W,28,2026,9,30,0,9.1,178.8,100600.0,2026-09-30,2026-09-30,1006.0
20260930,000000,78W,28,2026,9,30,0,9.4,178.8,100600.0,2026-09-30,2026-09-30,1006.0
20260930,000000,78W,28,2026,9,30,0,9.4,178.8,100600.0,2026-09-30,2026-09-30,1006.0
20260930,000000,78W,28,2026,9,30,0,9.1,178.5,100500.0,2026-09-30,2026-09-30,1005.0
20260930,000000,78W,28,2026,9,30,0,9.4,178.8,100400.0,2026-09-30,2026-09-30,1004.0
20260930,000000,78W,30,2026,9,30,0,17.0,163.6,100500.0,2026-09-30,2026-09-30,1005.0
20260930,000000,78W,30,2026,9,30,0,17.0,162.8,100700.0,2026-09-30,2026-09-30,1007.0
20260930,000000,78W,30,2026,9,30,0,16.7,162.20000000000002,100500.0,2026-09-30,2026-09-30,1005.0
20260930,000000,78W,30,2026,9,30,0,17.0,160.5,100700.0,2026-09-30,2026-09-30,1007.0
20260930,000000,78W,30,2026,9,30,0,17.6,160.3,100400.0,2026-09-30,2026-09-30,1004.0
20260930,000000,78W,30,2026,9,30,0,17.8,158.9,100500.0,2026-09-30,2026-09-30,1005.0
20260930,000000,78W,30,2026,9,30,0,17.6,157.20000000000002,100200.0,2026-09-30,2026-09-30,1002.0
20260930,000000,78W,30,2026,9,30,0,17.6,156.0,100100.0,2026-09-30,2026-09-30,1001.0
20260930,000000,78W,30,2026,9,30,0,17.6,155.20000000000002,99700.0,2026-09-30,2026-09-30,997.0
20260930,000000,78W,30,2026,9,30,0,17.0,154.1,99500.0,2026-09-30,2026-09-30,995.0
20260930,000000,78W,30,2026,9,30,0,17.0,153.5,99100.0,2026-09-30,2026-09-30,991.0
20260930,000000,78W,30,2026,9,30,0,17.3,153.0,99000.0,2026-09-30,2026-09-30,990.0
20260930,000000,78W,30,2026,9,30,0,17.8,152.4,98300.0,2026-09-30,2026-09-30,983.0
20260930,000000,78W,30,2026,9,30,0,18.1,151.5,97800.0,2026-09-30,2026-09-30,978.0
20260930,000000,78W,30,2026,9,30,0,18.400000000000002,150.70000000000002,97800.0,2026-09-30,2026-09-30,978.0
20260930,000000,78W,30,2026,9,30,0,19.0,149.6,97900.0,2026-09-30,2026-09-30,979.0
20260930,000000,78W,30,2026,9,30,0,19.8,148.20000000000002,97700.0,2026-09-30,2026-09-30,977.0
20260930,000000,78W,30,2026,9,30,0,20.400000000000002,147.0,97800.0,2026-09-30,2026-09-30,978.0
20260930,000000,78W,30,2026,9,30,0,20.900000000000002,145.9,97900.0,2026-09-30,2026-09-30,979.0
20260930,000000,78W,30,2026,9,30,0,21.5,144.8,97600.0,2026-09-30,2026-09-30,976.0
20260930,000000,78W,30,2026,9,30,0,22.1,144.0,97300.0,2026-09-30,2026-09-30,973.0
20260930,000000,78W,30,2026,9,30,0,22.6,143.4,97700.0,2026-09-30,2026-09-30,977.0
20260930,000000,78W,30,2026,9,30,0,23.5,142.8,98000.0,2026-09-30,2026-09-30,980.0
20260930,000000,78W,30,2026,9,30,0,24.3,142.8,98000.0,2026-09-30,2026-09-30,980.0
20260930,000000,79W,30,2026,9,30,0,12.5,173.5,100900.0,2026-09-30,2026-09-30,1009.0
20260930,000000,79W,30,2026,9,30,0,13.9,171.8,101100.0,2026-09-30,2026-09-30,1011.0
20260930,000000,79W,30,2026,9,30,0,11.9,169.8,101100.0,2026-09-30,2026-09-30,1011.0
20260930,000000,79W,30,2026,9,30,0,11.4,170.70000000000002,100700.0,2026-09-30,2026-09-30,1007.0
20260930,000000,79W,30,2026,9,30,0,11.6,171.5,100700.0,2026-09-30,2026-09-30,1007.0
20260930,000000,79W,30,2026,9,30,0,11.4,170.4,100600.0,2026-09-30,2026-09-30,1006.0
20260930,000000,79W,30,2026,9,30,0,11.4,170.4,100600.0,2026-09-30,2026-09-30,1006.0
20260930,000000,79W,30,2026,9,30,0,11.1,169.5,100400.0,2026-09-30,2026-09-30,1004.0
20260930,000000,79W,30,2026,9,30,0,11.1,170.1,100500.0,2026-09-30,2026-09-30,1005.0
20260930,000000,79W,30,2026,9,30,0,12.200000000000001,169.8,100200.0,2026-09-30,2026-09-30,1002.0
20260930,000000,79W,30,2026,9,30,0,12.5,169.0,100000.0,2026-09-30,2026-09-30,1000.0
